parent,task,run,fold,tri_unanimous_q20_vote,char_margin_matched_vote,unanimous_crc_matched_vote,char_crc_matched_vote,random_on_primary_vote,oracle_all_vote,random_all_vote
aptos2019-blindness-detection__140c27c2e4b341c9b03f51ea22699acf,aptos2019-blindness-detection,cards_senior_0810.jsonl:16,4,,,,,,-1,1
aptos2019-blindness-detection__21115182d7e84c87b4ac30f86564e5c0,aptos2019-blindness-detection,cards_senior_0808.jsonl:14,1,,,,,,-1,1
aptos2019-blindness-detection__21ae5e4b86694abc8289e9e59853234e,aptos2019-blindness-detection,cards_senior_0808.jsonl:14,1,,,,,,1,-1
aptos2019-blindness-detection__2ab53c1b07b6494c9d21273e93221986,aptos2019-blindness-detection,cards_senior_0810.jsonl:16,4,,-1,,,,-1,1
aptos2019-blindness-detection__2de90454a9b042e8bd92ca940adc2d27,aptos2019-blindness-detection,cards_senior_0808.jsonl:14,1,,,,1,,1,1
aptos2019-blindness-detection__3fbca6a59d4343be9dab5ec4fb6e9f29,aptos2019-blindness-detection,cards_senior_0808.jsonl:14,1,,,-1,,,-1,1
aptos2019-blindness-detection__48766d9d76324783bbb968efee7f4bc3,aptos2019-blindness-detection,cards_senior_0810.jsonl:16,4,,,,,,-1,1
aptos2019-blindness-detection__497de083c10a4b85b1059533ebcbf7f4,aptos2019-blindness-detection,cards_senior_0810.jsonl:16,4,,,,,,-1,1
aptos2019-blindness-detection__4d31ce9769bf4519a0991a91a653707c,aptos2019-blindness-detection,cards_senior_0808.jsonl:14,1,,,,,,1,-1
aptos2019-blindness-detection__556f11b947c34f4893b2131620335447,aptos2019-blindness-detection,cards_senior_0808.jsonl:14,1,,,,-1,,1,1
aptos2019-blindness-detection__5c27f9da52ee4712a25e8550992600ed,aptos2019-blindness-detection,cards_senior_0810.jsonl:16,4,,,,,,-1,1
aptos2019-blindness-detection__655f7310d8304de9a0544160c6a79151,aptos2019-blindness-detection,cards_senior_0808.jsonl:14,1,-1,,-1,,1,1,-1
aptos2019-blindness-detection__6831ecf58f56434c8938af19042b2f7e,aptos2019-blindness-detection,cards_senior_0808.jsonl:14,1,,,,1,,1,-1
aptos2019-blindness-detection__6a7edb0a239a40ae8ad686178aba8479,aptos2019-blindness-detection,cards_senior_0808.jsonl:14,1,,,,1,,1,-1
aptos2019-blindness-detection__6d1100aa605b49ecb37d5fa124b826b8,aptos2019-blindness-detection,cards_senior_0810.jsonl:16,4,-1,,,-1,-1,-1,-1
aptos2019-blindness-detection__6e50dba26b8449cfaae46ebf62dcaf96,aptos2019-blindness-detection,cards_senior_0808.jsonl:14,1,,,,,,1,1
aptos2019-blindness-detection__783b8c062e8e42fcbe06f168c0d0e3f0,aptos2019-blindness-detection,cards_senior_0810.jsonl:16,4,,1,,,,-1,1
aptos2019-blindness-detection__7b85b256036b48c684533b171d58c0f8,aptos2019-blindness-detection,cards_senior_0810.jsonl:16,4,1,1,1,,-1,-1,-1
aptos2019-blindness-detection__8943e625082941b9814062749ad18f76,aptos2019-blindness-detection,cards_senior_0810.jsonl:16,4,,,,,,1,1
aptos2019-blindness-detection__916e6a623abd47ab9d1222e49a2a70b0,aptos2019-blindness-detection,cards_senior_0810.jsonl:16,4,-1,,-1,,1,-1,-1
aptos2019-blindness-detection__92c062f2f2214a2bb19a7af2c8cb9ade,aptos2019-blindness-detection,cards_senior_0808.jsonl:14,1,1,,1,,-1,1,-1
aptos2019-blindness-detection__9418dd34c2eb407294cc4aeaab4ea1d0,aptos2019-blindness-detection,cards_senior_0808.jsonl:14,1,,,,,,1,-1
aptos2019-blindness-detection__95a0f83ce1c841aeb9d50dd50933a497,aptos2019-blindness-detection,cards_senior_0808.jsonl:14,1,,,,1,,1,1
aptos2019-blindness-detection__9b2a494c3f794be58951a352a7eebb2e,aptos2019-blindness-detection,cards_senior_0810.jsonl:16,4,,,,,,1,-1
aptos2019-blindness-detection__a2ab264ed7ba43b98f9f47fe6413ce09,aptos2019-blindness-detection,cards_senior_0810.jsonl:16,4,,1,,,,1,1
aptos2019-blindness-detection__aae4d39a127e4aac8aa050959efbf367,aptos2019-blindness-detection,cards_senior_0808.jsonl:14,1,,,,,,1,1
aptos2019-blindness-detection__c0d025a7c6984800a91d1ee98e541fcc,aptos2019-blindness-detection,cards_senior_0810.jsonl:16,4,-1,-1,-1,,1,1,-1
aptos2019-blindness-detection__d6207c1efd3a4231b87230ffe1f5c48f,aptos2019-blindness-detection,cards_senior_0810.jsonl:16,4,,,,,,1,1
aptos2019-blindness-detection__e0a859e44294459f9c9ee3355437e5b0,aptos2019-blindness-detection,cards_senior_0810.jsonl:16,4,,,,,,1,-1
aptos2019-blindness-detection__e5ed3e85e7424bfa9d73b72c5b4a94c3,aptos2019-blindness-detection,cards_senior_0808.jsonl:14,1,,,,,,1,1
aptos2019-blindness-detection__eb3a671f15564d19a45452079516889c,aptos2019-blindness-detection,cards_senior_0808.jsonl:14,1,,,,,,1,1
aptos2019-blindness-detection__eba0ae2f8c6e4ef59eb06809a7551fff,aptos2019-blindness-detection,cards_senior_0810.jsonl:16,4,,,,,,-1,1
aptos2019-blindness-detection__f2811fa445504df3bb3d5564186a066a,aptos2019-blindness-detection,cards_senior_0808.jsonl:14,1,,,,,,1,-1
aptos2019-blindness-detection__fb3c98c1011f44b58051b1f7388c5b8d,aptos2019-blindness-detection,cards_senior_0810.jsonl:16,4,,1,,,,1,-1
chaii-hindi-and-tamil-question-answering__12233490b1ed47b8800a579fc82587af,chaii-hindi-and-tamil-question-answering,cards_senior_0801.jsonl:12,3,,,,,,1,-1
chaii-hindi-and-tamil-question-answering__15bf82b679654e92ad1b13f290763a30,chaii-hindi-and-tamil-question-answering,cards_senior_0801.jsonl:17,1,,-1,,,,1,1
chaii-hindi-and-tamil-question-answering__19e7c8f48bea4e99b000c4ca852f34bc,chaii-hindi-and-tamil-question-answering,cards_senior_0801.jsonl:11,2,,,,,,-1,-1
chaii-hindi-and-tamil-question-answering__1ce9213c6d304b73aa61667d564e3454,chaii-hindi-and-tamil-question-answering,cards_senior_0801.jsonl:12,3,,1,,,,-1,-1
chaii-hindi-and-tamil-question-answering__21104254cc334291835449e910023abf,chaii-hindi-and-tamil-question-answering,cards_senior_0801.jsonl:17,1,-1,,-1,,-1,1,1
chaii-hindi-and-tamil-question-answering__2c1f23a63f75456aa3a401d3e7601535,chaii-hindi-and-tamil-question-answering,cards_senior_0801.jsonl:11,2,,,,,,-1,1
chaii-hindi-and-tamil-question-answering__2e435f89325641498e799472b4c6fa87,chaii-hindi-and-tamil-question-answering,cards_senior_0801.jsonl:11,2,,,,1,,1,-1
chaii-hindi-and-tamil-question-answering__37e85ef4466f47aca2f77fac56078048,chaii-hindi-and-tamil-question-answering,cards_senior_0801.jsonl:16,3,-1,-1,,,-1,1,1
chaii-hindi-and-tamil-question-answering__382e8200aaf34fb58c1b80d11701fec4,chaii-hindi-and-tamil-question-answering,cards_senior_0801.jsonl:17,1,,,,,,-1,-1
chaii-hindi-and-tamil-question-answering__3b96ff69d1c04374af2814961258f402,chaii-hindi-and-tamil-question-answering,cards_senior_0801.jsonl:15,1,,-1,,,,-1,1
chaii-hindi-and-tamil-question-answering__3fc47905f3dc49198b3f455b31f0eada,chaii-hindi-and-tamil-question-answering,cards_senior_0801.jsonl:12,3,,,,,,-1,-1
chaii-hindi-and-tamil-question-answering__4b5f15515dae48a4b4a277d0cf2e68bc,chaii-hindi-and-tamil-question-answering,cards_senior_0801.jsonl:17,1,,,,,,1,1
chaii-hindi-and-tamil-question-answering__4cf90c96bc1a4969813a09fa8053fa39,chaii-hindi-and-tamil-question-answering,cards_senior_0801.jsonl:16,3,,,1,,,-1,1
chaii-hindi-and-tamil-question-answering__4debf6ae333e498a9fb2ba701f87636a,chaii-hindi-and-tamil-question-answering,cards_senior_0801.jsonl:17,1,,,,,,-1,1
chaii-hindi-and-tamil-question-answering__54105c6022bc4ca4ab5465161505d887,chaii-hindi-and-tamil-question-answering,cards_senior_0801.jsonl:14,2,,,,,,1,1
chaii-hindi-and-tamil-question-answering__57e345d599ab4df6be1529dbb33e34b0,chaii-hindi-and-tamil-question-answering,cards_senior_0801.jsonl:15,1,-1,,-1,-1,-1,-1,1
chaii-hindi-and-tamil-question-answering__6781a51d363540b4b047369e7fcc3447,chaii-hindi-and-tamil-question-answering,cards_senior_0801.jsonl:12,3,,1,,,,-1,-1
chaii-hindi-and-tamil-question-answering__69d65f08cccf4f4b9f79b57bef794495,chaii-hindi-and-tamil-question-answering,cards_senior_0801.jsonl:17,1,1,,1,,-1,-1,1
chaii-hindi-and-tamil-question-answering__6ac5a77961474eee8e9fb9291b41e680,chaii-hindi-and-tamil-question-answering,cards_senior_0801.jsonl:15,1,1,,1,,-1,1,1
chaii-hindi-and-tamil-question-answering__7959cb183dec47ceba321137ebec3a03,chaii-hindi-and-tamil-question-answering,cards_senior_0801.jsonl:12,3,,,,,,1,1
chaii-hindi-and-tamil-question-answering__7b1505a076a248f28801e4ef17d83eed,chaii-hindi-and-tamil-question-answering,cards_senior_0801.jsonl:12,3,,,,,,-1,1
chaii-hindi-and-tamil-question-answering__7e2ec685420c45a0b6de87d9eddcbb3d,chaii-hindi-and-tamil-question-answering,cards_senior_0801.jsonl:17,1,,,,-1,,-1,-1
chaii-hindi-and-tamil-question-answering__7fe713489d224a81b014aaf13fc9ff1e,chaii-hindi-and-tamil-question-answering,cards_deepB2.jsonl:0,1,,,1,,,-1,1
chaii-hindi-and-tamil-question-answering__8d3fb13e8ba54fd09af48c2bb047612c,chaii-hindi-and-tamil-question-answering,cards_senior_0801.jsonl:15,1,,,,,,1,1
chaii-hindi-and-tamil-question-answering__9465d94bd39c43f798ae213bbaa66e23,chaii-hindi-and-tamil-question-answering,cards_senior_0801.jsonl:14,2,-1,-1,,,-1,1,-1
chaii-hindi-and-tamil-question-answering__a80c0d3498d243498526460b91385d5d,chaii-hindi-and-tamil-question-answering,cards_senior_0801.jsonl:12,3,,,,1,,-1,1
chaii-hindi-and-tamil-question-answering__a968d4a9241f4b978e04c474c3ec2257,chaii-hindi-and-tamil-question-answering,cards_senior_0728.jsonl:10,0,,-1,,,,-1,1
chaii-hindi-and-tamil-question-answering__b1bb23ab7e6740a180de0045f0fcadee,chaii-hindi-and-tamil-question-answering,cards_senior_0801.jsonl:12,3,,,1,1,,1,1
chaii-hindi-and-tamil-question-answering__b730af42042d4c1797f4fd7f37afd2d1,chaii-hindi-and-tamil-question-answering,cards_senior_0728.jsonl:12,4,,,,,,1,1
chaii-hindi-and-tamil-question-answering__bee5519398da42549173d6caf53c1a4e,chaii-hindi-and-tamil-question-answering,cards_senior_0801.jsonl:15,1,-1,,,-1,1,1,-1
chaii-hindi-and-tamil-question-answering__d1d022435c3b409e9970c743198a4300,chaii-hindi-and-tamil-question-answering,cards_senior_0801.jsonl:11,2,,,,1,,-1,1
chaii-hindi-and-tamil-question-answering__d3d5f82ef3b74d0199436ac9b8badabe,chaii-hindi-and-tamil-question-answering,cards_senior_0801.jsonl:12,3,,,,,,-1,1
chaii-hindi-and-tamil-question-answering__d9bd87b38c3d4489a30a763158ab9fc5,chaii-hindi-and-tamil-question-answering,cards_senior_0728.jsonl:11,3,,,,,,-1,1
chaii-hindi-and-tamil-question-answering__dababeecbe2a4fd3b72d556046d9b174,chaii-hindi-and-tamil-question-answering,cards_senior_0801.jsonl:12,3,-1,-1,-1,,1,-1,1
chaii-hindi-and-tamil-question-answering__e0740129fc18455ab7ec3e48eb16846b,chaii-hindi-and-tamil-question-answering,cards_senior_0801.jsonl:14,2,,,,,,-1,-1
chaii-hindi-and-tamil-question-answering__e0927c0e9b924c12b1ece26ffd279430,chaii-hindi-and-tamil-question-answering,cards_senior_0801.jsonl:14,2,,,,,,1,-1
chaii-hindi-and-tamil-question-answering__e62489175da2476fb20bfbe7ed01296f,chaii-hindi-and-tamil-question-answering,cards_senior_0801.jsonl:12,3,,,,,,-1,1
chaii-hindi-and-tamil-question-answering__e892a908998a4cedb11fb91b25c39f25,chaii-hindi-and-tamil-question-answering,cards_senior_0801.jsonl:14,2,,,,,,-1,1
chaii-hindi-and-tamil-question-answering__eea14144009a443ebafb1626798fa8b8,chaii-hindi-and-tamil-question-answering,cards_senior_0801.jsonl:15,1,,,,,,1,-1
chaii-hindi-and-tamil-question-answering__f575abe050754a08bb2e8626e558292b,chaii-hindi-and-tamil-question-answering,cards_senior_0801.jsonl:12,3,,,,-1,,1,1
chaii-hindi-and-tamil-question-answering__fa27954124d04d49b9925bf52f2b8d9b,chaii-hindi-and-tamil-question-answering,cards_senior_0801.jsonl:12,3,,,,,,-1,1
denoising-dirty-documents__00519b5a64af4292b94b4c0b41c1e393,denoising-dirty-documents,cards_senior_0731.jsonl:15,4,,-1,,-1,,-1,-1
denoising-dirty-documents__075512b0e81045c2bed409c60a2d125c,denoising-dirty-documents,cards_senior_0731.jsonl:14,4,,,,,,-1,-1
denoising-dirty-documents__09c2a046f3dd4e9780d776e0170697ed,denoising-dirty-documents,cards_senior_0731.jsonl:15,4,-1,-1,-1,,1,1,1
denoising-dirty-documents__0aca6a6c82f0489c8f955481d4974707,denoising-dirty-documents,cards_senior_0729.jsonl:16,0,1,,1,1,-1,1,1
denoising-dirty-documents__13fb2daba30b4c6c98c870022a56e8a9,denoising-dirty-documents,cards_senior_0729.jsonl:16,0,1,1,1,,-1,1,-1
denoising-dirty-documents__146a7aa2cc3a43e8a53b7aa4ca4d38ee,denoising-dirty-documents,cards_senior_0729.jsonl:15,0,,,,,,1,1
denoising-dirty-documents__1a67ba39b11e404ca31c19552bd45b45,denoising-dirty-documents,cards_senior_0729.jsonl:17,4,,,,,,-1,-1
denoising-dirty-documents__1a82edeb96734115a5b6c0e5e7635664,denoising-dirty-documents,cards_senior_0802.jsonl:11,2,1,,1,,-1,1,1
denoising-dirty-documents__1b36634d3aea4567a331367a64544ded,denoising-dirty-documents,cards_senior_0804.jsonl:20,0,,,,,,1,-1
denoising-dirty-documents__1c99f45e33644a2ca2b674c4d20d4827,denoising-dirty-documents,cards_senior_0731.jsonl:14,4,,-1,,-1,,-1,-1
denoising-dirty-documents__1cf2d6ea2b93447e8c6945eb79567a4b,denoising-dirty-documents,cards_senior_0731.jsonl:12,4,,,,,,1,1
denoising-dirty-documents__2293eeb356984ce2b3e4975c75b4f002,denoising-dirty-documents,cards_senior_0729.jsonl:16,0,,1,,,,1,1
denoising-dirty-documents__261c237b49824082995198eb1d835065,denoising-dirty-documents,cards_senior_0731.jsonl:14,4,1,,,1,-1,1,1
denoising-dirty-documents__26356ef89ee7474f96be9cdc11c35945,denoising-dirty-documents,cards_senior_0727.jsonl:12,2,,,,,,-1,1
denoising-dirty-documents__2cfdce7de5074672a460f20212708a12,denoising-dirty-documents,cards_senior_0727.jsonl:13,2,,,,,,1,1
denoising-dirty-documents__30008fac6b1d42d5bf96fda9ef6b273d,denoising-dirty-documents,cards_senior_0731.jsonl:11,4,,,,,,1,-1
denoising-dirty-documents__3aeda93132994b7f980540084ab971fb,denoising-dirty-documents,cards_senior_0802.jsonl:11,2,,,,,,-1,1
denoising-dirty-documents__3c47203ac5a84fd298a41ffefca762ec,denoising-dirty-documents,cards_senior_0731.jsonl:11,4,,,,,,1,1
denoising-dirty-documents__3fe3259967fb49a4aeb23f765f78124f,denoising-dirty-documents,cards_senior_0727.jsonl:12,2,,,,,,-1,1
denoising-dirty-documents__4398d5cc228947488032873d5303ab83,denoising-dirty-documents,cards_senior_0729.jsonl:15,0,,-1,,,,-1,-1
denoising-dirty-documents__4f102726d3fb43c6addd36f6d09c5851,denoising-dirty-documents,cards_senior_0731.jsonl:11,4,,,-1,,,-1,1
denoising-dirty-documents__5dd5355e0ad043d9a30db74d65af47e7,denoising-dirty-documents,cards_senior_0731.jsonl:11,4,,,,,,1,-1
denoising-dirty-documents__618d3e243e544455ac770925bb93f7c1,denoising-dirty-documents,cards_senior_0731.jsonl:11,4,,,,,,-1,1
denoising-dirty-documents__642a324ddd2b4319ad26e8acaaf29010,denoising-dirty-documents,cards_senior_0731.jsonl:10,2,,1,,,,-1,1
denoising-dirty-documents__6ba55899777a4bc0932de6c3168f29b3,denoising-dirty-documents,cards_senior_0804.jsonl:19,3,,1,,,,1,1
denoising-dirty-documents__6eb761d848d049e488bf194b4099a58a,denoising-dirty-documents,cards_senior_0731.jsonl:10,2,,,,,,1,1
denoising-dirty-documents__724061f02b0747928733a079bf823ded,denoising-dirty-documents,cards_senior_0804.jsonl:19,3,,,-1,,,-1,-1
denoising-dirty-documents__7390ef4fa69b4c63826abb79421c32ee,denoising-dirty-documents,cards_senior_0731.jsonl:15,4,,,,,,-1,-1
denoising-dirty-documents__7485882d12994f3e9af70e1f0d627de6,denoising-dirty-documents,cards_senior_0804.jsonl:19,3,,,,,,-1,1
denoising-dirty-documents__769ef8b53d1f44b2a3129bea63f51818,denoising-dirty-documents,cards_senior_0731.jsonl:11,4,,,,,,-1,1
denoising-dirty-documents__7f06df42780d4e39b49b1c118620ef83,denoising-dirty-documents,cards_senior_0804.jsonl:21,4,,,,-1,,1,-1
denoising-dirty-documents__8003b970774a406aba1cfafbfb723a99,denoising-dirty-documents,cards_senior_0731.jsonl:10,2,,,,,,-1,1
denoising-dirty-documents__8339c9f85088421bb4beda088448deef,denoising-dirty-documents,cards_senior_0727.jsonl:15,1,1,,1,,1,-1,1
denoising-dirty-documents__877c97ffc4fa4aa2965f8c5ed4c670d1,denoising-dirty-documents,cards_senior_0727.jsonl:13,2,,,,,,-1,-1
denoising-dirty-documents__884640de24604f0983c4db0e464d0a50,denoising-dirty-documents,cards_senior_0731.jsonl:10,2,,-1,,,,1,-1
denoising-dirty-documents__884965244b7b489896de9a44ea51f24f,denoising-dirty-documents,cards_senior_0727.jsonl:12,2,1,,,,-1,1,-1
denoising-dirty-documents__970d1a2302b04ebe9c63451e00d84748,denoising-dirty-documents,cards_senior_0731.jsonl:11,4,,,,,,-1,-1
denoising-dirty-documents__979a1edc77d64afa92e1a8ff3c6c2f7c,denoising-dirty-documents,cards_senior_0727.jsonl:13,2,,,1,1,,-1,-1
denoising-dirty-documents__9a76182c35c8400ba132d8d23424cd13,denoising-dirty-documents,cards_senior_0731.jsonl:11,4,,,,1,,-1,-1
denoising-dirty-documents__9c983a71355b408fbdcd6e0c10e1dbbe,denoising-dirty-documents,cards_deepB2.jsonl:1,3,,,,-1,,1,1
denoising-dirty-documents__a0e631cdf88b4bb0ad7b89c7d46d1aba,denoising-dirty-documents,cards_senior_0727.jsonl:12,2,,,,,,-1,-1
denoising-dirty-documents__a5a8697b65e942bda666462b387d7d33,denoising-dirty-documents,cards_senior_0731.jsonl:12,4,,,,,,-1,1
denoising-dirty-documents__a6570b163a754bc0ac97f1dde46b4dbb,denoising-dirty-documents,cards_deepB2.jsonl:1,3,,,,-1,,-1,-1
denoising-dirty-documents__a972502c16d846c580fbf1eb15e3fbd5,denoising-dirty-documents,cards_senior_0731.jsonl:11,4,-1,-1,-1,,-1,1,1
denoising-dirty-documents__aa9624ddd2854010bee729a19d25d5dc,denoising-dirty-documents,cards_senior_0804.jsonl:20,0,,,,,,-1,-1
denoising-dirty-documents__bee2ab4a0b284417a22b92ca5c53934d,denoising-dirty-documents,cards_senior_0731.jsonl:10,2,,,,,,-1,-1
denoising-dirty-documents__c809b5493ece45a6884ef4559453885f,denoising-dirty-documents,cards_senior_0729.jsonl:14,1,,,,,,-1,-1
denoising-dirty-documents__cd999b7c9c0a46f7b6002afe7a2b0db9,denoising-dirty-documents,cards_senior_0731.jsonl:14,4,,,,,,1,1
denoising-dirty-documents__d0184d3c53fc46a78d8bd569c15bea57,denoising-dirty-documents,cards_senior_0729.jsonl:18,4,,,,,,1,-1
denoising-dirty-documents__d0b4b22799f64af8b97f79b6d12d19d7,denoising-dirty-documents,cards_senior_0731.jsonl:10,2,,,,,,-1,1
denoising-dirty-documents__d1922846533a4bcbbd9e393fcc4cf649,denoising-dirty-documents,cards_senior_0727.jsonl:15,1,,,,1,,1,-1
denoising-dirty-documents__d1d81aed761e4c89818e51aced91bb39,denoising-dirty-documents,cards_senior_0729.jsonl:18,4,,,1,1,,1,-1
denoising-dirty-documents__d5bb8863d43e4e079c3fe8c8ce599684,denoising-dirty-documents,cards_senior_0731.jsonl:14,4,,,,,,-1,1
denoising-dirty-documents__d7fb993d3324496f8f4981b7ae5fe9fa,denoising-dirty-documents,cards_senior_0731.jsonl:14,4,,,,,,-1,-1
denoising-dirty-documents__da659e068e814516807ce9426ac22de1,denoising-dirty-documents,cards_senior_0804.jsonl:21,4,,,,,,1,-1
denoising-dirty-documents__dd4fb315bd8945b49ac174a71614cc7a,denoising-dirty-documents,cards_senior_0731.jsonl:10,2,1,1,,,-1,1,1
denoising-dirty-documents__e1583cebda334f00aafe46ab7ac9daef,denoising-dirty-documents,cards_senior_0731.jsonl:11,4,-1,-1,,,1,1,1
denoising-dirty-documents__e733421ae05c431389ce49bcb915120b,denoising-dirty-documents,cards_senior_0729.jsonl:14,1,,,,,,1,1
denoising-dirty-documents__e831b3d055194b758e877ff6ffaf2814,denoising-dirty-documents,cards_senior_0731.jsonl:10,2,,,,,,1,1
denoising-dirty-documents__ec0f9c6e7dfc40a9a9f3d2134dccd5b1,denoising-dirty-documents,cards_senior_0731.jsonl:14,4,,,,,,1,-1
denoising-dirty-documents__eff832f0484343608906d361c6e198a2,denoising-dirty-documents,cards_senior_0804.jsonl:21,4,,,,,,1,-1
denoising-dirty-documents__f153507d728a434eb982a2772106c24b,denoising-dirty-documents,cards_senior_0731.jsonl:10,2,,1,,,,1,1
denoising-dirty-documents__f16321f400e54c8cb008297b761fdd2d,denoising-dirty-documents,cards_senior_0731.jsonl:15,4,-1,,-1,,1,-1,-1
denoising-dirty-documents__f16cb0c8d1e54a1bb9b066cf52ce885e,denoising-dirty-documents,cards_senior_0804.jsonl:19,3,,,,-1,,-1,1
denoising-dirty-documents__f1ea17f1528c4b5da499dd636cd0cdf6,denoising-dirty-documents,cards_senior_0729.jsonl:14,1,-1,,-1,,-1,-1,1
denoising-dirty-documents__f21a289dfd2744149a40c02dfe235064,denoising-dirty-documents,cards_senior_0731.jsonl:15,4,,,,,,-1,1
denoising-dirty-documents__fa896a54b8514395b34f363f41ef8c75,denoising-dirty-documents,cards_senior_0731.jsonl:14,4,,,,1,,1,-1
denoising-dirty-documents__fdd79fc2de97469392b1e12b788849a1,denoising-dirty-documents,cards_senior_0729.jsonl:18,4,-1,,-1,,1,-1,-1
dog-breed-identification__01afc188f5244b04ae5a0da1d7243370,dog-breed-identification,cards_senior_0806.jsonl:19,0,-1,,-1,,1,1,1
dog-breed-identification__042964e0c705408a9e5e7b75d0e4ab49,dog-breed-identification,cards_senior_0806.jsonl:19,0,,,,,,1,-1
dog-breed-identification__05fd614ea5c44e44b990423d21829f68,dog-breed-identification,cards_senior_0806.jsonl:21,0,,,,-1,,1,1
dog-breed-identification__0b9d8e3f7c81433eaa973acc365097ea,dog-breed-identification,cards_senior_0806.jsonl:22,4,1,1,1,,-1,1,1
dog-breed-identification__0de39baf0b584ae1ac8c137ab965a531,dog-breed-identification,cards_senior_0804.jsonl:14,0,,,,,,1,-1
dog-breed-identification__1439e787c011416baa4d1a5b078acf5d,dog-breed-identification,cards_senior_0806.jsonl:19,0,,,,1,,1,1
dog-breed-identification__1e421e96af7c4a308ec5f7e108900e36,dog-breed-identification,cards_senior_0801.jsonl:25,0,,,,,,-1,1
dog-breed-identification__20595cd30bc84a2c8664715afcb1c35f,dog-breed-identification,cards_senior_0806.jsonl:22,4,,,,,,1,-1
dog-breed-identification__22c29d620c314448b3d5fb9ef53f0e64,dog-breed-identification,cards_senior_0806.jsonl:21,0,-1,,-1,,-1,-1,1
dog-breed-identification__2e71641be44549b180d81a19df60743c,dog-breed-identification,cards_senior_0806.jsonl:19,0,,,,,,1,1
dog-breed-identification__30713f502aec477280f6d2f7fe1d933b,dog-breed-identification,cards_senior_0806.jsonl:21,0,-1,-1,-1,-1,1,1,1
dog-breed-identification__336e2bd51be345158301a332fb5285be,dog-breed-identification,cards_senior_0804.jsonl:12,0,,,,,,1,1
dog-breed-identification__38ac2c4ae7a448e5a9c4f1ffcff879ac,dog-breed-identification,cards_senior_0806.jsonl:21,0,1,1,1,,-1,-1,-1
dog-breed-identification__409cd463787b4bffae3494eca30dd8cc,dog-breed-identification,cards_senior_0806.jsonl:22,4,-1,-1,-1,,1,1,-1
dog-breed-identification__586cf31ff60e4613963ed6e35d64afc3,dog-breed-identification,cards_senior_0806.jsonl:20,3,,-1,,,,1,-1
dog-breed-identification__5b2afeba190746a7937343d655c3c7b3,dog-breed-identification,cards_senior_0804.jsonl:12,0,,,,,,-1,-1
dog-breed-identification__5c86d68bae4b4fa69ddaddc31da4f203,dog-breed-identification,cards_senior_0806.jsonl:19,0,,,,,,-1,1
dog-breed-identification__5e4c4df394f74acf9062a53503cc5fe3,dog-breed-identification,cards_senior_0806.jsonl:21,0,,,,,,-1,1
dog-breed-identification__61d91aca2e294cf797b47a66589470eb,dog-breed-identification,cards_senior_0806.jsonl:22,4,,,,,,1,1
dog-breed-identification__6603249e88bf4ad0a991161fde5278e1,dog-breed-identification,cards_senior_0801.jsonl:19,4,-1,,,,-1,1,-1
dog-breed-identification__6cae946c8aaf4b478e348065c5989d86,dog-breed-identification,cards_senior_0806.jsonl:22,4,,,,,,-1,1
dog-breed-identification__7245a723b30441d5a26781afcbbdbd5a,dog-breed-identification,cards_senior_0806.jsonl:22,4,,,,,,1,-1
dog-breed-identification__77758f750816490999852fb07c96b072,dog-breed-identification,cards_senior_0806.jsonl:22,4,,,,,,1,-1
dog-breed-identification__7a488f1580b24361a56b2e43ab666894,dog-breed-identification,cards_senior_0808.jsonl:25,4,1,,1,,-1,1,-1
dog-breed-identification__7dcf3afdb6c842af8c634cce4d54b7ee,dog-breed-identification,cards_senior_0806.jsonl:22,4,,,,,,-1,1
dog-breed-identification__7deb6e55ed7a4f63bc57c68a6c47a089,dog-breed-identification,cards_senior_0806.jsonl:21,0,,-1,,,,-1,-1
dog-breed-identification__8831aef671f44e4baf03b785b947614a,dog-breed-identification,cards_senior_0806.jsonl:22,4,,,,,,-1,-1
dog-breed-identification__8b4bf32837b245cda70fc9ed9fb0729c,dog-breed-identification,cards_senior_0806.jsonl:21,0,,,,,,-1,1
dog-breed-identification__8ebc7f1f20d8482cb6f69cc019d898ef,dog-breed-identification,cards_senior_0806.jsonl:22,4,,-1,,,,1,1
dog-breed-identification__9cac73c2bc1f47f8af5a5edbc09d75cd,dog-breed-identification,cards_senior_0806.jsonl:21,0,,,,,,1,1
dog-breed-identification__9f71e6fc0cba43ad827dc2b2bc27b178,dog-breed-identification,cards_senior_0806.jsonl:22,4,,,,,,1,-1
dog-breed-identification__a1babe1922574867b4f6753c6e46fdb1,dog-breed-identification,cards_senior_0806.jsonl:22,4,-1,,,,1,-1,1
dog-breed-identification__a2be2362d08c458a9286b6e94b5cc2a8,dog-breed-identification,cards_senior_0806.jsonl:22,4,,,,,,-1,1
dog-breed-identification__a64775f6c5ad46338d48665b1ea8368c,dog-breed-identification,cards_senior_0804.jsonl:13,1,,,,1,,-1,1
dog-breed-identification__aa92811f15bd4c0c8de8e7d474a93e3e,dog-breed-identification,cards_senior_0806.jsonl:21,0,,,,-1,,1,1
dog-breed-identification__adaf981b8ac34e5b8adb75dd91032b3a,dog-breed-identification,cards_senior_0806.jsonl:22,4,,,,1,,1,1
dog-breed-identification__b2c0b05950784f6ba219288806f57169,dog-breed-identification,cards_senior_0804.jsonl:12,0,,,1,,,1,-1
dog-breed-identification__b37c26ea78a44744a98ee9ab4afe2e3b,dog-breed-identification,cards_senior_0806.jsonl:21,0,,,,,,-1,1
dog-breed-identification__b6206a8675ef4180b0c8a4a689ee9f1c,dog-breed-identification,cards_senior_0806.jsonl:21,0,,,,,,1,-1
dog-breed-identification__bfdf42dcbd214d218d1d6e52b984cc17,dog-breed-identification,cards_senior_0806.jsonl:20,3,,,,,,-1,1
dog-breed-identification__c00a59c01eb44e389e1563f25f0fca00,dog-breed-identification,cards_senior_0806.jsonl:21,0,,,,-1,,1,1
dog-breed-identification__c847ebd97f744ea18e6be2ee5fc28d06,dog-breed-identification,cards_senior_0806.jsonl:21,0,,-1,,,,-1,-1
dog-breed-identification__cda5495d52ae4cd3a0613d44701dc244,dog-breed-identification,cards_senior_0806.jsonl:20,3,,,,,,-1,1
dog-breed-identification__cf84f11323d440a29a92c1cb5f41d44f,dog-breed-identification,cards_senior_0806.jsonl:19,0,,,1,1,,-1,-1
dog-breed-identification__d845540bf5f64fd9879c5885ad3a048c,dog-breed-identification,cards_senior_0806.jsonl:21,0,,1,,,,-1,-1
dog-breed-identification__e3dd4c4a624349bea46aa492d7c1a1a4,dog-breed-identification,cards_senior_0806.jsonl:19,0,,,,-1,,1,-1
dog-breed-identification__ed94474e14b849e7b947437eff691287,dog-breed-identification,cards_senior_0806.jsonl:21,0,,,,,,1,1
dog-breed-identification__f1c7e763b76044d9bc921d0e424f4368,dog-breed-identification,cards_senior_0806.jsonl:22,4,,,,,,1,-1
dog-breed-identification__f592f0ef8244435683b2543dc1382a05,dog-breed-identification,cards_senior_0806.jsonl:22,4,,,,,,-1,1
dogs-vs-cats-redux-kernels-edition__1464ba86bdd744eb9d1a868d5fca9978,dogs-vs-cats-redux-kernels-edition,cards_senior_0811.jsonl:0,2,,,,,,-1,-1
dogs-vs-cats-redux-kernels-edition__19c25b0d624a41a2ba17dd3f849751f4,dogs-vs-cats-redux-kernels-edition,cards_senior_0811.jsonl:3,0,,,,,,-1,1
dogs-vs-cats-redux-kernels-edition__2355c10bbe214822b7fcdb8fd23c59e9,dogs-vs-cats-redux-kernels-edition,cards_senior_0811.jsonl:1,3,,,-1,,,-1,1
dogs-vs-cats-redux-kernels-edition__7020c1a36df540aba7df4080d1f3766b,dogs-vs-cats-redux-kernels-edition,cards_senior_0811.jsonl:1,3,,,,1,,1,-1
dogs-vs-cats-redux-kernels-edition__71356055646d49f5b7130e1efda51143,dogs-vs-cats-redux-kernels-edition,cards_senior_0811.jsonl:0,2,,,,,,1,1
dogs-vs-cats-redux-kernels-edition__75d8d7513afa473ab5bfeb76e7a865e6,dogs-vs-cats-redux-kernels-edition,cards_senior_0811.jsonl:1,3,,,1,,,1,-1
dogs-vs-cats-redux-kernels-edition__8b67cd9fd19d4540b68ff7f1cb1e3891,dogs-vs-cats-redux-kernels-edition,cards_senior_0811.jsonl:0,2,-1,-1,,,1,1,-1
dogs-vs-cats-redux-kernels-edition__ae85dd1b56484613a0017f59c221e5fc,dogs-vs-cats-redux-kernels-edition,cards_senior_0811.jsonl:0,2,-1,,,,1,-1,-1
dogs-vs-cats-redux-kernels-edition__e3ebd6ef52d64adfa7466c46b5b760a5,dogs-vs-cats-redux-kernels-edition,cards_senior_0811.jsonl:1,3,,-1,,,,-1,-1
dogs-vs-cats-redux-kernels-edition__eafacf87271244169f62fc0aa528de50,dogs-vs-cats-redux-kernels-edition,cards_senior_0811.jsonl:1,3,,,,-1,,-1,-1
dogs-vs-cats-redux-kernels-edition__fb34a06ac7a94b5cac835e5aa8233b1e,dogs-vs-cats-redux-kernels-edition,cards_senior_0811.jsonl:3,0,,,,,,-1,-1
google-quest-challenge__08731f13aaa2441f8481a906779c355f,google-quest-challenge,cards_senior_0808.jsonl:2,0,,,,,,1,-1
google-quest-challenge__0f19e29322db415ebf4df309c11a6d37,google-quest-challenge,cards_senior_0731.jsonl:9,1,-1,,-1,-1,1,-1,-1
google-quest-challenge__123479bd98f24453866e26586596a0e0,google-quest-challenge,cards_senior_0808.jsonl:2,0,,,,,,1,-1
google-quest-challenge__145a8db9a2bd4ab797694f1b56314da4,google-quest-challenge,cards_senior_0731.jsonl:9,1,,,,,,1,-1
google-quest-challenge__1f37ec5154c048ca91f9280df081b2bd,google-quest-challenge,cards_senior_0807.jsonl:2,4,,,,,,-1,1
google-quest-challenge__1fd379e4e6f74aa2ae45e5f6846cc8fa,google-quest-challenge,cards_senior_0811.jsonl:7,4,,,,-1,,-1,-1
google-quest-challenge__206c0c7dc05046938337e1591920dda4,google-quest-challenge,cards_senior_0807.jsonl:2,4,,,,,,1,1
google-quest-challenge__22a09b825dc94963a637d246475de4b7,google-quest-challenge,cards_senior_0811.jsonl:5,3,,,,,,1,-1
google-quest-challenge__247ad9912c284e1e9a7da6315558ef61,google-quest-challenge,cards_senior_0808.jsonl:0,4,,,,,,-1,1
google-quest-challenge__26d5638289c94bf9ab9d4403d9b31aad,google-quest-challenge,cards_senior_0807.jsonl:1,3,,,,,,1,1
google-quest-challenge__29bc1f3bdd654f5a8f8eaa697b7e2945,google-quest-challenge,cards_senior_0808.jsonl:1,1,,-1,,-1,,-1,-1
google-quest-challenge__30ae9bf1f6a946fba55c9e0b9963fe15,google-quest-challenge,cards_senior_0808.jsonl:3,4,,,,1,,1,1
google-quest-challenge__379e0fa6401a4ce0bbf44b183b5d0417,google-quest-challenge,cards_senior_0808.jsonl:0,4,,,,,,1,-1
google-quest-challenge__3f64ea28df7b47379738c01da32d9049,google-quest-challenge,cards_senior_0731.jsonl:9,1,,,,,,-1,1
google-quest-challenge__50e3c01168ce44fa8523f6f7387ebd60,google-quest-challenge,cards_senior_0807.jsonl:2,4,,,,,,1,-1
google-quest-challenge__533943eaebbb481184aabaaba17b422b,google-quest-challenge,cards_senior_0808.jsonl:3,4,,,,,,1,-1
google-quest-challenge__58d7889fa95c445eb210a4da389822db,google-quest-challenge,cards_senior_0807.jsonl:3,1,,,,,,1,-1
google-quest-challenge__5bc04e1c981744ab91104d9a0a8ccd04,google-quest-challenge,cards_senior_0807.jsonl:2,4,,,,1,,1,-1
google-quest-challenge__6535334b03a34c0eada11df83c1d2837,google-quest-challenge,cards_senior_0808.jsonl:3,4,,,,,,1,-1
google-quest-challenge__6ce931669ad645abafbfc980d2c4aa66,google-quest-challenge,cards_senior_0807.jsonl:2,4,-1,,,,1,1,-1
google-quest-challenge__6da13ba252434b73af95438ab59aacd0,google-quest-challenge,cards_senior_0808.jsonl:0,4,,,1,,,-1,-1
google-quest-challenge__710e7409af174b1d8623b4efd498e9fd,google-quest-challenge,cards_senior_0807.jsonl:2,4,1,1,,,-1,-1,-1
google-quest-challenge__83b4791980064cc89b01c27f3d2289c0,google-quest-challenge,cards_senior_0807.jsonl:0,0,1,1,1,1,-1,-1,1
google-quest-challenge__89627305a5fe44648f9da69fd9fc3a68,google-quest-challenge,cards_senior_0811.jsonl:6,0,,,,,,1,-1
google-quest-challenge__9607ccc97b4441aaa359ac6e1c794b9a,google-quest-challenge,cards_senior_0807.jsonl:1,3,,,,,,-1,-1
google-quest-challenge__9a8b783fbdff4bf6a96b6cdf99623b85,google-quest-challenge,cards_senior_0807.jsonl:2,4,,,,,,-1,1
google-quest-challenge__a9b84277f8a2401d8ac82ed839d8ac86,google-quest-challenge,cards_senior_0808.jsonl:0,4,1,,1,1,-1,-1,-1
google-quest-challenge__aaaf783da314470dac9a812457a8dceb,google-quest-challenge,cards_senior_0811.jsonl:5,3,,1,,,,-1,-1
google-quest-challenge__b680aed41d0645b5be62a27cd8f90a92,google-quest-challenge,cards_senior_0807.jsonl:3,1,,,,,,1,1
google-quest-challenge__ba84c42bf0d749eb990028d0b459be8c,google-quest-challenge,cards_senior_0807.jsonl:2,4,-1,-1,-1,,1,-1,-1
google-quest-challenge__c674e13adb004ed880bdbe4e02591531,google-quest-challenge,cards_senior_0807.jsonl:1,3,,-1,,,,1,1
google-quest-challenge__c9ed2c7ae1ff4e63804953be9ec9f8e9,google-quest-challenge,cards_senior_0808.jsonl:2,0,,,,,,1,1
google-quest-challenge__cee4d45428e34942a0e31648e84c8732,google-quest-challenge,cards_senior_0807.jsonl:2,4,-1,-1,-1,-1,1,1,1
google-quest-challenge__d33f7998b1864deb885274d60880fa1e,google-quest-challenge,cards_senior_0808.jsonl:0,4,,,,,,1,-1
google-quest-challenge__d494bb2bbcb54ab886732a1d6bbc7585,google-quest-challenge,cards_senior_0808.jsonl:2,0,,,1,,,1,1
google-quest-challenge__df6bedd2570e4ee580858c74ddb7b1cc,google-quest-challenge,cards_senior_0807.jsonl:3,1,,,,,,-1,-1
google-quest-challenge__dfb21f6a04774a59898dd93a17627442,google-quest-challenge,cards_senior_0807.jsonl:1,3,,,,,,1,1
google-quest-challenge__e687c4c52659411981301531dd24a890,google-quest-challenge,cards_senior_0807.jsonl:2,4,,,,,,1,1
google-quest-challenge__e723eece4011488985f66ec3d726142f,google-quest-challenge,cards_senior_0807.jsonl:1,3,1,,,,1,1,1
google-quest-challenge__ed85f2e2f3014a66823174319eb065be,google-quest-challenge,cards_senior_0808.jsonl:0,4,,1,,,,1,1
google-quest-challenge__f2fab97542ae4196a8060b629ba47e18,google-quest-challenge,cards_senior_0731.jsonl:9,1,,,-1,,,-1,1
google-quest-challenge__f6ecb16e6bf84ac5a3834a8ebc4e8e70,google-quest-challenge,cards_senior_0807.jsonl:0,0,,,,,,-1,-1
google-quest-challenge__f7b186d9ca1049d18bd5b03dfd9965af,google-quest-challenge,cards_senior_0808.jsonl:0,4,,-1,,-1,,-1,1
google-quest-challenge__f94aba3d306e443e85fab6197bbfbddd,google-quest-challenge,cards_senior_0731.jsonl:9,1,1,,,,-1,1,1
google-quest-challenge__fb355e729f224b8dbe28c3336ca0e5ba,google-quest-challenge,cards_senior_0808.jsonl:3,4,,,1,,,-1,1
histopathologic-cancer-detection__08cad9ae2f23480abd473dde32010c81,histopathologic-cancer-detection,cards_senior_0809.jsonl:9,1,-1,-1,-1,,-1,-1,1
histopathologic-cancer-detection__097a659883fe466888be8f82b77c0de1,histopathologic-cancer-detection,cards_senior_0805seq.jsonl:9,3,,,,,,1,1
histopathologic-cancer-detection__0cf01378883444e09f4053689ef02f9d,histopathologic-cancer-detection,cards_senior_0809.jsonl:9,1,-1,,-1,,1,1,-1
histopathologic-cancer-detection__107af16a8c37467ca697d5e358a3d375,histopathologic-cancer-detection,cards_senior_0809.jsonl:10,1,,,,,,-1,-1
histopathologic-cancer-detection__129c6595212f4eb99c6167a46ee12955,histopathologic-cancer-detection,cards_senior_0801.jsonl:23,0,,,,,,-1,-1
histopathologic-cancer-detection__1529554697b448e3b5f04c6ecdec5a9f,histopathologic-cancer-detection,cards_senior_0811.jsonl:14,1,,,,,,-1,1
histopathologic-cancer-detection__1b996be6918b49b48658bf55edece16a,histopathologic-cancer-detection,cards_senior_0806.jsonl:11,1,,1,,,,1,1
histopathologic-cancer-detection__1c8e38b2307443bead991261d61b467e,histopathologic-cancer-detection,cards_senior_0805seq.jsonl:9,3,,,,,,1,-1
histopathologic-cancer-detection__1e5a7fc932f6425c88a415f93dadbfd2,histopathologic-cancer-detection,cards_senior_0805seq.jsonl:8,1,,,,,,1,-1
histopathologic-cancer-detection__2d16822bd84b4bc3b854edc7ed7ef78c,histopathologic-cancer-detection,cards_senior_0806.jsonl:11,1,,,,,,1,-1
histopathologic-cancer-detection__2e2a5a62dc244e64ac8f3be50b0dc43b,histopathologic-cancer-detection,cards_senior_0806.jsonl:11,1,,,,,,-1,-1
histopathologic-cancer-detection__35014dacaa24430f96ab88d76419403f,histopathologic-cancer-detection,cards_senior_0809.jsonl:9,1,,,,,,-1,1
histopathologic-cancer-detection__3710bfb7116f492ab79d4a49c3462d88,histopathologic-cancer-detection,cards_senior_0805seq.jsonl:8,1,,,,,,-1,1
histopathologic-cancer-detection__41731edc80a94742b21cbc697debff01,histopathologic-cancer-detection,cards_senior_0811.jsonl:15,1,,,,,,1,-1
histopathologic-cancer-detection__49432a6fdb5d43c2a26cbbd4f8d31cb2,histopathologic-cancer-detection,cards_senior_0805seq.jsonl:9,3,,,,,,-1,1
histopathologic-cancer-detection__5425adfb82ca4a0baa906897849af112,histopathologic-cancer-detection,cards_senior_0811.jsonl:15,1,,-1,,-1,,-1,1
histopathologic-cancer-detection__65d6237536404fcfbe8b359ffb0cd329,histopathologic-cancer-detection,cards_senior_0805seq.jsonl:8,1,,,,-1,,1,-1
histopathologic-cancer-detection__683b87a9ceb44849802d1500ed7fd75e,histopathologic-cancer-detection,cards_senior_0801.jsonl:23,0,,,,,,-1,1
histopathologic-cancer-detection__6b5b390e3c714273a31949e2653893b2,histopathologic-cancer-detection,cards_senior_0809.jsonl:10,1,1,,1,,1,-1,1
histopathologic-cancer-detection__6f679a082ba747738a9fee740d01bf3d,histopathologic-cancer-detection,cards_senior_0806.jsonl:11,1,-1,,-1,,-1,-1,1
histopathologic-cancer-detection__6f8687d6b287427f86c640aecffd0054,histopathologic-cancer-detection,cards_senior_0811.jsonl:14,1,,1,,,,1,-1
histopathologic-cancer-detection__794f749ed6ce4751988747a2b70fbb1d,histopathologic-cancer-detection,cards_senior_0805seq.jsonl:9,3,,1,,,,1,-1
histopathologic-cancer-detection__7e014c6071b34661bf7b120f85426821,histopathologic-cancer-detection,cards_senior_0805seq.jsonl:8,1,,,,,,1,-1
histopathologic-cancer-detection__8f9a86e3509c49508dbab2cbb0c70e5f,histopathologic-cancer-detection,cards_senior_0801.jsonl:23,0,1,,1,1,1,1,-1
histopathologic-cancer-detection__96926da4aa824d74ae6c5d2ca5fb1d37,histopathologic-cancer-detection,cards_senior_0806.jsonl:11,1,,,,,,1,1
histopathologic-cancer-detection__999541e414e34dcd973841a1af2c717d,histopathologic-cancer-detection,cards_senior_0805seq.jsonl:9,3,,-1,,,,-1,1
histopathologic-cancer-detection__9a5540034beb4197b99358b5a625ecd0,histopathologic-cancer-detection,cards_senior_0801.jsonl:23,0,,,,-1,,1,1
histopathologic-cancer-detection__a241278215b9437fa2f5fcbba6d2e99d,histopathologic-cancer-detection,cards_senior_0806.jsonl:11,1,,1,,,,1,1
histopathologic-cancer-detection__a3405919500f4f67ba5dd6a1a0799cce,histopathologic-cancer-detection,cards_senior_0805seq.jsonl:8,1,1,,1,,-1,1,-1
histopathologic-cancer-detection__aa9a622f8f8e4f5fb2f9f1f1a045a0fa,histopathologic-cancer-detection,cards_senior_0811.jsonl:14,1,,,,,,1,-1
histopathologic-cancer-detection__b68832ca2cd54b6394a81eabc84ebf79,histopathologic-cancer-detection,cards_senior_0811.jsonl:14,1,,,,,,-1,-1
histopathologic-cancer-detection__c2c67547fcff484aa3003d9540780b56,histopathologic-cancer-detection,cards_senior_0805seq.jsonl:8,1,,,,-1,,-1,-1
histopathologic-cancer-detection__c6f46e2abade4d078088875653fb02cf,histopathologic-cancer-detection,cards_senior_0801.jsonl:23,0,,,,,,1,-1
histopathologic-cancer-detection__cb7ce406fad748a9be278556a14dfea6,histopathologic-cancer-detection,cards_senior_0805seq.jsonl:8,1,,,,1,,1,-1
histopathologic-cancer-detection__ccc80b3720bd49e4a804f37add10f9f8,histopathologic-cancer-detection,cards_senior_0805seq.jsonl:9,3,,,,,,-1,-1
histopathologic-cancer-detection__ceed661404dc43209fbfd9f9c786d5ca,histopathologic-cancer-detection,cards_senior_0806.jsonl:11,1,,,,1,,1,1
histopathologic-cancer-detection__cf675b258f684e08b1ac7c6ddfec66c2,histopathologic-cancer-detection,cards_senior_0806.jsonl:11,1,,,,,,-1,1
histopathologic-cancer-detection__d7e222f5dce547f4af06cf1c5e14e3a3,histopathologic-cancer-detection,cards_senior_0809.jsonl:9,1,,,,,,-1,-1
histopathologic-cancer-detection__d90b4bbcc9d94c6fbebc1cbdc3051eee,histopathologic-cancer-detection,cards_senior_0805seq.jsonl:9,3,,,,,,1,-1
histopathologic-cancer-detection__dc91704c1089418e95c2b582bb9ebb7a,histopathologic-cancer-detection,cards_senior_0805seq.jsonl:9,3,-1,,-1,,-1,1,-1
histopathologic-cancer-detection__e452b51bf7f24ce7b629ce83c86f7220,histopathologic-cancer-detection,cards_senior_0805seq.jsonl:9,3,,,,,,1,-1
histopathologic-cancer-detection__e4c6d7c4d2c04b67b1bb50db0d2ff7ce,histopathologic-cancer-detection,cards_senior_0805seq.jsonl:9,3,,,,,,1,-1
histopathologic-cancer-detection__ea6f47a0b7b64c1dabd07846b835efc2,histopathologic-cancer-detection,cards_senior_0805seq.jsonl:8,1,,-1,,-1,,1,-1
histopathologic-cancer-detection__ee9fb253f50a418385f97ffb8c09fe14,histopathologic-cancer-detection,cards_senior_0809.jsonl:9,1,,,,,,-1,-1
histopathologic-cancer-detection__eecefd7dbb8a4b238d9e59db2001a3d9,histopathologic-cancer-detection,cards_senior_0806.jsonl:11,1,,,,,,-1,-1
histopathologic-cancer-detection__f64293f3dfc1490294639c0cce6261b1,histopathologic-cancer-detection,cards_senior_0806.jsonl:11,1,1,,1,,-1,1,1
kuzushiji-recognition__5a7a02f73ed544e1b3610824879d210b,kuzushiji-recognition,cards_senior_0804.jsonl:9,3,,,,,,1,-1
kuzushiji-recognition__5e18bad668b74dae8459fe6450f9174d,kuzushiji-recognition,cards_senior_0804.jsonl:9,3,,,,,,-1,-1
kuzushiji-recognition__863346d792884083adfb7630a08ad33a,kuzushiji-recognition,cards_senior_0809.jsonl:12,0,,,,,,-1,1
kuzushiji-recognition__c1dd9b086705487ab6b1fba05edb33cb,kuzushiji-recognition,cards_senior_0806.jsonl:12,2,,,,,,1,1
kuzushiji-recognition__e3b8bb77162443aa9ba647b5f462bcbf,kuzushiji-recognition,cards_senior_0804.jsonl:9,3,,,,,,1,1
kuzushiji-recognition__e64a78b1589a4097bc48bd1859949d49,kuzushiji-recognition,cards_senior_0809.jsonl:12,0,,,,,,1,1
kuzushiji-recognition__f3e4f1eb07b04e05bd59c457f96d6655,kuzushiji-recognition,cards_senior_0806.jsonl:12,2,,,,,,1,-1
kuzushiji-recognition__f8706cb9867f4235bf4ef7b5a2e18c7f,kuzushiji-recognition,cards_senior_0806.jsonl:12,2,,,,,,-1,-1
kuzushiji-recognition__fa63cac8355d4bffbff0fbbe2890922c,kuzushiji-recognition,cards_senior_0806.jsonl:12,2,,,,,,1,-1
leaf-classification__00d52f9cb95f42ec942252b929872425,leaf-classification,cards_senior_0810.jsonl:32,2,,,,1,,1,1
leaf-classification__17194f912b8b4bd1b216a44555b96284,leaf-classification,cards_senior_0809.jsonl:27,4,,,,,,-1,-1
leaf-classification__183d3e24d1084baf8c30f330be016d3e,leaf-classification,cards_senior_0810.jsonl:34,0,,1,,1,,-1,-1
leaf-classification__1dbd9973d28e427aa0b6fcb57a51eb58,leaf-classification,cards_senior_0809.jsonl:27,4,,,,,,-1,1
leaf-classification__2280eb2ed38b4bb9bdc7d4b7663f70b2,leaf-classification,cards_senior_0809.jsonl:27,4,,,-1,-1,,1,-1
leaf-classification__240c463d1bb64e919dcc9fa293df08b9,leaf-classification,cards_senior_0810.jsonl:32,2,,,,,,1,1
leaf-classification__267c6d22b38c4cc08ece9cc2f5b21721,leaf-classification,cards_senior_0810.jsonl:34,0,,,,,,-1,1
leaf-classification__27dbfce9b6504654875d05cf8bd42208,leaf-classification,cards_senior_0808.jsonl:36,4,,,,1,,-1,-1
leaf-classification__29a50f7c12bf47abbb3c0f67aa7a1a2d,leaf-classification,cards_senior_0808.jsonl:37,0,,,,,,1,1
leaf-classification__321207b4d88a4c92a3e2daab0392b960,leaf-classification,cards_ours_20260727.jsonl:44,2,,,1,,,-1,1
leaf-classification__3ccac1dbbc054772bc986f0a8688b7b8,leaf-classification,cards_senior_0809.jsonl:30,2,,-1,,,,-1,1
leaf-classification__405ec91b96b9470a9ffd35c535e3a5a7,leaf-classification,cards_senior_0808.jsonl:32,0,1,,1,,1,1,1
leaf-classification__408758db056d48d29f9b1efe9f426ce7,leaf-classification,cards_gen2VALb.jsonl:0,0,,,,,,1,1
leaf-classification__496293d4da084123bcb6d957cc656ba7,leaf-classification,cards_senior_0809.jsonl:27,4,,,,,,1,1
leaf-classification__4be66e9de37242d7922a1254fb91571b,leaf-classification,cards_senior_0808.jsonl:35,4,,,,,,1,1
leaf-classification__4c23af5f47d24c94b064ef743acb36f4,leaf-classification,cards_senior_0810.jsonl:32,2,,,,,,1,1
leaf-classification__4d2253817ee84275bdaa44afcb037892,leaf-classification,cards_senior_0808.jsonl:32,0,,,,-1,,1,-1
leaf-classification__53f396c2a22a43c399444d2cac425d33,leaf-classification,cards_senior_0808.jsonl:35,4,,,,,,1,-1
leaf-classification__54f05da7b9324af8827bc95e992a2390,leaf-classification,cards_senior_0810.jsonl:36,4,,,1,,,1,-1
leaf-classification__589a3c1534604947859271cdb7785b62,leaf-classification,cards_senior_0810.jsonl:32,2,,,,,,-1,1
leaf-classification__5fc4d333bec34cef85da7c64d601c8c9,leaf-classification,cards_senior_0810.jsonl:37,4,,,,,,1,-1
leaf-classification__6279af62f74b4c6496a1e2e78aca979e,leaf-classification,cards_ours_20260727.jsonl:44,2,,,,,,1,1
leaf-classification__6af4aafd588243149ec0a48def6cd74d,leaf-classification,cards_senior_0808.jsonl:32,0,1,1,,,1,-1,-1
leaf-classification__7121d6b40c6d4098b7e5141c550f00c5,leaf-classification,cards_senior_0809.jsonl:27,4,,,,,,-1,1
leaf-classification__81113faa3c5d4b4997887fce3defb534,leaf-classification,cards_senior_0808.jsonl:37,0,-1,,-1,,1,-1,-1
leaf-classification__81af995eda924310839366edb5526224,leaf-classification,cards_senior_0809.jsonl:30,2,,,,1,,1,1
leaf-classification__8362fafee2d74fd2b5d942fb95c1080e,leaf-classification,cards_senior_0809.jsonl:28,3,,,,,,1,-1
leaf-classification__88a387510f45409389fa0aedb5e9ff10,leaf-classification,cards_senior_0810.jsonl:36,4,,-1,,,,1,1
leaf-classification__8b1a0780b036460fae7293f8238b161e,leaf-classification,cards_senior_0809.jsonl:27,4,,1,,,,-1,-1
leaf-classification__8d10d963385c42d882a25df2453b186f,leaf-classification,cards_senior_0808.jsonl:35,4,-1,,-1,,1,1,1
leaf-classification__90416c9c5fbb4433b810594df7a748e9,leaf-classification,cards_senior_0808.jsonl:35,4,,,,,,-1,1
leaf-classification__92a856ba9b664a7aae7b43322d1f1a43,leaf-classification,cards_senior_0808.jsonl:32,0,,,,,,-1,-1
leaf-classification__949d551407a54593ab434d9164c1cf5e,leaf-classification,cards_senior_0809.jsonl:27,4,,,1,,,1,1
leaf-classification__98d4ffa7bbd54be492381d2849cd5558,leaf-classification,cards_senior_0808.jsonl:37,0,1,1,,1,-1,-1,1
leaf-classification__99587f815e0d4f6b8ef51ec139f833fd,leaf-classification,cards_senior_0808.jsonl:35,4,,,,,,1,1
leaf-classification__9c5f88352f304b7da1558db44e0114a5,leaf-classification,cards_senior_0808.jsonl:36,4,,,,,,1,1
leaf-classification__a2335b7df31c4608b0a88d26fb40acf9,leaf-classification,cards_ours_20260727.jsonl:63,1,,,,,,-1,-1
leaf-classification__a8563184ca5e423d8790bf910d77fede,leaf-classification,cards_senior_0810.jsonl:34,0,-1,,,,1,1,1
leaf-classification__ba10ec692bb541789f1fbd8bc5e83076,leaf-classification,cards_gen3A.jsonl:2,0,,,,,,-1,1
leaf-classification__bb93c18852aa4beb91902287bdf7b4f4,leaf-classification,cards_senior_0808.jsonl:37,0,,-1,,,,1,1
leaf-classification__bf496ab472c0480986773e67b35a8a24,leaf-classification,cards_senior_0810.jsonl:32,2,-1,,,,-1,-1,-1
leaf-classification__c79c6f9c111c4322934bb28d459940d9,leaf-classification,cards_senior_0808.jsonl:32,0,,,,,,1,1
leaf-classification__c85c21adaae045c78a052eb9a0755eb1,leaf-classification,cards_senior_0808.jsonl:37,0,,1,,1,,-1,-1
leaf-classification__ce005e08e35446e78707b09a0e05d654,leaf-classification,cards_senior_0810.jsonl:36,4,,,,,,-1,1
leaf-classification__cf1d89eeee57430f9022c914b06cfc1c,leaf-classification,cards_senior_0810.jsonl:32,2,,,,-1,,-1,1
leaf-classification__d3e79ef753ec4a7d96cb66dfe1adc5d9,leaf-classification,cards_ours_20260727.jsonl:66,2,1,1,,,1,1,-1
leaf-classification__d41f5dbde301492e85226e58cec0cbb8,leaf-classification,cards_senior_0809.jsonl:32,2,,,,,,1,-1
leaf-classification__dfe5adbf12d0429c9d85d77d901875d7,leaf-classification,cards_senior_0810.jsonl:32,2,,,,,,1,-1
leaf-classification__e157b8331f8a477ab3597b4fbc665667,leaf-classification,cards_senior_0810.jsonl:32,2,-1,,-1,-1,1,-1,1
leaf-classification__e9279536d38143b286b6a472e1169bfd,leaf-classification,cards_gen2C.jsonl:1,1,,,1,1,,1,1
leaf-classification__ecb0fb1a0fe04267b19819d2cdfcb5f6,leaf-classification,cards_senior_0808.jsonl:35,4,-1,-1,-1,,1,1,1
leaf-classification__f49e37dacdec4e28bde8f63c0647253d,leaf-classification,cards_senior_0808.jsonl:32,0,,,,,,1,1
leaf-classification__f5a64b40dec64390934c88e84bc00a18,leaf-classification,cards_senior_0808.jsonl:35,4,-1,-1,-1,,1,1,1
leaf-classification__f731571ce21c4323aaffe55f85ef9001,leaf-classification,cards_ours_20260727.jsonl:66,2,,,,,,1,-1
leaf-classification__fcf29944ebb840cab454b498760bccc6,leaf-classification,cards_senior_0808.jsonl:36,4,,,,,,1,-1
learning-agency-lab-automated-essay-scoring-2__1ce748036c064b2fb6d52771d6a94264,learning-agency-lab-automated-essay-scoring-2,cards_senior_0803.jsonl:7,2,,,,,,1,-1
learning-agency-lab-automated-essay-scoring-2__1db665300a9841efb6d1f95c1110e495,learning-agency-lab-automated-essay-scoring-2,cards_senior_0810.jsonl:10,4,1,1,1,1,1,-1,-1
learning-agency-lab-automated-essay-scoring-2__32ba620476c4482bb33cae16cc7fea34,learning-agency-lab-automated-essay-scoring-2,cards_senior_0810.jsonl:10,4,,,,,,-1,-1
learning-agency-lab-automated-essay-scoring-2__39070d0da2b64da2b336bc847e53cd88,learning-agency-lab-automated-essay-scoring-2,cards_senior_0803.jsonl:5,1,,,,,,-1,-1
learning-agency-lab-automated-essay-scoring-2__3ddfb04401484006897548d8d7b4818f,learning-agency-lab-automated-essay-scoring-2,cards_senior_0803.jsonl:0,0,,,,,,-1,1
learning-agency-lab-automated-essay-scoring-2__40d8238676984b7d898d832d076da450,learning-agency-lab-automated-essay-scoring-2,cards_senior_0803.jsonl:5,1,,1,,,,1,-1
learning-agency-lab-automated-essay-scoring-2__630fda72a90540399deed0ee51a8684c,learning-agency-lab-automated-essay-scoring-2,cards_senior_0803.jsonl:2,4,,,,,,1,1
learning-agency-lab-automated-essay-scoring-2__750a52beffb34f17a403043cb1fde482,learning-agency-lab-automated-essay-scoring-2,cards_senior_0810.jsonl:9,3,,,,,,-1,-1
learning-agency-lab-automated-essay-scoring-2__87ee471ff99d412b91e53f4173f211fa,learning-agency-lab-automated-essay-scoring-2,cards_senior_0803.jsonl:4,4,,,,-1,,1,1
learning-agency-lab-automated-essay-scoring-2__942f4f68d08d4c9cac3d4ba7b6358bd7,learning-agency-lab-automated-essay-scoring-2,cards_senior_0803.jsonl:0,0,,,,,,-1,1
learning-agency-lab-automated-essay-scoring-2__9facb1b530094c93b2d0f0a415a0d834,learning-agency-lab-automated-essay-scoring-2,cards_senior_0808.jsonl:13,3,1,,,,-1,1,-1
learning-agency-lab-automated-essay-scoring-2__bfc29ca31c4348c7b1618f2319e67734,learning-agency-lab-automated-essay-scoring-2,cards_senior_0803.jsonl:4,4,,,,,,1,1
learning-agency-lab-automated-essay-scoring-2__dd9120aa17524ac0bf997f8f0c5cdbdf,learning-agency-lab-automated-essay-scoring-2,cards_senior_0803.jsonl:7,2,,,,,,1,1
learning-agency-lab-automated-essay-scoring-2__e85c12a7019a46c9a1ef2dd62553e1a4,learning-agency-lab-automated-essay-scoring-2,cards_senior_0803.jsonl:0,0,,,,,,-1,-1
learning-agency-lab-automated-essay-scoring-2__f5c4311a70c2428db27767ef15790fc4,learning-agency-lab-automated-essay-scoring-2,cards_senior_0808.jsonl:13,3,,1,,1,,-1,-1
learning-agency-lab-automated-essay-scoring-2__fa51b358f2734f8db4364748ec75430a,learning-agency-lab-automated-essay-scoring-2,cards_senior_0808.jsonl:12,0,-1,,-1,,1,-1,-1
learning-agency-lab-automated-essay-scoring-2__fae6c3b864064169a69395713c832dd9,learning-agency-lab-automated-essay-scoring-2,cards_senior_0810.jsonl:11,2,,,-1,,,-1,-1
mlsp-2013-birds__00bbd30755744cb6a580499db7730492,mlsp-2013-birds,cards_senior_0726.jsonl:14,0,,-1,,,,-1,1
mlsp-2013-birds__0562c0f7c148476b8a0bfe7ad85cfb69,mlsp-2013-birds,cards_senior_0730.jsonl:17,2,,,,,,1,1
mlsp-2013-birds__12355216b60f422182176ca27b2bc7de,mlsp-2013-birds,cards_senior_0726.jsonl:9,3,,1,,,,-1,-1
mlsp-2013-birds__165691d06ad94979b4712317e594dee9,mlsp-2013-birds,cards_senior_0726.jsonl:9,3,,,,,,-1,1
mlsp-2013-birds__18e9d0c0d9244da6a9f728f15b20e10f,mlsp-2013-birds,cards_senior_0726.jsonl:13,3,,,,,,1,-1
mlsp-2013-birds__1ac7c5275c3947d0a9832315ecb8e932,mlsp-2013-birds,cards_senior_0730.jsonl:18,3,,,,-1,,-1,-1
mlsp-2013-birds__20ab119b57a346809dd9264d2ba5a0f8,mlsp-2013-birds,cards_senior_0730.jsonl:13,1,,,,-1,,1,1
mlsp-2013-birds__2babf3e911fb4b96b9eb8c162524590d,mlsp-2013-birds,cards_senior_0730.jsonl:16,3,,,,1,,-1,1
mlsp-2013-birds__32ad1ce4039644f695b7dc5198057be5,mlsp-2013-birds,cards_senior_0802.jsonl:3,4,-1,,-1,,-1,-1,-1
mlsp-2013-birds__3fe6d4fe81164e6f968142e545e95fe4,mlsp-2013-birds,cards_senior_0726.jsonl:9,3,,,,,,-1,-1
mlsp-2013-birds__48bdda9459074908a3a79e255f8468a8,mlsp-2013-birds,cards_senior_0728.jsonl:20,0,,1,,,,1,1
mlsp-2013-birds__61101a622fa34091a297038407d1b83a,mlsp-2013-birds,cards_senior_0728.jsonl:23,3,,,,-1,,1,1
mlsp-2013-birds__61b04e88c36a4b3badc9ee9632d4ace8,mlsp-2013-birds,cards_senior_0728.jsonl:22,2,,,,,,-1,1
mlsp-2013-birds__63832244d491442280231f5a801a228c,mlsp-2013-birds,cards_senior_0802.jsonl:5,1,,,,,,-1,-1
mlsp-2013-birds__68481672af5141e3baaeab9cb165842c,mlsp-2013-birds,cards_senior_0802.jsonl:3,4,-1,,,,-1,-1,-1
mlsp-2013-birds__6c5d4b53b90f4332a88930fc96587020,mlsp-2013-birds,cards_senior_0726.jsonl:9,3,,,,,,-1,1
mlsp-2013-birds__84467c9829b34dfea1d84bc658dc757b,mlsp-2013-birds,cards_senior_0802.jsonl:2,2,1,,1,,-1,-1,-1
mlsp-2013-birds__88987b6bf868424d8550334a1c71022c,mlsp-2013-birds,cards_senior_0730.jsonl:13,1,,,,,,-1,-1
mlsp-2013-birds__9283a6dd38844c7fa2dee50fcd3032e6,mlsp-2013-birds,cards_senior_0726.jsonl:12,3,,,,-1,,1,-1
mlsp-2013-birds__9cd7dceb89eb419b8929162bd9a911d7,mlsp-2013-birds,cards_senior_0726.jsonl:11,2,,1,,,,1,1
mlsp-2013-birds__9fb38a43ac754770ac5af5e22f73c2ca,mlsp-2013-birds,cards_senior_0730.jsonl:17,2,1,1,1,,1,-1,1
mlsp-2013-birds__a443739b7294413c854239551fb38549,mlsp-2013-birds,cards_senior_0728.jsonl:19,1,,,,,,-1,1
mlsp-2013-birds__a8570c28a5df47368efdd24c1cd2abd3,mlsp-2013-birds,cards_senior_0802.jsonl:5,1,,,,,,-1,1
mlsp-2013-birds__add2560ff805431b8ca2116aec4f5f80,mlsp-2013-birds,cards_senior_0728.jsonl:22,2,1,,1,,1,1,1
mlsp-2013-birds__b1f0df47f66149d6a39cf82e1d317aad,mlsp-2013-birds,cards_senior_0805seq.jsonl:12,2,,,,-1,,-1,1
mlsp-2013-birds__b956e0d7cf35411e8e823703226a4de5,mlsp-2013-birds,cards_senior_0802.jsonl:3,4,,-1,-1,,,-1,1
mlsp-2013-birds__ba30c73b2a5c460294d0c66709cebb0f,mlsp-2013-birds,cards_senior_0802.jsonl:2,2,,,,,,-1,-1
mlsp-2013-birds__bf2ecc748b064c0fb11220edca09f861,mlsp-2013-birds,cards_senior_0726.jsonl:13,3,,,,,,-1,1
mlsp-2013-birds__c0df1655fab74880948387865dbaac81,mlsp-2013-birds,cards_senior_0726.jsonl:9,3,,,,,,-1,1
mlsp-2013-birds__c27ea496d2f04274a94e23361db3a660,mlsp-2013-birds,cards_senior_0726.jsonl:9,3,,,,,,-1,1
mlsp-2013-birds__c5f7d96b8886487aa83921aba79e0fd8,mlsp-2013-birds,cards_senior_0802.jsonl:3,4,,,,,,1,-1
mlsp-2013-birds__c8b485c9bd164fa2b27d925333254836,mlsp-2013-birds,cards_senior_0726.jsonl:11,2,,,,,,1,-1
mlsp-2013-birds__c92a538db0624d528dcef6261e34c1ac,mlsp-2013-birds,cards_senior_0726.jsonl:14,0,,,,,,1,1
mlsp-2013-birds__d0d1d1dde89942b9825ba3f36e57f3c0,mlsp-2013-birds,cards_senior_0726.jsonl:11,2,,-1,,,,1,-1
mlsp-2013-birds__d154aab9a61947cf997d2aaed672fa87,mlsp-2013-birds,cards_senior_0802.jsonl:2,2,,,-1,,,1,1
mlsp-2013-birds__d4dd62dc4f294ee7b2a8a5525bcbeea7,mlsp-2013-birds,cards_senior_0730.jsonl:13,1,-1,,-1,,1,1,-1
mlsp-2013-birds__d6d5194219454fddbb06726214ebdb34,mlsp-2013-birds,cards_senior_0728.jsonl:21,4,,,,1,,1,-1
mlsp-2013-birds__e70af4ddf6c440b6a85c4cdc1ebafaf0,mlsp-2013-birds,cards_senior_0726.jsonl:12,3,,,,1,,1,-1
mlsp-2013-birds__e84f2b38d3614fc78da89688d75a56b4,mlsp-2013-birds,cards_senior_0726.jsonl:14,0,1,,1,,-1,-1,-1
mlsp-2013-birds__f11004a8fdf94e12a0c5c7f7f6b55607,mlsp-2013-birds,cards_senior_0730.jsonl:15,1,-1,,,,-1,1,-1
mlsp-2013-birds__f6ae06b20a8a45d688290dad955eb05c,mlsp-2013-birds,cards_senior_0805seq.jsonl:13,1,,,,,,1,1
mlsp-2013-birds__f7e233a164524694a63250378945f4d2,mlsp-2013-birds,cards_senior_0730.jsonl:13,1,,-1,,,,1,-1
mlsp-2013-birds__fd0cf8b1efce4e028ba675724559c0d3,mlsp-2013-birds,cards_senior_0726.jsonl:12,3,,,,,,1,1
mlsp-2013-birds__fd88574d5f094f3a8afd58f1a241813c,mlsp-2013-birds,cards_senior_0730.jsonl:13,1,,,,,,1,1
nomad2018-predict-transparent-conductors__11b2ce7347d14769b5888a44ec82ad71,nomad2018-predict-transparent-conductors,cards_senior_0805seq.jsonl:18,0,,,,,,1,-1
nomad2018-predict-transparent-conductors__16f17dce9bc84474916d86eb735511f8,nomad2018-predict-transparent-conductors,cards_senior_0728.jsonl:17,4,,,,,,-1,1
nomad2018-predict-transparent-conductors__1bbc3ec1ead441148c1def2dd2cf95f3,nomad2018-predict-transparent-conductors,cards_senior_0726.jsonl:6,3,-1,-1,-1,,1,1,-1
nomad2018-predict-transparent-conductors__1f39d3dbf3334d26a166e63d3a3192d5,nomad2018-predict-transparent-conductors,cards_senior_0726.jsonl:8,4,,,,,,-1,-1
nomad2018-predict-transparent-conductors__24885d5e8a284274a26e80ee8dc72ec8,nomad2018-predict-transparent-conductors,cards_senior_0730.jsonl:10,2,,,,,,1,-1
nomad2018-predict-transparent-conductors__3fda44b8f66f44fdbed7726f0b6f8dfe,nomad2018-predict-transparent-conductors,cards_senior_0726.jsonl:8,4,,1,,,,-1,-1
nomad2018-predict-transparent-conductors__409d59b49e8e404c97553a773e7b8bf9,nomad2018-predict-transparent-conductors,cards_senior_0728.jsonl:16,0,-1,-1,-1,-1,1,-1,1
nomad2018-predict-transparent-conductors__4f31e5a63edf4edc81fba6babbfc7414,nomad2018-predict-transparent-conductors,cards_senior_0805seq.jsonl:18,0,,,,,,1,1
nomad2018-predict-transparent-conductors__514ffa52da84410a9361a3cd5aa167d3,nomad2018-predict-transparent-conductors,cards_senior_0802.jsonl:9,4,,,,,,-1,1
nomad2018-predict-transparent-conductors__5b53b3edc109437aa87878adbf6c949b,nomad2018-predict-transparent-conductors,cards_senior_0726.jsonl:7,1,,,,,,-1,1
nomad2018-predict-transparent-conductors__60b665ba82524126adc65234c8be9dd1,nomad2018-predict-transparent-conductors,cards_senior_0726.jsonl:7,1,,,,,,-1,1
nomad2018-predict-transparent-conductors__74a71f4bb4704c63a9577e82f60c2fe2,nomad2018-predict-transparent-conductors,cards_senior_0728.jsonl:14,0,,,,,,-1,-1
nomad2018-predict-transparent-conductors__74bf18aa8ae3418a9b267f7feea4c6cf,nomad2018-predict-transparent-conductors,cards_senior_0728.jsonl:15,2,,,,1,,-1,1
nomad2018-predict-transparent-conductors__9b5d102b4a364d4892c488fc24df8afe,nomad2018-predict-transparent-conductors,cards_senior_0802.jsonl:8,0,,,,1,,-1,-1
nomad2018-predict-transparent-conductors__a4a2579790d845b0bb3d92305502da3b,nomad2018-predict-transparent-conductors,cards_deepA.jsonl:0,3,,,,1,,1,-1
nomad2018-predict-transparent-conductors__a92a7597a5f04d709adf5b8038e49e3e,nomad2018-predict-transparent-conductors,cards_senior_0805seq.jsonl:18,0,1,,1,,1,-1,1
nomad2018-predict-transparent-conductors__b02425b023c74eac85a9d89a3c902ea0,nomad2018-predict-transparent-conductors,cards_senior_0726.jsonl:7,1,,,,,,1,-1
nomad2018-predict-transparent-conductors__b7635113de1a4a5b84a52034002e7a72,nomad2018-predict-transparent-conductors,cards_senior_0726.jsonl:7,1,,,,,,1,1
nomad2018-predict-transparent-conductors__c006e2acdfed4e4289a3771c0284d048,nomad2018-predict-transparent-conductors,cards_senior_0805seq.jsonl:18,0,-1,-1,-1,,-1,1,-1
nomad2018-predict-transparent-conductors__cde60b73f8124b52ae993dac14fd5a56,nomad2018-predict-transparent-conductors,cards_senior_0805seq.jsonl:18,0,,,,,,-1,-1
nomad2018-predict-transparent-conductors__f6334ec296f747f9b61b1cc2f03aa123,nomad2018-predict-transparent-conductors,cards_senior_0805seq.jsonl:18,0,,,,,,-1,1
petfinder-pawpularity-score__000e27ba82ca4c05be128ed8d0a85879,petfinder-pawpularity-score,cards_deepA.jsonl:1,2,,,1,,,1,1
petfinder-pawpularity-score__0148c2428dfc4677997cdccc16097530,petfinder-pawpularity-score,cards_senior_0801.jsonl:3,2,-1,-1,,-1,1,-1,1
petfinder-pawpularity-score__044e842e45084818a44278c159896fb2,petfinder-pawpularity-score,cards_senior_0724.jsonl:0,4,,,,,,1,1
petfinder-pawpularity-score__052ffc62d97541998d04f4c7c91730b7,petfinder-pawpularity-score,cards_senior_0805seq.jsonl:2,2,,,,,,-1,1
petfinder-pawpularity-score__057ab385d2bc4945ab5dcce726d0db2b,petfinder-pawpularity-score,cards_senior_0804.jsonl:2,3,,,1,,,1,-1
petfinder-pawpularity-score__066252890bed42a3aece1d89e7eab6fa,petfinder-pawpularity-score,cards_senior_0801.jsonl:3,2,,1,,,,-1,-1
petfinder-pawpularity-score__0abf6f30bb8a4c5aa15c10f074794d9e,petfinder-pawpularity-score,cards_senior_0731.jsonl:1,1,,,,1,,-1,1
petfinder-pawpularity-score__0ffbbd56336142f6b3b599806eae7b84,petfinder-pawpularity-score,cards_senior_0724.jsonl:1,0,,,,,,-1,1
petfinder-pawpularity-score__1405f6890cc640d8a504fc2613d76fa3,petfinder-pawpularity-score,cards_senior_0801.jsonl:3,2,,,,,,-1,-1
petfinder-pawpularity-score__15e63d7afd8346a0bbd86db949f1ef27,petfinder-pawpularity-score,cards_senior_0801.jsonl:3,2,,,,,,-1,-1
petfinder-pawpularity-score__1687a679cfdb4fb4857bc1051584d218,petfinder-pawpularity-score,cards_senior_0801.jsonl:3,2,,,,,,-1,1
petfinder-pawpularity-score__1880373f9a8642f386832d7c358cf2da,petfinder-pawpularity-score,cards_senior_0801.jsonl:0,0,,,,1,,1,1
petfinder-pawpularity-score__1c132db59f584b1097915659417d7d4b,petfinder-pawpularity-score,cards_senior_0801.jsonl:3,2,,,,,,-1,-1
petfinder-pawpularity-score__1d65336c542b4e498a50a11e626360a1,petfinder-pawpularity-score,cards_senior_0724.jsonl:1,0,,-1,,,,-1,-1
petfinder-pawpularity-score__21d9e7cba6bb453e92aa002b04baedd8,petfinder-pawpularity-score,cards_senior_0804.jsonl:2,3,,,,,,-1,1
petfinder-pawpularity-score__28188e4897ce4dff99ded3b2bde78ddf,petfinder-pawpularity-score,cards_senior_0801.jsonl:0,0,,,,,,-1,1
petfinder-pawpularity-score__29a8d9bd65e841f7898432000c502094,petfinder-pawpularity-score,cards_senior_0801.jsonl:3,2,,,1,,,1,1
petfinder-pawpularity-score__336e66b085d84a4cbd5cd646939e2308,petfinder-pawpularity-score,cards_senior_0727.jsonl:2,1,,,,,,-1,-1
petfinder-pawpularity-score__34f4d5565ba84d229245de3697a2e787,petfinder-pawpularity-score,cards_senior_0727.jsonl:2,1,1,1,1,,-1,1,-1
petfinder-pawpularity-score__35608cd0fb894260ab988723f035f989,petfinder-pawpularity-score,cards_senior_0730.jsonl:1,1,,-1,,,,1,1
petfinder-pawpularity-score__3a5fd4019c1941d8aaf777a22538b58b,petfinder-pawpularity-score,cards_senior_0805seq.jsonl:2,2,,,,,,1,-1
petfinder-pawpularity-score__3acd123079d44b0ca23b08bf598de59f,petfinder-pawpularity-score,cards_senior_0727.jsonl:2,1,1,1,1,,-1,1,1
petfinder-pawpularity-score__3bccc9dcc4a4438d9e90e455c1a88336,petfinder-pawpularity-score,cards_senior_0729.jsonl:2,3,,,,,,-1,1
petfinder-pawpularity-score__3d866f73c16644c0960239f25dc3a972,petfinder-pawpularity-score,cards_senior_0730.jsonl:2,3,,,,,,1,1
petfinder-pawpularity-score__3dd2bc9a44824ad89d2ce5946e5368dd,petfinder-pawpularity-score,cards_senior_0724.jsonl:7,3,1,,,,1,1,1
petfinder-pawpularity-score__3ed8e0ac90a34f24be3828728e9d56f2,petfinder-pawpularity-score,cards_senior_0730.jsonl:2,3,,,,,,-1,1
petfinder-pawpularity-score__42d487dcb2e74f5ababc2f120e871c17,petfinder-pawpularity-score,cards_senior_0804.jsonl:0,2,,,,,,-1,-1
petfinder-pawpularity-score__45960ebaa4834a889e695599ccb2a723,petfinder-pawpularity-score,cards_senior_0805seq.jsonl:0,1,,,,,,-1,1
petfinder-pawpularity-score__47d3b9f13ab44118bba92bd035b2d19b,petfinder-pawpularity-score,cards_senior_0730.jsonl:1,1,1,,1,,1,-1,1
petfinder-pawpularity-score__4b490dbeb68740759ee12e747f0a903f,petfinder-pawpularity-score,cards_senior_0801.jsonl:3,2,,,,,,-1,-1
petfinder-pawpularity-score__4eae48d5d867481c9d8181367ac14ea1,petfinder-pawpularity-score,cards_senior_0730.jsonl:3,1,-1,,-1,,-1,1,-1
petfinder-pawpularity-score__56826c11652e4150af576620ae57a2f0,petfinder-pawpularity-score,cards_senior_0728.jsonl:1,3,,,,,,-1,1
petfinder-pawpularity-score__5cd783c93a824d7188d51c34fc1a1bd9,petfinder-pawpularity-score,cards_senior_0729.jsonl:0,1,,,,,,-1,1
petfinder-pawpularity-score__5d956b5fba594e12b992b0c77b7a852b,petfinder-pawpularity-score,cards_senior_0730.jsonl:1,1,,,,,,1,1
petfinder-pawpularity-score__5d9e328d8e1d49519c10292c632eae30,petfinder-pawpularity-score,cards_senior_0805seq.jsonl:2,2,,,1,,,-1,1
petfinder-pawpularity-score__603833c1632e444e9a0168983467ebb3,petfinder-pawpularity-score,cards_senior_0731.jsonl:1,1,,-1,,-1,,-1,1
petfinder-pawpularity-score__63a3fd99a7e043e7afe7177fc2423dd7,petfinder-pawpularity-score,cards_senior_0805seq.jsonl:1,3,,,,-1,,-1,1
petfinder-pawpularity-score__64515d73e8154e4e8fe96c0f6a0b0104,petfinder-pawpularity-score,cards_senior_0724.jsonl:4,4,1,1,,,-1,-1,-1
petfinder-pawpularity-score__698eab8ef9534cd786e76154e6db8ddb,petfinder-pawpularity-score,cards_senior_0801.jsonl:0,0,-1,,,,1,-1,-1
petfinder-pawpularity-score__69bbd947e78b4002848a8544f7aaaf29,petfinder-pawpularity-score,cards_senior_0805seq.jsonl:2,2,,,,,,1,1
petfinder-pawpularity-score__6af457851f894ab292e9de4f6986b07b,petfinder-pawpularity-score,cards_senior_0801.jsonl:3,2,1,,1,,-1,1,-1
petfinder-pawpularity-score__6ba45109be4c413291f7dfa9a56b8d21,petfinder-pawpularity-score,cards_senior_0730.jsonl:3,1,,1,,1,,-1,-1
petfinder-pawpularity-score__6c9b9738258b458ca4333d0355e55cbd,petfinder-pawpularity-score,cards_senior_0805seq.jsonl:0,1,,,,,,-1,-1
petfinder-pawpularity-score__6e9897a4e5a14d6ba926b68a5feb0318,petfinder-pawpularity-score,cards_senior_0801.jsonl:3,2,-1,-1,-1,,1,1,1
petfinder-pawpularity-score__6eb03bc75ee842a6a17f514a2f57a174,petfinder-pawpularity-score,cards_senior_0801.jsonl:3,2,,,1,,,1,1
petfinder-pawpularity-score__6ed86029e9674962a65e1f74ad5dc363,petfinder-pawpularity-score,cards_senior_0727.jsonl:1,2,,-1,,,,-1,-1
petfinder-pawpularity-score__6fcd62c307554137b3d54658802ee2b8,petfinder-pawpularity-score,cards_senior_0729.jsonl:0,1,,,1,,,1,1
petfinder-pawpularity-score__7041d87cb451460ebafde7101bc3baf0,petfinder-pawpularity-score,cards_senior_0805seq.jsonl:0,1,,,,1,,1,1
petfinder-pawpularity-score__771e9e285a69442fa78890b9c3e924d0,petfinder-pawpularity-score,cards_senior_0730.jsonl:1,1,-1,,,-1,1,-1,-1
petfinder-pawpularity-score__78b2d1f266ca407c905f4952bd85af06,petfinder-pawpularity-score,cards_senior_0801.jsonl:3,2,,,,,,1,1
petfinder-pawpularity-score__7f94f44d705e495abb8ffa9571e61854,petfinder-pawpularity-score,cards_senior_0805seq.jsonl:2,2,,,,,,-1,-1
petfinder-pawpularity-score__7fe6decf0cb1416ab18de6761de9782e,petfinder-pawpularity-score,cards_senior_0805seq.jsonl:0,1,,,,,,1,1
petfinder-pawpularity-score__8807d71b1a904615af2010f8f775e235,petfinder-pawpularity-score,cards_senior_0728.jsonl:1,3,-1,,,,1,1,1
petfinder-pawpularity-score__88cdb70b010345df9b4574ed14f9ca0b,petfinder-pawpularity-score,cards_senior_0729.jsonl:3,3,,,,,,-1,1
petfinder-pawpularity-score__8e0aa505c7eb44f6bd154a03b1d54721,petfinder-pawpularity-score,cards_senior_0801.jsonl:3,2,-1,,-1,,-1,-1,1
petfinder-pawpularity-score__923808c454f94247a5e4883360792308,petfinder-pawpularity-score,cards_senior_0801.jsonl:0,0,,,,,,1,1
petfinder-pawpularity-score__98c3cb6de9cd4dd6beb2a9ec309a2a24,petfinder-pawpularity-score,cards_senior_0731.jsonl:0,1,,-1,,,,-1,-1
petfinder-pawpularity-score__9a49c70f941047f5b4a73052e27d3e62,petfinder-pawpularity-score,cards_senior_0731.jsonl:0,1,,,,,,-1,1
petfinder-pawpularity-score__9f55fb2b876948d9a7af87efab04cd16,petfinder-pawpularity-score,cards_senior_0730.jsonl:2,3,-1,-1,-1,,1,-1,1
petfinder-pawpularity-score__a110f9df1182484cb25b99c77e2f6633,petfinder-pawpularity-score,cards_senior_0729.jsonl:1,1,,,,,,1,-1
petfinder-pawpularity-score__a153e50405bc4c6aaf719ca80db247aa,petfinder-pawpularity-score,cards_senior_0805seq.jsonl:0,1,,,,,,-1,-1
petfinder-pawpularity-score__a2d87e50e3b14ae0a739b0daff06eaad,petfinder-pawpularity-score,cards_senior_0727.jsonl:3,0,1,,1,,1,-1,-1
petfinder-pawpularity-score__a397f5014bb54ba7bb699b5ade6693c5,petfinder-pawpularity-score,cards_senior_0730.jsonl:1,1,,,,-1,,1,1
petfinder-pawpularity-score__a3a59e1255134672a1c14b15b6fe44ed,petfinder-pawpularity-score,cards_senior_0731.jsonl:3,2,,,,,,1,1
petfinder-pawpularity-score__a5842830a7f749fc9caa28e7fa17415a,petfinder-pawpularity-score,cards_senior_0801.jsonl:0,0,,,,,,-1,1
petfinder-pawpularity-score__a78f115ebb794223ba3f127988379774,petfinder-pawpularity-score,cards_senior_0801.jsonl:3,2,,,,-1,,1,1
petfinder-pawpularity-score__ab5d5ff52a504d269ab3cba8873d37b5,petfinder-pawpularity-score,cards_senior_0805seq.jsonl:0,1,,,,,,-1,1
petfinder-pawpularity-score__ae912c3b90f24311bd32e5223b3c0010,petfinder-pawpularity-score,cards_senior_0730.jsonl:1,1,,,,,,-1,1
petfinder-pawpularity-score__afb95aa3e9d547afac278ea47c5aca39,petfinder-pawpularity-score,cards_senior_0731.jsonl:1,1,,,,,,1,-1
petfinder-pawpularity-score__b8e3e4e3abc84da9b9b7ce7ea2ed2c6c,petfinder-pawpularity-score,cards_senior_0729.jsonl:2,3,-1,-1,,,-1,-1,-1
petfinder-pawpularity-score__c09b2754cacc4b95951cb386c34e8e53,petfinder-pawpularity-score,cards_senior_0730.jsonl:3,1,,,,,,-1,1
petfinder-pawpularity-score__c351bc39bba44f0aaa0ab0e50aa1283b,petfinder-pawpularity-score,cards_senior_0730.jsonl:2,3,,,,,,-1,1
petfinder-pawpularity-score__c93f1886ee7b49a69e0cabb5b554218c,petfinder-pawpularity-score,cards_senior_0730.jsonl:1,1,,-1,,,,1,-1
petfinder-pawpularity-score__c9d73e1228b340bd8f0d366904f49add,petfinder-pawpularity-score,cards_senior_0727.jsonl:2,1,-1,,-1,,1,1,-1
petfinder-pawpularity-score__c9dd63918f4841b79f6b6a55d17e92ec,petfinder-pawpularity-score,cards_senior_0801.jsonl:3,2,,,,,,-1,-1
petfinder-pawpularity-score__cdd2d012768d4f5d9019f28c8e7cdefd,petfinder-pawpularity-score,cards_senior_0730.jsonl:3,1,,1,,,,1,-1
petfinder-pawpularity-score__d2964ed7078b47cf88f2238de6fc20fb,petfinder-pawpularity-score,cards_senior_0804.jsonl:2,3,,,,-1,,-1,-1
petfinder-pawpularity-score__d5c1fd26d6a3491391819ffc96a42b4f,petfinder-pawpularity-score,cards_senior_0801.jsonl:3,2,-1,,-1,-1,-1,-1,1
petfinder-pawpularity-score__d7e9b67d6e0d4a3fa1e610cc736d70f1,petfinder-pawpularity-score,cards_senior_0731.jsonl:3,2,,1,,,,-1,-1
petfinder-pawpularity-score__dafe3ad24bf74d8e90e6c12cb742e45e,petfinder-pawpularity-score,cards_senior_0805seq.jsonl:2,2,,,,,,1,1
petfinder-pawpularity-score__dd23091243344cc093efa7cc65b1dbb0,petfinder-pawpularity-score,cards_senior_0804.jsonl:2,3,,,,,,1,1
petfinder-pawpularity-score__de0e6b10f3f4444d8b46fbc4a837ef29,petfinder-pawpularity-score,cards_senior_0801.jsonl:0,0,,-1,,,,-1,-1
petfinder-pawpularity-score__de6c2c259335444e9bf2a51a36e1b09c,petfinder-pawpularity-score,cards_senior_0801.jsonl:3,2,,,,,,1,-1
petfinder-pawpularity-score__df2d46c8a00949d88752fe04d6fee0d4,petfinder-pawpularity-score,cards_senior_0801.jsonl:3,2,,,,,,-1,-1
petfinder-pawpularity-score__df7f2a35b7664bb987acaa320e9f29aa,petfinder-pawpularity-score,cards_senior_0804.jsonl:3,3,,,,,,-1,-1
petfinder-pawpularity-score__e2b9c605d45247ada25fdaff411f090a,petfinder-pawpularity-score,cards_senior_0727.jsonl:3,0,,,,,,-1,-1
petfinder-pawpularity-score__e56801d5665945159a5851b72579f9d2,petfinder-pawpularity-score,cards_senior_0728.jsonl:2,4,,,,-1,,1,1
petfinder-pawpularity-score__e5b1af22ccb2451bbc94f74554e92f14,petfinder-pawpularity-score,cards_senior_0804.jsonl:0,2,,,,,,1,1
petfinder-pawpularity-score__e62bfbe231cf4bea9b2b93959a5c6374,petfinder-pawpularity-score,cards_senior_0805seq.jsonl:2,2,,,-1,-1,,1,-1
petfinder-pawpularity-score__ed282bf0d54a40e69582c84fb1df1b4c,petfinder-pawpularity-score,cards_senior_0727.jsonl:1,2,,,,-1,,-1,-1
petfinder-pawpularity-score__ee6cfd224d7c4c45b59e140d2434299a,petfinder-pawpularity-score,cards_senior_0731.jsonl:1,1,1,,1,1,1,1,-1
petfinder-pawpularity-score__f57d90b44b0d4ae3bdcaeef7ba8b7db0,petfinder-pawpularity-score,cards_senior_0727.jsonl:0,0,,,,-1,,-1,1
petfinder-pawpularity-score__f5cbeebdd958459996d866572d31cd61,petfinder-pawpularity-score,cards_senior_0728.jsonl:0,4,,,,,,1,1
petfinder-pawpularity-score__f63d5385265c48c48ad06d18d49c5df9,petfinder-pawpularity-score,cards_senior_0801.jsonl:3,2,,,,-1,,1,-1
petfinder-pawpularity-score__f9e2b0fa2adb46bb88c2be3347518554,petfinder-pawpularity-score,cards_senior_0801.jsonl:3,2,,,,,,1,-1
petfinder-pawpularity-score__fe183950188a485da6b4f1a1c53d2874,petfinder-pawpularity-score,cards_senior_0728.jsonl:2,4,,,,,,1,-1
petfinder-pawpularity-score__fe43b31ac62842d7bcd69ef35135ddc6,petfinder-pawpularity-score,cards_senior_0801.jsonl:3,2,,,,,,-1,1
petfinder-pawpularity-score__feb7f8a8e9a04c8db9fa21ca0f45146c,petfinder-pawpularity-score,cards_senior_0730.jsonl:1,1,,-1,,-1,,1,-1
random-acts-of-pizza__00c95077318c4914a884c21a9a045124,random-acts-of-pizza,cards_senior_0811.jsonl:25,4,,,,,,1,-1
random-acts-of-pizza__02acf17c33ed41529706aa9e55c5ee1c,random-acts-of-pizza,cards_senior_0811.jsonl:21,0,,,,,,1,-1
random-acts-of-pizza__0304d7957287437a92c0d6995f819f48,random-acts-of-pizza,cards_gen2C.jsonl:0,2,-1,,-1,,-1,-1,-1
random-acts-of-pizza__058454df98b24ee181491cffdca319e8,random-acts-of-pizza,cards_senior_0811.jsonl:25,4,,,,-1,,1,-1
random-acts-of-pizza__060571d0f1a94a0eb2cc5f7cee0642f6,random-acts-of-pizza,cards_senior_0811.jsonl:21,0,,,,,,1,1
random-acts-of-pizza__07cb1fbbeeac4ccc95c148a37e5f44ad,random-acts-of-pizza,cards_senior_0811.jsonl:24,0,1,,,,-1,-1,1
random-acts-of-pizza__0851d5f613064e5d9ece22c6ad5674e7,random-acts-of-pizza,cards_senior_0811.jsonl:25,4,,-1,,,,1,-1
random-acts-of-pizza__09edec93b0cf4140b838988574185859,random-acts-of-pizza,cards_senior_0811.jsonl:21,0,-1,,-1,,1,1,1
random-acts-of-pizza__0accd3c4a2ad414ea6bc5c8d81349151,random-acts-of-pizza,cards_senior_0811.jsonl:21,0,,,-1,,,-1,1
random-acts-of-pizza__0bc7787e44ff4e779eac9c9318dc051c,random-acts-of-pizza,cards_senior_0809.jsonl:18,4,,,,,,-1,1
random-acts-of-pizza__0bda057028e342958b5e31f2515cf1fc,random-acts-of-pizza,cards_senior_0811.jsonl:20,0,1,,1,,1,1,1
random-acts-of-pizza__0bea10e6b0af49b7b80afb7aae0bfdc7,random-acts-of-pizza,cards_senior_0809.jsonl:18,4,,-1,,,,-1,1
random-acts-of-pizza__0e2fcc53a3e14d6ab34651c2881dddc5,random-acts-of-pizza,cards_senior_0811.jsonl:21,0,,,,1,,1,-1
random-acts-of-pizza__0e403944f0d0436097d2bf2c60300056,random-acts-of-pizza,cards_senior_0811.jsonl:27,3,,,,,,1,-1
random-acts-of-pizza__12daad5746f249fb8717dbc0c083d615,random-acts-of-pizza,cards_senior_0809.jsonl:18,4,,,,,,-1,-1
random-acts-of-pizza__14a8a5ff56ee48fa8f6ca54f8eedd0c1,random-acts-of-pizza,cards_senior_0811.jsonl:27,3,-1,,,,1,-1,-1
random-acts-of-pizza__167ca9ea87ea48589119c958832439a7,random-acts-of-pizza,cards_senior_0811.jsonl:20,0,,-1,,,,-1,-1
random-acts-of-pizza__1c2cf636b04d40f5b0b8fea347ac6c36,random-acts-of-pizza,cards_senior_0811.jsonl:24,0,,,,,,1,-1
random-acts-of-pizza__1c6c2483bbde4e2fa2a88eebd0d8d1f7,random-acts-of-pizza,cards_senior_0811.jsonl:20,0,,,,,,-1,-1
random-acts-of-pizza__1cfd77e765af4ed9bc152224999fbcbf,random-acts-of-pizza,cards_senior_0811.jsonl:22,0,1,1,,,1,1,-1
random-acts-of-pizza__206bf5a6645e43c29cd2b8550b00c3bc,random-acts-of-pizza,cards_ours_20260727.jsonl:64,2,,,,,,-1,1
random-acts-of-pizza__2194382eb2ed442a8fed50199a9bd1f8,random-acts-of-pizza,cards_senior_0809.jsonl:18,4,,-1,,,,-1,1
random-acts-of-pizza__21995d0c70884f809565e7bdec4002ef,random-acts-of-pizza,cards_senior_0809.jsonl:18,4,-1,-1,,,1,1,1
random-acts-of-pizza__22bb5e6414a049afac6eebfc54af616a,random-acts-of-pizza,cards_senior_0811.jsonl:20,0,,,-1,,,-1,-1
random-acts-of-pizza__24bf9eb8ca564707a5eaa5d80e66bc11,random-acts-of-pizza,cards_gen2A.jsonl:0,2,1,1,,,1,-1,-1
random-acts-of-pizza__26877cdc019d494fb206a687e22405b2,random-acts-of-pizza,cards_ours_20260727.jsonl:65,2,,,,1,,1,-1
random-acts-of-pizza__2810daa7cafc4370b54cd4667a4d3235,random-acts-of-pizza,cards_senior_0811.jsonl:21,0,,,,,,1,-1
random-acts-of-pizza__282b9985cedc49f4b936875cf3f2e498,random-acts-of-pizza,cards_senior_0811.jsonl:21,0,,1,,,,1,-1
random-acts-of-pizza__284db7f4a5714e3890aeca004763c0d3,random-acts-of-pizza,cards_senior_0811.jsonl:25,4,,,,,,-1,1
random-acts-of-pizza__285789f6d9a640baa21eddf7808c5614,random-acts-of-pizza,cards_senior_0811.jsonl:25,4,,,,,,1,1
random-acts-of-pizza__295ca61d7b7d4d2eac44ea1305a84a1b,random-acts-of-pizza,cards_senior_0811.jsonl:25,4,,,,1,,-1,-1
random-acts-of-pizza__298da08e2dea42fcb8f3797ad8fb4bee,random-acts-of-pizza,cards_ours_20260727.jsonl:73,1,,,,,,1,-1
random-acts-of-pizza__2a177f4fe4624b298a5e63e4e09ecc1e,random-acts-of-pizza,cards_senior_0811.jsonl:21,0,,,,1,,-1,1
random-acts-of-pizza__2ae06ba19f96463888782f3b0bf0d75a,random-acts-of-pizza,cards_senior_0811.jsonl:21,0,,,,,,1,1
random-acts-of-pizza__2e177df43dc748399675c5b747fdb647,random-acts-of-pizza,cards_senior_0811.jsonl:21,0,,,,1,,-1,-1
random-acts-of-pizza__2f031438b80c4594b3f64ef4e71ea26d,random-acts-of-pizza,cards_senior_0811.jsonl:22,0,-1,,-1,,1,-1,1
random-acts-of-pizza__2f65673de7de4adfaa2f8285302d5bb7,random-acts-of-pizza,cards_senior_0811.jsonl:24,0,,,,,,1,1
random-acts-of-pizza__340b1995038342c5ba916123ad2821db,random-acts-of-pizza,cards_senior_0810.jsonl:22,2,,,,,,1,-1
random-acts-of-pizza__3482fa2cc08a4a9e99c018fd4b27b969,random-acts-of-pizza,cards_senior_0811.jsonl:21,0,,,,-1,,-1,1
random-acts-of-pizza__34d3d2222a3b4e3ba8101cdf037ac8cb,random-acts-of-pizza,cards_senior_0811.jsonl:22,0,1,1,1,,1,1,1
random-acts-of-pizza__354478d8906e4bbc8690d5f030317c4d,random-acts-of-pizza,cards_senior_0809.jsonl:17,2,,,,,,1,1
random-acts-of-pizza__3627c3252fe544598cc7736c1f05f2f4,random-acts-of-pizza,cards_senior_0811.jsonl:22,0,,,,,,-1,-1
random-acts-of-pizza__36329f898bcc46d3be841a0db0abe913,random-acts-of-pizza,cards_senior_0811.jsonl:25,4,,,,,,-1,1
random-acts-of-pizza__36a449bfd46744a4adbeb72a2503f404,random-acts-of-pizza,cards_senior_0809.jsonl:18,4,,-1,,,,1,1
random-acts-of-pizza__376f0f7c360e4d7fb6d0bd659228b150,random-acts-of-pizza,cards_senior_0809.jsonl:18,4,1,,1,,-1,-1,1
random-acts-of-pizza__38fb084a8fd64c0ab9d29769e1beddde,random-acts-of-pizza,cards_senior_0810.jsonl:22,2,,,,,,1,1
random-acts-of-pizza__39fc988a7e9443b5abf1a5da36af0062,random-acts-of-pizza,cards_senior_0811.jsonl:25,4,,,-1,,,1,-1
random-acts-of-pizza__3c9ccefdcf0a4be2957ed5c202e120fd,random-acts-of-pizza,cards_senior_0809.jsonl:17,2,-1,,,-1,1,-1,1
random-acts-of-pizza__3d8e82e92cab44bd8b703f95fe5a5645,random-acts-of-pizza,cards_senior_0811.jsonl:25,4,,,1,,,1,1
random-acts-of-pizza__3e6c5b32db89416cac61c08217bbc491,random-acts-of-pizza,cards_senior_0809.jsonl:18,4,,,,-1,,-1,-1
random-acts-of-pizza__3e97b87c3b154a27b8e4c7077032d09a,random-acts-of-pizza,cards_senior_0810.jsonl:23,4,,,,,,1,1
random-acts-of-pizza__4042d9f736a549a4a86caab2566ae6c1,random-acts-of-pizza,cards_senior_0809.jsonl:18,4,,,,1,,-1,1
random-acts-of-pizza__4049567475d341f290b5e85da77e2997,random-acts-of-pizza,cards_senior_0811.jsonl:24,0,,,,,,1,-1
random-acts-of-pizza__42b9442362b64d20b43c4f7369299e26,random-acts-of-pizza,cards_senior_0811.jsonl:20,0,,,,1,,1,1
random-acts-of-pizza__4484a759adfa4b7885d25b38e70ffc41,random-acts-of-pizza,cards_senior_0811.jsonl:20,0,,,,,,-1,-1
random-acts-of-pizza__44bf418a507f4985a848c512c28672e7,random-acts-of-pizza,cards_senior_0811.jsonl:21,0,,,,,,1,-1
random-acts-of-pizza__46171dce1a2644aa92081024e4b501fa,random-acts-of-pizza,cards_senior_0809.jsonl:18,4,1,,1,1,1,-1,1
random-acts-of-pizza__472babbe62e840218d802b43f61a5a05,random-acts-of-pizza,cards_senior_0811.jsonl:22,0,1,1,1,1,1,-1,-1
random-acts-of-pizza__4ec7c05b50c54dffb0989cf98dc158fa,random-acts-of-pizza,cards_senior_0811.jsonl:25,4,,1,,,,1,1
random-acts-of-pizza__538ba26caf3f49769e905270ee04098b,random-acts-of-pizza,cards_senior_0811.jsonl:25,4,-1,,-1,-1,-1,1,-1
random-acts-of-pizza__5923655a074b4d309fad3da070c46900,random-acts-of-pizza,cards_senior_0811.jsonl:20,0,,,,,,-1,1
random-acts-of-pizza__5a4d9f74c3884532a2b63b7eaaec9dd9,random-acts-of-pizza,cards_senior_0811.jsonl:22,0,,,,,,-1,-1
random-acts-of-pizza__5a82eafeef37482b89efca0f2a3e91a0,random-acts-of-pizza,cards_senior_0811.jsonl:25,4,,,,,,-1,1
random-acts-of-pizza__5df0defa5eba4c0c89f83ce16d14035d,random-acts-of-pizza,cards_senior_0811.jsonl:22,0,,,,,,1,1
random-acts-of-pizza__5eb0f2e6c0b24c8c8c5cc444069108b9,random-acts-of-pizza,cards_senior_0811.jsonl:22,0,,,,,,-1,1
random-acts-of-pizza__5fa1a576523c4179ba70ead2f473d1cc,random-acts-of-pizza,cards_senior_0811.jsonl:27,3,,,,,,1,1
random-acts-of-pizza__60dfb6b2d5d84cc5bdda4d8efb4f0c06,random-acts-of-pizza,cards_senior_0809.jsonl:17,2,,,,,,-1,-1
random-acts-of-pizza__61410e26fc614db6b38e1b81eb437f60,random-acts-of-pizza,cards_gen2A.jsonl:0,2,,,,,,1,-1
random-acts-of-pizza__647b669e2f4143e5ad70c2731f644b20,random-acts-of-pizza,cards_ours_20260727.jsonl:73,1,1,,,,-1,-1,1
random-acts-of-pizza__65b54b6808fd4d1b882e16b2237f2ad1,random-acts-of-pizza,cards_senior_0811.jsonl:21,0,,,,,,1,-1
random-acts-of-pizza__67f598c28ba54f9da159eeb23c6a12d0,random-acts-of-pizza,cards_senior_0809.jsonl:17,2,,,,,,1,-1
random-acts-of-pizza__6a8c90c72a984bf8a29414979304aacf,random-acts-of-pizza,cards_senior_0809.jsonl:18,4,-1,-1,-1,,-1,-1,-1
random-acts-of-pizza__7298efe77f2443e7b9c4a977baf808fe,random-acts-of-pizza,cards_senior_0811.jsonl:25,4,-1,,-1,,-1,1,1
random-acts-of-pizza__72fb3e3045ea4844aaa7eae29e0938bf,random-acts-of-pizza,cards_senior_0810.jsonl:23,4,,,,,,1,1
random-acts-of-pizza__7549883fe4054b95addb42bee397a692,random-acts-of-pizza,cards_senior_0811.jsonl:21,0,1,,1,,1,-1,-1
random-acts-of-pizza__76eb4f6329ae48519e2928aa6d03225f,random-acts-of-pizza,cards_senior_0809.jsonl:17,2,,1,,,,1,-1
random-acts-of-pizza__78c5309328e643c8a4abffb56ab4cb93,random-acts-of-pizza,cards_senior_0809.jsonl:17,2,,1,,,,1,-1
random-acts-of-pizza__791b3c88658542a4b0cdbec8399d1f57,random-acts-of-pizza,cards_senior_0809.jsonl:17,2,,,,,,1,1
random-acts-of-pizza__7a0d280d3c1a4a70a8d1c6121a55a947,random-acts-of-pizza,cards_senior_0811.jsonl:25,4,,,,,,1,-1
random-acts-of-pizza__7bed1b1b80c444da8ce9d8a9048ce6c9,random-acts-of-pizza,cards_senior_0811.jsonl:25,4,,,,,,1,1
random-acts-of-pizza__7d55d732d2064a528fccee1af89f93cf,random-acts-of-pizza,cards_senior_0811.jsonl:21,0,-1,-1,,,-1,-1,-1
random-acts-of-pizza__80144b28b38745b18dd5eee64b825688,random-acts-of-pizza,cards_senior_0811.jsonl:25,4,,,,,,-1,1
random-acts-of-pizza__805ad3f537c843598a655fe393b2679a,random-acts-of-pizza,cards_senior_0811.jsonl:21,0,,,,,,-1,1
random-acts-of-pizza__80f695a10a4b49b89d304142e3727dd5,random-acts-of-pizza,cards_senior_0811.jsonl:21,0,,,,,,1,-1
random-acts-of-pizza__839e160064c546af920d8e4a2eab7859,random-acts-of-pizza,cards_senior_0811.jsonl:22,0,,,,,,-1,1
random-acts-of-pizza__847fe261f69d45dea587ea926efb7eb6,random-acts-of-pizza,cards_senior_0811.jsonl:25,4,,,1,,,1,1
random-acts-of-pizza__850830b7459f4940aa28defb892d60c7,random-acts-of-pizza,cards_senior_0811.jsonl:27,3,,-1,,,,-1,1
random-acts-of-pizza__85ac5a6189a145fa9625abb2d47d7e06,random-acts-of-pizza,cards_senior_0809.jsonl:18,4,-1,,-1,,1,1,1
random-acts-of-pizza__88fabff94a0c493084058ee1ed9dde01,random-acts-of-pizza,cards_senior_0811.jsonl:21,0,,,,,,-1,-1
random-acts-of-pizza__8937c575728c461b92a0a048ed5e1839,random-acts-of-pizza,cards_senior_0810.jsonl:23,4,,,,-1,,1,-1
random-acts-of-pizza__8ab4b109487a4659b6ae35c71798f4a4,random-acts-of-pizza,cards_senior_0809.jsonl:18,4,,,,,,1,1
random-acts-of-pizza__91d6a678108b4490b14f35921a25c634,random-acts-of-pizza,cards_senior_0809.jsonl:17,2,,,,,,1,1
random-acts-of-pizza__92fd415383f84c5b967fccada8f186a5,random-acts-of-pizza,cards_senior_0809.jsonl:17,2,,,,,,1,1
random-acts-of-pizza__99595275dadf48cd9e8089a56a00d533,random-acts-of-pizza,cards_gen2A.jsonl:0,2,,1,,,,1,1
random-acts-of-pizza__9b780e86e3fc488da9130b40edb68139,random-acts-of-pizza,cards_senior_0809.jsonl:19,3,,,-1,,,-1,1
random-acts-of-pizza__9c01431ca04a49a8a0911a06c69dadf6,random-acts-of-pizza,cards_senior_0811.jsonl:25,4,,,,,,-1,1
random-acts-of-pizza__a27cf2e430be41dda8d5967e6a4ae870,random-acts-of-pizza,cards_senior_0810.jsonl:23,4,,-1,,,,1,-1
random-acts-of-pizza__a381fe3f2ab94a97b73d67c7fb76d97c,random-acts-of-pizza,cards_senior_0811.jsonl:20,0,,,,,,1,-1
random-acts-of-pizza__a51b50e9143b4b25a8a4215065d7d3b0,random-acts-of-pizza,cards_senior_0811.jsonl:27,3,,1,,,,-1,1
random-acts-of-pizza__a85b5e9dd14d47b3b55bd928322cb091,random-acts-of-pizza,cards_senior_0811.jsonl:21,0,,,-1,-1,,1,-1
random-acts-of-pizza__a9e5173b4ac2438f85820de9b641ca11,random-acts-of-pizza,cards_senior_0811.jsonl:21,0,,,,,,-1,1
random-acts-of-pizza__abdf194d4a6b428d872156ef08ea7192,random-acts-of-pizza,cards_senior_0811.jsonl:21,0,,,,-1,,-1,-1
random-acts-of-pizza__abf38a18ec5d4c519a31531d4210031e,random-acts-of-pizza,cards_senior_0811.jsonl:21,0,,,-1,,,-1,1
random-acts-of-pizza__ac636f863d7f48f2a4f794530bc73b5b,random-acts-of-pizza,cards_senior_0811.jsonl:21,0,,,,,,-1,-1
random-acts-of-pizza__acb4690103ad46e19a45fd1911de7bf0,random-acts-of-pizza,cards_senior_0811.jsonl:21,0,,,,-1,,-1,-1
random-acts-of-pizza__ae0b40eafc964c67a3b933bc6f67818d,random-acts-of-pizza,cards_senior_0811.jsonl:21,0,,,,,,1,1
random-acts-of-pizza__b1e50018eee94c4e9069065b65ab3153,random-acts-of-pizza,cards_senior_0811.jsonl:25,4,,,,,,1,1
random-acts-of-pizza__b2fd4371e0e5480d987d3fd4164ed034,random-acts-of-pizza,cards_senior_0810.jsonl:23,4,1,,,,1,1,-1
random-acts-of-pizza__b52595f87ab8411baba3fb59d7e3ccdd,random-acts-of-pizza,cards_senior_0811.jsonl:21,0,,,,1,,-1,-1
random-acts-of-pizza__b5920e5b483e445eaa6e514e660b5c31,random-acts-of-pizza,cards_senior_0811.jsonl:21,0,1,1,,,-1,-1,-1
random-acts-of-pizza__b61b6537cd37404c9de5764af4e1430f,random-acts-of-pizza,cards_senior_0811.jsonl:25,4,,,,,,1,1
random-acts-of-pizza__b6dc2acb7d994e0188c96db62ad5d9cd,random-acts-of-pizza,cards_senior_0810.jsonl:23,4,,1,,,,1,1
random-acts-of-pizza__b89d5f9701844d2cae99815d9a52f07c,random-acts-of-pizza,cards_senior_0811.jsonl:20,0,,,,1,,-1,-1
random-acts-of-pizza__b90b48d168cc42bb8393f19bec643ddd,random-acts-of-pizza,cards_senior_0811.jsonl:20,0,-1,-1,-1,,-1,-1,1
random-acts-of-pizza__bb586b3f94a749d48f65190d3879a48f,random-acts-of-pizza,cards_senior_0811.jsonl:20,0,,,,,,1,-1
random-acts-of-pizza__bb7aaa1712d54c46a73af7d59fc81041,random-acts-of-pizza,cards_senior_0809.jsonl:18,4,,,,,,-1,-1
random-acts-of-pizza__bba75b06d4a8469f8fcab1f876a4c3bf,random-acts-of-pizza,cards_senior_0811.jsonl:20,0,,-1,,,,1,1
random-acts-of-pizza__bc92eaf3e0604b97bee6508e9cfd239e,random-acts-of-pizza,cards_senior_0811.jsonl:21,0,-1,,,,1,-1,-1
random-acts-of-pizza__bed821d9c1c14fb2b5e8091f169d749a,random-acts-of-pizza,cards_senior_0809.jsonl:17,2,,,,1,,-1,-1
random-acts-of-pizza__bf3025cbf9944e95a7577c24a5b31209,random-acts-of-pizza,cards_senior_0811.jsonl:24,0,,,,,,1,1
random-acts-of-pizza__c1b00f526e994116be7debefc9368c5d,random-acts-of-pizza,cards_senior_0809.jsonl:17,2,,,,1,,1,-1
random-acts-of-pizza__c20fb34fbc3947fd9cd5e45b5e1f4a65,random-acts-of-pizza,cards_senior_0811.jsonl:21,0,,,,,,1,1
random-acts-of-pizza__c429dd59a2004b5ea16f57d17550d437,random-acts-of-pizza,cards_senior_0811.jsonl:27,3,,,1,,,-1,-1
random-acts-of-pizza__c47f6a3b7a8d49509622a5eb07c62aa3,random-acts-of-pizza,cards_ours_20260727.jsonl:67,1,-1,-1,-1,,1,1,1
random-acts-of-pizza__c4f2d6b7a3c44b098011939abbbd84b1,random-acts-of-pizza,cards_senior_0811.jsonl:21,0,,,,,,-1,1
random-acts-of-pizza__c50909d0aa204bc49bbb83a0be648ccf,random-acts-of-pizza,cards_senior_0810.jsonl:22,2,,1,,,,-1,1
random-acts-of-pizza__c578483598c5461ab26b62b53c153520,random-acts-of-pizza,cards_senior_0811.jsonl:24,0,,,,,,1,1
random-acts-of-pizza__c5f5948e5c534a7d9bb6b5b8c9257fc7,random-acts-of-pizza,cards_senior_0811.jsonl:21,0,,,-1,,,1,1
random-acts-of-pizza__ca58df0c4a404876902dbc4855d05f26,random-acts-of-pizza,cards_senior_0811.jsonl:22,0,,,,-1,,-1,-1
random-acts-of-pizza__cb97d3e5b00d48c888e09225ebadb993,random-acts-of-pizza,cards_senior_0811.jsonl:25,4,,,,,,-1,-1
random-acts-of-pizza__cc7270c94aff482c9832830986c8ffd1,random-acts-of-pizza,cards_senior_0809.jsonl:18,4,,,,,,1,1
random-acts-of-pizza__cf6ec632f4c74e8b84760d76106f941b,random-acts-of-pizza,cards_senior_0810.jsonl:23,4,1,,,,1,1,1
random-acts-of-pizza__cfc4ab7cee73493ab0b23cf600a7dd09,random-acts-of-pizza,cards_senior_0809.jsonl:17,2,,,,,,1,1
random-acts-of-pizza__d0142d4694614b95a3bfb4927d63b726,random-acts-of-pizza,cards_senior_0811.jsonl:24,0,,,,,,1,1
random-acts-of-pizza__d03dea66ceae4555bbbe946ce90eec65,random-acts-of-pizza,cards_senior_0810.jsonl:24,1,,1,,1,,1,-1
random-acts-of-pizza__d11134a8e59948319dfe790b2d6a3eae,random-acts-of-pizza,cards_senior_0811.jsonl:25,4,,,,1,,-1,1
random-acts-of-pizza__d19a73f3dcd5410cbefbd79e6ed627cb,random-acts-of-pizza,cards_senior_0811.jsonl:22,0,-1,,-1,,1,1,-1
random-acts-of-pizza__d1b325081dfb45f2aa5ce320592d5207,random-acts-of-pizza,cards_senior_0811.jsonl:21,0,,,,,,1,1
random-acts-of-pizza__d2c5f86edcb343d38145815bfd42b141,random-acts-of-pizza,cards_senior_0811.jsonl:27,3,,-1,,,,1,-1
random-acts-of-pizza__d5127c93d7534733ab53429a06300ab8,random-acts-of-pizza,cards_senior_0809.jsonl:17,2,1,,,,1,1,1
random-acts-of-pizza__d6e4687b32ee45428da68ac8fcadb718,random-acts-of-pizza,cards_senior_0811.jsonl:24,0,,,,,,1,1
random-acts-of-pizza__d71e8161bc3e40af895025e4b2c5e6ef,random-acts-of-pizza,cards_senior_0811.jsonl:25,4,,,,,,-1,1
random-acts-of-pizza__d92b3c88b3ff45a8931924a964d1c4c3,random-acts-of-pizza,cards_senior_0811.jsonl:22,0,,,,-1,,1,1
random-acts-of-pizza__de941f5ee38847e2b401e4b9cdbab410,random-acts-of-pizza,cards_senior_0811.jsonl:21,0,,,,,,-1,1
random-acts-of-pizza__e3c1bd3f08be4c95873d5a60edd12439,random-acts-of-pizza,cards_senior_0810.jsonl:22,2,,,,,,-1,1
random-acts-of-pizza__e48aee5cb3b74046b77faf06c7f3a92b,random-acts-of-pizza,cards_senior_0811.jsonl:27,3,,-1,,,,-1,-1
random-acts-of-pizza__e4941147392f4e228ac46a66660ee115,random-acts-of-pizza,cards_senior_0809.jsonl:18,4,,,,,,-1,1
random-acts-of-pizza__e5430ad2f95547b0aa02bf6ab77acbec,random-acts-of-pizza,cards_senior_0809.jsonl:18,4,,1,,,,-1,-1
random-acts-of-pizza__e54d924882624ccaa34c07e8e04b9211,random-acts-of-pizza,cards_senior_0811.jsonl:20,0,,,,,,-1,-1
random-acts-of-pizza__e9af524eba814e1db5aaea5e1b4709af,random-acts-of-pizza,cards_senior_0809.jsonl:18,4,,,,,,-1,1
random-acts-of-pizza__eaac27715d134a77b6d0e7da93fc8278,random-acts-of-pizza,cards_senior_0809.jsonl:17,2,,,-1,-1,,-1,1
random-acts-of-pizza__eafce40893e34fae93f46aa7f0bfafd6,random-acts-of-pizza,cards_senior_0811.jsonl:21,0,,,-1,-1,,-1,1
random-acts-of-pizza__eb9fa8b436ef443f93f07059c1708571,random-acts-of-pizza,cards_senior_0811.jsonl:20,0,,,1,,,-1,1
random-acts-of-pizza__edec8ae97b474a3ba86ee82018c61635,random-acts-of-pizza,cards_senior_0811.jsonl:25,4,,,,,,1,1
random-acts-of-pizza__ef454cfb387244a481c25496421a6530,random-acts-of-pizza,cards_senior_0811.jsonl:21,0,,,,-1,,1,-1
random-acts-of-pizza__f21d849da1e24c6fb9a33bbfb7ca6288,random-acts-of-pizza,cards_senior_0811.jsonl:25,4,,1,,,,-1,1
random-acts-of-pizza__f2b4ba69305c4c4eb3134a5508df0faa,random-acts-of-pizza,cards_senior_0811.jsonl:21,0,,,,,,-1,1
random-acts-of-pizza__f5d184ce43e94ec69d27a71426486c23,random-acts-of-pizza,cards_senior_0809.jsonl:18,4,-1,,-1,,1,1,1
random-acts-of-pizza__f6e4fd1a821a48a9becb84fafc13b5aa,random-acts-of-pizza,cards_senior_0811.jsonl:25,4,,,,-1,,-1,1
random-acts-of-pizza__f751bf584910432c9db0ed40f83b9419,random-acts-of-pizza,cards_senior_0811.jsonl:20,0,-1,,-1,-1,-1,-1,-1
random-acts-of-pizza__f8005ca1a6c74ec6b01226ecd850d8e6,random-acts-of-pizza,cards_senior_0810.jsonl:22,2,,,,1,,-1,-1
random-acts-of-pizza__f81c52ee227d4cb182d1f6eee467ccb7,random-acts-of-pizza,cards_senior_0811.jsonl:25,4,,,,-1,,1,1
random-acts-of-pizza__f8cee233c2d84765b3a2278b9fee75bb,random-acts-of-pizza,cards_senior_0811.jsonl:27,3,,,1,,,1,-1
random-acts-of-pizza__f8ddfb0fbd82435e933428459ae9ba98,random-acts-of-pizza,cards_senior_0811.jsonl:20,0,1,1,1,,-1,1,1
random-acts-of-pizza__f998dcc7f752474088192c8ada065fd6,random-acts-of-pizza,cards_senior_0811.jsonl:25,4,,,,,,1,-1
random-acts-of-pizza__faf832f44aba42c18c193c4d58321742,random-acts-of-pizza,cards_senior_0811.jsonl:25,4,,1,,,,-1,1
random-acts-of-pizza__fdd756ecefdc46afac0b573ebf3a256b,random-acts-of-pizza,cards_senior_0811.jsonl:24,0,-1,,,,-1,-1,1
random-acts-of-pizza__fe1712443ff0417eb9c7856f115670e1,random-acts-of-pizza,cards_senior_0809.jsonl:18,4,,,,,,1,-1
random-acts-of-pizza__ffb8433be2e74ebdbfc8042af48e694f,random-acts-of-pizza,cards_senior_0810.jsonl:22,2,,,,,,-1,1
spaceship-titanic__0af7032ba5c34c939e8a3fe06c8be4f9,spaceship-titanic,cards_ours_20260727.jsonl:174,1,,,,-1,,-1,1
spaceship-titanic__4935bfa14aba45bcbb03a096ada5736d,spaceship-titanic,cards_ours_20260727.jsonl:7,0,,,,,,-1,1
spaceship-titanic__4d639019d9504db89fa057849fc2c119,spaceship-titanic,cards_ours_20260727.jsonl:159,0,,,,1,,1,-1
spaceship-titanic__54ce9059c9544ad7a6a8ba58c416cb84,spaceship-titanic,cards_ours_20260727.jsonl:163,3,,,,,,1,-1
spaceship-titanic__5924fd618d4b4a139c8b06d66dbcd16e,spaceship-titanic,cards_ours_20260727.jsonl:10,3,,,,,,1,1
spaceship-titanic__5c2f263d57e342bf977c16227ce51f42,spaceship-titanic,cards_ours_20260727.jsonl:9,0,,,,,,1,1
spaceship-titanic__5ebfbf54058542229c7ec4db71961d52,spaceship-titanic,cards_ours_20260727.jsonl:4,4,-1,-1,-1,,1,-1,-1
spaceship-titanic__605ce47628144bb28e5319105660722f,spaceship-titanic,cards_ours_20260727.jsonl:157,1,,,,,,1,-1
spaceship-titanic__852406ff7dc44ba1aeb5130271e26987,spaceship-titanic,cards_ours_20260727.jsonl:156,3,,,,,,1,-1
spaceship-titanic__a76031ff5432462582561665f789440b,spaceship-titanic,cards_ours_20260727.jsonl:161,2,,,,,,1,-1
spaceship-titanic__c6fe2731bcbc45f79200e16f114e5967,spaceship-titanic,cards_ours_20260727.jsonl:159,0,,,,,,-1,1
spaceship-titanic__c77441a6534b491c96865d7dd0faafea,spaceship-titanic,cards_ours_20260727.jsonl:167,0,1,,1,,1,-1,-1
spaceship-titanic__c89a0a4815d8400690a992c5e5998d53,spaceship-titanic,cards_ours_20260727.jsonl:160,1,-1,-1,,,1,1,1
spaceship-titanic__d68f58fb97a24efe875c2d03bb704572,spaceship-titanic,cards_ours_20260727.jsonl:163,3,,-1,,,,-1,-1
spaceship-titanic__f7cd83640a61468e9cd0f512ddfca641,spaceship-titanic,cards_ours_20260727.jsonl:157,1,,,1,1,,1,-1
spooky-author-identification__00ff48fdda0743a8b6e8ccf20c988a5f,spooky-author-identification,cards_senior_0730.jsonl:7,0,,,,,,1,1
spooky-author-identification__037193c610924071b07fbf8bcf37d31e,spooky-author-identification,cards_senior_0730.jsonl:6,4,,,,,,-1,-1
spooky-author-identification__049830f4549a46349e94391dce843d9d,spooky-author-identification,cards_senior_0726.jsonl:2,1,1,,1,,1,1,1
spooky-author-identification__06f44a6481a9498ea45679c25469176e,spooky-author-identification,cards_senior_0801.jsonl:5,0,1,,1,1,-1,1,1
spooky-author-identification__090baf666ea94434bbf3d9e0ef4f2bb6,spooky-author-identification,cards_senior_0805seq.jsonl:5,0,,,,,,-1,1
spooky-author-identification__0913b290a8d7458e9596f39340938e2c,spooky-author-identification,cards_senior_0801.jsonl:5,0,-1,,,,1,1,1
spooky-author-identification__0991d5bda80a4c1a9af2958e9cc6b931,spooky-author-identification,cards_senior_0801.jsonl:7,1,,,,-1,,-1,1
spooky-author-identification__099b8f11184c4662a5035add17552d68,spooky-author-identification,cards_senior_0801.jsonl:7,1,,,,,,1,1
spooky-author-identification__0c57535368d64ca7b033616b028139a5,spooky-author-identification,cards_senior_0730.jsonl:6,4,,,,,,1,-1
spooky-author-identification__112fd62be1f6456a9d082e2238a6069f,spooky-author-identification,cards_senior_0804.jsonl:7,4,,,1,1,,-1,-1
spooky-author-identification__1225b1b008d24da4a64164cf72816366,spooky-author-identification,cards_senior_0730.jsonl:7,0,,,,,,-1,-1
spooky-author-identification__12d12319b93048e6b0135819ddd82e74,spooky-author-identification,cards_senior_0730.jsonl:6,4,,,,,,-1,1
spooky-author-identification__12f5c67ced4b41b49991c65bc19664ac,spooky-author-identification,cards_senior_0801.jsonl:5,0,,,,-1,,-1,-1
spooky-author-identification__15cf9ce611c040b68d515f06d06ae715,spooky-author-identification,cards_senior_0731.jsonl:6,2,,,,,,1,-1
spooky-author-identification__172e58d6e1454b1a83632ddb2fcc8662,spooky-author-identification,cards_senior_0730.jsonl:6,4,,-1,,,,-1,1
spooky-author-identification__181cc5bb37d143eabfd70008e98d66fd,spooky-author-identification,cards_senior_0804.jsonl:5,1,,,,,,1,-1
spooky-author-identification__1dd026342e2644a6a41a208128bffd08,spooky-author-identification,cards_senior_0801.jsonl:7,1,,,,,,-1,-1
spooky-author-identification__1dee1674bf874cbe9850526cea629b6c,spooky-author-identification,cards_senior_0731.jsonl:4,2,,,,,,1,-1
spooky-author-identification__1e9ef458e2764150abc9d5080acfc20d,spooky-author-identification,cards_senior_0730.jsonl:7,0,,,,,,-1,-1
spooky-author-identification__1eb532091cf5469f89b670d1b9f00b5b,spooky-author-identification,cards_senior_0804.jsonl:7,4,,,,,,1,1
spooky-author-identification__2017bdccce1c4ff5bc688ddf3bf2826f,spooky-author-identification,cards_senior_0730.jsonl:7,0,,,,,,1,-1
spooky-author-identification__21d5fa8a563f4a08881f17cd1130158f,spooky-author-identification,cards_senior_0728.jsonl:5,2,,-1,,,,1,-1
spooky-author-identification__236b91f493134c538deaf425489cf38f,spooky-author-identification,cards_senior_0801.jsonl:7,1,1,1,1,,-1,-1,-1
spooky-author-identification__23ccbe4f60254d6c9f8f0c34c9811395,spooky-author-identification,cards_senior_0801.jsonl:5,0,,,,1,,1,-1
spooky-author-identification__23d4ee22d50548cd94a1df042a2afb15,spooky-author-identification,cards_senior_0730.jsonl:7,0,,1,,,,1,1
spooky-author-identification__24b4d97206284c5fa34d50967773f4ba,spooky-author-identification,cards_senior_0804.jsonl:4,3,,,,,,1,-1
spooky-author-identification__24c88140de8c4d06b21793dd5ba3e977,spooky-author-identification,cards_senior_0801.jsonl:5,0,,1,,,,1,1
spooky-author-identification__263ac62a0cb348e582fa38d30548ee3a,spooky-author-identification,cards_senior_0730.jsonl:6,4,,,,,,1,-1
spooky-author-identification__27be6adb893c4dba8a88b727cafd3857,spooky-author-identification,cards_senior_0730.jsonl:8,2,,,,,,1,-1
spooky-author-identification__2a002aedc5b34f27b7e7f1da7bd38e56,spooky-author-identification,cards_senior_0801.jsonl:5,0,,,,,,1,-1
spooky-author-identification__2a746d54497f40218fadf378bdfdbbd4,spooky-author-identification,cards_senior_0731.jsonl:6,2,1,1,,,-1,1,-1
spooky-author-identification__2b40aa70957b4f1cb35082373dee1b5d,spooky-author-identification,cards_senior_0730.jsonl:8,2,-1,-1,-1,,-1,-1,-1
spooky-author-identification__2d1a8e079f5a49dea3be5b82d57e46fc,spooky-author-identification,cards_senior_0730.jsonl:7,0,,,,,,1,-1
spooky-author-identification__2d75881e8c7f4d569d48610469c2393e,spooky-author-identification,cards_senior_0731.jsonl:6,2,,,-1,,,-1,-1
spooky-author-identification__32905b6aba9846c3814e60bf490bcb39,spooky-author-identification,cards_senior_0730.jsonl:6,4,,1,,,,1,1
spooky-author-identification__330eac31446840ea8cc4da644b19c25f,spooky-author-identification,cards_senior_0730.jsonl:7,0,-1,,,,-1,-1,1
spooky-author-identification__33f6685bee1a418db885e894640c0aa8,spooky-author-identification,cards_senior_0801.jsonl:5,0,-1,,-1,,1,1,-1
spooky-author-identification__363e8a46279a44dfab5aff1c2dd2a5c8,spooky-author-identification,cards_senior_0730.jsonl:7,0,1,,1,1,-1,1,-1
spooky-author-identification__367d895215264de0878862c3ab36ee28,spooky-author-identification,cards_senior_0805seq.jsonl:5,0,,,1,,,1,1
spooky-author-identification__398607b1920c4f5281d9a044dd0e8f1d,spooky-author-identification,cards_senior_0730.jsonl:7,0,,,,,,-1,1
spooky-author-identification__3bb150a5c4cc42bbba3a17704c00a141,spooky-author-identification,cards_senior_0801.jsonl:7,1,,,,,,1,-1
spooky-author-identification__3d5b3e08153c48c19e78178be628b465,spooky-author-identification,cards_senior_0804.jsonl:7,4,,,,,,1,1
spooky-author-identification__3f2f31ee0aca4617b78e872c3c8c5fad,spooky-author-identification,cards_senior_0730.jsonl:8,2,-1,,,-1,1,-1,-1
spooky-author-identification__40bbee5dabe74b00a75c1e9946151d9a,spooky-author-identification,cards_senior_0730.jsonl:6,4,-1,-1,,-1,-1,-1,1
spooky-author-identification__40d50e5ac2a64fc6a62d3db969f767ea,spooky-author-identification,cards_senior_0731.jsonl:6,2,1,,,,1,-1,1
spooky-author-identification__45aeec02d89d47ed83af357e80a3ea75,spooky-author-identification,cards_senior_0730.jsonl:8,2,,,,,,1,1
spooky-author-identification__4b0122246cca44ea9f5614854657c028,spooky-author-identification,cards_senior_0731.jsonl:6,2,,,,,,-1,-1
spooky-author-identification__4d8c5d4812304a788167e4d92499995a,spooky-author-identification,cards_senior_0801.jsonl:7,1,,,,,,-1,1
spooky-author-identification__4dca36feb98146c287b9713840c766de,spooky-author-identification,cards_senior_0731.jsonl:6,2,,,,1,,1,-1
spooky-author-identification__50b7785eaa65459c8b5d288f18fc324f,spooky-author-identification,cards_senior_0731.jsonl:6,2,1,,1,1,1,-1,1
spooky-author-identification__50cef3646fe241f897d6fc2200148ba7,spooky-author-identification,cards_senior_0801.jsonl:7,1,,,,,,-1,1
spooky-author-identification__53183bace76d4f3581fe8083335e9c1b,spooky-author-identification,cards_t3era_missing.jsonl:9,0,,1,,,,1,1
spooky-author-identification__549f6d481c544af7b42adf6b29e8d283,spooky-author-identification,cards_senior_0730.jsonl:6,4,,,,,,1,1
spooky-author-identification__595d4db7963a407e8a4c661dba1d62ca,spooky-author-identification,cards_senior_0806.jsonl:2,4,,,,-1,,1,-1
spooky-author-identification__5a34c7629ed446ce8227c8bc135e32cb,spooky-author-identification,cards_senior_0730.jsonl:7,0,,,,,,-1,-1
spooky-author-identification__5c50fbe166df411c89b38be54680a7d6,spooky-author-identification,cards_senior_0801.jsonl:7,1,,,,,,1,-1
spooky-author-identification__5ca68a084f9942ed85bc6bbe066c4039,spooky-author-identification,cards_senior_0801.jsonl:5,0,,,,,,-1,1
spooky-author-identification__5faf0ee6f80b482c9682615e84b5e7a9,spooky-author-identification,cards_senior_0801.jsonl:5,0,-1,,,-1,1,-1,-1
spooky-author-identification__610970ef17f54112bf8c5485bf813115,spooky-author-identification,cards_senior_0730.jsonl:6,4,,,,,,-1,1
spooky-author-identification__612a42fc23f848eb8d0fb646a60e9456,spooky-author-identification,cards_senior_0730.jsonl:6,4,1,1,1,,-1,1,1
spooky-author-identification__649734cff2c04c199b4fc2b8d2206572,spooky-author-identification,cards_senior_0730.jsonl:7,0,,-1,,,,-1,-1
spooky-author-identification__65051f71d18948949ad6c261327d7768,spooky-author-identification,cards_senior_0730.jsonl:8,2,1,1,1,,-1,1,1
spooky-author-identification__65185ac3898d4cbc842de1cda644ce99,spooky-author-identification,cards_senior_0801.jsonl:7,1,,,,,,-1,1
spooky-author-identification__657dc31d049e4bd68255f454b831d3e7,spooky-author-identification,cards_senior_0726.jsonl:3,3,,,,,,-1,1
spooky-author-identification__66b57d7d1a1a419e8f03581bc4587024,spooky-author-identification,cards_senior_0801.jsonl:8,1,,,,,,1,-1
spooky-author-identification__67e3656d70674a19bb93bde5a9d30094,spooky-author-identification,cards_t3era_missing.jsonl:6,3,-1,,,-1,-1,-1,1
spooky-author-identification__694dfcde86e34d56857c60cc0c12a885,spooky-author-identification,cards_senior_0730.jsonl:6,4,,-1,,,,-1,-1
spooky-author-identification__695d7b4b81db447db3fe0512fdeea13e,spooky-author-identification,cards_senior_0730.jsonl:6,4,,,-1,,,1,-1
spooky-author-identification__6aa964fe4f8f4f08adc06d459959d7a5,spooky-author-identification,cards_senior_0730.jsonl:7,0,,,,,,-1,-1
spooky-author-identification__6c94be9d737c4646a245c2b744ce4c06,spooky-author-identification,cards_senior_0801.jsonl:7,1,,,,,,-1,-1
spooky-author-identification__6fe5ca58e1a94de5a5f4f8176e4ca144,spooky-author-identification,cards_senior_0801.jsonl:7,1,,,,,,1,-1
spooky-author-identification__71afc00cb7614e01850e8d174cb8d0a1,spooky-author-identification,cards_gen2D.jsonl:3,1,,,,,,-1,-1
spooky-author-identification__7241b1df494642559f9c8159942c4eb8,spooky-author-identification,cards_senior_0730.jsonl:7,0,,,,1,,-1,-1
spooky-author-identification__72ebef86e26d4739950e702f2d07196f,spooky-author-identification,cards_senior_0804.jsonl:4,3,,,,-1,,-1,-1
spooky-author-identification__738b0bb244d64253a9b510b6a1f9b968,spooky-author-identification,cards_ours_20260727.jsonl:43,3,,1,,,,-1,-1
spooky-author-identification__73cbce5fd52646e9a417bc7a2eb979d2,spooky-author-identification,cards_senior_0730.jsonl:7,0,,-1,,,,-1,1
spooky-author-identification__751c3edd7b914f3095f175c01a5725ee,spooky-author-identification,cards_senior_0801.jsonl:5,0,,,,,,-1,-1
spooky-author-identification__7587613bfa064c8c8df9624943268fad,spooky-author-identification,cards_senior_0730.jsonl:6,4,,,,,,1,1
spooky-author-identification__763a17f8db854745ac669c167354a994,spooky-author-identification,cards_senior_0730.jsonl:8,2,,,,,,-1,-1
spooky-author-identification__77505bd915e64517bb58ddf09b3e69b2,spooky-author-identification,cards_senior_0730.jsonl:6,4,-1,-1,-1,,-1,-1,1
spooky-author-identification__779a456a133a47ed9fc13e77d112eef2,spooky-author-identification,cards_senior_0730.jsonl:8,2,,,,,,1,1
spooky-author-identification__785d9bb09b6f45938ed3fb99a885349b,spooky-author-identification,cards_senior_0801.jsonl:5,0,1,,,,1,1,-1
spooky-author-identification__7b628b955436412281500f5328a92507,spooky-author-identification,cards_senior_0801.jsonl:5,0,1,,1,,1,1,-1
spooky-author-identification__851e0d75ef1f40d7b4def7f43fa9db82,spooky-author-identification,cards_senior_0801.jsonl:8,1,1,,1,1,1,-1,-1
spooky-author-identification__8546c8b815ff4ef1a23949ed7cdc7e96,spooky-author-identification,cards_senior_0730.jsonl:6,4,,1,1,,,-1,-1
spooky-author-identification__85de9c38e97d40ad8585ae26bc141ec6,spooky-author-identification,cards_senior_0801.jsonl:7,1,,,,-1,,1,-1
spooky-author-identification__8b1f136ff497422b9608e587cec96f59,spooky-author-identification,cards_senior_0805seq.jsonl:4,1,,,,,,-1,-1
spooky-author-identification__8bc2c25cb76a4bb2b806c2bfe9240768,spooky-author-identification,cards_senior_0730.jsonl:6,4,,1,,,,-1,1
spooky-author-identification__8be9f39d55b547ff80cc2d7f9debe91b,spooky-author-identification,cards_senior_0730.jsonl:7,0,,,,,,1,1
spooky-author-identification__8c364effdf4743d6b12f1f3ae66b94ec,spooky-author-identification,cards_t3era_missing.jsonl:1,3,-1,-1,,,1,1,1
spooky-author-identification__8c957b2914bc48668af3675a058eb088,spooky-author-identification,cards_senior_0801.jsonl:7,1,,,,,,1,-1
spooky-author-identification__8e20d88434a44343a67f5951b69d034c,spooky-author-identification,cards_senior_0730.jsonl:7,0,,,1,1,,1,-1
spooky-author-identification__8fcb99f7331f4a86b4cc0805a87580ec,spooky-author-identification,cards_senior_0731.jsonl:4,2,,,,1,,1,-1
spooky-author-identification__93d54c0d818440c4887fde2f639bb26b,spooky-author-identification,cards_senior_0730.jsonl:8,2,,,,,,1,-1
spooky-author-identification__945319afd8e244218efa68e70e31270b,spooky-author-identification,cards_senior_0731.jsonl:4,2,,,,,,1,-1
spooky-author-identification__9918f9d289ff4f30817278c2d300628c,spooky-author-identification,cards_senior_0801.jsonl:7,1,,,,,,1,-1
spooky-author-identification__9d0e9db7926b45689079bef01680352f,spooky-author-identification,cards_senior_0801.jsonl:7,1,,,,,,1,-1
spooky-author-identification__9d4adb85f4c14c50a4a9fcfc3052a0ee,spooky-author-identification,cards_senior_0806.jsonl:2,4,,,,,,1,-1
spooky-author-identification__9da1f4a97b62400db0a0275c0e94e843,spooky-author-identification,cards_senior_0804.jsonl:6,2,1,1,1,1,-1,1,-1
spooky-author-identification__a2cc0f28b6824feebc366d1aec0d0ea0,spooky-author-identification,cards_senior_0801.jsonl:7,1,,,,,,1,-1
spooky-author-identification__a4b9112e31c246b5a3fa9435c9af7278,spooky-author-identification,cards_senior_0801.jsonl:7,1,,,,,,-1,1
spooky-author-identification__a4e9839a10124a0dbbc4764b0b6bcaa8,spooky-author-identification,cards_senior_0730.jsonl:8,2,,,1,,,1,-1
spooky-author-identification__a5a59fc6352f4d079e038fcb5756875b,spooky-author-identification,cards_senior_0801.jsonl:7,1,-1,,,,-1,-1,-1
spooky-author-identification__a69481a08c1c441ab9f7b0cba6be9b0b,spooky-author-identification,cards_senior_0730.jsonl:6,4,,,,,,1,1
spooky-author-identification__a69eee4af1ce46f1b4e6116ba8a147d2,spooky-author-identification,cards_senior_0730.jsonl:7,0,,,-1,,,-1,-1
spooky-author-identification__a6fe2f1e0a38446b991ca42577472954,spooky-author-identification,cards_senior_0731.jsonl:6,2,,,-1,-1,,-1,1
spooky-author-identification__a729b066e7fa4cddaba8371af5962cd2,spooky-author-identification,cards_senior_0730.jsonl:7,0,,-1,,,,-1,1
spooky-author-identification__a9e7a83b926946e4b5c50157428c084a,spooky-author-identification,cards_senior_0730.jsonl:6,4,,,,,,-1,1
spooky-author-identification__aa1216d0a56843c08064f21f3667c61b,spooky-author-identification,cards_senior_0730.jsonl:7,0,,,1,,,-1,-1
spooky-author-identification__aeffca43f45e4a7fb999ace5125cb954,spooky-author-identification,cards_senior_0730.jsonl:8,2,,1,,,,1,1
spooky-author-identification__b336a0c58923458ab4b05cbd2a454b54,spooky-author-identification,cards_senior_0801.jsonl:5,0,,,,,,1,-1
spooky-author-identification__b3a988b6493b43dcb28cbb4f3f58efbc,spooky-author-identification,cards_senior_0805seq.jsonl:5,0,,,,,,-1,1
spooky-author-identification__b69c6ce56d1a49788fb83e3436f36aaa,spooky-author-identification,cards_senior_0801.jsonl:7,1,,,,,,1,-1
spooky-author-identification__b6c2d828bbf94b50b2c31e540551b746,spooky-author-identification,cards_senior_0801.jsonl:5,0,,,,,,1,1
spooky-author-identification__b8cb88ba265f42afac1e51ed5131b0b8,spooky-author-identification,cards_senior_0731.jsonl:4,2,,,,,,-1,-1
spooky-author-identification__b8ea5411ec33476d953f1cd2603a0a0f,spooky-author-identification,cards_senior_0801.jsonl:7,1,,,,,,-1,1
spooky-author-identification__bb91316ba70249dea79f4ea54e15f2ae,spooky-author-identification,cards_senior_0730.jsonl:6,4,,,,1,,1,1
spooky-author-identification__bc5864f0a58e41aabcb4471c4b970c62,spooky-author-identification,cards_senior_0730.jsonl:7,0,,1,,1,,1,-1
spooky-author-identification__bcbd677781aa4e3e997e902d55c92ad8,spooky-author-identification,cards_senior_0801.jsonl:7,1,,,,-1,,-1,-1
spooky-author-identification__beb29235359549ca85e608f1e435100b,spooky-author-identification,cards_senior_0801.jsonl:7,1,,,,,,-1,-1
spooky-author-identification__bf505e8d1a824801b3afb4b322a289c4,spooky-author-identification,cards_ours_20260727.jsonl:46,4,,,,,,-1,1
spooky-author-identification__bf7bcea17ceb4b5a858011fbb922c2da,spooky-author-identification,cards_senior_0804.jsonl:6,2,,,,,,-1,-1
spooky-author-identification__bfabb6c319554e8fa71640f8c263918e,spooky-author-identification,cards_senior_0731.jsonl:6,2,,,,,,1,1
spooky-author-identification__bfef14fd030d48bfb16209323d674b07,spooky-author-identification,cards_senior_0801.jsonl:7,1,,,,,,-1,1
spooky-author-identification__c0b39525966e4518bf4225c88c46100d,spooky-author-identification,cards_senior_0805seq.jsonl:4,1,,,,,,-1,-1
spooky-author-identification__c0dd1788be3e4eee821358419eb97f92,spooky-author-identification,cards_senior_0801.jsonl:7,1,,,,-1,,1,-1
spooky-author-identification__c1c0c0ba4ff945e186acbd732fde9094,spooky-author-identification,cards_senior_0730.jsonl:6,4,,,,,,-1,1
spooky-author-identification__c2a52f6359ec46c4a010cbc08f8664c8,spooky-author-identification,cards_senior_0801.jsonl:5,0,-1,-1,,,-1,1,-1
spooky-author-identification__c3b9e4dc759349269be072a837ffe5f8,spooky-author-identification,cards_senior_0730.jsonl:8,2,,,-1,,,1,-1
spooky-author-identification__c45c0bd8bbe14b14b61f230e0ebfb2fa,spooky-author-identification,cards_senior_0730.jsonl:6,4,,,,,,-1,-1
spooky-author-identification__c65de68dd3414ab4892046cffc51ca2f,spooky-author-identification,cards_senior_0730.jsonl:8,2,,,,,,1,1
spooky-author-identification__c7c485b8870e4e8ea5e7ba08bc234b23,spooky-author-identification,cards_senior_0801.jsonl:5,0,,-1,,-1,,-1,-1
spooky-author-identification__c7cea1d6242b4000917cfc9f36b5d0b2,spooky-author-identification,cards_senior_0730.jsonl:6,4,,,,,,-1,1
spooky-author-identification__ca12f4cbfd924752a0c9c921b7aa791a,spooky-author-identification,cards_senior_0731.jsonl:7,0,,1,1,,,1,1
spooky-author-identification__ca4613152bf743268834040359e81ca6,spooky-author-identification,cards_senior_0801.jsonl:7,1,,,,,,-1,1
spooky-author-identification__cd0ecafb087147d0bd271079c49a957f,spooky-author-identification,cards_senior_0801.jsonl:7,1,,,,,,1,1
spooky-author-identification__cd92410f429d484e897a6a38f0c1e651,spooky-author-identification,cards_senior_0801.jsonl:8,1,,,,,,-1,-1
spooky-author-identification__cdb73557b5a5426095d289ef0c81596b,spooky-author-identification,cards_senior_0804.jsonl:5,1,,,-1,,,-1,-1
spooky-author-identification__ced4db8f19d145dbb82299c410ab894d,spooky-author-identification,cards_senior_0806.jsonl:2,4,,,,,,-1,1
spooky-author-identification__cf6d17659f3e4165bb08e334db2ef8d4,spooky-author-identification,cards_senior_0804.jsonl:4,3,,,,,,1,-1
spooky-author-identification__cff1fc72715347f28f96cae878cb878b,spooky-author-identification,cards_senior_0801.jsonl:7,1,,,,-1,,1,1
spooky-author-identification__d04a67e85eff4ff3b146ed05a2f69f20,spooky-author-identification,cards_senior_0730.jsonl:6,4,1,,1,,-1,1,-1
spooky-author-identification__d07afbd7323f40a18a5e4e62424d145e,spooky-author-identification,cards_senior_0801.jsonl:7,1,,,,,,-1,-1
spooky-author-identification__d08f9258c3674510907797f1de3c56ef,spooky-author-identification,cards_gen2B.jsonl:0,4,,,,,,-1,1
spooky-author-identification__d29dd6e9d86a4c3585bf5494e5118379,spooky-author-identification,cards_senior_0801.jsonl:7,1,,,,,,1,-1
spooky-author-identification__d2cfc922bb824f39b9b6850e7a2bff40,spooky-author-identification,cards_senior_0730.jsonl:6,4,1,,1,,-1,-1,1
spooky-author-identification__d2d45f1925d749df9347efd7655b4d25,spooky-author-identification,cards_senior_0801.jsonl:5,0,-1,,,,-1,1,-1
spooky-author-identification__d48417c90233455092c8e300dd0c9bcc,spooky-author-identification,cards_senior_0801.jsonl:7,1,,-1,,-1,,-1,-1
spooky-author-identification__d5e6c1c7782240e8b1f7802f723fd57a,spooky-author-identification,cards_senior_0731.jsonl:6,2,,,,,,1,-1
spooky-author-identification__d9e565a93580433692563ccdd879a2cf,spooky-author-identification,cards_senior_0801.jsonl:5,0,-1,,,,-1,-1,1
spooky-author-identification__da5706e26bf943f989ce98d1d85a4489,spooky-author-identification,cards_senior_0730.jsonl:6,4,-1,-1,-1,,-1,1,1
spooky-author-identification__ded69521cf84442185f92e8e018a9db3,spooky-author-identification,cards_senior_0731.jsonl:6,2,,,,,,1,-1
spooky-author-identification__df976c3d1f9c40589d727511e6af6b37,spooky-author-identification,cards_senior_0805seq.jsonl:4,1,,,,,,1,-1
spooky-author-identification__e00325d018464cc692a705e408aba308,spooky-author-identification,cards_senior_0730.jsonl:7,0,-1,,-1,,-1,-1,1
spooky-author-identification__e289a5b790f84f2681ba6f6eb06dfb6c,spooky-author-identification,cards_senior_0730.jsonl:6,4,1,1,1,,1,1,-1
spooky-author-identification__e45450ce5ff34022a24324548f427056,spooky-author-identification,cards_senior_0730.jsonl:8,2,,,1,,,1,-1
spooky-author-identification__e62ee97da2824c309e303efe413444bd,spooky-author-identification,cards_t3era_missing.jsonl:12,2,,,,-1,,-1,-1
spooky-author-identification__eb40ff84d499489cb7cb9bd3c11b3e50,spooky-author-identification,cards_t3era_missing.jsonl:5,0,,,,-1,,1,-1
spooky-author-identification__ec8a4f38cbe44ac198c8dc390dda2958,spooky-author-identification,cards_senior_0730.jsonl:7,0,,,,-1,,1,1
spooky-author-identification__ecbaaca8652147cab47871a7c6fb6bd1,spooky-author-identification,cards_senior_0801.jsonl:8,1,,,,,,1,-1
spooky-author-identification__ecfa5429f77642b4a627bf4e67c5a32f,spooky-author-identification,cards_senior_0730.jsonl:6,4,-1,-1,,,1,-1,1
spooky-author-identification__f1e9b41b8618479796c6c452804e57c3,spooky-author-identification,cards_senior_0801.jsonl:7,1,,,,,,1,1
spooky-author-identification__f5cfb80baaa843719d02c5e3dde4d14a,spooky-author-identification,cards_senior_0804.jsonl:7,4,,,,-1,,-1,-1
spooky-author-identification__f6947c57d3194267b5c7b9d06eabef7a,spooky-author-identification,cards_senior_0726.jsonl:3,3,,-1,,,,-1,1
spooky-author-identification__f6e8becb68834c51b61ca0431f7d04fa,spooky-author-identification,cards_senior_0730.jsonl:7,0,,,,-1,,1,1
spooky-author-identification__fb7a4c45ca084fa5ac14688ce018f694,spooky-author-identification,cards_senior_0804.jsonl:8,4,,-1,-1,,,-1,1
tabular-playground-series-dec-2021__15925a61473f46c18ef76b958a916b46,tabular-playground-series-dec-2021,cards_senior_0805seq.jsonl:23,4,,,,,,-1,1
tabular-playground-series-dec-2021__162ffa8f5de4443f87d897bc465938e9,tabular-playground-series-dec-2021,cards_senior_0801.jsonl:35,3,-1,,-1,,-1,-1,1
tabular-playground-series-dec-2021__16a997cfdb654f7488c6225ee728e023,tabular-playground-series-dec-2021,cards_senior_0811.jsonl:17,2,1,1,,,-1,1,-1
tabular-playground-series-dec-2021__1f4446cf59a74c69906a15b2906ba427,tabular-playground-series-dec-2021,cards_senior_0811.jsonl:19,1,,,,-1,,-1,1
tabular-playground-series-dec-2021__2b253bca189e48acaa5a5edfaa5663a0,tabular-playground-series-dec-2021,cards_senior_0801.jsonl:35,3,,,,,,1,-1
tabular-playground-series-dec-2021__378b12a504974532a326ffb58dcb9ebb,tabular-playground-series-dec-2021,cards_senior_0808.jsonl:16,4,,,,,,1,-1
tabular-playground-series-dec-2021__53150c847b1f4754a4852b27ef8caa9c,tabular-playground-series-dec-2021,cards_senior_0805seq.jsonl:21,0,,,,,,-1,-1
tabular-playground-series-dec-2021__5d59b7e43e1c4aa0804dcff82300642d,tabular-playground-series-dec-2021,cards_senior_0805seq.jsonl:24,2,,,,-1,,1,1
tabular-playground-series-dec-2021__7008e15fce1a4146a47d954b6fa60150,tabular-playground-series-dec-2021,cards_senior_0801.jsonl:36,3,,,,,,1,-1
tabular-playground-series-dec-2021__705be9934a3f4376b60c16b6bc830dc3,tabular-playground-series-dec-2021,cards_senior_0808.jsonl:16,4,,,1,,,1,1
tabular-playground-series-dec-2021__7fea8c36b4484f2c8655c5c7077abbd4,tabular-playground-series-dec-2021,cards_senior_0805seq.jsonl:23,4,,,,,,1,1
tabular-playground-series-dec-2021__a6a2acfbf61e46c6addbdc14422030e6,tabular-playground-series-dec-2021,cards_senior_0805seq.jsonl:24,2,,,-1,,,-1,-1
tabular-playground-series-dec-2021__ba084f1ffd384553868693fc25c1d209,tabular-playground-series-dec-2021,cards_senior_0805seq.jsonl:25,2,,,,,,-1,1
tabular-playground-series-dec-2021__ba79580d2af44a08981535a2a888da21,tabular-playground-series-dec-2021,cards_senior_0805seq.jsonl:20,3,,,,,,-1,1
tabular-playground-series-dec-2021__bc004ad423fc49c5ab4219c40b94f7d2,tabular-playground-series-dec-2021,cards_senior_0805seq.jsonl:20,3,,,,1,,1,1
tabular-playground-series-dec-2021__c65b7a392232441490c3412523fe9e66,tabular-playground-series-dec-2021,cards_senior_0807.jsonl:21,3,,,,,,1,1
tabular-playground-series-dec-2021__dbcdad4987314897886f81501c856226,tabular-playground-series-dec-2021,cards_ours_20260727.jsonl:38,0,,-1,,,,-1,-1
tabular-playground-series-dec-2021__e314d64992e447f8b4c2db60bf4952e7,tabular-playground-series-dec-2021,cards_senior_0807.jsonl:20,4,,,,,,-1,-1
tabular-playground-series-dec-2021__ec18604ccb2b4ac4b0efbaed97200759,tabular-playground-series-dec-2021,cards_t3era_missing.jsonl:15,1,1,1,,1,-1,1,1
tabular-playground-series-dec-2021__f876daa8162f41108a6f12635d6835c3,tabular-playground-series-dec-2021,cards_senior_0801.jsonl:37,2,,,,,,-1,-1
tabular-playground-series-dec-2021__fc428a20e9224208a182b5ebf0feb228,tabular-playground-series-dec-2021,cards_senior_0805seq.jsonl:24,2,,,,,,1,-1
tabular-playground-series-dec-2021__fde714e5c3684688867eccffe8e1e6a6,tabular-playground-series-dec-2021,cards_ours_20260727.jsonl:23,3,-1,-1,-1,,1,-1,-1
tabular-playground-series-dec-2021__fe92acb716584d88bc66768ea972a464,tabular-playground-series-dec-2021,cards_senior_0805seq.jsonl:25,2,,,,,,1,-1
tabular-playground-series-may-2022__05e71401d750464682bacabe499a000a,tabular-playground-series-may-2022,cards_senior_0729.jsonl:12,0,,-1,,,,-1,1
tabular-playground-series-may-2022__0d2617dd9128438f8f16f80601a515e0,tabular-playground-series-may-2022,cards_ours_20260727.jsonl:124,0,-1,-1,,,-1,-1,1
tabular-playground-series-may-2022__127a6fd29a204b13b9de2c80eccc2fd1,tabular-playground-series-may-2022,cards_ours_20260727.jsonl:150,2,,,1,,,1,-1
tabular-playground-series-may-2022__1398e0231b454a84a1366b16c9a74499,tabular-playground-series-may-2022,cards_senior_0810.jsonl:20,4,,,-1,,,1,-1
tabular-playground-series-may-2022__15899f2adb804e658d9c608603e4c571,tabular-playground-series-may-2022,cards_senior_0806.jsonl:16,1,,,,,,1,-1
tabular-playground-series-may-2022__16133aa7d8fc41a2a13c7c6668c96293,tabular-playground-series-may-2022,cards_senior_0806.jsonl:14,1,,,,1,,-1,1
tabular-playground-series-may-2022__1762322ab87e4b41b2ddef2fa6564360,tabular-playground-series-may-2022,cards_senior_0806.jsonl:17,1,,,,-1,,1,1
tabular-playground-series-may-2022__1b469c3155f643eb8a3af1ee3d694646,tabular-playground-series-may-2022,cards_ours_20260727.jsonl:132,2,,1,,,,1,-1
tabular-playground-series-may-2022__1c19507913f94c4cb31b79b38aea831f,tabular-playground-series-may-2022,cards_ours_20260727.jsonl:31,1,,,,,,1,1
tabular-playground-series-may-2022__24daa4cbb4d84a85a59a44b2ec2871bd,tabular-playground-series-may-2022,cards_senior_0810.jsonl:21,3,,,-1,,,-1,1
tabular-playground-series-may-2022__372d83a1a55143258377149c62eb0138,tabular-playground-series-may-2022,cards_ours_20260727.jsonl:123,4,,,,,,-1,1
tabular-playground-series-may-2022__37a90c32accc4952aa6ea17e424f5d9b,tabular-playground-series-may-2022,cards_ours_20260727.jsonl:120,1,,-1,,,,-1,-1
tabular-playground-series-may-2022__38ce017068ef4e648b6ef231f65dfb1f,tabular-playground-series-may-2022,cards_ours_20260727.jsonl:29,2,-1,,,,1,-1,1
tabular-playground-series-may-2022__3d25ac6ee2c74a95b9d9c8f14ef4e894,tabular-playground-series-may-2022,cards_ours_20260727.jsonl:131,1,,,,,,1,-1
tabular-playground-series-may-2022__3e28e0f71b70442999446671a5bf3f6d,tabular-playground-series-may-2022,cards_senior_0806.jsonl:16,1,1,,1,,-1,1,-1
tabular-playground-series-may-2022__42dfa96d428c42f8bddaad7ec661f2ca,tabular-playground-series-may-2022,cards_senior_0806.jsonl:17,1,,,,,,1,1
tabular-playground-series-may-2022__42fc5dce95d845d89d2aeb66c45d1165,tabular-playground-series-may-2022,cards_senior_0806.jsonl:14,1,,,1,,,1,1
tabular-playground-series-may-2022__43044064cb684895839eae8b72976bd8,tabular-playground-series-may-2022,cards_senior_0801.jsonl:31,2,1,,,1,-1,1,-1
tabular-playground-series-may-2022__51a9de454f76456ab631c42dc7bb39d4,tabular-playground-series-may-2022,cards_senior_0806.jsonl:16,1,,,,,,1,1
tabular-playground-series-may-2022__52c1c09c298f44d194c0e806b40d76ac,tabular-playground-series-may-2022,cards_ours_20260727.jsonl:125,4,,,,,,-1,1
tabular-playground-series-may-2022__532c38389f054ccba327481bf5918d0e,tabular-playground-series-may-2022,cards_ours_20260727.jsonl:37,4,,-1,,,,-1,1
tabular-playground-series-may-2022__5401ee6db40d4870901965b033dcf164,tabular-playground-series-may-2022,cards_ours_20260727.jsonl:112,3,,,,,,-1,1
tabular-playground-series-may-2022__548e46b50e9d444d8f8c090e92b436ea,tabular-playground-series-may-2022,cards_ours_20260727.jsonl:37,4,,,,,,1,1
tabular-playground-series-may-2022__591306002f2345aabea2529cf56dee84,tabular-playground-series-may-2022,cards_senior_0801.jsonl:30,1,,1,,1,,1,1
tabular-playground-series-may-2022__59b13294944a4874aa279402b690dbec,tabular-playground-series-may-2022,cards_ours_20260727.jsonl:127,3,,1,,,,1,1
tabular-playground-series-may-2022__5f35ceca1dd3462cb4e89467693ff95d,tabular-playground-series-may-2022,cards_ours_20260727.jsonl:111,4,1,,,,-1,-1,-1
tabular-playground-series-may-2022__60e6204359764fdfb4e38b493ad543ad,tabular-playground-series-may-2022,cards_ours_20260727.jsonl:123,4,1,,1,,-1,-1,-1
tabular-playground-series-may-2022__6f36e4f58251460ba3b6bf3afc35230d,tabular-playground-series-may-2022,cards_ours_20260727.jsonl:21,4,-1,,,,-1,-1,-1
tabular-playground-series-may-2022__75518c214cdd42219cbd263bc4ab0d8a,tabular-playground-series-may-2022,cards_ours_20260727.jsonl:138,0,-1,,-1,,1,-1,-1
tabular-playground-series-may-2022__85ced79c11f54624bfc3c55a6a68ec4b,tabular-playground-series-may-2022,cards_senior_0724.jsonl:9,2,-1,,-1,-1,-1,-1,1
tabular-playground-series-may-2022__93680ea5c38a4d8797307b2a9fc1aa14,tabular-playground-series-may-2022,cards_senior_0810.jsonl:21,3,,,,,,1,-1
tabular-playground-series-may-2022__94c2344f95e449d080de31db5030edce,tabular-playground-series-may-2022,cards_ours_20260727.jsonl:129,2,,,,,,-1,1
tabular-playground-series-may-2022__9736ff33ed4a4a34b80f76e9ad4d83ba,tabular-playground-series-may-2022,cards_senior_0810.jsonl:20,4,,-1,,,,-1,1
tabular-playground-series-may-2022__a0c56f3de0924148b31dd83b154caade,tabular-playground-series-may-2022,cards_senior_0727.jsonl:9,2,,,,,,1,-1
tabular-playground-series-may-2022__a407d94b044b47c981a1df98effe9e42,tabular-playground-series-may-2022,cards_senior_0810.jsonl:21,3,,,,,,1,-1
tabular-playground-series-may-2022__ad5be4ec893c41e8b1842294b2999919,tabular-playground-series-may-2022,cards_senior_0806.jsonl:16,1,,,,,,-1,-1
tabular-playground-series-may-2022__ae903ca7e7eb4d8bbc7afea25a19bebf,tabular-playground-series-may-2022,cards_ours_20260727.jsonl:118,2,,,,,,1,-1
tabular-playground-series-may-2022__af74d599dfcb4a5d913136a67ea028df,tabular-playground-series-may-2022,cards_senior_0806.jsonl:14,1,,,,,,-1,-1
tabular-playground-series-may-2022__b21fc03c40b349ce8cddc49c7c1bc040,tabular-playground-series-may-2022,cards_senior_0806.jsonl:16,1,,,,,,1,1
tabular-playground-series-may-2022__c17637382ce5443c91b203f705db2389,tabular-playground-series-may-2022,cards_senior_0810.jsonl:20,4,,,,,,1,1
tabular-playground-series-may-2022__c884b3228280411c85ab676dedc7ad48,tabular-playground-series-may-2022,cards_ours_20260727.jsonl:139,4,,,1,1,,1,1
tabular-playground-series-may-2022__c891f2b09d194397bd7fa0ccfb9c2b96,tabular-playground-series-may-2022,cards_ours_20260727.jsonl:132,2,,,,1,,-1,1
tabular-playground-series-may-2022__cf42458083204c8a92d897e6e80d3e94,tabular-playground-series-may-2022,cards_ours_20260727.jsonl:149,3,,1,,,,1,-1
tabular-playground-series-may-2022__eaba1b0ae7c44f6ca23c231e38b46e3c,tabular-playground-series-may-2022,cards_senior_0806.jsonl:14,1,,,,-1,,-1,-1
tabular-playground-series-may-2022__f831e8110b744757a9d6ecc6d6bb297d,tabular-playground-series-may-2022,cards_senior_0806.jsonl:16,1,,,,-1,,1,-1
tabular-playground-series-may-2022__f9d58962c41a4167acccb3a6f216fdd0,tabular-playground-series-may-2022,cards_senior_0801.jsonl:30,1,,,,,,-1,1
tabular-playground-series-may-2022__fdae677d855d4483ae63c75f0d4a446f,tabular-playground-series-may-2022,cards_senior_0806.jsonl:16,1,,,,,,1,1
text-normalization-challenge-english-language__04544a83ba6a4fd7b8bf3406484daf8f,text-normalization-challenge-english-language,cards_senior_0808.jsonl:20,0,1,,1,,1,1,1
text-normalization-challenge-english-language__048e7c2c3efc4d8c95c93104aa9c8e31,text-normalization-challenge-english-language,cards_senior_0808.jsonl:21,0,,-1,,,,1,1
text-normalization-challenge-english-language__0a491a42ae00492995866b7873c18ba4,text-normalization-challenge-english-language,cards_senior_0808.jsonl:21,0,,,,-1,,-1,1
text-normalization-challenge-english-language__1496989b009b46f9908e0e1ccf11ace0,text-normalization-challenge-english-language,cards_senior_0808.jsonl:20,0,,-1,,,,-1,-1
text-normalization-challenge-english-language__2a24002c1d81425080eab6fe20f09388,text-normalization-challenge-english-language,cards_senior_0808.jsonl:21,0,,,,,,1,1
text-normalization-challenge-english-language__2b289b02f30a4f64a7e7f73394d4d589,text-normalization-challenge-english-language,cards_senior_0808.jsonl:21,0,,,,,,1,-1
text-normalization-challenge-english-language__3500861e15204d56a0b1a35168699b1a,text-normalization-challenge-english-language,cards_senior_0808.jsonl:21,0,,,,,,1,1
text-normalization-challenge-english-language__5fae4adc36a245a1825b0a96d8437955,text-normalization-challenge-english-language,cards_senior_0808.jsonl:20,0,1,,,,1,1,-1
text-normalization-challenge-english-language__6b6d5fee235f4d35a9ee4ad0e2e5b04f,text-normalization-challenge-english-language,cards_senior_0808.jsonl:21,0,,,-1,,,1,1
text-normalization-challenge-english-language__91ccbb1d0e3a41948e65539880faa45d,text-normalization-challenge-english-language,cards_senior_0808.jsonl:20,0,-1,,,-1,-1,-1,1
text-normalization-challenge-english-language__ab009b07f70f431bbae176507ec77062,text-normalization-challenge-english-language,cards_senior_0808.jsonl:21,0,,,,,,1,-1
text-normalization-challenge-english-language__baf51b0867c04c60a4c2abf1ebffca33,text-normalization-challenge-english-language,cards_senior_0808.jsonl:21,0,,,,-1,,1,1
text-normalization-challenge-english-language__d35a6c0cc6a04bf680fa542d67638cfd,text-normalization-challenge-english-language,cards_senior_0808.jsonl:20,0,,,,,,-1,-1
text-normalization-challenge-english-language__d6ff3b4696a94b50b0fd55c55077ac6a,text-normalization-challenge-english-language,cards_senior_0808.jsonl:21,0,,,,,,1,-1
text-normalization-challenge-english-language__d9ecbedab015430a95d346b055f3dfc2,text-normalization-challenge-english-language,cards_senior_0808.jsonl:20,0,,1,,,,-1,-1
text-normalization-challenge-english-language__dac947e272ed4c5c9c611eb780c71f50,text-normalization-challenge-english-language,cards_senior_0808.jsonl:20,0,,,,,,1,1
text-normalization-challenge-english-language__ee2a793b786d430691cf8aa546b4b4a6,text-normalization-challenge-english-language,cards_senior_0808.jsonl:21,0,,,1,,,1,1
text-normalization-challenge-russian-language__0233d649301d4e53abcb9ae563caad80,text-normalization-challenge-russian-language,cards_senior_0810.jsonl:28,0,1,,1,1,1,-1,1
text-normalization-challenge-russian-language__084a4e44548448cdb374bb9ddbf1ac59,text-normalization-challenge-russian-language,cards_senior_0809.jsonl:21,3,1,,,,-1,1,1
text-normalization-challenge-russian-language__0858dd87120747218bfd9819d7e31ce9,text-normalization-challenge-russian-language,cards_senior_0809.jsonl:21,3,,,,,,1,-1
text-normalization-challenge-russian-language__09e73757ff1f469d89260c675747b905,text-normalization-challenge-russian-language,cards_senior_0809.jsonl:24,4,,,,,,-1,1
text-normalization-challenge-russian-language__14b2fda3bced4f0f85f1c76ebc63c8f7,text-normalization-challenge-russian-language,cards_senior_0809.jsonl:24,4,,,,,,1,1
text-normalization-challenge-russian-language__17e3c05876ce443386d0ded0670a2cc8,text-normalization-challenge-russian-language,cards_senior_0809.jsonl:25,4,,,,1,,-1,1
text-normalization-challenge-russian-language__2294361308d943268ea64f2d9dcd3e33,text-normalization-challenge-russian-language,cards_senior_0809.jsonl:25,4,,,,,,1,-1
text-normalization-challenge-russian-language__24e33215f78d4e43bddbe86fe6225e6c,text-normalization-challenge-russian-language,cards_senior_0809.jsonl:24,4,,1,,,,-1,1
text-normalization-challenge-russian-language__25c5c4815b8147ea953136ce45df3bf1,text-normalization-challenge-russian-language,cards_senior_0809.jsonl:21,3,1,,1,,-1,1,1
text-normalization-challenge-russian-language__266284a7a1fa4b2b9dfda3ebeae1d45b,text-normalization-challenge-russian-language,cards_senior_0809.jsonl:22,1,,,,,,-1,1
text-normalization-challenge-russian-language__26b7039f9d4b4310b64c00a4e1438d69,text-normalization-challenge-russian-language,cards_senior_0809.jsonl:22,1,,,1,,,1,1
text-normalization-challenge-russian-language__272ace0720b149478bee25c2d330f964,text-normalization-challenge-russian-language,cards_senior_0809.jsonl:24,4,,-1,,-1,,1,-1
text-normalization-challenge-russian-language__2fd56459177a4e338f1940f510dab59e,text-normalization-challenge-russian-language,cards_senior_0809.jsonl:21,3,,,,,,-1,1
text-normalization-challenge-russian-language__33788bcfc011472fa644e82ca91323d0,text-normalization-challenge-russian-language,cards_senior_0809.jsonl:24,4,,,,,,1,1
text-normalization-challenge-russian-language__3a7a41e612c94a01a638d880dc75f23a,text-normalization-challenge-russian-language,cards_senior_0809.jsonl:25,4,,-1,,,,-1,1
text-normalization-challenge-russian-language__3ab1f243d6cb4ef0b557101e7f88276e,text-normalization-challenge-russian-language,cards_senior_0809.jsonl:24,4,,,,,,-1,1
text-normalization-challenge-russian-language__3cb5977e4296454c9e3957e92913796a,text-normalization-challenge-russian-language,cards_senior_0810.jsonl:28,0,,,,,,1,-1
text-normalization-challenge-russian-language__4391df5edcf94e54b79667e6aa7a5af5,text-normalization-challenge-russian-language,cards_senior_0809.jsonl:21,3,,,,,,-1,-1
text-normalization-challenge-russian-language__44c55ce22bca4afaa2d09946ef26c8d0,text-normalization-challenge-russian-language,cards_senior_0809.jsonl:21,3,,,,,,-1,-1
text-normalization-challenge-russian-language__46e2dc73492241c6a82f282d5a6ae323,text-normalization-challenge-russian-language,cards_senior_0809.jsonl:22,1,,1,,,,1,1
text-normalization-challenge-russian-language__4ec9e693186a4d879dcf513ad2b2eeec,text-normalization-challenge-russian-language,cards_senior_0809.jsonl:24,4,1,,1,,-1,1,1
text-normalization-challenge-russian-language__4eff0ffafe024dabbb0f1fde0b059911,text-normalization-challenge-russian-language,cards_senior_0810.jsonl:31,2,,,,,,-1,-1
text-normalization-challenge-russian-language__4ff360175f474f7cb2a37c57c403252b,text-normalization-challenge-russian-language,cards_senior_0809.jsonl:21,3,,,,,,1,1
text-normalization-challenge-russian-language__506c8996ca9e432c94145d52dac69d82,text-normalization-challenge-russian-language,cards_senior_0809.jsonl:22,1,,,,,,1,1
text-normalization-challenge-russian-language__50992a665bc041719a9711ede0ffc380,text-normalization-challenge-russian-language,cards_senior_0809.jsonl:24,4,-1,-1,,,1,1,1
text-normalization-challenge-russian-language__5563500661d14f0b802cba3023831a39,text-normalization-challenge-russian-language,cards_senior_0809.jsonl:22,1,,,,,,-1,1
text-normalization-challenge-russian-language__59aaa3116e0c4ee6be37c51bfe162e4c,text-normalization-challenge-russian-language,cards_senior_0809.jsonl:24,4,-1,-1,-1,,1,-1,1
text-normalization-challenge-russian-language__59ae545e332845f8bc1a07c0584d93c2,text-normalization-challenge-russian-language,cards_senior_0809.jsonl:21,3,,-1,,,,-1,-1
text-normalization-challenge-russian-language__61802ad3c75c4a3e86f4afb449334c13,text-normalization-challenge-russian-language,cards_senior_0810.jsonl:31,2,,,1,,,1,1
text-normalization-challenge-russian-language__63a34f36a5bb4c0e8acdae2ba758d4c5,text-normalization-challenge-russian-language,cards_senior_0809.jsonl:25,4,,,,,,1,-1
text-normalization-challenge-russian-language__6744db629583406a856f7499ae037b17,text-normalization-challenge-russian-language,cards_senior_0809.jsonl:22,1,,,,,,-1,-1
text-normalization-challenge-russian-language__68cd38d1f42048f29a0ec54e8f6e98da,text-normalization-challenge-russian-language,cards_senior_0809.jsonl:21,3,,,,,,1,1
text-normalization-challenge-russian-language__6a9f2e9f82624fafac96fd00490e002a,text-normalization-challenge-russian-language,cards_senior_0810.jsonl:31,2,,,,,,-1,1
text-normalization-challenge-russian-language__6aa7a2834d264abb804fe7d87befc833,text-normalization-challenge-russian-language,cards_senior_0810.jsonl:29,2,,,,-1,,-1,-1
text-normalization-challenge-russian-language__6e4a69136e91434887671f2fc1a1b3fb,text-normalization-challenge-russian-language,cards_senior_0809.jsonl:21,3,,,,,,-1,-1
text-normalization-challenge-russian-language__6ed2910160a442c485f7854dc1bc0725,text-normalization-challenge-russian-language,cards_senior_0809.jsonl:24,4,,,,,,1,1
text-normalization-challenge-russian-language__7556bbc653644ae58fa305aaf5045cf3,text-normalization-challenge-russian-language,cards_senior_0810.jsonl:29,2,,1,,,,-1,-1
text-normalization-challenge-russian-language__75b22b39aa1b4d42b705ed024962f4f6,text-normalization-challenge-russian-language,cards_senior_0809.jsonl:24,4,1,,1,,1,1,1
text-normalization-challenge-russian-language__7ae1ae7ddfdd457f8c25bd9cc62ee944,text-normalization-challenge-russian-language,cards_senior_0809.jsonl:24,4,,,,,,-1,-1
text-normalization-challenge-russian-language__81661e4c4f6243b290309c61bd66b601,text-normalization-challenge-russian-language,cards_senior_0809.jsonl:21,3,,,-1,,,-1,1
text-normalization-challenge-russian-language__8b27ec22803b4486b670d8b0fdeaf547,text-normalization-challenge-russian-language,cards_senior_0809.jsonl:25,4,-1,,-1,-1,1,-1,1
text-normalization-challenge-russian-language__8c09c93329eb49f8a6879a4972c3f105,text-normalization-challenge-russian-language,cards_senior_0809.jsonl:21,3,,-1,,-1,,-1,1
text-normalization-challenge-russian-language__8c5ba2f6dbef4e6f8be7b37d3a405ff0,text-normalization-challenge-russian-language,cards_senior_0809.jsonl:25,4,,,,-1,,-1,1
text-normalization-challenge-russian-language__8cf4543003834d79ad9dcce70e9a2985,text-normalization-challenge-russian-language,cards_senior_0810.jsonl:31,2,,1,,,,1,1
text-normalization-challenge-russian-language__8eae435f67924d6aaff11d1eba35f1e2,text-normalization-challenge-russian-language,cards_senior_0809.jsonl:24,4,1,,1,,1,1,-1
text-normalization-challenge-russian-language__8f92e8170de64e09ac476f0f52a480d3,text-normalization-challenge-russian-language,cards_senior_0809.jsonl:21,3,,,,,,1,-1
text-normalization-challenge-russian-language__8facefa640104fbe952323fcced2ba51,text-normalization-challenge-russian-language,cards_senior_0809.jsonl:22,1,,,,,,-1,-1
text-normalization-challenge-russian-language__90bf483be9484c92a8604555ce269ab2,text-normalization-challenge-russian-language,cards_senior_0809.jsonl:24,4,,,,-1,,1,1
text-normalization-challenge-russian-language__92463c799a624bba8b8a543b1cd216ae,text-normalization-challenge-russian-language,cards_senior_0810.jsonl:31,2,-1,,-1,-1,-1,-1,1
text-normalization-challenge-russian-language__93802983a5874a27b7d6bc02778aef50,text-normalization-challenge-russian-language,cards_senior_0809.jsonl:24,4,-1,,,,-1,-1,1
text-normalization-challenge-russian-language__a6015c0f09a44cddb0306712ceb87f8a,text-normalization-challenge-russian-language,cards_senior_0810.jsonl:31,2,,-1,,-1,,1,1
text-normalization-challenge-russian-language__a6c510fc896943d5bfeec7221971fbef,text-normalization-challenge-russian-language,cards_senior_0809.jsonl:24,4,,,,,,1,1
text-normalization-challenge-russian-language__a9fbb8ed58c6413fb858732c748c9337,text-normalization-challenge-russian-language,cards_senior_0809.jsonl:21,3,,,,-1,,-1,-1
text-normalization-challenge-russian-language__ac3bc74496144e34be8ca665c4a78a3b,text-normalization-challenge-russian-language,cards_senior_0809.jsonl:22,1,,1,,,,-1,1
text-normalization-challenge-russian-language__adcbb9c1386241a18e608af9f8e308da,text-normalization-challenge-russian-language,cards_senior_0810.jsonl:28,0,,,,,,1,1
text-normalization-challenge-russian-language__b0ccea70a2354152add1510c6fefc1d3,text-normalization-challenge-russian-language,cards_senior_0810.jsonl:28,0,,,,1,,-1,-1
text-normalization-challenge-russian-language__b1a19566ad0f4fe99645bf8bdf46ba77,text-normalization-challenge-russian-language,cards_senior_0809.jsonl:21,3,-1,-1,-1,-1,-1,1,1
text-normalization-challenge-russian-language__b1d2c5bad7de443f973b6ae0fe829d67,text-normalization-challenge-russian-language,cards_senior_0809.jsonl:21,3,,,,,,1,-1
text-normalization-challenge-russian-language__b3259f48ce4f435f9eaa3ea2f2e9eead,text-normalization-challenge-russian-language,cards_senior_0809.jsonl:21,3,,,,,,1,-1
text-normalization-challenge-russian-language__b6d71fe0909c467fb29166da82011b59,text-normalization-challenge-russian-language,cards_senior_0810.jsonl:28,0,,-1,,,,1,1
text-normalization-challenge-russian-language__b6dbf0289849479181c5a33822fdc3f1,text-normalization-challenge-russian-language,cards_senior_0809.jsonl:25,4,,,,,,1,1
text-normalization-challenge-russian-language__bc6e184a4b4141928ec64ce135662ca4,text-normalization-challenge-russian-language,cards_senior_0809.jsonl:21,3,,,,,,1,1
text-normalization-challenge-russian-language__bc71b30959cb4d3f8453de8cb5ba2b93,text-normalization-challenge-russian-language,cards_senior_0809.jsonl:25,4,,,,-1,,1,-1
text-normalization-challenge-russian-language__be121cd6c58c4986a9f66500d4b4a7eb,text-normalization-challenge-russian-language,cards_senior_0809.jsonl:22,1,,,,,,-1,-1
text-normalization-challenge-russian-language__c23190c801904639a3295e0ecae733e7,text-normalization-challenge-russian-language,cards_senior_0809.jsonl:25,4,,-1,,,,-1,-1
text-normalization-challenge-russian-language__c5b5718668c4449ead63b13421bc5c85,text-normalization-challenge-russian-language,cards_senior_0809.jsonl:25,4,,,,,,-1,1
text-normalization-challenge-russian-language__c5c002ec246e4f77acdf720dec6a31d3,text-normalization-challenge-russian-language,cards_senior_0809.jsonl:24,4,,-1,,,,1,-1
text-normalization-challenge-russian-language__c76d15369d3c4452ac5cbbcbc9a15e66,text-normalization-challenge-russian-language,cards_senior_0810.jsonl:26,0,,,,1,,-1,-1
text-normalization-challenge-russian-language__c8fe4af6166c4bc98c71aac491597559,text-normalization-challenge-russian-language,cards_senior_0809.jsonl:24,4,-1,,-1,,-1,-1,1
text-normalization-challenge-russian-language__cb19eedd22e042eaa8a6dbf3206eeaa8,text-normalization-challenge-russian-language,cards_senior_0809.jsonl:21,3,,,,,,1,1
text-normalization-challenge-russian-language__ccc70e69212f4fddbdb81309faf94e90,text-normalization-challenge-russian-language,cards_senior_0809.jsonl:21,3,-1,,-1,,-1,-1,-1
text-normalization-challenge-russian-language__cd66ff9e62e547a18be5d8ca68653d2b,text-normalization-challenge-russian-language,cards_senior_0809.jsonl:21,3,-1,,-1,,1,1,1
text-normalization-challenge-russian-language__ce3fa435460d407c9dea7895d1ba1bdb,text-normalization-challenge-russian-language,cards_senior_0809.jsonl:22,1,,1,,,,-1,1
text-normalization-challenge-russian-language__ce85d247a2f84d3fab23f37ccb0db6d5,text-normalization-challenge-russian-language,cards_senior_0809.jsonl:24,4,,,,,,1,-1
text-normalization-challenge-russian-language__cf7ea7865e854ec2bb6a2e7ea0b17d8a,text-normalization-challenge-russian-language,cards_senior_0810.jsonl:31,2,,1,,,,-1,1
text-normalization-challenge-russian-language__d14ddc1ffa6b4bfd8ff3e095ea9434ba,text-normalization-challenge-russian-language,cards_senior_0809.jsonl:25,4,1,,1,,-1,1,-1
text-normalization-challenge-russian-language__d2eb59f7731b4de2828c28c921b57bc2,text-normalization-challenge-russian-language,cards_senior_0809.jsonl:21,3,,,,,,1,1
text-normalization-challenge-russian-language__d73d48298f4e406181dcb4a8b5b33e75,text-normalization-challenge-russian-language,cards_senior_0810.jsonl:31,2,-1,,-1,,1,-1,-1
text-normalization-challenge-russian-language__da556b4ceff64737b12e9716f1c7d0a6,text-normalization-challenge-russian-language,cards_senior_0809.jsonl:21,3,,1,,,,-1,-1
text-normalization-challenge-russian-language__dc8df32f3ba24ad6b4bfc559d1e3da30,text-normalization-challenge-russian-language,cards_senior_0810.jsonl:29,2,,,,-1,,1,1
text-normalization-challenge-russian-language__de6aa5d250bf40fbba53f8fe6d4d97e4,text-normalization-challenge-russian-language,cards_senior_0809.jsonl:21,3,,,,,,-1,-1
text-normalization-challenge-russian-language__e0f3428bdf814a47a9dd296f0d403530,text-normalization-challenge-russian-language,cards_senior_0809.jsonl:24,4,,,,1,,1,1
text-normalization-challenge-russian-language__e1b381cfddd2485a9620964bb0bc89e1,text-normalization-challenge-russian-language,cards_senior_0809.jsonl:21,3,,,,,,-1,-1
text-normalization-challenge-russian-language__e4c4abdb68f542f585b271fa945e11e3,text-normalization-challenge-russian-language,cards_senior_0809.jsonl:24,4,-1,,-1,,1,-1,-1
text-normalization-challenge-russian-language__e6c60390024c49ee915cf6fe5c40674a,text-normalization-challenge-russian-language,cards_senior_0810.jsonl:31,2,,,,,,1,1
text-normalization-challenge-russian-language__ebeb99a7b8544f61b4f9c9eba274b87c,text-normalization-challenge-russian-language,cards_senior_0809.jsonl:21,3,-1,,-1,,1,1,-1
text-normalization-challenge-russian-language__ec174734eaf9415fa081a4852ca11005,text-normalization-challenge-russian-language,cards_senior_0809.jsonl:22,1,,,,1,,-1,-1
text-normalization-challenge-russian-language__f02362c96a624c52979f060bb8045be0,text-normalization-challenge-russian-language,cards_senior_0809.jsonl:21,3,,,,,,-1,-1
text-normalization-challenge-russian-language__f0d7faf513c441be82742adf478c08e2,text-normalization-challenge-russian-language,cards_senior_0809.jsonl:22,1,,,,,,-1,-1
text-normalization-challenge-russian-language__f2eb66a6e7c744108bd9b448d0f52221,text-normalization-challenge-russian-language,cards_senior_0809.jsonl:21,3,,,,,,-1,-1
text-normalization-challenge-russian-language__f84ffb79f8d148e590cf14ff86a8d74a,text-normalization-challenge-russian-language,cards_senior_0809.jsonl:24,4,,,,,,-1,1
text-normalization-challenge-russian-language__f88e9a43f4f14c33a408a333ef5b366f,text-normalization-challenge-russian-language,cards_senior_0809.jsonl:21,3,,,,,,1,1
text-normalization-challenge-russian-language__fa05e6db990c4a3f923e24f07a4dd022,text-normalization-challenge-russian-language,cards_senior_0809.jsonl:24,4,,,,,,-1,1
text-normalization-challenge-russian-language__fcc091b138734455bc94999d59cc3969,text-normalization-challenge-russian-language,cards_senior_0809.jsonl:24,4,,,,1,,1,-1
text-normalization-challenge-russian-language__fd4e4dffabae4d81961fd102885e4f67,text-normalization-challenge-russian-language,cards_senior_0809.jsonl:21,3,,,,,,1,-1
text-normalization-challenge-russian-language__fdf7e0882b354e96984148549373bfbf,text-normalization-challenge-russian-language,cards_senior_0809.jsonl:25,4,,,,,,1,-1
tweet-sentiment-extraction__0029874e9bca4b9281cb6a2b0f4d1186,tweet-sentiment-extraction,cards_senior_0806.jsonl:23,2,,,,,,1,1
tweet-sentiment-extraction__06c28fa9729b4b75b05f625d0a04208d,tweet-sentiment-extraction,cards_senior_0806.jsonl:25,3,,,,,,-1,-1
tweet-sentiment-extraction__0704edfdcb91490a9c2eb9e5229b368e,tweet-sentiment-extraction,cards_senior_0806.jsonl:25,3,,,,,,1,-1
tweet-sentiment-extraction__07308a9654e44579939cb5286da0ac21,tweet-sentiment-extraction,cards_senior_0806.jsonl:23,2,,,1,1,,-1,1
tweet-sentiment-extraction__0a547f62c7ad4b10b72faf89ef57f8f6,tweet-sentiment-extraction,cards_senior_0806.jsonl:23,2,,,,,,-1,-1
tweet-sentiment-extraction__0c43117d08094fbc83f357d1254e2032,tweet-sentiment-extraction,cards_senior_0806.jsonl:25,3,,1,,1,,-1,1
tweet-sentiment-extraction__19b16e2b42054d509e75610b946d76ea,tweet-sentiment-extraction,cards_senior_0806.jsonl:25,3,,1,,,,-1,-1
tweet-sentiment-extraction__38d5dc1be0324ebfa54211905447986d,tweet-sentiment-extraction,cards_senior_0806.jsonl:25,3,1,,1,,-1,1,-1
tweet-sentiment-extraction__4084a80612be4ba5aefa83f11424deae,tweet-sentiment-extraction,cards_senior_0806.jsonl:23,2,,-1,,,,-1,-1
tweet-sentiment-extraction__425c0737678c47998efc7ed5d1b1ab7c,tweet-sentiment-extraction,cards_senior_0806.jsonl:23,2,,,,,,1,1
tweet-sentiment-extraction__5311218d9e644711bc0c57569ae3075d,tweet-sentiment-extraction,cards_senior_0808.jsonl:30,2,,,,,,-1,1
tweet-sentiment-extraction__5871f2387b5445f9b976e1a57ce3844e,tweet-sentiment-extraction,cards_senior_0806.jsonl:25,3,,,,,,-1,-1
tweet-sentiment-extraction__695e6189b039483dbfc3171cc5cff0cc,tweet-sentiment-extraction,cards_senior_0806.jsonl:23,2,,,,,,1,1
tweet-sentiment-extraction__731fdbd5ce7f48bf82d6d1cdd64b91cd,tweet-sentiment-extraction,cards_senior_0806.jsonl:25,3,1,,1,,1,-1,-1
tweet-sentiment-extraction__7937b43db846420bb0a9f40b06dbccfb,tweet-sentiment-extraction,cards_senior_0806.jsonl:23,2,,-1,,,,-1,-1
tweet-sentiment-extraction__7a21c4ad01ac409eab43f5c26dbb1a41,tweet-sentiment-extraction,cards_senior_0806.jsonl:23,2,,,,,,1,-1
tweet-sentiment-extraction__7b89dabd8a7c45adac15702078a1a050,tweet-sentiment-extraction,cards_senior_0806.jsonl:23,2,,,,,,1,1
tweet-sentiment-extraction__96b897890ad14e3999778b526ffe6153,tweet-sentiment-extraction,cards_senior_0806.jsonl:25,3,,,,,,-1,1
tweet-sentiment-extraction__97da0a9a69ae4608a4a650793e1c2a99,tweet-sentiment-extraction,cards_senior_0806.jsonl:25,3,,,,1,,-1,-1
tweet-sentiment-extraction__9dbb38bfe3cc49868216d5aa985ea863,tweet-sentiment-extraction,cards_senior_0806.jsonl:23,2,1,,1,,1,1,-1
tweet-sentiment-extraction__a10b11d8c7e54192996924c111d06375,tweet-sentiment-extraction,cards_senior_0806.jsonl:23,2,,1,,,,1,-1
tweet-sentiment-extraction__aa5c91f988e846a794e7d63d6552a2b7,tweet-sentiment-extraction,cards_senior_0806.jsonl:25,3,,-1,,,,1,-1
tweet-sentiment-extraction__ab3ed45e7f8e48a7845a1bd211858d5c,tweet-sentiment-extraction,cards_senior_0806.jsonl:23,2,1,1,1,,1,-1,-1
tweet-sentiment-extraction__b0fc8db02ed44fb2bfebf9baafe78fbc,tweet-sentiment-extraction,cards_senior_0806.jsonl:25,3,,,,-1,,-1,-1
tweet-sentiment-extraction__b10c7d73394747e1b46295870c532d0f,tweet-sentiment-extraction,cards_senior_0806.jsonl:25,3,,,,,,-1,-1
tweet-sentiment-extraction__b6f200c19595412bbbf4e8dc537eab2c,tweet-sentiment-extraction,cards_senior_0806.jsonl:25,3,,,,,,1,1
tweet-sentiment-extraction__b89940050a8c4585bbaea6681475af0c,tweet-sentiment-extraction,cards_senior_0806.jsonl:23,2,,,,,,1,1
tweet-sentiment-extraction__c53f7f1ef76f40bd99a7aa8bd5661b7a,tweet-sentiment-extraction,cards_senior_0806.jsonl:23,2,,,,1,,-1,1
tweet-sentiment-extraction__c717785a8d5946d3becb4a5e4160c311,tweet-sentiment-extraction,cards_senior_0806.jsonl:25,3,1,,,,1,-1,-1
tweet-sentiment-extraction__c9510c43dbd543fca93ce53aa5b94575,tweet-sentiment-extraction,cards_senior_0806.jsonl:25,3,,,,,,-1,-1
tweet-sentiment-extraction__caf79baf889b46f4b624e19806a2e82f,tweet-sentiment-extraction,cards_senior_0806.jsonl:23,2,,1,,1,,-1,1
tweet-sentiment-extraction__d61c261b5f41449a9612b43b7914d95f,tweet-sentiment-extraction,cards_senior_0806.jsonl:25,3,,,,,,1,-1
tweet-sentiment-extraction__def9f1d4476549c19efb5fc414ff09bd,tweet-sentiment-extraction,cards_senior_0806.jsonl:25,3,,,,-1,,1,-1
tweet-sentiment-extraction__e16105114cde4e33aec82074767dcd1b,tweet-sentiment-extraction,cards_senior_0806.jsonl:25,3,-1,,-1,-1,-1,-1,1
tweet-sentiment-extraction__eaee46b7a2b843068bc49bfc3100ee3c,tweet-sentiment-extraction,cards_senior_0806.jsonl:23,2,,,1,,,-1,-1
tweet-sentiment-extraction__eea9821965574940becae445f09fb2e5,tweet-sentiment-extraction,cards_senior_0806.jsonl:23,2,,,,,,1,-1
tweet-sentiment-extraction__f01b12a1eb53462889b59114a29ff7f1,tweet-sentiment-extraction,cards_senior_0806.jsonl:25,3,,,,,,1,-1
tweet-sentiment-extraction__f2b728f2f03941809ca6a6907f723f27,tweet-sentiment-extraction,cards_senior_0808.jsonl:30,2,1,,1,,-1,-1,-1
tweet-sentiment-extraction__f752b09aa133495a9a089a4a58da7e5d,tweet-sentiment-extraction,cards_senior_0806.jsonl:23,2,,,,,,-1,-1
tweet-sentiment-extraction__f7c6e789689440b89ae1c4c0fb2c5386,tweet-sentiment-extraction,cards_senior_0806.jsonl:25,3,-1,,,,1,-1,-1
us-patent-phrase-to-phrase-matching__0017948c34254c0ea72a3f4360c11df2,us-patent-phrase-to-phrase-matching,cards_senior_0809.jsonl:1,4,,,,,,-1,1
us-patent-phrase-to-phrase-matching__01db21a0abb04b60879bb229a46cce62,us-patent-phrase-to-phrase-matching,cards_senior_0809.jsonl:1,4,,,,,,1,1
us-patent-phrase-to-phrase-matching__02be900b51d3428488039036c4b080da,us-patent-phrase-to-phrase-matching,cards_senior_0809.jsonl:2,3,,-1,,,,-1,-1
us-patent-phrase-to-phrase-matching__02efcd6c4d76486e9d03987f69d4fcdf,us-patent-phrase-to-phrase-matching,cards_senior_0809.jsonl:1,4,,,,-1,,-1,1
us-patent-phrase-to-phrase-matching__03caca721f3049f99e14d762de01baea,us-patent-phrase-to-phrase-matching,cards_senior_0809.jsonl:1,4,,,,,,-1,-1
us-patent-phrase-to-phrase-matching__03ed7910fa4245c0a4e6c671391be909,us-patent-phrase-to-phrase-matching,cards_senior_0809.jsonl:2,3,1,,1,,-1,-1,1
us-patent-phrase-to-phrase-matching__0419537b53394f4ead0b013fc9ca26ab,us-patent-phrase-to-phrase-matching,cards_senior_0809.jsonl:1,4,,,,,,-1,-1
us-patent-phrase-to-phrase-matching__048f20dc59664d78866a21c232446076,us-patent-phrase-to-phrase-matching,cards_senior_0809.jsonl:2,3,,,,,,1,-1
us-patent-phrase-to-phrase-matching__05972d7ff5f94a64aa30312edac85f3e,us-patent-phrase-to-phrase-matching,cards_senior_0805seq.jsonl:7,3,1,,1,1,1,-1,-1
us-patent-phrase-to-phrase-matching__05a83c515e754fc1a6f944e681713bf2,us-patent-phrase-to-phrase-matching,cards_senior_0806.jsonl:6,3,,-1,,,,-1,-1
us-patent-phrase-to-phrase-matching__0804305dccba4e7da889fdcbde22c3e3,us-patent-phrase-to-phrase-matching,cards_senior_0809.jsonl:2,3,,,,,,-1,1
us-patent-phrase-to-phrase-matching__087f80e9c06e42adbe41258a43dcc68e,us-patent-phrase-to-phrase-matching,cards_senior_0809.jsonl:1,4,,,,,,1,-1
us-patent-phrase-to-phrase-matching__08f4e68f560e47dea3266d2ee0f117e5,us-patent-phrase-to-phrase-matching,cards_senior_0809.jsonl:1,4,,-1,,,,1,1
us-patent-phrase-to-phrase-matching__09a60920e6ba46aeb8ce7ebe45172355,us-patent-phrase-to-phrase-matching,cards_senior_0809.jsonl:1,4,,,,,,1,-1
us-patent-phrase-to-phrase-matching__09f9ad979d834413a01d9a086dfe631f,us-patent-phrase-to-phrase-matching,cards_senior_0809.jsonl:1,4,,,-1,-1,,-1,-1
us-patent-phrase-to-phrase-matching__0af83cc1ce7748aabe63a7083c8c84be,us-patent-phrase-to-phrase-matching,cards_senior_0810.jsonl:5,4,-1,-1,-1,,-1,-1,-1
us-patent-phrase-to-phrase-matching__0b8a3d177d4b4e34ab7ea55a834dd88b,us-patent-phrase-to-phrase-matching,cards_senior_0805seq.jsonl:7,3,1,,,,-1,1,1
us-patent-phrase-to-phrase-matching__0ea4507619ec458fb4d1fa012691af96,us-patent-phrase-to-phrase-matching,cards_senior_0809.jsonl:2,3,,,,,,-1,1
us-patent-phrase-to-phrase-matching__112f6d2c564a47e09ecbc4ae82276761,us-patent-phrase-to-phrase-matching,cards_senior_0809.jsonl:1,4,,-1,-1,,,-1,-1
us-patent-phrase-to-phrase-matching__1194396bf6be42ffa6f8b8a6e0ff446f,us-patent-phrase-to-phrase-matching,cards_senior_0809.jsonl:2,3,,,,1,,1,1
us-patent-phrase-to-phrase-matching__12bba963ad42428e8729f016afafa8a5,us-patent-phrase-to-phrase-matching,cards_senior_0807.jsonl:5,4,-1,-1,-1,-1,-1,-1,1
us-patent-phrase-to-phrase-matching__12c1ff27e4fa41a9bdc0b12def138ae4,us-patent-phrase-to-phrase-matching,cards_senior_0809.jsonl:2,3,,,,,,-1,1
us-patent-phrase-to-phrase-matching__1356b6838ca943e3a702ea65b1540383,us-patent-phrase-to-phrase-matching,cards_senior_0809.jsonl:1,4,,,1,,,1,-1
us-patent-phrase-to-phrase-matching__14e0741d3efb4cf48790f276c6ab5b86,us-patent-phrase-to-phrase-matching,cards_senior_0809.jsonl:1,4,,,,,,-1,1
us-patent-phrase-to-phrase-matching__15701e381f2d46cea3f663c677aae8c9,us-patent-phrase-to-phrase-matching,cards_senior_0809.jsonl:2,3,,,,,,-1,1
us-patent-phrase-to-phrase-matching__15988ed69d7f4d1d89457eeb63e1c67a,us-patent-phrase-to-phrase-matching,cards_senior_0805seq.jsonl:6,4,,,,,,-1,-1
us-patent-phrase-to-phrase-matching__15deeaf79d544d98a6ff5d1a77d7fa0a,us-patent-phrase-to-phrase-matching,cards_senior_0809.jsonl:2,3,,,,,,1,-1
us-patent-phrase-to-phrase-matching__192b674c42df421dbf350e229359dfaf,us-patent-phrase-to-phrase-matching,cards_senior_0809.jsonl:1,4,,,,,,-1,-1
us-patent-phrase-to-phrase-matching__194a79c323b94e49b1cbc3da13a6f8d6,us-patent-phrase-to-phrase-matching,cards_senior_0809.jsonl:2,3,,,,,,-1,1
us-patent-phrase-to-phrase-matching__19556cfa25a64f0897838a75a03ae328,us-patent-phrase-to-phrase-matching,cards_senior_0809.jsonl:2,3,,,,,,1,1
us-patent-phrase-to-phrase-matching__19985b43d01a4740b874b6ee90d416d9,us-patent-phrase-to-phrase-matching,cards_senior_0810.jsonl:6,2,,,,,,-1,1
us-patent-phrase-to-phrase-matching__19e0065550ba4c638c23d82cfc72af69,us-patent-phrase-to-phrase-matching,cards_senior_0805seq.jsonl:7,3,1,,,,1,1,-1
us-patent-phrase-to-phrase-matching__1a9abba7d66749cba85b17ab8a2b1048,us-patent-phrase-to-phrase-matching,cards_senior_0806.jsonl:6,3,,,-1,,,-1,-1
us-patent-phrase-to-phrase-matching__1b05fe82eacd45e8b9f2013308876733,us-patent-phrase-to-phrase-matching,cards_senior_0806.jsonl:7,0,,,,,,-1,1
us-patent-phrase-to-phrase-matching__1bd7bb18fd8b44e28a74e3c6d77e5591,us-patent-phrase-to-phrase-matching,cards_senior_0809.jsonl:2,3,1,,,,-1,1,-1
us-patent-phrase-to-phrase-matching__1bdd9b0253ae4d1fa78e34fd9cc39c22,us-patent-phrase-to-phrase-matching,cards_senior_0809.jsonl:1,4,-1,,,-1,1,-1,1
us-patent-phrase-to-phrase-matching__1be67ca5e86544e58377c50d9f782b83,us-patent-phrase-to-phrase-matching,cards_senior_0809.jsonl:2,3,,-1,,,,1,1
us-patent-phrase-to-phrase-matching__1be98b13091b4c7dbec38ec752b48ecc,us-patent-phrase-to-phrase-matching,cards_senior_0809.jsonl:1,4,,,,,,1,1
us-patent-phrase-to-phrase-matching__1bf826c79d3e43669f0f74b3ea5f2fa3,us-patent-phrase-to-phrase-matching,cards_senior_0806.jsonl:7,0,,,,,,1,-1
us-patent-phrase-to-phrase-matching__1c27174dd9e44455b8f07bd655dde0c0,us-patent-phrase-to-phrase-matching,cards_senior_0809.jsonl:1,4,,1,,,,1,-1
us-patent-phrase-to-phrase-matching__1c8d1a2d2993485ab9dd321054f44ceb,us-patent-phrase-to-phrase-matching,cards_senior_0809.jsonl:2,3,,,,,,-1,-1
us-patent-phrase-to-phrase-matching__1cc720e611724e36ba997c725624c5c4,us-patent-phrase-to-phrase-matching,cards_senior_0809.jsonl:1,4,1,1,1,,-1,-1,-1
us-patent-phrase-to-phrase-matching__1d0b75aafc9841988e61fef61212e1f7,us-patent-phrase-to-phrase-matching,cards_senior_0810.jsonl:5,4,,-1,,,,-1,1
us-patent-phrase-to-phrase-matching__1d205f28b6c64402b3726cff4c66dd38,us-patent-phrase-to-phrase-matching,cards_senior_0805seq.jsonl:6,4,,,,,,1,1
us-patent-phrase-to-phrase-matching__1d62341ae1134ca39f7ab716a5802436,us-patent-phrase-to-phrase-matching,cards_senior_0809.jsonl:1,4,,,,-1,,1,1
us-patent-phrase-to-phrase-matching__1dd7c536288f41e7a18ba425076a03c7,us-patent-phrase-to-phrase-matching,cards_senior_0809.jsonl:2,3,-1,,-1,,1,-1,1
us-patent-phrase-to-phrase-matching__1f6b1f90563f4c9ea4486b12e115cfe9,us-patent-phrase-to-phrase-matching,cards_senior_0809.jsonl:2,3,,1,,,,1,1
us-patent-phrase-to-phrase-matching__1fa7a92cbf6047518dfd2a7322784103,us-patent-phrase-to-phrase-matching,cards_senior_0810.jsonl:6,2,,,,1,,-1,1
us-patent-phrase-to-phrase-matching__1fe7fde916ac470d95b2b2ad92bd48bb,us-patent-phrase-to-phrase-matching,cards_senior_0809.jsonl:2,3,1,,1,,-1,-1,1
us-patent-phrase-to-phrase-matching__1ffc9c53f237453498503bdc2d8710c6,us-patent-phrase-to-phrase-matching,cards_senior_0809.jsonl:1,4,,,,,,1,1
us-patent-phrase-to-phrase-matching__20bd4666af31456796c6921b4799ab94,us-patent-phrase-to-phrase-matching,cards_senior_0809.jsonl:2,3,,,,,,-1,-1
us-patent-phrase-to-phrase-matching__230cf183532a4594937c5896112c4c92,us-patent-phrase-to-phrase-matching,cards_senior_0809.jsonl:1,4,,1,,,,-1,-1
us-patent-phrase-to-phrase-matching__236da69cdf1249da9316f8ce5b8ceeec,us-patent-phrase-to-phrase-matching,cards_senior_0809.jsonl:1,4,,-1,,,,-1,-1
us-patent-phrase-to-phrase-matching__2429aa3c500241df880880e822bed056,us-patent-phrase-to-phrase-matching,cards_senior_0809.jsonl:2,3,,,,,,1,-1
us-patent-phrase-to-phrase-matching__24b4d42e0b3348a6be8c17c0306dca24,us-patent-phrase-to-phrase-matching,cards_senior_0809.jsonl:1,4,,,,,,-1,1
us-patent-phrase-to-phrase-matching__250fa56d5dd84da08caf267a005cbdfb,us-patent-phrase-to-phrase-matching,cards_senior_0809.jsonl:2,3,,,,,,-1,1
us-patent-phrase-to-phrase-matching__2651f68e532d446f9ff26df55e394b4f,us-patent-phrase-to-phrase-matching,cards_senior_0809.jsonl:1,4,,,,,,1,-1
us-patent-phrase-to-phrase-matching__27381858133f45ee9a19c1665dc9557e,us-patent-phrase-to-phrase-matching,cards_senior_0809.jsonl:2,3,,,,,,-1,-1
us-patent-phrase-to-phrase-matching__2865b5359afa4eebae96c74525b2043b,us-patent-phrase-to-phrase-matching,cards_senior_0809.jsonl:1,4,,,,-1,,1,-1
us-patent-phrase-to-phrase-matching__28ac2d1cde8a42768175981e200ad29c,us-patent-phrase-to-phrase-matching,cards_senior_0809.jsonl:1,4,1,,1,,1,-1,1
us-patent-phrase-to-phrase-matching__292e5ecb77ef4694beee37fc845ce067,us-patent-phrase-to-phrase-matching,cards_senior_0809.jsonl:2,3,,,,,,1,1
us-patent-phrase-to-phrase-matching__29cf12865cab4a9eb9eb31593959e0b8,us-patent-phrase-to-phrase-matching,cards_senior_0806.jsonl:6,3,,,,1,,1,1
us-patent-phrase-to-phrase-matching__29d2bfdd23f14c0f9cb1daad22dc58b2,us-patent-phrase-to-phrase-matching,cards_senior_0809.jsonl:1,4,,,,,,1,1
us-patent-phrase-to-phrase-matching__2bc08d2500eb4f0f9e6d9523485638f0,us-patent-phrase-to-phrase-matching,cards_senior_0809.jsonl:2,3,,,,,,-1,-1
us-patent-phrase-to-phrase-matching__2c997aaf4bd44273a970ba074553c6d4,us-patent-phrase-to-phrase-matching,cards_senior_0809.jsonl:2,3,,1,,,,1,1
us-patent-phrase-to-phrase-matching__2d0184affdd940c9a39b6218e552c7b8,us-patent-phrase-to-phrase-matching,cards_senior_0809.jsonl:2,3,,1,,,,-1,1
us-patent-phrase-to-phrase-matching__2d40ace71bc54ccba4fd71ad7eb432a4,us-patent-phrase-to-phrase-matching,cards_senior_0809.jsonl:2,3,,,,,,1,1
us-patent-phrase-to-phrase-matching__2eadc3f2bfed420688f5abd6a367766e,us-patent-phrase-to-phrase-matching,cards_senior_0809.jsonl:1,4,,,,-1,,1,-1
us-patent-phrase-to-phrase-matching__2f605ace3e194dfe9f8f5e76e4509096,us-patent-phrase-to-phrase-matching,cards_senior_0809.jsonl:1,4,,,,,,1,1
us-patent-phrase-to-phrase-matching__31be475c155d4dd9a8fb2e4d612ae046,us-patent-phrase-to-phrase-matching,cards_senior_0809.jsonl:2,3,,,,,,-1,-1
us-patent-phrase-to-phrase-matching__335f27f21467454c89129711e6dacb4d,us-patent-phrase-to-phrase-matching,cards_senior_0807.jsonl:5,4,,,,,,1,-1
us-patent-phrase-to-phrase-matching__336d8d347ce64c8aa2981c318df33f84,us-patent-phrase-to-phrase-matching,cards_senior_0805seq.jsonl:6,4,,,,-1,,-1,-1
us-patent-phrase-to-phrase-matching__33c9ee9f67ce4ee69da6110105052f44,us-patent-phrase-to-phrase-matching,cards_senior_0809.jsonl:1,4,,,,,,1,1
us-patent-phrase-to-phrase-matching__345b8b3ad04a45a6ab2049b73b1f0577,us-patent-phrase-to-phrase-matching,cards_senior_0809.jsonl:1,4,,,,,,1,1
us-patent-phrase-to-phrase-matching__34b8dfe5ab934a8db75f83b05b03bd5a,us-patent-phrase-to-phrase-matching,cards_senior_0809.jsonl:1,4,,,-1,,,1,-1
us-patent-phrase-to-phrase-matching__34f8005771184324bab20090dc63d9f2,us-patent-phrase-to-phrase-matching,cards_senior_0809.jsonl:1,4,,,1,1,,1,-1
us-patent-phrase-to-phrase-matching__352344c371f1461aad938ac16ca0a9ef,us-patent-phrase-to-phrase-matching,cards_senior_0809.jsonl:2,3,,,,,,-1,-1
us-patent-phrase-to-phrase-matching__35f23be297ed4de199df3f36e23cdc26,us-patent-phrase-to-phrase-matching,cards_senior_0809.jsonl:1,4,,,,,,1,-1
us-patent-phrase-to-phrase-matching__36e03c0e337d4dda8fe5e638b1cbac11,us-patent-phrase-to-phrase-matching,cards_senior_0805seq.jsonl:6,4,,,,,,1,1
us-patent-phrase-to-phrase-matching__3735615cca934311986c533b5439b569,us-patent-phrase-to-phrase-matching,cards_senior_0809.jsonl:2,3,,-1,,,,-1,-1
us-patent-phrase-to-phrase-matching__38e7a9aaa87e458b956226d131315dd1,us-patent-phrase-to-phrase-matching,cards_senior_0809.jsonl:2,3,,,,1,,1,-1
us-patent-phrase-to-phrase-matching__394338a98bf449f9a6ccb6d310a2cd9d,us-patent-phrase-to-phrase-matching,cards_senior_0809.jsonl:1,4,,,,,,1,1
us-patent-phrase-to-phrase-matching__3986bf21d9384108812c45a147e44f3a,us-patent-phrase-to-phrase-matching,cards_senior_0809.jsonl:2,3,,,,-1,,1,1
us-patent-phrase-to-phrase-matching__3a7273e8829d4a2ab2e34b4286058d99,us-patent-phrase-to-phrase-matching,cards_senior_0809.jsonl:2,3,,,,,,1,-1
us-patent-phrase-to-phrase-matching__3ac7391dd7b3403593d92689822f532a,us-patent-phrase-to-phrase-matching,cards_senior_0809.jsonl:1,4,,,,1,,-1,1
us-patent-phrase-to-phrase-matching__3ac9af4c57864af3bf4100e248ff94aa,us-patent-phrase-to-phrase-matching,cards_senior_0809.jsonl:2,3,1,,1,,1,-1,-1
us-patent-phrase-to-phrase-matching__3afcbc1086f94c239c582f26569ace34,us-patent-phrase-to-phrase-matching,cards_senior_0810.jsonl:5,4,-1,,-1,,1,-1,1
us-patent-phrase-to-phrase-matching__3b14d8fbbb754f7da010f038bcf79de3,us-patent-phrase-to-phrase-matching,cards_senior_0809.jsonl:1,4,,,,,,-1,1
us-patent-phrase-to-phrase-matching__3ba5363eddbf4c48b4403c74d7295ff1,us-patent-phrase-to-phrase-matching,cards_senior_0809.jsonl:1,4,,1,,,,-1,-1
us-patent-phrase-to-phrase-matching__3bc2d930860445688f6bfbbb1aa2158e,us-patent-phrase-to-phrase-matching,cards_senior_0809.jsonl:2,3,,,,,,-1,1
us-patent-phrase-to-phrase-matching__3c7fe12d87fd42debf328199c1c16610,us-patent-phrase-to-phrase-matching,cards_senior_0809.jsonl:1,4,,,,-1,,1,1
us-patent-phrase-to-phrase-matching__3c9cb473d4ab4141995170d5cf62d71b,us-patent-phrase-to-phrase-matching,cards_senior_0809.jsonl:2,3,,,,1,,1,1
us-patent-phrase-to-phrase-matching__3d2becd76de94d579c07652de3895b92,us-patent-phrase-to-phrase-matching,cards_senior_0809.jsonl:2,3,,,1,,,1,1
us-patent-phrase-to-phrase-matching__3ddb513ab5de406695c76b97ed183f97,us-patent-phrase-to-phrase-matching,cards_senior_0809.jsonl:2,3,,,,,,1,-1
us-patent-phrase-to-phrase-matching__40ef6d260eb74c468645eccc639048f4,us-patent-phrase-to-phrase-matching,cards_senior_0809.jsonl:2,3,,-1,,,,1,-1
us-patent-phrase-to-phrase-matching__40fcd472f13f41a8bc1f3378385cfc61,us-patent-phrase-to-phrase-matching,cards_senior_0805seq.jsonl:6,4,,,,,,-1,-1
us-patent-phrase-to-phrase-matching__4130db99abcc40ed8681da3cda0eb7cd,us-patent-phrase-to-phrase-matching,cards_senior_0809.jsonl:2,3,-1,,,,1,-1,1
us-patent-phrase-to-phrase-matching__41657608b6d848b0a55aefef4ff539b9,us-patent-phrase-to-phrase-matching,cards_senior_0809.jsonl:1,4,,1,,,,-1,-1
us-patent-phrase-to-phrase-matching__41e820b3c488485ea3f5568773094121,us-patent-phrase-to-phrase-matching,cards_senior_0809.jsonl:2,3,,,,,,-1,1
us-patent-phrase-to-phrase-matching__43691563da2345e1abf3fd81d2b4cc56,us-patent-phrase-to-phrase-matching,cards_senior_0809.jsonl:1,4,,-1,,,,1,-1
us-patent-phrase-to-phrase-matching__446fbf59509d4b079ac497754f3ed3bd,us-patent-phrase-to-phrase-matching,cards_senior_0809.jsonl:1,4,,,-1,,,-1,-1
us-patent-phrase-to-phrase-matching__44c06408673f46c9b1a19bb5d2c6caa9,us-patent-phrase-to-phrase-matching,cards_senior_0809.jsonl:1,4,,,-1,,,-1,-1
us-patent-phrase-to-phrase-matching__45c961932c354545b5aa1cf181feea28,us-patent-phrase-to-phrase-matching,cards_senior_0809.jsonl:2,3,-1,,-1,,1,1,1
us-patent-phrase-to-phrase-matching__4623e9067f454cad92ec111745916fd2,us-patent-phrase-to-phrase-matching,cards_senior_0809.jsonl:2,3,1,,1,,-1,1,1
us-patent-phrase-to-phrase-matching__46a794b997734b96ad413c15811862b7,us-patent-phrase-to-phrase-matching,cards_senior_0809.jsonl:1,4,,,,,,1,-1
us-patent-phrase-to-phrase-matching__476e5d35c56a47e9a9136abc7cad582d,us-patent-phrase-to-phrase-matching,cards_senior_0809.jsonl:2,3,1,,1,,-1,-1,1
us-patent-phrase-to-phrase-matching__47cda1647e314e03af956bf8ab65b5be,us-patent-phrase-to-phrase-matching,cards_senior_0809.jsonl:1,4,,,1,,,1,-1
us-patent-phrase-to-phrase-matching__482e8df00c0b438996b07e7db469b851,us-patent-phrase-to-phrase-matching,cards_senior_0809.jsonl:2,3,,,,,,1,1
us-patent-phrase-to-phrase-matching__4a25873047184fc0ba61b2ff7686ac80,us-patent-phrase-to-phrase-matching,cards_senior_0809.jsonl:2,3,,,,,,-1,-1
us-patent-phrase-to-phrase-matching__4b2d629eb65d4909941aedaa87018600,us-patent-phrase-to-phrase-matching,cards_senior_0809.jsonl:1,4,,-1,,,,1,-1
us-patent-phrase-to-phrase-matching__4dcdd858da494962865ee0250fcc1566,us-patent-phrase-to-phrase-matching,cards_senior_0809.jsonl:2,3,,-1,-1,,,1,-1
us-patent-phrase-to-phrase-matching__4ebc855046f7474397b87029b2ebb7e0,us-patent-phrase-to-phrase-matching,cards_senior_0809.jsonl:1,4,,-1,,-1,,1,1
us-patent-phrase-to-phrase-matching__4f0a281d906f4d5a87f6547cc19a9105,us-patent-phrase-to-phrase-matching,cards_senior_0807.jsonl:5,4,,,1,1,,1,1
us-patent-phrase-to-phrase-matching__5075ae0594684fb1a6e1af2a513c03f6,us-patent-phrase-to-phrase-matching,cards_senior_0809.jsonl:2,3,1,,1,,1,-1,-1
us-patent-phrase-to-phrase-matching__509288495b8e48ceb0626ee72fcc7a81,us-patent-phrase-to-phrase-matching,cards_senior_0807.jsonl:5,4,,,,,,1,1
us-patent-phrase-to-phrase-matching__5213ab0648c54e1da75543a90e840afd,us-patent-phrase-to-phrase-matching,cards_senior_0806.jsonl:7,0,,-1,,,,-1,1
us-patent-phrase-to-phrase-matching__52934cba71f247cfb93556a67c77e1fa,us-patent-phrase-to-phrase-matching,cards_senior_0809.jsonl:2,3,,,,,,1,1
us-patent-phrase-to-phrase-matching__52d075a7a3bc41b0ab86d4ea0fa3d8d4,us-patent-phrase-to-phrase-matching,cards_senior_0809.jsonl:2,3,,,,,,1,-1
us-patent-phrase-to-phrase-matching__53007a3f80a448e98b2003d2016b6a11,us-patent-phrase-to-phrase-matching,cards_senior_0809.jsonl:1,4,,,,,,-1,1
us-patent-phrase-to-phrase-matching__532a14da9a754b67a3e5b7cc61844421,us-patent-phrase-to-phrase-matching,cards_senior_0809.jsonl:1,4,1,,1,1,1,1,-1
us-patent-phrase-to-phrase-matching__536b7a74915d4e0697180b294f5b1d8e,us-patent-phrase-to-phrase-matching,cards_senior_0809.jsonl:2,3,,,,-1,,-1,1
us-patent-phrase-to-phrase-matching__5383ac2d1ef342b797d885161bb935e7,us-patent-phrase-to-phrase-matching,cards_senior_0809.jsonl:1,4,,1,,,,-1,1
us-patent-phrase-to-phrase-matching__53f7a22e3e0a4da5bf3b8ff1224b2351,us-patent-phrase-to-phrase-matching,cards_senior_0809.jsonl:2,3,,,,,,1,-1
us-patent-phrase-to-phrase-matching__544eec98bc8d45369b12a157cf2ad8fe,us-patent-phrase-to-phrase-matching,cards_senior_0809.jsonl:2,3,,,,,,1,1
us-patent-phrase-to-phrase-matching__55a996cb025e42858bda197fa00b5a99,us-patent-phrase-to-phrase-matching,cards_senior_0809.jsonl:2,3,,,,-1,,1,-1
us-patent-phrase-to-phrase-matching__56307927a3a54a41b88726c9d446d830,us-patent-phrase-to-phrase-matching,cards_senior_0809.jsonl:1,4,,,,,,1,-1
us-patent-phrase-to-phrase-matching__566b483c73aa4370b9b2e9c7677271cb,us-patent-phrase-to-phrase-matching,cards_senior_0809.jsonl:2,3,,1,,,,-1,1
us-patent-phrase-to-phrase-matching__569569a340374ffca9b39768957a1a17,us-patent-phrase-to-phrase-matching,cards_senior_0809.jsonl:2,3,,,-1,,,-1,-1
us-patent-phrase-to-phrase-matching__576769198e684e8f8a27930ff04c35fc,us-patent-phrase-to-phrase-matching,cards_senior_0807.jsonl:4,2,-1,-1,-1,,1,-1,-1
us-patent-phrase-to-phrase-matching__5798170b304f4ab2aa0e575c60f499f3,us-patent-phrase-to-phrase-matching,cards_senior_0809.jsonl:1,4,-1,,-1,-1,-1,-1,-1
us-patent-phrase-to-phrase-matching__58a6098207f248bfa570d710a556fc6e,us-patent-phrase-to-phrase-matching,cards_senior_0809.jsonl:1,4,,,,-1,,1,-1
us-patent-phrase-to-phrase-matching__58b0da93a1a1440289c2c9bf1458dd23,us-patent-phrase-to-phrase-matching,cards_senior_0809.jsonl:1,4,,,,-1,,1,-1
us-patent-phrase-to-phrase-matching__59f7d8f876aa47a79efa282d525cfbde,us-patent-phrase-to-phrase-matching,cards_senior_0809.jsonl:2,3,,,,-1,,-1,1
us-patent-phrase-to-phrase-matching__5bb30137c6074d87a6e27ee52e70ffd9,us-patent-phrase-to-phrase-matching,cards_senior_0809.jsonl:2,3,,,,,,1,1
us-patent-phrase-to-phrase-matching__5c51034eda3a4dfa99d2847a5c4f377d,us-patent-phrase-to-phrase-matching,cards_senior_0809.jsonl:1,4,,,,,,-1,-1
us-patent-phrase-to-phrase-matching__5ca29b4d7cd0420da1e61ad897b2a654,us-patent-phrase-to-phrase-matching,cards_senior_0809.jsonl:2,3,,-1,,,,-1,-1
us-patent-phrase-to-phrase-matching__5d2ff18ca62640c291ddb16ec68ccfc5,us-patent-phrase-to-phrase-matching,cards_senior_0809.jsonl:1,4,,,,,,1,-1
us-patent-phrase-to-phrase-matching__5ea3e2e8308942bc93587e43073538bc,us-patent-phrase-to-phrase-matching,cards_senior_0809.jsonl:2,3,1,,,,-1,-1,-1
us-patent-phrase-to-phrase-matching__5f58d54b40814fe7ad376c0b887bc69f,us-patent-phrase-to-phrase-matching,cards_senior_0809.jsonl:2,3,-1,,-1,-1,-1,1,1
us-patent-phrase-to-phrase-matching__5f612224470147bc9a44d5be0c6009a0,us-patent-phrase-to-phrase-matching,cards_senior_0809.jsonl:2,3,,,,1,,1,1
us-patent-phrase-to-phrase-matching__60af59bbedd24432becb1328aeaa7ff3,us-patent-phrase-to-phrase-matching,cards_senior_0806.jsonl:6,3,,,,,,1,-1
us-patent-phrase-to-phrase-matching__60ed69c34cf44a1ebbb9cf7fc29735af,us-patent-phrase-to-phrase-matching,cards_senior_0806.jsonl:6,3,,,,1,,1,1
us-patent-phrase-to-phrase-matching__60f2edee42874c08a9c0989650ac976b,us-patent-phrase-to-phrase-matching,cards_senior_0809.jsonl:2,3,,,,,,1,1
us-patent-phrase-to-phrase-matching__61671d6b1c8948bc96f788ab0ace625c,us-patent-phrase-to-phrase-matching,cards_senior_0809.jsonl:2,3,,,,,,1,-1
us-patent-phrase-to-phrase-matching__6451b0652c5643f6bc199cc7a6868eb7,us-patent-phrase-to-phrase-matching,cards_senior_0809.jsonl:2,3,-1,,-1,,1,1,-1
us-patent-phrase-to-phrase-matching__6494cf505c5c4bc991a67181fbb7e98b,us-patent-phrase-to-phrase-matching,cards_senior_0809.jsonl:2,3,,,,,,-1,-1
us-patent-phrase-to-phrase-matching__6520d679a9b3492d8b42864ce903f1a5,us-patent-phrase-to-phrase-matching,cards_senior_0809.jsonl:1,4,,,,,,-1,1
us-patent-phrase-to-phrase-matching__65af19ff14334d0a997edab9687f9643,us-patent-phrase-to-phrase-matching,cards_senior_0809.jsonl:1,4,-1,,,,-1,-1,1
us-patent-phrase-to-phrase-matching__65c22c3139b9418b96f00ed988a3121b,us-patent-phrase-to-phrase-matching,cards_senior_0809.jsonl:2,3,,-1,,,,-1,-1
us-patent-phrase-to-phrase-matching__65fd6bedbf2a4aceaa8c2ea3dac68cc2,us-patent-phrase-to-phrase-matching,cards_senior_0809.jsonl:1,4,1,,1,,-1,1,-1
us-patent-phrase-to-phrase-matching__6661b4da555148869e03e0606f343dee,us-patent-phrase-to-phrase-matching,cards_senior_0809.jsonl:2,3,-1,-1,-1,,-1,-1,1
us-patent-phrase-to-phrase-matching__680d4efac0734c93b1af9c89278017c8,us-patent-phrase-to-phrase-matching,cards_senior_0809.jsonl:2,3,,,,-1,,-1,1
us-patent-phrase-to-phrase-matching__68a6904d1fe84819b492217757e5ce91,us-patent-phrase-to-phrase-matching,cards_senior_0809.jsonl:2,3,,,,,,1,1
us-patent-phrase-to-phrase-matching__697c0c4065db40ed89de48a27b2ed6fa,us-patent-phrase-to-phrase-matching,cards_senior_0809.jsonl:2,3,,,,,,-1,-1
us-patent-phrase-to-phrase-matching__699ba904333143388f73f9df48d7d548,us-patent-phrase-to-phrase-matching,cards_senior_0809.jsonl:2,3,,,,,,-1,-1
us-patent-phrase-to-phrase-matching__69b46cb029cf4260ab160610942cf849,us-patent-phrase-to-phrase-matching,cards_senior_0809.jsonl:1,4,1,,1,,1,-1,-1
us-patent-phrase-to-phrase-matching__6a325627f80242caa13ef80f58da9afa,us-patent-phrase-to-phrase-matching,cards_senior_0809.jsonl:2,3,,,,,,1,-1
us-patent-phrase-to-phrase-matching__6ae8bcd45428498a81533472faab6fda,us-patent-phrase-to-phrase-matching,cards_senior_0809.jsonl:2,3,,1,,,,-1,-1
us-patent-phrase-to-phrase-matching__6af06f7402474770902e1a7e86b29c99,us-patent-phrase-to-phrase-matching,cards_senior_0809.jsonl:2,3,,,,,,-1,-1
us-patent-phrase-to-phrase-matching__6b331df432ad4d0d8c3ec4c113ac143e,us-patent-phrase-to-phrase-matching,cards_senior_0809.jsonl:2,3,,,,,,-1,-1
us-patent-phrase-to-phrase-matching__6c5af818efe3419c9da41584a83688a6,us-patent-phrase-to-phrase-matching,cards_senior_0809.jsonl:1,4,-1,,-1,,-1,-1,-1
us-patent-phrase-to-phrase-matching__6cee37460545457a832478e1d5bb241c,us-patent-phrase-to-phrase-matching,cards_senior_0809.jsonl:2,3,,1,,1,,-1,-1
us-patent-phrase-to-phrase-matching__6cf17d1613954116afa0e2f47c940f15,us-patent-phrase-to-phrase-matching,cards_senior_0809.jsonl:1,4,,,,,,1,1
us-patent-phrase-to-phrase-matching__6d35c59f722d42a5889d2f1f048cfa5b,us-patent-phrase-to-phrase-matching,cards_senior_0809.jsonl:2,3,,,,-1,,1,1
us-patent-phrase-to-phrase-matching__6df1182eba4f4245883650e4fd287077,us-patent-phrase-to-phrase-matching,cards_senior_0809.jsonl:2,3,,1,,,,1,-1
us-patent-phrase-to-phrase-matching__6dfbeb4ace064211ae0d7eebc25eae0b,us-patent-phrase-to-phrase-matching,cards_senior_0809.jsonl:1,4,,,,,,-1,-1
us-patent-phrase-to-phrase-matching__6e696820aebe4672ad3c304a50a292ba,us-patent-phrase-to-phrase-matching,cards_senior_0809.jsonl:2,3,,,,,,1,1
us-patent-phrase-to-phrase-matching__70b44c93d1a547b691ad3311b7faf494,us-patent-phrase-to-phrase-matching,cards_senior_0810.jsonl:5,4,,,,,,1,1
us-patent-phrase-to-phrase-matching__70f0027ea1fb4d3eb0430610847e4707,us-patent-phrase-to-phrase-matching,cards_senior_0809.jsonl:2,3,,,,,,1,-1
us-patent-phrase-to-phrase-matching__71b271dd5d4c4c07b5e653b7ade19a27,us-patent-phrase-to-phrase-matching,cards_senior_0805seq.jsonl:6,4,,-1,,,,-1,-1
us-patent-phrase-to-phrase-matching__724b765fe8f349da9df387f7d870c85d,us-patent-phrase-to-phrase-matching,cards_senior_0809.jsonl:2,3,,,,-1,,-1,1
us-patent-phrase-to-phrase-matching__755e2d60761a4d85b0be3092d7f5af80,us-patent-phrase-to-phrase-matching,cards_senior_0809.jsonl:2,3,,,,,,1,-1
us-patent-phrase-to-phrase-matching__765f9320948940e892b2ef38d5763c2e,us-patent-phrase-to-phrase-matching,cards_senior_0809.jsonl:2,3,-1,,-1,,-1,1,1
us-patent-phrase-to-phrase-matching__769f67eef30a43c1a5aa4154b11f7c41,us-patent-phrase-to-phrase-matching,cards_senior_0809.jsonl:1,4,,,,,,1,1
us-patent-phrase-to-phrase-matching__79b4c0cfc6b74eb3818529636171fba8,us-patent-phrase-to-phrase-matching,cards_senior_0809.jsonl:2,3,,,,-1,,1,-1
us-patent-phrase-to-phrase-matching__7a7b332c67bf48898aa307989a6aa0b3,us-patent-phrase-to-phrase-matching,cards_senior_0809.jsonl:2,3,,,,,,1,-1
us-patent-phrase-to-phrase-matching__7accfb0405294565a0d35a668e4619ef,us-patent-phrase-to-phrase-matching,cards_senior_0809.jsonl:1,4,,,,,,-1,-1
us-patent-phrase-to-phrase-matching__7b5837e41d1b45a1a4ea211665fcf52d,us-patent-phrase-to-phrase-matching,cards_senior_0809.jsonl:2,3,-1,-1,,,-1,1,-1
us-patent-phrase-to-phrase-matching__7c65c8dc6f3c4a6e9c30813353d414dc,us-patent-phrase-to-phrase-matching,cards_senior_0809.jsonl:1,4,1,,,,-1,1,1
us-patent-phrase-to-phrase-matching__7e2cca8d08fe411cb774235455f62745,us-patent-phrase-to-phrase-matching,cards_senior_0809.jsonl:1,4,,-1,,,,-1,1
us-patent-phrase-to-phrase-matching__7eca57483a8544e6a38db79c700c22c9,us-patent-phrase-to-phrase-matching,cards_senior_0809.jsonl:2,3,,1,,,,-1,1
us-patent-phrase-to-phrase-matching__7ed2743293494142a39baf7b5a268d42,us-patent-phrase-to-phrase-matching,cards_senior_0809.jsonl:2,3,,1,,,,-1,-1
us-patent-phrase-to-phrase-matching__7ef8ec21352b4a4aac837c958554bb15,us-patent-phrase-to-phrase-matching,cards_senior_0809.jsonl:2,3,,-1,,-1,,1,-1
us-patent-phrase-to-phrase-matching__7f26fba00e2644dfb815e23e1e07cfd6,us-patent-phrase-to-phrase-matching,cards_senior_0809.jsonl:1,4,,,,,,-1,-1
us-patent-phrase-to-phrase-matching__8056aacb01df4b3eb6ccc2bb2e049b2f,us-patent-phrase-to-phrase-matching,cards_senior_0809.jsonl:2,3,,,,,,1,1
us-patent-phrase-to-phrase-matching__81dcf37c2cad4d639abb7ea5fa7f2340,us-patent-phrase-to-phrase-matching,cards_senior_0809.jsonl:1,4,,,,,,1,-1
us-patent-phrase-to-phrase-matching__82efb397e63542a2bd82eb7b557af56a,us-patent-phrase-to-phrase-matching,cards_senior_0809.jsonl:1,4,,,,,,1,-1
us-patent-phrase-to-phrase-matching__83d5ef0a215c408dadc53a4ea31f0a2c,us-patent-phrase-to-phrase-matching,cards_senior_0809.jsonl:2,3,,,,-1,,-1,-1
us-patent-phrase-to-phrase-matching__84079c462f634e26bc5da2f922d358f5,us-patent-phrase-to-phrase-matching,cards_senior_0809.jsonl:1,4,1,1,1,,-1,-1,-1
us-patent-phrase-to-phrase-matching__8430ff031fb442ae9bb1b2857e3e9ec9,us-patent-phrase-to-phrase-matching,cards_senior_0809.jsonl:2,3,,,,-1,,-1,-1
us-patent-phrase-to-phrase-matching__84f812d9bcd54482b5b2814b2dccbd47,us-patent-phrase-to-phrase-matching,cards_senior_0809.jsonl:1,4,1,,,,-1,1,1
us-patent-phrase-to-phrase-matching__85259ad83e8146fc9fcb4c2b3c544f6e,us-patent-phrase-to-phrase-matching,cards_senior_0809.jsonl:2,3,,,,,,-1,-1
us-patent-phrase-to-phrase-matching__86b1002434644f278eb32d09ae0729b4,us-patent-phrase-to-phrase-matching,cards_senior_0809.jsonl:1,4,,,,,,-1,-1
us-patent-phrase-to-phrase-matching__86bfa04e41a748b5b3942c227cb3d855,us-patent-phrase-to-phrase-matching,cards_senior_0809.jsonl:2,3,,,,,,-1,1
us-patent-phrase-to-phrase-matching__887902e1a25843d5a45e72cc4ea0a779,us-patent-phrase-to-phrase-matching,cards_senior_0809.jsonl:2,3,1,1,1,1,-1,-1,-1
us-patent-phrase-to-phrase-matching__89a4f9c584904edf8b8f326f069e9672,us-patent-phrase-to-phrase-matching,cards_senior_0809.jsonl:2,3,,,,,,1,1
us-patent-phrase-to-phrase-matching__8aa91dea97784465bc23046b3c04f4dd,us-patent-phrase-to-phrase-matching,cards_senior_0809.jsonl:2,3,,,-1,-1,,1,1
us-patent-phrase-to-phrase-matching__8b37f03854734e8690a773b2d68481a4,us-patent-phrase-to-phrase-matching,cards_senior_0809.jsonl:2,3,-1,,,-1,-1,1,-1
us-patent-phrase-to-phrase-matching__8bb2167083c8486daec115d5028c7c4d,us-patent-phrase-to-phrase-matching,cards_senior_0809.jsonl:1,4,,-1,,,,1,-1
us-patent-phrase-to-phrase-matching__8bf3c89947ce479d80668e3c94256cb9,us-patent-phrase-to-phrase-matching,cards_senior_0809.jsonl:1,4,1,,1,1,-1,1,-1
us-patent-phrase-to-phrase-matching__8d6f47afa0dd4d8eacadc66431293ed6,us-patent-phrase-to-phrase-matching,cards_senior_0809.jsonl:2,3,,,,,,-1,-1
us-patent-phrase-to-phrase-matching__8e0e27852f1e4cc4b30937bf1c964777,us-patent-phrase-to-phrase-matching,cards_senior_0809.jsonl:2,3,,-1,,,,-1,1
us-patent-phrase-to-phrase-matching__8eb2a62bee434b33b92c4516b27bf0e2,us-patent-phrase-to-phrase-matching,cards_senior_0809.jsonl:2,3,1,1,,,1,-1,1
us-patent-phrase-to-phrase-matching__8f50dc8eb86347ef97414e84f68baa20,us-patent-phrase-to-phrase-matching,cards_senior_0809.jsonl:1,4,,,,,,-1,-1
us-patent-phrase-to-phrase-matching__901eabcdb5284f6a98d5136c6e2e9377,us-patent-phrase-to-phrase-matching,cards_senior_0809.jsonl:2,3,,,,,,-1,-1
us-patent-phrase-to-phrase-matching__905db826912b48cfa0856f3f760509e8,us-patent-phrase-to-phrase-matching,cards_senior_0809.jsonl:2,3,,,-1,,,1,1
us-patent-phrase-to-phrase-matching__91cc73a97039416c8b43af9250195f36,us-patent-phrase-to-phrase-matching,cards_senior_0809.jsonl:2,3,1,,1,,1,-1,1
us-patent-phrase-to-phrase-matching__91cf9b376bf84f26af5aa4d886f6dfe9,us-patent-phrase-to-phrase-matching,cards_senior_0809.jsonl:1,4,,,,,,-1,1
us-patent-phrase-to-phrase-matching__91d75d5ab1d446e4922981731b2dfd2b,us-patent-phrase-to-phrase-matching,cards_senior_0809.jsonl:1,4,,,,,,1,1
us-patent-phrase-to-phrase-matching__9259f139bd194ecfbab1f3d31a8f49c1,us-patent-phrase-to-phrase-matching,cards_senior_0809.jsonl:2,3,,1,,,,1,1
us-patent-phrase-to-phrase-matching__92a213015afe441da1e88f5ac62abbdb,us-patent-phrase-to-phrase-matching,cards_senior_0809.jsonl:2,3,,,,-1,,-1,1
us-patent-phrase-to-phrase-matching__944c042da6a345f7b8bd47a40942b948,us-patent-phrase-to-phrase-matching,cards_senior_0809.jsonl:2,3,-1,,-1,,1,-1,-1
us-patent-phrase-to-phrase-matching__951966818b9849aca7b2b1316ce5ab80,us-patent-phrase-to-phrase-matching,cards_senior_0809.jsonl:2,3,,,,,,-1,-1
us-patent-phrase-to-phrase-matching__95519b5fe5cb47f7bea84bcb3feb8baa,us-patent-phrase-to-phrase-matching,cards_senior_0809.jsonl:1,4,,,-1,,,1,1
us-patent-phrase-to-phrase-matching__95afa29919f64d34ba3500f7c908a45f,us-patent-phrase-to-phrase-matching,cards_senior_0809.jsonl:2,3,,,,,,1,-1
us-patent-phrase-to-phrase-matching__96f2c27033ee400eb8e1704b319ea1fe,us-patent-phrase-to-phrase-matching,cards_senior_0809.jsonl:1,4,1,,1,,-1,-1,1
us-patent-phrase-to-phrase-matching__976fa31d3913425d9e043d81bc0440fb,us-patent-phrase-to-phrase-matching,cards_senior_0809.jsonl:2,3,,,,,,-1,-1
us-patent-phrase-to-phrase-matching__981ea43ea8ee454dbf635cfb06180f6e,us-patent-phrase-to-phrase-matching,cards_senior_0809.jsonl:1,4,,,,,,1,1
us-patent-phrase-to-phrase-matching__98870ce0d5ca417497eb0955bfbe50ee,us-patent-phrase-to-phrase-matching,cards_senior_0809.jsonl:1,4,,,,,,-1,1
us-patent-phrase-to-phrase-matching__98ca8beb3e514a80a3a2bb11614b16f6,us-patent-phrase-to-phrase-matching,cards_senior_0809.jsonl:2,3,,,,,,-1,1
us-patent-phrase-to-phrase-matching__999eedbd764c4323ba8d09b36b3b636c,us-patent-phrase-to-phrase-matching,cards_senior_0805seq.jsonl:6,4,,1,,,,1,1
us-patent-phrase-to-phrase-matching__99d01ee9183d444c9f60a5c72b85909a,us-patent-phrase-to-phrase-matching,cards_senior_0809.jsonl:2,3,1,,1,,1,1,-1
us-patent-phrase-to-phrase-matching__9c98dc921e20424eb45804325c004311,us-patent-phrase-to-phrase-matching,cards_senior_0809.jsonl:2,3,-1,,-1,,-1,-1,1
us-patent-phrase-to-phrase-matching__9cc31f16fff8432a8a361be622b2b92d,us-patent-phrase-to-phrase-matching,cards_senior_0809.jsonl:2,3,,,1,,,-1,-1
us-patent-phrase-to-phrase-matching__9db08ef3d30448318e3953d231919537,us-patent-phrase-to-phrase-matching,cards_senior_0809.jsonl:1,4,,,,,,-1,1
us-patent-phrase-to-phrase-matching__9e46af44616e40c2bb18acbd19e48d8e,us-patent-phrase-to-phrase-matching,cards_senior_0809.jsonl:1,4,,,,1,,1,-1
us-patent-phrase-to-phrase-matching__9e82d0c2249d436ca644fa44acb88529,us-patent-phrase-to-phrase-matching,cards_senior_0809.jsonl:1,4,,,,,,1,1
us-patent-phrase-to-phrase-matching__9eae5985633b42478639117d9bbe30e1,us-patent-phrase-to-phrase-matching,cards_senior_0809.jsonl:2,3,,,,,,-1,-1
us-patent-phrase-to-phrase-matching__9f5520154f584e3d97f1688eba1b5c5e,us-patent-phrase-to-phrase-matching,cards_senior_0809.jsonl:2,3,,,,-1,,1,-1
us-patent-phrase-to-phrase-matching__9fc55cf36a83475b8c83b2f229104127,us-patent-phrase-to-phrase-matching,cards_senior_0809.jsonl:1,4,,,,-1,,1,-1
us-patent-phrase-to-phrase-matching__a09d2f7b74fd40e9b5875fee5ce1ca4e,us-patent-phrase-to-phrase-matching,cards_senior_0809.jsonl:1,4,1,,1,,-1,1,1
us-patent-phrase-to-phrase-matching__a0f545e534a34d858f6da0ba4171b161,us-patent-phrase-to-phrase-matching,cards_senior_0809.jsonl:2,3,1,,,,-1,1,1
us-patent-phrase-to-phrase-matching__a191351cb40546dc9b898985708451cb,us-patent-phrase-to-phrase-matching,cards_senior_0809.jsonl:1,4,,,,,,1,-1
us-patent-phrase-to-phrase-matching__a331f79cbefb4d448e85d0464d63c73c,us-patent-phrase-to-phrase-matching,cards_senior_0809.jsonl:2,3,,,,,,-1,-1
us-patent-phrase-to-phrase-matching__a56fad7460f84c288fde28c060dbc79b,us-patent-phrase-to-phrase-matching,cards_senior_0809.jsonl:2,3,,1,,,,-1,-1
us-patent-phrase-to-phrase-matching__a6a68d13429b425bae111d397f06ea52,us-patent-phrase-to-phrase-matching,cards_senior_0809.jsonl:2,3,,,,-1,,-1,-1
us-patent-phrase-to-phrase-matching__a775e92ae7a647818397daf9b0798c25,us-patent-phrase-to-phrase-matching,cards_senior_0809.jsonl:1,4,,1,,1,,-1,-1
us-patent-phrase-to-phrase-matching__a8051602e0e64476b987d015d0854a19,us-patent-phrase-to-phrase-matching,cards_senior_0809.jsonl:2,3,1,,,1,-1,-1,-1
us-patent-phrase-to-phrase-matching__a87e9d0bcc0c4e69a7541c1ed4b5d878,us-patent-phrase-to-phrase-matching,cards_senior_0809.jsonl:1,4,,,,,,-1,-1
us-patent-phrase-to-phrase-matching__a8adbdef052548dfbaa388c81c3a1c65,us-patent-phrase-to-phrase-matching,cards_senior_0809.jsonl:2,3,,-1,,,,-1,-1
us-patent-phrase-to-phrase-matching__aa56929d8f574577904de0bf5644693f,us-patent-phrase-to-phrase-matching,cards_senior_0809.jsonl:1,4,1,,,,-1,1,1
us-patent-phrase-to-phrase-matching__aa97515c5b4d47ee8fe998e0098a56d0,us-patent-phrase-to-phrase-matching,cards_senior_0809.jsonl:2,3,1,,1,,-1,-1,-1
us-patent-phrase-to-phrase-matching__aaf0959a86004fd09d14705579bc89a7,us-patent-phrase-to-phrase-matching,cards_senior_0809.jsonl:1,4,,,,,,1,1
us-patent-phrase-to-phrase-matching__ab1d903e8a4145f4926a9f0121546862,us-patent-phrase-to-phrase-matching,cards_senior_0809.jsonl:2,3,,,,,,1,1
us-patent-phrase-to-phrase-matching__ac360c66bd904b40b0f44ea18b287ad6,us-patent-phrase-to-phrase-matching,cards_senior_0809.jsonl:1,4,,,,-1,,-1,1
us-patent-phrase-to-phrase-matching__ad8ecc0ff9d7408f88132fd1eaa5f41d,us-patent-phrase-to-phrase-matching,cards_senior_0809.jsonl:2,3,,,,1,,-1,1
us-patent-phrase-to-phrase-matching__ae0d5bfc89b340558fea9b86bd1a008e,us-patent-phrase-to-phrase-matching,cards_senior_0809.jsonl:1,4,,,,,,1,-1
us-patent-phrase-to-phrase-matching__af27cd8a32444839a92c6fba17a37c19,us-patent-phrase-to-phrase-matching,cards_senior_0809.jsonl:2,3,,,,1,,1,-1
us-patent-phrase-to-phrase-matching__b067ae8b319b48d1914f05dff8361178,us-patent-phrase-to-phrase-matching,cards_senior_0805seq.jsonl:7,3,1,,1,,1,1,-1
us-patent-phrase-to-phrase-matching__b11fcf35623740558b90e0538f12f8e2,us-patent-phrase-to-phrase-matching,cards_senior_0809.jsonl:2,3,,,,,,-1,1
us-patent-phrase-to-phrase-matching__b1a4b8123cd4422aa1ea245b5dd28af9,us-patent-phrase-to-phrase-matching,cards_senior_0809.jsonl:2,3,-1,,,,-1,-1,-1
us-patent-phrase-to-phrase-matching__b511ad4c604c499681f0010440209a11,us-patent-phrase-to-phrase-matching,cards_senior_0809.jsonl:2,3,,1,,,,1,-1
us-patent-phrase-to-phrase-matching__b528343741fa42bc8135014c9dda6b36,us-patent-phrase-to-phrase-matching,cards_senior_0807.jsonl:5,4,,,,,,1,1
us-patent-phrase-to-phrase-matching__b5630459f88c42459a79af73d16d6db6,us-patent-phrase-to-phrase-matching,cards_senior_0809.jsonl:2,3,,-1,,-1,,1,1
us-patent-phrase-to-phrase-matching__b5c9030797874b209ee55961ff6023d7,us-patent-phrase-to-phrase-matching,cards_senior_0809.jsonl:1,4,,,-1,,,-1,1
us-patent-phrase-to-phrase-matching__b944358e28c04eedb91a7787cc8c38a6,us-patent-phrase-to-phrase-matching,cards_senior_0809.jsonl:2,3,,,,,,-1,-1
us-patent-phrase-to-phrase-matching__baf92897a37746018c90f46909d95ef3,us-patent-phrase-to-phrase-matching,cards_senior_0809.jsonl:1,4,,,,,,-1,1
us-patent-phrase-to-phrase-matching__bd64e4bcd53948b59ec0bd8f92ea973a,us-patent-phrase-to-phrase-matching,cards_senior_0809.jsonl:2,3,,1,,,,-1,1
us-patent-phrase-to-phrase-matching__bdd044e953a441a2b5d9401afaabbccf,us-patent-phrase-to-phrase-matching,cards_senior_0809.jsonl:1,4,,,,,,1,1
us-patent-phrase-to-phrase-matching__beaa3499ab864eb6a727db3d2baefb00,us-patent-phrase-to-phrase-matching,cards_senior_0809.jsonl:2,3,1,,,1,1,1,1
us-patent-phrase-to-phrase-matching__c037e97d2b4c4d43b0db656dc7d5c345,us-patent-phrase-to-phrase-matching,cards_senior_0809.jsonl:2,3,,,,-1,,-1,-1
us-patent-phrase-to-phrase-matching__c041012acc084026acb1a1f17453ca5e,us-patent-phrase-to-phrase-matching,cards_senior_0809.jsonl:1,4,,,,-1,,1,-1
us-patent-phrase-to-phrase-matching__c38b1277718c4753a08955a60db22b07,us-patent-phrase-to-phrase-matching,cards_senior_0809.jsonl:2,3,,,,1,,-1,-1
us-patent-phrase-to-phrase-matching__c810636feef44a8c917a5a836a51567d,us-patent-phrase-to-phrase-matching,cards_senior_0809.jsonl:2,3,,,,,,1,-1
us-patent-phrase-to-phrase-matching__c82f069ef6634dec93222fa582310497,us-patent-phrase-to-phrase-matching,cards_senior_0809.jsonl:2,3,-1,-1,-1,,-1,-1,-1
us-patent-phrase-to-phrase-matching__c84d769169bf49a08373669017e41aba,us-patent-phrase-to-phrase-matching,cards_senior_0809.jsonl:1,4,,,,,,1,-1
us-patent-phrase-to-phrase-matching__cce0d2859eb548c79e4d243cdbfd4482,us-patent-phrase-to-phrase-matching,cards_senior_0809.jsonl:2,3,,,,,,1,1
us-patent-phrase-to-phrase-matching__cd0c6946273e418b83c6cee6df633ebc,us-patent-phrase-to-phrase-matching,cards_senior_0809.jsonl:1,4,,,1,,,1,1
us-patent-phrase-to-phrase-matching__cd90fc7fe51342338fec170e534faa43,us-patent-phrase-to-phrase-matching,cards_senior_0809.jsonl:1,4,-1,,-1,-1,1,1,1
us-patent-phrase-to-phrase-matching__cda188658af3403cb5c3916fc489f407,us-patent-phrase-to-phrase-matching,cards_senior_0809.jsonl:2,3,,-1,,,,-1,-1
us-patent-phrase-to-phrase-matching__cdd2bfb3fe944563999aaad4fdc427eb,us-patent-phrase-to-phrase-matching,cards_senior_0809.jsonl:2,3,,,1,,,-1,1
us-patent-phrase-to-phrase-matching__ce2a06ebe2464e2b92b6cf11b44874d7,us-patent-phrase-to-phrase-matching,cards_senior_0809.jsonl:2,3,,,,,,-1,-1
us-patent-phrase-to-phrase-matching__ce7adb03c4e7486e9646bc7533463bbf,us-patent-phrase-to-phrase-matching,cards_senior_0809.jsonl:1,4,,1,,1,,-1,1
us-patent-phrase-to-phrase-matching__cea0ec8414b04c9696193b102df9d917,us-patent-phrase-to-phrase-matching,cards_senior_0809.jsonl:1,4,,,,,,-1,1
us-patent-phrase-to-phrase-matching__cee9e9eb034344cea482f4ca0b0bfd6b,us-patent-phrase-to-phrase-matching,cards_senior_0809.jsonl:1,4,,,,,,-1,-1
us-patent-phrase-to-phrase-matching__cf14b97e147e40e2b9ce06acd0bdeaa2,us-patent-phrase-to-phrase-matching,cards_senior_0809.jsonl:1,4,,,,,,1,-1
us-patent-phrase-to-phrase-matching__cfafa0aa61b14483a99a1fbc39e3a8e7,us-patent-phrase-to-phrase-matching,cards_senior_0809.jsonl:1,4,,-1,,,,1,-1
us-patent-phrase-to-phrase-matching__d125bae16a514d1cb38eb9e9cff4f797,us-patent-phrase-to-phrase-matching,cards_senior_0809.jsonl:2,3,-1,,,,-1,1,1
us-patent-phrase-to-phrase-matching__d2046117346844cc85d373e9c080dec6,us-patent-phrase-to-phrase-matching,cards_senior_0809.jsonl:1,4,,,-1,,,-1,-1
us-patent-phrase-to-phrase-matching__d25741d8f37b4a1394affb979cb26a40,us-patent-phrase-to-phrase-matching,cards_senior_0809.jsonl:2,3,,,,-1,,1,-1
us-patent-phrase-to-phrase-matching__d36e71f4b89f4417bd4b1380898e43c3,us-patent-phrase-to-phrase-matching,cards_senior_0809.jsonl:2,3,,-1,,-1,,-1,-1
us-patent-phrase-to-phrase-matching__d3984463a74444bf8c19801dd5db30a2,us-patent-phrase-to-phrase-matching,cards_senior_0806.jsonl:7,0,,,,,,-1,1
us-patent-phrase-to-phrase-matching__d51e72b265fa46e6b193bc729cb11d4e,us-patent-phrase-to-phrase-matching,cards_senior_0806.jsonl:7,0,,,,,,-1,1
us-patent-phrase-to-phrase-matching__d7a012abd95344ec82704d4b19a16274,us-patent-phrase-to-phrase-matching,cards_senior_0809.jsonl:1,4,,,,,,-1,-1
us-patent-phrase-to-phrase-matching__d825756cd1194440a8a6f6a23f3f3869,us-patent-phrase-to-phrase-matching,cards_senior_0805seq.jsonl:6,4,1,1,1,1,-1,1,-1
us-patent-phrase-to-phrase-matching__d9a75a344a134211b870b29057de33c9,us-patent-phrase-to-phrase-matching,cards_senior_0809.jsonl:2,3,,,,,,1,-1
us-patent-phrase-to-phrase-matching__da8e448dd077435bacc2f5eff75e2352,us-patent-phrase-to-phrase-matching,cards_senior_0809.jsonl:2,3,,,,,,-1,1
us-patent-phrase-to-phrase-matching__dae3da0dfefc4e9a8de2b14f1b7cdfe9,us-patent-phrase-to-phrase-matching,cards_senior_0805seq.jsonl:7,3,1,,,,-1,-1,-1
us-patent-phrase-to-phrase-matching__db33542a967f4eb19e9e70e1ddacd7b9,us-patent-phrase-to-phrase-matching,cards_senior_0809.jsonl:2,3,-1,,,,1,-1,1
us-patent-phrase-to-phrase-matching__db3b52c1864a4d95adf878c12a17a936,us-patent-phrase-to-phrase-matching,cards_senior_0809.jsonl:1,4,,1,,,,-1,-1
us-patent-phrase-to-phrase-matching__dbb8b3c71ca74c4aba8ed79f106a4118,us-patent-phrase-to-phrase-matching,cards_senior_0809.jsonl:2,3,,,,,,-1,-1
us-patent-phrase-to-phrase-matching__dc20815afbb0423b8dffa850cdcc833a,us-patent-phrase-to-phrase-matching,cards_senior_0809.jsonl:2,3,,,,,,-1,1
us-patent-phrase-to-phrase-matching__dc8df2c61c3940b39484aa436140db8b,us-patent-phrase-to-phrase-matching,cards_senior_0809.jsonl:2,3,,,,-1,,-1,-1
us-patent-phrase-to-phrase-matching__dd1156c6923548949963b4f575720ffb,us-patent-phrase-to-phrase-matching,cards_senior_0809.jsonl:2,3,1,,1,,-1,-1,-1
us-patent-phrase-to-phrase-matching__ddcaa182cd164b468fc14c261cc2aef9,us-patent-phrase-to-phrase-matching,cards_senior_0809.jsonl:1,4,,,,,,1,1
us-patent-phrase-to-phrase-matching__ddea1cf1f9f345edadbb9edf65b3d51a,us-patent-phrase-to-phrase-matching,cards_senior_0809.jsonl:2,3,,,,-1,,1,1
us-patent-phrase-to-phrase-matching__df6de594cf2d4aedab3f0f1862254e89,us-patent-phrase-to-phrase-matching,cards_senior_0809.jsonl:1,4,,,,,,1,1
us-patent-phrase-to-phrase-matching__e0feef5ad2d74a70a48af42027216cd4,us-patent-phrase-to-phrase-matching,cards_senior_0809.jsonl:1,4,,-1,,,,1,1
us-patent-phrase-to-phrase-matching__e1f17f286a0344cfb224a07f628cacf5,us-patent-phrase-to-phrase-matching,cards_senior_0809.jsonl:2,3,,1,,,,-1,1
us-patent-phrase-to-phrase-matching__e2a24ea083304a50a9e7c6a09fa8de6e,us-patent-phrase-to-phrase-matching,cards_senior_0809.jsonl:1,4,,,,,,1,1
us-patent-phrase-to-phrase-matching__e2e52cd71ddc48d687c06535c2df06a6,us-patent-phrase-to-phrase-matching,cards_senior_0809.jsonl:1,4,-1,,-1,,-1,1,-1
us-patent-phrase-to-phrase-matching__e3426ebdb6a4427daea73fab8002fdd8,us-patent-phrase-to-phrase-matching,cards_senior_0809.jsonl:1,4,,,,-1,,1,-1
us-patent-phrase-to-phrase-matching__e39095bef3fe483cbc2d1a77207da0ee,us-patent-phrase-to-phrase-matching,cards_senior_0809.jsonl:2,3,,,,,,1,1
us-patent-phrase-to-phrase-matching__e406674613c74e4e99657f3022f9303d,us-patent-phrase-to-phrase-matching,cards_senior_0806.jsonl:6,3,,,,,,-1,1
us-patent-phrase-to-phrase-matching__e6590a95b4784fe9b282e4dfc8faf19b,us-patent-phrase-to-phrase-matching,cards_senior_0809.jsonl:1,4,,,,,,1,-1
us-patent-phrase-to-phrase-matching__e8859230581b42498b27f468edc1ab2b,us-patent-phrase-to-phrase-matching,cards_senior_0809.jsonl:1,4,,,,,,-1,1
us-patent-phrase-to-phrase-matching__e910e640853c4ea1b83153d9029fec1e,us-patent-phrase-to-phrase-matching,cards_senior_0809.jsonl:1,4,,1,,,,-1,-1
us-patent-phrase-to-phrase-matching__ea4cbd989c1942d0b6b3e61cce2add32,us-patent-phrase-to-phrase-matching,cards_senior_0809.jsonl:1,4,,,,,,-1,-1
us-patent-phrase-to-phrase-matching__ea743eddbbe249bb86d74ee0293952ab,us-patent-phrase-to-phrase-matching,cards_senior_0809.jsonl:1,4,-1,,,,1,1,-1
us-patent-phrase-to-phrase-matching__eadcc959025843a4871af3b5756f0601,us-patent-phrase-to-phrase-matching,cards_senior_0809.jsonl:2,3,-1,-1,-1,,1,1,1
us-patent-phrase-to-phrase-matching__ecd3da8d0c154f3e881c653009bad339,us-patent-phrase-to-phrase-matching,cards_senior_0809.jsonl:2,3,-1,,,,-1,1,-1
us-patent-phrase-to-phrase-matching__ecda2c90ef6b4f65ab79697a30f88839,us-patent-phrase-to-phrase-matching,cards_senior_0809.jsonl:1,4,,,,,,-1,1
us-patent-phrase-to-phrase-matching__ecdf53dd11b14eb1bad26795f4965a69,us-patent-phrase-to-phrase-matching,cards_senior_0809.jsonl:1,4,,,,-1,,1,1
us-patent-phrase-to-phrase-matching__ef65d29ce6d64d0d86740401c4a787fb,us-patent-phrase-to-phrase-matching,cards_senior_0809.jsonl:2,3,-1,,,,1,1,1
us-patent-phrase-to-phrase-matching__f0288ac08e20402faabe252d129d72df,us-patent-phrase-to-phrase-matching,cards_senior_0809.jsonl:1,4,,,,,,1,1
us-patent-phrase-to-phrase-matching__f0424306fa914ea587120db5122383f5,us-patent-phrase-to-phrase-matching,cards_senior_0809.jsonl:2,3,,,,,,1,1
us-patent-phrase-to-phrase-matching__f1b7355457d94a009741f54f9f8e7e35,us-patent-phrase-to-phrase-matching,cards_senior_0805seq.jsonl:7,3,,,,,,-1,-1
us-patent-phrase-to-phrase-matching__f259cecaaf6745b0a308c97dbf0878db,us-patent-phrase-to-phrase-matching,cards_senior_0809.jsonl:2,3,,1,,,,-1,-1
us-patent-phrase-to-phrase-matching__f2daf94f73fa47848070afe1d9a8d5b5,us-patent-phrase-to-phrase-matching,cards_senior_0806.jsonl:6,3,,,1,,,-1,1
us-patent-phrase-to-phrase-matching__f2e803ee4d674e188489bb068d0eaada,us-patent-phrase-to-phrase-matching,cards_senior_0809.jsonl:1,4,,,,,,-1,1
us-patent-phrase-to-phrase-matching__f3943d4c61684c5c82fceb35ea30a743,us-patent-phrase-to-phrase-matching,cards_senior_0809.jsonl:2,3,,,,,,1,-1
us-patent-phrase-to-phrase-matching__f444ef949f054ef7bbe604a1efd83d86,us-patent-phrase-to-phrase-matching,cards_senior_0809.jsonl:2,3,,-1,,,,-1,1
us-patent-phrase-to-phrase-matching__f663078dfb4240d084ce24ac89da280b,us-patent-phrase-to-phrase-matching,cards_senior_0809.jsonl:2,3,,,,,,-1,1
us-patent-phrase-to-phrase-matching__f7bfc680d2e447b29ed5d4b3087e2785,us-patent-phrase-to-phrase-matching,cards_senior_0809.jsonl:2,3,,,,,,1,-1
us-patent-phrase-to-phrase-matching__f867019cd1f0468095be90a248207dc2,us-patent-phrase-to-phrase-matching,cards_senior_0809.jsonl:2,3,,1,,,,1,-1
us-patent-phrase-to-phrase-matching__f86b36d36d2140c996d7538d7cb67eae,us-patent-phrase-to-phrase-matching,cards_senior_0809.jsonl:1,4,,,,,,1,-1
us-patent-phrase-to-phrase-matching__fb3b9a80b1fb4f008345ccc5858c2f20,us-patent-phrase-to-phrase-matching,cards_senior_0809.jsonl:1,4,1,,1,1,1,1,-1
us-patent-phrase-to-phrase-matching__fc2628d000e3465d8904d93018038e64,us-patent-phrase-to-phrase-matching,cards_senior_0809.jsonl:1,4,,-1,,,,-1,-1
us-patent-phrase-to-phrase-matching__fcacd18942944da0874ba645ebe58a28,us-patent-phrase-to-phrase-matching,cards_senior_0809.jsonl:1,4,,,,,,1,-1
us-patent-phrase-to-phrase-matching__fcef675f701f427aae07fc31a341f270,us-patent-phrase-to-phrase-matching,cards_senior_0809.jsonl:1,4,-1,,-1,,-1,1,-1
us-patent-phrase-to-phrase-matching__fdd34eed01664222ac512084f603fb41,us-patent-phrase-to-phrase-matching,cards_senior_0809.jsonl:1,4,-1,,-1,,-1,1,-1
us-patent-phrase-to-phrase-matching__fdfe8ad8f7e14c16aafb20034163b750,us-patent-phrase-to-phrase-matching,cards_senior_0809.jsonl:2,3,,,,,,1,1
us-patent-phrase-to-phrase-matching__fe08407271d14f6cb09de1105c5cb8e7,us-patent-phrase-to-phrase-matching,cards_senior_0805seq.jsonl:6,4,,,,,,1,-1
us-patent-phrase-to-phrase-matching__fe8965d563da47eea4b4c94838fa7865,us-patent-phrase-to-phrase-matching,cards_senior_0809.jsonl:2,3,,,-1,,,-1,1
us-patent-phrase-to-phrase-matching__febe9774730a4fa79b0e1f3051d44d07,us-patent-phrase-to-phrase-matching,cards_senior_0809.jsonl:2,3,,,,,,1,-1
us-patent-phrase-to-phrase-matching__ff79d8e49dc94ff996b629a6d60953af,us-patent-phrase-to-phrase-matching,cards_senior_0809.jsonl:2,3,,,,,,1,-1
whale-categorization-playground__00778404d0ba40f0967e8ed1171bb289,whale-categorization-playground,cards_senior_0808.jsonl:6,0,,,,,,1,-1
whale-categorization-playground__02d9d3a42ede432aa2f32c033f69f5ca,whale-categorization-playground,cards_senior_0808.jsonl:6,0,,,-1,,,-1,-1
whale-categorization-playground__0a5877faf5124a1cac1d803d3ee305c7,whale-categorization-playground,cards_senior_0808.jsonl:6,0,,,,-1,,-1,-1
whale-categorization-playground__0fe13ced99544aa3ba313ce19e277ec9,whale-categorization-playground,cards_senior_0809.jsonl:5,0,,,,,,-1,-1
whale-categorization-playground__13a443dde76a4c8cba13f962998d159c,whale-categorization-playground,cards_senior_0808.jsonl:6,0,1,,1,,1,1,1
whale-categorization-playground__1c1b0bc804b6464ebdbb799c861d1e55,whale-categorization-playground,cards_senior_0808.jsonl:6,0,,,,1,,-1,-1
whale-categorization-playground__1e77bad011bf485093f71203d6265f8b,whale-categorization-playground,cards_senior_0807.jsonl:6,2,,,,,,-1,-1
whale-categorization-playground__1fb3d64812834d7284a7341c81349baf,whale-categorization-playground,cards_senior_0808.jsonl:6,0,,,,,,-1,-1
whale-categorization-playground__26cce1fddf09409a821847f594aec050,whale-categorization-playground,cards_senior_0811.jsonl:42,4,,,,,,-1,1
whale-categorization-playground__280ce14460364a049a36e21bac72b45f,whale-categorization-playground,cards_senior_0808.jsonl:6,0,,1,,,,-1,-1
whale-categorization-playground__29a0130a5fc2427dafe636fa6197c788,whale-categorization-playground,cards_senior_0811.jsonl:37,1,,,,,,-1,-1
whale-categorization-playground__29c3d02d354a445c89199f49b0642813,whale-categorization-playground,cards_senior_0809.jsonl:7,1,,1,,,,1,1
whale-categorization-playground__2b32f68ad33b4aa5a1dadaba1bbfef72,whale-categorization-playground,cards_senior_0809.jsonl:7,1,1,1,1,,1,-1,1
whale-categorization-playground__2c67d08719a844ed83c9abded82ae87d,whale-categorization-playground,cards_senior_0808.jsonl:6,0,-1,,-1,,1,1,-1
whale-categorization-playground__30395c16fc7449949ef0f92916344c29,whale-categorization-playground,cards_senior_0807.jsonl:6,2,,-1,,,,-1,1
whale-categorization-playground__32090beaba24405e94268b3b14d2ab93,whale-categorization-playground,cards_senior_0809.jsonl:5,0,,,,,,-1,1
whale-categorization-playground__3392ea981ef940babb9a0bf3cde9591b,whale-categorization-playground,cards_senior_0808.jsonl:6,0,1,,1,,-1,-1,-1
whale-categorization-playground__38a1008e0215487986c3a3badfdef22b,whale-categorization-playground,cards_senior_0807.jsonl:6,2,,,,,,1,1
whale-categorization-playground__3f77dc67239b47ed80fb201797cdf0de,whale-categorization-playground,cards_senior_0808.jsonl:6,0,,,,,,1,1
whale-categorization-playground__403cc46929dd485fbd73e39f82ed8f11,whale-categorization-playground,cards_senior_0808.jsonl:7,3,,,,,,-1,1
whale-categorization-playground__4319242ad0bb493fb5d976d4c6c4954f,whale-categorization-playground,cards_senior_0808.jsonl:6,0,,,1,,,1,-1
whale-categorization-playground__4494a93fda3a4c508528994b67bf3286,whale-categorization-playground,cards_senior_0808.jsonl:5,3,,,,,,-1,1
whale-categorization-playground__44d5107f37214fe9a6cb8d9ed0a8e7fa,whale-categorization-playground,cards_senior_0808.jsonl:6,0,,,,,,1,1
whale-categorization-playground__49adb59b29504868abaf68710bf358e0,whale-categorization-playground,cards_senior_0808.jsonl:5,3,,1,,,,-1,-1
whale-categorization-playground__4ff1d73370c54e6abc19dd802f96fd4a,whale-categorization-playground,cards_senior_0808.jsonl:6,0,,,,,,-1,1
whale-categorization-playground__5807b65403ad4d57896308e8ea63224e,whale-categorization-playground,cards_senior_0808.jsonl:6,0,,,,1,,-1,1
whale-categorization-playground__587060bfc9dd4125804f8d5ef234deea,whale-categorization-playground,cards_senior_0811.jsonl:42,4,,,-1,,,1,-1
whale-categorization-playground__5b81a6270bd3476a9ccddc66bd33c9b0,whale-categorization-playground,cards_senior_0808.jsonl:6,0,,1,,,,1,1
whale-categorization-playground__6666224d3bfe4e588c336bab9de1d7dc,whale-categorization-playground,cards_senior_0809.jsonl:6,3,,,,,,1,-1
whale-categorization-playground__6d3cd544ea044e53916334f5a281cd7a,whale-categorization-playground,cards_senior_0811.jsonl:37,1,-1,,-1,,-1,1,1
whale-categorization-playground__758aab05e2d54ecd93e67b253f4f09ba,whale-categorization-playground,cards_senior_0808.jsonl:5,3,-1,,,,1,1,-1
whale-categorization-playground__75e558ecffac40849e0afa1314a0f18c,whale-categorization-playground,cards_senior_0808.jsonl:7,3,1,,,,1,-1,1
whale-categorization-playground__7b29e3b8e903452286c505768a6a6ada,whale-categorization-playground,cards_senior_0809.jsonl:7,1,,,,,,-1,-1
whale-categorization-playground__7e0266aefe4d4e5ba267675d8a3e8a19,whale-categorization-playground,cards_senior_0807.jsonl:6,2,,,,,,-1,1
whale-categorization-playground__8428aac7a127427480482874915ee8bc,whale-categorization-playground,cards_senior_0808.jsonl:7,3,,,,,,1,-1
whale-categorization-playground__8b787c6d6e4e44b28d7cd725ceaf4e52,whale-categorization-playground,cards_senior_0811.jsonl:38,3,1,1,,1,-1,1,-1
whale-categorization-playground__8f9d5add50854fdbb767deb057705550,whale-categorization-playground,cards_senior_0807.jsonl:6,2,,,,-1,,-1,-1
whale-categorization-playground__8fbf6cf40a0c4f33ba83e9def1918247,whale-categorization-playground,cards_senior_0809.jsonl:6,3,,,,1,,-1,-1
whale-categorization-playground__92c7ee8f458e4ae79fcf978ee1cfa347,whale-categorization-playground,cards_senior_0808.jsonl:6,0,,,,,,1,-1
whale-categorization-playground__96380820a2794c1190bac1cb79d0ab40,whale-categorization-playground,cards_senior_0808.jsonl:6,0,,,,,,-1,-1
whale-categorization-playground__9648e0ff8f794193b919c38e8b61d717,whale-categorization-playground,cards_senior_0811.jsonl:38,3,-1,,,,-1,-1,1
whale-categorization-playground__9cb40069531b43609dd0f4dd1bfcc919,whale-categorization-playground,cards_senior_0808.jsonl:5,3,,1,,,,1,-1
whale-categorization-playground__9d02be04caee438f8782179e245839ee,whale-categorization-playground,cards_senior_0808.jsonl:7,3,,,,,,1,-1
whale-categorization-playground__9ee50e882c8040f5a961d9a15a35a286,whale-categorization-playground,cards_senior_0808.jsonl:6,0,,,,1,,1,-1
whale-categorization-playground__a0527881e0cc4ca3a531ff0378a03350,whale-categorization-playground,cards_senior_0809.jsonl:7,1,1,1,,,1,1,1
whale-categorization-playground__a3a1a0d0f8f746ba93131182afdd8f7f,whale-categorization-playground,cards_senior_0808.jsonl:6,0,,,,,,-1,1
whale-categorization-playground__aaf1c83d184a4de3a6845dee4d6cee67,whale-categorization-playground,cards_senior_0809.jsonl:8,0,1,,,,1,-1,-1
whale-categorization-playground__ac31f0ebbf404582a9c8d2944199ae06,whale-categorization-playground,cards_senior_0808.jsonl:7,3,,,,-1,,1,1
whale-categorization-playground__b2dfc1412bae4af1a8f2323a8eb784e7,whale-categorization-playground,cards_senior_0809.jsonl:8,0,,,,,,1,-1
whale-categorization-playground__b37204421a86464586eb12a3ac20c8da,whale-categorization-playground,cards_senior_0807.jsonl:6,2,,,1,,,1,1
whale-categorization-playground__bb42dc7fdc844c828c3ba896a7bcd280,whale-categorization-playground,cards_senior_0808.jsonl:6,0,,,,,,1,1
whale-categorization-playground__bb4911ddfd294285ac95f6dd4692c47f,whale-categorization-playground,cards_senior_0808.jsonl:6,0,,,,1,,1,1
whale-categorization-playground__bdd0bfec55054926976d3890848b609d,whale-categorization-playground,cards_senior_0807.jsonl:6,2,,,,-1,,1,1
whale-categorization-playground__be9fe7aad11b44d29c2d6eb01126047c,whale-categorization-playground,cards_senior_0808.jsonl:6,0,,,,,,1,1
whale-categorization-playground__bf3158aa8ab64ec0b4bf6e200aa07418,whale-categorization-playground,cards_senior_0808.jsonl:5,3,,1,,1,,-1,1
whale-categorization-playground__c216f979b9f84b7c86d1a26b1c4d6994,whale-categorization-playground,cards_senior_0807.jsonl:6,2,,,-1,,,-1,1
whale-categorization-playground__c4f3d7ca131f4686bd89dccd75a3a815,whale-categorization-playground,cards_senior_0808.jsonl:5,3,,,,-1,,1,1
whale-categorization-playground__c5e1b7be6f4b41cda8188187ecd0724f,whale-categorization-playground,cards_senior_0809.jsonl:8,0,,,1,,,1,1
whale-categorization-playground__c7b6c3e22ac64f20a564cf0e53c19d20,whale-categorization-playground,cards_senior_0808.jsonl:6,0,,-1,,,,1,1
whale-categorization-playground__d145cb2017084514b06b1341a9146c76,whale-categorization-playground,cards_senior_0811.jsonl:37,1,,,,,,-1,-1
whale-categorization-playground__d60858e2d18f4390a68b8b687ce78196,whale-categorization-playground,cards_senior_0808.jsonl:5,3,,1,,,,1,1
whale-categorization-playground__d696866116d5476192a181434ccb689c,whale-categorization-playground,cards_senior_0808.jsonl:6,0,-1,,-1,,-1,1,-1
whale-categorization-playground__dd012be149594fdf923e2cf14e6b6ad9,whale-categorization-playground,cards_senior_0808.jsonl:6,0,-1,-1,-1,,-1,1,1
whale-categorization-playground__ddd4ba78b712476faf0afbcd4f286cc2,whale-categorization-playground,cards_senior_0808.jsonl:5,3,,,,,,1,1
whale-categorization-playground__dffc04fbb629478bbc475d18276f799a,whale-categorization-playground,cards_senior_0808.jsonl:7,3,,-1,,,,1,1
whale-categorization-playground__e26e04fd405f4ad5ad7517a6ea00a05e,whale-categorization-playground,cards_senior_0807.jsonl:6,2,,,,,,-1,-1
whale-categorization-playground__e515d234a436454fb5fa7c386a018b73,whale-categorization-playground,cards_senior_0808.jsonl:5,3,,,,,,-1,1
whale-categorization-playground__e57de5ecd0b341469e36a5afe1abae10,whale-categorization-playground,cards_senior_0809.jsonl:5,0,,,,,,1,-1
whale-categorization-playground__e68757b1ca14438fbc3b7c9ec543242e,whale-categorization-playground,cards_senior_0809.jsonl:8,0,,,,,,1,1
whale-categorization-playground__e8dfa5f9d3c045a9802e3ddee812a925,whale-categorization-playground,cards_senior_0808.jsonl:5,3,,,,,,1,-1
whale-categorization-playground__f2563465c9c6432cb85213b694ef9da2,whale-categorization-playground,cards_senior_0808.jsonl:7,3,,,,1,,-1,-1
whale-categorization-playground__fe70364af06d441e86e1a32fbd442f21,whale-categorization-playground,cards_senior_0807.jsonl:6,2,,,,-1,,1,-1
whale-categorization-playground__feb1da2f7e574bbea57423dd07e5d9bb,whale-categorization-playground,cards_senior_0807.jsonl:6,2,1,,1,,1,-1,1
