4009940 openat(AT_FDCWD, "/data/d0/y24/yzyang4/.local/share/uv/python/cpython-3.11.15-linux-x86_64-gnu/bin/../lib/glibc-hwcaps/x86-64-v4/libpthread.so.0", O_RDONLY|O_CLOEXEC) = -1 ENOENT (No such file or directory)
4009940 openat(AT_FDCWD, "/data/d0/y24/yzyang4/.local/share/uv/python/cpython-3.11.15-linux-x86_64-gnu/bin/../lib/glibc-hwcaps/x86-64-v3/libpthread.so.0", O_RDONLY|O_CLOEXEC) = -1 ENOENT (No such file or directory)
4009940 openat(AT_FDCWD, "/data/d0/y24/yzyang4/.local/share/uv/python/cpython-3.11.15-linux-x86_64-gnu/bin/../lib/glibc-hwcaps/x86-64-v2/libpthread.so.0", O_RDONLY|O_CLOEXEC) = -1 ENOENT (No such file or directory)
4009940 openat(AT_FDCWD, "/data/d0/y24/yzyang4/.local/share/uv/python/cpython-3.11.15-linux-x86_64-gnu/bin/../lib/libpthread.so.0", O_RDONLY|O_CLOEXEC) = -1 ENOENT (No such file or directory)
4009940 openat(AT_FDCWD, "/usr/local/cuda-12.8/lib64/glibc-hwcaps/x86-64-v4/libpthread.so.0", O_RDONLY|O_CLOEXEC) = -1 ENOENT (No such file or directory)
4009940 openat(AT_FDCWD, "/usr/local/cuda-12.8/lib64/glibc-hwcaps/x86-64-v3/libpthread.so.0", O_RDONLY|O_CLOEXEC) = -1 ENOENT (No such file or directory)
4009940 openat(AT_FDCWD, "/usr/local/cuda-12.8/lib64/glibc-hwcaps/x86-64-v2/libpthread.so.0", O_RDONLY|O_CLOEXEC) = -1 ENOENT (No such file or directory)
4009940 openat(AT_FDCWD, "/usr/local/cuda-12.8/lib64/libpthread.so.0", O_RDONLY|O_CLOEXEC) = -1 ENOENT (No such file or directory)
4009940 openat(AT_FDCWD, "glibc-hwcaps/x86-64-v4/libpthread.so.0", O_RDONLY|O_CLOEXEC) = -1 ENOENT (No such file or directory)
4009940 openat(AT_FDCWD, "glibc-hwcaps/x86-64-v3/libpthread.so.0", O_RDONLY|O_CLOEXEC) = -1 ENOENT (No such file or directory)
4009940 openat(AT_FDCWD, "glibc-hwcaps/x86-64-v2/libpthread.so.0", O_RDONLY|O_CLOEXEC) = -1 ENOENT (No such file or directory)
4009940 openat(AT_FDCWD, "libpthread.so.0", O_RDONLY|O_CLOEXEC) = -1 ENOENT (No such file or directory)
4009940 openat(AT_FDCWD, "/etc/ld.so.cache", O_RDONLY|O_CLOEXEC) = 3
4009940 openat(AT_FDCWD, "/lib/x86_64-linux-gnu/libpthread.so.0", O_RDONLY|O_CLOEXEC) = 3
4009940 openat(AT_FDCWD, "/data/d0/y24/yzyang4/.local/share/uv/python/cpython-3.11.15-linux-x86_64-gnu/bin/../lib/libdl.so.2", O_RDONLY|O_CLOEXEC) = -1 ENOENT (No such file or directory)
4009940 openat(AT_FDCWD, "glibc-hwcaps/x86-64-v4/libdl.so.2", O_RDONLY|O_CLOEXEC) = -1 ENOENT (No such file or directory)
4009940 openat(AT_FDCWD, "glibc-hwcaps/x86-64-v3/libdl.so.2", O_RDONLY|O_CLOEXEC) = -1 ENOENT (No such file or directory)
4009940 openat(AT_FDCWD, "glibc-hwcaps/x86-64-v2/libdl.so.2", O_RDONLY|O_CLOEXEC) = -1 ENOENT (No such file or directory)
4009940 openat(AT_FDCWD, "libdl.so.2", O_RDONLY|O_CLOEXEC) = -1 ENOENT (No such file or directory)
4009940 openat(AT_FDCWD, "/lib/x86_64-linux-gnu/libdl.so.2", O_RDONLY|O_CLOEXEC) = 3
4009940 openat(AT_FDCWD, "/data/d0/y24/yzyang4/.local/share/uv/python/cpython-3.11.15-linux-x86_64-gnu/bin/../lib/libutil.so.1", O_RDONLY|O_CLOEXEC) = -1 ENOENT (No such file or directory)
4009940 openat(AT_FDCWD, "glibc-hwcaps/x86-64-v4/libutil.so.1", O_RDONLY|O_CLOEXEC) = -1 ENOENT (No such file or directory)
4009940 openat(AT_FDCWD, "glibc-hwcaps/x86-64-v3/libutil.so.1", O_RDONLY|O_CLOEXEC) = -1 ENOENT (No such file or directory)
4009940 openat(AT_FDCWD, "glibc-hwcaps/x86-64-v2/libutil.so.1", O_RDONLY|O_CLOEXEC) = -1 ENOENT (No such file or directory)
4009940 openat(AT_FDCWD, "libutil.so.1", O_RDONLY|O_CLOEXEC) = -1 ENOENT (No such file or directory)
4009940 openat(AT_FDCWD, "/lib/x86_64-linux-gnu/libutil.so.1", O_RDONLY|O_CLOEXEC) = 3
4009940 openat(AT_FDCWD, "/data/d0/y24/yzyang4/.local/share/uv/python/cpython-3.11.15-linux-x86_64-gnu/bin/../lib/librt.so.1", O_RDONLY|O_CLOEXEC) = -1 ENOENT (No such file or directory)
4009940 openat(AT_FDCWD, "glibc-hwcaps/x86-64-v4/librt.so.1", O_RDONLY|O_CLOEXEC) = -1 ENOENT (No such file or directory)
4009940 openat(AT_FDCWD, "glibc-hwcaps/x86-64-v3/librt.so.1", O_RDONLY|O_CLOEXEC) = -1 ENOENT (No such file or directory)
4009940 openat(AT_FDCWD, "glibc-hwcaps/x86-64-v2/librt.so.1", O_RDONLY|O_CLOEXEC) = -1 ENOENT (No such file or directory)
4009940 openat(AT_FDCWD, "librt.so.1", O_RDONLY|O_CLOEXEC) = -1 ENOENT (No such file or directory)
4009940 openat(AT_FDCWD, "/lib/x86_64-linux-gnu/librt.so.1", O_RDONLY|O_CLOEXEC) = 3
4009940 openat(AT_FDCWD, "/data/d0/y24/yzyang4/.local/share/uv/python/cpython-3.11.15-linux-x86_64-gnu/bin/../lib/libm.so.6", O_RDONLY|O_CLOEXEC) = -1 ENOENT (No such file or directory)
4009940 openat(AT_FDCWD, "glibc-hwcaps/x86-64-v4/libm.so.6", O_RDONLY|O_CLOEXEC) = -1 ENOENT (No such file or directory)
4009940 openat(AT_FDCWD, "glibc-hwcaps/x86-64-v3/libm.so.6", O_RDONLY|O_CLOEXEC) = -1 ENOENT (No such file or directory)
4009940 openat(AT_FDCWD, "glibc-hwcaps/x86-64-v2/libm.so.6", O_RDONLY|O_CLOEXEC) = -1 ENOENT (No such file or directory)
4009940 openat(AT_FDCWD, "libm.so.6", O_RDONLY|O_CLOEXEC) = -1 ENOENT (No such file or directory)
4009940 openat(AT_FDCWD, "/lib/x86_64-linux-gnu/libm.so.6", O_RDONLY|O_CLOEXEC) = 3
4009940 openat(AT_FDCWD, "/data/d0/y24/yzyang4/.local/share/uv/python/cpython-3.11.15-linux-x86_64-gnu/bin/../lib/libc.so.6", O_RDONLY|O_CLOEXEC) = -1 ENOENT (No such file or directory)
4009940 openat(AT_FDCWD, "glibc-hwcaps/x86-64-v4/libc.so.6", O_RDONLY|O_CLOEXEC) = -1 ENOENT (No such file or directory)
4009940 openat(AT_FDCWD, "glibc-hwcaps/x86-64-v3/libc.so.6", O_RDONLY|O_CLOEXEC) = -1 ENOENT (No such file or directory)
4009940 openat(AT_FDCWD, "glibc-hwcaps/x86-64-v2/libc.so.6", O_RDONLY|O_CLOEXEC) = -1 ENOENT (No such file or directory)
4009940 openat(AT_FDCWD, "libc.so.6", O_RDONLY|O_CLOEXEC) = -1 ENOENT (No such file or directory)
4009940 openat(AT_FDCWD, "/lib/x86_64-linux-gnu/libc.so.6", O_RDONLY|O_CLOEXEC) = 3
4009940 openat(AT_FDCWD, "/usr/lib/locale/locale-archive", O_RDONLY|O_CLOEXEC) = 3
4009940 openat(AT_FDCWD, "/usr/lib/x86_64-linux-gnu/gconv/gconv-modules.cache", O_RDONLY|O_CLOEXEC) = 3
4009940 openat(AT_FDCWD, "/proc/self/maps", O_RDONLY) = 3
4009940 openat(AT_FDCWD, "/research/d7/spc/yzyang4/venvs/exp/pyvenv.cfg", O_RDONLY) = 3
4009940 openat(AT_FDCWD, "/data/d0/y24/yzyang4/.local/share/uv/python/cpython-3.11.15-linux-x86_64-gnu/bin/python3.11\n._pth", O_RDONLY) = -1 ENOENT (No such file or directory)
4009940 openat(AT_FDCWD, "/research/d7/spc/yzyang4/venvs/exp/bin/python._pth", O_RDONLY) = -1 ENOENT (No such file or directory)
4009940 openat(AT_FDCWD, "/uac/y24/yzyang4/.local/share/uv/python/cpython-3.11.15-linux-x86_64-gnu/bin/python3.11._pth", O_RDONLY) = -1 ENOENT (No such file or directory)
4009940 openat(AT_FDCWD, "/uac/y24/yzyang4/.local/share/uv/python/cpython-3.11.15-linux-x86_64-gnu/bin/pybuilddir.txt", O_RDONLY) = -1 ENOENT (No such file or directory)
4009940 openat(AT_FDCWD, "/etc/localtime", O_RDONLY|O_CLOEXEC) = 3
4009940 openat(AT_FDCWD, "/data/d0/y24/yzyang4/.local/share/uv/python/cpython-3.11.15-linux-x86_64-gnu/lib/python3.11", O_RDONLY|O_NONBLOCK|O_CLOEXEC|O_DIRECTORY) = 3
4009940 openat(AT_FDCWD, "/data/d0/y24/yzyang4/.local/share/uv/python/cpython-3.11.15-linux-x86_64-gnu/lib/python3.11/encodings/__pycache__/__init__.cpython-311.pyc", O_RDONLY|O_CLOEXEC) = 3
4009940 openat(AT_FDCWD, "/data/d0/y24/yzyang4/.local/share/uv/python/cpython-3.11.15-linux-x86_64-gnu/lib/python3.11/encodings", O_RDONLY|O_NONBLOCK|O_CLOEXEC|O_DIRECTORY) = 3
4009940 openat(AT_FDCWD, "/data/d0/y24/yzyang4/.local/share/uv/python/cpython-3.11.15-linux-x86_64-gnu/lib/python3.11/encodings/__pycache__/aliases.cpython-311.pyc", O_RDONLY|O_CLOEXEC) = 3
4009940 openat(AT_FDCWD, "/data/d0/y24/yzyang4/.local/share/uv/python/cpython-3.11.15-linux-x86_64-gnu/lib/python3.11/encodings/__pycache__/utf_8.cpython-311.pyc", O_RDONLY|O_CLOEXEC) = 3
4009940 openat(AT_FDCWD, "/research/d7/spc/yzyang4/venvs/exp/pyvenv.cfg", O_RDONLY|O_CLOEXEC) = 3
4009940 openat(AT_FDCWD, "/research/d7/spc/yzyang4/venvs/exp/lib/python3.11/site-packages", O_RDONLY|O_NONBLOCK|O_CLOEXEC|O_DIRECTORY) = 3
4009940 openat(AT_FDCWD, "/research/d7/spc/yzyang4/venvs/exp/lib/python3.11/site-packages/__editable__.mlebench-1.0.0.pth", O_RDONLY|O_CLOEXEC) = 3
4009940 openat(AT_FDCWD, "/uac/y24/yzyang4/.local/share/uv/python/cpython-3.11.15-linux-x86_64-gnu/lib/python3.11/lib-dynload", O_RDONLY|O_NONBLOCK|O_CLOEXEC|O_DIRECTORY) = 4
4009940 openat(AT_FDCWD, "/research/d7/spc/yzyang4/venvs/exp/lib/python3.11/site-packages", O_RDONLY|O_NONBLOCK|O_CLOEXEC|O_DIRECTORY) = 4
4009940 openat(AT_FDCWD, "/research/d7/spc/yzyang4/venvs/exp/lib/python3.11/site-packages/__pycache__/__editable___mlebench_1_0_0_finder.cpython-311.pyc", O_RDONLY|O_CLOEXEC) = 4
4009940 openat(AT_FDCWD, "/data/d0/y24/yzyang4/.local/share/uv/python/cpython-3.11.15-linux-x86_64-gnu/lib/python3.11/__pycache__/__future__.cpython-311.pyc", O_RDONLY|O_CLOEXEC) = 4
4009940 openat(AT_FDCWD, "/data/d0/y24/yzyang4/.local/share/uv/python/cpython-3.11.15-linux-x86_64-gnu/lib/python3.11/importlib/__pycache__/__init__.cpython-311.pyc", O_RDONLY|O_CLOEXEC) = 4
4009940 openat(AT_FDCWD, "/data/d0/y24/yzyang4/.local/share/uv/python/cpython-3.11.15-linux-x86_64-gnu/lib/python3.11/__pycache__/warnings.cpython-311.pyc", O_RDONLY|O_CLOEXEC) = 4
4009940 openat(AT_FDCWD, "/data/d0/y24/yzyang4/.local/share/uv/python/cpython-3.11.15-linux-x86_64-gnu/lib/python3.11/importlib", O_RDONLY|O_NONBLOCK|O_CLOEXEC|O_DIRECTORY) = 4
4009940 openat(AT_FDCWD, "/data/d0/y24/yzyang4/.local/share/uv/python/cpython-3.11.15-linux-x86_64-gnu/lib/python3.11/importlib/__pycache__/_abc.cpython-311.pyc", O_RDONLY|O_CLOEXEC) = 4
4009940 openat(AT_FDCWD, "/data/d0/y24/yzyang4/.local/share/uv/python/cpython-3.11.15-linux-x86_64-gnu/lib/python3.11/__pycache__/contextlib.cpython-311.pyc", O_RDONLY|O_CLOEXEC) = 4
4009940 openat(AT_FDCWD, "/data/d0/y24/yzyang4/.local/share/uv/python/cpython-3.11.15-linux-x86_64-gnu/lib/python3.11/collections/__pycache__/__init__.cpython-311.pyc", O_RDONLY|O_CLOEXEC) = 4
4009940 openat(AT_FDCWD, "/data/d0/y24/yzyang4/.local/share/uv/python/cpython-3.11.15-linux-x86_64-gnu/lib/python3.11/__pycache__/keyword.cpython-311.pyc", O_RDONLY|O_CLOEXEC) = 4
4009940 openat(AT_FDCWD, "/data/d0/y24/yzyang4/.local/share/uv/python/cpython-3.11.15-linux-x86_64-gnu/lib/python3.11/__pycache__/operator.cpython-311.pyc", O_RDONLY|O_CLOEXEC) = 4
4009940 openat(AT_FDCWD, "/data/d0/y24/yzyang4/.local/share/uv/python/cpython-3.11.15-linux-x86_64-gnu/lib/python3.11/__pycache__/reprlib.cpython-311.pyc", O_RDONLY|O_CLOEXEC) = 4
4009940 openat(AT_FDCWD, "/data/d0/y24/yzyang4/.local/share/uv/python/cpython-3.11.15-linux-x86_64-gnu/lib/python3.11/__pycache__/functools.cpython-311.pyc", O_RDONLY|O_CLOEXEC) = 4
4009940 openat(AT_FDCWD, "/data/d0/y24/yzyang4/.local/share/uv/python/cpython-3.11.15-linux-x86_64-gnu/lib/python3.11/__pycache__/types.cpython-311.pyc", O_RDONLY|O_CLOEXEC) = 4
4009940 openat(AT_FDCWD, "/data/d0/y24/yzyang4/.local/share/uv/python/cpython-3.11.15-linux-x86_64-gnu/lib/python3.11/__pycache__/threading.cpython-311.pyc", O_RDONLY|O_CLOEXEC) = 4
4009940 openat(AT_FDCWD, "/data/d0/y24/yzyang4/.local/share/uv/python/cpython-3.11.15-linux-x86_64-gnu/lib/python3.11/__pycache__/_weakrefset.cpython-311.pyc", O_RDONLY|O_CLOEXEC) = 4
4009940 openat(AT_FDCWD, "/data/d0/y24/yzyang4/.local/share/uv/python/cpython-3.11.15-linux-x86_64-gnu/lib/python3.11/__pycache__/pathlib.cpython-311.pyc", O_RDONLY|O_CLOEXEC) = 4
4009940 openat(AT_FDCWD, "/data/d0/y24/yzyang4/.local/share/uv/python/cpython-3.11.15-linux-x86_64-gnu/lib/python3.11/__pycache__/fnmatch.cpython-311.pyc", O_RDONLY|O_CLOEXEC) = 4
4009940 openat(AT_FDCWD, "/data/d0/y24/yzyang4/.local/share/uv/python/cpython-3.11.15-linux-x86_64-gnu/lib/python3.11/re/__pycache__/__init__.cpython-311.pyc", O_RDONLY|O_CLOEXEC) = 4
4009940 openat(AT_FDCWD, "/data/d0/y24/yzyang4/.local/share/uv/python/cpython-3.11.15-linux-x86_64-gnu/lib/python3.11/__pycache__/enum.cpython-311.pyc", O_RDONLY|O_CLOEXEC) = 4
4009940 openat(AT_FDCWD, "/data/d0/y24/yzyang4/.local/share/uv/python/cpython-3.11.15-linux-x86_64-gnu/lib/python3.11/re", O_RDONLY|O_NONBLOCK|O_CLOEXEC|O_DIRECTORY) = 4
4009940 openat(AT_FDCWD, "/data/d0/y24/yzyang4/.local/share/uv/python/cpython-3.11.15-linux-x86_64-gnu/lib/python3.11/re/__pycache__/_compiler.cpython-311.pyc", O_RDONLY|O_CLOEXEC) = 4
4009940 openat(AT_FDCWD, "/data/d0/y24/yzyang4/.local/share/uv/python/cpython-3.11.15-linux-x86_64-gnu/lib/python3.11/re/__pycache__/_parser.cpython-311.pyc", O_RDONLY|O_CLOEXEC) = 4
4009940 openat(AT_FDCWD, "/data/d0/y24/yzyang4/.local/share/uv/python/cpython-3.11.15-linux-x86_64-gnu/lib/python3.11/re/__pycache__/_constants.cpython-311.pyc", O_RDONLY|O_CLOEXEC) = 4
4009940 openat(AT_FDCWD, "/data/d0/y24/yzyang4/.local/share/uv/python/cpython-3.11.15-linux-x86_64-gnu/lib/python3.11/re/__pycache__/_casefix.cpython-311.pyc", O_RDONLY|O_CLOEXEC) = 4
4009940 openat(AT_FDCWD, "/data/d0/y24/yzyang4/.local/share/uv/python/cpython-3.11.15-linux-x86_64-gnu/lib/python3.11/__pycache__/copyreg.cpython-311.pyc", O_RDONLY|O_CLOEXEC) = 4
4009940 openat(AT_FDCWD, "/data/d0/y24/yzyang4/.local/share/uv/python/cpython-3.11.15-linux-x86_64-gnu/lib/python3.11/urllib/__pycache__/__init__.cpython-311.pyc", O_RDONLY|O_CLOEXEC) = 4
4009940 openat(AT_FDCWD, "/data/d0/y24/yzyang4/.local/share/uv/python/cpython-3.11.15-linux-x86_64-gnu/lib/python3.11/urllib", O_RDONLY|O_NONBLOCK|O_CLOEXEC|O_DIRECTORY) = 4
4009940 openat(AT_FDCWD, "/data/d0/y24/yzyang4/.local/share/uv/python/cpython-3.11.15-linux-x86_64-gnu/lib/python3.11/urllib/__pycache__/parse.cpython-311.pyc", O_RDONLY|O_CLOEXEC) = 4
4009940 openat(AT_FDCWD, "/data/d0/y24/yzyang4/.local/share/uv/python/cpython-3.11.15-linux-x86_64-gnu/lib/python3.11/__pycache__/ipaddress.cpython-311.pyc", O_RDONLY|O_CLOEXEC) = 4
4009940 openat(AT_FDCWD, "/research/d7/spc/yzyang4/venvs/exp/lib/python3.11/site-packages/_cuda_bindings_redirector.pth", O_RDONLY|O_CLOEXEC) = 3
4009940 openat(AT_FDCWD, "/research/d7/spc/yzyang4/venvs/exp/lib/python3.11/site-packages/__pycache__/_cuda_bindings_redirector.cpython-311.pyc", O_RDONLY|O_CLOEXEC) = 4
4009940 openat(AT_FDCWD, "/research/d7/spc/yzyang4/venvs/exp/lib/python3.11/site-packages/_virtualenv.pth", O_RDONLY|O_CLOEXEC) = 3
4009940 openat(AT_FDCWD, "/research/d7/spc/yzyang4/venvs/exp/lib/python3.11/site-packages/__pycache__/_virtualenv.cpython-311.pyc", O_RDONLY|O_CLOEXEC) = 4
4009940 openat(AT_FDCWD, "/research/d7/spc/yzyang4/venvs/exp/lib/python3.11/site-packages/autogluon-1.4.0-py3.9-nspkg.pth", O_RDONLY|O_CLOEXEC) = 3
4009940 openat(AT_FDCWD, "/research/d7/spc/yzyang4/venvs/exp/lib/python3.11/site-packages/autogluon.common-1.4.0-py3.9-nspkg.pth", O_RDONLY|O_CLOEXEC) = 3
4009940 openat(AT_FDCWD, "/research/d7/spc/yzyang4/venvs/exp/lib/python3.11/site-packages/autogluon.core-1.4.0-py3.9-nspkg.pth", O_RDONLY|O_CLOEXEC) = 3
4009940 openat(AT_FDCWD, "/research/d7/spc/yzyang4/venvs/exp/lib/python3.11/site-packages/autogluon.features-1.4.0-py3.9-nspkg.pth", O_RDONLY|O_CLOEXEC) = 3
4009940 openat(AT_FDCWD, "/research/d7/spc/yzyang4/venvs/exp/lib/python3.11/site-packages/autogluon.multimodal-1.4.0-py3.9-nspkg.pth", O_RDONLY|O_CLOEXEC) = 3
4009940 openat(AT_FDCWD, "/research/d7/spc/yzyang4/venvs/exp/lib/python3.11/site-packages/autogluon.tabular-1.4.0-py3.9-nspkg.pth", O_RDONLY|O_CLOEXEC) = 3
4009940 openat(AT_FDCWD, "/research/d7/spc/yzyang4/venvs/exp/lib/python3.11/site-packages/autogluon.timeseries-1.4.0-py3.9-nspkg.pth", O_RDONLY|O_CLOEXEC) = 3
4009940 openat(AT_FDCWD, "/research/d7/spc/yzyang4/venvs/exp/lib/python3.11/site-packages/coloredlogs.pth", O_RDONLY|O_CLOEXEC) = 3
4009940 openat(AT_FDCWD, "/research/d7/spc/yzyang4/venvs/exp/lib/python3.11/site-packages/distutils-precedence.pth", O_RDONLY|O_CLOEXEC) = 3
4009940 openat(AT_FDCWD, "/research/d7/spc/yzyang4/venvs/exp/lib/python3.11/site-packages/_distutils_hack/__pycache__/__init__.cpython-311.pyc", O_RDONLY|O_CLOEXEC) = 4
4009940 openat(AT_FDCWD, "/research/d7/spc/yzyang4/venvs/exp/lib/python3.11/site-packages/google_generativeai-0.8.4-py3.12-nspkg.pth", O_RDONLY|O_CLOEXEC) = 3
4009940 openat(AT_FDCWD, "/research/d7/spc/yzyang4/venvs/exp/lib/python3.11/site-packages", O_RDONLY|O_NONBLOCK|O_CLOEXEC|O_DIRECTORY) = 3
4009940 openat(AT_FDCWD, "/research/d7/spc/yzyang4/venvs/exp/lib/python3.11/site-packages/__editable__.mlebench-1.0.0.pth", O_RDONLY|O_CLOEXEC) = 3
4009940 openat(AT_FDCWD, "/research/d7/spc/yzyang4/venvs/exp/lib/python3.11/site-packages/_cuda_bindings_redirector.pth", O_RDONLY|O_CLOEXEC) = 3
4009940 openat(AT_FDCWD, "/research/d7/spc/yzyang4/venvs/exp/lib/python3.11/site-packages/_virtualenv.pth", O_RDONLY|O_CLOEXEC) = 3
4009940 openat(AT_FDCWD, "/research/d7/spc/yzyang4/venvs/exp/lib/python3.11/site-packages/autogluon-1.4.0-py3.9-nspkg.pth", O_RDONLY|O_CLOEXEC) = 3
4009940 openat(AT_FDCWD, "/research/d7/spc/yzyang4/venvs/exp/lib/python3.11/site-packages/autogluon.common-1.4.0-py3.9-nspkg.pth", O_RDONLY|O_CLOEXEC) = 3
4009940 openat(AT_FDCWD, "/research/d7/spc/yzyang4/venvs/exp/lib/python3.11/site-packages/autogluon.core-1.4.0-py3.9-nspkg.pth", O_RDONLY|O_CLOEXEC) = 3
4009940 openat(AT_FDCWD, "/research/d7/spc/yzyang4/venvs/exp/lib/python3.11/site-packages/autogluon.features-1.4.0-py3.9-nspkg.pth", O_RDONLY|O_CLOEXEC) = 3
4009940 openat(AT_FDCWD, "/research/d7/spc/yzyang4/venvs/exp/lib/python3.11/site-packages/autogluon.multimodal-1.4.0-py3.9-nspkg.pth", O_RDONLY|O_CLOEXEC) = 3
4009940 openat(AT_FDCWD, "/research/d7/spc/yzyang4/venvs/exp/lib/python3.11/site-packages/autogluon.tabular-1.4.0-py3.9-nspkg.pth", O_RDONLY|O_CLOEXEC) = 3
4009940 openat(AT_FDCWD, "/research/d7/spc/yzyang4/venvs/exp/lib/python3.11/site-packages/autogluon.timeseries-1.4.0-py3.9-nspkg.pth", O_RDONLY|O_CLOEXEC) = 3
4009940 openat(AT_FDCWD, "/research/d7/spc/yzyang4/venvs/exp/lib/python3.11/site-packages/coloredlogs.pth", O_RDONLY|O_CLOEXEC) = 3
4009940 openat(AT_FDCWD, "/research/d7/spc/yzyang4/venvs/exp/lib/python3.11/site-packages/distutils-precedence.pth", O_RDONLY|O_CLOEXEC) = 3
4009940 openat(AT_FDCWD, "/research/d7/spc/yzyang4/venvs/exp/lib/python3.11/site-packages/google_generativeai-0.8.4-py3.12-nspkg.pth", O_RDONLY|O_CLOEXEC) = 3
4009940 openat(AT_FDCWD, "/research/d7/spc/yzyang4/decision-corpus-evidence-v8/prereg-3d30826/phase1/finalize_historical_release_future_identifier_erased_package.py", O_RDONLY|O_CLOEXEC) = 3
4009940 openat(AT_FDCWD, "/research/d7/spc/yzyang4/decision-corpus-evidence-v8/prereg-3d30826/phase1/finalize_historical_release_future_identifier_erased_package.py", O_RDONLY) = 3
4009940 openat(AT_FDCWD, "/research/d7/spc/yzyang4/decision-corpus-evidence-v8/prereg-3d30826/phase1", O_RDONLY|O_NONBLOCK|O_CLOEXEC|O_DIRECTORY) = 3
4009940 openat(AT_FDCWD, "/data/d0/y24/yzyang4/.local/share/uv/python/cpython-3.11.15-linux-x86_64-gnu/lib/python3.11/__pycache__/argparse.cpython-311.pyc", O_RDONLY|O_CLOEXEC) = 3
4009940 openat(AT_FDCWD, "/data/d0/y24/yzyang4/.local/share/uv/python/cpython-3.11.15-linux-x86_64-gnu/lib/python3.11/__pycache__/gettext.cpython-311.pyc", O_RDONLY|O_CLOEXEC) = 3
4009940 openat(AT_FDCWD, "/data/d0/y24/yzyang4/.local/share/uv/python/cpython-3.11.15-linux-x86_64-gnu/lib/python3.11/__pycache__/hashlib.cpython-311.pyc", O_RDONLY|O_CLOEXEC) = 3
4009940 openat(AT_FDCWD, "/etc/ssl/openssl.cnf", O_RDONLY) = 3
4009940 openat(AT_FDCWD, "/data/d0/y24/yzyang4/.local/share/uv/python/cpython-3.11.15-linux-x86_64-gnu/lib/python3.11/json/__pycache__/__init__.cpython-311.pyc", O_RDONLY|O_CLOEXEC) = 3
4009940 openat(AT_FDCWD, "/data/d0/y24/yzyang4/.local/share/uv/python/cpython-3.11.15-linux-x86_64-gnu/lib/python3.11/json", O_RDONLY|O_NONBLOCK|O_CLOEXEC|O_DIRECTORY) = 3
4009940 openat(AT_FDCWD, "/data/d0/y24/yzyang4/.local/share/uv/python/cpython-3.11.15-linux-x86_64-gnu/lib/python3.11/json/__pycache__/decoder.cpython-311.pyc", O_RDONLY|O_CLOEXEC) = 3
4009940 openat(AT_FDCWD, "/data/d0/y24/yzyang4/.local/share/uv/python/cpython-3.11.15-linux-x86_64-gnu/lib/python3.11/json/__pycache__/scanner.cpython-311.pyc", O_RDONLY|O_CLOEXEC) = 3
4009940 openat(AT_FDCWD, "/data/d0/y24/yzyang4/.local/share/uv/python/cpython-3.11.15-linux-x86_64-gnu/lib/python3.11/json/__pycache__/encoder.cpython-311.pyc", O_RDONLY|O_CLOEXEC) = 3
4009940 openat(AT_FDCWD, "/data/d0/y24/yzyang4/.local/share/uv/python/cpython-3.11.15-linux-x86_64-gnu/lib/python3.11/__pycache__/shutil.cpython-311.pyc", O_RDONLY|O_CLOEXEC) = 3
4009940 openat(AT_FDCWD, "/data/d0/y24/yzyang4/.local/share/uv/python/cpython-3.11.15-linux-x86_64-gnu/lib/python3.11/__pycache__/bz2.cpython-311.pyc", O_RDONLY|O_CLOEXEC) = 3
4009940 openat(AT_FDCWD, "/data/d0/y24/yzyang4/.local/share/uv/python/cpython-3.11.15-linux-x86_64-gnu/lib/python3.11/__pycache__/_compression.cpython-311.pyc", O_RDONLY|O_CLOEXEC) = 3
4009940 openat(AT_FDCWD, "/data/d0/y24/yzyang4/.local/share/uv/python/cpython-3.11.15-linux-x86_64-gnu/lib/python3.11/__pycache__/lzma.cpython-311.pyc", O_RDONLY|O_CLOEXEC) = 3
4009940 openat(AT_FDCWD, "/data/d0/y24/yzyang4/.local/share/uv/python/cpython-3.11.15-linux-x86_64-gnu/lib/python3.11/__pycache__/subprocess.cpython-311.pyc", O_RDONLY|O_CLOEXEC) = 3
4009940 openat(AT_FDCWD, "/data/d0/y24/yzyang4/.local/share/uv/python/cpython-3.11.15-linux-x86_64-gnu/lib/python3.11/__pycache__/locale.cpython-311.pyc", O_RDONLY|O_CLOEXEC) = 3
4009940 openat(AT_FDCWD, "/data/d0/y24/yzyang4/.local/share/uv/python/cpython-3.11.15-linux-x86_64-gnu/lib/python3.11/__pycache__/signal.cpython-311.pyc", O_RDONLY|O_CLOEXEC) = 3
4009940 openat(AT_FDCWD, "/data/d0/y24/yzyang4/.local/share/uv/python/cpython-3.11.15-linux-x86_64-gnu/lib/python3.11/__pycache__/selectors.cpython-311.pyc", O_RDONLY|O_CLOEXEC) = 3
4009940 openat(AT_FDCWD, "/data/d0/y24/yzyang4/.local/share/uv/python/cpython-3.11.15-linux-x86_64-gnu/lib/python3.11/collections", O_RDONLY|O_NONBLOCK|O_CLOEXEC|O_DIRECTORY) = 3
4009940 openat(AT_FDCWD, "/data/d0/y24/yzyang4/.local/share/uv/python/cpython-3.11.15-linux-x86_64-gnu/lib/python3.11/collections/__pycache__/abc.cpython-311.pyc", O_RDONLY|O_CLOEXEC) = 3
4009940 openat(AT_FDCWD, "/data/d0/y24/yzyang4/.local/share/uv/python/cpython-3.11.15-linux-x86_64-gnu/lib/python3.11/__pycache__/typing.cpython-311.pyc", O_RDONLY|O_CLOEXEC) = 3
4009941 openat(AT_FDCWD, "/proc/self/fd", O_RDONLY|O_CLOEXEC) = 3
4009941 openat(AT_FDCWD, "/usr/local/cuda-12.8/lib64/glibc-hwcaps/x86-64-v4/libpcre2-8.so.0", O_RDONLY|O_CLOEXEC) = -1 ENOENT (No such file or directory)
4009941 openat(AT_FDCWD, "/usr/local/cuda-12.8/lib64/glibc-hwcaps/x86-64-v3/libpcre2-8.so.0", O_RDONLY|O_CLOEXEC) = -1 ENOENT (No such file or directory)
4009941 openat(AT_FDCWD, "/usr/local/cuda-12.8/lib64/glibc-hwcaps/x86-64-v2/libpcre2-8.so.0", O_RDONLY|O_CLOEXEC) = -1 ENOENT (No such file or directory)
4009941 openat(AT_FDCWD, "/usr/local/cuda-12.8/lib64/libpcre2-8.so.0", O_RDONLY|O_CLOEXEC) = -1 ENOENT (No such file or directory)
4009941 openat(AT_FDCWD, "glibc-hwcaps/x86-64-v4/libpcre2-8.so.0", O_RDONLY|O_CLOEXEC) = -1 ENOENT (No such file or directory)
4009941 openat(AT_FDCWD, "glibc-hwcaps/x86-64-v3/libpcre2-8.so.0", O_RDONLY|O_CLOEXEC) = -1 ENOENT (No such file or directory)
4009941 openat(AT_FDCWD, "glibc-hwcaps/x86-64-v2/libpcre2-8.so.0", O_RDONLY|O_CLOEXEC) = -1 ENOENT (No such file or directory)
4009941 openat(AT_FDCWD, "libpcre2-8.so.0", O_RDONLY|O_CLOEXEC) = -1 ENOENT (No such file or directory)
4009941 openat(AT_FDCWD, "/etc/ld.so.cache", O_RDONLY|O_CLOEXEC) = 3
4009941 openat(AT_FDCWD, "/lib/x86_64-linux-gnu/libpcre2-8.so.0", O_RDONLY|O_CLOEXEC) = 3
4009941 openat(AT_FDCWD, "glibc-hwcaps/x86-64-v4/libz.so.1", O_RDONLY|O_CLOEXEC) = -1 ENOENT (No such file or directory)
4009941 openat(AT_FDCWD, "glibc-hwcaps/x86-64-v3/libz.so.1", O_RDONLY|O_CLOEXEC) = -1 ENOENT (No such file or directory)
4009941 openat(AT_FDCWD, "glibc-hwcaps/x86-64-v2/libz.so.1", O_RDONLY|O_CLOEXEC) = -1 ENOENT (No such file or directory)
4009941 openat(AT_FDCWD, "libz.so.1", O_RDONLY|O_CLOEXEC) = -1 ENOENT (No such file or directory)
4009941 openat(AT_FDCWD, "/lib/x86_64-linux-gnu/libz.so.1", O_RDONLY|O_CLOEXEC) = 3
4009941 openat(AT_FDCWD, "glibc-hwcaps/x86-64-v4/libc.so.6", O_RDONLY|O_CLOEXEC) = -1 ENOENT (No such file or directory)
4009941 openat(AT_FDCWD, "glibc-hwcaps/x86-64-v3/libc.so.6", O_RDONLY|O_CLOEXEC) = -1 ENOENT (No such file or directory)
4009941 openat(AT_FDCWD, "glibc-hwcaps/x86-64-v2/libc.so.6", O_RDONLY|O_CLOEXEC) = -1 ENOENT (No such file or directory)
4009941 openat(AT_FDCWD, "libc.so.6", O_RDONLY|O_CLOEXEC) = -1 ENOENT (No such file or directory)
4009941 openat(AT_FDCWD, "/lib/x86_64-linux-gnu/libc.so.6", O_RDONLY|O_CLOEXEC) = 3
4009941 openat(AT_FDCWD, "/dev/null", O_RDWR) = 3
4009941 openat(AT_FDCWD, "/usr/lib/locale/locale-archive", O_RDONLY|O_CLOEXEC) = 3
4009941 openat(AT_FDCWD, "/uac/y24/yzyang4/.gitconfig", O_RDONLY) = 3
4009941 openat(AT_FDCWD, "/research/d7/spc/yzyang4/decision-corpus-evidence-v8/prereg-3d30826/.git", O_RDONLY) = 3
4009941 openat(AT_FDCWD, "/research/d7/spc/yzyang4/aira-dojo/.git/worktrees/prereg-3d30826/HEAD", O_RDONLY) = 3
4009941 openat(AT_FDCWD, "/research/d7/spc/yzyang4/aira-dojo/.git/worktrees/prereg-3d30826/commondir", O_RDONLY) = 3
4009941 openat(AT_FDCWD, "/research/d7/spc/yzyang4/aira-dojo/.git/worktrees/prereg-3d30826/commondir", O_RDONLY) = 3
4009941 openat(AT_FDCWD, "/research/d7/spc/yzyang4/aira-dojo/.git/config", O_RDONLY) = 3
4009941 openat(AT_FDCWD, "/research/d7/spc/yzyang4/aira-dojo/.git/worktrees/prereg-3d30826/config.worktree", O_RDONLY) = -1 ENOENT (No such file or directory)
4009941 openat(AT_FDCWD, "/research/d7/spc/yzyang4/aira-dojo/.git/worktrees/prereg-3d30826/commondir", O_RDONLY) = 3
4009941 openat(AT_FDCWD, "/uac/y24/yzyang4/.gitconfig", O_RDONLY) = 3
4009941 openat(AT_FDCWD, "/research/d7/spc/yzyang4/aira-dojo/.git/config", O_RDONLY) = 3
4009941 openat(AT_FDCWD, "/research/d7/spc/yzyang4/aira-dojo/.git/worktrees/prereg-3d30826/commondir", O_RDONLY) = 3
4009941 openat(AT_FDCWD, "/research/d7/spc/yzyang4/aira-dojo/.git/worktrees/prereg-3d30826/HEAD", O_RDONLY) = 3
4009941 openat(AT_FDCWD, "/research/d7/spc/yzyang4/aira-dojo/.git/packed-refs", O_RDONLY) = 3
4009940 --- SIGCHLD {si_signo=SIGCHLD, si_code=CLD_EXITED, si_pid=4009941, si_uid=7542, si_status=0, si_utime=0, si_stime=0} ---
4009942 openat(AT_FDCWD, "/proc/self/fd", O_RDONLY|O_CLOEXEC) = 3
4009942 openat(AT_FDCWD, "/usr/local/cuda-12.8/lib64/glibc-hwcaps/x86-64-v4/libpcre2-8.so.0", O_RDONLY|O_CLOEXEC) = -1 ENOENT (No such file or directory)
4009942 openat(AT_FDCWD, "/usr/local/cuda-12.8/lib64/glibc-hwcaps/x86-64-v3/libpcre2-8.so.0", O_RDONLY|O_CLOEXEC) = -1 ENOENT (No such file or directory)
4009942 openat(AT_FDCWD, "/usr/local/cuda-12.8/lib64/glibc-hwcaps/x86-64-v2/libpcre2-8.so.0", O_RDONLY|O_CLOEXEC) = -1 ENOENT (No such file or directory)
4009942 openat(AT_FDCWD, "/usr/local/cuda-12.8/lib64/libpcre2-8.so.0", O_RDONLY|O_CLOEXEC) = -1 ENOENT (No such file or directory)
4009942 openat(AT_FDCWD, "glibc-hwcaps/x86-64-v4/libpcre2-8.so.0", O_RDONLY|O_CLOEXEC) = -1 ENOENT (No such file or directory)
4009942 openat(AT_FDCWD, "glibc-hwcaps/x86-64-v3/libpcre2-8.so.0", O_RDONLY|O_CLOEXEC) = -1 ENOENT (No such file or directory)
4009942 openat(AT_FDCWD, "glibc-hwcaps/x86-64-v2/libpcre2-8.so.0", O_RDONLY|O_CLOEXEC) = -1 ENOENT (No such file or directory)
4009942 openat(AT_FDCWD, "libpcre2-8.so.0", O_RDONLY|O_CLOEXEC) = -1 ENOENT (No such file or directory)
4009942 openat(AT_FDCWD, "/etc/ld.so.cache", O_RDONLY|O_CLOEXEC) = 3
4009942 openat(AT_FDCWD, "/lib/x86_64-linux-gnu/libpcre2-8.so.0", O_RDONLY|O_CLOEXEC) = 3
4009942 openat(AT_FDCWD, "glibc-hwcaps/x86-64-v4/libz.so.1", O_RDONLY|O_CLOEXEC) = -1 ENOENT (No such file or directory)
4009942 openat(AT_FDCWD, "glibc-hwcaps/x86-64-v3/libz.so.1", O_RDONLY|O_CLOEXEC) = -1 ENOENT (No such file or directory)
4009942 openat(AT_FDCWD, "glibc-hwcaps/x86-64-v2/libz.so.1", O_RDONLY|O_CLOEXEC) = -1 ENOENT (No such file or directory)
4009942 openat(AT_FDCWD, "libz.so.1", O_RDONLY|O_CLOEXEC) = -1 ENOENT (No such file or directory)
4009942 openat(AT_FDCWD, "/lib/x86_64-linux-gnu/libz.so.1", O_RDONLY|O_CLOEXEC) = 3
4009942 openat(AT_FDCWD, "glibc-hwcaps/x86-64-v4/libc.so.6", O_RDONLY|O_CLOEXEC) = -1 ENOENT (No such file or directory)
4009942 openat(AT_FDCWD, "glibc-hwcaps/x86-64-v3/libc.so.6", O_RDONLY|O_CLOEXEC) = -1 ENOENT (No such file or directory)
4009942 openat(AT_FDCWD, "glibc-hwcaps/x86-64-v2/libc.so.6", O_RDONLY|O_CLOEXEC) = -1 ENOENT (No such file or directory)
4009942 openat(AT_FDCWD, "libc.so.6", O_RDONLY|O_CLOEXEC) = -1 ENOENT (No such file or directory)
4009942 openat(AT_FDCWD, "/lib/x86_64-linux-gnu/libc.so.6", O_RDONLY|O_CLOEXEC) = 3
4009942 openat(AT_FDCWD, "/dev/null", O_RDWR) = 3
4009942 openat(AT_FDCWD, "/usr/lib/locale/locale-archive", O_RDONLY|O_CLOEXEC) = 3
4009942 openat(AT_FDCWD, "/uac/y24/yzyang4/.gitconfig", O_RDONLY) = 3
4009942 openat(AT_FDCWD, "/research/d7/spc/yzyang4/decision-corpus-evidence-v8/prereg-3d30826/.git", O_RDONLY) = 3
4009942 openat(AT_FDCWD, "/research/d7/spc/yzyang4/aira-dojo/.git/worktrees/prereg-3d30826/HEAD", O_RDONLY) = 3
4009942 openat(AT_FDCWD, "/research/d7/spc/yzyang4/aira-dojo/.git/worktrees/prereg-3d30826/commondir", O_RDONLY) = 3
4009942 openat(AT_FDCWD, "/research/d7/spc/yzyang4/aira-dojo/.git/worktrees/prereg-3d30826/commondir", O_RDONLY) = 3
4009942 openat(AT_FDCWD, "/research/d7/spc/yzyang4/aira-dojo/.git/config", O_RDONLY) = 3
4009942 openat(AT_FDCWD, "/research/d7/spc/yzyang4/aira-dojo/.git/worktrees/prereg-3d30826/config.worktree", O_RDONLY) = -1 ENOENT (No such file or directory)
4009942 openat(AT_FDCWD, "/research/d7/spc/yzyang4/aira-dojo/.git/worktrees/prereg-3d30826/commondir", O_RDONLY) = 3
4009942 openat(AT_FDCWD, "/uac/y24/yzyang4/.gitconfig", O_RDONLY) = 3
4009942 openat(AT_FDCWD, "/research/d7/spc/yzyang4/aira-dojo/.git/config", O_RDONLY) = 3
4009942 openat(AT_FDCWD, "/uac/y24/yzyang4/.gitconfig", O_RDONLY) = 3
4009942 openat(AT_FDCWD, "/research/d7/spc/yzyang4/aira-dojo/.git/config", O_RDONLY) = 3
4009942 openat(AT_FDCWD, "/research/d7/spc/yzyang4/aira-dojo/.git/worktrees/prereg-3d30826/commondir", O_RDONLY) = 3
4009942 openat(AT_FDCWD, "/research/d7/spc/yzyang4/aira-dojo/.git/worktrees/prereg-3d30826/HEAD", O_RDONLY) = 3
4009942 openat(AT_FDCWD, "/research/d7/spc/yzyang4/aira-dojo/.git/packed-refs", O_RDONLY) = 3
4009942 openat(AT_FDCWD, "/research/d7/spc/yzyang4/aira-dojo/.git/worktrees/prereg-3d30826/index", O_RDONLY) = 3
4009942 openat(AT_FDCWD, "/usr/share/locale/locale.alias", O_RDONLY|O_CLOEXEC) = 3
4009942 openat(AT_FDCWD, "/usr/share/locale/en_US.UTF-8/LC_MESSAGES/git.mo", O_RDONLY) = -1 ENOENT (No such file or directory)
4009942 openat(AT_FDCWD, "/usr/share/locale/en_US.utf8/LC_MESSAGES/git.mo", O_RDONLY) = -1 ENOENT (No such file or directory)
4009942 openat(AT_FDCWD, "/usr/share/locale/en_US/LC_MESSAGES/git.mo", O_RDONLY) = -1 ENOENT (No such file or directory)
4009942 openat(AT_FDCWD, "/usr/share/locale/en.UTF-8/LC_MESSAGES/git.mo", O_RDONLY) = -1 ENOENT (No such file or directory)
4009942 openat(AT_FDCWD, "/usr/share/locale/en.utf8/LC_MESSAGES/git.mo", O_RDONLY) = -1 ENOENT (No such file or directory)
4009942 openat(AT_FDCWD, "/usr/share/locale/en/LC_MESSAGES/git.mo", O_RDONLY) = -1 ENOENT (No such file or directory)
4009942 openat(AT_FDCWD, "/usr/share/locale-langpack/en_US.UTF-8/LC_MESSAGES/git.mo", O_RDONLY) = -1 ENOENT (No such file or directory)
4009942 openat(AT_FDCWD, "/usr/share/locale-langpack/en_US.utf8/LC_MESSAGES/git.mo", O_RDONLY) = -1 ENOENT (No such file or directory)
4009942 openat(AT_FDCWD, "/usr/share/locale-langpack/en_US/LC_MESSAGES/git.mo", O_RDONLY) = -1 ENOENT (No such file or directory)
4009942 openat(AT_FDCWD, "/usr/share/locale-langpack/en.UTF-8/LC_MESSAGES/git.mo", O_RDONLY) = -1 ENOENT (No such file or directory)
4009942 openat(AT_FDCWD, "/usr/share/locale-langpack/en.utf8/LC_MESSAGES/git.mo", O_RDONLY) = -1 ENOENT (No such file or directory)
4009942 openat(AT_FDCWD, "/usr/share/locale-langpack/en/LC_MESSAGES/git.mo", O_RDONLY) = -1 ENOENT (No such file or directory)
4009942 openat(AT_FDCWD, "/research/d7/spc/yzyang4/aira-dojo/.git/worktrees/prereg-3d30826/index.lock", O_RDWR|O_CREAT|O_EXCL|O_CLOEXEC, 0666) = 3
4009942 openat(AT_FDCWD, "/research/d7/spc/yzyang4/aira-dojo/.git/worktrees/prereg-3d30826/HEAD", O_RDONLY) = 4
4009942 openat(AT_FDCWD, "/research/d7/spc/yzyang4/aira-dojo/.git/worktrees/prereg-3d30826/HEAD", O_RDONLY) = 4
4009942 openat(AT_FDCWD, "/research/d7/spc/yzyang4/aira-dojo/.git/refs/", O_RDONLY|O_NONBLOCK|O_CLOEXEC|O_DIRECTORY) = 4
4009942 openat(AT_FDCWD, "/research/d7/spc/yzyang4/aira-dojo/.git/info/grafts", O_RDONLY) = -1 ENOENT (No such file or directory)
4009942 openat(AT_FDCWD, "/research/d7/spc/yzyang4/aira-dojo/.git/shallow", O_RDONLY) = -1 ENOENT (No such file or directory)
4009942 openat(AT_FDCWD, "/research/d7/spc/yzyang4/aira-dojo/.git/objects/info/alternates", O_RDONLY) = -1 ENOENT (No such file or directory)
4009942 openat(AT_FDCWD, "/research/d7/spc/yzyang4/aira-dojo/.git/objects/info/commit-graph", O_RDONLY|O_CLOEXEC) = 4
4009942 openat(AT_FDCWD, "/research/d7/spc/yzyang4/aira-dojo/.git/objects/pack/multi-pack-index", O_RDONLY|O_CLOEXEC) = -1 ENOENT (No such file or directory)
4009942 openat(AT_FDCWD, "/research/d7/spc/yzyang4/aira-dojo/.git/objects/pack", O_RDONLY|O_NONBLOCK|O_CLOEXEC|O_DIRECTORY) = 4
4009942 openat(AT_FDCWD, "/research/d7/spc/yzyang4/aira-dojo/.git/objects/pack/pack-19e2fd68c6f0d1d612308f7194a5e1710bdd1769.idx", O_RDONLY|O_CLOEXEC) = 4
4009942 openat(AT_FDCWD, "/research/d7/spc/yzyang4/aira-dojo/.git/objects/pack/pack-d9cc202849fb713d3ac4e3b4617e15bedc3e8b2a.idx", O_RDONLY|O_CLOEXEC) = 4
4009942 openat(AT_FDCWD, "/research/d7/spc/yzyang4/aira-dojo/.git/objects/pack/pack-d9cc202849fb713d3ac4e3b4617e15bedc3e8b2a.pack", O_RDONLY|O_CLOEXEC) = 4
4009942 openat(AT_FDCWD, "/research/d7/spc/yzyang4/aira-dojo/.git/info/exclude", O_RDONLY) = 4
4009942 openat(AT_FDCWD, "/research/d7/spc/yzyang4/aira-dojo/.git/info/exclude", O_RDONLY) = 4
4009942 openat(AT_FDCWD, ".", O_RDONLY|O_NONBLOCK|O_CLOEXEC|O_DIRECTORY) = 4
4009942 openat(AT_FDCWD, ".gitignore", O_RDONLY|O_NOFOLLOW) = 5
4009942 openat(AT_FDCWD, ".streamlit/", O_RDONLY|O_NONBLOCK|O_CLOEXEC|O_DIRECTORY) = 5
4009942 openat(AT_FDCWD, "assets/", O_RDONLY|O_NONBLOCK|O_CLOEXEC|O_DIRECTORY) = 5
4009942 openat(AT_FDCWD, "docs/", O_RDONLY|O_NONBLOCK|O_CLOEXEC|O_DIRECTORY) = 5
4009942 openat(AT_FDCWD, "notebooks/", O_RDONLY|O_NONBLOCK|O_CLOEXEC|O_DIRECTORY) = 5
4009942 openat(AT_FDCWD, "phase1/", O_RDONLY|O_NONBLOCK|O_CLOEXEC|O_DIRECTORY) = 5
4009942 openat(AT_FDCWD, "phase1/.gitignore", O_RDONLY|O_NOFOLLOW) = 6
4009942 openat(AT_FDCWD, "phase1/archive/", O_RDONLY|O_NONBLOCK|O_CLOEXEC|O_DIRECTORY) = 6
4009942 openat(AT_FDCWD, "phase1/artifact_cascade_v9/", O_RDONLY|O_NONBLOCK|O_CLOEXEC|O_DIRECTORY) = 6
4009942 openat(AT_FDCWD, "phase1/censor_aware_racing_v9/", O_RDONLY|O_NONBLOCK|O_CLOEXEC|O_DIRECTORY) = 6
4009942 openat(AT_FDCWD, "phase1/contracts/", O_RDONLY|O_NONBLOCK|O_CLOEXEC|O_DIRECTORY) = 6
4009942 openat(AT_FDCWD, "phase1/corpus_releases/", O_RDONLY|O_NONBLOCK|O_CLOEXEC|O_DIRECTORY) = 6
4009942 openat(AT_FDCWD, "phase1/coverage_escalation_v9/", O_RDONLY|O_NONBLOCK|O_CLOEXEC|O_DIRECTORY) = 6
4009942 openat(AT_FDCWD, "phase1/coverage_escalation_v9_cap30/", O_RDONLY|O_NONBLOCK|O_CLOEXEC|O_DIRECTORY) = 6
4009942 openat(AT_FDCWD, "phase1/critic_gated_escalation_v9/", O_RDONLY|O_NONBLOCK|O_CLOEXEC|O_DIRECTORY) = 6
4009942 openat(AT_FDCWD, "phase1/critics/", O_RDONLY|O_NONBLOCK|O_CLOEXEC|O_DIRECTORY) = 6
4009942 openat(AT_FDCWD, "phase1/deployment_semantics_v9/", O_RDONLY|O_NONBLOCK|O_CLOEXEC|O_DIRECTORY) = 6
4009942 openat(AT_FDCWD, "phase1/eval/", O_RDONLY|O_NONBLOCK|O_CLOEXEC|O_DIRECTORY) = 6
4009942 openat(AT_FDCWD, "phase1/dose_paired_rigor_v9/", O_RDONLY|O_NONBLOCK|O_CLOEXEC|O_DIRECTORY) = 6
4009942 openat(AT_FDCWD, "phase1/examples/", O_RDONLY|O_NONBLOCK|O_CLOEXEC|O_DIRECTORY) = 6
4009942 openat(AT_FDCWD, "phase1/foreagent_alignment_audit_v2/", O_RDONLY|O_NONBLOCK|O_CLOEXEC|O_DIRECTORY) = 6
4009942 openat(AT_FDCWD, "phase1/late_artifact_pilot_v1/", O_RDONLY|O_NONBLOCK|O_CLOEXEC|O_DIRECTORY) = 6
4009942 openat(AT_FDCWD, "phase1/late_artifact_pilot_v1/.gitignore", O_RDONLY|O_NOFOLLOW) = -1 ENOENT (No such file or directory)
4009942 openat(AT_FDCWD, "phase1/late_artifact_pilot_v1/cards/", O_RDONLY|O_NONBLOCK|O_CLOEXEC|O_DIRECTORY) = 7
4009942 openat(AT_FDCWD, "phase1/late_artifact_pilot_v1/cards/.gitignore", O_RDONLY|O_NOFOLLOW) = -1 ENOENT (No such file or directory)
4009942 openat(AT_FDCWD, "phase1/late_artifact_pilot_v1/cards/27966d6574d962d5c706d9517bb127a4a3c76f80112a84029032334e26b888ac/", O_RDONLY|O_NONBLOCK|O_CLOEXEC|O_DIRECTORY) = 8
4009942 openat(AT_FDCWD, "phase1/late_artifact_pilot_v1/cards/637c40973d6ac07054e9d2a0b8a90356e2d5f350ee4d22efbced9c958b1f799a/", O_RDONLY|O_NONBLOCK|O_CLOEXEC|O_DIRECTORY) = 8
4009942 openat(AT_FDCWD, "phase1/late_artifact_pilot_v1/cards/6b221359f3ab010543d29cc3cf1802b0c8ac9826ea6cb4d345add4622c2c5810/", O_RDONLY|O_NONBLOCK|O_CLOEXEC|O_DIRECTORY) = 8
4009942 openat(AT_FDCWD, "phase1/late_artifact_pilot_v1/cards/824be8fadc24f9460db4ca0817f4d081348e9cf16599bddcbfcf4111dcc085ec/", O_RDONLY|O_NONBLOCK|O_CLOEXEC|O_DIRECTORY) = 8
4009942 openat(AT_FDCWD, "phase1/late_artifact_pilot_v1/cards/a54c628e4ef18ab17685e44509211204795b31f8c0db512b2629d9e536cb83fe/", O_RDONLY|O_NONBLOCK|O_CLOEXEC|O_DIRECTORY) = 8
4009942 openat(AT_FDCWD, "phase1/late_artifact_pilot_v1/cards/d39b1d1cbcd8a2cac6efa4b613f9ffc6c6683fa712ab786e8d5ab27fa81528c6/", O_RDONLY|O_NONBLOCK|O_CLOEXEC|O_DIRECTORY) = 8
4009942 openat(AT_FDCWD, "phase1/manifests/", O_RDONLY|O_NONBLOCK|O_CLOEXEC|O_DIRECTORY) = 6
4009942 openat(AT_FDCWD, "phase1/mock/", O_RDONLY|O_NONBLOCK|O_CLOEXEC|O_DIRECTORY) = 6
4009942 openat(AT_FDCWD, "phase1/observability_v9/", O_RDONLY|O_NONBLOCK|O_CLOEXEC|O_DIRECTORY) = 6
4009942 openat(AT_FDCWD, "phase1/parent_certified_v9/", O_RDONLY|O_NONBLOCK|O_CLOEXEC|O_DIRECTORY) = 6
4009942 openat(AT_FDCWD, "phase1/probe_contract_ab_safety_v2/", O_RDONLY|O_NONBLOCK|O_CLOEXEC|O_DIRECTORY) = 6
4009942 openat(AT_FDCWD, "phase1/probe_contract_ab_safety_v2/.gitignore", O_RDONLY|O_NOFOLLOW) = -1 ENOENT (No such file or directory)
4009942 openat(AT_FDCWD, "phase1/probe_contract_ab_safety_v2/prereg/", O_RDONLY|O_NONBLOCK|O_CLOEXEC|O_DIRECTORY) = 7
4009942 openat(AT_FDCWD, "phase1/reports/", O_RDONLY|O_NONBLOCK|O_CLOEXEC|O_DIRECTORY) = 6
4009942 openat(AT_FDCWD, "phase1/results/", O_RDONLY|O_NONBLOCK|O_CLOEXEC|O_DIRECTORY) = 6
4009942 openat(AT_FDCWD, "phase1/results/.gitignore", O_RDONLY|O_NOFOLLOW) = -1 ENOENT (No such file or directory)
4009942 openat(AT_FDCWD, "phase1/results/agentic_benchmark_checklist_crosswalk_v1_20260825/", O_RDONLY|O_NONBLOCK|O_CLOEXEC|O_DIRECTORY) = 7
4009942 openat(AT_FDCWD, "phase1/results/agentic_benchmark_checklist_crosswalk_v2_20260826_c97371d/", O_RDONLY|O_NONBLOCK|O_CLOEXEC|O_DIRECTORY) = 7
4009942 openat(AT_FDCWD, "phase1/results/archive_content_alias_disposition_8579_20260827_9b7640a/", O_RDONLY|O_NONBLOCK|O_CLOEXEC|O_DIRECTORY) = 7
4009942 openat(AT_FDCWD, "phase1/results/balanced_client_pilot_20260819_79bc2bb/", O_RDONLY|O_NONBLOCK|O_CLOEXEC|O_DIRECTORY) = 7
4009942 openat(AT_FDCWD, "phase1/results/balanced_client_smoke_20260819_f989b62/", O_RDONLY|O_NONBLOCK|O_CLOEXEC|O_DIRECTORY) = 7
4009942 openat(AT_FDCWD, "phase1/results/balanced_continuation_e1_real_20260814_e59a759d/", O_RDONLY|O_NONBLOCK|O_CLOEXEC|O_DIRECTORY) = 7
4009942 openat(AT_FDCWD, "phase1/results/balanced_continuation_e1_real_20260814_e59a759d/.gitignore", O_RDONLY|O_NOFOLLOW) = -1 ENOENT (No such file or directory)
4009942 openat(AT_FDCWD, "phase1/results/balanced_continuation_e1_real_20260814_e59a759d/collection/", O_RDONLY|O_NONBLOCK|O_CLOEXEC|O_DIRECTORY) = 8
4009942 openat(AT_FDCWD, "phase1/results/balanced_continuation_e1_real_20260814_e59a759d/job_rc/", O_RDONLY|O_NONBLOCK|O_CLOEXEC|O_DIRECTORY) = 8
4009942 openat(AT_FDCWD, "phase1/results/balanced_continuation_e1q_20260814_0d1ca6f/", O_RDONLY|O_NONBLOCK|O_CLOEXEC|O_DIRECTORY) = 7
4009942 openat(AT_FDCWD, "phase1/results/balanced_continuation_e1q_20260814_0d1ca6f/.gitignore", O_RDONLY|O_NOFOLLOW) = -1 ENOENT (No such file or directory)
4009942 openat(AT_FDCWD, "phase1/results/balanced_continuation_e1q_20260814_0d1ca6f/archive/", O_RDONLY|O_NONBLOCK|O_CLOEXEC|O_DIRECTORY) = 8
4009942 openat(AT_FDCWD, "phase1/results/balanced_continuation_e1q_20260814_0d1ca6f/archive/.gitignore", O_RDONLY|O_NOFOLLOW) = -1 ENOENT (No such file or directory)
4009942 openat(AT_FDCWD, "phase1/results/balanced_continuation_e1q_20260814_0d1ca6f/archive/collection/", O_RDONLY|O_NONBLOCK|O_CLOEXEC|O_DIRECTORY) = 9
4009942 openat(AT_FDCWD, "phase1/results/balanced_continuation_e1q_20260814_0d1ca6f/status_audit/", O_RDONLY|O_NONBLOCK|O_CLOEXEC|O_DIRECTORY) = 8
4009942 openat(AT_FDCWD, "phase1/results/balanced_continuation_e2a_hf_cache_20260819/", O_RDONLY|O_NONBLOCK|O_CLOEXEC|O_DIRECTORY) = 7
4009942 openat(AT_FDCWD, "phase1/results/balanced_continuation_e2a_support_20260819_733d25e/", O_RDONLY|O_NONBLOCK|O_CLOEXEC|O_DIRECTORY) = 7
4009942 openat(AT_FDCWD, "phase1/results/balanced_continuation_e2a_warm_timeout_20260819_0ee657a/", O_RDONLY|O_NONBLOCK|O_CLOEXEC|O_DIRECTORY) = 7
4009942 openat(AT_FDCWD, "phase1/results/balanced_continuation_qwen_execution_smoke_20260814_d89311a_a2/", O_RDONLY|O_NONBLOCK|O_CLOEXEC|O_DIRECTORY) = 7
4009942 openat(AT_FDCWD, "phase1/results/balanced_manifest_e0_20260814_4ff44dd/", O_RDONLY|O_NONBLOCK|O_CLOEXEC|O_DIRECTORY) = 7
4009942 openat(AT_FDCWD, "phase1/results/balanced_real_adapter_mock_20260814_eb2e693/", O_RDONLY|O_NONBLOCK|O_CLOEXEC|O_DIRECTORY) = 7
4009942 openat(AT_FDCWD, "phase1/results/balanced_worker_e0_20260814_f7b75a5/", O_RDONLY|O_NONBLOCK|O_CLOEXEC|O_DIRECTORY) = 7
4009942 openat(AT_FDCWD, "phase1/results/component_parent_context_audit_20260821_ecb81cd/", O_RDONLY|O_NONBLOCK|O_CLOEXEC|O_DIRECTORY) = 7
4009942 openat(AT_FDCWD, "phase1/results/contract_loto_retrieval_support_20260817/", O_RDONLY|O_NONBLOCK|O_CLOEXEC|O_DIRECTORY) = 7
4009942 openat(AT_FDCWD, "phase1/results/corpus_lfs_audit_20260814/", O_RDONLY|O_NONBLOCK|O_CLOEXEC|O_DIRECTORY) = 7
4009942 openat(AT_FDCWD, "phase1/results/corpus_release_contract_20260814_73fd5f6/", O_RDONLY|O_NONBLOCK|O_CLOEXEC|O_DIRECTORY) = 7
4009942 openat(AT_FDCWD, "phase1/results/critic_component_breadth_equal_budget_20260823_21186e0/", O_RDONLY|O_NONBLOCK|O_CLOEXEC|O_DIRECTORY) = 7
4009942 openat(AT_FDCWD, "phase1/results/critic_component_data_learning_curve_20260823_eb1e1f5/", O_RDONLY|O_NONBLOCK|O_CLOEXEC|O_DIRECTORY) = 7
4009942 openat(AT_FDCWD, "phase1/results/critic_component_data_learning_curve_20260823_eb1e1f5/.gitignore", O_RDONLY|O_NOFOLLOW) = -1 ENOENT (No such file or directory)
4009942 openat(AT_FDCWD, "phase1/results/critic_component_data_learning_curve_20260823_eb1e1f5/packaging_patch_validation/", O_RDONLY|O_NONBLOCK|O_CLOEXEC|O_DIRECTORY) = 8
4009942 openat(AT_FDCWD, "phase1/results/critic_component_g0_shared_scheduler_20260821_a99bf8a/", O_RDONLY|O_NONBLOCK|O_CLOEXEC|O_DIRECTORY) = 7
4009942 openat(AT_FDCWD, "phase1/results/critic_component_g0_static_preflight_20260821/", O_RDONLY|O_NONBLOCK|O_CLOEXEC|O_DIRECTORY) = 7
4009942 openat(AT_FDCWD, "phase1/results/critic_component_static_suite_20260821_76c1b49/", O_RDONLY|O_NONBLOCK|O_CLOEXEC|O_DIRECTORY) = 7
4009942 openat(AT_FDCWD, "phase1/results/critic_component_tfidf_20260821_a6075d1/", O_RDONLY|O_NONBLOCK|O_CLOEXEC|O_DIRECTORY) = 7
4009942 openat(AT_FDCWD, "phase1/results/critic_decision_component_split_20260821_305355e/", O_RDONLY|O_NONBLOCK|O_CLOEXEC|O_DIRECTORY) = 7
4009942 openat(AT_FDCWD, "phase1/results/critic_gap_aware_qualification_20260824_b79717b/", O_RDONLY|O_NONBLOCK|O_CLOEXEC|O_DIRECTORY) = 7
4009942 openat(AT_FDCWD, "phase1/results/critic_scaling_confidence_cost_extension_20260823_72129bb/", O_RDONLY|O_NONBLOCK|O_CLOEXEC|O_DIRECTORY) = 7
4009942 openat(AT_FDCWD, "phase1/results/critic_scaling_confirmation_contract_20260823_186ab18/", O_RDONLY|O_NONBLOCK|O_CLOEXEC|O_DIRECTORY) = 7
4009942 openat(AT_FDCWD, "phase1/results/critic_scaling_materialization_verifier_20260823_2a49d4c/", O_RDONLY|O_NONBLOCK|O_CLOEXEC|O_DIRECTORY) = 7
4009942 openat(AT_FDCWD, "phase1/results/critic_scaling_materializer_20260823_81a09d5/", O_RDONLY|O_NONBLOCK|O_CLOEXEC|O_DIRECTORY) = 7
4009942 openat(AT_FDCWD, "phase1/results/critic_static_source_oof_20260821_208e381/", O_RDONLY|O_NONBLOCK|O_CLOEXEC|O_DIRECTORY) = 7
4009942 openat(AT_FDCWD, "phase1/results/critic_transition_static_oof_20260821_e8eb25c/", O_RDONLY|O_NONBLOCK|O_CLOEXEC|O_DIRECTORY) = 7
4009942 openat(AT_FDCWD, "phase1/results/cross_client_transfer_support_20260819/", O_RDONLY|O_NONBLOCK|O_CLOEXEC|O_DIRECTORY) = 7
4009942 openat(AT_FDCWD, "phase1/results/decision_corpus_audit_v11_20260814/", O_RDONLY|O_NONBLOCK|O_CLOEXEC|O_DIRECTORY) = 7
4009942 openat(AT_FDCWD, "phase1/results/decision_corpus_evidence_index_v1_20260820/", O_RDONLY|O_NONBLOCK|O_CLOEXEC|O_DIRECTORY) = 7
4009942 openat(AT_FDCWD, "phase1/results/decision_corpus_evidence_index_v2_20260821/", O_RDONLY|O_NONBLOCK|O_CLOEXEC|O_DIRECTORY) = 7
4009942 openat(AT_FDCWD, "phase1/results/decision_corpus_evidence_index_v3_20260821/", O_RDONLY|O_NONBLOCK|O_CLOEXEC|O_DIRECTORY) = 7
4009942 openat(AT_FDCWD, "phase1/results/decision_corpus_evidence_index_v4_20260821/", O_RDONLY|O_NONBLOCK|O_CLOEXEC|O_DIRECTORY) = 7
4009942 openat(AT_FDCWD, "phase1/results/decision_corpus_evidence_index_v5_20260821/", O_RDONLY|O_NONBLOCK|O_CLOEXEC|O_DIRECTORY) = 7
4009942 openat(AT_FDCWD, "phase1/results/decision_corpus_evidence_index_v6_20260825/", O_RDONLY|O_NONBLOCK|O_CLOEXEC|O_DIRECTORY) = 7
4009942 openat(AT_FDCWD, "phase1/results/decision_corpus_evidence_index_v7_20260826_a83bebf/", O_RDONLY|O_NONBLOCK|O_CLOEXEC|O_DIRECTORY) = 7
4009942 openat(AT_FDCWD, "phase1/results/decision_observability_funnel_v1_20260821_1b8a7b9/", O_RDONLY|O_NONBLOCK|O_CLOEXEC|O_DIRECTORY) = 7
4009942 openat(AT_FDCWD, "phase1/results/decision_observability_funnel_v1_20260821_1b8a7b9/.gitignore", O_RDONLY|O_NOFOLLOW) = -1 ENOENT (No such file or directory)
4009942 openat(AT_FDCWD, "phase1/results/decision_observability_funnel_v1_20260821_1b8a7b9/producer_a/", O_RDONLY|O_NONBLOCK|O_CLOEXEC|O_DIRECTORY) = 8
4009942 openat(AT_FDCWD, "phase1/results/decision_predictor_estimand_panel_v1_20260825/", O_RDONLY|O_NONBLOCK|O_CLOEXEC|O_DIRECTORY) = 7
4009942 openat(AT_FDCWD, "phase1/results/decision_semantic_exact_config_support_20260821_21a4d4e/", O_RDONLY|O_NONBLOCK|O_CLOEXEC|O_DIRECTORY) = 7
4009942 openat(AT_FDCWD, "phase1/results/decision_semantic_mixture_v2_20260821_c5d2cf7/", O_RDONLY|O_NONBLOCK|O_CLOEXEC|O_DIRECTORY) = 7
4009942 openat(AT_FDCWD, "phase1/results/deployment_cost_attestation_v2_20260820_c800345/", O_RDONLY|O_NONBLOCK|O_CLOEXEC|O_DIRECTORY) = 7
4009942 openat(AT_FDCWD, "phase1/results/deployment_cost_attestation_v2_20260820_c800345/.gitignore", O_RDONLY|O_NOFOLLOW) = -1 ENOENT (No such file or directory)
4009942 openat(AT_FDCWD, "phase1/results/deployment_cost_attestation_v2_20260820_c800345/preflight/", O_RDONLY|O_NONBLOCK|O_CLOEXEC|O_DIRECTORY) = 8
4009942 openat(AT_FDCWD, "phase1/results/deployment_cost_attestation_v2_20260820_c800345/run_A/", O_RDONLY|O_NONBLOCK|O_CLOEXEC|O_DIRECTORY) = 8
4009942 openat(AT_FDCWD, "phase1/results/deployment_cost_attestation_v2_20260820_c800345/run_B/", O_RDONLY|O_NONBLOCK|O_CLOEXEC|O_DIRECTORY) = 8
4009942 openat(AT_FDCWD, "phase1/results/deterministic_failure_precheck_20260819/", O_RDONLY|O_NONBLOCK|O_CLOEXEC|O_DIRECTORY) = 7
4009942 openat(AT_FDCWD, "phase1/results/experience_memory_support_v11_20260817/", O_RDONLY|O_NONBLOCK|O_CLOEXEC|O_DIRECTORY) = 7
4009942 openat(AT_FDCWD, "phase1/results/failure_mechanism_length_heterogeneity_20260818/", O_RDONLY|O_NONBLOCK|O_CLOEXEC|O_DIRECTORY) = 7
4009942 openat(AT_FDCWD, "phase1/results/failure_risk_controller_loto_20260817/", O_RDONLY|O_NONBLOCK|O_CLOEXEC|O_DIRECTORY) = 7
4009942 openat(AT_FDCWD, "phase1/results/failure_risk_pair_registry_20260817/", O_RDONLY|O_NONBLOCK|O_CLOEXEC|O_DIRECTORY) = 7
4009942 openat(AT_FDCWD, "phase1/results/failure_risk_pair_support_20260817/", O_RDONLY|O_NONBLOCK|O_CLOEXEC|O_DIRECTORY) = 7
4009942 openat(AT_FDCWD, "phase1/results/fixed_decision_scorer_v11_20260814/", O_RDONLY|O_NONBLOCK|O_CLOEXEC|O_DIRECTORY) = 7
4009942 openat(AT_FDCWD, "phase1/results/flora_transfer_invariance_v1_20260820_fa7468f/", O_RDONLY|O_NONBLOCK|O_CLOEXEC|O_DIRECTORY) = 7
4009942 openat(AT_FDCWD, "phase1/results/frozen_embed_v11_20260814_f339eb9/", O_RDONLY|O_NONBLOCK|O_CLOEXEC|O_DIRECTORY) = 7
4009942 openat(AT_FDCWD, "phase1/results/future_provenance_schema_only_20260823/", O_RDONLY|O_NONBLOCK|O_CLOEXEC|O_DIRECTORY) = 7
4009942 openat(AT_FDCWD, "phase1/results/generator_shortcut_support_20260819/", O_RDONLY|O_NONBLOCK|O_CLOEXEC|O_DIRECTORY) = 7
4009942 openat(AT_FDCWD, "phase1/results/global_hash_orientation_control_smoke_20260823/", O_RDONLY|O_NONBLOCK|O_CLOEXEC|O_DIRECTORY) = 7
4009942 openat(AT_FDCWD, "phase1/results/heterogeneous_oof_v11_20260814/", O_RDONLY|O_NONBLOCK|O_CLOEXEC|O_DIRECTORY) = 7
4009942 openat(AT_FDCWD, "phase1/results/historical_train_future_fuzzy_overlap_8579_20260826_f9c6de2/", O_RDONLY|O_NONBLOCK|O_CLOEXEC|O_DIRECTORY) = 7
4009942 openat(AT_FDCWD, "phase1/results/historical_train_future_identifier_erased_overlap_887_20260828_ec67d1a/", O_RDONLY|O_NONBLOCK|O_CLOEXEC|O_DIRECTORY) = 7
4009942 openat(AT_FDCWD, "phase1/results/historical_train_future_identifier_erased_overlap_ad0b_20260827_065d0b5/", O_RDONLY|O_NONBLOCK|O_CLOEXEC|O_DIRECTORY) = 7
4009942 openat(AT_FDCWD, "phase1/results/label_repeatability_v2_20260814_4e3bebe/", O_RDONLY|O_NONBLOCK|O_CLOEXEC|O_DIRECTORY) = 7
4009942 openat(AT_FDCWD, "phase1/results/meta_kaggle_exact_parent_s0a_20260821_1211700/", O_RDONLY|O_NONBLOCK|O_CLOEXEC|O_DIRECTORY) = 7
4009942 openat(AT_FDCWD, "phase1/results/pairgraph_v11_20260814/", O_RDONLY|O_NONBLOCK|O_CLOEXEC|O_DIRECTORY) = 7
4009942 openat(AT_FDCWD, "phase1/results/meta_kaggle_exact_parent_s0b_20260821_64ec819/", O_RDONLY|O_NONBLOCK|O_CLOEXEC|O_DIRECTORY) = 7
4009942 openat(AT_FDCWD, "phase1/results/operator_conditioned_retention_support_s0_20260821_bfdadfa/", O_RDONLY|O_NONBLOCK|O_CLOEXEC|O_DIRECTORY) = 7
4009942 openat(AT_FDCWD, "phase1/results/operator_conditioned_retention_support_s0_20260821_bfdadfa/.gitignore", O_RDONLY|O_NOFOLLOW) = -1 ENOENT (No such file or directory)
4009942 openat(AT_FDCWD, "phase1/results/operator_conditioned_retention_support_s0_20260821_bfdadfa/producer_a/", O_RDONLY|O_NONBLOCK|O_CLOEXEC|O_DIRECTORY) = 8
4009942 openat(AT_FDCWD, "phase1/results/opportunity_yield_aggregation_audit_postpush_bad6ec5_20260826/", O_RDONLY|O_NONBLOCK|O_CLOEXEC|O_DIRECTORY) = 7
4009942 openat(AT_FDCWD, "phase1/results/opportunity_yield_aggregation_audit_v1_20260826/", O_RDONLY|O_NONBLOCK|O_CLOEXEC|O_DIRECTORY) = 7
4009942 openat(AT_FDCWD, "phase1/results/parent_patch_sparse_v3a_20260814_38c26ca/", O_RDONLY|O_NONBLOCK|O_CLOEXEC|O_DIRECTORY) = 7
4009942 openat(AT_FDCWD, "phase1/results/prediction_escrow_coverage_7cda_20260825_6299865/", O_RDONLY|O_NONBLOCK|O_CLOEXEC|O_DIRECTORY) = 7
4009942 openat(AT_FDCWD, "phase1/results/prediction_escrow_coverage_f109_20260825_2c5626d/", O_RDONLY|O_NONBLOCK|O_CLOEXEC|O_DIRECTORY) = 7
4009942 openat(AT_FDCWD, "phase1/results/prediction_receipt_common_support_8579_20260826_9f2cbe9/", O_RDONLY|O_NONBLOCK|O_CLOEXEC|O_DIRECTORY) = 7
4009942 openat(AT_FDCWD, "phase1/results/probe_contract_ab_v2_result_20260819/", O_RDONLY|O_NONBLOCK|O_CLOEXEC|O_DIRECTORY) = 7
4009942 openat(AT_FDCWD, "phase1/results/probe_contract_ab_v2_resume_20260819/", O_RDONLY|O_NONBLOCK|O_CLOEXEC|O_DIRECTORY) = 7
4009942 openat(AT_FDCWD, "phase1/results/prospective_0819_intake_plan_20260821/", O_RDONLY|O_NONBLOCK|O_CLOEXEC|O_DIRECTORY) = 7
4009942 openat(AT_FDCWD, "phase1/results/prospective_0819_intake_wl_escrow_20260821/", O_RDONLY|O_NONBLOCK|O_CLOEXEC|O_DIRECTORY) = 7
4009942 openat(AT_FDCWD, "phase1/results/prospective_0823_batch_postflight_20260825_6299865/", O_RDONLY|O_NONBLOCK|O_CLOEXEC|O_DIRECTORY) = 7
4009942 openat(AT_FDCWD, "phase1/results/prospective_accumulator_shadow_0812_v1_20260814/", O_RDONLY|O_NONBLOCK|O_CLOEXEC|O_DIRECTORY) = 7
4009942 openat(AT_FDCWD, "phase1/results/prospective_ast_failure_diagnostic_20260820_31aee5a/", O_RDONLY|O_NONBLOCK|O_CLOEXEC|O_DIRECTORY) = 7
4009942 openat(AT_FDCWD, "phase1/results/prospective_code_clone_audit_20260820_e121452/", O_RDONLY|O_NONBLOCK|O_CLOEXEC|O_DIRECTORY) = 7
4009942 openat(AT_FDCWD, "phase1/results/prospective_confirmatory_gate_correction_20260820_757ced0/", O_RDONLY|O_NONBLOCK|O_CLOEXEC|O_DIRECTORY) = 7
4009942 openat(AT_FDCWD, "phase1/results/prospective_continuous_intake_monitor_20260821_c06222f/", O_RDONLY|O_NONBLOCK|O_CLOEXEC|O_DIRECTORY) = 7
4009942 openat(AT_FDCWD, "phase1/results/prospective_fuzzy_code_clone_audit_8579_20260826_cb368f9/", O_RDONLY|O_NONBLOCK|O_CLOEXEC|O_DIRECTORY) = 7
4009942 openat(AT_FDCWD, "phase1/results/prospective_identifier_erased_clone_887_20260828_519815d/", O_RDONLY|O_NONBLOCK|O_CLOEXEC|O_DIRECTORY) = 7
4009942 openat(AT_FDCWD, "phase1/results/prospective_intake_shadow_0812_v3_20260814/", O_RDONLY|O_NONBLOCK|O_CLOEXEC|O_DIRECTORY) = 7
4009942 openat(AT_FDCWD, "phase1/results/prospective_intake_shadow_0812_v4_20260814/", O_RDONLY|O_NONBLOCK|O_CLOEXEC|O_DIRECTORY) = 7
4009942 openat(AT_FDCWD, "phase1/results/prospective_operator_support_20260819/", O_RDONLY|O_NONBLOCK|O_CLOEXEC|O_DIRECTORY) = 7
4009942 openat(AT_FDCWD, "phase1/results/prospective_score_pipeline_shadow_0812_v1_20260814/", O_RDONLY|O_NONBLOCK|O_CLOEXEC|O_DIRECTORY) = 7
4009942 openat(AT_FDCWD, "phase1/results/prospective_score_pipeline_shadow_0812_v1_20260814/.gitignore", O_RDONLY|O_NOFOLLOW) = -1 ENOENT (No such file or directory)
4009942 openat(AT_FDCWD, "phase1/results/prospective_score_pipeline_shadow_0812_v1_20260814/intake/", O_RDONLY|O_NONBLOCK|O_CLOEXEC|O_DIRECTORY) = 8
4009942 openat(AT_FDCWD, "phase1/results/prospective_score_pipeline_shadow_0812_v1_20260814/registry_validation/", O_RDONLY|O_NONBLOCK|O_CLOEXEC|O_DIRECTORY) = 8
4009942 openat(AT_FDCWD, "phase1/results/prospective_score_pipeline_shadow_0812_v1_20260814/score/", O_RDONLY|O_NONBLOCK|O_CLOEXEC|O_DIRECTORY) = 8
4009942 openat(AT_FDCWD, "phase1/results/prospective_structural_asset_quality_20260820_98956a8/", O_RDONLY|O_NONBLOCK|O_CLOEXEC|O_DIRECTORY) = 7
4009942 openat(AT_FDCWD, "phase1/results/prospective_structural_rejection_20260816/", O_RDONLY|O_NONBLOCK|O_CLOEXEC|O_DIRECTORY) = 7
4009942 openat(AT_FDCWD, "phase1/results/prospective_structural_rejection_20260818/", O_RDONLY|O_NONBLOCK|O_CLOEXEC|O_DIRECTORY) = 7
4009942 openat(AT_FDCWD, "phase1/results/prospective_structural_rejection_20260819/", O_RDONLY|O_NONBLOCK|O_CLOEXEC|O_DIRECTORY) = 7
4009942 openat(AT_FDCWD, "phase1/results/prospective_structural_rejection_20260820/", O_RDONLY|O_NONBLOCK|O_CLOEXEC|O_DIRECTORY) = 7
4009942 openat(AT_FDCWD, "phase1/results/prospective_structural_rejection_20260821/", O_RDONLY|O_NONBLOCK|O_CLOEXEC|O_DIRECTORY) = 7
4009942 openat(AT_FDCWD, "phase1/results/prospective_structural_rejection_20260822/", O_RDONLY|O_NONBLOCK|O_CLOEXEC|O_DIRECTORY) = 7
4009942 openat(AT_FDCWD, "phase1/results/prospective_structural_rejection_20260823/", O_RDONLY|O_NONBLOCK|O_CLOEXEC|O_DIRECTORY) = 7
4009942 openat(AT_FDCWD, "phase1/results/prospective_structural_rejection_20260824/", O_RDONLY|O_NONBLOCK|O_CLOEXEC|O_DIRECTORY) = 7
4009942 openat(AT_FDCWD, "phase1/results/prospective_structural_rejection_ai4code_20260824/", O_RDONLY|O_NONBLOCK|O_CLOEXEC|O_DIRECTORY) = 7
4009942 openat(AT_FDCWD, "phase1/results/prospective_structural_rejection_ai4code_20260825/", O_RDONLY|O_NONBLOCK|O_CLOEXEC|O_DIRECTORY) = 7
4009942 openat(AT_FDCWD, "phase1/results/prospective_structural_rejection_lmsys_20260825/", O_RDONLY|O_NONBLOCK|O_CLOEXEC|O_DIRECTORY) = 7
4009942 openat(AT_FDCWD, "phase1/results/prospective_wl_graph_escrow_20260820_031edb3/", O_RDONLY|O_NONBLOCK|O_CLOEXEC|O_DIRECTORY) = 7
4009942 openat(AT_FDCWD, "phase1/results/provisional_first960_snapshot_chain_f21a76c_20260826/", O_RDONLY|O_NONBLOCK|O_CLOEXEC|O_DIRECTORY) = 7
4009942 openat(AT_FDCWD, "phase1/results/public_artifact_contract_support_20260817/", O_RDONLY|O_NONBLOCK|O_CLOEXEC|O_DIRECTORY) = 7
4009942 openat(AT_FDCWD, "phase1/results/randomized_sibling_logging_contract_20260814_59b5b8c/", O_RDONLY|O_NONBLOCK|O_CLOEXEC|O_DIRECTORY) = 7
4009942 openat(AT_FDCWD, "phase1/results/randomized_sibling_logging_contract_20260814_59b5b8c/.gitignore", O_RDONLY|O_NOFOLLOW) = -1 ENOENT (No such file or directory)
4009942 openat(AT_FDCWD, "phase1/results/randomized_sibling_logging_contract_20260814_59b5b8c/synthetic_assignment/", O_RDONLY|O_NONBLOCK|O_CLOEXEC|O_DIRECTORY) = 8
4009942 openat(AT_FDCWD, "phase1/results/randomized_sibling_logging_contract_20260814_59b5b8c/synthetic_fixture/", O_RDONLY|O_NONBLOCK|O_CLOEXEC|O_DIRECTORY) = 8
4009942 openat(AT_FDCWD, "phase1/results/raw_choice_set_completeness_v11_20260815_6610618/", O_RDONLY|O_NONBLOCK|O_CLOEXEC|O_DIRECTORY) = 7
4009942 openat(AT_FDCWD, "phase1/results/scheduler_receipt_verifier_20260814_6a68c7d/", O_RDONLY|O_NONBLOCK|O_CLOEXEC|O_DIRECTORY) = 7
4009942 openat(AT_FDCWD, "phase1/results/score_channel_cohort_support_20260818/", O_RDONLY|O_NONBLOCK|O_CLOEXEC|O_DIRECTORY) = 7
4009942 openat(AT_FDCWD, "phase1/results/score_channel_execution_freeze_20260818/", O_RDONLY|O_NONBLOCK|O_CLOEXEC|O_DIRECTORY) = 7
4009942 openat(AT_FDCWD, "phase1/results/score_channel_freeze_20260818/", O_RDONLY|O_NONBLOCK|O_CLOEXEC|O_DIRECTORY) = 7
4009942 openat(AT_FDCWD, "phase1/results/score_channel_freeze_gate_20260815_5f56b3b/", O_RDONLY|O_NONBLOCK|O_CLOEXEC|O_DIRECTORY) = 7
4009942 openat(AT_FDCWD, "phase1/results/score_channel_future_dual_truth_runner_20260823_b108fb8/", O_RDONLY|O_NONBLOCK|O_CLOEXEC|O_DIRECTORY) = 7
4009942 openat(AT_FDCWD, "phase1/results/score_channel_future_identifiability_freeze_20260823/", O_RDONLY|O_NONBLOCK|O_CLOEXEC|O_DIRECTORY) = 7
4009942 openat(AT_FDCWD, "phase1/results/score_channel_future_identifiability_freeze_20260823/.gitignore", O_RDONLY|O_NOFOLLOW) = -1 ENOENT (No such file or directory)
4009942 openat(AT_FDCWD, "phase1/results/score_channel_future_identifiability_freeze_20260823/formal_identity_cohort_53ce46f/", O_RDONLY|O_NONBLOCK|O_CLOEXEC|O_DIRECTORY) = 8
4009942 openat(AT_FDCWD, "phase1/results/score_channel_future_identifiability_freeze_20260823/formal_identity_cohort_53ce46f/.gitignore", O_RDONLY|O_NOFOLLOW) = -1 ENOENT (No such file or directory)
4009942 openat(AT_FDCWD, "phase1/results/score_channel_future_identifiability_freeze_20260823/formal_identity_cohort_53ce46f/producer_a/", O_RDONLY|O_NONBLOCK|O_CLOEXEC|O_DIRECTORY) = 9
4009942 openat(AT_FDCWD, "phase1/results/score_channel_future_identifiability_freeze_20260823/formal_identity_cohort_53ce46f/producer_b/", O_RDONLY|O_NONBLOCK|O_CLOEXEC|O_DIRECTORY) = 9
4009942 openat(AT_FDCWD, "phase1/results/score_channel_future_identifiability_freeze_20260823/formal_identity_cohort_74ffb87_first_0821/", O_RDONLY|O_NONBLOCK|O_CLOEXEC|O_DIRECTORY) = 8
4009942 openat(AT_FDCWD, "phase1/results/score_channel_future_identifiability_freeze_20260823/formal_identity_cohort_78c44ac_first_0821/", O_RDONLY|O_NONBLOCK|O_CLOEXEC|O_DIRECTORY) = 8
4009942 openat(AT_FDCWD, "phase1/results/score_channel_future_identifiability_freeze_20260823/remote_verification_74e4920/", O_RDONLY|O_NONBLOCK|O_CLOEXEC|O_DIRECTORY) = 8
4009942 openat(AT_FDCWD, "phase1/results/score_channel_future_progress_20260823/", O_RDONLY|O_NONBLOCK|O_CLOEXEC|O_DIRECTORY) = 7
4009942 openat(AT_FDCWD, "phase1/results/score_channel_future_progress_20260823/.gitignore", O_RDONLY|O_NOFOLLOW) = -1 ENOENT (No such file or directory)
4009942 openat(AT_FDCWD, "phase1/results/score_channel_future_progress_20260823/watchdog_activation_v2/", O_RDONLY|O_NONBLOCK|O_CLOEXEC|O_DIRECTORY) = 8
4009942 openat(AT_FDCWD, "phase1/results/score_channel_future_raw_grade_freeze_20260823/", O_RDONLY|O_NONBLOCK|O_CLOEXEC|O_DIRECTORY) = 7
4009942 openat(AT_FDCWD, "phase1/results/score_channel_future_truth_support_gate_20260823/", O_RDONLY|O_NONBLOCK|O_CLOEXEC|O_DIRECTORY) = 7
4009942 openat(AT_FDCWD, "phase1/results/score_channel_grounding_availability_20260823/", O_RDONLY|O_NONBLOCK|O_CLOEXEC|O_DIRECTORY) = 7
4009942 openat(AT_FDCWD, "phase1/results/score_channel_grounding_availability_preflight_20260823/", O_RDONLY|O_NONBLOCK|O_CLOEXEC|O_DIRECTORY) = 7
4009942 openat(AT_FDCWD, "phase1/results/score_channel_metric_orientation_20260818/", O_RDONLY|O_NONBLOCK|O_CLOEXEC|O_DIRECTORY) = 7
4009942 openat(AT_FDCWD, "phase1/results/score_channel_prospective_eligibility_20260815/", O_RDONLY|O_NONBLOCK|O_CLOEXEC|O_DIRECTORY) = 7
4009942 openat(AT_FDCWD, "phase1/results/score_channel_prospective_eligibility_20260816_df00f26/", O_RDONLY|O_NONBLOCK|O_CLOEXEC|O_DIRECTORY) = 7
4009942 openat(AT_FDCWD, "phase1/results/score_channel_prospective_eligibility_20260817_7a4c3ee/", O_RDONLY|O_NONBLOCK|O_CLOEXEC|O_DIRECTORY) = 7
4009942 openat(AT_FDCWD, "phase1/results/score_channel_replay_execution_20260818/", O_RDONLY|O_NONBLOCK|O_CLOEXEC|O_DIRECTORY) = 7
4009942 openat(AT_FDCWD, "phase1/results/score_channel_replay_preflight_20260818/", O_RDONLY|O_NONBLOCK|O_CLOEXEC|O_DIRECTORY) = 7
4009942 openat(AT_FDCWD, "phase1/results/score_channel_replay_resume_preflight_20260818/", O_RDONLY|O_NONBLOCK|O_CLOEXEC|O_DIRECTORY) = 7
4009942 openat(AT_FDCWD, "phase1/results/score_channel_target300_progress_ad0b_20260827_ab59a01/", O_RDONLY|O_NONBLOCK|O_CLOEXEC|O_DIRECTORY) = 7
4009942 openat(AT_FDCWD, "phase1/results/score_channel_truth_aliasing_audit_20260823/", O_RDONLY|O_NONBLOCK|O_CLOEXEC|O_DIRECTORY) = 7
4009942 openat(AT_FDCWD, "phase1/results/search_policy_contract_audit_invalid_20260814/", O_RDONLY|O_NONBLOCK|O_CLOEXEC|O_DIRECTORY) = 7
4009942 openat(AT_FDCWD, "phase1/results/selective_execution_v11_20260814_7a1562a45/", O_RDONLY|O_NONBLOCK|O_CLOEXEC|O_DIRECTORY) = 7
4009942 openat(AT_FDCWD, "phase1/results/selective_execution_v11_20260814_7a1562a45/.gitignore", O_RDONLY|O_NOFOLLOW) = -1 ENOENT (No such file or directory)
4009942 openat(AT_FDCWD, "phase1/results/selective_execution_v11_20260814_7a1562a45/prereg/", O_RDONLY|O_NONBLOCK|O_CLOEXEC|O_DIRECTORY) = 8
4009942 openat(AT_FDCWD, "phase1/results/selective_execution_v11_20260814_7a1562a45/result/", O_RDONLY|O_NONBLOCK|O_CLOEXEC|O_DIRECTORY) = 8
4009942 openat(AT_FDCWD, "phase1/results/senior_augmented_pair_mismatch_20260819/", O_RDONLY|O_NONBLOCK|O_CLOEXEC|O_DIRECTORY) = 7
4009942 openat(AT_FDCWD, "phase1/results/senior_augmented_train_dev_support_20260819/", O_RDONLY|O_NONBLOCK|O_CLOEXEC|O_DIRECTORY) = 7
4009942 openat(AT_FDCWD, "phase1/results/senior_augmented_true_batch_identity_support_20260821_a466888/", O_RDONLY|O_NONBLOCK|O_CLOEXEC|O_DIRECTORY) = 7
4009942 openat(AT_FDCWD, "phase1/results/senior_config_v2_producer_hook_20260827_56a3e4b/", O_RDONLY|O_NONBLOCK|O_CLOEXEC|O_DIRECTORY) = 7
4009942 openat(AT_FDCWD, "phase1/results/senior_config_v2_real_schema_smoke_20260827_fd8982c/", O_RDONLY|O_NONBLOCK|O_CLOEXEC|O_DIRECTORY) = 7
4009942 openat(AT_FDCWD, "phase1/results/senior_critic_confirmation_protocol_20260821/", O_RDONLY|O_NONBLOCK|O_CLOEXEC|O_DIRECTORY) = 7
4009942 openat(AT_FDCWD, "phase1/results/senior_endpoint_score_overlay_20260823_ac008af/", O_RDONLY|O_NONBLOCK|O_CLOEXEC|O_DIRECTORY) = 7
4009942 openat(AT_FDCWD, "phase1/results/senior_exact_stratum_patch_verify_20260819/", O_RDONLY|O_NONBLOCK|O_CLOEXEC|O_DIRECTORY) = 7
4009942 openat(AT_FDCWD, "phase1/results/senior_experiment_config_contract_20260823/", O_RDONLY|O_NONBLOCK|O_CLOEXEC|O_DIRECTORY) = 7
4009942 openat(AT_FDCWD, "phase1/results/senior_mixed_ac008af_audit_20260823/", O_RDONLY|O_NONBLOCK|O_CLOEXEC|O_DIRECTORY) = 7
4009942 openat(AT_FDCWD, "phase1/results/senior_mixed_recipe_recovery_20260823/", O_RDONLY|O_NONBLOCK|O_CLOEXEC|O_DIRECTORY) = 7
4009942 openat(AT_FDCWD, "phase1/results/senior_scaling_shape_audit_20260823/", O_RDONLY|O_NONBLOCK|O_CLOEXEC|O_DIRECTORY) = 7
4009942 openat(AT_FDCWD, "phase1/results/senior_source_provenance_contract_20260823/", O_RDONLY|O_NONBLOCK|O_CLOEXEC|O_DIRECTORY) = 7
4009942 openat(AT_FDCWD, "phase1/results/source_choice_benchmark_materialization_v2_20260821_5d6de6e/", O_RDONLY|O_NONBLOCK|O_CLOEXEC|O_DIRECTORY) = 7
4009942 openat(AT_FDCWD, "phase1/results/source_choice_decision_view_operator_proxy_audit_20260821/", O_RDONLY|O_NONBLOCK|O_CLOEXEC|O_DIRECTORY) = 7
4009942 openat(AT_FDCWD, "phase1/results/source_choice_decision_view_v1_20260821_fd5c3ee/", O_RDONLY|O_NONBLOCK|O_CLOEXEC|O_DIRECTORY) = 7
4009942 openat(AT_FDCWD, "phase1/results/source_choice_decision_view_v2_20260822_3ceb99f/", O_RDONLY|O_NONBLOCK|O_CLOEXEC|O_DIRECTORY) = 7
4009942 openat(AT_FDCWD, "phase1/results/source_choice_materialization_support_v1_20260821_efbda54/", O_RDONLY|O_NONBLOCK|O_CLOEXEC|O_DIRECTORY) = 7
4009942 openat(AT_FDCWD, "phase1/results/source_decision_answerability_v1_20260821_e9f6f69/", O_RDONLY|O_NONBLOCK|O_CLOEXEC|O_DIRECTORY) = 7
4009942 openat(AT_FDCWD, "phase1/results/source_opportunity_failure_taxonomy_v11_20260817/", O_RDONLY|O_NONBLOCK|O_CLOEXEC|O_DIRECTORY) = 7
4009942 openat(AT_FDCWD, "phase1/results/source_opportunity_hurdle_v11_20260815_c89c5bd/", O_RDONLY|O_NONBLOCK|O_CLOEXEC|O_DIRECTORY) = 7
4009942 openat(AT_FDCWD, "phase1/results/source_opportunity_identity_recovery_v11_20260815_3faf001/", O_RDONLY|O_NONBLOCK|O_CLOEXEC|O_DIRECTORY) = 7
4009942 openat(AT_FDCWD, "phase1/results/source_opportunity_journal_status_v11_20260815_42cb6b1/", O_RDONLY|O_NONBLOCK|O_CLOEXEC|O_DIRECTORY) = 7
4009942 openat(AT_FDCWD, "phase1/results/source_retention_run_cluster_v1_20260821_fa5d655/", O_RDONLY|O_NONBLOCK|O_CLOEXEC|O_DIRECTORY) = 7
4009942 openat(AT_FDCWD, "phase1/results/source_retention_run_cluster_v1_20260821_fa5d655/.gitignore", O_RDONLY|O_NOFOLLOW) = -1 ENOENT (No such file or directory)
4009942 openat(AT_FDCWD, "phase1/results/source_retention_run_cluster_v1_20260821_fa5d655/producer_a/", O_RDONLY|O_NONBLOCK|O_CLOEXEC|O_DIRECTORY) = 8
4009942 openat(AT_FDCWD, "phase1/results/source_retention_transport_v1_20260821_d21166f/", O_RDONLY|O_NONBLOCK|O_CLOEXEC|O_DIRECTORY) = 7
4009942 openat(AT_FDCWD, "phase1/results/split_integrity_certificate_887_20260828_25efd3a/", O_RDONLY|O_NONBLOCK|O_CLOEXEC|O_DIRECTORY) = 7
4009942 openat(AT_FDCWD, "phase1/results/status_certified_edge_manifest_v1_20260821_c9bfc21/", O_RDONLY|O_NONBLOCK|O_CLOEXEC|O_DIRECTORY) = 7
4009942 openat(AT_FDCWD, "phase1/results/status_certified_edge_manifest_v1_20260821_c9bfc21/.gitignore", O_RDONLY|O_NOFOLLOW) = -1 ENOENT (No such file or directory)
4009942 openat(AT_FDCWD, "phase1/results/status_certified_edge_manifest_v1_20260821_c9bfc21/producer_a/", O_RDONLY|O_NONBLOCK|O_CLOEXEC|O_DIRECTORY) = 8
4009942 openat(AT_FDCWD, "phase1/results/status_certified_partial_order_v1_20260821_82e1be5/", O_RDONLY|O_NONBLOCK|O_CLOEXEC|O_DIRECTORY) = 7
4009942 openat(AT_FDCWD, "phase1/results/status_certified_partial_order_v1_20260821_82e1be5/.gitignore", O_RDONLY|O_NOFOLLOW) = -1 ENOENT (No such file or directory)
4009942 openat(AT_FDCWD, "phase1/results/status_certified_partial_order_v1_20260821_82e1be5/producer_a/", O_RDONLY|O_NONBLOCK|O_CLOEXEC|O_DIRECTORY) = 8
4009942 openat(AT_FDCWD, "phase1/results/status_certified_partial_order_v1_20260821_82e1be5/producer_b/", O_RDONLY|O_NONBLOCK|O_CLOEXEC|O_DIRECTORY) = 8
4009942 openat(AT_FDCWD, "phase1/results/structural_dependency_atlas_7cda_20260825/", O_RDONLY|O_NONBLOCK|O_CLOEXEC|O_DIRECTORY) = 7
4009942 openat(AT_FDCWD, "phase1/results/structural_rejection_ledger_v1_20260825/", O_RDONLY|O_NONBLOCK|O_CLOEXEC|O_DIRECTORY) = 7
4009942 openat(AT_FDCWD, "phase1/results/structural_weight_extension_ad0b_20260827_2dbd964/", O_RDONLY|O_NONBLOCK|O_CLOEXEC|O_DIRECTORY) = 7
4009942 openat(AT_FDCWD, "phase1/results/structural_weight_trajectory_7cda_20260826/", O_RDONLY|O_NONBLOCK|O_CLOEXEC|O_DIRECTORY) = 7
4009942 openat(AT_FDCWD, "phase1/results/task_balance_accrual_guard_7cda_20260825/", O_RDONLY|O_NONBLOCK|O_CLOEXEC|O_DIRECTORY) = 7
4009942 openat(AT_FDCWD, "phase1/results/task_balance_guard_forward_8579_20260826/", O_RDONLY|O_NONBLOCK|O_CLOEXEC|O_DIRECTORY) = 7
4009942 openat(AT_FDCWD, "phase1/results/task_balance_guard_forward_8579_formal_20260826/", O_RDONLY|O_NONBLOCK|O_CLOEXEC|O_DIRECTORY) = 7
4009942 openat(AT_FDCWD, "phase1/results/task_balance_structural_extension_887_20260828_1e5f949/", O_RDONLY|O_NONBLOCK|O_CLOEXEC|O_DIRECTORY) = 7
4009942 openat(AT_FDCWD, "phase1/results/task_balance_structural_only_v2_8579_20260826_1b9b836/", O_RDONLY|O_NONBLOCK|O_CLOEXEC|O_DIRECTORY) = 7
4009942 openat(AT_FDCWD, "phase1/results/task_parent_support_v11_20260814/", O_RDONLY|O_NONBLOCK|O_CLOEXEC|O_DIRECTORY) = 7
4009942 openat(AT_FDCWD, "phase1/results/task_topcenter_v11_20260814/", O_RDONLY|O_NONBLOCK|O_CLOEXEC|O_DIRECTORY) = 7
4009942 openat(AT_FDCWD, "phase1/results/temporal_blind_0812_v1/", O_RDONLY|O_NONBLOCK|O_CLOEXEC|O_DIRECTORY) = 7
4009942 openat(AT_FDCWD, "phase1/results/temporal_prediction_escrow_20260819/", O_RDONLY|O_NONBLOCK|O_CLOEXEC|O_DIRECTORY) = 7
4009942 openat(AT_FDCWD, "phase1/results/tfidf_retrospective_component_utility_20260823_e3cffbb/", O_RDONLY|O_NONBLOCK|O_CLOEXEC|O_DIRECTORY) = 7
4009942 openat(AT_FDCWD, "phase1/results/tfidf_retrospective_component_v2_invalid_attempt_20260823/", O_RDONLY|O_NONBLOCK|O_CLOEXEC|O_DIRECTORY) = 7
4009942 openat(AT_FDCWD, "phase1/results/tfidf_retrospective_utility_v1_invalid_20260823/", O_RDONLY|O_NONBLOCK|O_CLOEXEC|O_DIRECTORY) = 7
4009942 openat(AT_FDCWD, "phase1/results/tgca_v11_20260814/", O_RDONLY|O_NONBLOCK|O_CLOEXEC|O_DIRECTORY) = 7
4009942 openat(AT_FDCWD, "phase1/results/traceml_external_structure_eligibility_20260821_517c95c/", O_RDONLY|O_NONBLOCK|O_CLOEXEC|O_DIRECTORY) = 7
4009942 openat(AT_FDCWD, "phase1/results/traceml_human_fork_s0_20260821/", O_RDONLY|O_NONBLOCK|O_CLOEXEC|O_DIRECTORY) = 7
4009942 openat(AT_FDCWD, "phase1/results/traceml_human_fork_s1_20260821_bae0802/", O_RDONLY|O_NONBLOCK|O_CLOEXEC|O_DIRECTORY) = 7
4009942 openat(AT_FDCWD, "phase1/results/transition_future_escrow_20260821_7458f09/", O_RDONLY|O_NONBLOCK|O_CLOEXEC|O_DIRECTORY) = 7
4009942 openat(AT_FDCWD, "phase1/results/transition_future_support_audit_20260821_4b6b997/", O_RDONLY|O_NONBLOCK|O_CLOEXEC|O_DIRECTORY) = 7
4009942 openat(AT_FDCWD, "phase1/results/v11_source_provenance_audit_20260814/", O_RDONLY|O_NONBLOCK|O_CLOEXEC|O_DIRECTORY) = 7
4009942 openat(AT_FDCWD, "phase1/results/wl_graph_multiview_v1_20260820_f67157a/", O_RDONLY|O_NONBLOCK|O_CLOEXEC|O_DIRECTORY) = 7
4009942 openat(AT_FDCWD, "phase1/schema_probe_repair_v2/", O_RDONLY|O_NONBLOCK|O_CLOEXEC|O_DIRECTORY) = 6
4009942 openat(AT_FDCWD, "phase1/schema_probe_repair_v2/.gitignore", O_RDONLY|O_NOFOLLOW) = -1 ENOENT (No such file or directory)
4009942 openat(AT_FDCWD, "phase1/schema_probe_repair_v2/prereg/", O_RDONLY|O_NONBLOCK|O_CLOEXEC|O_DIRECTORY) = 7
4009942 openat(AT_FDCWD, "phase1/schema_probe_repair_v2/replay/", O_RDONLY|O_NONBLOCK|O_CLOEXEC|O_DIRECTORY) = 7
4009942 openat(AT_FDCWD, "phase1/schema_probe_repair_v2/replay/.gitignore", O_RDONLY|O_NOFOLLOW) = -1 ENOENT (No such file or directory)
4009942 openat(AT_FDCWD, "phase1/schema_probe_repair_v2/replay/index_0/", O_RDONLY|O_NONBLOCK|O_CLOEXEC|O_DIRECTORY) = 8
4009942 openat(AT_FDCWD, "phase1/schema_probe_repair_v2/replay/index_1/", O_RDONLY|O_NONBLOCK|O_CLOEXEC|O_DIRECTORY) = 8
4009942 openat(AT_FDCWD, "phase1/schema_probe_repair_v2/status/", O_RDONLY|O_NONBLOCK|O_CLOEXEC|O_DIRECTORY) = 7
4009942 openat(AT_FDCWD, "phase1/schema_probe_smoke_v1/", O_RDONLY|O_NONBLOCK|O_CLOEXEC|O_DIRECTORY) = 6
4009942 openat(AT_FDCWD, "phase1/scripts/", O_RDONLY|O_NONBLOCK|O_CLOEXEC|O_DIRECTORY) = 6
4009942 openat(AT_FDCWD, "phase1/source_choice_decision_view_v1_fd5c3ee/", O_RDONLY|O_NONBLOCK|O_CLOEXEC|O_DIRECTORY) = 6
4009942 openat(AT_FDCWD, "phase1/source_choice_decision_view_v2_3ceb99f/", O_RDONLY|O_NONBLOCK|O_CLOEXEC|O_DIRECTORY) = 6
4009942 openat(AT_FDCWD, "phase1/spt_pilot_v1/", O_RDONLY|O_NONBLOCK|O_CLOEXEC|O_DIRECTORY) = 6
4009942 openat(AT_FDCWD, "phase1/spt_pilot_v1/.gitignore", O_RDONLY|O_NOFOLLOW) = -1 ENOENT (No such file or directory)
4009942 openat(AT_FDCWD, "phase1/spt_pilot_v1/prereg/", O_RDONLY|O_NONBLOCK|O_CLOEXEC|O_DIRECTORY) = 7
4009942 openat(AT_FDCWD, "phase1/spt_pilot_v1/raw_results/", O_RDONLY|O_NONBLOCK|O_CLOEXEC|O_DIRECTORY) = 7
4009942 openat(AT_FDCWD, "phase1/spt_pilot_v1/raw_results/.gitignore", O_RDONLY|O_NOFOLLOW) = -1 ENOENT (No such file or directory)
4009942 openat(AT_FDCWD, "phase1/spt_pilot_v1/raw_results/index_0/", O_RDONLY|O_NONBLOCK|O_CLOEXEC|O_DIRECTORY) = 8
4009942 openat(AT_FDCWD, "phase1/spt_pilot_v1/raw_results/index_1/", O_RDONLY|O_NONBLOCK|O_CLOEXEC|O_DIRECTORY) = 8
4009942 openat(AT_FDCWD, "phase1/spt_pilot_v1/raw_results/index_10/", O_RDONLY|O_NONBLOCK|O_CLOEXEC|O_DIRECTORY) = 8
4009942 openat(AT_FDCWD, "phase1/spt_pilot_v1/raw_results/index_11/", O_RDONLY|O_NONBLOCK|O_CLOEXEC|O_DIRECTORY) = 8
4009942 openat(AT_FDCWD, "phase1/spt_pilot_v1/raw_results/index_12/", O_RDONLY|O_NONBLOCK|O_CLOEXEC|O_DIRECTORY) = 8
4009942 openat(AT_FDCWD, "phase1/spt_pilot_v1/raw_results/index_13/", O_RDONLY|O_NONBLOCK|O_CLOEXEC|O_DIRECTORY) = 8
4009942 openat(AT_FDCWD, "phase1/spt_pilot_v1/raw_results/index_14/", O_RDONLY|O_NONBLOCK|O_CLOEXEC|O_DIRECTORY) = 8
4009942 openat(AT_FDCWD, "phase1/spt_pilot_v1/raw_results/index_15/", O_RDONLY|O_NONBLOCK|O_CLOEXEC|O_DIRECTORY) = 8
4009942 openat(AT_FDCWD, "phase1/spt_pilot_v1/raw_results/index_16/", O_RDONLY|O_NONBLOCK|O_CLOEXEC|O_DIRECTORY) = 8
4009942 openat(AT_FDCWD, "phase1/spt_pilot_v1/raw_results/index_17/", O_RDONLY|O_NONBLOCK|O_CLOEXEC|O_DIRECTORY) = 8
4009942 openat(AT_FDCWD, "phase1/spt_pilot_v1/raw_results/index_2/", O_RDONLY|O_NONBLOCK|O_CLOEXEC|O_DIRECTORY) = 8
4009942 openat(AT_FDCWD, "phase1/spt_pilot_v1/raw_results/index_3/", O_RDONLY|O_NONBLOCK|O_CLOEXEC|O_DIRECTORY) = 8
4009942 openat(AT_FDCWD, "phase1/spt_pilot_v1/raw_results/index_4/", O_RDONLY|O_NONBLOCK|O_CLOEXEC|O_DIRECTORY) = 8
4009942 openat(AT_FDCWD, "phase1/spt_pilot_v1/raw_results/index_5/", O_RDONLY|O_NONBLOCK|O_CLOEXEC|O_DIRECTORY) = 8
4009942 openat(AT_FDCWD, "phase1/spt_pilot_v1/raw_results/index_6/", O_RDONLY|O_NONBLOCK|O_CLOEXEC|O_DIRECTORY) = 8
4009942 openat(AT_FDCWD, "phase1/spt_pilot_v1/raw_results/index_7/", O_RDONLY|O_NONBLOCK|O_CLOEXEC|O_DIRECTORY) = 8
4009942 openat(AT_FDCWD, "phase1/spt_pilot_v1/raw_results/index_8/", O_RDONLY|O_NONBLOCK|O_CLOEXEC|O_DIRECTORY) = 8
4009942 openat(AT_FDCWD, "phase1/spt_pilot_v1/raw_results/index_9/", O_RDONLY|O_NONBLOCK|O_CLOEXEC|O_DIRECTORY) = 8
4009942 openat(AT_FDCWD, "phase1/spt_pilot_v1/status/", O_RDONLY|O_NONBLOCK|O_CLOEXEC|O_DIRECTORY) = 7
4009942 openat(AT_FDCWD, "phase1/task_conformal_early_stop_v10/", O_RDONLY|O_NONBLOCK|O_CLOEXEC|O_DIRECTORY) = 6
4009942 openat(AT_FDCWD, "phase1/td_topology_v9/", O_RDONLY|O_NONBLOCK|O_CLOEXEC|O_DIRECTORY) = 6
4009942 openat(AT_FDCWD, "phase1/tests/", O_RDONLY|O_NONBLOCK|O_CLOEXEC|O_DIRECTORY) = 6
4009942 openat(AT_FDCWD, "phase1/tests/.gitignore", O_RDONLY|O_NOFOLLOW) = -1 ENOENT (No such file or directory)
4009942 openat(AT_FDCWD, "phase1/tools/", O_RDONLY|O_NONBLOCK|O_CLOEXEC|O_DIRECTORY) = 6
4009942 openat(AT_FDCWD, "phase1/trace_rank_cv_v9/", O_RDONLY|O_NONBLOCK|O_CLOEXEC|O_DIRECTORY) = 6
4009942 openat(AT_FDCWD, "phase1/trajectory_smoke_v1/", O_RDONLY|O_NONBLOCK|O_CLOEXEC|O_DIRECTORY) = 6
4009942 openat(AT_FDCWD, "phase1/trajectory_smoke_v1/.gitignore", O_RDONLY|O_NOFOLLOW) = -1 ENOENT (No such file or directory)
4009942 openat(AT_FDCWD, "phase1/trajectory_smoke_v1/cards/", O_RDONLY|O_NONBLOCK|O_CLOEXEC|O_DIRECTORY) = 7
4009942 openat(AT_FDCWD, "phase1/trajectory_smoke_v1/cards/.gitignore", O_RDONLY|O_NOFOLLOW) = -1 ENOENT (No such file or directory)
4009942 openat(AT_FDCWD, "phase1/trajectory_smoke_v1/cards/d1ce4cb053cad9f7a861019bab018e714946a971f1c4cdfa8e7db23044a3ba9f/", O_RDONLY|O_NONBLOCK|O_CLOEXEC|O_DIRECTORY) = 8
4009942 openat(AT_FDCWD, "phase1/trajectory_smoke_v1/cards/df6decc1033678f75c3c26b58895333197a29322b4c5095fd2c333f4c375bc7d/", O_RDONLY|O_NONBLOCK|O_CLOEXEC|O_DIRECTORY) = 8
4009942 openat(AT_FDCWD, "phase1/trajectory_smoke_v1/cards/df6decc1033678f75c3c26b58895333197a29322b4c5095fd2c333f4c375bc7d/.gitignore", O_RDONLY|O_NOFOLLOW) = -1 ENOENT (No such file or directory)
4009942 openat(AT_FDCWD, "phase1/trajectory_smoke_v1/cards/df6decc1033678f75c3c26b58895333197a29322b4c5095fd2c333f4c375bc7d/snapshots/", O_RDONLY|O_NONBLOCK|O_CLOEXEC|O_DIRECTORY) = 9
4009942 openat(AT_FDCWD, "phase1/upstream_patches/", O_RDONLY|O_NONBLOCK|O_CLOEXEC|O_DIRECTORY) = 6
4009942 openat(AT_FDCWD, "phase1/v10_decision/", O_RDONLY|O_NONBLOCK|O_CLOEXEC|O_DIRECTORY) = 6
4009942 openat(AT_FDCWD, "phase1/v11_decision/", O_RDONLY|O_NONBLOCK|O_CLOEXEC|O_DIRECTORY) = 6
4009942 openat(AT_FDCWD, "phase1/v12_exploratory_decision/", O_RDONLY|O_NONBLOCK|O_CLOEXEC|O_DIRECTORY) = 6
4009942 openat(AT_FDCWD, "phase1/\345\256\236\351\252\214\350\256\260\345\275\225/", O_RDONLY|O_NONBLOCK|O_CLOEXEC|O_DIRECTORY) = 6
4009942 openat(AT_FDCWD, "phase1/\345\256\236\351\252\214\350\256\260\345\275\225/.gitignore", O_RDONLY|O_NOFOLLOW) = -1 ENOENT (No such file or directory)
4009942 openat(AT_FDCWD, "phase1/\345\256\236\351\252\214\350\256\260\345\275\225/2026-07-16/", O_RDONLY|O_NONBLOCK|O_CLOEXEC|O_DIRECTORY) = 7
4009942 openat(AT_FDCWD, "phase1/\345\256\236\351\252\214\350\256\260\345\275\225/2026-07-18/", O_RDONLY|O_NONBLOCK|O_CLOEXEC|O_DIRECTORY) = 7
4009942 openat(AT_FDCWD, "phase1/\345\256\236\351\252\214\350\256\260\345\275\225/2026-07-21/", O_RDONLY|O_NONBLOCK|O_CLOEXEC|O_DIRECTORY) = 7
4009942 openat(AT_FDCWD, "phase1/\345\256\236\351\252\214\350\256\260\345\275\225/2026-07-22/", O_RDONLY|O_NONBLOCK|O_CLOEXEC|O_DIRECTORY) = 7
4009942 openat(AT_FDCWD, "phase1/\345\256\236\351\252\214\350\256\260\345\275\225/2026-07-23/", O_RDONLY|O_NONBLOCK|O_CLOEXEC|O_DIRECTORY) = 7
4009942 openat(AT_FDCWD, "phase1/\345\256\236\351\252\214\350\256\260\345\275\225/2026-07-24/", O_RDONLY|O_NONBLOCK|O_CLOEXEC|O_DIRECTORY) = 7
4009942 openat(AT_FDCWD, "phase1/\345\256\236\351\252\214\350\256\260\345\275\225/2026-07-27/", O_RDONLY|O_NONBLOCK|O_CLOEXEC|O_DIRECTORY) = 7
4009942 openat(AT_FDCWD, "phase1/\345\256\236\351\252\214\350\256\260\345\275\225/2026-07-28/", O_RDONLY|O_NONBLOCK|O_CLOEXEC|O_DIRECTORY) = 7
4009942 openat(AT_FDCWD, "phase1/\345\256\236\351\252\214\350\256\260\345\275\225/2026-07-29/", O_RDONLY|O_NONBLOCK|O_CLOEXEC|O_DIRECTORY) = 7
4009942 openat(AT_FDCWD, "phase1/\345\256\236\351\252\214\350\256\260\345\275\225/2026-07-31/", O_RDONLY|O_NONBLOCK|O_CLOEXEC|O_DIRECTORY) = 7
4009942 openat(AT_FDCWD, "phase1/\345\256\236\351\252\214\350\256\260\345\275\225/2026-08-01/", O_RDONLY|O_NONBLOCK|O_CLOEXEC|O_DIRECTORY) = 7
4009942 openat(AT_FDCWD, "phase1/\345\256\236\351\252\214\350\256\260\345\275\225/2026-08-02/", O_RDONLY|O_NONBLOCK|O_CLOEXEC|O_DIRECTORY) = 7
4009942 openat(AT_FDCWD, "phase1/\345\256\236\351\252\214\350\256\260\345\275\225/2026-08-03/", O_RDONLY|O_NONBLOCK|O_CLOEXEC|O_DIRECTORY) = 7
4009942 openat(AT_FDCWD, "phase1/\345\256\236\351\252\214\350\256\260\345\275\225/2026-08-04/", O_RDONLY|O_NONBLOCK|O_CLOEXEC|O_DIRECTORY) = 7
4009942 openat(AT_FDCWD, "phase1/\345\256\236\351\252\214\350\256\260\345\275\225/2026-08-08/", O_RDONLY|O_NONBLOCK|O_CLOEXEC|O_DIRECTORY) = 7
4009942 openat(AT_FDCWD, "phase1/\345\256\236\351\252\214\350\256\260\345\275\225/2026-08-09/", O_RDONLY|O_NONBLOCK|O_CLOEXEC|O_DIRECTORY) = 7
4009942 openat(AT_FDCWD, "phase1/\345\256\236\351\252\214\350\256\260\345\275\225/2026-08-10/", O_RDONLY|O_NONBLOCK|O_CLOEXEC|O_DIRECTORY) = 7
4009942 openat(AT_FDCWD, "phase1/\345\256\236\351\252\214\350\256\260\345\275\225/2026-08-12/", O_RDONLY|O_NONBLOCK|O_CLOEXEC|O_DIRECTORY) = 7
4009942 openat(AT_FDCWD, "phase1/\345\256\236\351\252\214\350\256\260\345\275\225/2026-08-13/", O_RDONLY|O_NONBLOCK|O_CLOEXEC|O_DIRECTORY) = 7
4009942 openat(AT_FDCWD, "phase1/\345\256\236\351\252\214\350\256\260\345\275\225/2026-08-14/", O_RDONLY|O_NONBLOCK|O_CLOEXEC|O_DIRECTORY) = 7
4009942 openat(AT_FDCWD, "phase1/\345\256\236\351\252\214\350\256\260\345\275\225/2026-08-15/", O_RDONLY|O_NONBLOCK|O_CLOEXEC|O_DIRECTORY) = 7
4009942 openat(AT_FDCWD, "phase1/\345\256\236\351\252\214\350\256\260\345\275\225/2026-08-16/", O_RDONLY|O_NONBLOCK|O_CLOEXEC|O_DIRECTORY) = 7
4009942 openat(AT_FDCWD, "phase1/\345\256\236\351\252\214\350\256\260\345\275\225/2026-08-17/", O_RDONLY|O_NONBLOCK|O_CLOEXEC|O_DIRECTORY) = 7
4009942 openat(AT_FDCWD, "phase1/\345\256\236\351\252\214\350\256\260\345\275\225/2026-08-18/", O_RDONLY|O_NONBLOCK|O_CLOEXEC|O_DIRECTORY) = 7
4009942 openat(AT_FDCWD, "phase1/\345\256\236\351\252\214\350\256\260\345\275\225/2026-08-19/", O_RDONLY|O_NONBLOCK|O_CLOEXEC|O_DIRECTORY) = 7
4009942 openat(AT_FDCWD, "phase1/\345\256\236\351\252\214\350\256\260\345\275\225/2026-08-20/", O_RDONLY|O_NONBLOCK|O_CLOEXEC|O_DIRECTORY) = 7
4009942 openat(AT_FDCWD, "phase1/\345\256\236\351\252\214\350\256\260\345\275\225/2026-08-21/", O_RDONLY|O_NONBLOCK|O_CLOEXEC|O_DIRECTORY) = 7
4009942 openat(AT_FDCWD, "phase1/\345\256\236\351\252\214\350\256\260\345\275\225/2026-08-22/", O_RDONLY|O_NONBLOCK|O_CLOEXEC|O_DIRECTORY) = 7
4009942 openat(AT_FDCWD, "phase1/\345\256\236\351\252\214\350\256\260\345\275\225/2026-08-23/", O_RDONLY|O_NONBLOCK|O_CLOEXEC|O_DIRECTORY) = 7
4009942 openat(AT_FDCWD, "phase1/\345\256\236\351\252\214\350\256\260\345\275\225/2026-08-24/", O_RDONLY|O_NONBLOCK|O_CLOEXEC|O_DIRECTORY) = 7
4009942 openat(AT_FDCWD, "phase1/\345\256\236\351\252\214\350\256\260\345\275\225/2026-08-25/", O_RDONLY|O_NONBLOCK|O_CLOEXEC|O_DIRECTORY) = 7
4009942 openat(AT_FDCWD, "phase1/\345\256\236\351\252\214\350\256\260\345\275\225/2026-08-26/", O_RDONLY|O_NONBLOCK|O_CLOEXEC|O_DIRECTORY) = 7
4009942 openat(AT_FDCWD, "phase1/\345\256\236\351\252\214\350\256\260\345\275\225/2026-08-27/", O_RDONLY|O_NONBLOCK|O_CLOEXEC|O_DIRECTORY) = 7
4009942 openat(AT_FDCWD, "phase1/\345\256\236\351\252\214\350\256\260\345\275\225/2026-08-28/", O_RDONLY|O_NONBLOCK|O_CLOEXEC|O_DIRECTORY) = 7
4009942 openat(AT_FDCWD, "src/", O_RDONLY|O_NONBLOCK|O_CLOEXEC|O_DIRECTORY) = 5
4009942 openat(AT_FDCWD, "src/.gitignore", O_RDONLY|O_NOFOLLOW) = -1 ENOENT (No such file or directory)
4009942 openat(AT_FDCWD, "src/aira_core/", O_RDONLY|O_NONBLOCK|O_CLOEXEC|O_DIRECTORY) = 6
4009942 openat(AT_FDCWD, "src/aira_core/.gitignore", O_RDONLY|O_NOFOLLOW) = -1 ENOENT (No such file or directory)
4009942 openat(AT_FDCWD, "src/aira_core/config/", O_RDONLY|O_NONBLOCK|O_CLOEXEC|O_DIRECTORY) = 7
4009942 openat(AT_FDCWD, "src/dojo/", O_RDONLY|O_NONBLOCK|O_CLOEXEC|O_DIRECTORY) = 6
4009942 openat(AT_FDCWD, "src/dojo/.gitignore", O_RDONLY|O_NOFOLLOW) = -1 ENOENT (No such file or directory)
4009942 openat(AT_FDCWD, "src/dojo/analysis_utils/", O_RDONLY|O_NONBLOCK|O_CLOEXEC|O_DIRECTORY) = 7
4009942 openat(AT_FDCWD, "src/dojo/config_dataclasses/", O_RDONLY|O_NONBLOCK|O_CLOEXEC|O_DIRECTORY) = 7
4009942 openat(AT_FDCWD, "src/dojo/config_dataclasses/.gitignore", O_RDONLY|O_NOFOLLOW) = -1 ENOENT (No such file or directory)
4009942 openat(AT_FDCWD, "src/dojo/config_dataclasses/client/", O_RDONLY|O_NONBLOCK|O_CLOEXEC|O_DIRECTORY) = 8
4009942 openat(AT_FDCWD, "src/dojo/config_dataclasses/interpreter/", O_RDONLY|O_NONBLOCK|O_CLOEXEC|O_DIRECTORY) = 8
4009942 openat(AT_FDCWD, "src/dojo/config_dataclasses/launcher/", O_RDONLY|O_NONBLOCK|O_CLOEXEC|O_DIRECTORY) = 8
4009942 openat(AT_FDCWD, "src/dojo/config_dataclasses/llm/", O_RDONLY|O_NONBLOCK|O_CLOEXEC|O_DIRECTORY) = 8
4009942 openat(AT_FDCWD, "src/dojo/config_dataclasses/omegaconf/", O_RDONLY|O_NONBLOCK|O_CLOEXEC|O_DIRECTORY) = 8
4009942 openat(AT_FDCWD, "src/dojo/config_dataclasses/operators/", O_RDONLY|O_NONBLOCK|O_CLOEXEC|O_DIRECTORY) = 8
4009942 openat(AT_FDCWD, "src/dojo/config_dataclasses/solver/", O_RDONLY|O_NONBLOCK|O_CLOEXEC|O_DIRECTORY) = 8
4009942 openat(AT_FDCWD, "src/dojo/config_dataclasses/task/", O_RDONLY|O_NONBLOCK|O_CLOEXEC|O_DIRECTORY) = 8
4009942 openat(AT_FDCWD, "src/dojo/configs/", O_RDONLY|O_NONBLOCK|O_CLOEXEC|O_DIRECTORY) = 7
4009942 openat(AT_FDCWD, "src/dojo/configs/.gitignore", O_RDONLY|O_NOFOLLOW) = -1 ENOENT (No such file or directory)
4009942 openat(AT_FDCWD, "src/dojo/configs/_exp/", O_RDONLY|O_NONBLOCK|O_CLOEXEC|O_DIRECTORY) = 8
4009942 openat(AT_FDCWD, "src/dojo/configs/_exp/.gitignore", O_RDONLY|O_NOFOLLOW) = -1 ENOENT (No such file or directory)
4009942 openat(AT_FDCWD, "src/dojo/configs/_exp/mlebench/", O_RDONLY|O_NONBLOCK|O_CLOEXEC|O_DIRECTORY) = 9
4009942 openat(AT_FDCWD, "src/dojo/configs/benchmark/", O_RDONLY|O_NONBLOCK|O_CLOEXEC|O_DIRECTORY) = 8
4009942 openat(AT_FDCWD, "src/dojo/configs/benchmark/.gitignore", O_RDONLY|O_NOFOLLOW) = -1 ENOENT (No such file or directory)
4009942 openat(AT_FDCWD, "src/dojo/configs/benchmark/mlebench/", O_RDONLY|O_NONBLOCK|O_CLOEXEC|O_DIRECTORY) = 9
4009942 openat(AT_FDCWD, "src/dojo/configs/interpreter/", O_RDONLY|O_NONBLOCK|O_CLOEXEC|O_DIRECTORY) = 8
4009942 openat(AT_FDCWD, "src/dojo/configs/launcher/", O_RDONLY|O_NONBLOCK|O_CLOEXEC|O_DIRECTORY) = 8
4009942 openat(AT_FDCWD, "src/dojo/configs/logger/", O_RDONLY|O_NONBLOCK|O_CLOEXEC|O_DIRECTORY) = 8
4009942 openat(AT_FDCWD, "src/dojo/configs/metadata/", O_RDONLY|O_NONBLOCK|O_CLOEXEC|O_DIRECTORY) = 8
4009942 openat(AT_FDCWD, "src/dojo/configs/solver/", O_RDONLY|O_NONBLOCK|O_CLOEXEC|O_DIRECTORY) = 8
4009942 openat(AT_FDCWD, "src/dojo/configs/solver/.gitignore", O_RDONLY|O_NOFOLLOW) = -1 ENOENT (No such file or directory)
4009942 openat(AT_FDCWD, "src/dojo/configs/solver/client/", O_RDONLY|O_NONBLOCK|O_CLOEXEC|O_DIRECTORY) = 9
4009942 openat(AT_FDCWD, "src/dojo/configs/solver/memory/", O_RDONLY|O_NONBLOCK|O_CLOEXEC|O_DIRECTORY) = 9
4009942 openat(AT_FDCWD, "src/dojo/configs/solver/mlebench/", O_RDONLY|O_NONBLOCK|O_CLOEXEC|O_DIRECTORY) = 9
4009942 openat(AT_FDCWD, "src/dojo/configs/solver/operators/", O_RDONLY|O_NONBLOCK|O_CLOEXEC|O_DIRECTORY) = 9
4009942 openat(AT_FDCWD, "src/dojo/configs/solver/operators/.gitignore", O_RDONLY|O_NOFOLLOW) = -1 ENOENT (No such file or directory)
4009942 openat(AT_FDCWD, "src/dojo/configs/solver/operators/mlebench/", O_RDONLY|O_NONBLOCK|O_CLOEXEC|O_DIRECTORY) = 10
4009942 openat(AT_FDCWD, "src/dojo/configs/solver/operators/mlebench/.gitignore", O_RDONLY|O_NOFOLLOW) = -1 ENOENT (No such file or directory)
4009942 openat(AT_FDCWD, "src/dojo/configs/solver/operators/mlebench/aide_operators/", O_RDONLY|O_NONBLOCK|O_CLOEXEC|O_DIRECTORY) = 11
4009942 openat(AT_FDCWD, "src/dojo/configs/solver/operators/mlebench/aira_operators/", O_RDONLY|O_NONBLOCK|O_CLOEXEC|O_DIRECTORY) = 11
4009942 openat(AT_FDCWD, "src/dojo/configs/task/", O_RDONLY|O_NONBLOCK|O_CLOEXEC|O_DIRECTORY) = 8
4009942 openat(AT_FDCWD, "src/dojo/configs/task/.gitignore", O_RDONLY|O_NOFOLLOW) = -1 ENOENT (No such file or directory)
4009942 openat(AT_FDCWD, "src/dojo/configs/task/mlebench/", O_RDONLY|O_NONBLOCK|O_CLOEXEC|O_DIRECTORY) = 9
4009942 openat(AT_FDCWD, "src/dojo/core/", O_RDONLY|O_NONBLOCK|O_CLOEXEC|O_DIRECTORY) = 7
4009942 openat(AT_FDCWD, "src/dojo/core/.gitignore", O_RDONLY|O_NOFOLLOW) = -1 ENOENT (No such file or directory)
4009942 openat(AT_FDCWD, "src/dojo/core/interpreters/", O_RDONLY|O_NONBLOCK|O_CLOEXEC|O_DIRECTORY) = 8
4009942 openat(AT_FDCWD, "src/dojo/core/interpreters/.gitignore", O_RDONLY|O_NOFOLLOW) = -1 ENOENT (No such file or directory)
4009942 openat(AT_FDCWD, "src/dojo/core/interpreters/jupyter/", O_RDONLY|O_NONBLOCK|O_CLOEXEC|O_DIRECTORY) = 9
4009942 openat(AT_FDCWD, "src/dojo/core/runners/", O_RDONLY|O_NONBLOCK|O_CLOEXEC|O_DIRECTORY) = 8
4009942 openat(AT_FDCWD, "src/dojo/core/runners/.gitignore", O_RDONLY|O_NOFOLLOW) = -1 ENOENT (No such file or directory)
4009942 openat(AT_FDCWD, "src/dojo/core/runners/slurm/", O_RDONLY|O_NONBLOCK|O_CLOEXEC|O_DIRECTORY) = 9
4009942 openat(AT_FDCWD, "src/dojo/core/solvers/", O_RDONLY|O_NONBLOCK|O_CLOEXEC|O_DIRECTORY) = 8
4009942 openat(AT_FDCWD, "src/dojo/core/solvers/.gitignore", O_RDONLY|O_NOFOLLOW) = -1 ENOENT (No such file or directory)
4009942 openat(AT_FDCWD, "src/dojo/core/solvers/llm_helpers/", O_RDONLY|O_NONBLOCK|O_CLOEXEC|O_DIRECTORY) = 9
4009942 openat(AT_FDCWD, "src/dojo/core/solvers/llm_helpers/.gitignore", O_RDONLY|O_NOFOLLOW) = -1 ENOENT (No such file or directory)
4009942 openat(AT_FDCWD, "src/dojo/core/solvers/llm_helpers/backends/", O_RDONLY|O_NONBLOCK|O_CLOEXEC|O_DIRECTORY) = 10
4009942 openat(AT_FDCWD, "src/dojo/core/solvers/operators/", O_RDONLY|O_NONBLOCK|O_CLOEXEC|O_DIRECTORY) = 9
4009942 openat(AT_FDCWD, "src/dojo/core/solvers/utils/", O_RDONLY|O_NONBLOCK|O_CLOEXEC|O_DIRECTORY) = 9
4009942 openat(AT_FDCWD, "src/dojo/core/solvers/utils/.gitignore", O_RDONLY|O_NOFOLLOW) = -1 ENOENT (No such file or directory)
4009942 openat(AT_FDCWD, "src/dojo/core/solvers/utils/viz_templates/", O_RDONLY|O_NONBLOCK|O_CLOEXEC|O_DIRECTORY) = 10
4009942 openat(AT_FDCWD, "src/dojo/core/tasks/", O_RDONLY|O_NONBLOCK|O_CLOEXEC|O_DIRECTORY) = 8
4009942 openat(AT_FDCWD, "src/dojo/solvers/", O_RDONLY|O_NONBLOCK|O_CLOEXEC|O_DIRECTORY) = 7
4009942 openat(AT_FDCWD, "src/dojo/solvers/.gitignore", O_RDONLY|O_NOFOLLOW) = -1 ENOENT (No such file or directory)
4009942 openat(AT_FDCWD, "src/dojo/solvers/evo/", O_RDONLY|O_NONBLOCK|O_CLOEXEC|O_DIRECTORY) = 8
4009942 openat(AT_FDCWD, "src/dojo/solvers/greedy/", O_RDONLY|O_NONBLOCK|O_CLOEXEC|O_DIRECTORY) = 8
4009942 openat(AT_FDCWD, "src/dojo/solvers/mcts/", O_RDONLY|O_NONBLOCK|O_CLOEXEC|O_DIRECTORY) = 8
4009942 openat(AT_FDCWD, "src/dojo/tasks/", O_RDONLY|O_NONBLOCK|O_CLOEXEC|O_DIRECTORY) = 7
4009942 openat(AT_FDCWD, "src/dojo/tasks/.gitignore", O_RDONLY|O_NOFOLLOW) = -1 ENOENT (No such file or directory)
4009942 openat(AT_FDCWD, "src/dojo/tasks/mlebench/", O_RDONLY|O_NONBLOCK|O_CLOEXEC|O_DIRECTORY) = 8
4009942 openat(AT_FDCWD, "src/dojo/tasks/mlebench/.gitignore", O_RDONLY|O_NOFOLLOW) = -1 ENOENT (No such file or directory)
4009942 openat(AT_FDCWD, "src/dojo/tasks/mlebench/splits/", O_RDONLY|O_NONBLOCK|O_CLOEXEC|O_DIRECTORY) = 9
4009942 openat(AT_FDCWD, "src/dojo/tasks/mlebench/utils/", O_RDONLY|O_NONBLOCK|O_CLOEXEC|O_DIRECTORY) = 9
4009942 openat(AT_FDCWD, "src/dojo/ui/", O_RDONLY|O_NONBLOCK|O_CLOEXEC|O_DIRECTORY) = 7
4009942 openat(AT_FDCWD, "src/dojo/ui/.gitignore", O_RDONLY|O_NOFOLLOW) = -1 ENOENT (No such file or directory)
4009942 openat(AT_FDCWD, "src/dojo/ui/components/", O_RDONLY|O_NONBLOCK|O_CLOEXEC|O_DIRECTORY) = 8
4009942 openat(AT_FDCWD, "src/dojo/utils/", O_RDONLY|O_NONBLOCK|O_CLOEXEC|O_DIRECTORY) = 7
4009942 openat(AT_FDCWD, "src/mle_critic/", O_RDONLY|O_NONBLOCK|O_CLOEXEC|O_DIRECTORY) = 6
4009942 openat(AT_FDCWD, "src/mle_critic/.gitignore", O_RDONLY|O_NOFOLLOW) = -1 ENOENT (No such file or directory)
4009942 openat(AT_FDCWD, "src/mle_critic/docs/", O_RDONLY|O_NONBLOCK|O_CLOEXEC|O_DIRECTORY) = 7
4009942 openat(AT_FDCWD, "superimage/", O_RDONLY|O_NONBLOCK|O_CLOEXEC|O_DIRECTORY) = 5
4009942 openat(AT_FDCWD, "tests/", O_RDONLY|O_NONBLOCK|O_CLOEXEC|O_DIRECTORY) = 5
4009942 openat(AT_FDCWD, "/research/d7/spc/yzyang4/aira-dojo/.git/worktrees/prereg-3d30826/sequencer/todo", O_RDONLY) = -1 ENOENT (No such file or directory)
4009942 openat(AT_FDCWD, "/research/d7/spc/yzyang4/aira-dojo/.git/worktrees/prereg-3d30826/logs/HEAD", O_RDONLY) = 4
4009940 --- SIGCHLD {si_signo=SIGCHLD, si_code=CLD_EXITED, si_pid=4009942, si_uid=7542, si_status=0, si_utime=1 /* 0.01 s */, si_stime=11 /* 0.11 s */} ---
4009940 openat(AT_FDCWD, "/research/d7/spc/yzyang4/decision-corpus-evidence-v8/prereg-3d30826/phase1/historical_release_future_identifier_erased_package_protocol_v1.json", O_RDONLY|O_CLOEXEC) = 3
4009940 openat(AT_FDCWD, "/research/d7/spc/yzyang4/decision-corpus-evidence-v8/prereg-3d30826/phase1/historical_release_future_identifier_erased_package_protocol_v1.json", O_RDONLY|O_CLOEXEC) = 3
4009950 openat(AT_FDCWD, "/proc/self/fd", O_RDONLY|O_CLOEXEC) = 3
4009950 openat(AT_FDCWD, "/usr/local/cuda-12.8/lib64/glibc-hwcaps/x86-64-v4/libpcre2-8.so.0", O_RDONLY|O_CLOEXEC) = -1 ENOENT (No such file or directory)
4009950 openat(AT_FDCWD, "/usr/local/cuda-12.8/lib64/glibc-hwcaps/x86-64-v3/libpcre2-8.so.0", O_RDONLY|O_CLOEXEC) = -1 ENOENT (No such file or directory)
4009950 openat(AT_FDCWD, "/usr/local/cuda-12.8/lib64/glibc-hwcaps/x86-64-v2/libpcre2-8.so.0", O_RDONLY|O_CLOEXEC) = -1 ENOENT (No such file or directory)
4009950 openat(AT_FDCWD, "/usr/local/cuda-12.8/lib64/libpcre2-8.so.0", O_RDONLY|O_CLOEXEC) = -1 ENOENT (No such file or directory)
4009950 openat(AT_FDCWD, "glibc-hwcaps/x86-64-v4/libpcre2-8.so.0", O_RDONLY|O_CLOEXEC) = -1 ENOENT (No such file or directory)
4009950 openat(AT_FDCWD, "glibc-hwcaps/x86-64-v3/libpcre2-8.so.0", O_RDONLY|O_CLOEXEC) = -1 ENOENT (No such file or directory)
4009950 openat(AT_FDCWD, "glibc-hwcaps/x86-64-v2/libpcre2-8.so.0", O_RDONLY|O_CLOEXEC) = -1 ENOENT (No such file or directory)
4009950 openat(AT_FDCWD, "libpcre2-8.so.0", O_RDONLY|O_CLOEXEC) = -1 ENOENT (No such file or directory)
4009950 openat(AT_FDCWD, "/etc/ld.so.cache", O_RDONLY|O_CLOEXEC) = 3
4009950 openat(AT_FDCWD, "/lib/x86_64-linux-gnu/libpcre2-8.so.0", O_RDONLY|O_CLOEXEC) = 3
4009950 openat(AT_FDCWD, "glibc-hwcaps/x86-64-v4/libz.so.1", O_RDONLY|O_CLOEXEC) = -1 ENOENT (No such file or directory)
4009950 openat(AT_FDCWD, "glibc-hwcaps/x86-64-v3/libz.so.1", O_RDONLY|O_CLOEXEC) = -1 ENOENT (No such file or directory)
4009950 openat(AT_FDCWD, "glibc-hwcaps/x86-64-v2/libz.so.1", O_RDONLY|O_CLOEXEC) = -1 ENOENT (No such file or directory)
4009950 openat(AT_FDCWD, "libz.so.1", O_RDONLY|O_CLOEXEC) = -1 ENOENT (No such file or directory)
4009950 openat(AT_FDCWD, "/lib/x86_64-linux-gnu/libz.so.1", O_RDONLY|O_CLOEXEC) = 3
4009950 openat(AT_FDCWD, "glibc-hwcaps/x86-64-v4/libc.so.6", O_RDONLY|O_CLOEXEC) = -1 ENOENT (No such file or directory)
4009950 openat(AT_FDCWD, "glibc-hwcaps/x86-64-v3/libc.so.6", O_RDONLY|O_CLOEXEC) = -1 ENOENT (No such file or directory)
4009950 openat(AT_FDCWD, "glibc-hwcaps/x86-64-v2/libc.so.6", O_RDONLY|O_CLOEXEC) = -1 ENOENT (No such file or directory)
4009950 openat(AT_FDCWD, "libc.so.6", O_RDONLY|O_CLOEXEC) = -1 ENOENT (No such file or directory)
4009950 openat(AT_FDCWD, "/lib/x86_64-linux-gnu/libc.so.6", O_RDONLY|O_CLOEXEC) = 3
4009950 openat(AT_FDCWD, "/dev/null", O_RDWR) = 3
4009950 openat(AT_FDCWD, "/usr/lib/locale/locale-archive", O_RDONLY|O_CLOEXEC) = 3
4009950 openat(AT_FDCWD, "/uac/y24/yzyang4/.gitconfig", O_RDONLY) = 3
4009950 openat(AT_FDCWD, "/research/d7/spc/yzyang4/decision-corpus-evidence-v8/prereg-3d30826/.git", O_RDONLY) = 3
4009950 openat(AT_FDCWD, "/research/d7/spc/yzyang4/aira-dojo/.git/worktrees/prereg-3d30826/HEAD", O_RDONLY) = 3
4009950 openat(AT_FDCWD, "/research/d7/spc/yzyang4/aira-dojo/.git/worktrees/prereg-3d30826/commondir", O_RDONLY) = 3
4009950 openat(AT_FDCWD, "/research/d7/spc/yzyang4/aira-dojo/.git/worktrees/prereg-3d30826/commondir", O_RDONLY) = 3
4009950 openat(AT_FDCWD, "/research/d7/spc/yzyang4/aira-dojo/.git/config", O_RDONLY) = 3
4009950 openat(AT_FDCWD, "/research/d7/spc/yzyang4/aira-dojo/.git/worktrees/prereg-3d30826/config.worktree", O_RDONLY) = -1 ENOENT (No such file or directory)
4009950 openat(AT_FDCWD, "/research/d7/spc/yzyang4/aira-dojo/.git/worktrees/prereg-3d30826/commondir", O_RDONLY) = 3
4009950 openat(AT_FDCWD, "/uac/y24/yzyang4/.gitconfig", O_RDONLY) = 3
4009950 openat(AT_FDCWD, "/research/d7/spc/yzyang4/aira-dojo/.git/config", O_RDONLY) = 3
4009950 openat(AT_FDCWD, "/research/d7/spc/yzyang4/aira-dojo/.git/worktrees/prereg-3d30826/commondir", O_RDONLY) = 3
4009950 openat(AT_FDCWD, "/research/d7/spc/yzyang4/aira-dojo/.git/worktrees/prereg-3d30826/HEAD", O_RDONLY) = 3
4009950 openat(AT_FDCWD, "/research/d7/spc/yzyang4/aira-dojo/.git/packed-refs", O_RDONLY) = 3
4009950 openat(AT_FDCWD, "/research/d7/spc/yzyang4/aira-dojo/.git/refs/", O_RDONLY|O_NONBLOCK|O_CLOEXEC|O_DIRECTORY) = 3
4009950 openat(AT_FDCWD, "/research/d7/spc/yzyang4/aira-dojo/.git/objects/info/alternates", O_RDONLY) = -1 ENOENT (No such file or directory)
4009950 openat(AT_FDCWD, "/research/d7/spc/yzyang4/aira-dojo/.git/objects/pack/multi-pack-index", O_RDONLY|O_CLOEXEC) = -1 ENOENT (No such file or directory)
4009950 openat(AT_FDCWD, "/research/d7/spc/yzyang4/aira-dojo/.git/objects/pack", O_RDONLY|O_NONBLOCK|O_CLOEXEC|O_DIRECTORY) = 3
4009950 openat(AT_FDCWD, "/research/d7/spc/yzyang4/aira-dojo/.git/objects/pack/pack-19e2fd68c6f0d1d612308f7194a5e1710bdd1769.idx", O_RDONLY|O_CLOEXEC) = 3
4009950 openat(AT_FDCWD, "/research/d7/spc/yzyang4/aira-dojo/.git/objects/pack/pack-d9cc202849fb713d3ac4e3b4617e15bedc3e8b2a.idx", O_RDONLY|O_CLOEXEC) = 3
4009950 openat(AT_FDCWD, "/research/d7/spc/yzyang4/aira-dojo/.git/objects/pack/pack-d9cc202849fb713d3ac4e3b4617e15bedc3e8b2a.pack", O_RDONLY|O_CLOEXEC) = 3
4009940 --- SIGCHLD {si_signo=SIGCHLD, si_code=CLD_EXITED, si_pid=4009950, si_uid=7542, si_status=0, si_utime=0, si_stime=0} ---
4009951 openat(AT_FDCWD, "/proc/self/fd", O_RDONLY|O_CLOEXEC) = 3
4009951 openat(AT_FDCWD, "/usr/local/cuda-12.8/lib64/glibc-hwcaps/x86-64-v4/libpcre2-8.so.0", O_RDONLY|O_CLOEXEC) = -1 ENOENT (No such file or directory)
4009951 openat(AT_FDCWD, "/usr/local/cuda-12.8/lib64/glibc-hwcaps/x86-64-v3/libpcre2-8.so.0", O_RDONLY|O_CLOEXEC) = -1 ENOENT (No such file or directory)
4009951 openat(AT_FDCWD, "/usr/local/cuda-12.8/lib64/glibc-hwcaps/x86-64-v2/libpcre2-8.so.0", O_RDONLY|O_CLOEXEC) = -1 ENOENT (No such file or directory)
4009951 openat(AT_FDCWD, "/usr/local/cuda-12.8/lib64/libpcre2-8.so.0", O_RDONLY|O_CLOEXEC) = -1 ENOENT (No such file or directory)
4009951 openat(AT_FDCWD, "glibc-hwcaps/x86-64-v4/libpcre2-8.so.0", O_RDONLY|O_CLOEXEC) = -1 ENOENT (No such file or directory)
4009951 openat(AT_FDCWD, "glibc-hwcaps/x86-64-v3/libpcre2-8.so.0", O_RDONLY|O_CLOEXEC) = -1 ENOENT (No such file or directory)
4009951 openat(AT_FDCWD, "glibc-hwcaps/x86-64-v2/libpcre2-8.so.0", O_RDONLY|O_CLOEXEC) = -1 ENOENT (No such file or directory)
4009951 openat(AT_FDCWD, "libpcre2-8.so.0", O_RDONLY|O_CLOEXEC) = -1 ENOENT (No such file or directory)
4009951 openat(AT_FDCWD, "/etc/ld.so.cache", O_RDONLY|O_CLOEXEC) = 3
4009951 openat(AT_FDCWD, "/lib/x86_64-linux-gnu/libpcre2-8.so.0", O_RDONLY|O_CLOEXEC) = 3
4009951 openat(AT_FDCWD, "glibc-hwcaps/x86-64-v4/libz.so.1", O_RDONLY|O_CLOEXEC) = -1 ENOENT (No such file or directory)
4009951 openat(AT_FDCWD, "glibc-hwcaps/x86-64-v3/libz.so.1", O_RDONLY|O_CLOEXEC) = -1 ENOENT (No such file or directory)
4009951 openat(AT_FDCWD, "glibc-hwcaps/x86-64-v2/libz.so.1", O_RDONLY|O_CLOEXEC) = -1 ENOENT (No such file or directory)
4009951 openat(AT_FDCWD, "libz.so.1", O_RDONLY|O_CLOEXEC) = -1 ENOENT (No such file or directory)
4009951 openat(AT_FDCWD, "/lib/x86_64-linux-gnu/libz.so.1", O_RDONLY|O_CLOEXEC) = 3
4009951 openat(AT_FDCWD, "glibc-hwcaps/x86-64-v4/libc.so.6", O_RDONLY|O_CLOEXEC) = -1 ENOENT (No such file or directory)
4009951 openat(AT_FDCWD, "glibc-hwcaps/x86-64-v3/libc.so.6", O_RDONLY|O_CLOEXEC) = -1 ENOENT (No such file or directory)
4009951 openat(AT_FDCWD, "glibc-hwcaps/x86-64-v2/libc.so.6", O_RDONLY|O_CLOEXEC) = -1 ENOENT (No such file or directory)
4009951 openat(AT_FDCWD, "libc.so.6", O_RDONLY|O_CLOEXEC) = -1 ENOENT (No such file or directory)
4009951 openat(AT_FDCWD, "/lib/x86_64-linux-gnu/libc.so.6", O_RDONLY|O_CLOEXEC) = 3
4009951 openat(AT_FDCWD, "/dev/null", O_RDWR) = 3
4009951 openat(AT_FDCWD, "/usr/lib/locale/locale-archive", O_RDONLY|O_CLOEXEC) = 3
4009951 openat(AT_FDCWD, "/uac/y24/yzyang4/.gitconfig", O_RDONLY) = 3
4009951 openat(AT_FDCWD, "/research/d7/spc/yzyang4/decision-corpus-evidence-v8/prereg-3d30826/.git", O_RDONLY) = 3
4009951 openat(AT_FDCWD, "/research/d7/spc/yzyang4/aira-dojo/.git/worktrees/prereg-3d30826/HEAD", O_RDONLY) = 3
4009951 openat(AT_FDCWD, "/research/d7/spc/yzyang4/aira-dojo/.git/worktrees/prereg-3d30826/commondir", O_RDONLY) = 3
4009951 openat(AT_FDCWD, "/research/d7/spc/yzyang4/aira-dojo/.git/worktrees/prereg-3d30826/commondir", O_RDONLY) = 3
4009951 openat(AT_FDCWD, "/research/d7/spc/yzyang4/aira-dojo/.git/config", O_RDONLY) = 3
4009951 openat(AT_FDCWD, "/research/d7/spc/yzyang4/aira-dojo/.git/worktrees/prereg-3d30826/config.worktree", O_RDONLY) = -1 ENOENT (No such file or directory)
4009951 openat(AT_FDCWD, "/research/d7/spc/yzyang4/aira-dojo/.git/worktrees/prereg-3d30826/commondir", O_RDONLY) = 3
4009951 openat(AT_FDCWD, "/uac/y24/yzyang4/.gitconfig", O_RDONLY) = 3
4009951 openat(AT_FDCWD, "/research/d7/spc/yzyang4/aira-dojo/.git/config", O_RDONLY) = 3
4009951 openat(AT_FDCWD, "/research/d7/spc/yzyang4/decision-corpus-evidence-v8/prereg-3d30826/phase1/finalize_historical_release_future_identifier_erased_package.py", O_RDONLY) = 3
4009951 openat(AT_FDCWD, "/etc/gitattributes", O_RDONLY) = -1 ENOENT (No such file or directory)
4009951 openat(AT_FDCWD, "/uac/y24/yzyang4/.config/git/attributes", O_RDONLY) = -1 ENOENT (No such file or directory)
4009951 openat(AT_FDCWD, ".gitattributes", O_RDONLY|O_NOFOLLOW) = 4
4009951 openat(AT_FDCWD, "/research/d7/spc/yzyang4/aira-dojo/.git/info/attributes", O_RDONLY) = -1 ENOENT (No such file or directory)
4009951 openat(AT_FDCWD, "/research/.gitattributes", O_RDONLY|O_NOFOLLOW) = -1 ENOENT (No such file or directory)
4009951 openat(AT_FDCWD, "/research/d7/.gitattributes", O_RDONLY|O_NOFOLLOW) = -1 ENOENT (No such file or directory)
4009951 openat(AT_FDCWD, "/research/d7/spc/.gitattributes", O_RDONLY|O_NOFOLLOW) = -1 ENOENT (No such file or directory)
4009951 openat(AT_FDCWD, "/research/d7/spc/yzyang4/.gitattributes", O_RDONLY|O_NOFOLLOW) = -1 ENOENT (No such file or directory)
4009951 openat(AT_FDCWD, "/research/d7/spc/yzyang4/decision-corpus-evidence-v8/.gitattributes", O_RDONLY|O_NOFOLLOW) = -1 ENOENT (No such file or directory)
4009951 openat(AT_FDCWD, "/research/d7/spc/yzyang4/decision-corpus-evidence-v8/prereg-3d30826/.gitattributes", O_RDONLY|O_NOFOLLOW) = 4
4009951 openat(AT_FDCWD, "/research/d7/spc/yzyang4/decision-corpus-evidence-v8/prereg-3d30826/phase1/.gitattributes", O_RDONLY|O_NOFOLLOW) = -1 ENOENT (No such file or directory)
4009940 --- SIGCHLD {si_signo=SIGCHLD, si_code=CLD_EXITED, si_pid=4009951, si_uid=7542, si_status=0, si_utime=0, si_stime=0} ---
4009952 openat(AT_FDCWD, "/proc/self/fd", O_RDONLY|O_CLOEXEC) = 3
4009952 openat(AT_FDCWD, "/usr/local/cuda-12.8/lib64/glibc-hwcaps/x86-64-v4/libpcre2-8.so.0", O_RDONLY|O_CLOEXEC) = -1 ENOENT (No such file or directory)
4009952 openat(AT_FDCWD, "/usr/local/cuda-12.8/lib64/glibc-hwcaps/x86-64-v3/libpcre2-8.so.0", O_RDONLY|O_CLOEXEC) = -1 ENOENT (No such file or directory)
4009952 openat(AT_FDCWD, "/usr/local/cuda-12.8/lib64/glibc-hwcaps/x86-64-v2/libpcre2-8.so.0", O_RDONLY|O_CLOEXEC) = -1 ENOENT (No such file or directory)
4009952 openat(AT_FDCWD, "/usr/local/cuda-12.8/lib64/libpcre2-8.so.0", O_RDONLY|O_CLOEXEC) = -1 ENOENT (No such file or directory)
4009952 openat(AT_FDCWD, "glibc-hwcaps/x86-64-v4/libpcre2-8.so.0", O_RDONLY|O_CLOEXEC) = -1 ENOENT (No such file or directory)
4009952 openat(AT_FDCWD, "glibc-hwcaps/x86-64-v3/libpcre2-8.so.0", O_RDONLY|O_CLOEXEC) = -1 ENOENT (No such file or directory)
4009952 openat(AT_FDCWD, "glibc-hwcaps/x86-64-v2/libpcre2-8.so.0", O_RDONLY|O_CLOEXEC) = -1 ENOENT (No such file or directory)
4009952 openat(AT_FDCWD, "libpcre2-8.so.0", O_RDONLY|O_CLOEXEC) = -1 ENOENT (No such file or directory)
4009952 openat(AT_FDCWD, "/etc/ld.so.cache", O_RDONLY|O_CLOEXEC) = 3
4009952 openat(AT_FDCWD, "/lib/x86_64-linux-gnu/libpcre2-8.so.0", O_RDONLY|O_CLOEXEC) = 3
4009952 openat(AT_FDCWD, "glibc-hwcaps/x86-64-v4/libz.so.1", O_RDONLY|O_CLOEXEC) = -1 ENOENT (No such file or directory)
4009952 openat(AT_FDCWD, "glibc-hwcaps/x86-64-v3/libz.so.1", O_RDONLY|O_CLOEXEC) = -1 ENOENT (No such file or directory)
4009952 openat(AT_FDCWD, "glibc-hwcaps/x86-64-v2/libz.so.1", O_RDONLY|O_CLOEXEC) = -1 ENOENT (No such file or directory)
4009952 openat(AT_FDCWD, "libz.so.1", O_RDONLY|O_CLOEXEC) = -1 ENOENT (No such file or directory)
4009952 openat(AT_FDCWD, "/lib/x86_64-linux-gnu/libz.so.1", O_RDONLY|O_CLOEXEC) = 3
4009952 openat(AT_FDCWD, "glibc-hwcaps/x86-64-v4/libc.so.6", O_RDONLY|O_CLOEXEC) = -1 ENOENT (No such file or directory)
4009952 openat(AT_FDCWD, "glibc-hwcaps/x86-64-v3/libc.so.6", O_RDONLY|O_CLOEXEC) = -1 ENOENT (No such file or directory)
4009952 openat(AT_FDCWD, "glibc-hwcaps/x86-64-v2/libc.so.6", O_RDONLY|O_CLOEXEC) = -1 ENOENT (No such file or directory)
4009952 openat(AT_FDCWD, "libc.so.6", O_RDONLY|O_CLOEXEC) = -1 ENOENT (No such file or directory)
4009952 openat(AT_FDCWD, "/lib/x86_64-linux-gnu/libc.so.6", O_RDONLY|O_CLOEXEC) = 3
4009952 openat(AT_FDCWD, "/dev/null", O_RDWR) = 3
4009952 openat(AT_FDCWD, "/usr/lib/locale/locale-archive", O_RDONLY|O_CLOEXEC) = 3
4009952 openat(AT_FDCWD, "/uac/y24/yzyang4/.gitconfig", O_RDONLY) = 3
4009952 openat(AT_FDCWD, "/research/d7/spc/yzyang4/decision-corpus-evidence-v8/prereg-3d30826/.git", O_RDONLY) = 3
4009952 openat(AT_FDCWD, "/research/d7/spc/yzyang4/aira-dojo/.git/worktrees/prereg-3d30826/HEAD", O_RDONLY) = 3
4009952 openat(AT_FDCWD, "/research/d7/spc/yzyang4/aira-dojo/.git/worktrees/prereg-3d30826/commondir", O_RDONLY) = 3
4009952 openat(AT_FDCWD, "/research/d7/spc/yzyang4/aira-dojo/.git/worktrees/prereg-3d30826/commondir", O_RDONLY) = 3
4009952 openat(AT_FDCWD, "/research/d7/spc/yzyang4/aira-dojo/.git/config", O_RDONLY) = 3
4009952 openat(AT_FDCWD, "/research/d7/spc/yzyang4/aira-dojo/.git/worktrees/prereg-3d30826/config.worktree", O_RDONLY) = -1 ENOENT (No such file or directory)
4009952 openat(AT_FDCWD, "/research/d7/spc/yzyang4/aira-dojo/.git/worktrees/prereg-3d30826/commondir", O_RDONLY) = 3
4009952 openat(AT_FDCWD, "/uac/y24/yzyang4/.gitconfig", O_RDONLY) = 3
4009952 openat(AT_FDCWD, "/research/d7/spc/yzyang4/aira-dojo/.git/config", O_RDONLY) = 3
4009952 openat(AT_FDCWD, "/research/d7/spc/yzyang4/aira-dojo/.git/worktrees/prereg-3d30826/commondir", O_RDONLY) = 3
4009952 openat(AT_FDCWD, "/research/d7/spc/yzyang4/aira-dojo/.git/worktrees/prereg-3d30826/HEAD", O_RDONLY) = 3
4009952 openat(AT_FDCWD, "/research/d7/spc/yzyang4/aira-dojo/.git/packed-refs", O_RDONLY) = 3
4009952 openat(AT_FDCWD, "/research/d7/spc/yzyang4/aira-dojo/.git/refs/", O_RDONLY|O_NONBLOCK|O_CLOEXEC|O_DIRECTORY) = 3
4009952 openat(AT_FDCWD, "/research/d7/spc/yzyang4/aira-dojo/.git/objects/info/alternates", O_RDONLY) = -1 ENOENT (No such file or directory)
4009952 openat(AT_FDCWD, "/research/d7/spc/yzyang4/aira-dojo/.git/objects/pack/multi-pack-index", O_RDONLY|O_CLOEXEC) = -1 ENOENT (No such file or directory)
4009952 openat(AT_FDCWD, "/research/d7/spc/yzyang4/aira-dojo/.git/objects/pack", O_RDONLY|O_NONBLOCK|O_CLOEXEC|O_DIRECTORY) = 3
4009952 openat(AT_FDCWD, "/research/d7/spc/yzyang4/aira-dojo/.git/objects/pack/pack-19e2fd68c6f0d1d612308f7194a5e1710bdd1769.idx", O_RDONLY|O_CLOEXEC) = 3
4009952 openat(AT_FDCWD, "/research/d7/spc/yzyang4/aira-dojo/.git/objects/pack/pack-d9cc202849fb713d3ac4e3b4617e15bedc3e8b2a.idx", O_RDONLY|O_CLOEXEC) = 3
4009952 openat(AT_FDCWD, "/research/d7/spc/yzyang4/aira-dojo/.git/objects/pack/pack-d9cc202849fb713d3ac4e3b4617e15bedc3e8b2a.pack", O_RDONLY|O_CLOEXEC) = 3
4009940 --- SIGCHLD {si_signo=SIGCHLD, si_code=CLD_EXITED, si_pid=4009952, si_uid=7542, si_status=0, si_utime=0, si_stime=0} ---
4009953 openat(AT_FDCWD, "/proc/self/fd", O_RDONLY|O_CLOEXEC) = 3
4009953 openat(AT_FDCWD, "/usr/local/cuda-12.8/lib64/glibc-hwcaps/x86-64-v4/libpcre2-8.so.0", O_RDONLY|O_CLOEXEC) = -1 ENOENT (No such file or directory)
4009953 openat(AT_FDCWD, "/usr/local/cuda-12.8/lib64/glibc-hwcaps/x86-64-v3/libpcre2-8.so.0", O_RDONLY|O_CLOEXEC) = -1 ENOENT (No such file or directory)
4009953 openat(AT_FDCWD, "/usr/local/cuda-12.8/lib64/glibc-hwcaps/x86-64-v2/libpcre2-8.so.0", O_RDONLY|O_CLOEXEC) = -1 ENOENT (No such file or directory)
4009953 openat(AT_FDCWD, "/usr/local/cuda-12.8/lib64/libpcre2-8.so.0", O_RDONLY|O_CLOEXEC) = -1 ENOENT (No such file or directory)
4009953 openat(AT_FDCWD, "glibc-hwcaps/x86-64-v4/libpcre2-8.so.0", O_RDONLY|O_CLOEXEC) = -1 ENOENT (No such file or directory)
4009953 openat(AT_FDCWD, "glibc-hwcaps/x86-64-v3/libpcre2-8.so.0", O_RDONLY|O_CLOEXEC) = -1 ENOENT (No such file or directory)
4009953 openat(AT_FDCWD, "glibc-hwcaps/x86-64-v2/libpcre2-8.so.0", O_RDONLY|O_CLOEXEC) = -1 ENOENT (No such file or directory)
4009953 openat(AT_FDCWD, "libpcre2-8.so.0", O_RDONLY|O_CLOEXEC) = -1 ENOENT (No such file or directory)
4009953 openat(AT_FDCWD, "/etc/ld.so.cache", O_RDONLY|O_CLOEXEC) = 3
4009953 openat(AT_FDCWD, "/lib/x86_64-linux-gnu/libpcre2-8.so.0", O_RDONLY|O_CLOEXEC) = 3
4009953 openat(AT_FDCWD, "glibc-hwcaps/x86-64-v4/libz.so.1", O_RDONLY|O_CLOEXEC) = -1 ENOENT (No such file or directory)
4009953 openat(AT_FDCWD, "glibc-hwcaps/x86-64-v3/libz.so.1", O_RDONLY|O_CLOEXEC) = -1 ENOENT (No such file or directory)
4009953 openat(AT_FDCWD, "glibc-hwcaps/x86-64-v2/libz.so.1", O_RDONLY|O_CLOEXEC) = -1 ENOENT (No such file or directory)
4009953 openat(AT_FDCWD, "libz.so.1", O_RDONLY|O_CLOEXEC) = -1 ENOENT (No such file or directory)
4009953 openat(AT_FDCWD, "/lib/x86_64-linux-gnu/libz.so.1", O_RDONLY|O_CLOEXEC) = 3
4009953 openat(AT_FDCWD, "glibc-hwcaps/x86-64-v4/libc.so.6", O_RDONLY|O_CLOEXEC) = -1 ENOENT (No such file or directory)
4009953 openat(AT_FDCWD, "glibc-hwcaps/x86-64-v3/libc.so.6", O_RDONLY|O_CLOEXEC) = -1 ENOENT (No such file or directory)
4009953 openat(AT_FDCWD, "glibc-hwcaps/x86-64-v2/libc.so.6", O_RDONLY|O_CLOEXEC) = -1 ENOENT (No such file or directory)
4009953 openat(AT_FDCWD, "libc.so.6", O_RDONLY|O_CLOEXEC) = -1 ENOENT (No such file or directory)
4009953 openat(AT_FDCWD, "/lib/x86_64-linux-gnu/libc.so.6", O_RDONLY|O_CLOEXEC) = 3
4009953 openat(AT_FDCWD, "/dev/null", O_RDWR) = 3
4009953 openat(AT_FDCWD, "/usr/lib/locale/locale-archive", O_RDONLY|O_CLOEXEC) = 3
4009953 openat(AT_FDCWD, "/uac/y24/yzyang4/.gitconfig", O_RDONLY) = 3
4009953 openat(AT_FDCWD, "/research/d7/spc/yzyang4/decision-corpus-evidence-v8/prereg-3d30826/.git", O_RDONLY) = 3
4009953 openat(AT_FDCWD, "/research/d7/spc/yzyang4/aira-dojo/.git/worktrees/prereg-3d30826/HEAD", O_RDONLY) = 3
4009953 openat(AT_FDCWD, "/research/d7/spc/yzyang4/aira-dojo/.git/worktrees/prereg-3d30826/commondir", O_RDONLY) = 3
4009953 openat(AT_FDCWD, "/research/d7/spc/yzyang4/aira-dojo/.git/worktrees/prereg-3d30826/commondir", O_RDONLY) = 3
4009953 openat(AT_FDCWD, "/research/d7/spc/yzyang4/aira-dojo/.git/config", O_RDONLY) = 3
4009953 openat(AT_FDCWD, "/research/d7/spc/yzyang4/aira-dojo/.git/worktrees/prereg-3d30826/config.worktree", O_RDONLY) = -1 ENOENT (No such file or directory)
4009953 openat(AT_FDCWD, "/research/d7/spc/yzyang4/aira-dojo/.git/worktrees/prereg-3d30826/commondir", O_RDONLY) = 3
4009953 openat(AT_FDCWD, "/uac/y24/yzyang4/.gitconfig", O_RDONLY) = 3
4009953 openat(AT_FDCWD, "/research/d7/spc/yzyang4/aira-dojo/.git/config", O_RDONLY) = 3
4009953 openat(AT_FDCWD, "/research/d7/spc/yzyang4/decision-corpus-evidence-v8/prereg-3d30826/phase1/historical_release_future_identifier_erased_package_protocol_v1.json", O_RDONLY) = 3
4009953 openat(AT_FDCWD, "/etc/gitattributes", O_RDONLY) = -1 ENOENT (No such file or directory)
4009953 openat(AT_FDCWD, "/uac/y24/yzyang4/.config/git/attributes", O_RDONLY) = -1 ENOENT (No such file or directory)
4009953 openat(AT_FDCWD, ".gitattributes", O_RDONLY|O_NOFOLLOW) = 4
4009953 openat(AT_FDCWD, "/research/d7/spc/yzyang4/aira-dojo/.git/info/attributes", O_RDONLY) = -1 ENOENT (No such file or directory)
4009953 openat(AT_FDCWD, "/research/.gitattributes", O_RDONLY|O_NOFOLLOW) = -1 ENOENT (No such file or directory)
4009953 openat(AT_FDCWD, "/research/d7/.gitattributes", O_RDONLY|O_NOFOLLOW) = -1 ENOENT (No such file or directory)
4009953 openat(AT_FDCWD, "/research/d7/spc/.gitattributes", O_RDONLY|O_NOFOLLOW) = -1 ENOENT (No such file or directory)
4009953 openat(AT_FDCWD, "/research/d7/spc/yzyang4/.gitattributes", O_RDONLY|O_NOFOLLOW) = -1 ENOENT (No such file or directory)
4009953 openat(AT_FDCWD, "/research/d7/spc/yzyang4/decision-corpus-evidence-v8/.gitattributes", O_RDONLY|O_NOFOLLOW) = -1 ENOENT (No such file or directory)
4009953 openat(AT_FDCWD, "/research/d7/spc/yzyang4/decision-corpus-evidence-v8/prereg-3d30826/.gitattributes", O_RDONLY|O_NOFOLLOW) = 4
4009953 openat(AT_FDCWD, "/research/d7/spc/yzyang4/decision-corpus-evidence-v8/prereg-3d30826/phase1/.gitattributes", O_RDONLY|O_NOFOLLOW) = -1 ENOENT (No such file or directory)
4009940 --- SIGCHLD {si_signo=SIGCHLD, si_code=CLD_EXITED, si_pid=4009953, si_uid=7542, si_status=0, si_utime=0, si_stime=1 /* 0.01 s */} ---
4009940 openat(AT_FDCWD, "/research/d7/spc/yzyang4/decision-corpus-evidence-v8/prereg-3d30826/phase1/historical_release_future_identifier_erased_887_protocol_v1_resource_r2.json", O_RDONLY|O_CLOEXEC) = 3
4009940 openat(AT_FDCWD, "/research/d7/spc/yzyang4/historical-release-future-identifier-erased-overlap/formal-ed3d294-887491a-v1/FAILED_RC", O_RDONLY|O_CLOEXEC) = 3
4009940 openat(AT_FDCWD, "/research/d7/spc/yzyang4/historical-release-future-identifier-erased-overlap/deploy-ed3d294-887491a-v1/FAILED_RC", O_RDONLY|O_CLOEXEC) = 3
4009940 openat(AT_FDCWD, "/research/d7/spc/yzyang4/historical-release-future-identifier-erased-overlap/formal-8bf9512-887491a-r2/SHA256SUMS", O_RDONLY|O_CLOEXEC) = 3
4009940 openat(AT_FDCWD, "/research/d7/spc/yzyang4/historical-release-future-identifier-erased-overlap/formal-8bf9512-887491a-r2/access_attestation.txt", O_RDONLY|O_CLOEXEC) = 3
4009940 openat(AT_FDCWD, "/research/d7/spc/yzyang4/historical-release-future-identifier-erased-overlap/formal-8bf9512-887491a-r2/focused_tests.txt", O_RDONLY|O_CLOEXEC) = 3
4009940 openat(AT_FDCWD, "/research/d7/spc/yzyang4/historical-release-future-identifier-erased-overlap/formal-8bf9512-887491a-r2/full_tests.txt", O_RDONLY|O_CLOEXEC) = 3
4009940 openat(AT_FDCWD, "/research/d7/spc/yzyang4/historical-release-future-identifier-erased-overlap/formal-8bf9512-887491a-r2/git_status_after.txt", O_RDONLY|O_CLOEXEC) = 3
4009940 openat(AT_FDCWD, "/research/d7/spc/yzyang4/historical-release-future-identifier-erased-overlap/formal-8bf9512-887491a-r2/git_status_before.txt", O_RDONLY|O_CLOEXEC) = 3
4009940 openat(AT_FDCWD, "/research/d7/spc/yzyang4/historical-release-future-identifier-erased-overlap/formal-8bf9512-887491a-r2/preflight_13.txt", O_RDONLY|O_CLOEXEC) = 3
4009940 openat(AT_FDCWD, "/research/d7/spc/yzyang4/historical-release-future-identifier-erased-overlap/formal-8bf9512-887491a-r2/producer_a.json", O_RDONLY|O_CLOEXEC) = 3
4009940 openat(AT_FDCWD, "/research/d7/spc/yzyang4/historical-release-future-identifier-erased-overlap/formal-8bf9512-887491a-r2/producer_a.stderr", O_RDONLY|O_CLOEXEC) = 3
4009940 openat(AT_FDCWD, "/research/d7/spc/yzyang4/historical-release-future-identifier-erased-overlap/formal-8bf9512-887491a-r2/producer_a.stdout", O_RDONLY|O_CLOEXEC) = 3
4009940 openat(AT_FDCWD, "/research/d7/spc/yzyang4/historical-release-future-identifier-erased-overlap/formal-8bf9512-887491a-r2/producer_b.json", O_RDONLY|O_CLOEXEC) = 3
4009940 openat(AT_FDCWD, "/research/d7/spc/yzyang4/historical-release-future-identifier-erased-overlap/formal-8bf9512-887491a-r2/producer_b.stderr", O_RDONLY|O_CLOEXEC) = 3
4009940 openat(AT_FDCWD, "/research/d7/spc/yzyang4/historical-release-future-identifier-erased-overlap/formal-8bf9512-887491a-r2/producer_b.stdout", O_RDONLY|O_CLOEXEC) = 3
4009940 openat(AT_FDCWD, "/research/d7/spc/yzyang4/historical-release-future-identifier-erased-overlap/formal-8bf9512-887491a-r2/verifier_a.json", O_RDONLY|O_CLOEXEC) = 3
4009940 openat(AT_FDCWD, "/research/d7/spc/yzyang4/historical-release-future-identifier-erased-overlap/formal-8bf9512-887491a-r2/verifier_a.stderr", O_RDONLY|O_CLOEXEC) = 3
4009940 openat(AT_FDCWD, "/research/d7/spc/yzyang4/historical-release-future-identifier-erased-overlap/formal-8bf9512-887491a-r2/verifier_a.stdout", O_RDONLY|O_CLOEXEC) = 3
4009940 openat(AT_FDCWD, "/research/d7/spc/yzyang4/historical-release-future-identifier-erased-overlap/formal-8bf9512-887491a-r2/verifier_b.json", O_RDONLY|O_CLOEXEC) = 3
4009940 openat(AT_FDCWD, "/research/d7/spc/yzyang4/historical-release-future-identifier-erased-overlap/formal-8bf9512-887491a-r2/verifier_b.stderr", O_RDONLY|O_CLOEXEC) = 3
4009940 openat(AT_FDCWD, "/research/d7/spc/yzyang4/historical-release-future-identifier-erased-overlap/formal-8bf9512-887491a-r2/verifier_b.stdout", O_RDONLY|O_CLOEXEC) = 3
4009940 openat(AT_FDCWD, "/research/d7/spc/yzyang4/historical-release-future-identifier-erased-overlap/formal-8bf9512-887491a-r2", O_RDONLY|O_NONBLOCK|O_CLOEXEC|O_DIRECTORY) = 3
4009940 openat(AT_FDCWD, "/research/d7/spc/yzyang4/historical-release-future-identifier-erased-overlap/formal-8bf9512-887491a-r2", O_RDONLY|O_NONBLOCK|O_CLOEXEC|O_DIRECTORY) = 3
4009940 openat(AT_FDCWD, "/research/d7/spc/yzyang4/historical-release-future-identifier-erased-overlap/postflight-8bf9512-887491a-r2/SHA256SUMS", O_RDONLY|O_CLOEXEC) = 3
4009940 openat(AT_FDCWD, "/research/d7/spc/yzyang4/historical-release-future-identifier-erased-overlap/postflight-8bf9512-887491a-r2/access_attestation.txt", O_RDONLY|O_CLOEXEC) = 3
4009940 openat(AT_FDCWD, "/research/d7/spc/yzyang4/historical-release-future-identifier-erased-overlap/postflight-8bf9512-887491a-r2/git_status_after.txt", O_RDONLY|O_CLOEXEC) = 3
4009940 openat(AT_FDCWD, "/research/d7/spc/yzyang4/historical-release-future-identifier-erased-overlap/postflight-8bf9512-887491a-r2/git_status_before.txt", O_RDONLY|O_CLOEXEC) = 3
4009940 openat(AT_FDCWD, "/research/d7/spc/yzyang4/historical-release-future-identifier-erased-overlap/postflight-8bf9512-887491a-r2/independent_a.json", O_RDONLY|O_CLOEXEC) = 3
4009940 openat(AT_FDCWD, "/research/d7/spc/yzyang4/historical-release-future-identifier-erased-overlap/postflight-8bf9512-887491a-r2/independent_a.stderr", O_RDONLY|O_CLOEXEC) = 3
4009940 openat(AT_FDCWD, "/research/d7/spc/yzyang4/historical-release-future-identifier-erased-overlap/postflight-8bf9512-887491a-r2/independent_a.stdout", O_RDONLY|O_CLOEXEC) = 3
4009940 openat(AT_FDCWD, "/research/d7/spc/yzyang4/historical-release-future-identifier-erased-overlap/postflight-8bf9512-887491a-r2/independent_b.json", O_RDONLY|O_CLOEXEC) = 3
4009940 openat(AT_FDCWD, "/research/d7/spc/yzyang4/historical-release-future-identifier-erased-overlap/postflight-8bf9512-887491a-r2/independent_b.stderr", O_RDONLY|O_CLOEXEC) = 3
4009940 openat(AT_FDCWD, "/research/d7/spc/yzyang4/historical-release-future-identifier-erased-overlap/postflight-8bf9512-887491a-r2/independent_b.stdout", O_RDONLY|O_CLOEXEC) = 3
4009940 openat(AT_FDCWD, "/research/d7/spc/yzyang4/historical-release-future-identifier-erased-overlap/postflight-8bf9512-887491a-r2/postflight_preflight.txt", O_RDONLY|O_CLOEXEC) = 3
4009940 openat(AT_FDCWD, "/research/d7/spc/yzyang4/historical-release-future-identifier-erased-overlap/postflight-8bf9512-887491a-r2", O_RDONLY|O_NONBLOCK|O_CLOEXEC|O_DIRECTORY) = 3
4009940 openat(AT_FDCWD, "/research/d7/spc/yzyang4/historical-release-future-identifier-erased-overlap/postflight-8bf9512-887491a-r2", O_RDONLY|O_NONBLOCK|O_CLOEXEC|O_DIRECTORY) = 3
4009940 openat(AT_FDCWD, "/research/d7/spc/yzyang4/historical-release-future-identifier-erased-overlap/deploy-8bf9512-887491a-r2/SHA256SUMS", O_RDONLY|O_CLOEXEC) = 3
4009940 openat(AT_FDCWD, "/research/d7/spc/yzyang4/historical-release-future-identifier-erased-overlap/deploy-8bf9512-887491a-r2/COMPLETE", O_RDONLY|O_CLOEXEC) = 3
4009940 openat(AT_FDCWD, "/research/d7/spc/yzyang4/historical-release-future-identifier-erased-overlap/deploy-8bf9512-887491a-r2/bindings.sha256", O_RDONLY|O_CLOEXEC) = 3
4009940 openat(AT_FDCWD, "/research/d7/spc/yzyang4/historical-release-future-identifier-erased-overlap/deploy-8bf9512-887491a-r2/deployment_preflight.txt", O_RDONLY|O_CLOEXEC) = 3
4009940 openat(AT_FDCWD, "/research/d7/spc/yzyang4/historical-release-future-identifier-erased-overlap/deploy-8bf9512-887491a-r2/deployment_summary.txt", O_RDONLY|O_CLOEXEC) = 3
4009940 openat(AT_FDCWD, "/research/d7/spc/yzyang4/historical-release-future-identifier-erased-overlap/deploy-8bf9512-887491a-r2/fetch.stderr", O_RDONLY|O_CLOEXEC) = 3
4009940 openat(AT_FDCWD, "/research/d7/spc/yzyang4/historical-release-future-identifier-erased-overlap/deploy-8bf9512-887491a-r2/fetch.stdout", O_RDONLY|O_CLOEXEC) = 3
4009940 openat(AT_FDCWD, "/research/d7/spc/yzyang4/historical-release-future-identifier-erased-overlap/deploy-8bf9512-887491a-r2/formal.stderr", O_RDONLY|O_CLOEXEC) = 3
4009940 openat(AT_FDCWD, "/research/d7/spc/yzyang4/historical-release-future-identifier-erased-overlap/deploy-8bf9512-887491a-r2/formal.stdout", O_RDONLY|O_CLOEXEC) = 3
4009940 openat(AT_FDCWD, "/research/d7/spc/yzyang4/historical-release-future-identifier-erased-overlap/deploy-8bf9512-887491a-r2/formal_rc.txt", O_RDONLY|O_CLOEXEC) = 3
4009940 openat(AT_FDCWD, "/research/d7/spc/yzyang4/historical-release-future-identifier-erased-overlap/deploy-8bf9512-887491a-r2/formal_worktree.stderr", O_RDONLY|O_CLOEXEC) = 3
4009940 openat(AT_FDCWD, "/research/d7/spc/yzyang4/historical-release-future-identifier-erased-overlap/deploy-8bf9512-887491a-r2/formal_worktree.stdout", O_RDONLY|O_CLOEXEC) = 3
4009940 openat(AT_FDCWD, "/research/d7/spc/yzyang4/historical-release-future-identifier-erased-overlap/deploy-8bf9512-887491a-r2/lfs_checkout.stderr", O_RDONLY|O_CLOEXEC) = 3
4009940 openat(AT_FDCWD, "/research/d7/spc/yzyang4/historical-release-future-identifier-erased-overlap/deploy-8bf9512-887491a-r2/lfs_checkout.stdout", O_RDONLY|O_CLOEXEC) = 3
4009940 openat(AT_FDCWD, "/research/d7/spc/yzyang4/historical-release-future-identifier-erased-overlap/deploy-8bf9512-887491a-r2/lfs_fetch.stderr", O_RDONLY|O_CLOEXEC) = 3
4009940 openat(AT_FDCWD, "/research/d7/spc/yzyang4/historical-release-future-identifier-erased-overlap/deploy-8bf9512-887491a-r2/lfs_fetch.stdout", O_RDONLY|O_CLOEXEC) = 3
4009940 openat(AT_FDCWD, "/research/d7/spc/yzyang4/historical-release-future-identifier-erased-overlap/deploy-8bf9512-887491a-r2/postflight.stderr", O_RDONLY|O_CLOEXEC) = 3
4009940 openat(AT_FDCWD, "/research/d7/spc/yzyang4/historical-release-future-identifier-erased-overlap/deploy-8bf9512-887491a-r2/postflight.stdout", O_RDONLY|O_CLOEXEC) = 3
4009940 openat(AT_FDCWD, "/research/d7/spc/yzyang4/historical-release-future-identifier-erased-overlap/deploy-8bf9512-887491a-r2/postflight_rc.txt", O_RDONLY|O_CLOEXEC) = 3
4009940 openat(AT_FDCWD, "/research/d7/spc/yzyang4/historical-release-future-identifier-erased-overlap/deploy-8bf9512-887491a-r2/postflight_worktree.stderr", O_RDONLY|O_CLOEXEC) = 3
4009940 openat(AT_FDCWD, "/research/d7/spc/yzyang4/historical-release-future-identifier-erased-overlap/deploy-8bf9512-887491a-r2/postflight_worktree.stdout", O_RDONLY|O_CLOEXEC) = 3
4009940 openat(AT_FDCWD, "/research/d7/spc/yzyang4/historical-release-future-identifier-erased-overlap/deploy-8bf9512-887491a-r2", O_RDONLY|O_NONBLOCK|O_CLOEXEC|O_DIRECTORY) = 3
4009940 openat(AT_FDCWD, "/research/d7/spc/yzyang4/historical-release-future-identifier-erased-overlap/deploy-8bf9512-887491a-r2", O_RDONLY|O_NONBLOCK|O_CLOEXEC|O_DIRECTORY) = 3
4009940 openat(AT_FDCWD, "/research/d7/spc/yzyang4/historical-release-future-identifier-erased-overlap/formal-8bf9512-887491a-r2/producer_a.json", O_RDONLY|O_CLOEXEC) = 3
4009940 openat(AT_FDCWD, "/research/d7/spc/yzyang4/historical-release-future-identifier-erased-overlap/formal-8bf9512-887491a-r2/producer_b.json", O_RDONLY|O_CLOEXEC) = 3
4009940 openat(AT_FDCWD, "/research/d7/spc/yzyang4/historical-release-future-identifier-erased-overlap/formal-8bf9512-887491a-r2/verifier_a.json", O_RDONLY|O_CLOEXEC) = 3
4009940 openat(AT_FDCWD, "/research/d7/spc/yzyang4/historical-release-future-identifier-erased-overlap/formal-8bf9512-887491a-r2/verifier_b.json", O_RDONLY|O_CLOEXEC) = 3
4009940 openat(AT_FDCWD, "/research/d7/spc/yzyang4/historical-release-future-identifier-erased-overlap/postflight-8bf9512-887491a-r2/independent_a.json", O_RDONLY|O_CLOEXEC) = 3
4009940 openat(AT_FDCWD, "/research/d7/spc/yzyang4/historical-release-future-identifier-erased-overlap/postflight-8bf9512-887491a-r2/independent_b.json", O_RDONLY|O_CLOEXEC) = 3
4009940 openat(AT_FDCWD, "/research/d7/spc/yzyang4/historical-release-future-identifier-erased-overlap/postflight-8bf9512-887491a-r2/independent_a.json", O_RDONLY|O_CLOEXEC) = 3
4009940 openat(AT_FDCWD, "/research/d7/spc/yzyang4/historical-release-future-identifier-erased-overlap/formal-8bf9512-887491a-r2/verifier_a.json", O_RDONLY|O_CLOEXEC) = 3
4009940 openat(AT_FDCWD, "/research/d7/spc/yzyang4/historical-release-future-identifier-erased-overlap/formal-8bf9512-887491a-r2/producer_a.json", O_RDONLY|O_CLOEXEC) = 3
4009940 openat(AT_FDCWD, "/research/d7/spc/yzyang4/historical-release-future-identifier-erased-overlap/formal-8bf9512-887491a-r2/verifier_a.json", O_RDONLY|O_CLOEXEC) = 3
4009940 openat(AT_FDCWD, "/research/d7/spc/yzyang4/historical-release-future-identifier-erased-overlap/formal-8bf9512-887491a-r2/focused_tests.txt", O_RDONLY|O_CLOEXEC) = 3
4009940 openat(AT_FDCWD, "/research/d7/spc/yzyang4/historical-release-future-identifier-erased-overlap/formal-8bf9512-887491a-r2/full_tests.txt", O_RDONLY|O_CLOEXEC) = 3
4009940 openat(AT_FDCWD, "/research/d7/spc/yzyang4/historical-release-future-identifier-erased-overlap/formal-8bf9512-887491a-r2/producer_a.json", O_RDONLY|O_CLOEXEC) = 3
4009940 openat(AT_FDCWD, "/research/d7/spc/yzyang4/historical-release-future-identifier-erased-overlap/formal-8bf9512-887491a-r2/verifier_a.json", O_RDONLY|O_CLOEXEC) = 3
4009940 openat(AT_FDCWD, "/research/d7/spc/yzyang4/historical-release-future-identifier-erased-overlap/postflight-8bf9512-887491a-r2/independent_a.json", O_RDONLY|O_CLOEXEC) = 3
4009940 openat(AT_FDCWD, "/research/d7/spc/yzyang4/historical-release-future-identifier-erased-overlap/formal-8bf9512-887491a-r2/producer_a.json", O_RDONLY|O_CLOEXEC) = 3
4009940 openat(AT_FDCWD, "/research/d7/spc/yzyang4/historical-release-future-identifier-erased-overlap/formal-8bf9512-887491a-r2/verifier_a.json", O_RDONLY|O_CLOEXEC) = 3
4009940 openat(AT_FDCWD, "/research/d7/spc/yzyang4/historical-release-future-identifier-erased-overlap/postflight-8bf9512-887491a-r2/independent_a.json", O_RDONLY|O_CLOEXEC) = 3
4009940 openat(AT_FDCWD, "/research/d7/spc/yzyang4/historical-release-future-identifier-erased-overlap/formal-8bf9512-887491a-r2/SHA256SUMS", O_RDONLY|O_CLOEXEC) = 3
4009940 openat(AT_FDCWD, "/research/d7/spc/yzyang4/historical-release-future-identifier-erased-overlap/postflight-8bf9512-887491a-r2/SHA256SUMS", O_RDONLY|O_CLOEXEC) = 3
4009940 openat(AT_FDCWD, "/research/d7/spc/yzyang4/historical-release-future-identifier-erased-overlap/deploy-8bf9512-887491a-r2/SHA256SUMS", O_RDONLY|O_CLOEXEC) = 3
4009940 openat(AT_FDCWD, "/research/d7/spc/yzyang4/decision-corpus-evidence-v8/prereg-3d30826/phase1/results/historical_release_future_identifier_erased_overlap_887_20260828_8bf9512_r2.tmp/README.md.tmp", O_WRONLY|O_CREAT|O_TRUNC|O_CLOEXEC, 0666) = 3
4009940 openat(AT_FDCWD, "/research/d7/spc/yzyang4/decision-corpus-evidence-v8/prereg-3d30826/phase1/results/historical_release_future_identifier_erased_overlap_887_20260828_8bf9512_r2.tmp/formal_summary.json.tmp", O_WRONLY|O_CREAT|O_TRUNC|O_CLOEXEC, 0666) = 3
4009940 openat(AT_FDCWD, "/research/d7/spc/yzyang4/decision-corpus-evidence-v8/prereg-3d30826/phase1/results/historical_release_future_identifier_erased_overlap_887_20260828_8bf9512_r2.tmp/independent_recheck.json.tmp", O_WRONLY|O_CREAT|O_TRUNC|O_CLOEXEC, 0666) = 3
4009940 openat(AT_FDCWD, "/research/d7/spc/yzyang4/decision-corpus-evidence-v8/prereg-3d30826/phase1/results/historical_release_future_identifier_erased_overlap_887_20260828_8bf9512_r2.tmp/source_bindings.json.tmp", O_WRONLY|O_CREAT|O_TRUNC|O_CLOEXEC, 0666) = 3
4009940 openat(AT_FDCWD, "/research/d7/spc/yzyang4/decision-corpus-evidence-v8/prereg-3d30826/phase1/results/historical_release_future_identifier_erased_overlap_887_20260828_8bf9512_r2.tmp/access_attestation.txt.tmp", O_WRONLY|O_CREAT|O_TRUNC|O_CLOEXEC, 0666) = 3
4009940 openat(AT_FDCWD, "/research/d7/spc/yzyang4/decision-corpus-evidence-v8/prereg-3d30826/phase1/results/historical_release_future_identifier_erased_overlap_887_20260828_8bf9512_r2.tmp", O_RDONLY|O_NONBLOCK|O_CLOEXEC|O_DIRECTORY) = 3
4009940 openat(AT_FDCWD, "/research/d7/spc/yzyang4/decision-corpus-evidence-v8/prereg-3d30826/phase1/results/historical_release_future_identifier_erased_overlap_887_20260828_8bf9512_r2.tmp/README.md", O_RDONLY|O_CLOEXEC) = 3
4009940 openat(AT_FDCWD, "/research/d7/spc/yzyang4/decision-corpus-evidence-v8/prereg-3d30826/phase1/results/historical_release_future_identifier_erased_overlap_887_20260828_8bf9512_r2.tmp/access_attestation.txt", O_RDONLY|O_CLOEXEC) = 3
4009940 openat(AT_FDCWD, "/research/d7/spc/yzyang4/decision-corpus-evidence-v8/prereg-3d30826/phase1/results/historical_release_future_identifier_erased_overlap_887_20260828_8bf9512_r2.tmp/formal_summary.json", O_RDONLY|O_CLOEXEC) = 3
4009940 openat(AT_FDCWD, "/research/d7/spc/yzyang4/decision-corpus-evidence-v8/prereg-3d30826/phase1/results/historical_release_future_identifier_erased_overlap_887_20260828_8bf9512_r2.tmp/independent_recheck.json", O_RDONLY|O_CLOEXEC) = 3
4009940 openat(AT_FDCWD, "/research/d7/spc/yzyang4/decision-corpus-evidence-v8/prereg-3d30826/phase1/results/historical_release_future_identifier_erased_overlap_887_20260828_8bf9512_r2.tmp/source_bindings.json", O_RDONLY|O_CLOEXEC) = 3
4009940 openat(AT_FDCWD, "/research/d7/spc/yzyang4/decision-corpus-evidence-v8/prereg-3d30826/phase1/results/historical_release_future_identifier_erased_overlap_887_20260828_8bf9512_r2.tmp/SHA256SUMS.tmp", O_WRONLY|O_CREAT|O_TRUNC|O_CLOEXEC, 0666) = 3
