model,trial,phase,repeat,item_index,n_items,elapsed_s,per_pair_ms,decision,decision_sha256
static_lr,0,init,0,,4263,153.542809352000,,,
static_lr,0,single_query,0,0,1,0.070476986000,70.476986000000,-1,6e340b9cffb37a989ca544e6bb780a2c78901d3fb33738768511a30617afa01d
static_lr,0,single_query,0,1,1,0.030638646000,30.638646000000,-1,6e340b9cffb37a989ca544e6bb780a2c78901d3fb33738768511a30617afa01d
static_lr,0,single_query,0,2,1,0.020648066000,20.648066000000,1,dbc1b4c900ffe48d575b5da5c638040125f65db0fe3e24494b76ea986457d986
static_lr,0,single_query,0,3,1,0.031792659000,31.792659000000,-1,6e340b9cffb37a989ca544e6bb780a2c78901d3fb33738768511a30617afa01d
static_lr,0,single_query,0,4,1,0.048646151000,48.646151000000,1,dbc1b4c900ffe48d575b5da5c638040125f65db0fe3e24494b76ea986457d986
static_lr,0,single_query,0,5,1,0.072526801000,72.526801000000,-1,6e340b9cffb37a989ca544e6bb780a2c78901d3fb33738768511a30617afa01d
static_lr,0,single_query,0,6,1,0.056880564000,56.880564000000,1,dbc1b4c900ffe48d575b5da5c638040125f65db0fe3e24494b76ea986457d986
static_lr,0,single_query,0,7,1,0.034391734000,34.391734000000,-1,6e340b9cffb37a989ca544e6bb780a2c78901d3fb33738768511a30617afa01d
static_lr,0,single_query,0,8,1,0.031649949000,31.649949000000,-1,6e340b9cffb37a989ca544e6bb780a2c78901d3fb33738768511a30617afa01d
static_lr,0,single_query,0,9,1,0.056840439000,56.840439000000,1,dbc1b4c900ffe48d575b5da5c638040125f65db0fe3e24494b76ea986457d986
static_lr,0,single_query,0,10,1,0.099203120000,99.203120000000,1,dbc1b4c900ffe48d575b5da5c638040125f65db0fe3e24494b76ea986457d986
static_lr,0,single_query,0,11,1,0.080918504000,80.918504000000,1,dbc1b4c900ffe48d575b5da5c638040125f65db0fe3e24494b76ea986457d986
static_lr,0,single_query,0,12,1,0.088441135000,88.441135000000,1,dbc1b4c900ffe48d575b5da5c638040125f65db0fe3e24494b76ea986457d986
static_lr,0,single_query,0,13,1,0.030621022000,30.621022000000,1,dbc1b4c900ffe48d575b5da5c638040125f65db0fe3e24494b76ea986457d986
static_lr,0,single_query,0,14,1,0.031351708000,31.351708000000,-1,6e340b9cffb37a989ca544e6bb780a2c78901d3fb33738768511a30617afa01d
static_lr,0,single_query,0,15,1,0.041963870000,41.963870000000,-1,6e340b9cffb37a989ca544e6bb780a2c78901d3fb33738768511a30617afa01d
static_lr,0,single_query,0,16,1,0.043006177000,43.006177000000,-1,6e340b9cffb37a989ca544e6bb780a2c78901d3fb33738768511a30617afa01d
static_lr,0,single_query,0,17,1,0.029988351000,29.988351000000,1,dbc1b4c900ffe48d575b5da5c638040125f65db0fe3e24494b76ea986457d986
static_lr,0,single_query,0,18,1,0.040027001000,40.027001000000,1,dbc1b4c900ffe48d575b5da5c638040125f65db0fe3e24494b76ea986457d986
static_lr,0,single_query,0,19,1,0.019561718000,19.561718000000,-1,6e340b9cffb37a989ca544e6bb780a2c78901d3fb33738768511a30617afa01d
static_lr,0,single_query,0,20,1,0.024205649000,24.205649000000,1,dbc1b4c900ffe48d575b5da5c638040125f65db0fe3e24494b76ea986457d986
static_lr,0,single_query,0,21,1,0.028621254000,28.621254000000,1,dbc1b4c900ffe48d575b5da5c638040125f65db0fe3e24494b76ea986457d986
static_lr,0,single_query,0,22,1,0.030511624000,30.511624000000,1,dbc1b4c900ffe48d575b5da5c638040125f65db0fe3e24494b76ea986457d986
static_lr,0,single_query,0,23,1,0.030374257000,30.374257000000,1,dbc1b4c900ffe48d575b5da5c638040125f65db0fe3e24494b76ea986457d986
static_lr,0,single_query,0,24,1,0.039573049000,39.573049000000,-1,6e340b9cffb37a989ca544e6bb780a2c78901d3fb33738768511a30617afa01d
static_lr,0,single_query,0,25,1,0.037498800000,37.498800000000,1,dbc1b4c900ffe48d575b5da5c638040125f65db0fe3e24494b76ea986457d986
static_lr,0,single_query,0,26,1,0.040069654000,40.069654000000,1,dbc1b4c900ffe48d575b5da5c638040125f65db0fe3e24494b76ea986457d986
static_lr,0,single_query,0,27,1,0.036530039000,36.530039000000,1,dbc1b4c900ffe48d575b5da5c638040125f65db0fe3e24494b76ea986457d986
static_lr,0,single_query,0,28,1,0.033422907000,33.422907000000,-1,6e340b9cffb37a989ca544e6bb780a2c78901d3fb33738768511a30617afa01d
static_lr,0,single_query,0,29,1,0.029169795000,29.169795000000,-1,6e340b9cffb37a989ca544e6bb780a2c78901d3fb33738768511a30617afa01d
static_lr,0,single_query,0,30,1,0.026578911000,26.578911000000,1,dbc1b4c900ffe48d575b5da5c638040125f65db0fe3e24494b76ea986457d986
static_lr,0,single_query,0,31,1,0.029321705000,29.321705000000,1,dbc1b4c900ffe48d575b5da5c638040125f65db0fe3e24494b76ea986457d986
static_lr,0,single_query,0,32,1,0.045415300000,45.415300000000,1,dbc1b4c900ffe48d575b5da5c638040125f65db0fe3e24494b76ea986457d986
static_lr,0,single_query,0,33,1,0.048108404000,48.108404000000,-1,6e340b9cffb37a989ca544e6bb780a2c78901d3fb33738768511a30617afa01d
static_lr,0,single_query,0,34,1,0.064727730000,64.727730000000,-1,6e340b9cffb37a989ca544e6bb780a2c78901d3fb33738768511a30617afa01d
static_lr,0,single_query,0,35,1,0.072939498000,72.939498000000,-1,6e340b9cffb37a989ca544e6bb780a2c78901d3fb33738768511a30617afa01d
static_lr,0,single_query,0,36,1,0.077040881000,77.040881000000,1,dbc1b4c900ffe48d575b5da5c638040125f65db0fe3e24494b76ea986457d986
static_lr,0,single_query,0,37,1,0.039057001000,39.057001000000,-1,6e340b9cffb37a989ca544e6bb780a2c78901d3fb33738768511a30617afa01d
static_lr,0,single_query,0,38,1,0.037577055000,37.577055000000,1,dbc1b4c900ffe48d575b5da5c638040125f65db0fe3e24494b76ea986457d986
static_lr,0,single_query,0,39,1,0.025641164000,25.641164000000,-1,6e340b9cffb37a989ca544e6bb780a2c78901d3fb33738768511a30617afa01d
static_lr,0,single_query,0,40,1,0.024066918000,24.066918000000,-1,6e340b9cffb37a989ca544e6bb780a2c78901d3fb33738768511a30617afa01d
static_lr,0,single_query,0,41,1,0.025753139000,25.753139000000,1,dbc1b4c900ffe48d575b5da5c638040125f65db0fe3e24494b76ea986457d986
static_lr,0,single_query,0,42,1,0.025319891000,25.319891000000,-1,6e340b9cffb37a989ca544e6bb780a2c78901d3fb33738768511a30617afa01d
static_lr,0,single_query,0,43,1,0.022652007000,22.652007000000,-1,6e340b9cffb37a989ca544e6bb780a2c78901d3fb33738768511a30617afa01d
static_lr,0,single_query,0,44,1,0.024072015000,24.072015000000,1,dbc1b4c900ffe48d575b5da5c638040125f65db0fe3e24494b76ea986457d986
static_lr,0,single_query,0,45,1,0.025539679000,25.539679000000,-1,6e340b9cffb37a989ca544e6bb780a2c78901d3fb33738768511a30617afa01d
static_lr,0,single_query,0,46,1,0.022321248000,22.321248000000,-1,6e340b9cffb37a989ca544e6bb780a2c78901d3fb33738768511a30617afa01d
static_lr,0,single_query,0,47,1,0.027631890000,27.631890000000,1,dbc1b4c900ffe48d575b5da5c638040125f65db0fe3e24494b76ea986457d986
static_lr,0,single_query,0,48,1,0.024501388000,24.501388000000,1,dbc1b4c900ffe48d575b5da5c638040125f65db0fe3e24494b76ea986457d986
static_lr,0,single_query,0,49,1,0.033533538000,33.533538000000,1,dbc1b4c900ffe48d575b5da5c638040125f65db0fe3e24494b76ea986457d986
static_lr,0,single_query,0,50,1,0.026460381000,26.460381000000,-1,6e340b9cffb37a989ca544e6bb780a2c78901d3fb33738768511a30617afa01d
static_lr,0,single_query,0,51,1,0.031099305000,31.099305000000,-1,6e340b9cffb37a989ca544e6bb780a2c78901d3fb33738768511a30617afa01d
static_lr,0,single_query,0,52,1,0.024568829000,24.568829000000,1,dbc1b4c900ffe48d575b5da5c638040125f65db0fe3e24494b76ea986457d986
static_lr,0,single_query,0,53,1,0.024405449000,24.405449000000,1,dbc1b4c900ffe48d575b5da5c638040125f65db0fe3e24494b76ea986457d986
static_lr,0,single_query,0,54,1,0.028057633000,28.057633000000,-1,6e340b9cffb37a989ca544e6bb780a2c78901d3fb33738768511a30617afa01d
static_lr,0,single_query,0,55,1,0.025144664000,25.144664000000,1,dbc1b4c900ffe48d575b5da5c638040125f65db0fe3e24494b76ea986457d986
static_lr,0,single_query,0,56,1,0.027112502000,27.112502000000,-1,6e340b9cffb37a989ca544e6bb780a2c78901d3fb33738768511a30617afa01d
static_lr,0,single_query,0,57,1,0.027122034000,27.122034000000,1,dbc1b4c900ffe48d575b5da5c638040125f65db0fe3e24494b76ea986457d986
static_lr,0,single_query,0,58,1,0.025966747000,25.966747000000,-1,6e340b9cffb37a989ca544e6bb780a2c78901d3fb33738768511a30617afa01d
static_lr,0,single_query,0,59,1,0.031402666000,31.402666000000,-1,6e340b9cffb37a989ca544e6bb780a2c78901d3fb33738768511a30617afa01d
static_lr,0,single_query,0,60,1,0.029221289000,29.221289000000,1,dbc1b4c900ffe48d575b5da5c638040125f65db0fe3e24494b76ea986457d986
static_lr,0,single_query,0,61,1,0.022714761000,22.714761000000,-1,6e340b9cffb37a989ca544e6bb780a2c78901d3fb33738768511a30617afa01d
static_lr,0,single_query,0,62,1,0.021335451000,21.335451000000,-1,6e340b9cffb37a989ca544e6bb780a2c78901d3fb33738768511a30617afa01d
static_lr,0,single_query,0,63,1,0.025336116000,25.336116000000,-1,6e340b9cffb37a989ca544e6bb780a2c78901d3fb33738768511a30617afa01d
static_lr,0,single_query,0,64,1,0.024350732000,24.350732000000,1,dbc1b4c900ffe48d575b5da5c638040125f65db0fe3e24494b76ea986457d986
static_lr,0,single_query,0,65,1,0.028449860000,28.449860000000,-1,6e340b9cffb37a989ca544e6bb780a2c78901d3fb33738768511a30617afa01d
static_lr,0,single_query,0,66,1,0.028041477000,28.041477000000,1,dbc1b4c900ffe48d575b5da5c638040125f65db0fe3e24494b76ea986457d986
static_lr,0,single_query,0,67,1,0.025885078000,25.885078000000,1,dbc1b4c900ffe48d575b5da5c638040125f65db0fe3e24494b76ea986457d986
static_lr,0,single_query,0,68,1,0.031209960000,31.209960000000,-1,6e340b9cffb37a989ca544e6bb780a2c78901d3fb33738768511a30617afa01d
static_lr,0,single_query,0,69,1,0.030028700000,30.028700000000,1,dbc1b4c900ffe48d575b5da5c638040125f65db0fe3e24494b76ea986457d986
static_lr,0,single_query,0,70,1,0.030453278000,30.453278000000,1,dbc1b4c900ffe48d575b5da5c638040125f65db0fe3e24494b76ea986457d986
static_lr,0,single_query,0,71,1,0.029145377000,29.145377000000,1,dbc1b4c900ffe48d575b5da5c638040125f65db0fe3e24494b76ea986457d986
static_lr,0,single_query,0,72,1,0.027698573000,27.698573000000,-1,6e340b9cffb37a989ca544e6bb780a2c78901d3fb33738768511a30617afa01d
static_lr,0,single_query,0,73,1,0.032617963000,32.617963000000,1,dbc1b4c900ffe48d575b5da5c638040125f65db0fe3e24494b76ea986457d986
static_lr,0,single_query,0,74,1,0.032502999000,32.502999000000,-1,6e340b9cffb37a989ca544e6bb780a2c78901d3fb33738768511a30617afa01d
static_lr,0,single_query,0,75,1,0.031348891000,31.348891000000,-1,6e340b9cffb37a989ca544e6bb780a2c78901d3fb33738768511a30617afa01d
static_lr,0,single_query,0,76,1,0.034515080000,34.515080000000,1,dbc1b4c900ffe48d575b5da5c638040125f65db0fe3e24494b76ea986457d986
static_lr,0,single_query,0,77,1,0.030599613000,30.599613000000,1,dbc1b4c900ffe48d575b5da5c638040125f65db0fe3e24494b76ea986457d986
static_lr,0,single_query,0,78,1,0.016358278000,16.358278000000,-1,6e340b9cffb37a989ca544e6bb780a2c78901d3fb33738768511a30617afa01d
static_lr,0,single_query,0,79,1,0.020094819000,20.094819000000,1,dbc1b4c900ffe48d575b5da5c638040125f65db0fe3e24494b76ea986457d986
static_lr,0,single_query,0,80,1,0.020282846000,20.282846000000,1,dbc1b4c900ffe48d575b5da5c638040125f65db0fe3e24494b76ea986457d986
static_lr,0,single_query,0,81,1,0.018315573000,18.315573000000,1,dbc1b4c900ffe48d575b5da5c638040125f65db0fe3e24494b76ea986457d986
static_lr,0,single_query,0,82,1,0.025709689000,25.709689000000,-1,6e340b9cffb37a989ca544e6bb780a2c78901d3fb33738768511a30617afa01d
static_lr,0,single_query,0,83,1,0.025542051000,25.542051000000,1,dbc1b4c900ffe48d575b5da5c638040125f65db0fe3e24494b76ea986457d986
static_lr,0,single_query,0,84,1,0.027713441000,27.713441000000,-1,6e340b9cffb37a989ca544e6bb780a2c78901d3fb33738768511a30617afa01d
static_lr,0,single_query,0,85,1,0.029554599000,29.554599000000,-1,6e340b9cffb37a989ca544e6bb780a2c78901d3fb33738768511a30617afa01d
static_lr,0,single_query,0,86,1,0.031058300000,31.058300000000,-1,6e340b9cffb37a989ca544e6bb780a2c78901d3fb33738768511a30617afa01d
static_lr,0,single_query,0,87,1,0.027278964000,27.278964000000,-1,6e340b9cffb37a989ca544e6bb780a2c78901d3fb33738768511a30617afa01d
static_lr,0,single_query,0,88,1,0.025396547000,25.396547000000,1,dbc1b4c900ffe48d575b5da5c638040125f65db0fe3e24494b76ea986457d986
static_lr,0,single_query,0,89,1,0.022313241000,22.313241000000,-1,6e340b9cffb37a989ca544e6bb780a2c78901d3fb33738768511a30617afa01d
static_lr,0,single_query,0,90,1,0.027305080000,27.305080000000,1,dbc1b4c900ffe48d575b5da5c638040125f65db0fe3e24494b76ea986457d986
static_lr,0,single_query,0,91,1,0.025105538000,25.105538000000,-1,6e340b9cffb37a989ca544e6bb780a2c78901d3fb33738768511a30617afa01d
static_lr,0,single_query,0,92,1,0.026299949000,26.299949000000,1,dbc1b4c900ffe48d575b5da5c638040125f65db0fe3e24494b76ea986457d986
static_lr,0,single_query,0,93,1,0.028476158000,28.476158000000,1,dbc1b4c900ffe48d575b5da5c638040125f65db0fe3e24494b76ea986457d986
static_lr,0,single_query,0,94,1,0.027722219000,27.722219000000,-1,6e340b9cffb37a989ca544e6bb780a2c78901d3fb33738768511a30617afa01d
static_lr,0,single_query,0,95,1,0.026922441000,26.922441000000,-1,6e340b9cffb37a989ca544e6bb780a2c78901d3fb33738768511a30617afa01d
static_lr,0,single_query,0,96,1,0.026608021000,26.608021000000,-1,6e340b9cffb37a989ca544e6bb780a2c78901d3fb33738768511a30617afa01d
static_lr,0,single_query,0,97,1,0.026183468000,26.183468000000,1,dbc1b4c900ffe48d575b5da5c638040125f65db0fe3e24494b76ea986457d986
static_lr,0,single_query,0,98,1,0.024101003000,24.101003000000,1,dbc1b4c900ffe48d575b5da5c638040125f65db0fe3e24494b76ea986457d986
static_lr,0,single_query,0,99,1,0.027519972000,27.519972000000,-1,6e340b9cffb37a989ca544e6bb780a2c78901d3fb33738768511a30617afa01d
static_lr,0,single_query,0,100,1,0.026096685000,26.096685000000,-1,6e340b9cffb37a989ca544e6bb780a2c78901d3fb33738768511a30617afa01d
static_lr,0,single_query,0,101,1,0.029224712000,29.224712000000,-1,6e340b9cffb37a989ca544e6bb780a2c78901d3fb33738768511a30617afa01d
static_lr,0,single_query,0,102,1,0.025441777000,25.441777000000,1,dbc1b4c900ffe48d575b5da5c638040125f65db0fe3e24494b76ea986457d986
static_lr,0,single_query,0,103,1,0.032463214000,32.463214000000,1,dbc1b4c900ffe48d575b5da5c638040125f65db0fe3e24494b76ea986457d986
static_lr,0,single_query,0,104,1,0.038645823000,38.645823000000,1,dbc1b4c900ffe48d575b5da5c638040125f65db0fe3e24494b76ea986457d986
static_lr,0,single_query,0,105,1,0.030741520000,30.741520000000,-1,6e340b9cffb37a989ca544e6bb780a2c78901d3fb33738768511a30617afa01d
static_lr,0,single_query,0,106,1,0.039120704000,39.120704000000,1,dbc1b4c900ffe48d575b5da5c638040125f65db0fe3e24494b76ea986457d986
static_lr,0,single_query,0,107,1,0.032813491000,32.813491000000,1,dbc1b4c900ffe48d575b5da5c638040125f65db0fe3e24494b76ea986457d986
static_lr,0,single_query,0,108,1,0.028686625000,28.686625000000,1,dbc1b4c900ffe48d575b5da5c638040125f65db0fe3e24494b76ea986457d986
static_lr,0,single_query,0,109,1,0.032638883000,32.638883000000,1,dbc1b4c900ffe48d575b5da5c638040125f65db0fe3e24494b76ea986457d986
static_lr,0,single_query,0,110,1,0.026265571000,26.265571000000,1,dbc1b4c900ffe48d575b5da5c638040125f65db0fe3e24494b76ea986457d986
static_lr,0,single_query,0,111,1,0.027466089000,27.466089000000,1,dbc1b4c900ffe48d575b5da5c638040125f65db0fe3e24494b76ea986457d986
static_lr,0,single_query,0,112,1,0.031049773000,31.049773000000,1,dbc1b4c900ffe48d575b5da5c638040125f65db0fe3e24494b76ea986457d986
static_lr,0,single_query,0,113,1,0.036873452000,36.873452000000,1,dbc1b4c900ffe48d575b5da5c638040125f65db0fe3e24494b76ea986457d986
static_lr,0,single_query,0,114,1,0.034934133000,34.934133000000,1,dbc1b4c900ffe48d575b5da5c638040125f65db0fe3e24494b76ea986457d986
static_lr,0,single_query,0,115,1,0.028410678000,28.410678000000,1,dbc1b4c900ffe48d575b5da5c638040125f65db0fe3e24494b76ea986457d986
static_lr,0,single_query,0,116,1,0.030558680000,30.558680000000,1,dbc1b4c900ffe48d575b5da5c638040125f65db0fe3e24494b76ea986457d986
static_lr,0,single_query,0,117,1,0.036411953000,36.411953000000,-1,6e340b9cffb37a989ca544e6bb780a2c78901d3fb33738768511a30617afa01d
static_lr,0,single_query,0,118,1,0.036531126000,36.531126000000,-1,6e340b9cffb37a989ca544e6bb780a2c78901d3fb33738768511a30617afa01d
static_lr,0,single_query,0,119,1,0.029571999000,29.571999000000,1,dbc1b4c900ffe48d575b5da5c638040125f65db0fe3e24494b76ea986457d986
static_lr,0,single_query,0,120,1,0.014618392000,14.618392000000,1,dbc1b4c900ffe48d575b5da5c638040125f65db0fe3e24494b76ea986457d986
static_lr,0,single_query,0,121,1,0.139278069000,139.278069000000,1,dbc1b4c900ffe48d575b5da5c638040125f65db0fe3e24494b76ea986457d986
static_lr,0,single_query,0,122,1,0.060450167000,60.450167000000,1,dbc1b4c900ffe48d575b5da5c638040125f65db0fe3e24494b76ea986457d986
static_lr,0,single_query,0,123,1,0.071955724000,71.955724000000,1,dbc1b4c900ffe48d575b5da5c638040125f65db0fe3e24494b76ea986457d986
static_lr,0,single_query,0,124,1,0.073929681000,73.929681000000,1,dbc1b4c900ffe48d575b5da5c638040125f65db0fe3e24494b76ea986457d986
static_lr,0,single_query,0,125,1,0.068546279000,68.546279000000,-1,6e340b9cffb37a989ca544e6bb780a2c78901d3fb33738768511a30617afa01d
static_lr,0,single_query,0,126,1,0.073677132000,73.677132000000,1,dbc1b4c900ffe48d575b5da5c638040125f65db0fe3e24494b76ea986457d986
static_lr,0,single_query,0,127,1,0.036209018000,36.209018000000,-1,6e340b9cffb37a989ca544e6bb780a2c78901d3fb33738768511a30617afa01d
static_lr,0,single_query,0,128,1,0.045957206000,45.957206000000,-1,6e340b9cffb37a989ca544e6bb780a2c78901d3fb33738768511a30617afa01d
static_lr,0,single_query,0,129,1,0.046017755000,46.017755000000,1,dbc1b4c900ffe48d575b5da5c638040125f65db0fe3e24494b76ea986457d986
static_lr,0,single_query,0,130,1,0.046614357000,46.614357000000,1,dbc1b4c900ffe48d575b5da5c638040125f65db0fe3e24494b76ea986457d986
static_lr,0,single_query,0,131,1,0.036206109000,36.206109000000,1,dbc1b4c900ffe48d575b5da5c638040125f65db0fe3e24494b76ea986457d986
static_lr,0,single_query,0,132,1,0.064654930000,64.654930000000,1,dbc1b4c900ffe48d575b5da5c638040125f65db0fe3e24494b76ea986457d986
static_lr,0,single_query,0,133,1,0.038003018000,38.003018000000,-1,6e340b9cffb37a989ca544e6bb780a2c78901d3fb33738768511a30617afa01d
static_lr,0,single_query,0,134,1,0.056190241000,56.190241000000,1,dbc1b4c900ffe48d575b5da5c638040125f65db0fe3e24494b76ea986457d986
static_lr,0,single_query,0,135,1,0.057225891000,57.225891000000,1,dbc1b4c900ffe48d575b5da5c638040125f65db0fe3e24494b76ea986457d986
static_lr,0,single_query,0,136,1,0.048684862000,48.684862000000,1,dbc1b4c900ffe48d575b5da5c638040125f65db0fe3e24494b76ea986457d986
static_lr,0,single_query,0,137,1,0.044261418000,44.261418000000,1,dbc1b4c900ffe48d575b5da5c638040125f65db0fe3e24494b76ea986457d986
static_lr,0,single_query,0,138,1,0.044106691000,44.106691000000,1,dbc1b4c900ffe48d575b5da5c638040125f65db0fe3e24494b76ea986457d986
static_lr,0,single_query,0,139,1,0.046273506000,46.273506000000,-1,6e340b9cffb37a989ca544e6bb780a2c78901d3fb33738768511a30617afa01d
static_lr,0,single_query,0,140,1,0.027930617000,27.930617000000,-1,6e340b9cffb37a989ca544e6bb780a2c78901d3fb33738768511a30617afa01d
static_lr,0,single_query,0,141,1,0.040687090000,40.687090000000,1,dbc1b4c900ffe48d575b5da5c638040125f65db0fe3e24494b76ea986457d986
static_lr,0,single_query,0,142,1,0.042901968000,42.901968000000,1,dbc1b4c900ffe48d575b5da5c638040125f65db0fe3e24494b76ea986457d986
static_lr,0,single_query,0,143,1,0.054085877000,54.085877000000,-1,6e340b9cffb37a989ca544e6bb780a2c78901d3fb33738768511a30617afa01d
static_lr,0,single_query,0,144,1,0.054463077000,54.463077000000,-1,6e340b9cffb37a989ca544e6bb780a2c78901d3fb33738768511a30617afa01d
static_lr,0,single_query,0,145,1,0.057790864000,57.790864000000,1,dbc1b4c900ffe48d575b5da5c638040125f65db0fe3e24494b76ea986457d986
static_lr,0,single_query,0,146,1,0.050989876000,50.989876000000,1,dbc1b4c900ffe48d575b5da5c638040125f65db0fe3e24494b76ea986457d986
static_lr,0,single_query,0,147,1,0.078455855000,78.455855000000,1,dbc1b4c900ffe48d575b5da5c638040125f65db0fe3e24494b76ea986457d986
static_lr,0,single_query,0,148,1,0.080396823000,80.396823000000,1,dbc1b4c900ffe48d575b5da5c638040125f65db0fe3e24494b76ea986457d986
static_lr,0,single_query,0,149,1,0.114791639000,114.791639000000,-1,6e340b9cffb37a989ca544e6bb780a2c78901d3fb33738768511a30617afa01d
static_lr,0,single_query,0,150,1,0.118314433000,118.314433000000,1,dbc1b4c900ffe48d575b5da5c638040125f65db0fe3e24494b76ea986457d986
static_lr,0,single_query,0,151,1,0.112480666000,112.480666000000,1,dbc1b4c900ffe48d575b5da5c638040125f65db0fe3e24494b76ea986457d986
static_lr,0,single_query,0,152,1,0.111708883000,111.708883000000,1,dbc1b4c900ffe48d575b5da5c638040125f65db0fe3e24494b76ea986457d986
static_lr,0,single_query,0,153,1,0.107488760000,107.488760000000,-1,6e340b9cffb37a989ca544e6bb780a2c78901d3fb33738768511a30617afa01d
static_lr,0,single_query,0,154,1,0.104651478000,104.651478000000,1,dbc1b4c900ffe48d575b5da5c638040125f65db0fe3e24494b76ea986457d986
static_lr,0,single_query,0,155,1,0.096557767000,96.557767000000,1,dbc1b4c900ffe48d575b5da5c638040125f65db0fe3e24494b76ea986457d986
static_lr,0,single_query,0,156,1,0.098929332000,98.929332000000,1,dbc1b4c900ffe48d575b5da5c638040125f65db0fe3e24494b76ea986457d986
static_lr,0,single_query,0,157,1,0.120621007000,120.621007000000,-1,6e340b9cffb37a989ca544e6bb780a2c78901d3fb33738768511a30617afa01d
static_lr,0,single_query,0,158,1,0.126805547000,126.805547000000,1,dbc1b4c900ffe48d575b5da5c638040125f65db0fe3e24494b76ea986457d986
static_lr,0,single_query,0,159,1,0.109457655000,109.457655000000,-1,6e340b9cffb37a989ca544e6bb780a2c78901d3fb33738768511a30617afa01d
static_lr,0,single_query,0,160,1,0.120874722000,120.874722000000,-1,6e340b9cffb37a989ca544e6bb780a2c78901d3fb33738768511a30617afa01d
static_lr,0,single_query,0,161,1,0.033194006000,33.194006000000,1,dbc1b4c900ffe48d575b5da5c638040125f65db0fe3e24494b76ea986457d986
static_lr,0,single_query,0,162,1,0.040358830000,40.358830000000,1,dbc1b4c900ffe48d575b5da5c638040125f65db0fe3e24494b76ea986457d986
static_lr,0,single_query,0,163,1,0.071519514000,71.519514000000,1,dbc1b4c900ffe48d575b5da5c638040125f65db0fe3e24494b76ea986457d986
static_lr,0,single_query,0,164,1,0.045670717000,45.670717000000,1,dbc1b4c900ffe48d575b5da5c638040125f65db0fe3e24494b76ea986457d986
static_lr,0,single_query,0,165,1,0.085216271000,85.216271000000,-1,6e340b9cffb37a989ca544e6bb780a2c78901d3fb33738768511a30617afa01d
static_lr,0,single_query,0,166,1,0.085482175000,85.482175000000,1,dbc1b4c900ffe48d575b5da5c638040125f65db0fe3e24494b76ea986457d986
static_lr,0,single_query,0,167,1,0.095491999000,95.491999000000,-1,6e340b9cffb37a989ca544e6bb780a2c78901d3fb33738768511a30617afa01d
static_lr,0,single_query,0,168,1,0.076589836000,76.589836000000,-1,6e340b9cffb37a989ca544e6bb780a2c78901d3fb33738768511a30617afa01d
static_lr,0,single_query,0,169,1,0.073495752000,73.495752000000,1,dbc1b4c900ffe48d575b5da5c638040125f65db0fe3e24494b76ea986457d986
static_lr,0,single_query,0,170,1,0.035521956000,35.521956000000,-1,6e340b9cffb37a989ca544e6bb780a2c78901d3fb33738768511a30617afa01d
static_lr,0,single_query,0,171,1,0.038601738000,38.601738000000,-1,6e340b9cffb37a989ca544e6bb780a2c78901d3fb33738768511a30617afa01d
static_lr,0,single_query,0,172,1,0.037530365000,37.530365000000,-1,6e340b9cffb37a989ca544e6bb780a2c78901d3fb33738768511a30617afa01d
static_lr,0,single_query,0,173,1,0.030877796000,30.877796000000,1,dbc1b4c900ffe48d575b5da5c638040125f65db0fe3e24494b76ea986457d986
static_lr,0,single_query,0,174,1,0.043013747000,43.013747000000,-1,6e340b9cffb37a989ca544e6bb780a2c78901d3fb33738768511a30617afa01d
static_lr,0,single_query,0,175,1,0.141138303000,141.138303000000,-1,6e340b9cffb37a989ca544e6bb780a2c78901d3fb33738768511a30617afa01d
static_lr,0,single_query,0,176,1,0.147998271000,147.998271000000,-1,6e340b9cffb37a989ca544e6bb780a2c78901d3fb33738768511a30617afa01d
static_lr,0,single_query,0,177,1,0.159840377000,159.840377000000,-1,6e340b9cffb37a989ca544e6bb780a2c78901d3fb33738768511a30617afa01d
static_lr,0,single_query,0,178,1,0.148513870000,148.513870000000,-1,6e340b9cffb37a989ca544e6bb780a2c78901d3fb33738768511a30617afa01d
static_lr,0,single_query,0,179,1,0.023986180000,23.986180000000,1,dbc1b4c900ffe48d575b5da5c638040125f65db0fe3e24494b76ea986457d986
static_lr,0,single_query,0,180,1,0.019588759000,19.588759000000,-1,6e340b9cffb37a989ca544e6bb780a2c78901d3fb33738768511a30617afa01d
static_lr,0,single_query,0,181,1,0.031524363000,31.524363000000,-1,6e340b9cffb37a989ca544e6bb780a2c78901d3fb33738768511a30617afa01d
static_lr,0,single_query,0,182,1,0.028715928000,28.715928000000,1,dbc1b4c900ffe48d575b5da5c638040125f65db0fe3e24494b76ea986457d986
static_lr,0,single_query,0,183,1,0.027586279000,27.586279000000,-1,6e340b9cffb37a989ca544e6bb780a2c78901d3fb33738768511a30617afa01d
static_lr,0,single_query,0,184,1,0.040160896000,40.160896000000,-1,6e340b9cffb37a989ca544e6bb780a2c78901d3fb33738768511a30617afa01d
static_lr,0,single_query,0,185,1,0.038157569000,38.157569000000,-1,6e340b9cffb37a989ca544e6bb780a2c78901d3fb33738768511a30617afa01d
static_lr,0,single_query,0,186,1,0.037545629000,37.545629000000,1,dbc1b4c900ffe48d575b5da5c638040125f65db0fe3e24494b76ea986457d986
static_lr,0,single_query,0,187,1,0.036549384000,36.549384000000,-1,6e340b9cffb37a989ca544e6bb780a2c78901d3fb33738768511a30617afa01d
static_lr,0,single_query,0,188,1,0.051032774000,51.032774000000,1,dbc1b4c900ffe48d575b5da5c638040125f65db0fe3e24494b76ea986457d986
static_lr,0,single_query,0,189,1,0.047571862000,47.571862000000,1,dbc1b4c900ffe48d575b5da5c638040125f65db0fe3e24494b76ea986457d986
static_lr,0,single_query,0,190,1,0.041690239000,41.690239000000,-1,6e340b9cffb37a989ca544e6bb780a2c78901d3fb33738768511a30617afa01d
static_lr,0,single_query,0,191,1,0.041841432000,41.841432000000,-1,6e340b9cffb37a989ca544e6bb780a2c78901d3fb33738768511a30617afa01d
static_lr,0,single_query,0,192,1,0.054601327000,54.601327000000,-1,6e340b9cffb37a989ca544e6bb780a2c78901d3fb33738768511a30617afa01d
static_lr,0,single_query,0,193,1,0.057439414000,57.439414000000,1,dbc1b4c900ffe48d575b5da5c638040125f65db0fe3e24494b76ea986457d986
static_lr,0,single_query,0,194,1,0.062193348000,62.193348000000,-1,6e340b9cffb37a989ca544e6bb780a2c78901d3fb33738768511a30617afa01d
static_lr,0,single_query,0,195,1,0.064254733000,64.254733000000,-1,6e340b9cffb37a989ca544e6bb780a2c78901d3fb33738768511a30617afa01d
static_lr,0,single_query,0,196,1,0.059682938000,59.682938000000,1,dbc1b4c900ffe48d575b5da5c638040125f65db0fe3e24494b76ea986457d986
static_lr,0,single_query,0,197,1,0.069119889000,69.119889000000,-1,6e340b9cffb37a989ca544e6bb780a2c78901d3fb33738768511a30617afa01d
static_lr,0,single_query,0,198,1,0.081122864000,81.122864000000,1,dbc1b4c900ffe48d575b5da5c638040125f65db0fe3e24494b76ea986457d986
static_lr,0,single_query,0,199,1,0.066189373000,66.189373000000,1,dbc1b4c900ffe48d575b5da5c638040125f65db0fe3e24494b76ea986457d986
static_lr,0,single_query,0,200,1,0.071616547000,71.616547000000,1,dbc1b4c900ffe48d575b5da5c638040125f65db0fe3e24494b76ea986457d986
static_lr,0,single_query,0,201,1,0.061866138000,61.866138000000,1,dbc1b4c900ffe48d575b5da5c638040125f65db0fe3e24494b76ea986457d986
static_lr,0,single_query,0,202,1,0.069115295000,69.115295000000,-1,6e340b9cffb37a989ca544e6bb780a2c78901d3fb33738768511a30617afa01d
static_lr,0,single_query,0,203,1,0.072321376000,72.321376000000,-1,6e340b9cffb37a989ca544e6bb780a2c78901d3fb33738768511a30617afa01d
static_lr,0,single_query,0,204,1,0.065159819000,65.159819000000,-1,6e340b9cffb37a989ca544e6bb780a2c78901d3fb33738768511a30617afa01d
static_lr,0,single_query,0,205,1,0.059138467000,59.138467000000,-1,6e340b9cffb37a989ca544e6bb780a2c78901d3fb33738768511a30617afa01d
static_lr,0,single_query,0,206,1,0.078566039000,78.566039000000,-1,6e340b9cffb37a989ca544e6bb780a2c78901d3fb33738768511a30617afa01d
static_lr,0,single_query,0,207,1,0.077650480000,77.650480000000,1,dbc1b4c900ffe48d575b5da5c638040125f65db0fe3e24494b76ea986457d986
static_lr,0,single_query,0,208,1,0.052564630000,52.564630000000,1,dbc1b4c900ffe48d575b5da5c638040125f65db0fe3e24494b76ea986457d986
static_lr,0,single_query,0,209,1,0.047415243000,47.415243000000,1,dbc1b4c900ffe48d575b5da5c638040125f65db0fe3e24494b76ea986457d986
static_lr,0,single_query,0,210,1,0.050004972000,50.004972000000,1,dbc1b4c900ffe48d575b5da5c638040125f65db0fe3e24494b76ea986457d986
static_lr,0,single_query,0,211,1,0.084213252000,84.213252000000,1,dbc1b4c900ffe48d575b5da5c638040125f65db0fe3e24494b76ea986457d986
static_lr,0,single_query,0,212,1,0.104456208000,104.456208000000,-1,6e340b9cffb37a989ca544e6bb780a2c78901d3fb33738768511a30617afa01d
static_lr,0,single_query,0,213,1,0.038068833000,38.068833000000,1,dbc1b4c900ffe48d575b5da5c638040125f65db0fe3e24494b76ea986457d986
static_lr,0,single_query,0,214,1,0.052562385000,52.562385000000,-1,6e340b9cffb37a989ca544e6bb780a2c78901d3fb33738768511a30617afa01d
static_lr,0,single_query,0,215,1,0.034756012000,34.756012000000,1,dbc1b4c900ffe48d575b5da5c638040125f65db0fe3e24494b76ea986457d986
static_lr,0,single_query,0,216,1,0.047352904000,47.352904000000,-1,6e340b9cffb37a989ca544e6bb780a2c78901d3fb33738768511a30617afa01d
static_lr,0,single_query,0,217,1,0.046293638000,46.293638000000,1,dbc1b4c900ffe48d575b5da5c638040125f65db0fe3e24494b76ea986457d986
static_lr,0,single_query,0,218,1,0.048815206000,48.815206000000,-1,6e340b9cffb37a989ca544e6bb780a2c78901d3fb33738768511a30617afa01d
static_lr,0,single_query,0,219,1,0.041249466000,41.249466000000,-1,6e340b9cffb37a989ca544e6bb780a2c78901d3fb33738768511a30617afa01d
static_lr,0,single_query,0,220,1,0.044360820000,44.360820000000,-1,6e340b9cffb37a989ca544e6bb780a2c78901d3fb33738768511a30617afa01d
static_lr,0,single_query,0,221,1,0.068598583000,68.598583000000,-1,6e340b9cffb37a989ca544e6bb780a2c78901d3fb33738768511a30617afa01d
static_lr,0,single_query,0,222,1,0.060013821000,60.013821000000,1,dbc1b4c900ffe48d575b5da5c638040125f65db0fe3e24494b76ea986457d986
static_lr,0,single_query,0,223,1,0.063753605000,63.753605000000,-1,6e340b9cffb37a989ca544e6bb780a2c78901d3fb33738768511a30617afa01d
static_lr,0,single_query,0,224,1,0.065944145000,65.944145000000,-1,6e340b9cffb37a989ca544e6bb780a2c78901d3fb33738768511a30617afa01d
static_lr,0,single_query,0,225,1,0.071899623000,71.899623000000,1,dbc1b4c900ffe48d575b5da5c638040125f65db0fe3e24494b76ea986457d986
static_lr,0,single_query,0,226,1,0.073020960000,73.020960000000,1,dbc1b4c900ffe48d575b5da5c638040125f65db0fe3e24494b76ea986457d986
static_lr,0,single_query,0,227,1,0.061813804000,61.813804000000,-1,6e340b9cffb37a989ca544e6bb780a2c78901d3fb33738768511a30617afa01d
static_lr,0,single_query,0,228,1,0.071710067000,71.710067000000,-1,6e340b9cffb37a989ca544e6bb780a2c78901d3fb33738768511a30617afa01d
static_lr,0,single_query,0,229,1,0.072189349000,72.189349000000,1,dbc1b4c900ffe48d575b5da5c638040125f65db0fe3e24494b76ea986457d986
static_lr,0,single_query,0,230,1,0.067284386000,67.284386000000,-1,6e340b9cffb37a989ca544e6bb780a2c78901d3fb33738768511a30617afa01d
static_lr,0,single_query,0,231,1,0.063189072000,63.189072000000,-1,6e340b9cffb37a989ca544e6bb780a2c78901d3fb33738768511a30617afa01d
static_lr,0,single_query,0,232,1,0.075125705000,75.125705000000,1,dbc1b4c900ffe48d575b5da5c638040125f65db0fe3e24494b76ea986457d986
static_lr,0,single_query,0,233,1,0.072369182000,72.369182000000,-1,6e340b9cffb37a989ca544e6bb780a2c78901d3fb33738768511a30617afa01d
static_lr,0,single_query,0,234,1,0.055732591000,55.732591000000,-1,6e340b9cffb37a989ca544e6bb780a2c78901d3fb33738768511a30617afa01d
static_lr,0,single_query,0,235,1,0.058312467000,58.312467000000,1,dbc1b4c900ffe48d575b5da5c638040125f65db0fe3e24494b76ea986457d986
static_lr,0,single_query,0,236,1,0.055018069000,55.018069000000,1,dbc1b4c900ffe48d575b5da5c638040125f65db0fe3e24494b76ea986457d986
static_lr,0,single_query,0,237,1,0.050912441000,50.912441000000,-1,6e340b9cffb37a989ca544e6bb780a2c78901d3fb33738768511a30617afa01d
static_lr,0,single_query,0,238,1,0.044708783000,44.708783000000,-1,6e340b9cffb37a989ca544e6bb780a2c78901d3fb33738768511a30617afa01d
static_lr,0,single_query,0,239,1,0.066494702000,66.494702000000,-1,6e340b9cffb37a989ca544e6bb780a2c78901d3fb33738768511a30617afa01d
static_lr,0,single_query,0,240,1,0.068197998000,68.197998000000,-1,6e340b9cffb37a989ca544e6bb780a2c78901d3fb33738768511a30617afa01d
static_lr,0,single_query,0,241,1,0.070668887000,70.668887000000,1,dbc1b4c900ffe48d575b5da5c638040125f65db0fe3e24494b76ea986457d986
static_lr,0,single_query,0,242,1,0.045357518000,45.357518000000,-1,6e340b9cffb37a989ca544e6bb780a2c78901d3fb33738768511a30617afa01d
static_lr,0,single_query,0,243,1,0.054034091000,54.034091000000,-1,6e340b9cffb37a989ca544e6bb780a2c78901d3fb33738768511a30617afa01d
static_lr,0,single_query,0,244,1,0.052726717000,52.726717000000,-1,6e340b9cffb37a989ca544e6bb780a2c78901d3fb33738768511a30617afa01d
static_lr,0,single_query,0,245,1,0.087928976000,87.928976000000,-1,6e340b9cffb37a989ca544e6bb780a2c78901d3fb33738768511a30617afa01d
static_lr,0,single_query,0,246,1,0.234309619000,234.309619000000,-1,6e340b9cffb37a989ca544e6bb780a2c78901d3fb33738768511a30617afa01d
static_lr,0,single_query,0,247,1,0.068914438000,68.914438000000,1,dbc1b4c900ffe48d575b5da5c638040125f65db0fe3e24494b76ea986457d986
static_lr,0,single_query,0,248,1,0.073056307000,73.056307000000,-1,6e340b9cffb37a989ca544e6bb780a2c78901d3fb33738768511a30617afa01d
static_lr,0,single_query,0,249,1,0.061078053000,61.078053000000,-1,6e340b9cffb37a989ca544e6bb780a2c78901d3fb33738768511a30617afa01d
static_lr,0,single_query,0,250,1,0.073114746000,73.114746000000,-1,6e340b9cffb37a989ca544e6bb780a2c78901d3fb33738768511a30617afa01d
static_lr,0,single_query,0,251,1,0.051647857000,51.647857000000,1,dbc1b4c900ffe48d575b5da5c638040125f65db0fe3e24494b76ea986457d986
static_lr,0,single_query,0,252,1,0.042225952000,42.225952000000,1,dbc1b4c900ffe48d575b5da5c638040125f65db0fe3e24494b76ea986457d986
static_lr,0,single_query,0,253,1,0.060064210000,60.064210000000,-1,6e340b9cffb37a989ca544e6bb780a2c78901d3fb33738768511a30617afa01d
static_lr,0,single_query,0,254,1,0.049615527000,49.615527000000,1,dbc1b4c900ffe48d575b5da5c638040125f65db0fe3e24494b76ea986457d986
static_lr,0,single_query,0,255,1,0.045750426000,45.750426000000,1,dbc1b4c900ffe48d575b5da5c638040125f65db0fe3e24494b76ea986457d986
static_lr,1,init,0,,4263,154.805838216000,,,
static_lr,1,single_query,0,0,1,0.060331809000,60.331809000000,-1,6e340b9cffb37a989ca544e6bb780a2c78901d3fb33738768511a30617afa01d
static_lr,1,single_query,0,1,1,0.030223573000,30.223573000000,-1,6e340b9cffb37a989ca544e6bb780a2c78901d3fb33738768511a30617afa01d
static_lr,1,single_query,0,2,1,0.020335553000,20.335553000000,1,dbc1b4c900ffe48d575b5da5c638040125f65db0fe3e24494b76ea986457d986
static_lr,1,single_query,0,3,1,0.030873358000,30.873358000000,-1,6e340b9cffb37a989ca544e6bb780a2c78901d3fb33738768511a30617afa01d
static_lr,1,single_query,0,4,1,0.047427547000,47.427547000000,1,dbc1b4c900ffe48d575b5da5c638040125f65db0fe3e24494b76ea986457d986
static_lr,1,single_query,0,5,1,0.071309554000,71.309554000000,-1,6e340b9cffb37a989ca544e6bb780a2c78901d3fb33738768511a30617afa01d
static_lr,1,single_query,0,6,1,0.055941535000,55.941535000000,1,dbc1b4c900ffe48d575b5da5c638040125f65db0fe3e24494b76ea986457d986
static_lr,1,single_query,0,7,1,0.034028261000,34.028261000000,-1,6e340b9cffb37a989ca544e6bb780a2c78901d3fb33738768511a30617afa01d
static_lr,1,single_query,0,8,1,0.031161286000,31.161286000000,-1,6e340b9cffb37a989ca544e6bb780a2c78901d3fb33738768511a30617afa01d
static_lr,1,single_query,0,9,1,0.056225932000,56.225932000000,1,dbc1b4c900ffe48d575b5da5c638040125f65db0fe3e24494b76ea986457d986
static_lr,1,single_query,0,10,1,0.098510099000,98.510099000000,1,dbc1b4c900ffe48d575b5da5c638040125f65db0fe3e24494b76ea986457d986
static_lr,1,single_query,0,11,1,0.080637497000,80.637497000000,1,dbc1b4c900ffe48d575b5da5c638040125f65db0fe3e24494b76ea986457d986
static_lr,1,single_query,0,12,1,0.088261867000,88.261867000000,1,dbc1b4c900ffe48d575b5da5c638040125f65db0fe3e24494b76ea986457d986
static_lr,1,single_query,0,13,1,0.030757849000,30.757849000000,1,dbc1b4c900ffe48d575b5da5c638040125f65db0fe3e24494b76ea986457d986
static_lr,1,single_query,0,14,1,0.030845269000,30.845269000000,-1,6e340b9cffb37a989ca544e6bb780a2c78901d3fb33738768511a30617afa01d
static_lr,1,single_query,0,15,1,0.041619098000,41.619098000000,-1,6e340b9cffb37a989ca544e6bb780a2c78901d3fb33738768511a30617afa01d
static_lr,1,single_query,0,16,1,0.042537239000,42.537239000000,-1,6e340b9cffb37a989ca544e6bb780a2c78901d3fb33738768511a30617afa01d
static_lr,1,single_query,0,17,1,0.029668406000,29.668406000000,1,dbc1b4c900ffe48d575b5da5c638040125f65db0fe3e24494b76ea986457d986
static_lr,1,single_query,0,18,1,0.038868780000,38.868780000000,1,dbc1b4c900ffe48d575b5da5c638040125f65db0fe3e24494b76ea986457d986
static_lr,1,single_query,0,19,1,0.019071290000,19.071290000000,-1,6e340b9cffb37a989ca544e6bb780a2c78901d3fb33738768511a30617afa01d
static_lr,1,single_query,0,20,1,0.023891246000,23.891246000000,1,dbc1b4c900ffe48d575b5da5c638040125f65db0fe3e24494b76ea986457d986
static_lr,1,single_query,0,21,1,0.027782704000,27.782704000000,1,dbc1b4c900ffe48d575b5da5c638040125f65db0fe3e24494b76ea986457d986
static_lr,1,single_query,0,22,1,0.028628546000,28.628546000000,1,dbc1b4c900ffe48d575b5da5c638040125f65db0fe3e24494b76ea986457d986
static_lr,1,single_query,0,23,1,0.029076205000,29.076205000000,1,dbc1b4c900ffe48d575b5da5c638040125f65db0fe3e24494b76ea986457d986
static_lr,1,single_query,0,24,1,0.038686468000,38.686468000000,-1,6e340b9cffb37a989ca544e6bb780a2c78901d3fb33738768511a30617afa01d
static_lr,1,single_query,0,25,1,0.036501197000,36.501197000000,1,dbc1b4c900ffe48d575b5da5c638040125f65db0fe3e24494b76ea986457d986
static_lr,1,single_query,0,26,1,0.039835830000,39.835830000000,1,dbc1b4c900ffe48d575b5da5c638040125f65db0fe3e24494b76ea986457d986
static_lr,1,single_query,0,27,1,0.035658214000,35.658214000000,1,dbc1b4c900ffe48d575b5da5c638040125f65db0fe3e24494b76ea986457d986
static_lr,1,single_query,0,28,1,0.033360352000,33.360352000000,-1,6e340b9cffb37a989ca544e6bb780a2c78901d3fb33738768511a30617afa01d
static_lr,1,single_query,0,29,1,0.028890802000,28.890802000000,-1,6e340b9cffb37a989ca544e6bb780a2c78901d3fb33738768511a30617afa01d
static_lr,1,single_query,0,30,1,0.026590472000,26.590472000000,1,dbc1b4c900ffe48d575b5da5c638040125f65db0fe3e24494b76ea986457d986
static_lr,1,single_query,0,31,1,0.029323561000,29.323561000000,1,dbc1b4c900ffe48d575b5da5c638040125f65db0fe3e24494b76ea986457d986
static_lr,1,single_query,0,32,1,0.044944645000,44.944645000000,1,dbc1b4c900ffe48d575b5da5c638040125f65db0fe3e24494b76ea986457d986
static_lr,1,single_query,0,33,1,0.046210770000,46.210770000000,-1,6e340b9cffb37a989ca544e6bb780a2c78901d3fb33738768511a30617afa01d
static_lr,1,single_query,0,34,1,0.064462513000,64.462513000000,-1,6e340b9cffb37a989ca544e6bb780a2c78901d3fb33738768511a30617afa01d
static_lr,1,single_query,0,35,1,0.072355796000,72.355796000000,-1,6e340b9cffb37a989ca544e6bb780a2c78901d3fb33738768511a30617afa01d
static_lr,1,single_query,0,36,1,0.076293222000,76.293222000000,1,dbc1b4c900ffe48d575b5da5c638040125f65db0fe3e24494b76ea986457d986
static_lr,1,single_query,0,37,1,0.039599750000,39.599750000000,-1,6e340b9cffb37a989ca544e6bb780a2c78901d3fb33738768511a30617afa01d
static_lr,1,single_query,0,38,1,0.039710322000,39.710322000000,1,dbc1b4c900ffe48d575b5da5c638040125f65db0fe3e24494b76ea986457d986
static_lr,1,single_query,0,39,1,0.027395326000,27.395326000000,-1,6e340b9cffb37a989ca544e6bb780a2c78901d3fb33738768511a30617afa01d
static_lr,1,single_query,0,40,1,0.025798920000,25.798920000000,-1,6e340b9cffb37a989ca544e6bb780a2c78901d3fb33738768511a30617afa01d
static_lr,1,single_query,0,41,1,0.027833036000,27.833036000000,1,dbc1b4c900ffe48d575b5da5c638040125f65db0fe3e24494b76ea986457d986
static_lr,1,single_query,0,42,1,0.025410257000,25.410257000000,-1,6e340b9cffb37a989ca544e6bb780a2c78901d3fb33738768511a30617afa01d
static_lr,1,single_query,0,43,1,0.021957121000,21.957121000000,-1,6e340b9cffb37a989ca544e6bb780a2c78901d3fb33738768511a30617afa01d
static_lr,1,single_query,0,44,1,0.023880394000,23.880394000000,1,dbc1b4c900ffe48d575b5da5c638040125f65db0fe3e24494b76ea986457d986
static_lr,1,single_query,0,45,1,0.025232108000,25.232108000000,-1,6e340b9cffb37a989ca544e6bb780a2c78901d3fb33738768511a30617afa01d
static_lr,1,single_query,0,46,1,0.021970647000,21.970647000000,-1,6e340b9cffb37a989ca544e6bb780a2c78901d3fb33738768511a30617afa01d
static_lr,1,single_query,0,47,1,0.027044212000,27.044212000000,1,dbc1b4c900ffe48d575b5da5c638040125f65db0fe3e24494b76ea986457d986
static_lr,1,single_query,0,48,1,0.024487622000,24.487622000000,1,dbc1b4c900ffe48d575b5da5c638040125f65db0fe3e24494b76ea986457d986
static_lr,1,single_query,0,49,1,0.033330026000,33.330026000000,1,dbc1b4c900ffe48d575b5da5c638040125f65db0fe3e24494b76ea986457d986
static_lr,1,single_query,0,50,1,0.026316852000,26.316852000000,-1,6e340b9cffb37a989ca544e6bb780a2c78901d3fb33738768511a30617afa01d
static_lr,1,single_query,0,51,1,0.030919806000,30.919806000000,-1,6e340b9cffb37a989ca544e6bb780a2c78901d3fb33738768511a30617afa01d
static_lr,1,single_query,0,52,1,0.024469884000,24.469884000000,1,dbc1b4c900ffe48d575b5da5c638040125f65db0fe3e24494b76ea986457d986
static_lr,1,single_query,0,53,1,0.024427457000,24.427457000000,1,dbc1b4c900ffe48d575b5da5c638040125f65db0fe3e24494b76ea986457d986
static_lr,1,single_query,0,54,1,0.027822111000,27.822111000000,-1,6e340b9cffb37a989ca544e6bb780a2c78901d3fb33738768511a30617afa01d
static_lr,1,single_query,0,55,1,0.025163021000,25.163021000000,1,dbc1b4c900ffe48d575b5da5c638040125f65db0fe3e24494b76ea986457d986
static_lr,1,single_query,0,56,1,0.026087917000,26.087917000000,-1,6e340b9cffb37a989ca544e6bb780a2c78901d3fb33738768511a30617afa01d
static_lr,1,single_query,0,57,1,0.026801221000,26.801221000000,1,dbc1b4c900ffe48d575b5da5c638040125f65db0fe3e24494b76ea986457d986
static_lr,1,single_query,0,58,1,0.025494300000,25.494300000000,-1,6e340b9cffb37a989ca544e6bb780a2c78901d3fb33738768511a30617afa01d
static_lr,1,single_query,0,59,1,0.030956677000,30.956677000000,-1,6e340b9cffb37a989ca544e6bb780a2c78901d3fb33738768511a30617afa01d
static_lr,1,single_query,0,60,1,0.029355954000,29.355954000000,1,dbc1b4c900ffe48d575b5da5c638040125f65db0fe3e24494b76ea986457d986
static_lr,1,single_query,0,61,1,0.022629913000,22.629913000000,-1,6e340b9cffb37a989ca544e6bb780a2c78901d3fb33738768511a30617afa01d
static_lr,1,single_query,0,62,1,0.020789064000,20.789064000000,-1,6e340b9cffb37a989ca544e6bb780a2c78901d3fb33738768511a30617afa01d
static_lr,1,single_query,0,63,1,0.025237006000,25.237006000000,-1,6e340b9cffb37a989ca544e6bb780a2c78901d3fb33738768511a30617afa01d
static_lr,1,single_query,0,64,1,0.023977636000,23.977636000000,1,dbc1b4c900ffe48d575b5da5c638040125f65db0fe3e24494b76ea986457d986
static_lr,1,single_query,0,65,1,0.028779953000,28.779953000000,-1,6e340b9cffb37a989ca544e6bb780a2c78901d3fb33738768511a30617afa01d
static_lr,1,single_query,0,66,1,0.027408310000,27.408310000000,1,dbc1b4c900ffe48d575b5da5c638040125f65db0fe3e24494b76ea986457d986
static_lr,1,single_query,0,67,1,0.025593211000,25.593211000000,1,dbc1b4c900ffe48d575b5da5c638040125f65db0fe3e24494b76ea986457d986
static_lr,1,single_query,0,68,1,0.030819388000,30.819388000000,-1,6e340b9cffb37a989ca544e6bb780a2c78901d3fb33738768511a30617afa01d
static_lr,1,single_query,0,69,1,0.029865305000,29.865305000000,1,dbc1b4c900ffe48d575b5da5c638040125f65db0fe3e24494b76ea986457d986
static_lr,1,single_query,0,70,1,0.030384524000,30.384524000000,1,dbc1b4c900ffe48d575b5da5c638040125f65db0fe3e24494b76ea986457d986
static_lr,1,single_query,0,71,1,0.029265129000,29.265129000000,1,dbc1b4c900ffe48d575b5da5c638040125f65db0fe3e24494b76ea986457d986
static_lr,1,single_query,0,72,1,0.027418646000,27.418646000000,-1,6e340b9cffb37a989ca544e6bb780a2c78901d3fb33738768511a30617afa01d
static_lr,1,single_query,0,73,1,0.031562533000,31.562533000000,1,dbc1b4c900ffe48d575b5da5c638040125f65db0fe3e24494b76ea986457d986
static_lr,1,single_query,0,74,1,0.032263701000,32.263701000000,-1,6e340b9cffb37a989ca544e6bb780a2c78901d3fb33738768511a30617afa01d
static_lr,1,single_query,0,75,1,0.030588135000,30.588135000000,-1,6e340b9cffb37a989ca544e6bb780a2c78901d3fb33738768511a30617afa01d
static_lr,1,single_query,0,76,1,0.034010426000,34.010426000000,1,dbc1b4c900ffe48d575b5da5c638040125f65db0fe3e24494b76ea986457d986
static_lr,1,single_query,0,77,1,0.032681649000,32.681649000000,1,dbc1b4c900ffe48d575b5da5c638040125f65db0fe3e24494b76ea986457d986
static_lr,1,single_query,0,78,1,0.016324413000,16.324413000000,-1,6e340b9cffb37a989ca544e6bb780a2c78901d3fb33738768511a30617afa01d
static_lr,1,single_query,0,79,1,0.020035894000,20.035894000000,1,dbc1b4c900ffe48d575b5da5c638040125f65db0fe3e24494b76ea986457d986
static_lr,1,single_query,0,80,1,0.020027906000,20.027906000000,1,dbc1b4c900ffe48d575b5da5c638040125f65db0fe3e24494b76ea986457d986
static_lr,1,single_query,0,81,1,0.018149930000,18.149930000000,1,dbc1b4c900ffe48d575b5da5c638040125f65db0fe3e24494b76ea986457d986
static_lr,1,single_query,0,82,1,0.025580318000,25.580318000000,-1,6e340b9cffb37a989ca544e6bb780a2c78901d3fb33738768511a30617afa01d
static_lr,1,single_query,0,83,1,0.025023024000,25.023024000000,1,dbc1b4c900ffe48d575b5da5c638040125f65db0fe3e24494b76ea986457d986
static_lr,1,single_query,0,84,1,0.027944219000,27.944219000000,-1,6e340b9cffb37a989ca544e6bb780a2c78901d3fb33738768511a30617afa01d
static_lr,1,single_query,0,85,1,0.028769752000,28.769752000000,-1,6e340b9cffb37a989ca544e6bb780a2c78901d3fb33738768511a30617afa01d
static_lr,1,single_query,0,86,1,0.030946729000,30.946729000000,-1,6e340b9cffb37a989ca544e6bb780a2c78901d3fb33738768511a30617afa01d
static_lr,1,single_query,0,87,1,0.028398946000,28.398946000000,-1,6e340b9cffb37a989ca544e6bb780a2c78901d3fb33738768511a30617afa01d
static_lr,1,single_query,0,88,1,0.026115951000,26.115951000000,1,dbc1b4c900ffe48d575b5da5c638040125f65db0fe3e24494b76ea986457d986
static_lr,1,single_query,0,89,1,0.021976122000,21.976122000000,-1,6e340b9cffb37a989ca544e6bb780a2c78901d3fb33738768511a30617afa01d
static_lr,1,single_query,0,90,1,0.027257021000,27.257021000000,1,dbc1b4c900ffe48d575b5da5c638040125f65db0fe3e24494b76ea986457d986
static_lr,1,single_query,0,91,1,0.024253532000,24.253532000000,-1,6e340b9cffb37a989ca544e6bb780a2c78901d3fb33738768511a30617afa01d
static_lr,1,single_query,0,92,1,0.026134887000,26.134887000000,1,dbc1b4c900ffe48d575b5da5c638040125f65db0fe3e24494b76ea986457d986
static_lr,1,single_query,0,93,1,0.027839982000,27.839982000000,1,dbc1b4c900ffe48d575b5da5c638040125f65db0fe3e24494b76ea986457d986
static_lr,1,single_query,0,94,1,0.027572691000,27.572691000000,-1,6e340b9cffb37a989ca544e6bb780a2c78901d3fb33738768511a30617afa01d
static_lr,1,single_query,0,95,1,0.026850823000,26.850823000000,-1,6e340b9cffb37a989ca544e6bb780a2c78901d3fb33738768511a30617afa01d
static_lr,1,single_query,0,96,1,0.026599651000,26.599651000000,-1,6e340b9cffb37a989ca544e6bb780a2c78901d3fb33738768511a30617afa01d
static_lr,1,single_query,0,97,1,0.026045485000,26.045485000000,1,dbc1b4c900ffe48d575b5da5c638040125f65db0fe3e24494b76ea986457d986
static_lr,1,single_query,0,98,1,0.023856528000,23.856528000000,1,dbc1b4c900ffe48d575b5da5c638040125f65db0fe3e24494b76ea986457d986
static_lr,1,single_query,0,99,1,0.027331200000,27.331200000000,-1,6e340b9cffb37a989ca544e6bb780a2c78901d3fb33738768511a30617afa01d
static_lr,1,single_query,0,100,1,0.025653930000,25.653930000000,-1,6e340b9cffb37a989ca544e6bb780a2c78901d3fb33738768511a30617afa01d
static_lr,1,single_query,0,101,1,0.028927375000,28.927375000000,-1,6e340b9cffb37a989ca544e6bb780a2c78901d3fb33738768511a30617afa01d
static_lr,1,single_query,0,102,1,0.025167788000,25.167788000000,1,dbc1b4c900ffe48d575b5da5c638040125f65db0fe3e24494b76ea986457d986
static_lr,1,single_query,0,103,1,0.032269127000,32.269127000000,1,dbc1b4c900ffe48d575b5da5c638040125f65db0fe3e24494b76ea986457d986
static_lr,1,single_query,0,104,1,0.037896196000,37.896196000000,1,dbc1b4c900ffe48d575b5da5c638040125f65db0fe3e24494b76ea986457d986
static_lr,1,single_query,0,105,1,0.030760093000,30.760093000000,-1,6e340b9cffb37a989ca544e6bb780a2c78901d3fb33738768511a30617afa01d
static_lr,1,single_query,0,106,1,0.039009509000,39.009509000000,1,dbc1b4c900ffe48d575b5da5c638040125f65db0fe3e24494b76ea986457d986
static_lr,1,single_query,0,107,1,0.032815092000,32.815092000000,1,dbc1b4c900ffe48d575b5da5c638040125f65db0fe3e24494b76ea986457d986
static_lr,1,single_query,0,108,1,0.028722348000,28.722348000000,1,dbc1b4c900ffe48d575b5da5c638040125f65db0fe3e24494b76ea986457d986
static_lr,1,single_query,0,109,1,0.032594211000,32.594211000000,1,dbc1b4c900ffe48d575b5da5c638040125f65db0fe3e24494b76ea986457d986
static_lr,1,single_query,0,110,1,0.026757949000,26.757949000000,1,dbc1b4c900ffe48d575b5da5c638040125f65db0fe3e24494b76ea986457d986
static_lr,1,single_query,0,111,1,0.027664435000,27.664435000000,1,dbc1b4c900ffe48d575b5da5c638040125f65db0fe3e24494b76ea986457d986
static_lr,1,single_query,0,112,1,0.031082382000,31.082382000000,1,dbc1b4c900ffe48d575b5da5c638040125f65db0fe3e24494b76ea986457d986
static_lr,1,single_query,0,113,1,0.037121306000,37.121306000000,1,dbc1b4c900ffe48d575b5da5c638040125f65db0fe3e24494b76ea986457d986
static_lr,1,single_query,0,114,1,0.035043967000,35.043967000000,1,dbc1b4c900ffe48d575b5da5c638040125f65db0fe3e24494b76ea986457d986
static_lr,1,single_query,0,115,1,0.028308518000,28.308518000000,1,dbc1b4c900ffe48d575b5da5c638040125f65db0fe3e24494b76ea986457d986
static_lr,1,single_query,0,116,1,0.030426219000,30.426219000000,1,dbc1b4c900ffe48d575b5da5c638040125f65db0fe3e24494b76ea986457d986
static_lr,1,single_query,0,117,1,0.035304660000,35.304660000000,-1,6e340b9cffb37a989ca544e6bb780a2c78901d3fb33738768511a30617afa01d
static_lr,1,single_query,0,118,1,0.034794117000,34.794117000000,-1,6e340b9cffb37a989ca544e6bb780a2c78901d3fb33738768511a30617afa01d
static_lr,1,single_query,0,119,1,0.028843335000,28.843335000000,1,dbc1b4c900ffe48d575b5da5c638040125f65db0fe3e24494b76ea986457d986
static_lr,1,single_query,0,120,1,0.014253180000,14.253180000000,1,dbc1b4c900ffe48d575b5da5c638040125f65db0fe3e24494b76ea986457d986
static_lr,1,single_query,0,121,1,0.134733092000,134.733092000000,1,dbc1b4c900ffe48d575b5da5c638040125f65db0fe3e24494b76ea986457d986
static_lr,1,single_query,0,122,1,0.057994334000,57.994334000000,1,dbc1b4c900ffe48d575b5da5c638040125f65db0fe3e24494b76ea986457d986
static_lr,1,single_query,0,123,1,0.071035928000,71.035928000000,1,dbc1b4c900ffe48d575b5da5c638040125f65db0fe3e24494b76ea986457d986
static_lr,1,single_query,0,124,1,0.071939469000,71.939469000000,1,dbc1b4c900ffe48d575b5da5c638040125f65db0fe3e24494b76ea986457d986
static_lr,1,single_query,0,125,1,0.065730547000,65.730547000000,-1,6e340b9cffb37a989ca544e6bb780a2c78901d3fb33738768511a30617afa01d
static_lr,1,single_query,0,126,1,0.072384096000,72.384096000000,1,dbc1b4c900ffe48d575b5da5c638040125f65db0fe3e24494b76ea986457d986
static_lr,1,single_query,0,127,1,0.036146207000,36.146207000000,-1,6e340b9cffb37a989ca544e6bb780a2c78901d3fb33738768511a30617afa01d
static_lr,1,single_query,0,128,1,0.045298050000,45.298050000000,-1,6e340b9cffb37a989ca544e6bb780a2c78901d3fb33738768511a30617afa01d
static_lr,1,single_query,0,129,1,0.045120094000,45.120094000000,1,dbc1b4c900ffe48d575b5da5c638040125f65db0fe3e24494b76ea986457d986
static_lr,1,single_query,0,130,1,0.046662147000,46.662147000000,1,dbc1b4c900ffe48d575b5da5c638040125f65db0fe3e24494b76ea986457d986
static_lr,1,single_query,0,131,1,0.036290154000,36.290154000000,1,dbc1b4c900ffe48d575b5da5c638040125f65db0fe3e24494b76ea986457d986
static_lr,1,single_query,0,132,1,0.063640223000,63.640223000000,1,dbc1b4c900ffe48d575b5da5c638040125f65db0fe3e24494b76ea986457d986
static_lr,1,single_query,0,133,1,0.037476726000,37.476726000000,-1,6e340b9cffb37a989ca544e6bb780a2c78901d3fb33738768511a30617afa01d
static_lr,1,single_query,0,134,1,0.055221941000,55.221941000000,1,dbc1b4c900ffe48d575b5da5c638040125f65db0fe3e24494b76ea986457d986
static_lr,1,single_query,0,135,1,0.056637722000,56.637722000000,1,dbc1b4c900ffe48d575b5da5c638040125f65db0fe3e24494b76ea986457d986
static_lr,1,single_query,0,136,1,0.047782213000,47.782213000000,1,dbc1b4c900ffe48d575b5da5c638040125f65db0fe3e24494b76ea986457d986
static_lr,1,single_query,0,137,1,0.043774601000,43.774601000000,1,dbc1b4c900ffe48d575b5da5c638040125f65db0fe3e24494b76ea986457d986
static_lr,1,single_query,0,138,1,0.043148941000,43.148941000000,1,dbc1b4c900ffe48d575b5da5c638040125f65db0fe3e24494b76ea986457d986
static_lr,1,single_query,0,139,1,0.046229195000,46.229195000000,-1,6e340b9cffb37a989ca544e6bb780a2c78901d3fb33738768511a30617afa01d
static_lr,1,single_query,0,140,1,0.027831560000,27.831560000000,-1,6e340b9cffb37a989ca544e6bb780a2c78901d3fb33738768511a30617afa01d
static_lr,1,single_query,0,141,1,0.040653368000,40.653368000000,1,dbc1b4c900ffe48d575b5da5c638040125f65db0fe3e24494b76ea986457d986
static_lr,1,single_query,0,142,1,0.042392472000,42.392472000000,1,dbc1b4c900ffe48d575b5da5c638040125f65db0fe3e24494b76ea986457d986
static_lr,1,single_query,0,143,1,0.053939270000,53.939270000000,-1,6e340b9cffb37a989ca544e6bb780a2c78901d3fb33738768511a30617afa01d
static_lr,1,single_query,0,144,1,0.054287489000,54.287489000000,-1,6e340b9cffb37a989ca544e6bb780a2c78901d3fb33738768511a30617afa01d
static_lr,1,single_query,0,145,1,0.057239499000,57.239499000000,1,dbc1b4c900ffe48d575b5da5c638040125f65db0fe3e24494b76ea986457d986
static_lr,1,single_query,0,146,1,0.050974684000,50.974684000000,1,dbc1b4c900ffe48d575b5da5c638040125f65db0fe3e24494b76ea986457d986
static_lr,1,single_query,0,147,1,0.076824470000,76.824470000000,1,dbc1b4c900ffe48d575b5da5c638040125f65db0fe3e24494b76ea986457d986
static_lr,1,single_query,0,148,1,0.080352401000,80.352401000000,1,dbc1b4c900ffe48d575b5da5c638040125f65db0fe3e24494b76ea986457d986
static_lr,1,single_query,0,149,1,0.113400354000,113.400354000000,-1,6e340b9cffb37a989ca544e6bb780a2c78901d3fb33738768511a30617afa01d
static_lr,1,single_query,0,150,1,0.118263275000,118.263275000000,1,dbc1b4c900ffe48d575b5da5c638040125f65db0fe3e24494b76ea986457d986
static_lr,1,single_query,0,151,1,0.108629495000,108.629495000000,1,dbc1b4c900ffe48d575b5da5c638040125f65db0fe3e24494b76ea986457d986
static_lr,1,single_query,0,152,1,0.104576092000,104.576092000000,1,dbc1b4c900ffe48d575b5da5c638040125f65db0fe3e24494b76ea986457d986
static_lr,1,single_query,0,153,1,0.105263455000,105.263455000000,-1,6e340b9cffb37a989ca544e6bb780a2c78901d3fb33738768511a30617afa01d
static_lr,1,single_query,0,154,1,0.105910562000,105.910562000000,1,dbc1b4c900ffe48d575b5da5c638040125f65db0fe3e24494b76ea986457d986
static_lr,1,single_query,0,155,1,0.096217146000,96.217146000000,1,dbc1b4c900ffe48d575b5da5c638040125f65db0fe3e24494b76ea986457d986
static_lr,1,single_query,0,156,1,0.098326497000,98.326497000000,1,dbc1b4c900ffe48d575b5da5c638040125f65db0fe3e24494b76ea986457d986
static_lr,1,single_query,0,157,1,0.120281930000,120.281930000000,-1,6e340b9cffb37a989ca544e6bb780a2c78901d3fb33738768511a30617afa01d
static_lr,1,single_query,0,158,1,0.125515706000,125.515706000000,1,dbc1b4c900ffe48d575b5da5c638040125f65db0fe3e24494b76ea986457d986
static_lr,1,single_query,0,159,1,0.109783838000,109.783838000000,-1,6e340b9cffb37a989ca544e6bb780a2c78901d3fb33738768511a30617afa01d
static_lr,1,single_query,0,160,1,0.122452386000,122.452386000000,-1,6e340b9cffb37a989ca544e6bb780a2c78901d3fb33738768511a30617afa01d
static_lr,1,single_query,0,161,1,0.032480767000,32.480767000000,1,dbc1b4c900ffe48d575b5da5c638040125f65db0fe3e24494b76ea986457d986
static_lr,1,single_query,0,162,1,0.040377727000,40.377727000000,1,dbc1b4c900ffe48d575b5da5c638040125f65db0fe3e24494b76ea986457d986
static_lr,1,single_query,0,163,1,0.071251574000,71.251574000000,1,dbc1b4c900ffe48d575b5da5c638040125f65db0fe3e24494b76ea986457d986
static_lr,1,single_query,0,164,1,0.046053720000,46.053720000000,1,dbc1b4c900ffe48d575b5da5c638040125f65db0fe3e24494b76ea986457d986
static_lr,1,single_query,0,165,1,0.084808289000,84.808289000000,-1,6e340b9cffb37a989ca544e6bb780a2c78901d3fb33738768511a30617afa01d
static_lr,1,single_query,0,166,1,0.086916673000,86.916673000000,1,dbc1b4c900ffe48d575b5da5c638040125f65db0fe3e24494b76ea986457d986
static_lr,1,single_query,0,167,1,0.095076341000,95.076341000000,-1,6e340b9cffb37a989ca544e6bb780a2c78901d3fb33738768511a30617afa01d
static_lr,1,single_query,0,168,1,0.075273598000,75.273598000000,-1,6e340b9cffb37a989ca544e6bb780a2c78901d3fb33738768511a30617afa01d
static_lr,1,single_query,0,169,1,0.073478839000,73.478839000000,1,dbc1b4c900ffe48d575b5da5c638040125f65db0fe3e24494b76ea986457d986
static_lr,1,single_query,0,170,1,0.035022099000,35.022099000000,-1,6e340b9cffb37a989ca544e6bb780a2c78901d3fb33738768511a30617afa01d
static_lr,1,single_query,0,171,1,0.037919875000,37.919875000000,-1,6e340b9cffb37a989ca544e6bb780a2c78901d3fb33738768511a30617afa01d
static_lr,1,single_query,0,172,1,0.036285160000,36.285160000000,-1,6e340b9cffb37a989ca544e6bb780a2c78901d3fb33738768511a30617afa01d
static_lr,1,single_query,0,173,1,0.030649549000,30.649549000000,1,dbc1b4c900ffe48d575b5da5c638040125f65db0fe3e24494b76ea986457d986
static_lr,1,single_query,0,174,1,0.042164720000,42.164720000000,-1,6e340b9cffb37a989ca544e6bb780a2c78901d3fb33738768511a30617afa01d
static_lr,1,single_query,0,175,1,0.140701750000,140.701750000000,-1,6e340b9cffb37a989ca544e6bb780a2c78901d3fb33738768511a30617afa01d
static_lr,1,single_query,0,176,1,0.147025613000,147.025613000000,-1,6e340b9cffb37a989ca544e6bb780a2c78901d3fb33738768511a30617afa01d
static_lr,1,single_query,0,177,1,0.158821356000,158.821356000000,-1,6e340b9cffb37a989ca544e6bb780a2c78901d3fb33738768511a30617afa01d
static_lr,1,single_query,0,178,1,0.147371418000,147.371418000000,-1,6e340b9cffb37a989ca544e6bb780a2c78901d3fb33738768511a30617afa01d
static_lr,1,single_query,0,179,1,0.023710677000,23.710677000000,1,dbc1b4c900ffe48d575b5da5c638040125f65db0fe3e24494b76ea986457d986
static_lr,1,single_query,0,180,1,0.019523894000,19.523894000000,-1,6e340b9cffb37a989ca544e6bb780a2c78901d3fb33738768511a30617afa01d
static_lr,1,single_query,0,181,1,0.031462610000,31.462610000000,-1,6e340b9cffb37a989ca544e6bb780a2c78901d3fb33738768511a30617afa01d
static_lr,1,single_query,0,182,1,0.028378292000,28.378292000000,1,dbc1b4c900ffe48d575b5da5c638040125f65db0fe3e24494b76ea986457d986
static_lr,1,single_query,0,183,1,0.027214240000,27.214240000000,-1,6e340b9cffb37a989ca544e6bb780a2c78901d3fb33738768511a30617afa01d
static_lr,1,single_query,0,184,1,0.039188640000,39.188640000000,-1,6e340b9cffb37a989ca544e6bb780a2c78901d3fb33738768511a30617afa01d
static_lr,1,single_query,0,185,1,0.037573729000,37.573729000000,-1,6e340b9cffb37a989ca544e6bb780a2c78901d3fb33738768511a30617afa01d
static_lr,1,single_query,0,186,1,0.037228627000,37.228627000000,1,dbc1b4c900ffe48d575b5da5c638040125f65db0fe3e24494b76ea986457d986
static_lr,1,single_query,0,187,1,0.036037661000,36.037661000000,-1,6e340b9cffb37a989ca544e6bb780a2c78901d3fb33738768511a30617afa01d
static_lr,1,single_query,0,188,1,0.050634530000,50.634530000000,1,dbc1b4c900ffe48d575b5da5c638040125f65db0fe3e24494b76ea986457d986
static_lr,1,single_query,0,189,1,0.047400338000,47.400338000000,1,dbc1b4c900ffe48d575b5da5c638040125f65db0fe3e24494b76ea986457d986
static_lr,1,single_query,0,190,1,0.041793844000,41.793844000000,-1,6e340b9cffb37a989ca544e6bb780a2c78901d3fb33738768511a30617afa01d
static_lr,1,single_query,0,191,1,0.041428328000,41.428328000000,-1,6e340b9cffb37a989ca544e6bb780a2c78901d3fb33738768511a30617afa01d
static_lr,1,single_query,0,192,1,0.054156078000,54.156078000000,-1,6e340b9cffb37a989ca544e6bb780a2c78901d3fb33738768511a30617afa01d
static_lr,1,single_query,0,193,1,0.056662604000,56.662604000000,1,dbc1b4c900ffe48d575b5da5c638040125f65db0fe3e24494b76ea986457d986
static_lr,1,single_query,0,194,1,0.060723691000,60.723691000000,-1,6e340b9cffb37a989ca544e6bb780a2c78901d3fb33738768511a30617afa01d
static_lr,1,single_query,0,195,1,0.063890111000,63.890111000000,-1,6e340b9cffb37a989ca544e6bb780a2c78901d3fb33738768511a30617afa01d
static_lr,1,single_query,0,196,1,0.058494221000,58.494221000000,1,dbc1b4c900ffe48d575b5da5c638040125f65db0fe3e24494b76ea986457d986
static_lr,1,single_query,0,197,1,0.068532594000,68.532594000000,-1,6e340b9cffb37a989ca544e6bb780a2c78901d3fb33738768511a30617afa01d
static_lr,1,single_query,0,198,1,0.078307195000,78.307195000000,1,dbc1b4c900ffe48d575b5da5c638040125f65db0fe3e24494b76ea986457d986
static_lr,1,single_query,0,199,1,0.064020124000,64.020124000000,1,dbc1b4c900ffe48d575b5da5c638040125f65db0fe3e24494b76ea986457d986
static_lr,1,single_query,0,200,1,0.068983614000,68.983614000000,1,dbc1b4c900ffe48d575b5da5c638040125f65db0fe3e24494b76ea986457d986
static_lr,1,single_query,0,201,1,0.061519181000,61.519181000000,1,dbc1b4c900ffe48d575b5da5c638040125f65db0fe3e24494b76ea986457d986
static_lr,1,single_query,0,202,1,0.068200731000,68.200731000000,-1,6e340b9cffb37a989ca544e6bb780a2c78901d3fb33738768511a30617afa01d
static_lr,1,single_query,0,203,1,0.071168985000,71.168985000000,-1,6e340b9cffb37a989ca544e6bb780a2c78901d3fb33738768511a30617afa01d
static_lr,1,single_query,0,204,1,0.063863353000,63.863353000000,-1,6e340b9cffb37a989ca544e6bb780a2c78901d3fb33738768511a30617afa01d
static_lr,1,single_query,0,205,1,0.058763809000,58.763809000000,-1,6e340b9cffb37a989ca544e6bb780a2c78901d3fb33738768511a30617afa01d
static_lr,1,single_query,0,206,1,0.077834307000,77.834307000000,-1,6e340b9cffb37a989ca544e6bb780a2c78901d3fb33738768511a30617afa01d
static_lr,1,single_query,0,207,1,0.076516965000,76.516965000000,1,dbc1b4c900ffe48d575b5da5c638040125f65db0fe3e24494b76ea986457d986
static_lr,1,single_query,0,208,1,0.051714520000,51.714520000000,1,dbc1b4c900ffe48d575b5da5c638040125f65db0fe3e24494b76ea986457d986
static_lr,1,single_query,0,209,1,0.046992183000,46.992183000000,1,dbc1b4c900ffe48d575b5da5c638040125f65db0fe3e24494b76ea986457d986
static_lr,1,single_query,0,210,1,0.049523980000,49.523980000000,1,dbc1b4c900ffe48d575b5da5c638040125f65db0fe3e24494b76ea986457d986
static_lr,1,single_query,0,211,1,0.084057900000,84.057900000000,1,dbc1b4c900ffe48d575b5da5c638040125f65db0fe3e24494b76ea986457d986
static_lr,1,single_query,0,212,1,0.103215049000,103.215049000000,-1,6e340b9cffb37a989ca544e6bb780a2c78901d3fb33738768511a30617afa01d
static_lr,1,single_query,0,213,1,0.037778429000,37.778429000000,1,dbc1b4c900ffe48d575b5da5c638040125f65db0fe3e24494b76ea986457d986
static_lr,1,single_query,0,214,1,0.052074099000,52.074099000000,-1,6e340b9cffb37a989ca544e6bb780a2c78901d3fb33738768511a30617afa01d
static_lr,1,single_query,0,215,1,0.034547992000,34.547992000000,1,dbc1b4c900ffe48d575b5da5c638040125f65db0fe3e24494b76ea986457d986
static_lr,1,single_query,0,216,1,0.047393887000,47.393887000000,-1,6e340b9cffb37a989ca544e6bb780a2c78901d3fb33738768511a30617afa01d
static_lr,1,single_query,0,217,1,0.045816555000,45.816555000000,1,dbc1b4c900ffe48d575b5da5c638040125f65db0fe3e24494b76ea986457d986
static_lr,1,single_query,0,218,1,0.048604373000,48.604373000000,-1,6e340b9cffb37a989ca544e6bb780a2c78901d3fb33738768511a30617afa01d
static_lr,1,single_query,0,219,1,0.041019706000,41.019706000000,-1,6e340b9cffb37a989ca544e6bb780a2c78901d3fb33738768511a30617afa01d
static_lr,1,single_query,0,220,1,0.044160564000,44.160564000000,-1,6e340b9cffb37a989ca544e6bb780a2c78901d3fb33738768511a30617afa01d
static_lr,1,single_query,0,221,1,0.068674101000,68.674101000000,-1,6e340b9cffb37a989ca544e6bb780a2c78901d3fb33738768511a30617afa01d
static_lr,1,single_query,0,222,1,0.060150411000,60.150411000000,1,dbc1b4c900ffe48d575b5da5c638040125f65db0fe3e24494b76ea986457d986
static_lr,1,single_query,0,223,1,0.064016981000,64.016981000000,-1,6e340b9cffb37a989ca544e6bb780a2c78901d3fb33738768511a30617afa01d
static_lr,1,single_query,0,224,1,0.066410491000,66.410491000000,-1,6e340b9cffb37a989ca544e6bb780a2c78901d3fb33738768511a30617afa01d
static_lr,1,single_query,0,225,1,0.068502513000,68.502513000000,1,dbc1b4c900ffe48d575b5da5c638040125f65db0fe3e24494b76ea986457d986
static_lr,1,single_query,0,226,1,0.070834866000,70.834866000000,1,dbc1b4c900ffe48d575b5da5c638040125f65db0fe3e24494b76ea986457d986
static_lr,1,single_query,0,227,1,0.059109792000,59.109792000000,-1,6e340b9cffb37a989ca544e6bb780a2c78901d3fb33738768511a30617afa01d
static_lr,1,single_query,0,228,1,0.071472785000,71.472785000000,-1,6e340b9cffb37a989ca544e6bb780a2c78901d3fb33738768511a30617afa01d
static_lr,1,single_query,0,229,1,0.072031867000,72.031867000000,1,dbc1b4c900ffe48d575b5da5c638040125f65db0fe3e24494b76ea986457d986
static_lr,1,single_query,0,230,1,0.066249762000,66.249762000000,-1,6e340b9cffb37a989ca544e6bb780a2c78901d3fb33738768511a30617afa01d
static_lr,1,single_query,0,231,1,0.063076745000,63.076745000000,-1,6e340b9cffb37a989ca544e6bb780a2c78901d3fb33738768511a30617afa01d
static_lr,1,single_query,0,232,1,0.074677931000,74.677931000000,1,dbc1b4c900ffe48d575b5da5c638040125f65db0fe3e24494b76ea986457d986
static_lr,1,single_query,0,233,1,0.072101487000,72.101487000000,-1,6e340b9cffb37a989ca544e6bb780a2c78901d3fb33738768511a30617afa01d
static_lr,1,single_query,0,234,1,0.055751095000,55.751095000000,-1,6e340b9cffb37a989ca544e6bb780a2c78901d3fb33738768511a30617afa01d
static_lr,1,single_query,0,235,1,0.057952361000,57.952361000000,1,dbc1b4c900ffe48d575b5da5c638040125f65db0fe3e24494b76ea986457d986
static_lr,1,single_query,0,236,1,0.055134735000,55.134735000000,1,dbc1b4c900ffe48d575b5da5c638040125f65db0fe3e24494b76ea986457d986
static_lr,1,single_query,0,237,1,0.050417133000,50.417133000000,-1,6e340b9cffb37a989ca544e6bb780a2c78901d3fb33738768511a30617afa01d
static_lr,1,single_query,0,238,1,0.043923160000,43.923160000000,-1,6e340b9cffb37a989ca544e6bb780a2c78901d3fb33738768511a30617afa01d
static_lr,1,single_query,0,239,1,0.066624661000,66.624661000000,-1,6e340b9cffb37a989ca544e6bb780a2c78901d3fb33738768511a30617afa01d
static_lr,1,single_query,0,240,1,0.067835285000,67.835285000000,-1,6e340b9cffb37a989ca544e6bb780a2c78901d3fb33738768511a30617afa01d
static_lr,1,single_query,0,241,1,0.070085852000,70.085852000000,1,dbc1b4c900ffe48d575b5da5c638040125f65db0fe3e24494b76ea986457d986
static_lr,1,single_query,0,242,1,0.043998219000,43.998219000000,-1,6e340b9cffb37a989ca544e6bb780a2c78901d3fb33738768511a30617afa01d
static_lr,1,single_query,0,243,1,0.053542542000,53.542542000000,-1,6e340b9cffb37a989ca544e6bb780a2c78901d3fb33738768511a30617afa01d
static_lr,1,single_query,0,244,1,0.052361368000,52.361368000000,-1,6e340b9cffb37a989ca544e6bb780a2c78901d3fb33738768511a30617afa01d
static_lr,1,single_query,0,245,1,0.085288384000,85.288384000000,-1,6e340b9cffb37a989ca544e6bb780a2c78901d3fb33738768511a30617afa01d
static_lr,1,single_query,0,246,1,0.229169842000,229.169842000000,-1,6e340b9cffb37a989ca544e6bb780a2c78901d3fb33738768511a30617afa01d
static_lr,1,single_query,0,247,1,0.068246347000,68.246347000000,1,dbc1b4c900ffe48d575b5da5c638040125f65db0fe3e24494b76ea986457d986
static_lr,1,single_query,0,248,1,0.071180361000,71.180361000000,-1,6e340b9cffb37a989ca544e6bb780a2c78901d3fb33738768511a30617afa01d
static_lr,1,single_query,0,249,1,0.060129880000,60.129880000000,-1,6e340b9cffb37a989ca544e6bb780a2c78901d3fb33738768511a30617afa01d
static_lr,1,single_query,0,250,1,0.071010052000,71.010052000000,-1,6e340b9cffb37a989ca544e6bb780a2c78901d3fb33738768511a30617afa01d
static_lr,1,single_query,0,251,1,0.050318779000,50.318779000000,1,dbc1b4c900ffe48d575b5da5c638040125f65db0fe3e24494b76ea986457d986
static_lr,1,single_query,0,252,1,0.041580955000,41.580955000000,1,dbc1b4c900ffe48d575b5da5c638040125f65db0fe3e24494b76ea986457d986
static_lr,1,single_query,0,253,1,0.059404413000,59.404413000000,-1,6e340b9cffb37a989ca544e6bb780a2c78901d3fb33738768511a30617afa01d
static_lr,1,single_query,0,254,1,0.047821583000,47.821583000000,1,dbc1b4c900ffe48d575b5da5c638040125f65db0fe3e24494b76ea986457d986
static_lr,1,single_query,0,255,1,0.044759376000,44.759376000000,1,dbc1b4c900ffe48d575b5da5c638040125f65db0fe3e24494b76ea986457d986
static_lr,2,init,0,,4263,153.225869378000,,,
static_lr,2,single_query,0,0,1,0.060574176000,60.574176000000,-1,6e340b9cffb37a989ca544e6bb780a2c78901d3fb33738768511a30617afa01d
static_lr,2,single_query,0,1,1,0.030406476000,30.406476000000,-1,6e340b9cffb37a989ca544e6bb780a2c78901d3fb33738768511a30617afa01d
static_lr,2,single_query,0,2,1,0.020384515000,20.384515000000,1,dbc1b4c900ffe48d575b5da5c638040125f65db0fe3e24494b76ea986457d986
static_lr,2,single_query,0,3,1,0.030765150000,30.765150000000,-1,6e340b9cffb37a989ca544e6bb780a2c78901d3fb33738768511a30617afa01d
static_lr,2,single_query,0,4,1,0.047474022000,47.474022000000,1,dbc1b4c900ffe48d575b5da5c638040125f65db0fe3e24494b76ea986457d986
static_lr,2,single_query,0,5,1,0.071798161000,71.798161000000,-1,6e340b9cffb37a989ca544e6bb780a2c78901d3fb33738768511a30617afa01d
static_lr,2,single_query,0,6,1,0.055984493000,55.984493000000,1,dbc1b4c900ffe48d575b5da5c638040125f65db0fe3e24494b76ea986457d986
static_lr,2,single_query,0,7,1,0.034225015000,34.225015000000,-1,6e340b9cffb37a989ca544e6bb780a2c78901d3fb33738768511a30617afa01d
static_lr,2,single_query,0,8,1,0.031069197000,31.069197000000,-1,6e340b9cffb37a989ca544e6bb780a2c78901d3fb33738768511a30617afa01d
static_lr,2,single_query,0,9,1,0.056288373000,56.288373000000,1,dbc1b4c900ffe48d575b5da5c638040125f65db0fe3e24494b76ea986457d986
static_lr,2,single_query,0,10,1,0.098324602000,98.324602000000,1,dbc1b4c900ffe48d575b5da5c638040125f65db0fe3e24494b76ea986457d986
static_lr,2,single_query,0,11,1,0.080635805000,80.635805000000,1,dbc1b4c900ffe48d575b5da5c638040125f65db0fe3e24494b76ea986457d986
static_lr,2,single_query,0,12,1,0.087802380000,87.802380000000,1,dbc1b4c900ffe48d575b5da5c638040125f65db0fe3e24494b76ea986457d986
static_lr,2,single_query,0,13,1,0.030471378000,30.471378000000,1,dbc1b4c900ffe48d575b5da5c638040125f65db0fe3e24494b76ea986457d986
static_lr,2,single_query,0,14,1,0.030776201000,30.776201000000,-1,6e340b9cffb37a989ca544e6bb780a2c78901d3fb33738768511a30617afa01d
static_lr,2,single_query,0,15,1,0.041521542000,41.521542000000,-1,6e340b9cffb37a989ca544e6bb780a2c78901d3fb33738768511a30617afa01d
static_lr,2,single_query,0,16,1,0.042623583000,42.623583000000,-1,6e340b9cffb37a989ca544e6bb780a2c78901d3fb33738768511a30617afa01d
static_lr,2,single_query,0,17,1,0.029774432000,29.774432000000,1,dbc1b4c900ffe48d575b5da5c638040125f65db0fe3e24494b76ea986457d986
static_lr,2,single_query,0,18,1,0.039018892000,39.018892000000,1,dbc1b4c900ffe48d575b5da5c638040125f65db0fe3e24494b76ea986457d986
static_lr,2,single_query,0,19,1,0.019082429000,19.082429000000,-1,6e340b9cffb37a989ca544e6bb780a2c78901d3fb33738768511a30617afa01d
static_lr,2,single_query,0,20,1,0.023890418000,23.890418000000,1,dbc1b4c900ffe48d575b5da5c638040125f65db0fe3e24494b76ea986457d986
static_lr,2,single_query,0,21,1,0.027456223000,27.456223000000,1,dbc1b4c900ffe48d575b5da5c638040125f65db0fe3e24494b76ea986457d986
static_lr,2,single_query,0,22,1,0.028710670000,28.710670000000,1,dbc1b4c900ffe48d575b5da5c638040125f65db0fe3e24494b76ea986457d986
static_lr,2,single_query,0,23,1,0.029253428000,29.253428000000,1,dbc1b4c900ffe48d575b5da5c638040125f65db0fe3e24494b76ea986457d986
static_lr,2,single_query,0,24,1,0.038586924000,38.586924000000,-1,6e340b9cffb37a989ca544e6bb780a2c78901d3fb33738768511a30617afa01d
static_lr,2,single_query,0,25,1,0.036461316000,36.461316000000,1,dbc1b4c900ffe48d575b5da5c638040125f65db0fe3e24494b76ea986457d986
static_lr,2,single_query,0,26,1,0.039812321000,39.812321000000,1,dbc1b4c900ffe48d575b5da5c638040125f65db0fe3e24494b76ea986457d986
static_lr,2,single_query,0,27,1,0.035656278000,35.656278000000,1,dbc1b4c900ffe48d575b5da5c638040125f65db0fe3e24494b76ea986457d986
static_lr,2,single_query,0,28,1,0.033895726000,33.895726000000,-1,6e340b9cffb37a989ca544e6bb780a2c78901d3fb33738768511a30617afa01d
static_lr,2,single_query,0,29,1,0.029079640000,29.079640000000,-1,6e340b9cffb37a989ca544e6bb780a2c78901d3fb33738768511a30617afa01d
static_lr,2,single_query,0,30,1,0.026290392000,26.290392000000,1,dbc1b4c900ffe48d575b5da5c638040125f65db0fe3e24494b76ea986457d986
static_lr,2,single_query,0,31,1,0.029406900000,29.406900000000,1,dbc1b4c900ffe48d575b5da5c638040125f65db0fe3e24494b76ea986457d986
static_lr,2,single_query,0,32,1,0.045319430000,45.319430000000,1,dbc1b4c900ffe48d575b5da5c638040125f65db0fe3e24494b76ea986457d986
static_lr,2,single_query,0,33,1,0.046640385000,46.640385000000,-1,6e340b9cffb37a989ca544e6bb780a2c78901d3fb33738768511a30617afa01d
static_lr,2,single_query,0,34,1,0.064872157000,64.872157000000,-1,6e340b9cffb37a989ca544e6bb780a2c78901d3fb33738768511a30617afa01d
static_lr,2,single_query,0,35,1,0.072217358000,72.217358000000,-1,6e340b9cffb37a989ca544e6bb780a2c78901d3fb33738768511a30617afa01d
static_lr,2,single_query,0,36,1,0.075779031000,75.779031000000,1,dbc1b4c900ffe48d575b5da5c638040125f65db0fe3e24494b76ea986457d986
static_lr,2,single_query,0,37,1,0.038462225000,38.462225000000,-1,6e340b9cffb37a989ca544e6bb780a2c78901d3fb33738768511a30617afa01d
static_lr,2,single_query,0,38,1,0.037147140000,37.147140000000,1,dbc1b4c900ffe48d575b5da5c638040125f65db0fe3e24494b76ea986457d986
static_lr,2,single_query,0,39,1,0.025503059000,25.503059000000,-1,6e340b9cffb37a989ca544e6bb780a2c78901d3fb33738768511a30617afa01d
static_lr,2,single_query,0,40,1,0.023826227000,23.826227000000,-1,6e340b9cffb37a989ca544e6bb780a2c78901d3fb33738768511a30617afa01d
static_lr,2,single_query,0,41,1,0.025353548000,25.353548000000,1,dbc1b4c900ffe48d575b5da5c638040125f65db0fe3e24494b76ea986457d986
static_lr,2,single_query,0,42,1,0.024903400000,24.903400000000,-1,6e340b9cffb37a989ca544e6bb780a2c78901d3fb33738768511a30617afa01d
static_lr,2,single_query,0,43,1,0.021908290000,21.908290000000,-1,6e340b9cffb37a989ca544e6bb780a2c78901d3fb33738768511a30617afa01d
static_lr,2,single_query,0,44,1,0.024117931000,24.117931000000,1,dbc1b4c900ffe48d575b5da5c638040125f65db0fe3e24494b76ea986457d986
static_lr,2,single_query,0,45,1,0.025231865000,25.231865000000,-1,6e340b9cffb37a989ca544e6bb780a2c78901d3fb33738768511a30617afa01d
static_lr,2,single_query,0,46,1,0.021987865000,21.987865000000,-1,6e340b9cffb37a989ca544e6bb780a2c78901d3fb33738768511a30617afa01d
static_lr,2,single_query,0,47,1,0.027079373000,27.079373000000,1,dbc1b4c900ffe48d575b5da5c638040125f65db0fe3e24494b76ea986457d986
static_lr,2,single_query,0,48,1,0.024455398000,24.455398000000,1,dbc1b4c900ffe48d575b5da5c638040125f65db0fe3e24494b76ea986457d986
static_lr,2,single_query,0,49,1,0.033393336000,33.393336000000,1,dbc1b4c900ffe48d575b5da5c638040125f65db0fe3e24494b76ea986457d986
static_lr,2,single_query,0,50,1,0.026423190000,26.423190000000,-1,6e340b9cffb37a989ca544e6bb780a2c78901d3fb33738768511a30617afa01d
static_lr,2,single_query,0,51,1,0.030852640000,30.852640000000,-1,6e340b9cffb37a989ca544e6bb780a2c78901d3fb33738768511a30617afa01d
static_lr,2,single_query,0,52,1,0.024396528000,24.396528000000,1,dbc1b4c900ffe48d575b5da5c638040125f65db0fe3e24494b76ea986457d986
static_lr,2,single_query,0,53,1,0.024477771000,24.477771000000,1,dbc1b4c900ffe48d575b5da5c638040125f65db0fe3e24494b76ea986457d986
static_lr,2,single_query,0,54,1,0.027779341000,27.779341000000,-1,6e340b9cffb37a989ca544e6bb780a2c78901d3fb33738768511a30617afa01d
static_lr,2,single_query,0,55,1,0.024881996000,24.881996000000,1,dbc1b4c900ffe48d575b5da5c638040125f65db0fe3e24494b76ea986457d986
static_lr,2,single_query,0,56,1,0.026206222000,26.206222000000,-1,6e340b9cffb37a989ca544e6bb780a2c78901d3fb33738768511a30617afa01d
static_lr,2,single_query,0,57,1,0.026861381000,26.861381000000,1,dbc1b4c900ffe48d575b5da5c638040125f65db0fe3e24494b76ea986457d986
static_lr,2,single_query,0,58,1,0.026013250000,26.013250000000,-1,6e340b9cffb37a989ca544e6bb780a2c78901d3fb33738768511a30617afa01d
static_lr,2,single_query,0,59,1,0.030982771000,30.982771000000,-1,6e340b9cffb37a989ca544e6bb780a2c78901d3fb33738768511a30617afa01d
static_lr,2,single_query,0,60,1,0.029240619000,29.240619000000,1,dbc1b4c900ffe48d575b5da5c638040125f65db0fe3e24494b76ea986457d986
static_lr,2,single_query,0,61,1,0.022676477000,22.676477000000,-1,6e340b9cffb37a989ca544e6bb780a2c78901d3fb33738768511a30617afa01d
static_lr,2,single_query,0,62,1,0.020841936000,20.841936000000,-1,6e340b9cffb37a989ca544e6bb780a2c78901d3fb33738768511a30617afa01d
static_lr,2,single_query,0,63,1,0.025278563000,25.278563000000,-1,6e340b9cffb37a989ca544e6bb780a2c78901d3fb33738768511a30617afa01d
static_lr,2,single_query,0,64,1,0.024024152000,24.024152000000,1,dbc1b4c900ffe48d575b5da5c638040125f65db0fe3e24494b76ea986457d986
static_lr,2,single_query,0,65,1,0.028378347000,28.378347000000,-1,6e340b9cffb37a989ca544e6bb780a2c78901d3fb33738768511a30617afa01d
static_lr,2,single_query,0,66,1,0.027516126000,27.516126000000,1,dbc1b4c900ffe48d575b5da5c638040125f65db0fe3e24494b76ea986457d986
static_lr,2,single_query,0,67,1,0.025610402000,25.610402000000,1,dbc1b4c900ffe48d575b5da5c638040125f65db0fe3e24494b76ea986457d986
static_lr,2,single_query,0,68,1,0.031098843000,31.098843000000,-1,6e340b9cffb37a989ca544e6bb780a2c78901d3fb33738768511a30617afa01d
static_lr,2,single_query,0,69,1,0.029972386000,29.972386000000,1,dbc1b4c900ffe48d575b5da5c638040125f65db0fe3e24494b76ea986457d986
static_lr,2,single_query,0,70,1,0.030942322000,30.942322000000,1,dbc1b4c900ffe48d575b5da5c638040125f65db0fe3e24494b76ea986457d986
static_lr,2,single_query,0,71,1,0.029014078000,29.014078000000,1,dbc1b4c900ffe48d575b5da5c638040125f65db0fe3e24494b76ea986457d986
static_lr,2,single_query,0,72,1,0.027570708000,27.570708000000,-1,6e340b9cffb37a989ca544e6bb780a2c78901d3fb33738768511a30617afa01d
static_lr,2,single_query,0,73,1,0.031637152000,31.637152000000,1,dbc1b4c900ffe48d575b5da5c638040125f65db0fe3e24494b76ea986457d986
static_lr,2,single_query,0,74,1,0.031671205000,31.671205000000,-1,6e340b9cffb37a989ca544e6bb780a2c78901d3fb33738768511a30617afa01d
static_lr,2,single_query,0,75,1,0.030593696000,30.593696000000,-1,6e340b9cffb37a989ca544e6bb780a2c78901d3fb33738768511a30617afa01d
static_lr,2,single_query,0,76,1,0.033995166000,33.995166000000,1,dbc1b4c900ffe48d575b5da5c638040125f65db0fe3e24494b76ea986457d986
static_lr,2,single_query,0,77,1,0.030018607000,30.018607000000,1,dbc1b4c900ffe48d575b5da5c638040125f65db0fe3e24494b76ea986457d986
static_lr,2,single_query,0,78,1,0.016294468000,16.294468000000,-1,6e340b9cffb37a989ca544e6bb780a2c78901d3fb33738768511a30617afa01d
static_lr,2,single_query,0,79,1,0.020083547000,20.083547000000,1,dbc1b4c900ffe48d575b5da5c638040125f65db0fe3e24494b76ea986457d986
static_lr,2,single_query,0,80,1,0.020082501000,20.082501000000,1,dbc1b4c900ffe48d575b5da5c638040125f65db0fe3e24494b76ea986457d986
static_lr,2,single_query,0,81,1,0.018152202000,18.152202000000,1,dbc1b4c900ffe48d575b5da5c638040125f65db0fe3e24494b76ea986457d986
static_lr,2,single_query,0,82,1,0.025566315000,25.566315000000,-1,6e340b9cffb37a989ca544e6bb780a2c78901d3fb33738768511a30617afa01d
static_lr,2,single_query,0,83,1,0.025078192000,25.078192000000,1,dbc1b4c900ffe48d575b5da5c638040125f65db0fe3e24494b76ea986457d986
static_lr,2,single_query,0,84,1,0.027035506000,27.035506000000,-1,6e340b9cffb37a989ca544e6bb780a2c78901d3fb33738768511a30617afa01d
static_lr,2,single_query,0,85,1,0.028747419000,28.747419000000,-1,6e340b9cffb37a989ca544e6bb780a2c78901d3fb33738768511a30617afa01d
static_lr,2,single_query,0,86,1,0.030855026000,30.855026000000,-1,6e340b9cffb37a989ca544e6bb780a2c78901d3fb33738768511a30617afa01d
static_lr,2,single_query,0,87,1,0.027090746000,27.090746000000,-1,6e340b9cffb37a989ca544e6bb780a2c78901d3fb33738768511a30617afa01d
static_lr,2,single_query,0,88,1,0.025423804000,25.423804000000,1,dbc1b4c900ffe48d575b5da5c638040125f65db0fe3e24494b76ea986457d986
static_lr,2,single_query,0,89,1,0.022039982000,22.039982000000,-1,6e340b9cffb37a989ca544e6bb780a2c78901d3fb33738768511a30617afa01d
static_lr,2,single_query,0,90,1,0.027276624000,27.276624000000,1,dbc1b4c900ffe48d575b5da5c638040125f65db0fe3e24494b76ea986457d986
static_lr,2,single_query,0,91,1,0.024431605000,24.431605000000,-1,6e340b9cffb37a989ca544e6bb780a2c78901d3fb33738768511a30617afa01d
static_lr,2,single_query,0,92,1,0.026164106000,26.164106000000,1,dbc1b4c900ffe48d575b5da5c638040125f65db0fe3e24494b76ea986457d986
static_lr,2,single_query,0,93,1,0.027945707000,27.945707000000,1,dbc1b4c900ffe48d575b5da5c638040125f65db0fe3e24494b76ea986457d986
static_lr,2,single_query,0,94,1,0.027497143000,27.497143000000,-1,6e340b9cffb37a989ca544e6bb780a2c78901d3fb33738768511a30617afa01d
static_lr,2,single_query,0,95,1,0.026906228000,26.906228000000,-1,6e340b9cffb37a989ca544e6bb780a2c78901d3fb33738768511a30617afa01d
static_lr,2,single_query,0,96,1,0.027130195000,27.130195000000,-1,6e340b9cffb37a989ca544e6bb780a2c78901d3fb33738768511a30617afa01d
static_lr,2,single_query,0,97,1,0.026019647000,26.019647000000,1,dbc1b4c900ffe48d575b5da5c638040125f65db0fe3e24494b76ea986457d986
static_lr,2,single_query,0,98,1,0.023845018000,23.845018000000,1,dbc1b4c900ffe48d575b5da5c638040125f65db0fe3e24494b76ea986457d986
static_lr,2,single_query,0,99,1,0.027437223000,27.437223000000,-1,6e340b9cffb37a989ca544e6bb780a2c78901d3fb33738768511a30617afa01d
static_lr,2,single_query,0,100,1,0.025704548000,25.704548000000,-1,6e340b9cffb37a989ca544e6bb780a2c78901d3fb33738768511a30617afa01d
static_lr,2,single_query,0,101,1,0.029374983000,29.374983000000,-1,6e340b9cffb37a989ca544e6bb780a2c78901d3fb33738768511a30617afa01d
static_lr,2,single_query,0,102,1,0.025219200000,25.219200000000,1,dbc1b4c900ffe48d575b5da5c638040125f65db0fe3e24494b76ea986457d986
static_lr,2,single_query,0,103,1,0.032374055000,32.374055000000,1,dbc1b4c900ffe48d575b5da5c638040125f65db0fe3e24494b76ea986457d986
static_lr,2,single_query,0,104,1,0.038452709000,38.452709000000,1,dbc1b4c900ffe48d575b5da5c638040125f65db0fe3e24494b76ea986457d986
static_lr,2,single_query,0,105,1,0.030697343000,30.697343000000,-1,6e340b9cffb37a989ca544e6bb780a2c78901d3fb33738768511a30617afa01d
static_lr,2,single_query,0,106,1,0.039059430000,39.059430000000,1,dbc1b4c900ffe48d575b5da5c638040125f65db0fe3e24494b76ea986457d986
static_lr,2,single_query,0,107,1,0.032868643000,32.868643000000,1,dbc1b4c900ffe48d575b5da5c638040125f65db0fe3e24494b76ea986457d986
static_lr,2,single_query,0,108,1,0.028698538000,28.698538000000,1,dbc1b4c900ffe48d575b5da5c638040125f65db0fe3e24494b76ea986457d986
static_lr,2,single_query,0,109,1,0.032551383000,32.551383000000,1,dbc1b4c900ffe48d575b5da5c638040125f65db0fe3e24494b76ea986457d986
static_lr,2,single_query,0,110,1,0.026173828000,26.173828000000,1,dbc1b4c900ffe48d575b5da5c638040125f65db0fe3e24494b76ea986457d986
static_lr,2,single_query,0,111,1,0.027403806000,27.403806000000,1,dbc1b4c900ffe48d575b5da5c638040125f65db0fe3e24494b76ea986457d986
static_lr,2,single_query,0,112,1,0.031027039000,31.027039000000,1,dbc1b4c900ffe48d575b5da5c638040125f65db0fe3e24494b76ea986457d986
static_lr,2,single_query,0,113,1,0.036792676000,36.792676000000,1,dbc1b4c900ffe48d575b5da5c638040125f65db0fe3e24494b76ea986457d986
static_lr,2,single_query,0,114,1,0.034993479000,34.993479000000,1,dbc1b4c900ffe48d575b5da5c638040125f65db0fe3e24494b76ea986457d986
static_lr,2,single_query,0,115,1,0.028291764000,28.291764000000,1,dbc1b4c900ffe48d575b5da5c638040125f65db0fe3e24494b76ea986457d986
static_lr,2,single_query,0,116,1,0.030393741000,30.393741000000,1,dbc1b4c900ffe48d575b5da5c638040125f65db0fe3e24494b76ea986457d986
static_lr,2,single_query,0,117,1,0.035424473000,35.424473000000,-1,6e340b9cffb37a989ca544e6bb780a2c78901d3fb33738768511a30617afa01d
static_lr,2,single_query,0,118,1,0.034765553000,34.765553000000,-1,6e340b9cffb37a989ca544e6bb780a2c78901d3fb33738768511a30617afa01d
static_lr,2,single_query,0,119,1,0.028867754000,28.867754000000,1,dbc1b4c900ffe48d575b5da5c638040125f65db0fe3e24494b76ea986457d986
static_lr,2,single_query,0,120,1,0.014333591000,14.333591000000,1,dbc1b4c900ffe48d575b5da5c638040125f65db0fe3e24494b76ea986457d986
static_lr,2,single_query,0,121,1,0.135381760000,135.381760000000,1,dbc1b4c900ffe48d575b5da5c638040125f65db0fe3e24494b76ea986457d986
static_lr,2,single_query,0,122,1,0.057819302000,57.819302000000,1,dbc1b4c900ffe48d575b5da5c638040125f65db0fe3e24494b76ea986457d986
static_lr,2,single_query,0,123,1,0.071703646000,71.703646000000,1,dbc1b4c900ffe48d575b5da5c638040125f65db0fe3e24494b76ea986457d986
static_lr,2,single_query,0,124,1,0.072099617000,72.099617000000,1,dbc1b4c900ffe48d575b5da5c638040125f65db0fe3e24494b76ea986457d986
static_lr,2,single_query,0,125,1,0.065510176000,65.510176000000,-1,6e340b9cffb37a989ca544e6bb780a2c78901d3fb33738768511a30617afa01d
static_lr,2,single_query,0,126,1,0.072456401000,72.456401000000,1,dbc1b4c900ffe48d575b5da5c638040125f65db0fe3e24494b76ea986457d986
static_lr,2,single_query,0,127,1,0.035562714000,35.562714000000,-1,6e340b9cffb37a989ca544e6bb780a2c78901d3fb33738768511a30617afa01d
static_lr,2,single_query,0,128,1,0.045334922000,45.334922000000,-1,6e340b9cffb37a989ca544e6bb780a2c78901d3fb33738768511a30617afa01d
static_lr,2,single_query,0,129,1,0.045193132000,45.193132000000,1,dbc1b4c900ffe48d575b5da5c638040125f65db0fe3e24494b76ea986457d986
static_lr,2,single_query,0,130,1,0.046151270000,46.151270000000,1,dbc1b4c900ffe48d575b5da5c638040125f65db0fe3e24494b76ea986457d986
static_lr,2,single_query,0,131,1,0.035538507000,35.538507000000,1,dbc1b4c900ffe48d575b5da5c638040125f65db0fe3e24494b76ea986457d986
static_lr,2,single_query,0,132,1,0.063789321000,63.789321000000,1,dbc1b4c900ffe48d575b5da5c638040125f65db0fe3e24494b76ea986457d986
static_lr,2,single_query,0,133,1,0.037609556000,37.609556000000,-1,6e340b9cffb37a989ca544e6bb780a2c78901d3fb33738768511a30617afa01d
static_lr,2,single_query,0,134,1,0.055226028000,55.226028000000,1,dbc1b4c900ffe48d575b5da5c638040125f65db0fe3e24494b76ea986457d986
static_lr,2,single_query,0,135,1,0.056995764000,56.995764000000,1,dbc1b4c900ffe48d575b5da5c638040125f65db0fe3e24494b76ea986457d986
static_lr,2,single_query,0,136,1,0.047745351000,47.745351000000,1,dbc1b4c900ffe48d575b5da5c638040125f65db0fe3e24494b76ea986457d986
static_lr,2,single_query,0,137,1,0.043697152000,43.697152000000,1,dbc1b4c900ffe48d575b5da5c638040125f65db0fe3e24494b76ea986457d986
static_lr,2,single_query,0,138,1,0.043338131000,43.338131000000,1,dbc1b4c900ffe48d575b5da5c638040125f65db0fe3e24494b76ea986457d986
static_lr,2,single_query,0,139,1,0.046159975000,46.159975000000,-1,6e340b9cffb37a989ca544e6bb780a2c78901d3fb33738768511a30617afa01d
static_lr,2,single_query,0,140,1,0.027986068000,27.986068000000,-1,6e340b9cffb37a989ca544e6bb780a2c78901d3fb33738768511a30617afa01d
static_lr,2,single_query,0,141,1,0.040798546000,40.798546000000,1,dbc1b4c900ffe48d575b5da5c638040125f65db0fe3e24494b76ea986457d986
static_lr,2,single_query,0,142,1,0.042313446000,42.313446000000,1,dbc1b4c900ffe48d575b5da5c638040125f65db0fe3e24494b76ea986457d986
static_lr,2,single_query,0,143,1,0.054017007000,54.017007000000,-1,6e340b9cffb37a989ca544e6bb780a2c78901d3fb33738768511a30617afa01d
static_lr,2,single_query,0,144,1,0.054808012000,54.808012000000,-1,6e340b9cffb37a989ca544e6bb780a2c78901d3fb33738768511a30617afa01d
static_lr,2,single_query,0,145,1,0.057333683000,57.333683000000,1,dbc1b4c900ffe48d575b5da5c638040125f65db0fe3e24494b76ea986457d986
static_lr,2,single_query,0,146,1,0.050967274000,50.967274000000,1,dbc1b4c900ffe48d575b5da5c638040125f65db0fe3e24494b76ea986457d986
static_lr,2,single_query,0,147,1,0.076958917000,76.958917000000,1,dbc1b4c900ffe48d575b5da5c638040125f65db0fe3e24494b76ea986457d986
static_lr,2,single_query,0,148,1,0.080517724000,80.517724000000,1,dbc1b4c900ffe48d575b5da5c638040125f65db0fe3e24494b76ea986457d986
static_lr,2,single_query,0,149,1,0.113287558000,113.287558000000,-1,6e340b9cffb37a989ca544e6bb780a2c78901d3fb33738768511a30617afa01d
static_lr,2,single_query,0,150,1,0.117247420000,117.247420000000,1,dbc1b4c900ffe48d575b5da5c638040125f65db0fe3e24494b76ea986457d986
static_lr,2,single_query,0,151,1,0.108369132000,108.369132000000,1,dbc1b4c900ffe48d575b5da5c638040125f65db0fe3e24494b76ea986457d986
static_lr,2,single_query,0,152,1,0.104842889000,104.842889000000,1,dbc1b4c900ffe48d575b5da5c638040125f65db0fe3e24494b76ea986457d986
static_lr,2,single_query,0,153,1,0.103449128000,103.449128000000,-1,6e340b9cffb37a989ca544e6bb780a2c78901d3fb33738768511a30617afa01d
static_lr,2,single_query,0,154,1,0.102801561000,102.801561000000,1,dbc1b4c900ffe48d575b5da5c638040125f65db0fe3e24494b76ea986457d986
static_lr,2,single_query,0,155,1,0.096558020000,96.558020000000,1,dbc1b4c900ffe48d575b5da5c638040125f65db0fe3e24494b76ea986457d986
static_lr,2,single_query,0,156,1,0.098362975000,98.362975000000,1,dbc1b4c900ffe48d575b5da5c638040125f65db0fe3e24494b76ea986457d986
static_lr,2,single_query,0,157,1,0.120483549000,120.483549000000,-1,6e340b9cffb37a989ca544e6bb780a2c78901d3fb33738768511a30617afa01d
static_lr,2,single_query,0,158,1,0.125784219000,125.784219000000,1,dbc1b4c900ffe48d575b5da5c638040125f65db0fe3e24494b76ea986457d986
static_lr,2,single_query,0,159,1,0.109173780000,109.173780000000,-1,6e340b9cffb37a989ca544e6bb780a2c78901d3fb33738768511a30617afa01d
static_lr,2,single_query,0,160,1,0.120157391000,120.157391000000,-1,6e340b9cffb37a989ca544e6bb780a2c78901d3fb33738768511a30617afa01d
static_lr,2,single_query,0,161,1,0.032297033000,32.297033000000,1,dbc1b4c900ffe48d575b5da5c638040125f65db0fe3e24494b76ea986457d986
static_lr,2,single_query,0,162,1,0.040277006000,40.277006000000,1,dbc1b4c900ffe48d575b5da5c638040125f65db0fe3e24494b76ea986457d986
static_lr,2,single_query,0,163,1,0.071126679000,71.126679000000,1,dbc1b4c900ffe48d575b5da5c638040125f65db0fe3e24494b76ea986457d986
static_lr,2,single_query,0,164,1,0.045747423000,45.747423000000,1,dbc1b4c900ffe48d575b5da5c638040125f65db0fe3e24494b76ea986457d986
static_lr,2,single_query,0,165,1,0.084539089000,84.539089000000,-1,6e340b9cffb37a989ca544e6bb780a2c78901d3fb33738768511a30617afa01d
static_lr,2,single_query,0,166,1,0.085209008000,85.209008000000,1,dbc1b4c900ffe48d575b5da5c638040125f65db0fe3e24494b76ea986457d986
static_lr,2,single_query,0,167,1,0.095373684000,95.373684000000,-1,6e340b9cffb37a989ca544e6bb780a2c78901d3fb33738768511a30617afa01d
static_lr,2,single_query,0,168,1,0.075480887000,75.480887000000,-1,6e340b9cffb37a989ca544e6bb780a2c78901d3fb33738768511a30617afa01d
static_lr,2,single_query,0,169,1,0.073555601000,73.555601000000,1,dbc1b4c900ffe48d575b5da5c638040125f65db0fe3e24494b76ea986457d986
static_lr,2,single_query,0,170,1,0.035112672000,35.112672000000,-1,6e340b9cffb37a989ca544e6bb780a2c78901d3fb33738768511a30617afa01d
static_lr,2,single_query,0,171,1,0.038046068000,38.046068000000,-1,6e340b9cffb37a989ca544e6bb780a2c78901d3fb33738768511a30617afa01d
static_lr,2,single_query,0,172,1,0.036726825000,36.726825000000,-1,6e340b9cffb37a989ca544e6bb780a2c78901d3fb33738768511a30617afa01d
static_lr,2,single_query,0,173,1,0.030455628000,30.455628000000,1,dbc1b4c900ffe48d575b5da5c638040125f65db0fe3e24494b76ea986457d986
static_lr,2,single_query,0,174,1,0.041786562000,41.786562000000,-1,6e340b9cffb37a989ca544e6bb780a2c78901d3fb33738768511a30617afa01d
static_lr,2,single_query,0,175,1,0.141081757000,141.081757000000,-1,6e340b9cffb37a989ca544e6bb780a2c78901d3fb33738768511a30617afa01d
static_lr,2,single_query,0,176,1,0.147069143000,147.069143000000,-1,6e340b9cffb37a989ca544e6bb780a2c78901d3fb33738768511a30617afa01d
static_lr,2,single_query,0,177,1,0.159327643000,159.327643000000,-1,6e340b9cffb37a989ca544e6bb780a2c78901d3fb33738768511a30617afa01d
static_lr,2,single_query,0,178,1,0.147624547000,147.624547000000,-1,6e340b9cffb37a989ca544e6bb780a2c78901d3fb33738768511a30617afa01d
static_lr,2,single_query,0,179,1,0.023753945000,23.753945000000,1,dbc1b4c900ffe48d575b5da5c638040125f65db0fe3e24494b76ea986457d986
static_lr,2,single_query,0,180,1,0.019601482000,19.601482000000,-1,6e340b9cffb37a989ca544e6bb780a2c78901d3fb33738768511a30617afa01d
static_lr,2,single_query,0,181,1,0.031477911000,31.477911000000,-1,6e340b9cffb37a989ca544e6bb780a2c78901d3fb33738768511a30617afa01d
static_lr,2,single_query,0,182,1,0.028490756000,28.490756000000,1,dbc1b4c900ffe48d575b5da5c638040125f65db0fe3e24494b76ea986457d986
static_lr,2,single_query,0,183,1,0.027329452000,27.329452000000,-1,6e340b9cffb37a989ca544e6bb780a2c78901d3fb33738768511a30617afa01d
static_lr,2,single_query,0,184,1,0.039239387000,39.239387000000,-1,6e340b9cffb37a989ca544e6bb780a2c78901d3fb33738768511a30617afa01d
static_lr,2,single_query,0,185,1,0.037601613000,37.601613000000,-1,6e340b9cffb37a989ca544e6bb780a2c78901d3fb33738768511a30617afa01d
static_lr,2,single_query,0,186,1,0.037139774000,37.139774000000,1,dbc1b4c900ffe48d575b5da5c638040125f65db0fe3e24494b76ea986457d986
static_lr,2,single_query,0,187,1,0.036105546000,36.105546000000,-1,6e340b9cffb37a989ca544e6bb780a2c78901d3fb33738768511a30617afa01d
static_lr,2,single_query,0,188,1,0.050697258000,50.697258000000,1,dbc1b4c900ffe48d575b5da5c638040125f65db0fe3e24494b76ea986457d986
static_lr,2,single_query,0,189,1,0.047247229000,47.247229000000,1,dbc1b4c900ffe48d575b5da5c638040125f65db0fe3e24494b76ea986457d986
static_lr,2,single_query,0,190,1,0.041361581000,41.361581000000,-1,6e340b9cffb37a989ca544e6bb780a2c78901d3fb33738768511a30617afa01d
static_lr,2,single_query,0,191,1,0.041431561000,41.431561000000,-1,6e340b9cffb37a989ca544e6bb780a2c78901d3fb33738768511a30617afa01d
static_lr,2,single_query,0,192,1,0.054129840000,54.129840000000,-1,6e340b9cffb37a989ca544e6bb780a2c78901d3fb33738768511a30617afa01d
static_lr,2,single_query,0,193,1,0.056797033000,56.797033000000,1,dbc1b4c900ffe48d575b5da5c638040125f65db0fe3e24494b76ea986457d986
static_lr,2,single_query,0,194,1,0.061515251000,61.515251000000,-1,6e340b9cffb37a989ca544e6bb780a2c78901d3fb33738768511a30617afa01d
static_lr,2,single_query,0,195,1,0.065427882000,65.427882000000,-1,6e340b9cffb37a989ca544e6bb780a2c78901d3fb33738768511a30617afa01d
static_lr,2,single_query,0,196,1,0.059060600000,59.060600000000,1,dbc1b4c900ffe48d575b5da5c638040125f65db0fe3e24494b76ea986457d986
static_lr,2,single_query,0,197,1,0.068129747000,68.129747000000,-1,6e340b9cffb37a989ca544e6bb780a2c78901d3fb33738768511a30617afa01d
static_lr,2,single_query,0,198,1,0.078445760000,78.445760000000,1,dbc1b4c900ffe48d575b5da5c638040125f65db0fe3e24494b76ea986457d986
static_lr,2,single_query,0,199,1,0.064374932000,64.374932000000,1,dbc1b4c900ffe48d575b5da5c638040125f65db0fe3e24494b76ea986457d986
static_lr,2,single_query,0,200,1,0.069489210000,69.489210000000,1,dbc1b4c900ffe48d575b5da5c638040125f65db0fe3e24494b76ea986457d986
static_lr,2,single_query,0,201,1,0.061264246000,61.264246000000,1,dbc1b4c900ffe48d575b5da5c638040125f65db0fe3e24494b76ea986457d986
static_lr,2,single_query,0,202,1,0.068243756000,68.243756000000,-1,6e340b9cffb37a989ca544e6bb780a2c78901d3fb33738768511a30617afa01d
static_lr,2,single_query,0,203,1,0.071374029000,71.374029000000,-1,6e340b9cffb37a989ca544e6bb780a2c78901d3fb33738768511a30617afa01d
static_lr,2,single_query,0,204,1,0.063737375000,63.737375000000,-1,6e340b9cffb37a989ca544e6bb780a2c78901d3fb33738768511a30617afa01d
static_lr,2,single_query,0,205,1,0.058881547000,58.881547000000,-1,6e340b9cffb37a989ca544e6bb780a2c78901d3fb33738768511a30617afa01d
static_lr,2,single_query,0,206,1,0.076969273000,76.969273000000,-1,6e340b9cffb37a989ca544e6bb780a2c78901d3fb33738768511a30617afa01d
static_lr,2,single_query,0,207,1,0.076413704000,76.413704000000,1,dbc1b4c900ffe48d575b5da5c638040125f65db0fe3e24494b76ea986457d986
static_lr,2,single_query,0,208,1,0.051805385000,51.805385000000,1,dbc1b4c900ffe48d575b5da5c638040125f65db0fe3e24494b76ea986457d986
static_lr,2,single_query,0,209,1,0.047703745000,47.703745000000,1,dbc1b4c900ffe48d575b5da5c638040125f65db0fe3e24494b76ea986457d986
static_lr,2,single_query,0,210,1,0.049611504000,49.611504000000,1,dbc1b4c900ffe48d575b5da5c638040125f65db0fe3e24494b76ea986457d986
static_lr,2,single_query,0,211,1,0.083817949000,83.817949000000,1,dbc1b4c900ffe48d575b5da5c638040125f65db0fe3e24494b76ea986457d986
static_lr,2,single_query,0,212,1,0.104069521000,104.069521000000,-1,6e340b9cffb37a989ca544e6bb780a2c78901d3fb33738768511a30617afa01d
static_lr,2,single_query,0,213,1,0.037974909000,37.974909000000,1,dbc1b4c900ffe48d575b5da5c638040125f65db0fe3e24494b76ea986457d986
static_lr,2,single_query,0,214,1,0.052284145000,52.284145000000,-1,6e340b9cffb37a989ca544e6bb780a2c78901d3fb33738768511a30617afa01d
static_lr,2,single_query,0,215,1,0.034700069000,34.700069000000,1,dbc1b4c900ffe48d575b5da5c638040125f65db0fe3e24494b76ea986457d986
static_lr,2,single_query,0,216,1,0.047769949000,47.769949000000,-1,6e340b9cffb37a989ca544e6bb780a2c78901d3fb33738768511a30617afa01d
static_lr,2,single_query,0,217,1,0.045606077000,45.606077000000,1,dbc1b4c900ffe48d575b5da5c638040125f65db0fe3e24494b76ea986457d986
static_lr,2,single_query,0,218,1,0.048556989000,48.556989000000,-1,6e340b9cffb37a989ca544e6bb780a2c78901d3fb33738768511a30617afa01d
static_lr,2,single_query,0,219,1,0.041131001000,41.131001000000,-1,6e340b9cffb37a989ca544e6bb780a2c78901d3fb33738768511a30617afa01d
static_lr,2,single_query,0,220,1,0.044284715000,44.284715000000,-1,6e340b9cffb37a989ca544e6bb780a2c78901d3fb33738768511a30617afa01d
static_lr,2,single_query,0,221,1,0.068233783000,68.233783000000,-1,6e340b9cffb37a989ca544e6bb780a2c78901d3fb33738768511a30617afa01d
static_lr,2,single_query,0,222,1,0.060531559000,60.531559000000,1,dbc1b4c900ffe48d575b5da5c638040125f65db0fe3e24494b76ea986457d986
static_lr,2,single_query,0,223,1,0.064067100000,64.067100000000,-1,6e340b9cffb37a989ca544e6bb780a2c78901d3fb33738768511a30617afa01d
static_lr,2,single_query,0,224,1,0.065879564000,65.879564000000,-1,6e340b9cffb37a989ca544e6bb780a2c78901d3fb33738768511a30617afa01d
static_lr,2,single_query,0,225,1,0.068477688000,68.477688000000,1,dbc1b4c900ffe48d575b5da5c638040125f65db0fe3e24494b76ea986457d986
static_lr,2,single_query,0,226,1,0.070917092000,70.917092000000,1,dbc1b4c900ffe48d575b5da5c638040125f65db0fe3e24494b76ea986457d986
static_lr,2,single_query,0,227,1,0.059740500000,59.740500000000,-1,6e340b9cffb37a989ca544e6bb780a2c78901d3fb33738768511a30617afa01d
static_lr,2,single_query,0,228,1,0.071541222000,71.541222000000,-1,6e340b9cffb37a989ca544e6bb780a2c78901d3fb33738768511a30617afa01d
static_lr,2,single_query,0,229,1,0.071991800000,71.991800000000,1,dbc1b4c900ffe48d575b5da5c638040125f65db0fe3e24494b76ea986457d986
static_lr,2,single_query,0,230,1,0.066331444000,66.331444000000,-1,6e340b9cffb37a989ca544e6bb780a2c78901d3fb33738768511a30617afa01d
static_lr,2,single_query,0,231,1,0.063014253000,63.014253000000,-1,6e340b9cffb37a989ca544e6bb780a2c78901d3fb33738768511a30617afa01d
static_lr,2,single_query,0,232,1,0.077137850000,77.137850000000,1,dbc1b4c900ffe48d575b5da5c638040125f65db0fe3e24494b76ea986457d986
static_lr,2,single_query,0,233,1,0.077873223000,77.873223000000,-1,6e340b9cffb37a989ca544e6bb780a2c78901d3fb33738768511a30617afa01d
static_lr,2,single_query,0,234,1,0.060391447000,60.391447000000,-1,6e340b9cffb37a989ca544e6bb780a2c78901d3fb33738768511a30617afa01d
static_lr,2,single_query,0,235,1,0.059034640000,59.034640000000,1,dbc1b4c900ffe48d575b5da5c638040125f65db0fe3e24494b76ea986457d986
static_lr,2,single_query,0,236,1,0.055128102000,55.128102000000,1,dbc1b4c900ffe48d575b5da5c638040125f65db0fe3e24494b76ea986457d986
static_lr,2,single_query,0,237,1,0.050588389000,50.588389000000,-1,6e340b9cffb37a989ca544e6bb780a2c78901d3fb33738768511a30617afa01d
static_lr,2,single_query,0,238,1,0.044018707000,44.018707000000,-1,6e340b9cffb37a989ca544e6bb780a2c78901d3fb33738768511a30617afa01d
static_lr,2,single_query,0,239,1,0.066410488000,66.410488000000,-1,6e340b9cffb37a989ca544e6bb780a2c78901d3fb33738768511a30617afa01d
static_lr,2,single_query,0,240,1,0.068116090000,68.116090000000,-1,6e340b9cffb37a989ca544e6bb780a2c78901d3fb33738768511a30617afa01d
static_lr,2,single_query,0,241,1,0.069585609000,69.585609000000,1,dbc1b4c900ffe48d575b5da5c638040125f65db0fe3e24494b76ea986457d986
static_lr,2,single_query,0,242,1,0.044114392000,44.114392000000,-1,6e340b9cffb37a989ca544e6bb780a2c78901d3fb33738768511a30617afa01d
static_lr,2,single_query,0,243,1,0.053783209000,53.783209000000,-1,6e340b9cffb37a989ca544e6bb780a2c78901d3fb33738768511a30617afa01d
static_lr,2,single_query,0,244,1,0.052404536000,52.404536000000,-1,6e340b9cffb37a989ca544e6bb780a2c78901d3fb33738768511a30617afa01d
static_lr,2,single_query,0,245,1,0.085222358000,85.222358000000,-1,6e340b9cffb37a989ca544e6bb780a2c78901d3fb33738768511a30617afa01d
static_lr,2,single_query,0,246,1,0.231068677000,231.068677000000,-1,6e340b9cffb37a989ca544e6bb780a2c78901d3fb33738768511a30617afa01d
static_lr,2,single_query,0,247,1,0.068581684000,68.581684000000,1,dbc1b4c900ffe48d575b5da5c638040125f65db0fe3e24494b76ea986457d986
static_lr,2,single_query,0,248,1,0.071278657000,71.278657000000,-1,6e340b9cffb37a989ca544e6bb780a2c78901d3fb33738768511a30617afa01d
static_lr,2,single_query,0,249,1,0.060198927000,60.198927000000,-1,6e340b9cffb37a989ca544e6bb780a2c78901d3fb33738768511a30617afa01d
static_lr,2,single_query,0,250,1,0.071478943000,71.478943000000,-1,6e340b9cffb37a989ca544e6bb780a2c78901d3fb33738768511a30617afa01d
static_lr,2,single_query,0,251,1,0.051077670000,51.077670000000,1,dbc1b4c900ffe48d575b5da5c638040125f65db0fe3e24494b76ea986457d986
static_lr,2,single_query,0,252,1,0.043627419000,43.627419000000,1,dbc1b4c900ffe48d575b5da5c638040125f65db0fe3e24494b76ea986457d986
static_lr,2,single_query,0,253,1,0.058718740000,58.718740000000,-1,6e340b9cffb37a989ca544e6bb780a2c78901d3fb33738768511a30617afa01d
static_lr,2,single_query,0,254,1,0.047991021000,47.991021000000,1,dbc1b4c900ffe48d575b5da5c638040125f65db0fe3e24494b76ea986457d986
static_lr,2,single_query,0,255,1,0.044557628000,44.557628000000,1,dbc1b4c900ffe48d575b5da5c638040125f65db0fe3e24494b76ea986457d986
static_gbm,0,init,0,,4263,154.789307361000,,,
static_gbm,0,single_query,0,0,1,0.068704730000,68.704730000000,-1,6e340b9cffb37a989ca544e6bb780a2c78901d3fb33738768511a30617afa01d
static_gbm,0,single_query,0,1,1,0.038578096000,38.578096000000,-1,6e340b9cffb37a989ca544e6bb780a2c78901d3fb33738768511a30617afa01d
static_gbm,0,single_query,0,2,1,0.028804337000,28.804337000000,1,dbc1b4c900ffe48d575b5da5c638040125f65db0fe3e24494b76ea986457d986
static_gbm,0,single_query,0,3,1,0.039965517000,39.965517000000,-1,6e340b9cffb37a989ca544e6bb780a2c78901d3fb33738768511a30617afa01d
static_gbm,0,single_query,0,4,1,0.055819785000,55.819785000000,1,dbc1b4c900ffe48d575b5da5c638040125f65db0fe3e24494b76ea986457d986
static_gbm,0,single_query,0,5,1,0.079517058000,79.517058000000,1,dbc1b4c900ffe48d575b5da5c638040125f65db0fe3e24494b76ea986457d986
static_gbm,0,single_query,0,6,1,0.064258715000,64.258715000000,1,dbc1b4c900ffe48d575b5da5c638040125f65db0fe3e24494b76ea986457d986
static_gbm,0,single_query,0,7,1,0.042517718000,42.517718000000,-1,6e340b9cffb37a989ca544e6bb780a2c78901d3fb33738768511a30617afa01d
static_gbm,0,single_query,0,8,1,0.039420113000,39.420113000000,-1,6e340b9cffb37a989ca544e6bb780a2c78901d3fb33738768511a30617afa01d
static_gbm,0,single_query,0,9,1,0.064806000000,64.806000000000,-1,6e340b9cffb37a989ca544e6bb780a2c78901d3fb33738768511a30617afa01d
static_gbm,0,single_query,0,10,1,0.106880257000,106.880257000000,1,dbc1b4c900ffe48d575b5da5c638040125f65db0fe3e24494b76ea986457d986
static_gbm,0,single_query,0,11,1,0.088900689000,88.900689000000,1,dbc1b4c900ffe48d575b5da5c638040125f65db0fe3e24494b76ea986457d986
static_gbm,0,single_query,0,12,1,0.096251188000,96.251188000000,1,dbc1b4c900ffe48d575b5da5c638040125f65db0fe3e24494b76ea986457d986
static_gbm,0,single_query,0,13,1,0.038654107000,38.654107000000,-1,6e340b9cffb37a989ca544e6bb780a2c78901d3fb33738768511a30617afa01d
static_gbm,0,single_query,0,14,1,0.039119526000,39.119526000000,-1,6e340b9cffb37a989ca544e6bb780a2c78901d3fb33738768511a30617afa01d
static_gbm,0,single_query,0,15,1,0.049604602000,49.604602000000,-1,6e340b9cffb37a989ca544e6bb780a2c78901d3fb33738768511a30617afa01d
static_gbm,0,single_query,0,16,1,0.050593307000,50.593307000000,-1,6e340b9cffb37a989ca544e6bb780a2c78901d3fb33738768511a30617afa01d
static_gbm,0,single_query,0,17,1,0.037645665000,37.645665000000,1,dbc1b4c900ffe48d575b5da5c638040125f65db0fe3e24494b76ea986457d986
static_gbm,0,single_query,0,18,1,0.046930800000,46.930800000000,-1,6e340b9cffb37a989ca544e6bb780a2c78901d3fb33738768511a30617afa01d
static_gbm,0,single_query,0,19,1,0.027568510000,27.568510000000,1,dbc1b4c900ffe48d575b5da5c638040125f65db0fe3e24494b76ea986457d986
static_gbm,0,single_query,0,20,1,0.032414591000,32.414591000000,1,dbc1b4c900ffe48d575b5da5c638040125f65db0fe3e24494b76ea986457d986
static_gbm,0,single_query,0,21,1,0.036414966000,36.414966000000,1,dbc1b4c900ffe48d575b5da5c638040125f65db0fe3e24494b76ea986457d986
static_gbm,0,single_query,0,22,1,0.037048893000,37.048893000000,1,dbc1b4c900ffe48d575b5da5c638040125f65db0fe3e24494b76ea986457d986
static_gbm,0,single_query,0,23,1,0.037311040000,37.311040000000,-1,6e340b9cffb37a989ca544e6bb780a2c78901d3fb33738768511a30617afa01d
static_gbm,0,single_query,0,24,1,0.046445881000,46.445881000000,-1,6e340b9cffb37a989ca544e6bb780a2c78901d3fb33738768511a30617afa01d
static_gbm,0,single_query,0,25,1,0.044507190000,44.507190000000,-1,6e340b9cffb37a989ca544e6bb780a2c78901d3fb33738768511a30617afa01d
static_gbm,0,single_query,0,26,1,0.048018386000,48.018386000000,1,dbc1b4c900ffe48d575b5da5c638040125f65db0fe3e24494b76ea986457d986
static_gbm,0,single_query,0,27,1,0.043992212000,43.992212000000,1,dbc1b4c900ffe48d575b5da5c638040125f65db0fe3e24494b76ea986457d986
static_gbm,0,single_query,0,28,1,0.041712338000,41.712338000000,-1,6e340b9cffb37a989ca544e6bb780a2c78901d3fb33738768511a30617afa01d
static_gbm,0,single_query,0,29,1,0.037483095000,37.483095000000,-1,6e340b9cffb37a989ca544e6bb780a2c78901d3fb33738768511a30617afa01d
static_gbm,0,single_query,0,30,1,0.034949877000,34.949877000000,1,dbc1b4c900ffe48d575b5da5c638040125f65db0fe3e24494b76ea986457d986
static_gbm,0,single_query,0,31,1,0.037775853000,37.775853000000,1,dbc1b4c900ffe48d575b5da5c638040125f65db0fe3e24494b76ea986457d986
static_gbm,0,single_query,0,32,1,0.053309126000,53.309126000000,-1,6e340b9cffb37a989ca544e6bb780a2c78901d3fb33738768511a30617afa01d
static_gbm,0,single_query,0,33,1,0.054869223000,54.869223000000,-1,6e340b9cffb37a989ca544e6bb780a2c78901d3fb33738768511a30617afa01d
static_gbm,0,single_query,0,34,1,0.073273383000,73.273383000000,-1,6e340b9cffb37a989ca544e6bb780a2c78901d3fb33738768511a30617afa01d
static_gbm,0,single_query,0,35,1,0.080528801000,80.528801000000,1,dbc1b4c900ffe48d575b5da5c638040125f65db0fe3e24494b76ea986457d986
static_gbm,0,single_query,0,36,1,0.084024696000,84.024696000000,-1,6e340b9cffb37a989ca544e6bb780a2c78901d3fb33738768511a30617afa01d
static_gbm,0,single_query,0,37,1,0.046629054000,46.629054000000,-1,6e340b9cffb37a989ca544e6bb780a2c78901d3fb33738768511a30617afa01d
static_gbm,0,single_query,0,38,1,0.045348373000,45.348373000000,1,dbc1b4c900ffe48d575b5da5c638040125f65db0fe3e24494b76ea986457d986
static_gbm,0,single_query,0,39,1,0.033602156000,33.602156000000,-1,6e340b9cffb37a989ca544e6bb780a2c78901d3fb33738768511a30617afa01d
static_gbm,0,single_query,0,40,1,0.032491779000,32.491779000000,1,dbc1b4c900ffe48d575b5da5c638040125f65db0fe3e24494b76ea986457d986
static_gbm,0,single_query,0,41,1,0.033525162000,33.525162000000,-1,6e340b9cffb37a989ca544e6bb780a2c78901d3fb33738768511a30617afa01d
static_gbm,0,single_query,0,42,1,0.033325497000,33.325497000000,-1,6e340b9cffb37a989ca544e6bb780a2c78901d3fb33738768511a30617afa01d
static_gbm,0,single_query,0,43,1,0.030918249000,30.918249000000,1,dbc1b4c900ffe48d575b5da5c638040125f65db0fe3e24494b76ea986457d986
static_gbm,0,single_query,0,44,1,0.032147408000,32.147408000000,1,dbc1b4c900ffe48d575b5da5c638040125f65db0fe3e24494b76ea986457d986
static_gbm,0,single_query,0,45,1,0.033294633000,33.294633000000,-1,6e340b9cffb37a989ca544e6bb780a2c78901d3fb33738768511a30617afa01d
static_gbm,0,single_query,0,46,1,0.029626331000,29.626331000000,-1,6e340b9cffb37a989ca544e6bb780a2c78901d3fb33738768511a30617afa01d
static_gbm,0,single_query,0,47,1,0.034506598000,34.506598000000,1,dbc1b4c900ffe48d575b5da5c638040125f65db0fe3e24494b76ea986457d986
static_gbm,0,single_query,0,48,1,0.032804973000,32.804973000000,-1,6e340b9cffb37a989ca544e6bb780a2c78901d3fb33738768511a30617afa01d
static_gbm,0,single_query,0,49,1,0.041272080000,41.272080000000,1,dbc1b4c900ffe48d575b5da5c638040125f65db0fe3e24494b76ea986457d986
static_gbm,0,single_query,0,50,1,0.033831112000,33.831112000000,-1,6e340b9cffb37a989ca544e6bb780a2c78901d3fb33738768511a30617afa01d
static_gbm,0,single_query,0,51,1,0.038159497000,38.159497000000,1,dbc1b4c900ffe48d575b5da5c638040125f65db0fe3e24494b76ea986457d986
static_gbm,0,single_query,0,52,1,0.031679639000,31.679639000000,1,dbc1b4c900ffe48d575b5da5c638040125f65db0fe3e24494b76ea986457d986
static_gbm,0,single_query,0,53,1,0.032545716000,32.545716000000,1,dbc1b4c900ffe48d575b5da5c638040125f65db0fe3e24494b76ea986457d986
static_gbm,0,single_query,0,54,1,0.036043152000,36.043152000000,-1,6e340b9cffb37a989ca544e6bb780a2c78901d3fb33738768511a30617afa01d
static_gbm,0,single_query,0,55,1,0.032885345000,32.885345000000,-1,6e340b9cffb37a989ca544e6bb780a2c78901d3fb33738768511a30617afa01d
static_gbm,0,single_query,0,56,1,0.034124378000,34.124378000000,-1,6e340b9cffb37a989ca544e6bb780a2c78901d3fb33738768511a30617afa01d
static_gbm,0,single_query,0,57,1,0.034891459000,34.891459000000,-1,6e340b9cffb37a989ca544e6bb780a2c78901d3fb33738768511a30617afa01d
static_gbm,0,single_query,0,58,1,0.033329416000,33.329416000000,1,dbc1b4c900ffe48d575b5da5c638040125f65db0fe3e24494b76ea986457d986
static_gbm,0,single_query,0,59,1,0.039821641000,39.821641000000,-1,6e340b9cffb37a989ca544e6bb780a2c78901d3fb33738768511a30617afa01d
static_gbm,0,single_query,0,60,1,0.037300099000,37.300099000000,1,dbc1b4c900ffe48d575b5da5c638040125f65db0fe3e24494b76ea986457d986
static_gbm,0,single_query,0,61,1,0.030686117000,30.686117000000,1,dbc1b4c900ffe48d575b5da5c638040125f65db0fe3e24494b76ea986457d986
static_gbm,0,single_query,0,62,1,0.028893452000,28.893452000000,-1,6e340b9cffb37a989ca544e6bb780a2c78901d3fb33738768511a30617afa01d
static_gbm,0,single_query,0,63,1,0.033366817000,33.366817000000,-1,6e340b9cffb37a989ca544e6bb780a2c78901d3fb33738768511a30617afa01d
static_gbm,0,single_query,0,64,1,0.031801695000,31.801695000000,-1,6e340b9cffb37a989ca544e6bb780a2c78901d3fb33738768511a30617afa01d
static_gbm,0,single_query,0,65,1,0.036322627000,36.322627000000,-1,6e340b9cffb37a989ca544e6bb780a2c78901d3fb33738768511a30617afa01d
static_gbm,0,single_query,0,66,1,0.035678610000,35.678610000000,-1,6e340b9cffb37a989ca544e6bb780a2c78901d3fb33738768511a30617afa01d
static_gbm,0,single_query,0,67,1,0.033911650000,33.911650000000,1,dbc1b4c900ffe48d575b5da5c638040125f65db0fe3e24494b76ea986457d986
static_gbm,0,single_query,0,68,1,0.039343452000,39.343452000000,-1,6e340b9cffb37a989ca544e6bb780a2c78901d3fb33738768511a30617afa01d
static_gbm,0,single_query,0,69,1,0.038291808000,38.291808000000,-1,6e340b9cffb37a989ca544e6bb780a2c78901d3fb33738768511a30617afa01d
static_gbm,0,single_query,0,70,1,0.038375708000,38.375708000000,1,dbc1b4c900ffe48d575b5da5c638040125f65db0fe3e24494b76ea986457d986
static_gbm,0,single_query,0,71,1,0.037170144000,37.170144000000,1,dbc1b4c900ffe48d575b5da5c638040125f65db0fe3e24494b76ea986457d986
static_gbm,0,single_query,0,72,1,0.036106956000,36.106956000000,-1,6e340b9cffb37a989ca544e6bb780a2c78901d3fb33738768511a30617afa01d
static_gbm,0,single_query,0,73,1,0.039570203000,39.570203000000,-1,6e340b9cffb37a989ca544e6bb780a2c78901d3fb33738768511a30617afa01d
static_gbm,0,single_query,0,74,1,0.039585898000,39.585898000000,1,dbc1b4c900ffe48d575b5da5c638040125f65db0fe3e24494b76ea986457d986
static_gbm,0,single_query,0,75,1,0.038962080000,38.962080000000,1,dbc1b4c900ffe48d575b5da5c638040125f65db0fe3e24494b76ea986457d986
static_gbm,0,single_query,0,76,1,0.042386148000,42.386148000000,1,dbc1b4c900ffe48d575b5da5c638040125f65db0fe3e24494b76ea986457d986
static_gbm,0,single_query,0,77,1,0.038130713000,38.130713000000,-1,6e340b9cffb37a989ca544e6bb780a2c78901d3fb33738768511a30617afa01d
static_gbm,0,single_query,0,78,1,0.024336449000,24.336449000000,1,dbc1b4c900ffe48d575b5da5c638040125f65db0fe3e24494b76ea986457d986
static_gbm,0,single_query,0,79,1,0.027859762000,27.859762000000,-1,6e340b9cffb37a989ca544e6bb780a2c78901d3fb33738768511a30617afa01d
static_gbm,0,single_query,0,80,1,0.028161363000,28.161363000000,1,dbc1b4c900ffe48d575b5da5c638040125f65db0fe3e24494b76ea986457d986
static_gbm,0,single_query,0,81,1,0.025972215000,25.972215000000,1,dbc1b4c900ffe48d575b5da5c638040125f65db0fe3e24494b76ea986457d986
static_gbm,0,single_query,0,82,1,0.033630945000,33.630945000000,-1,6e340b9cffb37a989ca544e6bb780a2c78901d3fb33738768511a30617afa01d
static_gbm,0,single_query,0,83,1,0.033205651000,33.205651000000,1,dbc1b4c900ffe48d575b5da5c638040125f65db0fe3e24494b76ea986457d986
static_gbm,0,single_query,0,84,1,0.035006960000,35.006960000000,-1,6e340b9cffb37a989ca544e6bb780a2c78901d3fb33738768511a30617afa01d
static_gbm,0,single_query,0,85,1,0.036966517000,36.966517000000,1,dbc1b4c900ffe48d575b5da5c638040125f65db0fe3e24494b76ea986457d986
static_gbm,0,single_query,0,86,1,0.039043034000,39.043034000000,1,dbc1b4c900ffe48d575b5da5c638040125f65db0fe3e24494b76ea986457d986
static_gbm,0,single_query,0,87,1,0.035335360000,35.335360000000,-1,6e340b9cffb37a989ca544e6bb780a2c78901d3fb33738768511a30617afa01d
static_gbm,0,single_query,0,88,1,0.034200371000,34.200371000000,-1,6e340b9cffb37a989ca544e6bb780a2c78901d3fb33738768511a30617afa01d
static_gbm,0,single_query,0,89,1,0.030071345000,30.071345000000,-1,6e340b9cffb37a989ca544e6bb780a2c78901d3fb33738768511a30617afa01d
static_gbm,0,single_query,0,90,1,0.035605724000,35.605724000000,1,dbc1b4c900ffe48d575b5da5c638040125f65db0fe3e24494b76ea986457d986
static_gbm,0,single_query,0,91,1,0.032284299000,32.284299000000,-1,6e340b9cffb37a989ca544e6bb780a2c78901d3fb33738768511a30617afa01d
static_gbm,0,single_query,0,92,1,0.034161633000,34.161633000000,1,dbc1b4c900ffe48d575b5da5c638040125f65db0fe3e24494b76ea986457d986
static_gbm,0,single_query,0,93,1,0.035968335000,35.968335000000,1,dbc1b4c900ffe48d575b5da5c638040125f65db0fe3e24494b76ea986457d986
static_gbm,0,single_query,0,94,1,0.035839084000,35.839084000000,-1,6e340b9cffb37a989ca544e6bb780a2c78901d3fb33738768511a30617afa01d
static_gbm,0,single_query,0,95,1,0.034850954000,34.850954000000,-1,6e340b9cffb37a989ca544e6bb780a2c78901d3fb33738768511a30617afa01d
static_gbm,0,single_query,0,96,1,0.034920409000,34.920409000000,-1,6e340b9cffb37a989ca544e6bb780a2c78901d3fb33738768511a30617afa01d
static_gbm,0,single_query,0,97,1,0.034301815000,34.301815000000,1,dbc1b4c900ffe48d575b5da5c638040125f65db0fe3e24494b76ea986457d986
static_gbm,0,single_query,0,98,1,0.031927162000,31.927162000000,1,dbc1b4c900ffe48d575b5da5c638040125f65db0fe3e24494b76ea986457d986
static_gbm,0,single_query,0,99,1,0.035401910000,35.401910000000,1,dbc1b4c900ffe48d575b5da5c638040125f65db0fe3e24494b76ea986457d986
static_gbm,0,single_query,0,100,1,0.034514625000,34.514625000000,1,dbc1b4c900ffe48d575b5da5c638040125f65db0fe3e24494b76ea986457d986
static_gbm,0,single_query,0,101,1,0.037962857000,37.962857000000,-1,6e340b9cffb37a989ca544e6bb780a2c78901d3fb33738768511a30617afa01d
static_gbm,0,single_query,0,102,1,0.033294696000,33.294696000000,-1,6e340b9cffb37a989ca544e6bb780a2c78901d3fb33738768511a30617afa01d
static_gbm,0,single_query,0,103,1,0.040465873000,40.465873000000,1,dbc1b4c900ffe48d575b5da5c638040125f65db0fe3e24494b76ea986457d986
static_gbm,0,single_query,0,104,1,0.046154318000,46.154318000000,1,dbc1b4c900ffe48d575b5da5c638040125f65db0fe3e24494b76ea986457d986
static_gbm,0,single_query,0,105,1,0.038842584000,38.842584000000,-1,6e340b9cffb37a989ca544e6bb780a2c78901d3fb33738768511a30617afa01d
static_gbm,0,single_query,0,106,1,0.047065333000,47.065333000000,1,dbc1b4c900ffe48d575b5da5c638040125f65db0fe3e24494b76ea986457d986
static_gbm,0,single_query,0,107,1,0.040715596000,40.715596000000,1,dbc1b4c900ffe48d575b5da5c638040125f65db0fe3e24494b76ea986457d986
static_gbm,0,single_query,0,108,1,0.036971078000,36.971078000000,1,dbc1b4c900ffe48d575b5da5c638040125f65db0fe3e24494b76ea986457d986
static_gbm,0,single_query,0,109,1,0.040755616000,40.755616000000,-1,6e340b9cffb37a989ca544e6bb780a2c78901d3fb33738768511a30617afa01d
static_gbm,0,single_query,0,110,1,0.034400095000,34.400095000000,1,dbc1b4c900ffe48d575b5da5c638040125f65db0fe3e24494b76ea986457d986
static_gbm,0,single_query,0,111,1,0.035767667000,35.767667000000,1,dbc1b4c900ffe48d575b5da5c638040125f65db0fe3e24494b76ea986457d986
static_gbm,0,single_query,0,112,1,0.039054800000,39.054800000000,-1,6e340b9cffb37a989ca544e6bb780a2c78901d3fb33738768511a30617afa01d
static_gbm,0,single_query,0,113,1,0.045000615000,45.000615000000,-1,6e340b9cffb37a989ca544e6bb780a2c78901d3fb33738768511a30617afa01d
static_gbm,0,single_query,0,114,1,0.042984042000,42.984042000000,1,dbc1b4c900ffe48d575b5da5c638040125f65db0fe3e24494b76ea986457d986
static_gbm,0,single_query,0,115,1,0.036446698000,36.446698000000,1,dbc1b4c900ffe48d575b5da5c638040125f65db0fe3e24494b76ea986457d986
static_gbm,0,single_query,0,116,1,0.038836069000,38.836069000000,1,dbc1b4c900ffe48d575b5da5c638040125f65db0fe3e24494b76ea986457d986
static_gbm,0,single_query,0,117,1,0.043565207000,43.565207000000,1,dbc1b4c900ffe48d575b5da5c638040125f65db0fe3e24494b76ea986457d986
static_gbm,0,single_query,0,118,1,0.042908636000,42.908636000000,1,dbc1b4c900ffe48d575b5da5c638040125f65db0fe3e24494b76ea986457d986
static_gbm,0,single_query,0,119,1,0.037347263000,37.347263000000,-1,6e340b9cffb37a989ca544e6bb780a2c78901d3fb33738768511a30617afa01d
static_gbm,0,single_query,0,120,1,0.022324825000,22.324825000000,-1,6e340b9cffb37a989ca544e6bb780a2c78901d3fb33738768511a30617afa01d
static_gbm,0,single_query,0,121,1,0.143392817000,143.392817000000,1,dbc1b4c900ffe48d575b5da5c638040125f65db0fe3e24494b76ea986457d986
static_gbm,0,single_query,0,122,1,0.066146410000,66.146410000000,1,dbc1b4c900ffe48d575b5da5c638040125f65db0fe3e24494b76ea986457d986
static_gbm,0,single_query,0,123,1,0.079791663000,79.791663000000,1,dbc1b4c900ffe48d575b5da5c638040125f65db0fe3e24494b76ea986457d986
static_gbm,0,single_query,0,124,1,0.080214201000,80.214201000000,-1,6e340b9cffb37a989ca544e6bb780a2c78901d3fb33738768511a30617afa01d
static_gbm,0,single_query,0,125,1,0.074026887000,74.026887000000,-1,6e340b9cffb37a989ca544e6bb780a2c78901d3fb33738768511a30617afa01d
static_gbm,0,single_query,0,126,1,0.080478013000,80.478013000000,1,dbc1b4c900ffe48d575b5da5c638040125f65db0fe3e24494b76ea986457d986
static_gbm,0,single_query,0,127,1,0.044072892000,44.072892000000,-1,6e340b9cffb37a989ca544e6bb780a2c78901d3fb33738768511a30617afa01d
static_gbm,0,single_query,0,128,1,0.053585021000,53.585021000000,-1,6e340b9cffb37a989ca544e6bb780a2c78901d3fb33738768511a30617afa01d
static_gbm,0,single_query,0,129,1,0.053598133000,53.598133000000,1,dbc1b4c900ffe48d575b5da5c638040125f65db0fe3e24494b76ea986457d986
static_gbm,0,single_query,0,130,1,0.054336804000,54.336804000000,1,dbc1b4c900ffe48d575b5da5c638040125f65db0fe3e24494b76ea986457d986
static_gbm,0,single_query,0,131,1,0.043678135000,43.678135000000,1,dbc1b4c900ffe48d575b5da5c638040125f65db0fe3e24494b76ea986457d986
static_gbm,0,single_query,0,132,1,0.071843143000,71.843143000000,-1,6e340b9cffb37a989ca544e6bb780a2c78901d3fb33738768511a30617afa01d
static_gbm,0,single_query,0,133,1,0.046110501000,46.110501000000,-1,6e340b9cffb37a989ca544e6bb780a2c78901d3fb33738768511a30617afa01d
static_gbm,0,single_query,0,134,1,0.063353403000,63.353403000000,1,dbc1b4c900ffe48d575b5da5c638040125f65db0fe3e24494b76ea986457d986
static_gbm,0,single_query,0,135,1,0.065191841000,65.191841000000,1,dbc1b4c900ffe48d575b5da5c638040125f65db0fe3e24494b76ea986457d986
static_gbm,0,single_query,0,136,1,0.055989581000,55.989581000000,-1,6e340b9cffb37a989ca544e6bb780a2c78901d3fb33738768511a30617afa01d
static_gbm,0,single_query,0,137,1,0.052084078000,52.084078000000,1,dbc1b4c900ffe48d575b5da5c638040125f65db0fe3e24494b76ea986457d986
static_gbm,0,single_query,0,138,1,0.051356128000,51.356128000000,-1,6e340b9cffb37a989ca544e6bb780a2c78901d3fb33738768511a30617afa01d
static_gbm,0,single_query,0,139,1,0.054987797000,54.987797000000,-1,6e340b9cffb37a989ca544e6bb780a2c78901d3fb33738768511a30617afa01d
static_gbm,0,single_query,0,140,1,0.036034188000,36.034188000000,-1,6e340b9cffb37a989ca544e6bb780a2c78901d3fb33738768511a30617afa01d
static_gbm,0,single_query,0,141,1,0.048945588000,48.945588000000,1,dbc1b4c900ffe48d575b5da5c638040125f65db0fe3e24494b76ea986457d986
static_gbm,0,single_query,0,142,1,0.050669777000,50.669777000000,-1,6e340b9cffb37a989ca544e6bb780a2c78901d3fb33738768511a30617afa01d
static_gbm,0,single_query,0,143,1,0.062352556000,62.352556000000,-1,6e340b9cffb37a989ca544e6bb780a2c78901d3fb33738768511a30617afa01d
static_gbm,0,single_query,0,144,1,0.062647909000,62.647909000000,-1,6e340b9cffb37a989ca544e6bb780a2c78901d3fb33738768511a30617afa01d
static_gbm,0,single_query,0,145,1,0.065690043000,65.690043000000,1,dbc1b4c900ffe48d575b5da5c638040125f65db0fe3e24494b76ea986457d986
static_gbm,0,single_query,0,146,1,0.059078061000,59.078061000000,-1,6e340b9cffb37a989ca544e6bb780a2c78901d3fb33738768511a30617afa01d
static_gbm,0,single_query,0,147,1,0.085235796000,85.235796000000,-1,6e340b9cffb37a989ca544e6bb780a2c78901d3fb33738768511a30617afa01d
static_gbm,0,single_query,0,148,1,0.088468991000,88.468991000000,1,dbc1b4c900ffe48d575b5da5c638040125f65db0fe3e24494b76ea986457d986
static_gbm,0,single_query,0,149,1,0.121639423000,121.639423000000,1,dbc1b4c900ffe48d575b5da5c638040125f65db0fe3e24494b76ea986457d986
static_gbm,0,single_query,0,150,1,0.125742339000,125.742339000000,-1,6e340b9cffb37a989ca544e6bb780a2c78901d3fb33738768511a30617afa01d
static_gbm,0,single_query,0,151,1,0.116780398000,116.780398000000,-1,6e340b9cffb37a989ca544e6bb780a2c78901d3fb33738768511a30617afa01d
static_gbm,0,single_query,0,152,1,0.113427803000,113.427803000000,-1,6e340b9cffb37a989ca544e6bb780a2c78901d3fb33738768511a30617afa01d
static_gbm,0,single_query,0,153,1,0.111620295000,111.620295000000,-1,6e340b9cffb37a989ca544e6bb780a2c78901d3fb33738768511a30617afa01d
static_gbm,0,single_query,0,154,1,0.111182943000,111.182943000000,1,dbc1b4c900ffe48d575b5da5c638040125f65db0fe3e24494b76ea986457d986
static_gbm,0,single_query,0,155,1,0.104662667000,104.662667000000,1,dbc1b4c900ffe48d575b5da5c638040125f65db0fe3e24494b76ea986457d986
static_gbm,0,single_query,0,156,1,0.106788596000,106.788596000000,1,dbc1b4c900ffe48d575b5da5c638040125f65db0fe3e24494b76ea986457d986
static_gbm,0,single_query,0,157,1,0.128414112000,128.414112000000,-1,6e340b9cffb37a989ca544e6bb780a2c78901d3fb33738768511a30617afa01d
static_gbm,0,single_query,0,158,1,0.133737127000,133.737127000000,1,dbc1b4c900ffe48d575b5da5c638040125f65db0fe3e24494b76ea986457d986
static_gbm,0,single_query,0,159,1,0.124909100000,124.909100000000,-1,6e340b9cffb37a989ca544e6bb780a2c78901d3fb33738768511a30617afa01d
static_gbm,0,single_query,0,160,1,0.129161003000,129.161003000000,-1,6e340b9cffb37a989ca544e6bb780a2c78901d3fb33738768511a30617afa01d
static_gbm,0,single_query,0,161,1,0.040695213000,40.695213000000,1,dbc1b4c900ffe48d575b5da5c638040125f65db0fe3e24494b76ea986457d986
static_gbm,0,single_query,0,162,1,0.048558696000,48.558696000000,-1,6e340b9cffb37a989ca544e6bb780a2c78901d3fb33738768511a30617afa01d
static_gbm,0,single_query,0,163,1,0.079525747000,79.525747000000,1,dbc1b4c900ffe48d575b5da5c638040125f65db0fe3e24494b76ea986457d986
static_gbm,0,single_query,0,164,1,0.054001162000,54.001162000000,-1,6e340b9cffb37a989ca544e6bb780a2c78901d3fb33738768511a30617afa01d
static_gbm,0,single_query,0,165,1,0.092969675000,92.969675000000,-1,6e340b9cffb37a989ca544e6bb780a2c78901d3fb33738768511a30617afa01d
static_gbm,0,single_query,0,166,1,0.093726380000,93.726380000000,1,dbc1b4c900ffe48d575b5da5c638040125f65db0fe3e24494b76ea986457d986
static_gbm,0,single_query,0,167,1,0.103425316000,103.425316000000,-1,6e340b9cffb37a989ca544e6bb780a2c78901d3fb33738768511a30617afa01d
static_gbm,0,single_query,0,168,1,0.083687454000,83.687454000000,1,dbc1b4c900ffe48d575b5da5c638040125f65db0fe3e24494b76ea986457d986
static_gbm,0,single_query,0,169,1,0.081654437000,81.654437000000,-1,6e340b9cffb37a989ca544e6bb780a2c78901d3fb33738768511a30617afa01d
static_gbm,0,single_query,0,170,1,0.043314872000,43.314872000000,-1,6e340b9cffb37a989ca544e6bb780a2c78901d3fb33738768511a30617afa01d
static_gbm,0,single_query,0,171,1,0.046084483000,46.084483000000,1,dbc1b4c900ffe48d575b5da5c638040125f65db0fe3e24494b76ea986457d986
static_gbm,0,single_query,0,172,1,0.045198611000,45.198611000000,1,dbc1b4c900ffe48d575b5da5c638040125f65db0fe3e24494b76ea986457d986
static_gbm,0,single_query,0,173,1,0.039102729000,39.102729000000,-1,6e340b9cffb37a989ca544e6bb780a2c78901d3fb33738768511a30617afa01d
static_gbm,0,single_query,0,174,1,0.050078629000,50.078629000000,1,dbc1b4c900ffe48d575b5da5c638040125f65db0fe3e24494b76ea986457d986
static_gbm,0,single_query,0,175,1,0.149593766000,149.593766000000,-1,6e340b9cffb37a989ca544e6bb780a2c78901d3fb33738768511a30617afa01d
static_gbm,0,single_query,0,176,1,0.155301406000,155.301406000000,-1,6e340b9cffb37a989ca544e6bb780a2c78901d3fb33738768511a30617afa01d
static_gbm,0,single_query,0,177,1,0.167391642000,167.391642000000,1,dbc1b4c900ffe48d575b5da5c638040125f65db0fe3e24494b76ea986457d986
static_gbm,0,single_query,0,178,1,0.155757003000,155.757003000000,-1,6e340b9cffb37a989ca544e6bb780a2c78901d3fb33738768511a30617afa01d
static_gbm,0,single_query,0,179,1,0.032013844000,32.013844000000,1,dbc1b4c900ffe48d575b5da5c638040125f65db0fe3e24494b76ea986457d986
static_gbm,0,single_query,0,180,1,0.028459589000,28.459589000000,-1,6e340b9cffb37a989ca544e6bb780a2c78901d3fb33738768511a30617afa01d
static_gbm,0,single_query,0,181,1,0.039920521000,39.920521000000,-1,6e340b9cffb37a989ca544e6bb780a2c78901d3fb33738768511a30617afa01d
static_gbm,0,single_query,0,182,1,0.037069120000,37.069120000000,1,dbc1b4c900ffe48d575b5da5c638040125f65db0fe3e24494b76ea986457d986
static_gbm,0,single_query,0,183,1,0.035379263000,35.379263000000,-1,6e340b9cffb37a989ca544e6bb780a2c78901d3fb33738768511a30617afa01d
static_gbm,0,single_query,0,184,1,0.047723975000,47.723975000000,-1,6e340b9cffb37a989ca544e6bb780a2c78901d3fb33738768511a30617afa01d
static_gbm,0,single_query,0,185,1,0.045747325000,45.747325000000,1,dbc1b4c900ffe48d575b5da5c638040125f65db0fe3e24494b76ea986457d986
static_gbm,0,single_query,0,186,1,0.045323521000,45.323521000000,1,dbc1b4c900ffe48d575b5da5c638040125f65db0fe3e24494b76ea986457d986
static_gbm,0,single_query,0,187,1,0.044391506000,44.391506000000,-1,6e340b9cffb37a989ca544e6bb780a2c78901d3fb33738768511a30617afa01d
static_gbm,0,single_query,0,188,1,0.058620081000,58.620081000000,-1,6e340b9cffb37a989ca544e6bb780a2c78901d3fb33738768511a30617afa01d
static_gbm,0,single_query,0,189,1,0.056234246000,56.234246000000,-1,6e340b9cffb37a989ca544e6bb780a2c78901d3fb33738768511a30617afa01d
static_gbm,0,single_query,0,190,1,0.049606774000,49.606774000000,1,dbc1b4c900ffe48d575b5da5c638040125f65db0fe3e24494b76ea986457d986
static_gbm,0,single_query,0,191,1,0.049627070000,49.627070000000,-1,6e340b9cffb37a989ca544e6bb780a2c78901d3fb33738768511a30617afa01d
static_gbm,0,single_query,0,192,1,0.062346198000,62.346198000000,-1,6e340b9cffb37a989ca544e6bb780a2c78901d3fb33738768511a30617afa01d
static_gbm,0,single_query,0,193,1,0.065021819000,65.021819000000,1,dbc1b4c900ffe48d575b5da5c638040125f65db0fe3e24494b76ea986457d986
static_gbm,0,single_query,0,194,1,0.069009132000,69.009132000000,-1,6e340b9cffb37a989ca544e6bb780a2c78901d3fb33738768511a30617afa01d
static_gbm,0,single_query,0,195,1,0.072669896000,72.669896000000,-1,6e340b9cffb37a989ca544e6bb780a2c78901d3fb33738768511a30617afa01d
static_gbm,0,single_query,0,196,1,0.066901100000,66.901100000000,1,dbc1b4c900ffe48d575b5da5c638040125f65db0fe3e24494b76ea986457d986
static_gbm,0,single_query,0,197,1,0.076206544000,76.206544000000,-1,6e340b9cffb37a989ca544e6bb780a2c78901d3fb33738768511a30617afa01d
static_gbm,0,single_query,0,198,1,0.086888564000,86.888564000000,-1,6e340b9cffb37a989ca544e6bb780a2c78901d3fb33738768511a30617afa01d
static_gbm,0,single_query,0,199,1,0.072416638000,72.416638000000,-1,6e340b9cffb37a989ca544e6bb780a2c78901d3fb33738768511a30617afa01d
static_gbm,0,single_query,0,200,1,0.077009913000,77.009913000000,1,dbc1b4c900ffe48d575b5da5c638040125f65db0fe3e24494b76ea986457d986
static_gbm,0,single_query,0,201,1,0.069456735000,69.456735000000,1,dbc1b4c900ffe48d575b5da5c638040125f65db0fe3e24494b76ea986457d986
static_gbm,0,single_query,0,202,1,0.076888479000,76.888479000000,1,dbc1b4c900ffe48d575b5da5c638040125f65db0fe3e24494b76ea986457d986
static_gbm,0,single_query,0,203,1,0.084208196000,84.208196000000,1,dbc1b4c900ffe48d575b5da5c638040125f65db0fe3e24494b76ea986457d986
static_gbm,0,single_query,0,204,1,0.078139287000,78.139287000000,-1,6e340b9cffb37a989ca544e6bb780a2c78901d3fb33738768511a30617afa01d
static_gbm,0,single_query,0,205,1,0.068387891000,68.387891000000,1,dbc1b4c900ffe48d575b5da5c638040125f65db0fe3e24494b76ea986457d986
static_gbm,0,single_query,0,206,1,0.085535302000,85.535302000000,-1,6e340b9cffb37a989ca544e6bb780a2c78901d3fb33738768511a30617afa01d
static_gbm,0,single_query,0,207,1,0.084971333000,84.971333000000,1,dbc1b4c900ffe48d575b5da5c638040125f65db0fe3e24494b76ea986457d986
static_gbm,0,single_query,0,208,1,0.060190580000,60.190580000000,-1,6e340b9cffb37a989ca544e6bb780a2c78901d3fb33738768511a30617afa01d
static_gbm,0,single_query,0,209,1,0.055760850000,55.760850000000,1,dbc1b4c900ffe48d575b5da5c638040125f65db0fe3e24494b76ea986457d986
static_gbm,0,single_query,0,210,1,0.057862128000,57.862128000000,1,dbc1b4c900ffe48d575b5da5c638040125f65db0fe3e24494b76ea986457d986
static_gbm,0,single_query,0,211,1,0.092579812000,92.579812000000,-1,6e340b9cffb37a989ca544e6bb780a2c78901d3fb33738768511a30617afa01d
static_gbm,0,single_query,0,212,1,0.111611581000,111.611581000000,-1,6e340b9cffb37a989ca544e6bb780a2c78901d3fb33738768511a30617afa01d
static_gbm,0,single_query,0,213,1,0.046337654000,46.337654000000,1,dbc1b4c900ffe48d575b5da5c638040125f65db0fe3e24494b76ea986457d986
static_gbm,0,single_query,0,214,1,0.060824623000,60.824623000000,-1,6e340b9cffb37a989ca544e6bb780a2c78901d3fb33738768511a30617afa01d
static_gbm,0,single_query,0,215,1,0.042845742000,42.845742000000,1,dbc1b4c900ffe48d575b5da5c638040125f65db0fe3e24494b76ea986457d986
static_gbm,0,single_query,0,216,1,0.055776429000,55.776429000000,-1,6e340b9cffb37a989ca544e6bb780a2c78901d3fb33738768511a30617afa01d
static_gbm,0,single_query,0,217,1,0.054014339000,54.014339000000,1,dbc1b4c900ffe48d575b5da5c638040125f65db0fe3e24494b76ea986457d986
static_gbm,0,single_query,0,218,1,0.057523163000,57.523163000000,-1,6e340b9cffb37a989ca544e6bb780a2c78901d3fb33738768511a30617afa01d
static_gbm,0,single_query,0,219,1,0.050078161000,50.078161000000,1,dbc1b4c900ffe48d575b5da5c638040125f65db0fe3e24494b76ea986457d986
static_gbm,0,single_query,0,220,1,0.052564602000,52.564602000000,-1,6e340b9cffb37a989ca544e6bb780a2c78901d3fb33738768511a30617afa01d
static_gbm,0,single_query,0,221,1,0.076728574000,76.728574000000,-1,6e340b9cffb37a989ca544e6bb780a2c78901d3fb33738768511a30617afa01d
static_gbm,0,single_query,0,222,1,0.068523101000,68.523101000000,1,dbc1b4c900ffe48d575b5da5c638040125f65db0fe3e24494b76ea986457d986
static_gbm,0,single_query,0,223,1,0.072077968000,72.077968000000,-1,6e340b9cffb37a989ca544e6bb780a2c78901d3fb33738768511a30617afa01d
static_gbm,0,single_query,0,224,1,0.076254781000,76.254781000000,1,dbc1b4c900ffe48d575b5da5c638040125f65db0fe3e24494b76ea986457d986
static_gbm,0,single_query,0,225,1,0.076913691000,76.913691000000,1,dbc1b4c900ffe48d575b5da5c638040125f65db0fe3e24494b76ea986457d986
static_gbm,0,single_query,0,226,1,0.079114843000,79.114843000000,1,dbc1b4c900ffe48d575b5da5c638040125f65db0fe3e24494b76ea986457d986
static_gbm,0,single_query,0,227,1,0.067422709000,67.422709000000,-1,6e340b9cffb37a989ca544e6bb780a2c78901d3fb33738768511a30617afa01d
static_gbm,0,single_query,0,228,1,0.079291529000,79.291529000000,1,dbc1b4c900ffe48d575b5da5c638040125f65db0fe3e24494b76ea986457d986
static_gbm,0,single_query,0,229,1,0.080360733000,80.360733000000,-1,6e340b9cffb37a989ca544e6bb780a2c78901d3fb33738768511a30617afa01d
static_gbm,0,single_query,0,230,1,0.074431713000,74.431713000000,-1,6e340b9cffb37a989ca544e6bb780a2c78901d3fb33738768511a30617afa01d
static_gbm,0,single_query,0,231,1,0.072015953000,72.015953000000,-1,6e340b9cffb37a989ca544e6bb780a2c78901d3fb33738768511a30617afa01d
static_gbm,0,single_query,0,232,1,0.083871611000,83.871611000000,1,dbc1b4c900ffe48d575b5da5c638040125f65db0fe3e24494b76ea986457d986
static_gbm,0,single_query,0,233,1,0.080425985000,80.425985000000,1,dbc1b4c900ffe48d575b5da5c638040125f65db0fe3e24494b76ea986457d986
static_gbm,0,single_query,0,234,1,0.064029401000,64.029401000000,1,dbc1b4c900ffe48d575b5da5c638040125f65db0fe3e24494b76ea986457d986
static_gbm,0,single_query,0,235,1,0.066384686000,66.384686000000,1,dbc1b4c900ffe48d575b5da5c638040125f65db0fe3e24494b76ea986457d986
static_gbm,0,single_query,0,236,1,0.063352387000,63.352387000000,-1,6e340b9cffb37a989ca544e6bb780a2c78901d3fb33738768511a30617afa01d
static_gbm,0,single_query,0,237,1,0.058849179000,58.849179000000,-1,6e340b9cffb37a989ca544e6bb780a2c78901d3fb33738768511a30617afa01d
static_gbm,0,single_query,0,238,1,0.052732359000,52.732359000000,-1,6e340b9cffb37a989ca544e6bb780a2c78901d3fb33738768511a30617afa01d
static_gbm,0,single_query,0,239,1,0.074826088000,74.826088000000,-1,6e340b9cffb37a989ca544e6bb780a2c78901d3fb33738768511a30617afa01d
static_gbm,0,single_query,0,240,1,0.076122974000,76.122974000000,1,dbc1b4c900ffe48d575b5da5c638040125f65db0fe3e24494b76ea986457d986
static_gbm,0,single_query,0,241,1,0.078144008000,78.144008000000,1,dbc1b4c900ffe48d575b5da5c638040125f65db0fe3e24494b76ea986457d986
static_gbm,0,single_query,0,242,1,0.052681636000,52.681636000000,-1,6e340b9cffb37a989ca544e6bb780a2c78901d3fb33738768511a30617afa01d
static_gbm,0,single_query,0,243,1,0.061828007000,61.828007000000,1,dbc1b4c900ffe48d575b5da5c638040125f65db0fe3e24494b76ea986457d986
static_gbm,0,single_query,0,244,1,0.060739839000,60.739839000000,-1,6e340b9cffb37a989ca544e6bb780a2c78901d3fb33738768511a30617afa01d
static_gbm,0,single_query,0,245,1,0.093295404000,93.295404000000,-1,6e340b9cffb37a989ca544e6bb780a2c78901d3fb33738768511a30617afa01d
static_gbm,0,single_query,0,246,1,0.237794495000,237.794495000000,-1,6e340b9cffb37a989ca544e6bb780a2c78901d3fb33738768511a30617afa01d
static_gbm,0,single_query,0,247,1,0.076367555000,76.367555000000,1,dbc1b4c900ffe48d575b5da5c638040125f65db0fe3e24494b76ea986457d986
static_gbm,0,single_query,0,248,1,0.079537831000,79.537831000000,-1,6e340b9cffb37a989ca544e6bb780a2c78901d3fb33738768511a30617afa01d
static_gbm,0,single_query,0,249,1,0.068694517000,68.694517000000,-1,6e340b9cffb37a989ca544e6bb780a2c78901d3fb33738768511a30617afa01d
static_gbm,0,single_query,0,250,1,0.079116641000,79.116641000000,-1,6e340b9cffb37a989ca544e6bb780a2c78901d3fb33738768511a30617afa01d
static_gbm,0,single_query,0,251,1,0.058580670000,58.580670000000,1,dbc1b4c900ffe48d575b5da5c638040125f65db0fe3e24494b76ea986457d986
static_gbm,0,single_query,0,252,1,0.049969133000,49.969133000000,1,dbc1b4c900ffe48d575b5da5c638040125f65db0fe3e24494b76ea986457d986
static_gbm,0,single_query,0,253,1,0.067420432000,67.420432000000,1,dbc1b4c900ffe48d575b5da5c638040125f65db0fe3e24494b76ea986457d986
static_gbm,0,single_query,0,254,1,0.055984770000,55.984770000000,-1,6e340b9cffb37a989ca544e6bb780a2c78901d3fb33738768511a30617afa01d
static_gbm,0,single_query,0,255,1,0.052562809000,52.562809000000,1,dbc1b4c900ffe48d575b5da5c638040125f65db0fe3e24494b76ea986457d986
static_gbm,1,init,0,,4263,155.218266345000,,,
static_gbm,1,single_query,0,0,1,0.068737690000,68.737690000000,-1,6e340b9cffb37a989ca544e6bb780a2c78901d3fb33738768511a30617afa01d
static_gbm,1,single_query,0,1,1,0.039030193000,39.030193000000,-1,6e340b9cffb37a989ca544e6bb780a2c78901d3fb33738768511a30617afa01d
static_gbm,1,single_query,0,2,1,0.028696475000,28.696475000000,1,dbc1b4c900ffe48d575b5da5c638040125f65db0fe3e24494b76ea986457d986
static_gbm,1,single_query,0,3,1,0.039079552000,39.079552000000,-1,6e340b9cffb37a989ca544e6bb780a2c78901d3fb33738768511a30617afa01d
static_gbm,1,single_query,0,4,1,0.056000271000,56.000271000000,1,dbc1b4c900ffe48d575b5da5c638040125f65db0fe3e24494b76ea986457d986
static_gbm,1,single_query,0,5,1,0.079519628000,79.519628000000,1,dbc1b4c900ffe48d575b5da5c638040125f65db0fe3e24494b76ea986457d986
static_gbm,1,single_query,0,6,1,0.064128890000,64.128890000000,1,dbc1b4c900ffe48d575b5da5c638040125f65db0fe3e24494b76ea986457d986
static_gbm,1,single_query,0,7,1,0.042715637000,42.715637000000,-1,6e340b9cffb37a989ca544e6bb780a2c78901d3fb33738768511a30617afa01d
static_gbm,1,single_query,0,8,1,0.039008695000,39.008695000000,-1,6e340b9cffb37a989ca544e6bb780a2c78901d3fb33738768511a30617afa01d
static_gbm,1,single_query,0,9,1,0.064312311000,64.312311000000,-1,6e340b9cffb37a989ca544e6bb780a2c78901d3fb33738768511a30617afa01d
static_gbm,1,single_query,0,10,1,0.106891546000,106.891546000000,1,dbc1b4c900ffe48d575b5da5c638040125f65db0fe3e24494b76ea986457d986
static_gbm,1,single_query,0,11,1,0.088735432000,88.735432000000,1,dbc1b4c900ffe48d575b5da5c638040125f65db0fe3e24494b76ea986457d986
static_gbm,1,single_query,0,12,1,0.095956137000,95.956137000000,1,dbc1b4c900ffe48d575b5da5c638040125f65db0fe3e24494b76ea986457d986
static_gbm,1,single_query,0,13,1,0.038849753000,38.849753000000,-1,6e340b9cffb37a989ca544e6bb780a2c78901d3fb33738768511a30617afa01d
static_gbm,1,single_query,0,14,1,0.038888357000,38.888357000000,-1,6e340b9cffb37a989ca544e6bb780a2c78901d3fb33738768511a30617afa01d
static_gbm,1,single_query,0,15,1,0.049625811000,49.625811000000,-1,6e340b9cffb37a989ca544e6bb780a2c78901d3fb33738768511a30617afa01d
static_gbm,1,single_query,0,16,1,0.050700757000,50.700757000000,-1,6e340b9cffb37a989ca544e6bb780a2c78901d3fb33738768511a30617afa01d
static_gbm,1,single_query,0,17,1,0.037507729000,37.507729000000,1,dbc1b4c900ffe48d575b5da5c638040125f65db0fe3e24494b76ea986457d986
static_gbm,1,single_query,0,18,1,0.047280398000,47.280398000000,-1,6e340b9cffb37a989ca544e6bb780a2c78901d3fb33738768511a30617afa01d
static_gbm,1,single_query,0,19,1,0.026946026000,26.946026000000,1,dbc1b4c900ffe48d575b5da5c638040125f65db0fe3e24494b76ea986457d986
static_gbm,1,single_query,0,20,1,0.031557084000,31.557084000000,1,dbc1b4c900ffe48d575b5da5c638040125f65db0fe3e24494b76ea986457d986
static_gbm,1,single_query,0,21,1,0.035510661000,35.510661000000,1,dbc1b4c900ffe48d575b5da5c638040125f65db0fe3e24494b76ea986457d986
static_gbm,1,single_query,0,22,1,0.036738899000,36.738899000000,1,dbc1b4c900ffe48d575b5da5c638040125f65db0fe3e24494b76ea986457d986
static_gbm,1,single_query,0,23,1,0.038122914000,38.122914000000,-1,6e340b9cffb37a989ca544e6bb780a2c78901d3fb33738768511a30617afa01d
static_gbm,1,single_query,0,24,1,0.047066186000,47.066186000000,-1,6e340b9cffb37a989ca544e6bb780a2c78901d3fb33738768511a30617afa01d
static_gbm,1,single_query,0,25,1,0.044380808000,44.380808000000,-1,6e340b9cffb37a989ca544e6bb780a2c78901d3fb33738768511a30617afa01d
static_gbm,1,single_query,0,26,1,0.047744714000,47.744714000000,1,dbc1b4c900ffe48d575b5da5c638040125f65db0fe3e24494b76ea986457d986
static_gbm,1,single_query,0,27,1,0.043696029000,43.696029000000,1,dbc1b4c900ffe48d575b5da5c638040125f65db0fe3e24494b76ea986457d986
static_gbm,1,single_query,0,28,1,0.041476010000,41.476010000000,-1,6e340b9cffb37a989ca544e6bb780a2c78901d3fb33738768511a30617afa01d
static_gbm,1,single_query,0,29,1,0.036976244000,36.976244000000,-1,6e340b9cffb37a989ca544e6bb780a2c78901d3fb33738768511a30617afa01d
static_gbm,1,single_query,0,30,1,0.034448076000,34.448076000000,1,dbc1b4c900ffe48d575b5da5c638040125f65db0fe3e24494b76ea986457d986
static_gbm,1,single_query,0,31,1,0.037947283000,37.947283000000,1,dbc1b4c900ffe48d575b5da5c638040125f65db0fe3e24494b76ea986457d986
static_gbm,1,single_query,0,32,1,0.054217220000,54.217220000000,-1,6e340b9cffb37a989ca544e6bb780a2c78901d3fb33738768511a30617afa01d
static_gbm,1,single_query,0,33,1,0.054553648000,54.553648000000,-1,6e340b9cffb37a989ca544e6bb780a2c78901d3fb33738768511a30617afa01d
static_gbm,1,single_query,0,34,1,0.073003240000,73.003240000000,-1,6e340b9cffb37a989ca544e6bb780a2c78901d3fb33738768511a30617afa01d
static_gbm,1,single_query,0,35,1,0.080346120000,80.346120000000,1,dbc1b4c900ffe48d575b5da5c638040125f65db0fe3e24494b76ea986457d986
static_gbm,1,single_query,0,36,1,0.083861397000,83.861397000000,-1,6e340b9cffb37a989ca544e6bb780a2c78901d3fb33738768511a30617afa01d
static_gbm,1,single_query,0,37,1,0.046995503000,46.995503000000,-1,6e340b9cffb37a989ca544e6bb780a2c78901d3fb33738768511a30617afa01d
static_gbm,1,single_query,0,38,1,0.045205558000,45.205558000000,1,dbc1b4c900ffe48d575b5da5c638040125f65db0fe3e24494b76ea986457d986
static_gbm,1,single_query,0,39,1,0.033582366000,33.582366000000,-1,6e340b9cffb37a989ca544e6bb780a2c78901d3fb33738768511a30617afa01d
static_gbm,1,single_query,0,40,1,0.031960732000,31.960732000000,1,dbc1b4c900ffe48d575b5da5c638040125f65db0fe3e24494b76ea986457d986
static_gbm,1,single_query,0,41,1,0.033604125000,33.604125000000,-1,6e340b9cffb37a989ca544e6bb780a2c78901d3fb33738768511a30617afa01d
static_gbm,1,single_query,0,42,1,0.033656346000,33.656346000000,-1,6e340b9cffb37a989ca544e6bb780a2c78901d3fb33738768511a30617afa01d
static_gbm,1,single_query,0,43,1,0.030196330000,30.196330000000,1,dbc1b4c900ffe48d575b5da5c638040125f65db0fe3e24494b76ea986457d986
static_gbm,1,single_query,0,44,1,0.031968063000,31.968063000000,1,dbc1b4c900ffe48d575b5da5c638040125f65db0fe3e24494b76ea986457d986
static_gbm,1,single_query,0,45,1,0.033293752000,33.293752000000,-1,6e340b9cffb37a989ca544e6bb780a2c78901d3fb33738768511a30617afa01d
static_gbm,1,single_query,0,46,1,0.029811707000,29.811707000000,-1,6e340b9cffb37a989ca544e6bb780a2c78901d3fb33738768511a30617afa01d
static_gbm,1,single_query,0,47,1,0.035165618000,35.165618000000,1,dbc1b4c900ffe48d575b5da5c638040125f65db0fe3e24494b76ea986457d986
static_gbm,1,single_query,0,48,1,0.032519814000,32.519814000000,-1,6e340b9cffb37a989ca544e6bb780a2c78901d3fb33738768511a30617afa01d
static_gbm,1,single_query,0,49,1,0.041493945000,41.493945000000,1,dbc1b4c900ffe48d575b5da5c638040125f65db0fe3e24494b76ea986457d986
static_gbm,1,single_query,0,50,1,0.034532020000,34.532020000000,-1,6e340b9cffb37a989ca544e6bb780a2c78901d3fb33738768511a30617afa01d
static_gbm,1,single_query,0,51,1,0.038786726000,38.786726000000,1,dbc1b4c900ffe48d575b5da5c638040125f65db0fe3e24494b76ea986457d986
static_gbm,1,single_query,0,52,1,0.032416901000,32.416901000000,1,dbc1b4c900ffe48d575b5da5c638040125f65db0fe3e24494b76ea986457d986
static_gbm,1,single_query,0,53,1,0.032600819000,32.600819000000,1,dbc1b4c900ffe48d575b5da5c638040125f65db0fe3e24494b76ea986457d986
static_gbm,1,single_query,0,54,1,0.037044561000,37.044561000000,-1,6e340b9cffb37a989ca544e6bb780a2c78901d3fb33738768511a30617afa01d
static_gbm,1,single_query,0,55,1,0.033051907000,33.051907000000,-1,6e340b9cffb37a989ca544e6bb780a2c78901d3fb33738768511a30617afa01d
static_gbm,1,single_query,0,56,1,0.034294271000,34.294271000000,-1,6e340b9cffb37a989ca544e6bb780a2c78901d3fb33738768511a30617afa01d
static_gbm,1,single_query,0,57,1,0.035051509000,35.051509000000,-1,6e340b9cffb37a989ca544e6bb780a2c78901d3fb33738768511a30617afa01d
static_gbm,1,single_query,0,58,1,0.033761634000,33.761634000000,1,dbc1b4c900ffe48d575b5da5c638040125f65db0fe3e24494b76ea986457d986
static_gbm,1,single_query,0,59,1,0.039113883000,39.113883000000,-1,6e340b9cffb37a989ca544e6bb780a2c78901d3fb33738768511a30617afa01d
static_gbm,1,single_query,0,60,1,0.037906568000,37.906568000000,1,dbc1b4c900ffe48d575b5da5c638040125f65db0fe3e24494b76ea986457d986
static_gbm,1,single_query,0,61,1,0.030845125000,30.845125000000,1,dbc1b4c900ffe48d575b5da5c638040125f65db0fe3e24494b76ea986457d986
static_gbm,1,single_query,0,62,1,0.029135538000,29.135538000000,-1,6e340b9cffb37a989ca544e6bb780a2c78901d3fb33738768511a30617afa01d
static_gbm,1,single_query,0,63,1,0.033348193000,33.348193000000,-1,6e340b9cffb37a989ca544e6bb780a2c78901d3fb33738768511a30617afa01d
static_gbm,1,single_query,0,64,1,0.031857708000,31.857708000000,-1,6e340b9cffb37a989ca544e6bb780a2c78901d3fb33738768511a30617afa01d
static_gbm,1,single_query,0,65,1,0.036423913000,36.423913000000,-1,6e340b9cffb37a989ca544e6bb780a2c78901d3fb33738768511a30617afa01d
static_gbm,1,single_query,0,66,1,0.035647169000,35.647169000000,-1,6e340b9cffb37a989ca544e6bb780a2c78901d3fb33738768511a30617afa01d
static_gbm,1,single_query,0,67,1,0.035942541000,35.942541000000,1,dbc1b4c900ffe48d575b5da5c638040125f65db0fe3e24494b76ea986457d986
static_gbm,1,single_query,0,68,1,0.040078031000,40.078031000000,-1,6e340b9cffb37a989ca544e6bb780a2c78901d3fb33738768511a30617afa01d
static_gbm,1,single_query,0,69,1,0.038141009000,38.141009000000,-1,6e340b9cffb37a989ca544e6bb780a2c78901d3fb33738768511a30617afa01d
static_gbm,1,single_query,0,70,1,0.038524735000,38.524735000000,1,dbc1b4c900ffe48d575b5da5c638040125f65db0fe3e24494b76ea986457d986
static_gbm,1,single_query,0,71,1,0.037041701000,37.041701000000,1,dbc1b4c900ffe48d575b5da5c638040125f65db0fe3e24494b76ea986457d986
static_gbm,1,single_query,0,72,1,0.035304864000,35.304864000000,-1,6e340b9cffb37a989ca544e6bb780a2c78901d3fb33738768511a30617afa01d
static_gbm,1,single_query,0,73,1,0.039591787000,39.591787000000,-1,6e340b9cffb37a989ca544e6bb780a2c78901d3fb33738768511a30617afa01d
static_gbm,1,single_query,0,74,1,0.039595097000,39.595097000000,1,dbc1b4c900ffe48d575b5da5c638040125f65db0fe3e24494b76ea986457d986
static_gbm,1,single_query,0,75,1,0.038705306000,38.705306000000,1,dbc1b4c900ffe48d575b5da5c638040125f65db0fe3e24494b76ea986457d986
static_gbm,1,single_query,0,76,1,0.042018301000,42.018301000000,1,dbc1b4c900ffe48d575b5da5c638040125f65db0fe3e24494b76ea986457d986
static_gbm,1,single_query,0,77,1,0.038110608000,38.110608000000,-1,6e340b9cffb37a989ca544e6bb780a2c78901d3fb33738768511a30617afa01d
static_gbm,1,single_query,0,78,1,0.024505721000,24.505721000000,1,dbc1b4c900ffe48d575b5da5c638040125f65db0fe3e24494b76ea986457d986
static_gbm,1,single_query,0,79,1,0.028560983000,28.560983000000,-1,6e340b9cffb37a989ca544e6bb780a2c78901d3fb33738768511a30617afa01d
static_gbm,1,single_query,0,80,1,0.028067526000,28.067526000000,1,dbc1b4c900ffe48d575b5da5c638040125f65db0fe3e24494b76ea986457d986
static_gbm,1,single_query,0,81,1,0.026343450000,26.343450000000,1,dbc1b4c900ffe48d575b5da5c638040125f65db0fe3e24494b76ea986457d986
static_gbm,1,single_query,0,82,1,0.034096579000,34.096579000000,-1,6e340b9cffb37a989ca544e6bb780a2c78901d3fb33738768511a30617afa01d
static_gbm,1,single_query,0,83,1,0.034069371000,34.069371000000,1,dbc1b4c900ffe48d575b5da5c638040125f65db0fe3e24494b76ea986457d986
static_gbm,1,single_query,0,84,1,0.036484490000,36.484490000000,-1,6e340b9cffb37a989ca544e6bb780a2c78901d3fb33738768511a30617afa01d
static_gbm,1,single_query,0,85,1,0.036946722000,36.946722000000,1,dbc1b4c900ffe48d575b5da5c638040125f65db0fe3e24494b76ea986457d986
static_gbm,1,single_query,0,86,1,0.039358487000,39.358487000000,1,dbc1b4c900ffe48d575b5da5c638040125f65db0fe3e24494b76ea986457d986
static_gbm,1,single_query,0,87,1,0.035769757000,35.769757000000,-1,6e340b9cffb37a989ca544e6bb780a2c78901d3fb33738768511a30617afa01d
static_gbm,1,single_query,0,88,1,0.033663774000,33.663774000000,-1,6e340b9cffb37a989ca544e6bb780a2c78901d3fb33738768511a30617afa01d
static_gbm,1,single_query,0,89,1,0.030191755000,30.191755000000,-1,6e340b9cffb37a989ca544e6bb780a2c78901d3fb33738768511a30617afa01d
static_gbm,1,single_query,0,90,1,0.035832100000,35.832100000000,1,dbc1b4c900ffe48d575b5da5c638040125f65db0fe3e24494b76ea986457d986
static_gbm,1,single_query,0,91,1,0.032576608000,32.576608000000,-1,6e340b9cffb37a989ca544e6bb780a2c78901d3fb33738768511a30617afa01d
static_gbm,1,single_query,0,92,1,0.034322472000,34.322472000000,1,dbc1b4c900ffe48d575b5da5c638040125f65db0fe3e24494b76ea986457d986
static_gbm,1,single_query,0,93,1,0.035954354000,35.954354000000,1,dbc1b4c900ffe48d575b5da5c638040125f65db0fe3e24494b76ea986457d986
static_gbm,1,single_query,0,94,1,0.035868820000,35.868820000000,-1,6e340b9cffb37a989ca544e6bb780a2c78901d3fb33738768511a30617afa01d
static_gbm,1,single_query,0,95,1,0.035265497000,35.265497000000,-1,6e340b9cffb37a989ca544e6bb780a2c78901d3fb33738768511a30617afa01d
static_gbm,1,single_query,0,96,1,0.034741688000,34.741688000000,-1,6e340b9cffb37a989ca544e6bb780a2c78901d3fb33738768511a30617afa01d
static_gbm,1,single_query,0,97,1,0.034366940000,34.366940000000,1,dbc1b4c900ffe48d575b5da5c638040125f65db0fe3e24494b76ea986457d986
static_gbm,1,single_query,0,98,1,0.032327468000,32.327468000000,1,dbc1b4c900ffe48d575b5da5c638040125f65db0fe3e24494b76ea986457d986
static_gbm,1,single_query,0,99,1,0.035539509000,35.539509000000,1,dbc1b4c900ffe48d575b5da5c638040125f65db0fe3e24494b76ea986457d986
static_gbm,1,single_query,0,100,1,0.034046671000,34.046671000000,1,dbc1b4c900ffe48d575b5da5c638040125f65db0fe3e24494b76ea986457d986
static_gbm,1,single_query,0,101,1,0.037682276000,37.682276000000,-1,6e340b9cffb37a989ca544e6bb780a2c78901d3fb33738768511a30617afa01d
static_gbm,1,single_query,0,102,1,0.033284228000,33.284228000000,-1,6e340b9cffb37a989ca544e6bb780a2c78901d3fb33738768511a30617afa01d
static_gbm,1,single_query,0,103,1,0.040504829000,40.504829000000,1,dbc1b4c900ffe48d575b5da5c638040125f65db0fe3e24494b76ea986457d986
static_gbm,1,single_query,0,104,1,0.046098362000,46.098362000000,1,dbc1b4c900ffe48d575b5da5c638040125f65db0fe3e24494b76ea986457d986
static_gbm,1,single_query,0,105,1,0.038896226000,38.896226000000,-1,6e340b9cffb37a989ca544e6bb780a2c78901d3fb33738768511a30617afa01d
static_gbm,1,single_query,0,106,1,0.060228084000,60.228084000000,1,dbc1b4c900ffe48d575b5da5c638040125f65db0fe3e24494b76ea986457d986
static_gbm,1,single_query,0,107,1,0.041012843000,41.012843000000,1,dbc1b4c900ffe48d575b5da5c638040125f65db0fe3e24494b76ea986457d986
static_gbm,1,single_query,0,108,1,0.037047695000,37.047695000000,1,dbc1b4c900ffe48d575b5da5c638040125f65db0fe3e24494b76ea986457d986
static_gbm,1,single_query,0,109,1,0.040562131000,40.562131000000,-1,6e340b9cffb37a989ca544e6bb780a2c78901d3fb33738768511a30617afa01d
static_gbm,1,single_query,0,110,1,0.035086980000,35.086980000000,1,dbc1b4c900ffe48d575b5da5c638040125f65db0fe3e24494b76ea986457d986
static_gbm,1,single_query,0,111,1,0.035816905000,35.816905000000,1,dbc1b4c900ffe48d575b5da5c638040125f65db0fe3e24494b76ea986457d986
static_gbm,1,single_query,0,112,1,0.039469931000,39.469931000000,-1,6e340b9cffb37a989ca544e6bb780a2c78901d3fb33738768511a30617afa01d
static_gbm,1,single_query,0,113,1,0.045467870000,45.467870000000,-1,6e340b9cffb37a989ca544e6bb780a2c78901d3fb33738768511a30617afa01d
static_gbm,1,single_query,0,114,1,0.043144260000,43.144260000000,1,dbc1b4c900ffe48d575b5da5c638040125f65db0fe3e24494b76ea986457d986
static_gbm,1,single_query,0,115,1,0.036405950000,36.405950000000,1,dbc1b4c900ffe48d575b5da5c638040125f65db0fe3e24494b76ea986457d986
static_gbm,1,single_query,0,116,1,0.039078987000,39.078987000000,1,dbc1b4c900ffe48d575b5da5c638040125f65db0fe3e24494b76ea986457d986
static_gbm,1,single_query,0,117,1,0.043735903000,43.735903000000,1,dbc1b4c900ffe48d575b5da5c638040125f65db0fe3e24494b76ea986457d986
static_gbm,1,single_query,0,118,1,0.043207368000,43.207368000000,1,dbc1b4c900ffe48d575b5da5c638040125f65db0fe3e24494b76ea986457d986
static_gbm,1,single_query,0,119,1,0.037075754000,37.075754000000,-1,6e340b9cffb37a989ca544e6bb780a2c78901d3fb33738768511a30617afa01d
static_gbm,1,single_query,0,120,1,0.022275756000,22.275756000000,-1,6e340b9cffb37a989ca544e6bb780a2c78901d3fb33738768511a30617afa01d
static_gbm,1,single_query,0,121,1,0.143539485000,143.539485000000,1,dbc1b4c900ffe48d575b5da5c638040125f65db0fe3e24494b76ea986457d986
static_gbm,1,single_query,0,122,1,0.066616356000,66.616356000000,1,dbc1b4c900ffe48d575b5da5c638040125f65db0fe3e24494b76ea986457d986
static_gbm,1,single_query,0,123,1,0.079647743000,79.647743000000,1,dbc1b4c900ffe48d575b5da5c638040125f65db0fe3e24494b76ea986457d986
static_gbm,1,single_query,0,124,1,0.080223844000,80.223844000000,-1,6e340b9cffb37a989ca544e6bb780a2c78901d3fb33738768511a30617afa01d
static_gbm,1,single_query,0,125,1,0.074452053000,74.452053000000,-1,6e340b9cffb37a989ca544e6bb780a2c78901d3fb33738768511a30617afa01d
static_gbm,1,single_query,0,126,1,0.080579896000,80.579896000000,1,dbc1b4c900ffe48d575b5da5c638040125f65db0fe3e24494b76ea986457d986
static_gbm,1,single_query,0,127,1,0.044016004000,44.016004000000,-1,6e340b9cffb37a989ca544e6bb780a2c78901d3fb33738768511a30617afa01d
static_gbm,1,single_query,0,128,1,0.055024649000,55.024649000000,-1,6e340b9cffb37a989ca544e6bb780a2c78901d3fb33738768511a30617afa01d
static_gbm,1,single_query,0,129,1,0.056323278000,56.323278000000,1,dbc1b4c900ffe48d575b5da5c638040125f65db0fe3e24494b76ea986457d986
static_gbm,1,single_query,0,130,1,0.058595090000,58.595090000000,1,dbc1b4c900ffe48d575b5da5c638040125f65db0fe3e24494b76ea986457d986
static_gbm,1,single_query,0,131,1,0.047174001000,47.174001000000,1,dbc1b4c900ffe48d575b5da5c638040125f65db0fe3e24494b76ea986457d986
static_gbm,1,single_query,0,132,1,0.071909788000,71.909788000000,-1,6e340b9cffb37a989ca544e6bb780a2c78901d3fb33738768511a30617afa01d
static_gbm,1,single_query,0,133,1,0.045856122000,45.856122000000,-1,6e340b9cffb37a989ca544e6bb780a2c78901d3fb33738768511a30617afa01d
static_gbm,1,single_query,0,134,1,0.063497094000,63.497094000000,1,dbc1b4c900ffe48d575b5da5c638040125f65db0fe3e24494b76ea986457d986
static_gbm,1,single_query,0,135,1,0.064923632000,64.923632000000,1,dbc1b4c900ffe48d575b5da5c638040125f65db0fe3e24494b76ea986457d986
static_gbm,1,single_query,0,136,1,0.056339653000,56.339653000000,-1,6e340b9cffb37a989ca544e6bb780a2c78901d3fb33738768511a30617afa01d
static_gbm,1,single_query,0,137,1,0.052315904000,52.315904000000,1,dbc1b4c900ffe48d575b5da5c638040125f65db0fe3e24494b76ea986457d986
static_gbm,1,single_query,0,138,1,0.051528608000,51.528608000000,-1,6e340b9cffb37a989ca544e6bb780a2c78901d3fb33738768511a30617afa01d
static_gbm,1,single_query,0,139,1,0.054651056000,54.651056000000,-1,6e340b9cffb37a989ca544e6bb780a2c78901d3fb33738768511a30617afa01d
static_gbm,1,single_query,0,140,1,0.036668922000,36.668922000000,-1,6e340b9cffb37a989ca544e6bb780a2c78901d3fb33738768511a30617afa01d
static_gbm,1,single_query,0,141,1,0.049008632000,49.008632000000,1,dbc1b4c900ffe48d575b5da5c638040125f65db0fe3e24494b76ea986457d986
static_gbm,1,single_query,0,142,1,0.050576165000,50.576165000000,-1,6e340b9cffb37a989ca544e6bb780a2c78901d3fb33738768511a30617afa01d
static_gbm,1,single_query,0,143,1,0.062150452000,62.150452000000,-1,6e340b9cffb37a989ca544e6bb780a2c78901d3fb33738768511a30617afa01d
static_gbm,1,single_query,0,144,1,0.062287176000,62.287176000000,-1,6e340b9cffb37a989ca544e6bb780a2c78901d3fb33738768511a30617afa01d
static_gbm,1,single_query,0,145,1,0.065534797000,65.534797000000,1,dbc1b4c900ffe48d575b5da5c638040125f65db0fe3e24494b76ea986457d986
static_gbm,1,single_query,0,146,1,0.059444885000,59.444885000000,-1,6e340b9cffb37a989ca544e6bb780a2c78901d3fb33738768511a30617afa01d
static_gbm,1,single_query,0,147,1,0.085053801000,85.053801000000,-1,6e340b9cffb37a989ca544e6bb780a2c78901d3fb33738768511a30617afa01d
static_gbm,1,single_query,0,148,1,0.088570108000,88.570108000000,1,dbc1b4c900ffe48d575b5da5c638040125f65db0fe3e24494b76ea986457d986
static_gbm,1,single_query,0,149,1,0.121620466000,121.620466000000,1,dbc1b4c900ffe48d575b5da5c638040125f65db0fe3e24494b76ea986457d986
static_gbm,1,single_query,0,150,1,0.125648227000,125.648227000000,-1,6e340b9cffb37a989ca544e6bb780a2c78901d3fb33738768511a30617afa01d
static_gbm,1,single_query,0,151,1,0.117071575000,117.071575000000,-1,6e340b9cffb37a989ca544e6bb780a2c78901d3fb33738768511a30617afa01d
static_gbm,1,single_query,0,152,1,0.113041175000,113.041175000000,-1,6e340b9cffb37a989ca544e6bb780a2c78901d3fb33738768511a30617afa01d
static_gbm,1,single_query,0,153,1,0.111379927000,111.379927000000,-1,6e340b9cffb37a989ca544e6bb780a2c78901d3fb33738768511a30617afa01d
static_gbm,1,single_query,0,154,1,0.111153744000,111.153744000000,1,dbc1b4c900ffe48d575b5da5c638040125f65db0fe3e24494b76ea986457d986
static_gbm,1,single_query,0,155,1,0.104611217000,104.611217000000,1,dbc1b4c900ffe48d575b5da5c638040125f65db0fe3e24494b76ea986457d986
static_gbm,1,single_query,0,156,1,0.106064880000,106.064880000000,1,dbc1b4c900ffe48d575b5da5c638040125f65db0fe3e24494b76ea986457d986
static_gbm,1,single_query,0,157,1,0.128077488000,128.077488000000,-1,6e340b9cffb37a989ca544e6bb780a2c78901d3fb33738768511a30617afa01d
static_gbm,1,single_query,0,158,1,0.134015303000,134.015303000000,1,dbc1b4c900ffe48d575b5da5c638040125f65db0fe3e24494b76ea986457d986
static_gbm,1,single_query,0,159,1,0.116894227000,116.894227000000,-1,6e340b9cffb37a989ca544e6bb780a2c78901d3fb33738768511a30617afa01d
static_gbm,1,single_query,0,160,1,0.129206019000,129.206019000000,-1,6e340b9cffb37a989ca544e6bb780a2c78901d3fb33738768511a30617afa01d
static_gbm,1,single_query,0,161,1,0.040319856000,40.319856000000,1,dbc1b4c900ffe48d575b5da5c638040125f65db0fe3e24494b76ea986457d986
static_gbm,1,single_query,0,162,1,0.048467204000,48.467204000000,-1,6e340b9cffb37a989ca544e6bb780a2c78901d3fb33738768511a30617afa01d
static_gbm,1,single_query,0,163,1,0.079756283000,79.756283000000,1,dbc1b4c900ffe48d575b5da5c638040125f65db0fe3e24494b76ea986457d986
static_gbm,1,single_query,0,164,1,0.054208855000,54.208855000000,-1,6e340b9cffb37a989ca544e6bb780a2c78901d3fb33738768511a30617afa01d
static_gbm,1,single_query,0,165,1,0.092950324000,92.950324000000,-1,6e340b9cffb37a989ca544e6bb780a2c78901d3fb33738768511a30617afa01d
static_gbm,1,single_query,0,166,1,0.094251033000,94.251033000000,1,dbc1b4c900ffe48d575b5da5c638040125f65db0fe3e24494b76ea986457d986
static_gbm,1,single_query,0,167,1,0.103194217000,103.194217000000,-1,6e340b9cffb37a989ca544e6bb780a2c78901d3fb33738768511a30617afa01d
static_gbm,1,single_query,0,168,1,0.083350384000,83.350384000000,1,dbc1b4c900ffe48d575b5da5c638040125f65db0fe3e24494b76ea986457d986
static_gbm,1,single_query,0,169,1,0.081327081000,81.327081000000,-1,6e340b9cffb37a989ca544e6bb780a2c78901d3fb33738768511a30617afa01d
static_gbm,1,single_query,0,170,1,0.043010976000,43.010976000000,-1,6e340b9cffb37a989ca544e6bb780a2c78901d3fb33738768511a30617afa01d
static_gbm,1,single_query,0,171,1,0.046174913000,46.174913000000,1,dbc1b4c900ffe48d575b5da5c638040125f65db0fe3e24494b76ea986457d986
static_gbm,1,single_query,0,172,1,0.044598933000,44.598933000000,1,dbc1b4c900ffe48d575b5da5c638040125f65db0fe3e24494b76ea986457d986
static_gbm,1,single_query,0,173,1,0.038717899000,38.717899000000,-1,6e340b9cffb37a989ca544e6bb780a2c78901d3fb33738768511a30617afa01d
static_gbm,1,single_query,0,174,1,0.049826318000,49.826318000000,1,dbc1b4c900ffe48d575b5da5c638040125f65db0fe3e24494b76ea986457d986
static_gbm,1,single_query,0,175,1,0.149677783000,149.677783000000,-1,6e340b9cffb37a989ca544e6bb780a2c78901d3fb33738768511a30617afa01d
static_gbm,1,single_query,0,176,1,0.155603356000,155.603356000000,-1,6e340b9cffb37a989ca544e6bb780a2c78901d3fb33738768511a30617afa01d
static_gbm,1,single_query,0,177,1,0.167952959000,167.952959000000,1,dbc1b4c900ffe48d575b5da5c638040125f65db0fe3e24494b76ea986457d986
static_gbm,1,single_query,0,178,1,0.155287081000,155.287081000000,-1,6e340b9cffb37a989ca544e6bb780a2c78901d3fb33738768511a30617afa01d
static_gbm,1,single_query,0,179,1,0.033104697000,33.104697000000,1,dbc1b4c900ffe48d575b5da5c638040125f65db0fe3e24494b76ea986457d986
static_gbm,1,single_query,0,180,1,0.028344758000,28.344758000000,-1,6e340b9cffb37a989ca544e6bb780a2c78901d3fb33738768511a30617afa01d
static_gbm,1,single_query,0,181,1,0.039762578000,39.762578000000,-1,6e340b9cffb37a989ca544e6bb780a2c78901d3fb33738768511a30617afa01d
static_gbm,1,single_query,0,182,1,0.036679272000,36.679272000000,1,dbc1b4c900ffe48d575b5da5c638040125f65db0fe3e24494b76ea986457d986
static_gbm,1,single_query,0,183,1,0.035353344000,35.353344000000,-1,6e340b9cffb37a989ca544e6bb780a2c78901d3fb33738768511a30617afa01d
static_gbm,1,single_query,0,184,1,0.048099670000,48.099670000000,-1,6e340b9cffb37a989ca544e6bb780a2c78901d3fb33738768511a30617afa01d
static_gbm,1,single_query,0,185,1,0.045620146000,45.620146000000,1,dbc1b4c900ffe48d575b5da5c638040125f65db0fe3e24494b76ea986457d986
static_gbm,1,single_query,0,186,1,0.045319706000,45.319706000000,1,dbc1b4c900ffe48d575b5da5c638040125f65db0fe3e24494b76ea986457d986
static_gbm,1,single_query,0,187,1,0.044353034000,44.353034000000,-1,6e340b9cffb37a989ca544e6bb780a2c78901d3fb33738768511a30617afa01d
static_gbm,1,single_query,0,188,1,0.059188386000,59.188386000000,-1,6e340b9cffb37a989ca544e6bb780a2c78901d3fb33738768511a30617afa01d
static_gbm,1,single_query,0,189,1,0.056167761000,56.167761000000,-1,6e340b9cffb37a989ca544e6bb780a2c78901d3fb33738768511a30617afa01d
static_gbm,1,single_query,0,190,1,0.049540360000,49.540360000000,1,dbc1b4c900ffe48d575b5da5c638040125f65db0fe3e24494b76ea986457d986
static_gbm,1,single_query,0,191,1,0.049749517000,49.749517000000,-1,6e340b9cffb37a989ca544e6bb780a2c78901d3fb33738768511a30617afa01d
static_gbm,1,single_query,0,192,1,0.062268743000,62.268743000000,-1,6e340b9cffb37a989ca544e6bb780a2c78901d3fb33738768511a30617afa01d
static_gbm,1,single_query,0,193,1,0.065311762000,65.311762000000,1,dbc1b4c900ffe48d575b5da5c638040125f65db0fe3e24494b76ea986457d986
static_gbm,1,single_query,0,194,1,0.068871627000,68.871627000000,-1,6e340b9cffb37a989ca544e6bb780a2c78901d3fb33738768511a30617afa01d
static_gbm,1,single_query,0,195,1,0.072966974000,72.966974000000,-1,6e340b9cffb37a989ca544e6bb780a2c78901d3fb33738768511a30617afa01d
static_gbm,1,single_query,0,196,1,0.066986280000,66.986280000000,1,dbc1b4c900ffe48d575b5da5c638040125f65db0fe3e24494b76ea986457d986
static_gbm,1,single_query,0,197,1,0.076328259000,76.328259000000,-1,6e340b9cffb37a989ca544e6bb780a2c78901d3fb33738768511a30617afa01d
static_gbm,1,single_query,0,198,1,0.086392778000,86.392778000000,-1,6e340b9cffb37a989ca544e6bb780a2c78901d3fb33738768511a30617afa01d
static_gbm,1,single_query,0,199,1,0.072633598000,72.633598000000,-1,6e340b9cffb37a989ca544e6bb780a2c78901d3fb33738768511a30617afa01d
static_gbm,1,single_query,0,200,1,0.077125388000,77.125388000000,1,dbc1b4c900ffe48d575b5da5c638040125f65db0fe3e24494b76ea986457d986
static_gbm,1,single_query,0,201,1,0.069421741000,69.421741000000,1,dbc1b4c900ffe48d575b5da5c638040125f65db0fe3e24494b76ea986457d986
static_gbm,1,single_query,0,202,1,0.076445257000,76.445257000000,1,dbc1b4c900ffe48d575b5da5c638040125f65db0fe3e24494b76ea986457d986
static_gbm,1,single_query,0,203,1,0.079614941000,79.614941000000,1,dbc1b4c900ffe48d575b5da5c638040125f65db0fe3e24494b76ea986457d986
static_gbm,1,single_query,0,204,1,0.071955421000,71.955421000000,-1,6e340b9cffb37a989ca544e6bb780a2c78901d3fb33738768511a30617afa01d
static_gbm,1,single_query,0,205,1,0.066860710000,66.860710000000,1,dbc1b4c900ffe48d575b5da5c638040125f65db0fe3e24494b76ea986457d986
static_gbm,1,single_query,0,206,1,0.085151982000,85.151982000000,-1,6e340b9cffb37a989ca544e6bb780a2c78901d3fb33738768511a30617afa01d
static_gbm,1,single_query,0,207,1,0.084907813000,84.907813000000,1,dbc1b4c900ffe48d575b5da5c638040125f65db0fe3e24494b76ea986457d986
static_gbm,1,single_query,0,208,1,0.060004721000,60.004721000000,-1,6e340b9cffb37a989ca544e6bb780a2c78901d3fb33738768511a30617afa01d
static_gbm,1,single_query,0,209,1,0.056067947000,56.067947000000,1,dbc1b4c900ffe48d575b5da5c638040125f65db0fe3e24494b76ea986457d986
static_gbm,1,single_query,0,210,1,0.057780025000,57.780025000000,1,dbc1b4c900ffe48d575b5da5c638040125f65db0fe3e24494b76ea986457d986
static_gbm,1,single_query,0,211,1,0.092277914000,92.277914000000,-1,6e340b9cffb37a989ca544e6bb780a2c78901d3fb33738768511a30617afa01d
static_gbm,1,single_query,0,212,1,0.111929572000,111.929572000000,-1,6e340b9cffb37a989ca544e6bb780a2c78901d3fb33738768511a30617afa01d
static_gbm,1,single_query,0,213,1,0.046172922000,46.172922000000,1,dbc1b4c900ffe48d575b5da5c638040125f65db0fe3e24494b76ea986457d986
static_gbm,1,single_query,0,214,1,0.062532080000,62.532080000000,-1,6e340b9cffb37a989ca544e6bb780a2c78901d3fb33738768511a30617afa01d
static_gbm,1,single_query,0,215,1,0.046075179000,46.075179000000,1,dbc1b4c900ffe48d575b5da5c638040125f65db0fe3e24494b76ea986457d986
static_gbm,1,single_query,0,216,1,0.060212114000,60.212114000000,-1,6e340b9cffb37a989ca544e6bb780a2c78901d3fb33738768511a30617afa01d
static_gbm,1,single_query,0,217,1,0.055737523000,55.737523000000,1,dbc1b4c900ffe48d575b5da5c638040125f65db0fe3e24494b76ea986457d986
static_gbm,1,single_query,0,218,1,0.057104467000,57.104467000000,-1,6e340b9cffb37a989ca544e6bb780a2c78901d3fb33738768511a30617afa01d
static_gbm,1,single_query,0,219,1,0.049277435000,49.277435000000,1,dbc1b4c900ffe48d575b5da5c638040125f65db0fe3e24494b76ea986457d986
static_gbm,1,single_query,0,220,1,0.052244263000,52.244263000000,-1,6e340b9cffb37a989ca544e6bb780a2c78901d3fb33738768511a30617afa01d
static_gbm,1,single_query,0,221,1,0.076648151000,76.648151000000,-1,6e340b9cffb37a989ca544e6bb780a2c78901d3fb33738768511a30617afa01d
static_gbm,1,single_query,0,222,1,0.068346450000,68.346450000000,1,dbc1b4c900ffe48d575b5da5c638040125f65db0fe3e24494b76ea986457d986
static_gbm,1,single_query,0,223,1,0.071974279000,71.974279000000,-1,6e340b9cffb37a989ca544e6bb780a2c78901d3fb33738768511a30617afa01d
static_gbm,1,single_query,0,224,1,0.074365398000,74.365398000000,1,dbc1b4c900ffe48d575b5da5c638040125f65db0fe3e24494b76ea986457d986
static_gbm,1,single_query,0,225,1,0.076702584000,76.702584000000,1,dbc1b4c900ffe48d575b5da5c638040125f65db0fe3e24494b76ea986457d986
static_gbm,1,single_query,0,226,1,0.078723514000,78.723514000000,1,dbc1b4c900ffe48d575b5da5c638040125f65db0fe3e24494b76ea986457d986
static_gbm,1,single_query,0,227,1,0.067356817000,67.356817000000,-1,6e340b9cffb37a989ca544e6bb780a2c78901d3fb33738768511a30617afa01d
static_gbm,1,single_query,0,228,1,0.079144849000,79.144849000000,1,dbc1b4c900ffe48d575b5da5c638040125f65db0fe3e24494b76ea986457d986
static_gbm,1,single_query,0,229,1,0.079893612000,79.893612000000,-1,6e340b9cffb37a989ca544e6bb780a2c78901d3fb33738768511a30617afa01d
static_gbm,1,single_query,0,230,1,0.074277070000,74.277070000000,-1,6e340b9cffb37a989ca544e6bb780a2c78901d3fb33738768511a30617afa01d
static_gbm,1,single_query,0,231,1,0.071234638000,71.234638000000,-1,6e340b9cffb37a989ca544e6bb780a2c78901d3fb33738768511a30617afa01d
static_gbm,1,single_query,0,232,1,0.082875036000,82.875036000000,1,dbc1b4c900ffe48d575b5da5c638040125f65db0fe3e24494b76ea986457d986
static_gbm,1,single_query,0,233,1,0.080289692000,80.289692000000,1,dbc1b4c900ffe48d575b5da5c638040125f65db0fe3e24494b76ea986457d986
static_gbm,1,single_query,0,234,1,0.063759980000,63.759980000000,1,dbc1b4c900ffe48d575b5da5c638040125f65db0fe3e24494b76ea986457d986
static_gbm,1,single_query,0,235,1,0.066154263000,66.154263000000,1,dbc1b4c900ffe48d575b5da5c638040125f65db0fe3e24494b76ea986457d986
static_gbm,1,single_query,0,236,1,0.063177822000,63.177822000000,-1,6e340b9cffb37a989ca544e6bb780a2c78901d3fb33738768511a30617afa01d
static_gbm,1,single_query,0,237,1,0.058286783000,58.286783000000,-1,6e340b9cffb37a989ca544e6bb780a2c78901d3fb33738768511a30617afa01d
static_gbm,1,single_query,0,238,1,0.052779225000,52.779225000000,-1,6e340b9cffb37a989ca544e6bb780a2c78901d3fb33738768511a30617afa01d
static_gbm,1,single_query,0,239,1,0.074663635000,74.663635000000,-1,6e340b9cffb37a989ca544e6bb780a2c78901d3fb33738768511a30617afa01d
static_gbm,1,single_query,0,240,1,0.076199903000,76.199903000000,1,dbc1b4c900ffe48d575b5da5c638040125f65db0fe3e24494b76ea986457d986
static_gbm,1,single_query,0,241,1,0.078043333000,78.043333000000,1,dbc1b4c900ffe48d575b5da5c638040125f65db0fe3e24494b76ea986457d986
static_gbm,1,single_query,0,242,1,0.052056271000,52.056271000000,-1,6e340b9cffb37a989ca544e6bb780a2c78901d3fb33738768511a30617afa01d
static_gbm,1,single_query,0,243,1,0.061730961000,61.730961000000,1,dbc1b4c900ffe48d575b5da5c638040125f65db0fe3e24494b76ea986457d986
static_gbm,1,single_query,0,244,1,0.060506757000,60.506757000000,-1,6e340b9cffb37a989ca544e6bb780a2c78901d3fb33738768511a30617afa01d
static_gbm,1,single_query,0,245,1,0.093782512000,93.782512000000,-1,6e340b9cffb37a989ca544e6bb780a2c78901d3fb33738768511a30617afa01d
static_gbm,1,single_query,0,246,1,0.238080859000,238.080859000000,-1,6e340b9cffb37a989ca544e6bb780a2c78901d3fb33738768511a30617afa01d
static_gbm,1,single_query,0,247,1,0.076470399000,76.470399000000,1,dbc1b4c900ffe48d575b5da5c638040125f65db0fe3e24494b76ea986457d986
static_gbm,1,single_query,0,248,1,0.079143858000,79.143858000000,-1,6e340b9cffb37a989ca544e6bb780a2c78901d3fb33738768511a30617afa01d
static_gbm,1,single_query,0,249,1,0.068400532000,68.400532000000,-1,6e340b9cffb37a989ca544e6bb780a2c78901d3fb33738768511a30617afa01d
static_gbm,1,single_query,0,250,1,0.079679496000,79.679496000000,-1,6e340b9cffb37a989ca544e6bb780a2c78901d3fb33738768511a30617afa01d
static_gbm,1,single_query,0,251,1,0.058365941000,58.365941000000,1,dbc1b4c900ffe48d575b5da5c638040125f65db0fe3e24494b76ea986457d986
static_gbm,1,single_query,0,252,1,0.049807095000,49.807095000000,1,dbc1b4c900ffe48d575b5da5c638040125f65db0fe3e24494b76ea986457d986
static_gbm,1,single_query,0,253,1,0.066808841000,66.808841000000,1,dbc1b4c900ffe48d575b5da5c638040125f65db0fe3e24494b76ea986457d986
static_gbm,1,single_query,0,254,1,0.056247601000,56.247601000000,-1,6e340b9cffb37a989ca544e6bb780a2c78901d3fb33738768511a30617afa01d
static_gbm,1,single_query,0,255,1,0.053097186000,53.097186000000,1,dbc1b4c900ffe48d575b5da5c638040125f65db0fe3e24494b76ea986457d986
static_gbm,2,init,0,,4263,154.630055612000,,,
static_gbm,2,single_query,0,0,1,0.068542987000,68.542987000000,-1,6e340b9cffb37a989ca544e6bb780a2c78901d3fb33738768511a30617afa01d
static_gbm,2,single_query,0,1,1,0.038606503000,38.606503000000,-1,6e340b9cffb37a989ca544e6bb780a2c78901d3fb33738768511a30617afa01d
static_gbm,2,single_query,0,2,1,0.028562246000,28.562246000000,1,dbc1b4c900ffe48d575b5da5c638040125f65db0fe3e24494b76ea986457d986
static_gbm,2,single_query,0,3,1,0.039182694000,39.182694000000,-1,6e340b9cffb37a989ca544e6bb780a2c78901d3fb33738768511a30617afa01d
static_gbm,2,single_query,0,4,1,0.056163283000,56.163283000000,1,dbc1b4c900ffe48d575b5da5c638040125f65db0fe3e24494b76ea986457d986
static_gbm,2,single_query,0,5,1,0.079674090000,79.674090000000,1,dbc1b4c900ffe48d575b5da5c638040125f65db0fe3e24494b76ea986457d986
static_gbm,2,single_query,0,6,1,0.064380717000,64.380717000000,1,dbc1b4c900ffe48d575b5da5c638040125f65db0fe3e24494b76ea986457d986
static_gbm,2,single_query,0,7,1,0.042815200000,42.815200000000,-1,6e340b9cffb37a989ca544e6bb780a2c78901d3fb33738768511a30617afa01d
static_gbm,2,single_query,0,8,1,0.039584034000,39.584034000000,-1,6e340b9cffb37a989ca544e6bb780a2c78901d3fb33738768511a30617afa01d
static_gbm,2,single_query,0,9,1,0.065468953000,65.468953000000,-1,6e340b9cffb37a989ca544e6bb780a2c78901d3fb33738768511a30617afa01d
static_gbm,2,single_query,0,10,1,0.111145511000,111.145511000000,1,dbc1b4c900ffe48d575b5da5c638040125f65db0fe3e24494b76ea986457d986
static_gbm,2,single_query,0,11,1,0.089043445000,89.043445000000,1,dbc1b4c900ffe48d575b5da5c638040125f65db0fe3e24494b76ea986457d986
static_gbm,2,single_query,0,12,1,0.096254902000,96.254902000000,1,dbc1b4c900ffe48d575b5da5c638040125f65db0fe3e24494b76ea986457d986
static_gbm,2,single_query,0,13,1,0.039036950000,39.036950000000,-1,6e340b9cffb37a989ca544e6bb780a2c78901d3fb33738768511a30617afa01d
static_gbm,2,single_query,0,14,1,0.039131045000,39.131045000000,-1,6e340b9cffb37a989ca544e6bb780a2c78901d3fb33738768511a30617afa01d
static_gbm,2,single_query,0,15,1,0.049850230000,49.850230000000,-1,6e340b9cffb37a989ca544e6bb780a2c78901d3fb33738768511a30617afa01d
static_gbm,2,single_query,0,16,1,0.051080165000,51.080165000000,-1,6e340b9cffb37a989ca544e6bb780a2c78901d3fb33738768511a30617afa01d
static_gbm,2,single_query,0,17,1,0.038038447000,38.038447000000,1,dbc1b4c900ffe48d575b5da5c638040125f65db0fe3e24494b76ea986457d986
static_gbm,2,single_query,0,18,1,0.047278804000,47.278804000000,-1,6e340b9cffb37a989ca544e6bb780a2c78901d3fb33738768511a30617afa01d
static_gbm,2,single_query,0,19,1,0.027297712000,27.297712000000,1,dbc1b4c900ffe48d575b5da5c638040125f65db0fe3e24494b76ea986457d986
static_gbm,2,single_query,0,20,1,0.032236024000,32.236024000000,1,dbc1b4c900ffe48d575b5da5c638040125f65db0fe3e24494b76ea986457d986
static_gbm,2,single_query,0,21,1,0.036404638000,36.404638000000,1,dbc1b4c900ffe48d575b5da5c638040125f65db0fe3e24494b76ea986457d986
static_gbm,2,single_query,0,22,1,0.037095822000,37.095822000000,1,dbc1b4c900ffe48d575b5da5c638040125f65db0fe3e24494b76ea986457d986
static_gbm,2,single_query,0,23,1,0.037614509000,37.614509000000,-1,6e340b9cffb37a989ca544e6bb780a2c78901d3fb33738768511a30617afa01d
static_gbm,2,single_query,0,24,1,0.046846683000,46.846683000000,-1,6e340b9cffb37a989ca544e6bb780a2c78901d3fb33738768511a30617afa01d
static_gbm,2,single_query,0,25,1,0.044725188000,44.725188000000,-1,6e340b9cffb37a989ca544e6bb780a2c78901d3fb33738768511a30617afa01d
static_gbm,2,single_query,0,26,1,0.048235066000,48.235066000000,1,dbc1b4c900ffe48d575b5da5c638040125f65db0fe3e24494b76ea986457d986
static_gbm,2,single_query,0,27,1,0.044004180000,44.004180000000,1,dbc1b4c900ffe48d575b5da5c638040125f65db0fe3e24494b76ea986457d986
static_gbm,2,single_query,0,28,1,0.042543798000,42.543798000000,-1,6e340b9cffb37a989ca544e6bb780a2c78901d3fb33738768511a30617afa01d
static_gbm,2,single_query,0,29,1,0.037233630000,37.233630000000,-1,6e340b9cffb37a989ca544e6bb780a2c78901d3fb33738768511a30617afa01d
static_gbm,2,single_query,0,30,1,0.034647262000,34.647262000000,1,dbc1b4c900ffe48d575b5da5c638040125f65db0fe3e24494b76ea986457d986
static_gbm,2,single_query,0,31,1,0.037575004000,37.575004000000,1,dbc1b4c900ffe48d575b5da5c638040125f65db0fe3e24494b76ea986457d986
static_gbm,2,single_query,0,32,1,0.053437249000,53.437249000000,-1,6e340b9cffb37a989ca544e6bb780a2c78901d3fb33738768511a30617afa01d
static_gbm,2,single_query,0,33,1,0.054723839000,54.723839000000,-1,6e340b9cffb37a989ca544e6bb780a2c78901d3fb33738768511a30617afa01d
static_gbm,2,single_query,0,34,1,0.073116758000,73.116758000000,-1,6e340b9cffb37a989ca544e6bb780a2c78901d3fb33738768511a30617afa01d
static_gbm,2,single_query,0,35,1,0.080584514000,80.584514000000,1,dbc1b4c900ffe48d575b5da5c638040125f65db0fe3e24494b76ea986457d986
static_gbm,2,single_query,0,36,1,0.084400077000,84.400077000000,-1,6e340b9cffb37a989ca544e6bb780a2c78901d3fb33738768511a30617afa01d
static_gbm,2,single_query,0,37,1,0.047002841000,47.002841000000,-1,6e340b9cffb37a989ca544e6bb780a2c78901d3fb33738768511a30617afa01d
static_gbm,2,single_query,0,38,1,0.045372868000,45.372868000000,1,dbc1b4c900ffe48d575b5da5c638040125f65db0fe3e24494b76ea986457d986
static_gbm,2,single_query,0,39,1,0.033677450000,33.677450000000,-1,6e340b9cffb37a989ca544e6bb780a2c78901d3fb33738768511a30617afa01d
static_gbm,2,single_query,0,40,1,0.032416640000,32.416640000000,1,dbc1b4c900ffe48d575b5da5c638040125f65db0fe3e24494b76ea986457d986
static_gbm,2,single_query,0,41,1,0.034128739000,34.128739000000,-1,6e340b9cffb37a989ca544e6bb780a2c78901d3fb33738768511a30617afa01d
static_gbm,2,single_query,0,42,1,0.033260589000,33.260589000000,-1,6e340b9cffb37a989ca544e6bb780a2c78901d3fb33738768511a30617afa01d
static_gbm,2,single_query,0,43,1,0.030564713000,30.564713000000,1,dbc1b4c900ffe48d575b5da5c638040125f65db0fe3e24494b76ea986457d986
static_gbm,2,single_query,0,44,1,0.032151940000,32.151940000000,1,dbc1b4c900ffe48d575b5da5c638040125f65db0fe3e24494b76ea986457d986
static_gbm,2,single_query,0,45,1,0.034259492000,34.259492000000,-1,6e340b9cffb37a989ca544e6bb780a2c78901d3fb33738768511a30617afa01d
static_gbm,2,single_query,0,46,1,0.030230810000,30.230810000000,-1,6e340b9cffb37a989ca544e6bb780a2c78901d3fb33738768511a30617afa01d
static_gbm,2,single_query,0,47,1,0.035354732000,35.354732000000,1,dbc1b4c900ffe48d575b5da5c638040125f65db0fe3e24494b76ea986457d986
static_gbm,2,single_query,0,48,1,0.033206579000,33.206579000000,-1,6e340b9cffb37a989ca544e6bb780a2c78901d3fb33738768511a30617afa01d
static_gbm,2,single_query,0,49,1,0.041797888000,41.797888000000,1,dbc1b4c900ffe48d575b5da5c638040125f65db0fe3e24494b76ea986457d986
static_gbm,2,single_query,0,50,1,0.034602639000,34.602639000000,-1,6e340b9cffb37a989ca544e6bb780a2c78901d3fb33738768511a30617afa01d
static_gbm,2,single_query,0,51,1,0.039700220000,39.700220000000,1,dbc1b4c900ffe48d575b5da5c638040125f65db0fe3e24494b76ea986457d986
static_gbm,2,single_query,0,52,1,0.032785484000,32.785484000000,1,dbc1b4c900ffe48d575b5da5c638040125f65db0fe3e24494b76ea986457d986
static_gbm,2,single_query,0,53,1,0.032680313000,32.680313000000,1,dbc1b4c900ffe48d575b5da5c638040125f65db0fe3e24494b76ea986457d986
static_gbm,2,single_query,0,54,1,0.036336208000,36.336208000000,-1,6e340b9cffb37a989ca544e6bb780a2c78901d3fb33738768511a30617afa01d
static_gbm,2,single_query,0,55,1,0.033212037000,33.212037000000,-1,6e340b9cffb37a989ca544e6bb780a2c78901d3fb33738768511a30617afa01d
static_gbm,2,single_query,0,56,1,0.035021555000,35.021555000000,-1,6e340b9cffb37a989ca544e6bb780a2c78901d3fb33738768511a30617afa01d
static_gbm,2,single_query,0,57,1,0.035360555000,35.360555000000,-1,6e340b9cffb37a989ca544e6bb780a2c78901d3fb33738768511a30617afa01d
static_gbm,2,single_query,0,58,1,0.033899646000,33.899646000000,1,dbc1b4c900ffe48d575b5da5c638040125f65db0fe3e24494b76ea986457d986
static_gbm,2,single_query,0,59,1,0.039509404000,39.509404000000,-1,6e340b9cffb37a989ca544e6bb780a2c78901d3fb33738768511a30617afa01d
static_gbm,2,single_query,0,60,1,0.037677397000,37.677397000000,1,dbc1b4c900ffe48d575b5da5c638040125f65db0fe3e24494b76ea986457d986
static_gbm,2,single_query,0,61,1,0.030974935000,30.974935000000,1,dbc1b4c900ffe48d575b5da5c638040125f65db0fe3e24494b76ea986457d986
static_gbm,2,single_query,0,62,1,0.029243533000,29.243533000000,-1,6e340b9cffb37a989ca544e6bb780a2c78901d3fb33738768511a30617afa01d
static_gbm,2,single_query,0,63,1,0.033626655000,33.626655000000,-1,6e340b9cffb37a989ca544e6bb780a2c78901d3fb33738768511a30617afa01d
static_gbm,2,single_query,0,64,1,0.032325968000,32.325968000000,-1,6e340b9cffb37a989ca544e6bb780a2c78901d3fb33738768511a30617afa01d
static_gbm,2,single_query,0,65,1,0.036832421000,36.832421000000,-1,6e340b9cffb37a989ca544e6bb780a2c78901d3fb33738768511a30617afa01d
static_gbm,2,single_query,0,66,1,0.036228884000,36.228884000000,-1,6e340b9cffb37a989ca544e6bb780a2c78901d3fb33738768511a30617afa01d
static_gbm,2,single_query,0,67,1,0.034300779000,34.300779000000,1,dbc1b4c900ffe48d575b5da5c638040125f65db0fe3e24494b76ea986457d986
static_gbm,2,single_query,0,68,1,0.039477201000,39.477201000000,-1,6e340b9cffb37a989ca544e6bb780a2c78901d3fb33738768511a30617afa01d
static_gbm,2,single_query,0,69,1,0.038493422000,38.493422000000,-1,6e340b9cffb37a989ca544e6bb780a2c78901d3fb33738768511a30617afa01d
static_gbm,2,single_query,0,70,1,0.038562509000,38.562509000000,1,dbc1b4c900ffe48d575b5da5c638040125f65db0fe3e24494b76ea986457d986
static_gbm,2,single_query,0,71,1,0.037522313000,37.522313000000,1,dbc1b4c900ffe48d575b5da5c638040125f65db0fe3e24494b76ea986457d986
static_gbm,2,single_query,0,72,1,0.036330026000,36.330026000000,-1,6e340b9cffb37a989ca544e6bb780a2c78901d3fb33738768511a30617afa01d
static_gbm,2,single_query,0,73,1,0.040448518000,40.448518000000,-1,6e340b9cffb37a989ca544e6bb780a2c78901d3fb33738768511a30617afa01d
static_gbm,2,single_query,0,74,1,0.039912106000,39.912106000000,1,dbc1b4c900ffe48d575b5da5c638040125f65db0fe3e24494b76ea986457d986
static_gbm,2,single_query,0,75,1,0.038657042000,38.657042000000,1,dbc1b4c900ffe48d575b5da5c638040125f65db0fe3e24494b76ea986457d986
static_gbm,2,single_query,0,76,1,0.042234088000,42.234088000000,1,dbc1b4c900ffe48d575b5da5c638040125f65db0fe3e24494b76ea986457d986
static_gbm,2,single_query,0,77,1,0.038183175000,38.183175000000,-1,6e340b9cffb37a989ca544e6bb780a2c78901d3fb33738768511a30617afa01d
static_gbm,2,single_query,0,78,1,0.024168119000,24.168119000000,1,dbc1b4c900ffe48d575b5da5c638040125f65db0fe3e24494b76ea986457d986
static_gbm,2,single_query,0,79,1,0.028854212000,28.854212000000,-1,6e340b9cffb37a989ca544e6bb780a2c78901d3fb33738768511a30617afa01d
static_gbm,2,single_query,0,80,1,0.028409739000,28.409739000000,1,dbc1b4c900ffe48d575b5da5c638040125f65db0fe3e24494b76ea986457d986
static_gbm,2,single_query,0,81,1,0.026107847000,26.107847000000,1,dbc1b4c900ffe48d575b5da5c638040125f65db0fe3e24494b76ea986457d986
static_gbm,2,single_query,0,82,1,0.033957834000,33.957834000000,-1,6e340b9cffb37a989ca544e6bb780a2c78901d3fb33738768511a30617afa01d
static_gbm,2,single_query,0,83,1,0.033536903000,33.536903000000,1,dbc1b4c900ffe48d575b5da5c638040125f65db0fe3e24494b76ea986457d986
static_gbm,2,single_query,0,84,1,0.035051060000,35.051060000000,-1,6e340b9cffb37a989ca544e6bb780a2c78901d3fb33738768511a30617afa01d
static_gbm,2,single_query,0,85,1,0.036988766000,36.988766000000,1,dbc1b4c900ffe48d575b5da5c638040125f65db0fe3e24494b76ea986457d986
static_gbm,2,single_query,0,86,1,0.039124248000,39.124248000000,1,dbc1b4c900ffe48d575b5da5c638040125f65db0fe3e24494b76ea986457d986
static_gbm,2,single_query,0,87,1,0.035048042000,35.048042000000,-1,6e340b9cffb37a989ca544e6bb780a2c78901d3fb33738768511a30617afa01d
static_gbm,2,single_query,0,88,1,0.033566113000,33.566113000000,-1,6e340b9cffb37a989ca544e6bb780a2c78901d3fb33738768511a30617afa01d
static_gbm,2,single_query,0,89,1,0.030425812000,30.425812000000,-1,6e340b9cffb37a989ca544e6bb780a2c78901d3fb33738768511a30617afa01d
static_gbm,2,single_query,0,90,1,0.035500518000,35.500518000000,1,dbc1b4c900ffe48d575b5da5c638040125f65db0fe3e24494b76ea986457d986
static_gbm,2,single_query,0,91,1,0.032622215000,32.622215000000,-1,6e340b9cffb37a989ca544e6bb780a2c78901d3fb33738768511a30617afa01d
static_gbm,2,single_query,0,92,1,0.034416876000,34.416876000000,1,dbc1b4c900ffe48d575b5da5c638040125f65db0fe3e24494b76ea986457d986
static_gbm,2,single_query,0,93,1,0.036181142000,36.181142000000,1,dbc1b4c900ffe48d575b5da5c638040125f65db0fe3e24494b76ea986457d986
static_gbm,2,single_query,0,94,1,0.035932460000,35.932460000000,-1,6e340b9cffb37a989ca544e6bb780a2c78901d3fb33738768511a30617afa01d
static_gbm,2,single_query,0,95,1,0.035185796000,35.185796000000,-1,6e340b9cffb37a989ca544e6bb780a2c78901d3fb33738768511a30617afa01d
static_gbm,2,single_query,0,96,1,0.035057350000,35.057350000000,-1,6e340b9cffb37a989ca544e6bb780a2c78901d3fb33738768511a30617afa01d
static_gbm,2,single_query,0,97,1,0.034202445000,34.202445000000,1,dbc1b4c900ffe48d575b5da5c638040125f65db0fe3e24494b76ea986457d986
static_gbm,2,single_query,0,98,1,0.032239080000,32.239080000000,1,dbc1b4c900ffe48d575b5da5c638040125f65db0fe3e24494b76ea986457d986
static_gbm,2,single_query,0,99,1,0.035538743000,35.538743000000,1,dbc1b4c900ffe48d575b5da5c638040125f65db0fe3e24494b76ea986457d986
static_gbm,2,single_query,0,100,1,0.034257748000,34.257748000000,1,dbc1b4c900ffe48d575b5da5c638040125f65db0fe3e24494b76ea986457d986
static_gbm,2,single_query,0,101,1,0.037277816000,37.277816000000,-1,6e340b9cffb37a989ca544e6bb780a2c78901d3fb33738768511a30617afa01d
static_gbm,2,single_query,0,102,1,0.033522891000,33.522891000000,-1,6e340b9cffb37a989ca544e6bb780a2c78901d3fb33738768511a30617afa01d
static_gbm,2,single_query,0,103,1,0.040671238000,40.671238000000,1,dbc1b4c900ffe48d575b5da5c638040125f65db0fe3e24494b76ea986457d986
static_gbm,2,single_query,0,104,1,0.046291506000,46.291506000000,1,dbc1b4c900ffe48d575b5da5c638040125f65db0fe3e24494b76ea986457d986
static_gbm,2,single_query,0,105,1,0.039091080000,39.091080000000,-1,6e340b9cffb37a989ca544e6bb780a2c78901d3fb33738768511a30617afa01d
static_gbm,2,single_query,0,106,1,0.047310353000,47.310353000000,1,dbc1b4c900ffe48d575b5da5c638040125f65db0fe3e24494b76ea986457d986
static_gbm,2,single_query,0,107,1,0.041854330000,41.854330000000,1,dbc1b4c900ffe48d575b5da5c638040125f65db0fe3e24494b76ea986457d986
static_gbm,2,single_query,0,108,1,0.037011700000,37.011700000000,1,dbc1b4c900ffe48d575b5da5c638040125f65db0fe3e24494b76ea986457d986
static_gbm,2,single_query,0,109,1,0.040997692000,40.997692000000,-1,6e340b9cffb37a989ca544e6bb780a2c78901d3fb33738768511a30617afa01d
static_gbm,2,single_query,0,110,1,0.034754132000,34.754132000000,1,dbc1b4c900ffe48d575b5da5c638040125f65db0fe3e24494b76ea986457d986
static_gbm,2,single_query,0,111,1,0.036012980000,36.012980000000,1,dbc1b4c900ffe48d575b5da5c638040125f65db0fe3e24494b76ea986457d986
static_gbm,2,single_query,0,112,1,0.039207148000,39.207148000000,-1,6e340b9cffb37a989ca544e6bb780a2c78901d3fb33738768511a30617afa01d
static_gbm,2,single_query,0,113,1,0.045039470000,45.039470000000,-1,6e340b9cffb37a989ca544e6bb780a2c78901d3fb33738768511a30617afa01d
static_gbm,2,single_query,0,114,1,0.042795734000,42.795734000000,1,dbc1b4c900ffe48d575b5da5c638040125f65db0fe3e24494b76ea986457d986
static_gbm,2,single_query,0,115,1,0.036469596000,36.469596000000,1,dbc1b4c900ffe48d575b5da5c638040125f65db0fe3e24494b76ea986457d986
static_gbm,2,single_query,0,116,1,0.038498103000,38.498103000000,1,dbc1b4c900ffe48d575b5da5c638040125f65db0fe3e24494b76ea986457d986
static_gbm,2,single_query,0,117,1,0.043732311000,43.732311000000,1,dbc1b4c900ffe48d575b5da5c638040125f65db0fe3e24494b76ea986457d986
static_gbm,2,single_query,0,118,1,0.042963605000,42.963605000000,1,dbc1b4c900ffe48d575b5da5c638040125f65db0fe3e24494b76ea986457d986
static_gbm,2,single_query,0,119,1,0.036905764000,36.905764000000,-1,6e340b9cffb37a989ca544e6bb780a2c78901d3fb33738768511a30617afa01d
static_gbm,2,single_query,0,120,1,0.022507821000,22.507821000000,-1,6e340b9cffb37a989ca544e6bb780a2c78901d3fb33738768511a30617afa01d
static_gbm,2,single_query,0,121,1,0.143252402000,143.252402000000,1,dbc1b4c900ffe48d575b5da5c638040125f65db0fe3e24494b76ea986457d986
static_gbm,2,single_query,0,122,1,0.066212544000,66.212544000000,1,dbc1b4c900ffe48d575b5da5c638040125f65db0fe3e24494b76ea986457d986
static_gbm,2,single_query,0,123,1,0.080559150000,80.559150000000,1,dbc1b4c900ffe48d575b5da5c638040125f65db0fe3e24494b76ea986457d986
static_gbm,2,single_query,0,124,1,0.079809084000,79.809084000000,-1,6e340b9cffb37a989ca544e6bb780a2c78901d3fb33738768511a30617afa01d
static_gbm,2,single_query,0,125,1,0.073979860000,73.979860000000,-1,6e340b9cffb37a989ca544e6bb780a2c78901d3fb33738768511a30617afa01d
static_gbm,2,single_query,0,126,1,0.081202091000,81.202091000000,1,dbc1b4c900ffe48d575b5da5c638040125f65db0fe3e24494b76ea986457d986
static_gbm,2,single_query,0,127,1,0.043745657000,43.745657000000,-1,6e340b9cffb37a989ca544e6bb780a2c78901d3fb33738768511a30617afa01d
static_gbm,2,single_query,0,128,1,0.053711512000,53.711512000000,-1,6e340b9cffb37a989ca544e6bb780a2c78901d3fb33738768511a30617afa01d
static_gbm,2,single_query,0,129,1,0.053663652000,53.663652000000,1,dbc1b4c900ffe48d575b5da5c638040125f65db0fe3e24494b76ea986457d986
static_gbm,2,single_query,0,130,1,0.054443897000,54.443897000000,1,dbc1b4c900ffe48d575b5da5c638040125f65db0fe3e24494b76ea986457d986
static_gbm,2,single_query,0,131,1,0.043864292000,43.864292000000,1,dbc1b4c900ffe48d575b5da5c638040125f65db0fe3e24494b76ea986457d986
static_gbm,2,single_query,0,132,1,0.071963134000,71.963134000000,-1,6e340b9cffb37a989ca544e6bb780a2c78901d3fb33738768511a30617afa01d
static_gbm,2,single_query,0,133,1,0.045896942000,45.896942000000,-1,6e340b9cffb37a989ca544e6bb780a2c78901d3fb33738768511a30617afa01d
static_gbm,2,single_query,0,134,1,0.063598451000,63.598451000000,1,dbc1b4c900ffe48d575b5da5c638040125f65db0fe3e24494b76ea986457d986
static_gbm,2,single_query,0,135,1,0.065288430000,65.288430000000,1,dbc1b4c900ffe48d575b5da5c638040125f65db0fe3e24494b76ea986457d986
static_gbm,2,single_query,0,136,1,0.055993704000,55.993704000000,-1,6e340b9cffb37a989ca544e6bb780a2c78901d3fb33738768511a30617afa01d
static_gbm,2,single_query,0,137,1,0.051825628000,51.825628000000,1,dbc1b4c900ffe48d575b5da5c638040125f65db0fe3e24494b76ea986457d986
static_gbm,2,single_query,0,138,1,0.051349084000,51.349084000000,-1,6e340b9cffb37a989ca544e6bb780a2c78901d3fb33738768511a30617afa01d
static_gbm,2,single_query,0,139,1,0.054440361000,54.440361000000,-1,6e340b9cffb37a989ca544e6bb780a2c78901d3fb33738768511a30617afa01d
static_gbm,2,single_query,0,140,1,0.036389439000,36.389439000000,-1,6e340b9cffb37a989ca544e6bb780a2c78901d3fb33738768511a30617afa01d
static_gbm,2,single_query,0,141,1,0.048986468000,48.986468000000,1,dbc1b4c900ffe48d575b5da5c638040125f65db0fe3e24494b76ea986457d986
static_gbm,2,single_query,0,142,1,0.050466081000,50.466081000000,-1,6e340b9cffb37a989ca544e6bb780a2c78901d3fb33738768511a30617afa01d
static_gbm,2,single_query,0,143,1,0.062407165000,62.407165000000,-1,6e340b9cffb37a989ca544e6bb780a2c78901d3fb33738768511a30617afa01d
static_gbm,2,single_query,0,144,1,0.063279028000,63.279028000000,-1,6e340b9cffb37a989ca544e6bb780a2c78901d3fb33738768511a30617afa01d
static_gbm,2,single_query,0,145,1,0.065536478000,65.536478000000,1,dbc1b4c900ffe48d575b5da5c638040125f65db0fe3e24494b76ea986457d986
static_gbm,2,single_query,0,146,1,0.059038480000,59.038480000000,-1,6e340b9cffb37a989ca544e6bb780a2c78901d3fb33738768511a30617afa01d
static_gbm,2,single_query,0,147,1,0.085326472000,85.326472000000,-1,6e340b9cffb37a989ca544e6bb780a2c78901d3fb33738768511a30617afa01d
static_gbm,2,single_query,0,148,1,0.088516870000,88.516870000000,1,dbc1b4c900ffe48d575b5da5c638040125f65db0fe3e24494b76ea986457d986
static_gbm,2,single_query,0,149,1,0.121627730000,121.627730000000,1,dbc1b4c900ffe48d575b5da5c638040125f65db0fe3e24494b76ea986457d986
static_gbm,2,single_query,0,150,1,0.125654733000,125.654733000000,-1,6e340b9cffb37a989ca544e6bb780a2c78901d3fb33738768511a30617afa01d
static_gbm,2,single_query,0,151,1,0.116863770000,116.863770000000,-1,6e340b9cffb37a989ca544e6bb780a2c78901d3fb33738768511a30617afa01d
static_gbm,2,single_query,0,152,1,0.113085668000,113.085668000000,-1,6e340b9cffb37a989ca544e6bb780a2c78901d3fb33738768511a30617afa01d
static_gbm,2,single_query,0,153,1,0.113660451000,113.660451000000,-1,6e340b9cffb37a989ca544e6bb780a2c78901d3fb33738768511a30617afa01d
static_gbm,2,single_query,0,154,1,0.112380744000,112.380744000000,1,dbc1b4c900ffe48d575b5da5c638040125f65db0fe3e24494b76ea986457d986
static_gbm,2,single_query,0,155,1,0.104438491000,104.438491000000,1,dbc1b4c900ffe48d575b5da5c638040125f65db0fe3e24494b76ea986457d986
static_gbm,2,single_query,0,156,1,0.106475759000,106.475759000000,1,dbc1b4c900ffe48d575b5da5c638040125f65db0fe3e24494b76ea986457d986
static_gbm,2,single_query,0,157,1,0.128669359000,128.669359000000,-1,6e340b9cffb37a989ca544e6bb780a2c78901d3fb33738768511a30617afa01d
static_gbm,2,single_query,0,158,1,0.133476448000,133.476448000000,1,dbc1b4c900ffe48d575b5da5c638040125f65db0fe3e24494b76ea986457d986
static_gbm,2,single_query,0,159,1,0.117330678000,117.330678000000,-1,6e340b9cffb37a989ca544e6bb780a2c78901d3fb33738768511a30617afa01d
static_gbm,2,single_query,0,160,1,0.128473480000,128.473480000000,-1,6e340b9cffb37a989ca544e6bb780a2c78901d3fb33738768511a30617afa01d
static_gbm,2,single_query,0,161,1,0.040718110000,40.718110000000,1,dbc1b4c900ffe48d575b5da5c638040125f65db0fe3e24494b76ea986457d986
static_gbm,2,single_query,0,162,1,0.048503613000,48.503613000000,-1,6e340b9cffb37a989ca544e6bb780a2c78901d3fb33738768511a30617afa01d
static_gbm,2,single_query,0,163,1,0.079544652000,79.544652000000,1,dbc1b4c900ffe48d575b5da5c638040125f65db0fe3e24494b76ea986457d986
static_gbm,2,single_query,0,164,1,0.054140943000,54.140943000000,-1,6e340b9cffb37a989ca544e6bb780a2c78901d3fb33738768511a30617afa01d
static_gbm,2,single_query,0,165,1,0.093646810000,93.646810000000,-1,6e340b9cffb37a989ca544e6bb780a2c78901d3fb33738768511a30617afa01d
static_gbm,2,single_query,0,166,1,0.093807872000,93.807872000000,1,dbc1b4c900ffe48d575b5da5c638040125f65db0fe3e24494b76ea986457d986
static_gbm,2,single_query,0,167,1,0.103247544000,103.247544000000,-1,6e340b9cffb37a989ca544e6bb780a2c78901d3fb33738768511a30617afa01d
static_gbm,2,single_query,0,168,1,0.083578589000,83.578589000000,1,dbc1b4c900ffe48d575b5da5c638040125f65db0fe3e24494b76ea986457d986
static_gbm,2,single_query,0,169,1,0.081803582000,81.803582000000,-1,6e340b9cffb37a989ca544e6bb780a2c78901d3fb33738768511a30617afa01d
static_gbm,2,single_query,0,170,1,0.043858785000,43.858785000000,-1,6e340b9cffb37a989ca544e6bb780a2c78901d3fb33738768511a30617afa01d
static_gbm,2,single_query,0,171,1,0.046221976000,46.221976000000,1,dbc1b4c900ffe48d575b5da5c638040125f65db0fe3e24494b76ea986457d986
static_gbm,2,single_query,0,172,1,0.044553209000,44.553209000000,1,dbc1b4c900ffe48d575b5da5c638040125f65db0fe3e24494b76ea986457d986
static_gbm,2,single_query,0,173,1,0.038748078000,38.748078000000,-1,6e340b9cffb37a989ca544e6bb780a2c78901d3fb33738768511a30617afa01d
static_gbm,2,single_query,0,174,1,0.049995802000,49.995802000000,1,dbc1b4c900ffe48d575b5da5c638040125f65db0fe3e24494b76ea986457d986
static_gbm,2,single_query,0,175,1,0.149564118000,149.564118000000,-1,6e340b9cffb37a989ca544e6bb780a2c78901d3fb33738768511a30617afa01d
static_gbm,2,single_query,0,176,1,0.155425967000,155.425967000000,-1,6e340b9cffb37a989ca544e6bb780a2c78901d3fb33738768511a30617afa01d
static_gbm,2,single_query,0,177,1,0.167992489000,167.992489000000,1,dbc1b4c900ffe48d575b5da5c638040125f65db0fe3e24494b76ea986457d986
static_gbm,2,single_query,0,178,1,0.155393604000,155.393604000000,-1,6e340b9cffb37a989ca544e6bb780a2c78901d3fb33738768511a30617afa01d
static_gbm,2,single_query,0,179,1,0.032299196000,32.299196000000,1,dbc1b4c900ffe48d575b5da5c638040125f65db0fe3e24494b76ea986457d986
static_gbm,2,single_query,0,180,1,0.027838901000,27.838901000000,-1,6e340b9cffb37a989ca544e6bb780a2c78901d3fb33738768511a30617afa01d
static_gbm,2,single_query,0,181,1,0.039792879000,39.792879000000,-1,6e340b9cffb37a989ca544e6bb780a2c78901d3fb33738768511a30617afa01d
static_gbm,2,single_query,0,182,1,0.036513577000,36.513577000000,1,dbc1b4c900ffe48d575b5da5c638040125f65db0fe3e24494b76ea986457d986
static_gbm,2,single_query,0,183,1,0.034956900000,34.956900000000,-1,6e340b9cffb37a989ca544e6bb780a2c78901d3fb33738768511a30617afa01d
static_gbm,2,single_query,0,184,1,0.047035253000,47.035253000000,-1,6e340b9cffb37a989ca544e6bb780a2c78901d3fb33738768511a30617afa01d
static_gbm,2,single_query,0,185,1,0.045451157000,45.451157000000,1,dbc1b4c900ffe48d575b5da5c638040125f65db0fe3e24494b76ea986457d986
static_gbm,2,single_query,0,186,1,0.045317746000,45.317746000000,1,dbc1b4c900ffe48d575b5da5c638040125f65db0fe3e24494b76ea986457d986
static_gbm,2,single_query,0,187,1,0.044295458000,44.295458000000,-1,6e340b9cffb37a989ca544e6bb780a2c78901d3fb33738768511a30617afa01d
static_gbm,2,single_query,0,188,1,0.058569588000,58.569588000000,-1,6e340b9cffb37a989ca544e6bb780a2c78901d3fb33738768511a30617afa01d
static_gbm,2,single_query,0,189,1,0.055458436000,55.458436000000,-1,6e340b9cffb37a989ca544e6bb780a2c78901d3fb33738768511a30617afa01d
static_gbm,2,single_query,0,190,1,0.049366797000,49.366797000000,1,dbc1b4c900ffe48d575b5da5c638040125f65db0fe3e24494b76ea986457d986
static_gbm,2,single_query,0,191,1,0.049599994000,49.599994000000,-1,6e340b9cffb37a989ca544e6bb780a2c78901d3fb33738768511a30617afa01d
static_gbm,2,single_query,0,192,1,0.061976988000,61.976988000000,-1,6e340b9cffb37a989ca544e6bb780a2c78901d3fb33738768511a30617afa01d
static_gbm,2,single_query,0,193,1,0.065019091000,65.019091000000,1,dbc1b4c900ffe48d575b5da5c638040125f65db0fe3e24494b76ea986457d986
static_gbm,2,single_query,0,194,1,0.069554055000,69.554055000000,-1,6e340b9cffb37a989ca544e6bb780a2c78901d3fb33738768511a30617afa01d
static_gbm,2,single_query,0,195,1,0.072204011000,72.204011000000,-1,6e340b9cffb37a989ca544e6bb780a2c78901d3fb33738768511a30617afa01d
static_gbm,2,single_query,0,196,1,0.066849741000,66.849741000000,1,dbc1b4c900ffe48d575b5da5c638040125f65db0fe3e24494b76ea986457d986
static_gbm,2,single_query,0,197,1,0.076647132000,76.647132000000,-1,6e340b9cffb37a989ca544e6bb780a2c78901d3fb33738768511a30617afa01d
static_gbm,2,single_query,0,198,1,0.086610513000,86.610513000000,-1,6e340b9cffb37a989ca544e6bb780a2c78901d3fb33738768511a30617afa01d
static_gbm,2,single_query,0,199,1,0.072555177000,72.555177000000,-1,6e340b9cffb37a989ca544e6bb780a2c78901d3fb33738768511a30617afa01d
static_gbm,2,single_query,0,200,1,0.077081455000,77.081455000000,1,dbc1b4c900ffe48d575b5da5c638040125f65db0fe3e24494b76ea986457d986
static_gbm,2,single_query,0,201,1,0.069405355000,69.405355000000,1,dbc1b4c900ffe48d575b5da5c638040125f65db0fe3e24494b76ea986457d986
static_gbm,2,single_query,0,202,1,0.076641086000,76.641086000000,1,dbc1b4c900ffe48d575b5da5c638040125f65db0fe3e24494b76ea986457d986
static_gbm,2,single_query,0,203,1,0.079660403000,79.660403000000,1,dbc1b4c900ffe48d575b5da5c638040125f65db0fe3e24494b76ea986457d986
static_gbm,2,single_query,0,204,1,0.072148179000,72.148179000000,-1,6e340b9cffb37a989ca544e6bb780a2c78901d3fb33738768511a30617afa01d
static_gbm,2,single_query,0,205,1,0.067046597000,67.046597000000,1,dbc1b4c900ffe48d575b5da5c638040125f65db0fe3e24494b76ea986457d986
static_gbm,2,single_query,0,206,1,0.085521377000,85.521377000000,-1,6e340b9cffb37a989ca544e6bb780a2c78901d3fb33738768511a30617afa01d
static_gbm,2,single_query,0,207,1,0.085551390000,85.551390000000,1,dbc1b4c900ffe48d575b5da5c638040125f65db0fe3e24494b76ea986457d986
static_gbm,2,single_query,0,208,1,0.060050839000,60.050839000000,-1,6e340b9cffb37a989ca544e6bb780a2c78901d3fb33738768511a30617afa01d
static_gbm,2,single_query,0,209,1,0.055335563000,55.335563000000,1,dbc1b4c900ffe48d575b5da5c638040125f65db0fe3e24494b76ea986457d986
static_gbm,2,single_query,0,210,1,0.057732288000,57.732288000000,1,dbc1b4c900ffe48d575b5da5c638040125f65db0fe3e24494b76ea986457d986
static_gbm,2,single_query,0,211,1,0.092337410000,92.337410000000,-1,6e340b9cffb37a989ca544e6bb780a2c78901d3fb33738768511a30617afa01d
static_gbm,2,single_query,0,212,1,0.111899952000,111.899952000000,-1,6e340b9cffb37a989ca544e6bb780a2c78901d3fb33738768511a30617afa01d
static_gbm,2,single_query,0,213,1,0.046434221000,46.434221000000,1,dbc1b4c900ffe48d575b5da5c638040125f65db0fe3e24494b76ea986457d986
static_gbm,2,single_query,0,214,1,0.060816602000,60.816602000000,-1,6e340b9cffb37a989ca544e6bb780a2c78901d3fb33738768511a30617afa01d
static_gbm,2,single_query,0,215,1,0.043044910000,43.044910000000,1,dbc1b4c900ffe48d575b5da5c638040125f65db0fe3e24494b76ea986457d986
static_gbm,2,single_query,0,216,1,0.055407217000,55.407217000000,-1,6e340b9cffb37a989ca544e6bb780a2c78901d3fb33738768511a30617afa01d
static_gbm,2,single_query,0,217,1,0.053863959000,53.863959000000,1,dbc1b4c900ffe48d575b5da5c638040125f65db0fe3e24494b76ea986457d986
static_gbm,2,single_query,0,218,1,0.056984684000,56.984684000000,-1,6e340b9cffb37a989ca544e6bb780a2c78901d3fb33738768511a30617afa01d
static_gbm,2,single_query,0,219,1,0.049341122000,49.341122000000,1,dbc1b4c900ffe48d575b5da5c638040125f65db0fe3e24494b76ea986457d986
static_gbm,2,single_query,0,220,1,0.052792694000,52.792694000000,-1,6e340b9cffb37a989ca544e6bb780a2c78901d3fb33738768511a30617afa01d
static_gbm,2,single_query,0,221,1,0.078103886000,78.103886000000,-1,6e340b9cffb37a989ca544e6bb780a2c78901d3fb33738768511a30617afa01d
static_gbm,2,single_query,0,222,1,0.068576363000,68.576363000000,1,dbc1b4c900ffe48d575b5da5c638040125f65db0fe3e24494b76ea986457d986
static_gbm,2,single_query,0,223,1,0.073013362000,73.013362000000,-1,6e340b9cffb37a989ca544e6bb780a2c78901d3fb33738768511a30617afa01d
static_gbm,2,single_query,0,224,1,0.074401709000,74.401709000000,1,dbc1b4c900ffe48d575b5da5c638040125f65db0fe3e24494b76ea986457d986
static_gbm,2,single_query,0,225,1,0.077818586000,77.818586000000,1,dbc1b4c900ffe48d575b5da5c638040125f65db0fe3e24494b76ea986457d986
static_gbm,2,single_query,0,226,1,0.079283472000,79.283472000000,1,dbc1b4c900ffe48d575b5da5c638040125f65db0fe3e24494b76ea986457d986
static_gbm,2,single_query,0,227,1,0.067634415000,67.634415000000,-1,6e340b9cffb37a989ca544e6bb780a2c78901d3fb33738768511a30617afa01d
static_gbm,2,single_query,0,228,1,0.079790358000,79.790358000000,1,dbc1b4c900ffe48d575b5da5c638040125f65db0fe3e24494b76ea986457d986
static_gbm,2,single_query,0,229,1,0.080306244000,80.306244000000,-1,6e340b9cffb37a989ca544e6bb780a2c78901d3fb33738768511a30617afa01d
static_gbm,2,single_query,0,230,1,0.074684466000,74.684466000000,-1,6e340b9cffb37a989ca544e6bb780a2c78901d3fb33738768511a30617afa01d
static_gbm,2,single_query,0,231,1,0.071499849000,71.499849000000,-1,6e340b9cffb37a989ca544e6bb780a2c78901d3fb33738768511a30617afa01d
static_gbm,2,single_query,0,232,1,0.083454463000,83.454463000000,1,dbc1b4c900ffe48d575b5da5c638040125f65db0fe3e24494b76ea986457d986
static_gbm,2,single_query,0,233,1,0.080712349000,80.712349000000,1,dbc1b4c900ffe48d575b5da5c638040125f65db0fe3e24494b76ea986457d986
static_gbm,2,single_query,0,234,1,0.064051020000,64.051020000000,1,dbc1b4c900ffe48d575b5da5c638040125f65db0fe3e24494b76ea986457d986
static_gbm,2,single_query,0,235,1,0.066168185000,66.168185000000,1,dbc1b4c900ffe48d575b5da5c638040125f65db0fe3e24494b76ea986457d986
static_gbm,2,single_query,0,236,1,0.063289291000,63.289291000000,-1,6e340b9cffb37a989ca544e6bb780a2c78901d3fb33738768511a30617afa01d
static_gbm,2,single_query,0,237,1,0.059708397000,59.708397000000,-1,6e340b9cffb37a989ca544e6bb780a2c78901d3fb33738768511a30617afa01d
static_gbm,2,single_query,0,238,1,0.051820842000,51.820842000000,-1,6e340b9cffb37a989ca544e6bb780a2c78901d3fb33738768511a30617afa01d
static_gbm,2,single_query,0,239,1,0.074355917000,74.355917000000,-1,6e340b9cffb37a989ca544e6bb780a2c78901d3fb33738768511a30617afa01d
static_gbm,2,single_query,0,240,1,0.075766913000,75.766913000000,1,dbc1b4c900ffe48d575b5da5c638040125f65db0fe3e24494b76ea986457d986
static_gbm,2,single_query,0,241,1,0.078123218000,78.123218000000,1,dbc1b4c900ffe48d575b5da5c638040125f65db0fe3e24494b76ea986457d986
static_gbm,2,single_query,0,242,1,0.052501942000,52.501942000000,-1,6e340b9cffb37a989ca544e6bb780a2c78901d3fb33738768511a30617afa01d
static_gbm,2,single_query,0,243,1,0.062338367000,62.338367000000,1,dbc1b4c900ffe48d575b5da5c638040125f65db0fe3e24494b76ea986457d986
static_gbm,2,single_query,0,244,1,0.060833013000,60.833013000000,-1,6e340b9cffb37a989ca544e6bb780a2c78901d3fb33738768511a30617afa01d
static_gbm,2,single_query,0,245,1,0.093757947000,93.757947000000,-1,6e340b9cffb37a989ca544e6bb780a2c78901d3fb33738768511a30617afa01d
static_gbm,2,single_query,0,246,1,0.238499667000,238.499667000000,-1,6e340b9cffb37a989ca544e6bb780a2c78901d3fb33738768511a30617afa01d
static_gbm,2,single_query,0,247,1,0.076917023000,76.917023000000,1,dbc1b4c900ffe48d575b5da5c638040125f65db0fe3e24494b76ea986457d986
static_gbm,2,single_query,0,248,1,0.080356716000,80.356716000000,-1,6e340b9cffb37a989ca544e6bb780a2c78901d3fb33738768511a30617afa01d
static_gbm,2,single_query,0,249,1,0.068849875000,68.849875000000,-1,6e340b9cffb37a989ca544e6bb780a2c78901d3fb33738768511a30617afa01d
static_gbm,2,single_query,0,250,1,0.079462871000,79.462871000000,-1,6e340b9cffb37a989ca544e6bb780a2c78901d3fb33738768511a30617afa01d
static_gbm,2,single_query,0,251,1,0.059122530000,59.122530000000,1,dbc1b4c900ffe48d575b5da5c638040125f65db0fe3e24494b76ea986457d986
static_gbm,2,single_query,0,252,1,0.050070809000,50.070809000000,1,dbc1b4c900ffe48d575b5da5c638040125f65db0fe3e24494b76ea986457d986
static_gbm,2,single_query,0,253,1,0.067130775000,67.130775000000,1,dbc1b4c900ffe48d575b5da5c638040125f65db0fe3e24494b76ea986457d986
static_gbm,2,single_query,0,254,1,0.056430948000,56.430948000000,-1,6e340b9cffb37a989ca544e6bb780a2c78901d3fb33738768511a30617afa01d
static_gbm,2,single_query,0,255,1,0.053002069000,53.002069000000,1,dbc1b4c900ffe48d575b5da5c638040125f65db0fe3e24494b76ea986457d986
tfidf_lr,0,init,0,,4263,122.778404285000,,,
tfidf_lr,0,single_query,0,0,1,0.050333195000,50.333195000000,-1,6e340b9cffb37a989ca544e6bb780a2c78901d3fb33738768511a30617afa01d
tfidf_lr,0,single_query,0,1,1,0.027200089000,27.200089000000,1,dbc1b4c900ffe48d575b5da5c638040125f65db0fe3e24494b76ea986457d986
tfidf_lr,0,single_query,0,2,1,0.018544516000,18.544516000000,-1,6e340b9cffb37a989ca544e6bb780a2c78901d3fb33738768511a30617afa01d
tfidf_lr,0,single_query,0,3,1,0.024706974000,24.706974000000,1,dbc1b4c900ffe48d575b5da5c638040125f65db0fe3e24494b76ea986457d986
tfidf_lr,0,single_query,0,4,1,0.035742778000,35.742778000000,-1,6e340b9cffb37a989ca544e6bb780a2c78901d3fb33738768511a30617afa01d
tfidf_lr,0,single_query,0,5,1,0.050084900000,50.084900000000,1,dbc1b4c900ffe48d575b5da5c638040125f65db0fe3e24494b76ea986457d986
tfidf_lr,0,single_query,0,6,1,0.051276995000,51.276995000000,1,dbc1b4c900ffe48d575b5da5c638040125f65db0fe3e24494b76ea986457d986
tfidf_lr,0,single_query,0,7,1,0.028141515000,28.141515000000,1,dbc1b4c900ffe48d575b5da5c638040125f65db0fe3e24494b76ea986457d986
tfidf_lr,0,single_query,0,8,1,0.026527147000,26.527147000000,1,dbc1b4c900ffe48d575b5da5c638040125f65db0fe3e24494b76ea986457d986
tfidf_lr,0,single_query,0,9,1,0.043026995000,43.026995000000,1,dbc1b4c900ffe48d575b5da5c638040125f65db0fe3e24494b76ea986457d986
tfidf_lr,0,single_query,0,10,1,0.050473906000,50.473906000000,1,dbc1b4c900ffe48d575b5da5c638040125f65db0fe3e24494b76ea986457d986
tfidf_lr,0,single_query,0,11,1,0.051104858000,51.104858000000,-1,6e340b9cffb37a989ca544e6bb780a2c78901d3fb33738768511a30617afa01d
tfidf_lr,0,single_query,0,12,1,0.053378497000,53.378497000000,-1,6e340b9cffb37a989ca544e6bb780a2c78901d3fb33738768511a30617afa01d
tfidf_lr,0,single_query,0,13,1,0.028090728000,28.090728000000,-1,6e340b9cffb37a989ca544e6bb780a2c78901d3fb33738768511a30617afa01d
tfidf_lr,0,single_query,0,14,1,0.028372428000,28.372428000000,1,dbc1b4c900ffe48d575b5da5c638040125f65db0fe3e24494b76ea986457d986
tfidf_lr,0,single_query,0,15,1,0.038079438000,38.079438000000,-1,6e340b9cffb37a989ca544e6bb780a2c78901d3fb33738768511a30617afa01d
tfidf_lr,0,single_query,0,16,1,0.038213990000,38.213990000000,1,dbc1b4c900ffe48d575b5da5c638040125f65db0fe3e24494b76ea986457d986
tfidf_lr,0,single_query,0,17,1,0.026986944000,26.986944000000,1,dbc1b4c900ffe48d575b5da5c638040125f65db0fe3e24494b76ea986457d986
tfidf_lr,0,single_query,0,18,1,0.035033878000,35.033878000000,1,dbc1b4c900ffe48d575b5da5c638040125f65db0fe3e24494b76ea986457d986
tfidf_lr,0,single_query,0,19,1,0.016976819000,16.976819000000,-1,6e340b9cffb37a989ca544e6bb780a2c78901d3fb33738768511a30617afa01d
tfidf_lr,0,single_query,0,20,1,0.021581724000,21.581724000000,1,dbc1b4c900ffe48d575b5da5c638040125f65db0fe3e24494b76ea986457d986
tfidf_lr,0,single_query,0,21,1,0.022598632000,22.598632000000,-1,6e340b9cffb37a989ca544e6bb780a2c78901d3fb33738768511a30617afa01d
tfidf_lr,0,single_query,0,22,1,0.023692891000,23.692891000000,-1,6e340b9cffb37a989ca544e6bb780a2c78901d3fb33738768511a30617afa01d
tfidf_lr,0,single_query,0,23,1,0.022766975000,22.766975000000,-1,6e340b9cffb37a989ca544e6bb780a2c78901d3fb33738768511a30617afa01d
tfidf_lr,0,single_query,0,24,1,0.028454651000,28.454651000000,1,dbc1b4c900ffe48d575b5da5c638040125f65db0fe3e24494b76ea986457d986
tfidf_lr,0,single_query,0,25,1,0.031060064000,31.060064000000,1,dbc1b4c900ffe48d575b5da5c638040125f65db0fe3e24494b76ea986457d986
tfidf_lr,0,single_query,0,26,1,0.030525490000,30.525490000000,-1,6e340b9cffb37a989ca544e6bb780a2c78901d3fb33738768511a30617afa01d
tfidf_lr,0,single_query,0,27,1,0.026482141000,26.482141000000,-1,6e340b9cffb37a989ca544e6bb780a2c78901d3fb33738768511a30617afa01d
tfidf_lr,0,single_query,0,28,1,0.026711881000,26.711881000000,-1,6e340b9cffb37a989ca544e6bb780a2c78901d3fb33738768511a30617afa01d
tfidf_lr,0,single_query,0,29,1,0.025134509000,25.134509000000,1,dbc1b4c900ffe48d575b5da5c638040125f65db0fe3e24494b76ea986457d986
tfidf_lr,0,single_query,0,30,1,0.023156868000,23.156868000000,1,dbc1b4c900ffe48d575b5da5c638040125f65db0fe3e24494b76ea986457d986
tfidf_lr,0,single_query,0,31,1,0.026362881000,26.362881000000,1,dbc1b4c900ffe48d575b5da5c638040125f65db0fe3e24494b76ea986457d986
tfidf_lr,0,single_query,0,32,1,0.037418059000,37.418059000000,1,dbc1b4c900ffe48d575b5da5c638040125f65db0fe3e24494b76ea986457d986
tfidf_lr,0,single_query,0,33,1,0.039375979000,39.375979000000,-1,6e340b9cffb37a989ca544e6bb780a2c78901d3fb33738768511a30617afa01d
tfidf_lr,0,single_query,0,34,1,0.051075951000,51.075951000000,-1,6e340b9cffb37a989ca544e6bb780a2c78901d3fb33738768511a30617afa01d
tfidf_lr,0,single_query,0,35,1,0.049959609000,49.959609000000,1,dbc1b4c900ffe48d575b5da5c638040125f65db0fe3e24494b76ea986457d986
tfidf_lr,0,single_query,0,36,1,0.051665895000,51.665895000000,1,dbc1b4c900ffe48d575b5da5c638040125f65db0fe3e24494b76ea986457d986
tfidf_lr,0,single_query,0,37,1,0.028059317000,28.059317000000,1,dbc1b4c900ffe48d575b5da5c638040125f65db0fe3e24494b76ea986457d986
tfidf_lr,0,single_query,0,38,1,0.029842968000,29.842968000000,1,dbc1b4c900ffe48d575b5da5c638040125f65db0fe3e24494b76ea986457d986
tfidf_lr,0,single_query,0,39,1,0.023707895000,23.707895000000,-1,6e340b9cffb37a989ca544e6bb780a2c78901d3fb33738768511a30617afa01d
tfidf_lr,0,single_query,0,40,1,0.021922617000,21.922617000000,1,dbc1b4c900ffe48d575b5da5c638040125f65db0fe3e24494b76ea986457d986
tfidf_lr,0,single_query,0,41,1,0.023766103000,23.766103000000,-1,6e340b9cffb37a989ca544e6bb780a2c78901d3fb33738768511a30617afa01d
tfidf_lr,0,single_query,0,42,1,0.024371788000,24.371788000000,1,dbc1b4c900ffe48d575b5da5c638040125f65db0fe3e24494b76ea986457d986
tfidf_lr,0,single_query,0,43,1,0.021233840000,21.233840000000,1,dbc1b4c900ffe48d575b5da5c638040125f65db0fe3e24494b76ea986457d986
tfidf_lr,0,single_query,0,44,1,0.022454841000,22.454841000000,1,dbc1b4c900ffe48d575b5da5c638040125f65db0fe3e24494b76ea986457d986
tfidf_lr,0,single_query,0,45,1,0.022002311000,22.002311000000,-1,6e340b9cffb37a989ca544e6bb780a2c78901d3fb33738768511a30617afa01d
tfidf_lr,0,single_query,0,46,1,0.019541576000,19.541576000000,1,dbc1b4c900ffe48d575b5da5c638040125f65db0fe3e24494b76ea986457d986
tfidf_lr,0,single_query,0,47,1,0.023166734000,23.166734000000,-1,6e340b9cffb37a989ca544e6bb780a2c78901d3fb33738768511a30617afa01d
tfidf_lr,0,single_query,0,48,1,0.022225308000,22.225308000000,1,dbc1b4c900ffe48d575b5da5c638040125f65db0fe3e24494b76ea986457d986
tfidf_lr,0,single_query,0,49,1,0.030741020000,30.741020000000,-1,6e340b9cffb37a989ca544e6bb780a2c78901d3fb33738768511a30617afa01d
tfidf_lr,0,single_query,0,50,1,0.024229510000,24.229510000000,1,dbc1b4c900ffe48d575b5da5c638040125f65db0fe3e24494b76ea986457d986
tfidf_lr,0,single_query,0,51,1,0.028000990000,28.000990000000,1,dbc1b4c900ffe48d575b5da5c638040125f65db0fe3e24494b76ea986457d986
tfidf_lr,0,single_query,0,52,1,0.021755779000,21.755779000000,-1,6e340b9cffb37a989ca544e6bb780a2c78901d3fb33738768511a30617afa01d
tfidf_lr,0,single_query,0,53,1,0.022871875000,22.871875000000,1,dbc1b4c900ffe48d575b5da5c638040125f65db0fe3e24494b76ea986457d986
tfidf_lr,0,single_query,0,54,1,0.026294302000,26.294302000000,-1,6e340b9cffb37a989ca544e6bb780a2c78901d3fb33738768511a30617afa01d
tfidf_lr,0,single_query,0,55,1,0.023457827000,23.457827000000,-1,6e340b9cffb37a989ca544e6bb780a2c78901d3fb33738768511a30617afa01d
tfidf_lr,0,single_query,0,56,1,0.023735880000,23.735880000000,1,dbc1b4c900ffe48d575b5da5c638040125f65db0fe3e24494b76ea986457d986
tfidf_lr,0,single_query,0,57,1,0.023194540000,23.194540000000,-1,6e340b9cffb37a989ca544e6bb780a2c78901d3fb33738768511a30617afa01d
tfidf_lr,0,single_query,0,58,1,0.024054196000,24.054196000000,-1,6e340b9cffb37a989ca544e6bb780a2c78901d3fb33738768511a30617afa01d
tfidf_lr,0,single_query,0,59,1,0.024260327000,24.260327000000,1,dbc1b4c900ffe48d575b5da5c638040125f65db0fe3e24494b76ea986457d986
tfidf_lr,0,single_query,0,60,1,0.024916888000,24.916888000000,1,dbc1b4c900ffe48d575b5da5c638040125f65db0fe3e24494b76ea986457d986
tfidf_lr,0,single_query,0,61,1,0.020776233000,20.776233000000,-1,6e340b9cffb37a989ca544e6bb780a2c78901d3fb33738768511a30617afa01d
tfidf_lr,0,single_query,0,62,1,0.019814922000,19.814922000000,1,dbc1b4c900ffe48d575b5da5c638040125f65db0fe3e24494b76ea986457d986
tfidf_lr,0,single_query,0,63,1,0.023240565000,23.240565000000,-1,6e340b9cffb37a989ca544e6bb780a2c78901d3fb33738768511a30617afa01d
tfidf_lr,0,single_query,0,64,1,0.023325732000,23.325732000000,1,dbc1b4c900ffe48d575b5da5c638040125f65db0fe3e24494b76ea986457d986
tfidf_lr,0,single_query,0,65,1,0.022891018000,22.891018000000,-1,6e340b9cffb37a989ca544e6bb780a2c78901d3fb33738768511a30617afa01d
tfidf_lr,0,single_query,0,66,1,0.025043078000,25.043078000000,1,dbc1b4c900ffe48d575b5da5c638040125f65db0fe3e24494b76ea986457d986
tfidf_lr,0,single_query,0,67,1,0.023770584000,23.770584000000,1,dbc1b4c900ffe48d575b5da5c638040125f65db0fe3e24494b76ea986457d986
tfidf_lr,0,single_query,0,68,1,0.027028305000,27.028305000000,-1,6e340b9cffb37a989ca544e6bb780a2c78901d3fb33738768511a30617afa01d
tfidf_lr,0,single_query,0,69,1,0.027353432000,27.353432000000,-1,6e340b9cffb37a989ca544e6bb780a2c78901d3fb33738768511a30617afa01d
tfidf_lr,0,single_query,0,70,1,0.027499780000,27.499780000000,-1,6e340b9cffb37a989ca544e6bb780a2c78901d3fb33738768511a30617afa01d
tfidf_lr,0,single_query,0,71,1,0.026949087000,26.949087000000,-1,6e340b9cffb37a989ca544e6bb780a2c78901d3fb33738768511a30617afa01d
tfidf_lr,0,single_query,0,72,1,0.024968991000,24.968991000000,-1,6e340b9cffb37a989ca544e6bb780a2c78901d3fb33738768511a30617afa01d
tfidf_lr,0,single_query,0,73,1,0.028091389000,28.091389000000,-1,6e340b9cffb37a989ca544e6bb780a2c78901d3fb33738768511a30617afa01d
tfidf_lr,0,single_query,0,74,1,0.027505607000,27.505607000000,1,dbc1b4c900ffe48d575b5da5c638040125f65db0fe3e24494b76ea986457d986
tfidf_lr,0,single_query,0,75,1,0.026736531000,26.736531000000,-1,6e340b9cffb37a989ca544e6bb780a2c78901d3fb33738768511a30617afa01d
tfidf_lr,0,single_query,0,76,1,0.030925554000,30.925554000000,1,dbc1b4c900ffe48d575b5da5c638040125f65db0fe3e24494b76ea986457d986
tfidf_lr,0,single_query,0,77,1,0.024382356000,24.382356000000,-1,6e340b9cffb37a989ca544e6bb780a2c78901d3fb33738768511a30617afa01d
tfidf_lr,0,single_query,0,78,1,0.015540290000,15.540290000000,-1,6e340b9cffb37a989ca544e6bb780a2c78901d3fb33738768511a30617afa01d
tfidf_lr,0,single_query,0,79,1,0.018701555000,18.701555000000,1,dbc1b4c900ffe48d575b5da5c638040125f65db0fe3e24494b76ea986457d986
tfidf_lr,0,single_query,0,80,1,0.018426079000,18.426079000000,-1,6e340b9cffb37a989ca544e6bb780a2c78901d3fb33738768511a30617afa01d
tfidf_lr,0,single_query,0,81,1,0.017035969000,17.035969000000,-1,6e340b9cffb37a989ca544e6bb780a2c78901d3fb33738768511a30617afa01d
tfidf_lr,0,single_query,0,82,1,0.023904608000,23.904608000000,1,dbc1b4c900ffe48d575b5da5c638040125f65db0fe3e24494b76ea986457d986
tfidf_lr,0,single_query,0,83,1,0.022119876000,22.119876000000,1,dbc1b4c900ffe48d575b5da5c638040125f65db0fe3e24494b76ea986457d986
tfidf_lr,0,single_query,0,84,1,0.023585027000,23.585027000000,1,dbc1b4c900ffe48d575b5da5c638040125f65db0fe3e24494b76ea986457d986
tfidf_lr,0,single_query,0,85,1,0.024460292000,24.460292000000,1,dbc1b4c900ffe48d575b5da5c638040125f65db0fe3e24494b76ea986457d986
tfidf_lr,0,single_query,0,86,1,0.022731961000,22.731961000000,1,dbc1b4c900ffe48d575b5da5c638040125f65db0fe3e24494b76ea986457d986
tfidf_lr,0,single_query,0,87,1,0.023960770000,23.960770000000,1,dbc1b4c900ffe48d575b5da5c638040125f65db0fe3e24494b76ea986457d986
tfidf_lr,0,single_query,0,88,1,0.023561936000,23.561936000000,1,dbc1b4c900ffe48d575b5da5c638040125f65db0fe3e24494b76ea986457d986
tfidf_lr,0,single_query,0,89,1,0.020273424000,20.273424000000,-1,6e340b9cffb37a989ca544e6bb780a2c78901d3fb33738768511a30617afa01d
tfidf_lr,0,single_query,0,90,1,0.024080166000,24.080166000000,1,dbc1b4c900ffe48d575b5da5c638040125f65db0fe3e24494b76ea986457d986
tfidf_lr,0,single_query,0,91,1,0.023328667000,23.328667000000,1,dbc1b4c900ffe48d575b5da5c638040125f65db0fe3e24494b76ea986457d986
tfidf_lr,0,single_query,0,92,1,0.025679611000,25.679611000000,-1,6e340b9cffb37a989ca544e6bb780a2c78901d3fb33738768511a30617afa01d
tfidf_lr,0,single_query,0,93,1,0.026192721000,26.192721000000,1,dbc1b4c900ffe48d575b5da5c638040125f65db0fe3e24494b76ea986457d986
tfidf_lr,0,single_query,0,94,1,0.025525423000,25.525423000000,-1,6e340b9cffb37a989ca544e6bb780a2c78901d3fb33738768511a30617afa01d
tfidf_lr,0,single_query,0,95,1,0.026209501000,26.209501000000,-1,6e340b9cffb37a989ca544e6bb780a2c78901d3fb33738768511a30617afa01d
tfidf_lr,0,single_query,0,96,1,0.025305018000,25.305018000000,1,dbc1b4c900ffe48d575b5da5c638040125f65db0fe3e24494b76ea986457d986
tfidf_lr,0,single_query,0,97,1,0.024787595000,24.787595000000,1,dbc1b4c900ffe48d575b5da5c638040125f65db0fe3e24494b76ea986457d986
tfidf_lr,0,single_query,0,98,1,0.022329925000,22.329925000000,1,dbc1b4c900ffe48d575b5da5c638040125f65db0fe3e24494b76ea986457d986
tfidf_lr,0,single_query,0,99,1,0.026748372000,26.748372000000,-1,6e340b9cffb37a989ca544e6bb780a2c78901d3fb33738768511a30617afa01d
tfidf_lr,0,single_query,0,100,1,0.023920882000,23.920882000000,1,dbc1b4c900ffe48d575b5da5c638040125f65db0fe3e24494b76ea986457d986
tfidf_lr,0,single_query,0,101,1,0.027502232000,27.502232000000,1,dbc1b4c900ffe48d575b5da5c638040125f65db0fe3e24494b76ea986457d986
tfidf_lr,0,single_query,0,102,1,0.024079583000,24.079583000000,-1,6e340b9cffb37a989ca544e6bb780a2c78901d3fb33738768511a30617afa01d
tfidf_lr,0,single_query,0,103,1,0.029650777000,29.650777000000,1,dbc1b4c900ffe48d575b5da5c638040125f65db0fe3e24494b76ea986457d986
tfidf_lr,0,single_query,0,104,1,0.029560747000,29.560747000000,-1,6e340b9cffb37a989ca544e6bb780a2c78901d3fb33738768511a30617afa01d
tfidf_lr,0,single_query,0,105,1,0.026640352000,26.640352000000,1,dbc1b4c900ffe48d575b5da5c638040125f65db0fe3e24494b76ea986457d986
tfidf_lr,0,single_query,0,106,1,0.034945475000,34.945475000000,-1,6e340b9cffb37a989ca544e6bb780a2c78901d3fb33738768511a30617afa01d
tfidf_lr,0,single_query,0,107,1,0.028693386000,28.693386000000,-1,6e340b9cffb37a989ca544e6bb780a2c78901d3fb33738768511a30617afa01d
tfidf_lr,0,single_query,0,108,1,0.028685988000,28.685988000000,-1,6e340b9cffb37a989ca544e6bb780a2c78901d3fb33738768511a30617afa01d
tfidf_lr,0,single_query,0,109,1,0.028575912000,28.575912000000,-1,6e340b9cffb37a989ca544e6bb780a2c78901d3fb33738768511a30617afa01d
tfidf_lr,0,single_query,0,110,1,0.024124360000,24.124360000000,-1,6e340b9cffb37a989ca544e6bb780a2c78901d3fb33738768511a30617afa01d
tfidf_lr,0,single_query,0,111,1,0.026161413000,26.161413000000,-1,6e340b9cffb37a989ca544e6bb780a2c78901d3fb33738768511a30617afa01d
tfidf_lr,0,single_query,0,112,1,0.029949798000,29.949798000000,-1,6e340b9cffb37a989ca544e6bb780a2c78901d3fb33738768511a30617afa01d
tfidf_lr,0,single_query,0,113,1,0.029898050000,29.898050000000,-1,6e340b9cffb37a989ca544e6bb780a2c78901d3fb33738768511a30617afa01d
tfidf_lr,0,single_query,0,114,1,0.028781489000,28.781489000000,-1,6e340b9cffb37a989ca544e6bb780a2c78901d3fb33738768511a30617afa01d
tfidf_lr,0,single_query,0,115,1,0.026151515000,26.151515000000,-1,6e340b9cffb37a989ca544e6bb780a2c78901d3fb33738768511a30617afa01d
tfidf_lr,0,single_query,0,116,1,0.025517875000,25.517875000000,1,dbc1b4c900ffe48d575b5da5c638040125f65db0fe3e24494b76ea986457d986
tfidf_lr,0,single_query,0,117,1,0.028270256000,28.270256000000,1,dbc1b4c900ffe48d575b5da5c638040125f65db0fe3e24494b76ea986457d986
tfidf_lr,0,single_query,0,118,1,0.028423625000,28.423625000000,1,dbc1b4c900ffe48d575b5da5c638040125f65db0fe3e24494b76ea986457d986
tfidf_lr,0,single_query,0,119,1,0.025154724000,25.154724000000,-1,6e340b9cffb37a989ca544e6bb780a2c78901d3fb33738768511a30617afa01d
tfidf_lr,0,single_query,0,120,1,0.013610730000,13.610730000000,-1,6e340b9cffb37a989ca544e6bb780a2c78901d3fb33738768511a30617afa01d
tfidf_lr,0,single_query,0,121,1,0.048538736000,48.538736000000,-1,6e340b9cffb37a989ca544e6bb780a2c78901d3fb33738768511a30617afa01d
tfidf_lr,0,single_query,0,122,1,0.045074346000,45.074346000000,-1,6e340b9cffb37a989ca544e6bb780a2c78901d3fb33738768511a30617afa01d
tfidf_lr,0,single_query,0,123,1,0.048619044000,48.619044000000,-1,6e340b9cffb37a989ca544e6bb780a2c78901d3fb33738768511a30617afa01d
tfidf_lr,0,single_query,0,124,1,0.048640569000,48.640569000000,-1,6e340b9cffb37a989ca544e6bb780a2c78901d3fb33738768511a30617afa01d
tfidf_lr,0,single_query,0,125,1,0.048751414000,48.751414000000,1,dbc1b4c900ffe48d575b5da5c638040125f65db0fe3e24494b76ea986457d986
tfidf_lr,0,single_query,0,126,1,0.048725642000,48.725642000000,1,dbc1b4c900ffe48d575b5da5c638040125f65db0fe3e24494b76ea986457d986
tfidf_lr,0,single_query,0,127,1,0.030753508000,30.753508000000,-1,6e340b9cffb37a989ca544e6bb780a2c78901d3fb33738768511a30617afa01d
tfidf_lr,0,single_query,0,128,1,0.040212556000,40.212556000000,1,dbc1b4c900ffe48d575b5da5c638040125f65db0fe3e24494b76ea986457d986
tfidf_lr,0,single_query,0,129,1,0.038794566000,38.794566000000,-1,6e340b9cffb37a989ca544e6bb780a2c78901d3fb33738768511a30617afa01d
tfidf_lr,0,single_query,0,130,1,0.040112784000,40.112784000000,1,dbc1b4c900ffe48d575b5da5c638040125f65db0fe3e24494b76ea986457d986
tfidf_lr,0,single_query,0,131,1,0.033065096000,33.065096000000,1,dbc1b4c900ffe48d575b5da5c638040125f65db0fe3e24494b76ea986457d986
tfidf_lr,0,single_query,0,132,1,0.052604295000,52.604295000000,-1,6e340b9cffb37a989ca544e6bb780a2c78901d3fb33738768511a30617afa01d
tfidf_lr,0,single_query,0,133,1,0.032807635000,32.807635000000,-1,6e340b9cffb37a989ca544e6bb780a2c78901d3fb33738768511a30617afa01d
tfidf_lr,0,single_query,0,134,1,0.045631037000,45.631037000000,-1,6e340b9cffb37a989ca544e6bb780a2c78901d3fb33738768511a30617afa01d
tfidf_lr,0,single_query,0,135,1,0.047844749000,47.844749000000,1,dbc1b4c900ffe48d575b5da5c638040125f65db0fe3e24494b76ea986457d986
tfidf_lr,0,single_query,0,136,1,0.043170226000,43.170226000000,-1,6e340b9cffb37a989ca544e6bb780a2c78901d3fb33738768511a30617afa01d
tfidf_lr,0,single_query,0,137,1,0.039481822000,39.481822000000,1,dbc1b4c900ffe48d575b5da5c638040125f65db0fe3e24494b76ea986457d986
tfidf_lr,0,single_query,0,138,1,0.039862605000,39.862605000000,-1,6e340b9cffb37a989ca544e6bb780a2c78901d3fb33738768511a30617afa01d
tfidf_lr,0,single_query,0,139,1,0.041666090000,41.666090000000,-1,6e340b9cffb37a989ca544e6bb780a2c78901d3fb33738768511a30617afa01d
tfidf_lr,0,single_query,0,140,1,0.023872650000,23.872650000000,-1,6e340b9cffb37a989ca544e6bb780a2c78901d3fb33738768511a30617afa01d
tfidf_lr,0,single_query,0,141,1,0.034087004000,34.087004000000,1,dbc1b4c900ffe48d575b5da5c638040125f65db0fe3e24494b76ea986457d986
tfidf_lr,0,single_query,0,142,1,0.036512068000,36.512068000000,1,dbc1b4c900ffe48d575b5da5c638040125f65db0fe3e24494b76ea986457d986
tfidf_lr,0,single_query,0,143,1,0.050889339000,50.889339000000,-1,6e340b9cffb37a989ca544e6bb780a2c78901d3fb33738768511a30617afa01d
tfidf_lr,0,single_query,0,144,1,0.052902528000,52.902528000000,-1,6e340b9cffb37a989ca544e6bb780a2c78901d3fb33738768511a30617afa01d
tfidf_lr,0,single_query,0,145,1,0.054656108000,54.656108000000,1,dbc1b4c900ffe48d575b5da5c638040125f65db0fe3e24494b76ea986457d986
tfidf_lr,0,single_query,0,146,1,0.047480319000,47.480319000000,1,dbc1b4c900ffe48d575b5da5c638040125f65db0fe3e24494b76ea986457d986
tfidf_lr,0,single_query,0,147,1,0.049424422000,49.424422000000,-1,6e340b9cffb37a989ca544e6bb780a2c78901d3fb33738768511a30617afa01d
tfidf_lr,0,single_query,0,148,1,0.048597058000,48.597058000000,1,dbc1b4c900ffe48d575b5da5c638040125f65db0fe3e24494b76ea986457d986
tfidf_lr,0,single_query,0,149,1,0.048912497000,48.912497000000,-1,6e340b9cffb37a989ca544e6bb780a2c78901d3fb33738768511a30617afa01d
tfidf_lr,0,single_query,0,150,1,0.048950974000,48.950974000000,-1,6e340b9cffb37a989ca544e6bb780a2c78901d3fb33738768511a30617afa01d
tfidf_lr,0,single_query,0,151,1,0.048367791000,48.367791000000,-1,6e340b9cffb37a989ca544e6bb780a2c78901d3fb33738768511a30617afa01d
tfidf_lr,0,single_query,0,152,1,0.048663809000,48.663809000000,-1,6e340b9cffb37a989ca544e6bb780a2c78901d3fb33738768511a30617afa01d
tfidf_lr,0,single_query,0,153,1,0.050845299000,50.845299000000,-1,6e340b9cffb37a989ca544e6bb780a2c78901d3fb33738768511a30617afa01d
tfidf_lr,0,single_query,0,154,1,0.048700543000,48.700543000000,1,dbc1b4c900ffe48d575b5da5c638040125f65db0fe3e24494b76ea986457d986
tfidf_lr,0,single_query,0,155,1,0.049468681000,49.468681000000,1,dbc1b4c900ffe48d575b5da5c638040125f65db0fe3e24494b76ea986457d986
tfidf_lr,0,single_query,0,156,1,0.048964701000,48.964701000000,-1,6e340b9cffb37a989ca544e6bb780a2c78901d3fb33738768511a30617afa01d
tfidf_lr,0,single_query,0,157,1,0.049236782000,49.236782000000,1,dbc1b4c900ffe48d575b5da5c638040125f65db0fe3e24494b76ea986457d986
tfidf_lr,0,single_query,0,158,1,0.049131446000,49.131446000000,1,dbc1b4c900ffe48d575b5da5c638040125f65db0fe3e24494b76ea986457d986
tfidf_lr,0,single_query,0,159,1,0.048976588000,48.976588000000,-1,6e340b9cffb37a989ca544e6bb780a2c78901d3fb33738768511a30617afa01d
tfidf_lr,0,single_query,0,160,1,0.049016720000,49.016720000000,-1,6e340b9cffb37a989ca544e6bb780a2c78901d3fb33738768511a30617afa01d
tfidf_lr,0,single_query,0,161,1,0.027749467000,27.749467000000,1,dbc1b4c900ffe48d575b5da5c638040125f65db0fe3e24494b76ea986457d986
tfidf_lr,0,single_query,0,162,1,0.036343502000,36.343502000000,1,dbc1b4c900ffe48d575b5da5c638040125f65db0fe3e24494b76ea986457d986
tfidf_lr,0,single_query,0,163,1,0.045858743000,45.858743000000,1,dbc1b4c900ffe48d575b5da5c638040125f65db0fe3e24494b76ea986457d986
tfidf_lr,0,single_query,0,164,1,0.037972726000,37.972726000000,1,dbc1b4c900ffe48d575b5da5c638040125f65db0fe3e24494b76ea986457d986
tfidf_lr,0,single_query,0,165,1,0.046941198000,46.941198000000,-1,6e340b9cffb37a989ca544e6bb780a2c78901d3fb33738768511a30617afa01d
tfidf_lr,0,single_query,0,166,1,0.052320119000,52.320119000000,1,dbc1b4c900ffe48d575b5da5c638040125f65db0fe3e24494b76ea986457d986
tfidf_lr,0,single_query,0,167,1,0.048693043000,48.693043000000,-1,6e340b9cffb37a989ca544e6bb780a2c78901d3fb33738768511a30617afa01d
tfidf_lr,0,single_query,0,168,1,0.050832633000,50.832633000000,1,dbc1b4c900ffe48d575b5da5c638040125f65db0fe3e24494b76ea986457d986
tfidf_lr,0,single_query,0,169,1,0.052962405000,52.962405000000,-1,6e340b9cffb37a989ca544e6bb780a2c78901d3fb33738768511a30617afa01d
tfidf_lr,0,single_query,0,170,1,0.030615874000,30.615874000000,-1,6e340b9cffb37a989ca544e6bb780a2c78901d3fb33738768511a30617afa01d
tfidf_lr,0,single_query,0,171,1,0.032073476000,32.073476000000,-1,6e340b9cffb37a989ca544e6bb780a2c78901d3fb33738768511a30617afa01d
tfidf_lr,0,single_query,0,172,1,0.032070929000,32.070929000000,-1,6e340b9cffb37a989ca544e6bb780a2c78901d3fb33738768511a30617afa01d
tfidf_lr,0,single_query,0,173,1,0.028613935000,28.613935000000,1,dbc1b4c900ffe48d575b5da5c638040125f65db0fe3e24494b76ea986457d986
tfidf_lr,0,single_query,0,174,1,0.039026045000,39.026045000000,1,dbc1b4c900ffe48d575b5da5c638040125f65db0fe3e24494b76ea986457d986
tfidf_lr,0,single_query,0,175,1,0.049683592000,49.683592000000,1,dbc1b4c900ffe48d575b5da5c638040125f65db0fe3e24494b76ea986457d986
tfidf_lr,0,single_query,0,176,1,0.049681389000,49.681389000000,1,dbc1b4c900ffe48d575b5da5c638040125f65db0fe3e24494b76ea986457d986
tfidf_lr,0,single_query,0,177,1,0.049228378000,49.228378000000,-1,6e340b9cffb37a989ca544e6bb780a2c78901d3fb33738768511a30617afa01d
tfidf_lr,0,single_query,0,178,1,0.049871926000,49.871926000000,1,dbc1b4c900ffe48d575b5da5c638040125f65db0fe3e24494b76ea986457d986
tfidf_lr,0,single_query,0,179,1,0.022324581000,22.324581000000,-1,6e340b9cffb37a989ca544e6bb780a2c78901d3fb33738768511a30617afa01d
tfidf_lr,0,single_query,0,180,1,0.019407507000,19.407507000000,1,dbc1b4c900ffe48d575b5da5c638040125f65db0fe3e24494b76ea986457d986
tfidf_lr,0,single_query,0,181,1,0.030745355000,30.745355000000,-1,6e340b9cffb37a989ca544e6bb780a2c78901d3fb33738768511a30617afa01d
tfidf_lr,0,single_query,0,182,1,0.025983975000,25.983975000000,1,dbc1b4c900ffe48d575b5da5c638040125f65db0fe3e24494b76ea986457d986
tfidf_lr,0,single_query,0,183,1,0.024931960000,24.931960000000,-1,6e340b9cffb37a989ca544e6bb780a2c78901d3fb33738768511a30617afa01d
tfidf_lr,0,single_query,0,184,1,0.036244278000,36.244278000000,-1,6e340b9cffb37a989ca544e6bb780a2c78901d3fb33738768511a30617afa01d
tfidf_lr,0,single_query,0,185,1,0.033929085000,33.929085000000,1,dbc1b4c900ffe48d575b5da5c638040125f65db0fe3e24494b76ea986457d986
tfidf_lr,0,single_query,0,186,1,0.034856840000,34.856840000000,1,dbc1b4c900ffe48d575b5da5c638040125f65db0fe3e24494b76ea986457d986
tfidf_lr,0,single_query,0,187,1,0.033334793000,33.334793000000,1,dbc1b4c900ffe48d575b5da5c638040125f65db0fe3e24494b76ea986457d986
tfidf_lr,0,single_query,0,188,1,0.042618342000,42.618342000000,1,dbc1b4c900ffe48d575b5da5c638040125f65db0fe3e24494b76ea986457d986
tfidf_lr,0,single_query,0,189,1,0.042812497000,42.812497000000,-1,6e340b9cffb37a989ca544e6bb780a2c78901d3fb33738768511a30617afa01d
tfidf_lr,0,single_query,0,190,1,0.037886948000,37.886948000000,1,dbc1b4c900ffe48d575b5da5c638040125f65db0fe3e24494b76ea986457d986
tfidf_lr,0,single_query,0,191,1,0.037029758000,37.029758000000,1,dbc1b4c900ffe48d575b5da5c638040125f65db0fe3e24494b76ea986457d986
tfidf_lr,0,single_query,0,192,1,0.049541323000,49.541323000000,1,dbc1b4c900ffe48d575b5da5c638040125f65db0fe3e24494b76ea986457d986
tfidf_lr,0,single_query,0,193,1,0.051866698000,51.866698000000,1,dbc1b4c900ffe48d575b5da5c638040125f65db0fe3e24494b76ea986457d986
tfidf_lr,0,single_query,0,194,1,0.051763266000,51.763266000000,1,dbc1b4c900ffe48d575b5da5c638040125f65db0fe3e24494b76ea986457d986
tfidf_lr,0,single_query,0,195,1,0.051529301000,51.529301000000,-1,6e340b9cffb37a989ca544e6bb780a2c78901d3fb33738768511a30617afa01d
tfidf_lr,0,single_query,0,196,1,0.049704439000,49.704439000000,1,dbc1b4c900ffe48d575b5da5c638040125f65db0fe3e24494b76ea986457d986
tfidf_lr,0,single_query,0,197,1,0.052882208000,52.882208000000,-1,6e340b9cffb37a989ca544e6bb780a2c78901d3fb33738768511a30617afa01d
tfidf_lr,0,single_query,0,198,1,0.053089395000,53.089395000000,-1,6e340b9cffb37a989ca544e6bb780a2c78901d3fb33738768511a30617afa01d
tfidf_lr,0,single_query,0,199,1,0.050890870000,50.890870000000,-1,6e340b9cffb37a989ca544e6bb780a2c78901d3fb33738768511a30617afa01d
tfidf_lr,0,single_query,0,200,1,0.053981785000,53.981785000000,-1,6e340b9cffb37a989ca544e6bb780a2c78901d3fb33738768511a30617afa01d
tfidf_lr,0,single_query,0,201,1,0.053979021000,53.979021000000,1,dbc1b4c900ffe48d575b5da5c638040125f65db0fe3e24494b76ea986457d986
tfidf_lr,0,single_query,0,202,1,0.052665376000,52.665376000000,-1,6e340b9cffb37a989ca544e6bb780a2c78901d3fb33738768511a30617afa01d
tfidf_lr,0,single_query,0,203,1,0.053007403000,53.007403000000,1,dbc1b4c900ffe48d575b5da5c638040125f65db0fe3e24494b76ea986457d986
tfidf_lr,0,single_query,0,204,1,0.051998676000,51.998676000000,1,dbc1b4c900ffe48d575b5da5c638040125f65db0fe3e24494b76ea986457d986
tfidf_lr,0,single_query,0,205,1,0.052202720000,52.202720000000,-1,6e340b9cffb37a989ca544e6bb780a2c78901d3fb33738768511a30617afa01d
tfidf_lr,0,single_query,0,206,1,0.051057690000,51.057690000000,-1,6e340b9cffb37a989ca544e6bb780a2c78901d3fb33738768511a30617afa01d
tfidf_lr,0,single_query,0,207,1,0.051971646000,51.971646000000,1,dbc1b4c900ffe48d575b5da5c638040125f65db0fe3e24494b76ea986457d986
tfidf_lr,0,single_query,0,208,1,0.041734120000,41.734120000000,-1,6e340b9cffb37a989ca544e6bb780a2c78901d3fb33738768511a30617afa01d
tfidf_lr,0,single_query,0,209,1,0.039006973000,39.006973000000,1,dbc1b4c900ffe48d575b5da5c638040125f65db0fe3e24494b76ea986457d986
tfidf_lr,0,single_query,0,210,1,0.041465837000,41.465837000000,-1,6e340b9cffb37a989ca544e6bb780a2c78901d3fb33738768511a30617afa01d
tfidf_lr,0,single_query,0,211,1,0.047085417000,47.085417000000,1,dbc1b4c900ffe48d575b5da5c638040125f65db0fe3e24494b76ea986457d986
tfidf_lr,0,single_query,0,212,1,0.045891850000,45.891850000000,-1,6e340b9cffb37a989ca544e6bb780a2c78901d3fb33738768511a30617afa01d
tfidf_lr,0,single_query,0,213,1,0.031105817000,31.105817000000,1,dbc1b4c900ffe48d575b5da5c638040125f65db0fe3e24494b76ea986457d986
tfidf_lr,0,single_query,0,214,1,0.042377335000,42.377335000000,-1,6e340b9cffb37a989ca544e6bb780a2c78901d3fb33738768511a30617afa01d
tfidf_lr,0,single_query,0,215,1,0.028394110000,28.394110000000,1,dbc1b4c900ffe48d575b5da5c638040125f65db0fe3e24494b76ea986457d986
tfidf_lr,0,single_query,0,216,1,0.041701135000,41.701135000000,-1,6e340b9cffb37a989ca544e6bb780a2c78901d3fb33738768511a30617afa01d
tfidf_lr,0,single_query,0,217,1,0.040273009000,40.273009000000,1,dbc1b4c900ffe48d575b5da5c638040125f65db0fe3e24494b76ea986457d986
tfidf_lr,0,single_query,0,218,1,0.043036774000,43.036774000000,-1,6e340b9cffb37a989ca544e6bb780a2c78901d3fb33738768511a30617afa01d
tfidf_lr,0,single_query,0,219,1,0.035931977000,35.931977000000,-1,6e340b9cffb37a989ca544e6bb780a2c78901d3fb33738768511a30617afa01d
tfidf_lr,0,single_query,0,220,1,0.040853536000,40.853536000000,1,dbc1b4c900ffe48d575b5da5c638040125f65db0fe3e24494b76ea986457d986
tfidf_lr,0,single_query,0,221,1,0.050776487000,50.776487000000,-1,6e340b9cffb37a989ca544e6bb780a2c78901d3fb33738768511a30617afa01d
tfidf_lr,0,single_query,0,222,1,0.048691433000,48.691433000000,1,dbc1b4c900ffe48d575b5da5c638040125f65db0fe3e24494b76ea986457d986
tfidf_lr,0,single_query,0,223,1,0.053504241000,53.504241000000,1,dbc1b4c900ffe48d575b5da5c638040125f65db0fe3e24494b76ea986457d986
tfidf_lr,0,single_query,0,224,1,0.051368289000,51.368289000000,1,dbc1b4c900ffe48d575b5da5c638040125f65db0fe3e24494b76ea986457d986
tfidf_lr,0,single_query,0,225,1,0.051047281000,51.047281000000,1,dbc1b4c900ffe48d575b5da5c638040125f65db0fe3e24494b76ea986457d986
tfidf_lr,0,single_query,0,226,1,0.050262769000,50.262769000000,-1,6e340b9cffb37a989ca544e6bb780a2c78901d3fb33738768511a30617afa01d
tfidf_lr,0,single_query,0,227,1,0.048882065000,48.882065000000,1,dbc1b4c900ffe48d575b5da5c638040125f65db0fe3e24494b76ea986457d986
tfidf_lr,0,single_query,0,228,1,0.051652598000,51.652598000000,-1,6e340b9cffb37a989ca544e6bb780a2c78901d3fb33738768511a30617afa01d
tfidf_lr,0,single_query,0,229,1,0.052915584000,52.915584000000,1,dbc1b4c900ffe48d575b5da5c638040125f65db0fe3e24494b76ea986457d986
tfidf_lr,0,single_query,0,230,1,0.046965297000,46.965297000000,-1,6e340b9cffb37a989ca544e6bb780a2c78901d3fb33738768511a30617afa01d
tfidf_lr,0,single_query,0,231,1,0.051742477000,51.742477000000,-1,6e340b9cffb37a989ca544e6bb780a2c78901d3fb33738768511a30617afa01d
tfidf_lr,0,single_query,0,232,1,0.049256100000,49.256100000000,-1,6e340b9cffb37a989ca544e6bb780a2c78901d3fb33738768511a30617afa01d
tfidf_lr,0,single_query,0,233,1,0.052832632000,52.832632000000,-1,6e340b9cffb37a989ca544e6bb780a2c78901d3fb33738768511a30617afa01d
tfidf_lr,0,single_query,0,234,1,0.046043450000,46.043450000000,-1,6e340b9cffb37a989ca544e6bb780a2c78901d3fb33738768511a30617afa01d
tfidf_lr,0,single_query,0,235,1,0.046138413000,46.138413000000,-1,6e340b9cffb37a989ca544e6bb780a2c78901d3fb33738768511a30617afa01d
tfidf_lr,0,single_query,0,236,1,0.044503415000,44.503415000000,-1,6e340b9cffb37a989ca544e6bb780a2c78901d3fb33738768511a30617afa01d
tfidf_lr,0,single_query,0,237,1,0.044626758000,44.626758000000,-1,6e340b9cffb37a989ca544e6bb780a2c78901d3fb33738768511a30617afa01d
tfidf_lr,0,single_query,0,238,1,0.040452288000,40.452288000000,-1,6e340b9cffb37a989ca544e6bb780a2c78901d3fb33738768511a30617afa01d
tfidf_lr,0,single_query,0,239,1,0.052053776000,52.053776000000,-1,6e340b9cffb37a989ca544e6bb780a2c78901d3fb33738768511a30617afa01d
tfidf_lr,0,single_query,0,240,1,0.052170405000,52.170405000000,-1,6e340b9cffb37a989ca544e6bb780a2c78901d3fb33738768511a30617afa01d
tfidf_lr,0,single_query,0,241,1,0.049971148000,49.971148000000,-1,6e340b9cffb37a989ca544e6bb780a2c78901d3fb33738768511a30617afa01d
tfidf_lr,0,single_query,0,242,1,0.036210091000,36.210091000000,1,dbc1b4c900ffe48d575b5da5c638040125f65db0fe3e24494b76ea986457d986
tfidf_lr,0,single_query,0,243,1,0.039804156000,39.804156000000,-1,6e340b9cffb37a989ca544e6bb780a2c78901d3fb33738768511a30617afa01d
tfidf_lr,0,single_query,0,244,1,0.042124871000,42.124871000000,1,dbc1b4c900ffe48d575b5da5c638040125f65db0fe3e24494b76ea986457d986
tfidf_lr,0,single_query,0,245,1,0.053032161000,53.032161000000,1,dbc1b4c900ffe48d575b5da5c638040125f65db0fe3e24494b76ea986457d986
tfidf_lr,0,single_query,0,246,1,0.047529400000,47.529400000000,-1,6e340b9cffb37a989ca544e6bb780a2c78901d3fb33738768511a30617afa01d
tfidf_lr,0,single_query,0,247,1,0.054914436000,54.914436000000,1,dbc1b4c900ffe48d575b5da5c638040125f65db0fe3e24494b76ea986457d986
tfidf_lr,0,single_query,0,248,1,0.055966151000,55.966151000000,-1,6e340b9cffb37a989ca544e6bb780a2c78901d3fb33738768511a30617afa01d
tfidf_lr,0,single_query,0,249,1,0.049466123000,49.466123000000,-1,6e340b9cffb37a989ca544e6bb780a2c78901d3fb33738768511a30617afa01d
tfidf_lr,0,single_query,0,250,1,0.055572773000,55.572773000000,1,dbc1b4c900ffe48d575b5da5c638040125f65db0fe3e24494b76ea986457d986
tfidf_lr,0,single_query,0,251,1,0.045833760000,45.833760000000,1,dbc1b4c900ffe48d575b5da5c638040125f65db0fe3e24494b76ea986457d986
tfidf_lr,0,single_query,0,252,1,0.039706723000,39.706723000000,-1,6e340b9cffb37a989ca544e6bb780a2c78901d3fb33738768511a30617afa01d
tfidf_lr,0,single_query,0,253,1,0.053515628000,53.515628000000,-1,6e340b9cffb37a989ca544e6bb780a2c78901d3fb33738768511a30617afa01d
tfidf_lr,0,single_query,0,254,1,0.046480956000,46.480956000000,-1,6e340b9cffb37a989ca544e6bb780a2c78901d3fb33738768511a30617afa01d
tfidf_lr,0,single_query,0,255,1,0.042360834000,42.360834000000,-1,6e340b9cffb37a989ca544e6bb780a2c78901d3fb33738768511a30617afa01d
tfidf_lr,1,init,0,,4263,107.471423483000,,,
tfidf_lr,1,single_query,0,0,1,0.046597819000,46.597819000000,-1,6e340b9cffb37a989ca544e6bb780a2c78901d3fb33738768511a30617afa01d
tfidf_lr,1,single_query,0,1,1,0.025445752000,25.445752000000,1,dbc1b4c900ffe48d575b5da5c638040125f65db0fe3e24494b76ea986457d986
tfidf_lr,1,single_query,0,2,1,0.017397347000,17.397347000000,-1,6e340b9cffb37a989ca544e6bb780a2c78901d3fb33738768511a30617afa01d
tfidf_lr,1,single_query,0,3,1,0.024548105000,24.548105000000,1,dbc1b4c900ffe48d575b5da5c638040125f65db0fe3e24494b76ea986457d986
tfidf_lr,1,single_query,0,4,1,0.035833841000,35.833841000000,-1,6e340b9cffb37a989ca544e6bb780a2c78901d3fb33738768511a30617afa01d
tfidf_lr,1,single_query,0,5,1,0.047611294000,47.611294000000,1,dbc1b4c900ffe48d575b5da5c638040125f65db0fe3e24494b76ea986457d986
tfidf_lr,1,single_query,0,6,1,0.047735889000,47.735889000000,1,dbc1b4c900ffe48d575b5da5c638040125f65db0fe3e24494b76ea986457d986
tfidf_lr,1,single_query,0,7,1,0.026531995000,26.531995000000,1,dbc1b4c900ffe48d575b5da5c638040125f65db0fe3e24494b76ea986457d986
tfidf_lr,1,single_query,0,8,1,0.024032217000,24.032217000000,1,dbc1b4c900ffe48d575b5da5c638040125f65db0fe3e24494b76ea986457d986
tfidf_lr,1,single_query,0,9,1,0.038995166000,38.995166000000,1,dbc1b4c900ffe48d575b5da5c638040125f65db0fe3e24494b76ea986457d986
tfidf_lr,1,single_query,0,10,1,0.046558868000,46.558868000000,1,dbc1b4c900ffe48d575b5da5c638040125f65db0fe3e24494b76ea986457d986
tfidf_lr,1,single_query,0,11,1,0.048165451000,48.165451000000,-1,6e340b9cffb37a989ca544e6bb780a2c78901d3fb33738768511a30617afa01d
tfidf_lr,1,single_query,0,12,1,0.050260486000,50.260486000000,-1,6e340b9cffb37a989ca544e6bb780a2c78901d3fb33738768511a30617afa01d
tfidf_lr,1,single_query,0,13,1,0.026575438000,26.575438000000,-1,6e340b9cffb37a989ca544e6bb780a2c78901d3fb33738768511a30617afa01d
tfidf_lr,1,single_query,0,14,1,0.026220044000,26.220044000000,1,dbc1b4c900ffe48d575b5da5c638040125f65db0fe3e24494b76ea986457d986
tfidf_lr,1,single_query,0,15,1,0.035799089000,35.799089000000,-1,6e340b9cffb37a989ca544e6bb780a2c78901d3fb33738768511a30617afa01d
tfidf_lr,1,single_query,0,16,1,0.035577877000,35.577877000000,1,dbc1b4c900ffe48d575b5da5c638040125f65db0fe3e24494b76ea986457d986
tfidf_lr,1,single_query,0,17,1,0.026424902000,26.424902000000,1,dbc1b4c900ffe48d575b5da5c638040125f65db0fe3e24494b76ea986457d986
tfidf_lr,1,single_query,0,18,1,0.032997526000,32.997526000000,1,dbc1b4c900ffe48d575b5da5c638040125f65db0fe3e24494b76ea986457d986
tfidf_lr,1,single_query,0,19,1,0.015658033000,15.658033000000,-1,6e340b9cffb37a989ca544e6bb780a2c78901d3fb33738768511a30617afa01d
tfidf_lr,1,single_query,0,20,1,0.019804758000,19.804758000000,1,dbc1b4c900ffe48d575b5da5c638040125f65db0fe3e24494b76ea986457d986
tfidf_lr,1,single_query,0,21,1,0.021125537000,21.125537000000,-1,6e340b9cffb37a989ca544e6bb780a2c78901d3fb33738768511a30617afa01d
tfidf_lr,1,single_query,0,22,1,0.022279190000,22.279190000000,-1,6e340b9cffb37a989ca544e6bb780a2c78901d3fb33738768511a30617afa01d
tfidf_lr,1,single_query,0,23,1,0.021344108000,21.344108000000,-1,6e340b9cffb37a989ca544e6bb780a2c78901d3fb33738768511a30617afa01d
tfidf_lr,1,single_query,0,24,1,0.026336959000,26.336959000000,1,dbc1b4c900ffe48d575b5da5c638040125f65db0fe3e24494b76ea986457d986
tfidf_lr,1,single_query,0,25,1,0.029128324000,29.128324000000,1,dbc1b4c900ffe48d575b5da5c638040125f65db0fe3e24494b76ea986457d986
tfidf_lr,1,single_query,0,26,1,0.027618186000,27.618186000000,-1,6e340b9cffb37a989ca544e6bb780a2c78901d3fb33738768511a30617afa01d
tfidf_lr,1,single_query,0,27,1,0.024695200000,24.695200000000,-1,6e340b9cffb37a989ca544e6bb780a2c78901d3fb33738768511a30617afa01d
tfidf_lr,1,single_query,0,28,1,0.025220501000,25.220501000000,-1,6e340b9cffb37a989ca544e6bb780a2c78901d3fb33738768511a30617afa01d
tfidf_lr,1,single_query,0,29,1,0.023372133000,23.372133000000,1,dbc1b4c900ffe48d575b5da5c638040125f65db0fe3e24494b76ea986457d986
tfidf_lr,1,single_query,0,30,1,0.019940875000,19.940875000000,1,dbc1b4c900ffe48d575b5da5c638040125f65db0fe3e24494b76ea986457d986
tfidf_lr,1,single_query,0,31,1,0.023671442000,23.671442000000,1,dbc1b4c900ffe48d575b5da5c638040125f65db0fe3e24494b76ea986457d986
tfidf_lr,1,single_query,0,32,1,0.033779509000,33.779509000000,1,dbc1b4c900ffe48d575b5da5c638040125f65db0fe3e24494b76ea986457d986
tfidf_lr,1,single_query,0,33,1,0.036731390000,36.731390000000,-1,6e340b9cffb37a989ca544e6bb780a2c78901d3fb33738768511a30617afa01d
tfidf_lr,1,single_query,0,34,1,0.047827271000,47.827271000000,-1,6e340b9cffb37a989ca544e6bb780a2c78901d3fb33738768511a30617afa01d
tfidf_lr,1,single_query,0,35,1,0.047605216000,47.605216000000,1,dbc1b4c900ffe48d575b5da5c638040125f65db0fe3e24494b76ea986457d986
tfidf_lr,1,single_query,0,36,1,0.049294068000,49.294068000000,1,dbc1b4c900ffe48d575b5da5c638040125f65db0fe3e24494b76ea986457d986
tfidf_lr,1,single_query,0,37,1,0.027972823000,27.972823000000,1,dbc1b4c900ffe48d575b5da5c638040125f65db0fe3e24494b76ea986457d986
tfidf_lr,1,single_query,0,38,1,0.028701224000,28.701224000000,1,dbc1b4c900ffe48d575b5da5c638040125f65db0fe3e24494b76ea986457d986
tfidf_lr,1,single_query,0,39,1,0.022423748000,22.423748000000,-1,6e340b9cffb37a989ca544e6bb780a2c78901d3fb33738768511a30617afa01d
tfidf_lr,1,single_query,0,40,1,0.019585756000,19.585756000000,1,dbc1b4c900ffe48d575b5da5c638040125f65db0fe3e24494b76ea986457d986
tfidf_lr,1,single_query,0,41,1,0.021356484000,21.356484000000,-1,6e340b9cffb37a989ca544e6bb780a2c78901d3fb33738768511a30617afa01d
tfidf_lr,1,single_query,0,42,1,0.021491459000,21.491459000000,1,dbc1b4c900ffe48d575b5da5c638040125f65db0fe3e24494b76ea986457d986
tfidf_lr,1,single_query,0,43,1,0.019033293000,19.033293000000,1,dbc1b4c900ffe48d575b5da5c638040125f65db0fe3e24494b76ea986457d986
tfidf_lr,1,single_query,0,44,1,0.020773971000,20.773971000000,1,dbc1b4c900ffe48d575b5da5c638040125f65db0fe3e24494b76ea986457d986
tfidf_lr,1,single_query,0,45,1,0.020796340000,20.796340000000,-1,6e340b9cffb37a989ca544e6bb780a2c78901d3fb33738768511a30617afa01d
tfidf_lr,1,single_query,0,46,1,0.018984910000,18.984910000000,1,dbc1b4c900ffe48d575b5da5c638040125f65db0fe3e24494b76ea986457d986
tfidf_lr,1,single_query,0,47,1,0.021745638000,21.745638000000,-1,6e340b9cffb37a989ca544e6bb780a2c78901d3fb33738768511a30617afa01d
tfidf_lr,1,single_query,0,48,1,0.020968695000,20.968695000000,1,dbc1b4c900ffe48d575b5da5c638040125f65db0fe3e24494b76ea986457d986
tfidf_lr,1,single_query,0,49,1,0.028153694000,28.153694000000,-1,6e340b9cffb37a989ca544e6bb780a2c78901d3fb33738768511a30617afa01d
tfidf_lr,1,single_query,0,50,1,0.021923115000,21.923115000000,1,dbc1b4c900ffe48d575b5da5c638040125f65db0fe3e24494b76ea986457d986
tfidf_lr,1,single_query,0,51,1,0.026003850000,26.003850000000,1,dbc1b4c900ffe48d575b5da5c638040125f65db0fe3e24494b76ea986457d986
tfidf_lr,1,single_query,0,52,1,0.019783872000,19.783872000000,-1,6e340b9cffb37a989ca544e6bb780a2c78901d3fb33738768511a30617afa01d
tfidf_lr,1,single_query,0,53,1,0.020177221000,20.177221000000,1,dbc1b4c900ffe48d575b5da5c638040125f65db0fe3e24494b76ea986457d986
tfidf_lr,1,single_query,0,54,1,0.023890070000,23.890070000000,-1,6e340b9cffb37a989ca544e6bb780a2c78901d3fb33738768511a30617afa01d
tfidf_lr,1,single_query,0,55,1,0.022168514000,22.168514000000,-1,6e340b9cffb37a989ca544e6bb780a2c78901d3fb33738768511a30617afa01d
tfidf_lr,1,single_query,0,56,1,0.021900023000,21.900023000000,1,dbc1b4c900ffe48d575b5da5c638040125f65db0fe3e24494b76ea986457d986
tfidf_lr,1,single_query,0,57,1,0.028853188000,28.853188000000,-1,6e340b9cffb37a989ca544e6bb780a2c78901d3fb33738768511a30617afa01d
tfidf_lr,1,single_query,0,58,1,0.021686002000,21.686002000000,-1,6e340b9cffb37a989ca544e6bb780a2c78901d3fb33738768511a30617afa01d
tfidf_lr,1,single_query,0,59,1,0.022089372000,22.089372000000,1,dbc1b4c900ffe48d575b5da5c638040125f65db0fe3e24494b76ea986457d986
tfidf_lr,1,single_query,0,60,1,0.022444980000,22.444980000000,1,dbc1b4c900ffe48d575b5da5c638040125f65db0fe3e24494b76ea986457d986
tfidf_lr,1,single_query,0,61,1,0.019208892000,19.208892000000,-1,6e340b9cffb37a989ca544e6bb780a2c78901d3fb33738768511a30617afa01d
tfidf_lr,1,single_query,0,62,1,0.018834257000,18.834257000000,1,dbc1b4c900ffe48d575b5da5c638040125f65db0fe3e24494b76ea986457d986
tfidf_lr,1,single_query,0,63,1,0.021325386000,21.325386000000,-1,6e340b9cffb37a989ca544e6bb780a2c78901d3fb33738768511a30617afa01d
tfidf_lr,1,single_query,0,64,1,0.021630411000,21.630411000000,1,dbc1b4c900ffe48d575b5da5c638040125f65db0fe3e24494b76ea986457d986
tfidf_lr,1,single_query,0,65,1,0.021924391000,21.924391000000,-1,6e340b9cffb37a989ca544e6bb780a2c78901d3fb33738768511a30617afa01d
tfidf_lr,1,single_query,0,66,1,0.022819434000,22.819434000000,1,dbc1b4c900ffe48d575b5da5c638040125f65db0fe3e24494b76ea986457d986
tfidf_lr,1,single_query,0,67,1,0.021759212000,21.759212000000,1,dbc1b4c900ffe48d575b5da5c638040125f65db0fe3e24494b76ea986457d986
tfidf_lr,1,single_query,0,68,1,0.024663806000,24.663806000000,-1,6e340b9cffb37a989ca544e6bb780a2c78901d3fb33738768511a30617afa01d
tfidf_lr,1,single_query,0,69,1,0.025059878000,25.059878000000,-1,6e340b9cffb37a989ca544e6bb780a2c78901d3fb33738768511a30617afa01d
tfidf_lr,1,single_query,0,70,1,0.025728093000,25.728093000000,-1,6e340b9cffb37a989ca544e6bb780a2c78901d3fb33738768511a30617afa01d
tfidf_lr,1,single_query,0,71,1,0.024639733000,24.639733000000,-1,6e340b9cffb37a989ca544e6bb780a2c78901d3fb33738768511a30617afa01d
tfidf_lr,1,single_query,0,72,1,0.023003865000,23.003865000000,-1,6e340b9cffb37a989ca544e6bb780a2c78901d3fb33738768511a30617afa01d
tfidf_lr,1,single_query,0,73,1,0.026507306000,26.507306000000,-1,6e340b9cffb37a989ca544e6bb780a2c78901d3fb33738768511a30617afa01d
tfidf_lr,1,single_query,0,74,1,0.025352397000,25.352397000000,1,dbc1b4c900ffe48d575b5da5c638040125f65db0fe3e24494b76ea986457d986
tfidf_lr,1,single_query,0,75,1,0.024283110000,24.283110000000,-1,6e340b9cffb37a989ca544e6bb780a2c78901d3fb33738768511a30617afa01d
tfidf_lr,1,single_query,0,76,1,0.028138842000,28.138842000000,1,dbc1b4c900ffe48d575b5da5c638040125f65db0fe3e24494b76ea986457d986
tfidf_lr,1,single_query,0,77,1,0.022349927000,22.349927000000,-1,6e340b9cffb37a989ca544e6bb780a2c78901d3fb33738768511a30617afa01d
tfidf_lr,1,single_query,0,78,1,0.014412073000,14.412073000000,-1,6e340b9cffb37a989ca544e6bb780a2c78901d3fb33738768511a30617afa01d
tfidf_lr,1,single_query,0,79,1,0.017956178000,17.956178000000,1,dbc1b4c900ffe48d575b5da5c638040125f65db0fe3e24494b76ea986457d986
tfidf_lr,1,single_query,0,80,1,0.016738708000,16.738708000000,-1,6e340b9cffb37a989ca544e6bb780a2c78901d3fb33738768511a30617afa01d
tfidf_lr,1,single_query,0,81,1,0.015834944000,15.834944000000,-1,6e340b9cffb37a989ca544e6bb780a2c78901d3fb33738768511a30617afa01d
tfidf_lr,1,single_query,0,82,1,0.021217523000,21.217523000000,1,dbc1b4c900ffe48d575b5da5c638040125f65db0fe3e24494b76ea986457d986
tfidf_lr,1,single_query,0,83,1,0.020060587000,20.060587000000,1,dbc1b4c900ffe48d575b5da5c638040125f65db0fe3e24494b76ea986457d986
tfidf_lr,1,single_query,0,84,1,0.021451706000,21.451706000000,1,dbc1b4c900ffe48d575b5da5c638040125f65db0fe3e24494b76ea986457d986
tfidf_lr,1,single_query,0,85,1,0.023200926000,23.200926000000,1,dbc1b4c900ffe48d575b5da5c638040125f65db0fe3e24494b76ea986457d986
tfidf_lr,1,single_query,0,86,1,0.023031979000,23.031979000000,1,dbc1b4c900ffe48d575b5da5c638040125f65db0fe3e24494b76ea986457d986
tfidf_lr,1,single_query,0,87,1,0.022779133000,22.779133000000,1,dbc1b4c900ffe48d575b5da5c638040125f65db0fe3e24494b76ea986457d986
tfidf_lr,1,single_query,0,88,1,0.021839340000,21.839340000000,1,dbc1b4c900ffe48d575b5da5c638040125f65db0fe3e24494b76ea986457d986
tfidf_lr,1,single_query,0,89,1,0.018412211000,18.412211000000,-1,6e340b9cffb37a989ca544e6bb780a2c78901d3fb33738768511a30617afa01d
tfidf_lr,1,single_query,0,90,1,0.022628670000,22.628670000000,1,dbc1b4c900ffe48d575b5da5c638040125f65db0fe3e24494b76ea986457d986
tfidf_lr,1,single_query,0,91,1,0.022180712000,22.180712000000,1,dbc1b4c900ffe48d575b5da5c638040125f65db0fe3e24494b76ea986457d986
tfidf_lr,1,single_query,0,92,1,0.024032032000,24.032032000000,-1,6e340b9cffb37a989ca544e6bb780a2c78901d3fb33738768511a30617afa01d
tfidf_lr,1,single_query,0,93,1,0.023994076000,23.994076000000,1,dbc1b4c900ffe48d575b5da5c638040125f65db0fe3e24494b76ea986457d986
tfidf_lr,1,single_query,0,94,1,0.023452976000,23.452976000000,-1,6e340b9cffb37a989ca544e6bb780a2c78901d3fb33738768511a30617afa01d
tfidf_lr,1,single_query,0,95,1,0.024381202000,24.381202000000,-1,6e340b9cffb37a989ca544e6bb780a2c78901d3fb33738768511a30617afa01d
tfidf_lr,1,single_query,0,96,1,0.023720198000,23.720198000000,1,dbc1b4c900ffe48d575b5da5c638040125f65db0fe3e24494b76ea986457d986
tfidf_lr,1,single_query,0,97,1,0.023750697000,23.750697000000,1,dbc1b4c900ffe48d575b5da5c638040125f65db0fe3e24494b76ea986457d986
tfidf_lr,1,single_query,0,98,1,0.020818314000,20.818314000000,1,dbc1b4c900ffe48d575b5da5c638040125f65db0fe3e24494b76ea986457d986
tfidf_lr,1,single_query,0,99,1,0.024532645000,24.532645000000,-1,6e340b9cffb37a989ca544e6bb780a2c78901d3fb33738768511a30617afa01d
tfidf_lr,1,single_query,0,100,1,0.022144756000,22.144756000000,1,dbc1b4c900ffe48d575b5da5c638040125f65db0fe3e24494b76ea986457d986
tfidf_lr,1,single_query,0,101,1,0.025211281000,25.211281000000,1,dbc1b4c900ffe48d575b5da5c638040125f65db0fe3e24494b76ea986457d986
tfidf_lr,1,single_query,0,102,1,0.022349122000,22.349122000000,-1,6e340b9cffb37a989ca544e6bb780a2c78901d3fb33738768511a30617afa01d
tfidf_lr,1,single_query,0,103,1,0.027339428000,27.339428000000,1,dbc1b4c900ffe48d575b5da5c638040125f65db0fe3e24494b76ea986457d986
tfidf_lr,1,single_query,0,104,1,0.027463541000,27.463541000000,-1,6e340b9cffb37a989ca544e6bb780a2c78901d3fb33738768511a30617afa01d
tfidf_lr,1,single_query,0,105,1,0.024240784000,24.240784000000,1,dbc1b4c900ffe48d575b5da5c638040125f65db0fe3e24494b76ea986457d986
tfidf_lr,1,single_query,0,106,1,0.031708301000,31.708301000000,-1,6e340b9cffb37a989ca544e6bb780a2c78901d3fb33738768511a30617afa01d
tfidf_lr,1,single_query,0,107,1,0.025833011000,25.833011000000,-1,6e340b9cffb37a989ca544e6bb780a2c78901d3fb33738768511a30617afa01d
tfidf_lr,1,single_query,0,108,1,0.025787829000,25.787829000000,-1,6e340b9cffb37a989ca544e6bb780a2c78901d3fb33738768511a30617afa01d
tfidf_lr,1,single_query,0,109,1,0.026379022000,26.379022000000,-1,6e340b9cffb37a989ca544e6bb780a2c78901d3fb33738768511a30617afa01d
tfidf_lr,1,single_query,0,110,1,0.021625619000,21.625619000000,-1,6e340b9cffb37a989ca544e6bb780a2c78901d3fb33738768511a30617afa01d
tfidf_lr,1,single_query,0,111,1,0.024412152000,24.412152000000,-1,6e340b9cffb37a989ca544e6bb780a2c78901d3fb33738768511a30617afa01d
tfidf_lr,1,single_query,0,112,1,0.027739529000,27.739529000000,-1,6e340b9cffb37a989ca544e6bb780a2c78901d3fb33738768511a30617afa01d
tfidf_lr,1,single_query,0,113,1,0.027570837000,27.570837000000,-1,6e340b9cffb37a989ca544e6bb780a2c78901d3fb33738768511a30617afa01d
tfidf_lr,1,single_query,0,114,1,0.025941052000,25.941052000000,-1,6e340b9cffb37a989ca544e6bb780a2c78901d3fb33738768511a30617afa01d
tfidf_lr,1,single_query,0,115,1,0.024208723000,24.208723000000,-1,6e340b9cffb37a989ca544e6bb780a2c78901d3fb33738768511a30617afa01d
tfidf_lr,1,single_query,0,116,1,0.024169702000,24.169702000000,1,dbc1b4c900ffe48d575b5da5c638040125f65db0fe3e24494b76ea986457d986
tfidf_lr,1,single_query,0,117,1,0.026401584000,26.401584000000,1,dbc1b4c900ffe48d575b5da5c638040125f65db0fe3e24494b76ea986457d986
tfidf_lr,1,single_query,0,118,1,0.026193709000,26.193709000000,1,dbc1b4c900ffe48d575b5da5c638040125f65db0fe3e24494b76ea986457d986
tfidf_lr,1,single_query,0,119,1,0.023962071000,23.962071000000,-1,6e340b9cffb37a989ca544e6bb780a2c78901d3fb33738768511a30617afa01d
tfidf_lr,1,single_query,0,120,1,0.013261479000,13.261479000000,-1,6e340b9cffb37a989ca544e6bb780a2c78901d3fb33738768511a30617afa01d
tfidf_lr,1,single_query,0,121,1,0.047145363000,47.145363000000,-1,6e340b9cffb37a989ca544e6bb780a2c78901d3fb33738768511a30617afa01d
tfidf_lr,1,single_query,0,122,1,0.042608157000,42.608157000000,-1,6e340b9cffb37a989ca544e6bb780a2c78901d3fb33738768511a30617afa01d
tfidf_lr,1,single_query,0,123,1,0.046298200000,46.298200000000,-1,6e340b9cffb37a989ca544e6bb780a2c78901d3fb33738768511a30617afa01d
tfidf_lr,1,single_query,0,124,1,0.046035420000,46.035420000000,-1,6e340b9cffb37a989ca544e6bb780a2c78901d3fb33738768511a30617afa01d
tfidf_lr,1,single_query,0,125,1,0.045845463000,45.845463000000,1,dbc1b4c900ffe48d575b5da5c638040125f65db0fe3e24494b76ea986457d986
tfidf_lr,1,single_query,0,126,1,0.045122440000,45.122440000000,1,dbc1b4c900ffe48d575b5da5c638040125f65db0fe3e24494b76ea986457d986
tfidf_lr,1,single_query,0,127,1,0.028683424000,28.683424000000,-1,6e340b9cffb37a989ca544e6bb780a2c78901d3fb33738768511a30617afa01d
tfidf_lr,1,single_query,0,128,1,0.037270396000,37.270396000000,1,dbc1b4c900ffe48d575b5da5c638040125f65db0fe3e24494b76ea986457d986
tfidf_lr,1,single_query,0,129,1,0.036667374000,36.667374000000,-1,6e340b9cffb37a989ca544e6bb780a2c78901d3fb33738768511a30617afa01d
tfidf_lr,1,single_query,0,130,1,0.037795253000,37.795253000000,1,dbc1b4c900ffe48d575b5da5c638040125f65db0fe3e24494b76ea986457d986
tfidf_lr,1,single_query,0,131,1,0.031104951000,31.104951000000,1,dbc1b4c900ffe48d575b5da5c638040125f65db0fe3e24494b76ea986457d986
tfidf_lr,1,single_query,0,132,1,0.049331888000,49.331888000000,-1,6e340b9cffb37a989ca544e6bb780a2c78901d3fb33738768511a30617afa01d
tfidf_lr,1,single_query,0,133,1,0.031445656000,31.445656000000,-1,6e340b9cffb37a989ca544e6bb780a2c78901d3fb33738768511a30617afa01d
tfidf_lr,1,single_query,0,134,1,0.045394568000,45.394568000000,-1,6e340b9cffb37a989ca544e6bb780a2c78901d3fb33738768511a30617afa01d
tfidf_lr,1,single_query,0,135,1,0.045336213000,45.336213000000,1,dbc1b4c900ffe48d575b5da5c638040125f65db0fe3e24494b76ea986457d986
tfidf_lr,1,single_query,0,136,1,0.040131867000,40.131867000000,-1,6e340b9cffb37a989ca544e6bb780a2c78901d3fb33738768511a30617afa01d
tfidf_lr,1,single_query,0,137,1,0.036887985000,36.887985000000,1,dbc1b4c900ffe48d575b5da5c638040125f65db0fe3e24494b76ea986457d986
tfidf_lr,1,single_query,0,138,1,0.035997402000,35.997402000000,-1,6e340b9cffb37a989ca544e6bb780a2c78901d3fb33738768511a30617afa01d
tfidf_lr,1,single_query,0,139,1,0.038017276000,38.017276000000,-1,6e340b9cffb37a989ca544e6bb780a2c78901d3fb33738768511a30617afa01d
tfidf_lr,1,single_query,0,140,1,0.021960432000,21.960432000000,-1,6e340b9cffb37a989ca544e6bb780a2c78901d3fb33738768511a30617afa01d
tfidf_lr,1,single_query,0,141,1,0.031182692000,31.182692000000,1,dbc1b4c900ffe48d575b5da5c638040125f65db0fe3e24494b76ea986457d986
tfidf_lr,1,single_query,0,142,1,0.033690050000,33.690050000000,1,dbc1b4c900ffe48d575b5da5c638040125f65db0fe3e24494b76ea986457d986
tfidf_lr,1,single_query,0,143,1,0.046318333000,46.318333000000,-1,6e340b9cffb37a989ca544e6bb780a2c78901d3fb33738768511a30617afa01d
tfidf_lr,1,single_query,0,144,1,0.048577913000,48.577913000000,-1,6e340b9cffb37a989ca544e6bb780a2c78901d3fb33738768511a30617afa01d
tfidf_lr,1,single_query,0,145,1,0.050344071000,50.344071000000,1,dbc1b4c900ffe48d575b5da5c638040125f65db0fe3e24494b76ea986457d986
tfidf_lr,1,single_query,0,146,1,0.044057208000,44.057208000000,1,dbc1b4c900ffe48d575b5da5c638040125f65db0fe3e24494b76ea986457d986
tfidf_lr,1,single_query,0,147,1,0.046189678000,46.189678000000,-1,6e340b9cffb37a989ca544e6bb780a2c78901d3fb33738768511a30617afa01d
tfidf_lr,1,single_query,0,148,1,0.045086617000,45.086617000000,1,dbc1b4c900ffe48d575b5da5c638040125f65db0fe3e24494b76ea986457d986
tfidf_lr,1,single_query,0,149,1,0.045419024000,45.419024000000,-1,6e340b9cffb37a989ca544e6bb780a2c78901d3fb33738768511a30617afa01d
tfidf_lr,1,single_query,0,150,1,0.045436275000,45.436275000000,-1,6e340b9cffb37a989ca544e6bb780a2c78901d3fb33738768511a30617afa01d
tfidf_lr,1,single_query,0,151,1,0.045139395000,45.139395000000,-1,6e340b9cffb37a989ca544e6bb780a2c78901d3fb33738768511a30617afa01d
tfidf_lr,1,single_query,0,152,1,0.045308854000,45.308854000000,-1,6e340b9cffb37a989ca544e6bb780a2c78901d3fb33738768511a30617afa01d
tfidf_lr,1,single_query,0,153,1,0.047125028000,47.125028000000,-1,6e340b9cffb37a989ca544e6bb780a2c78901d3fb33738768511a30617afa01d
tfidf_lr,1,single_query,0,154,1,0.045259439000,45.259439000000,1,dbc1b4c900ffe48d575b5da5c638040125f65db0fe3e24494b76ea986457d986
tfidf_lr,1,single_query,0,155,1,0.046031092000,46.031092000000,1,dbc1b4c900ffe48d575b5da5c638040125f65db0fe3e24494b76ea986457d986
tfidf_lr,1,single_query,0,156,1,0.045895299000,45.895299000000,-1,6e340b9cffb37a989ca544e6bb780a2c78901d3fb33738768511a30617afa01d
tfidf_lr,1,single_query,0,157,1,0.046319785000,46.319785000000,1,dbc1b4c900ffe48d575b5da5c638040125f65db0fe3e24494b76ea986457d986
tfidf_lr,1,single_query,0,158,1,0.046440368000,46.440368000000,1,dbc1b4c900ffe48d575b5da5c638040125f65db0fe3e24494b76ea986457d986
tfidf_lr,1,single_query,0,159,1,0.045865776000,45.865776000000,-1,6e340b9cffb37a989ca544e6bb780a2c78901d3fb33738768511a30617afa01d
tfidf_lr,1,single_query,0,160,1,0.046386084000,46.386084000000,-1,6e340b9cffb37a989ca544e6bb780a2c78901d3fb33738768511a30617afa01d
tfidf_lr,1,single_query,0,161,1,0.026214915000,26.214915000000,1,dbc1b4c900ffe48d575b5da5c638040125f65db0fe3e24494b76ea986457d986
tfidf_lr,1,single_query,0,162,1,0.034222407000,34.222407000000,1,dbc1b4c900ffe48d575b5da5c638040125f65db0fe3e24494b76ea986457d986
tfidf_lr,1,single_query,0,163,1,0.043028956000,43.028956000000,1,dbc1b4c900ffe48d575b5da5c638040125f65db0fe3e24494b76ea986457d986
tfidf_lr,1,single_query,0,164,1,0.035620326000,35.620326000000,1,dbc1b4c900ffe48d575b5da5c638040125f65db0fe3e24494b76ea986457d986
tfidf_lr,1,single_query,0,165,1,0.044245528000,44.245528000000,-1,6e340b9cffb37a989ca544e6bb780a2c78901d3fb33738768511a30617afa01d
tfidf_lr,1,single_query,0,166,1,0.048147172000,48.147172000000,1,dbc1b4c900ffe48d575b5da5c638040125f65db0fe3e24494b76ea986457d986
tfidf_lr,1,single_query,0,167,1,0.044407285000,44.407285000000,-1,6e340b9cffb37a989ca544e6bb780a2c78901d3fb33738768511a30617afa01d
tfidf_lr,1,single_query,0,168,1,0.046487792000,46.487792000000,1,dbc1b4c900ffe48d575b5da5c638040125f65db0fe3e24494b76ea986457d986
tfidf_lr,1,single_query,0,169,1,0.049628897000,49.628897000000,-1,6e340b9cffb37a989ca544e6bb780a2c78901d3fb33738768511a30617afa01d
tfidf_lr,1,single_query,0,170,1,0.028475453000,28.475453000000,-1,6e340b9cffb37a989ca544e6bb780a2c78901d3fb33738768511a30617afa01d
tfidf_lr,1,single_query,0,171,1,0.031154949000,31.154949000000,-1,6e340b9cffb37a989ca544e6bb780a2c78901d3fb33738768511a30617afa01d
tfidf_lr,1,single_query,0,172,1,0.029676311000,29.676311000000,-1,6e340b9cffb37a989ca544e6bb780a2c78901d3fb33738768511a30617afa01d
tfidf_lr,1,single_query,0,173,1,0.025864343000,25.864343000000,1,dbc1b4c900ffe48d575b5da5c638040125f65db0fe3e24494b76ea986457d986
tfidf_lr,1,single_query,0,174,1,0.035947651000,35.947651000000,1,dbc1b4c900ffe48d575b5da5c638040125f65db0fe3e24494b76ea986457d986
tfidf_lr,1,single_query,0,175,1,0.046792280000,46.792280000000,1,dbc1b4c900ffe48d575b5da5c638040125f65db0fe3e24494b76ea986457d986
tfidf_lr,1,single_query,0,176,1,0.046370086000,46.370086000000,1,dbc1b4c900ffe48d575b5da5c638040125f65db0fe3e24494b76ea986457d986
tfidf_lr,1,single_query,0,177,1,0.045964022000,45.964022000000,-1,6e340b9cffb37a989ca544e6bb780a2c78901d3fb33738768511a30617afa01d
tfidf_lr,1,single_query,0,178,1,0.046703617000,46.703617000000,1,dbc1b4c900ffe48d575b5da5c638040125f65db0fe3e24494b76ea986457d986
tfidf_lr,1,single_query,0,179,1,0.021187999000,21.187999000000,-1,6e340b9cffb37a989ca544e6bb780a2c78901d3fb33738768511a30617afa01d
tfidf_lr,1,single_query,0,180,1,0.018067789000,18.067789000000,1,dbc1b4c900ffe48d575b5da5c638040125f65db0fe3e24494b76ea986457d986
tfidf_lr,1,single_query,0,181,1,0.028586473000,28.586473000000,-1,6e340b9cffb37a989ca544e6bb780a2c78901d3fb33738768511a30617afa01d
tfidf_lr,1,single_query,0,182,1,0.023756072000,23.756072000000,1,dbc1b4c900ffe48d575b5da5c638040125f65db0fe3e24494b76ea986457d986
tfidf_lr,1,single_query,0,183,1,0.022441730000,22.441730000000,-1,6e340b9cffb37a989ca544e6bb780a2c78901d3fb33738768511a30617afa01d
tfidf_lr,1,single_query,0,184,1,0.032786450000,32.786450000000,-1,6e340b9cffb37a989ca544e6bb780a2c78901d3fb33738768511a30617afa01d
tfidf_lr,1,single_query,0,185,1,0.031202976000,31.202976000000,1,dbc1b4c900ffe48d575b5da5c638040125f65db0fe3e24494b76ea986457d986
tfidf_lr,1,single_query,0,186,1,0.033131333000,33.131333000000,1,dbc1b4c900ffe48d575b5da5c638040125f65db0fe3e24494b76ea986457d986
tfidf_lr,1,single_query,0,187,1,0.031095635000,31.095635000000,1,dbc1b4c900ffe48d575b5da5c638040125f65db0fe3e24494b76ea986457d986
tfidf_lr,1,single_query,0,188,1,0.039114577000,39.114577000000,1,dbc1b4c900ffe48d575b5da5c638040125f65db0fe3e24494b76ea986457d986
tfidf_lr,1,single_query,0,189,1,0.040255591000,40.255591000000,-1,6e340b9cffb37a989ca544e6bb780a2c78901d3fb33738768511a30617afa01d
tfidf_lr,1,single_query,0,190,1,0.036271057000,36.271057000000,1,dbc1b4c900ffe48d575b5da5c638040125f65db0fe3e24494b76ea986457d986
tfidf_lr,1,single_query,0,191,1,0.033723094000,33.723094000000,1,dbc1b4c900ffe48d575b5da5c638040125f65db0fe3e24494b76ea986457d986
tfidf_lr,1,single_query,0,192,1,0.044571806000,44.571806000000,1,dbc1b4c900ffe48d575b5da5c638040125f65db0fe3e24494b76ea986457d986
tfidf_lr,1,single_query,0,193,1,0.046966194000,46.966194000000,1,dbc1b4c900ffe48d575b5da5c638040125f65db0fe3e24494b76ea986457d986
tfidf_lr,1,single_query,0,194,1,0.047656329000,47.656329000000,1,dbc1b4c900ffe48d575b5da5c638040125f65db0fe3e24494b76ea986457d986
tfidf_lr,1,single_query,0,195,1,0.047923132000,47.923132000000,-1,6e340b9cffb37a989ca544e6bb780a2c78901d3fb33738768511a30617afa01d
tfidf_lr,1,single_query,0,196,1,0.046413831000,46.413831000000,1,dbc1b4c900ffe48d575b5da5c638040125f65db0fe3e24494b76ea986457d986
tfidf_lr,1,single_query,0,197,1,0.048942118000,48.942118000000,-1,6e340b9cffb37a989ca544e6bb780a2c78901d3fb33738768511a30617afa01d
tfidf_lr,1,single_query,0,198,1,0.048755527000,48.755527000000,-1,6e340b9cffb37a989ca544e6bb780a2c78901d3fb33738768511a30617afa01d
tfidf_lr,1,single_query,0,199,1,0.046595345000,46.595345000000,-1,6e340b9cffb37a989ca544e6bb780a2c78901d3fb33738768511a30617afa01d
tfidf_lr,1,single_query,0,200,1,0.048980875000,48.980875000000,-1,6e340b9cffb37a989ca544e6bb780a2c78901d3fb33738768511a30617afa01d
tfidf_lr,1,single_query,0,201,1,0.049717458000,49.717458000000,1,dbc1b4c900ffe48d575b5da5c638040125f65db0fe3e24494b76ea986457d986
tfidf_lr,1,single_query,0,202,1,0.048350970000,48.350970000000,-1,6e340b9cffb37a989ca544e6bb780a2c78901d3fb33738768511a30617afa01d
tfidf_lr,1,single_query,0,203,1,0.049527090000,49.527090000000,1,dbc1b4c900ffe48d575b5da5c638040125f65db0fe3e24494b76ea986457d986
tfidf_lr,1,single_query,0,204,1,0.047516289000,47.516289000000,1,dbc1b4c900ffe48d575b5da5c638040125f65db0fe3e24494b76ea986457d986
tfidf_lr,1,single_query,0,205,1,0.047902877000,47.902877000000,-1,6e340b9cffb37a989ca544e6bb780a2c78901d3fb33738768511a30617afa01d
tfidf_lr,1,single_query,0,206,1,0.047031554000,47.031554000000,-1,6e340b9cffb37a989ca544e6bb780a2c78901d3fb33738768511a30617afa01d
tfidf_lr,1,single_query,0,207,1,0.048135038000,48.135038000000,1,dbc1b4c900ffe48d575b5da5c638040125f65db0fe3e24494b76ea986457d986
tfidf_lr,1,single_query,0,208,1,0.038161083000,38.161083000000,-1,6e340b9cffb37a989ca544e6bb780a2c78901d3fb33738768511a30617afa01d
tfidf_lr,1,single_query,0,209,1,0.035778348000,35.778348000000,1,dbc1b4c900ffe48d575b5da5c638040125f65db0fe3e24494b76ea986457d986
tfidf_lr,1,single_query,0,210,1,0.038383071000,38.383071000000,-1,6e340b9cffb37a989ca544e6bb780a2c78901d3fb33738768511a30617afa01d
tfidf_lr,1,single_query,0,211,1,0.043174715000,43.174715000000,1,dbc1b4c900ffe48d575b5da5c638040125f65db0fe3e24494b76ea986457d986
tfidf_lr,1,single_query,0,212,1,0.042560165000,42.560165000000,-1,6e340b9cffb37a989ca544e6bb780a2c78901d3fb33738768511a30617afa01d
tfidf_lr,1,single_query,0,213,1,0.028931908000,28.931908000000,1,dbc1b4c900ffe48d575b5da5c638040125f65db0fe3e24494b76ea986457d986
tfidf_lr,1,single_query,0,214,1,0.038198063000,38.198063000000,-1,6e340b9cffb37a989ca544e6bb780a2c78901d3fb33738768511a30617afa01d
tfidf_lr,1,single_query,0,215,1,0.027394985000,27.394985000000,1,dbc1b4c900ffe48d575b5da5c638040125f65db0fe3e24494b76ea986457d986
tfidf_lr,1,single_query,0,216,1,0.039461356000,39.461356000000,-1,6e340b9cffb37a989ca544e6bb780a2c78901d3fb33738768511a30617afa01d
tfidf_lr,1,single_query,0,217,1,0.038739522000,38.739522000000,1,dbc1b4c900ffe48d575b5da5c638040125f65db0fe3e24494b76ea986457d986
tfidf_lr,1,single_query,0,218,1,0.039319225000,39.319225000000,-1,6e340b9cffb37a989ca544e6bb780a2c78901d3fb33738768511a30617afa01d
tfidf_lr,1,single_query,0,219,1,0.033475473000,33.475473000000,-1,6e340b9cffb37a989ca544e6bb780a2c78901d3fb33738768511a30617afa01d
tfidf_lr,1,single_query,0,220,1,0.038063057000,38.063057000000,1,dbc1b4c900ffe48d575b5da5c638040125f65db0fe3e24494b76ea986457d986
tfidf_lr,1,single_query,0,221,1,0.047133164000,47.133164000000,-1,6e340b9cffb37a989ca544e6bb780a2c78901d3fb33738768511a30617afa01d
tfidf_lr,1,single_query,0,222,1,0.045275450000,45.275450000000,1,dbc1b4c900ffe48d575b5da5c638040125f65db0fe3e24494b76ea986457d986
tfidf_lr,1,single_query,0,223,1,0.049844163000,49.844163000000,1,dbc1b4c900ffe48d575b5da5c638040125f65db0fe3e24494b76ea986457d986
tfidf_lr,1,single_query,0,224,1,0.046780601000,46.780601000000,1,dbc1b4c900ffe48d575b5da5c638040125f65db0fe3e24494b76ea986457d986
tfidf_lr,1,single_query,0,225,1,0.046704662000,46.704662000000,1,dbc1b4c900ffe48d575b5da5c638040125f65db0fe3e24494b76ea986457d986
tfidf_lr,1,single_query,0,226,1,0.046417445000,46.417445000000,-1,6e340b9cffb37a989ca544e6bb780a2c78901d3fb33738768511a30617afa01d
tfidf_lr,1,single_query,0,227,1,0.045036884000,45.036884000000,1,dbc1b4c900ffe48d575b5da5c638040125f65db0fe3e24494b76ea986457d986
tfidf_lr,1,single_query,0,228,1,0.047295630000,47.295630000000,-1,6e340b9cffb37a989ca544e6bb780a2c78901d3fb33738768511a30617afa01d
tfidf_lr,1,single_query,0,229,1,0.048953337000,48.953337000000,1,dbc1b4c900ffe48d575b5da5c638040125f65db0fe3e24494b76ea986457d986
tfidf_lr,1,single_query,0,230,1,0.042775322000,42.775322000000,-1,6e340b9cffb37a989ca544e6bb780a2c78901d3fb33738768511a30617afa01d
tfidf_lr,1,single_query,0,231,1,0.047274751000,47.274751000000,-1,6e340b9cffb37a989ca544e6bb780a2c78901d3fb33738768511a30617afa01d
tfidf_lr,1,single_query,0,232,1,0.044451116000,44.451116000000,-1,6e340b9cffb37a989ca544e6bb780a2c78901d3fb33738768511a30617afa01d
tfidf_lr,1,single_query,0,233,1,0.047871695000,47.871695000000,-1,6e340b9cffb37a989ca544e6bb780a2c78901d3fb33738768511a30617afa01d
tfidf_lr,1,single_query,0,234,1,0.041841159000,41.841159000000,-1,6e340b9cffb37a989ca544e6bb780a2c78901d3fb33738768511a30617afa01d
tfidf_lr,1,single_query,0,235,1,0.042587182000,42.587182000000,-1,6e340b9cffb37a989ca544e6bb780a2c78901d3fb33738768511a30617afa01d
tfidf_lr,1,single_query,0,236,1,0.042061394000,42.061394000000,-1,6e340b9cffb37a989ca544e6bb780a2c78901d3fb33738768511a30617afa01d
tfidf_lr,1,single_query,0,237,1,0.041898811000,41.898811000000,-1,6e340b9cffb37a989ca544e6bb780a2c78901d3fb33738768511a30617afa01d
tfidf_lr,1,single_query,0,238,1,0.035925807000,35.925807000000,-1,6e340b9cffb37a989ca544e6bb780a2c78901d3fb33738768511a30617afa01d
tfidf_lr,1,single_query,0,239,1,0.046894707000,46.894707000000,-1,6e340b9cffb37a989ca544e6bb780a2c78901d3fb33738768511a30617afa01d
tfidf_lr,1,single_query,0,240,1,0.047236513000,47.236513000000,-1,6e340b9cffb37a989ca544e6bb780a2c78901d3fb33738768511a30617afa01d
tfidf_lr,1,single_query,0,241,1,0.045530014000,45.530014000000,-1,6e340b9cffb37a989ca544e6bb780a2c78901d3fb33738768511a30617afa01d
tfidf_lr,1,single_query,0,242,1,0.032756405000,32.756405000000,1,dbc1b4c900ffe48d575b5da5c638040125f65db0fe3e24494b76ea986457d986
tfidf_lr,1,single_query,0,243,1,0.035350709000,35.350709000000,-1,6e340b9cffb37a989ca544e6bb780a2c78901d3fb33738768511a30617afa01d
tfidf_lr,1,single_query,0,244,1,0.038077150000,38.077150000000,1,dbc1b4c900ffe48d575b5da5c638040125f65db0fe3e24494b76ea986457d986
tfidf_lr,1,single_query,0,245,1,0.047545421000,47.545421000000,1,dbc1b4c900ffe48d575b5da5c638040125f65db0fe3e24494b76ea986457d986
tfidf_lr,1,single_query,0,246,1,0.042553674000,42.553674000000,-1,6e340b9cffb37a989ca544e6bb780a2c78901d3fb33738768511a30617afa01d
tfidf_lr,1,single_query,0,247,1,0.050312507000,50.312507000000,1,dbc1b4c900ffe48d575b5da5c638040125f65db0fe3e24494b76ea986457d986
tfidf_lr,1,single_query,0,248,1,0.050247721000,50.247721000000,-1,6e340b9cffb37a989ca544e6bb780a2c78901d3fb33738768511a30617afa01d
tfidf_lr,1,single_query,0,249,1,0.044592053000,44.592053000000,-1,6e340b9cffb37a989ca544e6bb780a2c78901d3fb33738768511a30617afa01d
tfidf_lr,1,single_query,0,250,1,0.050933265000,50.933265000000,1,dbc1b4c900ffe48d575b5da5c638040125f65db0fe3e24494b76ea986457d986
tfidf_lr,1,single_query,0,251,1,0.044247527000,44.247527000000,1,dbc1b4c900ffe48d575b5da5c638040125f65db0fe3e24494b76ea986457d986
tfidf_lr,1,single_query,0,252,1,0.036568764000,36.568764000000,-1,6e340b9cffb37a989ca544e6bb780a2c78901d3fb33738768511a30617afa01d
tfidf_lr,1,single_query,0,253,1,0.051116143000,51.116143000000,-1,6e340b9cffb37a989ca544e6bb780a2c78901d3fb33738768511a30617afa01d
tfidf_lr,1,single_query,0,254,1,0.043659854000,43.659854000000,-1,6e340b9cffb37a989ca544e6bb780a2c78901d3fb33738768511a30617afa01d
tfidf_lr,1,single_query,0,255,1,0.040919361000,40.919361000000,-1,6e340b9cffb37a989ca544e6bb780a2c78901d3fb33738768511a30617afa01d
tfidf_lr,2,init,0,,4263,98.291035944000,,,
tfidf_lr,2,single_query,0,0,1,0.046009703000,46.009703000000,-1,6e340b9cffb37a989ca544e6bb780a2c78901d3fb33738768511a30617afa01d
tfidf_lr,2,single_query,0,1,1,0.024108083000,24.108083000000,1,dbc1b4c900ffe48d575b5da5c638040125f65db0fe3e24494b76ea986457d986
tfidf_lr,2,single_query,0,2,1,0.017041008000,17.041008000000,-1,6e340b9cffb37a989ca544e6bb780a2c78901d3fb33738768511a30617afa01d
tfidf_lr,2,single_query,0,3,1,0.024013959000,24.013959000000,1,dbc1b4c900ffe48d575b5da5c638040125f65db0fe3e24494b76ea986457d986
tfidf_lr,2,single_query,0,4,1,0.033750707000,33.750707000000,-1,6e340b9cffb37a989ca544e6bb780a2c78901d3fb33738768511a30617afa01d
tfidf_lr,2,single_query,0,5,1,0.047823601000,47.823601000000,1,dbc1b4c900ffe48d575b5da5c638040125f65db0fe3e24494b76ea986457d986
tfidf_lr,2,single_query,0,6,1,0.047633028000,47.633028000000,1,dbc1b4c900ffe48d575b5da5c638040125f65db0fe3e24494b76ea986457d986
tfidf_lr,2,single_query,0,7,1,0.026474204000,26.474204000000,1,dbc1b4c900ffe48d575b5da5c638040125f65db0fe3e24494b76ea986457d986
tfidf_lr,2,single_query,0,8,1,0.023730156000,23.730156000000,1,dbc1b4c900ffe48d575b5da5c638040125f65db0fe3e24494b76ea986457d986
tfidf_lr,2,single_query,0,9,1,0.039695439000,39.695439000000,1,dbc1b4c900ffe48d575b5da5c638040125f65db0fe3e24494b76ea986457d986
tfidf_lr,2,single_query,0,10,1,0.046711152000,46.711152000000,1,dbc1b4c900ffe48d575b5da5c638040125f65db0fe3e24494b76ea986457d986
tfidf_lr,2,single_query,0,11,1,0.046190249000,46.190249000000,-1,6e340b9cffb37a989ca544e6bb780a2c78901d3fb33738768511a30617afa01d
tfidf_lr,2,single_query,0,12,1,0.048616803000,48.616803000000,-1,6e340b9cffb37a989ca544e6bb780a2c78901d3fb33738768511a30617afa01d
tfidf_lr,2,single_query,0,13,1,0.025164382000,25.164382000000,-1,6e340b9cffb37a989ca544e6bb780a2c78901d3fb33738768511a30617afa01d
tfidf_lr,2,single_query,0,14,1,0.024456486000,24.456486000000,1,dbc1b4c900ffe48d575b5da5c638040125f65db0fe3e24494b76ea986457d986
tfidf_lr,2,single_query,0,15,1,0.034702037000,34.702037000000,-1,6e340b9cffb37a989ca544e6bb780a2c78901d3fb33738768511a30617afa01d
tfidf_lr,2,single_query,0,16,1,0.034113231000,34.113231000000,1,dbc1b4c900ffe48d575b5da5c638040125f65db0fe3e24494b76ea986457d986
tfidf_lr,2,single_query,0,17,1,0.024780068000,24.780068000000,1,dbc1b4c900ffe48d575b5da5c638040125f65db0fe3e24494b76ea986457d986
tfidf_lr,2,single_query,0,18,1,0.030997210000,30.997210000000,1,dbc1b4c900ffe48d575b5da5c638040125f65db0fe3e24494b76ea986457d986
tfidf_lr,2,single_query,0,19,1,0.015410458000,15.410458000000,-1,6e340b9cffb37a989ca544e6bb780a2c78901d3fb33738768511a30617afa01d
tfidf_lr,2,single_query,0,20,1,0.018301005000,18.301005000000,1,dbc1b4c900ffe48d575b5da5c638040125f65db0fe3e24494b76ea986457d986
tfidf_lr,2,single_query,0,21,1,0.019503912000,19.503912000000,-1,6e340b9cffb37a989ca544e6bb780a2c78901d3fb33738768511a30617afa01d
tfidf_lr,2,single_query,0,22,1,0.021251521000,21.251521000000,-1,6e340b9cffb37a989ca544e6bb780a2c78901d3fb33738768511a30617afa01d
tfidf_lr,2,single_query,0,23,1,0.020314235000,20.314235000000,-1,6e340b9cffb37a989ca544e6bb780a2c78901d3fb33738768511a30617afa01d
tfidf_lr,2,single_query,0,24,1,0.025515130000,25.515130000000,1,dbc1b4c900ffe48d575b5da5c638040125f65db0fe3e24494b76ea986457d986
tfidf_lr,2,single_query,0,25,1,0.028649026000,28.649026000000,1,dbc1b4c900ffe48d575b5da5c638040125f65db0fe3e24494b76ea986457d986
tfidf_lr,2,single_query,0,26,1,0.027995303000,27.995303000000,-1,6e340b9cffb37a989ca544e6bb780a2c78901d3fb33738768511a30617afa01d
tfidf_lr,2,single_query,0,27,1,0.024212757000,24.212757000000,-1,6e340b9cffb37a989ca544e6bb780a2c78901d3fb33738768511a30617afa01d
tfidf_lr,2,single_query,0,28,1,0.022926686000,22.926686000000,-1,6e340b9cffb37a989ca544e6bb780a2c78901d3fb33738768511a30617afa01d
tfidf_lr,2,single_query,0,29,1,0.021945619000,21.945619000000,1,dbc1b4c900ffe48d575b5da5c638040125f65db0fe3e24494b76ea986457d986
tfidf_lr,2,single_query,0,30,1,0.020595658000,20.595658000000,1,dbc1b4c900ffe48d575b5da5c638040125f65db0fe3e24494b76ea986457d986
tfidf_lr,2,single_query,0,31,1,0.023726036000,23.726036000000,1,dbc1b4c900ffe48d575b5da5c638040125f65db0fe3e24494b76ea986457d986
tfidf_lr,2,single_query,0,32,1,0.033922051000,33.922051000000,1,dbc1b4c900ffe48d575b5da5c638040125f65db0fe3e24494b76ea986457d986
tfidf_lr,2,single_query,0,33,1,0.035698146000,35.698146000000,-1,6e340b9cffb37a989ca544e6bb780a2c78901d3fb33738768511a30617afa01d
tfidf_lr,2,single_query,0,34,1,0.047623255000,47.623255000000,-1,6e340b9cffb37a989ca544e6bb780a2c78901d3fb33738768511a30617afa01d
tfidf_lr,2,single_query,0,35,1,0.046056468000,46.056468000000,1,dbc1b4c900ffe48d575b5da5c638040125f65db0fe3e24494b76ea986457d986
tfidf_lr,2,single_query,0,36,1,0.045627866000,45.627866000000,1,dbc1b4c900ffe48d575b5da5c638040125f65db0fe3e24494b76ea986457d986
tfidf_lr,2,single_query,0,37,1,0.026509295000,26.509295000000,1,dbc1b4c900ffe48d575b5da5c638040125f65db0fe3e24494b76ea986457d986
tfidf_lr,2,single_query,0,38,1,0.027699310000,27.699310000000,1,dbc1b4c900ffe48d575b5da5c638040125f65db0fe3e24494b76ea986457d986
tfidf_lr,2,single_query,0,39,1,0.021957384000,21.957384000000,-1,6e340b9cffb37a989ca544e6bb780a2c78901d3fb33738768511a30617afa01d
tfidf_lr,2,single_query,0,40,1,0.019261333000,19.261333000000,1,dbc1b4c900ffe48d575b5da5c638040125f65db0fe3e24494b76ea986457d986
tfidf_lr,2,single_query,0,41,1,0.020687291000,20.687291000000,-1,6e340b9cffb37a989ca544e6bb780a2c78901d3fb33738768511a30617afa01d
tfidf_lr,2,single_query,0,42,1,0.020524641000,20.524641000000,1,dbc1b4c900ffe48d575b5da5c638040125f65db0fe3e24494b76ea986457d986
tfidf_lr,2,single_query,0,43,1,0.018624518000,18.624518000000,1,dbc1b4c900ffe48d575b5da5c638040125f65db0fe3e24494b76ea986457d986
tfidf_lr,2,single_query,0,44,1,0.019925591000,19.925591000000,1,dbc1b4c900ffe48d575b5da5c638040125f65db0fe3e24494b76ea986457d986
tfidf_lr,2,single_query,0,45,1,0.019873709000,19.873709000000,-1,6e340b9cffb37a989ca544e6bb780a2c78901d3fb33738768511a30617afa01d
tfidf_lr,2,single_query,0,46,1,0.018256990000,18.256990000000,1,dbc1b4c900ffe48d575b5da5c638040125f65db0fe3e24494b76ea986457d986
tfidf_lr,2,single_query,0,47,1,0.021131589000,21.131589000000,-1,6e340b9cffb37a989ca544e6bb780a2c78901d3fb33738768511a30617afa01d
tfidf_lr,2,single_query,0,48,1,0.020528445000,20.528445000000,1,dbc1b4c900ffe48d575b5da5c638040125f65db0fe3e24494b76ea986457d986
tfidf_lr,2,single_query,0,49,1,0.027591248000,27.591248000000,-1,6e340b9cffb37a989ca544e6bb780a2c78901d3fb33738768511a30617afa01d
tfidf_lr,2,single_query,0,50,1,0.020897584000,20.897584000000,1,dbc1b4c900ffe48d575b5da5c638040125f65db0fe3e24494b76ea986457d986
tfidf_lr,2,single_query,0,51,1,0.024282366000,24.282366000000,1,dbc1b4c900ffe48d575b5da5c638040125f65db0fe3e24494b76ea986457d986
tfidf_lr,2,single_query,0,52,1,0.019270447000,19.270447000000,-1,6e340b9cffb37a989ca544e6bb780a2c78901d3fb33738768511a30617afa01d
tfidf_lr,2,single_query,0,53,1,0.020136273000,20.136273000000,1,dbc1b4c900ffe48d575b5da5c638040125f65db0fe3e24494b76ea986457d986
tfidf_lr,2,single_query,0,54,1,0.022408627000,22.408627000000,-1,6e340b9cffb37a989ca544e6bb780a2c78901d3fb33738768511a30617afa01d
tfidf_lr,2,single_query,0,55,1,0.020774623000,20.774623000000,-1,6e340b9cffb37a989ca544e6bb780a2c78901d3fb33738768511a30617afa01d
tfidf_lr,2,single_query,0,56,1,0.021322540000,21.322540000000,1,dbc1b4c900ffe48d575b5da5c638040125f65db0fe3e24494b76ea986457d986
tfidf_lr,2,single_query,0,57,1,0.021234323000,21.234323000000,-1,6e340b9cffb37a989ca544e6bb780a2c78901d3fb33738768511a30617afa01d
tfidf_lr,2,single_query,0,58,1,0.021449529000,21.449529000000,-1,6e340b9cffb37a989ca544e6bb780a2c78901d3fb33738768511a30617afa01d
tfidf_lr,2,single_query,0,59,1,0.021774745000,21.774745000000,1,dbc1b4c900ffe48d575b5da5c638040125f65db0fe3e24494b76ea986457d986
tfidf_lr,2,single_query,0,60,1,0.022841875000,22.841875000000,1,dbc1b4c900ffe48d575b5da5c638040125f65db0fe3e24494b76ea986457d986
tfidf_lr,2,single_query,0,61,1,0.019135262000,19.135262000000,-1,6e340b9cffb37a989ca544e6bb780a2c78901d3fb33738768511a30617afa01d
tfidf_lr,2,single_query,0,62,1,0.018300572000,18.300572000000,1,dbc1b4c900ffe48d575b5da5c638040125f65db0fe3e24494b76ea986457d986
tfidf_lr,2,single_query,0,63,1,0.021130333000,21.130333000000,-1,6e340b9cffb37a989ca544e6bb780a2c78901d3fb33738768511a30617afa01d
tfidf_lr,2,single_query,0,64,1,0.021356187000,21.356187000000,1,dbc1b4c900ffe48d575b5da5c638040125f65db0fe3e24494b76ea986457d986
tfidf_lr,2,single_query,0,65,1,0.022949835000,22.949835000000,-1,6e340b9cffb37a989ca544e6bb780a2c78901d3fb33738768511a30617afa01d
tfidf_lr,2,single_query,0,66,1,0.023368576000,23.368576000000,1,dbc1b4c900ffe48d575b5da5c638040125f65db0fe3e24494b76ea986457d986
tfidf_lr,2,single_query,0,67,1,0.021971822000,21.971822000000,1,dbc1b4c900ffe48d575b5da5c638040125f65db0fe3e24494b76ea986457d986
tfidf_lr,2,single_query,0,68,1,0.024587108000,24.587108000000,-1,6e340b9cffb37a989ca544e6bb780a2c78901d3fb33738768511a30617afa01d
tfidf_lr,2,single_query,0,69,1,0.025339337000,25.339337000000,-1,6e340b9cffb37a989ca544e6bb780a2c78901d3fb33738768511a30617afa01d
tfidf_lr,2,single_query,0,70,1,0.025633739000,25.633739000000,-1,6e340b9cffb37a989ca544e6bb780a2c78901d3fb33738768511a30617afa01d
tfidf_lr,2,single_query,0,71,1,0.025034528000,25.034528000000,-1,6e340b9cffb37a989ca544e6bb780a2c78901d3fb33738768511a30617afa01d
tfidf_lr,2,single_query,0,72,1,0.023843773000,23.843773000000,-1,6e340b9cffb37a989ca544e6bb780a2c78901d3fb33738768511a30617afa01d
tfidf_lr,2,single_query,0,73,1,0.026703845000,26.703845000000,-1,6e340b9cffb37a989ca544e6bb780a2c78901d3fb33738768511a30617afa01d
tfidf_lr,2,single_query,0,74,1,0.026069100000,26.069100000000,1,dbc1b4c900ffe48d575b5da5c638040125f65db0fe3e24494b76ea986457d986
tfidf_lr,2,single_query,0,75,1,0.025289435000,25.289435000000,-1,6e340b9cffb37a989ca544e6bb780a2c78901d3fb33738768511a30617afa01d
tfidf_lr,2,single_query,0,76,1,0.029327738000,29.327738000000,1,dbc1b4c900ffe48d575b5da5c638040125f65db0fe3e24494b76ea986457d986
tfidf_lr,2,single_query,0,77,1,0.022942283000,22.942283000000,-1,6e340b9cffb37a989ca544e6bb780a2c78901d3fb33738768511a30617afa01d
tfidf_lr,2,single_query,0,78,1,0.014297129000,14.297129000000,-1,6e340b9cffb37a989ca544e6bb780a2c78901d3fb33738768511a30617afa01d
tfidf_lr,2,single_query,0,79,1,0.017493799000,17.493799000000,1,dbc1b4c900ffe48d575b5da5c638040125f65db0fe3e24494b76ea986457d986
tfidf_lr,2,single_query,0,80,1,0.016731756000,16.731756000000,-1,6e340b9cffb37a989ca544e6bb780a2c78901d3fb33738768511a30617afa01d
tfidf_lr,2,single_query,0,81,1,0.015716863000,15.716863000000,-1,6e340b9cffb37a989ca544e6bb780a2c78901d3fb33738768511a30617afa01d
tfidf_lr,2,single_query,0,82,1,0.021682472000,21.682472000000,1,dbc1b4c900ffe48d575b5da5c638040125f65db0fe3e24494b76ea986457d986
tfidf_lr,2,single_query,0,83,1,0.021269958000,21.269958000000,1,dbc1b4c900ffe48d575b5da5c638040125f65db0fe3e24494b76ea986457d986
tfidf_lr,2,single_query,0,84,1,0.022636238000,22.636238000000,1,dbc1b4c900ffe48d575b5da5c638040125f65db0fe3e24494b76ea986457d986
tfidf_lr,2,single_query,0,85,1,0.023065566000,23.065566000000,1,dbc1b4c900ffe48d575b5da5c638040125f65db0fe3e24494b76ea986457d986
tfidf_lr,2,single_query,0,86,1,0.022097423000,22.097423000000,1,dbc1b4c900ffe48d575b5da5c638040125f65db0fe3e24494b76ea986457d986
tfidf_lr,2,single_query,0,87,1,0.022601280000,22.601280000000,1,dbc1b4c900ffe48d575b5da5c638040125f65db0fe3e24494b76ea986457d986
tfidf_lr,2,single_query,0,88,1,0.022104672000,22.104672000000,1,dbc1b4c900ffe48d575b5da5c638040125f65db0fe3e24494b76ea986457d986
tfidf_lr,2,single_query,0,89,1,0.019209518000,19.209518000000,-1,6e340b9cffb37a989ca544e6bb780a2c78901d3fb33738768511a30617afa01d
tfidf_lr,2,single_query,0,90,1,0.023164997000,23.164997000000,1,dbc1b4c900ffe48d575b5da5c638040125f65db0fe3e24494b76ea986457d986
tfidf_lr,2,single_query,0,91,1,0.022588949000,22.588949000000,1,dbc1b4c900ffe48d575b5da5c638040125f65db0fe3e24494b76ea986457d986
tfidf_lr,2,single_query,0,92,1,0.024483349000,24.483349000000,-1,6e340b9cffb37a989ca544e6bb780a2c78901d3fb33738768511a30617afa01d
tfidf_lr,2,single_query,0,93,1,0.024539205000,24.539205000000,1,dbc1b4c900ffe48d575b5da5c638040125f65db0fe3e24494b76ea986457d986
tfidf_lr,2,single_query,0,94,1,0.024293510000,24.293510000000,-1,6e340b9cffb37a989ca544e6bb780a2c78901d3fb33738768511a30617afa01d
tfidf_lr,2,single_query,0,95,1,0.024155293000,24.155293000000,-1,6e340b9cffb37a989ca544e6bb780a2c78901d3fb33738768511a30617afa01d
tfidf_lr,2,single_query,0,96,1,0.023267610000,23.267610000000,1,dbc1b4c900ffe48d575b5da5c638040125f65db0fe3e24494b76ea986457d986
tfidf_lr,2,single_query,0,97,1,0.023455933000,23.455933000000,1,dbc1b4c900ffe48d575b5da5c638040125f65db0fe3e24494b76ea986457d986
tfidf_lr,2,single_query,0,98,1,0.020332655000,20.332655000000,1,dbc1b4c900ffe48d575b5da5c638040125f65db0fe3e24494b76ea986457d986
tfidf_lr,2,single_query,0,99,1,0.023012047000,23.012047000000,-1,6e340b9cffb37a989ca544e6bb780a2c78901d3fb33738768511a30617afa01d
tfidf_lr,2,single_query,0,100,1,0.021303022000,21.303022000000,1,dbc1b4c900ffe48d575b5da5c638040125f65db0fe3e24494b76ea986457d986
tfidf_lr,2,single_query,0,101,1,0.024069390000,24.069390000000,1,dbc1b4c900ffe48d575b5da5c638040125f65db0fe3e24494b76ea986457d986
tfidf_lr,2,single_query,0,102,1,0.020949535000,20.949535000000,-1,6e340b9cffb37a989ca544e6bb780a2c78901d3fb33738768511a30617afa01d
tfidf_lr,2,single_query,0,103,1,0.025495480000,25.495480000000,1,dbc1b4c900ffe48d575b5da5c638040125f65db0fe3e24494b76ea986457d986
tfidf_lr,2,single_query,0,104,1,0.026105368000,26.105368000000,-1,6e340b9cffb37a989ca544e6bb780a2c78901d3fb33738768511a30617afa01d
tfidf_lr,2,single_query,0,105,1,0.024541772000,24.541772000000,1,dbc1b4c900ffe48d575b5da5c638040125f65db0fe3e24494b76ea986457d986
tfidf_lr,2,single_query,0,106,1,0.032293494000,32.293494000000,-1,6e340b9cffb37a989ca544e6bb780a2c78901d3fb33738768511a30617afa01d
tfidf_lr,2,single_query,0,107,1,0.026157449000,26.157449000000,-1,6e340b9cffb37a989ca544e6bb780a2c78901d3fb33738768511a30617afa01d
tfidf_lr,2,single_query,0,108,1,0.026122123000,26.122123000000,-1,6e340b9cffb37a989ca544e6bb780a2c78901d3fb33738768511a30617afa01d
tfidf_lr,2,single_query,0,109,1,0.026052300000,26.052300000000,-1,6e340b9cffb37a989ca544e6bb780a2c78901d3fb33738768511a30617afa01d
tfidf_lr,2,single_query,0,110,1,0.021247513000,21.247513000000,-1,6e340b9cffb37a989ca544e6bb780a2c78901d3fb33738768511a30617afa01d
tfidf_lr,2,single_query,0,111,1,0.025522104000,25.522104000000,-1,6e340b9cffb37a989ca544e6bb780a2c78901d3fb33738768511a30617afa01d
tfidf_lr,2,single_query,0,112,1,0.028025287000,28.025287000000,-1,6e340b9cffb37a989ca544e6bb780a2c78901d3fb33738768511a30617afa01d
tfidf_lr,2,single_query,0,113,1,0.027677493000,27.677493000000,-1,6e340b9cffb37a989ca544e6bb780a2c78901d3fb33738768511a30617afa01d
tfidf_lr,2,single_query,0,114,1,0.025753158000,25.753158000000,-1,6e340b9cffb37a989ca544e6bb780a2c78901d3fb33738768511a30617afa01d
tfidf_lr,2,single_query,0,115,1,0.024920160000,24.920160000000,-1,6e340b9cffb37a989ca544e6bb780a2c78901d3fb33738768511a30617afa01d
tfidf_lr,2,single_query,0,116,1,0.023887560000,23.887560000000,1,dbc1b4c900ffe48d575b5da5c638040125f65db0fe3e24494b76ea986457d986
tfidf_lr,2,single_query,0,117,1,0.025885079000,25.885079000000,1,dbc1b4c900ffe48d575b5da5c638040125f65db0fe3e24494b76ea986457d986
tfidf_lr,2,single_query,0,118,1,0.026283192000,26.283192000000,1,dbc1b4c900ffe48d575b5da5c638040125f65db0fe3e24494b76ea986457d986
tfidf_lr,2,single_query,0,119,1,0.024108893000,24.108893000000,-1,6e340b9cffb37a989ca544e6bb780a2c78901d3fb33738768511a30617afa01d
tfidf_lr,2,single_query,0,120,1,0.013369624000,13.369624000000,-1,6e340b9cffb37a989ca544e6bb780a2c78901d3fb33738768511a30617afa01d
tfidf_lr,2,single_query,0,121,1,0.046626803000,46.626803000000,-1,6e340b9cffb37a989ca544e6bb780a2c78901d3fb33738768511a30617afa01d
tfidf_lr,2,single_query,0,122,1,0.043314041000,43.314041000000,-1,6e340b9cffb37a989ca544e6bb780a2c78901d3fb33738768511a30617afa01d
tfidf_lr,2,single_query,0,123,1,0.046065750000,46.065750000000,-1,6e340b9cffb37a989ca544e6bb780a2c78901d3fb33738768511a30617afa01d
tfidf_lr,2,single_query,0,124,1,0.046814152000,46.814152000000,-1,6e340b9cffb37a989ca544e6bb780a2c78901d3fb33738768511a30617afa01d
tfidf_lr,2,single_query,0,125,1,0.046259673000,46.259673000000,1,dbc1b4c900ffe48d575b5da5c638040125f65db0fe3e24494b76ea986457d986
tfidf_lr,2,single_query,0,126,1,0.045702448000,45.702448000000,1,dbc1b4c900ffe48d575b5da5c638040125f65db0fe3e24494b76ea986457d986
tfidf_lr,2,single_query,0,127,1,0.029076781000,29.076781000000,-1,6e340b9cffb37a989ca544e6bb780a2c78901d3fb33738768511a30617afa01d
tfidf_lr,2,single_query,0,128,1,0.037483217000,37.483217000000,1,dbc1b4c900ffe48d575b5da5c638040125f65db0fe3e24494b76ea986457d986
tfidf_lr,2,single_query,0,129,1,0.037034233000,37.034233000000,-1,6e340b9cffb37a989ca544e6bb780a2c78901d3fb33738768511a30617afa01d
tfidf_lr,2,single_query,0,130,1,0.038175469000,38.175469000000,1,dbc1b4c900ffe48d575b5da5c638040125f65db0fe3e24494b76ea986457d986
tfidf_lr,2,single_query,0,131,1,0.031095152000,31.095152000000,1,dbc1b4c900ffe48d575b5da5c638040125f65db0fe3e24494b76ea986457d986
tfidf_lr,2,single_query,0,132,1,0.049640634000,49.640634000000,-1,6e340b9cffb37a989ca544e6bb780a2c78901d3fb33738768511a30617afa01d
tfidf_lr,2,single_query,0,133,1,0.031899936000,31.899936000000,-1,6e340b9cffb37a989ca544e6bb780a2c78901d3fb33738768511a30617afa01d
tfidf_lr,2,single_query,0,134,1,0.045863893000,45.863893000000,-1,6e340b9cffb37a989ca544e6bb780a2c78901d3fb33738768511a30617afa01d
tfidf_lr,2,single_query,0,135,1,0.046093620000,46.093620000000,1,dbc1b4c900ffe48d575b5da5c638040125f65db0fe3e24494b76ea986457d986
tfidf_lr,2,single_query,0,136,1,0.040949673000,40.949673000000,-1,6e340b9cffb37a989ca544e6bb780a2c78901d3fb33738768511a30617afa01d
tfidf_lr,2,single_query,0,137,1,0.036691999000,36.691999000000,1,dbc1b4c900ffe48d575b5da5c638040125f65db0fe3e24494b76ea986457d986
tfidf_lr,2,single_query,0,138,1,0.036936754000,36.936754000000,-1,6e340b9cffb37a989ca544e6bb780a2c78901d3fb33738768511a30617afa01d
tfidf_lr,2,single_query,0,139,1,0.038944172000,38.944172000000,-1,6e340b9cffb37a989ca544e6bb780a2c78901d3fb33738768511a30617afa01d
tfidf_lr,2,single_query,0,140,1,0.021979405000,21.979405000000,-1,6e340b9cffb37a989ca544e6bb780a2c78901d3fb33738768511a30617afa01d
tfidf_lr,2,single_query,0,141,1,0.031351804000,31.351804000000,1,dbc1b4c900ffe48d575b5da5c638040125f65db0fe3e24494b76ea986457d986
tfidf_lr,2,single_query,0,142,1,0.034574146000,34.574146000000,1,dbc1b4c900ffe48d575b5da5c638040125f65db0fe3e24494b76ea986457d986
tfidf_lr,2,single_query,0,143,1,0.047063149000,47.063149000000,-1,6e340b9cffb37a989ca544e6bb780a2c78901d3fb33738768511a30617afa01d
tfidf_lr,2,single_query,0,144,1,0.049373932000,49.373932000000,-1,6e340b9cffb37a989ca544e6bb780a2c78901d3fb33738768511a30617afa01d
tfidf_lr,2,single_query,0,145,1,0.050960979000,50.960979000000,1,dbc1b4c900ffe48d575b5da5c638040125f65db0fe3e24494b76ea986457d986
tfidf_lr,2,single_query,0,146,1,0.044040191000,44.040191000000,1,dbc1b4c900ffe48d575b5da5c638040125f65db0fe3e24494b76ea986457d986
tfidf_lr,2,single_query,0,147,1,0.047256306000,47.256306000000,-1,6e340b9cffb37a989ca544e6bb780a2c78901d3fb33738768511a30617afa01d
tfidf_lr,2,single_query,0,148,1,0.045634811000,45.634811000000,1,dbc1b4c900ffe48d575b5da5c638040125f65db0fe3e24494b76ea986457d986
tfidf_lr,2,single_query,0,149,1,0.045839440000,45.839440000000,-1,6e340b9cffb37a989ca544e6bb780a2c78901d3fb33738768511a30617afa01d
tfidf_lr,2,single_query,0,150,1,0.045871503000,45.871503000000,-1,6e340b9cffb37a989ca544e6bb780a2c78901d3fb33738768511a30617afa01d
tfidf_lr,2,single_query,0,151,1,0.045525862000,45.525862000000,-1,6e340b9cffb37a989ca544e6bb780a2c78901d3fb33738768511a30617afa01d
tfidf_lr,2,single_query,0,152,1,0.045478396000,45.478396000000,-1,6e340b9cffb37a989ca544e6bb780a2c78901d3fb33738768511a30617afa01d
tfidf_lr,2,single_query,0,153,1,0.048489055000,48.489055000000,-1,6e340b9cffb37a989ca544e6bb780a2c78901d3fb33738768511a30617afa01d
tfidf_lr,2,single_query,0,154,1,0.046155755000,46.155755000000,1,dbc1b4c900ffe48d575b5da5c638040125f65db0fe3e24494b76ea986457d986
tfidf_lr,2,single_query,0,155,1,0.046405408000,46.405408000000,1,dbc1b4c900ffe48d575b5da5c638040125f65db0fe3e24494b76ea986457d986
tfidf_lr,2,single_query,0,156,1,0.045842481000,45.842481000000,-1,6e340b9cffb37a989ca544e6bb780a2c78901d3fb33738768511a30617afa01d
tfidf_lr,2,single_query,0,157,1,0.046618911000,46.618911000000,1,dbc1b4c900ffe48d575b5da5c638040125f65db0fe3e24494b76ea986457d986
tfidf_lr,2,single_query,0,158,1,0.045768492000,45.768492000000,1,dbc1b4c900ffe48d575b5da5c638040125f65db0fe3e24494b76ea986457d986
tfidf_lr,2,single_query,0,159,1,0.045776095000,45.776095000000,-1,6e340b9cffb37a989ca544e6bb780a2c78901d3fb33738768511a30617afa01d
tfidf_lr,2,single_query,0,160,1,0.045609491000,45.609491000000,-1,6e340b9cffb37a989ca544e6bb780a2c78901d3fb33738768511a30617afa01d
tfidf_lr,2,single_query,0,161,1,0.025519385000,25.519385000000,1,dbc1b4c900ffe48d575b5da5c638040125f65db0fe3e24494b76ea986457d986
tfidf_lr,2,single_query,0,162,1,0.034028055000,34.028055000000,1,dbc1b4c900ffe48d575b5da5c638040125f65db0fe3e24494b76ea986457d986
tfidf_lr,2,single_query,0,163,1,0.043325324000,43.325324000000,1,dbc1b4c900ffe48d575b5da5c638040125f65db0fe3e24494b76ea986457d986
tfidf_lr,2,single_query,0,164,1,0.035739155000,35.739155000000,1,dbc1b4c900ffe48d575b5da5c638040125f65db0fe3e24494b76ea986457d986
tfidf_lr,2,single_query,0,165,1,0.045254534000,45.254534000000,-1,6e340b9cffb37a989ca544e6bb780a2c78901d3fb33738768511a30617afa01d
tfidf_lr,2,single_query,0,166,1,0.049792582000,49.792582000000,1,dbc1b4c900ffe48d575b5da5c638040125f65db0fe3e24494b76ea986457d986
tfidf_lr,2,single_query,0,167,1,0.043996643000,43.996643000000,-1,6e340b9cffb37a989ca544e6bb780a2c78901d3fb33738768511a30617afa01d
tfidf_lr,2,single_query,0,168,1,0.045931306000,45.931306000000,1,dbc1b4c900ffe48d575b5da5c638040125f65db0fe3e24494b76ea986457d986
tfidf_lr,2,single_query,0,169,1,0.047330040000,47.330040000000,-1,6e340b9cffb37a989ca544e6bb780a2c78901d3fb33738768511a30617afa01d
tfidf_lr,2,single_query,0,170,1,0.026579379000,26.579379000000,-1,6e340b9cffb37a989ca544e6bb780a2c78901d3fb33738768511a30617afa01d
tfidf_lr,2,single_query,0,171,1,0.028349835000,28.349835000000,-1,6e340b9cffb37a989ca544e6bb780a2c78901d3fb33738768511a30617afa01d
tfidf_lr,2,single_query,0,172,1,0.027097627000,27.097627000000,-1,6e340b9cffb37a989ca544e6bb780a2c78901d3fb33738768511a30617afa01d
tfidf_lr,2,single_query,0,173,1,0.024734269000,24.734269000000,1,dbc1b4c900ffe48d575b5da5c638040125f65db0fe3e24494b76ea986457d986
tfidf_lr,2,single_query,0,174,1,0.034478678000,34.478678000000,1,dbc1b4c900ffe48d575b5da5c638040125f65db0fe3e24494b76ea986457d986
tfidf_lr,2,single_query,0,175,1,0.048867279000,48.867279000000,1,dbc1b4c900ffe48d575b5da5c638040125f65db0fe3e24494b76ea986457d986
tfidf_lr,2,single_query,0,176,1,0.048205240000,48.205240000000,1,dbc1b4c900ffe48d575b5da5c638040125f65db0fe3e24494b76ea986457d986
tfidf_lr,2,single_query,0,177,1,0.047773921000,47.773921000000,-1,6e340b9cffb37a989ca544e6bb780a2c78901d3fb33738768511a30617afa01d
tfidf_lr,2,single_query,0,178,1,0.048600685000,48.600685000000,1,dbc1b4c900ffe48d575b5da5c638040125f65db0fe3e24494b76ea986457d986
tfidf_lr,2,single_query,0,179,1,0.020546949000,20.546949000000,-1,6e340b9cffb37a989ca544e6bb780a2c78901d3fb33738768511a30617afa01d
tfidf_lr,2,single_query,0,180,1,0.017786636000,17.786636000000,1,dbc1b4c900ffe48d575b5da5c638040125f65db0fe3e24494b76ea986457d986
tfidf_lr,2,single_query,0,181,1,0.027766849000,27.766849000000,-1,6e340b9cffb37a989ca544e6bb780a2c78901d3fb33738768511a30617afa01d
tfidf_lr,2,single_query,0,182,1,0.022214609000,22.214609000000,1,dbc1b4c900ffe48d575b5da5c638040125f65db0fe3e24494b76ea986457d986
tfidf_lr,2,single_query,0,183,1,0.021572635000,21.572635000000,-1,6e340b9cffb37a989ca544e6bb780a2c78901d3fb33738768511a30617afa01d
tfidf_lr,2,single_query,0,184,1,0.031055884000,31.055884000000,-1,6e340b9cffb37a989ca544e6bb780a2c78901d3fb33738768511a30617afa01d
tfidf_lr,2,single_query,0,185,1,0.030003014000,30.003014000000,1,dbc1b4c900ffe48d575b5da5c638040125f65db0fe3e24494b76ea986457d986
tfidf_lr,2,single_query,0,186,1,0.030699194000,30.699194000000,1,dbc1b4c900ffe48d575b5da5c638040125f65db0fe3e24494b76ea986457d986
tfidf_lr,2,single_query,0,187,1,0.030055960000,30.055960000000,1,dbc1b4c900ffe48d575b5da5c638040125f65db0fe3e24494b76ea986457d986
tfidf_lr,2,single_query,0,188,1,0.039040752000,39.040752000000,1,dbc1b4c900ffe48d575b5da5c638040125f65db0fe3e24494b76ea986457d986
tfidf_lr,2,single_query,0,189,1,0.040125146000,40.125146000000,-1,6e340b9cffb37a989ca544e6bb780a2c78901d3fb33738768511a30617afa01d
tfidf_lr,2,single_query,0,190,1,0.035576017000,35.576017000000,1,dbc1b4c900ffe48d575b5da5c638040125f65db0fe3e24494b76ea986457d986
tfidf_lr,2,single_query,0,191,1,0.034252808000,34.252808000000,1,dbc1b4c900ffe48d575b5da5c638040125f65db0fe3e24494b76ea986457d986
tfidf_lr,2,single_query,0,192,1,0.044954987000,44.954987000000,1,dbc1b4c900ffe48d575b5da5c638040125f65db0fe3e24494b76ea986457d986
tfidf_lr,2,single_query,0,193,1,0.046174491000,46.174491000000,1,dbc1b4c900ffe48d575b5da5c638040125f65db0fe3e24494b76ea986457d986
tfidf_lr,2,single_query,0,194,1,0.046725801000,46.725801000000,1,dbc1b4c900ffe48d575b5da5c638040125f65db0fe3e24494b76ea986457d986
tfidf_lr,2,single_query,0,195,1,0.047201440000,47.201440000000,-1,6e340b9cffb37a989ca544e6bb780a2c78901d3fb33738768511a30617afa01d
tfidf_lr,2,single_query,0,196,1,0.045445924000,45.445924000000,1,dbc1b4c900ffe48d575b5da5c638040125f65db0fe3e24494b76ea986457d986
tfidf_lr,2,single_query,0,197,1,0.049134966000,49.134966000000,-1,6e340b9cffb37a989ca544e6bb780a2c78901d3fb33738768511a30617afa01d
tfidf_lr,2,single_query,0,198,1,0.048426820000,48.426820000000,-1,6e340b9cffb37a989ca544e6bb780a2c78901d3fb33738768511a30617afa01d
tfidf_lr,2,single_query,0,199,1,0.047172245000,47.172245000000,-1,6e340b9cffb37a989ca544e6bb780a2c78901d3fb33738768511a30617afa01d
tfidf_lr,2,single_query,0,200,1,0.049824657000,49.824657000000,-1,6e340b9cffb37a989ca544e6bb780a2c78901d3fb33738768511a30617afa01d
tfidf_lr,2,single_query,0,201,1,0.050914153000,50.914153000000,1,dbc1b4c900ffe48d575b5da5c638040125f65db0fe3e24494b76ea986457d986
tfidf_lr,2,single_query,0,202,1,0.049958534000,49.958534000000,-1,6e340b9cffb37a989ca544e6bb780a2c78901d3fb33738768511a30617afa01d
tfidf_lr,2,single_query,0,203,1,0.049531851000,49.531851000000,1,dbc1b4c900ffe48d575b5da5c638040125f65db0fe3e24494b76ea986457d986
tfidf_lr,2,single_query,0,204,1,0.047045702000,47.045702000000,1,dbc1b4c900ffe48d575b5da5c638040125f65db0fe3e24494b76ea986457d986
tfidf_lr,2,single_query,0,205,1,0.047212058000,47.212058000000,-1,6e340b9cffb37a989ca544e6bb780a2c78901d3fb33738768511a30617afa01d
tfidf_lr,2,single_query,0,206,1,0.047785699000,47.785699000000,-1,6e340b9cffb37a989ca544e6bb780a2c78901d3fb33738768511a30617afa01d
tfidf_lr,2,single_query,0,207,1,0.048227578000,48.227578000000,1,dbc1b4c900ffe48d575b5da5c638040125f65db0fe3e24494b76ea986457d986
tfidf_lr,2,single_query,0,208,1,0.038557787000,38.557787000000,-1,6e340b9cffb37a989ca544e6bb780a2c78901d3fb33738768511a30617afa01d
tfidf_lr,2,single_query,0,209,1,0.036531223000,36.531223000000,1,dbc1b4c900ffe48d575b5da5c638040125f65db0fe3e24494b76ea986457d986
tfidf_lr,2,single_query,0,210,1,0.039115575000,39.115575000000,-1,6e340b9cffb37a989ca544e6bb780a2c78901d3fb33738768511a30617afa01d
tfidf_lr,2,single_query,0,211,1,0.043608772000,43.608772000000,1,dbc1b4c900ffe48d575b5da5c638040125f65db0fe3e24494b76ea986457d986
tfidf_lr,2,single_query,0,212,1,0.042993559000,42.993559000000,-1,6e340b9cffb37a989ca544e6bb780a2c78901d3fb33738768511a30617afa01d
tfidf_lr,2,single_query,0,213,1,0.029001934000,29.001934000000,1,dbc1b4c900ffe48d575b5da5c638040125f65db0fe3e24494b76ea986457d986
tfidf_lr,2,single_query,0,214,1,0.038935244000,38.935244000000,-1,6e340b9cffb37a989ca544e6bb780a2c78901d3fb33738768511a30617afa01d
tfidf_lr,2,single_query,0,215,1,0.027907321000,27.907321000000,1,dbc1b4c900ffe48d575b5da5c638040125f65db0fe3e24494b76ea986457d986
tfidf_lr,2,single_query,0,216,1,0.040463979000,40.463979000000,-1,6e340b9cffb37a989ca544e6bb780a2c78901d3fb33738768511a30617afa01d
tfidf_lr,2,single_query,0,217,1,0.039162931000,39.162931000000,1,dbc1b4c900ffe48d575b5da5c638040125f65db0fe3e24494b76ea986457d986
tfidf_lr,2,single_query,0,218,1,0.039764668000,39.764668000000,-1,6e340b9cffb37a989ca544e6bb780a2c78901d3fb33738768511a30617afa01d
tfidf_lr,2,single_query,0,219,1,0.033617855000,33.617855000000,-1,6e340b9cffb37a989ca544e6bb780a2c78901d3fb33738768511a30617afa01d
tfidf_lr,2,single_query,0,220,1,0.037465212000,37.465212000000,1,dbc1b4c900ffe48d575b5da5c638040125f65db0fe3e24494b76ea986457d986
tfidf_lr,2,single_query,0,221,1,0.047385619000,47.385619000000,-1,6e340b9cffb37a989ca544e6bb780a2c78901d3fb33738768511a30617afa01d
tfidf_lr,2,single_query,0,222,1,0.045387948000,45.387948000000,1,dbc1b4c900ffe48d575b5da5c638040125f65db0fe3e24494b76ea986457d986
tfidf_lr,2,single_query,0,223,1,0.050020041000,50.020041000000,1,dbc1b4c900ffe48d575b5da5c638040125f65db0fe3e24494b76ea986457d986
tfidf_lr,2,single_query,0,224,1,0.047532930000,47.532930000000,1,dbc1b4c900ffe48d575b5da5c638040125f65db0fe3e24494b76ea986457d986
tfidf_lr,2,single_query,0,225,1,0.047445589000,47.445589000000,1,dbc1b4c900ffe48d575b5da5c638040125f65db0fe3e24494b76ea986457d986
tfidf_lr,2,single_query,0,226,1,0.046983706000,46.983706000000,-1,6e340b9cffb37a989ca544e6bb780a2c78901d3fb33738768511a30617afa01d
tfidf_lr,2,single_query,0,227,1,0.045781998000,45.781998000000,1,dbc1b4c900ffe48d575b5da5c638040125f65db0fe3e24494b76ea986457d986
tfidf_lr,2,single_query,0,228,1,0.049055003000,49.055003000000,-1,6e340b9cffb37a989ca544e6bb780a2c78901d3fb33738768511a30617afa01d
tfidf_lr,2,single_query,0,229,1,0.050916413000,50.916413000000,1,dbc1b4c900ffe48d575b5da5c638040125f65db0fe3e24494b76ea986457d986
tfidf_lr,2,single_query,0,230,1,0.044119208000,44.119208000000,-1,6e340b9cffb37a989ca544e6bb780a2c78901d3fb33738768511a30617afa01d
tfidf_lr,2,single_query,0,231,1,0.048034249000,48.034249000000,-1,6e340b9cffb37a989ca544e6bb780a2c78901d3fb33738768511a30617afa01d
tfidf_lr,2,single_query,0,232,1,0.045913044000,45.913044000000,-1,6e340b9cffb37a989ca544e6bb780a2c78901d3fb33738768511a30617afa01d
tfidf_lr,2,single_query,0,233,1,0.049793879000,49.793879000000,-1,6e340b9cffb37a989ca544e6bb780a2c78901d3fb33738768511a30617afa01d
tfidf_lr,2,single_query,0,234,1,0.042851797000,42.851797000000,-1,6e340b9cffb37a989ca544e6bb780a2c78901d3fb33738768511a30617afa01d
tfidf_lr,2,single_query,0,235,1,0.044142589000,44.142589000000,-1,6e340b9cffb37a989ca544e6bb780a2c78901d3fb33738768511a30617afa01d
tfidf_lr,2,single_query,0,236,1,0.041782706000,41.782706000000,-1,6e340b9cffb37a989ca544e6bb780a2c78901d3fb33738768511a30617afa01d
tfidf_lr,2,single_query,0,237,1,0.041366195000,41.366195000000,-1,6e340b9cffb37a989ca544e6bb780a2c78901d3fb33738768511a30617afa01d
tfidf_lr,2,single_query,0,238,1,0.036545324000,36.545324000000,-1,6e340b9cffb37a989ca544e6bb780a2c78901d3fb33738768511a30617afa01d
tfidf_lr,2,single_query,0,239,1,0.048712114000,48.712114000000,-1,6e340b9cffb37a989ca544e6bb780a2c78901d3fb33738768511a30617afa01d
tfidf_lr,2,single_query,0,240,1,0.048727233000,48.727233000000,-1,6e340b9cffb37a989ca544e6bb780a2c78901d3fb33738768511a30617afa01d
tfidf_lr,2,single_query,0,241,1,0.046790755000,46.790755000000,-1,6e340b9cffb37a989ca544e6bb780a2c78901d3fb33738768511a30617afa01d
tfidf_lr,2,single_query,0,242,1,0.032105788000,32.105788000000,1,dbc1b4c900ffe48d575b5da5c638040125f65db0fe3e24494b76ea986457d986
tfidf_lr,2,single_query,0,243,1,0.036188199000,36.188199000000,-1,6e340b9cffb37a989ca544e6bb780a2c78901d3fb33738768511a30617afa01d
tfidf_lr,2,single_query,0,244,1,0.039092776000,39.092776000000,1,dbc1b4c900ffe48d575b5da5c638040125f65db0fe3e24494b76ea986457d986
tfidf_lr,2,single_query,0,245,1,0.049031333000,49.031333000000,1,dbc1b4c900ffe48d575b5da5c638040125f65db0fe3e24494b76ea986457d986
tfidf_lr,2,single_query,0,246,1,0.043987434000,43.987434000000,-1,6e340b9cffb37a989ca544e6bb780a2c78901d3fb33738768511a30617afa01d
tfidf_lr,2,single_query,0,247,1,0.050665204000,50.665204000000,1,dbc1b4c900ffe48d575b5da5c638040125f65db0fe3e24494b76ea986457d986
tfidf_lr,2,single_query,0,248,1,0.051532596000,51.532596000000,-1,6e340b9cffb37a989ca544e6bb780a2c78901d3fb33738768511a30617afa01d
tfidf_lr,2,single_query,0,249,1,0.045844899000,45.844899000000,-1,6e340b9cffb37a989ca544e6bb780a2c78901d3fb33738768511a30617afa01d
tfidf_lr,2,single_query,0,250,1,0.050752583000,50.752583000000,1,dbc1b4c900ffe48d575b5da5c638040125f65db0fe3e24494b76ea986457d986
tfidf_lr,2,single_query,0,251,1,0.042620988000,42.620988000000,1,dbc1b4c900ffe48d575b5da5c638040125f65db0fe3e24494b76ea986457d986
tfidf_lr,2,single_query,0,252,1,0.035812226000,35.812226000000,-1,6e340b9cffb37a989ca544e6bb780a2c78901d3fb33738768511a30617afa01d
tfidf_lr,2,single_query,0,253,1,0.047934927000,47.934927000000,-1,6e340b9cffb37a989ca544e6bb780a2c78901d3fb33738768511a30617afa01d
tfidf_lr,2,single_query,0,254,1,0.041605908000,41.605908000000,-1,6e340b9cffb37a989ca544e6bb780a2c78901d3fb33738768511a30617afa01d
tfidf_lr,2,single_query,0,255,1,0.038784816000,38.784816000000,-1,6e340b9cffb37a989ca544e6bb780a2c78901d3fb33738768511a30617afa01d
