role,task,run_id,parent,source_children,finite_children,published_unique_edges,status_target_children,status_certified_invalid_children,unknown_status_children,unregistered_missing_slots,validity_dominance_edges,certified_relations,unresolved_relations,source_pair_capacity,published_coverage,certified_coverage,coverage_gain,lost_relation_recovery
extension,aptos2019-blindness-detection,cards_senior_0810.jsonl:17,aptos2019-blindness-detection__0f280e733f534de796b24d599f582c75,2,2,1,0,0,0,0,0,1,0,1,1,1,0,
extension,aptos2019-blindness-detection,cards_senior_0810.jsonl:17,aptos2019-blindness-detection__2928fc16fcb9449e93a1fe257b67a335,2,2,1,0,0,0,0,0,1,0,1,1,1,0,
extension,aptos2019-blindness-detection,cards_senior_0810.jsonl:17,aptos2019-blindness-detection__3623896664eb40fea6d700a35eea795d,2,2,1,0,0,0,0,0,1,0,1,1,1,0,
extension,aptos2019-blindness-detection,cards_senior_0810.jsonl:17,aptos2019-blindness-detection__376fc4ae37454b1fa0921c313f5d9863,2,2,1,0,0,0,0,0,1,0,1,1,1,0,
extension,aptos2019-blindness-detection,cards_senior_0810.jsonl:17,aptos2019-blindness-detection__51eab63676624a61a4f878319fa2dafa,2,2,1,0,0,0,0,0,1,0,1,1,1,0,
extension,aptos2019-blindness-detection,cards_senior_0810.jsonl:17,aptos2019-blindness-detection__53f3e1d390c04a878e58acdfe741dcc0,2,2,1,0,0,0,0,0,1,0,1,1,1,0,
extension,aptos2019-blindness-detection,cards_senior_0810.jsonl:17,aptos2019-blindness-detection__5d2d163173cd4ac69154fe30b7d0eeb9,2,2,1,0,0,0,0,0,1,0,1,1,1,0,
extension,aptos2019-blindness-detection,cards_senior_0810.jsonl:17,aptos2019-blindness-detection__837b72c6f3514a5cbc5970d08ea33623,2,2,1,0,0,0,0,0,1,0,1,1,1,0,
extension,aptos2019-blindness-detection,cards_senior_0810.jsonl:17,aptos2019-blindness-detection__8955d9ca2a1c4d919f238911d7ed9a37,2,2,1,0,0,0,0,0,1,0,1,1,1,0,
extension,aptos2019-blindness-detection,cards_senior_0810.jsonl:17,aptos2019-blindness-detection__bda6291b230643758c17c033f8603b43,2,2,1,0,0,0,0,0,1,0,1,1,1,0,
extension,aptos2019-blindness-detection,cards_senior_0810.jsonl:17,aptos2019-blindness-detection__c6f4af111bd24d4d825334e5cf7181ec,2,2,1,0,0,0,0,0,1,0,1,1,1,0,
extension,dogs-vs-cats-redux-kernels-edition,cards_senior_0811.jsonl:2,dogs-vs-cats-redux-kernels-edition__3581a3e6b81644298fd4ffb1c0503c88,2,2,1,0,0,0,0,0,1,0,1,1,1,0,
extension,dogs-vs-cats-redux-kernels-edition,cards_senior_0811.jsonl:2,dogs-vs-cats-redux-kernels-edition__43ec0ce9d5ec40d69c4670fd71d2b68a,2,2,1,0,0,0,0,0,1,0,1,1,1,0,
extension,dogs-vs-cats-redux-kernels-edition,cards_senior_0811.jsonl:2,dogs-vs-cats-redux-kernels-edition__9c7b085d6f264b938f080beddafc1d90,2,2,1,0,0,0,0,0,1,0,1,1,1,0,
extension,dogs-vs-cats-redux-kernels-edition,cards_senior_0811.jsonl:2,dogs-vs-cats-redux-kernels-edition__de7e30042428415daf9b257ebcdcef5a,2,2,1,0,0,0,0,0,1,0,1,1,1,0,
extension,dogs-vs-cats-redux-kernels-edition,cards_senior_0811.jsonl:2,dogs-vs-cats-redux-kernels-edition__f5ee6847013f4c0b91e481b1421e2d01,2,2,1,0,0,0,0,0,1,0,1,1,1,0,
extension,histopathologic-cancer-detection,cards_senior_0811.jsonl:13,histopathologic-cancer-detection__15c727239350441b8cf67ef816c510a8,2,2,1,0,0,0,0,0,1,0,1,1,1,0,
extension,histopathologic-cancer-detection,cards_senior_0811.jsonl:13,histopathologic-cancer-detection__1ab7e66c4eca460eb4263896f3af4e29,2,2,1,0,0,0,0,0,1,0,1,1,1,0,
extension,histopathologic-cancer-detection,cards_senior_0811.jsonl:13,histopathologic-cancer-detection__38ef99187f3a4413a328f81ec7248e43,2,2,1,0,0,0,0,0,1,0,1,1,1,0,
extension,histopathologic-cancer-detection,cards_senior_0811.jsonl:13,histopathologic-cancer-detection__8afde70436e84cc0a9de3a89f9b1927a,2,2,1,0,0,0,0,0,1,0,1,1,1,0,
extension,histopathologic-cancer-detection,cards_senior_0811.jsonl:13,histopathologic-cancer-detection__dd3a0776e15440e58db8cdcc0a2e86cc,2,2,1,0,0,0,0,0,1,0,1,1,1,0,
extension,leaf-classification,cards_senior_0810.jsonl:35,leaf-classification__0f5c90cdeffb4bf386577a52a99d6aac,3,3,3,0,0,0,0,0,3,0,3,1,1,0,
extension,leaf-classification,cards_senior_0810.jsonl:35,leaf-classification__1460df7f6ee84430909943f239ad4d2a,3,2,1,1,1,0,0,2,3,0,3,0.33333333333333331,1,0.66666666666666663,1
extension,leaf-classification,cards_senior_0810.jsonl:35,leaf-classification__233014a1e95e4eaaae890f51630555ee,3,2,1,1,1,0,0,2,3,0,3,0.33333333333333331,1,0.66666666666666663,1
extension,leaf-classification,cards_senior_0810.jsonl:33,leaf-classification__32e41bb380e0441d8c50df3566b2b8f0,3,2,1,1,1,0,0,2,3,0,3,0.33333333333333331,1,0.66666666666666663,1
extension,leaf-classification,cards_senior_0810.jsonl:33,leaf-classification__3bc738321cea4167959592590ecfe5c5,3,2,1,1,1,0,0,2,3,0,3,0.33333333333333331,1,0.66666666666666663,1
extension,leaf-classification,cards_senior_0810.jsonl:35,leaf-classification__4d9247af417c43c7b7c18b9a225aadc2,3,3,3,0,0,0,0,0,3,0,3,1,1,0,
extension,leaf-classification,cards_senior_0810.jsonl:33,leaf-classification__704af2794e934b64b8f0a6b237a7ef1f,3,2,1,1,1,0,0,2,3,0,3,0.33333333333333331,1,0.66666666666666663,1
extension,leaf-classification,cards_senior_0810.jsonl:33,leaf-classification__8c886e3353974e7da59b9073c4472915,3,3,3,0,0,0,0,0,3,0,3,1,1,0,
extension,leaf-classification,cards_senior_0810.jsonl:33,leaf-classification__96cc8971eead4bcb8d88d97ba8e8a247,3,2,1,1,1,0,0,2,3,0,3,0.33333333333333331,1,0.66666666666666663,1
extension,leaf-classification,cards_senior_0810.jsonl:35,leaf-classification__afcb65c293f445ed89713b9f5ff79270,3,3,3,0,0,0,0,0,3,0,3,1,1,0,
extension,leaf-classification,cards_senior_0810.jsonl:35,leaf-classification__b5d0f41855034bbba4dbce689a228401,3,3,3,0,0,0,0,0,3,0,3,1,1,0,
extension,leaf-classification,cards_senior_0810.jsonl:35,leaf-classification__c19d31586ca94e97be282181da3b229c,3,3,3,0,0,0,0,0,3,0,3,1,1,0,
extension,leaf-classification,cards_senior_0810.jsonl:35,leaf-classification__c3c76c75b7a64038851c46ee7667c9cd,3,3,3,0,0,0,0,0,3,0,3,1,1,0,
extension,leaf-classification,cards_senior_0810.jsonl:35,leaf-classification__cae6b630133043e19040668447047bda,3,2,1,1,1,0,0,2,3,0,3,0.33333333333333331,1,0.66666666666666663,1
extension,leaf-classification,cards_senior_0810.jsonl:33,leaf-classification__ce947918fa2247dfb69a1e186cb22176,3,2,1,1,1,0,0,2,3,0,3,0.33333333333333331,1,0.66666666666666663,1
extension,leaf-classification,cards_senior_0810.jsonl:35,leaf-classification__cf10cdd7f10a4be680a87d85c3e1f679,3,3,3,0,0,0,0,0,3,0,3,1,1,0,
extension,leaf-classification,cards_senior_0810.jsonl:35,leaf-classification__cf1e7f9c77b04ca48577fc8df5b24cc4,3,3,3,0,0,0,0,0,3,0,3,1,1,0,
extension,leaf-classification,cards_senior_0810.jsonl:35,leaf-classification__d9935099a14b4df6bfe2e9db4c004a90,3,2,1,1,1,0,0,2,3,0,3,0.33333333333333331,1,0.66666666666666663,1
extension,leaf-classification,cards_senior_0810.jsonl:35,leaf-classification__e796ab5ed1d44603a2dfb7629bf3a9f9,3,3,3,0,0,0,0,0,3,0,3,1,1,0,
extension,leaf-classification,cards_senior_0810.jsonl:33,leaf-classification__e8f0077f23e64729a8464d7a36c16891,3,2,1,1,1,0,0,2,3,0,3,0.33333333333333331,1,0.66666666666666663,1
extension,learning-agency-lab-automated-essay-scoring-2,cards_senior_0810.jsonl:14,learning-agency-lab-automated-essay-scoring-2__12073ba76d06442a80935cb96431305e,2,2,1,0,0,0,0,0,1,0,1,1,1,0,
extension,learning-agency-lab-automated-essay-scoring-2,cards_senior_0810.jsonl:15,learning-agency-lab-automated-essay-scoring-2__72726deb437d41a2a3d25b54e192b5cc,2,2,1,0,0,0,0,0,1,0,1,1,1,0,
extension,learning-agency-lab-automated-essay-scoring-2,cards_senior_0810.jsonl:14,learning-agency-lab-automated-essay-scoring-2__c192c07a82094cfc8f37f48ac58f5944,2,2,1,0,0,0,0,0,1,0,1,1,1,0,
extension,random-acts-of-pizza,cards_senior_0811.jsonl:26,random-acts-of-pizza__07dd321814b0405caf62fcfe7c16b05b,2,2,1,0,0,0,0,0,1,0,1,1,1,0,
extension,random-acts-of-pizza,cards_senior_0811.jsonl:23,random-acts-of-pizza__0a798669f591449f8998753ace8bc24e,2,2,1,0,0,0,0,0,1,0,1,1,1,0,
extension,random-acts-of-pizza,cards_senior_0811.jsonl:26,random-acts-of-pizza__0b501426cf404fbc84f85d21bae2c355,2,2,1,0,0,0,0,0,1,0,1,1,1,0,
extension,random-acts-of-pizza,cards_senior_0810.jsonl:25,random-acts-of-pizza__0ee21bb6847e425e8585f7b4b9a779bb,3,3,3,0,0,0,0,0,3,0,3,1,1,0,
extension,random-acts-of-pizza,cards_senior_0811.jsonl:23,random-acts-of-pizza__11b89f55baff44ed9fe567ce41f7e0ec,2,2,1,0,0,0,0,0,1,0,1,1,1,0,
extension,random-acts-of-pizza,cards_senior_0811.jsonl:23,random-acts-of-pizza__1949ce21a4fe4862bed6b020d39f3cf6,2,2,1,0,0,0,0,0,1,0,1,1,1,0,
extension,random-acts-of-pizza,cards_senior_0811.jsonl:23,random-acts-of-pizza__1f19e1b172964b4d9e36f0f031c952ec,2,2,1,0,0,0,0,0,1,0,1,1,1,0,
extension,random-acts-of-pizza,cards_senior_0811.jsonl:23,random-acts-of-pizza__2325c3a2259342f5b0bd3c72e5131b9d,2,2,1,0,0,0,0,0,1,0,1,1,1,0,
extension,random-acts-of-pizza,cards_senior_0811.jsonl:23,random-acts-of-pizza__250cc7e1cf8945898f5edac91e32ceee,2,2,1,0,0,0,0,0,1,0,1,1,1,0,
extension,random-acts-of-pizza,cards_senior_0811.jsonl:26,random-acts-of-pizza__26324878815a4ac7ab2f4fd130bd64e2,2,2,1,0,0,0,0,0,1,0,1,1,1,0,
extension,random-acts-of-pizza,cards_senior_0811.jsonl:23,random-acts-of-pizza__304e80c8ff8e4e24a84b85464794899e,2,2,1,0,0,0,0,0,1,0,1,1,1,0,
extension,random-acts-of-pizza,cards_senior_0811.jsonl:26,random-acts-of-pizza__376924c4dee3411d9cd4583cb26afe01,2,2,1,0,0,0,0,0,1,0,1,1,1,0,
extension,random-acts-of-pizza,cards_senior_0811.jsonl:23,random-acts-of-pizza__3b8342e0c1c740f393ef3094990152fc,2,2,1,0,0,0,0,0,1,0,1,1,1,0,
extension,random-acts-of-pizza,cards_senior_0811.jsonl:23,random-acts-of-pizza__3deb2edb1f664d118a8eeb7edf839fb3,2,2,1,0,0,0,0,0,1,0,1,1,1,0,
extension,random-acts-of-pizza,cards_senior_0811.jsonl:23,random-acts-of-pizza__3e0d8b27de0843eaa6bced585b75ef18,2,2,1,0,0,0,0,0,1,0,1,1,1,0,
extension,random-acts-of-pizza,cards_senior_0811.jsonl:23,random-acts-of-pizza__3f8215bb11d44b84a36dce32f33ba89e,2,2,1,0,0,0,0,0,1,0,1,1,1,0,
extension,random-acts-of-pizza,cards_senior_0811.jsonl:23,random-acts-of-pizza__41991600638b492f853ea3cbebcacf72,2,2,1,0,0,0,0,0,1,0,1,1,1,0,
extension,random-acts-of-pizza,cards_senior_0811.jsonl:26,random-acts-of-pizza__4975636731524a3b901e9c6b2e62d4c3,2,2,1,0,0,0,0,0,1,0,1,1,1,0,
extension,random-acts-of-pizza,cards_senior_0811.jsonl:23,random-acts-of-pizza__4b966be9afe54af7b71d4daba1f9c31f,2,2,1,0,0,0,0,0,1,0,1,1,1,0,
extension,random-acts-of-pizza,cards_senior_0811.jsonl:26,random-acts-of-pizza__51e25c727220425bac766ca09317c077,2,2,1,0,0,0,0,0,1,0,1,1,1,0,
extension,random-acts-of-pizza,cards_senior_0811.jsonl:26,random-acts-of-pizza__5b6269f90b8649aaa32d72c28a79a63e,2,2,1,0,0,0,0,0,1,0,1,1,1,0,
extension,random-acts-of-pizza,cards_senior_0811.jsonl:23,random-acts-of-pizza__5cbb6773ace24a32ab8db5f812fa2ff2,2,2,1,0,0,0,0,0,1,0,1,1,1,0,
extension,random-acts-of-pizza,cards_senior_0811.jsonl:26,random-acts-of-pizza__5e570669bf414316bb8e85b844c31fa1,2,2,1,0,0,0,0,0,1,0,1,1,1,0,
extension,random-acts-of-pizza,cards_senior_0811.jsonl:26,random-acts-of-pizza__66af2585043140598cd2af5c32f0e0b9,2,2,1,0,0,0,0,0,1,0,1,1,1,0,
extension,random-acts-of-pizza,cards_senior_0810.jsonl:25,random-acts-of-pizza__69b44b72b8c1428f92f3b9377489d9bc,3,2,1,1,1,0,0,2,3,0,3,0.33333333333333331,1,0.66666666666666663,1
extension,random-acts-of-pizza,cards_senior_0811.jsonl:26,random-acts-of-pizza__6b9af04acbf84e3f90951131cf492b17,2,2,1,0,0,0,0,0,1,0,1,1,1,0,
extension,random-acts-of-pizza,cards_senior_0811.jsonl:23,random-acts-of-pizza__70a235c22f1f4cc9981884527cc315e9,2,2,1,0,0,0,0,0,1,0,1,1,1,0,
extension,random-acts-of-pizza,cards_senior_0811.jsonl:26,random-acts-of-pizza__71f9eb80d93445ea97f1d8e6fedcfd6a,2,2,1,0,0,0,0,0,1,0,1,1,1,0,
extension,random-acts-of-pizza,cards_senior_0811.jsonl:26,random-acts-of-pizza__733dad47be024614a94a4c9c9c540e35,2,2,1,0,0,0,0,0,1,0,1,1,1,0,
extension,random-acts-of-pizza,cards_senior_0811.jsonl:26,random-acts-of-pizza__7be84bd4270f4b928b12da0d53f45d36,2,2,1,0,0,0,0,0,1,0,1,1,1,0,
extension,random-acts-of-pizza,cards_senior_0811.jsonl:23,random-acts-of-pizza__7c183fc8c9fd45d181da624cc01b3973,2,2,1,0,0,0,0,0,1,0,1,1,1,0,
extension,random-acts-of-pizza,cards_senior_0811.jsonl:23,random-acts-of-pizza__7ef6f4478d774080af6962d5f0944543,2,2,1,0,0,0,0,0,1,0,1,1,1,0,
extension,random-acts-of-pizza,cards_senior_0811.jsonl:23,random-acts-of-pizza__8bd241e7bf5f46c3b2c8c7695650d197,2,2,1,0,0,0,0,0,1,0,1,1,1,0,
extension,random-acts-of-pizza,cards_senior_0811.jsonl:26,random-acts-of-pizza__8fc8fbd7f7924793b29ef5063af9148c,2,2,1,0,0,0,0,0,1,0,1,1,1,0,
extension,random-acts-of-pizza,cards_senior_0811.jsonl:23,random-acts-of-pizza__9a9d1ce7266a407ba2c4ceaabe739261,2,2,1,0,0,0,0,0,1,0,1,1,1,0,
extension,random-acts-of-pizza,cards_senior_0811.jsonl:23,random-acts-of-pizza__9cd1433260fc42e8b0e167321f8b4cf8,2,2,1,0,0,0,0,0,1,0,1,1,1,0,
extension,random-acts-of-pizza,cards_senior_0811.jsonl:23,random-acts-of-pizza__9e614862db0c4011959af8a23450b754,2,2,1,0,0,0,0,0,1,0,1,1,1,0,
extension,random-acts-of-pizza,cards_senior_0811.jsonl:26,random-acts-of-pizza__9fae52ef768244839482d7ad9ab8eb92,2,2,1,0,0,0,0,0,1,0,1,1,1,0,
extension,random-acts-of-pizza,cards_senior_0811.jsonl:26,random-acts-of-pizza__a9901939e3ac47b3807d5c505ce466c3,2,2,1,0,0,0,0,0,1,0,1,1,1,0,
extension,random-acts-of-pizza,cards_senior_0811.jsonl:23,random-acts-of-pizza__af8c2b7d70fd460e91dcb4bb63343c85,2,2,1,0,0,0,0,0,1,0,1,1,1,0,
extension,random-acts-of-pizza,cards_senior_0811.jsonl:23,random-acts-of-pizza__b0e2c994e6c040bc81c5f6ffb324e967,2,2,1,0,0,0,0,0,1,0,1,1,1,0,
extension,random-acts-of-pizza,cards_senior_0811.jsonl:23,random-acts-of-pizza__c16fa73a54184a0bb0f8cab2b39e212c,2,2,1,0,0,0,0,0,1,0,1,1,1,0,
extension,random-acts-of-pizza,cards_senior_0811.jsonl:23,random-acts-of-pizza__c58ad95288ac4eb08e5f2735a6a1d595,2,2,1,0,0,0,0,0,1,0,1,1,1,0,
extension,random-acts-of-pizza,cards_senior_0811.jsonl:23,random-acts-of-pizza__c7e552b48c1b40adb2ae5349ce9a3df0,2,2,1,0,0,0,0,0,1,0,1,1,1,0,
extension,random-acts-of-pizza,cards_senior_0811.jsonl:23,random-acts-of-pizza__d16befea6343474890cc22c573dd2b0e,2,2,1,0,0,0,0,0,1,0,1,1,1,0,
extension,random-acts-of-pizza,cards_senior_0811.jsonl:23,random-acts-of-pizza__d27da3e3c5e6489ea0d54c679333a516,2,2,1,0,0,0,0,0,1,0,1,1,1,0,
extension,random-acts-of-pizza,cards_senior_0811.jsonl:23,random-acts-of-pizza__d652ab13551844e0bb1bcb0fc2dec6bc,2,2,1,0,0,0,0,0,1,0,1,1,1,0,
extension,random-acts-of-pizza,cards_senior_0811.jsonl:23,random-acts-of-pizza__dc9e699f00914e0ab02ac09fb285afe6,2,2,1,0,0,0,0,0,1,0,1,1,1,0,
extension,random-acts-of-pizza,cards_senior_0811.jsonl:23,random-acts-of-pizza__e1f6b128dfb24054b24f8aeda2dddced,2,2,1,0,0,0,0,0,1,0,1,1,1,0,
extension,random-acts-of-pizza,cards_senior_0811.jsonl:23,random-acts-of-pizza__ea74bd9e3c074b829854afca33c72328,2,2,1,0,0,0,0,0,1,0,1,1,1,0,
extension,random-acts-of-pizza,cards_senior_0811.jsonl:23,random-acts-of-pizza__f162a0a7ab894d68b4e95c686fcc2009,2,2,1,0,0,0,0,0,1,0,1,1,1,0,
extension,random-acts-of-pizza,cards_senior_0811.jsonl:23,random-acts-of-pizza__f4c016ea7859486c902930c3efb1104d,2,2,1,0,0,0,0,0,1,0,1,1,1,0,
extension,random-acts-of-pizza,cards_senior_0811.jsonl:26,random-acts-of-pizza__f7125b96f3e04494953370410349362e,2,2,1,0,0,0,0,0,1,0,1,1,1,0,
extension,random-acts-of-pizza,cards_senior_0811.jsonl:23,random-acts-of-pizza__fb2885c4f7c34e3e8adbae250f5e1ea9,2,2,1,0,0,0,0,0,1,0,1,1,1,0,
extension,random-acts-of-pizza,cards_senior_0811.jsonl:23,random-acts-of-pizza__fb652f86b4bf44d5be76867a9db88034,2,2,1,0,0,0,0,0,1,0,1,1,1,0,
extension,random-acts-of-pizza,cards_senior_0811.jsonl:23,random-acts-of-pizza__fb896fac25214210b5e0389f8372a827,2,2,1,0,0,0,0,0,1,0,1,1,1,0,
extension,random-acts-of-pizza,cards_senior_0811.jsonl:26,random-acts-of-pizza__fc4afb1d08b443b3a0e08b68322471aa,2,2,1,0,0,0,0,0,1,0,1,1,1,0,
extension,random-acts-of-pizza,cards_senior_0811.jsonl:23,random-acts-of-pizza__feb4a42ce941424e8dffb8c1f152a15e,2,2,1,0,0,0,0,0,1,0,1,1,1,0,
extension,tabular-playground-series-may-2022,cards_senior_0810.jsonl:18,tabular-playground-series-may-2022__2a5947ab88d84a3084d3dd186a367f46,2,2,1,0,0,0,0,0,1,0,1,1,1,0,
extension,tabular-playground-series-may-2022,cards_senior_0810.jsonl:18,tabular-playground-series-may-2022__328127fea71045cbb36ba34dc982183c,2,2,1,0,0,0,0,0,1,0,1,1,1,0,
extension,tabular-playground-series-may-2022,cards_senior_0810.jsonl:18,tabular-playground-series-may-2022__93241bde8c704a348e48e22ab39bbfd5,2,2,1,0,0,0,0,0,1,0,1,1,1,0,
extension,text-normalization-challenge-russian-language,cards_senior_0810.jsonl:27,text-normalization-challenge-russian-language__18f2c1c3b36a460084b611b56b72d679,2,2,1,0,0,0,0,0,1,0,1,1,1,0,
extension,text-normalization-challenge-russian-language,cards_senior_0810.jsonl:30,text-normalization-challenge-russian-language__437f6dee0cce4002938cacf9bcdbb419,2,2,1,0,0,0,0,0,1,0,1,1,1,0,
extension,text-normalization-challenge-russian-language,cards_senior_0810.jsonl:30,text-normalization-challenge-russian-language__88aeea3c1fb44a598dd46e5dd3349722,2,2,1,0,0,0,0,0,1,0,1,1,1,0,
extension,text-normalization-challenge-russian-language,cards_senior_0810.jsonl:27,text-normalization-challenge-russian-language__a830f4a9ac7a4cae9343cc7017014a0a,2,2,1,0,0,0,0,0,1,0,1,1,1,0,
extension,text-normalization-challenge-russian-language,cards_senior_0810.jsonl:27,text-normalization-challenge-russian-language__ae891c02ce6048cea2d584314ba08605,2,2,1,0,0,0,0,0,1,0,1,1,1,0,
extension,text-normalization-challenge-russian-language,cards_senior_0810.jsonl:27,text-normalization-challenge-russian-language__efac5accc60643588f6f16b4a2afbeeb,2,2,1,0,0,0,0,0,1,0,1,1,1,0,
extension,us-patent-phrase-to-phrase-matching,cards_senior_0810.jsonl:4,us-patent-phrase-to-phrase-matching__c2bfd57bec894fd2b0fd923d0085be2a,2,2,1,0,0,0,0,0,1,0,1,1,1,0,
extension,whale-categorization-playground,cards_senior_0811.jsonl:36,whale-categorization-playground__b1709ae3700743eb9872b2b99c6c67c7,2,2,1,0,0,0,0,0,1,0,1,1,1,0,
extension,whale-categorization-playground,cards_senior_0811.jsonl:36,whale-categorization-playground__c44c5022c0224e88a352c2a987d3adf8,2,2,1,0,0,0,0,0,1,0,1,1,1,0,
frozen,aptos2019-blindness-detection,cards_senior_0808.jsonl:15,aptos2019-blindness-detection__044427099a514d8aa845913a420376e5,2,2,1,0,0,0,0,0,1,0,1,1,1,0,
frozen,aptos2019-blindness-detection,cards_senior_0808.jsonl:15,aptos2019-blindness-detection__108e578cb82f4500bd72b4560595279a,2,2,1,0,0,0,0,0,1,0,1,1,1,0,
frozen,aptos2019-blindness-detection,cards_senior_0808.jsonl:15,aptos2019-blindness-detection__1d51bf57f34c451ea98e5a156f12e815,2,2,1,0,0,0,0,0,1,0,1,1,1,0,
frozen,aptos2019-blindness-detection,cards_senior_0808.jsonl:15,aptos2019-blindness-detection__2ff7e0c613b2426c9c73a3b16640b631,2,2,1,0,0,0,0,0,1,0,1,1,1,0,
frozen,aptos2019-blindness-detection,cards_senior_0808.jsonl:15,aptos2019-blindness-detection__3cb96f0046cd43fa86cdae619aea6a7d,2,2,1,0,0,0,0,0,1,0,1,1,1,0,
frozen,aptos2019-blindness-detection,cards_senior_0808.jsonl:15,aptos2019-blindness-detection__3f95f2ef59484355870391b85f1e7af3,2,2,1,0,0,0,0,0,1,0,1,1,1,0,
frozen,aptos2019-blindness-detection,cards_senior_0808.jsonl:15,aptos2019-blindness-detection__41c89580d5314eb8a1db64f91a3371c5,2,2,1,0,0,0,0,0,1,0,1,1,1,0,
frozen,aptos2019-blindness-detection,cards_senior_0808.jsonl:15,aptos2019-blindness-detection__5ced81221eca4a61a060580ba78f939c,2,2,1,0,0,0,0,0,1,0,1,1,1,0,
frozen,aptos2019-blindness-detection,cards_senior_0808.jsonl:15,aptos2019-blindness-detection__61dd2301b4cc42b4a72af46fe8834343,2,2,1,0,0,0,0,0,1,0,1,1,1,0,
frozen,aptos2019-blindness-detection,cards_senior_0808.jsonl:15,aptos2019-blindness-detection__6f22c02fcd8e4e069d858159305c10e3,2,2,1,0,0,0,0,0,1,0,1,1,1,0,
frozen,aptos2019-blindness-detection,cards_senior_0808.jsonl:15,aptos2019-blindness-detection__7fbdf1604295407cbfc0139f0a0ba2c3,2,2,1,0,0,0,0,0,1,0,1,1,1,0,
frozen,aptos2019-blindness-detection,cards_senior_0808.jsonl:15,aptos2019-blindness-detection__83f80329974f4954b54d019d889b6bd0,2,2,1,0,0,0,0,0,1,0,1,1,1,0,
frozen,aptos2019-blindness-detection,cards_senior_0808.jsonl:15,aptos2019-blindness-detection__94599c815bff43e887e0467dbf1ccc1d,2,2,1,0,0,0,0,0,1,0,1,1,1,0,
frozen,aptos2019-blindness-detection,cards_senior_0808.jsonl:15,aptos2019-blindness-detection__98ab5a96c99440a599f381eef5bc96e6,2,2,1,0,0,0,0,0,1,0,1,1,1,0,
frozen,aptos2019-blindness-detection,cards_senior_0808.jsonl:15,aptos2019-blindness-detection__a1ec45ee93e745f18fad089482851709,2,2,1,0,0,0,0,0,1,0,1,1,1,0,
frozen,aptos2019-blindness-detection,cards_senior_0808.jsonl:15,aptos2019-blindness-detection__a2269a608c5048d3a47731a84eed7985,2,2,1,0,0,0,0,0,1,0,1,1,1,0,
frozen,aptos2019-blindness-detection,cards_senior_0808.jsonl:15,aptos2019-blindness-detection__a7c24b4b456240b7bca440971a010685,2,2,1,0,0,0,0,0,1,0,1,1,1,0,
frozen,aptos2019-blindness-detection,cards_senior_0808.jsonl:15,aptos2019-blindness-detection__c28bd5270c0c462d92e15ea6b4ca7422,2,2,1,0,0,0,0,0,1,0,1,1,1,0,
frozen,aptos2019-blindness-detection,cards_senior_0808.jsonl:15,aptos2019-blindness-detection__d7d9e6aaecb54e429f152f94173f3cc1,2,2,1,0,0,0,0,0,1,0,1,1,1,0,
frozen,chaii-hindi-and-tamil-question-answering,cards_senior_0801.jsonl:18,chaii-hindi-and-tamil-question-answering__0a98eb202c8b43ea901e700701ee6c2b,3,3,3,0,0,0,0,0,3,0,3,1,1,0,
frozen,chaii-hindi-and-tamil-question-answering,cards_senior_0801.jsonl:13,chaii-hindi-and-tamil-question-answering__18f3e97d651041f98c46c5b9e00d3910,3,3,3,0,0,0,0,0,3,0,3,1,1,0,
frozen,chaii-hindi-and-tamil-question-answering,cards_senior_0728.jsonl:13,chaii-hindi-and-tamil-question-answering__211dc7b5c70d4a1fa75515aebc02266e,5,2,1,3,3,0,0,6,7,3,10,0.10000000000000001,0.69999999999999996,0.59999999999999998,0.66666666666666663
frozen,chaii-hindi-and-tamil-question-answering,cards_senior_0801.jsonl:13,chaii-hindi-and-tamil-question-answering__3820269dfbf5473f892b1bdce9893fe5,3,3,3,0,0,0,0,0,3,0,3,1,1,0,
frozen,chaii-hindi-and-tamil-question-answering,cards_senior_0801.jsonl:18,chaii-hindi-and-tamil-question-answering__3b40dae9dd094d9e87f2b339a3290b56,3,3,3,0,0,0,0,0,3,0,3,1,1,0,
frozen,chaii-hindi-and-tamil-question-answering,cards_senior_0801.jsonl:13,chaii-hindi-and-tamil-question-answering__40fcb7b2606a44bb9e94a037297a64cc,3,2,1,1,1,0,0,2,3,0,3,0.33333333333333331,1,0.66666666666666663,1
frozen,chaii-hindi-and-tamil-question-answering,cards_senior_0801.jsonl:13,chaii-hindi-and-tamil-question-answering__423774455699417db23af7d08ef5e3fa,3,2,1,1,1,0,0,2,3,0,3,0.33333333333333331,1,0.66666666666666663,1
frozen,chaii-hindi-and-tamil-question-answering,cards_senior_0801.jsonl:18,chaii-hindi-and-tamil-question-answering__45625d0619914dceacddf1853c1aad97,3,3,3,0,0,0,0,0,3,0,3,1,1,0,
frozen,chaii-hindi-and-tamil-question-answering,cards_senior_0801.jsonl:18,chaii-hindi-and-tamil-question-answering__4ca4af763b1248ba823e5963c0d616ed,3,3,3,0,0,0,0,0,3,0,3,1,1,0,
frozen,chaii-hindi-and-tamil-question-answering,cards_senior_0801.jsonl:18,chaii-hindi-and-tamil-question-answering__4f53d7ec0a9a4cf493e0b830f2ea81f1,3,3,3,0,0,0,0,0,3,0,3,1,1,0,
frozen,chaii-hindi-and-tamil-question-answering,cards_senior_0801.jsonl:18,chaii-hindi-and-tamil-question-answering__5d0ed2ed05c0444d9cb5b339be9fdc76,3,2,1,1,1,0,0,2,3,0,3,0.33333333333333331,1,0.66666666666666663,1
frozen,chaii-hindi-and-tamil-question-answering,cards_senior_0801.jsonl:13,chaii-hindi-and-tamil-question-answering__859755a3dccf447cbe49d1ab8a718158,3,3,3,0,0,0,0,0,3,0,3,1,1,0,
frozen,chaii-hindi-and-tamil-question-answering,cards_senior_0801.jsonl:18,chaii-hindi-and-tamil-question-answering__9cede7716318423c9a2d881fe9c3a98f,3,2,1,1,1,0,0,2,3,0,3,0.33333333333333331,1,0.66666666666666663,1
frozen,chaii-hindi-and-tamil-question-answering,cards_senior_0801.jsonl:13,chaii-hindi-and-tamil-question-answering__a678bc5e8eab476494fed2bf58113117,3,2,1,1,1,0,0,2,3,0,3,0.33333333333333331,1,0.66666666666666663,1
frozen,chaii-hindi-and-tamil-question-answering,cards_senior_0801.jsonl:13,chaii-hindi-and-tamil-question-answering__b0c088c600d64c4987f812ed667b33b2,3,2,1,1,1,0,0,2,3,0,3,0.33333333333333331,1,0.66666666666666663,1
frozen,chaii-hindi-and-tamil-question-answering,cards_senior_0801.jsonl:18,chaii-hindi-and-tamil-question-answering__b2ad93da8c144c78b743ca04be0b9076,3,2,1,1,1,0,0,2,3,0,3,0.33333333333333331,1,0.66666666666666663,1
frozen,chaii-hindi-and-tamil-question-answering,cards_senior_0801.jsonl:13,chaii-hindi-and-tamil-question-answering__c31a1c3b91a14ef5afef98719da1d101,3,3,3,0,0,0,0,0,3,0,3,1,1,0,
frozen,chaii-hindi-and-tamil-question-answering,cards_senior_0801.jsonl:18,chaii-hindi-and-tamil-question-answering__cbe405cf5c2e48e8ab6dbb29f814b88e,3,3,3,0,0,0,0,0,3,0,3,1,1,0,
frozen,chaii-hindi-and-tamil-question-answering,cards_senior_0728.jsonl:13,chaii-hindi-and-tamil-question-answering__d470c4dab7bf42e39e7c7e5e230c04a2,5,3,3,0,0,0,2,0,3,7,10,0.29999999999999999,0.29999999999999999,0,0
frozen,chaii-hindi-and-tamil-question-answering,cards_ours_20260727.jsonl:173,chaii-hindi-and-tamil-question-answering__e43679e8e9bf4481a179b114ac9c8c5e,4,2,1,0,0,0,2,0,1,5,6,0.16666666666666666,0.16666666666666666,0,0
frozen,chaii-hindi-and-tamil-question-answering,cards_senior_0801.jsonl:13,chaii-hindi-and-tamil-question-answering__f05efa5bb9ac4788b908cb07e0fb4d7b,3,2,1,1,1,0,0,2,3,0,3,0.33333333333333331,1,0.66666666666666663,1
frozen,chaii-hindi-and-tamil-question-answering,cards_senior_0801.jsonl:13,chaii-hindi-and-tamil-question-answering__f887c77b02734a859e6d4079a556e4ea,3,2,1,1,1,0,0,2,3,0,3,0.33333333333333331,1,0.66666666666666663,1
frozen,denoising-dirty-documents,cards_senior_0731.jsonl:13,denoising-dirty-documents__033f1f41cef04bd590777cae52380df8,2,2,1,0,0,0,0,0,1,0,1,1,1,0,
frozen,denoising-dirty-documents,cards_senior_0804.jsonl:23,denoising-dirty-documents__3f15dea796044d05a16fd6e273d740d8,2,2,1,0,0,0,0,0,1,0,1,1,1,0,
frozen,denoising-dirty-documents,cards_senior_0804.jsonl:24,denoising-dirty-documents__436f9afcdb584fc9b0081d29a0cda9dd,2,2,1,0,0,0,0,0,1,0,1,1,1,0,
frozen,denoising-dirty-documents,cards_senior_0804.jsonl:23,denoising-dirty-documents__4cb4122fb9814bf884cdafecf62298e9,2,2,1,0,0,0,0,0,1,0,1,1,1,0,
frozen,denoising-dirty-documents,cards_senior_0731.jsonl:13,denoising-dirty-documents__5d4712c1d63b42ec9a307ba145c859f2,2,2,1,0,0,0,0,0,1,0,1,1,1,0,
frozen,denoising-dirty-documents,cards_senior_0731.jsonl:13,denoising-dirty-documents__6dd95edcab0e45559bb741b08b038a76,2,2,1,0,0,0,0,0,1,0,1,1,1,0,
frozen,denoising-dirty-documents,cards_senior_0804.jsonl:24,denoising-dirty-documents__768d5d6dbdbd49b6b6db6eb1c31cfa8b,2,2,1,0,0,0,0,0,1,0,1,1,1,0,
frozen,denoising-dirty-documents,cards_senior_0727.jsonl:11,denoising-dirty-documents__7c4d34506bc543ae9e8b3506503d15ed,2,2,1,0,0,0,0,0,1,0,1,1,1,0,
frozen,denoising-dirty-documents,cards_senior_0804.jsonl:22,denoising-dirty-documents__917007f73d2646bdbc4abdf8289faf28,2,2,1,0,0,0,0,0,1,0,1,1,1,0,
frozen,denoising-dirty-documents,cards_senior_0731.jsonl:13,denoising-dirty-documents__9ae54f31fa5043d6bf6288f9b2b031c2,2,2,1,0,0,0,0,0,1,0,1,1,1,0,
frozen,denoising-dirty-documents,cards_senior_0804.jsonl:23,denoising-dirty-documents__a692c81ccfd543acb1245f84867a158c,2,2,1,0,0,0,0,0,1,0,1,1,1,0,
frozen,denoising-dirty-documents,cards_senior_0727.jsonl:11,denoising-dirty-documents__ced9b66826334e169b3a6f5ed4e19ef7,2,2,1,0,0,0,0,0,1,0,1,1,1,0,
frozen,denoising-dirty-documents,cards_senior_0731.jsonl:13,denoising-dirty-documents__dee39489ceb240ffabbd9e9f3e2deb47,2,2,1,0,0,0,0,0,1,0,1,1,1,0,
frozen,denoising-dirty-documents,cards_senior_0804.jsonl:24,denoising-dirty-documents__e8ac693c1f134f9fbede2c6e3b7605cf,2,2,1,0,0,0,0,0,1,0,1,1,1,0,
frozen,denoising-dirty-documents,cards_senior_0727.jsonl:16,denoising-dirty-documents__ec447d8baa434d0faf493d69c4e88a48,2,2,1,0,0,0,0,0,1,0,1,1,1,0,
frozen,denoising-dirty-documents,cards_senior_0731.jsonl:13,denoising-dirty-documents__fa4eee2f776a44efb0fe1e4e15339553,2,2,1,0,0,0,0,0,1,0,1,1,1,0,
frozen,dog-breed-identification,cards_senior_0808.jsonl:24,dog-breed-identification__061b80afabdc40f79f5b4182e1656825,2,2,1,0,0,0,0,0,1,0,1,1,1,0,
frozen,dog-breed-identification,cards_senior_0806.jsonl:18,dog-breed-identification__097e42dd114e444b97c843f8130b07e9,2,2,1,0,0,0,0,0,1,0,1,1,1,0,
frozen,dog-breed-identification,cards_senior_0808.jsonl:24,dog-breed-identification__0c1baac94111446f906aab2ec6a80422,2,2,1,0,0,0,0,0,1,0,1,1,1,0,
frozen,dog-breed-identification,cards_senior_0801.jsonl:20,dog-breed-identification__1910514d44bd4110a3ba0eacfca762e5,3,2,1,1,1,0,0,2,3,0,3,0.33333333333333331,1,0.66666666666666663,1
frozen,dog-breed-identification,cards_senior_0801.jsonl:26,dog-breed-identification__2bf120e0c55548efbc8dbdfbd37c2d8c,5,2,1,0,0,0,3,0,1,9,10,0.10000000000000001,0.10000000000000001,0,0
frozen,dog-breed-identification,cards_senior_0801.jsonl:26,dog-breed-identification__3d3ebe15092146818669454479a97e19,5,2,1,3,3,0,0,6,7,3,10,0.10000000000000001,0.69999999999999996,0.59999999999999998,0.66666666666666663
frozen,dog-breed-identification,cards_senior_0806.jsonl:18,dog-breed-identification__463b2062f28a4a27aacc584675524606,2,2,1,0,0,0,0,0,1,0,1,1,1,0,
frozen,dog-breed-identification,cards_senior_0806.jsonl:18,dog-breed-identification__464565ad0112429987ef44936af81841,2,2,1,0,0,0,0,0,1,0,1,1,1,0,
frozen,dog-breed-identification,cards_senior_0808.jsonl:24,dog-breed-identification__4de7c0dcb820440fada4f6b020510299,2,2,1,0,0,0,0,0,1,0,1,1,1,0,
frozen,dog-breed-identification,cards_senior_0806.jsonl:18,dog-breed-identification__53a458c45c694b7aa789998877119393,2,2,1,0,0,0,0,0,1,0,1,1,1,0,
frozen,dog-breed-identification,cards_senior_0806.jsonl:18,dog-breed-identification__56ee7f19b73e4df09e13dc3c19aa3eb4,2,2,1,0,0,0,0,0,1,0,1,1,1,0,
frozen,dog-breed-identification,cards_senior_0801.jsonl:26,dog-breed-identification__622e26325566430b9b8d8045cf93e820,5,4,6,1,1,0,0,4,10,0,10,0.59999999999999998,1,0.40000000000000002,1
frozen,dog-breed-identification,cards_senior_0801.jsonl:20,dog-breed-identification__65c444b74455426faa676c28653c4c88,3,3,3,0,0,0,0,0,3,0,3,1,1,0,
frozen,dog-breed-identification,cards_senior_0806.jsonl:18,dog-breed-identification__779ea6ce54cb46bcad000482ad038e4e,2,2,1,0,0,0,0,0,1,0,1,1,1,0,
frozen,dog-breed-identification,cards_senior_0806.jsonl:18,dog-breed-identification__7aac4d7dfb1941b4bbf532eae668aac9,2,2,1,0,0,0,0,0,1,0,1,1,1,0,
frozen,dog-breed-identification,cards_senior_0808.jsonl:24,dog-breed-identification__808fc57c0441429d8120829f519703c1,2,2,1,0,0,0,0,0,1,0,1,1,1,0,
frozen,dog-breed-identification,cards_senior_0801.jsonl:26,dog-breed-identification__817cf3a5ab204cc2bd58e6b850fda3f9,5,5,10,0,0,0,0,0,10,0,10,1,1,0,
frozen,dog-breed-identification,cards_senior_0806.jsonl:18,dog-breed-identification__856f283769c440f4a34afa57b2852072,2,2,1,0,0,0,0,0,1,0,1,1,1,0,
frozen,dog-breed-identification,cards_senior_0806.jsonl:18,dog-breed-identification__91fbc02f0a554820963b28fc654ecb11,2,2,1,0,0,0,0,0,1,0,1,1,1,0,
frozen,dog-breed-identification,cards_senior_0804.jsonl:11,dog-breed-identification__967d8716913a4f938c5a83b192029ba5,2,2,1,0,0,0,0,0,1,0,1,1,1,0,
frozen,dog-breed-identification,cards_senior_0804.jsonl:11,dog-breed-identification__999690f06b02476482bd999c2dadc95d,2,2,1,0,0,0,0,0,1,0,1,1,1,0,
frozen,dog-breed-identification,cards_senior_0806.jsonl:18,dog-breed-identification__a668d4fcd7804632be0206468cc28fa5,2,2,1,0,0,0,0,0,1,0,1,1,1,0,
frozen,dog-breed-identification,cards_senior_0804.jsonl:11,dog-breed-identification__c1b280c7b3e445f7af978bb9e6b7eae5,2,2,1,0,0,0,0,0,1,0,1,1,1,0,
frozen,dog-breed-identification,cards_senior_0804.jsonl:11,dog-breed-identification__dae48334619d484d8e263bfaf59bcdb0,2,2,1,0,0,0,0,0,1,0,1,1,1,0,
frozen,dog-breed-identification,cards_senior_0804.jsonl:11,dog-breed-identification__e49d2ed8292b4430ae931b0390a54ae1,2,2,1,0,0,0,0,0,1,0,1,1,1,0,
frozen,dog-breed-identification,cards_senior_0806.jsonl:18,dog-breed-identification__e65b2cef9a71425fbdc9349232dcc8c7,2,2,1,0,0,0,0,0,1,0,1,1,1,0,
frozen,dog-breed-identification,cards_senior_0804.jsonl:11,dog-breed-identification__eeb6c004e5d342c98caad49486184d5a,2,2,1,0,0,0,0,0,1,0,1,1,1,0,
frozen,dog-breed-identification,cards_senior_0806.jsonl:18,dog-breed-identification__fb4f24e98b0c45e996318695768e4d1b,2,2,1,0,0,0,0,0,1,0,1,1,1,0,
frozen,google-quest-challenge,cards_senior_0806.jsonl:8,google-quest-challenge__09e3c19539104671ae6c7ac3d25ba513,2,2,1,0,0,0,0,0,1,0,1,1,1,0,
frozen,google-quest-challenge,cards_senior_0806.jsonl:8,google-quest-challenge__19eecb25197d4dd9a476bc3cd71607be,2,2,1,0,0,0,0,0,1,0,1,1,1,0,
frozen,google-quest-challenge,cards_senior_0806.jsonl:8,google-quest-challenge__1c1aec3b863643dd9307932c7377648d,2,2,1,0,0,0,0,0,1,0,1,1,1,0,
frozen,google-quest-challenge,cards_senior_0731.jsonl:8,google-quest-challenge__54d5e9cda21a4099a4d5c8a5900b642d,2,2,1,0,0,0,0,0,1,0,1,1,1,0,
frozen,google-quest-challenge,cards_senior_0731.jsonl:8,google-quest-challenge__59d05421af854a3ebf13a049f852fca7,2,2,1,0,0,0,0,0,1,0,1,1,1,0,
frozen,google-quest-challenge,cards_senior_0731.jsonl:8,google-quest-challenge__5bbb739e789e4195ab45d5c9d9e4ef0e,2,2,1,0,0,0,0,0,1,0,1,1,1,0,
frozen,google-quest-challenge,cards_senior_0731.jsonl:8,google-quest-challenge__8e38b975a0ba4981aab002e90319efe6,2,2,1,0,0,0,0,0,1,0,1,1,1,0,
frozen,google-quest-challenge,cards_senior_0731.jsonl:8,google-quest-challenge__9c121e84fa5a451e87b48f608b215dd4,2,2,1,0,0,0,0,0,1,0,1,1,1,0,
frozen,google-quest-challenge,cards_senior_0731.jsonl:8,google-quest-challenge__9f74747856c543728a41fbad7c6faf26,2,2,1,0,0,0,0,0,1,0,1,1,1,0,
frozen,google-quest-challenge,cards_senior_0731.jsonl:8,google-quest-challenge__af65cdfcccea47739bbbd7014fb7f5d6,2,2,1,0,0,0,0,0,1,0,1,1,1,0,
frozen,google-quest-challenge,cards_senior_0731.jsonl:8,google-quest-challenge__c6bcf4dcfb1a4235976968c45b14d258,2,2,1,0,0,0,0,0,1,0,1,1,1,0,
frozen,google-quest-challenge,cards_senior_0806.jsonl:9,google-quest-challenge__d7a7c594a31741a6a4701da6c86481f8,2,2,1,0,0,0,0,0,1,0,1,1,1,0,
frozen,google-quest-challenge,cards_senior_0806.jsonl:8,google-quest-challenge__e90cc6af413d460cb63d26347e36638e,2,2,1,0,0,0,0,0,1,0,1,1,1,0,
frozen,histopathologic-cancer-detection,cards_senior_0806.jsonl:10,histopathologic-cancer-detection__22f8d965ab424d9695cf80f479ec4de8,2,2,1,0,0,0,0,0,1,0,1,1,1,0,
frozen,histopathologic-cancer-detection,cards_senior_0806.jsonl:10,histopathologic-cancer-detection__23c1cdf64df24290904afcee9ad73e45,2,2,1,0,0,0,0,0,1,0,1,1,1,0,
frozen,histopathologic-cancer-detection,cards_senior_0806.jsonl:10,histopathologic-cancer-detection__41ba27dda87747e9ac8fa0e96fe68c20,2,2,1,0,0,0,0,0,1,0,1,1,1,0,
frozen,histopathologic-cancer-detection,cards_senior_0801.jsonl:24,histopathologic-cancer-detection__425d0d42dc434065a218f01ffdb5db6a,2,2,1,0,0,0,0,0,1,0,1,1,1,0,
frozen,histopathologic-cancer-detection,cards_senior_0801.jsonl:24,histopathologic-cancer-detection__481d1b31584442d6bf359b43bde403bb,2,2,1,0,0,0,0,0,1,0,1,1,1,0,
frozen,histopathologic-cancer-detection,cards_senior_0806.jsonl:10,histopathologic-cancer-detection__4b579b4343eb4c80b860433bcc654b70,2,2,1,0,0,0,0,0,1,0,1,1,1,0,
frozen,histopathologic-cancer-detection,cards_senior_0806.jsonl:10,histopathologic-cancer-detection__4f6107be774a459187160a41b518de73,2,2,1,0,0,0,0,0,1,0,1,1,1,0,
frozen,histopathologic-cancer-detection,cards_senior_0806.jsonl:10,histopathologic-cancer-detection__600458c567144418a47a48d15d657105,2,2,1,0,0,0,0,0,1,0,1,1,1,0,
frozen,histopathologic-cancer-detection,cards_senior_0806.jsonl:10,histopathologic-cancer-detection__650e49df630f45bfadc400d07f7e6c87,2,2,1,0,0,0,0,0,1,0,1,1,1,0,
frozen,histopathologic-cancer-detection,cards_senior_0801.jsonl:24,histopathologic-cancer-detection__6f7451aca3c64706ac1ede8862a709d0,2,2,1,0,0,0,0,0,1,0,1,1,1,0,
frozen,histopathologic-cancer-detection,cards_senior_0806.jsonl:10,histopathologic-cancer-detection__77ef7b99a6c84914a7e8e68782da9ecf,2,2,1,0,0,0,0,0,1,0,1,1,1,0,
frozen,histopathologic-cancer-detection,cards_senior_0801.jsonl:24,histopathologic-cancer-detection__8a0e78d876394d71830dae0eede5a864,2,2,1,0,0,0,0,0,1,0,1,1,1,0,
frozen,histopathologic-cancer-detection,cards_senior_0806.jsonl:10,histopathologic-cancer-detection__97e610fda53a416baac1d829d98c003d,2,2,1,0,0,0,0,0,1,0,1,1,1,0,
frozen,histopathologic-cancer-detection,cards_senior_0806.jsonl:10,histopathologic-cancer-detection__98cf872eaab74ad1bb005946db839741,2,2,1,0,0,0,0,0,1,0,1,1,1,0,
frozen,histopathologic-cancer-detection,cards_senior_0801.jsonl:24,histopathologic-cancer-detection__c5d83c0297b6434d9d52a9e2a06252ca,2,2,1,0,0,0,0,0,1,0,1,1,1,0,
frozen,histopathologic-cancer-detection,cards_senior_0806.jsonl:10,histopathologic-cancer-detection__c758508dd0004845a80827ded669cb37,2,2,1,0,0,0,0,0,1,0,1,1,1,0,
frozen,histopathologic-cancer-detection,cards_senior_0806.jsonl:10,histopathologic-cancer-detection__d789f5c8a58b4958b8636b8d6bfa29b8,2,2,1,0,0,0,0,0,1,0,1,1,1,0,
frozen,histopathologic-cancer-detection,cards_senior_0806.jsonl:10,histopathologic-cancer-detection__e1ec3e2958a048889c997a01e1810e73,2,2,1,0,0,0,0,0,1,0,1,1,1,0,
frozen,histopathologic-cancer-detection,cards_senior_0806.jsonl:10,histopathologic-cancer-detection__efb40807eb264f158bb2ad2db1ac0432,2,2,1,0,0,0,0,0,1,0,1,1,1,0,
frozen,kuzushiji-recognition,cards_senior_0806.jsonl:13,kuzushiji-recognition__121ed223cdb04e059635cad9a797bd87,2,2,1,0,0,0,0,0,1,0,1,1,1,0,
frozen,kuzushiji-recognition,cards_senior_0806.jsonl:13,kuzushiji-recognition__1c6e90a573bc42dabab7a01ec626d2db,2,2,1,0,0,0,0,0,1,0,1,1,1,0,
frozen,kuzushiji-recognition,cards_senior_0804.jsonl:10,kuzushiji-recognition__4dd7be980ff84ddba2cf9058c2885427,2,2,1,0,0,0,0,0,1,0,1,1,1,0,
frozen,kuzushiji-recognition,cards_senior_0806.jsonl:13,kuzushiji-recognition__ad92a6e36fda4465b4ac7e307e5a71cb,2,2,1,0,0,0,0,0,1,0,1,1,1,0,
frozen,kuzushiji-recognition,cards_senior_0804.jsonl:10,kuzushiji-recognition__eeaa6bfc07634ea58702ac333e168a6a,2,2,1,0,0,0,0,0,1,0,1,1,1,0,
frozen,leaf-classification,cards_senior_0808.jsonl:34,leaf-classification__0012a07f48b648679734623e5e3acbee,3,2,1,1,1,0,0,2,3,0,3,0.33333333333333331,1,0.66666666666666663,1
frozen,leaf-classification,cards_senior_0809.jsonl:29,leaf-classification__042811d9cee249bc8784a1205240effc,3,3,3,0,0,0,0,0,3,0,3,1,1,0,
frozen,leaf-classification,cards_senior_0808.jsonl:33,leaf-classification__04ab1a90eab841ddb77c99d84c5e1463,3,3,3,0,0,0,0,0,3,0,3,1,1,0,
frozen,leaf-classification,cards_senior_0809.jsonl:29,leaf-classification__0ae8ce22f03b4f6a9574346b6c65eba1,3,2,1,1,1,0,0,2,3,0,3,0.33333333333333331,1,0.66666666666666663,1
frozen,leaf-classification,cards_senior_0808.jsonl:34,leaf-classification__0bfa5ea150ca478b8a8874b36f3f866e,3,2,1,1,1,0,0,2,3,0,3,0.33333333333333331,1,0.66666666666666663,1
frozen,leaf-classification,cards_senior_0809.jsonl:29,leaf-classification__0eff4a8d8d58484eabb0cc718310ff96,3,3,3,0,0,0,0,0,3,0,3,1,1,0,
frozen,leaf-classification,cards_senior_0809.jsonl:29,leaf-classification__108e7b11e0a14d6f89bd4a0a6411f412,3,3,3,0,0,0,0,0,3,0,3,1,1,0,
frozen,leaf-classification,cards_senior_0809.jsonl:29,leaf-classification__174d36d5cda04da6b0a7f572a9e895db,3,3,3,0,0,0,0,0,3,0,3,1,1,0,
frozen,leaf-classification,cards_senior_0808.jsonl:34,leaf-classification__1949c263e6834d96b700bf1b85bccdd2,3,2,1,1,1,0,0,2,3,0,3,0.33333333333333331,1,0.66666666666666663,1
frozen,leaf-classification,cards_senior_0808.jsonl:33,leaf-classification__1a6dc8393eec475db22b6602432c49f6,3,3,3,0,0,0,0,0,3,0,3,1,1,0,
frozen,leaf-classification,cards_senior_0809.jsonl:29,leaf-classification__1ffd5bd5bee24ded87bb31d6f5b4d531,3,3,3,0,0,0,0,0,3,0,3,1,1,0,
frozen,leaf-classification,cards_senior_0808.jsonl:34,leaf-classification__207d56ea875a4208898688d3872e442a,3,2,1,0,0,0,1,0,1,2,3,0.33333333333333331,0.33333333333333331,0,0
frozen,leaf-classification,cards_senior_0808.jsonl:34,leaf-classification__239c7e7b1c754e3c964e2a79deca5005,3,3,3,0,0,0,0,0,3,0,3,1,1,0,
frozen,leaf-classification,cards_senior_0808.jsonl:34,leaf-classification__26ee4dba580f46d3825b942af1e09519,3,3,3,0,0,0,0,0,3,0,3,1,1,0,
frozen,leaf-classification,cards_senior_0808.jsonl:33,leaf-classification__2709541b00bc4ff0aecdea7757afebcf,3,3,3,0,0,0,0,0,3,0,3,1,1,0,
frozen,leaf-classification,cards_senior_0808.jsonl:34,leaf-classification__287bc129fff442279416073282971a49,3,3,3,0,0,0,0,0,3,0,3,1,1,0,
frozen,leaf-classification,cards_senior_0808.jsonl:34,leaf-classification__2d5146b6239f46fb855c536ddc7a4c4e,3,3,3,0,0,0,0,0,3,0,3,1,1,0,
frozen,leaf-classification,cards_senior_0808.jsonl:34,leaf-classification__31c8ab1a88c5417389ae7e751003fb78,3,2,1,1,1,0,0,2,3,0,3,0.33333333333333331,1,0.66666666666666663,1
frozen,leaf-classification,cards_gen2A.jsonl:2,leaf-classification__32156c0e26e6412f90723fadb823eff9,5,2,1,0,0,0,3,0,1,9,10,0.10000000000000001,0.10000000000000001,0,0
frozen,leaf-classification,cards_senior_0808.jsonl:34,leaf-classification__36bfcfdc3a1645b18e5ad591c8f143cc,3,2,1,1,1,0,0,2,3,0,3,0.33333333333333331,1,0.66666666666666663,1
frozen,leaf-classification,cards_senior_0809.jsonl:29,leaf-classification__3ad15dac3d844364aedc567a075daa94,3,3,3,0,0,0,0,0,3,0,3,1,1,0,
frozen,leaf-classification,cards_senior_0808.jsonl:34,leaf-classification__3c164f72f3244432b38a52ea18357921,3,3,2,0,0,0,0,0,2,1,3,0.66666666666666663,0.66666666666666663,0,0
frozen,leaf-classification,cards_senior_0809.jsonl:29,leaf-classification__3fa3ec31c049414e8e4cf0eb127282e7,3,2,1,1,1,0,0,2,3,0,3,0.33333333333333331,1,0.66666666666666663,1
frozen,leaf-classification,cards_senior_0808.jsonl:34,leaf-classification__40cb2640e1b24ccbb9582d3ca7a35380,3,2,1,1,1,0,0,2,3,0,3,0.33333333333333331,1,0.66666666666666663,1
frozen,leaf-classification,cards_senior_0808.jsonl:34,leaf-classification__40d52335da5248a79a0b5a7d23af8700,3,3,3,0,0,0,0,0,3,0,3,1,1,0,
frozen,leaf-classification,cards_senior_0808.jsonl:34,leaf-classification__454402ea10654b1d8140624f99755929,3,3,3,0,0,0,0,0,3,0,3,1,1,0,
frozen,leaf-classification,cards_senior_0809.jsonl:29,leaf-classification__49b99c1baad84a3ba9beaaf325a05e6b,3,3,3,0,0,0,0,0,3,0,3,1,1,0,
frozen,leaf-classification,cards_senior_0808.jsonl:34,leaf-classification__4bb840eacbbe4f469d78814f813849d3,3,3,3,0,0,0,0,0,3,0,3,1,1,0,
frozen,leaf-classification,cards_senior_0808.jsonl:34,leaf-classification__4bf2c1183aa24f4d96fe01a09c3ceaa3,3,2,1,1,1,0,0,2,3,0,3,0.33333333333333331,1,0.66666666666666663,1
frozen,leaf-classification,cards_senior_0808.jsonl:33,leaf-classification__4ffe47237be742ae96d1c4b0549bb356,3,2,1,1,1,0,0,2,3,0,3,0.33333333333333331,1,0.66666666666666663,1
frozen,leaf-classification,cards_senior_0808.jsonl:34,leaf-classification__53d92f4eb83e46d4b43354bf09442175,3,2,1,1,1,0,0,2,3,0,3,0.33333333333333331,1,0.66666666666666663,1
frozen,leaf-classification,cards_senior_0808.jsonl:34,leaf-classification__552e783028d54cfc81949afc50a151c6,3,3,3,0,0,0,0,0,3,0,3,1,1,0,
frozen,leaf-classification,cards_senior_0809.jsonl:29,leaf-classification__5aa4106bba3841ea95d55950dc71cce5,3,2,1,1,1,0,0,2,3,0,3,0.33333333333333331,1,0.66666666666666663,1
frozen,leaf-classification,cards_senior_0808.jsonl:33,leaf-classification__5cc7177cc4364bd7aab3f36282599acd,3,3,3,0,0,0,0,0,3,0,3,1,1,0,
frozen,leaf-classification,cards_senior_0809.jsonl:29,leaf-classification__5f24716507b240d291a8b7692f8cfc54,3,3,2,0,0,0,0,0,2,1,3,0.66666666666666663,0.66666666666666663,0,0
frozen,leaf-classification,cards_senior_0808.jsonl:34,leaf-classification__6ab44b6035424b84aa5f92009d7da965,3,2,1,1,1,0,0,2,3,0,3,0.33333333333333331,1,0.66666666666666663,1
frozen,leaf-classification,cards_senior_0809.jsonl:29,leaf-classification__6d4b0498dcef4961839fb101d6a89a01,3,2,1,1,1,0,0,2,3,0,3,0.33333333333333331,1,0.66666666666666663,1
frozen,leaf-classification,cards_senior_0808.jsonl:34,leaf-classification__7595451f51254ebcb9e54c52c63593e7,3,2,1,1,1,0,0,2,3,0,3,0.33333333333333331,1,0.66666666666666663,1
frozen,leaf-classification,cards_senior_0808.jsonl:34,leaf-classification__7b7a74d922c54c70aa220e4cb7bc9f33,3,3,3,0,0,0,0,0,3,0,3,1,1,0,
frozen,leaf-classification,cards_senior_0808.jsonl:34,leaf-classification__7d219aca5c52468f8b6e5e8e8b1e7e40,3,3,3,0,0,0,0,0,3,0,3,1,1,0,
frozen,leaf-classification,cards_senior_0808.jsonl:34,leaf-classification__80ac578e7f104c35a0f86cda5f13e648,3,3,3,0,0,0,0,0,3,0,3,1,1,0,
frozen,leaf-classification,cards_senior_0808.jsonl:34,leaf-classification__831313bb1d19422bba5785265d2a45ba,3,2,1,1,1,0,0,2,3,0,3,0.33333333333333331,1,0.66666666666666663,1
frozen,leaf-classification,cards_senior_0808.jsonl:34,leaf-classification__86cdec7852aa407e8a23a953ebda74e3,3,3,3,0,0,0,0,0,3,0,3,1,1,0,
frozen,leaf-classification,cards_senior_0808.jsonl:34,leaf-classification__8c89f19d44c14329b7289aaed3f5adc7,3,3,3,0,0,0,0,0,3,0,3,1,1,0,
frozen,leaf-classification,cards_senior_0808.jsonl:33,leaf-classification__8d613d315033481d990dc9c0af53620a,3,3,3,0,0,0,0,0,3,0,3,1,1,0,
frozen,leaf-classification,cards_senior_0809.jsonl:29,leaf-classification__8db50c12dd924f88b2ac05fe89a4f8c4,3,3,2,0,0,0,0,0,2,1,3,0.66666666666666663,0.66666666666666663,0,0
frozen,leaf-classification,cards_senior_0808.jsonl:34,leaf-classification__946ae523ffdb4120a1a072fc0d00fb6f,3,3,3,0,0,0,0,0,3,0,3,1,1,0,
frozen,leaf-classification,cards_senior_0808.jsonl:34,leaf-classification__96faab3986234667bd61bf86208af4cb,3,2,1,1,1,0,0,2,3,0,3,0.33333333333333331,1,0.66666666666666663,1
frozen,leaf-classification,cards_senior_0808.jsonl:34,leaf-classification__96fee8d2d9914cd5a16de7d098e0bf53,3,3,3,0,0,0,0,0,3,0,3,1,1,0,
frozen,leaf-classification,cards_senior_0808.jsonl:33,leaf-classification__973b641dde264984ad45ccdd3b2ab57b,3,3,3,0,0,0,0,0,3,0,3,1,1,0,
frozen,leaf-classification,cards_senior_0808.jsonl:34,leaf-classification__99d757c2ddf2432db19a250628b37ec5,3,2,1,1,1,0,0,2,3,0,3,0.33333333333333331,1,0.66666666666666663,1
frozen,leaf-classification,cards_senior_0808.jsonl:33,leaf-classification__9e797e7d88774cb7a05dab4c10a3efbf,3,2,1,1,1,0,0,2,3,0,3,0.33333333333333331,1,0.66666666666666663,1
frozen,leaf-classification,cards_senior_0808.jsonl:34,leaf-classification__9f1083e2f084472cbed6e8d6cf30856b,3,3,3,0,0,0,0,0,3,0,3,1,1,0,
frozen,leaf-classification,cards_senior_0808.jsonl:33,leaf-classification__a806ba52151a4ee186378d45bf1fa348,3,2,1,1,1,0,0,2,3,0,3,0.33333333333333331,1,0.66666666666666663,1
frozen,leaf-classification,cards_senior_0808.jsonl:34,leaf-classification__abb6a7ed63e348e7805b34c2a0b2b18a,3,3,3,0,0,0,0,0,3,0,3,1,1,0,
frozen,leaf-classification,cards_senior_0808.jsonl:34,leaf-classification__abd955fe1fad4d7a9b4bac2c62a6b1ae,3,2,1,1,1,0,0,2,3,0,3,0.33333333333333331,1,0.66666666666666663,1
frozen,leaf-classification,cards_senior_0808.jsonl:33,leaf-classification__ade244faabec42c89a94227563b6a9d7,3,2,1,1,1,0,0,2,3,0,3,0.33333333333333331,1,0.66666666666666663,1
frozen,leaf-classification,cards_senior_0808.jsonl:34,leaf-classification__ae2b292ebc4047d7a1b74ff58c8dd92f,3,2,1,1,1,0,0,2,3,0,3,0.33333333333333331,1,0.66666666666666663,1
frozen,leaf-classification,cards_senior_0808.jsonl:33,leaf-classification__af69d10505f747aea9d2875aa856083e,3,3,3,0,0,0,0,0,3,0,3,1,1,0,
frozen,leaf-classification,cards_gen2VALb.jsonl:2,leaf-classification__afbdba34c7684f4c9e8c44f64ea1d00b,5,2,1,0,0,0,3,0,1,9,10,0.10000000000000001,0.10000000000000001,0,0
frozen,leaf-classification,cards_senior_0808.jsonl:33,leaf-classification__b122ee658b30491aa36e74915bd208c6,3,3,3,0,0,0,0,0,3,0,3,1,1,0,
frozen,leaf-classification,cards_senior_0808.jsonl:33,leaf-classification__b3af4dfbb9f642b09317bbe728c9d549,3,3,3,0,0,0,0,0,3,0,3,1,1,0,
frozen,leaf-classification,cards_senior_0809.jsonl:29,leaf-classification__b3c51a78003d432fa7b0441c53eaf816,3,2,1,1,1,0,0,2,3,0,3,0.33333333333333331,1,0.66666666666666663,1
frozen,leaf-classification,cards_senior_0808.jsonl:33,leaf-classification__b8dbff6b000a47fe955b5e817d3edf91,3,3,3,0,0,0,0,0,3,0,3,1,1,0,
frozen,leaf-classification,cards_senior_0808.jsonl:34,leaf-classification__bd4c738440f54d8b92453ac5ad94cd25,3,2,1,1,1,0,0,2,3,0,3,0.33333333333333331,1,0.66666666666666663,1
frozen,leaf-classification,cards_gen2VALb.jsonl:2,leaf-classification__be5cc337725f4b9bbdc810ea02b432d2,5,2,1,3,3,0,0,6,7,3,10,0.10000000000000001,0.69999999999999996,0.59999999999999998,0.66666666666666663
frozen,leaf-classification,cards_senior_0808.jsonl:33,leaf-classification__c13819cd6d79478394460acaa871a6ef,3,2,1,1,1,0,0,2,3,0,3,0.33333333333333331,1,0.66666666666666663,1
frozen,leaf-classification,cards_gen2A.jsonl:2,leaf-classification__c2e854a8d3754386b374691b945dff15,5,3,3,2,2,0,0,6,9,1,10,0.29999999999999999,0.90000000000000002,0.59999999999999998,0.8571428571428571
frozen,leaf-classification,cards_senior_0809.jsonl:29,leaf-classification__ca92ef08c86c436ea018155355596576,3,2,1,1,1,0,0,2,3,0,3,0.33333333333333331,1,0.66666666666666663,1
frozen,leaf-classification,cards_senior_0808.jsonl:34,leaf-classification__cb7fb716d40741a3b858da44a0366786,3,3,3,0,0,0,0,0,3,0,3,1,1,0,
frozen,leaf-classification,cards_senior_0808.jsonl:34,leaf-classification__d7f05a7d1c444f3b83fc5cb5e0070510,3,2,1,1,1,0,0,2,3,0,3,0.33333333333333331,1,0.66666666666666663,1
frozen,leaf-classification,cards_senior_0808.jsonl:33,leaf-classification__db06b2da6ec84430a062bf2510a812a4,3,2,1,1,1,0,0,2,3,0,3,0.33333333333333331,1,0.66666666666666663,1
frozen,leaf-classification,cards_senior_0808.jsonl:33,leaf-classification__dcbd52534c9f475cb270eafcebdbf094,3,3,3,0,0,0,0,0,3,0,3,1,1,0,
frozen,leaf-classification,cards_senior_0808.jsonl:34,leaf-classification__df3f91acf8b047899bb136e5aecfc365,3,2,1,1,1,0,0,2,3,0,3,0.33333333333333331,1,0.66666666666666663,1
frozen,leaf-classification,cards_senior_0808.jsonl:33,leaf-classification__e5ac7939ab8d4d0a8a9697aa7c1bb0b4,3,3,3,0,0,0,0,0,3,0,3,1,1,0,
frozen,leaf-classification,cards_senior_0808.jsonl:34,leaf-classification__e62dc12205464f889b9c0538d6088bc6,3,2,1,1,1,0,0,2,3,0,3,0.33333333333333331,1,0.66666666666666663,1
frozen,leaf-classification,cards_senior_0809.jsonl:29,leaf-classification__e8508adf1c994de3b383266caac70e0b,3,3,3,0,0,0,0,0,3,0,3,1,1,0,
frozen,leaf-classification,cards_senior_0808.jsonl:34,leaf-classification__ea105dc3b1834e7aa7e086e43596d265,3,2,1,1,1,0,0,2,3,0,3,0.33333333333333331,1,0.66666666666666663,1
frozen,leaf-classification,cards_senior_0808.jsonl:33,leaf-classification__ea82fe0b3ab34ef7867ad41bd4f18071,3,3,3,0,0,0,0,0,3,0,3,1,1,0,
frozen,leaf-classification,cards_senior_0808.jsonl:34,leaf-classification__ed3a6634278647cf87e88a5b36182571,3,3,3,0,0,0,0,0,3,0,3,1,1,0,
frozen,leaf-classification,cards_senior_0808.jsonl:34,leaf-classification__ee501d742baa4e5eb3737e1746896c43,3,3,3,0,0,0,0,0,3,0,3,1,1,0,
frozen,leaf-classification,cards_senior_0808.jsonl:34,leaf-classification__eed56a4de8c846d199c496cea22662c6,3,2,1,1,1,0,0,2,3,0,3,0.33333333333333331,1,0.66666666666666663,1
frozen,leaf-classification,cards_senior_0808.jsonl:34,leaf-classification__f0411bcb7c8d46b38b6395c0a137f9fd,3,3,3,0,0,0,0,0,3,0,3,1,1,0,
frozen,leaf-classification,cards_senior_0808.jsonl:34,leaf-classification__f18880da993c4c54ab0dec0708d0a8f4,3,2,1,1,1,0,0,2,3,0,3,0.33333333333333331,1,0.66666666666666663,1
frozen,leaf-classification,cards_senior_0809.jsonl:29,leaf-classification__f92436522cf848bea2841673b09bd5a1,3,3,3,0,0,0,0,0,3,0,3,1,1,0,
frozen,leaf-classification,cards_senior_0808.jsonl:33,leaf-classification__fa1daa88a9224346bf4d1026d5890717,3,3,3,0,0,0,0,0,3,0,3,1,1,0,
frozen,leaf-classification,cards_senior_0808.jsonl:34,leaf-classification__fb4ffa056ea2449a88b7a75f863cbfd6,3,3,3,0,0,0,0,0,3,0,3,1,1,0,
frozen,leaf-classification,cards_senior_0808.jsonl:33,leaf-classification__fc1a4fb5b3cd4cedafd1b81e84071adf,3,2,1,1,1,0,0,2,3,0,3,0.33333333333333331,1,0.66666666666666663,1
frozen,learning-agency-lab-automated-essay-scoring-2,cards_senior_0803.jsonl:3,learning-agency-lab-automated-essay-scoring-2__507578e20ae54b25bdde6dc425eafa7d,3,2,1,1,0,1,0,0,1,2,3,0.33333333333333331,0.33333333333333331,0,0
frozen,learning-agency-lab-automated-essay-scoring-2,cards_senior_0803.jsonl:6,learning-agency-lab-automated-essay-scoring-2__77aac523f90d4cf5afe2eaa03733a189,3,2,1,1,0,1,0,0,1,2,3,0.33333333333333331,0.33333333333333331,0,0
frozen,learning-agency-lab-automated-essay-scoring-2,cards_senior_0808.jsonl:8,learning-agency-lab-automated-essay-scoring-2__bfdd0bd143fd4cb4ab9357441b7b4d6f,3,2,1,0,0,0,1,0,1,2,3,0.33333333333333331,0.33333333333333331,0,0
frozen,learning-agency-lab-automated-essay-scoring-2,cards_senior_0803.jsonl:3,learning-agency-lab-automated-essay-scoring-2__d7d7b2c80bc34005a0fec4fc67053498,3,3,3,0,0,0,0,0,3,0,3,1,1,0,
frozen,learning-agency-lab-automated-essay-scoring-2,cards_senior_0803.jsonl:6,learning-agency-lab-automated-essay-scoring-2__dcadeabb3745444b84238b4e3b4bf557,3,2,1,0,0,0,1,0,1,2,3,0.33333333333333331,0.33333333333333331,0,0
frozen,learning-agency-lab-automated-essay-scoring-2,cards_senior_0803.jsonl:3,learning-agency-lab-automated-essay-scoring-2__e98c27a1655f4bbda2fc621ba07c232c,3,2,1,1,0,1,0,0,1,2,3,0.33333333333333331,0.33333333333333331,0,0
frozen,mlsp-2013-birds,cards_senior_0726.jsonl:10,mlsp-2013-birds__05b08354c4b4425f8a7bd7041e52d22e,5,2,1,3,3,0,0,6,7,3,10,0.10000000000000001,0.69999999999999996,0.59999999999999998,0.66666666666666663
frozen,mlsp-2013-birds,cards_senior_0805seq.jsonl:14,mlsp-2013-birds__0d443aa769364ba395952a253ef61960,3,2,1,1,0,1,0,0,1,2,3,0.33333333333333331,0.33333333333333331,0,0
frozen,mlsp-2013-birds,cards_senior_0805seq.jsonl:14,mlsp-2013-birds__0fc2d31afb624704abec2707145e41c2,3,2,1,1,0,1,0,0,1,2,3,0.33333333333333331,0.33333333333333331,0,0
frozen,mlsp-2013-birds,cards_senior_0726.jsonl:10,mlsp-2013-birds__0fe30a1faf0c4e6fa96d5c0f5cd6a5e9,5,3,3,2,2,0,0,6,9,1,10,0.29999999999999999,0.90000000000000002,0.59999999999999998,0.8571428571428571
frozen,mlsp-2013-birds,cards_senior_0805seq.jsonl:15,mlsp-2013-birds__134ec804687e4aa9b4a8fd4a7f07011a,3,2,1,1,0,1,0,0,1,2,3,0.33333333333333331,0.33333333333333331,0,0
frozen,mlsp-2013-birds,cards_senior_0802.jsonl:4,mlsp-2013-birds__2769232c51e84a049fbac928ea213b2b,5,5,10,0,0,0,0,0,10,0,10,1,1,0,
frozen,mlsp-2013-birds,cards_senior_0802.jsonl:4,mlsp-2013-birds__2d82d79adb47473e907e8f34ad15cdb2,5,5,10,0,0,0,0,0,10,0,10,1,1,0,
frozen,mlsp-2013-birds,cards_senior_0728.jsonl:18,mlsp-2013-birds__2e5b1f9edf4b45c5b907c4c22b33eabd,3,3,3,0,0,0,0,0,3,0,3,1,1,0,
frozen,mlsp-2013-birds,cards_senior_0802.jsonl:4,mlsp-2013-birds__3089deb7b5a4409a94f002caadefebdc,5,3,3,2,0,2,0,0,3,7,10,0.29999999999999999,0.29999999999999999,0,0
frozen,mlsp-2013-birds,cards_senior_0802.jsonl:4,mlsp-2013-birds__35246c86f5b347e18d24e0558af31250,5,2,1,3,0,3,0,0,1,9,10,0.10000000000000001,0.10000000000000001,0,0
frozen,mlsp-2013-birds,cards_senior_0802.jsonl:4,mlsp-2013-birds__3f1b6baa29ee48bfba34b73ebe2933b6,5,5,10,0,0,0,0,0,10,0,10,1,1,0,
frozen,mlsp-2013-birds,cards_senior_0726.jsonl:10,mlsp-2013-birds__4c8104c4b14c4ab29f4c726a5fb99a7b,5,2,1,3,3,0,0,6,7,3,10,0.10000000000000001,0.69999999999999996,0.59999999999999998,0.66666666666666663
frozen,mlsp-2013-birds,cards_senior_0726.jsonl:10,mlsp-2013-birds__5c488535319e494c9944773f9016d969,5,2,1,3,3,0,0,6,7,3,10,0.10000000000000001,0.69999999999999996,0.59999999999999998,0.66666666666666663
frozen,mlsp-2013-birds,cards_senior_0726.jsonl:10,mlsp-2013-birds__66b70ed89f0447e780301a59570246e6,5,2,1,3,3,0,0,6,7,3,10,0.10000000000000001,0.69999999999999996,0.59999999999999998,0.66666666666666663
frozen,mlsp-2013-birds,cards_senior_0802.jsonl:4,mlsp-2013-birds__67150d6912d0412b979180a3c708d580,5,3,3,2,0,2,0,0,3,7,10,0.29999999999999999,0.29999999999999999,0,0
frozen,mlsp-2013-birds,cards_senior_0728.jsonl:18,mlsp-2013-birds__74952d27166343eaab2fd69f4cd00f4f,3,2,1,1,1,0,0,2,3,0,3,0.33333333333333331,1,0.66666666666666663,1
frozen,mlsp-2013-birds,cards_senior_0802.jsonl:4,mlsp-2013-birds__75a16daee2784d7dab8fe6b3d6df2d80,5,3,3,2,0,2,0,0,3,7,10,0.29999999999999999,0.29999999999999999,0,0
frozen,mlsp-2013-birds,cards_senior_0728.jsonl:18,mlsp-2013-birds__90f132b316fa4cf98cf1e5efee710b89,3,3,3,0,0,0,0,0,3,0,3,1,1,0,
frozen,mlsp-2013-birds,cards_senior_0728.jsonl:18,mlsp-2013-birds__94d50c99631a4de9bd5ad23ba0c77e32,3,2,1,1,1,0,0,2,3,0,3,0.33333333333333331,1,0.66666666666666663,1
frozen,mlsp-2013-birds,cards_senior_0728.jsonl:18,mlsp-2013-birds__9af45fe0713c4dbf98106478ca388f29,3,2,1,1,1,0,0,2,3,0,3,0.33333333333333331,1,0.66666666666666663,1
frozen,mlsp-2013-birds,cards_senior_0726.jsonl:10,mlsp-2013-birds__a3d4cf87b642402590cbcf548dd8f288,5,3,3,2,2,0,0,6,9,1,10,0.29999999999999999,0.90000000000000002,0.59999999999999998,0.8571428571428571
frozen,mlsp-2013-birds,cards_senior_0728.jsonl:18,mlsp-2013-birds__b02e332c2f8f4e6ca162849e4e995802,3,2,1,1,1,0,0,2,3,0,3,0.33333333333333331,1,0.66666666666666663,1
frozen,mlsp-2013-birds,cards_senior_0802.jsonl:4,mlsp-2013-birds__b8aa6d5e6f7043da9a2270ddca376461,5,2,1,3,0,3,0,0,1,9,10,0.10000000000000001,0.10000000000000001,0,0
frozen,mlsp-2013-birds,cards_senior_0726.jsonl:10,mlsp-2013-birds__c552d44049494fd2a321677841f2e190,5,3,3,2,2,0,0,6,9,1,10,0.29999999999999999,0.90000000000000002,0.59999999999999998,0.8571428571428571
frozen,mlsp-2013-birds,cards_senior_0802.jsonl:4,mlsp-2013-birds__c5870d4b8b5442098b53fb4804d68bf5,5,3,3,2,0,2,0,0,3,7,10,0.29999999999999999,0.29999999999999999,0,0
frozen,mlsp-2013-birds,cards_senior_0730.jsonl:14,mlsp-2013-birds__c7f35d6dad954666a8a9a80a5d42e35c,5,2,1,3,3,0,0,6,7,3,10,0.10000000000000001,0.69999999999999996,0.59999999999999998,0.66666666666666663
frozen,mlsp-2013-birds,cards_senior_0802.jsonl:4,mlsp-2013-birds__cbc262e729334ecdaf84f39d41db9d23,5,4,6,1,0,1,0,0,6,4,10,0.59999999999999998,0.59999999999999998,0,0
frozen,mlsp-2013-birds,cards_senior_0802.jsonl:4,mlsp-2013-birds__ea2380323eb04e4ba81223acc1d448c1,5,2,1,0,0,0,3,0,1,9,10,0.10000000000000001,0.10000000000000001,0,0
frozen,mlsp-2013-birds,cards_senior_0728.jsonl:18,mlsp-2013-birds__fb442ca9650b495a9d42d3dccc134153,3,2,1,1,1,0,0,2,3,0,3,0.33333333333333331,1,0.66666666666666663,1
frozen,mlsp-2013-birds,cards_senior_0802.jsonl:4,mlsp-2013-birds__fc7e5f73dd8f4213ac926a33cda08a33,5,4,6,1,0,1,0,0,6,4,10,0.59999999999999998,0.59999999999999998,0,0
frozen,nomad2018-predict-transparent-conductors,cards_senior_0805seq.jsonl:17,nomad2018-predict-transparent-conductors__1265133eace24ca18de1ac9288f5a1e5,2,2,1,0,0,0,0,0,1,0,1,1,1,0,
frozen,nomad2018-predict-transparent-conductors,cards_senior_0805seq.jsonl:19,nomad2018-predict-transparent-conductors__2811af12b6b34a7ca8a98b53e1c60455,2,2,1,0,0,0,0,0,1,0,1,1,1,0,
frozen,nomad2018-predict-transparent-conductors,cards_senior_0805seq.jsonl:19,nomad2018-predict-transparent-conductors__554fc3ca7b944442bcaf79772fd4c72a,2,2,1,0,0,0,0,0,1,0,1,1,1,0,
frozen,nomad2018-predict-transparent-conductors,cards_senior_0805seq.jsonl:17,nomad2018-predict-transparent-conductors__5ddb79fa0d534da0a7e6b50f7171bc9d,2,2,1,0,0,0,0,0,1,0,1,1,1,0,
frozen,nomad2018-predict-transparent-conductors,cards_senior_0805seq.jsonl:17,nomad2018-predict-transparent-conductors__5e9b9e52932c4790b2edd92567bb204c,2,2,1,0,0,0,0,0,1,0,1,1,1,0,
frozen,nomad2018-predict-transparent-conductors,cards_senior_0805seq.jsonl:16,nomad2018-predict-transparent-conductors__744bce9c2ee241c7847c91d1c75dbf3c,2,2,1,0,0,0,0,0,1,0,1,1,1,0,
frozen,nomad2018-predict-transparent-conductors,cards_senior_0805seq.jsonl:17,nomad2018-predict-transparent-conductors__7725644545f7493c9d03c74cfd676d59,2,2,1,0,0,0,0,0,1,0,1,1,1,0,
frozen,nomad2018-predict-transparent-conductors,cards_senior_0805seq.jsonl:16,nomad2018-predict-transparent-conductors__7bda253e619e443f8a4f34e5733f37e3,2,2,1,0,0,0,0,0,1,0,1,1,1,0,
frozen,nomad2018-predict-transparent-conductors,cards_senior_0805seq.jsonl:17,nomad2018-predict-transparent-conductors__7e02c9aec8fd4c77919f017771f880d4,2,2,1,0,0,0,0,0,1,0,1,1,1,0,
frozen,nomad2018-predict-transparent-conductors,cards_senior_0805seq.jsonl:19,nomad2018-predict-transparent-conductors__9048d6bdc4834c34a0c71e65ce453cc8,2,2,1,0,0,0,0,0,1,0,1,1,1,0,
frozen,nomad2018-predict-transparent-conductors,cards_senior_0805seq.jsonl:16,nomad2018-predict-transparent-conductors__9fb57072fe674e9f8ace04c3a33ecc1f,2,2,1,0,0,0,0,0,1,0,1,1,1,0,
frozen,nomad2018-predict-transparent-conductors,cards_senior_0805seq.jsonl:19,nomad2018-predict-transparent-conductors__a396aa16cb464d688b0d8516787a5fac,2,2,1,0,0,0,0,0,1,0,1,1,1,0,
frozen,nomad2018-predict-transparent-conductors,cards_senior_0805seq.jsonl:19,nomad2018-predict-transparent-conductors__a5a883ee8cac4b5c9a17bee6f4618c08,2,2,1,0,0,0,0,0,1,0,1,1,1,0,
frozen,nomad2018-predict-transparent-conductors,cards_senior_0805seq.jsonl:19,nomad2018-predict-transparent-conductors__a8b42a210b9f4821a2e1f1b4cda09be1,2,2,1,0,0,0,0,0,1,0,1,1,1,0,
frozen,nomad2018-predict-transparent-conductors,cards_senior_0805seq.jsonl:17,nomad2018-predict-transparent-conductors__b306d6ec85204174a715669515599abf,2,2,1,0,0,0,0,0,1,0,1,1,1,0,
frozen,nomad2018-predict-transparent-conductors,cards_senior_0805seq.jsonl:19,nomad2018-predict-transparent-conductors__b9e345a509784184a1c3d92ffad28c91,2,2,1,0,0,0,0,0,1,0,1,1,1,0,
frozen,nomad2018-predict-transparent-conductors,cards_senior_0805seq.jsonl:19,nomad2018-predict-transparent-conductors__bb7d5f1a540743559e937d2d757a2178,2,2,1,0,0,0,0,0,1,0,1,1,1,0,
frozen,nomad2018-predict-transparent-conductors,cards_senior_0805seq.jsonl:17,nomad2018-predict-transparent-conductors__bddf4a264bef49469e4450b38388741c,2,2,1,0,0,0,0,0,1,0,1,1,1,0,
frozen,nomad2018-predict-transparent-conductors,cards_senior_0805seq.jsonl:19,nomad2018-predict-transparent-conductors__c9196f00a08c40d5abd7c7eb52b57210,2,2,1,0,0,0,0,0,1,0,1,1,1,0,
frozen,nomad2018-predict-transparent-conductors,cards_senior_0805seq.jsonl:17,nomad2018-predict-transparent-conductors__cd0394f83a0140a49dcc90ce572a4c7e,2,2,1,0,0,0,0,0,1,0,1,1,1,0,
frozen,nomad2018-predict-transparent-conductors,cards_senior_0730.jsonl:12,nomad2018-predict-transparent-conductors__cddd0573dfa0425e8740d3e50d9581f2,5,3,3,2,2,0,0,6,9,1,10,0.29999999999999999,0.90000000000000002,0.59999999999999998,0.8571428571428571
frozen,nomad2018-predict-transparent-conductors,cards_senior_0805seq.jsonl:19,nomad2018-predict-transparent-conductors__d50b985553254ae3a951348f909324d9,2,2,1,0,0,0,0,0,1,0,1,1,1,0,
frozen,nomad2018-predict-transparent-conductors,cards_senior_0805seq.jsonl:19,nomad2018-predict-transparent-conductors__d67e2a4189a742eca29b1592e2f06474,2,2,1,0,0,0,0,0,1,0,1,1,1,0,
frozen,nomad2018-predict-transparent-conductors,cards_senior_0805seq.jsonl:19,nomad2018-predict-transparent-conductors__fe97e82843154a7ba725561ea513b518,2,2,1,0,0,0,0,0,1,0,1,1,1,0,
frozen,petfinder-pawpularity-score,cards_senior_0731.jsonl:2,petfinder-pawpularity-score__05a9ad9d0b2140cdbe0d4d51c09b78be,3,2,1,1,1,0,0,2,3,0,3,0.33333333333333331,1,0.66666666666666663,1
frozen,petfinder-pawpularity-score,cards_senior_0805seq.jsonl:3,petfinder-pawpularity-score__0e407fb41c344c4692e16f203e092a85,2,2,1,0,0,0,0,0,1,0,1,1,1,0,
frozen,petfinder-pawpularity-score,cards_senior_0730.jsonl:0,petfinder-pawpularity-score__138ea8837fe24b529d33101fe0e40c1a,3,2,1,1,1,0,0,2,3,0,3,0.33333333333333331,1,0.66666666666666663,1
frozen,petfinder-pawpularity-score,cards_senior_0801.jsonl:2,petfinder-pawpularity-score__15f182412a14460fadc79eeb9e809a75,3,2,1,1,1,0,0,2,3,0,3,0.33333333333333331,1,0.66666666666666663,1
frozen,petfinder-pawpularity-score,cards_senior_0801.jsonl:1,petfinder-pawpularity-score__1d8adbbba9854cdbab147a89cf515302,3,2,1,1,1,0,0,2,3,0,3,0.33333333333333331,1,0.66666666666666663,1
frozen,petfinder-pawpularity-score,cards_senior_0730.jsonl:4,petfinder-pawpularity-score__20e58240de2d414caa6eba48ddb0990f,3,2,1,1,1,0,0,2,3,0,3,0.33333333333333331,1,0.66666666666666663,1
frozen,petfinder-pawpularity-score,cards_senior_0801.jsonl:1,petfinder-pawpularity-score__21fc060365514573bf858d9ad9613142,3,2,1,1,1,0,0,2,3,0,3,0.33333333333333331,1,0.66666666666666663,1
frozen,petfinder-pawpularity-score,cards_senior_0801.jsonl:2,petfinder-pawpularity-score__227216c0a56d4ed4b6104a319f55af9b,3,3,3,0,0,0,0,0,3,0,3,1,1,0,
frozen,petfinder-pawpularity-score,cards_senior_0731.jsonl:2,petfinder-pawpularity-score__22cb583062714eddb356edc48180c3fd,3,3,3,0,0,0,0,0,3,0,3,1,1,0,
frozen,petfinder-pawpularity-score,cards_senior_0731.jsonl:2,petfinder-pawpularity-score__3090c9b5f93240b7a87d44dba9e07802,3,2,1,0,0,0,1,0,1,2,3,0.33333333333333331,0.33333333333333331,0,0
frozen,petfinder-pawpularity-score,cards_senior_0805seq.jsonl:3,petfinder-pawpularity-score__3d0fec3701404ce8940d6b1ed7a9fabf,2,2,1,0,0,0,0,0,1,0,1,1,1,0,
frozen,petfinder-pawpularity-score,cards_senior_0731.jsonl:2,petfinder-pawpularity-score__3d956ccf87dd4636a894240e3d74ce36,3,2,1,1,1,0,0,2,3,0,3,0.33333333333333331,1,0.66666666666666663,1
frozen,petfinder-pawpularity-score,cards_senior_0801.jsonl:1,petfinder-pawpularity-score__413d59d69e08434f8f18e5136c02d1fb,3,3,3,0,0,0,0,0,3,0,3,1,1,0,
frozen,petfinder-pawpularity-score,cards_senior_0804.jsonl:1,petfinder-pawpularity-score__44144da0359242b4b966287c2e85f779,3,2,1,0,0,0,1,0,1,2,3,0.33333333333333331,0.33333333333333331,0,0
frozen,petfinder-pawpularity-score,cards_senior_0805seq.jsonl:3,petfinder-pawpularity-score__4b82240cda964b07ac12ad83037a75ed,2,2,1,0,0,0,0,0,1,0,1,1,1,0,
frozen,petfinder-pawpularity-score,cards_senior_0801.jsonl:1,petfinder-pawpularity-score__4f23a0fe5807426c8e9566170ecb6f20,3,2,1,1,1,0,0,2,3,0,3,0.33333333333333331,1,0.66666666666666663,1
frozen,petfinder-pawpularity-score,cards_senior_0730.jsonl:4,petfinder-pawpularity-score__538fd712385a49c59159e169c132ce2e,3,2,1,0,0,0,1,0,1,2,3,0.33333333333333331,0.33333333333333331,0,0
frozen,petfinder-pawpularity-score,cards_senior_0730.jsonl:0,petfinder-pawpularity-score__55d05be9027143efaafab341ca686488,3,3,3,0,0,0,0,0,3,0,3,1,1,0,
frozen,petfinder-pawpularity-score,cards_senior_0806.jsonl:1,petfinder-pawpularity-score__5797f718afc7442e850c43666a82d51b,2,2,1,0,0,0,0,0,1,0,1,1,1,0,
frozen,petfinder-pawpularity-score,cards_senior_0730.jsonl:4,petfinder-pawpularity-score__60b195817e37416bb0ec6e8b6972cda5,3,3,3,0,0,0,0,0,3,0,3,1,1,0,
frozen,petfinder-pawpularity-score,cards_senior_0730.jsonl:0,petfinder-pawpularity-score__721225969bdd4c60bc432ae93335b7dc,3,2,1,1,1,0,0,2,3,0,3,0.33333333333333331,1,0.66666666666666663,1
frozen,petfinder-pawpularity-score,cards_senior_0730.jsonl:0,petfinder-pawpularity-score__759af695a6034dd2915c62034b947338,3,2,1,1,1,0,0,2,3,0,3,0.33333333333333331,1,0.66666666666666663,1
frozen,petfinder-pawpularity-score,cards_senior_0804.jsonl:1,petfinder-pawpularity-score__7aa8a51f7820405bb3244be42011ac0b,3,3,3,0,0,0,0,0,3,0,3,1,1,0,
frozen,petfinder-pawpularity-score,cards_senior_0730.jsonl:0,petfinder-pawpularity-score__7f0a704b7aa64eaf832c0be599526428,3,2,1,1,1,0,0,2,3,0,3,0.33333333333333331,1,0.66666666666666663,1
frozen,petfinder-pawpularity-score,cards_senior_0801.jsonl:2,petfinder-pawpularity-score__83f98d42554b42e095a331446e9cc35e,3,2,1,1,1,0,0,2,3,0,3,0.33333333333333331,1,0.66666666666666663,1
frozen,petfinder-pawpularity-score,cards_senior_0728.jsonl:3,petfinder-pawpularity-score__8bb7ecf82eda47dd961991fa2e574e97,2,2,1,0,0,0,0,0,1,0,1,1,1,0,
frozen,petfinder-pawpularity-score,cards_senior_0730.jsonl:0,petfinder-pawpularity-score__9118020f50e64bdeb8235a9dc9f357ab,3,2,1,1,1,0,0,2,3,0,3,0.33333333333333331,1,0.66666666666666663,1
frozen,petfinder-pawpularity-score,cards_senior_0730.jsonl:0,petfinder-pawpularity-score__964afb88411b4a9d8ef4df71997abd0e,3,3,3,0,0,0,0,0,3,0,3,1,1,0,
frozen,petfinder-pawpularity-score,cards_senior_0724.jsonl:3,petfinder-pawpularity-score__972ae1b5c92c4b2cada252066fc5fa58,5,2,1,0,0,0,3,0,1,9,10,0.10000000000000001,0.10000000000000001,0,0
frozen,petfinder-pawpularity-score,cards_senior_0805seq.jsonl:3,petfinder-pawpularity-score__a5547fa931b34bec9d49a206fdded8b6,2,2,1,0,0,0,0,0,1,0,1,1,1,0,
frozen,petfinder-pawpularity-score,cards_senior_0801.jsonl:2,petfinder-pawpularity-score__af34522437b44cb3bfe06d49452c0bdd,3,2,1,1,1,0,0,2,3,0,3,0.33333333333333331,1,0.66666666666666663,1
frozen,petfinder-pawpularity-score,cards_senior_0730.jsonl:0,petfinder-pawpularity-score__b339297662fe4021b916f1eeb2e70c68,3,3,3,0,0,0,0,0,3,0,3,1,1,0,
frozen,petfinder-pawpularity-score,cards_senior_0804.jsonl:1,petfinder-pawpularity-score__be25405c174b45f28389cf0bbcb6ee69,3,2,1,1,0,1,0,0,1,2,3,0.33333333333333331,0.33333333333333331,0,0
frozen,petfinder-pawpularity-score,cards_senior_0730.jsonl:0,petfinder-pawpularity-score__c62a3de2597e469197cbc5bd18a5ff0b,3,2,1,1,1,0,0,2,3,0,3,0.33333333333333331,1,0.66666666666666663,1
frozen,petfinder-pawpularity-score,cards_senior_0728.jsonl:3,petfinder-pawpularity-score__c9332af056144b6887538d7dfd3c0484,2,2,1,0,0,0,0,0,1,0,1,1,1,0,
frozen,petfinder-pawpularity-score,cards_senior_0730.jsonl:0,petfinder-pawpularity-score__cc450edebbb14d219a0da071428271a4,3,3,3,0,0,0,0,0,3,0,3,1,1,0,
frozen,petfinder-pawpularity-score,cards_senior_0724.jsonl:3,petfinder-pawpularity-score__e57ba7b042d24dd5b407c60e7db9b0e3,5,2,1,3,3,0,0,6,7,3,10,0.10000000000000001,0.69999999999999996,0.59999999999999998,0.66666666666666663
frozen,petfinder-pawpularity-score,cards_senior_0801.jsonl:1,petfinder-pawpularity-score__e72415df01a044549ed95f6b350ab4b0,3,2,1,1,1,0,0,2,3,0,3,0.33333333333333331,1,0.66666666666666663,1
frozen,petfinder-pawpularity-score,cards_senior_0728.jsonl:3,petfinder-pawpularity-score__ebd08965bfa344478d439e37ead2b0cf,2,2,1,0,0,0,0,0,1,0,1,1,1,0,
frozen,petfinder-pawpularity-score,cards_senior_0804.jsonl:1,petfinder-pawpularity-score__ecae4817aa4f4d92a32a6f551d5ce5a2,3,2,1,1,0,1,0,0,1,2,3,0.33333333333333331,0.33333333333333331,0,0
frozen,petfinder-pawpularity-score,cards_senior_0805seq.jsonl:3,petfinder-pawpularity-score__f4fdc3b6254a40899d2ba27bb2d0d9ba,2,2,1,0,0,0,0,0,1,0,1,1,1,0,
frozen,petfinder-pawpularity-score,cards_senior_0801.jsonl:1,petfinder-pawpularity-score__f9887b2b46574c30adcb5a27c77b2aae,3,2,1,1,1,0,0,2,3,0,3,0.33333333333333331,1,0.66666666666666663,1
frozen,petfinder-pawpularity-score,cards_senior_0801.jsonl:2,petfinder-pawpularity-score__fd66e504efd846bea66012bc6446be59,3,3,3,0,0,0,0,0,3,0,3,1,1,0,
frozen,random-acts-of-pizza,cards_gen2C.jsonl:2,random-acts-of-pizza__25fb1d3eb8ba4b0fbe16c72f55245240,5,3,3,0,0,0,2,0,3,7,10,0.29999999999999999,0.29999999999999999,0,0
frozen,random-acts-of-pizza,cards_ours_20260727.jsonl:69,random-acts-of-pizza__5834f6889e5e413f8799624231dbc548,5,2,1,0,0,0,3,0,1,9,10,0.10000000000000001,0.10000000000000001,0,0
frozen,random-acts-of-pizza,cards_gen3A.jsonl:3,random-acts-of-pizza__7568a26886ce4bcda62a715703c764a7,5,4,6,0,0,0,1,0,6,4,10,0.59999999999999998,0.59999999999999998,0,0
frozen,random-acts-of-pizza,cards_ours_20260727.jsonl:69,random-acts-of-pizza__776e0fee82d14aae82d4dec02033479a,5,3,3,2,2,0,0,6,9,1,10,0.29999999999999999,0.90000000000000002,0.59999999999999998,0.8571428571428571
frozen,random-acts-of-pizza,cards_gen3A.jsonl:3,random-acts-of-pizza__aa71d9674a4049e0bc46feeada985547,5,5,10,0,0,0,0,0,10,0,10,1,1,0,
frozen,random-acts-of-pizza,cards_ours_20260727.jsonl:68,random-acts-of-pizza__c8c057832a7f46de8f2f8ede73ed013f,5,3,3,2,2,0,0,6,9,1,10,0.29999999999999999,0.90000000000000002,0.59999999999999998,0.8571428571428571
frozen,random-acts-of-pizza,cards_senior_0809.jsonl:20,random-acts-of-pizza__e32a0396fc0d4263a4b7bda5c780cdd7,3,3,3,0,0,0,0,0,3,0,3,1,1,0,
frozen,random-acts-of-pizza,cards_gen2C.jsonl:2,random-acts-of-pizza__e79c47b6ab894f43aa969d2f9ab8051a,5,3,3,2,2,0,0,6,9,1,10,0.29999999999999999,0.90000000000000002,0.59999999999999998,0.8571428571428571
frozen,spaceship-titanic,cards_ours_20260727.jsonl:3,spaceship-titanic__4fcded37ceb243d0a0ca7d970adedcfb,5,2,1,0,0,0,3,0,1,9,10,0.10000000000000001,0.10000000000000001,0,0
frozen,spooky-author-identification,cards_senior_0801.jsonl:6,spooky-author-identification__0383f7fd0e814f5a90ef0a5ce1470b5d,3,3,2,0,0,0,0,0,2,1,3,0.66666666666666663,0.66666666666666663,0,0
frozen,spooky-author-identification,cards_senior_0801.jsonl:6,spooky-author-identification__0461607ad3c74a4c84ba67ad32bde472,3,3,3,0,0,0,0,0,3,0,3,1,1,0,
frozen,spooky-author-identification,cards_senior_0801.jsonl:4,spooky-author-identification__062af84e3bb5437dbb9041bdd71e5dd9,3,3,3,0,0,0,0,0,3,0,3,1,1,0,
frozen,spooky-author-identification,cards_senior_0801.jsonl:6,spooky-author-identification__068f557c2e3a4c25a5bae5898855a10a,3,3,3,0,0,0,0,0,3,0,3,1,1,0,
frozen,spooky-author-identification,cards_senior_0730.jsonl:5,spooky-author-identification__0757929ebe3945789c701b840710553f,3,2,1,1,1,0,0,2,3,0,3,0.33333333333333331,1,0.66666666666666663,1
frozen,spooky-author-identification,cards_senior_0730.jsonl:5,spooky-author-identification__076c952af15a4167a564a0d2e11ac6aa,3,2,1,1,1,0,0,2,3,0,3,0.33333333333333331,1,0.66666666666666663,1
frozen,spooky-author-identification,cards_senior_0801.jsonl:6,spooky-author-identification__0837cfb068e5487ba8f3e09b34ece1d7,3,3,2,0,0,0,0,0,2,1,3,0.66666666666666663,0.66666666666666663,0,0
frozen,spooky-author-identification,cards_senior_0801.jsonl:6,spooky-author-identification__08cd05bf2d9a44ed8bdc3b20cdd4539d,3,3,3,0,0,0,0,0,3,0,3,1,1,0,
frozen,spooky-author-identification,cards_senior_0801.jsonl:6,spooky-author-identification__08e2b091b2ff4f278ee754b058244f0b,3,3,3,0,0,0,0,0,3,0,3,1,1,0,
frozen,spooky-author-identification,cards_senior_0801.jsonl:4,spooky-author-identification__0b6d38a5c9f647779879d74baffe65e4,3,3,3,0,0,0,0,0,3,0,3,1,1,0,
frozen,spooky-author-identification,cards_senior_0730.jsonl:5,spooky-author-identification__0ce034c1ec2941cc8ef385ac9273dd91,3,2,1,1,1,0,0,2,3,0,3,0.33333333333333331,1,0.66666666666666663,1
frozen,spooky-author-identification,cards_senior_0801.jsonl:6,spooky-author-identification__0fe57476f6a94065ab05ad56977e3648,3,3,2,0,0,0,0,0,2,1,3,0.66666666666666663,0.66666666666666663,0,0
frozen,spooky-author-identification,cards_senior_0801.jsonl:6,spooky-author-identification__10d778aa91b545458537c125e193534b,3,3,3,0,0,0,0,0,3,0,3,1,1,0,
frozen,spooky-author-identification,cards_senior_0801.jsonl:6,spooky-author-identification__10f39ca357d44e97bac3e170bd4152aa,3,3,3,0,0,0,0,0,3,0,3,1,1,0,
frozen,spooky-author-identification,cards_senior_0801.jsonl:6,spooky-author-identification__1287086a73d94bb4800cf3732b80aa95,3,3,3,0,0,0,0,0,3,0,3,1,1,0,
frozen,spooky-author-identification,cards_senior_0801.jsonl:6,spooky-author-identification__13435d8a269c429da0555aa62c718137,3,3,3,0,0,0,0,0,3,0,3,1,1,0,
frozen,spooky-author-identification,cards_senior_0801.jsonl:4,spooky-author-identification__13aa54d68a234dda8ade483cd59e5605,3,2,1,1,1,0,0,2,3,0,3,0.33333333333333331,1,0.66666666666666663,1
frozen,spooky-author-identification,cards_senior_0801.jsonl:4,spooky-author-identification__13dd893f4b3544f1bfbeff6094779bb3,3,3,3,0,0,0,0,0,3,0,3,1,1,0,
frozen,spooky-author-identification,cards_senior_0801.jsonl:6,spooky-author-identification__1541dd982eff4d93852ce6a63ba02935,3,2,1,1,1,0,0,2,3,0,3,0.33333333333333331,1,0.66666666666666663,1
frozen,spooky-author-identification,cards_senior_0801.jsonl:6,spooky-author-identification__15b40775d3a740bdbffcbe0d889820cc,3,3,3,0,0,0,0,0,3,0,3,1,1,0,
frozen,spooky-author-identification,cards_senior_0730.jsonl:5,spooky-author-identification__16a678db368a417fbf00950915601fb9,3,3,3,0,0,0,0,0,3,0,3,1,1,0,
frozen,spooky-author-identification,cards_senior_0730.jsonl:5,spooky-author-identification__17bdc0d183cb461996f25fe92d9db92e,3,3,3,0,0,0,0,0,3,0,3,1,1,0,
frozen,spooky-author-identification,cards_senior_0801.jsonl:6,spooky-author-identification__186277b8ad434e33a4dde4dfcba6e347,3,3,3,0,0,0,0,0,3,0,3,1,1,0,
frozen,spooky-author-identification,cards_senior_0801.jsonl:6,spooky-author-identification__191d966deb1b4262a628796821188df0,3,3,3,0,0,0,0,0,3,0,3,1,1,0,
frozen,spooky-author-identification,cards_senior_0801.jsonl:4,spooky-author-identification__19e1d9bccf8b4359b57ea2964d7fb6dd,3,3,3,0,0,0,0,0,3,0,3,1,1,0,
frozen,spooky-author-identification,cards_senior_0801.jsonl:4,spooky-author-identification__1ac2ec7e9c6645f98ab37ef0ef7c2471,3,3,2,0,0,0,0,0,2,1,3,0.66666666666666663,0.66666666666666663,0,0
frozen,spooky-author-identification,cards_senior_0801.jsonl:6,spooky-author-identification__1b22170018d948d9bfdcea5a2a990736,3,3,2,0,0,0,0,0,2,1,3,0.66666666666666663,0.66666666666666663,0,0
frozen,spooky-author-identification,cards_senior_0730.jsonl:5,spooky-author-identification__1d10f1ad1743426d88a7fed87719c8d7,3,2,1,1,1,0,0,2,3,0,3,0.33333333333333331,1,0.66666666666666663,1
frozen,spooky-author-identification,cards_senior_0801.jsonl:4,spooky-author-identification__1e133cf307b5493089a9f852402458a4,3,3,3,0,0,0,0,0,3,0,3,1,1,0,
frozen,spooky-author-identification,cards_senior_0801.jsonl:4,spooky-author-identification__1e9f86b193914413ab9fa45e8b0b26db,3,3,3,0,0,0,0,0,3,0,3,1,1,0,
frozen,spooky-author-identification,cards_senior_0801.jsonl:6,spooky-author-identification__1ea0b657e44841378f82ff045038ca55,3,3,3,0,0,0,0,0,3,0,3,1,1,0,
frozen,spooky-author-identification,cards_senior_0801.jsonl:6,spooky-author-identification__1eb848d5011c45958ad77360b1862be5,3,3,3,0,0,0,0,0,3,0,3,1,1,0,
frozen,spooky-author-identification,cards_senior_0730.jsonl:5,spooky-author-identification__227119cc54714bfba116f38fbdbcc02f,3,2,1,1,1,0,0,2,3,0,3,0.33333333333333331,1,0.66666666666666663,1
frozen,spooky-author-identification,cards_senior_0801.jsonl:6,spooky-author-identification__22ef6624431e4467ad1aee32a01a8562,3,3,3,0,0,0,0,0,3,0,3,1,1,0,
frozen,spooky-author-identification,cards_senior_0801.jsonl:4,spooky-author-identification__2437b5c215694a898d1e327a37a4ad28,3,2,1,1,1,0,0,2,3,0,3,0.33333333333333331,1,0.66666666666666663,1
frozen,spooky-author-identification,cards_senior_0801.jsonl:4,spooky-author-identification__24c6b534a6664d1ebea01dab7c9cf553,3,3,3,0,0,0,0,0,3,0,3,1,1,0,
frozen,spooky-author-identification,cards_senior_0806.jsonl:5,spooky-author-identification__26615e5b087940e589d49c165db9ea6d,3,2,1,0,0,0,1,0,1,2,3,0.33333333333333331,0.33333333333333331,0,0
frozen,spooky-author-identification,cards_senior_0801.jsonl:4,spooky-author-identification__27451cd5ab034d10b370860e0b9e54b6,3,2,1,1,1,0,0,2,3,0,3,0.33333333333333331,1,0.66666666666666663,1
frozen,spooky-author-identification,cards_t3era_missing.jsonl:11,spooky-author-identification__27c9f14b80b04065a6f1f6d2d18faff0,5,3,3,2,2,0,0,6,9,1,10,0.29999999999999999,0.90000000000000002,0.59999999999999998,0.8571428571428571
frozen,spooky-author-identification,cards_senior_0730.jsonl:5,spooky-author-identification__2ac5ccc5e9ed4882a9ac446722ea44f6,3,2,1,1,1,0,0,2,3,0,3,0.33333333333333331,1,0.66666666666666663,1
frozen,spooky-author-identification,cards_senior_0801.jsonl:4,spooky-author-identification__2c18f30b21134288b38e2f5450b21cf5,3,3,2,0,0,0,0,0,2,1,3,0.66666666666666663,0.66666666666666663,0,0
frozen,spooky-author-identification,cards_senior_0801.jsonl:6,spooky-author-identification__2df469a319ef447ba9a421943145d6ed,3,3,3,0,0,0,0,0,3,0,3,1,1,0,
frozen,spooky-author-identification,cards_senior_0801.jsonl:4,spooky-author-identification__2fe69475dc2a4d0b86655450c9f5931a,3,2,1,1,1,0,0,2,3,0,3,0.33333333333333331,1,0.66666666666666663,1
frozen,spooky-author-identification,cards_senior_0801.jsonl:6,spooky-author-identification__30e93e3df68d4a588fe167211842de7e,3,3,3,0,0,0,0,0,3,0,3,1,1,0,
frozen,spooky-author-identification,cards_senior_0801.jsonl:6,spooky-author-identification__33024a03dcc84388866347bb74f4ad6c,3,3,3,0,0,0,0,0,3,0,3,1,1,0,
frozen,spooky-author-identification,cards_senior_0801.jsonl:4,spooky-author-identification__37864efe513a4f5db55349be57c3124b,3,3,3,0,0,0,0,0,3,0,3,1,1,0,
frozen,spooky-author-identification,cards_senior_0801.jsonl:4,spooky-author-identification__37d80ffe16b244bcb83120ac2d4ad594,3,3,3,0,0,0,0,0,3,0,3,1,1,0,
frozen,spooky-author-identification,cards_senior_0801.jsonl:4,spooky-author-identification__3802c21425404adf8c8a06b23634d25a,3,3,3,0,0,0,0,0,3,0,3,1,1,0,
frozen,spooky-author-identification,cards_senior_0801.jsonl:6,spooky-author-identification__387f9a343f4545398b9cc69eb83778e5,3,2,1,1,1,0,0,2,3,0,3,0.33333333333333331,1,0.66666666666666663,1
frozen,spooky-author-identification,cards_senior_0801.jsonl:4,spooky-author-identification__3a9151e6f315435a8a75360c39bb48d5,3,3,3,0,0,0,0,0,3,0,3,1,1,0,
frozen,spooky-author-identification,cards_senior_0730.jsonl:5,spooky-author-identification__3c17ef883ec24139a272eafcb479c306,3,2,1,1,1,0,0,2,3,0,3,0.33333333333333331,1,0.66666666666666663,1
frozen,spooky-author-identification,cards_senior_0730.jsonl:5,spooky-author-identification__3da4b5fe194849cb8081afb2ac5eb386,3,3,3,0,0,0,0,0,3,0,3,1,1,0,
frozen,spooky-author-identification,cards_senior_0730.jsonl:5,spooky-author-identification__3de27a966e944d0ea13027e1cd39eda3,3,3,3,0,0,0,0,0,3,0,3,1,1,0,
frozen,spooky-author-identification,cards_senior_0801.jsonl:4,spooky-author-identification__3e70f805b47e41b085ba3218418849c3,3,3,3,0,0,0,0,0,3,0,3,1,1,0,
frozen,spooky-author-identification,cards_senior_0801.jsonl:6,spooky-author-identification__3ff25263b21a4470ae28f088f26c027e,3,3,3,0,0,0,0,0,3,0,3,1,1,0,
frozen,spooky-author-identification,cards_senior_0801.jsonl:6,spooky-author-identification__412764e94d2f450a9622710fc1269937,3,3,3,0,0,0,0,0,3,0,3,1,1,0,
frozen,spooky-author-identification,cards_senior_0801.jsonl:6,spooky-author-identification__414aed3e532a4130bb3ec66bd5efa9ea,3,3,3,0,0,0,0,0,3,0,3,1,1,0,
frozen,spooky-author-identification,cards_senior_0801.jsonl:6,spooky-author-identification__41e819dedaf94e5e85faf3a11d8fa2c4,3,3,3,0,0,0,0,0,3,0,3,1,1,0,
frozen,spooky-author-identification,cards_senior_0801.jsonl:4,spooky-author-identification__42514846bdac4ab192297e32154b9d1c,3,3,2,0,0,0,0,0,2,1,3,0.66666666666666663,0.66666666666666663,0,0
frozen,spooky-author-identification,cards_senior_0730.jsonl:5,spooky-author-identification__4296092dd0c94bde80778bf7dbb74a54,3,2,1,1,1,0,0,2,3,0,3,0.33333333333333331,1,0.66666666666666663,1
frozen,spooky-author-identification,cards_senior_0801.jsonl:6,spooky-author-identification__42f01a3ce95d45d6be1ee8c7578e3712,3,3,3,0,0,0,0,0,3,0,3,1,1,0,
frozen,spooky-author-identification,cards_senior_0801.jsonl:6,spooky-author-identification__4565702b13dc4e0c9afc6956df80a1e0,3,3,3,0,0,0,0,0,3,0,3,1,1,0,
frozen,spooky-author-identification,cards_senior_0801.jsonl:4,spooky-author-identification__461e0f12911c4271ab6f5e9b95bde7a6,3,3,3,0,0,0,0,0,3,0,3,1,1,0,
frozen,spooky-author-identification,cards_senior_0801.jsonl:4,spooky-author-identification__464c33f2e8ff4117bf41c0233e412dc5,3,3,3,0,0,0,0,0,3,0,3,1,1,0,
frozen,spooky-author-identification,cards_senior_0801.jsonl:6,spooky-author-identification__475a18d3b01343cdb8c3d0830f09433a,3,3,3,0,0,0,0,0,3,0,3,1,1,0,
frozen,spooky-author-identification,cards_senior_0801.jsonl:4,spooky-author-identification__4a45a9abb6434bd78ea7fb43035b8d11,3,3,2,0,0,0,0,0,2,1,3,0.66666666666666663,0.66666666666666663,0,0
frozen,spooky-author-identification,cards_senior_0801.jsonl:4,spooky-author-identification__4b3e19aa14c34d7580ce5144a25387f5,3,3,3,0,0,0,0,0,3,0,3,1,1,0,
frozen,spooky-author-identification,cards_senior_0801.jsonl:10,spooky-author-identification__4de5ca499ca247b5ba3a94746fddb71b,3,2,1,1,1,0,0,2,3,0,3,0.33333333333333331,1,0.66666666666666663,1
frozen,spooky-author-identification,cards_senior_0801.jsonl:6,spooky-author-identification__4e44383d681a441d90d9c244f2cef959,3,3,3,0,0,0,0,0,3,0,3,1,1,0,
frozen,spooky-author-identification,cards_senior_0801.jsonl:6,spooky-author-identification__4e614b2146f645989335a39bd9730e4d,3,3,3,0,0,0,0,0,3,0,3,1,1,0,
frozen,spooky-author-identification,cards_senior_0801.jsonl:4,spooky-author-identification__516c609fa3114e03bff5fc13dc76a6d6,3,3,3,0,0,0,0,0,3,0,3,1,1,0,
frozen,spooky-author-identification,cards_senior_0801.jsonl:6,spooky-author-identification__51c45fd6322a4554a1057d632c4498e5,3,3,3,0,0,0,0,0,3,0,3,1,1,0,
frozen,spooky-author-identification,cards_senior_0801.jsonl:4,spooky-author-identification__535f5b95e38d46e3bcff53aa815ee00d,3,3,2,0,0,0,0,0,2,1,3,0.66666666666666663,0.66666666666666663,0,0
frozen,spooky-author-identification,cards_senior_0801.jsonl:4,spooky-author-identification__560eb5d67f17409f9deb149324c55f29,3,2,1,1,1,0,0,2,3,0,3,0.33333333333333331,1,0.66666666666666663,1
frozen,spooky-author-identification,cards_senior_0801.jsonl:4,spooky-author-identification__563137ec86d44b959ef7076f79420369,3,2,1,1,1,0,0,2,3,0,3,0.33333333333333331,1,0.66666666666666663,1
frozen,spooky-author-identification,cards_senior_0801.jsonl:4,spooky-author-identification__56adab12fefa4202883df6091e2ea80a,3,3,3,0,0,0,0,0,3,0,3,1,1,0,
frozen,spooky-author-identification,cards_senior_0801.jsonl:6,spooky-author-identification__57c1247ec1f948ebac532966b070414a,3,3,3,0,0,0,0,0,3,0,3,1,1,0,
frozen,spooky-author-identification,cards_senior_0730.jsonl:5,spooky-author-identification__591da593dc7844a6aef1aa04c434d00f,3,3,3,0,0,0,0,0,3,0,3,1,1,0,
frozen,spooky-author-identification,cards_senior_0801.jsonl:4,spooky-author-identification__597734faf2e4443b963c8a26937a489e,3,3,3,0,0,0,0,0,3,0,3,1,1,0,
frozen,spooky-author-identification,cards_senior_0730.jsonl:5,spooky-author-identification__59974f41fe26443989e286d0bd521fc2,3,2,1,1,1,0,0,2,3,0,3,0.33333333333333331,1,0.66666666666666663,1
frozen,spooky-author-identification,cards_senior_0801.jsonl:6,spooky-author-identification__5ae8cc829344487f941cff08cb7bc82f,3,3,3,0,0,0,0,0,3,0,3,1,1,0,
frozen,spooky-author-identification,cards_senior_0801.jsonl:4,spooky-author-identification__5c1b4304666d42d084d4d09ce9a37339,3,3,2,0,0,0,0,0,2,1,3,0.66666666666666663,0.66666666666666663,0,0
frozen,spooky-author-identification,cards_senior_0801.jsonl:4,spooky-author-identification__5cef69604c404e188789d4c3cad26d28,3,3,3,0,0,0,0,0,3,0,3,1,1,0,
frozen,spooky-author-identification,cards_senior_0801.jsonl:4,spooky-author-identification__5e8fba9ac4254f39b3c9b21b7f3f93bc,3,3,3,0,0,0,0,0,3,0,3,1,1,0,
frozen,spooky-author-identification,cards_senior_0730.jsonl:5,spooky-author-identification__5fdf79bba3c8483bb4f6d086404ef22b,3,3,3,0,0,0,0,0,3,0,3,1,1,0,
frozen,spooky-author-identification,cards_senior_0801.jsonl:6,spooky-author-identification__5ffbe80fe6b5457b8c23e6105db0e99e,3,3,3,0,0,0,0,0,3,0,3,1,1,0,
frozen,spooky-author-identification,cards_senior_0801.jsonl:4,spooky-author-identification__62f766ce57cb4479ada066d3a579e907,3,3,2,0,0,0,0,0,2,1,3,0.66666666666666663,0.66666666666666663,0,0
frozen,spooky-author-identification,cards_senior_0801.jsonl:4,spooky-author-identification__64301da97e584058ab9eb33d91f5dd01,3,2,1,1,1,0,0,2,3,0,3,0.33333333333333331,1,0.66666666666666663,1
frozen,spooky-author-identification,cards_senior_0801.jsonl:6,spooky-author-identification__64a99f4de4734a55abac22ac7726bdce,3,3,3,0,0,0,0,0,3,0,3,1,1,0,
frozen,spooky-author-identification,cards_senior_0801.jsonl:4,spooky-author-identification__6bf8f0320a894785832672f3950503bd,3,2,1,1,1,0,0,2,3,0,3,0.33333333333333331,1,0.66666666666666663,1
frozen,spooky-author-identification,cards_senior_0801.jsonl:4,spooky-author-identification__6c7e84706f7c4884b8638daf7dbef0bc,3,3,3,0,0,0,0,0,3,0,3,1,1,0,
frozen,spooky-author-identification,cards_senior_0730.jsonl:5,spooky-author-identification__6d3d2a1946bf43088140fc8ae60cfa67,3,3,3,0,0,0,0,0,3,0,3,1,1,0,
frozen,spooky-author-identification,cards_senior_0801.jsonl:4,spooky-author-identification__6d80b2854f2846d89a846d6aa6182257,3,3,3,0,0,0,0,0,3,0,3,1,1,0,
frozen,spooky-author-identification,cards_senior_0801.jsonl:10,spooky-author-identification__6e22ffa9e47f4b6abe56712a8f1e01a1,3,2,1,1,1,0,0,2,3,0,3,0.33333333333333331,1,0.66666666666666663,1
frozen,spooky-author-identification,cards_senior_0801.jsonl:4,spooky-author-identification__6ed2e5b67f314005b1b566d1c712c8b0,3,2,1,1,1,0,0,2,3,0,3,0.33333333333333331,1,0.66666666666666663,1
frozen,spooky-author-identification,cards_senior_0801.jsonl:4,spooky-author-identification__6f536df61e524fa8bd691a11aed2d903,3,3,3,0,0,0,0,0,3,0,3,1,1,0,
frozen,spooky-author-identification,cards_senior_0801.jsonl:6,spooky-author-identification__724d11002aef40bda5058a3c92042a2c,3,3,3,0,0,0,0,0,3,0,3,1,1,0,
frozen,spooky-author-identification,cards_senior_0801.jsonl:6,spooky-author-identification__725d52061324484b9be7ee2474ab83d6,3,3,3,0,0,0,0,0,3,0,3,1,1,0,
frozen,spooky-author-identification,cards_senior_0801.jsonl:6,spooky-author-identification__725f736687aa4d67bda9df957bb26547,3,3,3,0,0,0,0,0,3,0,3,1,1,0,
frozen,spooky-author-identification,cards_senior_0801.jsonl:6,spooky-author-identification__7336882aa6a84447b1dd57cb425e3a3e,3,3,3,0,0,0,0,0,3,0,3,1,1,0,
frozen,spooky-author-identification,cards_senior_0801.jsonl:4,spooky-author-identification__7418623d2a4b48378915f6ad20e004f1,3,3,3,0,0,0,0,0,3,0,3,1,1,0,
frozen,spooky-author-identification,cards_senior_0730.jsonl:5,spooky-author-identification__7424777826c641be905c40ac1a52b4ac,3,3,3,0,0,0,0,0,3,0,3,1,1,0,
frozen,spooky-author-identification,cards_senior_0801.jsonl:4,spooky-author-identification__77e744ce59c943b087a34279a89fa64c,3,3,3,0,0,0,0,0,3,0,3,1,1,0,
frozen,spooky-author-identification,cards_senior_0801.jsonl:4,spooky-author-identification__7b0090b25f1746d28c455c77b29760f5,3,3,3,0,0,0,0,0,3,0,3,1,1,0,
frozen,spooky-author-identification,cards_senior_0801.jsonl:6,spooky-author-identification__7b12623dc9d24e769a13306fee0141eb,3,3,3,0,0,0,0,0,3,0,3,1,1,0,
frozen,spooky-author-identification,cards_senior_0801.jsonl:6,spooky-author-identification__7c64dfbd4b4a43fc99f7496534174e25,3,3,2,0,0,0,0,0,2,1,3,0.66666666666666663,0.66666666666666663,0,0
frozen,spooky-author-identification,cards_senior_0801.jsonl:6,spooky-author-identification__7c7a621882f44f92ae5bd775ea835151,3,3,3,0,0,0,0,0,3,0,3,1,1,0,
frozen,spooky-author-identification,cards_senior_0801.jsonl:4,spooky-author-identification__7ceee5472d554afa99f121ac333b0df1,3,3,2,0,0,0,0,0,2,1,3,0.66666666666666663,0.66666666666666663,0,0
frozen,spooky-author-identification,cards_senior_0801.jsonl:4,spooky-author-identification__7f175e94150c4009a039416f8f1c297e,3,2,1,1,1,0,0,2,3,0,3,0.33333333333333331,1,0.66666666666666663,1
frozen,spooky-author-identification,cards_senior_0801.jsonl:4,spooky-author-identification__84e6e24b761b4c6db987c287f9295beb,3,2,1,1,1,0,0,2,3,0,3,0.33333333333333331,1,0.66666666666666663,1
frozen,spooky-author-identification,cards_senior_0730.jsonl:5,spooky-author-identification__85199aa4ffcb42f3b8b7083872a321b6,3,3,3,0,0,0,0,0,3,0,3,1,1,0,
frozen,spooky-author-identification,cards_senior_0801.jsonl:6,spooky-author-identification__85e04d5ed2404f32a4d918308dcbc78b,3,3,3,0,0,0,0,0,3,0,3,1,1,0,
frozen,spooky-author-identification,cards_senior_0801.jsonl:6,spooky-author-identification__85e3d8a447aa47ab9d27006ce05ee764,3,3,3,0,0,0,0,0,3,0,3,1,1,0,
frozen,spooky-author-identification,cards_senior_0801.jsonl:4,spooky-author-identification__864083b4416e4625829d6e37e359e886,3,2,1,1,1,0,0,2,3,0,3,0.33333333333333331,1,0.66666666666666663,1
frozen,spooky-author-identification,cards_senior_0801.jsonl:6,spooky-author-identification__871104bbffdb48c2bf646dfc9c4b9c7f,3,3,2,0,0,0,0,0,2,1,3,0.66666666666666663,0.66666666666666663,0,0
frozen,spooky-author-identification,cards_senior_0801.jsonl:6,spooky-author-identification__8750599d66fe400dbc76c0d03ba2d327,3,3,2,0,0,0,0,0,2,1,3,0.66666666666666663,0.66666666666666663,0,0
frozen,spooky-author-identification,cards_senior_0801.jsonl:4,spooky-author-identification__88f392945954476bbc8ed4325a614c8d,3,3,2,0,0,0,0,0,2,1,3,0.66666666666666663,0.66666666666666663,0,0
frozen,spooky-author-identification,cards_senior_0801.jsonl:6,spooky-author-identification__89033bbf099e47a0ac43d6c026987994,3,3,3,0,0,0,0,0,3,0,3,1,1,0,
frozen,spooky-author-identification,cards_senior_0801.jsonl:4,spooky-author-identification__89cdc6aa033246b281e0af4b70c8388a,3,2,1,1,1,0,0,2,3,0,3,0.33333333333333331,1,0.66666666666666663,1
frozen,spooky-author-identification,cards_senior_0801.jsonl:4,spooky-author-identification__8ae11ace47b143a2bc59b80132f266c3,3,3,3,0,0,0,0,0,3,0,3,1,1,0,
frozen,spooky-author-identification,cards_senior_0801.jsonl:4,spooky-author-identification__8b22a12b5655449eb0e3ca3db9501f20,3,3,3,0,0,0,0,0,3,0,3,1,1,0,
frozen,spooky-author-identification,cards_senior_0801.jsonl:4,spooky-author-identification__8c06071bdea1476694b2f9d2ac049d51,3,3,3,0,0,0,0,0,3,0,3,1,1,0,
frozen,spooky-author-identification,cards_senior_0801.jsonl:6,spooky-author-identification__8ced24a79d0f4329b41539f8f4e27715,3,3,3,0,0,0,0,0,3,0,3,1,1,0,
frozen,spooky-author-identification,cards_senior_0801.jsonl:6,spooky-author-identification__8d3ff65c3525468a802748074adb9c09,3,2,1,1,1,0,0,2,3,0,3,0.33333333333333331,1,0.66666666666666663,1
frozen,spooky-author-identification,cards_senior_0801.jsonl:4,spooky-author-identification__8d7f402e487f42068324b117cff52ae6,3,3,3,0,0,0,0,0,3,0,3,1,1,0,
frozen,spooky-author-identification,cards_senior_0730.jsonl:5,spooky-author-identification__8db48c858d27436d982b4b7e38c8b3ce,3,3,3,0,0,0,0,0,3,0,3,1,1,0,
frozen,spooky-author-identification,cards_senior_0801.jsonl:4,spooky-author-identification__8f88d7f07fbe425b9e7b537b49114d35,3,3,2,0,0,0,0,0,2,1,3,0.66666666666666663,0.66666666666666663,0,0
frozen,spooky-author-identification,cards_senior_0730.jsonl:5,spooky-author-identification__900270a860234cc2b3ae8a0505bd105a,3,3,3,0,0,0,0,0,3,0,3,1,1,0,
frozen,spooky-author-identification,cards_senior_0801.jsonl:6,spooky-author-identification__91db88d57eac4174b4044c9bb3d995d9,3,3,3,0,0,0,0,0,3,0,3,1,1,0,
frozen,spooky-author-identification,cards_senior_0801.jsonl:4,spooky-author-identification__91f09585e37c45158ad40bb9ff92582e,3,3,3,0,0,0,0,0,3,0,3,1,1,0,
frozen,spooky-author-identification,cards_senior_0801.jsonl:6,spooky-author-identification__9223c9c5660747d7990aaf1bb0210c5b,3,3,3,0,0,0,0,0,3,0,3,1,1,0,
frozen,spooky-author-identification,cards_senior_0801.jsonl:4,spooky-author-identification__9228164a8d2f4d70a30965aac7de63cc,3,3,2,0,0,0,0,0,2,1,3,0.66666666666666663,0.66666666666666663,0,0
frozen,spooky-author-identification,cards_senior_0801.jsonl:6,spooky-author-identification__92ff9885a5194d928b56e8d05f03d004,3,3,3,0,0,0,0,0,3,0,3,1,1,0,
frozen,spooky-author-identification,cards_senior_0801.jsonl:6,spooky-author-identification__93f683e65650430bb8745b762ddbcce3,3,3,3,0,0,0,0,0,3,0,3,1,1,0,
frozen,spooky-author-identification,cards_gen2B.jsonl:3,spooky-author-identification__958207f64af144b28c23736dd33e4f15,4,2,1,2,2,0,0,4,5,1,6,0.16666666666666666,0.83333333333333337,0.66666666666666663,0.80000000000000004
frozen,spooky-author-identification,cards_senior_0801.jsonl:4,spooky-author-identification__97da44b8aebe41729fd1d9b93ca82550,3,3,3,0,0,0,0,0,3,0,3,1,1,0,
frozen,spooky-author-identification,cards_senior_0801.jsonl:4,spooky-author-identification__986586977ded4041ba6e7e2d7c52ca23,3,3,3,0,0,0,0,0,3,0,3,1,1,0,
frozen,spooky-author-identification,cards_senior_0801.jsonl:4,spooky-author-identification__98c0e2b943604f6fa08e941da02afca0,3,3,3,0,0,0,0,0,3,0,3,1,1,0,
frozen,spooky-author-identification,cards_senior_0801.jsonl:6,spooky-author-identification__98c1163c63e84f10bbd3142f1dab126e,3,3,2,0,0,0,0,0,2,1,3,0.66666666666666663,0.66666666666666663,0,0
frozen,spooky-author-identification,cards_senior_0801.jsonl:6,spooky-author-identification__98f608d07cec48cb95f4dc6eebe598da,3,3,3,0,0,0,0,0,3,0,3,1,1,0,
frozen,spooky-author-identification,cards_senior_0801.jsonl:6,spooky-author-identification__990fa12bbd084d3685c3c54b9a92565d,3,2,1,1,1,0,0,2,3,0,3,0.33333333333333331,1,0.66666666666666663,1
frozen,spooky-author-identification,cards_senior_0801.jsonl:4,spooky-author-identification__99f9e720cb2440c3b592e293abaf66a3,3,3,3,0,0,0,0,0,3,0,3,1,1,0,
frozen,spooky-author-identification,cards_senior_0801.jsonl:6,spooky-author-identification__9b1ae0418eb546ca970059efa4ee646f,3,3,3,0,0,0,0,0,3,0,3,1,1,0,
frozen,spooky-author-identification,cards_senior_0801.jsonl:4,spooky-author-identification__9bd7c4812f5944ffb387c93ad83dee19,3,3,3,0,0,0,0,0,3,0,3,1,1,0,
frozen,spooky-author-identification,cards_senior_0801.jsonl:6,spooky-author-identification__9c74a480d9614e11b9f43df29df9292c,3,3,3,0,0,0,0,0,3,0,3,1,1,0,
frozen,spooky-author-identification,cards_senior_0801.jsonl:4,spooky-author-identification__9cde050c2aaf4fb4ad6d53d9e5b5ce11,3,3,3,0,0,0,0,0,3,0,3,1,1,0,
frozen,spooky-author-identification,cards_senior_0801.jsonl:4,spooky-author-identification__9ebd008f131b4eb69972d5c1deb946ae,3,3,2,0,0,0,0,0,2,1,3,0.66666666666666663,0.66666666666666663,0,0
frozen,spooky-author-identification,cards_senior_0801.jsonl:4,spooky-author-identification__a07f97c3a8024e8a9f769dc06b686cd6,3,3,3,0,0,0,0,0,3,0,3,1,1,0,
frozen,spooky-author-identification,cards_senior_0801.jsonl:6,spooky-author-identification__a264c53ed03b4148ac5d402aa112e27b,3,3,3,0,0,0,0,0,3,0,3,1,1,0,
frozen,spooky-author-identification,cards_senior_0801.jsonl:4,spooky-author-identification__a2b2770ad0b749c8830b3c4f6a5f8951,3,3,3,0,0,0,0,0,3,0,3,1,1,0,
frozen,spooky-author-identification,cards_senior_0801.jsonl:6,spooky-author-identification__a2c5acfc13cf4ce38a117d5e4c858b53,3,3,3,0,0,0,0,0,3,0,3,1,1,0,
frozen,spooky-author-identification,cards_senior_0801.jsonl:4,spooky-author-identification__a2eb64d6803c4b0080ecb4827ad522c6,3,2,1,1,1,0,0,2,3,0,3,0.33333333333333331,1,0.66666666666666663,1
frozen,spooky-author-identification,cards_senior_0730.jsonl:5,spooky-author-identification__a32c77e04af340d09b34bf2beb027a3b,3,2,1,1,1,0,0,2,3,0,3,0.33333333333333331,1,0.66666666666666663,1
frozen,spooky-author-identification,cards_senior_0801.jsonl:6,spooky-author-identification__a5735368942b411791a36b45ac5bbcc9,3,3,3,0,0,0,0,0,3,0,3,1,1,0,
frozen,spooky-author-identification,cards_senior_0801.jsonl:4,spooky-author-identification__a5a4083b6dd2425993e40dbb3008346f,3,2,1,1,1,0,0,2,3,0,3,0.33333333333333331,1,0.66666666666666663,1
frozen,spooky-author-identification,cards_senior_0801.jsonl:6,spooky-author-identification__a5cdea17774e46a387ef08ed5657c898,3,3,3,0,0,0,0,0,3,0,3,1,1,0,
frozen,spooky-author-identification,cards_senior_0801.jsonl:4,spooky-author-identification__a6157b2e1dfd4dcebe82a7ce355edc63,3,3,2,0,0,0,0,0,2,1,3,0.66666666666666663,0.66666666666666663,0,0
frozen,spooky-author-identification,cards_senior_0801.jsonl:4,spooky-author-identification__a680a2495d6f4333a6ee6885314baad7,3,2,1,1,1,0,0,2,3,0,3,0.33333333333333331,1,0.66666666666666663,1
frozen,spooky-author-identification,cards_senior_0801.jsonl:4,spooky-author-identification__a7086e5842014225b2745c20fa399820,3,3,3,0,0,0,0,0,3,0,3,1,1,0,
frozen,spooky-author-identification,cards_senior_0801.jsonl:4,spooky-author-identification__a72761fcec704109bdefb2b94191cc6c,3,3,3,0,0,0,0,0,3,0,3,1,1,0,
frozen,spooky-author-identification,cards_senior_0801.jsonl:4,spooky-author-identification__a79620564b7044cea617f82cb04963d4,3,3,3,0,0,0,0,0,3,0,3,1,1,0,
frozen,spooky-author-identification,cards_senior_0801.jsonl:4,spooky-author-identification__a9f9bc8353274fac9c6fb478e644c2b6,3,3,3,0,0,0,0,0,3,0,3,1,1,0,
frozen,spooky-author-identification,cards_senior_0801.jsonl:6,spooky-author-identification__ab896a87ee684c86935b48cd4e0e3869,3,3,3,0,0,0,0,0,3,0,3,1,1,0,
frozen,spooky-author-identification,cards_senior_0801.jsonl:6,spooky-author-identification__ab9ea4e122f54f92a29ed68dd3f552c5,3,3,2,0,0,0,0,0,2,1,3,0.66666666666666663,0.66666666666666663,0,0
frozen,spooky-author-identification,cards_senior_0801.jsonl:4,spooky-author-identification__ad0d25ee256f4d16a3d666da890b2ccb,3,2,1,1,1,0,0,2,3,0,3,0.33333333333333331,1,0.66666666666666663,1
frozen,spooky-author-identification,cards_senior_0801.jsonl:6,spooky-author-identification__ad3c56fc08d8498abb57bc76b518de95,3,2,1,1,1,0,0,2,3,0,3,0.33333333333333331,1,0.66666666666666663,1
frozen,spooky-author-identification,cards_senior_0801.jsonl:4,spooky-author-identification__addda13ce48648f58aa14218d01e2495,3,3,2,0,0,0,0,0,2,1,3,0.66666666666666663,0.66666666666666663,0,0
frozen,spooky-author-identification,cards_senior_0801.jsonl:6,spooky-author-identification__ae31b82b5db341359ffc5b3d345f6241,3,3,2,0,0,0,0,0,2,1,3,0.66666666666666663,0.66666666666666663,0,0
frozen,spooky-author-identification,cards_senior_0801.jsonl:4,spooky-author-identification__ae575812beda4e8f86d3a265d576ecb1,3,3,2,0,0,0,0,0,2,1,3,0.66666666666666663,0.66666666666666663,0,0
frozen,spooky-author-identification,cards_gen2B.jsonl:3,spooky-author-identification__aefaef80fc25480a9e415e8db164e55a,5,2,1,0,0,0,3,0,1,9,10,0.10000000000000001,0.10000000000000001,0,0
frozen,spooky-author-identification,cards_t3era_missing.jsonl:11,spooky-author-identification__af244ee1521c46dfb9c1b264f2b40021,5,2,1,0,0,0,3,0,1,9,10,0.10000000000000001,0.10000000000000001,0,0
frozen,spooky-author-identification,cards_senior_0730.jsonl:5,spooky-author-identification__af76a74b48684d14bb63bba94d3a2432,3,3,3,0,0,0,0,0,3,0,3,1,1,0,
frozen,spooky-author-identification,cards_senior_0801.jsonl:4,spooky-author-identification__b003f32aabcd4ad8989e13c82da9bd30,3,3,3,0,0,0,0,0,3,0,3,1,1,0,
frozen,spooky-author-identification,cards_senior_0801.jsonl:4,spooky-author-identification__b0159499c7cb478eaa490c7fdbd49d1b,3,2,1,1,1,0,0,2,3,0,3,0.33333333333333331,1,0.66666666666666663,1
frozen,spooky-author-identification,cards_senior_0801.jsonl:4,spooky-author-identification__b0926995bb944f6e820e2265f73d1e0a,3,3,3,0,0,0,0,0,3,0,3,1,1,0,
frozen,spooky-author-identification,cards_senior_0801.jsonl:6,spooky-author-identification__b24bec7a25eb49e7a862bd2c4a19b881,3,3,3,0,0,0,0,0,3,0,3,1,1,0,
frozen,spooky-author-identification,cards_senior_0801.jsonl:4,spooky-author-identification__b2b2fa0e884a482ebd918287b9b58fb9,3,3,3,0,0,0,0,0,3,0,3,1,1,0,
frozen,spooky-author-identification,cards_senior_0801.jsonl:6,spooky-author-identification__b2e83f59e14b4f6bad2ab29ed30e03d6,3,3,3,0,0,0,0,0,3,0,3,1,1,0,
frozen,spooky-author-identification,cards_senior_0730.jsonl:5,spooky-author-identification__b393af5547994420ab658e3a8538b12a,3,3,3,0,0,0,0,0,3,0,3,1,1,0,
frozen,spooky-author-identification,cards_senior_0801.jsonl:4,spooky-author-identification__b4d7b0b547864f748eb24310c99a1261,3,3,3,0,0,0,0,0,3,0,3,1,1,0,
frozen,spooky-author-identification,cards_senior_0801.jsonl:6,spooky-author-identification__b5ad0cdee7f14344a59e7006cd3d6491,3,2,1,1,1,0,0,2,3,0,3,0.33333333333333331,1,0.66666666666666663,1
frozen,spooky-author-identification,cards_senior_0801.jsonl:4,spooky-author-identification__b5e9fd3772d64c37929d1dac4590491a,3,3,3,0,0,0,0,0,3,0,3,1,1,0,
frozen,spooky-author-identification,cards_senior_0801.jsonl:4,spooky-author-identification__b65174ca4e784ffa8abfea5d09de3e7f,3,3,3,0,0,0,0,0,3,0,3,1,1,0,
frozen,spooky-author-identification,cards_senior_0801.jsonl:4,spooky-author-identification__b6960c6791b84d3ea643d2bd0d7886e7,3,3,3,0,0,0,0,0,3,0,3,1,1,0,
frozen,spooky-author-identification,cards_senior_0801.jsonl:4,spooky-author-identification__b9030c3d7cf04ceeb452b2e8df0e5495,3,3,3,0,0,0,0,0,3,0,3,1,1,0,
frozen,spooky-author-identification,cards_senior_0801.jsonl:4,spooky-author-identification__b90413d5abc4467bbd7082e80dbba4ee,3,3,3,0,0,0,0,0,3,0,3,1,1,0,
frozen,spooky-author-identification,cards_senior_0801.jsonl:6,spooky-author-identification__bab1f35f032747c1a8b6e1c84c3b5aaf,3,3,3,0,0,0,0,0,3,0,3,1,1,0,
frozen,spooky-author-identification,cards_senior_0801.jsonl:6,spooky-author-identification__bae2121a5c8043a990e2ad8d362c8a65,3,3,3,0,0,0,0,0,3,0,3,1,1,0,
frozen,spooky-author-identification,cards_senior_0730.jsonl:5,spooky-author-identification__bbc3692d397246808e3cc68eef67fe01,3,2,1,1,1,0,0,2,3,0,3,0.33333333333333331,1,0.66666666666666663,1
frozen,spooky-author-identification,cards_senior_0801.jsonl:6,spooky-author-identification__c235a40bf5ce42139facc92e2915b2c3,3,3,3,0,0,0,0,0,3,0,3,1,1,0,
frozen,spooky-author-identification,cards_senior_0801.jsonl:6,spooky-author-identification__c258fc6250694b4a9f2ec1fc37884da7,3,2,1,1,1,0,0,2,3,0,3,0.33333333333333331,1,0.66666666666666663,1
frozen,spooky-author-identification,cards_senior_0801.jsonl:6,spooky-author-identification__c69b77a55d1442c699f622b17996c1eb,3,3,2,0,0,0,0,0,2,1,3,0.66666666666666663,0.66666666666666663,0,0
frozen,spooky-author-identification,cards_senior_0730.jsonl:5,spooky-author-identification__c6dddb0b439642638ed829d2456a6ff0,3,2,1,1,1,0,0,2,3,0,3,0.33333333333333331,1,0.66666666666666663,1
frozen,spooky-author-identification,cards_senior_0730.jsonl:5,spooky-author-identification__c81bf743b4584a0697b59d6f3d3742e1,3,2,1,0,0,0,1,0,1,2,3,0.33333333333333331,0.33333333333333331,0,0
frozen,spooky-author-identification,cards_senior_0801.jsonl:4,spooky-author-identification__c89a8e70e3c04338a9d4fa5bc895dbfd,3,3,2,0,0,0,0,0,2,1,3,0.66666666666666663,0.66666666666666663,0,0
frozen,spooky-author-identification,cards_senior_0730.jsonl:5,spooky-author-identification__c91923e8b8a646dcb50a757ca3e91749,3,3,3,0,0,0,0,0,3,0,3,1,1,0,
frozen,spooky-author-identification,cards_senior_0801.jsonl:4,spooky-author-identification__cd262ae69f2d4bdd95e7cf4a24fb0f7e,3,3,3,0,0,0,0,0,3,0,3,1,1,0,
frozen,spooky-author-identification,cards_senior_0801.jsonl:6,spooky-author-identification__ce8900c2a329469c8a5c32bbe34dc1a7,3,3,2,0,0,0,0,0,2,1,3,0.66666666666666663,0.66666666666666663,0,0
frozen,spooky-author-identification,cards_senior_0801.jsonl:6,spooky-author-identification__cf4b3474060f4695a5fcf8ee1552ab2f,3,3,2,0,0,0,0,0,2,1,3,0.66666666666666663,0.66666666666666663,0,0
frozen,spooky-author-identification,cards_senior_0730.jsonl:5,spooky-author-identification__d1d46b1789904af583bbf1588ba171f7,3,3,3,0,0,0,0,0,3,0,3,1,1,0,
frozen,spooky-author-identification,cards_senior_0801.jsonl:4,spooky-author-identification__d281d0c312b6448980d1b5f0e5763723,3,3,3,0,0,0,0,0,3,0,3,1,1,0,
frozen,spooky-author-identification,cards_senior_0730.jsonl:5,spooky-author-identification__d36058b474df4eed9f7122a326abba07,3,3,3,0,0,0,0,0,3,0,3,1,1,0,
frozen,spooky-author-identification,cards_senior_0801.jsonl:6,spooky-author-identification__d3c9b877c87a42ae82b24c92c1f4ee63,3,3,3,0,0,0,0,0,3,0,3,1,1,0,
frozen,spooky-author-identification,cards_senior_0801.jsonl:6,spooky-author-identification__d42141e67fc8405fa771dea607fc98f3,3,2,1,1,1,0,0,2,3,0,3,0.33333333333333331,1,0.66666666666666663,1
frozen,spooky-author-identification,cards_senior_0730.jsonl:5,spooky-author-identification__d6d3eb8e9665416aaaed4e3b768320e7,3,2,1,1,1,0,0,2,3,0,3,0.33333333333333331,1,0.66666666666666663,1
frozen,spooky-author-identification,cards_senior_0730.jsonl:5,spooky-author-identification__d7c4a34657474cb48180f68defba370c,3,3,3,0,0,0,0,0,3,0,3,1,1,0,
frozen,spooky-author-identification,cards_senior_0801.jsonl:6,spooky-author-identification__d7c6fa9335a44bb580db57dbae0c19b6,3,3,3,0,0,0,0,0,3,0,3,1,1,0,
frozen,spooky-author-identification,cards_senior_0801.jsonl:4,spooky-author-identification__d9a45656c295454c99be839b7aa23a84,3,2,1,1,1,0,0,2,3,0,3,0.33333333333333331,1,0.66666666666666663,1
frozen,spooky-author-identification,cards_senior_0730.jsonl:5,spooky-author-identification__db2b3fe075684fb5a6c044544009c8be,3,3,3,0,0,0,0,0,3,0,3,1,1,0,
frozen,spooky-author-identification,cards_senior_0730.jsonl:5,spooky-author-identification__db98e5440a224642acf781011a79ac78,3,2,1,1,1,0,0,2,3,0,3,0.33333333333333331,1,0.66666666666666663,1
frozen,spooky-author-identification,cards_senior_0801.jsonl:4,spooky-author-identification__dbd3cd3036434592a8cd769970d372b2,3,3,3,0,0,0,0,0,3,0,3,1,1,0,
frozen,spooky-author-identification,cards_senior_0801.jsonl:4,spooky-author-identification__dbfe279326d346929faef666ca15507e,3,3,2,0,0,0,0,0,2,1,3,0.66666666666666663,0.66666666666666663,0,0
frozen,spooky-author-identification,cards_senior_0801.jsonl:6,spooky-author-identification__dcf583560a184516934bf29d4ca7efac,3,3,3,0,0,0,0,0,3,0,3,1,1,0,
frozen,spooky-author-identification,cards_senior_0801.jsonl:6,spooky-author-identification__dd7794be7d794e48b0716c18f42ec720,3,3,3,0,0,0,0,0,3,0,3,1,1,0,
frozen,spooky-author-identification,cards_senior_0801.jsonl:6,spooky-author-identification__dde400f7b085490ba5bc06dbdb576e99,3,3,3,0,0,0,0,0,3,0,3,1,1,0,
frozen,spooky-author-identification,cards_senior_0801.jsonl:6,spooky-author-identification__df60106194004b7f8286cf29f4aef5ef,3,3,2,0,0,0,0,0,2,1,3,0.66666666666666663,0.66666666666666663,0,0
frozen,spooky-author-identification,cards_senior_0801.jsonl:6,spooky-author-identification__e118068cf832497d9ab3b09ca7c77809,3,3,3,0,0,0,0,0,3,0,3,1,1,0,
frozen,spooky-author-identification,cards_senior_0730.jsonl:5,spooky-author-identification__e27f731b416f4d8db2d8ed0854c17920,3,3,3,0,0,0,0,0,3,0,3,1,1,0,
frozen,spooky-author-identification,cards_senior_0801.jsonl:6,spooky-author-identification__e2a2018edd5b4d149756a19a0ff6eb61,3,3,3,0,0,0,0,0,3,0,3,1,1,0,
frozen,spooky-author-identification,cards_senior_0801.jsonl:4,spooky-author-identification__e32b4e9a651d40bb905364b7df7adc5c,3,3,3,0,0,0,0,0,3,0,3,1,1,0,
frozen,spooky-author-identification,cards_senior_0801.jsonl:6,spooky-author-identification__e7728354e25940218191ff704bcdd2ba,3,3,2,0,0,0,0,0,2,1,3,0.66666666666666663,0.66666666666666663,0,0
frozen,spooky-author-identification,cards_senior_0801.jsonl:4,spooky-author-identification__e9f4e45f7c914b328ace19d2cef79d53,3,2,1,1,1,0,0,2,3,0,3,0.33333333333333331,1,0.66666666666666663,1
frozen,spooky-author-identification,cards_senior_0730.jsonl:5,spooky-author-identification__eaab2ae123aa44aba1d638dc900334f1,3,3,3,0,0,0,0,0,3,0,3,1,1,0,
frozen,spooky-author-identification,cards_senior_0801.jsonl:6,spooky-author-identification__eae363023b4e4f0fb698f745aed29630,3,3,3,0,0,0,0,0,3,0,3,1,1,0,
frozen,spooky-author-identification,cards_senior_0801.jsonl:6,spooky-author-identification__eb9e655d895642b189e3db7f2ca1ad23,3,3,3,0,0,0,0,0,3,0,3,1,1,0,
frozen,spooky-author-identification,cards_senior_0801.jsonl:6,spooky-author-identification__ebc8c7afb60a44819343f83c440675c5,3,3,3,0,0,0,0,0,3,0,3,1,1,0,
frozen,spooky-author-identification,cards_senior_0801.jsonl:4,spooky-author-identification__ed9383e562e94352944444f9d42a1b1b,3,3,2,0,0,0,0,0,2,1,3,0.66666666666666663,0.66666666666666663,0,0
frozen,spooky-author-identification,cards_senior_0801.jsonl:4,spooky-author-identification__edaff613588344118d12d8f7b2444385,3,3,2,0,0,0,0,0,2,1,3,0.66666666666666663,0.66666666666666663,0,0
frozen,spooky-author-identification,cards_senior_0801.jsonl:6,spooky-author-identification__ede27dd43b374b559fb31e96dd39d8e3,3,2,1,1,1,0,0,2,3,0,3,0.33333333333333331,1,0.66666666666666663,1
frozen,spooky-author-identification,cards_senior_0801.jsonl:6,spooky-author-identification__f061ca338298451182eda971edc1529c,3,3,3,0,0,0,0,0,3,0,3,1,1,0,
frozen,spooky-author-identification,cards_senior_0801.jsonl:6,spooky-author-identification__f13a48bedbdb4c4eb4e3d65972a9e9d9,3,3,3,0,0,0,0,0,3,0,3,1,1,0,
frozen,spooky-author-identification,cards_senior_0801.jsonl:6,spooky-author-identification__f145ece1fa984b7b9195680e4f898240,3,3,3,0,0,0,0,0,3,0,3,1,1,0,
frozen,spooky-author-identification,cards_senior_0801.jsonl:4,spooky-author-identification__f16f0385c8904a9b9634cf869fc759a2,3,2,1,1,1,0,0,2,3,0,3,0.33333333333333331,1,0.66666666666666663,1
frozen,spooky-author-identification,cards_senior_0801.jsonl:6,spooky-author-identification__f3194cac7d4f4ea89cc82a76cd4b3e45,3,3,3,0,0,0,0,0,3,0,3,1,1,0,
frozen,spooky-author-identification,cards_senior_0801.jsonl:4,spooky-author-identification__f33fa43b6e06470799444b13d98092f2,3,3,3,0,0,0,0,0,3,0,3,1,1,0,
frozen,spooky-author-identification,cards_senior_0801.jsonl:4,spooky-author-identification__f3db39b719504c96ad99e600781a5ddd,3,3,3,0,0,0,0,0,3,0,3,1,1,0,
frozen,spooky-author-identification,cards_senior_0801.jsonl:6,spooky-author-identification__f52afe0607a649068f9a6dec69e7e508,3,3,3,0,0,0,0,0,3,0,3,1,1,0,
frozen,spooky-author-identification,cards_senior_0801.jsonl:6,spooky-author-identification__f7736431ff0c48a9b33aafc35fd1cb68,3,2,1,1,1,0,0,2,3,0,3,0.33333333333333331,1,0.66666666666666663,1
frozen,spooky-author-identification,cards_senior_0801.jsonl:6,spooky-author-identification__f860f03c77194437a8ec68b9d6733158,3,3,3,0,0,0,0,0,3,0,3,1,1,0,
frozen,spooky-author-identification,cards_senior_0801.jsonl:6,spooky-author-identification__f86356f9ee1c48e78613a67f55c1936c,3,2,1,1,1,0,0,2,3,0,3,0.33333333333333331,1,0.66666666666666663,1
frozen,spooky-author-identification,cards_senior_0801.jsonl:6,spooky-author-identification__f93811ba1b3945ccb65d29b43338073e,3,3,3,0,0,0,0,0,3,0,3,1,1,0,
frozen,spooky-author-identification,cards_senior_0801.jsonl:4,spooky-author-identification__f971f1b0561442ebaac73ee7623a97c2,3,3,3,0,0,0,0,0,3,0,3,1,1,0,
frozen,spooky-author-identification,cards_senior_0801.jsonl:4,spooky-author-identification__f9b683cca037480384d01373a516904b,3,3,2,0,0,0,0,0,2,1,3,0.66666666666666663,0.66666666666666663,0,0
frozen,spooky-author-identification,cards_senior_0801.jsonl:6,spooky-author-identification__fb1ec93a21a04660890ae69f93b51f0b,3,3,2,0,0,0,0,0,2,1,3,0.66666666666666663,0.66666666666666663,0,0
frozen,spooky-author-identification,cards_senior_0801.jsonl:4,spooky-author-identification__fb91e76755ad4dfd94cc522fada3c1e9,3,3,3,0,0,0,0,0,3,0,3,1,1,0,
frozen,spooky-author-identification,cards_senior_0730.jsonl:5,spooky-author-identification__fbb5259bda6a42b98e9619af0807a957,3,3,3,0,0,0,0,0,3,0,3,1,1,0,
frozen,spooky-author-identification,cards_senior_0801.jsonl:4,spooky-author-identification__fce0884bc51a4487ad9fbf643195b55b,3,3,2,0,0,0,0,0,2,1,3,0.66666666666666663,0.66666666666666663,0,0
frozen,spooky-author-identification,cards_senior_0801.jsonl:4,spooky-author-identification__feac990c6086406dae98d5922741dc97,3,3,3,0,0,0,0,0,3,0,3,1,1,0,
frozen,spooky-author-identification,cards_senior_0801.jsonl:4,spooky-author-identification__ff262ea471ed428b8215ac204d548882,3,3,3,0,0,0,0,0,3,0,3,1,1,0,
frozen,spooky-author-identification,cards_senior_0801.jsonl:4,spooky-author-identification__ff285f1950a6478a8fb1e2947f5da11f,3,3,3,0,0,0,0,0,3,0,3,1,1,0,
frozen,spooky-author-identification,cards_t3era_missing.jsonl:14,spooky-author-identification__ff8dc324b8984305b0dd7c14bee67d7c,3,3,3,0,0,0,0,0,3,0,3,1,1,0,
frozen,tabular-playground-series-dec-2021,cards_senior_0801.jsonl:38,tabular-playground-series-dec-2021__0cdec0ffd1ff4511b41aa8c691f2f383,3,2,1,0,0,0,1,0,1,2,3,0.33333333333333331,0.33333333333333331,0,0
frozen,tabular-playground-series-dec-2021,cards_senior_0805seq.jsonl:22,tabular-playground-series-dec-2021__132bb12ff7074c71b3396bb6017ef138,2,2,1,0,0,0,0,0,1,0,1,1,1,0,
frozen,tabular-playground-series-dec-2021,cards_senior_0807.jsonl:23,tabular-playground-series-dec-2021__934ac2235cf749c9ae20875daeb13fda,2,2,1,0,0,0,0,0,1,0,1,1,1,0,
frozen,tabular-playground-series-dec-2021,cards_senior_0807.jsonl:22,tabular-playground-series-dec-2021__b98b7d0f93774f13b332311ed76e2037,2,2,1,0,0,0,0,0,1,0,1,1,1,0,
frozen,tabular-playground-series-may-2022,cards_senior_0801.jsonl:29,tabular-playground-series-may-2022__0ec0c9ffdc0948a4927dab3efcc5eee7,5,4,6,1,1,0,0,4,10,0,10,0.59999999999999998,1,0.40000000000000002,1
frozen,tabular-playground-series-may-2022,cards_senior_0801.jsonl:32,tabular-playground-series-may-2022__10fc148fc8e44982bc4c2faca7f2be36,5,3,3,2,2,0,0,6,9,1,10,0.29999999999999999,0.90000000000000002,0.59999999999999998,0.8571428571428571
frozen,tabular-playground-series-may-2022,cards_senior_0807.jsonl:9,tabular-playground-series-may-2022__1b202e920c854469914637347d2ea365,3,2,1,1,1,0,0,2,3,0,3,0.33333333333333331,1,0.66666666666666663,1
frozen,tabular-playground-series-may-2022,cards_senior_0801.jsonl:32,tabular-playground-series-may-2022__1e88dfb28da542918057866f2657ae3b,5,5,10,0,0,0,0,0,10,0,10,1,1,0,
frozen,tabular-playground-series-may-2022,cards_senior_0801.jsonl:29,tabular-playground-series-may-2022__2db19efb799e4de5895edb93d85b2566,5,3,3,2,2,0,0,6,9,1,10,0.29999999999999999,0.90000000000000002,0.59999999999999998,0.8571428571428571
frozen,tabular-playground-series-may-2022,cards_senior_0727.jsonl:7,tabular-playground-series-may-2022__35664335453443ed894e9d8871e007b6,5,4,6,1,1,0,0,4,10,0,10,0.59999999999999998,1,0.40000000000000002,1
frozen,tabular-playground-series-may-2022,cards_ours_20260727.jsonl:113,tabular-playground-series-may-2022__3fc984a060fa46158d40efa577a700fc,5,3,3,2,2,0,0,6,9,1,10,0.29999999999999999,0.90000000000000002,0.59999999999999998,0.8571428571428571
frozen,tabular-playground-series-may-2022,cards_senior_0801.jsonl:32,tabular-playground-series-may-2022__436f39f220a04163bc1bcd14085d560f,5,2,1,3,3,0,0,6,7,3,10,0.10000000000000001,0.69999999999999996,0.59999999999999998,0.66666666666666663
frozen,tabular-playground-series-may-2022,cards_senior_0801.jsonl:29,tabular-playground-series-may-2022__44d0e7b5df4842d99e17e0759da5bc3f,5,4,6,0,0,0,1,0,6,4,10,0.59999999999999998,0.59999999999999998,0,0
frozen,tabular-playground-series-may-2022,cards_ours_20260727.jsonl:140,tabular-playground-series-may-2022__48951967df204997aee3aa2e62532b3c,5,2,1,0,0,0,3,0,1,9,10,0.10000000000000001,0.10000000000000001,0,0
frozen,tabular-playground-series-may-2022,cards_ours_20260727.jsonl:137,tabular-playground-series-may-2022__505c56bba1864a6db33f1eb9f0e00274,5,3,3,2,2,0,0,6,9,1,10,0.29999999999999999,0.90000000000000002,0.59999999999999998,0.8571428571428571
frozen,tabular-playground-series-may-2022,cards_ours_20260727.jsonl:140,tabular-playground-series-may-2022__63bb3182d23844efb65f5c6f635880c0,5,2,1,3,3,0,0,6,7,3,10,0.10000000000000001,0.69999999999999996,0.59999999999999998,0.66666666666666663
frozen,tabular-playground-series-may-2022,cards_ours_20260727.jsonl:122,tabular-playground-series-may-2022__63c20cfdb488424d8dfe33003302139b,5,2,1,0,0,0,3,0,1,9,10,0.10000000000000001,0.10000000000000001,0,0
frozen,tabular-playground-series-may-2022,cards_ours_20260727.jsonl:114,tabular-playground-series-may-2022__818630c414c14ef7b27c045544f284b9,5,3,3,0,0,0,2,0,3,7,10,0.29999999999999999,0.29999999999999999,0,0
frozen,tabular-playground-series-may-2022,cards_senior_0727.jsonl:7,tabular-playground-series-may-2022__a664fef1dca245fc87dadb322b42247a,5,3,3,2,2,0,0,6,9,1,10,0.29999999999999999,0.90000000000000002,0.59999999999999998,0.8571428571428571
frozen,tabular-playground-series-may-2022,cards_ours_20260727.jsonl:110,tabular-playground-series-may-2022__aad4db5548f0472093b759d6a86f712e,5,2,1,0,0,0,3,0,1,9,10,0.10000000000000001,0.10000000000000001,0,0
frozen,tabular-playground-series-may-2022,cards_ours_20260727.jsonl:137,tabular-playground-series-may-2022__cf6616c4bec747a7a3a45a4d58c4e9c1,5,3,3,0,0,0,2,0,3,7,10,0.29999999999999999,0.29999999999999999,0,0
frozen,tabular-playground-series-may-2022,cards_senior_0807.jsonl:9,tabular-playground-series-may-2022__d1324d0bdc1d4212b1ce8d39f95040cf,3,3,3,0,0,0,0,0,3,0,3,1,1,0,
frozen,tabular-playground-series-may-2022,cards_senior_0801.jsonl:32,tabular-playground-series-may-2022__d24594a0dbf048b790f0a2ca66263821,5,5,10,0,0,0,0,0,10,0,10,1,1,0,
frozen,tabular-playground-series-may-2022,cards_senior_0801.jsonl:32,tabular-playground-series-may-2022__d6c3142116c94514b81a3e0850a9692f,5,4,6,1,1,0,0,4,10,0,10,0.59999999999999998,1,0.40000000000000002,1
frozen,tabular-playground-series-may-2022,cards_ours_20260727.jsonl:122,tabular-playground-series-may-2022__e143d4569f5c48c89a83f5a73516a7a6,5,3,3,2,2,0,0,6,9,1,10,0.29999999999999999,0.90000000000000002,0.59999999999999998,0.8571428571428571
frozen,tabular-playground-series-may-2022,cards_ours_20260727.jsonl:116,tabular-playground-series-may-2022__e8d65c593e2841dcbbf45a87e92889b7,5,3,3,2,2,0,0,6,9,1,10,0.29999999999999999,0.90000000000000002,0.59999999999999998,0.8571428571428571
frozen,tabular-playground-series-may-2022,cards_ours_20260727.jsonl:133,tabular-playground-series-may-2022__f2f51b6cab304bd49ba7dc6ff2fe3fda,5,2,1,3,3,0,0,6,7,3,10,0.10000000000000001,0.69999999999999996,0.59999999999999998,0.66666666666666663
frozen,text-normalization-challenge-english-language,cards_senior_0808.jsonl:23,text-normalization-challenge-english-language__1946507488ea4c9cb541223be7df9745,2,2,1,0,0,0,0,0,1,0,1,1,1,0,
frozen,text-normalization-challenge-english-language,cards_senior_0808.jsonl:23,text-normalization-challenge-english-language__1da931b53f554e14b2e0c33913072898,2,2,1,0,0,0,0,0,1,0,1,1,1,0,
frozen,text-normalization-challenge-english-language,cards_senior_0808.jsonl:22,text-normalization-challenge-english-language__322bd96a8f4e4f6e9de379065219af54,2,2,1,0,0,0,0,0,1,0,1,1,1,0,
frozen,text-normalization-challenge-english-language,cards_senior_0808.jsonl:22,text-normalization-challenge-english-language__4d90e4cc207d48ae83b235eabf41448b,2,2,1,0,0,0,0,0,1,0,1,1,1,0,
frozen,text-normalization-challenge-english-language,cards_senior_0808.jsonl:22,text-normalization-challenge-english-language__5a3e417fde89446db15aa4fe5e9af9d1,2,2,1,0,0,0,0,0,1,0,1,1,1,0,
frozen,text-normalization-challenge-english-language,cards_senior_0808.jsonl:22,text-normalization-challenge-english-language__625f7e30c0f44aec944ba0d4088bd96e,2,2,1,0,0,0,0,0,1,0,1,1,1,0,
frozen,text-normalization-challenge-english-language,cards_senior_0808.jsonl:22,text-normalization-challenge-english-language__858e3b43de80440dbd33e324dea2c6b9,2,2,1,0,0,0,0,0,1,0,1,1,1,0,
frozen,text-normalization-challenge-english-language,cards_senior_0808.jsonl:22,text-normalization-challenge-english-language__96a762ee09a84b1f9303ad5975998c59,2,2,1,0,0,0,0,0,1,0,1,1,1,0,
frozen,text-normalization-challenge-english-language,cards_senior_0808.jsonl:22,text-normalization-challenge-english-language__d28cf7a8f6e7407285f8890122923641,2,2,1,0,0,0,0,0,1,0,1,1,1,0,
frozen,text-normalization-challenge-russian-language,cards_senior_0809.jsonl:23,text-normalization-challenge-russian-language__0308aacd126048e896631fd3d57c4cd0,2,2,1,0,0,0,0,0,1,0,1,1,1,0,
frozen,text-normalization-challenge-russian-language,cards_senior_0809.jsonl:23,text-normalization-challenge-russian-language__0794cdc80bce4002a727a51d1ccb6246,2,2,1,0,0,0,0,0,1,0,1,1,1,0,
frozen,text-normalization-challenge-russian-language,cards_senior_0809.jsonl:26,text-normalization-challenge-russian-language__09be621d91364348ae0fd834f478a8c1,2,2,1,0,0,0,0,0,1,0,1,1,1,0,
frozen,text-normalization-challenge-russian-language,cards_senior_0809.jsonl:23,text-normalization-challenge-russian-language__0cbe5ab914ed4c0084e137aff6c5aac2,2,2,1,0,0,0,0,0,1,0,1,1,1,0,
frozen,text-normalization-challenge-russian-language,cards_senior_0809.jsonl:23,text-normalization-challenge-russian-language__12df4ee4a31c43728bf318e397db833e,2,2,1,0,0,0,0,0,1,0,1,1,1,0,
frozen,text-normalization-challenge-russian-language,cards_senior_0809.jsonl:23,text-normalization-challenge-russian-language__265714a90f6144db8d466aa8c461fab3,2,2,1,0,0,0,0,0,1,0,1,1,1,0,
frozen,text-normalization-challenge-russian-language,cards_senior_0809.jsonl:23,text-normalization-challenge-russian-language__43dbfa889c46450da2f5fab7fcfec4da,2,2,1,0,0,0,0,0,1,0,1,1,1,0,
frozen,text-normalization-challenge-russian-language,cards_senior_0809.jsonl:23,text-normalization-challenge-russian-language__89ba14a623cf42a0a98effa799b0e1a7,2,2,1,0,0,0,0,0,1,0,1,1,1,0,
frozen,text-normalization-challenge-russian-language,cards_senior_0809.jsonl:23,text-normalization-challenge-russian-language__8d2a62699fe148c085713e59fb15d2b4,2,2,1,0,0,0,0,0,1,0,1,1,1,0,
frozen,text-normalization-challenge-russian-language,cards_senior_0809.jsonl:23,text-normalization-challenge-russian-language__945f1c12fa0e4767bce89ea21230e01d,2,2,1,0,0,0,0,0,1,0,1,1,1,0,
frozen,text-normalization-challenge-russian-language,cards_senior_0809.jsonl:23,text-normalization-challenge-russian-language__b57ba4b9cabd4b159501f303678f9ef9,2,2,1,0,0,0,0,0,1,0,1,1,1,0,
frozen,text-normalization-challenge-russian-language,cards_senior_0809.jsonl:23,text-normalization-challenge-russian-language__bbd451dc7b454f7d913bf16a434ac41b,2,2,1,0,0,0,0,0,1,0,1,1,1,0,
frozen,text-normalization-challenge-russian-language,cards_senior_0809.jsonl:23,text-normalization-challenge-russian-language__c31cc5384e6f4f609ece877427c14945,2,2,1,0,0,0,0,0,1,0,1,1,1,0,
frozen,text-normalization-challenge-russian-language,cards_senior_0809.jsonl:26,text-normalization-challenge-russian-language__d8836e28b3d942da861b46964ab4b8b7,2,2,1,0,0,0,0,0,1,0,1,1,1,0,
frozen,text-normalization-challenge-russian-language,cards_senior_0809.jsonl:26,text-normalization-challenge-russian-language__dfc75d558f1e458b9dade67f74880e2b,2,2,1,0,0,0,0,0,1,0,1,1,1,0,
frozen,tweet-sentiment-extraction,cards_senior_0806.jsonl:24,tweet-sentiment-extraction__0951e2a1623e4f3b9742bf5dedb77325,2,2,1,0,0,0,0,0,1,0,1,1,1,0,
frozen,tweet-sentiment-extraction,cards_senior_0806.jsonl:24,tweet-sentiment-extraction__15e684ffb435426f816be8ff05c00157,2,2,1,0,0,0,0,0,1,0,1,1,1,0,
frozen,tweet-sentiment-extraction,cards_senior_0808.jsonl:31,tweet-sentiment-extraction__17dd51a229a04808872269e2b961e738,2,2,1,0,0,0,0,0,1,0,1,1,1,0,
frozen,tweet-sentiment-extraction,cards_senior_0806.jsonl:24,tweet-sentiment-extraction__1f58dd4d92214d27b731de1254bc123d,2,2,1,0,0,0,0,0,1,0,1,1,1,0,
frozen,tweet-sentiment-extraction,cards_senior_0806.jsonl:24,tweet-sentiment-extraction__2aea4dad88dc481582825541ec3f6942,2,2,1,0,0,0,0,0,1,0,1,1,1,0,
frozen,tweet-sentiment-extraction,cards_senior_0806.jsonl:24,tweet-sentiment-extraction__2c11b0fbf1a04935b9854c9573a9a335,2,2,1,0,0,0,0,0,1,0,1,1,1,0,
frozen,tweet-sentiment-extraction,cards_senior_0806.jsonl:24,tweet-sentiment-extraction__2dd226e419444bda9332f9335227453b,2,2,1,0,0,0,0,0,1,0,1,1,1,0,
frozen,tweet-sentiment-extraction,cards_senior_0806.jsonl:24,tweet-sentiment-extraction__40f71171b6aa4dbdb2f0452b8bf41f94,2,2,1,0,0,0,0,0,1,0,1,1,1,0,
frozen,tweet-sentiment-extraction,cards_senior_0806.jsonl:24,tweet-sentiment-extraction__46adc5e68d6b40dbb11b144b2641767b,2,2,1,0,0,0,0,0,1,0,1,1,1,0,
frozen,tweet-sentiment-extraction,cards_senior_0806.jsonl:24,tweet-sentiment-extraction__48b97816fbd14425a3b0bb4e8528cea6,2,2,1,0,0,0,0,0,1,0,1,1,1,0,
frozen,tweet-sentiment-extraction,cards_senior_0808.jsonl:31,tweet-sentiment-extraction__5be644ad99144cb6b4497c8660eebaee,2,2,1,0,0,0,0,0,1,0,1,1,1,0,
frozen,tweet-sentiment-extraction,cards_senior_0808.jsonl:31,tweet-sentiment-extraction__6152ea618c9c496c8185bc0d2d354380,2,2,1,0,0,0,0,0,1,0,1,1,1,0,
frozen,tweet-sentiment-extraction,cards_senior_0806.jsonl:24,tweet-sentiment-extraction__663ddb7a666b4f9db9c1cb8f9c83685b,2,2,1,0,0,0,0,0,1,0,1,1,1,0,
frozen,tweet-sentiment-extraction,cards_senior_0806.jsonl:24,tweet-sentiment-extraction__70234e6586354ac2a68726aa45b70b83,2,2,1,0,0,0,0,0,1,0,1,1,1,0,
frozen,tweet-sentiment-extraction,cards_senior_0806.jsonl:24,tweet-sentiment-extraction__78fbe8221a5d4a4984babced3b026ba4,2,2,1,0,0,0,0,0,1,0,1,1,1,0,
frozen,tweet-sentiment-extraction,cards_senior_0806.jsonl:24,tweet-sentiment-extraction__79b72c1b23df4f8db3284a62700da952,2,2,1,0,0,0,0,0,1,0,1,1,1,0,
frozen,tweet-sentiment-extraction,cards_senior_0806.jsonl:24,tweet-sentiment-extraction__7f7b8b7e050a4b89bb137e14bde306f8,2,2,1,0,0,0,0,0,1,0,1,1,1,0,
frozen,tweet-sentiment-extraction,cards_senior_0806.jsonl:24,tweet-sentiment-extraction__833f0cbe6f4641619ff67e20a7dd3c23,2,2,1,0,0,0,0,0,1,0,1,1,1,0,
frozen,tweet-sentiment-extraction,cards_senior_0806.jsonl:24,tweet-sentiment-extraction__8e096d69a9f64744a3179f05c979d556,2,2,1,0,0,0,0,0,1,0,1,1,1,0,
frozen,tweet-sentiment-extraction,cards_senior_0808.jsonl:31,tweet-sentiment-extraction__8e67290c9fd54dba997e3b505c195ccd,2,2,1,0,0,0,0,0,1,0,1,1,1,0,
frozen,tweet-sentiment-extraction,cards_senior_0806.jsonl:24,tweet-sentiment-extraction__962c0952eb6f4e0ab0c7bb0a13fc4c79,2,2,1,0,0,0,0,0,1,0,1,1,1,0,
frozen,tweet-sentiment-extraction,cards_senior_0806.jsonl:24,tweet-sentiment-extraction__9fc2fee7a06e4ad281c0fbb2a3fe3f12,2,2,1,0,0,0,0,0,1,0,1,1,1,0,
frozen,tweet-sentiment-extraction,cards_senior_0806.jsonl:24,tweet-sentiment-extraction__a5a3bd9c56eb4a8a85fd820ae059a457,2,2,1,0,0,0,0,0,1,0,1,1,1,0,
frozen,tweet-sentiment-extraction,cards_senior_0806.jsonl:24,tweet-sentiment-extraction__b073d62dbc21419bbcbe5a329e113545,2,2,1,0,0,0,0,0,1,0,1,1,1,0,
frozen,tweet-sentiment-extraction,cards_senior_0808.jsonl:31,tweet-sentiment-extraction__ba991b0a79ab4c0b891f8b9d0a51596b,2,2,1,0,0,0,0,0,1,0,1,1,1,0,
frozen,tweet-sentiment-extraction,cards_senior_0808.jsonl:31,tweet-sentiment-extraction__d1885b0e987f42cdb76500c3050dc204,2,2,1,0,0,0,0,0,1,0,1,1,1,0,
frozen,tweet-sentiment-extraction,cards_senior_0806.jsonl:24,tweet-sentiment-extraction__d680305409224abba779c433973d67ad,2,2,1,0,0,0,0,0,1,0,1,1,1,0,
frozen,tweet-sentiment-extraction,cards_ours_20260727.jsonl:78,tweet-sentiment-extraction__e3a6b0cbf8c442d29c34bfeed357e7b9,4,2,1,2,2,0,0,4,5,1,6,0.16666666666666666,0.83333333333333337,0.66666666666666663,0.80000000000000004
frozen,tweet-sentiment-extraction,cards_senior_0806.jsonl:24,tweet-sentiment-extraction__e4b69c19f7054b6aa8389cfdc39e2969,2,2,1,0,0,0,0,0,1,0,1,1,1,0,
frozen,tweet-sentiment-extraction,cards_senior_0806.jsonl:24,tweet-sentiment-extraction__e58beb98859b4fe58aa919aa459c3c81,2,2,1,0,0,0,0,0,1,0,1,1,1,0,
frozen,tweet-sentiment-extraction,cards_senior_0806.jsonl:24,tweet-sentiment-extraction__e86cb481910d44f780f1359d91414832,2,2,1,0,0,0,0,0,1,0,1,1,1,0,
frozen,tweet-sentiment-extraction,cards_senior_0806.jsonl:24,tweet-sentiment-extraction__ef8295526ce54908838533ad2ba5c7bc,2,2,1,0,0,0,0,0,1,0,1,1,1,0,
frozen,tweet-sentiment-extraction,cards_senior_0806.jsonl:24,tweet-sentiment-extraction__f4ea2d18e2ab4322a42cebfe171dd8f0,2,2,1,0,0,0,0,0,1,0,1,1,1,0,
frozen,tweet-sentiment-extraction,cards_senior_0808.jsonl:31,tweet-sentiment-extraction__fc1993112fef43beb761003d1532ca43,2,2,1,0,0,0,0,0,1,0,1,1,1,0,
frozen,us-patent-phrase-to-phrase-matching,cards_senior_0809.jsonl:0,us-patent-phrase-to-phrase-matching__14dff6f4019240b583b6c1f1e28be764,2,2,1,0,0,0,0,0,1,0,1,1,1,0,
frozen,us-patent-phrase-to-phrase-matching,cards_senior_0809.jsonl:0,us-patent-phrase-to-phrase-matching__1ce7ffb5767a46deba4edb340220ab9c,2,2,1,0,0,0,0,0,1,0,1,1,1,0,
frozen,us-patent-phrase-to-phrase-matching,cards_senior_0809.jsonl:0,us-patent-phrase-to-phrase-matching__1d5bacde81d34c93a9689865010dca54,2,2,1,0,0,0,0,0,1,0,1,1,1,0,
frozen,us-patent-phrase-to-phrase-matching,cards_senior_0809.jsonl:0,us-patent-phrase-to-phrase-matching__30a02142caba474dadc957da52892cda,2,2,1,0,0,0,0,0,1,0,1,1,1,0,
frozen,us-patent-phrase-to-phrase-matching,cards_senior_0809.jsonl:0,us-patent-phrase-to-phrase-matching__3bd04fbd77e74e74a15e216bba7cb7f2,2,2,1,0,0,0,0,0,1,0,1,1,1,0,
frozen,us-patent-phrase-to-phrase-matching,cards_senior_0809.jsonl:0,us-patent-phrase-to-phrase-matching__3c22a06bf2df41b8a3919319aec84af6,2,2,1,0,0,0,0,0,1,0,1,1,1,0,
frozen,us-patent-phrase-to-phrase-matching,cards_senior_0809.jsonl:0,us-patent-phrase-to-phrase-matching__3db694a4038048f19562f84b38b3adf3,2,2,1,0,0,0,0,0,1,0,1,1,1,0,
frozen,us-patent-phrase-to-phrase-matching,cards_senior_0809.jsonl:0,us-patent-phrase-to-phrase-matching__4ac09c7e0c354e1cb5436ca28b4fb78a,2,2,1,0,0,0,0,0,1,0,1,1,1,0,
frozen,us-patent-phrase-to-phrase-matching,cards_senior_0809.jsonl:0,us-patent-phrase-to-phrase-matching__50d576bdf874458296f226f6d449f071,2,2,1,0,0,0,0,0,1,0,1,1,1,0,
frozen,us-patent-phrase-to-phrase-matching,cards_senior_0809.jsonl:3,us-patent-phrase-to-phrase-matching__586121ab64c04adcbd5d9cddd9a8797a,2,2,1,0,0,0,0,0,1,0,1,1,1,0,
frozen,us-patent-phrase-to-phrase-matching,cards_senior_0809.jsonl:0,us-patent-phrase-to-phrase-matching__5bd1ff6df04644c48d92ab31f7827904,2,2,1,0,0,0,0,0,1,0,1,1,1,0,
frozen,us-patent-phrase-to-phrase-matching,cards_senior_0809.jsonl:0,us-patent-phrase-to-phrase-matching__63a3ae986af04fbe8e877559ccbcee05,2,2,1,0,0,0,0,0,1,0,1,1,1,0,
frozen,us-patent-phrase-to-phrase-matching,cards_senior_0809.jsonl:0,us-patent-phrase-to-phrase-matching__768b6629d80647959a619e91bd635272,2,2,1,0,0,0,0,0,1,0,1,1,1,0,
frozen,us-patent-phrase-to-phrase-matching,cards_senior_0809.jsonl:0,us-patent-phrase-to-phrase-matching__7a13b994f5a24f8582ee2ac810a6d9df,2,2,1,0,0,0,0,0,1,0,1,1,1,0,
frozen,us-patent-phrase-to-phrase-matching,cards_senior_0809.jsonl:0,us-patent-phrase-to-phrase-matching__7b7e30bbc26547c38c36af49dd77d650,2,2,1,0,0,0,0,0,1,0,1,1,1,0,
frozen,us-patent-phrase-to-phrase-matching,cards_senior_0809.jsonl:0,us-patent-phrase-to-phrase-matching__91b2c9c3ae00450393f4cc5aee4df8ff,2,2,1,0,0,0,0,0,1,0,1,1,1,0,
frozen,us-patent-phrase-to-phrase-matching,cards_senior_0809.jsonl:0,us-patent-phrase-to-phrase-matching__c7e9f7619a9e4910bb26a158a66a6cee,2,2,1,0,0,0,0,0,1,0,1,1,1,0,
frozen,us-patent-phrase-to-phrase-matching,cards_senior_0809.jsonl:0,us-patent-phrase-to-phrase-matching__e646399c73a74620b4ad7ec360f727b5,2,2,1,0,0,0,0,0,1,0,1,1,1,0,
frozen,us-patent-phrase-to-phrase-matching,cards_senior_0809.jsonl:0,us-patent-phrase-to-phrase-matching__eafc9a4148cc474ea13ef4a877d1b436,2,2,1,0,0,0,0,0,1,0,1,1,1,0,
frozen,us-patent-phrase-to-phrase-matching,cards_senior_0809.jsonl:0,us-patent-phrase-to-phrase-matching__f84b487d869444eeb86d22a584ec13f8,2,2,1,0,0,0,0,0,1,0,1,1,1,0,
frozen,whale-categorization-playground,cards_senior_0808.jsonl:4,whale-categorization-playground__0083630439a341a88a4cc872bf2fb1a2,2,2,1,0,0,0,0,0,1,0,1,1,1,0,
frozen,whale-categorization-playground,cards_senior_0808.jsonl:4,whale-categorization-playground__020eb2642f87438abe80c519618756e4,2,2,1,0,0,0,0,0,1,0,1,1,1,0,
frozen,whale-categorization-playground,cards_senior_0808.jsonl:4,whale-categorization-playground__04cdfeb8627249bab59e93ce09fe938a,2,2,1,0,0,0,0,0,1,0,1,1,1,0,
frozen,whale-categorization-playground,cards_senior_0808.jsonl:4,whale-categorization-playground__04e4108e184244edb97fb25f93dedd07,2,2,1,0,0,0,0,0,1,0,1,1,1,0,
frozen,whale-categorization-playground,cards_senior_0808.jsonl:4,whale-categorization-playground__0af566f26c2640458321a8ea095c4b0a,2,2,1,0,0,0,0,0,1,0,1,1,1,0,
frozen,whale-categorization-playground,cards_senior_0808.jsonl:4,whale-categorization-playground__0c567997017f4630a07517a20e349ab2,2,2,1,0,0,0,0,0,1,0,1,1,1,0,
frozen,whale-categorization-playground,cards_senior_0808.jsonl:4,whale-categorization-playground__0e816c92fc354e4eb20cd929ac88a74c,2,2,1,0,0,0,0,0,1,0,1,1,1,0,
frozen,whale-categorization-playground,cards_senior_0808.jsonl:4,whale-categorization-playground__0fbf2d7383074a35a3da417488f97eb6,2,2,1,0,0,0,0,0,1,0,1,1,1,0,
frozen,whale-categorization-playground,cards_senior_0808.jsonl:4,whale-categorization-playground__1165e670a7814b048f551382cec0a281,2,2,1,0,0,0,0,0,1,0,1,1,1,0,
frozen,whale-categorization-playground,cards_senior_0808.jsonl:4,whale-categorization-playground__13cf47d0fe664c979edf66ff60bd6129,2,2,1,0,0,0,0,0,1,0,1,1,1,0,
frozen,whale-categorization-playground,cards_senior_0808.jsonl:4,whale-categorization-playground__16672071924b4184a1c74013dfec4056,2,2,1,0,0,0,0,0,1,0,1,1,1,0,
frozen,whale-categorization-playground,cards_senior_0808.jsonl:4,whale-categorization-playground__1962a7e168554942a4093aca94763d1e,2,2,1,0,0,0,0,0,1,0,1,1,1,0,
frozen,whale-categorization-playground,cards_senior_0808.jsonl:4,whale-categorization-playground__1c2ae1842c25436986f7d80f17baacbd,2,2,1,0,0,0,0,0,1,0,1,1,1,0,
frozen,whale-categorization-playground,cards_senior_0808.jsonl:4,whale-categorization-playground__1c75980af5834d188ccb5924ba24832b,2,2,1,0,0,0,0,0,1,0,1,1,1,0,
frozen,whale-categorization-playground,cards_senior_0808.jsonl:4,whale-categorization-playground__1f144992e0fe4b728d5a65e43dfcc94a,2,2,1,0,0,0,0,0,1,0,1,1,1,0,
frozen,whale-categorization-playground,cards_senior_0807.jsonl:7,whale-categorization-playground__1fc0c6b167844206bd6e2d0b8fd71f56,2,2,1,0,0,0,0,0,1,0,1,1,1,0,
frozen,whale-categorization-playground,cards_senior_0808.jsonl:4,whale-categorization-playground__202df83d248b4143b67b9517eddcba27,2,2,1,0,0,0,0,0,1,0,1,1,1,0,
frozen,whale-categorization-playground,cards_senior_0808.jsonl:4,whale-categorization-playground__2350ef07af8a4b06931f7cd8fd78e5ac,2,2,1,0,0,0,0,0,1,0,1,1,1,0,
frozen,whale-categorization-playground,cards_senior_0808.jsonl:4,whale-categorization-playground__23b37fa8ca63453f9c680cf4b771cf29,2,2,1,0,0,0,0,0,1,0,1,1,1,0,
frozen,whale-categorization-playground,cards_senior_0808.jsonl:4,whale-categorization-playground__247023ee93734cf59d07049cce19b656,2,2,1,0,0,0,0,0,1,0,1,1,1,0,
frozen,whale-categorization-playground,cards_senior_0808.jsonl:4,whale-categorization-playground__26fd73c92f46459087988c09300c23f7,2,2,1,0,0,0,0,0,1,0,1,1,1,0,
frozen,whale-categorization-playground,cards_senior_0808.jsonl:4,whale-categorization-playground__275a853996b541a795716cff462f9f11,2,2,1,0,0,0,0,0,1,0,1,1,1,0,
frozen,whale-categorization-playground,cards_senior_0808.jsonl:4,whale-categorization-playground__29e0aeb602d448a3b3acf80448e7f079,2,2,1,0,0,0,0,0,1,0,1,1,1,0,
frozen,whale-categorization-playground,cards_senior_0808.jsonl:4,whale-categorization-playground__2adb04c21cfb48d89cb2e8f140649a93,2,2,1,0,0,0,0,0,1,0,1,1,1,0,
frozen,whale-categorization-playground,cards_senior_0808.jsonl:4,whale-categorization-playground__2b3ca3ff39cd4ea6ae5425def0b88c3a,2,2,1,0,0,0,0,0,1,0,1,1,1,0,
frozen,whale-categorization-playground,cards_senior_0808.jsonl:4,whale-categorization-playground__2c9542069b6c4622bf8b5f14f2a0170a,2,2,1,0,0,0,0,0,1,0,1,1,1,0,
frozen,whale-categorization-playground,cards_senior_0808.jsonl:4,whale-categorization-playground__2c9c01d7805f49c88b7ba5211bc282ce,2,2,1,0,0,0,0,0,1,0,1,1,1,0,
frozen,whale-categorization-playground,cards_senior_0808.jsonl:4,whale-categorization-playground__2cab38f4e01a4d9e84b16770e812305b,2,2,1,0,0,0,0,0,1,0,1,1,1,0,
frozen,whale-categorization-playground,cards_senior_0808.jsonl:4,whale-categorization-playground__2d45dfad33e24971ad01c4a4622be810,2,2,1,0,0,0,0,0,1,0,1,1,1,0,
frozen,whale-categorization-playground,cards_senior_0808.jsonl:4,whale-categorization-playground__2f2b2273087749a98df934f185d27bf7,2,2,1,0,0,0,0,0,1,0,1,1,1,0,
frozen,whale-categorization-playground,cards_senior_0808.jsonl:4,whale-categorization-playground__2f4c7dbbf1ae48e7b8e1812801288829,2,2,1,0,0,0,0,0,1,0,1,1,1,0,
frozen,whale-categorization-playground,cards_senior_0808.jsonl:4,whale-categorization-playground__3233e9322e05470baf555b0b37f1190e,2,2,1,0,0,0,0,0,1,0,1,1,1,0,
frozen,whale-categorization-playground,cards_senior_0808.jsonl:4,whale-categorization-playground__3280e7cc78b44490a49370e33e7839d3,2,2,1,0,0,0,0,0,1,0,1,1,1,0,
frozen,whale-categorization-playground,cards_senior_0808.jsonl:4,whale-categorization-playground__32def4396ee14dc1aec7ca9827c962f8,2,2,1,0,0,0,0,0,1,0,1,1,1,0,
frozen,whale-categorization-playground,cards_senior_0808.jsonl:4,whale-categorization-playground__33ceff8f4a1244a4862d867ca413290d,2,2,1,0,0,0,0,0,1,0,1,1,1,0,
frozen,whale-categorization-playground,cards_senior_0808.jsonl:4,whale-categorization-playground__33fc73ce9ee345369b9facdfa5e5a031,2,2,1,0,0,0,0,0,1,0,1,1,1,0,
frozen,whale-categorization-playground,cards_senior_0808.jsonl:4,whale-categorization-playground__364bbf54b7c94642930310cc73779621,2,2,1,0,0,0,0,0,1,0,1,1,1,0,
frozen,whale-categorization-playground,cards_senior_0808.jsonl:4,whale-categorization-playground__36726017d53540d0801b8020cc3bf7cb,2,2,1,0,0,0,0,0,1,0,1,1,1,0,
frozen,whale-categorization-playground,cards_senior_0808.jsonl:4,whale-categorization-playground__3727340b5c0b485ea80440bdf0ff840e,2,2,1,0,0,0,0,0,1,0,1,1,1,0,
frozen,whale-categorization-playground,cards_senior_0808.jsonl:4,whale-categorization-playground__387bf3c069434d9280992f36fc23b3f4,2,2,1,0,0,0,0,0,1,0,1,1,1,0,
frozen,whale-categorization-playground,cards_senior_0808.jsonl:4,whale-categorization-playground__3894ea29a7834bc38f7f1a23d9301977,2,2,1,0,0,0,0,0,1,0,1,1,1,0,
frozen,whale-categorization-playground,cards_senior_0808.jsonl:4,whale-categorization-playground__42374385fa5546408c4e3f3d457b04f9,2,2,1,0,0,0,0,0,1,0,1,1,1,0,
frozen,whale-categorization-playground,cards_senior_0808.jsonl:4,whale-categorization-playground__42946e2d791e42b7950c54b9f578160a,2,2,1,0,0,0,0,0,1,0,1,1,1,0,
frozen,whale-categorization-playground,cards_senior_0808.jsonl:4,whale-categorization-playground__42ca8701977d4b3a9c9dca101d3ae4ac,2,2,1,0,0,0,0,0,1,0,1,1,1,0,
frozen,whale-categorization-playground,cards_senior_0808.jsonl:4,whale-categorization-playground__4357df5db0134f668959aefa0ee73ba6,2,2,1,0,0,0,0,0,1,0,1,1,1,0,
frozen,whale-categorization-playground,cards_senior_0808.jsonl:4,whale-categorization-playground__43aca41f55684cdb949ab324c6445756,2,2,1,0,0,0,0,0,1,0,1,1,1,0,
frozen,whale-categorization-playground,cards_senior_0808.jsonl:4,whale-categorization-playground__4579619cdb41483f942e8de06e01cc0c,2,2,1,0,0,0,0,0,1,0,1,1,1,0,
frozen,whale-categorization-playground,cards_senior_0808.jsonl:4,whale-categorization-playground__4683eb1f1bb1451fbcf3b7b58f19a9be,2,2,1,0,0,0,0,0,1,0,1,1,1,0,
frozen,whale-categorization-playground,cards_senior_0808.jsonl:4,whale-categorization-playground__4970c012b4544c509e7178f077b67040,2,2,1,0,0,0,0,0,1,0,1,1,1,0,
frozen,whale-categorization-playground,cards_senior_0808.jsonl:4,whale-categorization-playground__49f818280df344ca82dfb2756117bc1f,2,2,1,0,0,0,0,0,1,0,1,1,1,0,
frozen,whale-categorization-playground,cards_senior_0808.jsonl:4,whale-categorization-playground__4b221bf544a04764ba69f3e1db62d48a,2,2,1,0,0,0,0,0,1,0,1,1,1,0,
frozen,whale-categorization-playground,cards_senior_0807.jsonl:7,whale-categorization-playground__4c9902f2b7b04752821701c352b7732c,2,2,1,0,0,0,0,0,1,0,1,1,1,0,
frozen,whale-categorization-playground,cards_senior_0808.jsonl:4,whale-categorization-playground__4ca8966a931b44cd936401dbb5ffea0e,2,2,1,0,0,0,0,0,1,0,1,1,1,0,
frozen,whale-categorization-playground,cards_senior_0808.jsonl:4,whale-categorization-playground__4db5e65ef6204d728c04f48fe8535709,2,2,1,0,0,0,0,0,1,0,1,1,1,0,
frozen,whale-categorization-playground,cards_senior_0807.jsonl:7,whale-categorization-playground__4ea60f323afc421387841cc0a417edfc,2,2,1,0,0,0,0,0,1,0,1,1,1,0,
frozen,whale-categorization-playground,cards_senior_0808.jsonl:4,whale-categorization-playground__4f0b0a7dc5134148bb5d3e0fc315996d,2,2,1,0,0,0,0,0,1,0,1,1,1,0,
frozen,whale-categorization-playground,cards_senior_0808.jsonl:4,whale-categorization-playground__5251e99a59c2450caa35ecb8ea6c4a86,2,2,1,0,0,0,0,0,1,0,1,1,1,0,
frozen,whale-categorization-playground,cards_senior_0808.jsonl:4,whale-categorization-playground__526ebe6d24d44d8f93c8e506236ec587,2,2,1,0,0,0,0,0,1,0,1,1,1,0,
frozen,whale-categorization-playground,cards_senior_0808.jsonl:4,whale-categorization-playground__533fc24de7dd4080835795b03df7f308,2,2,1,0,0,0,0,0,1,0,1,1,1,0,
frozen,whale-categorization-playground,cards_senior_0808.jsonl:4,whale-categorization-playground__54180eeefe9d4b4ba451c22272e8596d,2,2,1,0,0,0,0,0,1,0,1,1,1,0,
frozen,whale-categorization-playground,cards_senior_0808.jsonl:4,whale-categorization-playground__584796a6916d48fca4cc51b1a8605b93,2,2,1,0,0,0,0,0,1,0,1,1,1,0,
frozen,whale-categorization-playground,cards_senior_0808.jsonl:4,whale-categorization-playground__5851869151f745998bff50ac532971fb,2,2,1,0,0,0,0,0,1,0,1,1,1,0,
frozen,whale-categorization-playground,cards_senior_0808.jsonl:4,whale-categorization-playground__5876a22769b04b86bf4eb07191db4a7c,2,2,1,0,0,0,0,0,1,0,1,1,1,0,
frozen,whale-categorization-playground,cards_senior_0808.jsonl:4,whale-categorization-playground__5b85d91e365144eba8697271f4221f9b,2,2,1,0,0,0,0,0,1,0,1,1,1,0,
frozen,whale-categorization-playground,cards_senior_0808.jsonl:4,whale-categorization-playground__5c144809e06146adbd56aead78e3280d,2,2,1,0,0,0,0,0,1,0,1,1,1,0,
frozen,whale-categorization-playground,cards_senior_0808.jsonl:4,whale-categorization-playground__5cb989d6cc0c4be3aed3f75336175b29,2,2,1,0,0,0,0,0,1,0,1,1,1,0,
frozen,whale-categorization-playground,cards_senior_0807.jsonl:7,whale-categorization-playground__5d2a80dfb52640ef97ad9f1f94d5c1f2,2,2,1,0,0,0,0,0,1,0,1,1,1,0,
frozen,whale-categorization-playground,cards_senior_0808.jsonl:4,whale-categorization-playground__5f0b1a062eae465e91b7f3f47870790c,2,2,1,0,0,0,0,0,1,0,1,1,1,0,
frozen,whale-categorization-playground,cards_senior_0807.jsonl:7,whale-categorization-playground__617d3bdff9c74cf3bb6a73a44e331239,2,2,1,0,0,0,0,0,1,0,1,1,1,0,
frozen,whale-categorization-playground,cards_senior_0808.jsonl:4,whale-categorization-playground__638c3e71915545b2a02ff791798f5bc2,2,2,1,0,0,0,0,0,1,0,1,1,1,0,
frozen,whale-categorization-playground,cards_senior_0808.jsonl:4,whale-categorization-playground__65235bbaab9946b08dfdee14d33b36ef,2,2,1,0,0,0,0,0,1,0,1,1,1,0,
frozen,whale-categorization-playground,cards_senior_0808.jsonl:4,whale-categorization-playground__6cc8442dcca8431ab51b8c34f78108c0,2,2,1,0,0,0,0,0,1,0,1,1,1,0,
frozen,whale-categorization-playground,cards_senior_0808.jsonl:4,whale-categorization-playground__6f1e921f337b490bbd15fcedb1476070,2,2,1,0,0,0,0,0,1,0,1,1,1,0,
frozen,whale-categorization-playground,cards_senior_0808.jsonl:4,whale-categorization-playground__714dd2f45fce42b3bfb1cb7cfc627ac9,2,2,1,0,0,0,0,0,1,0,1,1,1,0,
frozen,whale-categorization-playground,cards_senior_0808.jsonl:4,whale-categorization-playground__72ac284979a14257bf93e27235a4efac,2,2,1,0,0,0,0,0,1,0,1,1,1,0,
frozen,whale-categorization-playground,cards_senior_0808.jsonl:4,whale-categorization-playground__72f60a14c9ec441a80a1f3ee20b84a0b,2,2,1,0,0,0,0,0,1,0,1,1,1,0,
frozen,whale-categorization-playground,cards_senior_0808.jsonl:4,whale-categorization-playground__7526eca941814876893cf65f30051454,2,2,1,0,0,0,0,0,1,0,1,1,1,0,
frozen,whale-categorization-playground,cards_senior_0808.jsonl:4,whale-categorization-playground__75cc6d17e1474aa4a703511062f10870,2,2,1,0,0,0,0,0,1,0,1,1,1,0,
frozen,whale-categorization-playground,cards_senior_0808.jsonl:4,whale-categorization-playground__7731072eb8eb49228a682fe1886acd64,2,2,1,0,0,0,0,0,1,0,1,1,1,0,
frozen,whale-categorization-playground,cards_senior_0808.jsonl:4,whale-categorization-playground__79887045f6c64c6892fc40143a3209af,2,2,1,0,0,0,0,0,1,0,1,1,1,0,
frozen,whale-categorization-playground,cards_senior_0808.jsonl:4,whale-categorization-playground__79e91c41e3a84b49b6b0637f606453dd,2,2,1,0,0,0,0,0,1,0,1,1,1,0,
frozen,whale-categorization-playground,cards_senior_0808.jsonl:4,whale-categorization-playground__7a3acf6ac041436f9508c0f61cfb8794,2,2,1,0,0,0,0,0,1,0,1,1,1,0,
frozen,whale-categorization-playground,cards_senior_0808.jsonl:4,whale-categorization-playground__7b45c6700b9d46fc8ba040c0e95d1111,2,2,1,0,0,0,0,0,1,0,1,1,1,0,
frozen,whale-categorization-playground,cards_senior_0808.jsonl:4,whale-categorization-playground__7ce3e536c1e049afa5f3d5e768c58615,2,2,1,0,0,0,0,0,1,0,1,1,1,0,
frozen,whale-categorization-playground,cards_senior_0808.jsonl:4,whale-categorization-playground__7d88900b15f74c2aaaa0af6cc6365c29,2,2,1,0,0,0,0,0,1,0,1,1,1,0,
frozen,whale-categorization-playground,cards_senior_0808.jsonl:4,whale-categorization-playground__7d8cf8c8894741bca8302ec64365e217,2,2,1,0,0,0,0,0,1,0,1,1,1,0,
frozen,whale-categorization-playground,cards_senior_0808.jsonl:4,whale-categorization-playground__7fcc4bb8fe8a43699ea9d343001f671b,2,2,1,0,0,0,0,0,1,0,1,1,1,0,
frozen,whale-categorization-playground,cards_senior_0807.jsonl:7,whale-categorization-playground__8173f7cff2224e2dbbc05c423ca700c5,2,2,1,0,0,0,0,0,1,0,1,1,1,0,
frozen,whale-categorization-playground,cards_senior_0808.jsonl:4,whale-categorization-playground__823427b1ba354f8abb3ce9a8d91177bf,2,2,1,0,0,0,0,0,1,0,1,1,1,0,
frozen,whale-categorization-playground,cards_senior_0808.jsonl:4,whale-categorization-playground__89445d9e6653492eba0ef8aee12872db,2,2,1,0,0,0,0,0,1,0,1,1,1,0,
frozen,whale-categorization-playground,cards_senior_0808.jsonl:4,whale-categorization-playground__89656a25480e465f8f19f2762ab79092,2,2,1,0,0,0,0,0,1,0,1,1,1,0,
frozen,whale-categorization-playground,cards_senior_0808.jsonl:4,whale-categorization-playground__8b159454dd1145608977a8d1fe8427a9,2,2,1,0,0,0,0,0,1,0,1,1,1,0,
frozen,whale-categorization-playground,cards_senior_0808.jsonl:4,whale-categorization-playground__8d98960a727e4417adace90cad30f9f9,2,2,1,0,0,0,0,0,1,0,1,1,1,0,
frozen,whale-categorization-playground,cards_senior_0808.jsonl:4,whale-categorization-playground__8e72b78b63b14224a0661c7d374373cb,2,2,1,0,0,0,0,0,1,0,1,1,1,0,
frozen,whale-categorization-playground,cards_senior_0808.jsonl:4,whale-categorization-playground__8efea6e6ef8f4bf19b1e346f9329e3dd,2,2,1,0,0,0,0,0,1,0,1,1,1,0,
frozen,whale-categorization-playground,cards_senior_0808.jsonl:4,whale-categorization-playground__96396a3ae67042f0a9c327f6df6be265,2,2,1,0,0,0,0,0,1,0,1,1,1,0,
frozen,whale-categorization-playground,cards_senior_0808.jsonl:4,whale-categorization-playground__971f9a17bb5e4b4b9501013ea6a54997,2,2,1,0,0,0,0,0,1,0,1,1,1,0,
frozen,whale-categorization-playground,cards_senior_0807.jsonl:7,whale-categorization-playground__989ca6ab7b694dedb412558f3c477800,2,2,1,0,0,0,0,0,1,0,1,1,1,0,
frozen,whale-categorization-playground,cards_senior_0808.jsonl:4,whale-categorization-playground__98ab4969c82643c69660e97fee7362c4,2,2,1,0,0,0,0,0,1,0,1,1,1,0,
frozen,whale-categorization-playground,cards_senior_0808.jsonl:4,whale-categorization-playground__9a9c715eb2e348fb9a71ad6ccd96b8ed,2,2,1,0,0,0,0,0,1,0,1,1,1,0,
frozen,whale-categorization-playground,cards_senior_0808.jsonl:4,whale-categorization-playground__9b9ed07bc3ad4e328d309daed94642f9,2,2,1,0,0,0,0,0,1,0,1,1,1,0,
frozen,whale-categorization-playground,cards_senior_0808.jsonl:4,whale-categorization-playground__9bfc646b3e92473abc4a439004f06e16,2,2,1,0,0,0,0,0,1,0,1,1,1,0,
frozen,whale-categorization-playground,cards_senior_0808.jsonl:4,whale-categorization-playground__9d4efc482f9e4f9f8f6d2ca5429b0d90,2,2,1,0,0,0,0,0,1,0,1,1,1,0,
frozen,whale-categorization-playground,cards_senior_0807.jsonl:7,whale-categorization-playground__9da2b6b9bf584bc0a10555341299dc11,2,2,1,0,0,0,0,0,1,0,1,1,1,0,
frozen,whale-categorization-playground,cards_senior_0808.jsonl:4,whale-categorization-playground__a2135096de2d4f8fb30c63d334ee3949,2,2,1,0,0,0,0,0,1,0,1,1,1,0,
frozen,whale-categorization-playground,cards_senior_0808.jsonl:4,whale-categorization-playground__a590b9794a4e4f8eb81418a1a4a0f656,2,2,1,0,0,0,0,0,1,0,1,1,1,0,
frozen,whale-categorization-playground,cards_senior_0808.jsonl:4,whale-categorization-playground__ab43098d8a5a4035b805ef678c36e1d6,2,2,1,0,0,0,0,0,1,0,1,1,1,0,
frozen,whale-categorization-playground,cards_senior_0808.jsonl:4,whale-categorization-playground__ac7d1b9ef21d4283a5530f637a2fbe3a,2,2,1,0,0,0,0,0,1,0,1,1,1,0,
frozen,whale-categorization-playground,cards_senior_0808.jsonl:4,whale-categorization-playground__ad2136dbbead41cfa9ebc92711952b4c,2,2,1,0,0,0,0,0,1,0,1,1,1,0,
frozen,whale-categorization-playground,cards_senior_0808.jsonl:4,whale-categorization-playground__ae0e34ca756f4b18b764867e6179f113,2,2,1,0,0,0,0,0,1,0,1,1,1,0,
frozen,whale-categorization-playground,cards_senior_0808.jsonl:4,whale-categorization-playground__ae2253c5c5d449a9b21d744cfec9a5e7,2,2,1,0,0,0,0,0,1,0,1,1,1,0,
frozen,whale-categorization-playground,cards_senior_0808.jsonl:4,whale-categorization-playground__ae3d926865784509bb3b13af77770bf4,2,2,1,0,0,0,0,0,1,0,1,1,1,0,
frozen,whale-categorization-playground,cards_senior_0808.jsonl:4,whale-categorization-playground__b0493f565138463aafeaeb70fab4a951,2,2,1,0,0,0,0,0,1,0,1,1,1,0,
frozen,whale-categorization-playground,cards_senior_0808.jsonl:4,whale-categorization-playground__b0cc0e28a1fe425db53c7575904c084c,2,2,1,0,0,0,0,0,1,0,1,1,1,0,
frozen,whale-categorization-playground,cards_senior_0808.jsonl:4,whale-categorization-playground__b1df67f4f4a64dafa3ee81b8bd39e2cc,2,2,1,0,0,0,0,0,1,0,1,1,1,0,
frozen,whale-categorization-playground,cards_senior_0808.jsonl:4,whale-categorization-playground__b463a5a0e46e40e98f172722ddbd773a,2,2,1,0,0,0,0,0,1,0,1,1,1,0,
frozen,whale-categorization-playground,cards_senior_0808.jsonl:4,whale-categorization-playground__b545f3813ede4abd879da0e8f69211d9,2,2,1,0,0,0,0,0,1,0,1,1,1,0,
frozen,whale-categorization-playground,cards_senior_0808.jsonl:4,whale-categorization-playground__b5f45d2ce23f47daa9f0b15d70b3001e,2,2,1,0,0,0,0,0,1,0,1,1,1,0,
frozen,whale-categorization-playground,cards_senior_0808.jsonl:4,whale-categorization-playground__b90628e666304e37aae1d7b746c71421,2,2,1,0,0,0,0,0,1,0,1,1,1,0,
frozen,whale-categorization-playground,cards_senior_0808.jsonl:4,whale-categorization-playground__b92c93cacc844022a9d871920d866397,2,2,1,0,0,0,0,0,1,0,1,1,1,0,
frozen,whale-categorization-playground,cards_senior_0808.jsonl:4,whale-categorization-playground__ba8ac320ad124069b9e9998009555bdc,2,2,1,0,0,0,0,0,1,0,1,1,1,0,
frozen,whale-categorization-playground,cards_senior_0808.jsonl:4,whale-categorization-playground__bb043766a1ce4bee98601fe0d881a310,2,2,1,0,0,0,0,0,1,0,1,1,1,0,
frozen,whale-categorization-playground,cards_senior_0808.jsonl:4,whale-categorization-playground__bc838ff752d7447cabd684084c136dd3,2,2,1,0,0,0,0,0,1,0,1,1,1,0,
frozen,whale-categorization-playground,cards_senior_0808.jsonl:4,whale-categorization-playground__bd9fe2cb573d4bd1bd064db704f7cbba,2,2,1,0,0,0,0,0,1,0,1,1,1,0,
frozen,whale-categorization-playground,cards_senior_0808.jsonl:4,whale-categorization-playground__be9997ce046c40e79a439efcb096b400,2,2,1,0,0,0,0,0,1,0,1,1,1,0,
frozen,whale-categorization-playground,cards_senior_0808.jsonl:4,whale-categorization-playground__bf174c2f4eff4590908c29bd5a2c568e,2,2,1,0,0,0,0,0,1,0,1,1,1,0,
frozen,whale-categorization-playground,cards_senior_0807.jsonl:7,whale-categorization-playground__c4a90a89608a45c4a7096783b53322f0,2,2,1,0,0,0,0,0,1,0,1,1,1,0,
frozen,whale-categorization-playground,cards_senior_0808.jsonl:4,whale-categorization-playground__c9d2f7d235184239b400c9bd6ca6100e,2,2,1,0,0,0,0,0,1,0,1,1,1,0,
frozen,whale-categorization-playground,cards_senior_0808.jsonl:4,whale-categorization-playground__cb0c2ec82524444487348cbb37a7bb34,2,2,1,0,0,0,0,0,1,0,1,1,1,0,
frozen,whale-categorization-playground,cards_senior_0808.jsonl:4,whale-categorization-playground__cb570752437e4bb899c87815ea386af6,2,2,1,0,0,0,0,0,1,0,1,1,1,0,
frozen,whale-categorization-playground,cards_senior_0808.jsonl:4,whale-categorization-playground__cccef55e09f8494fadffea60943b11d6,2,2,1,0,0,0,0,0,1,0,1,1,1,0,
frozen,whale-categorization-playground,cards_senior_0808.jsonl:4,whale-categorization-playground__cd39c9cf81b94a5a8e8067f342bf8dfc,2,2,1,0,0,0,0,0,1,0,1,1,1,0,
frozen,whale-categorization-playground,cards_senior_0808.jsonl:4,whale-categorization-playground__d153ce2adc8b499593db4d5b6365bbdd,2,2,1,0,0,0,0,0,1,0,1,1,1,0,
frozen,whale-categorization-playground,cards_senior_0808.jsonl:4,whale-categorization-playground__d441d0b746ca40319480c1ed893f6bc8,2,2,1,0,0,0,0,0,1,0,1,1,1,0,
frozen,whale-categorization-playground,cards_senior_0808.jsonl:4,whale-categorization-playground__d680ede94cf745f7b76cbe532f6d7738,2,2,1,0,0,0,0,0,1,0,1,1,1,0,
frozen,whale-categorization-playground,cards_senior_0808.jsonl:4,whale-categorization-playground__d857858d40744045aa5c098c69e82f9e,2,2,1,0,0,0,0,0,1,0,1,1,1,0,
frozen,whale-categorization-playground,cards_senior_0808.jsonl:4,whale-categorization-playground__da793cf6a10f4ee4941ebf4e0f41268e,2,2,1,0,0,0,0,0,1,0,1,1,1,0,
frozen,whale-categorization-playground,cards_senior_0808.jsonl:4,whale-categorization-playground__db2b789a634140eb9cf589d7c2129fee,2,2,1,0,0,0,0,0,1,0,1,1,1,0,
frozen,whale-categorization-playground,cards_senior_0808.jsonl:4,whale-categorization-playground__dbe2f8961cff49c1bdb2c4cc68e38eaa,2,2,1,0,0,0,0,0,1,0,1,1,1,0,
frozen,whale-categorization-playground,cards_senior_0808.jsonl:4,whale-categorization-playground__dc5aedbfd7604a6fa291de2d5083c0e2,2,2,1,0,0,0,0,0,1,0,1,1,1,0,
frozen,whale-categorization-playground,cards_senior_0808.jsonl:4,whale-categorization-playground__dceb348fbcc2437b8ecbcdafe2814bca,2,2,1,0,0,0,0,0,1,0,1,1,1,0,
frozen,whale-categorization-playground,cards_senior_0808.jsonl:4,whale-categorization-playground__dec549705ed44b07998655d761c6c9e7,2,2,1,0,0,0,0,0,1,0,1,1,1,0,
frozen,whale-categorization-playground,cards_senior_0808.jsonl:4,whale-categorization-playground__e0df68c7489247bb8afdc8f86eed83fa,2,2,1,0,0,0,0,0,1,0,1,1,1,0,
frozen,whale-categorization-playground,cards_senior_0808.jsonl:4,whale-categorization-playground__e39ffada64df4d14bea9a05339eb8314,2,2,1,0,0,0,0,0,1,0,1,1,1,0,
frozen,whale-categorization-playground,cards_senior_0808.jsonl:4,whale-categorization-playground__e4743354370f499b98cfe92e1a73edcd,2,2,1,0,0,0,0,0,1,0,1,1,1,0,
frozen,whale-categorization-playground,cards_senior_0808.jsonl:4,whale-categorization-playground__e73cf1950d924f7081de1d0f4c90cb33,2,2,1,0,0,0,0,0,1,0,1,1,1,0,
frozen,whale-categorization-playground,cards_senior_0808.jsonl:4,whale-categorization-playground__e79031de4aa848979580f3f56062658f,2,2,1,0,0,0,0,0,1,0,1,1,1,0,
frozen,whale-categorization-playground,cards_senior_0808.jsonl:4,whale-categorization-playground__ebbf2ea7f23c4254a112a07bde60228b,2,2,1,0,0,0,0,0,1,0,1,1,1,0,
frozen,whale-categorization-playground,cards_senior_0808.jsonl:4,whale-categorization-playground__eca2e9a63768474e8f28540f7c4cc1a9,2,2,1,0,0,0,0,0,1,0,1,1,1,0,
frozen,whale-categorization-playground,cards_senior_0808.jsonl:4,whale-categorization-playground__eca94b45c45c404da21b9d2397db3154,2,2,1,0,0,0,0,0,1,0,1,1,1,0,
frozen,whale-categorization-playground,cards_senior_0808.jsonl:4,whale-categorization-playground__ed02ee28a897427f9164aaf8e3bcf4b0,2,2,1,0,0,0,0,0,1,0,1,1,1,0,
frozen,whale-categorization-playground,cards_senior_0808.jsonl:4,whale-categorization-playground__ed8059d36498448683e38e49ef8cc98d,2,2,1,0,0,0,0,0,1,0,1,1,1,0,
frozen,whale-categorization-playground,cards_senior_0808.jsonl:4,whale-categorization-playground__ef9c4f011ec94aec9b5a148b8d6cc5b2,2,2,1,0,0,0,0,0,1,0,1,1,1,0,
frozen,whale-categorization-playground,cards_senior_0808.jsonl:4,whale-categorization-playground__f0b7d52c7e4a4541bbd3136d080284de,2,2,1,0,0,0,0,0,1,0,1,1,1,0,
frozen,whale-categorization-playground,cards_senior_0808.jsonl:4,whale-categorization-playground__f0be474d6c084f35a3c2a36f36c8deb1,2,2,1,0,0,0,0,0,1,0,1,1,1,0,
frozen,whale-categorization-playground,cards_senior_0808.jsonl:4,whale-categorization-playground__f3e3d72b74ef4739b6992dcb26de7130,2,2,1,0,0,0,0,0,1,0,1,1,1,0,
frozen,whale-categorization-playground,cards_senior_0808.jsonl:4,whale-categorization-playground__f44d79fd83614ae38949628a9e3f775b,2,2,1,0,0,0,0,0,1,0,1,1,1,0,
frozen,whale-categorization-playground,cards_senior_0808.jsonl:4,whale-categorization-playground__f7fc8646cdf349768c151fc4c9ed959e,2,2,1,0,0,0,0,0,1,0,1,1,1,0,
frozen,whale-categorization-playground,cards_senior_0808.jsonl:4,whale-categorization-playground__f8d22f66deb848768d460a7f2cb96adc,2,2,1,0,0,0,0,0,1,0,1,1,1,0,
frozen,whale-categorization-playground,cards_senior_0808.jsonl:4,whale-categorization-playground__f9b758a9917041a7b0a8b7b89e421274,2,2,1,0,0,0,0,0,1,0,1,1,1,0,
frozen,whale-categorization-playground,cards_senior_0808.jsonl:4,whale-categorization-playground__fab1fd4e62184424a34a13e182acd36b,2,2,1,0,0,0,0,0,1,0,1,1,1,0,
frozen,whale-categorization-playground,cards_senior_0808.jsonl:4,whale-categorization-playground__fc2abfdd4b004c3fb5b9401f65848e5b,2,2,1,0,0,0,0,0,1,0,1,1,1,0,
frozen,whale-categorization-playground,cards_senior_0808.jsonl:4,whale-categorization-playground__fcd27491f8cb4f58a2e6293baac19390,2,2,1,0,0,0,0,0,1,0,1,1,1,0,
frozen,whale-categorization-playground,cards_senior_0808.jsonl:4,whale-categorization-playground__fdddc49ca71647528ab0cce114ee3cb1,2,2,1,0,0,0,0,0,1,0,1,1,1,0,
frozen,whale-categorization-playground,cards_senior_0808.jsonl:4,whale-categorization-playground__fec6d86a7a4942418751d8056a9102ee,2,2,1,0,0,0,0,0,1,0,1,1,1,0,
frozen,whale-categorization-playground,cards_senior_0808.jsonl:4,whale-categorization-playground__fecfe234a1ab4b8f8567c08b9b0f67ff,2,2,1,0,0,0,0,0,1,0,1,1,1,0,
frozen,whale-categorization-playground,cards_senior_0808.jsonl:4,whale-categorization-playground__ff73b3ca28af4e8bb46eb13304fc57f0,2,2,1,0,0,0,0,0,1,0,1,1,1,0,
train,aptos2019-blindness-detection,cards_senior_0810.jsonl:16,aptos2019-blindness-detection__140c27c2e4b341c9b03f51ea22699acf,2,2,1,0,0,0,0,0,1,0,1,1,1,0,
train,aptos2019-blindness-detection,cards_senior_0808.jsonl:14,aptos2019-blindness-detection__21115182d7e84c87b4ac30f86564e5c0,2,2,1,0,0,0,0,0,1,0,1,1,1,0,
train,aptos2019-blindness-detection,cards_senior_0808.jsonl:14,aptos2019-blindness-detection__21ae5e4b86694abc8289e9e59853234e,2,2,1,0,0,0,0,0,1,0,1,1,1,0,
train,aptos2019-blindness-detection,cards_senior_0810.jsonl:16,aptos2019-blindness-detection__2ab53c1b07b6494c9d21273e93221986,2,2,1,0,0,0,0,0,1,0,1,1,1,0,
train,aptos2019-blindness-detection,cards_senior_0808.jsonl:14,aptos2019-blindness-detection__2de90454a9b042e8bd92ca940adc2d27,2,2,1,0,0,0,0,0,1,0,1,1,1,0,
train,aptos2019-blindness-detection,cards_senior_0808.jsonl:14,aptos2019-blindness-detection__3fbca6a59d4343be9dab5ec4fb6e9f29,2,2,1,0,0,0,0,0,1,0,1,1,1,0,
train,aptos2019-blindness-detection,cards_senior_0810.jsonl:16,aptos2019-blindness-detection__48766d9d76324783bbb968efee7f4bc3,2,2,1,0,0,0,0,0,1,0,1,1,1,0,
train,aptos2019-blindness-detection,cards_senior_0810.jsonl:16,aptos2019-blindness-detection__497de083c10a4b85b1059533ebcbf7f4,2,2,1,0,0,0,0,0,1,0,1,1,1,0,
train,aptos2019-blindness-detection,cards_senior_0808.jsonl:14,aptos2019-blindness-detection__4d31ce9769bf4519a0991a91a653707c,2,2,1,0,0,0,0,0,1,0,1,1,1,0,
train,aptos2019-blindness-detection,cards_senior_0808.jsonl:14,aptos2019-blindness-detection__556f11b947c34f4893b2131620335447,2,2,1,0,0,0,0,0,1,0,1,1,1,0,
train,aptos2019-blindness-detection,cards_senior_0810.jsonl:16,aptos2019-blindness-detection__5c27f9da52ee4712a25e8550992600ed,2,2,1,0,0,0,0,0,1,0,1,1,1,0,
train,aptos2019-blindness-detection,cards_senior_0808.jsonl:14,aptos2019-blindness-detection__655f7310d8304de9a0544160c6a79151,2,2,1,0,0,0,0,0,1,0,1,1,1,0,
train,aptos2019-blindness-detection,cards_senior_0808.jsonl:14,aptos2019-blindness-detection__6831ecf58f56434c8938af19042b2f7e,2,2,1,0,0,0,0,0,1,0,1,1,1,0,
train,aptos2019-blindness-detection,cards_senior_0808.jsonl:14,aptos2019-blindness-detection__6a7edb0a239a40ae8ad686178aba8479,2,2,1,0,0,0,0,0,1,0,1,1,1,0,
train,aptos2019-blindness-detection,cards_senior_0810.jsonl:16,aptos2019-blindness-detection__6d1100aa605b49ecb37d5fa124b826b8,2,2,1,0,0,0,0,0,1,0,1,1,1,0,
train,aptos2019-blindness-detection,cards_senior_0808.jsonl:14,aptos2019-blindness-detection__6e50dba26b8449cfaae46ebf62dcaf96,2,2,1,0,0,0,0,0,1,0,1,1,1,0,
train,aptos2019-blindness-detection,cards_senior_0810.jsonl:16,aptos2019-blindness-detection__783b8c062e8e42fcbe06f168c0d0e3f0,2,2,1,0,0,0,0,0,1,0,1,1,1,0,
train,aptos2019-blindness-detection,cards_senior_0810.jsonl:16,aptos2019-blindness-detection__7b85b256036b48c684533b171d58c0f8,2,2,1,0,0,0,0,0,1,0,1,1,1,0,
train,aptos2019-blindness-detection,cards_senior_0810.jsonl:16,aptos2019-blindness-detection__8943e625082941b9814062749ad18f76,2,2,1,0,0,0,0,0,1,0,1,1,1,0,
train,aptos2019-blindness-detection,cards_senior_0810.jsonl:16,aptos2019-blindness-detection__916e6a623abd47ab9d1222e49a2a70b0,2,2,1,0,0,0,0,0,1,0,1,1,1,0,
train,aptos2019-blindness-detection,cards_senior_0808.jsonl:14,aptos2019-blindness-detection__92c062f2f2214a2bb19a7af2c8cb9ade,2,2,1,0,0,0,0,0,1,0,1,1,1,0,
train,aptos2019-blindness-detection,cards_senior_0808.jsonl:14,aptos2019-blindness-detection__9418dd34c2eb407294cc4aeaab4ea1d0,2,2,1,0,0,0,0,0,1,0,1,1,1,0,
train,aptos2019-blindness-detection,cards_senior_0808.jsonl:14,aptos2019-blindness-detection__95a0f83ce1c841aeb9d50dd50933a497,2,2,1,0,0,0,0,0,1,0,1,1,1,0,
train,aptos2019-blindness-detection,cards_senior_0810.jsonl:16,aptos2019-blindness-detection__9b2a494c3f794be58951a352a7eebb2e,2,2,1,0,0,0,0,0,1,0,1,1,1,0,
train,aptos2019-blindness-detection,cards_senior_0810.jsonl:16,aptos2019-blindness-detection__a2ab264ed7ba43b98f9f47fe6413ce09,2,2,1,0,0,0,0,0,1,0,1,1,1,0,
train,aptos2019-blindness-detection,cards_senior_0808.jsonl:14,aptos2019-blindness-detection__aae4d39a127e4aac8aa050959efbf367,2,2,1,0,0,0,0,0,1,0,1,1,1,0,
train,aptos2019-blindness-detection,cards_senior_0810.jsonl:16,aptos2019-blindness-detection__c0d025a7c6984800a91d1ee98e541fcc,2,2,1,0,0,0,0,0,1,0,1,1,1,0,
train,aptos2019-blindness-detection,cards_senior_0810.jsonl:16,aptos2019-blindness-detection__d6207c1efd3a4231b87230ffe1f5c48f,2,2,1,0,0,0,0,0,1,0,1,1,1,0,
train,aptos2019-blindness-detection,cards_senior_0810.jsonl:16,aptos2019-blindness-detection__e0a859e44294459f9c9ee3355437e5b0,2,2,1,0,0,0,0,0,1,0,1,1,1,0,
train,aptos2019-blindness-detection,cards_senior_0808.jsonl:14,aptos2019-blindness-detection__e5ed3e85e7424bfa9d73b72c5b4a94c3,2,2,1,0,0,0,0,0,1,0,1,1,1,0,
train,aptos2019-blindness-detection,cards_senior_0808.jsonl:14,aptos2019-blindness-detection__eb3a671f15564d19a45452079516889c,2,2,1,0,0,0,0,0,1,0,1,1,1,0,
train,aptos2019-blindness-detection,cards_senior_0810.jsonl:16,aptos2019-blindness-detection__eba0ae2f8c6e4ef59eb06809a7551fff,2,2,1,0,0,0,0,0,1,0,1,1,1,0,
train,aptos2019-blindness-detection,cards_senior_0808.jsonl:14,aptos2019-blindness-detection__f2811fa445504df3bb3d5564186a066a,2,2,1,0,0,0,0,0,1,0,1,1,1,0,
train,aptos2019-blindness-detection,cards_senior_0810.jsonl:16,aptos2019-blindness-detection__fb3c98c1011f44b58051b1f7388c5b8d,2,2,1,0,0,0,0,0,1,0,1,1,1,0,
train,chaii-hindi-and-tamil-question-answering,cards_senior_0801.jsonl:15,chaii-hindi-and-tamil-question-answering__00cb279dbe6a453a8ca61d8cc73aecf5,3,3,3,0,0,0,0,0,3,0,3,1,1,0,
train,chaii-hindi-and-tamil-question-answering,cards_senior_0801.jsonl:17,chaii-hindi-and-tamil-question-answering__042ea255bcab40259724510b9bc6c19b,3,3,3,0,0,0,0,0,3,0,3,1,1,0,
train,chaii-hindi-and-tamil-question-answering,cards_deepB2.jsonl:2,chaii-hindi-and-tamil-question-answering__04e02e2743ea41d99f9032aa320a6009,5,3,3,2,2,0,0,6,9,1,10,0.29999999999999999,0.90000000000000002,0.59999999999999998,0.8571428571428571
train,chaii-hindi-and-tamil-question-answering,cards_senior_0801.jsonl:14,chaii-hindi-and-tamil-question-answering__074db4fdfc424a44a5a7fb33e03c0635,3,3,3,0,0,0,0,0,3,0,3,1,1,0,
train,chaii-hindi-and-tamil-question-answering,cards_senior_0801.jsonl:11,chaii-hindi-and-tamil-question-answering__09c2464a2de64a378ace6b4913378264,3,3,3,0,0,0,0,0,3,0,3,1,1,0,
train,chaii-hindi-and-tamil-question-answering,cards_senior_0801.jsonl:17,chaii-hindi-and-tamil-question-answering__115c604b1645493aafc7b70f7d1ef4f1,3,3,3,0,0,0,0,0,3,0,3,1,1,0,
train,chaii-hindi-and-tamil-question-answering,cards_senior_0801.jsonl:17,chaii-hindi-and-tamil-question-answering__11f666acc3ff437c90506a7330e840f9,3,3,3,0,0,0,0,0,3,0,3,1,1,0,
train,chaii-hindi-and-tamil-question-answering,cards_senior_0801.jsonl:12,chaii-hindi-and-tamil-question-answering__12233490b1ed47b8800a579fc82587af,3,2,1,1,1,0,0,2,3,0,3,0.33333333333333331,1,0.66666666666666663,1
train,chaii-hindi-and-tamil-question-answering,cards_senior_0801.jsonl:15,chaii-hindi-and-tamil-question-answering__13b606e5f07a44dca6720732fb571618,3,3,3,0,0,0,0,0,3,0,3,1,1,0,
train,chaii-hindi-and-tamil-question-answering,cards_senior_0801.jsonl:17,chaii-hindi-and-tamil-question-answering__15bf82b679654e92ad1b13f290763a30,3,2,1,1,1,0,0,2,3,0,3,0.33333333333333331,1,0.66666666666666663,1
train,chaii-hindi-and-tamil-question-answering,cards_senior_0801.jsonl:11,chaii-hindi-and-tamil-question-answering__19e7c8f48bea4e99b000c4ca852f34bc,3,2,1,1,1,0,0,2,3,0,3,0.33333333333333331,1,0.66666666666666663,1
train,chaii-hindi-and-tamil-question-answering,cards_deepB2.jsonl:0,chaii-hindi-and-tamil-question-answering__1be0fc2415f74c55b2a9ed30bb5ffd47,5,3,3,2,2,0,0,6,9,1,10,0.29999999999999999,0.90000000000000002,0.59999999999999998,0.8571428571428571
train,chaii-hindi-and-tamil-question-answering,cards_senior_0801.jsonl:12,chaii-hindi-and-tamil-question-answering__1ce9213c6d304b73aa61667d564e3454,3,2,1,1,1,0,0,2,3,0,3,0.33333333333333331,1,0.66666666666666663,1
train,chaii-hindi-and-tamil-question-answering,cards_senior_0801.jsonl:17,chaii-hindi-and-tamil-question-answering__21104254cc334291835449e910023abf,3,2,1,1,1,0,0,2,3,0,3,0.33333333333333331,1,0.66666666666666663,1
train,chaii-hindi-and-tamil-question-answering,cards_senior_0801.jsonl:12,chaii-hindi-and-tamil-question-answering__22825cc6356d456ca602b51076471357,3,3,3,0,0,0,0,0,3,0,3,1,1,0,
train,chaii-hindi-and-tamil-question-answering,cards_senior_0801.jsonl:11,chaii-hindi-and-tamil-question-answering__22c4f0983cfc4a0ca166f9909d9c4a77,3,3,3,0,0,0,0,0,3,0,3,1,1,0,
train,chaii-hindi-and-tamil-question-answering,cards_senior_0801.jsonl:12,chaii-hindi-and-tamil-question-answering__2452fac6725242bc855d41ebd80feff2,3,3,3,0,0,0,0,0,3,0,3,1,1,0,
train,chaii-hindi-and-tamil-question-answering,cards_deepB2.jsonl:2,chaii-hindi-and-tamil-question-answering__26563a713b70497391f6758541f78d3c,5,5,10,0,0,0,0,0,10,0,10,1,1,0,
train,chaii-hindi-and-tamil-question-answering,cards_deepB2.jsonl:2,chaii-hindi-and-tamil-question-answering__27d1e402ecde41f58bb96eb3be369c56,5,5,10,0,0,0,0,0,10,0,10,1,1,0,
train,chaii-hindi-and-tamil-question-answering,cards_senior_0728.jsonl:10,chaii-hindi-and-tamil-question-answering__2a62ca86205046faafc3954d669f8e06,5,3,3,2,2,0,0,6,9,1,10,0.29999999999999999,0.90000000000000002,0.59999999999999998,0.8571428571428571
train,chaii-hindi-and-tamil-question-answering,cards_senior_0801.jsonl:11,chaii-hindi-and-tamil-question-answering__2c1f23a63f75456aa3a401d3e7601535,3,2,1,1,1,0,0,2,3,0,3,0.33333333333333331,1,0.66666666666666663,1
train,chaii-hindi-and-tamil-question-answering,cards_senior_0801.jsonl:11,chaii-hindi-and-tamil-question-answering__2e435f89325641498e799472b4c6fa87,3,2,1,1,1,0,0,2,3,0,3,0.33333333333333331,1,0.66666666666666663,1
train,chaii-hindi-and-tamil-question-answering,cards_deepB2.jsonl:2,chaii-hindi-and-tamil-question-answering__2f348b91db4a494a912e518470ad945c,5,3,3,2,2,0,0,6,9,1,10,0.29999999999999999,0.90000000000000002,0.59999999999999998,0.8571428571428571
train,chaii-hindi-and-tamil-question-answering,cards_senior_0801.jsonl:17,chaii-hindi-and-tamil-question-answering__2f94dd3cfbbc46699b502255e11f97b7,3,3,3,0,0,0,0,0,3,0,3,1,1,0,
train,chaii-hindi-and-tamil-question-answering,cards_senior_0801.jsonl:11,chaii-hindi-and-tamil-question-answering__2fdc1f705bfd42cbb9d1061672fbdf45,3,3,3,0,0,0,0,0,3,0,3,1,1,0,
train,chaii-hindi-and-tamil-question-answering,cards_senior_0801.jsonl:16,chaii-hindi-and-tamil-question-answering__37e85ef4466f47aca2f77fac56078048,3,2,1,0,0,0,1,0,1,2,3,0.33333333333333331,0.33333333333333331,0,0
train,chaii-hindi-and-tamil-question-answering,cards_senior_0801.jsonl:17,chaii-hindi-and-tamil-question-answering__382e8200aaf34fb58c1b80d11701fec4,3,2,1,1,1,0,0,2,3,0,3,0.33333333333333331,1,0.66666666666666663,1
train,chaii-hindi-and-tamil-question-answering,cards_deepB2.jsonl:2,chaii-hindi-and-tamil-question-answering__38470414d54c4a7da3ec6176b06467ab,5,5,10,0,0,0,0,0,10,0,10,1,1,0,
train,chaii-hindi-and-tamil-question-answering,cards_senior_0801.jsonl:15,chaii-hindi-and-tamil-question-answering__3b96ff69d1c04374af2814961258f402,3,2,1,1,1,0,0,2,3,0,3,0.33333333333333331,1,0.66666666666666663,1
train,chaii-hindi-and-tamil-question-answering,cards_deepB2.jsonl:2,chaii-hindi-and-tamil-question-answering__3d18b9bf3a784821a11458e8f2e4ab39,5,5,10,0,0,0,0,0,10,0,10,1,1,0,
train,chaii-hindi-and-tamil-question-answering,cards_senior_0801.jsonl:17,chaii-hindi-and-tamil-question-answering__3e2c131d82f9476d87add5d4548e9350,3,3,3,0,0,0,0,0,3,0,3,1,1,0,
train,chaii-hindi-and-tamil-question-answering,cards_senior_0801.jsonl:12,chaii-hindi-and-tamil-question-answering__3fc47905f3dc49198b3f455b31f0eada,3,2,1,1,1,0,0,2,3,0,3,0.33333333333333331,1,0.66666666666666663,1
train,chaii-hindi-and-tamil-question-answering,cards_deepB2.jsonl:0,chaii-hindi-and-tamil-question-answering__404cc1fd65fb43d29407021efe7ab3f9,5,4,6,1,1,0,0,4,10,0,10,0.59999999999999998,1,0.40000000000000002,1
train,chaii-hindi-and-tamil-question-answering,cards_senior_0801.jsonl:11,chaii-hindi-and-tamil-question-answering__423f1c19408e48d7a1c7789de0870293,3,3,3,0,0,0,0,0,3,0,3,1,1,0,
train,chaii-hindi-and-tamil-question-answering,cards_senior_0801.jsonl:17,chaii-hindi-and-tamil-question-answering__4b5f15515dae48a4b4a277d0cf2e68bc,3,2,1,1,1,0,0,2,3,0,3,0.33333333333333331,1,0.66666666666666663,1
train,chaii-hindi-and-tamil-question-answering,cards_senior_0801.jsonl:17,chaii-hindi-and-tamil-question-answering__4c0c0f8a2db0408eb4e1dd0004fb7fba,3,3,3,0,0,0,0,0,3,0,3,1,1,0,
train,chaii-hindi-and-tamil-question-answering,cards_senior_0801.jsonl:16,chaii-hindi-and-tamil-question-answering__4cf90c96bc1a4969813a09fa8053fa39,3,2,1,1,1,0,0,2,3,0,3,0.33333333333333331,1,0.66666666666666663,1
train,chaii-hindi-and-tamil-question-answering,cards_senior_0801.jsonl:17,chaii-hindi-and-tamil-question-answering__4debf6ae333e498a9fb2ba701f87636a,3,2,1,1,1,0,0,2,3,0,3,0.33333333333333331,1,0.66666666666666663,1
train,chaii-hindi-and-tamil-question-answering,cards_senior_0801.jsonl:16,chaii-hindi-and-tamil-question-answering__4f89f2511b3e44f9a87b31011a43ee35,3,3,3,0,0,0,0,0,3,0,3,1,1,0,
train,chaii-hindi-and-tamil-question-answering,cards_deepB2.jsonl:0,chaii-hindi-and-tamil-question-answering__524785f0c5f44ee8819fba84d89e4dc5,5,3,3,2,2,0,0,6,9,1,10,0.29999999999999999,0.90000000000000002,0.59999999999999998,0.8571428571428571
train,chaii-hindi-and-tamil-question-answering,cards_senior_0801.jsonl:14,chaii-hindi-and-tamil-question-answering__54105c6022bc4ca4ab5465161505d887,3,2,1,1,1,0,0,2,3,0,3,0.33333333333333331,1,0.66666666666666663,1
train,chaii-hindi-and-tamil-question-answering,cards_senior_0801.jsonl:15,chaii-hindi-and-tamil-question-answering__57e345d599ab4df6be1529dbb33e34b0,3,2,1,1,1,0,0,2,3,0,3,0.33333333333333331,1,0.66666666666666663,1
train,chaii-hindi-and-tamil-question-answering,cards_senior_0801.jsonl:16,chaii-hindi-and-tamil-question-answering__5bdfa7e48902434089766fbe715eca68,3,3,3,0,0,0,0,0,3,0,3,1,1,0,
train,chaii-hindi-and-tamil-question-answering,cards_deepB2.jsonl:2,chaii-hindi-and-tamil-question-answering__5d9e820d9f4640f2951deecdbbb24309,5,4,6,1,1,0,0,4,10,0,10,0.59999999999999998,1,0.40000000000000002,1
train,chaii-hindi-and-tamil-question-answering,cards_senior_0801.jsonl:17,chaii-hindi-and-tamil-question-answering__5e232b5baede4d0d89b4062d8030e2b9,3,3,3,0,0,0,0,0,3,0,3,1,1,0,
train,chaii-hindi-and-tamil-question-answering,cards_senior_0728.jsonl:12,chaii-hindi-and-tamil-question-answering__61229b5989be4531a44d65dac7157286,5,3,3,2,2,0,0,6,9,1,10,0.29999999999999999,0.90000000000000002,0.59999999999999998,0.8571428571428571
train,chaii-hindi-and-tamil-question-answering,cards_senior_0801.jsonl:15,chaii-hindi-and-tamil-question-answering__64006a98718a466eada7307f05a41b30,3,3,3,0,0,0,0,0,3,0,3,1,1,0,
train,chaii-hindi-and-tamil-question-answering,cards_senior_0801.jsonl:16,chaii-hindi-and-tamil-question-answering__65426e1fbbb04b52b865affb62503200,3,3,3,0,0,0,0,0,3,0,3,1,1,0,
train,chaii-hindi-and-tamil-question-answering,cards_deepB2.jsonl:2,chaii-hindi-and-tamil-question-answering__666625cf51644438922ccce1c8cb969b,5,3,3,2,2,0,0,6,9,1,10,0.29999999999999999,0.90000000000000002,0.59999999999999998,0.8571428571428571
train,chaii-hindi-and-tamil-question-answering,cards_deepB2.jsonl:0,chaii-hindi-and-tamil-question-answering__668d6a5f9dd7447cb02e6db6b1332f36,5,5,10,0,0,0,0,0,10,0,10,1,1,0,
train,chaii-hindi-and-tamil-question-answering,cards_deepB2.jsonl:2,chaii-hindi-and-tamil-question-answering__670c12b455d9487cab3e583ab34dda79,5,3,3,2,2,0,0,6,9,1,10,0.29999999999999999,0.90000000000000002,0.59999999999999998,0.8571428571428571
train,chaii-hindi-and-tamil-question-answering,cards_senior_0801.jsonl:14,chaii-hindi-and-tamil-question-answering__672cbafcf61b41c096a91492133b040e,3,3,3,0,0,0,0,0,3,0,3,1,1,0,
train,chaii-hindi-and-tamil-question-answering,cards_senior_0801.jsonl:12,chaii-hindi-and-tamil-question-answering__6781a51d363540b4b047369e7fcc3447,3,2,1,1,1,0,0,2,3,0,3,0.33333333333333331,1,0.66666666666666663,1
train,chaii-hindi-and-tamil-question-answering,cards_senior_0801.jsonl:17,chaii-hindi-and-tamil-question-answering__69a74cc451bd41c39fb4d25fdaa3b1c3,3,3,3,0,0,0,0,0,3,0,3,1,1,0,
train,chaii-hindi-and-tamil-question-answering,cards_senior_0801.jsonl:17,chaii-hindi-and-tamil-question-answering__69d65f08cccf4f4b9f79b57bef794495,3,2,1,1,1,0,0,2,3,0,3,0.33333333333333331,1,0.66666666666666663,1
train,chaii-hindi-and-tamil-question-answering,cards_senior_0801.jsonl:15,chaii-hindi-and-tamil-question-answering__6ac5a77961474eee8e9fb9291b41e680,3,2,1,1,1,0,0,2,3,0,3,0.33333333333333331,1,0.66666666666666663,1
train,chaii-hindi-and-tamil-question-answering,cards_senior_0801.jsonl:12,chaii-hindi-and-tamil-question-answering__7959cb183dec47ceba321137ebec3a03,3,2,1,1,1,0,0,2,3,0,3,0.33333333333333331,1,0.66666666666666663,1
train,chaii-hindi-and-tamil-question-answering,cards_deepB2.jsonl:0,chaii-hindi-and-tamil-question-answering__7a0fea281b1c48da94b6869460a55ea6,5,5,10,0,0,0,0,0,10,0,10,1,1,0,
train,chaii-hindi-and-tamil-question-answering,cards_senior_0801.jsonl:15,chaii-hindi-and-tamil-question-answering__7af72749ee2e43bba5ba3c3f4b137c76,3,3,3,0,0,0,0,0,3,0,3,1,1,0,
train,chaii-hindi-and-tamil-question-answering,cards_deepB2.jsonl:0,chaii-hindi-and-tamil-question-answering__7af8e49eec6e48648aa586c3abd58582,5,3,3,0,0,0,2,0,3,7,10,0.29999999999999999,0.29999999999999999,0,0
train,chaii-hindi-and-tamil-question-answering,cards_senior_0801.jsonl:12,chaii-hindi-and-tamil-question-answering__7b1505a076a248f28801e4ef17d83eed,3,2,1,1,1,0,0,2,3,0,3,0.33333333333333331,1,0.66666666666666663,1
train,chaii-hindi-and-tamil-question-answering,cards_deepB2.jsonl:2,chaii-hindi-and-tamil-question-answering__7c8e998a34624502b149950e9ec0c180,5,4,6,1,1,0,0,4,10,0,10,0.59999999999999998,1,0.40000000000000002,1
train,chaii-hindi-and-tamil-question-answering,cards_senior_0801.jsonl:17,chaii-hindi-and-tamil-question-answering__7e2ec685420c45a0b6de87d9eddcbb3d,3,2,1,1,1,0,0,2,3,0,3,0.33333333333333331,1,0.66666666666666663,1
train,chaii-hindi-and-tamil-question-answering,cards_deepB2.jsonl:0,chaii-hindi-and-tamil-question-answering__7fe713489d224a81b014aaf13fc9ff1e,5,2,1,3,3,0,0,6,7,3,10,0.10000000000000001,0.69999999999999996,0.59999999999999998,0.66666666666666663
train,chaii-hindi-and-tamil-question-answering,cards_deepB2.jsonl:0,chaii-hindi-and-tamil-question-answering__81bda2bb62cb4eacb35dc81455437de9,5,5,10,0,0,0,0,0,10,0,10,1,1,0,
train,chaii-hindi-and-tamil-question-answering,cards_senior_0801.jsonl:12,chaii-hindi-and-tamil-question-answering__83b77da2718c41b78ed19605a83b792b,3,3,3,0,0,0,0,0,3,0,3,1,1,0,
train,chaii-hindi-and-tamil-question-answering,cards_senior_0801.jsonl:14,chaii-hindi-and-tamil-question-answering__85bcd0d3a3834747b1da524c5b3e303a,3,3,3,0,0,0,0,0,3,0,3,1,1,0,
train,chaii-hindi-and-tamil-question-answering,cards_deepB2.jsonl:0,chaii-hindi-and-tamil-question-answering__86a80202640c40bf8ebb4624d128284f,5,5,10,0,0,0,0,0,10,0,10,1,1,0,
train,chaii-hindi-and-tamil-question-answering,cards_senior_0801.jsonl:12,chaii-hindi-and-tamil-question-answering__889c7c16cbec4c229a976aaefdbbec38,3,3,3,0,0,0,0,0,3,0,3,1,1,0,
train,chaii-hindi-and-tamil-question-answering,cards_deepB2.jsonl:0,chaii-hindi-and-tamil-question-answering__896b452894644dfd9582a0875d3d8246,5,4,6,1,1,0,0,4,10,0,10,0.59999999999999998,1,0.40000000000000002,1
train,chaii-hindi-and-tamil-question-answering,cards_senior_0801.jsonl:16,chaii-hindi-and-tamil-question-answering__897c89d8ea214aef8b70e48d83528892,3,3,3,0,0,0,0,0,3,0,3,1,1,0,
train,chaii-hindi-and-tamil-question-answering,cards_senior_0801.jsonl:15,chaii-hindi-and-tamil-question-answering__8d3fb13e8ba54fd09af48c2bb047612c,3,2,1,1,1,0,0,2,3,0,3,0.33333333333333331,1,0.66666666666666663,1
train,chaii-hindi-and-tamil-question-answering,cards_senior_0801.jsonl:17,chaii-hindi-and-tamil-question-answering__945bc7e8931346219404e6c5d2502c9d,3,3,3,0,0,0,0,0,3,0,3,1,1,0,
train,chaii-hindi-and-tamil-question-answering,cards_senior_0801.jsonl:14,chaii-hindi-and-tamil-question-answering__9465d94bd39c43f798ae213bbaa66e23,3,2,1,1,1,0,0,2,3,0,3,0.33333333333333331,1,0.66666666666666663,1
train,chaii-hindi-and-tamil-question-answering,cards_senior_0801.jsonl:12,chaii-hindi-and-tamil-question-answering__999fb2a5e2bc4785985c387fc22af7ec,3,3,3,0,0,0,0,0,3,0,3,1,1,0,
train,chaii-hindi-and-tamil-question-answering,cards_deepB2.jsonl:0,chaii-hindi-and-tamil-question-answering__9f2a8f1203024ead96765ce2760f8fe1,5,5,10,0,0,0,0,0,10,0,10,1,1,0,
train,chaii-hindi-and-tamil-question-answering,cards_senior_0801.jsonl:12,chaii-hindi-and-tamil-question-answering__a2b4a88899c742b0bc09d370dab05ec5,3,3,3,0,0,0,0,0,3,0,3,1,1,0,
train,chaii-hindi-and-tamil-question-answering,cards_deepB2.jsonl:2,chaii-hindi-and-tamil-question-answering__a577e5393d8e4b4ca17368a0b534a052,5,3,3,2,2,0,0,6,9,1,10,0.29999999999999999,0.90000000000000002,0.59999999999999998,0.8571428571428571
train,chaii-hindi-and-tamil-question-answering,cards_senior_0801.jsonl:15,chaii-hindi-and-tamil-question-answering__a663cd84d08b4f88bbcf776f5086d219,3,3,3,0,0,0,0,0,3,0,3,1,1,0,
train,chaii-hindi-and-tamil-question-answering,cards_senior_0801.jsonl:14,chaii-hindi-and-tamil-question-answering__a68e3adfe07f427587423e45e7788ccf,3,3,3,0,0,0,0,0,3,0,3,1,1,0,
train,chaii-hindi-and-tamil-question-answering,cards_senior_0801.jsonl:12,chaii-hindi-and-tamil-question-answering__a80c0d3498d243498526460b91385d5d,3,2,1,1,1,0,0,2,3,0,3,0.33333333333333331,1,0.66666666666666663,1
train,chaii-hindi-and-tamil-question-answering,cards_senior_0728.jsonl:10,chaii-hindi-and-tamil-question-answering__a968d4a9241f4b978e04c474c3ec2257,5,2,1,0,0,0,3,0,1,9,10,0.10000000000000001,0.10000000000000001,0,0
train,chaii-hindi-and-tamil-question-answering,cards_senior_0801.jsonl:17,chaii-hindi-and-tamil-question-answering__ab127f0bad3547f887b61d1052f2435f,3,3,3,0,0,0,0,0,3,0,3,1,1,0,
train,chaii-hindi-and-tamil-question-answering,cards_deepB2.jsonl:0,chaii-hindi-and-tamil-question-answering__ad9724bf71be4601893bc0d39ab5233b,5,3,3,2,2,0,0,6,9,1,10,0.29999999999999999,0.90000000000000002,0.59999999999999998,0.8571428571428571
train,chaii-hindi-and-tamil-question-answering,cards_senior_0801.jsonl:12,chaii-hindi-and-tamil-question-answering__b1bb23ab7e6740a180de0045f0fcadee,3,2,1,1,1,0,0,2,3,0,3,0.33333333333333331,1,0.66666666666666663,1
train,chaii-hindi-and-tamil-question-answering,cards_deepB2.jsonl:2,chaii-hindi-and-tamil-question-answering__b46d67f89db5472581f67a0bc7aff655,5,4,6,1,1,0,0,4,10,0,10,0.59999999999999998,1,0.40000000000000002,1
train,chaii-hindi-and-tamil-question-answering,cards_deepB2.jsonl:2,chaii-hindi-and-tamil-question-answering__b57c346d864d4c4b9d5805fe41dc165a,5,4,6,1,1,0,0,4,10,0,10,0.59999999999999998,1,0.40000000000000002,1
train,chaii-hindi-and-tamil-question-answering,cards_deepB2.jsonl:2,chaii-hindi-and-tamil-question-answering__b68e936e5e6f45858b89c0409ec4331d,5,5,10,0,0,0,0,0,10,0,10,1,1,0,
train,chaii-hindi-and-tamil-question-answering,cards_senior_0728.jsonl:12,chaii-hindi-and-tamil-question-answering__b730af42042d4c1797f4fd7f37afd2d1,5,2,1,0,0,0,3,0,1,9,10,0.10000000000000001,0.10000000000000001,0,0
train,chaii-hindi-and-tamil-question-answering,cards_senior_0801.jsonl:15,chaii-hindi-and-tamil-question-answering__bee5519398da42549173d6caf53c1a4e,3,2,1,1,1,0,0,2,3,0,3,0.33333333333333331,1,0.66666666666666663,1
train,chaii-hindi-and-tamil-question-answering,cards_senior_0801.jsonl:14,chaii-hindi-and-tamil-question-answering__c2b3acc7d9774ecb98030331089d86b3,3,3,3,0,0,0,0,0,3,0,3,1,1,0,
train,chaii-hindi-and-tamil-question-answering,cards_deepB2.jsonl:0,chaii-hindi-and-tamil-question-answering__c77779894e2342dc91b51d6dc9b8aa88,5,4,6,1,1,0,0,4,10,0,10,0.59999999999999998,1,0.40000000000000002,1
train,chaii-hindi-and-tamil-question-answering,cards_senior_0801.jsonl:16,chaii-hindi-and-tamil-question-answering__ca1ed74583cb40378b916e2805f4f79e,3,3,3,0,0,0,0,0,3,0,3,1,1,0,
train,chaii-hindi-and-tamil-question-answering,cards_senior_0801.jsonl:15,chaii-hindi-and-tamil-question-answering__cc538a6692ae4b438a9fe848ec8624b3,3,3,3,0,0,0,0,0,3,0,3,1,1,0,
train,chaii-hindi-and-tamil-question-answering,cards_senior_0801.jsonl:12,chaii-hindi-and-tamil-question-answering__cd959876036b4084b298d0364a6642fa,3,3,3,0,0,0,0,0,3,0,3,1,1,0,
train,chaii-hindi-and-tamil-question-answering,cards_senior_0801.jsonl:11,chaii-hindi-and-tamil-question-answering__d1d022435c3b409e9970c743198a4300,3,2,1,1,1,0,0,2,3,0,3,0.33333333333333331,1,0.66666666666666663,1
train,chaii-hindi-and-tamil-question-answering,cards_senior_0801.jsonl:12,chaii-hindi-and-tamil-question-answering__d3d5f82ef3b74d0199436ac9b8badabe,3,2,1,1,1,0,0,2,3,0,3,0.33333333333333331,1,0.66666666666666663,1
train,chaii-hindi-and-tamil-question-answering,cards_senior_0801.jsonl:17,chaii-hindi-and-tamil-question-answering__d660a5c5b27e41dd8af49532c2800a36,3,3,3,0,0,0,0,0,3,0,3,1,1,0,
train,chaii-hindi-and-tamil-question-answering,cards_senior_0801.jsonl:12,chaii-hindi-and-tamil-question-answering__d6eb54f77ddf4c5eb30f1c0aaf7f87f6,3,3,3,0,0,0,0,0,3,0,3,1,1,0,
train,chaii-hindi-and-tamil-question-answering,cards_senior_0801.jsonl:14,chaii-hindi-and-tamil-question-answering__d837e3241ed44a348528670bef46ea1d,3,3,3,0,0,0,0,0,3,0,3,1,1,0,
train,chaii-hindi-and-tamil-question-answering,cards_senior_0728.jsonl:11,chaii-hindi-and-tamil-question-answering__d9bd87b38c3d4489a30a763158ab9fc5,5,2,1,0,0,0,3,0,1,9,10,0.10000000000000001,0.10000000000000001,0,0
train,chaii-hindi-and-tamil-question-answering,cards_senior_0801.jsonl:12,chaii-hindi-and-tamil-question-answering__dababeecbe2a4fd3b72d556046d9b174,3,2,1,1,1,0,0,2,3,0,3,0.33333333333333331,1,0.66666666666666663,1
train,chaii-hindi-and-tamil-question-answering,cards_deepB2.jsonl:2,chaii-hindi-and-tamil-question-answering__dafe0fc5c4dc480e8ec4d90ca2a1340c,5,4,6,0,0,0,1,0,6,4,10,0.59999999999999998,0.59999999999999998,0,0
train,chaii-hindi-and-tamil-question-answering,cards_senior_0801.jsonl:12,chaii-hindi-and-tamil-question-answering__dc8f9b69b9b54488839f04d3cdec6e63,3,3,3,0,0,0,0,0,3,0,3,1,1,0,
train,chaii-hindi-and-tamil-question-answering,cards_senior_0801.jsonl:17,chaii-hindi-and-tamil-question-answering__de9fd08c696c4e2295fc831017336519,3,3,3,0,0,0,0,0,3,0,3,1,1,0,
train,chaii-hindi-and-tamil-question-answering,cards_senior_0801.jsonl:14,chaii-hindi-and-tamil-question-answering__e0740129fc18455ab7ec3e48eb16846b,3,2,1,1,1,0,0,2,3,0,3,0.33333333333333331,1,0.66666666666666663,1
train,chaii-hindi-and-tamil-question-answering,cards_senior_0801.jsonl:14,chaii-hindi-and-tamil-question-answering__e0927c0e9b924c12b1ece26ffd279430,3,2,1,0,0,0,1,0,1,2,3,0.33333333333333331,0.33333333333333331,0,0
train,chaii-hindi-and-tamil-question-answering,cards_senior_0801.jsonl:14,chaii-hindi-and-tamil-question-answering__e11829caeb33437ca0f81c4c2117486f,3,3,3,0,0,0,0,0,3,0,3,1,1,0,
train,chaii-hindi-and-tamil-question-answering,cards_senior_0801.jsonl:12,chaii-hindi-and-tamil-question-answering__e62489175da2476fb20bfbe7ed01296f,3,2,1,1,1,0,0,2,3,0,3,0.33333333333333331,1,0.66666666666666663,1
train,chaii-hindi-and-tamil-question-answering,cards_senior_0801.jsonl:11,chaii-hindi-and-tamil-question-answering__e79ced7066b44f7e9cf0ff4eba2cd8d4,3,3,3,0,0,0,0,0,3,0,3,1,1,0,
train,chaii-hindi-and-tamil-question-answering,cards_senior_0801.jsonl:14,chaii-hindi-and-tamil-question-answering__e892a908998a4cedb11fb91b25c39f25,3,2,1,1,1,0,0,2,3,0,3,0.33333333333333331,1,0.66666666666666663,1
train,chaii-hindi-and-tamil-question-answering,cards_senior_0801.jsonl:17,chaii-hindi-and-tamil-question-answering__ea031f51c87f4dfe816e6d745634e67b,3,3,3,0,0,0,0,0,3,0,3,1,1,0,
train,chaii-hindi-and-tamil-question-answering,cards_senior_0801.jsonl:15,chaii-hindi-and-tamil-question-answering__eea14144009a443ebafb1626798fa8b8,3,2,1,1,1,0,0,2,3,0,3,0.33333333333333331,1,0.66666666666666663,1
train,chaii-hindi-and-tamil-question-answering,cards_deepB2.jsonl:2,chaii-hindi-and-tamil-question-answering__efc5c4058c8444e2940c83cb261f3804,5,3,3,2,2,0,0,6,9,1,10,0.29999999999999999,0.90000000000000002,0.59999999999999998,0.8571428571428571
train,chaii-hindi-and-tamil-question-answering,cards_senior_0801.jsonl:12,chaii-hindi-and-tamil-question-answering__f575abe050754a08bb2e8626e558292b,3,2,1,1,1,0,0,2,3,0,3,0.33333333333333331,1,0.66666666666666663,1
train,chaii-hindi-and-tamil-question-answering,cards_senior_0801.jsonl:12,chaii-hindi-and-tamil-question-answering__fa27954124d04d49b9925bf52f2b8d9b,3,2,1,1,1,0,0,2,3,0,3,0.33333333333333331,1,0.66666666666666663,1
train,chaii-hindi-and-tamil-question-answering,cards_senior_0801.jsonl:15,chaii-hindi-and-tamil-question-answering__fa8811a8220343f09ce3cb87b0f5aac6,3,3,3,0,0,0,0,0,3,0,3,1,1,0,
train,chaii-hindi-and-tamil-question-answering,cards_senior_0801.jsonl:11,chaii-hindi-and-tamil-question-answering__fdf685a18f4542b3a02d344203d9d4b4,3,3,3,0,0,0,0,0,3,0,3,1,1,0,
train,chaii-hindi-and-tamil-question-answering,cards_deepB2.jsonl:0,chaii-hindi-and-tamil-question-answering__fe67d44865ca4798a88a7f4281c9cc04,5,4,6,1,1,0,0,4,10,0,10,0.59999999999999998,1,0.40000000000000002,1
train,denoising-dirty-documents,cards_senior_0731.jsonl:15,denoising-dirty-documents__00519b5a64af4292b94b4c0b41c1e393,2,2,1,0,0,0,0,0,1,0,1,1,1,0,
train,denoising-dirty-documents,cards_senior_0731.jsonl:14,denoising-dirty-documents__075512b0e81045c2bed409c60a2d125c,2,2,1,0,0,0,0,0,1,0,1,1,1,0,
train,denoising-dirty-documents,cards_senior_0731.jsonl:15,denoising-dirty-documents__09c2a046f3dd4e9780d776e0170697ed,2,2,1,0,0,0,0,0,1,0,1,1,1,0,
train,denoising-dirty-documents,cards_senior_0729.jsonl:16,denoising-dirty-documents__0aca6a6c82f0489c8f955481d4974707,2,2,1,0,0,0,0,0,1,0,1,1,1,0,
train,denoising-dirty-documents,cards_senior_0729.jsonl:16,denoising-dirty-documents__13fb2daba30b4c6c98c870022a56e8a9,2,2,1,0,0,0,0,0,1,0,1,1,1,0,
train,denoising-dirty-documents,cards_senior_0729.jsonl:15,denoising-dirty-documents__146a7aa2cc3a43e8a53b7aa4ca4d38ee,2,2,1,0,0,0,0,0,1,0,1,1,1,0,
train,denoising-dirty-documents,cards_senior_0729.jsonl:17,denoising-dirty-documents__1a67ba39b11e404ca31c19552bd45b45,2,2,1,0,0,0,0,0,1,0,1,1,1,0,
train,denoising-dirty-documents,cards_senior_0802.jsonl:11,denoising-dirty-documents__1a82edeb96734115a5b6c0e5e7635664,2,2,1,0,0,0,0,0,1,0,1,1,1,0,
train,denoising-dirty-documents,cards_senior_0804.jsonl:20,denoising-dirty-documents__1b36634d3aea4567a331367a64544ded,2,2,1,0,0,0,0,0,1,0,1,1,1,0,
train,denoising-dirty-documents,cards_senior_0731.jsonl:14,denoising-dirty-documents__1c99f45e33644a2ca2b674c4d20d4827,2,2,1,0,0,0,0,0,1,0,1,1,1,0,
train,denoising-dirty-documents,cards_senior_0731.jsonl:12,denoising-dirty-documents__1cf2d6ea2b93447e8c6945eb79567a4b,2,2,1,0,0,0,0,0,1,0,1,1,1,0,
train,denoising-dirty-documents,cards_senior_0729.jsonl:16,denoising-dirty-documents__2293eeb356984ce2b3e4975c75b4f002,2,2,1,0,0,0,0,0,1,0,1,1,1,0,
train,denoising-dirty-documents,cards_deepB2.jsonl:3,denoising-dirty-documents__25abff6e3b944f0f9a706c47ac70682a,5,4,6,1,1,0,0,4,10,0,10,0.59999999999999998,1,0.40000000000000002,1
train,denoising-dirty-documents,cards_senior_0731.jsonl:14,denoising-dirty-documents__261c237b49824082995198eb1d835065,2,2,1,0,0,0,0,0,1,0,1,1,1,0,
train,denoising-dirty-documents,cards_senior_0727.jsonl:12,denoising-dirty-documents__26356ef89ee7474f96be9cdc11c35945,2,2,1,0,0,0,0,0,1,0,1,1,1,0,
train,denoising-dirty-documents,cards_senior_0727.jsonl:13,denoising-dirty-documents__2cfdce7de5074672a460f20212708a12,2,2,1,0,0,0,0,0,1,0,1,1,1,0,
train,denoising-dirty-documents,cards_senior_0731.jsonl:11,denoising-dirty-documents__30008fac6b1d42d5bf96fda9ef6b273d,2,2,1,0,0,0,0,0,1,0,1,1,1,0,
train,denoising-dirty-documents,cards_senior_0802.jsonl:11,denoising-dirty-documents__3aeda93132994b7f980540084ab971fb,2,2,1,0,0,0,0,0,1,0,1,1,1,0,
train,denoising-dirty-documents,cards_senior_0731.jsonl:11,denoising-dirty-documents__3c47203ac5a84fd298a41ffefca762ec,2,2,1,0,0,0,0,0,1,0,1,1,1,0,
train,denoising-dirty-documents,cards_senior_0727.jsonl:12,denoising-dirty-documents__3fe3259967fb49a4aeb23f765f78124f,2,2,1,0,0,0,0,0,1,0,1,1,1,0,
train,denoising-dirty-documents,cards_senior_0729.jsonl:15,denoising-dirty-documents__4398d5cc228947488032873d5303ab83,2,2,1,0,0,0,0,0,1,0,1,1,1,0,
train,denoising-dirty-documents,cards_senior_0731.jsonl:11,denoising-dirty-documents__4f102726d3fb43c6addd36f6d09c5851,2,2,1,0,0,0,0,0,1,0,1,1,1,0,
train,denoising-dirty-documents,cards_deepB2.jsonl:3,denoising-dirty-documents__5816dcc6cea545dba784d59fc2d74ba0,5,5,10,0,0,0,0,0,10,0,10,1,1,0,
train,denoising-dirty-documents,cards_senior_0731.jsonl:11,denoising-dirty-documents__5dd5355e0ad043d9a30db74d65af47e7,2,2,1,0,0,0,0,0,1,0,1,1,1,0,
train,denoising-dirty-documents,cards_senior_0731.jsonl:11,denoising-dirty-documents__618d3e243e544455ac770925bb93f7c1,2,2,1,0,0,0,0,0,1,0,1,1,1,0,
train,denoising-dirty-documents,cards_senior_0731.jsonl:10,denoising-dirty-documents__642a324ddd2b4319ad26e8acaaf29010,2,2,1,0,0,0,0,0,1,0,1,1,1,0,
train,denoising-dirty-documents,cards_deepB2.jsonl:3,denoising-dirty-documents__68546edf26134295a6e9005b53a32551,5,4,6,1,1,0,0,4,10,0,10,0.59999999999999998,1,0.40000000000000002,1
train,denoising-dirty-documents,cards_senior_0804.jsonl:19,denoising-dirty-documents__6ba55899777a4bc0932de6c3168f29b3,2,2,1,0,0,0,0,0,1,0,1,1,1,0,
train,denoising-dirty-documents,cards_senior_0731.jsonl:10,denoising-dirty-documents__6eb761d848d049e488bf194b4099a58a,2,2,1,0,0,0,0,0,1,0,1,1,1,0,
train,denoising-dirty-documents,cards_deepB2.jsonl:3,denoising-dirty-documents__7158e02e104445d4af56e13341b49264,5,3,3,2,2,0,0,6,9,1,10,0.29999999999999999,0.90000000000000002,0.59999999999999998,0.8571428571428571
train,denoising-dirty-documents,cards_senior_0804.jsonl:19,denoising-dirty-documents__724061f02b0747928733a079bf823ded,2,2,1,0,0,0,0,0,1,0,1,1,1,0,
train,denoising-dirty-documents,cards_senior_0731.jsonl:15,denoising-dirty-documents__7390ef4fa69b4c63826abb79421c32ee,2,2,1,0,0,0,0,0,1,0,1,1,1,0,
train,denoising-dirty-documents,cards_senior_0804.jsonl:19,denoising-dirty-documents__7485882d12994f3e9af70e1f0d627de6,2,2,1,0,0,0,0,0,1,0,1,1,1,0,
train,denoising-dirty-documents,cards_senior_0731.jsonl:11,denoising-dirty-documents__769ef8b53d1f44b2a3129bea63f51818,2,2,1,0,0,0,0,0,1,0,1,1,1,0,
train,denoising-dirty-documents,cards_deepB2.jsonl:1,denoising-dirty-documents__7cfa2f09573b4f1b80582b7206d71cc9,5,4,6,1,1,0,0,4,10,0,10,0.59999999999999998,1,0.40000000000000002,1
train,denoising-dirty-documents,cards_senior_0804.jsonl:21,denoising-dirty-documents__7f06df42780d4e39b49b1c118620ef83,2,2,1,0,0,0,0,0,1,0,1,1,1,0,
train,denoising-dirty-documents,cards_senior_0731.jsonl:10,denoising-dirty-documents__8003b970774a406aba1cfafbfb723a99,2,2,1,0,0,0,0,0,1,0,1,1,1,0,
train,denoising-dirty-documents,cards_senior_0727.jsonl:15,denoising-dirty-documents__8339c9f85088421bb4beda088448deef,2,2,1,0,0,0,0,0,1,0,1,1,1,0,
train,denoising-dirty-documents,cards_senior_0727.jsonl:13,denoising-dirty-documents__877c97ffc4fa4aa2965f8c5ed4c670d1,2,2,1,0,0,0,0,0,1,0,1,1,1,0,
train,denoising-dirty-documents,cards_senior_0731.jsonl:10,denoising-dirty-documents__884640de24604f0983c4db0e464d0a50,2,2,1,0,0,0,0,0,1,0,1,1,1,0,
train,denoising-dirty-documents,cards_senior_0727.jsonl:12,denoising-dirty-documents__884965244b7b489896de9a44ea51f24f,2,2,1,0,0,0,0,0,1,0,1,1,1,0,
train,denoising-dirty-documents,cards_deepB2.jsonl:3,denoising-dirty-documents__9145c76261f1431b863702ff84daadd3,5,4,6,1,1,0,0,4,10,0,10,0.59999999999999998,1,0.40000000000000002,1
train,denoising-dirty-documents,cards_senior_0731.jsonl:11,denoising-dirty-documents__970d1a2302b04ebe9c63451e00d84748,2,2,1,0,0,0,0,0,1,0,1,1,1,0,
train,denoising-dirty-documents,cards_senior_0727.jsonl:13,denoising-dirty-documents__979a1edc77d64afa92e1a8ff3c6c2f7c,2,2,1,0,0,0,0,0,1,0,1,1,1,0,
train,denoising-dirty-documents,cards_senior_0731.jsonl:11,denoising-dirty-documents__9a76182c35c8400ba132d8d23424cd13,2,2,1,0,0,0,0,0,1,0,1,1,1,0,
train,denoising-dirty-documents,cards_deepB2.jsonl:1,denoising-dirty-documents__9c983a71355b408fbdcd6e0c10e1dbbe,5,2,1,3,3,0,0,6,7,3,10,0.10000000000000001,0.69999999999999996,0.59999999999999998,0.66666666666666663
train,denoising-dirty-documents,cards_senior_0727.jsonl:12,denoising-dirty-documents__a0e631cdf88b4bb0ad7b89c7d46d1aba,2,2,1,0,0,0,0,0,1,0,1,1,1,0,
train,denoising-dirty-documents,cards_senior_0731.jsonl:12,denoising-dirty-documents__a5a8697b65e942bda666462b387d7d33,2,2,1,0,0,0,0,0,1,0,1,1,1,0,
train,denoising-dirty-documents,cards_deepB2.jsonl:1,denoising-dirty-documents__a6570b163a754bc0ac97f1dde46b4dbb,5,2,1,3,3,0,0,6,7,3,10,0.10000000000000001,0.69999999999999996,0.59999999999999998,0.66666666666666663
train,denoising-dirty-documents,cards_deepB2.jsonl:1,denoising-dirty-documents__a922c4163aee439993422dbcfd459372,5,4,6,1,1,0,0,4,10,0,10,0.59999999999999998,1,0.40000000000000002,1
train,denoising-dirty-documents,cards_senior_0731.jsonl:11,denoising-dirty-documents__a972502c16d846c580fbf1eb15e3fbd5,2,2,1,0,0,0,0,0,1,0,1,1,1,0,
train,denoising-dirty-documents,cards_senior_0804.jsonl:20,denoising-dirty-documents__aa9624ddd2854010bee729a19d25d5dc,2,2,1,0,0,0,0,0,1,0,1,1,1,0,
train,denoising-dirty-documents,cards_deepB2.jsonl:1,denoising-dirty-documents__aca2277235224464ba42e5f2de25ce0d,5,4,6,1,1,0,0,4,10,0,10,0.59999999999999998,1,0.40000000000000002,1
train,denoising-dirty-documents,cards_senior_0731.jsonl:10,denoising-dirty-documents__bee2ab4a0b284417a22b92ca5c53934d,2,2,1,0,0,0,0,0,1,0,1,1,1,0,
train,denoising-dirty-documents,cards_deepB2.jsonl:1,denoising-dirty-documents__c514119038e14c83b0541a6ffd9eeca6,5,5,10,0,0,0,0,0,10,0,10,1,1,0,
train,denoising-dirty-documents,cards_senior_0729.jsonl:14,denoising-dirty-documents__c809b5493ece45a6884ef4559453885f,2,2,1,0,0,0,0,0,1,0,1,1,1,0,
train,denoising-dirty-documents,cards_deepB2.jsonl:1,denoising-dirty-documents__ca3993460f9649fd8386863830b43e08,5,4,6,0,0,0,1,0,6,4,10,0.59999999999999998,0.59999999999999998,0,0
train,denoising-dirty-documents,cards_deepB2.jsonl:3,denoising-dirty-documents__cd857ab627324fdeb61ac1053fe35aaa,5,3,3,0,0,0,2,0,3,7,10,0.29999999999999999,0.29999999999999999,0,0
train,denoising-dirty-documents,cards_senior_0731.jsonl:14,denoising-dirty-documents__cd999b7c9c0a46f7b6002afe7a2b0db9,2,2,1,0,0,0,0,0,1,0,1,1,1,0,
train,denoising-dirty-documents,cards_deepB2.jsonl:3,denoising-dirty-documents__cff8bdf1c05f422fa3cd094b395af213,5,4,6,1,1,0,0,4,10,0,10,0.59999999999999998,1,0.40000000000000002,1
train,denoising-dirty-documents,cards_senior_0729.jsonl:18,denoising-dirty-documents__d0184d3c53fc46a78d8bd569c15bea57,2,2,1,0,0,0,0,0,1,0,1,1,1,0,
train,denoising-dirty-documents,cards_senior_0731.jsonl:10,denoising-dirty-documents__d0b4b22799f64af8b97f79b6d12d19d7,2,2,1,0,0,0,0,0,1,0,1,1,1,0,
train,denoising-dirty-documents,cards_senior_0727.jsonl:15,denoising-dirty-documents__d1922846533a4bcbbd9e393fcc4cf649,2,2,1,0,0,0,0,0,1,0,1,1,1,0,
train,denoising-dirty-documents,cards_senior_0729.jsonl:18,denoising-dirty-documents__d1d81aed761e4c89818e51aced91bb39,2,2,1,0,0,0,0,0,1,0,1,1,1,0,
train,denoising-dirty-documents,cards_deepB2.jsonl:3,denoising-dirty-documents__d4b350e9c6224fb4a86539a89089b0a6,5,5,10,0,0,0,0,0,10,0,10,1,1,0,
train,denoising-dirty-documents,cards_senior_0731.jsonl:14,denoising-dirty-documents__d5bb8863d43e4e079c3fe8c8ce599684,2,2,1,0,0,0,0,0,1,0,1,1,1,0,
train,denoising-dirty-documents,cards_senior_0731.jsonl:14,denoising-dirty-documents__d7fb993d3324496f8f4981b7ae5fe9fa,2,2,1,0,0,0,0,0,1,0,1,1,1,0,
train,denoising-dirty-documents,cards_deepB2.jsonl:3,denoising-dirty-documents__d99d396d1008447eaa8ad12445df2260,5,5,10,0,0,0,0,0,10,0,10,1,1,0,
train,denoising-dirty-documents,cards_deepB2.jsonl:1,denoising-dirty-documents__d9a13ae4a20d4fc39becd3f32678012d,5,5,10,0,0,0,0,0,10,0,10,1,1,0,
train,denoising-dirty-documents,cards_senior_0804.jsonl:21,denoising-dirty-documents__da659e068e814516807ce9426ac22de1,2,2,1,0,0,0,0,0,1,0,1,1,1,0,
train,denoising-dirty-documents,cards_senior_0731.jsonl:10,denoising-dirty-documents__dd4fb315bd8945b49ac174a71614cc7a,2,2,1,0,0,0,0,0,1,0,1,1,1,0,
train,denoising-dirty-documents,cards_senior_0731.jsonl:11,denoising-dirty-documents__e1583cebda334f00aafe46ab7ac9daef,2,2,1,0,0,0,0,0,1,0,1,1,1,0,
train,denoising-dirty-documents,cards_senior_0729.jsonl:14,denoising-dirty-documents__e733421ae05c431389ce49bcb915120b,2,2,1,0,0,0,0,0,1,0,1,1,1,0,
train,denoising-dirty-documents,cards_senior_0731.jsonl:10,denoising-dirty-documents__e831b3d055194b758e877ff6ffaf2814,2,2,1,0,0,0,0,0,1,0,1,1,1,0,
train,denoising-dirty-documents,cards_senior_0731.jsonl:14,denoising-dirty-documents__ec0f9c6e7dfc40a9a9f3d2134dccd5b1,2,2,1,0,0,0,0,0,1,0,1,1,1,0,
train,denoising-dirty-documents,cards_deepB2.jsonl:3,denoising-dirty-documents__ed63c8c8c52e4f45bfbc48d62d7aaed0,5,4,6,1,1,0,0,4,10,0,10,0.59999999999999998,1,0.40000000000000002,1
train,denoising-dirty-documents,cards_deepB2.jsonl:3,denoising-dirty-documents__eda8b5a9bff3426b8f9abbd21af9591e,5,4,6,1,1,0,0,4,10,0,10,0.59999999999999998,1,0.40000000000000002,1
train,denoising-dirty-documents,cards_senior_0804.jsonl:21,denoising-dirty-documents__eff832f0484343608906d361c6e198a2,2,2,1,0,0,0,0,0,1,0,1,1,1,0,
train,denoising-dirty-documents,cards_senior_0731.jsonl:10,denoising-dirty-documents__f153507d728a434eb982a2772106c24b,2,2,1,0,0,0,0,0,1,0,1,1,1,0,
train,denoising-dirty-documents,cards_senior_0731.jsonl:15,denoising-dirty-documents__f16321f400e54c8cb008297b761fdd2d,2,2,1,0,0,0,0,0,1,0,1,1,1,0,
train,denoising-dirty-documents,cards_senior_0804.jsonl:19,denoising-dirty-documents__f16cb0c8d1e54a1bb9b066cf52ce885e,2,2,1,0,0,0,0,0,1,0,1,1,1,0,
train,denoising-dirty-documents,cards_senior_0729.jsonl:14,denoising-dirty-documents__f1ea17f1528c4b5da499dd636cd0cdf6,2,2,1,0,0,0,0,0,1,0,1,1,1,0,
train,denoising-dirty-documents,cards_senior_0731.jsonl:15,denoising-dirty-documents__f21a289dfd2744149a40c02dfe235064,2,2,1,0,0,0,0,0,1,0,1,1,1,0,
train,denoising-dirty-documents,cards_senior_0731.jsonl:14,denoising-dirty-documents__fa896a54b8514395b34f363f41ef8c75,2,2,1,0,0,0,0,0,1,0,1,1,1,0,
train,denoising-dirty-documents,cards_deepB2.jsonl:3,denoising-dirty-documents__fc18f00da9bc4cbea3543b552b3e59f8,5,5,10,0,0,0,0,0,10,0,10,1,1,0,
train,denoising-dirty-documents,cards_senior_0729.jsonl:18,denoising-dirty-documents__fdd79fc2de97469392b1e12b788849a1,2,2,1,0,0,0,0,0,1,0,1,1,1,0,
train,dog-breed-identification,cards_senior_0806.jsonl:19,dog-breed-identification__01afc188f5244b04ae5a0da1d7243370,2,2,1,0,0,0,0,0,1,0,1,1,1,0,
train,dog-breed-identification,cards_senior_0806.jsonl:19,dog-breed-identification__042964e0c705408a9e5e7b75d0e4ab49,2,2,1,0,0,0,0,0,1,0,1,1,1,0,
train,dog-breed-identification,cards_senior_0806.jsonl:21,dog-breed-identification__05fd614ea5c44e44b990423d21829f68,2,2,1,0,0,0,0,0,1,0,1,1,1,0,
train,dog-breed-identification,cards_senior_0806.jsonl:22,dog-breed-identification__0b9d8e3f7c81433eaa973acc365097ea,2,2,1,0,0,0,0,0,1,0,1,1,1,0,
train,dog-breed-identification,cards_senior_0804.jsonl:14,dog-breed-identification__0de39baf0b584ae1ac8c137ab965a531,2,2,1,0,0,0,0,0,1,0,1,1,1,0,
train,dog-breed-identification,cards_senior_0806.jsonl:19,dog-breed-identification__1439e787c011416baa4d1a5b078acf5d,2,2,1,0,0,0,0,0,1,0,1,1,1,0,
train,dog-breed-identification,cards_senior_0801.jsonl:25,dog-breed-identification__1a8269470f6e4062b723cc250465533c,5,3,3,2,2,0,0,6,9,1,10,0.29999999999999999,0.90000000000000002,0.59999999999999998,0.8571428571428571
train,dog-breed-identification,cards_senior_0801.jsonl:25,dog-breed-identification__1e421e96af7c4a308ec5f7e108900e36,5,2,1,0,0,0,3,0,1,9,10,0.10000000000000001,0.10000000000000001,0,0
train,dog-breed-identification,cards_senior_0806.jsonl:22,dog-breed-identification__20595cd30bc84a2c8664715afcb1c35f,2,2,1,0,0,0,0,0,1,0,1,1,1,0,
train,dog-breed-identification,cards_senior_0801.jsonl:21,dog-breed-identification__20f0534a95ae49ff9a2a6464809529ac,3,3,3,0,0,0,0,0,3,0,3,1,1,0,
train,dog-breed-identification,cards_senior_0806.jsonl:21,dog-breed-identification__22c29d620c314448b3d5fb9ef53f0e64,2,2,1,0,0,0,0,0,1,0,1,1,1,0,
train,dog-breed-identification,cards_senior_0806.jsonl:19,dog-breed-identification__2e71641be44549b180d81a19df60743c,2,2,1,0,0,0,0,0,1,0,1,1,1,0,
train,dog-breed-identification,cards_senior_0806.jsonl:21,dog-breed-identification__30713f502aec477280f6d2f7fe1d933b,2,2,1,0,0,0,0,0,1,0,1,1,1,0,
train,dog-breed-identification,cards_senior_0804.jsonl:12,dog-breed-identification__336e2bd51be345158301a332fb5285be,2,2,1,0,0,0,0,0,1,0,1,1,1,0,
train,dog-breed-identification,cards_senior_0806.jsonl:21,dog-breed-identification__38ac2c4ae7a448e5a9c4f1ffcff879ac,2,2,1,0,0,0,0,0,1,0,1,1,1,0,
train,dog-breed-identification,cards_senior_0806.jsonl:22,dog-breed-identification__409cd463787b4bffae3494eca30dd8cc,2,2,1,0,0,0,0,0,1,0,1,1,1,0,
train,dog-breed-identification,cards_senior_0806.jsonl:20,dog-breed-identification__586cf31ff60e4613963ed6e35d64afc3,2,2,1,0,0,0,0,0,1,0,1,1,1,0,
train,dog-breed-identification,cards_senior_0804.jsonl:12,dog-breed-identification__5b2afeba190746a7937343d655c3c7b3,2,2,1,0,0,0,0,0,1,0,1,1,1,0,
train,dog-breed-identification,cards_senior_0806.jsonl:19,dog-breed-identification__5c86d68bae4b4fa69ddaddc31da4f203,2,2,1,0,0,0,0,0,1,0,1,1,1,0,
train,dog-breed-identification,cards_senior_0806.jsonl:21,dog-breed-identification__5e4c4df394f74acf9062a53503cc5fe3,2,2,1,0,0,0,0,0,1,0,1,1,1,0,
train,dog-breed-identification,cards_senior_0806.jsonl:22,dog-breed-identification__61d91aca2e294cf797b47a66589470eb,2,2,1,0,0,0,0,0,1,0,1,1,1,0,
train,dog-breed-identification,cards_senior_0801.jsonl:27,dog-breed-identification__63c23244ac124f71918d1fcf835ea708,5,4,6,0,0,0,1,0,6,4,10,0.59999999999999998,0.59999999999999998,0,0
train,dog-breed-identification,cards_senior_0801.jsonl:21,dog-breed-identification__65338b7572c6440a8c142a6de49fc609,3,3,3,0,0,0,0,0,3,0,3,1,1,0,
train,dog-breed-identification,cards_senior_0801.jsonl:19,dog-breed-identification__6603249e88bf4ad0a991161fde5278e1,3,2,1,0,0,0,1,0,1,2,3,0.33333333333333331,0.33333333333333331,0,0
train,dog-breed-identification,cards_senior_0806.jsonl:22,dog-breed-identification__6cae946c8aaf4b478e348065c5989d86,2,2,1,0,0,0,0,0,1,0,1,1,1,0,
train,dog-breed-identification,cards_senior_0806.jsonl:22,dog-breed-identification__7245a723b30441d5a26781afcbbdbd5a,2,2,1,0,0,0,0,0,1,0,1,1,1,0,
train,dog-breed-identification,cards_senior_0806.jsonl:22,dog-breed-identification__77758f750816490999852fb07c96b072,2,2,1,0,0,0,0,0,1,0,1,1,1,0,
train,dog-breed-identification,cards_senior_0808.jsonl:25,dog-breed-identification__7a488f1580b24361a56b2e43ab666894,2,2,1,0,0,0,0,0,1,0,1,1,1,0,
train,dog-breed-identification,cards_senior_0806.jsonl:22,dog-breed-identification__7dcf3afdb6c842af8c634cce4d54b7ee,2,2,1,0,0,0,0,0,1,0,1,1,1,0,
train,dog-breed-identification,cards_senior_0806.jsonl:21,dog-breed-identification__7deb6e55ed7a4f63bc57c68a6c47a089,2,2,1,0,0,0,0,0,1,0,1,1,1,0,
train,dog-breed-identification,cards_senior_0806.jsonl:22,dog-breed-identification__8831aef671f44e4baf03b785b947614a,2,2,1,0,0,0,0,0,1,0,1,1,1,0,
train,dog-breed-identification,cards_senior_0801.jsonl:28,dog-breed-identification__89fb48dcb1d944f7ba08ae326e7812af,5,5,10,0,0,0,0,0,10,0,10,1,1,0,
train,dog-breed-identification,cards_senior_0806.jsonl:21,dog-breed-identification__8b4bf32837b245cda70fc9ed9fb0729c,2,2,1,0,0,0,0,0,1,0,1,1,1,0,
train,dog-breed-identification,cards_senior_0806.jsonl:22,dog-breed-identification__8ebc7f1f20d8482cb6f69cc019d898ef,2,2,1,0,0,0,0,0,1,0,1,1,1,0,
train,dog-breed-identification,cards_senior_0806.jsonl:21,dog-breed-identification__9cac73c2bc1f47f8af5a5edbc09d75cd,2,2,1,0,0,0,0,0,1,0,1,1,1,0,
train,dog-breed-identification,cards_senior_0806.jsonl:22,dog-breed-identification__9f71e6fc0cba43ad827dc2b2bc27b178,2,2,1,0,0,0,0,0,1,0,1,1,1,0,
train,dog-breed-identification,cards_senior_0806.jsonl:22,dog-breed-identification__a1babe1922574867b4f6753c6e46fdb1,2,2,1,0,0,0,0,0,1,0,1,1,1,0,
train,dog-breed-identification,cards_senior_0806.jsonl:22,dog-breed-identification__a2be2362d08c458a9286b6e94b5cc2a8,2,2,1,0,0,0,0,0,1,0,1,1,1,0,
train,dog-breed-identification,cards_senior_0804.jsonl:13,dog-breed-identification__a64775f6c5ad46338d48665b1ea8368c,2,2,1,0,0,0,0,0,1,0,1,1,1,0,
train,dog-breed-identification,cards_senior_0806.jsonl:21,dog-breed-identification__aa92811f15bd4c0c8de8e7d474a93e3e,2,2,1,0,0,0,0,0,1,0,1,1,1,0,
train,dog-breed-identification,cards_senior_0806.jsonl:22,dog-breed-identification__adaf981b8ac34e5b8adb75dd91032b3a,2,2,1,0,0,0,0,0,1,0,1,1,1,0,
train,dog-breed-identification,cards_senior_0804.jsonl:12,dog-breed-identification__b2c0b05950784f6ba219288806f57169,2,2,1,0,0,0,0,0,1,0,1,1,1,0,
train,dog-breed-identification,cards_senior_0806.jsonl:21,dog-breed-identification__b37c26ea78a44744a98ee9ab4afe2e3b,2,2,1,0,0,0,0,0,1,0,1,1,1,0,
train,dog-breed-identification,cards_senior_0806.jsonl:21,dog-breed-identification__b6206a8675ef4180b0c8a4a689ee9f1c,2,2,1,0,0,0,0,0,1,0,1,1,1,0,
train,dog-breed-identification,cards_senior_0806.jsonl:20,dog-breed-identification__bfdf42dcbd214d218d1d6e52b984cc17,2,2,1,0,0,0,0,0,1,0,1,1,1,0,
train,dog-breed-identification,cards_senior_0806.jsonl:21,dog-breed-identification__c00a59c01eb44e389e1563f25f0fca00,2,2,1,0,0,0,0,0,1,0,1,1,1,0,
train,dog-breed-identification,cards_senior_0806.jsonl:21,dog-breed-identification__c847ebd97f744ea18e6be2ee5fc28d06,2,2,1,0,0,0,0,0,1,0,1,1,1,0,
train,dog-breed-identification,cards_senior_0806.jsonl:20,dog-breed-identification__cda5495d52ae4cd3a0613d44701dc244,2,2,1,0,0,0,0,0,1,0,1,1,1,0,
train,dog-breed-identification,cards_senior_0801.jsonl:25,dog-breed-identification__cf4215d3e968491996d4e0a3ce3c1ae8,5,4,6,1,1,0,0,4,10,0,10,0.59999999999999998,1,0.40000000000000002,1
train,dog-breed-identification,cards_senior_0806.jsonl:19,dog-breed-identification__cf84f11323d440a29a92c1cb5f41d44f,2,2,1,0,0,0,0,0,1,0,1,1,1,0,
train,dog-breed-identification,cards_senior_0806.jsonl:21,dog-breed-identification__d845540bf5f64fd9879c5885ad3a048c,2,2,1,0,0,0,0,0,1,0,1,1,1,0,
train,dog-breed-identification,cards_senior_0806.jsonl:19,dog-breed-identification__e3dd4c4a624349bea46aa492d7c1a1a4,2,2,1,0,0,0,0,0,1,0,1,1,1,0,
train,dog-breed-identification,cards_senior_0806.jsonl:21,dog-breed-identification__ed94474e14b849e7b947437eff691287,2,2,1,0,0,0,0,0,1,0,1,1,1,0,
train,dog-breed-identification,cards_senior_0801.jsonl:28,dog-breed-identification__f18af853e18140169c9059d7c17ee4d9,5,3,3,2,2,0,0,6,9,1,10,0.29999999999999999,0.90000000000000002,0.59999999999999998,0.8571428571428571
train,dog-breed-identification,cards_senior_0806.jsonl:22,dog-breed-identification__f1c7e763b76044d9bc921d0e424f4368,2,2,1,0,0,0,0,0,1,0,1,1,1,0,
train,dog-breed-identification,cards_senior_0806.jsonl:22,dog-breed-identification__f592f0ef8244435683b2543dc1382a05,2,2,1,0,0,0,0,0,1,0,1,1,1,0,
train,dogs-vs-cats-redux-kernels-edition,cards_senior_0811.jsonl:0,dogs-vs-cats-redux-kernels-edition__1464ba86bdd744eb9d1a868d5fca9978,2,2,1,0,0,0,0,0,1,0,1,1,1,0,
train,dogs-vs-cats-redux-kernels-edition,cards_senior_0811.jsonl:3,dogs-vs-cats-redux-kernels-edition__19c25b0d624a41a2ba17dd3f849751f4,2,2,1,0,0,0,0,0,1,0,1,1,1,0,
train,dogs-vs-cats-redux-kernels-edition,cards_senior_0811.jsonl:1,dogs-vs-cats-redux-kernels-edition__2355c10bbe214822b7fcdb8fd23c59e9,2,2,1,0,0,0,0,0,1,0,1,1,1,0,
train,dogs-vs-cats-redux-kernels-edition,cards_senior_0811.jsonl:1,dogs-vs-cats-redux-kernels-edition__7020c1a36df540aba7df4080d1f3766b,2,2,1,0,0,0,0,0,1,0,1,1,1,0,
train,dogs-vs-cats-redux-kernels-edition,cards_senior_0811.jsonl:0,dogs-vs-cats-redux-kernels-edition__71356055646d49f5b7130e1efda51143,2,2,1,0,0,0,0,0,1,0,1,1,1,0,
train,dogs-vs-cats-redux-kernels-edition,cards_senior_0811.jsonl:1,dogs-vs-cats-redux-kernels-edition__75d8d7513afa473ab5bfeb76e7a865e6,2,2,1,0,0,0,0,0,1,0,1,1,1,0,
train,dogs-vs-cats-redux-kernels-edition,cards_senior_0811.jsonl:0,dogs-vs-cats-redux-kernels-edition__8b67cd9fd19d4540b68ff7f1cb1e3891,2,2,1,0,0,0,0,0,1,0,1,1,1,0,
train,dogs-vs-cats-redux-kernels-edition,cards_senior_0811.jsonl:0,dogs-vs-cats-redux-kernels-edition__ae85dd1b56484613a0017f59c221e5fc,2,2,1,0,0,0,0,0,1,0,1,1,1,0,
train,dogs-vs-cats-redux-kernels-edition,cards_senior_0811.jsonl:1,dogs-vs-cats-redux-kernels-edition__e3ebd6ef52d64adfa7466c46b5b760a5,2,2,1,0,0,0,0,0,1,0,1,1,1,0,
train,dogs-vs-cats-redux-kernels-edition,cards_senior_0811.jsonl:1,dogs-vs-cats-redux-kernels-edition__eafacf87271244169f62fc0aa528de50,2,2,1,0,0,0,0,0,1,0,1,1,1,0,
train,dogs-vs-cats-redux-kernels-edition,cards_senior_0811.jsonl:3,dogs-vs-cats-redux-kernels-edition__fb34a06ac7a94b5cac835e5aa8233b1e,2,2,1,0,0,0,0,0,1,0,1,1,1,0,
train,google-quest-challenge,cards_senior_0808.jsonl:2,google-quest-challenge__08731f13aaa2441f8481a906779c355f,2,2,1,0,0,0,0,0,1,0,1,1,1,0,
train,google-quest-challenge,cards_senior_0731.jsonl:9,google-quest-challenge__0f19e29322db415ebf4df309c11a6d37,2,2,1,0,0,0,0,0,1,0,1,1,1,0,
train,google-quest-challenge,cards_senior_0808.jsonl:2,google-quest-challenge__123479bd98f24453866e26586596a0e0,2,2,1,0,0,0,0,0,1,0,1,1,1,0,
train,google-quest-challenge,cards_senior_0731.jsonl:9,google-quest-challenge__145a8db9a2bd4ab797694f1b56314da4,2,2,1,0,0,0,0,0,1,0,1,1,1,0,
train,google-quest-challenge,cards_senior_0807.jsonl:2,google-quest-challenge__1f37ec5154c048ca91f9280df081b2bd,2,2,1,0,0,0,0,0,1,0,1,1,1,0,
train,google-quest-challenge,cards_senior_0811.jsonl:7,google-quest-challenge__1fd379e4e6f74aa2ae45e5f6846cc8fa,2,2,1,0,0,0,0,0,1,0,1,1,1,0,
train,google-quest-challenge,cards_senior_0807.jsonl:2,google-quest-challenge__206c0c7dc05046938337e1591920dda4,2,2,1,0,0,0,0,0,1,0,1,1,1,0,
train,google-quest-challenge,cards_senior_0811.jsonl:5,google-quest-challenge__22a09b825dc94963a637d246475de4b7,2,2,1,0,0,0,0,0,1,0,1,1,1,0,
train,google-quest-challenge,cards_senior_0808.jsonl:0,google-quest-challenge__247ad9912c284e1e9a7da6315558ef61,2,2,1,0,0,0,0,0,1,0,1,1,1,0,
train,google-quest-challenge,cards_senior_0807.jsonl:1,google-quest-challenge__26d5638289c94bf9ab9d4403d9b31aad,2,2,1,0,0,0,0,0,1,0,1,1,1,0,
train,google-quest-challenge,cards_senior_0808.jsonl:1,google-quest-challenge__29bc1f3bdd654f5a8f8eaa697b7e2945,2,2,1,0,0,0,0,0,1,0,1,1,1,0,
train,google-quest-challenge,cards_senior_0808.jsonl:3,google-quest-challenge__30ae9bf1f6a946fba55c9e0b9963fe15,2,2,1,0,0,0,0,0,1,0,1,1,1,0,
train,google-quest-challenge,cards_senior_0808.jsonl:0,google-quest-challenge__379e0fa6401a4ce0bbf44b183b5d0417,2,2,1,0,0,0,0,0,1,0,1,1,1,0,
train,google-quest-challenge,cards_senior_0731.jsonl:9,google-quest-challenge__3f64ea28df7b47379738c01da32d9049,2,2,1,0,0,0,0,0,1,0,1,1,1,0,
train,google-quest-challenge,cards_senior_0807.jsonl:2,google-quest-challenge__50e3c01168ce44fa8523f6f7387ebd60,2,2,1,0,0,0,0,0,1,0,1,1,1,0,
train,google-quest-challenge,cards_senior_0808.jsonl:3,google-quest-challenge__533943eaebbb481184aabaaba17b422b,2,2,1,0,0,0,0,0,1,0,1,1,1,0,
train,google-quest-challenge,cards_senior_0807.jsonl:3,google-quest-challenge__58d7889fa95c445eb210a4da389822db,2,2,1,0,0,0,0,0,1,0,1,1,1,0,
train,google-quest-challenge,cards_senior_0807.jsonl:2,google-quest-challenge__5bc04e1c981744ab91104d9a0a8ccd04,2,2,1,0,0,0,0,0,1,0,1,1,1,0,
train,google-quest-challenge,cards_senior_0808.jsonl:3,google-quest-challenge__6535334b03a34c0eada11df83c1d2837,2,2,1,0,0,0,0,0,1,0,1,1,1,0,
train,google-quest-challenge,cards_senior_0807.jsonl:2,google-quest-challenge__6ce931669ad645abafbfc980d2c4aa66,2,2,1,0,0,0,0,0,1,0,1,1,1,0,
train,google-quest-challenge,cards_senior_0808.jsonl:0,google-quest-challenge__6da13ba252434b73af95438ab59aacd0,2,2,1,0,0,0,0,0,1,0,1,1,1,0,
train,google-quest-challenge,cards_senior_0807.jsonl:2,google-quest-challenge__710e7409af174b1d8623b4efd498e9fd,2,2,1,0,0,0,0,0,1,0,1,1,1,0,
train,google-quest-challenge,cards_senior_0807.jsonl:0,google-quest-challenge__83b4791980064cc89b01c27f3d2289c0,2,2,1,0,0,0,0,0,1,0,1,1,1,0,
train,google-quest-challenge,cards_senior_0811.jsonl:6,google-quest-challenge__89627305a5fe44648f9da69fd9fc3a68,2,2,1,0,0,0,0,0,1,0,1,1,1,0,
train,google-quest-challenge,cards_senior_0807.jsonl:1,google-quest-challenge__9607ccc97b4441aaa359ac6e1c794b9a,2,2,1,0,0,0,0,0,1,0,1,1,1,0,
train,google-quest-challenge,cards_senior_0807.jsonl:2,google-quest-challenge__9a8b783fbdff4bf6a96b6cdf99623b85,2,2,1,0,0,0,0,0,1,0,1,1,1,0,
train,google-quest-challenge,cards_senior_0808.jsonl:0,google-quest-challenge__a9b84277f8a2401d8ac82ed839d8ac86,2,2,1,0,0,0,0,0,1,0,1,1,1,0,
train,google-quest-challenge,cards_senior_0811.jsonl:5,google-quest-challenge__aaaf783da314470dac9a812457a8dceb,2,2,1,0,0,0,0,0,1,0,1,1,1,0,
train,google-quest-challenge,cards_senior_0807.jsonl:3,google-quest-challenge__b680aed41d0645b5be62a27cd8f90a92,2,2,1,0,0,0,0,0,1,0,1,1,1,0,
train,google-quest-challenge,cards_senior_0807.jsonl:2,google-quest-challenge__ba84c42bf0d749eb990028d0b459be8c,2,2,1,0,0,0,0,0,1,0,1,1,1,0,
train,google-quest-challenge,cards_senior_0807.jsonl:1,google-quest-challenge__c674e13adb004ed880bdbe4e02591531,2,2,1,0,0,0,0,0,1,0,1,1,1,0,
train,google-quest-challenge,cards_senior_0808.jsonl:2,google-quest-challenge__c9ed2c7ae1ff4e63804953be9ec9f8e9,2,2,1,0,0,0,0,0,1,0,1,1,1,0,
train,google-quest-challenge,cards_senior_0807.jsonl:2,google-quest-challenge__cee4d45428e34942a0e31648e84c8732,2,2,1,0,0,0,0,0,1,0,1,1,1,0,
train,google-quest-challenge,cards_senior_0808.jsonl:0,google-quest-challenge__d33f7998b1864deb885274d60880fa1e,2,2,1,0,0,0,0,0,1,0,1,1,1,0,
train,google-quest-challenge,cards_senior_0808.jsonl:2,google-quest-challenge__d494bb2bbcb54ab886732a1d6bbc7585,2,2,1,0,0,0,0,0,1,0,1,1,1,0,
train,google-quest-challenge,cards_senior_0807.jsonl:3,google-quest-challenge__df6bedd2570e4ee580858c74ddb7b1cc,2,2,1,0,0,0,0,0,1,0,1,1,1,0,
train,google-quest-challenge,cards_senior_0807.jsonl:1,google-quest-challenge__dfb21f6a04774a59898dd93a17627442,2,2,1,0,0,0,0,0,1,0,1,1,1,0,
train,google-quest-challenge,cards_senior_0807.jsonl:2,google-quest-challenge__e687c4c52659411981301531dd24a890,2,2,1,0,0,0,0,0,1,0,1,1,1,0,
train,google-quest-challenge,cards_senior_0807.jsonl:1,google-quest-challenge__e723eece4011488985f66ec3d726142f,2,2,1,0,0,0,0,0,1,0,1,1,1,0,
train,google-quest-challenge,cards_senior_0808.jsonl:0,google-quest-challenge__ed85f2e2f3014a66823174319eb065be,2,2,1,0,0,0,0,0,1,0,1,1,1,0,
train,google-quest-challenge,cards_senior_0731.jsonl:9,google-quest-challenge__f2fab97542ae4196a8060b629ba47e18,2,2,1,0,0,0,0,0,1,0,1,1,1,0,
train,google-quest-challenge,cards_senior_0807.jsonl:0,google-quest-challenge__f6ecb16e6bf84ac5a3834a8ebc4e8e70,2,2,1,0,0,0,0,0,1,0,1,1,1,0,
train,google-quest-challenge,cards_senior_0808.jsonl:0,google-quest-challenge__f7b186d9ca1049d18bd5b03dfd9965af,2,2,1,0,0,0,0,0,1,0,1,1,1,0,
train,google-quest-challenge,cards_senior_0731.jsonl:9,google-quest-challenge__f94aba3d306e443e85fab6197bbfbddd,2,2,1,0,0,0,0,0,1,0,1,1,1,0,
train,google-quest-challenge,cards_senior_0808.jsonl:3,google-quest-challenge__fb355e729f224b8dbe28c3336ca0e5ba,2,2,1,0,0,0,0,0,1,0,1,1,1,0,
train,histopathologic-cancer-detection,cards_senior_0809.jsonl:9,histopathologic-cancer-detection__08cad9ae2f23480abd473dde32010c81,2,2,1,0,0,0,0,0,1,0,1,1,1,0,
train,histopathologic-cancer-detection,cards_senior_0805seq.jsonl:9,histopathologic-cancer-detection__097a659883fe466888be8f82b77c0de1,2,2,1,0,0,0,0,0,1,0,1,1,1,0,
train,histopathologic-cancer-detection,cards_senior_0809.jsonl:9,histopathologic-cancer-detection__0cf01378883444e09f4053689ef02f9d,2,2,1,0,0,0,0,0,1,0,1,1,1,0,
train,histopathologic-cancer-detection,cards_senior_0809.jsonl:10,histopathologic-cancer-detection__107af16a8c37467ca697d5e358a3d375,2,2,1,0,0,0,0,0,1,0,1,1,1,0,
train,histopathologic-cancer-detection,cards_senior_0801.jsonl:23,histopathologic-cancer-detection__129c6595212f4eb99c6167a46ee12955,2,2,1,0,0,0,0,0,1,0,1,1,1,0,
train,histopathologic-cancer-detection,cards_senior_0811.jsonl:14,histopathologic-cancer-detection__1529554697b448e3b5f04c6ecdec5a9f,2,2,1,0,0,0,0,0,1,0,1,1,1,0,
train,histopathologic-cancer-detection,cards_senior_0806.jsonl:11,histopathologic-cancer-detection__1b996be6918b49b48658bf55edece16a,2,2,1,0,0,0,0,0,1,0,1,1,1,0,
train,histopathologic-cancer-detection,cards_senior_0805seq.jsonl:9,histopathologic-cancer-detection__1c8e38b2307443bead991261d61b467e,2,2,1,0,0,0,0,0,1,0,1,1,1,0,
train,histopathologic-cancer-detection,cards_senior_0805seq.jsonl:8,histopathologic-cancer-detection__1e5a7fc932f6425c88a415f93dadbfd2,2,2,1,0,0,0,0,0,1,0,1,1,1,0,
train,histopathologic-cancer-detection,cards_senior_0806.jsonl:11,histopathologic-cancer-detection__2d16822bd84b4bc3b854edc7ed7ef78c,2,2,1,0,0,0,0,0,1,0,1,1,1,0,
train,histopathologic-cancer-detection,cards_senior_0806.jsonl:11,histopathologic-cancer-detection__2e2a5a62dc244e64ac8f3be50b0dc43b,2,2,1,0,0,0,0,0,1,0,1,1,1,0,
train,histopathologic-cancer-detection,cards_senior_0809.jsonl:9,histopathologic-cancer-detection__35014dacaa24430f96ab88d76419403f,2,2,1,0,0,0,0,0,1,0,1,1,1,0,
train,histopathologic-cancer-detection,cards_senior_0805seq.jsonl:8,histopathologic-cancer-detection__3710bfb7116f492ab79d4a49c3462d88,2,2,1,0,0,0,0,0,1,0,1,1,1,0,
train,histopathologic-cancer-detection,cards_senior_0811.jsonl:15,histopathologic-cancer-detection__41731edc80a94742b21cbc697debff01,2,2,1,0,0,0,0,0,1,0,1,1,1,0,
train,histopathologic-cancer-detection,cards_senior_0805seq.jsonl:9,histopathologic-cancer-detection__49432a6fdb5d43c2a26cbbd4f8d31cb2,2,2,1,0,0,0,0,0,1,0,1,1,1,0,
train,histopathologic-cancer-detection,cards_senior_0811.jsonl:15,histopathologic-cancer-detection__5425adfb82ca4a0baa906897849af112,2,2,1,0,0,0,0,0,1,0,1,1,1,0,
train,histopathologic-cancer-detection,cards_senior_0805seq.jsonl:8,histopathologic-cancer-detection__65d6237536404fcfbe8b359ffb0cd329,2,2,1,0,0,0,0,0,1,0,1,1,1,0,
train,histopathologic-cancer-detection,cards_senior_0801.jsonl:23,histopathologic-cancer-detection__683b87a9ceb44849802d1500ed7fd75e,2,2,1,0,0,0,0,0,1,0,1,1,1,0,
train,histopathologic-cancer-detection,cards_senior_0809.jsonl:10,histopathologic-cancer-detection__6b5b390e3c714273a31949e2653893b2,2,2,1,0,0,0,0,0,1,0,1,1,1,0,
train,histopathologic-cancer-detection,cards_senior_0806.jsonl:11,histopathologic-cancer-detection__6f679a082ba747738a9fee740d01bf3d,2,2,1,0,0,0,0,0,1,0,1,1,1,0,
train,histopathologic-cancer-detection,cards_senior_0811.jsonl:14,histopathologic-cancer-detection__6f8687d6b287427f86c640aecffd0054,2,2,1,0,0,0,0,0,1,0,1,1,1,0,
train,histopathologic-cancer-detection,cards_senior_0805seq.jsonl:9,histopathologic-cancer-detection__794f749ed6ce4751988747a2b70fbb1d,2,2,1,0,0,0,0,0,1,0,1,1,1,0,
train,histopathologic-cancer-detection,cards_senior_0805seq.jsonl:8,histopathologic-cancer-detection__7e014c6071b34661bf7b120f85426821,2,2,1,0,0,0,0,0,1,0,1,1,1,0,
train,histopathologic-cancer-detection,cards_senior_0801.jsonl:23,histopathologic-cancer-detection__8f9a86e3509c49508dbab2cbb0c70e5f,2,2,1,0,0,0,0,0,1,0,1,1,1,0,
train,histopathologic-cancer-detection,cards_senior_0806.jsonl:11,histopathologic-cancer-detection__96926da4aa824d74ae6c5d2ca5fb1d37,2,2,1,0,0,0,0,0,1,0,1,1,1,0,
train,histopathologic-cancer-detection,cards_senior_0805seq.jsonl:9,histopathologic-cancer-detection__999541e414e34dcd973841a1af2c717d,2,2,1,0,0,0,0,0,1,0,1,1,1,0,
train,histopathologic-cancer-detection,cards_senior_0801.jsonl:23,histopathologic-cancer-detection__9a5540034beb4197b99358b5a625ecd0,2,2,1,0,0,0,0,0,1,0,1,1,1,0,
train,histopathologic-cancer-detection,cards_senior_0806.jsonl:11,histopathologic-cancer-detection__a241278215b9437fa2f5fcbba6d2e99d,2,2,1,0,0,0,0,0,1,0,1,1,1,0,
train,histopathologic-cancer-detection,cards_senior_0805seq.jsonl:8,histopathologic-cancer-detection__a3405919500f4f67ba5dd6a1a0799cce,2,2,1,0,0,0,0,0,1,0,1,1,1,0,
train,histopathologic-cancer-detection,cards_senior_0811.jsonl:14,histopathologic-cancer-detection__aa9a622f8f8e4f5fb2f9f1f1a045a0fa,2,2,1,0,0,0,0,0,1,0,1,1,1,0,
train,histopathologic-cancer-detection,cards_senior_0811.jsonl:14,histopathologic-cancer-detection__b68832ca2cd54b6394a81eabc84ebf79,2,2,1,0,0,0,0,0,1,0,1,1,1,0,
train,histopathologic-cancer-detection,cards_senior_0805seq.jsonl:8,histopathologic-cancer-detection__c2c67547fcff484aa3003d9540780b56,2,2,1,0,0,0,0,0,1,0,1,1,1,0,
train,histopathologic-cancer-detection,cards_senior_0801.jsonl:23,histopathologic-cancer-detection__c6f46e2abade4d078088875653fb02cf,2,2,1,0,0,0,0,0,1,0,1,1,1,0,
train,histopathologic-cancer-detection,cards_senior_0805seq.jsonl:8,histopathologic-cancer-detection__cb7ce406fad748a9be278556a14dfea6,2,2,1,0,0,0,0,0,1,0,1,1,1,0,
train,histopathologic-cancer-detection,cards_senior_0805seq.jsonl:9,histopathologic-cancer-detection__ccc80b3720bd49e4a804f37add10f9f8,2,2,1,0,0,0,0,0,1,0,1,1,1,0,
train,histopathologic-cancer-detection,cards_senior_0806.jsonl:11,histopathologic-cancer-detection__ceed661404dc43209fbfd9f9c786d5ca,2,2,1,0,0,0,0,0,1,0,1,1,1,0,
train,histopathologic-cancer-detection,cards_senior_0806.jsonl:11,histopathologic-cancer-detection__cf675b258f684e08b1ac7c6ddfec66c2,2,2,1,0,0,0,0,0,1,0,1,1,1,0,
train,histopathologic-cancer-detection,cards_senior_0809.jsonl:9,histopathologic-cancer-detection__d7e222f5dce547f4af06cf1c5e14e3a3,2,2,1,0,0,0,0,0,1,0,1,1,1,0,
train,histopathologic-cancer-detection,cards_senior_0805seq.jsonl:9,histopathologic-cancer-detection__d90b4bbcc9d94c6fbebc1cbdc3051eee,2,2,1,0,0,0,0,0,1,0,1,1,1,0,
train,histopathologic-cancer-detection,cards_senior_0805seq.jsonl:9,histopathologic-cancer-detection__dc91704c1089418e95c2b582bb9ebb7a,2,2,1,0,0,0,0,0,1,0,1,1,1,0,
train,histopathologic-cancer-detection,cards_senior_0805seq.jsonl:9,histopathologic-cancer-detection__e452b51bf7f24ce7b629ce83c86f7220,2,2,1,0,0,0,0,0,1,0,1,1,1,0,
train,histopathologic-cancer-detection,cards_senior_0805seq.jsonl:9,histopathologic-cancer-detection__e4c6d7c4d2c04b67b1bb50db0d2ff7ce,2,2,1,0,0,0,0,0,1,0,1,1,1,0,
train,histopathologic-cancer-detection,cards_senior_0805seq.jsonl:8,histopathologic-cancer-detection__ea6f47a0b7b64c1dabd07846b835efc2,2,2,1,0,0,0,0,0,1,0,1,1,1,0,
train,histopathologic-cancer-detection,cards_senior_0809.jsonl:9,histopathologic-cancer-detection__ee9fb253f50a418385f97ffb8c09fe14,2,2,1,0,0,0,0,0,1,0,1,1,1,0,
train,histopathologic-cancer-detection,cards_senior_0806.jsonl:11,histopathologic-cancer-detection__eecefd7dbb8a4b238d9e59db2001a3d9,2,2,1,0,0,0,0,0,1,0,1,1,1,0,
train,histopathologic-cancer-detection,cards_senior_0806.jsonl:11,histopathologic-cancer-detection__f64293f3dfc1490294639c0cce6261b1,2,2,1,0,0,0,0,0,1,0,1,1,1,0,
train,kuzushiji-recognition,cards_senior_0804.jsonl:9,kuzushiji-recognition__5a7a02f73ed544e1b3610824879d210b,2,2,1,0,0,0,0,0,1,0,1,1,1,0,
train,kuzushiji-recognition,cards_senior_0804.jsonl:9,kuzushiji-recognition__5e18bad668b74dae8459fe6450f9174d,2,2,1,0,0,0,0,0,1,0,1,1,1,0,
train,kuzushiji-recognition,cards_senior_0809.jsonl:12,kuzushiji-recognition__863346d792884083adfb7630a08ad33a,2,2,1,0,0,0,0,0,1,0,1,1,1,0,
train,kuzushiji-recognition,cards_senior_0806.jsonl:12,kuzushiji-recognition__c1dd9b086705487ab6b1fba05edb33cb,2,2,1,0,0,0,0,0,1,0,1,1,1,0,
train,kuzushiji-recognition,cards_senior_0804.jsonl:9,kuzushiji-recognition__e3b8bb77162443aa9ba647b5f462bcbf,2,2,1,0,0,0,0,0,1,0,1,1,1,0,
train,kuzushiji-recognition,cards_senior_0809.jsonl:12,kuzushiji-recognition__e64a78b1589a4097bc48bd1859949d49,2,2,1,0,0,0,0,0,1,0,1,1,1,0,
train,kuzushiji-recognition,cards_senior_0806.jsonl:12,kuzushiji-recognition__f3e4f1eb07b04e05bd59c457f96d6655,2,2,1,0,0,0,0,0,1,0,1,1,1,0,
train,kuzushiji-recognition,cards_senior_0806.jsonl:12,kuzushiji-recognition__f8706cb9867f4235bf4ef7b5a2e18c7f,2,2,1,0,0,0,0,0,1,0,1,1,1,0,
train,kuzushiji-recognition,cards_senior_0806.jsonl:12,kuzushiji-recognition__fa63cac8355d4bffbff0fbbe2890922c,2,2,1,0,0,0,0,0,1,0,1,1,1,0,
train,leaf-classification,cards_senior_0810.jsonl:32,leaf-classification__00d52f9cb95f42ec942252b929872425,3,2,1,1,1,0,0,2,3,0,3,0.33333333333333331,1,0.66666666666666663,1
train,leaf-classification,cards_senior_0808.jsonl:37,leaf-classification__03794a1e86c74fc881b06ba05ba554fd,3,3,3,0,0,0,0,0,3,0,3,1,1,0,
train,leaf-classification,cards_senior_0808.jsonl:32,leaf-classification__06e44a918b694e6ab842fc093421b51a,3,3,2,0,0,0,0,0,2,1,3,0.66666666666666663,0.66666666666666663,0,0
train,leaf-classification,cards_senior_0808.jsonl:35,leaf-classification__06ff694909ab44e88239d2aba6bbb58d,3,3,3,0,0,0,0,0,3,0,3,1,1,0,
train,leaf-classification,cards_senior_0808.jsonl:35,leaf-classification__0c231d61e8824ee6b1ed3c931fb71eec,3,3,3,0,0,0,0,0,3,0,3,1,1,0,
train,leaf-classification,cards_senior_0809.jsonl:28,leaf-classification__0cde253921df42b7be56d499eef4f4a5,3,3,3,0,0,0,0,0,3,0,3,1,1,0,
train,leaf-classification,cards_gen2A.jsonl:1,leaf-classification__0e27bafbd0c04563a13a1a8823d63f09,5,5,10,0,0,0,0,0,10,0,10,1,1,0,
train,leaf-classification,cards_senior_0809.jsonl:27,leaf-classification__0fb3d5f508b947f4ad99985f9ed15b7c,3,3,3,0,0,0,0,0,3,0,3,1,1,0,
train,leaf-classification,cards_senior_0808.jsonl:35,leaf-classification__0fe92d5745934e5381548b2da2d9858d,3,3,3,0,0,0,0,0,3,0,3,1,1,0,
train,leaf-classification,cards_senior_0808.jsonl:36,leaf-classification__115dff0e468a4dc3837fe96ec0a7a59c,3,3,3,0,0,0,0,0,3,0,3,1,1,0,
train,leaf-classification,cards_senior_0809.jsonl:27,leaf-classification__12991616c1114fab935477daf54587f8,3,3,3,0,0,0,0,0,3,0,3,1,1,0,
train,leaf-classification,cards_senior_0809.jsonl:27,leaf-classification__17194f912b8b4bd1b216a44555b96284,3,2,1,1,1,0,0,2,3,0,3,0.33333333333333331,1,0.66666666666666663,1
train,leaf-classification,cards_senior_0810.jsonl:34,leaf-classification__183d3e24d1084baf8c30f330be016d3e,3,2,1,0,0,0,1,0,1,2,3,0.33333333333333331,0.33333333333333331,0,0
train,leaf-classification,cards_senior_0809.jsonl:27,leaf-classification__1dbd9973d28e427aa0b6fcb57a51eb58,3,2,1,1,1,0,0,2,3,0,3,0.33333333333333331,1,0.66666666666666663,1
train,leaf-classification,cards_senior_0809.jsonl:27,leaf-classification__2280eb2ed38b4bb9bdc7d4b7663f70b2,3,2,1,1,1,0,0,2,3,0,3,0.33333333333333331,1,0.66666666666666663,1
train,leaf-classification,cards_senior_0810.jsonl:32,leaf-classification__240c463d1bb64e919dcc9fa293df08b9,3,2,1,1,1,0,0,2,3,0,3,0.33333333333333331,1,0.66666666666666663,1
train,leaf-classification,cards_senior_0810.jsonl:34,leaf-classification__267c6d22b38c4cc08ece9cc2f5b21721,3,2,1,1,1,0,0,2,3,0,3,0.33333333333333331,1,0.66666666666666663,1
train,leaf-classification,cards_senior_0808.jsonl:36,leaf-classification__27dbfce9b6504654875d05cf8bd42208,3,2,1,1,1,0,0,2,3,0,3,0.33333333333333331,1,0.66666666666666663,1
train,leaf-classification,cards_senior_0808.jsonl:37,leaf-classification__29a50f7c12bf47abbb3c0f67aa7a1a2d,3,2,1,1,1,0,0,2,3,0,3,0.33333333333333331,1,0.66666666666666663,1
train,leaf-classification,cards_gen3A.jsonl:2,leaf-classification__2a3600f389144ba59bf77f0a327373a5,5,3,3,2,2,0,0,6,9,1,10,0.29999999999999999,0.90000000000000002,0.59999999999999998,0.8571428571428571
train,leaf-classification,cards_senior_0808.jsonl:32,leaf-classification__2d8be9da6d8a4788ad67b74e5b8069f7,3,3,3,0,0,0,0,0,3,0,3,1,1,0,
train,leaf-classification,cards_ours_20260727.jsonl:44,leaf-classification__321207b4d88a4c92a3e2daab0392b960,3,2,1,1,1,0,0,2,3,0,3,0.33333333333333331,1,0.66666666666666663,1
train,leaf-classification,cards_senior_0808.jsonl:35,leaf-classification__359c80081ad148ada166b96062a7d9f4,3,3,3,0,0,0,0,0,3,0,3,1,1,0,
train,leaf-classification,cards_senior_0809.jsonl:30,leaf-classification__3ccac1dbbc054772bc986f0a8688b7b8,3,2,1,0,0,0,1,0,1,2,3,0.33333333333333331,0.33333333333333331,0,0
train,leaf-classification,cards_senior_0808.jsonl:32,leaf-classification__3df8ca8392904931af497eca62979450,3,3,3,0,0,0,0,0,3,0,3,1,1,0,
train,leaf-classification,cards_senior_0808.jsonl:32,leaf-classification__405ec91b96b9470a9ffd35c535e3a5a7,3,2,1,1,1,0,0,2,3,0,3,0.33333333333333331,1,0.66666666666666663,1
train,leaf-classification,cards_gen2VALb.jsonl:0,leaf-classification__408758db056d48d29f9b1efe9f426ce7,5,2,1,3,3,0,0,6,7,3,10,0.10000000000000001,0.69999999999999996,0.59999999999999998,0.66666666666666663
train,leaf-classification,cards_senior_0810.jsonl:34,leaf-classification__40e65866ed764be99f543a5a8e1c8e25,3,3,3,0,0,0,0,0,3,0,3,1,1,0,
train,leaf-classification,cards_senior_0808.jsonl:36,leaf-classification__415461f3e6a04c2794767f428c109c7c,3,3,3,0,0,0,0,0,3,0,3,1,1,0,
train,leaf-classification,cards_senior_0809.jsonl:27,leaf-classification__44d6282d7bde4e0ebd8fcdaf42c3a9d3,3,3,3,0,0,0,0,0,3,0,3,1,1,0,
train,leaf-classification,cards_senior_0808.jsonl:32,leaf-classification__47c71e44003b4e62b18b391cd7958e75,3,3,3,0,0,0,0,0,3,0,3,1,1,0,
train,leaf-classification,cards_senior_0809.jsonl:27,leaf-classification__496293d4da084123bcb6d957cc656ba7,3,2,1,1,1,0,0,2,3,0,3,0.33333333333333331,1,0.66666666666666663,1
train,leaf-classification,cards_senior_0808.jsonl:37,leaf-classification__4b019c0f86a94e209da37a8d862f7ea2,3,3,3,0,0,0,0,0,3,0,3,1,1,0,
train,leaf-classification,cards_senior_0808.jsonl:35,leaf-classification__4be66e9de37242d7922a1254fb91571b,3,2,1,1,1,0,0,2,3,0,3,0.33333333333333331,1,0.66666666666666663,1
train,leaf-classification,cards_senior_0810.jsonl:32,leaf-classification__4c23af5f47d24c94b064ef743acb36f4,3,2,1,0,0,0,1,0,1,2,3,0.33333333333333331,0.33333333333333331,0,0
train,leaf-classification,cards_senior_0808.jsonl:32,leaf-classification__4d2253817ee84275bdaa44afcb037892,3,2,1,1,1,0,0,2,3,0,3,0.33333333333333331,1,0.66666666666666663,1
train,leaf-classification,cards_senior_0808.jsonl:36,leaf-classification__4e5a84f5923a486c9207d5e74debf6f6,3,3,3,0,0,0,0,0,3,0,3,1,1,0,
train,leaf-classification,cards_senior_0808.jsonl:35,leaf-classification__53f396c2a22a43c399444d2cac425d33,3,2,1,1,1,0,0,2,3,0,3,0.33333333333333331,1,0.66666666666666663,1
train,leaf-classification,cards_senior_0810.jsonl:36,leaf-classification__54f05da7b9324af8827bc95e992a2390,3,2,1,1,1,0,0,2,3,0,3,0.33333333333333331,1,0.66666666666666663,1
train,leaf-classification,cards_senior_0808.jsonl:35,leaf-classification__552ef48725c540bcab05f7d3d616cc6c,3,3,3,0,0,0,0,0,3,0,3,1,1,0,
train,leaf-classification,cards_senior_0808.jsonl:36,leaf-classification__55323e533a114cc19e273b6308d24265,3,3,3,0,0,0,0,0,3,0,3,1,1,0,
train,leaf-classification,cards_ours_20260727.jsonl:71,leaf-classification__5593d93c66c8432aa6bff14e800906fa,5,3,3,0,0,0,2,0,3,7,10,0.29999999999999999,0.29999999999999999,0,0
train,leaf-classification,cards_senior_0809.jsonl:27,leaf-classification__55bbcd879dd84bb0b09475c21b8b74b5,3,3,3,0,0,0,0,0,3,0,3,1,1,0,
train,leaf-classification,cards_senior_0810.jsonl:32,leaf-classification__589a3c1534604947859271cdb7785b62,3,2,1,1,1,0,0,2,3,0,3,0.33333333333333331,1,0.66666666666666663,1
train,leaf-classification,cards_gen3A.jsonl:0,leaf-classification__5bd1637a56454e209abfbebf9d79f05a,5,4,6,0,0,0,1,0,6,4,10,0.59999999999999998,0.59999999999999998,0,0
train,leaf-classification,cards_senior_0809.jsonl:30,leaf-classification__5dba91525ebd4ccead6277af7365a8d4,3,3,3,0,0,0,0,0,3,0,3,1,1,0,
train,leaf-classification,cards_senior_0810.jsonl:37,leaf-classification__5fc4d333bec34cef85da7c64d601c8c9,3,2,1,0,0,0,1,0,1,2,3,0.33333333333333331,0.33333333333333331,0,0
train,leaf-classification,cards_ours_20260727.jsonl:44,leaf-classification__6279af62f74b4c6496a1e2e78aca979e,5,2,1,0,0,0,3,0,1,9,10,0.10000000000000001,0.10000000000000001,0,0
train,leaf-classification,cards_senior_0808.jsonl:37,leaf-classification__67da05c3181a414289bfbea33328340d,3,3,3,0,0,0,0,0,3,0,3,1,1,0,
train,leaf-classification,cards_senior_0809.jsonl:27,leaf-classification__6ae99f62e6604b4ea5ff3e88cd944ad9,3,3,3,0,0,0,0,0,3,0,3,1,1,0,
train,leaf-classification,cards_senior_0808.jsonl:32,leaf-classification__6af4aafd588243149ec0a48def6cd74d,3,2,1,1,1,0,0,2,3,0,3,0.33333333333333331,1,0.66666666666666663,1
train,leaf-classification,cards_senior_0808.jsonl:37,leaf-classification__6c09b2a0ab0d4463a8a3174442ebc007,3,3,3,0,0,0,0,0,3,0,3,1,1,0,
train,leaf-classification,cards_senior_0808.jsonl:32,leaf-classification__6eac359df7f445259d1e62c44cc409b5,3,3,3,0,0,0,0,0,3,0,3,1,1,0,
train,leaf-classification,cards_senior_0809.jsonl:27,leaf-classification__7121d6b40c6d4098b7e5141c550f00c5,3,2,1,1,1,0,0,2,3,0,3,0.33333333333333331,1,0.66666666666666663,1
train,leaf-classification,cards_senior_0810.jsonl:34,leaf-classification__72b7033840534bf88f15ef96cf47dc01,3,3,3,0,0,0,0,0,3,0,3,1,1,0,
train,leaf-classification,cards_senior_0808.jsonl:35,leaf-classification__735d96b1431e4b7eb23dffb0a0b2449e,3,3,3,0,0,0,0,0,3,0,3,1,1,0,
train,leaf-classification,cards_senior_0808.jsonl:35,leaf-classification__76ba86f91d8b41b08fed72f79ddf654e,3,3,3,0,0,0,0,0,3,0,3,1,1,0,
train,leaf-classification,cards_senior_0808.jsonl:35,leaf-classification__77f49d53b5ea4f1da2eb12cba45464fb,3,3,3,0,0,0,0,0,3,0,3,1,1,0,
train,leaf-classification,cards_senior_0809.jsonl:27,leaf-classification__77f731cce2ea4b81822b4de0d2c11be0,3,3,3,0,0,0,0,0,3,0,3,1,1,0,
train,leaf-classification,cards_senior_0808.jsonl:37,leaf-classification__7bb01d41daea4817a8b5dd02a6ffff34,3,3,3,0,0,0,0,0,3,0,3,1,1,0,
train,leaf-classification,cards_senior_0808.jsonl:35,leaf-classification__7e0758a44bdc47e4b4a415865b5f2002,3,3,3,0,0,0,0,0,3,0,3,1,1,0,
train,leaf-classification,cards_senior_0810.jsonl:36,leaf-classification__7e3fe51685ed476483f514a794e16859,3,3,3,0,0,0,0,0,3,0,3,1,1,0,
train,leaf-classification,cards_senior_0808.jsonl:37,leaf-classification__81113faa3c5d4b4997887fce3defb534,3,2,1,1,1,0,0,2,3,0,3,0.33333333333333331,1,0.66666666666666663,1
train,leaf-classification,cards_senior_0809.jsonl:30,leaf-classification__81af995eda924310839366edb5526224,3,2,1,1,1,0,0,2,3,0,3,0.33333333333333331,1,0.66666666666666663,1
train,leaf-classification,cards_senior_0809.jsonl:28,leaf-classification__8362fafee2d74fd2b5d942fb95c1080e,3,2,1,1,1,0,0,2,3,0,3,0.33333333333333331,1,0.66666666666666663,1
train,leaf-classification,cards_senior_0810.jsonl:36,leaf-classification__88a387510f45409389fa0aedb5e9ff10,3,2,1,1,1,0,0,2,3,0,3,0.33333333333333331,1,0.66666666666666663,1
train,leaf-classification,cards_senior_0808.jsonl:37,leaf-classification__88ab7e688b8843e5abae358e16b2af48,3,3,3,0,0,0,0,0,3,0,3,1,1,0,
train,leaf-classification,cards_ours_20260727.jsonl:45,leaf-classification__8a21ff5f413c430daf5e1f59bc292468,5,4,6,1,1,0,0,4,10,0,10,0.59999999999999998,1,0.40000000000000002,1
train,leaf-classification,cards_senior_0808.jsonl:32,leaf-classification__8a7136460bd74105ba39358caab54ce1,3,3,3,0,0,0,0,0,3,0,3,1,1,0,
train,leaf-classification,cards_senior_0809.jsonl:27,leaf-classification__8b1a0780b036460fae7293f8238b161e,3,2,1,1,1,0,0,2,3,0,3,0.33333333333333331,1,0.66666666666666663,1
train,leaf-classification,cards_senior_0808.jsonl:35,leaf-classification__8d10d963385c42d882a25df2453b186f,3,2,1,1,1,0,0,2,3,0,3,0.33333333333333331,1,0.66666666666666663,1
train,leaf-classification,cards_senior_0808.jsonl:35,leaf-classification__90416c9c5fbb4433b810594df7a748e9,3,2,1,1,1,0,0,2,3,0,3,0.33333333333333331,1,0.66666666666666663,1
train,leaf-classification,cards_senior_0809.jsonl:27,leaf-classification__9289247411bc4eb6966a325b435e0124,3,3,3,0,0,0,0,0,3,0,3,1,1,0,
train,leaf-classification,cards_senior_0808.jsonl:32,leaf-classification__92a856ba9b664a7aae7b43322d1f1a43,3,2,1,1,1,0,0,2,3,0,3,0.33333333333333331,1,0.66666666666666663,1
train,leaf-classification,cards_ours_20260727.jsonl:63,leaf-classification__93dcdaf0140c49af8cda841254a47062,5,3,3,0,0,0,2,0,3,7,10,0.29999999999999999,0.29999999999999999,0,0
train,leaf-classification,cards_senior_0809.jsonl:27,leaf-classification__949d551407a54593ab434d9164c1cf5e,3,2,1,1,1,0,0,2,3,0,3,0.33333333333333331,1,0.66666666666666663,1
train,leaf-classification,cards_ours_20260727.jsonl:70,leaf-classification__956da132455841219fa6813275c7865f,5,3,3,0,0,0,2,0,3,7,10,0.29999999999999999,0.29999999999999999,0,0
train,leaf-classification,cards_senior_0808.jsonl:35,leaf-classification__95f639ded1c04434bfe70e991510ac9b,3,3,3,0,0,0,0,0,3,0,3,1,1,0,
train,leaf-classification,cards_senior_0808.jsonl:37,leaf-classification__98d4ffa7bbd54be492381d2849cd5558,3,2,1,1,1,0,0,2,3,0,3,0.33333333333333331,1,0.66666666666666663,1
train,leaf-classification,cards_senior_0808.jsonl:35,leaf-classification__99587f815e0d4f6b8ef51ec139f833fd,3,2,1,1,1,0,0,2,3,0,3,0.33333333333333331,1,0.66666666666666663,1
train,leaf-classification,cards_senior_0809.jsonl:27,leaf-classification__99c6f1cc15cd4a4d814bc75ec538c7c9,3,3,3,0,0,0,0,0,3,0,3,1,1,0,
train,leaf-classification,cards_senior_0808.jsonl:35,leaf-classification__9a2546b3ae1943a89180804fd58e15a9,3,3,3,0,0,0,0,0,3,0,3,1,1,0,
train,leaf-classification,cards_senior_0809.jsonl:27,leaf-classification__9c549a43fe9c4144b492240876831cd8,3,3,3,0,0,0,0,0,3,0,3,1,1,0,
train,leaf-classification,cards_senior_0808.jsonl:36,leaf-classification__9c5f88352f304b7da1558db44e0114a5,3,2,1,1,1,0,0,2,3,0,3,0.33333333333333331,1,0.66666666666666663,1
train,leaf-classification,cards_senior_0808.jsonl:35,leaf-classification__9e9b092ad5f44f8fb46032cd9f28c670,3,3,3,0,0,0,0,0,3,0,3,1,1,0,
train,leaf-classification,cards_senior_0808.jsonl:37,leaf-classification__a0d09897c99647b1869925408497641e,3,3,3,0,0,0,0,0,3,0,3,1,1,0,
train,leaf-classification,cards_ours_20260727.jsonl:63,leaf-classification__a2335b7df31c4608b0a88d26fb40acf9,4,2,1,2,2,0,0,4,5,1,6,0.16666666666666666,0.83333333333333337,0.66666666666666663,0.80000000000000004
train,leaf-classification,cards_senior_0810.jsonl:34,leaf-classification__a8563184ca5e423d8790bf910d77fede,3,2,1,1,1,0,0,2,3,0,3,0.33333333333333331,1,0.66666666666666663,1
train,leaf-classification,cards_senior_0809.jsonl:27,leaf-classification__aeb0578a1522426d818ab774a1660b0e,3,3,3,0,0,0,0,0,3,0,3,1,1,0,
train,leaf-classification,cards_senior_0808.jsonl:37,leaf-classification__afb6e8c4f641419dbe5ac3d26372fd31,3,3,3,0,0,0,0,0,3,0,3,1,1,0,
train,leaf-classification,cards_senior_0808.jsonl:37,leaf-classification__afb703c8f80a4c8cac151552385b448e,3,3,3,0,0,0,0,0,3,0,3,1,1,0,
train,leaf-classification,cards_gen3A.jsonl:2,leaf-classification__afc994b90f8e43c18ab36bc8a6a078ce,5,3,3,0,0,0,2,0,3,7,10,0.29999999999999999,0.29999999999999999,0,0
train,leaf-classification,cards_senior_0809.jsonl:27,leaf-classification__b435069fe856462b96e5ef8f24d7377d,3,3,3,0,0,0,0,0,3,0,3,1,1,0,
train,leaf-classification,cards_senior_0808.jsonl:32,leaf-classification__b46878fb7513468a865f207d0e154305,3,3,3,0,0,0,0,0,3,0,3,1,1,0,
train,leaf-classification,cards_senior_0810.jsonl:32,leaf-classification__b56257a7dc4e41c2be212405e856533b,3,3,3,0,0,0,0,0,3,0,3,1,1,0,
train,leaf-classification,cards_senior_0808.jsonl:35,leaf-classification__b57da766629b488db849925b036c7b71,3,3,3,0,0,0,0,0,3,0,3,1,1,0,
train,leaf-classification,cards_ours_20260727.jsonl:45,leaf-classification__b6bb4a961dc146af954efd745d7b469d,5,3,3,0,0,0,2,0,3,7,10,0.29999999999999999,0.29999999999999999,0,0
train,leaf-classification,cards_senior_0808.jsonl:37,leaf-classification__b85965a30b924758a299c30775cc0680,3,3,3,0,0,0,0,0,3,0,3,1,1,0,
train,leaf-classification,cards_senior_0810.jsonl:32,leaf-classification__b91c515d02954b0da24025d18af0acb8,3,3,3,0,0,0,0,0,3,0,3,1,1,0,
train,leaf-classification,cards_gen3A.jsonl:2,leaf-classification__ba10ec692bb541789f1fbd8bc5e83076,3,2,1,1,1,0,0,2,3,0,3,0.33333333333333331,1,0.66666666666666663,1
train,leaf-classification,cards_senior_0808.jsonl:37,leaf-classification__bb93c18852aa4beb91902287bdf7b4f4,3,2,1,1,1,0,0,2,3,0,3,0.33333333333333331,1,0.66666666666666663,1
train,leaf-classification,cards_senior_0810.jsonl:32,leaf-classification__bcf2a39be5984db3833ad2d7722d32a9,3,3,3,0,0,0,0,0,3,0,3,1,1,0,
train,leaf-classification,cards_senior_0810.jsonl:32,leaf-classification__bf496ab472c0480986773e67b35a8a24,3,2,1,1,1,0,0,2,3,0,3,0.33333333333333331,1,0.66666666666666663,1
train,leaf-classification,cards_ours_20260727.jsonl:70,leaf-classification__bf997d5c00a1418885b2044cc5df0b5d,5,3,3,2,2,0,0,6,9,1,10,0.29999999999999999,0.90000000000000002,0.59999999999999998,0.8571428571428571
train,leaf-classification,cards_senior_0808.jsonl:32,leaf-classification__c091e19ef3c14b8fa035f9d94863d839,3,3,3,0,0,0,0,0,3,0,3,1,1,0,
train,leaf-classification,cards_senior_0808.jsonl:37,leaf-classification__c1ba6f9a91ca4662b57f5daf0ba45109,3,3,3,0,0,0,0,0,3,0,3,1,1,0,
train,leaf-classification,cards_senior_0808.jsonl:37,leaf-classification__c2040eac40dc44e781aadd76461726c1,3,3,3,0,0,0,0,0,3,0,3,1,1,0,
train,leaf-classification,cards_ours_20260727.jsonl:74,leaf-classification__c31f9d88000541b7816dc725f0420f6c,5,5,10,0,0,0,0,0,10,0,10,1,1,0,
train,leaf-classification,cards_senior_0810.jsonl:32,leaf-classification__c446f8478bc94e9f95fa29071aba0836,3,3,3,0,0,0,0,0,3,0,3,1,1,0,
train,leaf-classification,cards_senior_0808.jsonl:36,leaf-classification__c5a7b8af873241c1912f29acbec68228,3,3,3,0,0,0,0,0,3,0,3,1,1,0,
train,leaf-classification,cards_senior_0808.jsonl:32,leaf-classification__c79c6f9c111c4322934bb28d459940d9,3,2,1,1,1,0,0,2,3,0,3,0.33333333333333331,1,0.66666666666666663,1
train,leaf-classification,cards_senior_0808.jsonl:37,leaf-classification__c85c21adaae045c78a052eb9a0755eb1,3,2,1,1,1,0,0,2,3,0,3,0.33333333333333331,1,0.66666666666666663,1
train,leaf-classification,cards_senior_0810.jsonl:36,leaf-classification__ce005e08e35446e78707b09a0e05d654,3,2,1,1,1,0,0,2,3,0,3,0.33333333333333331,1,0.66666666666666663,1
train,leaf-classification,cards_senior_0810.jsonl:32,leaf-classification__cf1d89eeee57430f9022c914b06cfc1c,3,2,1,1,1,0,0,2,3,0,3,0.33333333333333331,1,0.66666666666666663,1
train,leaf-classification,cards_senior_0809.jsonl:27,leaf-classification__d311550527474bec8bc22a444d89988e,3,3,3,0,0,0,0,0,3,0,3,1,1,0,
train,leaf-classification,cards_ours_20260727.jsonl:66,leaf-classification__d3e79ef753ec4a7d96cb66dfe1adc5d9,5,2,1,0,0,0,3,0,1,9,10,0.10000000000000001,0.10000000000000001,0,0
train,leaf-classification,cards_senior_0809.jsonl:32,leaf-classification__d41f5dbde301492e85226e58cec0cbb8,3,2,1,1,1,0,0,2,3,0,3,0.33333333333333331,1,0.66666666666666663,1
train,leaf-classification,cards_senior_0809.jsonl:32,leaf-classification__d6e6eeee81ba4db0aa92e79cd1a6d4dd,3,3,3,0,0,0,0,0,3,0,3,1,1,0,
train,leaf-classification,cards_senior_0808.jsonl:32,leaf-classification__d7a9f464915b4863997e7b4693bd5aeb,3,3,3,0,0,0,0,0,3,0,3,1,1,0,
train,leaf-classification,cards_senior_0808.jsonl:37,leaf-classification__df1603fb1877420694726fa954d63938,3,3,3,0,0,0,0,0,3,0,3,1,1,0,
train,leaf-classification,cards_senior_0810.jsonl:32,leaf-classification__dfe5adbf12d0429c9d85d77d901875d7,3,2,1,1,1,0,0,2,3,0,3,0.33333333333333331,1,0.66666666666666663,1
train,leaf-classification,cards_senior_0810.jsonl:32,leaf-classification__e157b8331f8a477ab3597b4fbc665667,3,2,1,1,1,0,0,2,3,0,3,0.33333333333333331,1,0.66666666666666663,1
train,leaf-classification,cards_senior_0810.jsonl:34,leaf-classification__e2db82151aae4930b2921e514585cfaa,3,3,3,0,0,0,0,0,3,0,3,1,1,0,
train,leaf-classification,cards_senior_0808.jsonl:32,leaf-classification__e3cf8277cd35472d904892be5b1c4a4e,3,3,3,0,0,0,0,0,3,0,3,1,1,0,
train,leaf-classification,cards_ours_20260727.jsonl:44,leaf-classification__e45f7879af8b4a6d9b56c468416c5ec4,5,4,6,1,1,0,0,4,10,0,10,0.59999999999999998,1,0.40000000000000002,1
train,leaf-classification,cards_senior_0810.jsonl:34,leaf-classification__e5152852596c4a0ca5a83d5fff88cce5,3,3,3,0,0,0,0,0,3,0,3,1,1,0,
train,leaf-classification,cards_senior_0808.jsonl:32,leaf-classification__e6e86901a29949488638fb8338b31fcb,3,3,3,0,0,0,0,0,3,0,3,1,1,0,
train,leaf-classification,cards_senior_0808.jsonl:35,leaf-classification__e8bb3e5b9451464fbadc2ca46ddd6027,3,3,3,0,0,0,0,0,3,0,3,1,1,0,
train,leaf-classification,cards_senior_0808.jsonl:32,leaf-classification__e8dab87ed36e455294bad34c697fc203,3,3,3,0,0,0,0,0,3,0,3,1,1,0,
train,leaf-classification,cards_gen2C.jsonl:1,leaf-classification__e9279536d38143b286b6a472e1169bfd,3,2,1,1,1,0,0,2,3,0,3,0.33333333333333331,1,0.66666666666666663,1
train,leaf-classification,cards_senior_0808.jsonl:35,leaf-classification__ea16f4c7e2d34491b0cd220930a04856,3,3,3,0,0,0,0,0,3,0,3,1,1,0,
train,leaf-classification,cards_senior_0808.jsonl:35,leaf-classification__ecb0fb1a0fe04267b19819d2cdfcb5f6,3,2,1,1,1,0,0,2,3,0,3,0.33333333333333331,1,0.66666666666666663,1
train,leaf-classification,cards_senior_0808.jsonl:37,leaf-classification__efe6af8276a24787a77b19717526a4d2,3,3,3,0,0,0,0,0,3,0,3,1,1,0,
train,leaf-classification,cards_senior_0808.jsonl:35,leaf-classification__f1eb53f85bce489c8309a797f95a28b3,3,3,3,0,0,0,0,0,3,0,3,1,1,0,
train,leaf-classification,cards_senior_0808.jsonl:32,leaf-classification__f3690e22ae874674af4a5dd2ab7c33fb,3,3,3,0,0,0,0,0,3,0,3,1,1,0,
train,leaf-classification,cards_senior_0808.jsonl:32,leaf-classification__f49e37dacdec4e28bde8f63c0647253d,3,2,1,1,1,0,0,2,3,0,3,0.33333333333333331,1,0.66666666666666663,1
train,leaf-classification,cards_senior_0808.jsonl:35,leaf-classification__f5a64b40dec64390934c88e84bc00a18,3,2,1,1,1,0,0,2,3,0,3,0.33333333333333331,1,0.66666666666666663,1
train,leaf-classification,cards_senior_0808.jsonl:35,leaf-classification__f60caecf7e224133a66d1c42ade04a14,3,3,3,0,0,0,0,0,3,0,3,1,1,0,
train,leaf-classification,cards_ours_20260727.jsonl:66,leaf-classification__f731571ce21c4323aaffe55f85ef9001,5,2,1,3,3,0,0,6,7,3,10,0.10000000000000001,0.69999999999999996,0.59999999999999998,0.66666666666666663
train,leaf-classification,cards_senior_0809.jsonl:27,leaf-classification__f83ab8265cca4186978230e6cb1b79a3,3,3,3,0,0,0,0,0,3,0,3,1,1,0,
train,leaf-classification,cards_senior_0808.jsonl:36,leaf-classification__f8988010c16b4f7ea749cc31caf263f7,3,3,3,0,0,0,0,0,3,0,3,1,1,0,
train,leaf-classification,cards_gen2C.jsonl:1,leaf-classification__fadce046e0274ce8bff99b7b9c5ebc8a,5,3,3,0,0,0,2,0,3,7,10,0.29999999999999999,0.29999999999999999,0,0
train,leaf-classification,cards_senior_0810.jsonl:34,leaf-classification__fb0e846c15174c6aa93745c33779fc3a,3,3,3,0,0,0,0,0,3,0,3,1,1,0,
train,leaf-classification,cards_senior_0808.jsonl:35,leaf-classification__fbeb700a269b49fdb92fed8bdf4faddb,3,3,3,0,0,0,0,0,3,0,3,1,1,0,
train,leaf-classification,cards_senior_0810.jsonl:34,leaf-classification__fbf8355c14bb409b96959636e4a89428,3,3,3,0,0,0,0,0,3,0,3,1,1,0,
train,leaf-classification,cards_senior_0808.jsonl:36,leaf-classification__fcf29944ebb840cab454b498760bccc6,3,2,1,1,1,0,0,2,3,0,3,0.33333333333333331,1,0.66666666666666663,1
train,leaf-classification,cards_gen2C.jsonl:1,leaf-classification__feb2754edf644ebaac8921c998d9c487,5,3,3,2,2,0,0,6,9,1,10,0.29999999999999999,0.90000000000000002,0.59999999999999998,0.8571428571428571
train,learning-agency-lab-automated-essay-scoring-2,cards_senior_0803.jsonl:4,learning-agency-lab-automated-essay-scoring-2__03271ba540e54ace9c0e544c909230b6,3,3,3,0,0,0,0,0,3,0,3,1,1,0,
train,learning-agency-lab-automated-essay-scoring-2,cards_senior_0803.jsonl:7,learning-agency-lab-automated-essay-scoring-2__1ce748036c064b2fb6d52771d6a94264,3,2,1,0,0,0,1,0,1,2,3,0.33333333333333331,0.33333333333333331,0,0
train,learning-agency-lab-automated-essay-scoring-2,cards_senior_0810.jsonl:10,learning-agency-lab-automated-essay-scoring-2__1db665300a9841efb6d1f95c1110e495,2,2,1,0,0,0,0,0,1,0,1,1,1,0,
train,learning-agency-lab-automated-essay-scoring-2,cards_senior_0803.jsonl:0,learning-agency-lab-automated-essay-scoring-2__20734b65cfc54396a84445da445ac8f8,3,3,3,0,0,0,0,0,3,0,3,1,1,0,
train,learning-agency-lab-automated-essay-scoring-2,cards_senior_0803.jsonl:2,learning-agency-lab-automated-essay-scoring-2__28e734c1f69e431980e692cdc5770724,3,3,3,0,0,0,0,0,3,0,3,1,1,0,
train,learning-agency-lab-automated-essay-scoring-2,cards_senior_0810.jsonl:10,learning-agency-lab-automated-essay-scoring-2__32ba620476c4482bb33cae16cc7fea34,2,2,1,0,0,0,0,0,1,0,1,1,1,0,
train,learning-agency-lab-automated-essay-scoring-2,cards_senior_0803.jsonl:5,learning-agency-lab-automated-essay-scoring-2__39070d0da2b64da2b336bc847e53cd88,3,2,1,0,0,0,1,0,1,2,3,0.33333333333333331,0.33333333333333331,0,0
train,learning-agency-lab-automated-essay-scoring-2,cards_senior_0803.jsonl:0,learning-agency-lab-automated-essay-scoring-2__3ddfb04401484006897548d8d7b4818f,3,2,1,1,0,1,0,0,1,2,3,0.33333333333333331,0.33333333333333331,0,0
train,learning-agency-lab-automated-essay-scoring-2,cards_senior_0803.jsonl:5,learning-agency-lab-automated-essay-scoring-2__40d8238676984b7d898d832d076da450,3,2,1,1,0,1,0,0,1,2,3,0.33333333333333331,0.33333333333333331,0,0
train,learning-agency-lab-automated-essay-scoring-2,cards_senior_0803.jsonl:2,learning-agency-lab-automated-essay-scoring-2__4c9e6e9dd8624a3d9b041cd1a4adcdf5,3,3,3,0,0,0,0,0,3,0,3,1,1,0,
train,learning-agency-lab-automated-essay-scoring-2,cards_senior_0803.jsonl:1,learning-agency-lab-automated-essay-scoring-2__53e8f4f7c71242d4be33e5bd20f98b53,3,3,3,0,0,0,0,0,3,0,3,1,1,0,
train,learning-agency-lab-automated-essay-scoring-2,cards_senior_0803.jsonl:2,learning-agency-lab-automated-essay-scoring-2__630fda72a90540399deed0ee51a8684c,3,2,1,1,0,1,0,0,1,2,3,0.33333333333333331,0.33333333333333331,0,0
train,learning-agency-lab-automated-essay-scoring-2,cards_senior_0803.jsonl:0,learning-agency-lab-automated-essay-scoring-2__736c5153dfa3461d85ff97bc0b80a39d,3,3,3,0,0,0,0,0,3,0,3,1,1,0,
train,learning-agency-lab-automated-essay-scoring-2,cards_senior_0810.jsonl:9,learning-agency-lab-automated-essay-scoring-2__750a52beffb34f17a403043cb1fde482,2,2,1,0,0,0,0,0,1,0,1,1,1,0,
train,learning-agency-lab-automated-essay-scoring-2,cards_senior_0803.jsonl:4,learning-agency-lab-automated-essay-scoring-2__87ee471ff99d412b91e53f4173f211fa,3,2,1,1,0,1,0,0,1,2,3,0.33333333333333331,0.33333333333333331,0,0
train,learning-agency-lab-automated-essay-scoring-2,cards_senior_0803.jsonl:1,learning-agency-lab-automated-essay-scoring-2__906277d88f3e4c47b945116987aff746,3,3,3,0,0,0,0,0,3,0,3,1,1,0,
train,learning-agency-lab-automated-essay-scoring-2,cards_senior_0803.jsonl:2,learning-agency-lab-automated-essay-scoring-2__93f651f4a4e14dd6a6fa1fea734bec89,3,3,3,0,0,0,0,0,3,0,3,1,1,0,
train,learning-agency-lab-automated-essay-scoring-2,cards_senior_0803.jsonl:0,learning-agency-lab-automated-essay-scoring-2__942f4f68d08d4c9cac3d4ba7b6358bd7,3,2,1,1,0,1,0,0,1,2,3,0.33333333333333331,0.33333333333333331,0,0
train,learning-agency-lab-automated-essay-scoring-2,cards_senior_0808.jsonl:13,learning-agency-lab-automated-essay-scoring-2__9facb1b530094c93b2d0f0a415a0d834,3,2,1,1,1,0,0,2,3,0,3,0.33333333333333331,1,0.66666666666666663,1
train,learning-agency-lab-automated-essay-scoring-2,cards_senior_0803.jsonl:4,learning-agency-lab-automated-essay-scoring-2__bfc29ca31c4348c7b1618f2319e67734,3,2,1,1,0,1,0,0,1,2,3,0.33333333333333331,0.33333333333333331,0,0
train,learning-agency-lab-automated-essay-scoring-2,cards_senior_0803.jsonl:7,learning-agency-lab-automated-essay-scoring-2__bfca24cda2f44143958f62ba1fd49abc,3,3,3,0,0,0,0,0,3,0,3,1,1,0,
train,learning-agency-lab-automated-essay-scoring-2,cards_senior_0803.jsonl:1,learning-agency-lab-automated-essay-scoring-2__da1d5cd00770451b84da86db540c037e,3,3,3,0,0,0,0,0,3,0,3,1,1,0,
train,learning-agency-lab-automated-essay-scoring-2,cards_senior_0803.jsonl:7,learning-agency-lab-automated-essay-scoring-2__dd9120aa17524ac0bf997f8f0c5cdbdf,3,2,1,1,0,1,0,0,1,2,3,0.33333333333333331,0.33333333333333331,0,0
train,learning-agency-lab-automated-essay-scoring-2,cards_senior_0803.jsonl:0,learning-agency-lab-automated-essay-scoring-2__e85c12a7019a46c9a1ef2dd62553e1a4,3,2,1,0,0,0,1,0,1,2,3,0.33333333333333331,0.33333333333333331,0,0
train,learning-agency-lab-automated-essay-scoring-2,cards_senior_0808.jsonl:13,learning-agency-lab-automated-essay-scoring-2__f5c4311a70c2428db27767ef15790fc4,3,2,1,0,0,0,1,0,1,2,3,0.33333333333333331,0.33333333333333331,0,0
train,learning-agency-lab-automated-essay-scoring-2,cards_senior_0803.jsonl:2,learning-agency-lab-automated-essay-scoring-2__f65d78464cea491ca0ad192617ca339b,3,3,3,0,0,0,0,0,3,0,3,1,1,0,
train,learning-agency-lab-automated-essay-scoring-2,cards_senior_0808.jsonl:12,learning-agency-lab-automated-essay-scoring-2__fa51b358f2734f8db4364748ec75430a,3,2,1,1,1,0,0,2,3,0,3,0.33333333333333331,1,0.66666666666666663,1
train,learning-agency-lab-automated-essay-scoring-2,cards_senior_0810.jsonl:11,learning-agency-lab-automated-essay-scoring-2__fae6c3b864064169a69395713c832dd9,2,2,1,0,0,0,0,0,1,0,1,1,1,0,
train,mlsp-2013-birds,cards_senior_0726.jsonl:14,mlsp-2013-birds__00bbd30755744cb6a580499db7730492,5,2,1,3,3,0,0,6,7,3,10,0.10000000000000001,0.69999999999999996,0.59999999999999998,0.66666666666666663
train,mlsp-2013-birds,cards_senior_0730.jsonl:17,mlsp-2013-birds__0562c0f7c148476b8a0bfe7ad85cfb69,5,2,1,3,3,0,0,6,7,3,10,0.10000000000000001,0.69999999999999996,0.59999999999999998,0.66666666666666663
train,mlsp-2013-birds,cards_senior_0726.jsonl:9,mlsp-2013-birds__12355216b60f422182176ca27b2bc7de,5,2,1,3,3,0,0,6,7,3,10,0.10000000000000001,0.69999999999999996,0.59999999999999998,0.66666666666666663
train,mlsp-2013-birds,cards_senior_0730.jsonl:18,mlsp-2013-birds__159c4c6857114ab78a374b5c3edbea85,5,3,3,2,2,0,0,6,9,1,10,0.29999999999999999,0.90000000000000002,0.59999999999999998,0.8571428571428571
train,mlsp-2013-birds,cards_senior_0726.jsonl:9,mlsp-2013-birds__165691d06ad94979b4712317e594dee9,5,2,1,3,3,0,0,6,7,3,10,0.10000000000000001,0.69999999999999996,0.59999999999999998,0.66666666666666663
train,mlsp-2013-birds,cards_senior_0726.jsonl:11,mlsp-2013-birds__184db124e6b14a8a966a72975d98833e,5,5,10,0,0,0,0,0,10,0,10,1,1,0,
train,mlsp-2013-birds,cards_senior_0726.jsonl:13,mlsp-2013-birds__18e9d0c0d9244da6a9f728f15b20e10f,5,2,1,3,3,0,0,6,7,3,10,0.10000000000000001,0.69999999999999996,0.59999999999999998,0.66666666666666663
train,mlsp-2013-birds,cards_senior_0730.jsonl:18,mlsp-2013-birds__1ac7c5275c3947d0a9832315ecb8e932,5,2,1,3,3,0,0,6,7,3,10,0.10000000000000001,0.69999999999999996,0.59999999999999998,0.66666666666666663
train,mlsp-2013-birds,cards_senior_0802.jsonl:5,mlsp-2013-birds__1c8573a29bfb4bbe9483389c25d0fedc,5,3,3,2,0,2,0,0,3,7,10,0.29999999999999999,0.29999999999999999,0,0
train,mlsp-2013-birds,cards_senior_0730.jsonl:16,mlsp-2013-birds__1ca0394152a24231a928e024335e42f7,5,3,3,2,2,0,0,6,9,1,10,0.29999999999999999,0.90000000000000002,0.59999999999999998,0.8571428571428571
train,mlsp-2013-birds,cards_senior_0730.jsonl:13,mlsp-2013-birds__20ab119b57a346809dd9264d2ba5a0f8,5,2,1,3,3,0,0,6,7,3,10,0.10000000000000001,0.69999999999999996,0.59999999999999998,0.66666666666666663
train,mlsp-2013-birds,cards_senior_0730.jsonl:16,mlsp-2013-birds__2babf3e911fb4b96b9eb8c162524590d,5,2,1,3,3,0,0,6,7,3,10,0.10000000000000001,0.69999999999999996,0.59999999999999998,0.66666666666666663
train,mlsp-2013-birds,cards_senior_0726.jsonl:12,mlsp-2013-birds__2e8ce07fbe924427b2b336c0761ec92a,5,4,6,1,1,0,0,4,10,0,10,0.59999999999999998,1,0.40000000000000002,1
train,mlsp-2013-birds,cards_senior_0802.jsonl:3,mlsp-2013-birds__32ad1ce4039644f695b7dc5198057be5,5,2,1,3,0,3,0,0,1,9,10,0.10000000000000001,0.10000000000000001,0,0
train,mlsp-2013-birds,cards_senior_0802.jsonl:3,mlsp-2013-birds__339bb44cdd3346f9987a176d518224a4,5,3,3,2,0,2,0,0,3,7,10,0.29999999999999999,0.29999999999999999,0,0
train,mlsp-2013-birds,cards_senior_0730.jsonl:16,mlsp-2013-birds__342eb66654124d68bbbb3b3be031ab23,5,4,6,1,1,0,0,4,10,0,10,0.59999999999999998,1,0.40000000000000002,1
train,mlsp-2013-birds,cards_senior_0726.jsonl:12,mlsp-2013-birds__34d6b212397047da80122ec3516b2629,5,3,3,2,2,0,0,6,9,1,10,0.29999999999999999,0.90000000000000002,0.59999999999999998,0.8571428571428571
train,mlsp-2013-birds,cards_senior_0726.jsonl:9,mlsp-2013-birds__3ab0242bc3554ef98ed18611944947d3,5,3,3,2,2,0,0,6,9,1,10,0.29999999999999999,0.90000000000000002,0.59999999999999998,0.8571428571428571
train,mlsp-2013-birds,cards_senior_0802.jsonl:3,mlsp-2013-birds__3d9aa0f6789d46f481bf91effb89cd7e,5,5,10,0,0,0,0,0,10,0,10,1,1,0,
train,mlsp-2013-birds,cards_senior_0730.jsonl:18,mlsp-2013-birds__3fa71517c1d749f8bc8576d111db5605,5,4,6,1,1,0,0,4,10,0,10,0.59999999999999998,1,0.40000000000000002,1
train,mlsp-2013-birds,cards_senior_0726.jsonl:9,mlsp-2013-birds__3fe6d4fe81164e6f968142e545e95fe4,5,2,1,3,3,0,0,6,7,3,10,0.10000000000000001,0.69999999999999996,0.59999999999999998,0.66666666666666663
train,mlsp-2013-birds,cards_senior_0802.jsonl:5,mlsp-2013-birds__430594c2bfb74f168a65fd96bf98a8cd,5,5,10,0,0,0,0,0,10,0,10,1,1,0,
train,mlsp-2013-birds,cards_senior_0728.jsonl:20,mlsp-2013-birds__48bdda9459074908a3a79e255f8468a8,3,2,1,1,1,0,0,2,3,0,3,0.33333333333333331,1,0.66666666666666663,1
train,mlsp-2013-birds,cards_senior_0730.jsonl:17,mlsp-2013-birds__5ea4af2694ff4ff48236f0eeec9edb6f,5,4,6,1,1,0,0,4,10,0,10,0.59999999999999998,1,0.40000000000000002,1
train,mlsp-2013-birds,cards_senior_0728.jsonl:23,mlsp-2013-birds__61101a622fa34091a297038407d1b83a,3,2,1,1,1,0,0,2,3,0,3,0.33333333333333331,1,0.66666666666666663,1
train,mlsp-2013-birds,cards_senior_0728.jsonl:22,mlsp-2013-birds__61b04e88c36a4b3badc9ee9632d4ace8,3,2,1,1,1,0,0,2,3,0,3,0.33333333333333331,1,0.66666666666666663,1
train,mlsp-2013-birds,cards_senior_0726.jsonl:14,mlsp-2013-birds__61ead5ce9f7a4bc2b132da44fbd7941d,5,3,3,2,2,0,0,6,9,1,10,0.29999999999999999,0.90000000000000002,0.59999999999999998,0.8571428571428571
train,mlsp-2013-birds,cards_senior_0802.jsonl:5,mlsp-2013-birds__63832244d491442280231f5a801a228c,5,2,1,3,0,3,0,0,1,9,10,0.10000000000000001,0.10000000000000001,0,0
train,mlsp-2013-birds,cards_senior_0802.jsonl:3,mlsp-2013-birds__68481672af5141e3baaeab9cb165842c,5,2,1,3,0,3,0,0,1,9,10,0.10000000000000001,0.10000000000000001,0,0
train,mlsp-2013-birds,cards_senior_0726.jsonl:9,mlsp-2013-birds__6c5d4b53b90f4332a88930fc96587020,5,2,1,3,3,0,0,6,7,3,10,0.10000000000000001,0.69999999999999996,0.59999999999999998,0.66666666666666663
train,mlsp-2013-birds,cards_senior_0726.jsonl:12,mlsp-2013-birds__6cfd74e35b1c4d03989e64cf471a0381,5,4,6,1,1,0,0,4,10,0,10,0.59999999999999998,1,0.40000000000000002,1
train,mlsp-2013-birds,cards_senior_0730.jsonl:17,mlsp-2013-birds__7405dda1fb57431dbe8a27af28418f8d,5,3,3,2,2,0,0,6,9,1,10,0.29999999999999999,0.90000000000000002,0.59999999999999998,0.8571428571428571
train,mlsp-2013-birds,cards_senior_0802.jsonl:2,mlsp-2013-birds__7d46e51a77fb4d35be63043c4c2d32ee,5,4,6,1,0,1,0,0,6,4,10,0.59999999999999998,0.59999999999999998,0,0
train,mlsp-2013-birds,cards_senior_0802.jsonl:2,mlsp-2013-birds__84467c9829b34dfea1d84bc658dc757b,5,2,1,0,0,0,3,0,1,9,10,0.10000000000000001,0.10000000000000001,0,0
train,mlsp-2013-birds,cards_senior_0730.jsonl:13,mlsp-2013-birds__8584f0e186dc4146800d3f0160f71bdd,5,3,3,2,2,0,0,6,9,1,10,0.29999999999999999,0.90000000000000002,0.59999999999999998,0.8571428571428571
train,mlsp-2013-birds,cards_senior_0730.jsonl:13,mlsp-2013-birds__88987b6bf868424d8550334a1c71022c,5,2,1,3,3,0,0,6,7,3,10,0.10000000000000001,0.69999999999999996,0.59999999999999998,0.66666666666666663
train,mlsp-2013-birds,cards_senior_0726.jsonl:9,mlsp-2013-birds__88dd289acbc54477bb3e03e18a7faa8f,5,3,3,2,2,0,0,6,9,1,10,0.29999999999999999,0.90000000000000002,0.59999999999999998,0.8571428571428571
train,mlsp-2013-birds,cards_senior_0802.jsonl:5,mlsp-2013-birds__8a4bf8853b1444d1a7150a7671dd6fb1,5,3,3,2,0,2,0,0,3,7,10,0.29999999999999999,0.29999999999999999,0,0
train,mlsp-2013-birds,cards_senior_0802.jsonl:2,mlsp-2013-birds__921961bf7f374666a4fcd8c7985c208f,5,4,6,1,0,1,0,0,6,4,10,0.59999999999999998,0.59999999999999998,0,0
train,mlsp-2013-birds,cards_senior_0726.jsonl:12,mlsp-2013-birds__9283a6dd38844c7fa2dee50fcd3032e6,5,2,1,3,3,0,0,6,7,3,10,0.10000000000000001,0.69999999999999996,0.59999999999999998,0.66666666666666663
train,mlsp-2013-birds,cards_senior_0802.jsonl:3,mlsp-2013-birds__96b707753bcf421d91537f98465e6cea,5,3,3,0,0,0,2,0,3,7,10,0.29999999999999999,0.29999999999999999,0,0
train,mlsp-2013-birds,cards_senior_0802.jsonl:2,mlsp-2013-birds__9be3284408b74a1885c6803db6c35b3b,5,4,6,1,0,1,0,0,6,4,10,0.59999999999999998,0.59999999999999998,0,0
train,mlsp-2013-birds,cards_senior_0726.jsonl:11,mlsp-2013-birds__9cd7dceb89eb419b8929162bd9a911d7,5,2,1,3,3,0,0,6,7,3,10,0.10000000000000001,0.69999999999999996,0.59999999999999998,0.66666666666666663
train,mlsp-2013-birds,cards_senior_0726.jsonl:11,mlsp-2013-birds__9dd5f3e78f3044b3a31b6342ae909f68,5,3,3,2,2,0,0,6,9,1,10,0.29999999999999999,0.90000000000000002,0.59999999999999998,0.8571428571428571
train,mlsp-2013-birds,cards_senior_0726.jsonl:11,mlsp-2013-birds__9e1631e38a7c4d649465f4689eedf867,5,3,3,2,2,0,0,6,9,1,10,0.29999999999999999,0.90000000000000002,0.59999999999999998,0.8571428571428571
train,mlsp-2013-birds,cards_senior_0730.jsonl:17,mlsp-2013-birds__9fb38a43ac754770ac5af5e22f73c2ca,5,2,1,3,3,0,0,6,7,3,10,0.10000000000000001,0.69999999999999996,0.59999999999999998,0.66666666666666663
train,mlsp-2013-birds,cards_senior_0728.jsonl:19,mlsp-2013-birds__a443739b7294413c854239551fb38549,3,2,1,1,1,0,0,2,3,0,3,0.33333333333333331,1,0.66666666666666663,1
train,mlsp-2013-birds,cards_senior_0726.jsonl:12,mlsp-2013-birds__a54277a2214048ffbc79f240a2f8516f,5,4,6,1,1,0,0,4,10,0,10,0.59999999999999998,1,0.40000000000000002,1
train,mlsp-2013-birds,cards_senior_0802.jsonl:5,mlsp-2013-birds__a8570c28a5df47368efdd24c1cd2abd3,5,2,1,3,0,3,0,0,1,9,10,0.10000000000000001,0.10000000000000001,0,0
train,mlsp-2013-birds,cards_senior_0802.jsonl:3,mlsp-2013-birds__a8bb62d84517413c83a35d8f89610923,5,5,10,0,0,0,0,0,10,0,10,1,1,0,
train,mlsp-2013-birds,cards_senior_0728.jsonl:22,mlsp-2013-birds__add2560ff805431b8ca2116aec4f5f80,3,2,1,1,1,0,0,2,3,0,3,0.33333333333333331,1,0.66666666666666663,1
train,mlsp-2013-birds,cards_senior_0726.jsonl:11,mlsp-2013-birds__b182c74a71e44e6baba0c366b72d39e8,5,3,3,2,2,0,0,6,9,1,10,0.29999999999999999,0.90000000000000002,0.59999999999999998,0.8571428571428571
train,mlsp-2013-birds,cards_senior_0805seq.jsonl:12,mlsp-2013-birds__b1f0df47f66149d6a39cf82e1d317aad,3,2,1,1,0,1,0,0,1,2,3,0.33333333333333331,0.33333333333333331,0,0
train,mlsp-2013-birds,cards_senior_0730.jsonl:16,mlsp-2013-birds__b785a7b9a80849359d5e0585b13657c1,5,3,3,2,2,0,0,6,9,1,10,0.29999999999999999,0.90000000000000002,0.59999999999999998,0.8571428571428571
train,mlsp-2013-birds,cards_senior_0802.jsonl:2,mlsp-2013-birds__b8656b03f3b8444dbb68f7a6cfddbbc7,5,3,3,2,0,2,0,0,3,7,10,0.29999999999999999,0.29999999999999999,0,0
train,mlsp-2013-birds,cards_senior_0802.jsonl:3,mlsp-2013-birds__b956e0d7cf35411e8e823703226a4de5,5,2,1,3,0,3,0,0,1,9,10,0.10000000000000001,0.10000000000000001,0,0
train,mlsp-2013-birds,cards_senior_0726.jsonl:14,mlsp-2013-birds__b9ddd47ee0884993a1ac091465a6831a,5,4,6,1,1,0,0,4,10,0,10,0.59999999999999998,1,0.40000000000000002,1
train,mlsp-2013-birds,cards_senior_0802.jsonl:2,mlsp-2013-birds__ba30c73b2a5c460294d0c66709cebb0f,5,2,1,3,0,3,0,0,1,9,10,0.10000000000000001,0.10000000000000001,0,0
train,mlsp-2013-birds,cards_senior_0726.jsonl:9,mlsp-2013-birds__bea28b6a04754c739a141c73dc50c2aa,5,4,6,1,1,0,0,4,10,0,10,0.59999999999999998,1,0.40000000000000002,1
train,mlsp-2013-birds,cards_senior_0726.jsonl:13,mlsp-2013-birds__bf2ecc748b064c0fb11220edca09f861,5,2,1,3,3,0,0,6,7,3,10,0.10000000000000001,0.69999999999999996,0.59999999999999998,0.66666666666666663
train,mlsp-2013-birds,cards_senior_0726.jsonl:9,mlsp-2013-birds__c0df1655fab74880948387865dbaac81,5,2,1,3,3,0,0,6,7,3,10,0.10000000000000001,0.69999999999999996,0.59999999999999998,0.66666666666666663
train,mlsp-2013-birds,cards_senior_0726.jsonl:9,mlsp-2013-birds__c27ea496d2f04274a94e23361db3a660,5,2,1,3,3,0,0,6,7,3,10,0.10000000000000001,0.69999999999999996,0.59999999999999998,0.66666666666666663
train,mlsp-2013-birds,cards_senior_0802.jsonl:2,mlsp-2013-birds__c28873b599694847ae786b9676fa2ef4,5,4,6,1,0,1,0,0,6,4,10,0.59999999999999998,0.59999999999999998,0,0
train,mlsp-2013-birds,cards_senior_0802.jsonl:3,mlsp-2013-birds__c5f7d96b8886487aa83921aba79e0fd8,5,2,1,3,0,3,0,0,1,9,10,0.10000000000000001,0.10000000000000001,0,0
train,mlsp-2013-birds,cards_senior_0726.jsonl:14,mlsp-2013-birds__c7c82a2d78204b1386fe82bbad63ef09,5,4,6,1,1,0,0,4,10,0,10,0.59999999999999998,1,0.40000000000000002,1
train,mlsp-2013-birds,cards_senior_0726.jsonl:11,mlsp-2013-birds__c8b485c9bd164fa2b27d925333254836,5,2,1,3,3,0,0,6,7,3,10,0.10000000000000001,0.69999999999999996,0.59999999999999998,0.66666666666666663
train,mlsp-2013-birds,cards_senior_0726.jsonl:14,mlsp-2013-birds__c92a538db0624d528dcef6261e34c1ac,5,2,1,3,3,0,0,6,7,3,10,0.10000000000000001,0.69999999999999996,0.59999999999999998,0.66666666666666663
train,mlsp-2013-birds,cards_senior_0726.jsonl:12,mlsp-2013-birds__c95e8fa5bdd04172903b62bcb4e46b4f,5,3,3,2,2,0,0,6,9,1,10,0.29999999999999999,0.90000000000000002,0.59999999999999998,0.8571428571428571
train,mlsp-2013-birds,cards_senior_0726.jsonl:11,mlsp-2013-birds__d0d1d1dde89942b9825ba3f36e57f3c0,5,2,1,3,3,0,0,6,7,3,10,0.10000000000000001,0.69999999999999996,0.59999999999999998,0.66666666666666663
train,mlsp-2013-birds,cards_senior_0802.jsonl:2,mlsp-2013-birds__d154aab9a61947cf997d2aaed672fa87,5,2,1,3,0,3,0,0,1,9,10,0.10000000000000001,0.10000000000000001,0,0
train,mlsp-2013-birds,cards_senior_0730.jsonl:13,mlsp-2013-birds__d4dd62dc4f294ee7b2a8a5525bcbeea7,5,2,1,3,3,0,0,6,7,3,10,0.10000000000000001,0.69999999999999996,0.59999999999999998,0.66666666666666663
train,mlsp-2013-birds,cards_senior_0802.jsonl:3,mlsp-2013-birds__d53df640bf664deab329e55410a01384,5,4,6,1,0,1,0,0,6,4,10,0.59999999999999998,0.59999999999999998,0,0
train,mlsp-2013-birds,cards_senior_0728.jsonl:21,mlsp-2013-birds__d6d5194219454fddbb06726214ebdb34,3,2,1,1,1,0,0,2,3,0,3,0.33333333333333331,1,0.66666666666666663,1
train,mlsp-2013-birds,cards_senior_0726.jsonl:11,mlsp-2013-birds__d74739a9f5374a5f91a01816c19ef1ea,5,5,10,0,0,0,0,0,10,0,10,1,1,0,
train,mlsp-2013-birds,cards_senior_0726.jsonl:11,mlsp-2013-birds__de8636df5b37467e86d81060197b848c,5,3,3,2,2,0,0,6,9,1,10,0.29999999999999999,0.90000000000000002,0.59999999999999998,0.8571428571428571
train,mlsp-2013-birds,cards_senior_0726.jsonl:13,mlsp-2013-birds__deecf576dae0477791a92563d4f41c73,5,3,3,2,2,0,0,6,9,1,10,0.29999999999999999,0.90000000000000002,0.59999999999999998,0.8571428571428571
train,mlsp-2013-birds,cards_senior_0802.jsonl:3,mlsp-2013-birds__dfed6191411a49739aebe10f44da1804,5,4,6,1,0,1,0,0,6,4,10,0.59999999999999998,0.59999999999999998,0,0
train,mlsp-2013-birds,cards_senior_0726.jsonl:12,mlsp-2013-birds__e70af4ddf6c440b6a85c4cdc1ebafaf0,5,2,1,3,3,0,0,6,7,3,10,0.10000000000000001,0.69999999999999996,0.59999999999999998,0.66666666666666663
train,mlsp-2013-birds,cards_senior_0802.jsonl:5,mlsp-2013-birds__e802d18ce06f4c128294235b08a78310,5,3,3,0,0,0,2,0,3,7,10,0.29999999999999999,0.29999999999999999,0,0
train,mlsp-2013-birds,cards_senior_0726.jsonl:14,mlsp-2013-birds__e84f2b38d3614fc78da89688d75a56b4,5,2,1,3,3,0,0,6,7,3,10,0.10000000000000001,0.69999999999999996,0.59999999999999998,0.66666666666666663
train,mlsp-2013-birds,cards_senior_0730.jsonl:15,mlsp-2013-birds__f11004a8fdf94e12a0c5c7f7f6b55607,5,2,1,3,3,0,0,6,7,3,10,0.10000000000000001,0.69999999999999996,0.59999999999999998,0.66666666666666663
train,mlsp-2013-birds,cards_senior_0805seq.jsonl:13,mlsp-2013-birds__f6ae06b20a8a45d688290dad955eb05c,3,2,1,1,0,1,0,0,1,2,3,0.33333333333333331,0.33333333333333331,0,0
train,mlsp-2013-birds,cards_senior_0730.jsonl:13,mlsp-2013-birds__f7e233a164524694a63250378945f4d2,5,2,1,3,3,0,0,6,7,3,10,0.10000000000000001,0.69999999999999996,0.59999999999999998,0.66666666666666663
train,mlsp-2013-birds,cards_senior_0726.jsonl:11,mlsp-2013-birds__fa1beacf98e248f2a585b6126fee21b8,5,5,10,0,0,0,0,0,10,0,10,1,1,0,
train,mlsp-2013-birds,cards_senior_0726.jsonl:12,mlsp-2013-birds__fd0cf8b1efce4e028ba675724559c0d3,5,2,1,3,3,0,0,6,7,3,10,0.10000000000000001,0.69999999999999996,0.59999999999999998,0.66666666666666663
train,mlsp-2013-birds,cards_senior_0730.jsonl:13,mlsp-2013-birds__fd88574d5f094f3a8afd58f1a241813c,5,2,1,3,3,0,0,6,7,3,10,0.10000000000000001,0.69999999999999996,0.59999999999999998,0.66666666666666663
train,nomad2018-predict-transparent-conductors,cards_deepA.jsonl:0,nomad2018-predict-transparent-conductors__023e0760c36c4d4e8bea0a45f0119e6b,5,3,3,2,2,0,0,6,9,1,10,0.29999999999999999,0.90000000000000002,0.59999999999999998,0.8571428571428571
train,nomad2018-predict-transparent-conductors,cards_senior_0728.jsonl:16,nomad2018-predict-transparent-conductors__054d737282214c6f86cc52c9bc68b68a,5,3,3,2,2,0,0,6,9,1,10,0.29999999999999999,0.90000000000000002,0.59999999999999998,0.8571428571428571
train,nomad2018-predict-transparent-conductors,cards_deepA.jsonl:0,nomad2018-predict-transparent-conductors__07f620cb03214fadb948deec6ad2345c,5,5,10,0,0,0,0,0,10,0,10,1,1,0,
train,nomad2018-predict-transparent-conductors,cards_senior_0728.jsonl:14,nomad2018-predict-transparent-conductors__0954b26c11404bf4b4a732d3a04c30d8,5,3,3,2,2,0,0,6,9,1,10,0.29999999999999999,0.90000000000000002,0.59999999999999998,0.8571428571428571
train,nomad2018-predict-transparent-conductors,cards_senior_0805seq.jsonl:18,nomad2018-predict-transparent-conductors__11b2ce7347d14769b5888a44ec82ad71,2,2,1,0,0,0,0,0,1,0,1,1,1,0,
train,nomad2018-predict-transparent-conductors,cards_deepA.jsonl:3,nomad2018-predict-transparent-conductors__1209db386dbb4169abbef408c21d35cc,5,4,6,1,1,0,0,4,10,0,10,0.59999999999999998,1,0.40000000000000002,1
train,nomad2018-predict-transparent-conductors,cards_deepA.jsonl:3,nomad2018-predict-transparent-conductors__16246f4bd1594d51b63506a50c2233a2,5,3,3,2,2,0,0,6,9,1,10,0.29999999999999999,0.90000000000000002,0.59999999999999998,0.8571428571428571
train,nomad2018-predict-transparent-conductors,cards_senior_0728.jsonl:17,nomad2018-predict-transparent-conductors__16f17dce9bc84474916d86eb735511f8,5,2,1,3,3,0,0,6,7,3,10,0.10000000000000001,0.69999999999999996,0.59999999999999998,0.66666666666666663
train,nomad2018-predict-transparent-conductors,cards_deepA.jsonl:3,nomad2018-predict-transparent-conductors__17ae98edacc6415b87d03364ac98ec4f,5,4,6,1,1,0,0,4,10,0,10,0.59999999999999998,1,0.40000000000000002,1
train,nomad2018-predict-transparent-conductors,cards_deepA.jsonl:0,nomad2018-predict-transparent-conductors__190b2b34a549407f8b740d75aab4e4fa,5,3,3,2,2,0,0,6,9,1,10,0.29999999999999999,0.90000000000000002,0.59999999999999998,0.8571428571428571
train,nomad2018-predict-transparent-conductors,cards_senior_0726.jsonl:6,nomad2018-predict-transparent-conductors__1bbc3ec1ead441148c1def2dd2cf95f3,5,2,1,3,3,0,0,6,7,3,10,0.10000000000000001,0.69999999999999996,0.59999999999999998,0.66666666666666663
train,nomad2018-predict-transparent-conductors,cards_senior_0726.jsonl:8,nomad2018-predict-transparent-conductors__1f39d3dbf3334d26a166e63d3a3192d5,5,2,1,3,3,0,0,6,7,3,10,0.10000000000000001,0.69999999999999996,0.59999999999999998,0.66666666666666663
train,nomad2018-predict-transparent-conductors,cards_senior_0730.jsonl:10,nomad2018-predict-transparent-conductors__24885d5e8a284274a26e80ee8dc72ec8,5,2,1,3,3,0,0,6,7,3,10,0.10000000000000001,0.69999999999999996,0.59999999999999998,0.66666666666666663
train,nomad2018-predict-transparent-conductors,cards_deepA.jsonl:3,nomad2018-predict-transparent-conductors__316758e337c540ab83772eb4ce52d57e,5,3,3,2,2,0,0,6,9,1,10,0.29999999999999999,0.90000000000000002,0.59999999999999998,0.8571428571428571
train,nomad2018-predict-transparent-conductors,cards_senior_0802.jsonl:7,nomad2018-predict-transparent-conductors__331bf4ae79ba478fb083829173ca7b89,5,3,3,2,0,2,0,0,3,7,10,0.29999999999999999,0.29999999999999999,0,0
train,nomad2018-predict-transparent-conductors,cards_deepA.jsonl:0,nomad2018-predict-transparent-conductors__367f6f4ff3e34f1c86a57d6a66c780a1,5,4,6,1,1,0,0,4,10,0,10,0.59999999999999998,1,0.40000000000000002,1
train,nomad2018-predict-transparent-conductors,cards_senior_0726.jsonl:8,nomad2018-predict-transparent-conductors__3fda44b8f66f44fdbed7726f0b6f8dfe,5,2,1,3,3,0,0,6,7,3,10,0.10000000000000001,0.69999999999999996,0.59999999999999998,0.66666666666666663
train,nomad2018-predict-transparent-conductors,cards_senior_0728.jsonl:16,nomad2018-predict-transparent-conductors__409d59b49e8e404c97553a773e7b8bf9,5,2,1,3,3,0,0,6,7,3,10,0.10000000000000001,0.69999999999999996,0.59999999999999998,0.66666666666666663
train,nomad2018-predict-transparent-conductors,cards_senior_0805seq.jsonl:18,nomad2018-predict-transparent-conductors__4f31e5a63edf4edc81fba6babbfc7414,2,2,1,0,0,0,0,0,1,0,1,1,1,0,
train,nomad2018-predict-transparent-conductors,cards_senior_0802.jsonl:9,nomad2018-predict-transparent-conductors__514ffa52da84410a9361a3cd5aa167d3,5,2,1,0,0,0,3,0,1,9,10,0.10000000000000001,0.10000000000000001,0,0
train,nomad2018-predict-transparent-conductors,cards_senior_0728.jsonl:17,nomad2018-predict-transparent-conductors__56a9d58dd51a49d3b5eb99981f84ff4b,5,3,2,2,2,0,0,6,8,2,10,0.20000000000000001,0.80000000000000004,0.59999999999999998,0.75
train,nomad2018-predict-transparent-conductors,cards_deepA.jsonl:0,nomad2018-predict-transparent-conductors__58d70eacc4514547b676e5846f650fab,5,3,3,2,2,0,0,6,9,1,10,0.29999999999999999,0.90000000000000002,0.59999999999999998,0.8571428571428571
train,nomad2018-predict-transparent-conductors,cards_senior_0726.jsonl:7,nomad2018-predict-transparent-conductors__5b53b3edc109437aa87878adbf6c949b,5,2,1,3,3,0,0,6,7,3,10,0.10000000000000001,0.69999999999999996,0.59999999999999998,0.66666666666666663
train,nomad2018-predict-transparent-conductors,cards_senior_0728.jsonl:14,nomad2018-predict-transparent-conductors__5fec7f33c3854a799f0a584f1a0a6b0b,5,4,6,1,1,0,0,4,10,0,10,0.59999999999999998,1,0.40000000000000002,1
train,nomad2018-predict-transparent-conductors,cards_senior_0726.jsonl:7,nomad2018-predict-transparent-conductors__60b665ba82524126adc65234c8be9dd1,5,2,1,3,3,0,0,6,7,3,10,0.10000000000000001,0.69999999999999996,0.59999999999999998,0.66666666666666663
train,nomad2018-predict-transparent-conductors,cards_senior_0726.jsonl:6,nomad2018-predict-transparent-conductors__65e9b116f6854387b9c4996e5d3620bf,5,3,3,2,2,0,0,6,9,1,10,0.29999999999999999,0.90000000000000002,0.59999999999999998,0.8571428571428571
train,nomad2018-predict-transparent-conductors,cards_senior_0802.jsonl:8,nomad2018-predict-transparent-conductors__6a6fb62e5c1d4c9d87b4917f2be2fe89,5,4,6,1,0,1,0,0,6,4,10,0.59999999999999998,0.59999999999999998,0,0
train,nomad2018-predict-transparent-conductors,cards_deepA.jsonl:0,nomad2018-predict-transparent-conductors__6ce166d0825f454e97ad1743335677ec,5,4,6,1,1,0,0,4,10,0,10,0.59999999999999998,1,0.40000000000000002,1
train,nomad2018-predict-transparent-conductors,cards_senior_0728.jsonl:14,nomad2018-predict-transparent-conductors__74a71f4bb4704c63a9577e82f60c2fe2,5,2,1,3,3,0,0,6,7,3,10,0.10000000000000001,0.69999999999999996,0.59999999999999998,0.66666666666666663
train,nomad2018-predict-transparent-conductors,cards_senior_0728.jsonl:15,nomad2018-predict-transparent-conductors__74bf18aa8ae3418a9b267f7feea4c6cf,5,2,1,3,3,0,0,6,7,3,10,0.10000000000000001,0.69999999999999996,0.59999999999999998,0.66666666666666663
train,nomad2018-predict-transparent-conductors,cards_senior_0728.jsonl:17,nomad2018-predict-transparent-conductors__796a33cf12d5471d8ffc32d8d9754dae,5,4,6,1,1,0,0,4,10,0,10,0.59999999999999998,1,0.40000000000000002,1
train,nomad2018-predict-transparent-conductors,cards_deepA.jsonl:0,nomad2018-predict-transparent-conductors__7e77535344a74efcb4c8ca1fa4719249,5,3,3,2,2,0,0,6,9,1,10,0.29999999999999999,0.90000000000000002,0.59999999999999998,0.8571428571428571
train,nomad2018-predict-transparent-conductors,cards_senior_0726.jsonl:7,nomad2018-predict-transparent-conductors__8b353e39294f4e14bb22167658857678,5,3,2,2,2,0,0,6,8,2,10,0.20000000000000001,0.80000000000000004,0.59999999999999998,0.75
train,nomad2018-predict-transparent-conductors,cards_deepA.jsonl:0,nomad2018-predict-transparent-conductors__914e9be4a96a4be9bf63b05ca3896cc3,5,5,10,0,0,0,0,0,10,0,10,1,1,0,
train,nomad2018-predict-transparent-conductors,cards_deepA.jsonl:3,nomad2018-predict-transparent-conductors__96780cd74cc443a18581e09535edaa3d,5,3,3,2,2,0,0,6,9,1,10,0.29999999999999999,0.90000000000000002,0.59999999999999998,0.8571428571428571
train,nomad2018-predict-transparent-conductors,cards_senior_0730.jsonl:11,nomad2018-predict-transparent-conductors__96848a505e2a49909df975da434c4278,5,3,3,2,2,0,0,6,9,1,10,0.29999999999999999,0.90000000000000002,0.59999999999999998,0.8571428571428571
train,nomad2018-predict-transparent-conductors,cards_senior_0802.jsonl:8,nomad2018-predict-transparent-conductors__9b5d102b4a364d4892c488fc24df8afe,5,2,1,3,0,3,0,0,1,9,10,0.10000000000000001,0.10000000000000001,0,0
train,nomad2018-predict-transparent-conductors,cards_senior_0802.jsonl:6,nomad2018-predict-transparent-conductors__a2a154ac4382428d8a7cd063961a616f,5,4,6,1,0,1,0,0,6,4,10,0.59999999999999998,0.59999999999999998,0,0
train,nomad2018-predict-transparent-conductors,cards_senior_0726.jsonl:7,nomad2018-predict-transparent-conductors__a420eac8dc1e42c1861f52bfdc2e45e0,5,5,10,0,0,0,0,0,10,0,10,1,1,0,
train,nomad2018-predict-transparent-conductors,cards_deepA.jsonl:0,nomad2018-predict-transparent-conductors__a4a2579790d845b0bb3d92305502da3b,5,2,1,3,3,0,0,6,7,3,10,0.10000000000000001,0.69999999999999996,0.59999999999999998,0.66666666666666663
train,nomad2018-predict-transparent-conductors,cards_senior_0805seq.jsonl:18,nomad2018-predict-transparent-conductors__a92a7597a5f04d709adf5b8038e49e3e,2,2,1,0,0,0,0,0,1,0,1,1,1,0,
train,nomad2018-predict-transparent-conductors,cards_deepA.jsonl:3,nomad2018-predict-transparent-conductors__aca17c0926184a1c83f2efcb8678462c,5,3,3,2,2,0,0,6,9,1,10,0.29999999999999999,0.90000000000000002,0.59999999999999998,0.8571428571428571
train,nomad2018-predict-transparent-conductors,cards_senior_0726.jsonl:7,nomad2018-predict-transparent-conductors__b02425b023c74eac85a9d89a3c902ea0,5,2,1,3,3,0,0,6,7,3,10,0.10000000000000001,0.69999999999999996,0.59999999999999998,0.66666666666666663
train,nomad2018-predict-transparent-conductors,cards_deepA.jsonl:0,nomad2018-predict-transparent-conductors__b3f51e3bd87c43a4b90f5b5a5eee31fe,5,3,3,2,2,0,0,6,9,1,10,0.29999999999999999,0.90000000000000002,0.59999999999999998,0.8571428571428571
train,nomad2018-predict-transparent-conductors,cards_senior_0726.jsonl:7,nomad2018-predict-transparent-conductors__b7635113de1a4a5b84a52034002e7a72,5,2,1,3,3,0,0,6,7,3,10,0.10000000000000001,0.69999999999999996,0.59999999999999998,0.66666666666666663
train,nomad2018-predict-transparent-conductors,cards_senior_0802.jsonl:9,nomad2018-predict-transparent-conductors__b83930e35df244d5bb1234e25aa15ea5,5,5,10,0,0,0,0,0,10,0,10,1,1,0,
train,nomad2018-predict-transparent-conductors,cards_senior_0726.jsonl:5,nomad2018-predict-transparent-conductors__bf693c19ad364126ab7ae903601ca351,5,3,3,2,2,0,0,6,9,1,10,0.29999999999999999,0.90000000000000002,0.59999999999999998,0.8571428571428571
train,nomad2018-predict-transparent-conductors,cards_senior_0805seq.jsonl:18,nomad2018-predict-transparent-conductors__c006e2acdfed4e4289a3771c0284d048,2,2,1,0,0,0,0,0,1,0,1,1,1,0,
train,nomad2018-predict-transparent-conductors,cards_senior_0728.jsonl:16,nomad2018-predict-transparent-conductors__c33e58e9675543e5a46214a8967c1a6f,5,3,3,2,2,0,0,6,9,1,10,0.29999999999999999,0.90000000000000002,0.59999999999999998,0.8571428571428571
train,nomad2018-predict-transparent-conductors,cards_senior_0805seq.jsonl:18,nomad2018-predict-transparent-conductors__cde60b73f8124b52ae993dac14fd5a56,2,2,1,0,0,0,0,0,1,0,1,1,1,0,
train,nomad2018-predict-transparent-conductors,cards_senior_0728.jsonl:14,nomad2018-predict-transparent-conductors__d20b325b15784918a3644e1a576f1f5e,5,3,3,2,2,0,0,6,9,1,10,0.29999999999999999,0.90000000000000002,0.59999999999999998,0.8571428571428571
train,nomad2018-predict-transparent-conductors,cards_senior_0728.jsonl:16,nomad2018-predict-transparent-conductors__deefbd2cd91f45bbb95af067a06aebcc,5,3,3,2,2,0,0,6,9,1,10,0.29999999999999999,0.90000000000000002,0.59999999999999998,0.8571428571428571
train,nomad2018-predict-transparent-conductors,cards_senior_0728.jsonl:14,nomad2018-predict-transparent-conductors__e9f4a2bb1e4d4a2c89c8bb1191a0b794,5,4,6,1,1,0,0,4,10,0,10,0.59999999999999998,1,0.40000000000000002,1
train,nomad2018-predict-transparent-conductors,cards_deepA.jsonl:0,nomad2018-predict-transparent-conductors__ec40c4817fbf411db20c6689afc0ee3f,5,5,10,0,0,0,0,0,10,0,10,1,1,0,
train,nomad2018-predict-transparent-conductors,cards_senior_0802.jsonl:7,nomad2018-predict-transparent-conductors__ed8f9464194749cc983a200f7903b8b8,5,4,6,1,0,1,0,0,6,4,10,0.59999999999999998,0.59999999999999998,0,0
train,nomad2018-predict-transparent-conductors,cards_senior_0805seq.jsonl:18,nomad2018-predict-transparent-conductors__f6334ec296f747f9b61b1cc2f03aa123,2,2,1,0,0,0,0,0,1,0,1,1,1,0,
train,nomad2018-predict-transparent-conductors,cards_deepA.jsonl:3,nomad2018-predict-transparent-conductors__fb0793977e164901b3d6bb6bcfd23969,5,4,6,1,1,0,0,4,10,0,10,0.59999999999999998,1,0.40000000000000002,1
train,petfinder-pawpularity-score,cards_deepA.jsonl:1,petfinder-pawpularity-score__000e27ba82ca4c05be128ed8d0a85879,5,2,1,3,3,0,0,6,7,3,10,0.10000000000000001,0.69999999999999996,0.59999999999999998,0.66666666666666663
train,petfinder-pawpularity-score,cards_senior_0801.jsonl:3,petfinder-pawpularity-score__0148c2428dfc4677997cdccc16097530,3,2,1,1,1,0,0,2,3,0,3,0.33333333333333331,1,0.66666666666666663,1
train,petfinder-pawpularity-score,cards_senior_0801.jsonl:3,petfinder-pawpularity-score__033e074727d4448bba41fb8eb17630da,3,3,3,0,0,0,0,0,3,0,3,1,1,0,
train,petfinder-pawpularity-score,cards_senior_0724.jsonl:0,petfinder-pawpularity-score__044e842e45084818a44278c159896fb2,5,2,1,3,3,0,0,6,7,3,10,0.10000000000000001,0.69999999999999996,0.59999999999999998,0.66666666666666663
train,petfinder-pawpularity-score,cards_senior_0805seq.jsonl:2,petfinder-pawpularity-score__052ffc62d97541998d04f4c7c91730b7,2,2,1,0,0,0,0,0,1,0,1,1,1,0,
train,petfinder-pawpularity-score,cards_senior_0804.jsonl:2,petfinder-pawpularity-score__057ab385d2bc4945ab5dcce726d0db2b,3,2,1,0,0,0,1,0,1,2,3,0.33333333333333331,0.33333333333333331,0,0
train,petfinder-pawpularity-score,cards_senior_0801.jsonl:3,petfinder-pawpularity-score__066252890bed42a3aece1d89e7eab6fa,3,2,1,1,1,0,0,2,3,0,3,0.33333333333333331,1,0.66666666666666663,1
train,petfinder-pawpularity-score,cards_senior_0731.jsonl:1,petfinder-pawpularity-score__0abf6f30bb8a4c5aa15c10f074794d9e,3,2,1,1,1,0,0,2,3,0,3,0.33333333333333331,1,0.66666666666666663,1
train,petfinder-pawpularity-score,cards_senior_0801.jsonl:3,petfinder-pawpularity-score__0cb169de928a49f9bd9d755f0087b766,3,3,3,0,0,0,0,0,3,0,3,1,1,0,
train,petfinder-pawpularity-score,cards_senior_0724.jsonl:1,petfinder-pawpularity-score__0ffbbd56336142f6b3b599806eae7b84,5,2,1,3,3,0,0,6,7,3,10,0.10000000000000001,0.69999999999999996,0.59999999999999998,0.66666666666666663
train,petfinder-pawpularity-score,cards_senior_0730.jsonl:2,petfinder-pawpularity-score__100d96eb04a6421e99d0223f099109af,3,3,3,0,0,0,0,0,3,0,3,1,1,0,
train,petfinder-pawpularity-score,cards_senior_0730.jsonl:1,petfinder-pawpularity-score__110477b0c5844f4ba4c8c05a5546941e,3,3,3,0,0,0,0,0,3,0,3,1,1,0,
train,petfinder-pawpularity-score,cards_senior_0801.jsonl:3,petfinder-pawpularity-score__12b3144b10ec4549b5ee9d283c4a9650,3,3,3,0,0,0,0,0,3,0,3,1,1,0,
train,petfinder-pawpularity-score,cards_senior_0730.jsonl:1,petfinder-pawpularity-score__1332952f9c0d437fafc34492430c4ec1,3,3,3,0,0,0,0,0,3,0,3,1,1,0,
train,petfinder-pawpularity-score,cards_senior_0801.jsonl:3,petfinder-pawpularity-score__13daaec5d5cf4c29906d5b7e326914f1,3,3,3,0,0,0,0,0,3,0,3,1,1,0,
train,petfinder-pawpularity-score,cards_senior_0801.jsonl:3,petfinder-pawpularity-score__1405f6890cc640d8a504fc2613d76fa3,3,2,1,1,1,0,0,2,3,0,3,0.33333333333333331,1,0.66666666666666663,1
train,petfinder-pawpularity-score,cards_senior_0801.jsonl:0,petfinder-pawpularity-score__148b79affbcb40818a4962b913007eb2,3,3,3,0,0,0,0,0,3,0,3,1,1,0,
train,petfinder-pawpularity-score,cards_senior_0801.jsonl:3,petfinder-pawpularity-score__15e63d7afd8346a0bbd86db949f1ef27,3,2,1,1,1,0,0,2,3,0,3,0.33333333333333331,1,0.66666666666666663,1
train,petfinder-pawpularity-score,cards_senior_0801.jsonl:3,petfinder-pawpularity-score__1687a679cfdb4fb4857bc1051584d218,3,2,1,1,1,0,0,2,3,0,3,0.33333333333333331,1,0.66666666666666663,1
train,petfinder-pawpularity-score,cards_senior_0801.jsonl:0,petfinder-pawpularity-score__1880373f9a8642f386832d7c358cf2da,3,2,1,1,1,0,0,2,3,0,3,0.33333333333333331,1,0.66666666666666663,1
train,petfinder-pawpularity-score,cards_senior_0724.jsonl:0,petfinder-pawpularity-score__19636d11227948f6a557cfed040ac685,5,3,3,0,0,0,2,0,3,7,10,0.29999999999999999,0.29999999999999999,0,0
train,petfinder-pawpularity-score,cards_senior_0801.jsonl:3,petfinder-pawpularity-score__1a50ff54d6d44d849ba5980ebb9aa5c9,3,3,3,0,0,0,0,0,3,0,3,1,1,0,
train,petfinder-pawpularity-score,cards_senior_0730.jsonl:1,petfinder-pawpularity-score__1b02a54223114fd5b9c42dfc25caf7d2,3,3,3,0,0,0,0,0,3,0,3,1,1,0,
train,petfinder-pawpularity-score,cards_senior_0801.jsonl:3,petfinder-pawpularity-score__1c132db59f584b1097915659417d7d4b,3,2,1,1,1,0,0,2,3,0,3,0.33333333333333331,1,0.66666666666666663,1
train,petfinder-pawpularity-score,cards_senior_0724.jsonl:1,petfinder-pawpularity-score__1d65336c542b4e498a50a11e626360a1,5,2,1,0,0,0,3,0,1,9,10,0.10000000000000001,0.10000000000000001,0,0
train,petfinder-pawpularity-score,cards_senior_0804.jsonl:2,petfinder-pawpularity-score__21d9e7cba6bb453e92aa002b04baedd8,3,2,1,1,0,1,0,0,1,2,3,0.33333333333333331,0.33333333333333331,0,0
train,petfinder-pawpularity-score,cards_senior_0801.jsonl:3,petfinder-pawpularity-score__238d7f5a227d49b19bd3ac76d46e2751,3,3,3,0,0,0,0,0,3,0,3,1,1,0,
train,petfinder-pawpularity-score,cards_senior_0730.jsonl:1,petfinder-pawpularity-score__250a402e40f5401c9d19e8b44c3279e8,3,3,3,0,0,0,0,0,3,0,3,1,1,0,
train,petfinder-pawpularity-score,cards_deepA.jsonl:2,petfinder-pawpularity-score__271574579754461f8980756d79009d62,5,3,3,0,0,0,2,0,3,7,10,0.29999999999999999,0.29999999999999999,0,0
train,petfinder-pawpularity-score,cards_senior_0801.jsonl:3,petfinder-pawpularity-score__27438bd24ad74855bf98a5da71a83493,3,3,3,0,0,0,0,0,3,0,3,1,1,0,
train,petfinder-pawpularity-score,cards_senior_0801.jsonl:0,petfinder-pawpularity-score__28188e4897ce4dff99ded3b2bde78ddf,3,2,1,1,1,0,0,2,3,0,3,0.33333333333333331,1,0.66666666666666663,1
train,petfinder-pawpularity-score,cards_senior_0801.jsonl:3,petfinder-pawpularity-score__29a8d9bd65e841f7898432000c502094,3,2,1,1,1,0,0,2,3,0,3,0.33333333333333331,1,0.66666666666666663,1
train,petfinder-pawpularity-score,cards_senior_0730.jsonl:1,petfinder-pawpularity-score__2d8ecb1219c94db087cfb3ca8b897755,3,3,3,0,0,0,0,0,3,0,3,1,1,0,
train,petfinder-pawpularity-score,cards_senior_0730.jsonl:1,petfinder-pawpularity-score__302556119b6d40b98168f514bdc46319,3,3,3,0,0,0,0,0,3,0,3,1,1,0,
train,petfinder-pawpularity-score,cards_senior_0730.jsonl:3,petfinder-pawpularity-score__30a9da92b00c49fea3f5ed395310552d,3,3,3,0,0,0,0,0,3,0,3,1,1,0,
train,petfinder-pawpularity-score,cards_senior_0801.jsonl:3,petfinder-pawpularity-score__318607fa40a2404e8bba47c7d01fc933,3,3,3,0,0,0,0,0,3,0,3,1,1,0,
train,petfinder-pawpularity-score,cards_senior_0727.jsonl:2,petfinder-pawpularity-score__336e66b085d84a4cbd5cd646939e2308,2,2,1,0,0,0,0,0,1,0,1,1,1,0,
train,petfinder-pawpularity-score,cards_senior_0727.jsonl:2,petfinder-pawpularity-score__34f4d5565ba84d229245de3697a2e787,2,2,1,0,0,0,0,0,1,0,1,1,1,0,
train,petfinder-pawpularity-score,cards_senior_0801.jsonl:3,petfinder-pawpularity-score__352c055705ee4410aa96a7fa7249a726,3,3,3,0,0,0,0,0,3,0,3,1,1,0,
train,petfinder-pawpularity-score,cards_senior_0730.jsonl:1,petfinder-pawpularity-score__35608cd0fb894260ab988723f035f989,3,2,1,1,1,0,0,2,3,0,3,0.33333333333333331,1,0.66666666666666663,1
train,petfinder-pawpularity-score,cards_senior_0805seq.jsonl:2,petfinder-pawpularity-score__3a5fd4019c1941d8aaf777a22538b58b,2,2,1,0,0,0,0,0,1,0,1,1,1,0,
train,petfinder-pawpularity-score,cards_senior_0727.jsonl:2,petfinder-pawpularity-score__3acd123079d44b0ca23b08bf598de59f,2,2,1,0,0,0,0,0,1,0,1,1,1,0,
train,petfinder-pawpularity-score,cards_senior_0729.jsonl:2,petfinder-pawpularity-score__3bccc9dcc4a4438d9e90e455c1a88336,2,2,1,0,0,0,0,0,1,0,1,1,1,0,
train,petfinder-pawpularity-score,cards_senior_0730.jsonl:1,petfinder-pawpularity-score__3c0705ede7134f92afa72bfe16e60731,3,3,3,0,0,0,0,0,3,0,3,1,1,0,
train,petfinder-pawpularity-score,cards_senior_0730.jsonl:2,petfinder-pawpularity-score__3d866f73c16644c0960239f25dc3a972,3,2,1,1,1,0,0,2,3,0,3,0.33333333333333331,1,0.66666666666666663,1
train,petfinder-pawpularity-score,cards_senior_0724.jsonl:7,petfinder-pawpularity-score__3dd2bc9a44824ad89d2ce5946e5368dd,5,2,1,3,3,0,0,6,7,3,10,0.10000000000000001,0.69999999999999996,0.59999999999999998,0.66666666666666663
train,petfinder-pawpularity-score,cards_senior_0730.jsonl:2,petfinder-pawpularity-score__3ed8e0ac90a34f24be3828728e9d56f2,3,2,1,1,1,0,0,2,3,0,3,0.33333333333333331,1,0.66666666666666663,1
train,petfinder-pawpularity-score,cards_senior_0801.jsonl:3,petfinder-pawpularity-score__3fa313509ee744b9b05ff9fd86aaf3ad,3,3,3,0,0,0,0,0,3,0,3,1,1,0,
train,petfinder-pawpularity-score,cards_senior_0730.jsonl:1,petfinder-pawpularity-score__416bc69e518a4df5ae0736f3dd6b4f15,3,3,3,0,0,0,0,0,3,0,3,1,1,0,
train,petfinder-pawpularity-score,cards_deepA.jsonl:2,petfinder-pawpularity-score__418cdd81643f4c77a450206f6b00da3d,5,5,10,0,0,0,0,0,10,0,10,1,1,0,
train,petfinder-pawpularity-score,cards_senior_0804.jsonl:0,petfinder-pawpularity-score__42d487dcb2e74f5ababc2f120e871c17,3,2,1,1,0,1,0,0,1,2,3,0.33333333333333331,0.33333333333333331,0,0
train,petfinder-pawpularity-score,cards_senior_0730.jsonl:1,petfinder-pawpularity-score__44b3a255789845cb92fdc758b4c8e18e,3,3,3,0,0,0,0,0,3,0,3,1,1,0,
train,petfinder-pawpularity-score,cards_senior_0805seq.jsonl:0,petfinder-pawpularity-score__45960ebaa4834a889e695599ccb2a723,2,2,1,0,0,0,0,0,1,0,1,1,1,0,
train,petfinder-pawpularity-score,cards_senior_0730.jsonl:1,petfinder-pawpularity-score__47d3b9f13ab44118bba92bd035b2d19b,3,2,1,1,1,0,0,2,3,0,3,0.33333333333333331,1,0.66666666666666663,1
train,petfinder-pawpularity-score,cards_senior_0801.jsonl:3,petfinder-pawpularity-score__4a36322e937144e3b6317f3bf406989b,3,3,3,0,0,0,0,0,3,0,3,1,1,0,
train,petfinder-pawpularity-score,cards_senior_0801.jsonl:3,petfinder-pawpularity-score__4b490dbeb68740759ee12e747f0a903f,3,2,1,1,1,0,0,2,3,0,3,0.33333333333333331,1,0.66666666666666663,1
train,petfinder-pawpularity-score,cards_senior_0730.jsonl:3,petfinder-pawpularity-score__4eae48d5d867481c9d8181367ac14ea1,3,2,1,1,1,0,0,2,3,0,3,0.33333333333333331,1,0.66666666666666663,1
train,petfinder-pawpularity-score,cards_senior_0730.jsonl:3,petfinder-pawpularity-score__502125a9dcc5449db7f919cdd4ada483,3,3,3,0,0,0,0,0,3,0,3,1,1,0,
train,petfinder-pawpularity-score,cards_senior_0801.jsonl:3,petfinder-pawpularity-score__50bb823f92c6410c932af5c898d905c7,3,3,3,0,0,0,0,0,3,0,3,1,1,0,
train,petfinder-pawpularity-score,cards_senior_0801.jsonl:3,petfinder-pawpularity-score__512238fcdb604a73b3cd70e37443bca4,3,3,3,0,0,0,0,0,3,0,3,1,1,0,
train,petfinder-pawpularity-score,cards_senior_0801.jsonl:0,petfinder-pawpularity-score__52aafb9466b74522a393c42e4989b336,3,3,3,0,0,0,0,0,3,0,3,1,1,0,
train,petfinder-pawpularity-score,cards_senior_0804.jsonl:0,petfinder-pawpularity-score__5447eddcfc9b4f60907c50858a2d0072,3,3,3,0,0,0,0,0,3,0,3,1,1,0,
train,petfinder-pawpularity-score,cards_senior_0801.jsonl:3,petfinder-pawpularity-score__5450589c83934e53a1e3515d6177a45f,3,3,3,0,0,0,0,0,3,0,3,1,1,0,
train,petfinder-pawpularity-score,cards_senior_0728.jsonl:1,petfinder-pawpularity-score__56826c11652e4150af576620ae57a2f0,2,2,1,0,0,0,0,0,1,0,1,1,1,0,
train,petfinder-pawpularity-score,cards_senior_0801.jsonl:3,petfinder-pawpularity-score__5793b1fdfcbc431a8f03f305e7fbb502,3,3,3,0,0,0,0,0,3,0,3,1,1,0,
train,petfinder-pawpularity-score,cards_senior_0730.jsonl:1,petfinder-pawpularity-score__597185fed02b404b9136d972501292a9,3,3,3,0,0,0,0,0,3,0,3,1,1,0,
train,petfinder-pawpularity-score,cards_senior_0801.jsonl:3,petfinder-pawpularity-score__5975a5ea6d3f4a4d88c99a108b6ade89,3,3,3,0,0,0,0,0,3,0,3,1,1,0,
train,petfinder-pawpularity-score,cards_senior_0801.jsonl:3,petfinder-pawpularity-score__5b3f2d6714984b569c0babed4d91d814,3,3,3,0,0,0,0,0,3,0,3,1,1,0,
train,petfinder-pawpularity-score,cards_senior_0724.jsonl:6,petfinder-pawpularity-score__5c9a8079bab546218aae3cc14fc17a3c,5,3,3,2,2,0,0,6,9,1,10,0.29999999999999999,0.90000000000000002,0.59999999999999998,0.8571428571428571
train,petfinder-pawpularity-score,cards_senior_0729.jsonl:0,petfinder-pawpularity-score__5cd783c93a824d7188d51c34fc1a1bd9,2,2,1,0,0,0,0,0,1,0,1,1,1,0,
train,petfinder-pawpularity-score,cards_senior_0801.jsonl:3,petfinder-pawpularity-score__5ceaa930f9284761b8f4f55f8b4ac426,3,3,3,0,0,0,0,0,3,0,3,1,1,0,
train,petfinder-pawpularity-score,cards_senior_0730.jsonl:1,petfinder-pawpularity-score__5d956b5fba594e12b992b0c77b7a852b,3,2,1,1,1,0,0,2,3,0,3,0.33333333333333331,1,0.66666666666666663,1
train,petfinder-pawpularity-score,cards_senior_0805seq.jsonl:2,petfinder-pawpularity-score__5d9e328d8e1d49519c10292c632eae30,2,2,1,0,0,0,0,0,1,0,1,1,1,0,
train,petfinder-pawpularity-score,cards_senior_0801.jsonl:3,petfinder-pawpularity-score__5fdb7a5e736744bd9377cbf1893aa69f,3,3,3,0,0,0,0,0,3,0,3,1,1,0,
train,petfinder-pawpularity-score,cards_senior_0731.jsonl:1,petfinder-pawpularity-score__603833c1632e444e9a0168983467ebb3,3,2,1,1,1,0,0,2,3,0,3,0.33333333333333331,1,0.66666666666666663,1
train,petfinder-pawpularity-score,cards_senior_0805seq.jsonl:1,petfinder-pawpularity-score__63a3fd99a7e043e7afe7177fc2423dd7,2,2,1,0,0,0,0,0,1,0,1,1,1,0,
train,petfinder-pawpularity-score,cards_senior_0724.jsonl:4,petfinder-pawpularity-score__64515d73e8154e4e8fe96c0f6a0b0104,5,2,1,0,0,0,3,0,1,9,10,0.10000000000000001,0.10000000000000001,0,0
train,petfinder-pawpularity-score,cards_senior_0801.jsonl:3,petfinder-pawpularity-score__68b47bfa373444fe8152d6571a63b195,3,3,3,0,0,0,0,0,3,0,3,1,1,0,
train,petfinder-pawpularity-score,cards_senior_0801.jsonl:3,petfinder-pawpularity-score__68b9de97f52e4dc5b63cc99d597932a8,3,3,3,0,0,0,0,0,3,0,3,1,1,0,
train,petfinder-pawpularity-score,cards_senior_0730.jsonl:3,petfinder-pawpularity-score__69625f3c38554a9ba8f60665a197e629,3,3,3,0,0,0,0,0,3,0,3,1,1,0,
train,petfinder-pawpularity-score,cards_senior_0801.jsonl:0,petfinder-pawpularity-score__698eab8ef9534cd786e76154e6db8ddb,3,2,1,0,0,0,1,0,1,2,3,0.33333333333333331,0.33333333333333331,0,0
train,petfinder-pawpularity-score,cards_senior_0730.jsonl:1,petfinder-pawpularity-score__69a871f19b8546628ffe3c917f935723,3,3,3,0,0,0,0,0,3,0,3,1,1,0,
train,petfinder-pawpularity-score,cards_senior_0805seq.jsonl:2,petfinder-pawpularity-score__69bbd947e78b4002848a8544f7aaaf29,2,2,1,0,0,0,0,0,1,0,1,1,1,0,
train,petfinder-pawpularity-score,cards_senior_0801.jsonl:3,petfinder-pawpularity-score__6af457851f894ab292e9de4f6986b07b,3,2,1,1,1,0,0,2,3,0,3,0.33333333333333331,1,0.66666666666666663,1
train,petfinder-pawpularity-score,cards_senior_0730.jsonl:3,petfinder-pawpularity-score__6ba45109be4c413291f7dfa9a56b8d21,3,2,1,1,1,0,0,2,3,0,3,0.33333333333333331,1,0.66666666666666663,1
train,petfinder-pawpularity-score,cards_senior_0804.jsonl:0,petfinder-pawpularity-score__6bd6586612404522b2b94ace4f3f5199,3,3,3,0,0,0,0,0,3,0,3,1,1,0,
train,petfinder-pawpularity-score,cards_senior_0731.jsonl:0,petfinder-pawpularity-score__6c2a3282e05046f18c8b1be7a89dae84,3,3,3,0,0,0,0,0,3,0,3,1,1,0,
train,petfinder-pawpularity-score,cards_senior_0805seq.jsonl:0,petfinder-pawpularity-score__6c9b9738258b458ca4333d0355e55cbd,2,2,1,0,0,0,0,0,1,0,1,1,1,0,
train,petfinder-pawpularity-score,cards_senior_0730.jsonl:3,petfinder-pawpularity-score__6cf293d526324269984d7a4dedf5fb13,3,3,3,0,0,0,0,0,3,0,3,1,1,0,
train,petfinder-pawpularity-score,cards_senior_0730.jsonl:2,petfinder-pawpularity-score__6d5cdbbbe6ef4c60aba949024a136b5a,3,3,3,0,0,0,0,0,3,0,3,1,1,0,
train,petfinder-pawpularity-score,cards_senior_0730.jsonl:3,petfinder-pawpularity-score__6e65741fecdd4f46beabe2cff3bd4197,3,3,3,0,0,0,0,0,3,0,3,1,1,0,
train,petfinder-pawpularity-score,cards_senior_0801.jsonl:3,petfinder-pawpularity-score__6e9897a4e5a14d6ba926b68a5feb0318,3,2,1,1,1,0,0,2,3,0,3,0.33333333333333331,1,0.66666666666666663,1
train,petfinder-pawpularity-score,cards_senior_0801.jsonl:3,petfinder-pawpularity-score__6eb03bc75ee842a6a17f514a2f57a174,3,2,1,1,1,0,0,2,3,0,3,0.33333333333333331,1,0.66666666666666663,1
train,petfinder-pawpularity-score,cards_senior_0727.jsonl:1,petfinder-pawpularity-score__6ed86029e9674962a65e1f74ad5dc363,2,2,1,0,0,0,0,0,1,0,1,1,1,0,
train,petfinder-pawpularity-score,cards_senior_0729.jsonl:0,petfinder-pawpularity-score__6fcd62c307554137b3d54658802ee2b8,2,2,1,0,0,0,0,0,1,0,1,1,1,0,
train,petfinder-pawpularity-score,cards_senior_0730.jsonl:2,petfinder-pawpularity-score__7029803c24794a0683f4acfa22e5d9cb,3,3,3,0,0,0,0,0,3,0,3,1,1,0,
train,petfinder-pawpularity-score,cards_senior_0805seq.jsonl:0,petfinder-pawpularity-score__7041d87cb451460ebafde7101bc3baf0,2,2,1,0,0,0,0,0,1,0,1,1,1,0,
train,petfinder-pawpularity-score,cards_senior_0731.jsonl:1,petfinder-pawpularity-score__71051b5460ff41d9b540902676d98a51,3,3,3,0,0,0,0,0,3,0,3,1,1,0,
train,petfinder-pawpularity-score,cards_senior_0801.jsonl:3,petfinder-pawpularity-score__718b98e4f08f46e98a82350b8144671d,3,3,3,0,0,0,0,0,3,0,3,1,1,0,
train,petfinder-pawpularity-score,cards_senior_0730.jsonl:1,petfinder-pawpularity-score__72b2979ad936496db8e31b1bfcce0273,3,3,3,0,0,0,0,0,3,0,3,1,1,0,
train,petfinder-pawpularity-score,cards_senior_0801.jsonl:3,petfinder-pawpularity-score__72cd42d7aef241e79cadff9d33fd570a,3,3,3,0,0,0,0,0,3,0,3,1,1,0,
train,petfinder-pawpularity-score,cards_senior_0730.jsonl:1,petfinder-pawpularity-score__735dc6e92a364829bb6d1ad017b1edbc,3,3,3,0,0,0,0,0,3,0,3,1,1,0,
train,petfinder-pawpularity-score,cards_senior_0730.jsonl:1,petfinder-pawpularity-score__771e9e285a69442fa78890b9c3e924d0,3,2,1,1,1,0,0,2,3,0,3,0.33333333333333331,1,0.66666666666666663,1
train,petfinder-pawpularity-score,cards_senior_0730.jsonl:1,petfinder-pawpularity-score__7760714b026d493694509c1a812b5248,3,3,3,0,0,0,0,0,3,0,3,1,1,0,
train,petfinder-pawpularity-score,cards_senior_0801.jsonl:3,petfinder-pawpularity-score__78b2d1f266ca407c905f4952bd85af06,3,2,1,1,1,0,0,2,3,0,3,0.33333333333333331,1,0.66666666666666663,1
train,petfinder-pawpularity-score,cards_senior_0801.jsonl:3,petfinder-pawpularity-score__79989e4b200d4a9aaa571743efaf6382,3,3,3,0,0,0,0,0,3,0,3,1,1,0,
train,petfinder-pawpularity-score,cards_senior_0801.jsonl:3,petfinder-pawpularity-score__7b97c81d647a4a2fbf34975875a8cc45,3,3,3,0,0,0,0,0,3,0,3,1,1,0,
train,petfinder-pawpularity-score,cards_senior_0801.jsonl:3,petfinder-pawpularity-score__7d79a7904bc3410ab28c0415258af042,3,3,3,0,0,0,0,0,3,0,3,1,1,0,
train,petfinder-pawpularity-score,cards_senior_0805seq.jsonl:2,petfinder-pawpularity-score__7f94f44d705e495abb8ffa9571e61854,2,2,1,0,0,0,0,0,1,0,1,1,1,0,
train,petfinder-pawpularity-score,cards_senior_0805seq.jsonl:0,petfinder-pawpularity-score__7fe6decf0cb1416ab18de6761de9782e,2,2,1,0,0,0,0,0,1,0,1,1,1,0,
train,petfinder-pawpularity-score,cards_senior_0730.jsonl:2,petfinder-pawpularity-score__80015a3c63da4fcab9d4251c0e88860f,3,3,3,0,0,0,0,0,3,0,3,1,1,0,
train,petfinder-pawpularity-score,cards_senior_0730.jsonl:3,petfinder-pawpularity-score__83474048447845edb8989d40b71ac7c7,3,3,3,0,0,0,0,0,3,0,3,1,1,0,
train,petfinder-pawpularity-score,cards_senior_0804.jsonl:3,petfinder-pawpularity-score__83f8b16bb6fa4102aa0bde3f7a5a7f3a,3,3,3,0,0,0,0,0,3,0,3,1,1,0,
train,petfinder-pawpularity-score,cards_senior_0801.jsonl:3,petfinder-pawpularity-score__85ac53f90b144e3dad0b8413f63997ed,3,3,3,0,0,0,0,0,3,0,3,1,1,0,
train,petfinder-pawpularity-score,cards_senior_0801.jsonl:3,petfinder-pawpularity-score__87cc6b853dc14e11bb6bdeb715c5d023,3,3,3,0,0,0,0,0,3,0,3,1,1,0,
train,petfinder-pawpularity-score,cards_senior_0728.jsonl:1,petfinder-pawpularity-score__8807d71b1a904615af2010f8f775e235,2,2,1,0,0,0,0,0,1,0,1,1,1,0,
train,petfinder-pawpularity-score,cards_senior_0729.jsonl:3,petfinder-pawpularity-score__88cdb70b010345df9b4574ed14f9ca0b,2,2,1,0,0,0,0,0,1,0,1,1,1,0,
train,petfinder-pawpularity-score,cards_senior_0804.jsonl:2,petfinder-pawpularity-score__8a558d6c10b840389d62e6923c62c8ff,3,3,3,0,0,0,0,0,3,0,3,1,1,0,
train,petfinder-pawpularity-score,cards_senior_0801.jsonl:3,petfinder-pawpularity-score__8e0aa505c7eb44f6bd154a03b1d54721,3,2,1,1,1,0,0,2,3,0,3,0.33333333333333331,1,0.66666666666666663,1
train,petfinder-pawpularity-score,cards_senior_0730.jsonl:3,petfinder-pawpularity-score__8e4fb5cad6e04f6c8df4f098255a45f4,3,3,3,0,0,0,0,0,3,0,3,1,1,0,
train,petfinder-pawpularity-score,cards_senior_0730.jsonl:3,petfinder-pawpularity-score__8e54fc2a71ac4dc683d388a937fbb163,3,3,3,0,0,0,0,0,3,0,3,1,1,0,
train,petfinder-pawpularity-score,cards_senior_0801.jsonl:0,petfinder-pawpularity-score__923808c454f94247a5e4883360792308,3,2,1,1,1,0,0,2,3,0,3,0.33333333333333331,1,0.66666666666666663,1
train,petfinder-pawpularity-score,cards_senior_0801.jsonl:3,petfinder-pawpularity-score__93e981e257114018b4d7d5c1da78d21b,3,3,2,0,0,0,0,0,2,1,3,0.66666666666666663,0.66666666666666663,0,0
train,petfinder-pawpularity-score,cards_senior_0801.jsonl:3,petfinder-pawpularity-score__97173d3abf1a42158f4c56f546c8815a,3,3,3,0,0,0,0,0,3,0,3,1,1,0,
train,petfinder-pawpularity-score,cards_senior_0731.jsonl:0,petfinder-pawpularity-score__98c3cb6de9cd4dd6beb2a9ec309a2a24,3,2,1,1,1,0,0,2,3,0,3,0.33333333333333331,1,0.66666666666666663,1
train,petfinder-pawpularity-score,cards_senior_0731.jsonl:0,petfinder-pawpularity-score__9a49c70f941047f5b4a73052e27d3e62,3,2,1,0,0,0,1,0,1,2,3,0.33333333333333331,0.33333333333333331,0,0
train,petfinder-pawpularity-score,cards_senior_0804.jsonl:2,petfinder-pawpularity-score__9aa8820924a64e34b847aa8b78e891f3,3,3,3,0,0,0,0,0,3,0,3,1,1,0,
train,petfinder-pawpularity-score,cards_senior_0801.jsonl:3,petfinder-pawpularity-score__9b8c757aef594962bb3ad055d1aa2e54,3,3,3,0,0,0,0,0,3,0,3,1,1,0,
train,petfinder-pawpularity-score,cards_senior_0730.jsonl:1,petfinder-pawpularity-score__9bc39be88cea40a4a975a5afbd2135ce,3,3,3,0,0,0,0,0,3,0,3,1,1,0,
train,petfinder-pawpularity-score,cards_senior_0801.jsonl:3,petfinder-pawpularity-score__9bdb2d13c02d406dba9efe4f200834ff,3,3,3,0,0,0,0,0,3,0,3,1,1,0,
train,petfinder-pawpularity-score,cards_senior_0801.jsonl:3,petfinder-pawpularity-score__9e00a336e3f04398a306ec5c5b4a59dc,3,3,3,0,0,0,0,0,3,0,3,1,1,0,
train,petfinder-pawpularity-score,cards_senior_0801.jsonl:3,petfinder-pawpularity-score__9e03723d561d4e79ae3714242f96c6bb,3,3,3,0,0,0,0,0,3,0,3,1,1,0,
train,petfinder-pawpularity-score,cards_senior_0801.jsonl:3,petfinder-pawpularity-score__9e083efdb1424a06b3682456cd6b3052,3,3,3,0,0,0,0,0,3,0,3,1,1,0,
train,petfinder-pawpularity-score,cards_senior_0730.jsonl:2,petfinder-pawpularity-score__9f55fb2b876948d9a7af87efab04cd16,3,2,1,1,1,0,0,2,3,0,3,0.33333333333333331,1,0.66666666666666663,1
train,petfinder-pawpularity-score,cards_senior_0730.jsonl:1,petfinder-pawpularity-score__a07232f6058f45e3a0ef58f65ab80086,3,3,3,0,0,0,0,0,3,0,3,1,1,0,
train,petfinder-pawpularity-score,cards_senior_0729.jsonl:1,petfinder-pawpularity-score__a110f9df1182484cb25b99c77e2f6633,2,2,1,0,0,0,0,0,1,0,1,1,1,0,
train,petfinder-pawpularity-score,cards_senior_0805seq.jsonl:0,petfinder-pawpularity-score__a153e50405bc4c6aaf719ca80db247aa,2,2,1,0,0,0,0,0,1,0,1,1,1,0,
train,petfinder-pawpularity-score,cards_senior_0804.jsonl:2,petfinder-pawpularity-score__a24e1fe21c1d45a983a521fbd575784a,3,3,3,0,0,0,0,0,3,0,3,1,1,0,
train,petfinder-pawpularity-score,cards_senior_0727.jsonl:3,petfinder-pawpularity-score__a2d87e50e3b14ae0a739b0daff06eaad,2,2,1,0,0,0,0,0,1,0,1,1,1,0,
train,petfinder-pawpularity-score,cards_senior_0730.jsonl:3,petfinder-pawpularity-score__a2f410bd0d10474b8a0faf25939ebfd1,3,3,3,0,0,0,0,0,3,0,3,1,1,0,
train,petfinder-pawpularity-score,cards_senior_0730.jsonl:1,petfinder-pawpularity-score__a397f5014bb54ba7bb699b5ade6693c5,3,2,1,1,1,0,0,2,3,0,3,0.33333333333333331,1,0.66666666666666663,1
train,petfinder-pawpularity-score,cards_senior_0731.jsonl:3,petfinder-pawpularity-score__a3a59e1255134672a1c14b15b6fe44ed,3,2,1,0,0,0,1,0,1,2,3,0.33333333333333331,0.33333333333333331,0,0
train,petfinder-pawpularity-score,cards_senior_0730.jsonl:1,petfinder-pawpularity-score__a43b31d352304cfaa9212b361b67e3c0,3,3,3,0,0,0,0,0,3,0,3,1,1,0,
train,petfinder-pawpularity-score,cards_senior_0801.jsonl:0,petfinder-pawpularity-score__a5842830a7f749fc9caa28e7fa17415a,3,2,1,1,1,0,0,2,3,0,3,0.33333333333333331,1,0.66666666666666663,1
train,petfinder-pawpularity-score,cards_senior_0731.jsonl:0,petfinder-pawpularity-score__a638de1a43c242069bcb8b6afc4d222f,3,3,3,0,0,0,0,0,3,0,3,1,1,0,
train,petfinder-pawpularity-score,cards_senior_0801.jsonl:3,petfinder-pawpularity-score__a78f115ebb794223ba3f127988379774,3,2,1,1,1,0,0,2,3,0,3,0.33333333333333331,1,0.66666666666666663,1
train,petfinder-pawpularity-score,cards_senior_0805seq.jsonl:0,petfinder-pawpularity-score__ab5d5ff52a504d269ab3cba8873d37b5,2,2,1,0,0,0,0,0,1,0,1,1,1,0,
train,petfinder-pawpularity-score,cards_senior_0801.jsonl:3,petfinder-pawpularity-score__ab6e49abba884f70944d6ba5a4cd22b1,3,3,3,0,0,0,0,0,3,0,3,1,1,0,
train,petfinder-pawpularity-score,cards_senior_0730.jsonl:1,petfinder-pawpularity-score__ae912c3b90f24311bd32e5223b3c0010,3,2,1,1,1,0,0,2,3,0,3,0.33333333333333331,1,0.66666666666666663,1
train,petfinder-pawpularity-score,cards_senior_0730.jsonl:1,petfinder-pawpularity-score__af7bf7dfd8d34a4291da62fe9059ae55,3,3,3,0,0,0,0,0,3,0,3,1,1,0,
train,petfinder-pawpularity-score,cards_senior_0731.jsonl:1,petfinder-pawpularity-score__afb95aa3e9d547afac278ea47c5aca39,3,2,1,0,0,0,1,0,1,2,3,0.33333333333333331,0.33333333333333331,0,0
train,petfinder-pawpularity-score,cards_deepA.jsonl:2,petfinder-pawpularity-score__b82186fcc41947b999165d047a6e5c64,5,4,6,1,1,0,0,4,10,0,10,0.59999999999999998,1,0.40000000000000002,1
train,petfinder-pawpularity-score,cards_senior_0729.jsonl:2,petfinder-pawpularity-score__b8e3e4e3abc84da9b9b7ce7ea2ed2c6c,2,2,1,0,0,0,0,0,1,0,1,1,1,0,
train,petfinder-pawpularity-score,cards_deepA.jsonl:1,petfinder-pawpularity-score__bad5b43c97ae4166aad9549b9a43d1ea,5,3,3,2,2,0,0,6,9,1,10,0.29999999999999999,0.90000000000000002,0.59999999999999998,0.8571428571428571
train,petfinder-pawpularity-score,cards_senior_0730.jsonl:1,petfinder-pawpularity-score__bcf8c829c9004e14a6c3032d8defbf06,3,3,3,0,0,0,0,0,3,0,3,1,1,0,
train,petfinder-pawpularity-score,cards_senior_0801.jsonl:3,petfinder-pawpularity-score__bd0df78163e0491cb206ad53c50d2aed,3,3,3,0,0,0,0,0,3,0,3,1,1,0,
train,petfinder-pawpularity-score,cards_senior_0730.jsonl:2,petfinder-pawpularity-score__bf394d6ba8a046fab3d8913f986ebb1b,3,3,3,0,0,0,0,0,3,0,3,1,1,0,
train,petfinder-pawpularity-score,cards_senior_0804.jsonl:0,petfinder-pawpularity-score__bfc1dc00cf7d479fbf8a1ead480a31b9,3,3,3,0,0,0,0,0,3,0,3,1,1,0,
train,petfinder-pawpularity-score,cards_senior_0730.jsonl:3,petfinder-pawpularity-score__c0650df37a684e72add51c3f718a6414,3,3,3,0,0,0,0,0,3,0,3,1,1,0,
train,petfinder-pawpularity-score,cards_senior_0730.jsonl:3,petfinder-pawpularity-score__c09b2754cacc4b95951cb386c34e8e53,3,2,1,1,1,0,0,2,3,0,3,0.33333333333333331,1,0.66666666666666663,1
train,petfinder-pawpularity-score,cards_senior_0730.jsonl:2,petfinder-pawpularity-score__c351bc39bba44f0aaa0ab0e50aa1283b,3,2,1,1,1,0,0,2,3,0,3,0.33333333333333331,1,0.66666666666666663,1
train,petfinder-pawpularity-score,cards_senior_0801.jsonl:3,petfinder-pawpularity-score__c699d3f284c445209fec3ff48cb07716,3,3,3,0,0,0,0,0,3,0,3,1,1,0,
train,petfinder-pawpularity-score,cards_deepA.jsonl:1,petfinder-pawpularity-score__c85646e787b84346b37159e9b49cf59c,5,3,3,0,0,0,2,0,3,7,10,0.29999999999999999,0.29999999999999999,0,0
train,petfinder-pawpularity-score,cards_senior_0801.jsonl:3,petfinder-pawpularity-score__c8e9b4c8ac354b6582db0bc1d7be4a3c,3,3,3,0,0,0,0,0,3,0,3,1,1,0,
train,petfinder-pawpularity-score,cards_senior_0730.jsonl:1,petfinder-pawpularity-score__c93f1886ee7b49a69e0cabb5b554218c,3,2,1,1,1,0,0,2,3,0,3,0.33333333333333331,1,0.66666666666666663,1
train,petfinder-pawpularity-score,cards_senior_0731.jsonl:1,petfinder-pawpularity-score__c9d031bd8322400585d9fff139aa9d8d,3,3,3,0,0,0,0,0,3,0,3,1,1,0,
train,petfinder-pawpularity-score,cards_senior_0727.jsonl:2,petfinder-pawpularity-score__c9d73e1228b340bd8f0d366904f49add,2,2,1,0,0,0,0,0,1,0,1,1,1,0,
train,petfinder-pawpularity-score,cards_senior_0801.jsonl:3,petfinder-pawpularity-score__c9dd63918f4841b79f6b6a55d17e92ec,3,2,1,1,1,0,0,2,3,0,3,0.33333333333333331,1,0.66666666666666663,1
train,petfinder-pawpularity-score,cards_senior_0801.jsonl:3,petfinder-pawpularity-score__cb01c6c41ae547348d2a5eb89bbdc3da,3,3,3,0,0,0,0,0,3,0,3,1,1,0,
train,petfinder-pawpularity-score,cards_senior_0801.jsonl:3,petfinder-pawpularity-score__cc1f1888184f49b08b461adb8c75cf46,3,3,3,0,0,0,0,0,3,0,3,1,1,0,
train,petfinder-pawpularity-score,cards_senior_0730.jsonl:1,petfinder-pawpularity-score__cc9974fc9e9d498facf4795a3ee900ac,3,3,3,0,0,0,0,0,3,0,3,1,1,0,
train,petfinder-pawpularity-score,cards_senior_0730.jsonl:3,petfinder-pawpularity-score__cdd2d012768d4f5d9019f28c8e7cdefd,3,2,1,1,1,0,0,2,3,0,3,0.33333333333333331,1,0.66666666666666663,1
train,petfinder-pawpularity-score,cards_senior_0801.jsonl:3,petfinder-pawpularity-score__cff5cc3c524845daa8a2b359cc647b20,3,3,3,0,0,0,0,0,3,0,3,1,1,0,
train,petfinder-pawpularity-score,cards_senior_0804.jsonl:2,petfinder-pawpularity-score__d2964ed7078b47cf88f2238de6fc20fb,3,2,1,1,0,1,0,0,1,2,3,0.33333333333333331,0.33333333333333331,0,0
train,petfinder-pawpularity-score,cards_senior_0801.jsonl:3,petfinder-pawpularity-score__d5c1fd26d6a3491391819ffc96a42b4f,3,2,1,1,1,0,0,2,3,0,3,0.33333333333333331,1,0.66666666666666663,1
train,petfinder-pawpularity-score,cards_senior_0731.jsonl:3,petfinder-pawpularity-score__d7e9b67d6e0d4a3fa1e610cc736d70f1,3,2,1,1,1,0,0,2,3,0,3,0.33333333333333331,1,0.66666666666666663,1
train,petfinder-pawpularity-score,cards_senior_0805seq.jsonl:2,petfinder-pawpularity-score__dafe3ad24bf74d8e90e6c12cb742e45e,2,2,1,0,0,0,0,0,1,0,1,1,1,0,
train,petfinder-pawpularity-score,cards_senior_0804.jsonl:2,petfinder-pawpularity-score__dd23091243344cc093efa7cc65b1dbb0,3,2,1,1,0,1,0,0,1,2,3,0.33333333333333331,0.33333333333333331,0,0
train,petfinder-pawpularity-score,cards_senior_0801.jsonl:0,petfinder-pawpularity-score__de0e6b10f3f4444d8b46fbc4a837ef29,3,2,1,1,1,0,0,2,3,0,3,0.33333333333333331,1,0.66666666666666663,1
train,petfinder-pawpularity-score,cards_senior_0801.jsonl:3,petfinder-pawpularity-score__de6c2c259335444e9bf2a51a36e1b09c,3,2,1,1,1,0,0,2,3,0,3,0.33333333333333331,1,0.66666666666666663,1
train,petfinder-pawpularity-score,cards_senior_0801.jsonl:3,petfinder-pawpularity-score__dee289b814b04c15845f53ca6f6d2637,3,3,3,0,0,0,0,0,3,0,3,1,1,0,
train,petfinder-pawpularity-score,cards_senior_0801.jsonl:3,petfinder-pawpularity-score__df2d46c8a00949d88752fe04d6fee0d4,3,2,1,1,1,0,0,2,3,0,3,0.33333333333333331,1,0.66666666666666663,1
train,petfinder-pawpularity-score,cards_senior_0804.jsonl:3,petfinder-pawpularity-score__df7f2a35b7664bb987acaa320e9f29aa,3,2,1,1,0,1,0,0,1,2,3,0.33333333333333331,0.33333333333333331,0,0
train,petfinder-pawpularity-score,cards_senior_0731.jsonl:3,petfinder-pawpularity-score__e025e6565c7545e6a8740b35f01b8462,3,3,3,0,0,0,0,0,3,0,3,1,1,0,
train,petfinder-pawpularity-score,cards_senior_0801.jsonl:3,petfinder-pawpularity-score__e14aa460b7674934bfe35bce043d23bd,3,3,3,0,0,0,0,0,3,0,3,1,1,0,
train,petfinder-pawpularity-score,cards_senior_0801.jsonl:3,petfinder-pawpularity-score__e17d30a956fb430faf0cdb366c0f569a,3,3,3,0,0,0,0,0,3,0,3,1,1,0,
train,petfinder-pawpularity-score,cards_senior_0727.jsonl:3,petfinder-pawpularity-score__e2b9c605d45247ada25fdaff411f090a,2,2,1,0,0,0,0,0,1,0,1,1,1,0,
train,petfinder-pawpularity-score,cards_senior_0801.jsonl:3,petfinder-pawpularity-score__e4c118d7f88d48a9a4b0978efea731d0,3,3,3,0,0,0,0,0,3,0,3,1,1,0,
train,petfinder-pawpularity-score,cards_senior_0728.jsonl:2,petfinder-pawpularity-score__e56801d5665945159a5851b72579f9d2,2,2,1,0,0,0,0,0,1,0,1,1,1,0,
train,petfinder-pawpularity-score,cards_senior_0804.jsonl:0,petfinder-pawpularity-score__e5b1af22ccb2451bbc94f74554e92f14,3,2,1,1,0,1,0,0,1,2,3,0.33333333333333331,0.33333333333333331,0,0
train,petfinder-pawpularity-score,cards_senior_0805seq.jsonl:2,petfinder-pawpularity-score__e62bfbe231cf4bea9b2b93959a5c6374,2,2,1,0,0,0,0,0,1,0,1,1,1,0,
train,petfinder-pawpularity-score,cards_senior_0804.jsonl:0,petfinder-pawpularity-score__e6d6a049a70f434ca28db940c4c67c85,3,3,3,0,0,0,0,0,3,0,3,1,1,0,
train,petfinder-pawpularity-score,cards_senior_0801.jsonl:3,petfinder-pawpularity-score__e85d652fcc8844a2b3583023d2e6fb4e,3,3,3,0,0,0,0,0,3,0,3,1,1,0,
train,petfinder-pawpularity-score,cards_senior_0730.jsonl:1,petfinder-pawpularity-score__eaaed88d74f34e94890fb6ec228e4c77,3,3,3,0,0,0,0,0,3,0,3,1,1,0,
train,petfinder-pawpularity-score,cards_senior_0727.jsonl:1,petfinder-pawpularity-score__ed282bf0d54a40e69582c84fb1df1b4c,2,2,1,0,0,0,0,0,1,0,1,1,1,0,
train,petfinder-pawpularity-score,cards_senior_0801.jsonl:3,petfinder-pawpularity-score__ee34740e90d041fc952d68e9c7a4e7d7,3,3,3,0,0,0,0,0,3,0,3,1,1,0,
train,petfinder-pawpularity-score,cards_senior_0801.jsonl:3,petfinder-pawpularity-score__ee530134a02c4991a768f3bfc936ce55,3,3,3,0,0,0,0,0,3,0,3,1,1,0,
train,petfinder-pawpularity-score,cards_senior_0731.jsonl:1,petfinder-pawpularity-score__ee6cfd224d7c4c45b59e140d2434299a,3,2,1,1,1,0,0,2,3,0,3,0.33333333333333331,1,0.66666666666666663,1
train,petfinder-pawpularity-score,cards_senior_0804.jsonl:3,petfinder-pawpularity-score__efe15486ed3748429307ebd3c0d4450a,3,3,3,0,0,0,0,0,3,0,3,1,1,0,
train,petfinder-pawpularity-score,cards_senior_0731.jsonl:0,petfinder-pawpularity-score__f150c074393f4388b533dce4ff4dbf62,3,3,3,0,0,0,0,0,3,0,3,1,1,0,
train,petfinder-pawpularity-score,cards_senior_0801.jsonl:3,petfinder-pawpularity-score__f351f94fecc14f0f90af49791fc28377,3,3,3,0,0,0,0,0,3,0,3,1,1,0,
train,petfinder-pawpularity-score,cards_senior_0801.jsonl:3,petfinder-pawpularity-score__f505b03612284d7eaa1d47f8ddbb87f6,3,3,3,0,0,0,0,0,3,0,3,1,1,0,
train,petfinder-pawpularity-score,cards_senior_0727.jsonl:0,petfinder-pawpularity-score__f57d90b44b0d4ae3bdcaeef7ba8b7db0,2,2,1,0,0,0,0,0,1,0,1,1,1,0,
train,petfinder-pawpularity-score,cards_senior_0728.jsonl:0,petfinder-pawpularity-score__f5cbeebdd958459996d866572d31cd61,2,2,1,0,0,0,0,0,1,0,1,1,1,0,
train,petfinder-pawpularity-score,cards_senior_0801.jsonl:3,petfinder-pawpularity-score__f63d5385265c48c48ad06d18d49c5df9,3,2,1,1,1,0,0,2,3,0,3,0.33333333333333331,1,0.66666666666666663,1
train,petfinder-pawpularity-score,cards_senior_0730.jsonl:2,petfinder-pawpularity-score__f84aaf603733456bb42e92ba79040bdb,3,3,3,0,0,0,0,0,3,0,3,1,1,0,
train,petfinder-pawpularity-score,cards_senior_0801.jsonl:3,petfinder-pawpularity-score__f8836c2c47794e209416db3ff3246a76,3,3,3,0,0,0,0,0,3,0,3,1,1,0,
train,petfinder-pawpularity-score,cards_senior_0801.jsonl:3,petfinder-pawpularity-score__f8d84243d6264d29baf8d185408b83be,3,3,3,0,0,0,0,0,3,0,3,1,1,0,
train,petfinder-pawpularity-score,cards_senior_0801.jsonl:3,petfinder-pawpularity-score__f9e2b0fa2adb46bb88c2be3347518554,3,2,1,1,1,0,0,2,3,0,3,0.33333333333333331,1,0.66666666666666663,1
train,petfinder-pawpularity-score,cards_senior_0728.jsonl:2,petfinder-pawpularity-score__fe183950188a485da6b4f1a1c53d2874,2,2,1,0,0,0,0,0,1,0,1,1,1,0,
train,petfinder-pawpularity-score,cards_senior_0801.jsonl:3,petfinder-pawpularity-score__fe43b31ac62842d7bcd69ef35135ddc6,3,2,1,1,1,0,0,2,3,0,3,0.33333333333333331,1,0.66666666666666663,1
train,petfinder-pawpularity-score,cards_senior_0730.jsonl:1,petfinder-pawpularity-score__feb7f8a8e9a04c8db9fa21ca0f45146c,3,2,1,1,1,0,0,2,3,0,3,0.33333333333333331,1,0.66666666666666663,1
train,random-acts-of-pizza,cards_senior_0811.jsonl:25,random-acts-of-pizza__00c95077318c4914a884c21a9a045124,2,2,1,0,0,0,0,0,1,0,1,1,1,0,
train,random-acts-of-pizza,cards_senior_0811.jsonl:21,random-acts-of-pizza__02acf17c33ed41529706aa9e55c5ee1c,2,2,1,0,0,0,0,0,1,0,1,1,1,0,
train,random-acts-of-pizza,cards_gen2C.jsonl:0,random-acts-of-pizza__0304d7957287437a92c0d6995f819f48,5,2,1,0,0,0,3,0,1,9,10,0.10000000000000001,0.10000000000000001,0,0
train,random-acts-of-pizza,cards_senior_0811.jsonl:25,random-acts-of-pizza__058454df98b24ee181491cffdca319e8,2,2,1,0,0,0,0,0,1,0,1,1,1,0,
train,random-acts-of-pizza,cards_senior_0811.jsonl:21,random-acts-of-pizza__060571d0f1a94a0eb2cc5f7cee0642f6,2,2,1,0,0,0,0,0,1,0,1,1,1,0,
train,random-acts-of-pizza,cards_senior_0811.jsonl:24,random-acts-of-pizza__07cb1fbbeeac4ccc95c148a37e5f44ad,2,2,1,0,0,0,0,0,1,0,1,1,1,0,
train,random-acts-of-pizza,cards_senior_0811.jsonl:25,random-acts-of-pizza__0851d5f613064e5d9ece22c6ad5674e7,2,2,1,0,0,0,0,0,1,0,1,1,1,0,
train,random-acts-of-pizza,cards_senior_0811.jsonl:21,random-acts-of-pizza__09edec93b0cf4140b838988574185859,2,2,1,0,0,0,0,0,1,0,1,1,1,0,
train,random-acts-of-pizza,cards_senior_0811.jsonl:21,random-acts-of-pizza__0accd3c4a2ad414ea6bc5c8d81349151,2,2,1,0,0,0,0,0,1,0,1,1,1,0,
train,random-acts-of-pizza,cards_senior_0809.jsonl:17,random-acts-of-pizza__0b3b4e3e05794b628d66c75d18f74fe5,3,3,3,0,0,0,0,0,3,0,3,1,1,0,
train,random-acts-of-pizza,cards_senior_0809.jsonl:18,random-acts-of-pizza__0bc7787e44ff4e779eac9c9318dc051c,3,2,1,1,1,0,0,2,3,0,3,0.33333333333333331,1,0.66666666666666663,1
train,random-acts-of-pizza,cards_senior_0811.jsonl:20,random-acts-of-pizza__0bda057028e342958b5e31f2515cf1fc,2,2,1,0,0,0,0,0,1,0,1,1,1,0,
train,random-acts-of-pizza,cards_senior_0809.jsonl:18,random-acts-of-pizza__0bea10e6b0af49b7b80afb7aae0bfdc7,3,2,1,1,1,0,0,2,3,0,3,0.33333333333333331,1,0.66666666666666663,1
train,random-acts-of-pizza,cards_senior_0810.jsonl:22,random-acts-of-pizza__0de52590448343129cd42aef634608c2,3,3,3,0,0,0,0,0,3,0,3,1,1,0,
train,random-acts-of-pizza,cards_senior_0811.jsonl:21,random-acts-of-pizza__0e2fcc53a3e14d6ab34651c2881dddc5,2,2,1,0,0,0,0,0,1,0,1,1,1,0,
train,random-acts-of-pizza,cards_senior_0811.jsonl:27,random-acts-of-pizza__0e403944f0d0436097d2bf2c60300056,2,2,1,0,0,0,0,0,1,0,1,1,1,0,
train,random-acts-of-pizza,cards_senior_0809.jsonl:18,random-acts-of-pizza__10c9bbd227ca4bf9a42d7c85636256ef,3,3,3,0,0,0,0,0,3,0,3,1,1,0,
train,random-acts-of-pizza,cards_senior_0809.jsonl:18,random-acts-of-pizza__11b880844a824151b1220f1043c77b11,3,3,3,0,0,0,0,0,3,0,3,1,1,0,
train,random-acts-of-pizza,cards_senior_0809.jsonl:18,random-acts-of-pizza__12daad5746f249fb8717dbc0c083d615,3,2,1,1,1,0,0,2,3,0,3,0.33333333333333331,1,0.66666666666666663,1
train,random-acts-of-pizza,cards_senior_0809.jsonl:18,random-acts-of-pizza__13087fea096c43aebfe1032155993bc3,3,3,3,0,0,0,0,0,3,0,3,1,1,0,
train,random-acts-of-pizza,cards_senior_0809.jsonl:18,random-acts-of-pizza__13ce659dd2ed43a8bbc7682eec63996a,3,3,3,0,0,0,0,0,3,0,3,1,1,0,
train,random-acts-of-pizza,cards_senior_0811.jsonl:27,random-acts-of-pizza__14a8a5ff56ee48fa8f6ca54f8eedd0c1,2,2,1,0,0,0,0,0,1,0,1,1,1,0,
train,random-acts-of-pizza,cards_senior_0811.jsonl:20,random-acts-of-pizza__167ca9ea87ea48589119c958832439a7,2,2,1,0,0,0,0,0,1,0,1,1,1,0,
train,random-acts-of-pizza,cards_senior_0809.jsonl:17,random-acts-of-pizza__17952c24b15849f5b92644c4fff98a72,3,3,3,0,0,0,0,0,3,0,3,1,1,0,
train,random-acts-of-pizza,cards_senior_0809.jsonl:17,random-acts-of-pizza__1886de492cb147dfa5bb9c9ef6659bdd,3,3,3,0,0,0,0,0,3,0,3,1,1,0,
train,random-acts-of-pizza,cards_senior_0811.jsonl:24,random-acts-of-pizza__1c2cf636b04d40f5b0b8fea347ac6c36,2,2,1,0,0,0,0,0,1,0,1,1,1,0,
train,random-acts-of-pizza,cards_senior_0809.jsonl:18,random-acts-of-pizza__1c4d1b89243d4997a9042d724db9ebe7,3,3,3,0,0,0,0,0,3,0,3,1,1,0,
train,random-acts-of-pizza,cards_senior_0811.jsonl:20,random-acts-of-pizza__1c6c2483bbde4e2fa2a88eebd0d8d1f7,2,2,1,0,0,0,0,0,1,0,1,1,1,0,
train,random-acts-of-pizza,cards_senior_0811.jsonl:22,random-acts-of-pizza__1cfd77e765af4ed9bc152224999fbcbf,2,2,1,0,0,0,0,0,1,0,1,1,1,0,
train,random-acts-of-pizza,cards_senior_0809.jsonl:17,random-acts-of-pizza__1d092b4517e44accb1d01004035935a1,3,3,3,0,0,0,0,0,3,0,3,1,1,0,
train,random-acts-of-pizza,cards_senior_0810.jsonl:22,random-acts-of-pizza__1dcce0c1420c422e9b09bb24057ff274,3,3,3,0,0,0,0,0,3,0,3,1,1,0,
train,random-acts-of-pizza,cards_ours_20260727.jsonl:64,random-acts-of-pizza__206bf5a6645e43c29cd2b8550b00c3bc,5,2,1,0,0,0,3,0,1,9,10,0.10000000000000001,0.10000000000000001,0,0
train,random-acts-of-pizza,cards_senior_0809.jsonl:18,random-acts-of-pizza__2194382eb2ed442a8fed50199a9bd1f8,3,2,1,1,1,0,0,2,3,0,3,0.33333333333333331,1,0.66666666666666663,1
train,random-acts-of-pizza,cards_senior_0809.jsonl:18,random-acts-of-pizza__21995d0c70884f809565e7bdec4002ef,3,2,1,1,1,0,0,2,3,0,3,0.33333333333333331,1,0.66666666666666663,1
train,random-acts-of-pizza,cards_senior_0811.jsonl:20,random-acts-of-pizza__22bb5e6414a049afac6eebfc54af616a,2,2,1,0,0,0,0,0,1,0,1,1,1,0,
train,random-acts-of-pizza,cards_gen2A.jsonl:0,random-acts-of-pizza__24bf9eb8ca564707a5eaa5d80e66bc11,2,2,1,0,0,0,0,0,1,0,1,1,1,0,
train,random-acts-of-pizza,cards_ours_20260727.jsonl:65,random-acts-of-pizza__26877cdc019d494fb206a687e22405b2,4,2,1,2,2,0,0,4,5,1,6,0.16666666666666666,0.83333333333333337,0.66666666666666663,0.80000000000000004
train,random-acts-of-pizza,cards_senior_0811.jsonl:21,random-acts-of-pizza__2810daa7cafc4370b54cd4667a4d3235,2,2,1,0,0,0,0,0,1,0,1,1,1,0,
train,random-acts-of-pizza,cards_senior_0811.jsonl:21,random-acts-of-pizza__282b9985cedc49f4b936875cf3f2e498,2,2,1,0,0,0,0,0,1,0,1,1,1,0,
train,random-acts-of-pizza,cards_senior_0811.jsonl:25,random-acts-of-pizza__284db7f4a5714e3890aeca004763c0d3,2,2,1,0,0,0,0,0,1,0,1,1,1,0,
train,random-acts-of-pizza,cards_senior_0811.jsonl:25,random-acts-of-pizza__285789f6d9a640baa21eddf7808c5614,2,2,1,0,0,0,0,0,1,0,1,1,1,0,
train,random-acts-of-pizza,cards_senior_0809.jsonl:17,random-acts-of-pizza__28c4e27e2598413aa70d7a03cf1c6e1d,3,3,3,0,0,0,0,0,3,0,3,1,1,0,
train,random-acts-of-pizza,cards_senior_0811.jsonl:25,random-acts-of-pizza__295ca61d7b7d4d2eac44ea1305a84a1b,2,2,1,0,0,0,0,0,1,0,1,1,1,0,
train,random-acts-of-pizza,cards_ours_20260727.jsonl:73,random-acts-of-pizza__298da08e2dea42fcb8f3797ad8fb4bee,4,2,1,2,2,0,0,4,5,1,6,0.16666666666666666,0.83333333333333337,0.66666666666666663,0.80000000000000004
train,random-acts-of-pizza,cards_senior_0811.jsonl:21,random-acts-of-pizza__2a177f4fe4624b298a5e63e4e09ecc1e,2,2,1,0,0,0,0,0,1,0,1,1,1,0,
train,random-acts-of-pizza,cards_senior_0811.jsonl:21,random-acts-of-pizza__2ae06ba19f96463888782f3b0bf0d75a,2,2,1,0,0,0,0,0,1,0,1,1,1,0,
train,random-acts-of-pizza,cards_senior_0811.jsonl:21,random-acts-of-pizza__2e177df43dc748399675c5b747fdb647,2,2,1,0,0,0,0,0,1,0,1,1,1,0,
train,random-acts-of-pizza,cards_senior_0811.jsonl:22,random-acts-of-pizza__2f031438b80c4594b3f64ef4e71ea26d,2,2,1,0,0,0,0,0,1,0,1,1,1,0,
train,random-acts-of-pizza,cards_senior_0811.jsonl:24,random-acts-of-pizza__2f65673de7de4adfaa2f8285302d5bb7,2,2,1,0,0,0,0,0,1,0,1,1,1,0,
train,random-acts-of-pizza,cards_senior_0810.jsonl:22,random-acts-of-pizza__340b1995038342c5ba916123ad2821db,3,2,1,0,0,0,1,0,1,2,3,0.33333333333333331,0.33333333333333331,0,0
train,random-acts-of-pizza,cards_senior_0811.jsonl:21,random-acts-of-pizza__3482fa2cc08a4a9e99c018fd4b27b969,2,2,1,0,0,0,0,0,1,0,1,1,1,0,
train,random-acts-of-pizza,cards_senior_0809.jsonl:18,random-acts-of-pizza__34c856e2a56b4261b72c524870a007b6,3,3,3,0,0,0,0,0,3,0,3,1,1,0,
train,random-acts-of-pizza,cards_senior_0811.jsonl:22,random-acts-of-pizza__34d3d2222a3b4e3ba8101cdf037ac8cb,2,2,1,0,0,0,0,0,1,0,1,1,1,0,
train,random-acts-of-pizza,cards_senior_0809.jsonl:17,random-acts-of-pizza__354478d8906e4bbc8690d5f030317c4d,3,2,1,1,1,0,0,2,3,0,3,0.33333333333333331,1,0.66666666666666663,1
train,random-acts-of-pizza,cards_senior_0811.jsonl:22,random-acts-of-pizza__3627c3252fe544598cc7736c1f05f2f4,2,2,1,0,0,0,0,0,1,0,1,1,1,0,
train,random-acts-of-pizza,cards_senior_0811.jsonl:25,random-acts-of-pizza__36329f898bcc46d3be841a0db0abe913,2,2,1,0,0,0,0,0,1,0,1,1,1,0,
train,random-acts-of-pizza,cards_senior_0809.jsonl:18,random-acts-of-pizza__36a449bfd46744a4adbeb72a2503f404,3,2,1,1,1,0,0,2,3,0,3,0.33333333333333331,1,0.66666666666666663,1
train,random-acts-of-pizza,cards_senior_0809.jsonl:18,random-acts-of-pizza__376f0f7c360e4d7fb6d0bd659228b150,3,2,1,1,1,0,0,2,3,0,3,0.33333333333333331,1,0.66666666666666663,1
train,random-acts-of-pizza,cards_senior_0810.jsonl:22,random-acts-of-pizza__38fb084a8fd64c0ab9d29769e1beddde,3,2,1,1,1,0,0,2,3,0,3,0.33333333333333331,1,0.66666666666666663,1
train,random-acts-of-pizza,cards_senior_0811.jsonl:25,random-acts-of-pizza__39fc988a7e9443b5abf1a5da36af0062,2,2,1,0,0,0,0,0,1,0,1,1,1,0,
train,random-acts-of-pizza,cards_senior_0810.jsonl:23,random-acts-of-pizza__3a350d89737b45e9ae55edcc6b7ccbdf,3,3,3,0,0,0,0,0,3,0,3,1,1,0,
train,random-acts-of-pizza,cards_senior_0809.jsonl:17,random-acts-of-pizza__3c9ccefdcf0a4be2957ed5c202e120fd,3,2,1,1,1,0,0,2,3,0,3,0.33333333333333331,1,0.66666666666666663,1
train,random-acts-of-pizza,cards_senior_0811.jsonl:25,random-acts-of-pizza__3d8e82e92cab44bd8b703f95fe5a5645,2,2,1,0,0,0,0,0,1,0,1,1,1,0,
train,random-acts-of-pizza,cards_senior_0809.jsonl:18,random-acts-of-pizza__3e6c5b32db89416cac61c08217bbc491,3,2,1,1,1,0,0,2,3,0,3,0.33333333333333331,1,0.66666666666666663,1
train,random-acts-of-pizza,cards_senior_0810.jsonl:23,random-acts-of-pizza__3e97b87c3b154a27b8e4c7077032d09a,3,2,1,1,1,0,0,2,3,0,3,0.33333333333333331,1,0.66666666666666663,1
train,random-acts-of-pizza,cards_senior_0809.jsonl:18,random-acts-of-pizza__3f8afccb02334e2a9fc5509b27e0533f,3,3,3,0,0,0,0,0,3,0,3,1,1,0,
train,random-acts-of-pizza,cards_senior_0810.jsonl:22,random-acts-of-pizza__4017f0e50eb444c6b5a3e14e4860b054,3,3,3,0,0,0,0,0,3,0,3,1,1,0,
train,random-acts-of-pizza,cards_senior_0809.jsonl:18,random-acts-of-pizza__4042d9f736a549a4a86caab2566ae6c1,3,2,1,0,0,0,1,0,1,2,3,0.33333333333333331,0.33333333333333331,0,0
train,random-acts-of-pizza,cards_senior_0811.jsonl:24,random-acts-of-pizza__4049567475d341f290b5e85da77e2997,2,2,1,0,0,0,0,0,1,0,1,1,1,0,
train,random-acts-of-pizza,cards_senior_0811.jsonl:20,random-acts-of-pizza__42b9442362b64d20b43c4f7369299e26,2,2,1,0,0,0,0,0,1,0,1,1,1,0,
train,random-acts-of-pizza,cards_senior_0811.jsonl:20,random-acts-of-pizza__4484a759adfa4b7885d25b38e70ffc41,2,2,1,0,0,0,0,0,1,0,1,1,1,0,
train,random-acts-of-pizza,cards_senior_0811.jsonl:21,random-acts-of-pizza__44bf418a507f4985a848c512c28672e7,2,2,1,0,0,0,0,0,1,0,1,1,1,0,
train,random-acts-of-pizza,cards_senior_0809.jsonl:18,random-acts-of-pizza__46171dce1a2644aa92081024e4b501fa,3,2,1,1,1,0,0,2,3,0,3,0.33333333333333331,1,0.66666666666666663,1
train,random-acts-of-pizza,cards_senior_0809.jsonl:17,random-acts-of-pizza__4622bff9734540b9885c9f420f65c29a,3,3,3,0,0,0,0,0,3,0,3,1,1,0,
train,random-acts-of-pizza,cards_senior_0809.jsonl:17,random-acts-of-pizza__463c9d0910a44dcc84b12a7ccd6dff2c,3,3,3,0,0,0,0,0,3,0,3,1,1,0,
train,random-acts-of-pizza,cards_senior_0811.jsonl:22,random-acts-of-pizza__472babbe62e840218d802b43f61a5a05,2,2,1,0,0,0,0,0,1,0,1,1,1,0,
train,random-acts-of-pizza,cards_senior_0810.jsonl:23,random-acts-of-pizza__47e0373920e245d1bd462d97676fe418,3,3,3,0,0,0,0,0,3,0,3,1,1,0,
train,random-acts-of-pizza,cards_senior_0810.jsonl:23,random-acts-of-pizza__4806a51dbcf74b3d887cf13f2bcba57e,3,3,3,0,0,0,0,0,3,0,3,1,1,0,
train,random-acts-of-pizza,cards_senior_0809.jsonl:18,random-acts-of-pizza__49a897ff168a4c36bc7d4186c75b7f86,3,3,3,0,0,0,0,0,3,0,3,1,1,0,
train,random-acts-of-pizza,cards_senior_0811.jsonl:25,random-acts-of-pizza__4ec7c05b50c54dffb0989cf98dc158fa,2,2,1,0,0,0,0,0,1,0,1,1,1,0,
train,random-acts-of-pizza,cards_senior_0809.jsonl:18,random-acts-of-pizza__52836b4446a4453ca3902c973b162329,3,3,3,0,0,0,0,0,3,0,3,1,1,0,
train,random-acts-of-pizza,cards_senior_0811.jsonl:25,random-acts-of-pizza__538ba26caf3f49769e905270ee04098b,2,2,1,0,0,0,0,0,1,0,1,1,1,0,
train,random-acts-of-pizza,cards_senior_0810.jsonl:22,random-acts-of-pizza__547445ca5da746c7809f14a5b2bff55f,3,3,3,0,0,0,0,0,3,0,3,1,1,0,
train,random-acts-of-pizza,cards_senior_0810.jsonl:22,random-acts-of-pizza__58142a6d02e84c0790f896aed418e2d5,3,3,3,0,0,0,0,0,3,0,3,1,1,0,
train,random-acts-of-pizza,cards_senior_0811.jsonl:20,random-acts-of-pizza__5923655a074b4d309fad3da070c46900,2,2,1,0,0,0,0,0,1,0,1,1,1,0,
train,random-acts-of-pizza,cards_senior_0811.jsonl:22,random-acts-of-pizza__5a4d9f74c3884532a2b63b7eaaec9dd9,2,2,1,0,0,0,0,0,1,0,1,1,1,0,
train,random-acts-of-pizza,cards_senior_0811.jsonl:25,random-acts-of-pizza__5a82eafeef37482b89efca0f2a3e91a0,2,2,1,0,0,0,0,0,1,0,1,1,1,0,
train,random-acts-of-pizza,cards_senior_0809.jsonl:17,random-acts-of-pizza__5bca920bd22e45d694442bcfdab48eee,3,3,3,0,0,0,0,0,3,0,3,1,1,0,
train,random-acts-of-pizza,cards_senior_0811.jsonl:22,random-acts-of-pizza__5df0defa5eba4c0c89f83ce16d14035d,2,2,1,0,0,0,0,0,1,0,1,1,1,0,
train,random-acts-of-pizza,cards_senior_0811.jsonl:22,random-acts-of-pizza__5eb0f2e6c0b24c8c8c5cc444069108b9,2,2,1,0,0,0,0,0,1,0,1,1,1,0,
train,random-acts-of-pizza,cards_senior_0811.jsonl:27,random-acts-of-pizza__5fa1a576523c4179ba70ead2f473d1cc,2,2,1,0,0,0,0,0,1,0,1,1,1,0,
train,random-acts-of-pizza,cards_senior_0809.jsonl:17,random-acts-of-pizza__60484110b0234a60a5a2a28375555739,3,3,3,0,0,0,0,0,3,0,3,1,1,0,
train,random-acts-of-pizza,cards_senior_0809.jsonl:17,random-acts-of-pizza__60dfb6b2d5d84cc5bdda4d8efb4f0c06,3,2,1,1,1,0,0,2,3,0,3,0.33333333333333331,1,0.66666666666666663,1
train,random-acts-of-pizza,cards_gen2A.jsonl:0,random-acts-of-pizza__61410e26fc614db6b38e1b81eb437f60,5,2,1,0,0,0,3,0,1,9,10,0.10000000000000001,0.10000000000000001,0,0
train,random-acts-of-pizza,cards_ours_20260727.jsonl:73,random-acts-of-pizza__647b669e2f4143e5ad70c2731f644b20,5,2,1,0,0,0,3,0,1,9,10,0.10000000000000001,0.10000000000000001,0,0
train,random-acts-of-pizza,cards_senior_0810.jsonl:22,random-acts-of-pizza__65b340a0e54c41a2948650e37e2147f8,3,3,3,0,0,0,0,0,3,0,3,1,1,0,
train,random-acts-of-pizza,cards_senior_0811.jsonl:21,random-acts-of-pizza__65b54b6808fd4d1b882e16b2237f2ad1,2,2,1,0,0,0,0,0,1,0,1,1,1,0,
train,random-acts-of-pizza,cards_senior_0809.jsonl:17,random-acts-of-pizza__67f598c28ba54f9da159eeb23c6a12d0,3,2,1,1,1,0,0,2,3,0,3,0.33333333333333331,1,0.66666666666666663,1
train,random-acts-of-pizza,cards_senior_0810.jsonl:22,random-acts-of-pizza__692fded9a3a04356b52a04c6876a4f40,3,3,3,0,0,0,0,0,3,0,3,1,1,0,
train,random-acts-of-pizza,cards_senior_0810.jsonl:22,random-acts-of-pizza__6a77384e25f54582b7f848c1192f9aba,3,3,3,0,0,0,0,0,3,0,3,1,1,0,
train,random-acts-of-pizza,cards_senior_0809.jsonl:17,random-acts-of-pizza__6a7ba9621dec44399c58380a0c60aa18,3,3,3,0,0,0,0,0,3,0,3,1,1,0,
train,random-acts-of-pizza,cards_senior_0809.jsonl:18,random-acts-of-pizza__6a8c90c72a984bf8a29414979304aacf,3,2,1,1,1,0,0,2,3,0,3,0.33333333333333331,1,0.66666666666666663,1
train,random-acts-of-pizza,cards_senior_0810.jsonl:22,random-acts-of-pizza__6c48a3604c1148e1914120385944892b,3,3,3,0,0,0,0,0,3,0,3,1,1,0,
train,random-acts-of-pizza,cards_ours_20260727.jsonl:65,random-acts-of-pizza__6e9e190966bc474a9cde9e47293500fc,5,4,6,1,1,0,0,4,10,0,10,0.59999999999999998,1,0.40000000000000002,1
train,random-acts-of-pizza,cards_senior_0809.jsonl:18,random-acts-of-pizza__6ea7203847b148498c9db13421c425fa,3,3,3,0,0,0,0,0,3,0,3,1,1,0,
train,random-acts-of-pizza,cards_senior_0810.jsonl:23,random-acts-of-pizza__6f3b0ad854bc400fa1fcc11a4b6d0ae8,3,3,3,0,0,0,0,0,3,0,3,1,1,0,
train,random-acts-of-pizza,cards_senior_0809.jsonl:17,random-acts-of-pizza__71d6059880f74356ad7d871b29c7200e,3,3,3,0,0,0,0,0,3,0,3,1,1,0,
train,random-acts-of-pizza,cards_senior_0810.jsonl:22,random-acts-of-pizza__721cc278932544269da493c7c971f862,3,3,3,0,0,0,0,0,3,0,3,1,1,0,
train,random-acts-of-pizza,cards_senior_0811.jsonl:25,random-acts-of-pizza__7298efe77f2443e7b9c4a977baf808fe,2,2,1,0,0,0,0,0,1,0,1,1,1,0,
train,random-acts-of-pizza,cards_senior_0810.jsonl:23,random-acts-of-pizza__72fb3e3045ea4844aaa7eae29e0938bf,3,2,1,1,1,0,0,2,3,0,3,0.33333333333333331,1,0.66666666666666663,1
train,random-acts-of-pizza,cards_senior_0810.jsonl:22,random-acts-of-pizza__7339568edd0a4295aba2c7204d1121fe,3,3,3,0,0,0,0,0,3,0,3,1,1,0,
train,random-acts-of-pizza,cards_senior_0809.jsonl:18,random-acts-of-pizza__7374513d7d114553bd1661a8157f925e,3,3,3,0,0,0,0,0,3,0,3,1,1,0,
train,random-acts-of-pizza,cards_senior_0809.jsonl:18,random-acts-of-pizza__74469fca82704eb09da700630da10514,3,3,3,0,0,0,0,0,3,0,3,1,1,0,
train,random-acts-of-pizza,cards_senior_0809.jsonl:17,random-acts-of-pizza__74f69965245e4785a8ff0d700f058771,3,3,3,0,0,0,0,0,3,0,3,1,1,0,
train,random-acts-of-pizza,cards_senior_0811.jsonl:21,random-acts-of-pizza__7549883fe4054b95addb42bee397a692,2,2,1,0,0,0,0,0,1,0,1,1,1,0,
train,random-acts-of-pizza,cards_senior_0809.jsonl:17,random-acts-of-pizza__7587eb4807434350aa330ea911c8c881,3,3,3,0,0,0,0,0,3,0,3,1,1,0,
train,random-acts-of-pizza,cards_senior_0809.jsonl:17,random-acts-of-pizza__76eb4f6329ae48519e2928aa6d03225f,3,2,1,1,1,0,0,2,3,0,3,0.33333333333333331,1,0.66666666666666663,1
train,random-acts-of-pizza,cards_senior_0809.jsonl:17,random-acts-of-pizza__78c5309328e643c8a4abffb56ab4cb93,3,2,1,1,1,0,0,2,3,0,3,0.33333333333333331,1,0.66666666666666663,1
train,random-acts-of-pizza,cards_senior_0809.jsonl:17,random-acts-of-pizza__791b3c88658542a4b0cdbec8399d1f57,3,2,1,0,0,0,1,0,1,2,3,0.33333333333333331,0.33333333333333331,0,0
train,random-acts-of-pizza,cards_senior_0811.jsonl:25,random-acts-of-pizza__7a0d280d3c1a4a70a8d1c6121a55a947,2,2,1,0,0,0,0,0,1,0,1,1,1,0,
train,random-acts-of-pizza,cards_senior_0811.jsonl:25,random-acts-of-pizza__7bed1b1b80c444da8ce9d8a9048ce6c9,2,2,1,0,0,0,0,0,1,0,1,1,1,0,
train,random-acts-of-pizza,cards_senior_0811.jsonl:21,random-acts-of-pizza__7d55d732d2064a528fccee1af89f93cf,2,2,1,0,0,0,0,0,1,0,1,1,1,0,
train,random-acts-of-pizza,cards_senior_0811.jsonl:25,random-acts-of-pizza__80144b28b38745b18dd5eee64b825688,2,2,1,0,0,0,0,0,1,0,1,1,1,0,
train,random-acts-of-pizza,cards_senior_0811.jsonl:21,random-acts-of-pizza__805ad3f537c843598a655fe393b2679a,2,2,1,0,0,0,0,0,1,0,1,1,1,0,
train,random-acts-of-pizza,cards_senior_0811.jsonl:21,random-acts-of-pizza__80f695a10a4b49b89d304142e3727dd5,2,2,1,0,0,0,0,0,1,0,1,1,1,0,
train,random-acts-of-pizza,cards_senior_0811.jsonl:22,random-acts-of-pizza__839e160064c546af920d8e4a2eab7859,2,2,1,0,0,0,0,0,1,0,1,1,1,0,
train,random-acts-of-pizza,cards_senior_0811.jsonl:25,random-acts-of-pizza__847fe261f69d45dea587ea926efb7eb6,2,2,1,0,0,0,0,0,1,0,1,1,1,0,
train,random-acts-of-pizza,cards_senior_0810.jsonl:23,random-acts-of-pizza__848ee60154604c33aabf42a4fe904217,3,3,3,0,0,0,0,0,3,0,3,1,1,0,
train,random-acts-of-pizza,cards_senior_0811.jsonl:27,random-acts-of-pizza__850830b7459f4940aa28defb892d60c7,2,2,1,0,0,0,0,0,1,0,1,1,1,0,
train,random-acts-of-pizza,cards_senior_0809.jsonl:18,random-acts-of-pizza__85ac5a6189a145fa9625abb2d47d7e06,3,2,1,1,1,0,0,2,3,0,3,0.33333333333333331,1,0.66666666666666663,1
train,random-acts-of-pizza,cards_senior_0811.jsonl:21,random-acts-of-pizza__88fabff94a0c493084058ee1ed9dde01,2,2,1,0,0,0,0,0,1,0,1,1,1,0,
train,random-acts-of-pizza,cards_senior_0810.jsonl:23,random-acts-of-pizza__8937c575728c461b92a0a048ed5e1839,3,2,1,1,1,0,0,2,3,0,3,0.33333333333333331,1,0.66666666666666663,1
train,random-acts-of-pizza,cards_senior_0809.jsonl:18,random-acts-of-pizza__8ab4b109487a4659b6ae35c71798f4a4,3,2,1,1,1,0,0,2,3,0,3,0.33333333333333331,1,0.66666666666666663,1
train,random-acts-of-pizza,cards_senior_0809.jsonl:17,random-acts-of-pizza__8bf3edd2911546f1a0a826d093c8a0e2,3,3,3,0,0,0,0,0,3,0,3,1,1,0,
train,random-acts-of-pizza,cards_senior_0810.jsonl:22,random-acts-of-pizza__8d187315001d436184fd58299d61a973,3,3,3,0,0,0,0,0,3,0,3,1,1,0,
train,random-acts-of-pizza,cards_gen3A.jsonl:1,random-acts-of-pizza__8d7196d7a716455ba20f0edd8acdbe65,5,4,6,1,1,0,0,4,10,0,10,0.59999999999999998,1,0.40000000000000002,1
train,random-acts-of-pizza,cards_senior_0809.jsonl:18,random-acts-of-pizza__8fad777d653f47769d40cbe36a95d2c3,3,3,3,0,0,0,0,0,3,0,3,1,1,0,
train,random-acts-of-pizza,cards_senior_0809.jsonl:17,random-acts-of-pizza__91d6a678108b4490b14f35921a25c634,3,2,1,1,1,0,0,2,3,0,3,0.33333333333333331,1,0.66666666666666663,1
train,random-acts-of-pizza,cards_senior_0809.jsonl:17,random-acts-of-pizza__92fd415383f84c5b967fccada8f186a5,3,2,1,1,1,0,0,2,3,0,3,0.33333333333333331,1,0.66666666666666663,1
train,random-acts-of-pizza,cards_senior_0810.jsonl:22,random-acts-of-pizza__93063099dbc94bdf95c2550b784ed1d3,3,3,3,0,0,0,0,0,3,0,3,1,1,0,
train,random-acts-of-pizza,cards_senior_0809.jsonl:18,random-acts-of-pizza__94afc1c535e448b291c6eabdc6ff7155,3,3,3,0,0,0,0,0,3,0,3,1,1,0,
train,random-acts-of-pizza,cards_senior_0809.jsonl:17,random-acts-of-pizza__95a05fc6636e4f518d7081275372b769,3,3,3,0,0,0,0,0,3,0,3,1,1,0,
train,random-acts-of-pizza,cards_senior_0809.jsonl:18,random-acts-of-pizza__95abc8b7f80d4f2aa19915de296fd678,3,3,3,0,0,0,0,0,3,0,3,1,1,0,
train,random-acts-of-pizza,cards_senior_0809.jsonl:17,random-acts-of-pizza__9723e895ae304c74bee7e284d04b5ce0,3,3,3,0,0,0,0,0,3,0,3,1,1,0,
train,random-acts-of-pizza,cards_ours_20260727.jsonl:61,random-acts-of-pizza__97aaebc55fd34f658b73578b181f3d55,5,3,3,0,0,0,2,0,3,7,10,0.29999999999999999,0.29999999999999999,0,0
train,random-acts-of-pizza,cards_senior_0809.jsonl:17,random-acts-of-pizza__97d54147ad324971885df2ce3fabe374,3,3,3,0,0,0,0,0,3,0,3,1,1,0,
train,random-acts-of-pizza,cards_senior_0809.jsonl:17,random-acts-of-pizza__982a3f3c91464f9cb37c774e87191d9e,3,3,3,0,0,0,0,0,3,0,3,1,1,0,
train,random-acts-of-pizza,cards_senior_0810.jsonl:22,random-acts-of-pizza__98779a90704c44dd97b8525213019ccb,3,3,3,0,0,0,0,0,3,0,3,1,1,0,
train,random-acts-of-pizza,cards_gen2A.jsonl:0,random-acts-of-pizza__99595275dadf48cd9e8089a56a00d533,5,2,1,3,3,0,0,6,7,3,10,0.10000000000000001,0.69999999999999996,0.59999999999999998,0.66666666666666663
train,random-acts-of-pizza,cards_senior_0809.jsonl:18,random-acts-of-pizza__9a0911c4c13b437f90c5e1ae280ff6ce,3,3,3,0,0,0,0,0,3,0,3,1,1,0,
train,random-acts-of-pizza,cards_senior_0809.jsonl:19,random-acts-of-pizza__9b780e86e3fc488da9130b40edb68139,3,2,1,0,0,0,1,0,1,2,3,0.33333333333333331,0.33333333333333331,0,0
train,random-acts-of-pizza,cards_senior_0811.jsonl:25,random-acts-of-pizza__9c01431ca04a49a8a0911a06c69dadf6,2,2,1,0,0,0,0,0,1,0,1,1,1,0,
train,random-acts-of-pizza,cards_gen3A.jsonl:1,random-acts-of-pizza__9d04904daecb48e7b959d99887406667,5,3,3,0,0,0,2,0,3,7,10,0.29999999999999999,0.29999999999999999,0,0
train,random-acts-of-pizza,cards_gen3A.jsonl:1,random-acts-of-pizza__9e0afffd6b754b0c9b525234a29acafb,5,5,10,0,0,0,0,0,10,0,10,1,1,0,
train,random-acts-of-pizza,cards_senior_0809.jsonl:17,random-acts-of-pizza__9f662ea7663e4011a1719bb0c02091d7,3,3,3,0,0,0,0,0,3,0,3,1,1,0,
train,random-acts-of-pizza,cards_senior_0809.jsonl:17,random-acts-of-pizza__9fb0ce07e57646a38cf708223706ab57,3,3,3,0,0,0,0,0,3,0,3,1,1,0,
train,random-acts-of-pizza,cards_senior_0809.jsonl:17,random-acts-of-pizza__a0925f2084534bd5af080c7f3e9dabcc,3,3,3,0,0,0,0,0,3,0,3,1,1,0,
train,random-acts-of-pizza,cards_senior_0810.jsonl:23,random-acts-of-pizza__a27cf2e430be41dda8d5967e6a4ae870,3,2,1,1,1,0,0,2,3,0,3,0.33333333333333331,1,0.66666666666666663,1
train,random-acts-of-pizza,cards_senior_0811.jsonl:20,random-acts-of-pizza__a381fe3f2ab94a97b73d67c7fb76d97c,2,2,1,0,0,0,0,0,1,0,1,1,1,0,
train,random-acts-of-pizza,cards_senior_0811.jsonl:27,random-acts-of-pizza__a51b50e9143b4b25a8a4215065d7d3b0,2,2,1,0,0,0,0,0,1,0,1,1,1,0,
train,random-acts-of-pizza,cards_ours_20260727.jsonl:47,random-acts-of-pizza__a65315b796754f36b80494709bef2583,5,3,3,0,0,0,2,0,3,7,10,0.29999999999999999,0.29999999999999999,0,0
train,random-acts-of-pizza,cards_senior_0811.jsonl:21,random-acts-of-pizza__a85b5e9dd14d47b3b55bd928322cb091,2,2,1,0,0,0,0,0,1,0,1,1,1,0,
train,random-acts-of-pizza,cards_senior_0810.jsonl:22,random-acts-of-pizza__a9094c74c25644c1861827634f4272bd,3,3,3,0,0,0,0,0,3,0,3,1,1,0,
train,random-acts-of-pizza,cards_senior_0811.jsonl:21,random-acts-of-pizza__a9e5173b4ac2438f85820de9b641ca11,2,2,1,0,0,0,0,0,1,0,1,1,1,0,
train,random-acts-of-pizza,cards_senior_0809.jsonl:18,random-acts-of-pizza__aa22f240410d4ddaa8105e70eb30bbe8,3,3,3,0,0,0,0,0,3,0,3,1,1,0,
train,random-acts-of-pizza,cards_senior_0811.jsonl:21,random-acts-of-pizza__abdf194d4a6b428d872156ef08ea7192,2,2,1,0,0,0,0,0,1,0,1,1,1,0,
train,random-acts-of-pizza,cards_senior_0811.jsonl:21,random-acts-of-pizza__abf38a18ec5d4c519a31531d4210031e,2,2,1,0,0,0,0,0,1,0,1,1,1,0,
train,random-acts-of-pizza,cards_senior_0809.jsonl:17,random-acts-of-pizza__abfe28d9638d46528d762ac6215face2,3,3,3,0,0,0,0,0,3,0,3,1,1,0,
train,random-acts-of-pizza,cards_senior_0811.jsonl:21,random-acts-of-pizza__ac636f863d7f48f2a4f794530bc73b5b,2,2,1,0,0,0,0,0,1,0,1,1,1,0,
train,random-acts-of-pizza,cards_senior_0811.jsonl:21,random-acts-of-pizza__acb4690103ad46e19a45fd1911de7bf0,2,2,1,0,0,0,0,0,1,0,1,1,1,0,
train,random-acts-of-pizza,cards_senior_0811.jsonl:21,random-acts-of-pizza__ae0b40eafc964c67a3b933bc6f67818d,2,2,1,0,0,0,0,0,1,0,1,1,1,0,
train,random-acts-of-pizza,cards_senior_0810.jsonl:22,random-acts-of-pizza__ae833ca4a4ea4b4f87f1047ecfc63e8f,3,3,3,0,0,0,0,0,3,0,3,1,1,0,
train,random-acts-of-pizza,cards_senior_0809.jsonl:18,random-acts-of-pizza__ae87cecfcc3a4129a8bcc566eff4b144,3,3,3,0,0,0,0,0,3,0,3,1,1,0,
train,random-acts-of-pizza,cards_senior_0810.jsonl:22,random-acts-of-pizza__b125e3c747ce45bab4e8d8bdaa64b981,3,3,3,0,0,0,0,0,3,0,3,1,1,0,
train,random-acts-of-pizza,cards_senior_0811.jsonl:25,random-acts-of-pizza__b1e50018eee94c4e9069065b65ab3153,2,2,1,0,0,0,0,0,1,0,1,1,1,0,
train,random-acts-of-pizza,cards_senior_0810.jsonl:23,random-acts-of-pizza__b2fd4371e0e5480d987d3fd4164ed034,3,2,1,1,1,0,0,2,3,0,3,0.33333333333333331,1,0.66666666666666663,1
train,random-acts-of-pizza,cards_senior_0811.jsonl:21,random-acts-of-pizza__b52595f87ab8411baba3fb59d7e3ccdd,2,2,1,0,0,0,0,0,1,0,1,1,1,0,
train,random-acts-of-pizza,cards_senior_0809.jsonl:17,random-acts-of-pizza__b564d9cb18d24bc78abe12cd17e6a90b,3,3,3,0,0,0,0,0,3,0,3,1,1,0,
train,random-acts-of-pizza,cards_senior_0811.jsonl:21,random-acts-of-pizza__b5920e5b483e445eaa6e514e660b5c31,2,2,1,0,0,0,0,0,1,0,1,1,1,0,
train,random-acts-of-pizza,cards_senior_0811.jsonl:25,random-acts-of-pizza__b61b6537cd37404c9de5764af4e1430f,2,2,1,0,0,0,0,0,1,0,1,1,1,0,
train,random-acts-of-pizza,cards_senior_0810.jsonl:23,random-acts-of-pizza__b6dc2acb7d994e0188c96db62ad5d9cd,3,2,1,0,0,0,1,0,1,2,3,0.33333333333333331,0.33333333333333331,0,0
train,random-acts-of-pizza,cards_senior_0811.jsonl:20,random-acts-of-pizza__b89d5f9701844d2cae99815d9a52f07c,2,2,1,0,0,0,0,0,1,0,1,1,1,0,
train,random-acts-of-pizza,cards_senior_0811.jsonl:20,random-acts-of-pizza__b90b48d168cc42bb8393f19bec643ddd,2,2,1,0,0,0,0,0,1,0,1,1,1,0,
train,random-acts-of-pizza,cards_senior_0811.jsonl:20,random-acts-of-pizza__bb586b3f94a749d48f65190d3879a48f,2,2,1,0,0,0,0,0,1,0,1,1,1,0,
train,random-acts-of-pizza,cards_senior_0809.jsonl:18,random-acts-of-pizza__bb7aaa1712d54c46a73af7d59fc81041,3,2,1,1,1,0,0,2,3,0,3,0.33333333333333331,1,0.66666666666666663,1
train,random-acts-of-pizza,cards_senior_0811.jsonl:20,random-acts-of-pizza__bba75b06d4a8469f8fcab1f876a4c3bf,2,2,1,0,0,0,0,0,1,0,1,1,1,0,
train,random-acts-of-pizza,cards_senior_0811.jsonl:21,random-acts-of-pizza__bc92eaf3e0604b97bee6508e9cfd239e,2,2,1,0,0,0,0,0,1,0,1,1,1,0,
train,random-acts-of-pizza,cards_senior_0810.jsonl:23,random-acts-of-pizza__be0bba6c7a0747a59abe3a54b1d275b4,3,3,3,0,0,0,0,0,3,0,3,1,1,0,
train,random-acts-of-pizza,cards_senior_0809.jsonl:17,random-acts-of-pizza__bed821d9c1c14fb2b5e8091f169d749a,3,2,1,1,1,0,0,2,3,0,3,0.33333333333333331,1,0.66666666666666663,1
train,random-acts-of-pizza,cards_senior_0811.jsonl:24,random-acts-of-pizza__bf3025cbf9944e95a7577c24a5b31209,2,2,1,0,0,0,0,0,1,0,1,1,1,0,
train,random-acts-of-pizza,cards_senior_0809.jsonl:17,random-acts-of-pizza__c1066b9af96c424ba99666c9f16afc80,3,3,3,0,0,0,0,0,3,0,3,1,1,0,
train,random-acts-of-pizza,cards_senior_0809.jsonl:17,random-acts-of-pizza__c1b00f526e994116be7debefc9368c5d,3,2,1,1,1,0,0,2,3,0,3,0.33333333333333331,1,0.66666666666666663,1
train,random-acts-of-pizza,cards_senior_0811.jsonl:21,random-acts-of-pizza__c20fb34fbc3947fd9cd5e45b5e1f4a65,2,2,1,0,0,0,0,0,1,0,1,1,1,0,
train,random-acts-of-pizza,cards_ours_20260727.jsonl:72,random-acts-of-pizza__c384fa56dd5c4996a4e461db59694ea8,5,3,3,0,0,0,2,0,3,7,10,0.29999999999999999,0.29999999999999999,0,0
train,random-acts-of-pizza,cards_senior_0811.jsonl:27,random-acts-of-pizza__c429dd59a2004b5ea16f57d17550d437,2,2,1,0,0,0,0,0,1,0,1,1,1,0,
train,random-acts-of-pizza,cards_ours_20260727.jsonl:67,random-acts-of-pizza__c47f6a3b7a8d49509622a5eb07c62aa3,5,2,1,0,0,0,3,0,1,9,10,0.10000000000000001,0.10000000000000001,0,0
train,random-acts-of-pizza,cards_senior_0811.jsonl:21,random-acts-of-pizza__c4f2d6b7a3c44b098011939abbbd84b1,2,2,1,0,0,0,0,0,1,0,1,1,1,0,
train,random-acts-of-pizza,cards_senior_0810.jsonl:22,random-acts-of-pizza__c50909d0aa204bc49bbb83a0be648ccf,3,2,1,1,1,0,0,2,3,0,3,0.33333333333333331,1,0.66666666666666663,1
train,random-acts-of-pizza,cards_senior_0811.jsonl:24,random-acts-of-pizza__c578483598c5461ab26b62b53c153520,2,2,1,0,0,0,0,0,1,0,1,1,1,0,
train,random-acts-of-pizza,cards_senior_0811.jsonl:21,random-acts-of-pizza__c5f5948e5c534a7d9bb6b5b8c9257fc7,2,2,1,0,0,0,0,0,1,0,1,1,1,0,
train,random-acts-of-pizza,cards_senior_0809.jsonl:17,random-acts-of-pizza__c61d421bb45d4cfaa2eb214b1f31ba9f,3,3,3,0,0,0,0,0,3,0,3,1,1,0,
train,random-acts-of-pizza,cards_ours_20260727.jsonl:50,random-acts-of-pizza__c662c67a9ff54ae3a81026fbeb244b24,5,3,3,0,0,0,2,0,3,7,10,0.29999999999999999,0.29999999999999999,0,0
train,random-acts-of-pizza,cards_senior_0810.jsonl:22,random-acts-of-pizza__c7a84c56fcbf402cbcc246050ecb9137,3,3,3,0,0,0,0,0,3,0,3,1,1,0,
train,random-acts-of-pizza,cards_senior_0810.jsonl:23,random-acts-of-pizza__c97f56a068134ae780d22b98ba5b01f7,3,3,3,0,0,0,0,0,3,0,3,1,1,0,
train,random-acts-of-pizza,cards_senior_0811.jsonl:22,random-acts-of-pizza__ca58df0c4a404876902dbc4855d05f26,2,2,1,0,0,0,0,0,1,0,1,1,1,0,
train,random-acts-of-pizza,cards_senior_0811.jsonl:25,random-acts-of-pizza__cb97d3e5b00d48c888e09225ebadb993,2,2,1,0,0,0,0,0,1,0,1,1,1,0,
train,random-acts-of-pizza,cards_senior_0809.jsonl:18,random-acts-of-pizza__cc7270c94aff482c9832830986c8ffd1,3,2,1,1,1,0,0,2,3,0,3,0.33333333333333331,1,0.66666666666666663,1
train,random-acts-of-pizza,cards_senior_0810.jsonl:23,random-acts-of-pizza__cf6ec632f4c74e8b84760d76106f941b,3,2,1,1,1,0,0,2,3,0,3,0.33333333333333331,1,0.66666666666666663,1
train,random-acts-of-pizza,cards_senior_0809.jsonl:17,random-acts-of-pizza__cfc4ab7cee73493ab0b23cf600a7dd09,3,2,1,1,1,0,0,2,3,0,3,0.33333333333333331,1,0.66666666666666663,1
train,random-acts-of-pizza,cards_senior_0811.jsonl:24,random-acts-of-pizza__d0142d4694614b95a3bfb4927d63b726,2,2,1,0,0,0,0,0,1,0,1,1,1,0,
train,random-acts-of-pizza,cards_senior_0810.jsonl:24,random-acts-of-pizza__d03dea66ceae4555bbbe946ce90eec65,3,2,1,0,0,0,1,0,1,2,3,0.33333333333333331,0.33333333333333331,0,0
train,random-acts-of-pizza,cards_senior_0811.jsonl:25,random-acts-of-pizza__d11134a8e59948319dfe790b2d6a3eae,2,2,1,0,0,0,0,0,1,0,1,1,1,0,
train,random-acts-of-pizza,cards_senior_0811.jsonl:22,random-acts-of-pizza__d19a73f3dcd5410cbefbd79e6ed627cb,2,2,1,0,0,0,0,0,1,0,1,1,1,0,
train,random-acts-of-pizza,cards_senior_0811.jsonl:21,random-acts-of-pizza__d1b325081dfb45f2aa5ce320592d5207,2,2,1,0,0,0,0,0,1,0,1,1,1,0,
train,random-acts-of-pizza,cards_senior_0811.jsonl:27,random-acts-of-pizza__d2c5f86edcb343d38145815bfd42b141,2,2,1,0,0,0,0,0,1,0,1,1,1,0,
train,random-acts-of-pizza,cards_senior_0809.jsonl:18,random-acts-of-pizza__d49128fae02e407bbc5b9f42fdeddaf6,3,3,3,0,0,0,0,0,3,0,3,1,1,0,
train,random-acts-of-pizza,cards_senior_0809.jsonl:17,random-acts-of-pizza__d5127c93d7534733ab53429a06300ab8,3,2,1,1,1,0,0,2,3,0,3,0.33333333333333331,1,0.66666666666666663,1
train,random-acts-of-pizza,cards_senior_0811.jsonl:24,random-acts-of-pizza__d6e4687b32ee45428da68ac8fcadb718,2,2,1,0,0,0,0,0,1,0,1,1,1,0,
train,random-acts-of-pizza,cards_senior_0811.jsonl:25,random-acts-of-pizza__d71e8161bc3e40af895025e4b2c5e6ef,2,2,1,0,0,0,0,0,1,0,1,1,1,0,
train,random-acts-of-pizza,cards_senior_0811.jsonl:22,random-acts-of-pizza__d92b3c88b3ff45a8931924a964d1c4c3,2,2,1,0,0,0,0,0,1,0,1,1,1,0,
train,random-acts-of-pizza,cards_senior_0809.jsonl:18,random-acts-of-pizza__db115e4c911443b383712fb4cb75934b,3,3,3,0,0,0,0,0,3,0,3,1,1,0,
train,random-acts-of-pizza,cards_senior_0811.jsonl:21,random-acts-of-pizza__de941f5ee38847e2b401e4b9cdbab410,2,2,1,0,0,0,0,0,1,0,1,1,1,0,
train,random-acts-of-pizza,cards_senior_0810.jsonl:22,random-acts-of-pizza__e0e3e9527faf4abfa11bcbf0c651e93d,3,3,3,0,0,0,0,0,3,0,3,1,1,0,
train,random-acts-of-pizza,cards_senior_0810.jsonl:22,random-acts-of-pizza__e3c1bd3f08be4c95873d5a60edd12439,3,2,1,1,1,0,0,2,3,0,3,0.33333333333333331,1,0.66666666666666663,1
train,random-acts-of-pizza,cards_senior_0810.jsonl:22,random-acts-of-pizza__e436460e334f44bb99003d657798e830,3,3,3,0,0,0,0,0,3,0,3,1,1,0,
train,random-acts-of-pizza,cards_senior_0811.jsonl:27,random-acts-of-pizza__e48aee5cb3b74046b77faf06c7f3a92b,2,2,1,0,0,0,0,0,1,0,1,1,1,0,
train,random-acts-of-pizza,cards_senior_0809.jsonl:18,random-acts-of-pizza__e4941147392f4e228ac46a66660ee115,3,2,1,1,1,0,0,2,3,0,3,0.33333333333333331,1,0.66666666666666663,1
train,random-acts-of-pizza,cards_senior_0809.jsonl:18,random-acts-of-pizza__e5430ad2f95547b0aa02bf6ab77acbec,3,2,1,1,1,0,0,2,3,0,3,0.33333333333333331,1,0.66666666666666663,1
train,random-acts-of-pizza,cards_senior_0811.jsonl:20,random-acts-of-pizza__e54d924882624ccaa34c07e8e04b9211,2,2,1,0,0,0,0,0,1,0,1,1,1,0,
train,random-acts-of-pizza,cards_senior_0810.jsonl:22,random-acts-of-pizza__e727d1807aea4723b4aac14d1a9170a8,3,3,3,0,0,0,0,0,3,0,3,1,1,0,
train,random-acts-of-pizza,cards_senior_0810.jsonl:23,random-acts-of-pizza__e804b8df20d04c28b7d81c7b95b639cd,3,3,3,0,0,0,0,0,3,0,3,1,1,0,
train,random-acts-of-pizza,cards_senior_0809.jsonl:18,random-acts-of-pizza__e9af524eba814e1db5aaea5e1b4709af,3,2,1,1,1,0,0,2,3,0,3,0.33333333333333331,1,0.66666666666666663,1
train,random-acts-of-pizza,cards_senior_0809.jsonl:18,random-acts-of-pizza__ea101e0ad6764c508935f1b307ebee9c,3,3,3,0,0,0,0,0,3,0,3,1,1,0,
train,random-acts-of-pizza,cards_senior_0809.jsonl:17,random-acts-of-pizza__eaac27715d134a77b6d0e7da93fc8278,3,2,1,1,1,0,0,2,3,0,3,0.33333333333333331,1,0.66666666666666663,1
train,random-acts-of-pizza,cards_senior_0811.jsonl:21,random-acts-of-pizza__eafce40893e34fae93f46aa7f0bfafd6,2,2,1,0,0,0,0,0,1,0,1,1,1,0,
train,random-acts-of-pizza,cards_senior_0811.jsonl:20,random-acts-of-pizza__eb9fa8b436ef443f93f07059c1708571,2,2,1,0,0,0,0,0,1,0,1,1,1,0,
train,random-acts-of-pizza,cards_senior_0809.jsonl:18,random-acts-of-pizza__ed4cad4a4564411a92847da9ae5111f5,3,3,3,0,0,0,0,0,3,0,3,1,1,0,
train,random-acts-of-pizza,cards_senior_0811.jsonl:25,random-acts-of-pizza__edec8ae97b474a3ba86ee82018c61635,2,2,1,0,0,0,0,0,1,0,1,1,1,0,
train,random-acts-of-pizza,cards_senior_0811.jsonl:21,random-acts-of-pizza__ef454cfb387244a481c25496421a6530,2,2,1,0,0,0,0,0,1,0,1,1,1,0,
train,random-acts-of-pizza,cards_senior_0811.jsonl:25,random-acts-of-pizza__f21d849da1e24c6fb9a33bbfb7ca6288,2,2,1,0,0,0,0,0,1,0,1,1,1,0,
train,random-acts-of-pizza,cards_senior_0811.jsonl:21,random-acts-of-pizza__f2b4ba69305c4c4eb3134a5508df0faa,2,2,1,0,0,0,0,0,1,0,1,1,1,0,
train,random-acts-of-pizza,cards_senior_0809.jsonl:18,random-acts-of-pizza__f36fec0612a649db941248846247e11c,3,3,3,0,0,0,0,0,3,0,3,1,1,0,
train,random-acts-of-pizza,cards_senior_0810.jsonl:22,random-acts-of-pizza__f5288933c7594b8f932591274ed15231,3,3,3,0,0,0,0,0,3,0,3,1,1,0,
train,random-acts-of-pizza,cards_senior_0809.jsonl:18,random-acts-of-pizza__f5d184ce43e94ec69d27a71426486c23,3,2,1,1,1,0,0,2,3,0,3,0.33333333333333331,1,0.66666666666666663,1
train,random-acts-of-pizza,cards_ours_20260727.jsonl:65,random-acts-of-pizza__f6662a6e215f4d68ad7416cba849bcc6,5,4,6,0,0,0,1,0,6,4,10,0.59999999999999998,0.59999999999999998,0,0
train,random-acts-of-pizza,cards_senior_0811.jsonl:25,random-acts-of-pizza__f6e4fd1a821a48a9becb84fafc13b5aa,2,2,1,0,0,0,0,0,1,0,1,1,1,0,
train,random-acts-of-pizza,cards_senior_0811.jsonl:20,random-acts-of-pizza__f751bf584910432c9db0ed40f83b9419,2,2,1,0,0,0,0,0,1,0,1,1,1,0,
train,random-acts-of-pizza,cards_senior_0810.jsonl:22,random-acts-of-pizza__f7f8df4e8aeb4034afefa0c51a405a60,3,3,3,0,0,0,0,0,3,0,3,1,1,0,
train,random-acts-of-pizza,cards_senior_0810.jsonl:22,random-acts-of-pizza__f8005ca1a6c74ec6b01226ecd850d8e6,3,2,1,1,1,0,0,2,3,0,3,0.33333333333333331,1,0.66666666666666663,1
train,random-acts-of-pizza,cards_senior_0811.jsonl:25,random-acts-of-pizza__f81c52ee227d4cb182d1f6eee467ccb7,2,2,1,0,0,0,0,0,1,0,1,1,1,0,
train,random-acts-of-pizza,cards_senior_0810.jsonl:22,random-acts-of-pizza__f8968a05acea4bb2a00a4f4800fb483a,3,3,3,0,0,0,0,0,3,0,3,1,1,0,
train,random-acts-of-pizza,cards_senior_0810.jsonl:23,random-acts-of-pizza__f8b4972b5c7941b88f75bee62195f9f0,3,3,3,0,0,0,0,0,3,0,3,1,1,0,
train,random-acts-of-pizza,cards_senior_0811.jsonl:27,random-acts-of-pizza__f8cee233c2d84765b3a2278b9fee75bb,2,2,1,0,0,0,0,0,1,0,1,1,1,0,
train,random-acts-of-pizza,cards_senior_0811.jsonl:20,random-acts-of-pizza__f8ddfb0fbd82435e933428459ae9ba98,2,2,1,0,0,0,0,0,1,0,1,1,1,0,
train,random-acts-of-pizza,cards_senior_0811.jsonl:25,random-acts-of-pizza__f998dcc7f752474088192c8ada065fd6,2,2,1,0,0,0,0,0,1,0,1,1,1,0,
train,random-acts-of-pizza,cards_senior_0810.jsonl:22,random-acts-of-pizza__faa503a6ef8d480a8261e80bc22ac984,3,3,3,0,0,0,0,0,3,0,3,1,1,0,
train,random-acts-of-pizza,cards_senior_0811.jsonl:25,random-acts-of-pizza__faf832f44aba42c18c193c4d58321742,2,2,1,0,0,0,0,0,1,0,1,1,1,0,
train,random-acts-of-pizza,cards_senior_0811.jsonl:24,random-acts-of-pizza__fdd756ecefdc46afac0b573ebf3a256b,2,2,1,0,0,0,0,0,1,0,1,1,1,0,
train,random-acts-of-pizza,cards_senior_0809.jsonl:18,random-acts-of-pizza__fe1712443ff0417eb9c7856f115670e1,3,2,1,1,1,0,0,2,3,0,3,0.33333333333333331,1,0.66666666666666663,1
train,random-acts-of-pizza,cards_senior_0809.jsonl:17,random-acts-of-pizza__fe916bdd2b8549ea8cbdcdb133a513b9,3,3,3,0,0,0,0,0,3,0,3,1,1,0,
train,random-acts-of-pizza,cards_senior_0810.jsonl:22,random-acts-of-pizza__ffb8433be2e74ebdbfc8042af48e694f,3,2,1,1,1,0,0,2,3,0,3,0.33333333333333331,1,0.66666666666666663,1
train,spaceship-titanic,cards_ours_20260727.jsonl:174,spaceship-titanic__0af7032ba5c34c939e8a3fe06c8be4f9,6,2,1,0,0,0,4,0,1,14,15,0.066666666666666666,0.066666666666666666,0,0
train,spaceship-titanic,cards_ours_20260727.jsonl:174,spaceship-titanic__0eb71019717d4e37a95909a7f8fce688,12,11,33,0,0,0,1,0,33,33,66,0.5,0.5,0,0
train,spaceship-titanic,cards_ours_20260727.jsonl:5,spaceship-titanic__201b7bd3933f4f56bf04706afa1b363f,5,3,3,0,0,0,2,0,3,7,10,0.29999999999999999,0.29999999999999999,0,0
train,spaceship-titanic,cards_ours_20260727.jsonl:7,spaceship-titanic__4935bfa14aba45bcbb03a096ada5736d,5,2,1,3,3,0,0,6,7,3,10,0.10000000000000001,0.69999999999999996,0.59999999999999998,0.66666666666666663
train,spaceship-titanic,cards_ours_20260727.jsonl:158,spaceship-titanic__4c75f712d5b54592bca5d5281b31f208,6,3,3,0,0,0,3,0,3,12,15,0.20000000000000001,0.20000000000000001,0,0
train,spaceship-titanic,cards_ours_20260727.jsonl:159,spaceship-titanic__4d639019d9504db89fa057849fc2c119,8,2,1,0,0,0,6,0,1,27,28,0.035714285714285712,0.035714285714285712,0,0
train,spaceship-titanic,cards_ours_20260727.jsonl:163,spaceship-titanic__54ce9059c9544ad7a6a8ba58c416cb84,4,2,1,2,2,0,0,4,5,1,6,0.16666666666666666,0.83333333333333337,0.66666666666666663,0.80000000000000004
train,spaceship-titanic,cards_ours_20260727.jsonl:10,spaceship-titanic__5924fd618d4b4a139c8b06d66dbcd16e,5,2,1,0,0,0,3,0,1,9,10,0.10000000000000001,0.10000000000000001,0,0
train,spaceship-titanic,cards_ours_20260727.jsonl:9,spaceship-titanic__5c2f263d57e342bf977c16227ce51f42,5,2,1,0,0,0,3,0,1,9,10,0.10000000000000001,0.10000000000000001,0,0
train,spaceship-titanic,cards_ours_20260727.jsonl:4,spaceship-titanic__5ebfbf54058542229c7ec4db71961d52,4,2,1,0,0,0,2,0,1,5,6,0.16666666666666666,0.16666666666666666,0,0
train,spaceship-titanic,cards_ours_20260727.jsonl:157,spaceship-titanic__605ce47628144bb28e5319105660722f,8,2,1,0,0,0,6,0,1,27,28,0.035714285714285712,0.035714285714285712,0,0
train,spaceship-titanic,cards_ours_20260727.jsonl:9,spaceship-titanic__64de3859f63347e08e6a6891f00ed3ef,5,3,3,2,2,0,0,6,9,1,10,0.29999999999999999,0.90000000000000002,0.59999999999999998,0.8571428571428571
train,spaceship-titanic,cards_ours_20260727.jsonl:6,spaceship-titanic__73874ff0afad4293ad2ec17c79782406,5,3,3,2,2,0,0,6,9,1,10,0.29999999999999999,0.90000000000000002,0.59999999999999998,0.8571428571428571
train,spaceship-titanic,cards_ours_20260727.jsonl:156,spaceship-titanic__852406ff7dc44ba1aeb5130271e26987,8,2,1,0,0,0,6,0,1,27,28,0.035714285714285712,0.035714285714285712,0,0
train,spaceship-titanic,cards_ours_20260727.jsonl:174,spaceship-titanic__8c3e393df89440a4a63d4958aa0411b9,12,6,8,0,0,0,6,0,8,58,66,0.12121212121212122,0.12121212121212122,0,0
train,spaceship-titanic,cards_ours_20260727.jsonl:161,spaceship-titanic__a76031ff5432462582561665f789440b,5,2,1,0,0,0,3,0,1,9,10,0.10000000000000001,0.10000000000000001,0,0
train,spaceship-titanic,cards_ours_20260727.jsonl:5,spaceship-titanic__abe890be9f2746c9b01a910421314161,5,4,6,1,1,0,0,4,10,0,10,0.59999999999999998,1,0.40000000000000002,1
train,spaceship-titanic,cards_ours_20260727.jsonl:161,spaceship-titanic__c1a883d21b494235ad324ee35b1e3bb0,11,3,3,8,8,0,0,24,27,28,55,0.054545454545454543,0.49090909090909091,0.43636363636363634,0.46153846153846156
train,spaceship-titanic,cards_ours_20260727.jsonl:10,spaceship-titanic__c6caa60820a3437f9a75999633636929,3,3,3,0,0,0,0,0,3,0,3,1,1,0,
train,spaceship-titanic,cards_ours_20260727.jsonl:159,spaceship-titanic__c6fe2731bcbc45f79200e16f114e5967,3,2,1,1,1,0,0,2,3,0,3,0.33333333333333331,1,0.66666666666666663,1
train,spaceship-titanic,cards_ours_20260727.jsonl:167,spaceship-titanic__c77441a6534b491c96865d7dd0faafea,3,2,1,0,0,0,1,0,1,2,3,0.33333333333333331,0.33333333333333331,0,0
train,spaceship-titanic,cards_ours_20260727.jsonl:160,spaceship-titanic__c89a0a4815d8400690a992c5e5998d53,5,2,1,0,0,0,3,0,1,9,10,0.10000000000000001,0.10000000000000001,0,0
train,spaceship-titanic,cards_ours_20260727.jsonl:163,spaceship-titanic__d68f58fb97a24efe875c2d03bb704572,7,2,1,5,5,0,0,10,11,10,21,0.047619047619047616,0.52380952380952384,0.47619047619047616,0.5
train,spaceship-titanic,cards_ours_20260727.jsonl:156,spaceship-titanic__d6d06a8ac5a94d6fb097867f235724a8,8,4,6,4,4,0,0,16,22,6,28,0.21428571428571427,0.7857142857142857,0.5714285714285714,0.72727272727272729
train,spaceship-titanic,cards_ours_20260727.jsonl:157,spaceship-titanic__f7cd83640a61468e9cd0f512ddfca641,4,2,1,2,2,0,0,4,5,1,6,0.16666666666666666,0.83333333333333337,0.66666666666666663,0.80000000000000004
train,spooky-author-identification,cards_senior_0730.jsonl:7,spooky-author-identification__00ff48fdda0743a8b6e8ccf20c988a5f,3,2,1,1,1,0,0,2,3,0,3,0.33333333333333331,1,0.66666666666666663,1
train,spooky-author-identification,cards_senior_0801.jsonl:7,spooky-author-identification__010bfd85714142739c4e1970c8bbcefb,3,3,2,0,0,0,0,0,2,1,3,0.66666666666666663,0.66666666666666663,0,0
train,spooky-author-identification,cards_senior_0730.jsonl:6,spooky-author-identification__015e92c4b2474d5889ba56258664a227,3,3,3,0,0,0,0,0,3,0,3,1,1,0,
train,spooky-author-identification,cards_senior_0801.jsonl:5,spooky-author-identification__01a4cb8f69b741b5b5ea69516c7027dd,3,3,3,0,0,0,0,0,3,0,3,1,1,0,
train,spooky-author-identification,cards_senior_0801.jsonl:5,spooky-author-identification__01c95354d0f6441ea97ba485a1a4241d,3,3,3,0,0,0,0,0,3,0,3,1,1,0,
train,spooky-author-identification,cards_senior_0801.jsonl:5,spooky-author-identification__02033d952d4745538dd033620bbf7daa,3,3,2,0,0,0,0,0,2,1,3,0.66666666666666663,0.66666666666666663,0,0
train,spooky-author-identification,cards_senior_0730.jsonl:6,spooky-author-identification__035ca996f92b4d0fbe06fd507984ddc3,3,3,3,0,0,0,0,0,3,0,3,1,1,0,
train,spooky-author-identification,cards_senior_0730.jsonl:6,spooky-author-identification__037193c610924071b07fbf8bcf37d31e,3,2,1,1,1,0,0,2,3,0,3,0.33333333333333331,1,0.66666666666666663,1
train,spooky-author-identification,cards_senior_0801.jsonl:7,spooky-author-identification__040675d802704b7fae6badf50f5a0a95,3,3,3,0,0,0,0,0,3,0,3,1,1,0,
train,spooky-author-identification,cards_senior_0726.jsonl:2,spooky-author-identification__049830f4549a46349e94391dce843d9d,5,2,1,0,0,0,3,0,1,9,10,0.10000000000000001,0.10000000000000001,0,0
train,spooky-author-identification,cards_senior_0801.jsonl:7,spooky-author-identification__04b3c1256b12447c99d7befe9db890ec,3,3,2,0,0,0,0,0,2,1,3,0.66666666666666663,0.66666666666666663,0,0
train,spooky-author-identification,cards_senior_0731.jsonl:6,spooky-author-identification__0551b9d4daa24c42bd8e8d87f93057e5,3,3,3,0,0,0,0,0,3,0,3,1,1,0,
train,spooky-author-identification,cards_senior_0801.jsonl:5,spooky-author-identification__069c9e85216046a5be5cec0be9341606,3,3,3,0,0,0,0,0,3,0,3,1,1,0,
train,spooky-author-identification,cards_senior_0801.jsonl:5,spooky-author-identification__06f44a6481a9498ea45679c25469176e,3,2,1,1,1,0,0,2,3,0,3,0.33333333333333331,1,0.66666666666666663,1
train,spooky-author-identification,cards_senior_0730.jsonl:6,spooky-author-identification__07427ab85a904ccbad1767b0d1c766bf,3,3,3,0,0,0,0,0,3,0,3,1,1,0,
train,spooky-author-identification,cards_senior_0801.jsonl:7,spooky-author-identification__07e40e50ea39409eabaf918699ec2420,3,3,3,0,0,0,0,0,3,0,3,1,1,0,
train,spooky-author-identification,cards_senior_0801.jsonl:5,spooky-author-identification__082d5b1447354ecc9131ad4fe4f322ce,3,3,3,0,0,0,0,0,3,0,3,1,1,0,
train,spooky-author-identification,cards_senior_0801.jsonl:5,spooky-author-identification__08e7b985e2c04e4a8d9672002db1ad3b,3,3,3,0,0,0,0,0,3,0,3,1,1,0,
train,spooky-author-identification,cards_senior_0805seq.jsonl:5,spooky-author-identification__090baf666ea94434bbf3d9e0ef4f2bb6,2,2,1,0,0,0,0,0,1,0,1,1,1,0,
train,spooky-author-identification,cards_senior_0801.jsonl:5,spooky-author-identification__0913b290a8d7458e9596f39340938e2c,3,2,1,1,1,0,0,2,3,0,3,0.33333333333333331,1,0.66666666666666663,1
train,spooky-author-identification,cards_senior_0801.jsonl:7,spooky-author-identification__09310cadc66e4d4f87d5ff44d0868912,3,3,2,0,0,0,0,0,2,1,3,0.66666666666666663,0.66666666666666663,0,0
train,spooky-author-identification,cards_senior_0801.jsonl:7,spooky-author-identification__0991d5bda80a4c1a9af2958e9cc6b931,3,2,1,1,1,0,0,2,3,0,3,0.33333333333333331,1,0.66666666666666663,1
train,spooky-author-identification,cards_senior_0801.jsonl:7,spooky-author-identification__099b8f11184c4662a5035add17552d68,3,2,1,1,1,0,0,2,3,0,3,0.33333333333333331,1,0.66666666666666663,1
train,spooky-author-identification,cards_senior_0801.jsonl:7,spooky-author-identification__0a9576612c7c4250af0c582381c73a95,3,3,3,0,0,0,0,0,3,0,3,1,1,0,
train,spooky-author-identification,cards_senior_0730.jsonl:7,spooky-author-identification__0b2a8f0a0c7c473181d204bcbab6b369,3,3,3,0,0,0,0,0,3,0,3,1,1,0,
train,spooky-author-identification,cards_senior_0801.jsonl:7,spooky-author-identification__0b7c58e5ceb1404ea0021afb8b3e07b8,3,3,2,0,0,0,0,0,2,1,3,0.66666666666666663,0.66666666666666663,0,0
train,spooky-author-identification,cards_senior_0801.jsonl:5,spooky-author-identification__0ba0094a531e459fb947f85b59bf247f,3,3,2,0,0,0,0,0,2,1,3,0.66666666666666663,0.66666666666666663,0,0
train,spooky-author-identification,cards_senior_0731.jsonl:6,spooky-author-identification__0bb8797b87424952a9208d15ffbe4069,3,3,3,0,0,0,0,0,3,0,3,1,1,0,
train,spooky-author-identification,cards_senior_0730.jsonl:6,spooky-author-identification__0c57535368d64ca7b033616b028139a5,3,2,1,1,1,0,0,2,3,0,3,0.33333333333333331,1,0.66666666666666663,1
train,spooky-author-identification,cards_senior_0801.jsonl:5,spooky-author-identification__0cc544ef020b4b659c506d773a850af6,3,3,2,0,0,0,0,0,2,1,3,0.66666666666666663,0.66666666666666663,0,0
train,spooky-author-identification,cards_senior_0730.jsonl:6,spooky-author-identification__0cdbcb90ed1d4021aa84f85468568c08,3,3,3,0,0,0,0,0,3,0,3,1,1,0,
train,spooky-author-identification,cards_senior_0730.jsonl:6,spooky-author-identification__0e3fe923684241829322b071dc655051,3,3,3,0,0,0,0,0,3,0,3,1,1,0,
train,spooky-author-identification,cards_senior_0804.jsonl:7,spooky-author-identification__112fd62be1f6456a9d082e2238a6069f,3,2,1,1,0,1,0,0,1,2,3,0.33333333333333331,0.33333333333333331,0,0
train,spooky-author-identification,cards_senior_0801.jsonl:7,spooky-author-identification__119ab0209ff543419bf3460894f5d5d2,3,3,3,0,0,0,0,0,3,0,3,1,1,0,
train,spooky-author-identification,cards_senior_0730.jsonl:7,spooky-author-identification__1225b1b008d24da4a64164cf72816366,3,2,1,1,1,0,0,2,3,0,3,0.33333333333333331,1,0.66666666666666663,1
train,spooky-author-identification,cards_senior_0730.jsonl:6,spooky-author-identification__12d12319b93048e6b0135819ddd82e74,3,2,1,1,1,0,0,2,3,0,3,0.33333333333333331,1,0.66666666666666663,1
train,spooky-author-identification,cards_senior_0801.jsonl:5,spooky-author-identification__12f5c67ced4b41b49991c65bc19664ac,3,2,1,1,1,0,0,2,3,0,3,0.33333333333333331,1,0.66666666666666663,1
train,spooky-author-identification,cards_senior_0731.jsonl:6,spooky-author-identification__15cf9ce611c040b68d515f06d06ae715,3,2,1,1,1,0,0,2,3,0,3,0.33333333333333331,1,0.66666666666666663,1
train,spooky-author-identification,cards_senior_0730.jsonl:7,spooky-author-identification__171ae04ae66f462cba8d72715ec09545,3,3,3,0,0,0,0,0,3,0,3,1,1,0,
train,spooky-author-identification,cards_senior_0730.jsonl:6,spooky-author-identification__172e58d6e1454b1a83632ddb2fcc8662,3,2,1,1,1,0,0,2,3,0,3,0.33333333333333331,1,0.66666666666666663,1
train,spooky-author-identification,cards_senior_0801.jsonl:7,spooky-author-identification__17311616e3214a97a65d11c34d66bad1,3,3,3,0,0,0,0,0,3,0,3,1,1,0,
train,spooky-author-identification,cards_senior_0801.jsonl:7,spooky-author-identification__17df2377aa884c75bae73bce7b5a4e42,3,3,3,0,0,0,0,0,3,0,3,1,1,0,
train,spooky-author-identification,cards_senior_0730.jsonl:8,spooky-author-identification__1817a87e5d0947788b5e934cfb58c1dd,3,3,3,0,0,0,0,0,3,0,3,1,1,0,
train,spooky-author-identification,cards_senior_0804.jsonl:5,spooky-author-identification__181cc5bb37d143eabfd70008e98d66fd,3,2,1,1,0,1,0,0,1,2,3,0.33333333333333331,0.33333333333333331,0,0
train,spooky-author-identification,cards_senior_0730.jsonl:6,spooky-author-identification__182e550f95e246bdbb3e332406ecc944,3,3,3,0,0,0,0,0,3,0,3,1,1,0,
train,spooky-author-identification,cards_senior_0801.jsonl:7,spooky-author-identification__18d3aebd82d04b78ac1c7fbb92f0a84c,3,3,3,0,0,0,0,0,3,0,3,1,1,0,
train,spooky-author-identification,cards_senior_0801.jsonl:5,spooky-author-identification__1929b80a41ae4e258e30a0288ae756df,3,3,3,0,0,0,0,0,3,0,3,1,1,0,
train,spooky-author-identification,cards_senior_0801.jsonl:7,spooky-author-identification__1aa1a056602a4c38b1383c1776431a74,3,3,3,0,0,0,0,0,3,0,3,1,1,0,
train,spooky-author-identification,cards_senior_0801.jsonl:7,spooky-author-identification__1b75f05893664567874df739553892d2,3,3,2,0,0,0,0,0,2,1,3,0.66666666666666663,0.66666666666666663,0,0
train,spooky-author-identification,cards_senior_0730.jsonl:7,spooky-author-identification__1c13013835964a81849f984a3c94b0f5,3,3,3,0,0,0,0,0,3,0,3,1,1,0,
train,spooky-author-identification,cards_senior_0730.jsonl:6,spooky-author-identification__1c95d2c76b9e449b843f9d0d7069c03e,3,3,3,0,0,0,0,0,3,0,3,1,1,0,
train,spooky-author-identification,cards_senior_0801.jsonl:7,spooky-author-identification__1dd026342e2644a6a41a208128bffd08,3,2,1,1,1,0,0,2,3,0,3,0.33333333333333331,1,0.66666666666666663,1
train,spooky-author-identification,cards_senior_0731.jsonl:4,spooky-author-identification__1dee1674bf874cbe9850526cea629b6c,3,2,1,1,1,0,0,2,3,0,3,0.33333333333333331,1,0.66666666666666663,1
train,spooky-author-identification,cards_senior_0730.jsonl:7,spooky-author-identification__1e9ef458e2764150abc9d5080acfc20d,3,2,1,1,1,0,0,2,3,0,3,0.33333333333333331,1,0.66666666666666663,1
train,spooky-author-identification,cards_senior_0804.jsonl:7,spooky-author-identification__1eb532091cf5469f89b670d1b9f00b5b,3,2,1,1,0,1,0,0,1,2,3,0.33333333333333331,0.33333333333333331,0,0
train,spooky-author-identification,cards_senior_0801.jsonl:5,spooky-author-identification__1ec5afcac65d4656a5cff0734081da71,3,3,3,0,0,0,0,0,3,0,3,1,1,0,
train,spooky-author-identification,cards_senior_0801.jsonl:7,spooky-author-identification__1f44fe0607c74615982314f610b9df31,3,3,3,0,0,0,0,0,3,0,3,1,1,0,
train,spooky-author-identification,cards_senior_0730.jsonl:7,spooky-author-identification__2017bdccce1c4ff5bc688ddf3bf2826f,3,2,1,1,1,0,0,2,3,0,3,0.33333333333333331,1,0.66666666666666663,1
train,spooky-author-identification,cards_senior_0801.jsonl:7,spooky-author-identification__210f6eba99854a20af92ef609c5de978,3,3,2,0,0,0,0,0,2,1,3,0.66666666666666663,0.66666666666666663,0,0
train,spooky-author-identification,cards_senior_0801.jsonl:5,spooky-author-identification__21584d78b87b42d58c979ca26c01c88c,3,3,3,0,0,0,0,0,3,0,3,1,1,0,
train,spooky-author-identification,cards_senior_0728.jsonl:5,spooky-author-identification__21d5fa8a563f4a08881f17cd1130158f,2,2,1,0,0,0,0,0,1,0,1,1,1,0,
train,spooky-author-identification,cards_senior_0801.jsonl:7,spooky-author-identification__236b91f493134c538deaf425489cf38f,3,2,1,1,1,0,0,2,3,0,3,0.33333333333333331,1,0.66666666666666663,1
train,spooky-author-identification,cards_senior_0801.jsonl:5,spooky-author-identification__23ccbe4f60254d6c9f8f0c34c9811395,3,2,1,1,1,0,0,2,3,0,3,0.33333333333333331,1,0.66666666666666663,1
train,spooky-author-identification,cards_senior_0730.jsonl:7,spooky-author-identification__23d4ee22d50548cd94a1df042a2afb15,3,2,1,1,1,0,0,2,3,0,3,0.33333333333333331,1,0.66666666666666663,1
train,spooky-author-identification,cards_senior_0801.jsonl:5,spooky-author-identification__244588dc14ef4d48b723a85f53890878,3,3,2,0,0,0,0,0,2,1,3,0.66666666666666663,0.66666666666666663,0,0
train,spooky-author-identification,cards_senior_0801.jsonl:7,spooky-author-identification__247a7310652e457ea5b797f5e7b9ba72,3,3,3,0,0,0,0,0,3,0,3,1,1,0,
train,spooky-author-identification,cards_senior_0804.jsonl:4,spooky-author-identification__24b4d97206284c5fa34d50967773f4ba,3,2,1,1,0,1,0,0,1,2,3,0.33333333333333331,0.33333333333333331,0,0
train,spooky-author-identification,cards_senior_0801.jsonl:5,spooky-author-identification__24c88140de8c4d06b21793dd5ba3e977,3,2,1,1,1,0,0,2,3,0,3,0.33333333333333331,1,0.66666666666666663,1
train,spooky-author-identification,cards_senior_0801.jsonl:5,spooky-author-identification__2570b6d5eeec42d8a6161a845c5d9963,3,3,3,0,0,0,0,0,3,0,3,1,1,0,
train,spooky-author-identification,cards_senior_0730.jsonl:6,spooky-author-identification__263ac62a0cb348e582fa38d30548ee3a,3,2,1,1,1,0,0,2,3,0,3,0.33333333333333331,1,0.66666666666666663,1
train,spooky-author-identification,cards_senior_0801.jsonl:5,spooky-author-identification__272ab08c7fdd4d2e9fcf0bde16134794,3,3,3,0,0,0,0,0,3,0,3,1,1,0,
train,spooky-author-identification,cards_senior_0730.jsonl:8,spooky-author-identification__27be6adb893c4dba8a88b727cafd3857,3,2,1,1,1,0,0,2,3,0,3,0.33333333333333331,1,0.66666666666666663,1
train,spooky-author-identification,cards_senior_0801.jsonl:5,spooky-author-identification__29225a4e1eb343cf9c14c6f9f8ec2dd6,3,3,3,0,0,0,0,0,3,0,3,1,1,0,
train,spooky-author-identification,cards_senior_0730.jsonl:8,spooky-author-identification__293971d108a743109f647e1c81a6f82f,3,3,3,0,0,0,0,0,3,0,3,1,1,0,
train,spooky-author-identification,cards_senior_0731.jsonl:6,spooky-author-identification__29684e2b875c48a38ee37c59bcfe7d6e,3,3,3,0,0,0,0,0,3,0,3,1,1,0,
train,spooky-author-identification,cards_senior_0801.jsonl:5,spooky-author-identification__2a002aedc5b34f27b7e7f1da7bd38e56,3,2,1,1,1,0,0,2,3,0,3,0.33333333333333331,1,0.66666666666666663,1
train,spooky-author-identification,cards_senior_0731.jsonl:6,spooky-author-identification__2a746d54497f40218fadf378bdfdbbd4,3,2,1,1,1,0,0,2,3,0,3,0.33333333333333331,1,0.66666666666666663,1
train,spooky-author-identification,cards_senior_0801.jsonl:7,spooky-author-identification__2ad9a9a568434592825d54988e072ac8,3,3,3,0,0,0,0,0,3,0,3,1,1,0,
train,spooky-author-identification,cards_senior_0801.jsonl:5,spooky-author-identification__2af05621b3f3462691caa06d77391065,3,3,3,0,0,0,0,0,3,0,3,1,1,0,
train,spooky-author-identification,cards_senior_0730.jsonl:8,spooky-author-identification__2b40aa70957b4f1cb35082373dee1b5d,3,2,1,1,1,0,0,2,3,0,3,0.33333333333333331,1,0.66666666666666663,1
train,spooky-author-identification,cards_senior_0801.jsonl:5,spooky-author-identification__2b7024dbd09f4cea9c07d81066a60d1a,3,3,3,0,0,0,0,0,3,0,3,1,1,0,
train,spooky-author-identification,cards_senior_0801.jsonl:7,spooky-author-identification__2cf266d065984cad8eb917a522c3a497,3,3,3,0,0,0,0,0,3,0,3,1,1,0,
train,spooky-author-identification,cards_senior_0730.jsonl:7,spooky-author-identification__2d1a8e079f5a49dea3be5b82d57e46fc,3,2,1,1,1,0,0,2,3,0,3,0.33333333333333331,1,0.66666666666666663,1
train,spooky-author-identification,cards_senior_0731.jsonl:6,spooky-author-identification__2d75881e8c7f4d569d48610469c2393e,3,2,1,1,1,0,0,2,3,0,3,0.33333333333333331,1,0.66666666666666663,1
train,spooky-author-identification,cards_senior_0801.jsonl:5,spooky-author-identification__2db2ea47f3754ed2a71d9db3b5f44f0c,3,3,3,0,0,0,0,0,3,0,3,1,1,0,
train,spooky-author-identification,cards_senior_0801.jsonl:5,spooky-author-identification__2f8cad4f693e495dbed67abb0fbaaa93,3,3,3,0,0,0,0,0,3,0,3,1,1,0,
train,spooky-author-identification,cards_senior_0804.jsonl:6,spooky-author-identification__2f90c2513d4b495d9582d81fb03285a9,3,3,3,0,0,0,0,0,3,0,3,1,1,0,
train,spooky-author-identification,cards_senior_0730.jsonl:8,spooky-author-identification__3127b6fbbed84032a43a036ce164e315,3,3,3,0,0,0,0,0,3,0,3,1,1,0,
train,spooky-author-identification,cards_senior_0801.jsonl:7,spooky-author-identification__3274c7c767c841b59047a5c7262a19c4,3,3,3,0,0,0,0,0,3,0,3,1,1,0,
train,spooky-author-identification,cards_senior_0730.jsonl:6,spooky-author-identification__32905b6aba9846c3814e60bf490bcb39,3,2,1,1,1,0,0,2,3,0,3,0.33333333333333331,1,0.66666666666666663,1
train,spooky-author-identification,cards_senior_0730.jsonl:7,spooky-author-identification__330eac31446840ea8cc4da644b19c25f,3,2,1,1,1,0,0,2,3,0,3,0.33333333333333331,1,0.66666666666666663,1
train,spooky-author-identification,cards_senior_0801.jsonl:5,spooky-author-identification__33f6685bee1a418db885e894640c0aa8,3,2,1,1,1,0,0,2,3,0,3,0.33333333333333331,1,0.66666666666666663,1
train,spooky-author-identification,cards_senior_0801.jsonl:7,spooky-author-identification__34c5a9f5de7a4174b338143f4d8360e2,3,3,2,0,0,0,0,0,2,1,3,0.66666666666666663,0.66666666666666663,0,0
train,spooky-author-identification,cards_senior_0801.jsonl:5,spooky-author-identification__359c7f4fa4b942ae96fa3215cf3f915f,3,3,2,0,0,0,0,0,2,1,3,0.66666666666666663,0.66666666666666663,0,0
train,spooky-author-identification,cards_senior_0730.jsonl:7,spooky-author-identification__363e8a46279a44dfab5aff1c2dd2a5c8,3,2,1,1,1,0,0,2,3,0,3,0.33333333333333331,1,0.66666666666666663,1
train,spooky-author-identification,cards_senior_0805seq.jsonl:5,spooky-author-identification__367d895215264de0878862c3ab36ee28,2,2,1,0,0,0,0,0,1,0,1,1,1,0,
train,spooky-author-identification,cards_senior_0731.jsonl:6,spooky-author-identification__37d67a719f3249228e80d320b3f3e778,3,3,3,0,0,0,0,0,3,0,3,1,1,0,
train,spooky-author-identification,cards_senior_0804.jsonl:4,spooky-author-identification__38185f9daebf4ba492259bfcb22bf35f,3,3,3,0,0,0,0,0,3,0,3,1,1,0,
train,spooky-author-identification,cards_senior_0730.jsonl:7,spooky-author-identification__398607b1920c4f5281d9a044dd0e8f1d,3,2,1,1,1,0,0,2,3,0,3,0.33333333333333331,1,0.66666666666666663,1
train,spooky-author-identification,cards_senior_0801.jsonl:5,spooky-author-identification__39d2339f94a54c6ea1ddaf2519505729,3,3,3,0,0,0,0,0,3,0,3,1,1,0,
train,spooky-author-identification,cards_senior_0801.jsonl:5,spooky-author-identification__3b987aacf7ae49f7b7bb88ceafb294cc,3,3,3,0,0,0,0,0,3,0,3,1,1,0,
train,spooky-author-identification,cards_senior_0801.jsonl:7,spooky-author-identification__3bb150a5c4cc42bbba3a17704c00a141,3,2,1,1,1,0,0,2,3,0,3,0.33333333333333331,1,0.66666666666666663,1
train,spooky-author-identification,cards_senior_0801.jsonl:7,spooky-author-identification__3cb2087a032a42b2830546181cf553af,3,3,3,0,0,0,0,0,3,0,3,1,1,0,
train,spooky-author-identification,cards_senior_0801.jsonl:5,spooky-author-identification__3cb51815fbd9417ca0deb914c58e6714,3,3,3,0,0,0,0,0,3,0,3,1,1,0,
train,spooky-author-identification,cards_senior_0804.jsonl:7,spooky-author-identification__3d5b3e08153c48c19e78178be628b465,3,2,1,0,0,0,1,0,1,2,3,0.33333333333333331,0.33333333333333331,0,0
train,spooky-author-identification,cards_senior_0801.jsonl:7,spooky-author-identification__3d9d522b08c14f878a8fbcf43ec8aabc,3,3,3,0,0,0,0,0,3,0,3,1,1,0,
train,spooky-author-identification,cards_senior_0801.jsonl:5,spooky-author-identification__3db2a93b58cf4cf6a15ad248b67faea5,3,3,2,0,0,0,0,0,2,1,3,0.66666666666666663,0.66666666666666663,0,0
train,spooky-author-identification,cards_senior_0801.jsonl:5,spooky-author-identification__3e214c051e2c44b6acb58a62eb515d1d,3,3,2,0,0,0,0,0,2,1,3,0.66666666666666663,0.66666666666666663,0,0
train,spooky-author-identification,cards_senior_0806.jsonl:3,spooky-author-identification__3e2a0784a0b14ca1ade0c6b70efe3123,3,3,3,0,0,0,0,0,3,0,3,1,1,0,
train,spooky-author-identification,cards_senior_0730.jsonl:8,spooky-author-identification__3f2f31ee0aca4617b78e872c3c8c5fad,3,2,1,1,1,0,0,2,3,0,3,0.33333333333333331,1,0.66666666666666663,1
train,spooky-author-identification,cards_senior_0801.jsonl:7,spooky-author-identification__3f36f7508a0844dc9bb38f06e6d98c42,3,3,3,0,0,0,0,0,3,0,3,1,1,0,
train,spooky-author-identification,cards_senior_0730.jsonl:6,spooky-author-identification__40bbee5dabe74b00a75c1e9946151d9a,3,2,1,1,1,0,0,2,3,0,3,0.33333333333333331,1,0.66666666666666663,1
train,spooky-author-identification,cards_senior_0731.jsonl:6,spooky-author-identification__40d50e5ac2a64fc6a62d3db969f767ea,3,2,1,1,1,0,0,2,3,0,3,0.33333333333333331,1,0.66666666666666663,1
train,spooky-author-identification,cards_senior_0801.jsonl:5,spooky-author-identification__42a8695db4c94da28db64ed7d18ea6a3,3,3,3,0,0,0,0,0,3,0,3,1,1,0,
train,spooky-author-identification,cards_senior_0731.jsonl:6,spooky-author-identification__43d71004c3224081b58923c6a06059dd,3,3,3,0,0,0,0,0,3,0,3,1,1,0,
train,spooky-author-identification,cards_senior_0801.jsonl:7,spooky-author-identification__456a88ace4434ab3bcc4c3f344bbdccf,3,3,3,0,0,0,0,0,3,0,3,1,1,0,
train,spooky-author-identification,cards_senior_0801.jsonl:7,spooky-author-identification__457bf40f9bb3477b9b019dbf7ded3b07,3,3,3,0,0,0,0,0,3,0,3,1,1,0,
train,spooky-author-identification,cards_senior_0730.jsonl:8,spooky-author-identification__45aeec02d89d47ed83af357e80a3ea75,3,2,1,1,1,0,0,2,3,0,3,0.33333333333333331,1,0.66666666666666663,1
train,spooky-author-identification,cards_senior_0730.jsonl:6,spooky-author-identification__464acea604c244ee86c73a1ed1c69377,3,3,3,0,0,0,0,0,3,0,3,1,1,0,
train,spooky-author-identification,cards_ours_20260727.jsonl:46,spooky-author-identification__4783c702d73945d3bbd59c7b44ecf8d8,5,4,6,0,0,0,1,0,6,4,10,0.59999999999999998,0.59999999999999998,0,0
train,spooky-author-identification,cards_senior_0801.jsonl:5,spooky-author-identification__486512c27cab4fd8ae6be4f49b5771bf,3,3,3,0,0,0,0,0,3,0,3,1,1,0,
train,spooky-author-identification,cards_senior_0801.jsonl:7,spooky-author-identification__48dccc43278340c3902c52c7f577c511,3,3,3,0,0,0,0,0,3,0,3,1,1,0,
train,spooky-author-identification,cards_senior_0804.jsonl:5,spooky-author-identification__49a35d839f7a42b39a001d616bad6176,3,3,3,0,0,0,0,0,3,0,3,1,1,0,
train,spooky-author-identification,cards_senior_0801.jsonl:7,spooky-author-identification__49d3a76cf91649d3b20d51b14244afe5,3,3,3,0,0,0,0,0,3,0,3,1,1,0,
train,spooky-author-identification,cards_senior_0731.jsonl:6,spooky-author-identification__4b0122246cca44ea9f5614854657c028,3,2,1,1,1,0,0,2,3,0,3,0.33333333333333331,1,0.66666666666666663,1
train,spooky-author-identification,cards_senior_0801.jsonl:5,spooky-author-identification__4c5485990ef446ebb475a9d6c64f6a55,3,3,3,0,0,0,0,0,3,0,3,1,1,0,
train,spooky-author-identification,cards_senior_0730.jsonl:6,spooky-author-identification__4c5fff7634334658ab05dd273fb4e963,3,3,3,0,0,0,0,0,3,0,3,1,1,0,
train,spooky-author-identification,cards_senior_0801.jsonl:7,spooky-author-identification__4c7fc0de497540a798024eca848c325b,3,3,3,0,0,0,0,0,3,0,3,1,1,0,
train,spooky-author-identification,cards_senior_0801.jsonl:5,spooky-author-identification__4cb5d2aa51554ef2b2638a44ba83a2da,3,3,3,0,0,0,0,0,3,0,3,1,1,0,
train,spooky-author-identification,cards_senior_0801.jsonl:5,spooky-author-identification__4cdfe4c34b424e83af4a6925661572ac,3,3,2,0,0,0,0,0,2,1,3,0.66666666666666663,0.66666666666666663,0,0
train,spooky-author-identification,cards_senior_0804.jsonl:6,spooky-author-identification__4d485fdeae0145fc8d0d1176003629dd,3,3,3,0,0,0,0,0,3,0,3,1,1,0,
train,spooky-author-identification,cards_senior_0730.jsonl:8,spooky-author-identification__4d54d36792ea413f9dad0c336b727bfc,3,3,3,0,0,0,0,0,3,0,3,1,1,0,
train,spooky-author-identification,cards_senior_0801.jsonl:7,spooky-author-identification__4d8c5d4812304a788167e4d92499995a,3,2,1,1,1,0,0,2,3,0,3,0.33333333333333331,1,0.66666666666666663,1
train,spooky-author-identification,cards_senior_0731.jsonl:6,spooky-author-identification__4dca36feb98146c287b9713840c766de,3,2,1,1,1,0,0,2,3,0,3,0.33333333333333331,1,0.66666666666666663,1
train,spooky-author-identification,cards_senior_0730.jsonl:6,spooky-author-identification__5074ca577e3e4f919f5c76274b58586f,3,3,3,0,0,0,0,0,3,0,3,1,1,0,
train,spooky-author-identification,cards_senior_0731.jsonl:6,spooky-author-identification__50b7785eaa65459c8b5d288f18fc324f,3,2,1,1,1,0,0,2,3,0,3,0.33333333333333331,1,0.66666666666666663,1
train,spooky-author-identification,cards_senior_0801.jsonl:7,spooky-author-identification__50cef3646fe241f897d6fc2200148ba7,3,2,1,1,1,0,0,2,3,0,3,0.33333333333333331,1,0.66666666666666663,1
train,spooky-author-identification,cards_t3era_missing.jsonl:9,spooky-author-identification__53183bace76d4f3581fe8083335e9c1b,5,2,1,0,0,0,3,0,1,9,10,0.10000000000000001,0.10000000000000001,0,0
train,spooky-author-identification,cards_senior_0804.jsonl:7,spooky-author-identification__546858e367684079912c8164227b4c07,3,3,3,0,0,0,0,0,3,0,3,1,1,0,
train,spooky-author-identification,cards_senior_0801.jsonl:7,spooky-author-identification__5497094fe3a84b6282df04ec2042c783,3,3,3,0,0,0,0,0,3,0,3,1,1,0,
train,spooky-author-identification,cards_senior_0730.jsonl:6,spooky-author-identification__549f6d481c544af7b42adf6b29e8d283,3,2,1,1,1,0,0,2,3,0,3,0.33333333333333331,1,0.66666666666666663,1
train,spooky-author-identification,cards_senior_0806.jsonl:2,spooky-author-identification__595d4db7963a407e8a4c661dba1d62ca,3,2,1,0,0,0,1,0,1,2,3,0.33333333333333331,0.33333333333333331,0,0
train,spooky-author-identification,cards_senior_0801.jsonl:7,spooky-author-identification__5969d0da8c774ba6825d34706f9e103d,3,3,3,0,0,0,0,0,3,0,3,1,1,0,
train,spooky-author-identification,cards_senior_0730.jsonl:7,spooky-author-identification__5a34c7629ed446ce8227c8bc135e32cb,3,2,1,1,1,0,0,2,3,0,3,0.33333333333333331,1,0.66666666666666663,1
train,spooky-author-identification,cards_senior_0801.jsonl:7,spooky-author-identification__5c50fbe166df411c89b38be54680a7d6,3,2,1,1,1,0,0,2,3,0,3,0.33333333333333331,1,0.66666666666666663,1
train,spooky-author-identification,cards_senior_0801.jsonl:5,spooky-author-identification__5ca68a084f9942ed85bc6bbe066c4039,3,2,1,1,1,0,0,2,3,0,3,0.33333333333333331,1,0.66666666666666663,1
train,spooky-author-identification,cards_senior_0730.jsonl:6,spooky-author-identification__5f1ea6c9adc84dffa05769c012c7bee7,3,3,3,0,0,0,0,0,3,0,3,1,1,0,
train,spooky-author-identification,cards_senior_0801.jsonl:5,spooky-author-identification__5faf0ee6f80b482c9682615e84b5e7a9,3,2,1,1,1,0,0,2,3,0,3,0.33333333333333331,1,0.66666666666666663,1
train,spooky-author-identification,cards_senior_0730.jsonl:6,spooky-author-identification__60904472832047b2a727e275e104b31e,3,3,3,0,0,0,0,0,3,0,3,1,1,0,
train,spooky-author-identification,cards_senior_0730.jsonl:6,spooky-author-identification__610970ef17f54112bf8c5485bf813115,3,2,1,0,0,0,1,0,1,2,3,0.33333333333333331,0.33333333333333331,0,0
train,spooky-author-identification,cards_senior_0730.jsonl:6,spooky-author-identification__612a42fc23f848eb8d0fb646a60e9456,3,2,1,1,1,0,0,2,3,0,3,0.33333333333333331,1,0.66666666666666663,1
train,spooky-author-identification,cards_senior_0801.jsonl:5,spooky-author-identification__62c1fb5da97f444886a9c8e4e0ea9c47,3,3,3,0,0,0,0,0,3,0,3,1,1,0,
train,spooky-author-identification,cards_senior_0801.jsonl:7,spooky-author-identification__62d987bcf02b46e583982687ff319de7,3,3,3,0,0,0,0,0,3,0,3,1,1,0,
train,spooky-author-identification,cards_senior_0801.jsonl:5,spooky-author-identification__635f9d67766947f5967bf2c3dd25c348,3,3,3,0,0,0,0,0,3,0,3,1,1,0,
train,spooky-author-identification,cards_senior_0731.jsonl:6,spooky-author-identification__639285756de44b2780777569531f2b92,3,3,3,0,0,0,0,0,3,0,3,1,1,0,
train,spooky-author-identification,cards_senior_0730.jsonl:7,spooky-author-identification__649734cff2c04c199b4fc2b8d2206572,3,2,1,1,1,0,0,2,3,0,3,0.33333333333333331,1,0.66666666666666663,1
train,spooky-author-identification,cards_senior_0730.jsonl:8,spooky-author-identification__65051f71d18948949ad6c261327d7768,3,2,1,1,1,0,0,2,3,0,3,0.33333333333333331,1,0.66666666666666663,1
train,spooky-author-identification,cards_senior_0801.jsonl:7,spooky-author-identification__650f4b99461d4c9783a04b23c0d242d6,3,3,3,0,0,0,0,0,3,0,3,1,1,0,
train,spooky-author-identification,cards_senior_0801.jsonl:7,spooky-author-identification__65185ac3898d4cbc842de1cda644ce99,3,2,1,1,1,0,0,2,3,0,3,0.33333333333333331,1,0.66666666666666663,1
train,spooky-author-identification,cards_senior_0726.jsonl:3,spooky-author-identification__657dc31d049e4bd68255f454b831d3e7,5,2,1,3,3,0,0,6,7,3,10,0.10000000000000001,0.69999999999999996,0.59999999999999998,0.66666666666666663
train,spooky-author-identification,cards_senior_0801.jsonl:7,spooky-author-identification__65d24659f9244f8fae1240902527c3df,3,3,3,0,0,0,0,0,3,0,3,1,1,0,
train,spooky-author-identification,cards_senior_0801.jsonl:5,spooky-author-identification__668b968caeaf4ff7952d86bd121a2605,3,3,3,0,0,0,0,0,3,0,3,1,1,0,
train,spooky-author-identification,cards_senior_0730.jsonl:6,spooky-author-identification__66ac5a4f2ecd4c0a9f8aa7c4a3c984a0,3,3,3,0,0,0,0,0,3,0,3,1,1,0,
train,spooky-author-identification,cards_senior_0801.jsonl:8,spooky-author-identification__66b57d7d1a1a419e8f03581bc4587024,3,2,1,1,1,0,0,2,3,0,3,0.33333333333333331,1,0.66666666666666663,1
train,spooky-author-identification,cards_t3era_missing.jsonl:6,spooky-author-identification__67e3656d70674a19bb93bde5a9d30094,5,2,1,0,0,0,3,0,1,9,10,0.10000000000000001,0.10000000000000001,0,0
train,spooky-author-identification,cards_senior_0801.jsonl:5,spooky-author-identification__688c3d26696948e0adf73f5712dce7e1,3,3,3,0,0,0,0,0,3,0,3,1,1,0,
train,spooky-author-identification,cards_senior_0730.jsonl:6,spooky-author-identification__694dfcde86e34d56857c60cc0c12a885,3,2,1,1,1,0,0,2,3,0,3,0.33333333333333331,1,0.66666666666666663,1
train,spooky-author-identification,cards_senior_0730.jsonl:6,spooky-author-identification__695d7b4b81db447db3fe0512fdeea13e,3,2,1,1,1,0,0,2,3,0,3,0.33333333333333331,1,0.66666666666666663,1
train,spooky-author-identification,cards_senior_0801.jsonl:5,spooky-author-identification__6960f9e7373e4bdb8daf18204cfdd934,3,3,3,0,0,0,0,0,3,0,3,1,1,0,
train,spooky-author-identification,cards_senior_0801.jsonl:7,spooky-author-identification__6a1940271b824e779969d95b70bba294,3,3,3,0,0,0,0,0,3,0,3,1,1,0,
train,spooky-author-identification,cards_senior_0730.jsonl:7,spooky-author-identification__6a7df76196b44c849cc521a1346ad4a1,3,3,3,0,0,0,0,0,3,0,3,1,1,0,
train,spooky-author-identification,cards_senior_0730.jsonl:7,spooky-author-identification__6aa964fe4f8f4f08adc06d459959d7a5,3,2,1,1,1,0,0,2,3,0,3,0.33333333333333331,1,0.66666666666666663,1
train,spooky-author-identification,cards_senior_0801.jsonl:5,spooky-author-identification__6b157e10ad60416489a149fbee2c4ffb,3,3,3,0,0,0,0,0,3,0,3,1,1,0,
train,spooky-author-identification,cards_senior_0801.jsonl:5,spooky-author-identification__6b2eadf8c7be48989db326ea9da1d26a,3,3,3,0,0,0,0,0,3,0,3,1,1,0,
train,spooky-author-identification,cards_senior_0801.jsonl:7,spooky-author-identification__6bf5e6bed6794237a215c5889fc5ce8f,3,3,2,0,0,0,0,0,2,1,3,0.66666666666666663,0.66666666666666663,0,0
train,spooky-author-identification,cards_senior_0801.jsonl:5,spooky-author-identification__6c78c3c7ce3247fbbdfb3545019e8274,3,3,3,0,0,0,0,0,3,0,3,1,1,0,
train,spooky-author-identification,cards_senior_0801.jsonl:7,spooky-author-identification__6c94be9d737c4646a245c2b744ce4c06,3,2,1,1,1,0,0,2,3,0,3,0.33333333333333331,1,0.66666666666666663,1
train,spooky-author-identification,cards_senior_0730.jsonl:7,spooky-author-identification__6c9866c501ea43b08c7d3ecfcc877719,3,3,3,0,0,0,0,0,3,0,3,1,1,0,
train,spooky-author-identification,cards_senior_0801.jsonl:5,spooky-author-identification__6d7546b9fa8346f48ab1a77d742d9b84,3,3,3,0,0,0,0,0,3,0,3,1,1,0,
train,spooky-author-identification,cards_senior_0801.jsonl:5,spooky-author-identification__6ecd3236b7ea42269b13b7b1a6b42e79,3,3,3,0,0,0,0,0,3,0,3,1,1,0,
train,spooky-author-identification,cards_senior_0801.jsonl:7,spooky-author-identification__6f16ea7659d7441680ef7182f9812f32,3,3,3,0,0,0,0,0,3,0,3,1,1,0,
train,spooky-author-identification,cards_senior_0801.jsonl:7,spooky-author-identification__6fe5ca58e1a94de5a5f4f8176e4ca144,3,2,1,1,1,0,0,2,3,0,3,0.33333333333333331,1,0.66666666666666663,1
train,spooky-author-identification,cards_gen2D.jsonl:3,spooky-author-identification__71afc00cb7614e01850e8d174cb8d0a1,5,2,1,0,0,0,3,0,1,9,10,0.10000000000000001,0.10000000000000001,0,0
train,spooky-author-identification,cards_senior_0801.jsonl:5,spooky-author-identification__71bf293e9a8d47f6a8d61d77f1900c9e,3,3,3,0,0,0,0,0,3,0,3,1,1,0,
train,spooky-author-identification,cards_senior_0801.jsonl:5,spooky-author-identification__722a36bc82744adeafbfb0cdf18a118e,3,3,3,0,0,0,0,0,3,0,3,1,1,0,
train,spooky-author-identification,cards_senior_0730.jsonl:7,spooky-author-identification__7241b1df494642559f9c8159942c4eb8,3,2,1,1,1,0,0,2,3,0,3,0.33333333333333331,1,0.66666666666666663,1
train,spooky-author-identification,cards_senior_0804.jsonl:4,spooky-author-identification__72ebef86e26d4739950e702f2d07196f,3,2,1,1,0,1,0,0,1,2,3,0.33333333333333331,0.33333333333333331,0,0
train,spooky-author-identification,cards_ours_20260727.jsonl:43,spooky-author-identification__738b0bb244d64253a9b510b6a1f9b968,5,2,1,0,0,0,3,0,1,9,10,0.10000000000000001,0.10000000000000001,0,0
train,spooky-author-identification,cards_senior_0730.jsonl:7,spooky-author-identification__73cbce5fd52646e9a417bc7a2eb979d2,3,2,1,1,1,0,0,2,3,0,3,0.33333333333333331,1,0.66666666666666663,1
train,spooky-author-identification,cards_senior_0730.jsonl:6,spooky-author-identification__73e3ea0ab33c46ddadcc847fa0966239,3,3,3,0,0,0,0,0,3,0,3,1,1,0,
train,spooky-author-identification,cards_senior_0730.jsonl:6,spooky-author-identification__7491793e2aa046718fb1bbb55166ce5c,3,3,3,0,0,0,0,0,3,0,3,1,1,0,
train,spooky-author-identification,cards_senior_0801.jsonl:5,spooky-author-identification__7503a2c414714bbb8462eddc5c13333e,3,3,3,0,0,0,0,0,3,0,3,1,1,0,
train,spooky-author-identification,cards_senior_0801.jsonl:5,spooky-author-identification__751c3edd7b914f3095f175c01a5725ee,3,2,1,1,1,0,0,2,3,0,3,0.33333333333333331,1,0.66666666666666663,1
train,spooky-author-identification,cards_senior_0730.jsonl:6,spooky-author-identification__7587613bfa064c8c8df9624943268fad,3,2,1,1,1,0,0,2,3,0,3,0.33333333333333331,1,0.66666666666666663,1
train,spooky-author-identification,cards_senior_0730.jsonl:8,spooky-author-identification__763a17f8db854745ac669c167354a994,3,2,1,1,1,0,0,2,3,0,3,0.33333333333333331,1,0.66666666666666663,1
train,spooky-author-identification,cards_senior_0801.jsonl:7,spooky-author-identification__7702cc62fe354fcaae35b94ac7302d01,3,3,3,0,0,0,0,0,3,0,3,1,1,0,
train,spooky-author-identification,cards_senior_0730.jsonl:6,spooky-author-identification__77505bd915e64517bb58ddf09b3e69b2,3,2,1,1,1,0,0,2,3,0,3,0.33333333333333331,1,0.66666666666666663,1
train,spooky-author-identification,cards_senior_0801.jsonl:5,spooky-author-identification__7751a0253dd34457b5570f956ef4b943,3,3,3,0,0,0,0,0,3,0,3,1,1,0,
train,spooky-author-identification,cards_senior_0730.jsonl:8,spooky-author-identification__779a456a133a47ed9fc13e77d112eef2,3,2,1,1,1,0,0,2,3,0,3,0.33333333333333331,1,0.66666666666666663,1
train,spooky-author-identification,cards_senior_0801.jsonl:7,spooky-author-identification__785afd223a3c4a0ebec1ba3955017739,3,3,2,0,0,0,0,0,2,1,3,0.66666666666666663,0.66666666666666663,0,0
train,spooky-author-identification,cards_senior_0801.jsonl:5,spooky-author-identification__785d9bb09b6f45938ed3fb99a885349b,3,2,1,1,1,0,0,2,3,0,3,0.33333333333333331,1,0.66666666666666663,1
train,spooky-author-identification,cards_senior_0801.jsonl:5,spooky-author-identification__78b9144f8b094e0c8e68004fd46eaf79,3,3,3,0,0,0,0,0,3,0,3,1,1,0,
train,spooky-author-identification,cards_senior_0801.jsonl:7,spooky-author-identification__79f9771e25d943069904064e319fe96a,3,3,3,0,0,0,0,0,3,0,3,1,1,0,
train,spooky-author-identification,cards_senior_0730.jsonl:7,spooky-author-identification__7afe5501fe434c12b76d9fe7ee05e18e,3,3,3,0,0,0,0,0,3,0,3,1,1,0,
train,spooky-author-identification,cards_senior_0801.jsonl:5,spooky-author-identification__7b628b955436412281500f5328a92507,3,2,1,1,1,0,0,2,3,0,3,0.33333333333333331,1,0.66666666666666663,1
train,spooky-author-identification,cards_senior_0801.jsonl:7,spooky-author-identification__7b7e632a15ed44d6975c41fb90472f56,3,3,3,0,0,0,0,0,3,0,3,1,1,0,
train,spooky-author-identification,cards_t3era_missing.jsonl:9,spooky-author-identification__7c939e2a39c04e4e8fce8fa70dc57c9d,5,3,3,2,2,0,0,6,9,1,10,0.29999999999999999,0.90000000000000002,0.59999999999999998,0.8571428571428571
train,spooky-author-identification,cards_senior_0801.jsonl:5,spooky-author-identification__7c9e359484464ab1a91f14be9c003e81,3,3,3,0,0,0,0,0,3,0,3,1,1,0,
train,spooky-author-identification,cards_senior_0730.jsonl:6,spooky-author-identification__7d971254b6854123ba5d9d814c72d1c4,3,3,3,0,0,0,0,0,3,0,3,1,1,0,
train,spooky-author-identification,cards_senior_0730.jsonl:7,spooky-author-identification__7deb3be89f6c4b9da29d1d44cba2f814,3,3,3,0,0,0,0,0,3,0,3,1,1,0,
train,spooky-author-identification,cards_senior_0731.jsonl:6,spooky-author-identification__7f27120237724be9b3bc68f47d2b2c9c,3,3,3,0,0,0,0,0,3,0,3,1,1,0,
train,spooky-author-identification,cards_senior_0801.jsonl:8,spooky-author-identification__80cfd76e115f46c08b6b6da715d091e3,3,3,3,0,0,0,0,0,3,0,3,1,1,0,
train,spooky-author-identification,cards_senior_0801.jsonl:5,spooky-author-identification__80d8fa4cac3d4a89b38349ea0a960c1f,3,3,3,0,0,0,0,0,3,0,3,1,1,0,
train,spooky-author-identification,cards_senior_0801.jsonl:7,spooky-author-identification__81b249323acb423a8e89a23e93775472,3,3,3,0,0,0,0,0,3,0,3,1,1,0,
train,spooky-author-identification,cards_senior_0730.jsonl:7,spooky-author-identification__81cae4d3369d4946a3d1879bdaa7f14f,3,3,3,0,0,0,0,0,3,0,3,1,1,0,
train,spooky-author-identification,cards_senior_0730.jsonl:7,spooky-author-identification__81e2f77425b74457baa27c97e9c84eb0,3,3,3,0,0,0,0,0,3,0,3,1,1,0,
train,spooky-author-identification,cards_t3era_missing.jsonl:3,spooky-author-identification__8271c03a4eb541c5a5564d0be6f8496f,5,3,3,0,0,0,2,0,3,7,10,0.29999999999999999,0.29999999999999999,0,0
train,spooky-author-identification,cards_senior_0801.jsonl:7,spooky-author-identification__82e7fbe2bdc543008891b47ac73af81d,3,3,3,0,0,0,0,0,3,0,3,1,1,0,
train,spooky-author-identification,cards_senior_0801.jsonl:8,spooky-author-identification__851e0d75ef1f40d7b4def7f43fa9db82,3,2,1,0,0,0,1,0,1,2,3,0.33333333333333331,0.33333333333333331,0,0
train,spooky-author-identification,cards_senior_0730.jsonl:6,spooky-author-identification__8546c8b815ff4ef1a23949ed7cdc7e96,3,2,1,1,1,0,0,2,3,0,3,0.33333333333333331,1,0.66666666666666663,1
train,spooky-author-identification,cards_senior_0801.jsonl:7,spooky-author-identification__85de9c38e97d40ad8585ae26bc141ec6,3,2,1,1,1,0,0,2,3,0,3,0.33333333333333331,1,0.66666666666666663,1
train,spooky-author-identification,cards_senior_0801.jsonl:5,spooky-author-identification__8653689649934756b07572ca80a55b71,3,3,3,0,0,0,0,0,3,0,3,1,1,0,
train,spooky-author-identification,cards_senior_0801.jsonl:5,spooky-author-identification__8742c727e39c4ddfb69b648a832fb4a1,3,3,2,0,0,0,0,0,2,1,3,0.66666666666666663,0.66666666666666663,0,0
train,spooky-author-identification,cards_senior_0801.jsonl:5,spooky-author-identification__8766265ff7534307996ee48dcbd80596,3,3,3,0,0,0,0,0,3,0,3,1,1,0,
train,spooky-author-identification,cards_senior_0801.jsonl:7,spooky-author-identification__8918316c46f54f25a72d8e6f1aff4efe,3,3,3,0,0,0,0,0,3,0,3,1,1,0,
train,spooky-author-identification,cards_senior_0801.jsonl:5,spooky-author-identification__8a4ab9b95a2745ed9ba84937dee846e0,3,3,3,0,0,0,0,0,3,0,3,1,1,0,
train,spooky-author-identification,cards_senior_0805seq.jsonl:4,spooky-author-identification__8b1f136ff497422b9608e587cec96f59,2,2,1,0,0,0,0,0,1,0,1,1,1,0,
train,spooky-author-identification,cards_senior_0730.jsonl:6,spooky-author-identification__8bc2c25cb76a4bb2b806c2bfe9240768,3,2,1,1,1,0,0,2,3,0,3,0.33333333333333331,1,0.66666666666666663,1
train,spooky-author-identification,cards_senior_0730.jsonl:7,spooky-author-identification__8be9f39d55b547ff80cc2d7f9debe91b,3,2,1,1,1,0,0,2,3,0,3,0.33333333333333331,1,0.66666666666666663,1
train,spooky-author-identification,cards_t3era_missing.jsonl:1,spooky-author-identification__8c364effdf4743d6b12f1f3ae66b94ec,5,2,1,0,0,0,3,0,1,9,10,0.10000000000000001,0.10000000000000001,0,0
train,spooky-author-identification,cards_senior_0801.jsonl:7,spooky-author-identification__8c957b2914bc48668af3675a058eb088,3,2,1,1,1,0,0,2,3,0,3,0.33333333333333331,1,0.66666666666666663,1
train,spooky-author-identification,cards_senior_0801.jsonl:7,spooky-author-identification__8dab158152fe4b90b7133b2ee5f8055a,3,3,2,0,0,0,0,0,2,1,3,0.66666666666666663,0.66666666666666663,0,0
train,spooky-author-identification,cards_senior_0801.jsonl:7,spooky-author-identification__8df12d3651594d5c92ead17467599e2c,3,3,3,0,0,0,0,0,3,0,3,1,1,0,
train,spooky-author-identification,cards_senior_0801.jsonl:7,spooky-author-identification__8e192de975f94152b6597f576afccc85,3,3,3,0,0,0,0,0,3,0,3,1,1,0,
train,spooky-author-identification,cards_senior_0730.jsonl:7,spooky-author-identification__8e20d88434a44343a67f5951b69d034c,3,2,1,1,1,0,0,2,3,0,3,0.33333333333333331,1,0.66666666666666663,1
train,spooky-author-identification,cards_senior_0801.jsonl:7,spooky-author-identification__8ef8bdfd60c546198603f10562ccb10a,3,3,3,0,0,0,0,0,3,0,3,1,1,0,
train,spooky-author-identification,cards_senior_0801.jsonl:5,spooky-author-identification__8f37de3b16bf47e5b24af932c0e4858f,3,3,3,0,0,0,0,0,3,0,3,1,1,0,
train,spooky-author-identification,cards_senior_0731.jsonl:4,spooky-author-identification__8fcb99f7331f4a86b4cc0805a87580ec,3,2,1,1,1,0,0,2,3,0,3,0.33333333333333331,1,0.66666666666666663,1
train,spooky-author-identification,cards_senior_0801.jsonl:5,spooky-author-identification__9087672acb9041648f3304f8cf6f6474,3,3,3,0,0,0,0,0,3,0,3,1,1,0,
train,spooky-author-identification,cards_senior_0730.jsonl:8,spooky-author-identification__93d54c0d818440c4887fde2f639bb26b,3,2,1,1,1,0,0,2,3,0,3,0.33333333333333331,1,0.66666666666666663,1
train,spooky-author-identification,cards_senior_0731.jsonl:4,spooky-author-identification__945319afd8e244218efa68e70e31270b,3,2,1,1,1,0,0,2,3,0,3,0.33333333333333331,1,0.66666666666666663,1
train,spooky-author-identification,cards_senior_0730.jsonl:8,spooky-author-identification__94c5662aabc24bad8549541be1774a98,3,3,3,0,0,0,0,0,3,0,3,1,1,0,
train,spooky-author-identification,cards_senior_0801.jsonl:5,spooky-author-identification__976f248bb3104274937a60f2a1c540dd,3,3,3,0,0,0,0,0,3,0,3,1,1,0,
train,spooky-author-identification,cards_senior_0730.jsonl:6,spooky-author-identification__97b9ed6a0d084eaeadcf4815193f781b,3,3,3,0,0,0,0,0,3,0,3,1,1,0,
train,spooky-author-identification,cards_senior_0730.jsonl:7,spooky-author-identification__98920fe253a4463e8467ac9c59358061,3,3,3,0,0,0,0,0,3,0,3,1,1,0,
train,spooky-author-identification,cards_senior_0801.jsonl:7,spooky-author-identification__9918f9d289ff4f30817278c2d300628c,3,2,1,1,1,0,0,2,3,0,3,0.33333333333333331,1,0.66666666666666663,1
train,spooky-author-identification,cards_senior_0801.jsonl:5,spooky-author-identification__9a4bb8fa37b942a2bbc64bbe48d220c3,3,3,2,0,0,0,0,0,2,1,3,0.66666666666666663,0.66666666666666663,0,0
train,spooky-author-identification,cards_senior_0731.jsonl:6,spooky-author-identification__9b7017ec15b74609974a677e5a337506,3,3,3,0,0,0,0,0,3,0,3,1,1,0,
train,spooky-author-identification,cards_senior_0801.jsonl:7,spooky-author-identification__9d0e9db7926b45689079bef01680352f,3,2,1,1,1,0,0,2,3,0,3,0.33333333333333331,1,0.66666666666666663,1
train,spooky-author-identification,cards_senior_0806.jsonl:2,spooky-author-identification__9d4adb85f4c14c50a4a9fcfc3052a0ee,3,2,1,1,1,0,0,2,3,0,3,0.33333333333333331,1,0.66666666666666663,1
train,spooky-author-identification,cards_senior_0804.jsonl:6,spooky-author-identification__9da1f4a97b62400db0a0275c0e94e843,3,2,1,0,0,0,1,0,1,2,3,0.33333333333333331,0.33333333333333331,0,0
train,spooky-author-identification,cards_senior_0801.jsonl:7,spooky-author-identification__9e06633f946f432abf3f7b684b3f2afb,3,3,3,0,0,0,0,0,3,0,3,1,1,0,
train,spooky-author-identification,cards_senior_0730.jsonl:8,spooky-author-identification__9e3121c78e7748cebe52389d15853488,3,3,3,0,0,0,0,0,3,0,3,1,1,0,
train,spooky-author-identification,cards_senior_0801.jsonl:5,spooky-author-identification__9e6a6bbfd69b421da2c8bbd78b9fd362,3,3,3,0,0,0,0,0,3,0,3,1,1,0,
train,spooky-author-identification,cards_senior_0801.jsonl:5,spooky-author-identification__9e86d2d5a9f94daeacd0d83695c20acf,3,3,3,0,0,0,0,0,3,0,3,1,1,0,
train,spooky-author-identification,cards_senior_0801.jsonl:7,spooky-author-identification__9ebe5e69a1fd48a8864a48f1aa78d24c,3,3,3,0,0,0,0,0,3,0,3,1,1,0,
train,spooky-author-identification,cards_senior_0730.jsonl:8,spooky-author-identification__a1f92139ffc04959a14bfc61ec6122ca,3,3,3,0,0,0,0,0,3,0,3,1,1,0,
train,spooky-author-identification,cards_senior_0801.jsonl:7,spooky-author-identification__a2cc0f28b6824feebc366d1aec0d0ea0,3,2,1,1,1,0,0,2,3,0,3,0.33333333333333331,1,0.66666666666666663,1
train,spooky-author-identification,cards_senior_0730.jsonl:6,spooky-author-identification__a35d72f4fb2d477f96e73027a3bdced9,3,3,3,0,0,0,0,0,3,0,3,1,1,0,
train,spooky-author-identification,cards_senior_0801.jsonl:5,spooky-author-identification__a3a2f6e7547c4f2495c3d3ec233599b4,3,3,3,0,0,0,0,0,3,0,3,1,1,0,
train,spooky-author-identification,cards_senior_0801.jsonl:7,spooky-author-identification__a4b9112e31c246b5a3fa9435c9af7278,3,2,1,1,1,0,0,2,3,0,3,0.33333333333333331,1,0.66666666666666663,1
train,spooky-author-identification,cards_senior_0801.jsonl:7,spooky-author-identification__a4c6f1baf3fb4906a303d8cc01a5cd1a,3,3,3,0,0,0,0,0,3,0,3,1,1,0,
train,spooky-author-identification,cards_senior_0730.jsonl:8,spooky-author-identification__a4e9839a10124a0dbbc4764b0b6bcaa8,3,2,1,1,1,0,0,2,3,0,3,0.33333333333333331,1,0.66666666666666663,1
train,spooky-author-identification,cards_senior_0730.jsonl:8,spooky-author-identification__a50201bc9e10410382f77210592870df,3,3,3,0,0,0,0,0,3,0,3,1,1,0,
train,spooky-author-identification,cards_senior_0801.jsonl:7,spooky-author-identification__a5a59fc6352f4d079e038fcb5756875b,3,2,1,1,1,0,0,2,3,0,3,0.33333333333333331,1,0.66666666666666663,1
train,spooky-author-identification,cards_senior_0730.jsonl:6,spooky-author-identification__a69481a08c1c441ab9f7b0cba6be9b0b,3,2,1,1,1,0,0,2,3,0,3,0.33333333333333331,1,0.66666666666666663,1
train,spooky-author-identification,cards_senior_0730.jsonl:7,spooky-author-identification__a69eee4af1ce46f1b4e6116ba8a147d2,3,2,1,1,1,0,0,2,3,0,3,0.33333333333333331,1,0.66666666666666663,1
train,spooky-author-identification,cards_senior_0731.jsonl:6,spooky-author-identification__a6fe2f1e0a38446b991ca42577472954,3,2,1,1,1,0,0,2,3,0,3,0.33333333333333331,1,0.66666666666666663,1
train,spooky-author-identification,cards_senior_0730.jsonl:7,spooky-author-identification__a729b066e7fa4cddaba8371af5962cd2,3,2,1,1,1,0,0,2,3,0,3,0.33333333333333331,1,0.66666666666666663,1
train,spooky-author-identification,cards_senior_0801.jsonl:5,spooky-author-identification__a7599dc018984fc1ad9a5a332be795b3,3,3,3,0,0,0,0,0,3,0,3,1,1,0,
train,spooky-author-identification,cards_senior_0801.jsonl:5,spooky-author-identification__a82ff41ba6504f9eab853e0150cd7089,3,3,3,0,0,0,0,0,3,0,3,1,1,0,
train,spooky-author-identification,cards_senior_0801.jsonl:5,spooky-author-identification__a8c8899dd774499ebae156e02dbeec5d,3,3,3,0,0,0,0,0,3,0,3,1,1,0,
train,spooky-author-identification,cards_senior_0730.jsonl:6,spooky-author-identification__a9e7a83b926946e4b5c50157428c084a,3,2,1,1,1,0,0,2,3,0,3,0.33333333333333331,1,0.66666666666666663,1
train,spooky-author-identification,cards_senior_0730.jsonl:7,spooky-author-identification__aa1216d0a56843c08064f21f3667c61b,3,2,1,1,1,0,0,2,3,0,3,0.33333333333333331,1,0.66666666666666663,1
train,spooky-author-identification,cards_senior_0801.jsonl:5,spooky-author-identification__ab1e6067128145a183d534d73a7949d8,3,3,3,0,0,0,0,0,3,0,3,1,1,0,
train,spooky-author-identification,cards_senior_0801.jsonl:5,spooky-author-identification__aba3459c131e4011ba92d10b35425104,3,3,3,0,0,0,0,0,3,0,3,1,1,0,
train,spooky-author-identification,cards_senior_0804.jsonl:4,spooky-author-identification__ad54148869ed43b5b36ed41281314188,3,3,3,0,0,0,0,0,3,0,3,1,1,0,
train,spooky-author-identification,cards_senior_0801.jsonl:7,spooky-author-identification__aecd6414e63943b0be1bbc0439cd4eb7,3,3,3,0,0,0,0,0,3,0,3,1,1,0,
train,spooky-author-identification,cards_senior_0730.jsonl:8,spooky-author-identification__aeffca43f45e4a7fb999ace5125cb954,3,2,1,1,1,0,0,2,3,0,3,0.33333333333333331,1,0.66666666666666663,1
train,spooky-author-identification,cards_senior_0801.jsonl:5,spooky-author-identification__af371e0ce4574338b8e74af0b477d7be,3,3,3,0,0,0,0,0,3,0,3,1,1,0,
train,spooky-author-identification,cards_senior_0801.jsonl:7,spooky-author-identification__b16aade0e56145e58bc7c076069f6a4f,3,3,3,0,0,0,0,0,3,0,3,1,1,0,
train,spooky-author-identification,cards_senior_0801.jsonl:5,spooky-author-identification__b170fdd5deec482f9f28facdcc0f2901,3,3,2,0,0,0,0,0,2,1,3,0.66666666666666663,0.66666666666666663,0,0
train,spooky-author-identification,cards_senior_0801.jsonl:5,spooky-author-identification__b336a0c58923458ab4b05cbd2a454b54,3,2,1,1,1,0,0,2,3,0,3,0.33333333333333331,1,0.66666666666666663,1
train,spooky-author-identification,cards_senior_0801.jsonl:7,spooky-author-identification__b35b6d3a997d4531b1fd8db025befa37,3,3,3,0,0,0,0,0,3,0,3,1,1,0,
train,spooky-author-identification,cards_senior_0801.jsonl:7,spooky-author-identification__b36c5a03a7564566ab840f331d1acc33,3,3,2,0,0,0,0,0,2,1,3,0.66666666666666663,0.66666666666666663,0,0
train,spooky-author-identification,cards_senior_0805seq.jsonl:5,spooky-author-identification__b3a988b6493b43dcb28cbb4f3f58efbc,2,2,1,0,0,0,0,0,1,0,1,1,1,0,
train,spooky-author-identification,cards_senior_0730.jsonl:6,spooky-author-identification__b3a9f3656f4b47e0b2306b5647a16517,3,3,3,0,0,0,0,0,3,0,3,1,1,0,
train,spooky-author-identification,cards_senior_0804.jsonl:4,spooky-author-identification__b3bfbd79e17344d390f3e4eb744e4c44,3,3,3,0,0,0,0,0,3,0,3,1,1,0,
train,spooky-author-identification,cards_senior_0801.jsonl:7,spooky-author-identification__b3e376203cb9489dad19dd2626f7e7a8,3,3,3,0,0,0,0,0,3,0,3,1,1,0,
train,spooky-author-identification,cards_senior_0801.jsonl:5,spooky-author-identification__b49fac99788f4ff293ea229aa10c648c,3,3,3,0,0,0,0,0,3,0,3,1,1,0,
train,spooky-author-identification,cards_senior_0801.jsonl:5,spooky-author-identification__b523a07230ab4b7588a012c91f05514a,3,3,2,0,0,0,0,0,2,1,3,0.66666666666666663,0.66666666666666663,0,0
train,spooky-author-identification,cards_senior_0801.jsonl:7,spooky-author-identification__b69c6ce56d1a49788fb83e3436f36aaa,3,2,1,1,1,0,0,2,3,0,3,0.33333333333333331,1,0.66666666666666663,1
train,spooky-author-identification,cards_senior_0801.jsonl:5,spooky-author-identification__b6c2d828bbf94b50b2c31e540551b746,3,2,1,1,1,0,0,2,3,0,3,0.33333333333333331,1,0.66666666666666663,1
train,spooky-author-identification,cards_senior_0731.jsonl:4,spooky-author-identification__b8cb88ba265f42afac1e51ed5131b0b8,3,2,1,0,0,0,1,0,1,2,3,0.33333333333333331,0.33333333333333331,0,0
train,spooky-author-identification,cards_senior_0801.jsonl:7,spooky-author-identification__b8ea5411ec33476d953f1cd2603a0a0f,3,2,1,1,1,0,0,2,3,0,3,0.33333333333333331,1,0.66666666666666663,1
train,spooky-author-identification,cards_senior_0801.jsonl:7,spooky-author-identification__b931da7135f841039d8b550500eaa321,3,3,3,0,0,0,0,0,3,0,3,1,1,0,
train,spooky-author-identification,cards_senior_0801.jsonl:7,spooky-author-identification__b932520c46c54f47ad3bf5484d951942,3,3,3,0,0,0,0,0,3,0,3,1,1,0,
train,spooky-author-identification,cards_senior_0801.jsonl:7,spooky-author-identification__b96aa874360a45ccb31530c4a354f783,3,3,3,0,0,0,0,0,3,0,3,1,1,0,
train,spooky-author-identification,cards_senior_0801.jsonl:5,spooky-author-identification__ba193c63bcee4ae5b051f22d7ababc08,3,3,3,0,0,0,0,0,3,0,3,1,1,0,
train,spooky-author-identification,cards_senior_0801.jsonl:5,spooky-author-identification__bb5e513c0e98401e9824cea9144271bd,3,3,3,0,0,0,0,0,3,0,3,1,1,0,
train,spooky-author-identification,cards_senior_0730.jsonl:6,spooky-author-identification__bb91316ba70249dea79f4ea54e15f2ae,3,2,1,1,1,0,0,2,3,0,3,0.33333333333333331,1,0.66666666666666663,1
train,spooky-author-identification,cards_senior_0801.jsonl:5,spooky-author-identification__bbd498cf1bc24f0ba376e8792c1d09f9,3,3,3,0,0,0,0,0,3,0,3,1,1,0,
train,spooky-author-identification,cards_senior_0731.jsonl:6,spooky-author-identification__bc1522b6e6f44bfb80b0850f8063f241,3,3,3,0,0,0,0,0,3,0,3,1,1,0,
train,spooky-author-identification,cards_senior_0730.jsonl:7,spooky-author-identification__bc5864f0a58e41aabcb4471c4b970c62,3,2,1,1,1,0,0,2,3,0,3,0.33333333333333331,1,0.66666666666666663,1
train,spooky-author-identification,cards_senior_0801.jsonl:7,spooky-author-identification__bc714fa09df249ab81ad7ab68b95b09f,3,3,3,0,0,0,0,0,3,0,3,1,1,0,
train,spooky-author-identification,cards_senior_0801.jsonl:7,spooky-author-identification__bcbd677781aa4e3e997e902d55c92ad8,3,2,1,1,1,0,0,2,3,0,3,0.33333333333333331,1,0.66666666666666663,1
train,spooky-author-identification,cards_senior_0801.jsonl:7,spooky-author-identification__bde33e75aafc4e86964f569dd4a6c92d,3,3,2,0,0,0,0,0,2,1,3,0.66666666666666663,0.66666666666666663,0,0
train,spooky-author-identification,cards_senior_0801.jsonl:7,spooky-author-identification__beb29235359549ca85e608f1e435100b,3,2,1,0,0,0,1,0,1,2,3,0.33333333333333331,0.33333333333333331,0,0
train,spooky-author-identification,cards_ours_20260727.jsonl:46,spooky-author-identification__bf505e8d1a824801b3afb4b322a289c4,5,2,1,3,3,0,0,6,7,3,10,0.10000000000000001,0.69999999999999996,0.59999999999999998,0.66666666666666663
train,spooky-author-identification,cards_senior_0804.jsonl:6,spooky-author-identification__bf7bcea17ceb4b5a858011fbb922c2da,3,2,1,1,0,1,0,0,1,2,3,0.33333333333333331,0.33333333333333331,0,0
train,spooky-author-identification,cards_senior_0731.jsonl:6,spooky-author-identification__bfabb6c319554e8fa71640f8c263918e,3,2,1,1,1,0,0,2,3,0,3,0.33333333333333331,1,0.66666666666666663,1
train,spooky-author-identification,cards_senior_0801.jsonl:7,spooky-author-identification__bfef14fd030d48bfb16209323d674b07,3,2,1,1,1,0,0,2,3,0,3,0.33333333333333331,1,0.66666666666666663,1
train,spooky-author-identification,cards_senior_0730.jsonl:6,spooky-author-identification__bffd174519bb4d4e97856eae116e8d5a,3,3,3,0,0,0,0,0,3,0,3,1,1,0,
train,spooky-author-identification,cards_senior_0805seq.jsonl:4,spooky-author-identification__c0b39525966e4518bf4225c88c46100d,2,2,1,0,0,0,0,0,1,0,1,1,1,0,
train,spooky-author-identification,cards_senior_0801.jsonl:7,spooky-author-identification__c0dd1788be3e4eee821358419eb97f92,3,2,1,1,1,0,0,2,3,0,3,0.33333333333333331,1,0.66666666666666663,1
train,spooky-author-identification,cards_senior_0730.jsonl:6,spooky-author-identification__c1c0c0ba4ff945e186acbd732fde9094,3,2,1,1,1,0,0,2,3,0,3,0.33333333333333331,1,0.66666666666666663,1
train,spooky-author-identification,cards_senior_0801.jsonl:5,spooky-author-identification__c2a52f6359ec46c4a010cbc08f8664c8,3,2,1,1,1,0,0,2,3,0,3,0.33333333333333331,1,0.66666666666666663,1
train,spooky-author-identification,cards_senior_0730.jsonl:8,spooky-author-identification__c3b9e4dc759349269be072a837ffe5f8,3,2,1,1,1,0,0,2,3,0,3,0.33333333333333331,1,0.66666666666666663,1
train,spooky-author-identification,cards_senior_0730.jsonl:6,spooky-author-identification__c45c0bd8bbe14b14b61f230e0ebfb2fa,3,2,1,1,1,0,0,2,3,0,3,0.33333333333333331,1,0.66666666666666663,1
train,spooky-author-identification,cards_senior_0801.jsonl:7,spooky-author-identification__c46919fecc6949849e91ccb4370e2dca,3,3,3,0,0,0,0,0,3,0,3,1,1,0,
train,spooky-author-identification,cards_senior_0801.jsonl:7,spooky-author-identification__c46964c3d6e7418d822e4d190ebb43a2,3,3,3,0,0,0,0,0,3,0,3,1,1,0,
train,spooky-author-identification,cards_senior_0730.jsonl:6,spooky-author-identification__c4a6dabe67d14ca9bf871afd9852fd9e,3,3,3,0,0,0,0,0,3,0,3,1,1,0,
train,spooky-author-identification,cards_senior_0730.jsonl:8,spooky-author-identification__c65de68dd3414ab4892046cffc51ca2f,3,2,1,1,1,0,0,2,3,0,3,0.33333333333333331,1,0.66666666666666663,1
train,spooky-author-identification,cards_senior_0801.jsonl:5,spooky-author-identification__c77f2401d3384467bd445851fce42ac2,3,3,3,0,0,0,0,0,3,0,3,1,1,0,
train,spooky-author-identification,cards_senior_0801.jsonl:5,spooky-author-identification__c7c485b8870e4e8ea5e7ba08bc234b23,3,2,1,1,1,0,0,2,3,0,3,0.33333333333333331,1,0.66666666666666663,1
train,spooky-author-identification,cards_senior_0730.jsonl:6,spooky-author-identification__c7cea1d6242b4000917cfc9f36b5d0b2,3,2,1,1,1,0,0,2,3,0,3,0.33333333333333331,1,0.66666666666666663,1
train,spooky-author-identification,cards_senior_0730.jsonl:7,spooky-author-identification__c80944e81256423ca3f31d68d9849ee1,3,3,3,0,0,0,0,0,3,0,3,1,1,0,
train,spooky-author-identification,cards_senior_0730.jsonl:7,spooky-author-identification__c812cc5a741141a29402c68f65690fa4,3,3,3,0,0,0,0,0,3,0,3,1,1,0,
train,spooky-author-identification,cards_senior_0801.jsonl:7,spooky-author-identification__c88796b0dc534334b10be1ec2feff143,3,3,3,0,0,0,0,0,3,0,3,1,1,0,
train,spooky-author-identification,cards_senior_0801.jsonl:5,spooky-author-identification__c9e0960c9b7e4602bd9c56729730cd83,3,3,3,0,0,0,0,0,3,0,3,1,1,0,
train,spooky-author-identification,cards_senior_0731.jsonl:7,spooky-author-identification__ca12f4cbfd924752a0c9c921b7aa791a,3,2,1,1,1,0,0,2,3,0,3,0.33333333333333331,1,0.66666666666666663,1
train,spooky-author-identification,cards_senior_0801.jsonl:7,spooky-author-identification__ca4613152bf743268834040359e81ca6,3,2,1,1,1,0,0,2,3,0,3,0.33333333333333331,1,0.66666666666666663,1
train,spooky-author-identification,cards_senior_0801.jsonl:9,spooky-author-identification__caa6cec6013d4af7bbe87e376a05fae9,3,3,3,0,0,0,0,0,3,0,3,1,1,0,
train,spooky-author-identification,cards_senior_0801.jsonl:5,spooky-author-identification__cadea9577b1746eab2095915b8d4b81a,3,3,3,0,0,0,0,0,3,0,3,1,1,0,
train,spooky-author-identification,cards_senior_0801.jsonl:7,spooky-author-identification__cd0ecafb087147d0bd271079c49a957f,3,2,1,1,1,0,0,2,3,0,3,0.33333333333333331,1,0.66666666666666663,1
train,spooky-author-identification,cards_senior_0801.jsonl:8,spooky-author-identification__cd92410f429d484e897a6a38f0c1e651,3,2,1,1,1,0,0,2,3,0,3,0.33333333333333331,1,0.66666666666666663,1
train,spooky-author-identification,cards_senior_0804.jsonl:5,spooky-author-identification__cdb73557b5a5426095d289ef0c81596b,3,2,1,1,0,1,0,0,1,2,3,0.33333333333333331,0.33333333333333331,0,0
train,spooky-author-identification,cards_senior_0731.jsonl:6,spooky-author-identification__cdc80c0ec11c4a8ba149c8378e981b7f,3,3,3,0,0,0,0,0,3,0,3,1,1,0,
train,spooky-author-identification,cards_senior_0730.jsonl:8,spooky-author-identification__ce25c4a0c83b424a9a40e717974cec2e,3,3,3,0,0,0,0,0,3,0,3,1,1,0,
train,spooky-author-identification,cards_senior_0730.jsonl:7,spooky-author-identification__ceae9c4e8fb74e9fb15347e527c69f78,3,3,3,0,0,0,0,0,3,0,3,1,1,0,
train,spooky-author-identification,cards_senior_0801.jsonl:7,spooky-author-identification__cec6195f43e846ff9b70b630e377adf6,3,3,3,0,0,0,0,0,3,0,3,1,1,0,
train,spooky-author-identification,cards_senior_0806.jsonl:2,spooky-author-identification__ced4db8f19d145dbb82299c410ab894d,3,2,1,1,1,0,0,2,3,0,3,0.33333333333333331,1,0.66666666666666663,1
train,spooky-author-identification,cards_senior_0804.jsonl:4,spooky-author-identification__cf6d17659f3e4165bb08e334db2ef8d4,3,2,1,1,0,1,0,0,1,2,3,0.33333333333333331,0.33333333333333331,0,0
train,spooky-author-identification,cards_senior_0801.jsonl:7,spooky-author-identification__cff1fc72715347f28f96cae878cb878b,3,2,1,1,1,0,0,2,3,0,3,0.33333333333333331,1,0.66666666666666663,1
train,spooky-author-identification,cards_senior_0730.jsonl:6,spooky-author-identification__d04a67e85eff4ff3b146ed05a2f69f20,3,2,1,1,1,0,0,2,3,0,3,0.33333333333333331,1,0.66666666666666663,1
train,spooky-author-identification,cards_senior_0801.jsonl:7,spooky-author-identification__d07afbd7323f40a18a5e4e62424d145e,3,2,1,1,1,0,0,2,3,0,3,0.33333333333333331,1,0.66666666666666663,1
train,spooky-author-identification,cards_gen2B.jsonl:0,spooky-author-identification__d08f9258c3674510907797f1de3c56ef,5,2,1,0,0,0,3,0,1,9,10,0.10000000000000001,0.10000000000000001,0,0
train,spooky-author-identification,cards_senior_0801.jsonl:7,spooky-author-identification__d0e3df5d075f4c06a914d3178e924dae,3,3,3,0,0,0,0,0,3,0,3,1,1,0,
train,spooky-author-identification,cards_senior_0801.jsonl:7,spooky-author-identification__d171e62c630847f087a793278032121e,3,3,3,0,0,0,0,0,3,0,3,1,1,0,
train,spooky-author-identification,cards_senior_0801.jsonl:7,spooky-author-identification__d1bb0baf425b4556ad33e3a75dad3319,3,3,3,0,0,0,0,0,3,0,3,1,1,0,
train,spooky-author-identification,cards_gen2B.jsonl:0,spooky-author-identification__d22f5f3abd1b4a79aa9f91a16ed5dc86,5,3,3,2,2,0,0,6,9,1,10,0.29999999999999999,0.90000000000000002,0.59999999999999998,0.8571428571428571
train,spooky-author-identification,cards_senior_0730.jsonl:6,spooky-author-identification__d2660a1323a94e159378fb0585d277be,3,3,3,0,0,0,0,0,3,0,3,1,1,0,
train,spooky-author-identification,cards_senior_0801.jsonl:7,spooky-author-identification__d29dd6e9d86a4c3585bf5494e5118379,3,2,1,1,1,0,0,2,3,0,3,0.33333333333333331,1,0.66666666666666663,1
train,spooky-author-identification,cards_senior_0730.jsonl:6,spooky-author-identification__d2cfc922bb824f39b9b6850e7a2bff40,3,2,1,1,1,0,0,2,3,0,3,0.33333333333333331,1,0.66666666666666663,1
train,spooky-author-identification,cards_senior_0801.jsonl:5,spooky-author-identification__d2d45f1925d749df9347efd7655b4d25,3,2,1,1,1,0,0,2,3,0,3,0.33333333333333331,1,0.66666666666666663,1
train,spooky-author-identification,cards_senior_0801.jsonl:7,spooky-author-identification__d48417c90233455092c8e300dd0c9bcc,3,2,1,1,1,0,0,2,3,0,3,0.33333333333333331,1,0.66666666666666663,1
train,spooky-author-identification,cards_senior_0731.jsonl:4,spooky-author-identification__d4f1eb9dde484bce9abe3ca5bd45314d,3,3,3,0,0,0,0,0,3,0,3,1,1,0,
train,spooky-author-identification,cards_senior_0801.jsonl:5,spooky-author-identification__d54d654b38cf449e87285bbc2fc38f4a,3,3,3,0,0,0,0,0,3,0,3,1,1,0,
train,spooky-author-identification,cards_senior_0801.jsonl:5,spooky-author-identification__d584e889002a40809e172ffba8339081,3,3,2,0,0,0,0,0,2,1,3,0.66666666666666663,0.66666666666666663,0,0
train,spooky-author-identification,cards_senior_0731.jsonl:6,spooky-author-identification__d5e6c1c7782240e8b1f7802f723fd57a,3,2,1,1,1,0,0,2,3,0,3,0.33333333333333331,1,0.66666666666666663,1
train,spooky-author-identification,cards_senior_0730.jsonl:7,spooky-author-identification__d616cedef51b4673963327d81d7f8bf1,3,3,3,0,0,0,0,0,3,0,3,1,1,0,
train,spooky-author-identification,cards_senior_0801.jsonl:5,spooky-author-identification__d6211d89b58b432484f059e235fad2ff,3,3,2,0,0,0,0,0,2,1,3,0.66666666666666663,0.66666666666666663,0,0
train,spooky-author-identification,cards_senior_0731.jsonl:6,spooky-author-identification__d65f535a0fea4677a59758c6b6fb108b,3,3,3,0,0,0,0,0,3,0,3,1,1,0,
train,spooky-author-identification,cards_senior_0730.jsonl:7,spooky-author-identification__d680de3f61c94f7192433c8ee8d887a5,3,3,3,0,0,0,0,0,3,0,3,1,1,0,
train,spooky-author-identification,cards_senior_0801.jsonl:5,spooky-author-identification__d6ca3546532349a99dc082645ffcf136,3,3,3,0,0,0,0,0,3,0,3,1,1,0,
train,spooky-author-identification,cards_senior_0801.jsonl:5,spooky-author-identification__d7526baa6c5d40d993ea1eb826d27924,3,3,3,0,0,0,0,0,3,0,3,1,1,0,
train,spooky-author-identification,cards_senior_0801.jsonl:5,spooky-author-identification__d9d8640a0a4d478c9786ca934b5f6a30,3,3,3,0,0,0,0,0,3,0,3,1,1,0,
train,spooky-author-identification,cards_senior_0801.jsonl:5,spooky-author-identification__d9e565a93580433692563ccdd879a2cf,3,2,1,1,1,0,0,2,3,0,3,0.33333333333333331,1,0.66666666666666663,1
train,spooky-author-identification,cards_senior_0801.jsonl:5,spooky-author-identification__da36247845954d3d8fc6b92ddfdc53ed,3,3,3,0,0,0,0,0,3,0,3,1,1,0,
train,spooky-author-identification,cards_senior_0730.jsonl:6,spooky-author-identification__da5706e26bf943f989ce98d1d85a4489,3,2,1,1,1,0,0,2,3,0,3,0.33333333333333331,1,0.66666666666666663,1
train,spooky-author-identification,cards_senior_0801.jsonl:5,spooky-author-identification__da76ecb22caa405899ab239ee66b9c36,3,3,3,0,0,0,0,0,3,0,3,1,1,0,
train,spooky-author-identification,cards_senior_0731.jsonl:6,spooky-author-identification__db557f8c118b4bb68a70bccd304067c0,3,3,3,0,0,0,0,0,3,0,3,1,1,0,
train,spooky-author-identification,cards_senior_0801.jsonl:5,spooky-author-identification__ddde9c4bef3a489a9536d6367834c6b1,3,3,3,0,0,0,0,0,3,0,3,1,1,0,
train,spooky-author-identification,cards_senior_0731.jsonl:6,spooky-author-identification__ded69521cf84442185f92e8e018a9db3,3,2,1,1,1,0,0,2,3,0,3,0.33333333333333331,1,0.66666666666666663,1
train,spooky-author-identification,cards_senior_0801.jsonl:5,spooky-author-identification__dee4672269964b75838e6e6e071d16e0,3,3,3,0,0,0,0,0,3,0,3,1,1,0,
train,spooky-author-identification,cards_senior_0731.jsonl:6,spooky-author-identification__df55497eabf24b678460a5f72e41c431,3,3,3,0,0,0,0,0,3,0,3,1,1,0,
train,spooky-author-identification,cards_senior_0805seq.jsonl:4,spooky-author-identification__df976c3d1f9c40589d727511e6af6b37,2,2,1,0,0,0,0,0,1,0,1,1,1,0,
train,spooky-author-identification,cards_senior_0730.jsonl:7,spooky-author-identification__e00325d018464cc692a705e408aba308,3,2,1,1,1,0,0,2,3,0,3,0.33333333333333331,1,0.66666666666666663,1
train,spooky-author-identification,cards_senior_0730.jsonl:7,spooky-author-identification__e2677f6a01d44b2f9ee420da2f69dd1d,3,3,3,0,0,0,0,0,3,0,3,1,1,0,
train,spooky-author-identification,cards_senior_0801.jsonl:5,spooky-author-identification__e2873ad6021c4a4c8c508e313b67cdfe,3,3,3,0,0,0,0,0,3,0,3,1,1,0,
train,spooky-author-identification,cards_senior_0730.jsonl:6,spooky-author-identification__e289a5b790f84f2681ba6f6eb06dfb6c,3,2,1,1,1,0,0,2,3,0,3,0.33333333333333331,1,0.66666666666666663,1
train,spooky-author-identification,cards_senior_0801.jsonl:7,spooky-author-identification__e3f0767c4dd34b5ca5f68a25deff7ce8,3,3,3,0,0,0,0,0,3,0,3,1,1,0,
train,spooky-author-identification,cards_senior_0801.jsonl:5,spooky-author-identification__e43748fdbfff4be98f484792dff72ceb,3,3,3,0,0,0,0,0,3,0,3,1,1,0,
train,spooky-author-identification,cards_senior_0730.jsonl:8,spooky-author-identification__e45450ce5ff34022a24324548f427056,3,2,1,1,1,0,0,2,3,0,3,0.33333333333333331,1,0.66666666666666663,1
train,spooky-author-identification,cards_senior_0730.jsonl:7,spooky-author-identification__e518e9b4037c483598070d19894d15fe,3,3,3,0,0,0,0,0,3,0,3,1,1,0,
train,spooky-author-identification,cards_senior_0731.jsonl:6,spooky-author-identification__e607038e460c42a493f9c611af313da7,3,3,3,0,0,0,0,0,3,0,3,1,1,0,
train,spooky-author-identification,cards_t3era_missing.jsonl:12,spooky-author-identification__e62ee97da2824c309e303efe413444bd,5,2,1,0,0,0,3,0,1,9,10,0.10000000000000001,0.10000000000000001,0,0
train,spooky-author-identification,cards_senior_0801.jsonl:5,spooky-author-identification__e8329a1d731f4529bd23d8f960a1c8db,3,3,3,0,0,0,0,0,3,0,3,1,1,0,
train,spooky-author-identification,cards_senior_0730.jsonl:6,spooky-author-identification__e8e45bbe6e8b43b28478aa6bd3d053f5,3,3,3,0,0,0,0,0,3,0,3,1,1,0,
train,spooky-author-identification,cards_senior_0801.jsonl:5,spooky-author-identification__e941eae660874476b03ec5cc006d37c0,3,3,3,0,0,0,0,0,3,0,3,1,1,0,
train,spooky-author-identification,cards_senior_0731.jsonl:6,spooky-author-identification__eb2ee4f8995b47c382cd383b223e8bba,3,3,3,0,0,0,0,0,3,0,3,1,1,0,
train,spooky-author-identification,cards_t3era_missing.jsonl:5,spooky-author-identification__eb40ff84d499489cb7cb9bd3c11b3e50,5,2,1,0,0,0,3,0,1,9,10,0.10000000000000001,0.10000000000000001,0,0
train,spooky-author-identification,cards_senior_0730.jsonl:7,spooky-author-identification__ec8a4f38cbe44ac198c8dc390dda2958,3,2,1,1,1,0,0,2,3,0,3,0.33333333333333331,1,0.66666666666666663,1
train,spooky-author-identification,cards_senior_0801.jsonl:8,spooky-author-identification__ecbaaca8652147cab47871a7c6fb6bd1,3,2,1,1,1,0,0,2,3,0,3,0.33333333333333331,1,0.66666666666666663,1
train,spooky-author-identification,cards_senior_0730.jsonl:6,spooky-author-identification__ecfa5429f77642b4a627bf4e67c5a32f,3,2,1,1,1,0,0,2,3,0,3,0.33333333333333331,1,0.66666666666666663,1
train,spooky-author-identification,cards_senior_0730.jsonl:6,spooky-author-identification__ed9efb73305948c39f9cf0ef1e073b1a,3,3,3,0,0,0,0,0,3,0,3,1,1,0,
train,spooky-author-identification,cards_senior_0801.jsonl:5,spooky-author-identification__edfc9c27f6074b228ca4607eb0d11a5c,3,3,3,0,0,0,0,0,3,0,3,1,1,0,
train,spooky-author-identification,cards_senior_0731.jsonl:4,spooky-author-identification__ef20c01d875e4107aeeb0241bf33cc26,3,3,3,0,0,0,0,0,3,0,3,1,1,0,
train,spooky-author-identification,cards_senior_0801.jsonl:7,spooky-author-identification__f1e9b41b8618479796c6c452804e57c3,3,2,1,1,1,0,0,2,3,0,3,0.33333333333333331,1,0.66666666666666663,1
train,spooky-author-identification,cards_senior_0801.jsonl:5,spooky-author-identification__f3c105474d3f44c7bc26b1fad69f9d13,3,3,2,0,0,0,0,0,2,1,3,0.66666666666666663,0.66666666666666663,0,0
train,spooky-author-identification,cards_senior_0804.jsonl:7,spooky-author-identification__f5cfb80baaa843719d02c5e3dde4d14a,3,2,1,1,0,1,0,0,1,2,3,0.33333333333333331,0.33333333333333331,0,0
train,spooky-author-identification,cards_senior_0801.jsonl:5,spooky-author-identification__f61e8b3047ef438ca5fbc5fae522c8bf,3,3,3,0,0,0,0,0,3,0,3,1,1,0,
train,spooky-author-identification,cards_senior_0730.jsonl:7,spooky-author-identification__f647465b90964ccebec76b5c677fe1a1,3,3,3,0,0,0,0,0,3,0,3,1,1,0,
train,spooky-author-identification,cards_senior_0726.jsonl:3,spooky-author-identification__f6947c57d3194267b5c7b9d06eabef7a,5,2,1,0,0,0,3,0,1,9,10,0.10000000000000001,0.10000000000000001,0,0
train,spooky-author-identification,cards_senior_0730.jsonl:7,spooky-author-identification__f6e8becb68834c51b61ca0431f7d04fa,3,2,1,1,1,0,0,2,3,0,3,0.33333333333333331,1,0.66666666666666663,1
train,spooky-author-identification,cards_senior_0801.jsonl:5,spooky-author-identification__f84bee01b74f4f1d8ebea328b5f64563,3,3,3,0,0,0,0,0,3,0,3,1,1,0,
train,spooky-author-identification,cards_senior_0801.jsonl:7,spooky-author-identification__f876bb4b6df240c39e99eea052775c7f,3,3,3,0,0,0,0,0,3,0,3,1,1,0,
train,spooky-author-identification,cards_senior_0801.jsonl:5,spooky-author-identification__f9265307a192487d836b62e1e3f26ded,3,3,3,0,0,0,0,0,3,0,3,1,1,0,
train,spooky-author-identification,cards_senior_0730.jsonl:6,spooky-author-identification__f96f797f21fe42ae97f0d81277695afa,3,3,3,0,0,0,0,0,3,0,3,1,1,0,
train,spooky-author-identification,cards_senior_0801.jsonl:7,spooky-author-identification__f98f8016849e4414bc294d12dd623098,3,3,3,0,0,0,0,0,3,0,3,1,1,0,
train,spooky-author-identification,cards_senior_0730.jsonl:6,spooky-author-identification__f9eed2c1bd3a4066aff2dc85e7cc4960,3,3,3,0,0,0,0,0,3,0,3,1,1,0,
train,spooky-author-identification,cards_senior_0801.jsonl:7,spooky-author-identification__fb1112d0f5494515a4e7f6d94de426ab,3,3,3,0,0,0,0,0,3,0,3,1,1,0,
train,spooky-author-identification,cards_senior_0801.jsonl:5,spooky-author-identification__fb42613852a747ea9e3e9effe02ab80c,3,3,3,0,0,0,0,0,3,0,3,1,1,0,
train,spooky-author-identification,cards_senior_0801.jsonl:5,spooky-author-identification__fb4d6b91e36a4ad9a237182ab4f385a0,3,3,3,0,0,0,0,0,3,0,3,1,1,0,
train,spooky-author-identification,cards_senior_0804.jsonl:8,spooky-author-identification__fb7a4c45ca084fa5ac14688ce018f694,3,2,1,0,0,0,1,0,1,2,3,0.33333333333333331,0.33333333333333331,0,0
train,spooky-author-identification,cards_senior_0801.jsonl:5,spooky-author-identification__fba1bfae19634b639885f847df0ea136,3,3,2,0,0,0,0,0,2,1,3,0.66666666666666663,0.66666666666666663,0,0
train,spooky-author-identification,cards_senior_0801.jsonl:5,spooky-author-identification__fdc04790fd2a4a7a9b23a837f86ddc64,3,3,3,0,0,0,0,0,3,0,3,1,1,0,
train,spooky-author-identification,cards_senior_0801.jsonl:7,spooky-author-identification__fde72b71d409469399f6bc985e94b72d,3,3,3,0,0,0,0,0,3,0,3,1,1,0,
train,spooky-author-identification,cards_senior_0730.jsonl:7,spooky-author-identification__fe83912effd342eeb512b94300b7c418,3,3,3,0,0,0,0,0,3,0,3,1,1,0,
train,tabular-playground-series-dec-2021,cards_senior_0805seq.jsonl:23,tabular-playground-series-dec-2021__15925a61473f46c18ef76b958a916b46,2,2,1,0,0,0,0,0,1,0,1,1,1,0,
train,tabular-playground-series-dec-2021,cards_senior_0801.jsonl:35,tabular-playground-series-dec-2021__162ffa8f5de4443f87d897bc465938e9,3,2,1,1,1,0,0,2,3,0,3,0.33333333333333331,1,0.66666666666666663,1
train,tabular-playground-series-dec-2021,cards_senior_0811.jsonl:17,tabular-playground-series-dec-2021__16a997cfdb654f7488c6225ee728e023,3,2,1,1,1,0,0,2,3,0,3,0.33333333333333331,1,0.66666666666666663,1
train,tabular-playground-series-dec-2021,cards_senior_0811.jsonl:19,tabular-playground-series-dec-2021__1f4446cf59a74c69906a15b2906ba427,3,2,1,1,1,0,0,2,3,0,3,0.33333333333333331,1,0.66666666666666663,1
train,tabular-playground-series-dec-2021,cards_senior_0801.jsonl:35,tabular-playground-series-dec-2021__2b253bca189e48acaa5a5edfaa5663a0,3,2,1,1,1,0,0,2,3,0,3,0.33333333333333331,1,0.66666666666666663,1
train,tabular-playground-series-dec-2021,cards_senior_0808.jsonl:16,tabular-playground-series-dec-2021__378b12a504974532a326ffb58dcb9ebb,3,2,1,1,1,0,0,2,3,0,3,0.33333333333333331,1,0.66666666666666663,1
train,tabular-playground-series-dec-2021,cards_senior_0801.jsonl:33,tabular-playground-series-dec-2021__39acee1033f64e3abb9b644812719218,3,3,3,0,0,0,0,0,3,0,3,1,1,0,
train,tabular-playground-series-dec-2021,cards_senior_0805seq.jsonl:21,tabular-playground-series-dec-2021__53150c847b1f4754a4852b27ef8caa9c,2,2,1,0,0,0,0,0,1,0,1,1,1,0,
train,tabular-playground-series-dec-2021,cards_senior_0805seq.jsonl:24,tabular-playground-series-dec-2021__5d59b7e43e1c4aa0804dcff82300642d,2,2,1,0,0,0,0,0,1,0,1,1,1,0,
train,tabular-playground-series-dec-2021,cards_senior_0801.jsonl:36,tabular-playground-series-dec-2021__7008e15fce1a4146a47d954b6fa60150,3,2,1,1,1,0,0,2,3,0,3,0.33333333333333331,1,0.66666666666666663,1
train,tabular-playground-series-dec-2021,cards_senior_0808.jsonl:16,tabular-playground-series-dec-2021__705be9934a3f4376b60c16b6bc830dc3,3,2,1,1,1,0,0,2,3,0,3,0.33333333333333331,1,0.66666666666666663,1
train,tabular-playground-series-dec-2021,cards_senior_0801.jsonl:35,tabular-playground-series-dec-2021__71599d7220de4081890c250d869e6489,3,3,3,0,0,0,0,0,3,0,3,1,1,0,
train,tabular-playground-series-dec-2021,cards_senior_0805seq.jsonl:23,tabular-playground-series-dec-2021__7fea8c36b4484f2c8655c5c7077abbd4,2,2,1,0,0,0,0,0,1,0,1,1,1,0,
train,tabular-playground-series-dec-2021,cards_senior_0805seq.jsonl:24,tabular-playground-series-dec-2021__a6a2acfbf61e46c6addbdc14422030e6,2,2,1,0,0,0,0,0,1,0,1,1,1,0,
train,tabular-playground-series-dec-2021,cards_senior_0805seq.jsonl:25,tabular-playground-series-dec-2021__ba084f1ffd384553868693fc25c1d209,2,2,1,0,0,0,0,0,1,0,1,1,1,0,
train,tabular-playground-series-dec-2021,cards_senior_0805seq.jsonl:20,tabular-playground-series-dec-2021__ba79580d2af44a08981535a2a888da21,2,2,1,0,0,0,0,0,1,0,1,1,1,0,
train,tabular-playground-series-dec-2021,cards_senior_0805seq.jsonl:20,tabular-playground-series-dec-2021__bc004ad423fc49c5ab4219c40b94f7d2,2,2,1,0,0,0,0,0,1,0,1,1,1,0,
train,tabular-playground-series-dec-2021,cards_senior_0807.jsonl:21,tabular-playground-series-dec-2021__c65b7a392232441490c3412523fe9e66,2,2,1,0,0,0,0,0,1,0,1,1,1,0,
train,tabular-playground-series-dec-2021,cards_ours_20260727.jsonl:38,tabular-playground-series-dec-2021__dbcdad4987314897886f81501c856226,5,2,1,0,0,0,3,0,1,9,10,0.10000000000000001,0.10000000000000001,0,0
train,tabular-playground-series-dec-2021,cards_senior_0807.jsonl:20,tabular-playground-series-dec-2021__e314d64992e447f8b4c2db60bf4952e7,2,2,1,0,0,0,0,0,1,0,1,1,1,0,
train,tabular-playground-series-dec-2021,cards_t3era_missing.jsonl:15,tabular-playground-series-dec-2021__ec18604ccb2b4ac4b0efbaed97200759,5,2,1,0,0,0,3,0,1,9,10,0.10000000000000001,0.10000000000000001,0,0
train,tabular-playground-series-dec-2021,cards_senior_0801.jsonl:37,tabular-playground-series-dec-2021__f876daa8162f41108a6f12635d6835c3,3,2,1,1,1,0,0,2,3,0,3,0.33333333333333331,1,0.66666666666666663,1
train,tabular-playground-series-dec-2021,cards_senior_0805seq.jsonl:24,tabular-playground-series-dec-2021__fc428a20e9224208a182b5ebf0feb228,2,2,1,0,0,0,0,0,1,0,1,1,1,0,
train,tabular-playground-series-dec-2021,cards_ours_20260727.jsonl:23,tabular-playground-series-dec-2021__fde714e5c3684688867eccffe8e1e6a6,5,2,1,0,0,0,3,0,1,9,10,0.10000000000000001,0.10000000000000001,0,0
train,tabular-playground-series-dec-2021,cards_senior_0805seq.jsonl:25,tabular-playground-series-dec-2021__fe92acb716584d88bc66768ea972a464,2,2,1,0,0,0,0,0,1,0,1,1,1,0,
train,tabular-playground-series-may-2022,cards_senior_0729.jsonl:12,tabular-playground-series-may-2022__05e71401d750464682bacabe499a000a,5,2,1,0,0,0,3,0,1,9,10,0.10000000000000001,0.10000000000000001,0,0
train,tabular-playground-series-may-2022,cards_ours_20260727.jsonl:124,tabular-playground-series-may-2022__0d2617dd9128438f8f16f80601a515e0,5,2,1,0,0,0,3,0,1,9,10,0.10000000000000001,0.10000000000000001,0,0
train,tabular-playground-series-may-2022,cards_ours_20260727.jsonl:150,tabular-playground-series-may-2022__127a6fd29a204b13b9de2c80eccc2fd1,5,2,1,0,0,0,3,0,1,9,10,0.10000000000000001,0.10000000000000001,0,0
train,tabular-playground-series-may-2022,cards_senior_0810.jsonl:20,tabular-playground-series-may-2022__1398e0231b454a84a1366b16c9a74499,2,2,1,0,0,0,0,0,1,0,1,1,1,0,
train,tabular-playground-series-may-2022,cards_senior_0806.jsonl:16,tabular-playground-series-may-2022__15899f2adb804e658d9c608603e4c571,2,2,1,0,0,0,0,0,1,0,1,1,1,0,
train,tabular-playground-series-may-2022,cards_senior_0806.jsonl:14,tabular-playground-series-may-2022__16133aa7d8fc41a2a13c7c6668c96293,2,2,1,0,0,0,0,0,1,0,1,1,1,0,
train,tabular-playground-series-may-2022,cards_senior_0806.jsonl:17,tabular-playground-series-may-2022__1762322ab87e4b41b2ddef2fa6564360,2,2,1,0,0,0,0,0,1,0,1,1,1,0,
train,tabular-playground-series-may-2022,cards_ours_20260727.jsonl:132,tabular-playground-series-may-2022__1b469c3155f643eb8a3af1ee3d694646,5,2,1,0,0,0,3,0,1,9,10,0.10000000000000001,0.10000000000000001,0,0
train,tabular-playground-series-may-2022,cards_ours_20260727.jsonl:31,tabular-playground-series-may-2022__1c19507913f94c4cb31b79b38aea831f,3,2,1,1,1,0,0,2,3,0,3,0.33333333333333331,1,0.66666666666666663,1
train,tabular-playground-series-may-2022,cards_senior_0810.jsonl:21,tabular-playground-series-may-2022__24daa4cbb4d84a85a59a44b2ec2871bd,2,2,1,0,0,0,0,0,1,0,1,1,1,0,
train,tabular-playground-series-may-2022,cards_ours_20260727.jsonl:148,tabular-playground-series-may-2022__2589e0b0dbae4939aa8ab707cec65564,5,3,3,0,0,0,2,0,3,7,10,0.29999999999999999,0.29999999999999999,0,0
train,tabular-playground-series-may-2022,cards_ours_20260727.jsonl:123,tabular-playground-series-may-2022__372d83a1a55143258377149c62eb0138,5,2,1,3,3,0,0,6,7,3,10,0.10000000000000001,0.69999999999999996,0.59999999999999998,0.66666666666666663
train,tabular-playground-series-may-2022,cards_ours_20260727.jsonl:120,tabular-playground-series-may-2022__37a90c32accc4952aa6ea17e424f5d9b,5,2,1,0,0,0,3,0,1,9,10,0.10000000000000001,0.10000000000000001,0,0
train,tabular-playground-series-may-2022,cards_ours_20260727.jsonl:29,tabular-playground-series-may-2022__38ce017068ef4e648b6ef231f65dfb1f,5,2,1,0,0,0,3,0,1,9,10,0.10000000000000001,0.10000000000000001,0,0
train,tabular-playground-series-may-2022,cards_ours_20260727.jsonl:131,tabular-playground-series-may-2022__3d25ac6ee2c74a95b9d9c8f14ef4e894,5,2,1,3,3,0,0,6,7,3,10,0.10000000000000001,0.69999999999999996,0.59999999999999998,0.66666666666666663
train,tabular-playground-series-may-2022,cards_ours_20260727.jsonl:109,tabular-playground-series-may-2022__3dc46c3f0fa942199e7bb86c17b0bd51,5,4,6,1,1,0,0,4,10,0,10,0.59999999999999998,1,0.40000000000000002,1
train,tabular-playground-series-may-2022,cards_senior_0806.jsonl:16,tabular-playground-series-may-2022__3e28e0f71b70442999446671a5bf3f6d,2,2,1,0,0,0,0,0,1,0,1,1,1,0,
train,tabular-playground-series-may-2022,cards_senior_0806.jsonl:17,tabular-playground-series-may-2022__42dfa96d428c42f8bddaad7ec661f2ca,2,2,1,0,0,0,0,0,1,0,1,1,1,0,
train,tabular-playground-series-may-2022,cards_senior_0806.jsonl:14,tabular-playground-series-may-2022__42fc5dce95d845d89d2aeb66c45d1165,2,2,1,0,0,0,0,0,1,0,1,1,1,0,
train,tabular-playground-series-may-2022,cards_senior_0801.jsonl:31,tabular-playground-series-may-2022__43044064cb684895839eae8b72976bd8,5,2,1,0,0,0,3,0,1,9,10,0.10000000000000001,0.10000000000000001,0,0
train,tabular-playground-series-may-2022,cards_ours_20260727.jsonl:54,tabular-playground-series-may-2022__49f1f57b028b4eb296427b3629125df5,4,3,3,1,1,0,0,3,6,0,6,0.5,1,0.5,1
train,tabular-playground-series-may-2022,cards_senior_0801.jsonl:30,tabular-playground-series-may-2022__4efd601c57ba4c24b0e24d16d5483321,5,4,6,1,1,0,0,4,10,0,10,0.59999999999999998,1,0.40000000000000002,1
train,tabular-playground-series-may-2022,cards_senior_0806.jsonl:16,tabular-playground-series-may-2022__51a9de454f76456ab631c42dc7bb39d4,2,2,1,0,0,0,0,0,1,0,1,1,1,0,
train,tabular-playground-series-may-2022,cards_ours_20260727.jsonl:125,tabular-playground-series-may-2022__52c1c09c298f44d194c0e806b40d76ac,5,2,1,0,0,0,3,0,1,9,10,0.10000000000000001,0.10000000000000001,0,0
train,tabular-playground-series-may-2022,cards_ours_20260727.jsonl:37,tabular-playground-series-may-2022__532c38389f054ccba327481bf5918d0e,5,2,1,0,0,0,3,0,1,9,10,0.10000000000000001,0.10000000000000001,0,0
train,tabular-playground-series-may-2022,cards_ours_20260727.jsonl:112,tabular-playground-series-may-2022__5401ee6db40d4870901965b033dcf164,5,2,1,0,0,0,3,0,1,9,10,0.10000000000000001,0.10000000000000001,0,0
train,tabular-playground-series-may-2022,cards_ours_20260727.jsonl:37,tabular-playground-series-may-2022__548e46b50e9d444d8f8c090e92b436ea,5,2,1,3,3,0,0,6,7,3,10,0.10000000000000001,0.69999999999999996,0.59999999999999998,0.66666666666666663
train,tabular-playground-series-may-2022,cards_ours_20260727.jsonl:117,tabular-playground-series-may-2022__554cb512b6c0432dad35fbc817131b99,5,3,3,2,2,0,0,6,9,1,10,0.29999999999999999,0.90000000000000002,0.59999999999999998,0.8571428571428571
train,tabular-playground-series-may-2022,cards_senior_0801.jsonl:30,tabular-playground-series-may-2022__55a8d7833a3f415ea36a1e9176e95b86,5,3,3,2,2,0,0,6,9,1,10,0.29999999999999999,0.90000000000000002,0.59999999999999998,0.8571428571428571
train,tabular-playground-series-may-2022,cards_senior_0801.jsonl:30,tabular-playground-series-may-2022__591306002f2345aabea2529cf56dee84,5,2,1,0,0,0,3,0,1,9,10,0.10000000000000001,0.10000000000000001,0,0
train,tabular-playground-series-may-2022,cards_ours_20260727.jsonl:127,tabular-playground-series-may-2022__59b13294944a4874aa279402b690dbec,5,2,1,0,0,0,3,0,1,9,10,0.10000000000000001,0.10000000000000001,0,0
train,tabular-playground-series-may-2022,cards_ours_20260727.jsonl:111,tabular-playground-series-may-2022__5f35ceca1dd3462cb4e89467693ff95d,5,2,1,0,0,0,3,0,1,9,10,0.10000000000000001,0.10000000000000001,0,0
train,tabular-playground-series-may-2022,cards_ours_20260727.jsonl:123,tabular-playground-series-may-2022__60e6204359764fdfb4e38b493ad543ad,5,2,1,0,0,0,3,0,1,9,10,0.10000000000000001,0.10000000000000001,0,0
train,tabular-playground-series-may-2022,cards_ours_20260727.jsonl:21,tabular-playground-series-may-2022__6f36e4f58251460ba3b6bf3afc35230d,5,2,1,0,0,0,3,0,1,9,10,0.10000000000000001,0.10000000000000001,0,0
train,tabular-playground-series-may-2022,cards_ours_20260727.jsonl:117,tabular-playground-series-may-2022__72064231978b4100841eb6c45c7c4876,5,3,3,0,0,0,2,0,3,7,10,0.29999999999999999,0.29999999999999999,0,0
train,tabular-playground-series-may-2022,cards_ours_20260727.jsonl:138,tabular-playground-series-may-2022__75518c214cdd42219cbd263bc4ab0d8a,4,2,1,2,2,0,0,4,5,1,6,0.16666666666666666,0.83333333333333337,0.66666666666666663,0.80000000000000004
train,tabular-playground-series-may-2022,cards_senior_0727.jsonl:9,tabular-playground-series-may-2022__789eebff50c54caca10ab3956def1140,5,3,3,2,2,0,0,6,9,1,10,0.29999999999999999,0.90000000000000002,0.59999999999999998,0.8571428571428571
train,tabular-playground-series-may-2022,cards_senior_0801.jsonl:31,tabular-playground-series-may-2022__7baf04add7c44c36bf86dcd73977b237,5,5,10,0,0,0,0,0,10,0,10,1,1,0,
train,tabular-playground-series-may-2022,cards_senior_0801.jsonl:30,tabular-playground-series-may-2022__820c788e60e54f8f8173888618cda535,5,4,6,1,1,0,0,4,10,0,10,0.59999999999999998,1,0.40000000000000002,1
train,tabular-playground-series-may-2022,cards_senior_0724.jsonl:9,tabular-playground-series-may-2022__85ced79c11f54624bfc3c55a6a68ec4b,5,2,1,0,0,0,3,0,1,9,10,0.10000000000000001,0.10000000000000001,0,0
train,tabular-playground-series-may-2022,cards_senior_0810.jsonl:21,tabular-playground-series-may-2022__93680ea5c38a4d8797307b2a9fc1aa14,2,2,1,0,0,0,0,0,1,0,1,1,1,0,
train,tabular-playground-series-may-2022,cards_ours_20260727.jsonl:129,tabular-playground-series-may-2022__94c2344f95e449d080de31db5030edce,5,2,1,0,0,0,3,0,1,9,10,0.10000000000000001,0.10000000000000001,0,0
train,tabular-playground-series-may-2022,cards_senior_0810.jsonl:20,tabular-playground-series-may-2022__9736ff33ed4a4a34b80f76e9ad4d83ba,2,2,1,0,0,0,0,0,1,0,1,1,1,0,
train,tabular-playground-series-may-2022,cards_senior_0727.jsonl:9,tabular-playground-series-may-2022__a0c56f3de0924148b31dd83b154caade,5,2,1,3,3,0,0,6,7,3,10,0.10000000000000001,0.69999999999999996,0.59999999999999998,0.66666666666666663
train,tabular-playground-series-may-2022,cards_senior_0810.jsonl:21,tabular-playground-series-may-2022__a407d94b044b47c981a1df98effe9e42,2,2,1,0,0,0,0,0,1,0,1,1,1,0,
train,tabular-playground-series-may-2022,cards_senior_0727.jsonl:9,tabular-playground-series-may-2022__a66c836ccc274e44ae6ca088f89106ce,5,3,3,2,2,0,0,6,9,1,10,0.29999999999999999,0.90000000000000002,0.59999999999999998,0.8571428571428571
train,tabular-playground-series-may-2022,cards_ours_20260727.jsonl:33,tabular-playground-series-may-2022__ab6f58a34cce4c039acf66f9728517ad,5,3,3,2,2,0,0,6,9,1,10,0.29999999999999999,0.90000000000000002,0.59999999999999998,0.8571428571428571
train,tabular-playground-series-may-2022,cards_senior_0806.jsonl:16,tabular-playground-series-may-2022__ad5be4ec893c41e8b1842294b2999919,2,2,1,0,0,0,0,0,1,0,1,1,1,0,
train,tabular-playground-series-may-2022,cards_ours_20260727.jsonl:118,tabular-playground-series-may-2022__ae903ca7e7eb4d8bbc7afea25a19bebf,5,2,1,0,0,0,3,0,1,9,10,0.10000000000000001,0.10000000000000001,0,0
train,tabular-playground-series-may-2022,cards_senior_0806.jsonl:14,tabular-playground-series-may-2022__af74d599dfcb4a5d913136a67ea028df,2,2,1,0,0,0,0,0,1,0,1,1,1,0,
train,tabular-playground-series-may-2022,cards_senior_0806.jsonl:16,tabular-playground-series-may-2022__b21fc03c40b349ce8cddc49c7c1bc040,2,2,1,0,0,0,0,0,1,0,1,1,1,0,
train,tabular-playground-series-may-2022,cards_senior_0810.jsonl:20,tabular-playground-series-may-2022__c17637382ce5443c91b203f705db2389,2,2,1,0,0,0,0,0,1,0,1,1,1,0,
train,tabular-playground-series-may-2022,cards_ours_20260727.jsonl:139,tabular-playground-series-may-2022__c884b3228280411c85ab676dedc7ad48,5,2,1,0,0,0,3,0,1,9,10,0.10000000000000001,0.10000000000000001,0,0
train,tabular-playground-series-may-2022,cards_ours_20260727.jsonl:132,tabular-playground-series-may-2022__c891f2b09d194397bd7fa0ccfb9c2b96,5,2,1,3,3,0,0,6,7,3,10,0.10000000000000001,0.69999999999999996,0.59999999999999998,0.66666666666666663
train,tabular-playground-series-may-2022,cards_ours_20260727.jsonl:39,tabular-playground-series-may-2022__cac2a8f8f86444b28e6124521cef16a7,5,5,10,0,0,0,0,0,10,0,10,1,1,0,
train,tabular-playground-series-may-2022,cards_ours_20260727.jsonl:134,tabular-playground-series-may-2022__cecebb8aa79f4d3da4724e807ee1c6ea,5,3,3,0,0,0,2,0,3,7,10,0.29999999999999999,0.29999999999999999,0,0
train,tabular-playground-series-may-2022,cards_ours_20260727.jsonl:149,tabular-playground-series-may-2022__cf42458083204c8a92d897e6e80d3e94,5,2,1,0,0,0,3,0,1,9,10,0.10000000000000001,0.10000000000000001,0,0
train,tabular-playground-series-may-2022,cards_senior_0801.jsonl:30,tabular-playground-series-may-2022__e850035a434a415a80b1150745db6d94,5,3,3,2,2,0,0,6,9,1,10,0.29999999999999999,0.90000000000000002,0.59999999999999998,0.8571428571428571
train,tabular-playground-series-may-2022,cards_senior_0801.jsonl:31,tabular-playground-series-may-2022__ea87f8e0bcbf4c5589cf8d0637068d6a,5,4,6,1,1,0,0,4,10,0,10,0.59999999999999998,1,0.40000000000000002,1
train,tabular-playground-series-may-2022,cards_senior_0806.jsonl:14,tabular-playground-series-may-2022__eaba1b0ae7c44f6ca23c231e38b46e3c,2,2,1,0,0,0,0,0,1,0,1,1,1,0,
train,tabular-playground-series-may-2022,cards_senior_0806.jsonl:16,tabular-playground-series-may-2022__f831e8110b744757a9d6ecc6d6bb297d,2,2,1,0,0,0,0,0,1,0,1,1,1,0,
train,tabular-playground-series-may-2022,cards_senior_0801.jsonl:30,tabular-playground-series-may-2022__f9d58962c41a4167acccb3a6f216fdd0,5,2,1,3,3,0,0,6,7,3,10,0.10000000000000001,0.69999999999999996,0.59999999999999998,0.66666666666666663
train,tabular-playground-series-may-2022,cards_senior_0801.jsonl:30,tabular-playground-series-may-2022__fb9efbcbbc5848988e44ca9f7145f998,5,3,3,2,2,0,0,6,9,1,10,0.29999999999999999,0.90000000000000002,0.59999999999999998,0.8571428571428571
train,tabular-playground-series-may-2022,cards_senior_0806.jsonl:16,tabular-playground-series-may-2022__fdae677d855d4483ae63c75f0d4a446f,2,2,1,0,0,0,0,0,1,0,1,1,1,0,
train,text-normalization-challenge-english-language,cards_senior_0808.jsonl:20,text-normalization-challenge-english-language__04544a83ba6a4fd7b8bf3406484daf8f,2,2,1,0,0,0,0,0,1,0,1,1,1,0,
train,text-normalization-challenge-english-language,cards_senior_0808.jsonl:21,text-normalization-challenge-english-language__048e7c2c3efc4d8c95c93104aa9c8e31,2,2,1,0,0,0,0,0,1,0,1,1,1,0,
train,text-normalization-challenge-english-language,cards_senior_0808.jsonl:21,text-normalization-challenge-english-language__0a491a42ae00492995866b7873c18ba4,2,2,1,0,0,0,0,0,1,0,1,1,1,0,
train,text-normalization-challenge-english-language,cards_senior_0808.jsonl:20,text-normalization-challenge-english-language__1496989b009b46f9908e0e1ccf11ace0,2,2,1,0,0,0,0,0,1,0,1,1,1,0,
train,text-normalization-challenge-english-language,cards_senior_0808.jsonl:21,text-normalization-challenge-english-language__2a24002c1d81425080eab6fe20f09388,2,2,1,0,0,0,0,0,1,0,1,1,1,0,
train,text-normalization-challenge-english-language,cards_senior_0808.jsonl:21,text-normalization-challenge-english-language__2b289b02f30a4f64a7e7f73394d4d589,2,2,1,0,0,0,0,0,1,0,1,1,1,0,
train,text-normalization-challenge-english-language,cards_senior_0808.jsonl:21,text-normalization-challenge-english-language__3500861e15204d56a0b1a35168699b1a,2,2,1,0,0,0,0,0,1,0,1,1,1,0,
train,text-normalization-challenge-english-language,cards_senior_0808.jsonl:20,text-normalization-challenge-english-language__5fae4adc36a245a1825b0a96d8437955,2,2,1,0,0,0,0,0,1,0,1,1,1,0,
train,text-normalization-challenge-english-language,cards_senior_0808.jsonl:21,text-normalization-challenge-english-language__6b6d5fee235f4d35a9ee4ad0e2e5b04f,2,2,1,0,0,0,0,0,1,0,1,1,1,0,
train,text-normalization-challenge-english-language,cards_senior_0808.jsonl:20,text-normalization-challenge-english-language__91ccbb1d0e3a41948e65539880faa45d,2,2,1,0,0,0,0,0,1,0,1,1,1,0,
train,text-normalization-challenge-english-language,cards_senior_0808.jsonl:21,text-normalization-challenge-english-language__ab009b07f70f431bbae176507ec77062,2,2,1,0,0,0,0,0,1,0,1,1,1,0,
train,text-normalization-challenge-english-language,cards_senior_0808.jsonl:21,text-normalization-challenge-english-language__baf51b0867c04c60a4c2abf1ebffca33,2,2,1,0,0,0,0,0,1,0,1,1,1,0,
train,text-normalization-challenge-english-language,cards_senior_0808.jsonl:20,text-normalization-challenge-english-language__d35a6c0cc6a04bf680fa542d67638cfd,2,2,1,0,0,0,0,0,1,0,1,1,1,0,
train,text-normalization-challenge-english-language,cards_senior_0808.jsonl:21,text-normalization-challenge-english-language__d6ff3b4696a94b50b0fd55c55077ac6a,2,2,1,0,0,0,0,0,1,0,1,1,1,0,
train,text-normalization-challenge-english-language,cards_senior_0808.jsonl:20,text-normalization-challenge-english-language__d9ecbedab015430a95d346b055f3dfc2,2,2,1,0,0,0,0,0,1,0,1,1,1,0,
train,text-normalization-challenge-english-language,cards_senior_0808.jsonl:20,text-normalization-challenge-english-language__dac947e272ed4c5c9c611eb780c71f50,2,2,1,0,0,0,0,0,1,0,1,1,1,0,
train,text-normalization-challenge-english-language,cards_senior_0808.jsonl:21,text-normalization-challenge-english-language__ee2a793b786d430691cf8aa546b4b4a6,2,2,1,0,0,0,0,0,1,0,1,1,1,0,
train,text-normalization-challenge-russian-language,cards_senior_0810.jsonl:28,text-normalization-challenge-russian-language__0233d649301d4e53abcb9ae563caad80,2,2,1,0,0,0,0,0,1,0,1,1,1,0,
train,text-normalization-challenge-russian-language,cards_senior_0809.jsonl:21,text-normalization-challenge-russian-language__084a4e44548448cdb374bb9ddbf1ac59,2,2,1,0,0,0,0,0,1,0,1,1,1,0,
train,text-normalization-challenge-russian-language,cards_senior_0809.jsonl:21,text-normalization-challenge-russian-language__0858dd87120747218bfd9819d7e31ce9,2,2,1,0,0,0,0,0,1,0,1,1,1,0,
train,text-normalization-challenge-russian-language,cards_senior_0809.jsonl:24,text-normalization-challenge-russian-language__09e73757ff1f469d89260c675747b905,2,2,1,0,0,0,0,0,1,0,1,1,1,0,
train,text-normalization-challenge-russian-language,cards_senior_0809.jsonl:24,text-normalization-challenge-russian-language__14b2fda3bced4f0f85f1c76ebc63c8f7,2,2,1,0,0,0,0,0,1,0,1,1,1,0,
train,text-normalization-challenge-russian-language,cards_senior_0809.jsonl:25,text-normalization-challenge-russian-language__17e3c05876ce443386d0ded0670a2cc8,2,2,1,0,0,0,0,0,1,0,1,1,1,0,
train,text-normalization-challenge-russian-language,cards_senior_0809.jsonl:25,text-normalization-challenge-russian-language__2294361308d943268ea64f2d9dcd3e33,2,2,1,0,0,0,0,0,1,0,1,1,1,0,
train,text-normalization-challenge-russian-language,cards_senior_0809.jsonl:24,text-normalization-challenge-russian-language__24e33215f78d4e43bddbe86fe6225e6c,2,2,1,0,0,0,0,0,1,0,1,1,1,0,
train,text-normalization-challenge-russian-language,cards_senior_0809.jsonl:21,text-normalization-challenge-russian-language__25c5c4815b8147ea953136ce45df3bf1,2,2,1,0,0,0,0,0,1,0,1,1,1,0,
train,text-normalization-challenge-russian-language,cards_senior_0809.jsonl:22,text-normalization-challenge-russian-language__266284a7a1fa4b2b9dfda3ebeae1d45b,2,2,1,0,0,0,0,0,1,0,1,1,1,0,
train,text-normalization-challenge-russian-language,cards_senior_0809.jsonl:22,text-normalization-challenge-russian-language__26b7039f9d4b4310b64c00a4e1438d69,2,2,1,0,0,0,0,0,1,0,1,1,1,0,
train,text-normalization-challenge-russian-language,cards_senior_0809.jsonl:24,text-normalization-challenge-russian-language__272ace0720b149478bee25c2d330f964,2,2,1,0,0,0,0,0,1,0,1,1,1,0,
train,text-normalization-challenge-russian-language,cards_senior_0809.jsonl:21,text-normalization-challenge-russian-language__2fd56459177a4e338f1940f510dab59e,2,2,1,0,0,0,0,0,1,0,1,1,1,0,
train,text-normalization-challenge-russian-language,cards_senior_0809.jsonl:24,text-normalization-challenge-russian-language__33788bcfc011472fa644e82ca91323d0,2,2,1,0,0,0,0,0,1,0,1,1,1,0,
train,text-normalization-challenge-russian-language,cards_senior_0809.jsonl:25,text-normalization-challenge-russian-language__3a7a41e612c94a01a638d880dc75f23a,2,2,1,0,0,0,0,0,1,0,1,1,1,0,
train,text-normalization-challenge-russian-language,cards_senior_0809.jsonl:24,text-normalization-challenge-russian-language__3ab1f243d6cb4ef0b557101e7f88276e,2,2,1,0,0,0,0,0,1,0,1,1,1,0,
train,text-normalization-challenge-russian-language,cards_senior_0810.jsonl:28,text-normalization-challenge-russian-language__3cb5977e4296454c9e3957e92913796a,2,2,1,0,0,0,0,0,1,0,1,1,1,0,
train,text-normalization-challenge-russian-language,cards_senior_0809.jsonl:21,text-normalization-challenge-russian-language__4391df5edcf94e54b79667e6aa7a5af5,2,2,1,0,0,0,0,0,1,0,1,1,1,0,
train,text-normalization-challenge-russian-language,cards_senior_0809.jsonl:21,text-normalization-challenge-russian-language__44c55ce22bca4afaa2d09946ef26c8d0,2,2,1,0,0,0,0,0,1,0,1,1,1,0,
train,text-normalization-challenge-russian-language,cards_senior_0809.jsonl:22,text-normalization-challenge-russian-language__46e2dc73492241c6a82f282d5a6ae323,2,2,1,0,0,0,0,0,1,0,1,1,1,0,
train,text-normalization-challenge-russian-language,cards_senior_0809.jsonl:24,text-normalization-challenge-russian-language__4ec9e693186a4d879dcf513ad2b2eeec,2,2,1,0,0,0,0,0,1,0,1,1,1,0,
train,text-normalization-challenge-russian-language,cards_senior_0810.jsonl:31,text-normalization-challenge-russian-language__4eff0ffafe024dabbb0f1fde0b059911,2,2,1,0,0,0,0,0,1,0,1,1,1,0,
train,text-normalization-challenge-russian-language,cards_senior_0809.jsonl:21,text-normalization-challenge-russian-language__4ff360175f474f7cb2a37c57c403252b,2,2,1,0,0,0,0,0,1,0,1,1,1,0,
train,text-normalization-challenge-russian-language,cards_senior_0809.jsonl:22,text-normalization-challenge-russian-language__506c8996ca9e432c94145d52dac69d82,2,2,1,0,0,0,0,0,1,0,1,1,1,0,
train,text-normalization-challenge-russian-language,cards_senior_0809.jsonl:24,text-normalization-challenge-russian-language__50992a665bc041719a9711ede0ffc380,2,2,1,0,0,0,0,0,1,0,1,1,1,0,
train,text-normalization-challenge-russian-language,cards_senior_0809.jsonl:22,text-normalization-challenge-russian-language__5563500661d14f0b802cba3023831a39,2,2,1,0,0,0,0,0,1,0,1,1,1,0,
train,text-normalization-challenge-russian-language,cards_senior_0809.jsonl:24,text-normalization-challenge-russian-language__59aaa3116e0c4ee6be37c51bfe162e4c,2,2,1,0,0,0,0,0,1,0,1,1,1,0,
train,text-normalization-challenge-russian-language,cards_senior_0809.jsonl:21,text-normalization-challenge-russian-language__59ae545e332845f8bc1a07c0584d93c2,2,2,1,0,0,0,0,0,1,0,1,1,1,0,
train,text-normalization-challenge-russian-language,cards_senior_0810.jsonl:31,text-normalization-challenge-russian-language__61802ad3c75c4a3e86f4afb449334c13,2,2,1,0,0,0,0,0,1,0,1,1,1,0,
train,text-normalization-challenge-russian-language,cards_senior_0809.jsonl:25,text-normalization-challenge-russian-language__63a34f36a5bb4c0e8acdae2ba758d4c5,2,2,1,0,0,0,0,0,1,0,1,1,1,0,
train,text-normalization-challenge-russian-language,cards_senior_0809.jsonl:22,text-normalization-challenge-russian-language__6744db629583406a856f7499ae037b17,2,2,1,0,0,0,0,0,1,0,1,1,1,0,
train,text-normalization-challenge-russian-language,cards_senior_0809.jsonl:21,text-normalization-challenge-russian-language__68cd38d1f42048f29a0ec54e8f6e98da,2,2,1,0,0,0,0,0,1,0,1,1,1,0,
train,text-normalization-challenge-russian-language,cards_senior_0810.jsonl:31,text-normalization-challenge-russian-language__6a9f2e9f82624fafac96fd00490e002a,2,2,1,0,0,0,0,0,1,0,1,1,1,0,
train,text-normalization-challenge-russian-language,cards_senior_0810.jsonl:29,text-normalization-challenge-russian-language__6aa7a2834d264abb804fe7d87befc833,2,2,1,0,0,0,0,0,1,0,1,1,1,0,
train,text-normalization-challenge-russian-language,cards_senior_0809.jsonl:21,text-normalization-challenge-russian-language__6e4a69136e91434887671f2fc1a1b3fb,2,2,1,0,0,0,0,0,1,0,1,1,1,0,
train,text-normalization-challenge-russian-language,cards_senior_0809.jsonl:24,text-normalization-challenge-russian-language__6ed2910160a442c485f7854dc1bc0725,2,2,1,0,0,0,0,0,1,0,1,1,1,0,
train,text-normalization-challenge-russian-language,cards_senior_0810.jsonl:29,text-normalization-challenge-russian-language__7556bbc653644ae58fa305aaf5045cf3,2,2,1,0,0,0,0,0,1,0,1,1,1,0,
train,text-normalization-challenge-russian-language,cards_senior_0809.jsonl:24,text-normalization-challenge-russian-language__75b22b39aa1b4d42b705ed024962f4f6,2,2,1,0,0,0,0,0,1,0,1,1,1,0,
train,text-normalization-challenge-russian-language,cards_senior_0809.jsonl:24,text-normalization-challenge-russian-language__7ae1ae7ddfdd457f8c25bd9cc62ee944,2,2,1,0,0,0,0,0,1,0,1,1,1,0,
train,text-normalization-challenge-russian-language,cards_senior_0809.jsonl:21,text-normalization-challenge-russian-language__81661e4c4f6243b290309c61bd66b601,2,2,1,0,0,0,0,0,1,0,1,1,1,0,
train,text-normalization-challenge-russian-language,cards_senior_0809.jsonl:25,text-normalization-challenge-russian-language__8b27ec22803b4486b670d8b0fdeaf547,2,2,1,0,0,0,0,0,1,0,1,1,1,0,
train,text-normalization-challenge-russian-language,cards_senior_0809.jsonl:21,text-normalization-challenge-russian-language__8c09c93329eb49f8a6879a4972c3f105,2,2,1,0,0,0,0,0,1,0,1,1,1,0,
train,text-normalization-challenge-russian-language,cards_senior_0809.jsonl:25,text-normalization-challenge-russian-language__8c5ba2f6dbef4e6f8be7b37d3a405ff0,2,2,1,0,0,0,0,0,1,0,1,1,1,0,
train,text-normalization-challenge-russian-language,cards_senior_0810.jsonl:31,text-normalization-challenge-russian-language__8cf4543003834d79ad9dcce70e9a2985,2,2,1,0,0,0,0,0,1,0,1,1,1,0,
train,text-normalization-challenge-russian-language,cards_senior_0809.jsonl:24,text-normalization-challenge-russian-language__8eae435f67924d6aaff11d1eba35f1e2,2,2,1,0,0,0,0,0,1,0,1,1,1,0,
train,text-normalization-challenge-russian-language,cards_senior_0809.jsonl:21,text-normalization-challenge-russian-language__8f92e8170de64e09ac476f0f52a480d3,2,2,1,0,0,0,0,0,1,0,1,1,1,0,
train,text-normalization-challenge-russian-language,cards_senior_0809.jsonl:22,text-normalization-challenge-russian-language__8facefa640104fbe952323fcced2ba51,2,2,1,0,0,0,0,0,1,0,1,1,1,0,
train,text-normalization-challenge-russian-language,cards_senior_0809.jsonl:24,text-normalization-challenge-russian-language__90bf483be9484c92a8604555ce269ab2,2,2,1,0,0,0,0,0,1,0,1,1,1,0,
train,text-normalization-challenge-russian-language,cards_senior_0810.jsonl:31,text-normalization-challenge-russian-language__92463c799a624bba8b8a543b1cd216ae,2,2,1,0,0,0,0,0,1,0,1,1,1,0,
train,text-normalization-challenge-russian-language,cards_senior_0809.jsonl:24,text-normalization-challenge-russian-language__93802983a5874a27b7d6bc02778aef50,2,2,1,0,0,0,0,0,1,0,1,1,1,0,
train,text-normalization-challenge-russian-language,cards_senior_0810.jsonl:31,text-normalization-challenge-russian-language__a6015c0f09a44cddb0306712ceb87f8a,2,2,1,0,0,0,0,0,1,0,1,1,1,0,
train,text-normalization-challenge-russian-language,cards_senior_0809.jsonl:24,text-normalization-challenge-russian-language__a6c510fc896943d5bfeec7221971fbef,2,2,1,0,0,0,0,0,1,0,1,1,1,0,
train,text-normalization-challenge-russian-language,cards_senior_0809.jsonl:21,text-normalization-challenge-russian-language__a9fbb8ed58c6413fb858732c748c9337,2,2,1,0,0,0,0,0,1,0,1,1,1,0,
train,text-normalization-challenge-russian-language,cards_senior_0809.jsonl:22,text-normalization-challenge-russian-language__ac3bc74496144e34be8ca665c4a78a3b,2,2,1,0,0,0,0,0,1,0,1,1,1,0,
train,text-normalization-challenge-russian-language,cards_senior_0810.jsonl:28,text-normalization-challenge-russian-language__adcbb9c1386241a18e608af9f8e308da,2,2,1,0,0,0,0,0,1,0,1,1,1,0,
train,text-normalization-challenge-russian-language,cards_senior_0810.jsonl:28,text-normalization-challenge-russian-language__b0ccea70a2354152add1510c6fefc1d3,2,2,1,0,0,0,0,0,1,0,1,1,1,0,
train,text-normalization-challenge-russian-language,cards_senior_0809.jsonl:21,text-normalization-challenge-russian-language__b1a19566ad0f4fe99645bf8bdf46ba77,2,2,1,0,0,0,0,0,1,0,1,1,1,0,
train,text-normalization-challenge-russian-language,cards_senior_0809.jsonl:21,text-normalization-challenge-russian-language__b1d2c5bad7de443f973b6ae0fe829d67,2,2,1,0,0,0,0,0,1,0,1,1,1,0,
train,text-normalization-challenge-russian-language,cards_senior_0809.jsonl:21,text-normalization-challenge-russian-language__b3259f48ce4f435f9eaa3ea2f2e9eead,2,2,1,0,0,0,0,0,1,0,1,1,1,0,
train,text-normalization-challenge-russian-language,cards_senior_0810.jsonl:28,text-normalization-challenge-russian-language__b6d71fe0909c467fb29166da82011b59,2,2,1,0,0,0,0,0,1,0,1,1,1,0,
train,text-normalization-challenge-russian-language,cards_senior_0809.jsonl:25,text-normalization-challenge-russian-language__b6dbf0289849479181c5a33822fdc3f1,2,2,1,0,0,0,0,0,1,0,1,1,1,0,
train,text-normalization-challenge-russian-language,cards_senior_0809.jsonl:21,text-normalization-challenge-russian-language__bc6e184a4b4141928ec64ce135662ca4,2,2,1,0,0,0,0,0,1,0,1,1,1,0,
train,text-normalization-challenge-russian-language,cards_senior_0809.jsonl:25,text-normalization-challenge-russian-language__bc71b30959cb4d3f8453de8cb5ba2b93,2,2,1,0,0,0,0,0,1,0,1,1,1,0,
train,text-normalization-challenge-russian-language,cards_senior_0809.jsonl:22,text-normalization-challenge-russian-language__be121cd6c58c4986a9f66500d4b4a7eb,2,2,1,0,0,0,0,0,1,0,1,1,1,0,
train,text-normalization-challenge-russian-language,cards_senior_0809.jsonl:25,text-normalization-challenge-russian-language__c23190c801904639a3295e0ecae733e7,2,2,1,0,0,0,0,0,1,0,1,1,1,0,
train,text-normalization-challenge-russian-language,cards_senior_0809.jsonl:25,text-normalization-challenge-russian-language__c5b5718668c4449ead63b13421bc5c85,2,2,1,0,0,0,0,0,1,0,1,1,1,0,
train,text-normalization-challenge-russian-language,cards_senior_0809.jsonl:24,text-normalization-challenge-russian-language__c5c002ec246e4f77acdf720dec6a31d3,2,2,1,0,0,0,0,0,1,0,1,1,1,0,
train,text-normalization-challenge-russian-language,cards_senior_0810.jsonl:26,text-normalization-challenge-russian-language__c76d15369d3c4452ac5cbbcbc9a15e66,2,2,1,0,0,0,0,0,1,0,1,1,1,0,
train,text-normalization-challenge-russian-language,cards_senior_0809.jsonl:24,text-normalization-challenge-russian-language__c8fe4af6166c4bc98c71aac491597559,2,2,1,0,0,0,0,0,1,0,1,1,1,0,
train,text-normalization-challenge-russian-language,cards_senior_0809.jsonl:21,text-normalization-challenge-russian-language__cb19eedd22e042eaa8a6dbf3206eeaa8,2,2,1,0,0,0,0,0,1,0,1,1,1,0,
train,text-normalization-challenge-russian-language,cards_senior_0809.jsonl:21,text-normalization-challenge-russian-language__ccc70e69212f4fddbdb81309faf94e90,2,2,1,0,0,0,0,0,1,0,1,1,1,0,
train,text-normalization-challenge-russian-language,cards_senior_0809.jsonl:21,text-normalization-challenge-russian-language__cd66ff9e62e547a18be5d8ca68653d2b,2,2,1,0,0,0,0,0,1,0,1,1,1,0,
train,text-normalization-challenge-russian-language,cards_senior_0809.jsonl:22,text-normalization-challenge-russian-language__ce3fa435460d407c9dea7895d1ba1bdb,2,2,1,0,0,0,0,0,1,0,1,1,1,0,
train,text-normalization-challenge-russian-language,cards_senior_0809.jsonl:24,text-normalization-challenge-russian-language__ce85d247a2f84d3fab23f37ccb0db6d5,2,2,1,0,0,0,0,0,1,0,1,1,1,0,
train,text-normalization-challenge-russian-language,cards_senior_0810.jsonl:31,text-normalization-challenge-russian-language__cf7ea7865e854ec2bb6a2e7ea0b17d8a,2,2,1,0,0,0,0,0,1,0,1,1,1,0,
train,text-normalization-challenge-russian-language,cards_senior_0809.jsonl:25,text-normalization-challenge-russian-language__d14ddc1ffa6b4bfd8ff3e095ea9434ba,2,2,1,0,0,0,0,0,1,0,1,1,1,0,
train,text-normalization-challenge-russian-language,cards_senior_0809.jsonl:21,text-normalization-challenge-russian-language__d2eb59f7731b4de2828c28c921b57bc2,2,2,1,0,0,0,0,0,1,0,1,1,1,0,
train,text-normalization-challenge-russian-language,cards_senior_0810.jsonl:31,text-normalization-challenge-russian-language__d73d48298f4e406181dcb4a8b5b33e75,2,2,1,0,0,0,0,0,1,0,1,1,1,0,
train,text-normalization-challenge-russian-language,cards_senior_0809.jsonl:21,text-normalization-challenge-russian-language__da556b4ceff64737b12e9716f1c7d0a6,2,2,1,0,0,0,0,0,1,0,1,1,1,0,
train,text-normalization-challenge-russian-language,cards_senior_0810.jsonl:29,text-normalization-challenge-russian-language__dc8df32f3ba24ad6b4bfc559d1e3da30,2,2,1,0,0,0,0,0,1,0,1,1,1,0,
train,text-normalization-challenge-russian-language,cards_senior_0809.jsonl:21,text-normalization-challenge-russian-language__de6aa5d250bf40fbba53f8fe6d4d97e4,2,2,1,0,0,0,0,0,1,0,1,1,1,0,
train,text-normalization-challenge-russian-language,cards_senior_0809.jsonl:24,text-normalization-challenge-russian-language__e0f3428bdf814a47a9dd296f0d403530,2,2,1,0,0,0,0,0,1,0,1,1,1,0,
train,text-normalization-challenge-russian-language,cards_senior_0809.jsonl:21,text-normalization-challenge-russian-language__e1b381cfddd2485a9620964bb0bc89e1,2,2,1,0,0,0,0,0,1,0,1,1,1,0,
train,text-normalization-challenge-russian-language,cards_senior_0809.jsonl:24,text-normalization-challenge-russian-language__e4c4abdb68f542f585b271fa945e11e3,2,2,1,0,0,0,0,0,1,0,1,1,1,0,
train,text-normalization-challenge-russian-language,cards_senior_0810.jsonl:31,text-normalization-challenge-russian-language__e6c60390024c49ee915cf6fe5c40674a,2,2,1,0,0,0,0,0,1,0,1,1,1,0,
train,text-normalization-challenge-russian-language,cards_senior_0809.jsonl:21,text-normalization-challenge-russian-language__ebeb99a7b8544f61b4f9c9eba274b87c,2,2,1,0,0,0,0,0,1,0,1,1,1,0,
train,text-normalization-challenge-russian-language,cards_senior_0809.jsonl:22,text-normalization-challenge-russian-language__ec174734eaf9415fa081a4852ca11005,2,2,1,0,0,0,0,0,1,0,1,1,1,0,
train,text-normalization-challenge-russian-language,cards_senior_0809.jsonl:21,text-normalization-challenge-russian-language__f02362c96a624c52979f060bb8045be0,2,2,1,0,0,0,0,0,1,0,1,1,1,0,
train,text-normalization-challenge-russian-language,cards_senior_0809.jsonl:22,text-normalization-challenge-russian-language__f0d7faf513c441be82742adf478c08e2,2,2,1,0,0,0,0,0,1,0,1,1,1,0,
train,text-normalization-challenge-russian-language,cards_senior_0809.jsonl:21,text-normalization-challenge-russian-language__f2eb66a6e7c744108bd9b448d0f52221,2,2,1,0,0,0,0,0,1,0,1,1,1,0,
train,text-normalization-challenge-russian-language,cards_senior_0809.jsonl:24,text-normalization-challenge-russian-language__f84ffb79f8d148e590cf14ff86a8d74a,2,2,1,0,0,0,0,0,1,0,1,1,1,0,
train,text-normalization-challenge-russian-language,cards_senior_0809.jsonl:21,text-normalization-challenge-russian-language__f88e9a43f4f14c33a408a333ef5b366f,2,2,1,0,0,0,0,0,1,0,1,1,1,0,
train,text-normalization-challenge-russian-language,cards_senior_0809.jsonl:24,text-normalization-challenge-russian-language__fa05e6db990c4a3f923e24f07a4dd022,2,2,1,0,0,0,0,0,1,0,1,1,1,0,
train,text-normalization-challenge-russian-language,cards_senior_0809.jsonl:24,text-normalization-challenge-russian-language__fcc091b138734455bc94999d59cc3969,2,2,1,0,0,0,0,0,1,0,1,1,1,0,
train,text-normalization-challenge-russian-language,cards_senior_0809.jsonl:21,text-normalization-challenge-russian-language__fd4e4dffabae4d81961fd102885e4f67,2,2,1,0,0,0,0,0,1,0,1,1,1,0,
train,text-normalization-challenge-russian-language,cards_senior_0809.jsonl:25,text-normalization-challenge-russian-language__fdf7e0882b354e96984148549373bfbf,2,2,1,0,0,0,0,0,1,0,1,1,1,0,
train,tweet-sentiment-extraction,cards_senior_0806.jsonl:23,tweet-sentiment-extraction__0029874e9bca4b9281cb6a2b0f4d1186,2,2,1,0,0,0,0,0,1,0,1,1,1,0,
train,tweet-sentiment-extraction,cards_senior_0806.jsonl:25,tweet-sentiment-extraction__06c28fa9729b4b75b05f625d0a04208d,2,2,1,0,0,0,0,0,1,0,1,1,1,0,
train,tweet-sentiment-extraction,cards_senior_0806.jsonl:25,tweet-sentiment-extraction__0704edfdcb91490a9c2eb9e5229b368e,2,2,1,0,0,0,0,0,1,0,1,1,1,0,
train,tweet-sentiment-extraction,cards_senior_0806.jsonl:23,tweet-sentiment-extraction__07308a9654e44579939cb5286da0ac21,2,2,1,0,0,0,0,0,1,0,1,1,1,0,
train,tweet-sentiment-extraction,cards_senior_0806.jsonl:23,tweet-sentiment-extraction__0a547f62c7ad4b10b72faf89ef57f8f6,2,2,1,0,0,0,0,0,1,0,1,1,1,0,
train,tweet-sentiment-extraction,cards_senior_0806.jsonl:25,tweet-sentiment-extraction__0c43117d08094fbc83f357d1254e2032,2,2,1,0,0,0,0,0,1,0,1,1,1,0,
train,tweet-sentiment-extraction,cards_senior_0806.jsonl:25,tweet-sentiment-extraction__19b16e2b42054d509e75610b946d76ea,2,2,1,0,0,0,0,0,1,0,1,1,1,0,
train,tweet-sentiment-extraction,cards_senior_0806.jsonl:25,tweet-sentiment-extraction__38d5dc1be0324ebfa54211905447986d,2,2,1,0,0,0,0,0,1,0,1,1,1,0,
train,tweet-sentiment-extraction,cards_senior_0806.jsonl:23,tweet-sentiment-extraction__4084a80612be4ba5aefa83f11424deae,2,2,1,0,0,0,0,0,1,0,1,1,1,0,
train,tweet-sentiment-extraction,cards_senior_0806.jsonl:23,tweet-sentiment-extraction__425c0737678c47998efc7ed5d1b1ab7c,2,2,1,0,0,0,0,0,1,0,1,1,1,0,
train,tweet-sentiment-extraction,cards_senior_0808.jsonl:30,tweet-sentiment-extraction__5311218d9e644711bc0c57569ae3075d,2,2,1,0,0,0,0,0,1,0,1,1,1,0,
train,tweet-sentiment-extraction,cards_senior_0806.jsonl:25,tweet-sentiment-extraction__5871f2387b5445f9b976e1a57ce3844e,2,2,1,0,0,0,0,0,1,0,1,1,1,0,
train,tweet-sentiment-extraction,cards_senior_0806.jsonl:23,tweet-sentiment-extraction__695e6189b039483dbfc3171cc5cff0cc,2,2,1,0,0,0,0,0,1,0,1,1,1,0,
train,tweet-sentiment-extraction,cards_senior_0806.jsonl:25,tweet-sentiment-extraction__731fdbd5ce7f48bf82d6d1cdd64b91cd,2,2,1,0,0,0,0,0,1,0,1,1,1,0,
train,tweet-sentiment-extraction,cards_senior_0806.jsonl:23,tweet-sentiment-extraction__7937b43db846420bb0a9f40b06dbccfb,2,2,1,0,0,0,0,0,1,0,1,1,1,0,
train,tweet-sentiment-extraction,cards_senior_0806.jsonl:23,tweet-sentiment-extraction__7a21c4ad01ac409eab43f5c26dbb1a41,2,2,1,0,0,0,0,0,1,0,1,1,1,0,
train,tweet-sentiment-extraction,cards_senior_0806.jsonl:23,tweet-sentiment-extraction__7b89dabd8a7c45adac15702078a1a050,2,2,1,0,0,0,0,0,1,0,1,1,1,0,
train,tweet-sentiment-extraction,cards_senior_0806.jsonl:25,tweet-sentiment-extraction__96b897890ad14e3999778b526ffe6153,2,2,1,0,0,0,0,0,1,0,1,1,1,0,
train,tweet-sentiment-extraction,cards_senior_0806.jsonl:25,tweet-sentiment-extraction__97da0a9a69ae4608a4a650793e1c2a99,2,2,1,0,0,0,0,0,1,0,1,1,1,0,
train,tweet-sentiment-extraction,cards_senior_0806.jsonl:23,tweet-sentiment-extraction__9dbb38bfe3cc49868216d5aa985ea863,2,2,1,0,0,0,0,0,1,0,1,1,1,0,
train,tweet-sentiment-extraction,cards_senior_0806.jsonl:23,tweet-sentiment-extraction__a10b11d8c7e54192996924c111d06375,2,2,1,0,0,0,0,0,1,0,1,1,1,0,
train,tweet-sentiment-extraction,cards_senior_0806.jsonl:25,tweet-sentiment-extraction__aa5c91f988e846a794e7d63d6552a2b7,2,2,1,0,0,0,0,0,1,0,1,1,1,0,
train,tweet-sentiment-extraction,cards_senior_0806.jsonl:23,tweet-sentiment-extraction__ab3ed45e7f8e48a7845a1bd211858d5c,2,2,1,0,0,0,0,0,1,0,1,1,1,0,
train,tweet-sentiment-extraction,cards_senior_0806.jsonl:25,tweet-sentiment-extraction__b0fc8db02ed44fb2bfebf9baafe78fbc,2,2,1,0,0,0,0,0,1,0,1,1,1,0,
train,tweet-sentiment-extraction,cards_senior_0806.jsonl:25,tweet-sentiment-extraction__b10c7d73394747e1b46295870c532d0f,2,2,1,0,0,0,0,0,1,0,1,1,1,0,
train,tweet-sentiment-extraction,cards_senior_0806.jsonl:25,tweet-sentiment-extraction__b6f200c19595412bbbf4e8dc537eab2c,2,2,1,0,0,0,0,0,1,0,1,1,1,0,
train,tweet-sentiment-extraction,cards_senior_0806.jsonl:23,tweet-sentiment-extraction__b89940050a8c4585bbaea6681475af0c,2,2,1,0,0,0,0,0,1,0,1,1,1,0,
train,tweet-sentiment-extraction,cards_senior_0806.jsonl:23,tweet-sentiment-extraction__c53f7f1ef76f40bd99a7aa8bd5661b7a,2,2,1,0,0,0,0,0,1,0,1,1,1,0,
train,tweet-sentiment-extraction,cards_senior_0806.jsonl:25,tweet-sentiment-extraction__c717785a8d5946d3becb4a5e4160c311,2,2,1,0,0,0,0,0,1,0,1,1,1,0,
train,tweet-sentiment-extraction,cards_senior_0806.jsonl:25,tweet-sentiment-extraction__c9510c43dbd543fca93ce53aa5b94575,2,2,1,0,0,0,0,0,1,0,1,1,1,0,
train,tweet-sentiment-extraction,cards_senior_0806.jsonl:23,tweet-sentiment-extraction__caf79baf889b46f4b624e19806a2e82f,2,2,1,0,0,0,0,0,1,0,1,1,1,0,
train,tweet-sentiment-extraction,cards_senior_0806.jsonl:25,tweet-sentiment-extraction__d61c261b5f41449a9612b43b7914d95f,2,2,1,0,0,0,0,0,1,0,1,1,1,0,
train,tweet-sentiment-extraction,cards_senior_0806.jsonl:25,tweet-sentiment-extraction__def9f1d4476549c19efb5fc414ff09bd,2,2,1,0,0,0,0,0,1,0,1,1,1,0,
train,tweet-sentiment-extraction,cards_senior_0806.jsonl:25,tweet-sentiment-extraction__e16105114cde4e33aec82074767dcd1b,2,2,1,0,0,0,0,0,1,0,1,1,1,0,
train,tweet-sentiment-extraction,cards_senior_0806.jsonl:23,tweet-sentiment-extraction__eaee46b7a2b843068bc49bfc3100ee3c,2,2,1,0,0,0,0,0,1,0,1,1,1,0,
train,tweet-sentiment-extraction,cards_senior_0806.jsonl:23,tweet-sentiment-extraction__eea9821965574940becae445f09fb2e5,2,2,1,0,0,0,0,0,1,0,1,1,1,0,
train,tweet-sentiment-extraction,cards_senior_0806.jsonl:25,tweet-sentiment-extraction__f01b12a1eb53462889b59114a29ff7f1,2,2,1,0,0,0,0,0,1,0,1,1,1,0,
train,tweet-sentiment-extraction,cards_senior_0808.jsonl:30,tweet-sentiment-extraction__f2b728f2f03941809ca6a6907f723f27,2,2,1,0,0,0,0,0,1,0,1,1,1,0,
train,tweet-sentiment-extraction,cards_senior_0806.jsonl:23,tweet-sentiment-extraction__f752b09aa133495a9a089a4a58da7e5d,2,2,1,0,0,0,0,0,1,0,1,1,1,0,
train,tweet-sentiment-extraction,cards_senior_0806.jsonl:25,tweet-sentiment-extraction__f7c6e789689440b89ae1c4c0fb2c5386,2,2,1,0,0,0,0,0,1,0,1,1,1,0,
train,us-patent-phrase-to-phrase-matching,cards_senior_0809.jsonl:1,us-patent-phrase-to-phrase-matching__0017948c34254c0ea72a3f4360c11df2,2,2,1,0,0,0,0,0,1,0,1,1,1,0,
train,us-patent-phrase-to-phrase-matching,cards_senior_0809.jsonl:1,us-patent-phrase-to-phrase-matching__01db21a0abb04b60879bb229a46cce62,2,2,1,0,0,0,0,0,1,0,1,1,1,0,
train,us-patent-phrase-to-phrase-matching,cards_senior_0809.jsonl:2,us-patent-phrase-to-phrase-matching__02be900b51d3428488039036c4b080da,2,2,1,0,0,0,0,0,1,0,1,1,1,0,
train,us-patent-phrase-to-phrase-matching,cards_senior_0809.jsonl:1,us-patent-phrase-to-phrase-matching__02efcd6c4d76486e9d03987f69d4fcdf,2,2,1,0,0,0,0,0,1,0,1,1,1,0,
train,us-patent-phrase-to-phrase-matching,cards_senior_0809.jsonl:1,us-patent-phrase-to-phrase-matching__03caca721f3049f99e14d762de01baea,2,2,1,0,0,0,0,0,1,0,1,1,1,0,
train,us-patent-phrase-to-phrase-matching,cards_senior_0809.jsonl:2,us-patent-phrase-to-phrase-matching__03ed7910fa4245c0a4e6c671391be909,2,2,1,0,0,0,0,0,1,0,1,1,1,0,
train,us-patent-phrase-to-phrase-matching,cards_senior_0809.jsonl:1,us-patent-phrase-to-phrase-matching__0419537b53394f4ead0b013fc9ca26ab,2,2,1,0,0,0,0,0,1,0,1,1,1,0,
train,us-patent-phrase-to-phrase-matching,cards_senior_0809.jsonl:2,us-patent-phrase-to-phrase-matching__048f20dc59664d78866a21c232446076,2,2,1,0,0,0,0,0,1,0,1,1,1,0,
train,us-patent-phrase-to-phrase-matching,cards_senior_0805seq.jsonl:7,us-patent-phrase-to-phrase-matching__05972d7ff5f94a64aa30312edac85f3e,2,2,1,0,0,0,0,0,1,0,1,1,1,0,
train,us-patent-phrase-to-phrase-matching,cards_senior_0806.jsonl:6,us-patent-phrase-to-phrase-matching__05a83c515e754fc1a6f944e681713bf2,2,2,1,0,0,0,0,0,1,0,1,1,1,0,
train,us-patent-phrase-to-phrase-matching,cards_senior_0809.jsonl:2,us-patent-phrase-to-phrase-matching__0804305dccba4e7da889fdcbde22c3e3,2,2,1,0,0,0,0,0,1,0,1,1,1,0,
train,us-patent-phrase-to-phrase-matching,cards_senior_0809.jsonl:1,us-patent-phrase-to-phrase-matching__087f80e9c06e42adbe41258a43dcc68e,2,2,1,0,0,0,0,0,1,0,1,1,1,0,
train,us-patent-phrase-to-phrase-matching,cards_senior_0809.jsonl:1,us-patent-phrase-to-phrase-matching__08f4e68f560e47dea3266d2ee0f117e5,2,2,1,0,0,0,0,0,1,0,1,1,1,0,
train,us-patent-phrase-to-phrase-matching,cards_senior_0809.jsonl:1,us-patent-phrase-to-phrase-matching__09a60920e6ba46aeb8ce7ebe45172355,2,2,1,0,0,0,0,0,1,0,1,1,1,0,
train,us-patent-phrase-to-phrase-matching,cards_senior_0809.jsonl:1,us-patent-phrase-to-phrase-matching__09f9ad979d834413a01d9a086dfe631f,2,2,1,0,0,0,0,0,1,0,1,1,1,0,
train,us-patent-phrase-to-phrase-matching,cards_senior_0810.jsonl:5,us-patent-phrase-to-phrase-matching__0af83cc1ce7748aabe63a7083c8c84be,2,2,1,0,0,0,0,0,1,0,1,1,1,0,
train,us-patent-phrase-to-phrase-matching,cards_senior_0805seq.jsonl:7,us-patent-phrase-to-phrase-matching__0b8a3d177d4b4e34ab7ea55a834dd88b,2,2,1,0,0,0,0,0,1,0,1,1,1,0,
train,us-patent-phrase-to-phrase-matching,cards_senior_0809.jsonl:2,us-patent-phrase-to-phrase-matching__0ea4507619ec458fb4d1fa012691af96,2,2,1,0,0,0,0,0,1,0,1,1,1,0,
train,us-patent-phrase-to-phrase-matching,cards_senior_0809.jsonl:1,us-patent-phrase-to-phrase-matching__112f6d2c564a47e09ecbc4ae82276761,2,2,1,0,0,0,0,0,1,0,1,1,1,0,
train,us-patent-phrase-to-phrase-matching,cards_senior_0809.jsonl:2,us-patent-phrase-to-phrase-matching__1194396bf6be42ffa6f8b8a6e0ff446f,2,2,1,0,0,0,0,0,1,0,1,1,1,0,
train,us-patent-phrase-to-phrase-matching,cards_senior_0807.jsonl:5,us-patent-phrase-to-phrase-matching__12bba963ad42428e8729f016afafa8a5,2,2,1,0,0,0,0,0,1,0,1,1,1,0,
train,us-patent-phrase-to-phrase-matching,cards_senior_0809.jsonl:2,us-patent-phrase-to-phrase-matching__12c1ff27e4fa41a9bdc0b12def138ae4,2,2,1,0,0,0,0,0,1,0,1,1,1,0,
train,us-patent-phrase-to-phrase-matching,cards_senior_0809.jsonl:1,us-patent-phrase-to-phrase-matching__1356b6838ca943e3a702ea65b1540383,2,2,1,0,0,0,0,0,1,0,1,1,1,0,
train,us-patent-phrase-to-phrase-matching,cards_senior_0809.jsonl:1,us-patent-phrase-to-phrase-matching__14e0741d3efb4cf48790f276c6ab5b86,2,2,1,0,0,0,0,0,1,0,1,1,1,0,
train,us-patent-phrase-to-phrase-matching,cards_senior_0809.jsonl:2,us-patent-phrase-to-phrase-matching__15701e381f2d46cea3f663c677aae8c9,2,2,1,0,0,0,0,0,1,0,1,1,1,0,
train,us-patent-phrase-to-phrase-matching,cards_senior_0805seq.jsonl:6,us-patent-phrase-to-phrase-matching__15988ed69d7f4d1d89457eeb63e1c67a,2,2,1,0,0,0,0,0,1,0,1,1,1,0,
train,us-patent-phrase-to-phrase-matching,cards_senior_0809.jsonl:2,us-patent-phrase-to-phrase-matching__15deeaf79d544d98a6ff5d1a77d7fa0a,2,2,1,0,0,0,0,0,1,0,1,1,1,0,
train,us-patent-phrase-to-phrase-matching,cards_senior_0809.jsonl:1,us-patent-phrase-to-phrase-matching__192b674c42df421dbf350e229359dfaf,2,2,1,0,0,0,0,0,1,0,1,1,1,0,
train,us-patent-phrase-to-phrase-matching,cards_senior_0809.jsonl:2,us-patent-phrase-to-phrase-matching__194a79c323b94e49b1cbc3da13a6f8d6,2,2,1,0,0,0,0,0,1,0,1,1,1,0,
train,us-patent-phrase-to-phrase-matching,cards_senior_0809.jsonl:2,us-patent-phrase-to-phrase-matching__19556cfa25a64f0897838a75a03ae328,2,2,1,0,0,0,0,0,1,0,1,1,1,0,
train,us-patent-phrase-to-phrase-matching,cards_senior_0810.jsonl:6,us-patent-phrase-to-phrase-matching__19985b43d01a4740b874b6ee90d416d9,2,2,1,0,0,0,0,0,1,0,1,1,1,0,
train,us-patent-phrase-to-phrase-matching,cards_senior_0805seq.jsonl:7,us-patent-phrase-to-phrase-matching__19e0065550ba4c638c23d82cfc72af69,2,2,1,0,0,0,0,0,1,0,1,1,1,0,
train,us-patent-phrase-to-phrase-matching,cards_senior_0806.jsonl:6,us-patent-phrase-to-phrase-matching__1a9abba7d66749cba85b17ab8a2b1048,2,2,1,0,0,0,0,0,1,0,1,1,1,0,
train,us-patent-phrase-to-phrase-matching,cards_senior_0806.jsonl:7,us-patent-phrase-to-phrase-matching__1b05fe82eacd45e8b9f2013308876733,2,2,1,0,0,0,0,0,1,0,1,1,1,0,
train,us-patent-phrase-to-phrase-matching,cards_senior_0809.jsonl:2,us-patent-phrase-to-phrase-matching__1bd7bb18fd8b44e28a74e3c6d77e5591,2,2,1,0,0,0,0,0,1,0,1,1,1,0,
train,us-patent-phrase-to-phrase-matching,cards_senior_0809.jsonl:1,us-patent-phrase-to-phrase-matching__1bdd9b0253ae4d1fa78e34fd9cc39c22,2,2,1,0,0,0,0,0,1,0,1,1,1,0,
train,us-patent-phrase-to-phrase-matching,cards_senior_0809.jsonl:2,us-patent-phrase-to-phrase-matching__1be67ca5e86544e58377c50d9f782b83,2,2,1,0,0,0,0,0,1,0,1,1,1,0,
train,us-patent-phrase-to-phrase-matching,cards_senior_0809.jsonl:1,us-patent-phrase-to-phrase-matching__1be98b13091b4c7dbec38ec752b48ecc,2,2,1,0,0,0,0,0,1,0,1,1,1,0,
train,us-patent-phrase-to-phrase-matching,cards_senior_0806.jsonl:7,us-patent-phrase-to-phrase-matching__1bf826c79d3e43669f0f74b3ea5f2fa3,2,2,1,0,0,0,0,0,1,0,1,1,1,0,
train,us-patent-phrase-to-phrase-matching,cards_senior_0809.jsonl:1,us-patent-phrase-to-phrase-matching__1c27174dd9e44455b8f07bd655dde0c0,2,2,1,0,0,0,0,0,1,0,1,1,1,0,
train,us-patent-phrase-to-phrase-matching,cards_senior_0809.jsonl:2,us-patent-phrase-to-phrase-matching__1c8d1a2d2993485ab9dd321054f44ceb,2,2,1,0,0,0,0,0,1,0,1,1,1,0,
train,us-patent-phrase-to-phrase-matching,cards_senior_0809.jsonl:1,us-patent-phrase-to-phrase-matching__1cc720e611724e36ba997c725624c5c4,2,2,1,0,0,0,0,0,1,0,1,1,1,0,
train,us-patent-phrase-to-phrase-matching,cards_senior_0810.jsonl:5,us-patent-phrase-to-phrase-matching__1d0b75aafc9841988e61fef61212e1f7,2,2,1,0,0,0,0,0,1,0,1,1,1,0,
train,us-patent-phrase-to-phrase-matching,cards_senior_0805seq.jsonl:6,us-patent-phrase-to-phrase-matching__1d205f28b6c64402b3726cff4c66dd38,2,2,1,0,0,0,0,0,1,0,1,1,1,0,
train,us-patent-phrase-to-phrase-matching,cards_senior_0809.jsonl:1,us-patent-phrase-to-phrase-matching__1d62341ae1134ca39f7ab716a5802436,2,2,1,0,0,0,0,0,1,0,1,1,1,0,
train,us-patent-phrase-to-phrase-matching,cards_senior_0809.jsonl:2,us-patent-phrase-to-phrase-matching__1dd7c536288f41e7a18ba425076a03c7,2,2,1,0,0,0,0,0,1,0,1,1,1,0,
train,us-patent-phrase-to-phrase-matching,cards_senior_0809.jsonl:2,us-patent-phrase-to-phrase-matching__1f6b1f90563f4c9ea4486b12e115cfe9,2,2,1,0,0,0,0,0,1,0,1,1,1,0,
train,us-patent-phrase-to-phrase-matching,cards_senior_0810.jsonl:6,us-patent-phrase-to-phrase-matching__1fa7a92cbf6047518dfd2a7322784103,2,2,1,0,0,0,0,0,1,0,1,1,1,0,
train,us-patent-phrase-to-phrase-matching,cards_senior_0809.jsonl:2,us-patent-phrase-to-phrase-matching__1fe7fde916ac470d95b2b2ad92bd48bb,2,2,1,0,0,0,0,0,1,0,1,1,1,0,
train,us-patent-phrase-to-phrase-matching,cards_senior_0809.jsonl:1,us-patent-phrase-to-phrase-matching__1ffc9c53f237453498503bdc2d8710c6,2,2,1,0,0,0,0,0,1,0,1,1,1,0,
train,us-patent-phrase-to-phrase-matching,cards_senior_0809.jsonl:2,us-patent-phrase-to-phrase-matching__20bd4666af31456796c6921b4799ab94,2,2,1,0,0,0,0,0,1,0,1,1,1,0,
train,us-patent-phrase-to-phrase-matching,cards_senior_0809.jsonl:1,us-patent-phrase-to-phrase-matching__230cf183532a4594937c5896112c4c92,2,2,1,0,0,0,0,0,1,0,1,1,1,0,
train,us-patent-phrase-to-phrase-matching,cards_senior_0809.jsonl:1,us-patent-phrase-to-phrase-matching__236da69cdf1249da9316f8ce5b8ceeec,2,2,1,0,0,0,0,0,1,0,1,1,1,0,
train,us-patent-phrase-to-phrase-matching,cards_senior_0809.jsonl:2,us-patent-phrase-to-phrase-matching__2429aa3c500241df880880e822bed056,2,2,1,0,0,0,0,0,1,0,1,1,1,0,
train,us-patent-phrase-to-phrase-matching,cards_senior_0809.jsonl:1,us-patent-phrase-to-phrase-matching__24b4d42e0b3348a6be8c17c0306dca24,2,2,1,0,0,0,0,0,1,0,1,1,1,0,
train,us-patent-phrase-to-phrase-matching,cards_senior_0809.jsonl:2,us-patent-phrase-to-phrase-matching__250fa56d5dd84da08caf267a005cbdfb,2,2,1,0,0,0,0,0,1,0,1,1,1,0,
train,us-patent-phrase-to-phrase-matching,cards_senior_0809.jsonl:1,us-patent-phrase-to-phrase-matching__2651f68e532d446f9ff26df55e394b4f,2,2,1,0,0,0,0,0,1,0,1,1,1,0,
train,us-patent-phrase-to-phrase-matching,cards_senior_0809.jsonl:2,us-patent-phrase-to-phrase-matching__27381858133f45ee9a19c1665dc9557e,2,2,1,0,0,0,0,0,1,0,1,1,1,0,
train,us-patent-phrase-to-phrase-matching,cards_senior_0809.jsonl:1,us-patent-phrase-to-phrase-matching__2865b5359afa4eebae96c74525b2043b,2,2,1,0,0,0,0,0,1,0,1,1,1,0,
train,us-patent-phrase-to-phrase-matching,cards_senior_0809.jsonl:1,us-patent-phrase-to-phrase-matching__28ac2d1cde8a42768175981e200ad29c,2,2,1,0,0,0,0,0,1,0,1,1,1,0,
train,us-patent-phrase-to-phrase-matching,cards_senior_0809.jsonl:2,us-patent-phrase-to-phrase-matching__292e5ecb77ef4694beee37fc845ce067,2,2,1,0,0,0,0,0,1,0,1,1,1,0,
train,us-patent-phrase-to-phrase-matching,cards_senior_0806.jsonl:6,us-patent-phrase-to-phrase-matching__29cf12865cab4a9eb9eb31593959e0b8,2,2,1,0,0,0,0,0,1,0,1,1,1,0,
train,us-patent-phrase-to-phrase-matching,cards_senior_0809.jsonl:1,us-patent-phrase-to-phrase-matching__29d2bfdd23f14c0f9cb1daad22dc58b2,2,2,1,0,0,0,0,0,1,0,1,1,1,0,
train,us-patent-phrase-to-phrase-matching,cards_senior_0809.jsonl:2,us-patent-phrase-to-phrase-matching__2bc08d2500eb4f0f9e6d9523485638f0,2,2,1,0,0,0,0,0,1,0,1,1,1,0,
train,us-patent-phrase-to-phrase-matching,cards_senior_0809.jsonl:2,us-patent-phrase-to-phrase-matching__2c997aaf4bd44273a970ba074553c6d4,2,2,1,0,0,0,0,0,1,0,1,1,1,0,
train,us-patent-phrase-to-phrase-matching,cards_senior_0809.jsonl:2,us-patent-phrase-to-phrase-matching__2d0184affdd940c9a39b6218e552c7b8,2,2,1,0,0,0,0,0,1,0,1,1,1,0,
train,us-patent-phrase-to-phrase-matching,cards_senior_0809.jsonl:2,us-patent-phrase-to-phrase-matching__2d40ace71bc54ccba4fd71ad7eb432a4,2,2,1,0,0,0,0,0,1,0,1,1,1,0,
train,us-patent-phrase-to-phrase-matching,cards_senior_0809.jsonl:1,us-patent-phrase-to-phrase-matching__2eadc3f2bfed420688f5abd6a367766e,2,2,1,0,0,0,0,0,1,0,1,1,1,0,
train,us-patent-phrase-to-phrase-matching,cards_senior_0809.jsonl:1,us-patent-phrase-to-phrase-matching__2f605ace3e194dfe9f8f5e76e4509096,2,2,1,0,0,0,0,0,1,0,1,1,1,0,
train,us-patent-phrase-to-phrase-matching,cards_senior_0809.jsonl:2,us-patent-phrase-to-phrase-matching__31be475c155d4dd9a8fb2e4d612ae046,2,2,1,0,0,0,0,0,1,0,1,1,1,0,
train,us-patent-phrase-to-phrase-matching,cards_senior_0807.jsonl:5,us-patent-phrase-to-phrase-matching__335f27f21467454c89129711e6dacb4d,2,2,1,0,0,0,0,0,1,0,1,1,1,0,
train,us-patent-phrase-to-phrase-matching,cards_senior_0805seq.jsonl:6,us-patent-phrase-to-phrase-matching__336d8d347ce64c8aa2981c318df33f84,2,2,1,0,0,0,0,0,1,0,1,1,1,0,
train,us-patent-phrase-to-phrase-matching,cards_senior_0809.jsonl:1,us-patent-phrase-to-phrase-matching__33c9ee9f67ce4ee69da6110105052f44,2,2,1,0,0,0,0,0,1,0,1,1,1,0,
train,us-patent-phrase-to-phrase-matching,cards_senior_0809.jsonl:1,us-patent-phrase-to-phrase-matching__345b8b3ad04a45a6ab2049b73b1f0577,2,2,1,0,0,0,0,0,1,0,1,1,1,0,
train,us-patent-phrase-to-phrase-matching,cards_senior_0809.jsonl:1,us-patent-phrase-to-phrase-matching__34b8dfe5ab934a8db75f83b05b03bd5a,2,2,1,0,0,0,0,0,1,0,1,1,1,0,
train,us-patent-phrase-to-phrase-matching,cards_senior_0809.jsonl:1,us-patent-phrase-to-phrase-matching__34f8005771184324bab20090dc63d9f2,2,2,1,0,0,0,0,0,1,0,1,1,1,0,
train,us-patent-phrase-to-phrase-matching,cards_senior_0809.jsonl:2,us-patent-phrase-to-phrase-matching__352344c371f1461aad938ac16ca0a9ef,2,2,1,0,0,0,0,0,1,0,1,1,1,0,
train,us-patent-phrase-to-phrase-matching,cards_senior_0809.jsonl:1,us-patent-phrase-to-phrase-matching__35f23be297ed4de199df3f36e23cdc26,2,2,1,0,0,0,0,0,1,0,1,1,1,0,
train,us-patent-phrase-to-phrase-matching,cards_senior_0805seq.jsonl:6,us-patent-phrase-to-phrase-matching__36e03c0e337d4dda8fe5e638b1cbac11,2,2,1,0,0,0,0,0,1,0,1,1,1,0,
train,us-patent-phrase-to-phrase-matching,cards_senior_0809.jsonl:2,us-patent-phrase-to-phrase-matching__3735615cca934311986c533b5439b569,2,2,1,0,0,0,0,0,1,0,1,1,1,0,
train,us-patent-phrase-to-phrase-matching,cards_senior_0809.jsonl:2,us-patent-phrase-to-phrase-matching__38e7a9aaa87e458b956226d131315dd1,2,2,1,0,0,0,0,0,1,0,1,1,1,0,
train,us-patent-phrase-to-phrase-matching,cards_senior_0809.jsonl:1,us-patent-phrase-to-phrase-matching__394338a98bf449f9a6ccb6d310a2cd9d,2,2,1,0,0,0,0,0,1,0,1,1,1,0,
train,us-patent-phrase-to-phrase-matching,cards_senior_0809.jsonl:2,us-patent-phrase-to-phrase-matching__3986bf21d9384108812c45a147e44f3a,2,2,1,0,0,0,0,0,1,0,1,1,1,0,
train,us-patent-phrase-to-phrase-matching,cards_senior_0809.jsonl:2,us-patent-phrase-to-phrase-matching__3a7273e8829d4a2ab2e34b4286058d99,2,2,1,0,0,0,0,0,1,0,1,1,1,0,
train,us-patent-phrase-to-phrase-matching,cards_senior_0809.jsonl:1,us-patent-phrase-to-phrase-matching__3ac7391dd7b3403593d92689822f532a,2,2,1,0,0,0,0,0,1,0,1,1,1,0,
train,us-patent-phrase-to-phrase-matching,cards_senior_0809.jsonl:2,us-patent-phrase-to-phrase-matching__3ac9af4c57864af3bf4100e248ff94aa,2,2,1,0,0,0,0,0,1,0,1,1,1,0,
train,us-patent-phrase-to-phrase-matching,cards_senior_0810.jsonl:5,us-patent-phrase-to-phrase-matching__3afcbc1086f94c239c582f26569ace34,2,2,1,0,0,0,0,0,1,0,1,1,1,0,
train,us-patent-phrase-to-phrase-matching,cards_senior_0809.jsonl:1,us-patent-phrase-to-phrase-matching__3b14d8fbbb754f7da010f038bcf79de3,2,2,1,0,0,0,0,0,1,0,1,1,1,0,
train,us-patent-phrase-to-phrase-matching,cards_senior_0809.jsonl:1,us-patent-phrase-to-phrase-matching__3ba5363eddbf4c48b4403c74d7295ff1,2,2,1,0,0,0,0,0,1,0,1,1,1,0,
train,us-patent-phrase-to-phrase-matching,cards_senior_0809.jsonl:2,us-patent-phrase-to-phrase-matching__3bc2d930860445688f6bfbbb1aa2158e,2,2,1,0,0,0,0,0,1,0,1,1,1,0,
train,us-patent-phrase-to-phrase-matching,cards_senior_0809.jsonl:1,us-patent-phrase-to-phrase-matching__3c7fe12d87fd42debf328199c1c16610,2,2,1,0,0,0,0,0,1,0,1,1,1,0,
train,us-patent-phrase-to-phrase-matching,cards_senior_0809.jsonl:2,us-patent-phrase-to-phrase-matching__3c9cb473d4ab4141995170d5cf62d71b,2,2,1,0,0,0,0,0,1,0,1,1,1,0,
train,us-patent-phrase-to-phrase-matching,cards_senior_0809.jsonl:2,us-patent-phrase-to-phrase-matching__3d2becd76de94d579c07652de3895b92,2,2,1,0,0,0,0,0,1,0,1,1,1,0,
train,us-patent-phrase-to-phrase-matching,cards_senior_0809.jsonl:2,us-patent-phrase-to-phrase-matching__3ddb513ab5de406695c76b97ed183f97,2,2,1,0,0,0,0,0,1,0,1,1,1,0,
train,us-patent-phrase-to-phrase-matching,cards_senior_0809.jsonl:2,us-patent-phrase-to-phrase-matching__40ef6d260eb74c468645eccc639048f4,2,2,1,0,0,0,0,0,1,0,1,1,1,0,
train,us-patent-phrase-to-phrase-matching,cards_senior_0805seq.jsonl:6,us-patent-phrase-to-phrase-matching__40fcd472f13f41a8bc1f3378385cfc61,2,2,1,0,0,0,0,0,1,0,1,1,1,0,
train,us-patent-phrase-to-phrase-matching,cards_senior_0809.jsonl:2,us-patent-phrase-to-phrase-matching__4130db99abcc40ed8681da3cda0eb7cd,2,2,1,0,0,0,0,0,1,0,1,1,1,0,
train,us-patent-phrase-to-phrase-matching,cards_senior_0809.jsonl:1,us-patent-phrase-to-phrase-matching__41657608b6d848b0a55aefef4ff539b9,2,2,1,0,0,0,0,0,1,0,1,1,1,0,
train,us-patent-phrase-to-phrase-matching,cards_senior_0809.jsonl:2,us-patent-phrase-to-phrase-matching__41e820b3c488485ea3f5568773094121,2,2,1,0,0,0,0,0,1,0,1,1,1,0,
train,us-patent-phrase-to-phrase-matching,cards_senior_0809.jsonl:1,us-patent-phrase-to-phrase-matching__43691563da2345e1abf3fd81d2b4cc56,2,2,1,0,0,0,0,0,1,0,1,1,1,0,
train,us-patent-phrase-to-phrase-matching,cards_senior_0809.jsonl:1,us-patent-phrase-to-phrase-matching__446fbf59509d4b079ac497754f3ed3bd,2,2,1,0,0,0,0,0,1,0,1,1,1,0,
train,us-patent-phrase-to-phrase-matching,cards_senior_0809.jsonl:1,us-patent-phrase-to-phrase-matching__44c06408673f46c9b1a19bb5d2c6caa9,2,2,1,0,0,0,0,0,1,0,1,1,1,0,
train,us-patent-phrase-to-phrase-matching,cards_senior_0809.jsonl:2,us-patent-phrase-to-phrase-matching__45c961932c354545b5aa1cf181feea28,2,2,1,0,0,0,0,0,1,0,1,1,1,0,
train,us-patent-phrase-to-phrase-matching,cards_senior_0809.jsonl:2,us-patent-phrase-to-phrase-matching__4623e9067f454cad92ec111745916fd2,2,2,1,0,0,0,0,0,1,0,1,1,1,0,
train,us-patent-phrase-to-phrase-matching,cards_senior_0809.jsonl:1,us-patent-phrase-to-phrase-matching__46a794b997734b96ad413c15811862b7,2,2,1,0,0,0,0,0,1,0,1,1,1,0,
train,us-patent-phrase-to-phrase-matching,cards_senior_0809.jsonl:2,us-patent-phrase-to-phrase-matching__476e5d35c56a47e9a9136abc7cad582d,2,2,1,0,0,0,0,0,1,0,1,1,1,0,
train,us-patent-phrase-to-phrase-matching,cards_senior_0809.jsonl:1,us-patent-phrase-to-phrase-matching__47cda1647e314e03af956bf8ab65b5be,2,2,1,0,0,0,0,0,1,0,1,1,1,0,
train,us-patent-phrase-to-phrase-matching,cards_senior_0809.jsonl:2,us-patent-phrase-to-phrase-matching__482e8df00c0b438996b07e7db469b851,2,2,1,0,0,0,0,0,1,0,1,1,1,0,
train,us-patent-phrase-to-phrase-matching,cards_senior_0809.jsonl:2,us-patent-phrase-to-phrase-matching__4a25873047184fc0ba61b2ff7686ac80,2,2,1,0,0,0,0,0,1,0,1,1,1,0,
train,us-patent-phrase-to-phrase-matching,cards_senior_0809.jsonl:1,us-patent-phrase-to-phrase-matching__4b2d629eb65d4909941aedaa87018600,2,2,1,0,0,0,0,0,1,0,1,1,1,0,
train,us-patent-phrase-to-phrase-matching,cards_senior_0809.jsonl:2,us-patent-phrase-to-phrase-matching__4dcdd858da494962865ee0250fcc1566,2,2,1,0,0,0,0,0,1,0,1,1,1,0,
train,us-patent-phrase-to-phrase-matching,cards_senior_0809.jsonl:1,us-patent-phrase-to-phrase-matching__4ebc855046f7474397b87029b2ebb7e0,2,2,1,0,0,0,0,0,1,0,1,1,1,0,
train,us-patent-phrase-to-phrase-matching,cards_senior_0807.jsonl:5,us-patent-phrase-to-phrase-matching__4f0a281d906f4d5a87f6547cc19a9105,2,2,1,0,0,0,0,0,1,0,1,1,1,0,
train,us-patent-phrase-to-phrase-matching,cards_senior_0809.jsonl:2,us-patent-phrase-to-phrase-matching__5075ae0594684fb1a6e1af2a513c03f6,2,2,1,0,0,0,0,0,1,0,1,1,1,0,
train,us-patent-phrase-to-phrase-matching,cards_senior_0807.jsonl:5,us-patent-phrase-to-phrase-matching__509288495b8e48ceb0626ee72fcc7a81,2,2,1,0,0,0,0,0,1,0,1,1,1,0,
train,us-patent-phrase-to-phrase-matching,cards_senior_0806.jsonl:7,us-patent-phrase-to-phrase-matching__5213ab0648c54e1da75543a90e840afd,2,2,1,0,0,0,0,0,1,0,1,1,1,0,
train,us-patent-phrase-to-phrase-matching,cards_senior_0809.jsonl:2,us-patent-phrase-to-phrase-matching__52934cba71f247cfb93556a67c77e1fa,2,2,1,0,0,0,0,0,1,0,1,1,1,0,
train,us-patent-phrase-to-phrase-matching,cards_senior_0809.jsonl:2,us-patent-phrase-to-phrase-matching__52d075a7a3bc41b0ab86d4ea0fa3d8d4,2,2,1,0,0,0,0,0,1,0,1,1,1,0,
train,us-patent-phrase-to-phrase-matching,cards_senior_0809.jsonl:1,us-patent-phrase-to-phrase-matching__53007a3f80a448e98b2003d2016b6a11,2,2,1,0,0,0,0,0,1,0,1,1,1,0,
train,us-patent-phrase-to-phrase-matching,cards_senior_0809.jsonl:1,us-patent-phrase-to-phrase-matching__532a14da9a754b67a3e5b7cc61844421,2,2,1,0,0,0,0,0,1,0,1,1,1,0,
train,us-patent-phrase-to-phrase-matching,cards_senior_0809.jsonl:2,us-patent-phrase-to-phrase-matching__536b7a74915d4e0697180b294f5b1d8e,2,2,1,0,0,0,0,0,1,0,1,1,1,0,
train,us-patent-phrase-to-phrase-matching,cards_senior_0809.jsonl:1,us-patent-phrase-to-phrase-matching__5383ac2d1ef342b797d885161bb935e7,2,2,1,0,0,0,0,0,1,0,1,1,1,0,
train,us-patent-phrase-to-phrase-matching,cards_senior_0809.jsonl:2,us-patent-phrase-to-phrase-matching__53f7a22e3e0a4da5bf3b8ff1224b2351,2,2,1,0,0,0,0,0,1,0,1,1,1,0,
train,us-patent-phrase-to-phrase-matching,cards_senior_0809.jsonl:2,us-patent-phrase-to-phrase-matching__544eec98bc8d45369b12a157cf2ad8fe,2,2,1,0,0,0,0,0,1,0,1,1,1,0,
train,us-patent-phrase-to-phrase-matching,cards_senior_0809.jsonl:2,us-patent-phrase-to-phrase-matching__55a996cb025e42858bda197fa00b5a99,2,2,1,0,0,0,0,0,1,0,1,1,1,0,
train,us-patent-phrase-to-phrase-matching,cards_senior_0809.jsonl:1,us-patent-phrase-to-phrase-matching__56307927a3a54a41b88726c9d446d830,2,2,1,0,0,0,0,0,1,0,1,1,1,0,
train,us-patent-phrase-to-phrase-matching,cards_senior_0809.jsonl:2,us-patent-phrase-to-phrase-matching__566b483c73aa4370b9b2e9c7677271cb,2,2,1,0,0,0,0,0,1,0,1,1,1,0,
train,us-patent-phrase-to-phrase-matching,cards_senior_0809.jsonl:2,us-patent-phrase-to-phrase-matching__569569a340374ffca9b39768957a1a17,2,2,1,0,0,0,0,0,1,0,1,1,1,0,
train,us-patent-phrase-to-phrase-matching,cards_senior_0807.jsonl:4,us-patent-phrase-to-phrase-matching__576769198e684e8f8a27930ff04c35fc,2,2,1,0,0,0,0,0,1,0,1,1,1,0,
train,us-patent-phrase-to-phrase-matching,cards_senior_0809.jsonl:1,us-patent-phrase-to-phrase-matching__5798170b304f4ab2aa0e575c60f499f3,2,2,1,0,0,0,0,0,1,0,1,1,1,0,
train,us-patent-phrase-to-phrase-matching,cards_senior_0809.jsonl:1,us-patent-phrase-to-phrase-matching__58a6098207f248bfa570d710a556fc6e,2,2,1,0,0,0,0,0,1,0,1,1,1,0,
train,us-patent-phrase-to-phrase-matching,cards_senior_0809.jsonl:1,us-patent-phrase-to-phrase-matching__58b0da93a1a1440289c2c9bf1458dd23,2,2,1,0,0,0,0,0,1,0,1,1,1,0,
train,us-patent-phrase-to-phrase-matching,cards_senior_0809.jsonl:2,us-patent-phrase-to-phrase-matching__59f7d8f876aa47a79efa282d525cfbde,2,2,1,0,0,0,0,0,1,0,1,1,1,0,
train,us-patent-phrase-to-phrase-matching,cards_senior_0809.jsonl:2,us-patent-phrase-to-phrase-matching__5bb30137c6074d87a6e27ee52e70ffd9,2,2,1,0,0,0,0,0,1,0,1,1,1,0,
train,us-patent-phrase-to-phrase-matching,cards_senior_0809.jsonl:1,us-patent-phrase-to-phrase-matching__5c51034eda3a4dfa99d2847a5c4f377d,2,2,1,0,0,0,0,0,1,0,1,1,1,0,
train,us-patent-phrase-to-phrase-matching,cards_senior_0809.jsonl:2,us-patent-phrase-to-phrase-matching__5ca29b4d7cd0420da1e61ad897b2a654,2,2,1,0,0,0,0,0,1,0,1,1,1,0,
train,us-patent-phrase-to-phrase-matching,cards_senior_0809.jsonl:1,us-patent-phrase-to-phrase-matching__5d2ff18ca62640c291ddb16ec68ccfc5,2,2,1,0,0,0,0,0,1,0,1,1,1,0,
train,us-patent-phrase-to-phrase-matching,cards_senior_0809.jsonl:2,us-patent-phrase-to-phrase-matching__5ea3e2e8308942bc93587e43073538bc,2,2,1,0,0,0,0,0,1,0,1,1,1,0,
train,us-patent-phrase-to-phrase-matching,cards_senior_0809.jsonl:2,us-patent-phrase-to-phrase-matching__5f58d54b40814fe7ad376c0b887bc69f,2,2,1,0,0,0,0,0,1,0,1,1,1,0,
train,us-patent-phrase-to-phrase-matching,cards_senior_0809.jsonl:2,us-patent-phrase-to-phrase-matching__5f612224470147bc9a44d5be0c6009a0,2,2,1,0,0,0,0,0,1,0,1,1,1,0,
train,us-patent-phrase-to-phrase-matching,cards_senior_0806.jsonl:6,us-patent-phrase-to-phrase-matching__60af59bbedd24432becb1328aeaa7ff3,2,2,1,0,0,0,0,0,1,0,1,1,1,0,
train,us-patent-phrase-to-phrase-matching,cards_senior_0806.jsonl:6,us-patent-phrase-to-phrase-matching__60ed69c34cf44a1ebbb9cf7fc29735af,2,2,1,0,0,0,0,0,1,0,1,1,1,0,
train,us-patent-phrase-to-phrase-matching,cards_senior_0809.jsonl:2,us-patent-phrase-to-phrase-matching__60f2edee42874c08a9c0989650ac976b,2,2,1,0,0,0,0,0,1,0,1,1,1,0,
train,us-patent-phrase-to-phrase-matching,cards_senior_0809.jsonl:2,us-patent-phrase-to-phrase-matching__61671d6b1c8948bc96f788ab0ace625c,2,2,1,0,0,0,0,0,1,0,1,1,1,0,
train,us-patent-phrase-to-phrase-matching,cards_senior_0809.jsonl:2,us-patent-phrase-to-phrase-matching__6451b0652c5643f6bc199cc7a6868eb7,2,2,1,0,0,0,0,0,1,0,1,1,1,0,
train,us-patent-phrase-to-phrase-matching,cards_senior_0809.jsonl:2,us-patent-phrase-to-phrase-matching__6494cf505c5c4bc991a67181fbb7e98b,2,2,1,0,0,0,0,0,1,0,1,1,1,0,
train,us-patent-phrase-to-phrase-matching,cards_senior_0809.jsonl:1,us-patent-phrase-to-phrase-matching__6520d679a9b3492d8b42864ce903f1a5,2,2,1,0,0,0,0,0,1,0,1,1,1,0,
train,us-patent-phrase-to-phrase-matching,cards_senior_0809.jsonl:1,us-patent-phrase-to-phrase-matching__65af19ff14334d0a997edab9687f9643,2,2,1,0,0,0,0,0,1,0,1,1,1,0,
train,us-patent-phrase-to-phrase-matching,cards_senior_0809.jsonl:2,us-patent-phrase-to-phrase-matching__65c22c3139b9418b96f00ed988a3121b,2,2,1,0,0,0,0,0,1,0,1,1,1,0,
train,us-patent-phrase-to-phrase-matching,cards_senior_0809.jsonl:1,us-patent-phrase-to-phrase-matching__65fd6bedbf2a4aceaa8c2ea3dac68cc2,2,2,1,0,0,0,0,0,1,0,1,1,1,0,
train,us-patent-phrase-to-phrase-matching,cards_senior_0809.jsonl:2,us-patent-phrase-to-phrase-matching__6661b4da555148869e03e0606f343dee,2,2,1,0,0,0,0,0,1,0,1,1,1,0,
train,us-patent-phrase-to-phrase-matching,cards_senior_0809.jsonl:2,us-patent-phrase-to-phrase-matching__680d4efac0734c93b1af9c89278017c8,2,2,1,0,0,0,0,0,1,0,1,1,1,0,
train,us-patent-phrase-to-phrase-matching,cards_senior_0809.jsonl:2,us-patent-phrase-to-phrase-matching__68a6904d1fe84819b492217757e5ce91,2,2,1,0,0,0,0,0,1,0,1,1,1,0,
train,us-patent-phrase-to-phrase-matching,cards_senior_0809.jsonl:2,us-patent-phrase-to-phrase-matching__697c0c4065db40ed89de48a27b2ed6fa,2,2,1,0,0,0,0,0,1,0,1,1,1,0,
train,us-patent-phrase-to-phrase-matching,cards_senior_0809.jsonl:2,us-patent-phrase-to-phrase-matching__699ba904333143388f73f9df48d7d548,2,2,1,0,0,0,0,0,1,0,1,1,1,0,
train,us-patent-phrase-to-phrase-matching,cards_senior_0809.jsonl:1,us-patent-phrase-to-phrase-matching__69b46cb029cf4260ab160610942cf849,2,2,1,0,0,0,0,0,1,0,1,1,1,0,
train,us-patent-phrase-to-phrase-matching,cards_senior_0809.jsonl:2,us-patent-phrase-to-phrase-matching__6a325627f80242caa13ef80f58da9afa,2,2,1,0,0,0,0,0,1,0,1,1,1,0,
train,us-patent-phrase-to-phrase-matching,cards_senior_0809.jsonl:2,us-patent-phrase-to-phrase-matching__6ae8bcd45428498a81533472faab6fda,2,2,1,0,0,0,0,0,1,0,1,1,1,0,
train,us-patent-phrase-to-phrase-matching,cards_senior_0809.jsonl:2,us-patent-phrase-to-phrase-matching__6af06f7402474770902e1a7e86b29c99,2,2,1,0,0,0,0,0,1,0,1,1,1,0,
train,us-patent-phrase-to-phrase-matching,cards_senior_0809.jsonl:2,us-patent-phrase-to-phrase-matching__6b331df432ad4d0d8c3ec4c113ac143e,2,2,1,0,0,0,0,0,1,0,1,1,1,0,
train,us-patent-phrase-to-phrase-matching,cards_senior_0809.jsonl:1,us-patent-phrase-to-phrase-matching__6c5af818efe3419c9da41584a83688a6,2,2,1,0,0,0,0,0,1,0,1,1,1,0,
train,us-patent-phrase-to-phrase-matching,cards_senior_0809.jsonl:2,us-patent-phrase-to-phrase-matching__6cee37460545457a832478e1d5bb241c,2,2,1,0,0,0,0,0,1,0,1,1,1,0,
train,us-patent-phrase-to-phrase-matching,cards_senior_0809.jsonl:1,us-patent-phrase-to-phrase-matching__6cf17d1613954116afa0e2f47c940f15,2,2,1,0,0,0,0,0,1,0,1,1,1,0,
train,us-patent-phrase-to-phrase-matching,cards_senior_0809.jsonl:2,us-patent-phrase-to-phrase-matching__6d35c59f722d42a5889d2f1f048cfa5b,2,2,1,0,0,0,0,0,1,0,1,1,1,0,
train,us-patent-phrase-to-phrase-matching,cards_senior_0809.jsonl:2,us-patent-phrase-to-phrase-matching__6df1182eba4f4245883650e4fd287077,2,2,1,0,0,0,0,0,1,0,1,1,1,0,
train,us-patent-phrase-to-phrase-matching,cards_senior_0809.jsonl:1,us-patent-phrase-to-phrase-matching__6dfbeb4ace064211ae0d7eebc25eae0b,2,2,1,0,0,0,0,0,1,0,1,1,1,0,
train,us-patent-phrase-to-phrase-matching,cards_senior_0809.jsonl:2,us-patent-phrase-to-phrase-matching__6e696820aebe4672ad3c304a50a292ba,2,2,1,0,0,0,0,0,1,0,1,1,1,0,
train,us-patent-phrase-to-phrase-matching,cards_senior_0810.jsonl:5,us-patent-phrase-to-phrase-matching__70b44c93d1a547b691ad3311b7faf494,2,2,1,0,0,0,0,0,1,0,1,1,1,0,
train,us-patent-phrase-to-phrase-matching,cards_senior_0809.jsonl:2,us-patent-phrase-to-phrase-matching__70f0027ea1fb4d3eb0430610847e4707,2,2,1,0,0,0,0,0,1,0,1,1,1,0,
train,us-patent-phrase-to-phrase-matching,cards_senior_0805seq.jsonl:6,us-patent-phrase-to-phrase-matching__71b271dd5d4c4c07b5e653b7ade19a27,2,2,1,0,0,0,0,0,1,0,1,1,1,0,
train,us-patent-phrase-to-phrase-matching,cards_senior_0809.jsonl:2,us-patent-phrase-to-phrase-matching__724b765fe8f349da9df387f7d870c85d,2,2,1,0,0,0,0,0,1,0,1,1,1,0,
train,us-patent-phrase-to-phrase-matching,cards_senior_0809.jsonl:2,us-patent-phrase-to-phrase-matching__755e2d60761a4d85b0be3092d7f5af80,2,2,1,0,0,0,0,0,1,0,1,1,1,0,
train,us-patent-phrase-to-phrase-matching,cards_senior_0809.jsonl:2,us-patent-phrase-to-phrase-matching__765f9320948940e892b2ef38d5763c2e,2,2,1,0,0,0,0,0,1,0,1,1,1,0,
train,us-patent-phrase-to-phrase-matching,cards_senior_0809.jsonl:1,us-patent-phrase-to-phrase-matching__769f67eef30a43c1a5aa4154b11f7c41,2,2,1,0,0,0,0,0,1,0,1,1,1,0,
train,us-patent-phrase-to-phrase-matching,cards_senior_0809.jsonl:2,us-patent-phrase-to-phrase-matching__79b4c0cfc6b74eb3818529636171fba8,2,2,1,0,0,0,0,0,1,0,1,1,1,0,
train,us-patent-phrase-to-phrase-matching,cards_senior_0809.jsonl:2,us-patent-phrase-to-phrase-matching__7a7b332c67bf48898aa307989a6aa0b3,2,2,1,0,0,0,0,0,1,0,1,1,1,0,
train,us-patent-phrase-to-phrase-matching,cards_senior_0809.jsonl:1,us-patent-phrase-to-phrase-matching__7accfb0405294565a0d35a668e4619ef,2,2,1,0,0,0,0,0,1,0,1,1,1,0,
train,us-patent-phrase-to-phrase-matching,cards_senior_0809.jsonl:2,us-patent-phrase-to-phrase-matching__7b5837e41d1b45a1a4ea211665fcf52d,2,2,1,0,0,0,0,0,1,0,1,1,1,0,
train,us-patent-phrase-to-phrase-matching,cards_senior_0809.jsonl:1,us-patent-phrase-to-phrase-matching__7c65c8dc6f3c4a6e9c30813353d414dc,2,2,1,0,0,0,0,0,1,0,1,1,1,0,
train,us-patent-phrase-to-phrase-matching,cards_senior_0809.jsonl:1,us-patent-phrase-to-phrase-matching__7e2cca8d08fe411cb774235455f62745,2,2,1,0,0,0,0,0,1,0,1,1,1,0,
train,us-patent-phrase-to-phrase-matching,cards_senior_0809.jsonl:2,us-patent-phrase-to-phrase-matching__7eca57483a8544e6a38db79c700c22c9,2,2,1,0,0,0,0,0,1,0,1,1,1,0,
train,us-patent-phrase-to-phrase-matching,cards_senior_0809.jsonl:2,us-patent-phrase-to-phrase-matching__7ed2743293494142a39baf7b5a268d42,2,2,1,0,0,0,0,0,1,0,1,1,1,0,
train,us-patent-phrase-to-phrase-matching,cards_senior_0809.jsonl:2,us-patent-phrase-to-phrase-matching__7ef8ec21352b4a4aac837c958554bb15,2,2,1,0,0,0,0,0,1,0,1,1,1,0,
train,us-patent-phrase-to-phrase-matching,cards_senior_0809.jsonl:1,us-patent-phrase-to-phrase-matching__7f26fba00e2644dfb815e23e1e07cfd6,2,2,1,0,0,0,0,0,1,0,1,1,1,0,
train,us-patent-phrase-to-phrase-matching,cards_senior_0809.jsonl:2,us-patent-phrase-to-phrase-matching__8056aacb01df4b3eb6ccc2bb2e049b2f,2,2,1,0,0,0,0,0,1,0,1,1,1,0,
train,us-patent-phrase-to-phrase-matching,cards_senior_0809.jsonl:1,us-patent-phrase-to-phrase-matching__81dcf37c2cad4d639abb7ea5fa7f2340,2,2,1,0,0,0,0,0,1,0,1,1,1,0,
train,us-patent-phrase-to-phrase-matching,cards_senior_0809.jsonl:1,us-patent-phrase-to-phrase-matching__82efb397e63542a2bd82eb7b557af56a,2,2,1,0,0,0,0,0,1,0,1,1,1,0,
train,us-patent-phrase-to-phrase-matching,cards_senior_0809.jsonl:2,us-patent-phrase-to-phrase-matching__83d5ef0a215c408dadc53a4ea31f0a2c,2,2,1,0,0,0,0,0,1,0,1,1,1,0,
train,us-patent-phrase-to-phrase-matching,cards_senior_0809.jsonl:1,us-patent-phrase-to-phrase-matching__84079c462f634e26bc5da2f922d358f5,2,2,1,0,0,0,0,0,1,0,1,1,1,0,
train,us-patent-phrase-to-phrase-matching,cards_senior_0809.jsonl:2,us-patent-phrase-to-phrase-matching__8430ff031fb442ae9bb1b2857e3e9ec9,2,2,1,0,0,0,0,0,1,0,1,1,1,0,
train,us-patent-phrase-to-phrase-matching,cards_senior_0809.jsonl:1,us-patent-phrase-to-phrase-matching__84f812d9bcd54482b5b2814b2dccbd47,2,2,1,0,0,0,0,0,1,0,1,1,1,0,
train,us-patent-phrase-to-phrase-matching,cards_senior_0809.jsonl:2,us-patent-phrase-to-phrase-matching__85259ad83e8146fc9fcb4c2b3c544f6e,2,2,1,0,0,0,0,0,1,0,1,1,1,0,
train,us-patent-phrase-to-phrase-matching,cards_senior_0809.jsonl:1,us-patent-phrase-to-phrase-matching__86b1002434644f278eb32d09ae0729b4,2,2,1,0,0,0,0,0,1,0,1,1,1,0,
train,us-patent-phrase-to-phrase-matching,cards_senior_0809.jsonl:2,us-patent-phrase-to-phrase-matching__86bfa04e41a748b5b3942c227cb3d855,2,2,1,0,0,0,0,0,1,0,1,1,1,0,
train,us-patent-phrase-to-phrase-matching,cards_senior_0809.jsonl:2,us-patent-phrase-to-phrase-matching__887902e1a25843d5a45e72cc4ea0a779,2,2,1,0,0,0,0,0,1,0,1,1,1,0,
train,us-patent-phrase-to-phrase-matching,cards_senior_0809.jsonl:2,us-patent-phrase-to-phrase-matching__89a4f9c584904edf8b8f326f069e9672,2,2,1,0,0,0,0,0,1,0,1,1,1,0,
train,us-patent-phrase-to-phrase-matching,cards_senior_0809.jsonl:2,us-patent-phrase-to-phrase-matching__8aa91dea97784465bc23046b3c04f4dd,2,2,1,0,0,0,0,0,1,0,1,1,1,0,
train,us-patent-phrase-to-phrase-matching,cards_senior_0809.jsonl:2,us-patent-phrase-to-phrase-matching__8b37f03854734e8690a773b2d68481a4,2,2,1,0,0,0,0,0,1,0,1,1,1,0,
train,us-patent-phrase-to-phrase-matching,cards_senior_0809.jsonl:1,us-patent-phrase-to-phrase-matching__8bb2167083c8486daec115d5028c7c4d,2,2,1,0,0,0,0,0,1,0,1,1,1,0,
train,us-patent-phrase-to-phrase-matching,cards_senior_0809.jsonl:1,us-patent-phrase-to-phrase-matching__8bf3c89947ce479d80668e3c94256cb9,2,2,1,0,0,0,0,0,1,0,1,1,1,0,
train,us-patent-phrase-to-phrase-matching,cards_senior_0809.jsonl:2,us-patent-phrase-to-phrase-matching__8d6f47afa0dd4d8eacadc66431293ed6,2,2,1,0,0,0,0,0,1,0,1,1,1,0,
train,us-patent-phrase-to-phrase-matching,cards_senior_0809.jsonl:2,us-patent-phrase-to-phrase-matching__8e0e27852f1e4cc4b30937bf1c964777,2,2,1,0,0,0,0,0,1,0,1,1,1,0,
train,us-patent-phrase-to-phrase-matching,cards_senior_0809.jsonl:2,us-patent-phrase-to-phrase-matching__8eb2a62bee434b33b92c4516b27bf0e2,2,2,1,0,0,0,0,0,1,0,1,1,1,0,
train,us-patent-phrase-to-phrase-matching,cards_senior_0809.jsonl:1,us-patent-phrase-to-phrase-matching__8f50dc8eb86347ef97414e84f68baa20,2,2,1,0,0,0,0,0,1,0,1,1,1,0,
train,us-patent-phrase-to-phrase-matching,cards_senior_0809.jsonl:2,us-patent-phrase-to-phrase-matching__901eabcdb5284f6a98d5136c6e2e9377,2,2,1,0,0,0,0,0,1,0,1,1,1,0,
train,us-patent-phrase-to-phrase-matching,cards_senior_0809.jsonl:2,us-patent-phrase-to-phrase-matching__905db826912b48cfa0856f3f760509e8,2,2,1,0,0,0,0,0,1,0,1,1,1,0,
train,us-patent-phrase-to-phrase-matching,cards_senior_0809.jsonl:2,us-patent-phrase-to-phrase-matching__91cc73a97039416c8b43af9250195f36,2,2,1,0,0,0,0,0,1,0,1,1,1,0,
train,us-patent-phrase-to-phrase-matching,cards_senior_0809.jsonl:1,us-patent-phrase-to-phrase-matching__91cf9b376bf84f26af5aa4d886f6dfe9,2,2,1,0,0,0,0,0,1,0,1,1,1,0,
train,us-patent-phrase-to-phrase-matching,cards_senior_0809.jsonl:1,us-patent-phrase-to-phrase-matching__91d75d5ab1d446e4922981731b2dfd2b,2,2,1,0,0,0,0,0,1,0,1,1,1,0,
train,us-patent-phrase-to-phrase-matching,cards_senior_0809.jsonl:2,us-patent-phrase-to-phrase-matching__9259f139bd194ecfbab1f3d31a8f49c1,2,2,1,0,0,0,0,0,1,0,1,1,1,0,
train,us-patent-phrase-to-phrase-matching,cards_senior_0809.jsonl:2,us-patent-phrase-to-phrase-matching__92a213015afe441da1e88f5ac62abbdb,2,2,1,0,0,0,0,0,1,0,1,1,1,0,
train,us-patent-phrase-to-phrase-matching,cards_senior_0809.jsonl:2,us-patent-phrase-to-phrase-matching__944c042da6a345f7b8bd47a40942b948,2,2,1,0,0,0,0,0,1,0,1,1,1,0,
train,us-patent-phrase-to-phrase-matching,cards_senior_0809.jsonl:2,us-patent-phrase-to-phrase-matching__951966818b9849aca7b2b1316ce5ab80,2,2,1,0,0,0,0,0,1,0,1,1,1,0,
train,us-patent-phrase-to-phrase-matching,cards_senior_0809.jsonl:1,us-patent-phrase-to-phrase-matching__95519b5fe5cb47f7bea84bcb3feb8baa,2,2,1,0,0,0,0,0,1,0,1,1,1,0,
train,us-patent-phrase-to-phrase-matching,cards_senior_0809.jsonl:2,us-patent-phrase-to-phrase-matching__95afa29919f64d34ba3500f7c908a45f,2,2,1,0,0,0,0,0,1,0,1,1,1,0,
train,us-patent-phrase-to-phrase-matching,cards_senior_0809.jsonl:1,us-patent-phrase-to-phrase-matching__96f2c27033ee400eb8e1704b319ea1fe,2,2,1,0,0,0,0,0,1,0,1,1,1,0,
train,us-patent-phrase-to-phrase-matching,cards_senior_0809.jsonl:2,us-patent-phrase-to-phrase-matching__976fa31d3913425d9e043d81bc0440fb,2,2,1,0,0,0,0,0,1,0,1,1,1,0,
train,us-patent-phrase-to-phrase-matching,cards_senior_0809.jsonl:1,us-patent-phrase-to-phrase-matching__981ea43ea8ee454dbf635cfb06180f6e,2,2,1,0,0,0,0,0,1,0,1,1,1,0,
train,us-patent-phrase-to-phrase-matching,cards_senior_0809.jsonl:1,us-patent-phrase-to-phrase-matching__98870ce0d5ca417497eb0955bfbe50ee,2,2,1,0,0,0,0,0,1,0,1,1,1,0,
train,us-patent-phrase-to-phrase-matching,cards_senior_0809.jsonl:2,us-patent-phrase-to-phrase-matching__98ca8beb3e514a80a3a2bb11614b16f6,2,2,1,0,0,0,0,0,1,0,1,1,1,0,
train,us-patent-phrase-to-phrase-matching,cards_senior_0805seq.jsonl:6,us-patent-phrase-to-phrase-matching__999eedbd764c4323ba8d09b36b3b636c,2,2,1,0,0,0,0,0,1,0,1,1,1,0,
train,us-patent-phrase-to-phrase-matching,cards_senior_0809.jsonl:2,us-patent-phrase-to-phrase-matching__99d01ee9183d444c9f60a5c72b85909a,2,2,1,0,0,0,0,0,1,0,1,1,1,0,
train,us-patent-phrase-to-phrase-matching,cards_senior_0809.jsonl:2,us-patent-phrase-to-phrase-matching__9c98dc921e20424eb45804325c004311,2,2,1,0,0,0,0,0,1,0,1,1,1,0,
train,us-patent-phrase-to-phrase-matching,cards_senior_0809.jsonl:2,us-patent-phrase-to-phrase-matching__9cc31f16fff8432a8a361be622b2b92d,2,2,1,0,0,0,0,0,1,0,1,1,1,0,
train,us-patent-phrase-to-phrase-matching,cards_senior_0809.jsonl:1,us-patent-phrase-to-phrase-matching__9db08ef3d30448318e3953d231919537,2,2,1,0,0,0,0,0,1,0,1,1,1,0,
train,us-patent-phrase-to-phrase-matching,cards_senior_0809.jsonl:1,us-patent-phrase-to-phrase-matching__9e46af44616e40c2bb18acbd19e48d8e,2,2,1,0,0,0,0,0,1,0,1,1,1,0,
train,us-patent-phrase-to-phrase-matching,cards_senior_0809.jsonl:1,us-patent-phrase-to-phrase-matching__9e82d0c2249d436ca644fa44acb88529,2,2,1,0,0,0,0,0,1,0,1,1,1,0,
train,us-patent-phrase-to-phrase-matching,cards_senior_0809.jsonl:2,us-patent-phrase-to-phrase-matching__9eae5985633b42478639117d9bbe30e1,2,2,1,0,0,0,0,0,1,0,1,1,1,0,
train,us-patent-phrase-to-phrase-matching,cards_senior_0809.jsonl:2,us-patent-phrase-to-phrase-matching__9f5520154f584e3d97f1688eba1b5c5e,2,2,1,0,0,0,0,0,1,0,1,1,1,0,
train,us-patent-phrase-to-phrase-matching,cards_senior_0809.jsonl:1,us-patent-phrase-to-phrase-matching__9fc55cf36a83475b8c83b2f229104127,2,2,1,0,0,0,0,0,1,0,1,1,1,0,
train,us-patent-phrase-to-phrase-matching,cards_senior_0809.jsonl:1,us-patent-phrase-to-phrase-matching__a09d2f7b74fd40e9b5875fee5ce1ca4e,2,2,1,0,0,0,0,0,1,0,1,1,1,0,
train,us-patent-phrase-to-phrase-matching,cards_senior_0809.jsonl:2,us-patent-phrase-to-phrase-matching__a0f545e534a34d858f6da0ba4171b161,2,2,1,0,0,0,0,0,1,0,1,1,1,0,
train,us-patent-phrase-to-phrase-matching,cards_senior_0809.jsonl:1,us-patent-phrase-to-phrase-matching__a191351cb40546dc9b898985708451cb,2,2,1,0,0,0,0,0,1,0,1,1,1,0,
train,us-patent-phrase-to-phrase-matching,cards_senior_0809.jsonl:2,us-patent-phrase-to-phrase-matching__a331f79cbefb4d448e85d0464d63c73c,2,2,1,0,0,0,0,0,1,0,1,1,1,0,
train,us-patent-phrase-to-phrase-matching,cards_senior_0809.jsonl:2,us-patent-phrase-to-phrase-matching__a56fad7460f84c288fde28c060dbc79b,2,2,1,0,0,0,0,0,1,0,1,1,1,0,
train,us-patent-phrase-to-phrase-matching,cards_senior_0809.jsonl:2,us-patent-phrase-to-phrase-matching__a6a68d13429b425bae111d397f06ea52,2,2,1,0,0,0,0,0,1,0,1,1,1,0,
train,us-patent-phrase-to-phrase-matching,cards_senior_0809.jsonl:1,us-patent-phrase-to-phrase-matching__a775e92ae7a647818397daf9b0798c25,2,2,1,0,0,0,0,0,1,0,1,1,1,0,
train,us-patent-phrase-to-phrase-matching,cards_senior_0809.jsonl:2,us-patent-phrase-to-phrase-matching__a8051602e0e64476b987d015d0854a19,2,2,1,0,0,0,0,0,1,0,1,1,1,0,
train,us-patent-phrase-to-phrase-matching,cards_senior_0809.jsonl:1,us-patent-phrase-to-phrase-matching__a87e9d0bcc0c4e69a7541c1ed4b5d878,2,2,1,0,0,0,0,0,1,0,1,1,1,0,
train,us-patent-phrase-to-phrase-matching,cards_senior_0809.jsonl:2,us-patent-phrase-to-phrase-matching__a8adbdef052548dfbaa388c81c3a1c65,2,2,1,0,0,0,0,0,1,0,1,1,1,0,
train,us-patent-phrase-to-phrase-matching,cards_senior_0809.jsonl:1,us-patent-phrase-to-phrase-matching__aa56929d8f574577904de0bf5644693f,2,2,1,0,0,0,0,0,1,0,1,1,1,0,
train,us-patent-phrase-to-phrase-matching,cards_senior_0809.jsonl:2,us-patent-phrase-to-phrase-matching__aa97515c5b4d47ee8fe998e0098a56d0,2,2,1,0,0,0,0,0,1,0,1,1,1,0,
train,us-patent-phrase-to-phrase-matching,cards_senior_0809.jsonl:1,us-patent-phrase-to-phrase-matching__aaf0959a86004fd09d14705579bc89a7,2,2,1,0,0,0,0,0,1,0,1,1,1,0,
train,us-patent-phrase-to-phrase-matching,cards_senior_0809.jsonl:2,us-patent-phrase-to-phrase-matching__ab1d903e8a4145f4926a9f0121546862,2,2,1,0,0,0,0,0,1,0,1,1,1,0,
train,us-patent-phrase-to-phrase-matching,cards_senior_0809.jsonl:1,us-patent-phrase-to-phrase-matching__ac360c66bd904b40b0f44ea18b287ad6,2,2,1,0,0,0,0,0,1,0,1,1,1,0,
train,us-patent-phrase-to-phrase-matching,cards_senior_0809.jsonl:2,us-patent-phrase-to-phrase-matching__ad8ecc0ff9d7408f88132fd1eaa5f41d,2,2,1,0,0,0,0,0,1,0,1,1,1,0,
train,us-patent-phrase-to-phrase-matching,cards_senior_0809.jsonl:1,us-patent-phrase-to-phrase-matching__ae0d5bfc89b340558fea9b86bd1a008e,2,2,1,0,0,0,0,0,1,0,1,1,1,0,
train,us-patent-phrase-to-phrase-matching,cards_senior_0809.jsonl:2,us-patent-phrase-to-phrase-matching__af27cd8a32444839a92c6fba17a37c19,2,2,1,0,0,0,0,0,1,0,1,1,1,0,
train,us-patent-phrase-to-phrase-matching,cards_senior_0805seq.jsonl:7,us-patent-phrase-to-phrase-matching__b067ae8b319b48d1914f05dff8361178,2,2,1,0,0,0,0,0,1,0,1,1,1,0,
train,us-patent-phrase-to-phrase-matching,cards_senior_0809.jsonl:2,us-patent-phrase-to-phrase-matching__b11fcf35623740558b90e0538f12f8e2,2,2,1,0,0,0,0,0,1,0,1,1,1,0,
train,us-patent-phrase-to-phrase-matching,cards_senior_0809.jsonl:2,us-patent-phrase-to-phrase-matching__b1a4b8123cd4422aa1ea245b5dd28af9,2,2,1,0,0,0,0,0,1,0,1,1,1,0,
train,us-patent-phrase-to-phrase-matching,cards_senior_0809.jsonl:2,us-patent-phrase-to-phrase-matching__b511ad4c604c499681f0010440209a11,2,2,1,0,0,0,0,0,1,0,1,1,1,0,
train,us-patent-phrase-to-phrase-matching,cards_senior_0807.jsonl:5,us-patent-phrase-to-phrase-matching__b528343741fa42bc8135014c9dda6b36,2,2,1,0,0,0,0,0,1,0,1,1,1,0,
train,us-patent-phrase-to-phrase-matching,cards_senior_0809.jsonl:2,us-patent-phrase-to-phrase-matching__b5630459f88c42459a79af73d16d6db6,2,2,1,0,0,0,0,0,1,0,1,1,1,0,
train,us-patent-phrase-to-phrase-matching,cards_senior_0809.jsonl:1,us-patent-phrase-to-phrase-matching__b5c9030797874b209ee55961ff6023d7,2,2,1,0,0,0,0,0,1,0,1,1,1,0,
train,us-patent-phrase-to-phrase-matching,cards_senior_0809.jsonl:2,us-patent-phrase-to-phrase-matching__b944358e28c04eedb91a7787cc8c38a6,2,2,1,0,0,0,0,0,1,0,1,1,1,0,
train,us-patent-phrase-to-phrase-matching,cards_senior_0809.jsonl:1,us-patent-phrase-to-phrase-matching__baf92897a37746018c90f46909d95ef3,2,2,1,0,0,0,0,0,1,0,1,1,1,0,
train,us-patent-phrase-to-phrase-matching,cards_senior_0809.jsonl:2,us-patent-phrase-to-phrase-matching__bd64e4bcd53948b59ec0bd8f92ea973a,2,2,1,0,0,0,0,0,1,0,1,1,1,0,
train,us-patent-phrase-to-phrase-matching,cards_senior_0809.jsonl:1,us-patent-phrase-to-phrase-matching__bdd044e953a441a2b5d9401afaabbccf,2,2,1,0,0,0,0,0,1,0,1,1,1,0,
train,us-patent-phrase-to-phrase-matching,cards_senior_0809.jsonl:2,us-patent-phrase-to-phrase-matching__beaa3499ab864eb6a727db3d2baefb00,2,2,1,0,0,0,0,0,1,0,1,1,1,0,
train,us-patent-phrase-to-phrase-matching,cards_senior_0809.jsonl:2,us-patent-phrase-to-phrase-matching__c037e97d2b4c4d43b0db656dc7d5c345,2,2,1,0,0,0,0,0,1,0,1,1,1,0,
train,us-patent-phrase-to-phrase-matching,cards_senior_0809.jsonl:1,us-patent-phrase-to-phrase-matching__c041012acc084026acb1a1f17453ca5e,2,2,1,0,0,0,0,0,1,0,1,1,1,0,
train,us-patent-phrase-to-phrase-matching,cards_senior_0809.jsonl:2,us-patent-phrase-to-phrase-matching__c38b1277718c4753a08955a60db22b07,2,2,1,0,0,0,0,0,1,0,1,1,1,0,
train,us-patent-phrase-to-phrase-matching,cards_senior_0809.jsonl:2,us-patent-phrase-to-phrase-matching__c810636feef44a8c917a5a836a51567d,2,2,1,0,0,0,0,0,1,0,1,1,1,0,
train,us-patent-phrase-to-phrase-matching,cards_senior_0809.jsonl:2,us-patent-phrase-to-phrase-matching__c82f069ef6634dec93222fa582310497,2,2,1,0,0,0,0,0,1,0,1,1,1,0,
train,us-patent-phrase-to-phrase-matching,cards_senior_0809.jsonl:1,us-patent-phrase-to-phrase-matching__c84d769169bf49a08373669017e41aba,2,2,1,0,0,0,0,0,1,0,1,1,1,0,
train,us-patent-phrase-to-phrase-matching,cards_senior_0809.jsonl:2,us-patent-phrase-to-phrase-matching__cce0d2859eb548c79e4d243cdbfd4482,2,2,1,0,0,0,0,0,1,0,1,1,1,0,
train,us-patent-phrase-to-phrase-matching,cards_senior_0809.jsonl:1,us-patent-phrase-to-phrase-matching__cd0c6946273e418b83c6cee6df633ebc,2,2,1,0,0,0,0,0,1,0,1,1,1,0,
train,us-patent-phrase-to-phrase-matching,cards_senior_0809.jsonl:1,us-patent-phrase-to-phrase-matching__cd90fc7fe51342338fec170e534faa43,2,2,1,0,0,0,0,0,1,0,1,1,1,0,
train,us-patent-phrase-to-phrase-matching,cards_senior_0809.jsonl:2,us-patent-phrase-to-phrase-matching__cda188658af3403cb5c3916fc489f407,2,2,1,0,0,0,0,0,1,0,1,1,1,0,
train,us-patent-phrase-to-phrase-matching,cards_senior_0809.jsonl:2,us-patent-phrase-to-phrase-matching__cdd2bfb3fe944563999aaad4fdc427eb,2,2,1,0,0,0,0,0,1,0,1,1,1,0,
train,us-patent-phrase-to-phrase-matching,cards_senior_0809.jsonl:2,us-patent-phrase-to-phrase-matching__ce2a06ebe2464e2b92b6cf11b44874d7,2,2,1,0,0,0,0,0,1,0,1,1,1,0,
train,us-patent-phrase-to-phrase-matching,cards_senior_0809.jsonl:1,us-patent-phrase-to-phrase-matching__ce7adb03c4e7486e9646bc7533463bbf,2,2,1,0,0,0,0,0,1,0,1,1,1,0,
train,us-patent-phrase-to-phrase-matching,cards_senior_0809.jsonl:1,us-patent-phrase-to-phrase-matching__cea0ec8414b04c9696193b102df9d917,2,2,1,0,0,0,0,0,1,0,1,1,1,0,
train,us-patent-phrase-to-phrase-matching,cards_senior_0809.jsonl:1,us-patent-phrase-to-phrase-matching__cee9e9eb034344cea482f4ca0b0bfd6b,2,2,1,0,0,0,0,0,1,0,1,1,1,0,
train,us-patent-phrase-to-phrase-matching,cards_senior_0809.jsonl:1,us-patent-phrase-to-phrase-matching__cf14b97e147e40e2b9ce06acd0bdeaa2,2,2,1,0,0,0,0,0,1,0,1,1,1,0,
train,us-patent-phrase-to-phrase-matching,cards_senior_0809.jsonl:1,us-patent-phrase-to-phrase-matching__cfafa0aa61b14483a99a1fbc39e3a8e7,2,2,1,0,0,0,0,0,1,0,1,1,1,0,
train,us-patent-phrase-to-phrase-matching,cards_senior_0809.jsonl:2,us-patent-phrase-to-phrase-matching__d125bae16a514d1cb38eb9e9cff4f797,2,2,1,0,0,0,0,0,1,0,1,1,1,0,
train,us-patent-phrase-to-phrase-matching,cards_senior_0809.jsonl:1,us-patent-phrase-to-phrase-matching__d2046117346844cc85d373e9c080dec6,2,2,1,0,0,0,0,0,1,0,1,1,1,0,
train,us-patent-phrase-to-phrase-matching,cards_senior_0809.jsonl:2,us-patent-phrase-to-phrase-matching__d25741d8f37b4a1394affb979cb26a40,2,2,1,0,0,0,0,0,1,0,1,1,1,0,
train,us-patent-phrase-to-phrase-matching,cards_senior_0809.jsonl:2,us-patent-phrase-to-phrase-matching__d36e71f4b89f4417bd4b1380898e43c3,2,2,1,0,0,0,0,0,1,0,1,1,1,0,
train,us-patent-phrase-to-phrase-matching,cards_senior_0806.jsonl:7,us-patent-phrase-to-phrase-matching__d3984463a74444bf8c19801dd5db30a2,2,2,1,0,0,0,0,0,1,0,1,1,1,0,
train,us-patent-phrase-to-phrase-matching,cards_senior_0806.jsonl:7,us-patent-phrase-to-phrase-matching__d51e72b265fa46e6b193bc729cb11d4e,2,2,1,0,0,0,0,0,1,0,1,1,1,0,
train,us-patent-phrase-to-phrase-matching,cards_senior_0809.jsonl:1,us-patent-phrase-to-phrase-matching__d7a012abd95344ec82704d4b19a16274,2,2,1,0,0,0,0,0,1,0,1,1,1,0,
train,us-patent-phrase-to-phrase-matching,cards_senior_0805seq.jsonl:6,us-patent-phrase-to-phrase-matching__d825756cd1194440a8a6f6a23f3f3869,2,2,1,0,0,0,0,0,1,0,1,1,1,0,
train,us-patent-phrase-to-phrase-matching,cards_senior_0809.jsonl:2,us-patent-phrase-to-phrase-matching__d9a75a344a134211b870b29057de33c9,2,2,1,0,0,0,0,0,1,0,1,1,1,0,
train,us-patent-phrase-to-phrase-matching,cards_senior_0809.jsonl:2,us-patent-phrase-to-phrase-matching__da8e448dd077435bacc2f5eff75e2352,2,2,1,0,0,0,0,0,1,0,1,1,1,0,
train,us-patent-phrase-to-phrase-matching,cards_senior_0805seq.jsonl:7,us-patent-phrase-to-phrase-matching__dae3da0dfefc4e9a8de2b14f1b7cdfe9,2,2,1,0,0,0,0,0,1,0,1,1,1,0,
train,us-patent-phrase-to-phrase-matching,cards_senior_0809.jsonl:2,us-patent-phrase-to-phrase-matching__db33542a967f4eb19e9e70e1ddacd7b9,2,2,1,0,0,0,0,0,1,0,1,1,1,0,
train,us-patent-phrase-to-phrase-matching,cards_senior_0809.jsonl:1,us-patent-phrase-to-phrase-matching__db3b52c1864a4d95adf878c12a17a936,2,2,1,0,0,0,0,0,1,0,1,1,1,0,
train,us-patent-phrase-to-phrase-matching,cards_senior_0809.jsonl:2,us-patent-phrase-to-phrase-matching__dbb8b3c71ca74c4aba8ed79f106a4118,2,2,1,0,0,0,0,0,1,0,1,1,1,0,
train,us-patent-phrase-to-phrase-matching,cards_senior_0809.jsonl:2,us-patent-phrase-to-phrase-matching__dc20815afbb0423b8dffa850cdcc833a,2,2,1,0,0,0,0,0,1,0,1,1,1,0,
train,us-patent-phrase-to-phrase-matching,cards_senior_0809.jsonl:2,us-patent-phrase-to-phrase-matching__dc8df2c61c3940b39484aa436140db8b,2,2,1,0,0,0,0,0,1,0,1,1,1,0,
train,us-patent-phrase-to-phrase-matching,cards_senior_0809.jsonl:2,us-patent-phrase-to-phrase-matching__dd1156c6923548949963b4f575720ffb,2,2,1,0,0,0,0,0,1,0,1,1,1,0,
train,us-patent-phrase-to-phrase-matching,cards_senior_0809.jsonl:1,us-patent-phrase-to-phrase-matching__ddcaa182cd164b468fc14c261cc2aef9,2,2,1,0,0,0,0,0,1,0,1,1,1,0,
train,us-patent-phrase-to-phrase-matching,cards_senior_0809.jsonl:2,us-patent-phrase-to-phrase-matching__ddea1cf1f9f345edadbb9edf65b3d51a,2,2,1,0,0,0,0,0,1,0,1,1,1,0,
train,us-patent-phrase-to-phrase-matching,cards_senior_0809.jsonl:1,us-patent-phrase-to-phrase-matching__df6de594cf2d4aedab3f0f1862254e89,2,2,1,0,0,0,0,0,1,0,1,1,1,0,
train,us-patent-phrase-to-phrase-matching,cards_senior_0809.jsonl:1,us-patent-phrase-to-phrase-matching__e0feef5ad2d74a70a48af42027216cd4,2,2,1,0,0,0,0,0,1,0,1,1,1,0,
train,us-patent-phrase-to-phrase-matching,cards_senior_0809.jsonl:2,us-patent-phrase-to-phrase-matching__e1f17f286a0344cfb224a07f628cacf5,2,2,1,0,0,0,0,0,1,0,1,1,1,0,
train,us-patent-phrase-to-phrase-matching,cards_senior_0809.jsonl:1,us-patent-phrase-to-phrase-matching__e2a24ea083304a50a9e7c6a09fa8de6e,2,2,1,0,0,0,0,0,1,0,1,1,1,0,
train,us-patent-phrase-to-phrase-matching,cards_senior_0809.jsonl:1,us-patent-phrase-to-phrase-matching__e2e52cd71ddc48d687c06535c2df06a6,2,2,1,0,0,0,0,0,1,0,1,1,1,0,
train,us-patent-phrase-to-phrase-matching,cards_senior_0809.jsonl:1,us-patent-phrase-to-phrase-matching__e3426ebdb6a4427daea73fab8002fdd8,2,2,1,0,0,0,0,0,1,0,1,1,1,0,
train,us-patent-phrase-to-phrase-matching,cards_senior_0809.jsonl:2,us-patent-phrase-to-phrase-matching__e39095bef3fe483cbc2d1a77207da0ee,2,2,1,0,0,0,0,0,1,0,1,1,1,0,
train,us-patent-phrase-to-phrase-matching,cards_senior_0806.jsonl:6,us-patent-phrase-to-phrase-matching__e406674613c74e4e99657f3022f9303d,2,2,1,0,0,0,0,0,1,0,1,1,1,0,
train,us-patent-phrase-to-phrase-matching,cards_senior_0809.jsonl:1,us-patent-phrase-to-phrase-matching__e6590a95b4784fe9b282e4dfc8faf19b,2,2,1,0,0,0,0,0,1,0,1,1,1,0,
train,us-patent-phrase-to-phrase-matching,cards_senior_0809.jsonl:1,us-patent-phrase-to-phrase-matching__e8859230581b42498b27f468edc1ab2b,2,2,1,0,0,0,0,0,1,0,1,1,1,0,
train,us-patent-phrase-to-phrase-matching,cards_senior_0809.jsonl:1,us-patent-phrase-to-phrase-matching__e910e640853c4ea1b83153d9029fec1e,2,2,1,0,0,0,0,0,1,0,1,1,1,0,
train,us-patent-phrase-to-phrase-matching,cards_senior_0809.jsonl:1,us-patent-phrase-to-phrase-matching__ea4cbd989c1942d0b6b3e61cce2add32,2,2,1,0,0,0,0,0,1,0,1,1,1,0,
train,us-patent-phrase-to-phrase-matching,cards_senior_0809.jsonl:1,us-patent-phrase-to-phrase-matching__ea743eddbbe249bb86d74ee0293952ab,2,2,1,0,0,0,0,0,1,0,1,1,1,0,
train,us-patent-phrase-to-phrase-matching,cards_senior_0809.jsonl:2,us-patent-phrase-to-phrase-matching__eadcc959025843a4871af3b5756f0601,2,2,1,0,0,0,0,0,1,0,1,1,1,0,
train,us-patent-phrase-to-phrase-matching,cards_senior_0809.jsonl:2,us-patent-phrase-to-phrase-matching__ecd3da8d0c154f3e881c653009bad339,2,2,1,0,0,0,0,0,1,0,1,1,1,0,
train,us-patent-phrase-to-phrase-matching,cards_senior_0809.jsonl:1,us-patent-phrase-to-phrase-matching__ecda2c90ef6b4f65ab79697a30f88839,2,2,1,0,0,0,0,0,1,0,1,1,1,0,
train,us-patent-phrase-to-phrase-matching,cards_senior_0809.jsonl:1,us-patent-phrase-to-phrase-matching__ecdf53dd11b14eb1bad26795f4965a69,2,2,1,0,0,0,0,0,1,0,1,1,1,0,
train,us-patent-phrase-to-phrase-matching,cards_senior_0809.jsonl:2,us-patent-phrase-to-phrase-matching__ef65d29ce6d64d0d86740401c4a787fb,2,2,1,0,0,0,0,0,1,0,1,1,1,0,
train,us-patent-phrase-to-phrase-matching,cards_senior_0809.jsonl:1,us-patent-phrase-to-phrase-matching__f0288ac08e20402faabe252d129d72df,2,2,1,0,0,0,0,0,1,0,1,1,1,0,
train,us-patent-phrase-to-phrase-matching,cards_senior_0809.jsonl:2,us-patent-phrase-to-phrase-matching__f0424306fa914ea587120db5122383f5,2,2,1,0,0,0,0,0,1,0,1,1,1,0,
train,us-patent-phrase-to-phrase-matching,cards_senior_0805seq.jsonl:7,us-patent-phrase-to-phrase-matching__f1b7355457d94a009741f54f9f8e7e35,2,2,1,0,0,0,0,0,1,0,1,1,1,0,
train,us-patent-phrase-to-phrase-matching,cards_senior_0809.jsonl:2,us-patent-phrase-to-phrase-matching__f259cecaaf6745b0a308c97dbf0878db,2,2,1,0,0,0,0,0,1,0,1,1,1,0,
train,us-patent-phrase-to-phrase-matching,cards_senior_0806.jsonl:6,us-patent-phrase-to-phrase-matching__f2daf94f73fa47848070afe1d9a8d5b5,2,2,1,0,0,0,0,0,1,0,1,1,1,0,
train,us-patent-phrase-to-phrase-matching,cards_senior_0809.jsonl:1,us-patent-phrase-to-phrase-matching__f2e803ee4d674e188489bb068d0eaada,2,2,1,0,0,0,0,0,1,0,1,1,1,0,
train,us-patent-phrase-to-phrase-matching,cards_senior_0809.jsonl:2,us-patent-phrase-to-phrase-matching__f3943d4c61684c5c82fceb35ea30a743,2,2,1,0,0,0,0,0,1,0,1,1,1,0,
train,us-patent-phrase-to-phrase-matching,cards_senior_0809.jsonl:2,us-patent-phrase-to-phrase-matching__f444ef949f054ef7bbe604a1efd83d86,2,2,1,0,0,0,0,0,1,0,1,1,1,0,
train,us-patent-phrase-to-phrase-matching,cards_senior_0809.jsonl:2,us-patent-phrase-to-phrase-matching__f663078dfb4240d084ce24ac89da280b,2,2,1,0,0,0,0,0,1,0,1,1,1,0,
train,us-patent-phrase-to-phrase-matching,cards_senior_0809.jsonl:2,us-patent-phrase-to-phrase-matching__f7bfc680d2e447b29ed5d4b3087e2785,2,2,1,0,0,0,0,0,1,0,1,1,1,0,
train,us-patent-phrase-to-phrase-matching,cards_senior_0809.jsonl:2,us-patent-phrase-to-phrase-matching__f867019cd1f0468095be90a248207dc2,2,2,1,0,0,0,0,0,1,0,1,1,1,0,
train,us-patent-phrase-to-phrase-matching,cards_senior_0809.jsonl:1,us-patent-phrase-to-phrase-matching__f86b36d36d2140c996d7538d7cb67eae,2,2,1,0,0,0,0,0,1,0,1,1,1,0,
train,us-patent-phrase-to-phrase-matching,cards_senior_0809.jsonl:1,us-patent-phrase-to-phrase-matching__fb3b9a80b1fb4f008345ccc5858c2f20,2,2,1,0,0,0,0,0,1,0,1,1,1,0,
train,us-patent-phrase-to-phrase-matching,cards_senior_0809.jsonl:1,us-patent-phrase-to-phrase-matching__fc2628d000e3465d8904d93018038e64,2,2,1,0,0,0,0,0,1,0,1,1,1,0,
train,us-patent-phrase-to-phrase-matching,cards_senior_0809.jsonl:1,us-patent-phrase-to-phrase-matching__fcacd18942944da0874ba645ebe58a28,2,2,1,0,0,0,0,0,1,0,1,1,1,0,
train,us-patent-phrase-to-phrase-matching,cards_senior_0809.jsonl:1,us-patent-phrase-to-phrase-matching__fcef675f701f427aae07fc31a341f270,2,2,1,0,0,0,0,0,1,0,1,1,1,0,
train,us-patent-phrase-to-phrase-matching,cards_senior_0809.jsonl:1,us-patent-phrase-to-phrase-matching__fdd34eed01664222ac512084f603fb41,2,2,1,0,0,0,0,0,1,0,1,1,1,0,
train,us-patent-phrase-to-phrase-matching,cards_senior_0809.jsonl:2,us-patent-phrase-to-phrase-matching__fdfe8ad8f7e14c16aafb20034163b750,2,2,1,0,0,0,0,0,1,0,1,1,1,0,
train,us-patent-phrase-to-phrase-matching,cards_senior_0805seq.jsonl:6,us-patent-phrase-to-phrase-matching__fe08407271d14f6cb09de1105c5cb8e7,2,2,1,0,0,0,0,0,1,0,1,1,1,0,
train,us-patent-phrase-to-phrase-matching,cards_senior_0809.jsonl:2,us-patent-phrase-to-phrase-matching__fe8965d563da47eea4b4c94838fa7865,2,2,1,0,0,0,0,0,1,0,1,1,1,0,
train,us-patent-phrase-to-phrase-matching,cards_senior_0809.jsonl:2,us-patent-phrase-to-phrase-matching__febe9774730a4fa79b0e1f3051d44d07,2,2,1,0,0,0,0,0,1,0,1,1,1,0,
train,us-patent-phrase-to-phrase-matching,cards_senior_0809.jsonl:2,us-patent-phrase-to-phrase-matching__ff79d8e49dc94ff996b629a6d60953af,2,2,1,0,0,0,0,0,1,0,1,1,1,0,
train,whale-categorization-playground,cards_senior_0808.jsonl:6,whale-categorization-playground__00778404d0ba40f0967e8ed1171bb289,2,2,1,0,0,0,0,0,1,0,1,1,1,0,
train,whale-categorization-playground,cards_senior_0808.jsonl:6,whale-categorization-playground__02d9d3a42ede432aa2f32c033f69f5ca,2,2,1,0,0,0,0,0,1,0,1,1,1,0,
train,whale-categorization-playground,cards_senior_0808.jsonl:6,whale-categorization-playground__0a5877faf5124a1cac1d803d3ee305c7,2,2,1,0,0,0,0,0,1,0,1,1,1,0,
train,whale-categorization-playground,cards_senior_0809.jsonl:5,whale-categorization-playground__0fe13ced99544aa3ba313ce19e277ec9,2,2,1,0,0,0,0,0,1,0,1,1,1,0,
train,whale-categorization-playground,cards_senior_0808.jsonl:6,whale-categorization-playground__13a443dde76a4c8cba13f962998d159c,2,2,1,0,0,0,0,0,1,0,1,1,1,0,
train,whale-categorization-playground,cards_ours_20260727.jsonl:58,whale-categorization-playground__170375f8ed5f475dbc136927b465c566,5,3,3,0,0,0,2,0,3,7,10,0.29999999999999999,0.29999999999999999,0,0
train,whale-categorization-playground,cards_senior_0808.jsonl:6,whale-categorization-playground__1c1b0bc804b6464ebdbb799c861d1e55,2,2,1,0,0,0,0,0,1,0,1,1,1,0,
train,whale-categorization-playground,cards_senior_0807.jsonl:6,whale-categorization-playground__1e77bad011bf485093f71203d6265f8b,2,2,1,0,0,0,0,0,1,0,1,1,1,0,
train,whale-categorization-playground,cards_senior_0808.jsonl:6,whale-categorization-playground__1fb3d64812834d7284a7341c81349baf,2,2,1,0,0,0,0,0,1,0,1,1,1,0,
train,whale-categorization-playground,cards_senior_0811.jsonl:42,whale-categorization-playground__26cce1fddf09409a821847f594aec050,2,2,1,0,0,0,0,0,1,0,1,1,1,0,
train,whale-categorization-playground,cards_senior_0808.jsonl:6,whale-categorization-playground__280ce14460364a049a36e21bac72b45f,2,2,1,0,0,0,0,0,1,0,1,1,1,0,
train,whale-categorization-playground,cards_senior_0811.jsonl:37,whale-categorization-playground__29a0130a5fc2427dafe636fa6197c788,2,2,1,0,0,0,0,0,1,0,1,1,1,0,
train,whale-categorization-playground,cards_senior_0809.jsonl:7,whale-categorization-playground__29c3d02d354a445c89199f49b0642813,2,2,1,0,0,0,0,0,1,0,1,1,1,0,
train,whale-categorization-playground,cards_senior_0809.jsonl:7,whale-categorization-playground__2b32f68ad33b4aa5a1dadaba1bbfef72,2,2,1,0,0,0,0,0,1,0,1,1,1,0,
train,whale-categorization-playground,cards_senior_0808.jsonl:6,whale-categorization-playground__2c67d08719a844ed83c9abded82ae87d,2,2,1,0,0,0,0,0,1,0,1,1,1,0,
train,whale-categorization-playground,cards_senior_0807.jsonl:6,whale-categorization-playground__30395c16fc7449949ef0f92916344c29,2,2,1,0,0,0,0,0,1,0,1,1,1,0,
train,whale-categorization-playground,cards_senior_0809.jsonl:5,whale-categorization-playground__32090beaba24405e94268b3b14d2ab93,2,2,1,0,0,0,0,0,1,0,1,1,1,0,
train,whale-categorization-playground,cards_senior_0808.jsonl:6,whale-categorization-playground__3392ea981ef940babb9a0bf3cde9591b,2,2,1,0,0,0,0,0,1,0,1,1,1,0,
train,whale-categorization-playground,cards_senior_0807.jsonl:6,whale-categorization-playground__38a1008e0215487986c3a3badfdef22b,2,2,1,0,0,0,0,0,1,0,1,1,1,0,
train,whale-categorization-playground,cards_senior_0808.jsonl:6,whale-categorization-playground__3f77dc67239b47ed80fb201797cdf0de,2,2,1,0,0,0,0,0,1,0,1,1,1,0,
train,whale-categorization-playground,cards_senior_0808.jsonl:7,whale-categorization-playground__403cc46929dd485fbd73e39f82ed8f11,2,2,1,0,0,0,0,0,1,0,1,1,1,0,
train,whale-categorization-playground,cards_senior_0808.jsonl:6,whale-categorization-playground__4319242ad0bb493fb5d976d4c6c4954f,2,2,1,0,0,0,0,0,1,0,1,1,1,0,
train,whale-categorization-playground,cards_senior_0808.jsonl:5,whale-categorization-playground__4494a93fda3a4c508528994b67bf3286,2,2,1,0,0,0,0,0,1,0,1,1,1,0,
train,whale-categorization-playground,cards_senior_0808.jsonl:6,whale-categorization-playground__44d5107f37214fe9a6cb8d9ed0a8e7fa,2,2,1,0,0,0,0,0,1,0,1,1,1,0,
train,whale-categorization-playground,cards_senior_0808.jsonl:5,whale-categorization-playground__49adb59b29504868abaf68710bf358e0,2,2,1,0,0,0,0,0,1,0,1,1,1,0,
train,whale-categorization-playground,cards_senior_0808.jsonl:6,whale-categorization-playground__4ff1d73370c54e6abc19dd802f96fd4a,2,2,1,0,0,0,0,0,1,0,1,1,1,0,
train,whale-categorization-playground,cards_senior_0808.jsonl:6,whale-categorization-playground__5807b65403ad4d57896308e8ea63224e,2,2,1,0,0,0,0,0,1,0,1,1,1,0,
train,whale-categorization-playground,cards_senior_0811.jsonl:42,whale-categorization-playground__587060bfc9dd4125804f8d5ef234deea,2,2,1,0,0,0,0,0,1,0,1,1,1,0,
train,whale-categorization-playground,cards_senior_0808.jsonl:6,whale-categorization-playground__5b81a6270bd3476a9ccddc66bd33c9b0,2,2,1,0,0,0,0,0,1,0,1,1,1,0,
train,whale-categorization-playground,cards_senior_0809.jsonl:6,whale-categorization-playground__6666224d3bfe4e588c336bab9de1d7dc,2,2,1,0,0,0,0,0,1,0,1,1,1,0,
train,whale-categorization-playground,cards_senior_0811.jsonl:37,whale-categorization-playground__6d3cd544ea044e53916334f5a281cd7a,2,2,1,0,0,0,0,0,1,0,1,1,1,0,
train,whale-categorization-playground,cards_senior_0808.jsonl:5,whale-categorization-playground__758aab05e2d54ecd93e67b253f4f09ba,2,2,1,0,0,0,0,0,1,0,1,1,1,0,
train,whale-categorization-playground,cards_senior_0808.jsonl:7,whale-categorization-playground__75e558ecffac40849e0afa1314a0f18c,2,2,1,0,0,0,0,0,1,0,1,1,1,0,
train,whale-categorization-playground,cards_senior_0809.jsonl:7,whale-categorization-playground__7b29e3b8e903452286c505768a6a6ada,2,2,1,0,0,0,0,0,1,0,1,1,1,0,
train,whale-categorization-playground,cards_senior_0807.jsonl:6,whale-categorization-playground__7e0266aefe4d4e5ba267675d8a3e8a19,2,2,1,0,0,0,0,0,1,0,1,1,1,0,
train,whale-categorization-playground,cards_senior_0808.jsonl:7,whale-categorization-playground__8428aac7a127427480482874915ee8bc,2,2,1,0,0,0,0,0,1,0,1,1,1,0,
train,whale-categorization-playground,cards_senior_0811.jsonl:38,whale-categorization-playground__8b787c6d6e4e44b28d7cd725ceaf4e52,2,2,1,0,0,0,0,0,1,0,1,1,1,0,
train,whale-categorization-playground,cards_senior_0807.jsonl:6,whale-categorization-playground__8f9d5add50854fdbb767deb057705550,2,2,1,0,0,0,0,0,1,0,1,1,1,0,
train,whale-categorization-playground,cards_senior_0809.jsonl:6,whale-categorization-playground__8fbf6cf40a0c4f33ba83e9def1918247,2,2,1,0,0,0,0,0,1,0,1,1,1,0,
train,whale-categorization-playground,cards_senior_0808.jsonl:6,whale-categorization-playground__92c7ee8f458e4ae79fcf978ee1cfa347,2,2,1,0,0,0,0,0,1,0,1,1,1,0,
train,whale-categorization-playground,cards_senior_0808.jsonl:6,whale-categorization-playground__96380820a2794c1190bac1cb79d0ab40,2,2,1,0,0,0,0,0,1,0,1,1,1,0,
train,whale-categorization-playground,cards_senior_0811.jsonl:38,whale-categorization-playground__9648e0ff8f794193b919c38e8b61d717,2,2,1,0,0,0,0,0,1,0,1,1,1,0,
train,whale-categorization-playground,cards_senior_0808.jsonl:5,whale-categorization-playground__9cb40069531b43609dd0f4dd1bfcc919,2,2,1,0,0,0,0,0,1,0,1,1,1,0,
train,whale-categorization-playground,cards_senior_0808.jsonl:7,whale-categorization-playground__9d02be04caee438f8782179e245839ee,2,2,1,0,0,0,0,0,1,0,1,1,1,0,
train,whale-categorization-playground,cards_senior_0808.jsonl:6,whale-categorization-playground__9ee50e882c8040f5a961d9a15a35a286,2,2,1,0,0,0,0,0,1,0,1,1,1,0,
train,whale-categorization-playground,cards_senior_0809.jsonl:7,whale-categorization-playground__a0527881e0cc4ca3a531ff0378a03350,2,2,1,0,0,0,0,0,1,0,1,1,1,0,
train,whale-categorization-playground,cards_senior_0808.jsonl:6,whale-categorization-playground__a3a1a0d0f8f746ba93131182afdd8f7f,2,2,1,0,0,0,0,0,1,0,1,1,1,0,
train,whale-categorization-playground,cards_senior_0809.jsonl:8,whale-categorization-playground__aaf1c83d184a4de3a6845dee4d6cee67,2,2,1,0,0,0,0,0,1,0,1,1,1,0,
train,whale-categorization-playground,cards_senior_0808.jsonl:7,whale-categorization-playground__ac31f0ebbf404582a9c8d2944199ae06,2,2,1,0,0,0,0,0,1,0,1,1,1,0,
train,whale-categorization-playground,cards_senior_0809.jsonl:8,whale-categorization-playground__b2dfc1412bae4af1a8f2323a8eb784e7,2,2,1,0,0,0,0,0,1,0,1,1,1,0,
train,whale-categorization-playground,cards_senior_0807.jsonl:6,whale-categorization-playground__b37204421a86464586eb12a3ac20c8da,2,2,1,0,0,0,0,0,1,0,1,1,1,0,
train,whale-categorization-playground,cards_senior_0808.jsonl:6,whale-categorization-playground__bb42dc7fdc844c828c3ba896a7bcd280,2,2,1,0,0,0,0,0,1,0,1,1,1,0,
train,whale-categorization-playground,cards_senior_0808.jsonl:6,whale-categorization-playground__bb4911ddfd294285ac95f6dd4692c47f,2,2,1,0,0,0,0,0,1,0,1,1,1,0,
train,whale-categorization-playground,cards_senior_0807.jsonl:6,whale-categorization-playground__bdd0bfec55054926976d3890848b609d,2,2,1,0,0,0,0,0,1,0,1,1,1,0,
train,whale-categorization-playground,cards_senior_0808.jsonl:6,whale-categorization-playground__be9fe7aad11b44d29c2d6eb01126047c,2,2,1,0,0,0,0,0,1,0,1,1,1,0,
train,whale-categorization-playground,cards_senior_0808.jsonl:5,whale-categorization-playground__bf3158aa8ab64ec0b4bf6e200aa07418,2,2,1,0,0,0,0,0,1,0,1,1,1,0,
train,whale-categorization-playground,cards_senior_0807.jsonl:6,whale-categorization-playground__c216f979b9f84b7c86d1a26b1c4d6994,2,2,1,0,0,0,0,0,1,0,1,1,1,0,
train,whale-categorization-playground,cards_senior_0808.jsonl:5,whale-categorization-playground__c4f3d7ca131f4686bd89dccd75a3a815,2,2,1,0,0,0,0,0,1,0,1,1,1,0,
train,whale-categorization-playground,cards_senior_0809.jsonl:8,whale-categorization-playground__c5e1b7be6f4b41cda8188187ecd0724f,2,2,1,0,0,0,0,0,1,0,1,1,1,0,
train,whale-categorization-playground,cards_senior_0808.jsonl:6,whale-categorization-playground__c7b6c3e22ac64f20a564cf0e53c19d20,2,2,1,0,0,0,0,0,1,0,1,1,1,0,
train,whale-categorization-playground,cards_senior_0811.jsonl:37,whale-categorization-playground__d145cb2017084514b06b1341a9146c76,2,2,1,0,0,0,0,0,1,0,1,1,1,0,
train,whale-categorization-playground,cards_senior_0808.jsonl:5,whale-categorization-playground__d60858e2d18f4390a68b8b687ce78196,2,2,1,0,0,0,0,0,1,0,1,1,1,0,
train,whale-categorization-playground,cards_senior_0808.jsonl:6,whale-categorization-playground__d696866116d5476192a181434ccb689c,2,2,1,0,0,0,0,0,1,0,1,1,1,0,
train,whale-categorization-playground,cards_senior_0808.jsonl:6,whale-categorization-playground__dd012be149594fdf923e2cf14e6b6ad9,2,2,1,0,0,0,0,0,1,0,1,1,1,0,
train,whale-categorization-playground,cards_senior_0808.jsonl:5,whale-categorization-playground__ddd4ba78b712476faf0afbcd4f286cc2,2,2,1,0,0,0,0,0,1,0,1,1,1,0,
train,whale-categorization-playground,cards_senior_0808.jsonl:7,whale-categorization-playground__dffc04fbb629478bbc475d18276f799a,2,2,1,0,0,0,0,0,1,0,1,1,1,0,
train,whale-categorization-playground,cards_senior_0807.jsonl:6,whale-categorization-playground__e26e04fd405f4ad5ad7517a6ea00a05e,2,2,1,0,0,0,0,0,1,0,1,1,1,0,
train,whale-categorization-playground,cards_senior_0808.jsonl:5,whale-categorization-playground__e515d234a436454fb5fa7c386a018b73,2,2,1,0,0,0,0,0,1,0,1,1,1,0,
train,whale-categorization-playground,cards_senior_0809.jsonl:5,whale-categorization-playground__e57de5ecd0b341469e36a5afe1abae10,2,2,1,0,0,0,0,0,1,0,1,1,1,0,
train,whale-categorization-playground,cards_senior_0809.jsonl:8,whale-categorization-playground__e68757b1ca14438fbc3b7c9ec543242e,2,2,1,0,0,0,0,0,1,0,1,1,1,0,
train,whale-categorization-playground,cards_senior_0808.jsonl:5,whale-categorization-playground__e8dfa5f9d3c045a9802e3ddee812a925,2,2,1,0,0,0,0,0,1,0,1,1,1,0,
train,whale-categorization-playground,cards_senior_0808.jsonl:7,whale-categorization-playground__f2563465c9c6432cb85213b694ef9da2,2,2,1,0,0,0,0,0,1,0,1,1,1,0,
train,whale-categorization-playground,cards_senior_0807.jsonl:6,whale-categorization-playground__fe70364af06d441e86e1a32fbd442f21,2,2,1,0,0,0,0,0,1,0,1,1,1,0,
train,whale-categorization-playground,cards_senior_0807.jsonl:6,whale-categorization-playground__feb1da2f7e574bbea57423dd07e5d9bb,2,2,1,0,0,0,0,0,1,0,1,1,1,0,
