parent,run_id,task,stratum,n_children,n_artifacts,n_silent,artifact_coverage,policy,picked,picked_pool_n,top1_expected,raw_regret,rank_expected,observed_low_stage_wall_s,full_eval_count,cost_restart_scenario_s,cost_continue_scenario_s,cost_ratio_restart_scenario,cost_ratio_continue_scenario
chaii-hindi-and-tamil-question-answering__0a98eb202c8b43ea901e700701ee6c2b,cards_senior_0801.jsonl:18,chaii-hindi-and-tamil-question-answering,hard,3,0,3,0.0,random,chaii-hindi-and-tamil-question-answering__bc2b2933e9a344838ef44954e87a5a79|chaii-hindi-and-tamil-question-answering__e52f191218764c6286271c5d08770f64|chaii-hindi-and-tamil-question-answering__fe380beafe764af0bccfea134d0032b5,3,0.3333333333333333,0.06279666666666672,2,140.29999999999998,0,0.0,0.0,0.0,0.0
chaii-hindi-and-tamil-question-answering__0a98eb202c8b43ea901e700701ee6c2b,cards_senior_0801.jsonl:18,chaii-hindi-and-tamil-question-answering,hard,3,0,3,0.0,full_external,chaii-hindi-and-tamil-question-answering__bc2b2933e9a344838ef44954e87a5a79,1,1.0,0.0,1,140.29999999999998,3,1683.0,1683.0,1.0,1.0
chaii-hindi-and-tamil-question-answering__0a98eb202c8b43ea901e700701ee6c2b,cards_senior_0801.jsonl:18,chaii-hindi-and-tamil-question-answering,hard,3,0,3,0.0,full_self_report_available,chaii-hindi-and-tamil-question-answering__fe380beafe764af0bccfea134d0032b5,1,0.0,0.0044600000000000195,2,140.29999999999998,3,1683.0,1683.0,1.0,1.0
chaii-hindi-and-tamil-question-answering__0a98eb202c8b43ea901e700701ee6c2b,cards_senior_0801.jsonl:18,chaii-hindi-and-tamil-question-answering,hard,3,0,3,0.0,full_self_report_complete,chaii-hindi-and-tamil-question-answering__fe380beafe764af0bccfea134d0032b5,1,0.0,0.0044600000000000195,2,140.29999999999998,3,1683.0,1683.0,1.0,1.0
chaii-hindi-and-tamil-question-answering__0a98eb202c8b43ea901e700701ee6c2b,cards_senior_0801.jsonl:18,chaii-hindi-and-tamil-question-answering,hard,3,0,3,0.0,sub120_available,chaii-hindi-and-tamil-question-answering__bc2b2933e9a344838ef44954e87a5a79|chaii-hindi-and-tamil-question-answering__e52f191218764c6286271c5d08770f64|chaii-hindi-and-tamil-question-answering__fe380beafe764af0bccfea134d0032b5,3,0.3333333333333333,0.06279666666666672,2,140.29999999999998,0,140.29999999999998,140.29999999999998,0.08336304218657159,0.08336304218657159
chaii-hindi-and-tamil-question-answering__0a98eb202c8b43ea901e700701ee6c2b,cards_senior_0801.jsonl:18,chaii-hindi-and-tamil-question-answering,hard,3,0,3,0.0,artifact120_escalate_silent,chaii-hindi-and-tamil-question-answering__bc2b2933e9a344838ef44954e87a5a79,1,1.0,0.0,1,140.29999999999998,3,1823.3,1463.3,1.0833630421865716,0.8694592988710635
chaii-hindi-and-tamil-question-answering__211dc7b5c70d4a1fa75515aebc02266e,cards_senior_0728.jsonl:13,chaii-hindi-and-tamil-question-answering,easy,2,0,2,0.0,random,chaii-hindi-and-tamil-question-answering__809857640568405e918117ea19d34793|chaii-hindi-and-tamil-question-answering__9084669573164ec5b9a1dccb93b34a76,2,0.5,0.016945,1.5,240.2,0,0.0,0.0,0.0,0.0
chaii-hindi-and-tamil-question-answering__211dc7b5c70d4a1fa75515aebc02266e,cards_senior_0728.jsonl:13,chaii-hindi-and-tamil-question-answering,easy,2,0,2,0.0,full_external,chaii-hindi-and-tamil-question-answering__9084669573164ec5b9a1dccb93b34a76,1,1.0,0.0,1,240.2,2,1122.0,1122.0,1.0,1.0
chaii-hindi-and-tamil-question-answering__211dc7b5c70d4a1fa75515aebc02266e,cards_senior_0728.jsonl:13,chaii-hindi-and-tamil-question-answering,easy,2,0,2,0.0,full_self_report_available,chaii-hindi-and-tamil-question-answering__809857640568405e918117ea19d34793|chaii-hindi-and-tamil-question-answering__9084669573164ec5b9a1dccb93b34a76,2,0.5,0.016945,1.5,240.2,2,1122.0,1122.0,1.0,1.0
chaii-hindi-and-tamil-question-answering__211dc7b5c70d4a1fa75515aebc02266e,cards_senior_0728.jsonl:13,chaii-hindi-and-tamil-question-answering,easy,2,0,2,0.0,sub120_available,chaii-hindi-and-tamil-question-answering__809857640568405e918117ea19d34793|chaii-hindi-and-tamil-question-answering__9084669573164ec5b9a1dccb93b34a76,2,0.5,0.016945,1.5,240.2,0,240.2,240.2,0.2140819964349376,0.2140819964349376
chaii-hindi-and-tamil-question-answering__211dc7b5c70d4a1fa75515aebc02266e,cards_senior_0728.jsonl:13,chaii-hindi-and-tamil-question-answering,easy,2,0,2,0.0,artifact120_escalate_silent,chaii-hindi-and-tamil-question-answering__9084669573164ec5b9a1dccb93b34a76,1,1.0,0.0,1,240.2,2,1362.2,1122.2,1.2140819964349376,1.0001782531194296
chaii-hindi-and-tamil-question-answering__3b40dae9dd094d9e87f2b339a3290b56,cards_senior_0801.jsonl:18,chaii-hindi-and-tamil-question-answering,hard,3,0,3,0.0,random,chaii-hindi-and-tamil-question-answering__4f53d7ec0a9a4cf493e0b830f2ea81f1|chaii-hindi-and-tamil-question-answering__5d0ed2ed05c0444d9cb5b339be9fdc76|chaii-hindi-and-tamil-question-answering__b2ad93da8c144c78b743ca04be0b9076,3,0.3333333333333333,0.04712666666666665,2,360.4,0,0.0,0.0,0.0,0.0
chaii-hindi-and-tamil-question-answering__3b40dae9dd094d9e87f2b339a3290b56,cards_senior_0801.jsonl:18,chaii-hindi-and-tamil-question-answering,hard,3,0,3,0.0,full_external,chaii-hindi-and-tamil-question-answering__5d0ed2ed05c0444d9cb5b339be9fdc76,1,1.0,0.0,1,360.4,3,1683.0,1683.0,1.0,1.0
chaii-hindi-and-tamil-question-answering__3b40dae9dd094d9e87f2b339a3290b56,cards_senior_0801.jsonl:18,chaii-hindi-and-tamil-question-answering,hard,3,0,3,0.0,full_self_report_available,chaii-hindi-and-tamil-question-answering__5d0ed2ed05c0444d9cb5b339be9fdc76,1,1.0,0.0,1,360.4,3,1683.0,1683.0,1.0,1.0
chaii-hindi-and-tamil-question-answering__3b40dae9dd094d9e87f2b339a3290b56,cards_senior_0801.jsonl:18,chaii-hindi-and-tamil-question-answering,hard,3,0,3,0.0,full_self_report_complete,chaii-hindi-and-tamil-question-answering__5d0ed2ed05c0444d9cb5b339be9fdc76,1,1.0,0.0,1,360.4,3,1683.0,1683.0,1.0,1.0
chaii-hindi-and-tamil-question-answering__3b40dae9dd094d9e87f2b339a3290b56,cards_senior_0801.jsonl:18,chaii-hindi-and-tamil-question-answering,hard,3,0,3,0.0,sub120_available,chaii-hindi-and-tamil-question-answering__4f53d7ec0a9a4cf493e0b830f2ea81f1|chaii-hindi-and-tamil-question-answering__5d0ed2ed05c0444d9cb5b339be9fdc76|chaii-hindi-and-tamil-question-answering__b2ad93da8c144c78b743ca04be0b9076,3,0.3333333333333333,0.04712666666666665,2,360.4,0,360.4,360.4,0.21414141414141413,0.21414141414141413
chaii-hindi-and-tamil-question-answering__3b40dae9dd094d9e87f2b339a3290b56,cards_senior_0801.jsonl:18,chaii-hindi-and-tamil-question-answering,hard,3,0,3,0.0,artifact120_escalate_silent,chaii-hindi-and-tamil-question-answering__5d0ed2ed05c0444d9cb5b339be9fdc76,1,1.0,0.0,1,360.4,3,2043.4,1683.4,1.2141414141414142,1.0002376708259062
chaii-hindi-and-tamil-question-answering__c31a1c3b91a14ef5afef98719da1d101,cards_senior_0801.jsonl:13,chaii-hindi-and-tamil-question-answering,easy,3,0,3,0.0,random,chaii-hindi-and-tamil-question-answering__4246a977cac14f43b5383deb5a257697|chaii-hindi-and-tamil-question-answering__57ce82f9247a4cc8b626b575d3f2c979|chaii-hindi-and-tamil-question-answering__ce99d23bb4de4bd4bfe832f8937daca3,3,0.3333333333333333,0.010610000000000008,2,136.4,0,0.0,0.0,0.0,0.0
chaii-hindi-and-tamil-question-answering__c31a1c3b91a14ef5afef98719da1d101,cards_senior_0801.jsonl:13,chaii-hindi-and-tamil-question-answering,easy,3,0,3,0.0,full_external,chaii-hindi-and-tamil-question-answering__ce99d23bb4de4bd4bfe832f8937daca3,1,1.0,0.0,1,136.4,3,1683.0,1683.0,1.0,1.0
chaii-hindi-and-tamil-question-answering__c31a1c3b91a14ef5afef98719da1d101,cards_senior_0801.jsonl:13,chaii-hindi-and-tamil-question-answering,easy,3,0,3,0.0,full_self_report_available,chaii-hindi-and-tamil-question-answering__57ce82f9247a4cc8b626b575d3f2c979,1,0.0,0.011849999999999916,2,136.4,3,1683.0,1683.0,1.0,1.0
chaii-hindi-and-tamil-question-answering__c31a1c3b91a14ef5afef98719da1d101,cards_senior_0801.jsonl:13,chaii-hindi-and-tamil-question-answering,easy,3,0,3,0.0,full_self_report_complete,chaii-hindi-and-tamil-question-answering__57ce82f9247a4cc8b626b575d3f2c979,1,0.0,0.011849999999999916,2,136.4,3,1683.0,1683.0,1.0,1.0
chaii-hindi-and-tamil-question-answering__c31a1c3b91a14ef5afef98719da1d101,cards_senior_0801.jsonl:13,chaii-hindi-and-tamil-question-answering,easy,3,0,3,0.0,sub120_available,chaii-hindi-and-tamil-question-answering__4246a977cac14f43b5383deb5a257697|chaii-hindi-and-tamil-question-answering__57ce82f9247a4cc8b626b575d3f2c979|chaii-hindi-and-tamil-question-answering__ce99d23bb4de4bd4bfe832f8937daca3,3,0.3333333333333333,0.010610000000000008,2,136.4,0,136.4,136.4,0.08104575163398693,0.08104575163398693
chaii-hindi-and-tamil-question-answering__c31a1c3b91a14ef5afef98719da1d101,cards_senior_0801.jsonl:13,chaii-hindi-and-tamil-question-answering,easy,3,0,3,0.0,artifact120_escalate_silent,chaii-hindi-and-tamil-question-answering__ce99d23bb4de4bd4bfe832f8937daca3,1,1.0,0.0,1,136.4,3,1819.4,1459.4,1.081045751633987,0.867142008318479
chaii-hindi-and-tamil-question-answering__cbe405cf5c2e48e8ab6dbb29f814b88e,cards_senior_0801.jsonl:18,chaii-hindi-and-tamil-question-answering,easy,3,0,3,0.0,random,chaii-hindi-and-tamil-question-answering__9cc47ce945ac482dada73aa89c86ea95|chaii-hindi-and-tamil-question-answering__a483163f252d42fc98190cbfa2abfacc|chaii-hindi-and-tamil-question-answering__adf3351945ce4702bf8966e662ab3dcf,3,0.3333333333333333,0.01686333333333334,2,175.8,0,0.0,0.0,0.0,0.0
chaii-hindi-and-tamil-question-answering__cbe405cf5c2e48e8ab6dbb29f814b88e,cards_senior_0801.jsonl:18,chaii-hindi-and-tamil-question-answering,easy,3,0,3,0.0,full_external,chaii-hindi-and-tamil-question-answering__9cc47ce945ac482dada73aa89c86ea95,1,1.0,0.0,1,175.8,3,1683.0,1683.0,1.0,1.0
chaii-hindi-and-tamil-question-answering__cbe405cf5c2e48e8ab6dbb29f814b88e,cards_senior_0801.jsonl:18,chaii-hindi-and-tamil-question-answering,easy,3,0,3,0.0,full_self_report_available,chaii-hindi-and-tamil-question-answering__adf3351945ce4702bf8966e662ab3dcf,1,0.0,0.011009999999999964,2,175.8,3,1683.0,1683.0,1.0,1.0
chaii-hindi-and-tamil-question-answering__cbe405cf5c2e48e8ab6dbb29f814b88e,cards_senior_0801.jsonl:18,chaii-hindi-and-tamil-question-answering,easy,3,0,3,0.0,full_self_report_complete,chaii-hindi-and-tamil-question-answering__adf3351945ce4702bf8966e662ab3dcf,1,0.0,0.011009999999999964,2,175.8,3,1683.0,1683.0,1.0,1.0
chaii-hindi-and-tamil-question-answering__cbe405cf5c2e48e8ab6dbb29f814b88e,cards_senior_0801.jsonl:18,chaii-hindi-and-tamil-question-answering,easy,3,0,3,0.0,sub120_available,chaii-hindi-and-tamil-question-answering__9cc47ce945ac482dada73aa89c86ea95|chaii-hindi-and-tamil-question-answering__a483163f252d42fc98190cbfa2abfacc|chaii-hindi-and-tamil-question-answering__adf3351945ce4702bf8966e662ab3dcf,3,0.3333333333333333,0.01686333333333334,2,175.8,0,175.8,175.8,0.10445632798573976,0.10445632798573976
chaii-hindi-and-tamil-question-answering__cbe405cf5c2e48e8ab6dbb29f814b88e,cards_senior_0801.jsonl:18,chaii-hindi-and-tamil-question-answering,easy,3,0,3,0.0,artifact120_escalate_silent,chaii-hindi-and-tamil-question-answering__9cc47ce945ac482dada73aa89c86ea95,1,1.0,0.0,1,175.8,3,1858.8,1498.8,1.1044563279857398,0.8905525846702317
chaii-hindi-and-tamil-question-answering__e43679e8e9bf4481a179b114ac9c8c5e,cards_ours_20260727.jsonl:173,chaii-hindi-and-tamil-question-answering,hard,2,2,0,1.0,random,chaii-hindi-and-tamil-question-answering__463ad7dc1f7b4afe96a64bcfaba5d002|chaii-hindi-and-tamil-question-answering__f51b404ae74e4e72a4517e0733b4e1f6,2,0.5,0.00369,1.5,81.3,0,0.0,0.0,0.0,0.0
chaii-hindi-and-tamil-question-answering__e43679e8e9bf4481a179b114ac9c8c5e,cards_ours_20260727.jsonl:173,chaii-hindi-and-tamil-question-answering,hard,2,2,0,1.0,full_external,chaii-hindi-and-tamil-question-answering__f51b404ae74e4e72a4517e0733b4e1f6,1,1.0,0.0,1,81.3,2,1122.0,1122.0,1.0,1.0
chaii-hindi-and-tamil-question-answering__e43679e8e9bf4481a179b114ac9c8c5e,cards_ours_20260727.jsonl:173,chaii-hindi-and-tamil-question-answering,hard,2,2,0,1.0,full_self_report_available,chaii-hindi-and-tamil-question-answering__f51b404ae74e4e72a4517e0733b4e1f6,1,1.0,0.0,1,81.3,2,1122.0,1122.0,1.0,1.0
chaii-hindi-and-tamil-question-answering__e43679e8e9bf4481a179b114ac9c8c5e,cards_ours_20260727.jsonl:173,chaii-hindi-and-tamil-question-answering,hard,2,2,0,1.0,sub120_available,chaii-hindi-and-tamil-question-answering__f51b404ae74e4e72a4517e0733b4e1f6,1,1.0,0.0,1,81.3,0,81.3,81.3,0.07245989304812835,0.07245989304812835
chaii-hindi-and-tamil-question-answering__e43679e8e9bf4481a179b114ac9c8c5e,cards_ours_20260727.jsonl:173,chaii-hindi-and-tamil-question-answering,hard,2,2,0,1.0,artifact120_escalate_silent,chaii-hindi-and-tamil-question-answering__f51b404ae74e4e72a4517e0733b4e1f6,1,1.0,0.0,1,81.3,0,81.3,81.3,0.07245989304812835,0.07245989304812835
chaii-hindi-and-tamil-question-answering__f05efa5bb9ac4788b908cb07e0fb4d7b,cards_senior_0801.jsonl:13,chaii-hindi-and-tamil-question-answering,easy,2,0,2,0.0,random,chaii-hindi-and-tamil-question-answering__79675e23561e437885211692d32c5024|chaii-hindi-and-tamil-question-answering__859755a3dccf447cbe49d1ab8a718158,2,0.5,0.0173350000000001,1.5,129.4,0,0.0,0.0,0.0,0.0
chaii-hindi-and-tamil-question-answering__f05efa5bb9ac4788b908cb07e0fb4d7b,cards_senior_0801.jsonl:13,chaii-hindi-and-tamil-question-answering,easy,2,0,2,0.0,full_external,chaii-hindi-and-tamil-question-answering__859755a3dccf447cbe49d1ab8a718158,1,1.0,0.0,1,129.4,2,1122.0,1122.0,1.0,1.0
chaii-hindi-and-tamil-question-answering__f05efa5bb9ac4788b908cb07e0fb4d7b,cards_senior_0801.jsonl:13,chaii-hindi-and-tamil-question-answering,easy,2,0,2,0.0,full_self_report_available,chaii-hindi-and-tamil-question-answering__859755a3dccf447cbe49d1ab8a718158,1,1.0,0.0,1,129.4,2,1122.0,1122.0,1.0,1.0
chaii-hindi-and-tamil-question-answering__f05efa5bb9ac4788b908cb07e0fb4d7b,cards_senior_0801.jsonl:13,chaii-hindi-and-tamil-question-answering,easy,2,0,2,0.0,full_self_report_complete,chaii-hindi-and-tamil-question-answering__859755a3dccf447cbe49d1ab8a718158,1,1.0,0.0,1,129.4,2,1122.0,1122.0,1.0,1.0
chaii-hindi-and-tamil-question-answering__f05efa5bb9ac4788b908cb07e0fb4d7b,cards_senior_0801.jsonl:13,chaii-hindi-and-tamil-question-answering,easy,2,0,2,0.0,sub120_available,chaii-hindi-and-tamil-question-answering__79675e23561e437885211692d32c5024|chaii-hindi-and-tamil-question-answering__859755a3dccf447cbe49d1ab8a718158,2,0.5,0.0173350000000001,1.5,129.4,0,129.4,129.4,0.11532976827094475,0.11532976827094475
chaii-hindi-and-tamil-question-answering__f05efa5bb9ac4788b908cb07e0fb4d7b,cards_senior_0801.jsonl:13,chaii-hindi-and-tamil-question-answering,easy,2,0,2,0.0,artifact120_escalate_silent,chaii-hindi-and-tamil-question-answering__859755a3dccf447cbe49d1ab8a718158,1,1.0,0.0,1,129.4,2,1251.4,1011.4,1.1153297682709449,0.9014260249554367
denoising-dirty-documents__033f1f41cef04bd590777cae52380df8,cards_senior_0731.jsonl:13,denoising-dirty-documents,easy,2,0,2,0.0,random,denoising-dirty-documents__13f0395b31ec47c6a4f8116b12e3ce63|denoising-dirty-documents__823936b3bbff49418a2f507faded41af,2,0.5,0.032529999999999996,1.5,240.4,0,0.0,0.0,0.0,0.0
denoising-dirty-documents__033f1f41cef04bd590777cae52380df8,cards_senior_0731.jsonl:13,denoising-dirty-documents,easy,2,0,2,0.0,full_external,denoising-dirty-documents__13f0395b31ec47c6a4f8116b12e3ce63,1,1.0,0.0,1,240.4,2,1122.0,1122.0,1.0,1.0
denoising-dirty-documents__033f1f41cef04bd590777cae52380df8,cards_senior_0731.jsonl:13,denoising-dirty-documents,easy,2,0,2,0.0,full_self_report_available,denoising-dirty-documents__13f0395b31ec47c6a4f8116b12e3ce63,1,1.0,0.0,1,240.4,2,1122.0,1122.0,1.0,1.0
denoising-dirty-documents__033f1f41cef04bd590777cae52380df8,cards_senior_0731.jsonl:13,denoising-dirty-documents,easy,2,0,2,0.0,full_self_report_complete,denoising-dirty-documents__13f0395b31ec47c6a4f8116b12e3ce63,1,1.0,0.0,1,240.4,2,1122.0,1122.0,1.0,1.0
denoising-dirty-documents__033f1f41cef04bd590777cae52380df8,cards_senior_0731.jsonl:13,denoising-dirty-documents,easy,2,0,2,0.0,sub120_available,denoising-dirty-documents__13f0395b31ec47c6a4f8116b12e3ce63|denoising-dirty-documents__823936b3bbff49418a2f507faded41af,2,0.5,0.032529999999999996,1.5,240.4,0,240.4,240.4,0.2142602495543672,0.2142602495543672
denoising-dirty-documents__033f1f41cef04bd590777cae52380df8,cards_senior_0731.jsonl:13,denoising-dirty-documents,easy,2,0,2,0.0,artifact120_escalate_silent,denoising-dirty-documents__13f0395b31ec47c6a4f8116b12e3ce63,1,1.0,0.0,1,240.4,2,1362.4,1122.4,1.2142602495543673,1.0003565062388593
denoising-dirty-documents__4cb4122fb9814bf884cdafecf62298e9,cards_senior_0804.jsonl:23,denoising-dirty-documents,easy,2,0,2,0.0,random,denoising-dirty-documents__3f15dea796044d05a16fd6e273d740d8|denoising-dirty-documents__ec6f4762e28d40baaf94ee6b6664a820,2,0.5,0.08098999999999998,1.5,240.3,0,0.0,0.0,0.0,0.0
denoising-dirty-documents__4cb4122fb9814bf884cdafecf62298e9,cards_senior_0804.jsonl:23,denoising-dirty-documents,easy,2,0,2,0.0,full_external,denoising-dirty-documents__3f15dea796044d05a16fd6e273d740d8,1,1.0,0.0,1,240.3,2,1122.0,1122.0,1.0,1.0
denoising-dirty-documents__4cb4122fb9814bf884cdafecf62298e9,cards_senior_0804.jsonl:23,denoising-dirty-documents,easy,2,0,2,0.0,full_self_report_available,denoising-dirty-documents__3f15dea796044d05a16fd6e273d740d8,1,1.0,0.0,1,240.3,2,1122.0,1122.0,1.0,1.0
denoising-dirty-documents__4cb4122fb9814bf884cdafecf62298e9,cards_senior_0804.jsonl:23,denoising-dirty-documents,easy,2,0,2,0.0,sub120_available,denoising-dirty-documents__3f15dea796044d05a16fd6e273d740d8|denoising-dirty-documents__ec6f4762e28d40baaf94ee6b6664a820,2,0.5,0.08098999999999998,1.5,240.3,0,240.3,240.3,0.2141711229946524,0.2141711229946524
denoising-dirty-documents__4cb4122fb9814bf884cdafecf62298e9,cards_senior_0804.jsonl:23,denoising-dirty-documents,easy,2,0,2,0.0,artifact120_escalate_silent,denoising-dirty-documents__3f15dea796044d05a16fd6e273d740d8,1,1.0,0.0,1,240.3,2,1362.3,1122.3,1.2141711229946524,1.0002673796791444
denoising-dirty-documents__6dd95edcab0e45559bb741b08b038a76,cards_senior_0731.jsonl:13,denoising-dirty-documents,hard,2,0,2,0.0,random,denoising-dirty-documents__3ad8b9e4925d4292bdca3ed8183feb67|denoising-dirty-documents__b866c25ad23841308fad35ae81f27a90,2,0.5,0.001899999999999999,1.5,240.3,0,0.0,0.0,0.0,0.0
denoising-dirty-documents__6dd95edcab0e45559bb741b08b038a76,cards_senior_0731.jsonl:13,denoising-dirty-documents,hard,2,0,2,0.0,full_external,denoising-dirty-documents__3ad8b9e4925d4292bdca3ed8183feb67,1,1.0,0.0,1,240.3,2,1122.0,1122.0,1.0,1.0
denoising-dirty-documents__6dd95edcab0e45559bb741b08b038a76,cards_senior_0731.jsonl:13,denoising-dirty-documents,hard,2,0,2,0.0,full_self_report_available,denoising-dirty-documents__3ad8b9e4925d4292bdca3ed8183feb67,1,1.0,0.0,1,240.3,2,1122.0,1122.0,1.0,1.0
denoising-dirty-documents__6dd95edcab0e45559bb741b08b038a76,cards_senior_0731.jsonl:13,denoising-dirty-documents,hard,2,0,2,0.0,full_self_report_complete,denoising-dirty-documents__3ad8b9e4925d4292bdca3ed8183feb67,1,1.0,0.0,1,240.3,2,1122.0,1122.0,1.0,1.0
denoising-dirty-documents__6dd95edcab0e45559bb741b08b038a76,cards_senior_0731.jsonl:13,denoising-dirty-documents,hard,2,0,2,0.0,sub120_available,denoising-dirty-documents__3ad8b9e4925d4292bdca3ed8183feb67|denoising-dirty-documents__b866c25ad23841308fad35ae81f27a90,2,0.5,0.001899999999999999,1.5,240.3,0,240.3,240.3,0.2141711229946524,0.2141711229946524
denoising-dirty-documents__6dd95edcab0e45559bb741b08b038a76,cards_senior_0731.jsonl:13,denoising-dirty-documents,hard,2,0,2,0.0,artifact120_escalate_silent,denoising-dirty-documents__3ad8b9e4925d4292bdca3ed8183feb67,1,1.0,0.0,1,240.3,2,1362.3,1122.3,1.2141711229946524,1.0002673796791444
denoising-dirty-documents__ced9b66826334e169b3a6f5ed4e19ef7,cards_senior_0727.jsonl:11,denoising-dirty-documents,easy,2,0,2,0.0,random,denoising-dirty-documents__2777b9434e904072953a89a92373797d|denoising-dirty-documents__63efdaf0641947afad86fb6012c1752d,2,0.5,0.40197000000000005,1.5,3.5,0,0.0,0.0,0.0,0.0
denoising-dirty-documents__ced9b66826334e169b3a6f5ed4e19ef7,cards_senior_0727.jsonl:11,denoising-dirty-documents,easy,2,0,2,0.0,full_external,denoising-dirty-documents__2777b9434e904072953a89a92373797d,1,1.0,0.0,1,3.5,2,1122.0,1122.0,1.0,1.0
denoising-dirty-documents__ced9b66826334e169b3a6f5ed4e19ef7,cards_senior_0727.jsonl:11,denoising-dirty-documents,easy,2,0,2,0.0,full_self_report_available,denoising-dirty-documents__2777b9434e904072953a89a92373797d,1,1.0,0.0,1,3.5,2,1122.0,1122.0,1.0,1.0
denoising-dirty-documents__ced9b66826334e169b3a6f5ed4e19ef7,cards_senior_0727.jsonl:11,denoising-dirty-documents,easy,2,0,2,0.0,sub120_available,denoising-dirty-documents__2777b9434e904072953a89a92373797d|denoising-dirty-documents__63efdaf0641947afad86fb6012c1752d,2,0.5,0.40197000000000005,1.5,3.5,0,3.5,3.5,0.0031194295900178253,0.0031194295900178253
denoising-dirty-documents__ced9b66826334e169b3a6f5ed4e19ef7,cards_senior_0727.jsonl:11,denoising-dirty-documents,easy,2,0,2,0.0,artifact120_escalate_silent,denoising-dirty-documents__2777b9434e904072953a89a92373797d,1,1.0,0.0,1,3.5,2,1125.5,885.5,1.0031194295900179,0.7892156862745098
denoising-dirty-documents__dee39489ceb240ffabbd9e9f3e2deb47,cards_senior_0731.jsonl:13,denoising-dirty-documents,hard,2,0,2,0.0,random,denoising-dirty-documents__5549e4182535479794bbe510d212e280|denoising-dirty-documents__9ae54f31fa5043d6bf6288f9b2b031c2,2,0.5,0.0024399999999999995,1.5,240.3,0,0.0,0.0,0.0,0.0
denoising-dirty-documents__dee39489ceb240ffabbd9e9f3e2deb47,cards_senior_0731.jsonl:13,denoising-dirty-documents,hard,2,0,2,0.0,full_external,denoising-dirty-documents__9ae54f31fa5043d6bf6288f9b2b031c2,1,1.0,0.0,1,240.3,2,1122.0,1122.0,1.0,1.0
denoising-dirty-documents__dee39489ceb240ffabbd9e9f3e2deb47,cards_senior_0731.jsonl:13,denoising-dirty-documents,hard,2,0,2,0.0,full_self_report_available,denoising-dirty-documents__9ae54f31fa5043d6bf6288f9b2b031c2,1,1.0,0.0,1,240.3,2,1122.0,1122.0,1.0,1.0
denoising-dirty-documents__dee39489ceb240ffabbd9e9f3e2deb47,cards_senior_0731.jsonl:13,denoising-dirty-documents,hard,2,0,2,0.0,full_self_report_complete,denoising-dirty-documents__9ae54f31fa5043d6bf6288f9b2b031c2,1,1.0,0.0,1,240.3,2,1122.0,1122.0,1.0,1.0
denoising-dirty-documents__dee39489ceb240ffabbd9e9f3e2deb47,cards_senior_0731.jsonl:13,denoising-dirty-documents,hard,2,0,2,0.0,sub120_available,denoising-dirty-documents__5549e4182535479794bbe510d212e280|denoising-dirty-documents__9ae54f31fa5043d6bf6288f9b2b031c2,2,0.5,0.0024399999999999995,1.5,240.3,0,240.3,240.3,0.2141711229946524,0.2141711229946524
denoising-dirty-documents__dee39489ceb240ffabbd9e9f3e2deb47,cards_senior_0731.jsonl:13,denoising-dirty-documents,hard,2,0,2,0.0,artifact120_escalate_silent,denoising-dirty-documents__9ae54f31fa5043d6bf6288f9b2b031c2,1,1.0,0.0,1,240.3,2,1362.3,1122.3,1.2141711229946524,1.0002673796791444
denoising-dirty-documents__e8ac693c1f134f9fbede2c6e3b7605cf,cards_senior_0804.jsonl:24,denoising-dirty-documents,easy,2,0,2,0.0,random,denoising-dirty-documents__9b6a53da44cf4a7c909704e35cc9a7b0|denoising-dirty-documents__d900b645d2f84cf2b3f0f905f2e0f5bc,2,0.5,0.06892999999999999,1.5,240.2,0,0.0,0.0,0.0,0.0
denoising-dirty-documents__e8ac693c1f134f9fbede2c6e3b7605cf,cards_senior_0804.jsonl:24,denoising-dirty-documents,easy,2,0,2,0.0,full_external,denoising-dirty-documents__d900b645d2f84cf2b3f0f905f2e0f5bc,1,1.0,0.0,1,240.2,2,1122.0,1122.0,1.0,1.0
denoising-dirty-documents__e8ac693c1f134f9fbede2c6e3b7605cf,cards_senior_0804.jsonl:24,denoising-dirty-documents,easy,2,0,2,0.0,full_self_report_available,denoising-dirty-documents__d900b645d2f84cf2b3f0f905f2e0f5bc,1,1.0,0.0,1,240.2,2,1122.0,1122.0,1.0,1.0
denoising-dirty-documents__e8ac693c1f134f9fbede2c6e3b7605cf,cards_senior_0804.jsonl:24,denoising-dirty-documents,easy,2,0,2,0.0,full_self_report_complete,denoising-dirty-documents__d900b645d2f84cf2b3f0f905f2e0f5bc,1,1.0,0.0,1,240.2,2,1122.0,1122.0,1.0,1.0
denoising-dirty-documents__e8ac693c1f134f9fbede2c6e3b7605cf,cards_senior_0804.jsonl:24,denoising-dirty-documents,easy,2,0,2,0.0,sub120_available,denoising-dirty-documents__9b6a53da44cf4a7c909704e35cc9a7b0|denoising-dirty-documents__d900b645d2f84cf2b3f0f905f2e0f5bc,2,0.5,0.06892999999999999,1.5,240.2,0,240.2,240.2,0.2140819964349376,0.2140819964349376
denoising-dirty-documents__e8ac693c1f134f9fbede2c6e3b7605cf,cards_senior_0804.jsonl:24,denoising-dirty-documents,easy,2,0,2,0.0,artifact120_escalate_silent,denoising-dirty-documents__d900b645d2f84cf2b3f0f905f2e0f5bc,1,1.0,0.0,1,240.2,2,1362.2,1122.2,1.2140819964349376,1.0001782531194296
denoising-dirty-documents__ec447d8baa434d0faf493d69c4e88a48,cards_senior_0727.jsonl:16,denoising-dirty-documents,hard,2,0,2,0.0,random,denoising-dirty-documents__676afd4f1b2048cfa3bb87a9501c0de8|denoising-dirty-documents__9122d7821f0d4e59b227733c2554700b,2,0.5,0.0009650000000000006,1.5,240.2,0,0.0,0.0,0.0,0.0
denoising-dirty-documents__ec447d8baa434d0faf493d69c4e88a48,cards_senior_0727.jsonl:16,denoising-dirty-documents,hard,2,0,2,0.0,full_external,denoising-dirty-documents__9122d7821f0d4e59b227733c2554700b,1,1.0,0.0,1,240.2,2,1122.0,1122.0,1.0,1.0
denoising-dirty-documents__ec447d8baa434d0faf493d69c4e88a48,cards_senior_0727.jsonl:16,denoising-dirty-documents,hard,2,0,2,0.0,full_self_report_available,denoising-dirty-documents__9122d7821f0d4e59b227733c2554700b,1,1.0,0.0,1,240.2,2,1122.0,1122.0,1.0,1.0
denoising-dirty-documents__ec447d8baa434d0faf493d69c4e88a48,cards_senior_0727.jsonl:16,denoising-dirty-documents,hard,2,0,2,0.0,full_self_report_complete,denoising-dirty-documents__9122d7821f0d4e59b227733c2554700b,1,1.0,0.0,1,240.2,2,1122.0,1122.0,1.0,1.0
denoising-dirty-documents__ec447d8baa434d0faf493d69c4e88a48,cards_senior_0727.jsonl:16,denoising-dirty-documents,hard,2,0,2,0.0,sub120_available,denoising-dirty-documents__676afd4f1b2048cfa3bb87a9501c0de8|denoising-dirty-documents__9122d7821f0d4e59b227733c2554700b,2,0.5,0.0009650000000000006,1.5,240.2,0,240.2,240.2,0.2140819964349376,0.2140819964349376
denoising-dirty-documents__ec447d8baa434d0faf493d69c4e88a48,cards_senior_0727.jsonl:16,denoising-dirty-documents,hard,2,0,2,0.0,artifact120_escalate_silent,denoising-dirty-documents__9122d7821f0d4e59b227733c2554700b,1,1.0,0.0,1,240.2,2,1362.2,1122.2,1.2140819964349376,1.0001782531194296
denoising-dirty-documents__fa4eee2f776a44efb0fe1e4e15339553,cards_senior_0731.jsonl:13,denoising-dirty-documents,hard,2,0,2,0.0,random,denoising-dirty-documents__6dd95edcab0e45559bb741b08b038a76|denoising-dirty-documents__f39ee4ce2db14bc68771c9773ec0a47f,2,0.5,0.0010299999999999997,1.5,240.2,0,0.0,0.0,0.0,0.0
denoising-dirty-documents__fa4eee2f776a44efb0fe1e4e15339553,cards_senior_0731.jsonl:13,denoising-dirty-documents,hard,2,0,2,0.0,full_external,denoising-dirty-documents__6dd95edcab0e45559bb741b08b038a76,1,1.0,0.0,1,240.2,2,1122.0,1122.0,1.0,1.0
denoising-dirty-documents__fa4eee2f776a44efb0fe1e4e15339553,cards_senior_0731.jsonl:13,denoising-dirty-documents,hard,2,0,2,0.0,full_self_report_available,denoising-dirty-documents__6dd95edcab0e45559bb741b08b038a76,1,1.0,0.0,1,240.2,2,1122.0,1122.0,1.0,1.0
denoising-dirty-documents__fa4eee2f776a44efb0fe1e4e15339553,cards_senior_0731.jsonl:13,denoising-dirty-documents,hard,2,0,2,0.0,full_self_report_complete,denoising-dirty-documents__6dd95edcab0e45559bb741b08b038a76,1,1.0,0.0,1,240.2,2,1122.0,1122.0,1.0,1.0
denoising-dirty-documents__fa4eee2f776a44efb0fe1e4e15339553,cards_senior_0731.jsonl:13,denoising-dirty-documents,hard,2,0,2,0.0,sub120_available,denoising-dirty-documents__6dd95edcab0e45559bb741b08b038a76|denoising-dirty-documents__f39ee4ce2db14bc68771c9773ec0a47f,2,0.5,0.0010299999999999997,1.5,240.2,0,240.2,240.2,0.2140819964349376,0.2140819964349376
denoising-dirty-documents__fa4eee2f776a44efb0fe1e4e15339553,cards_senior_0731.jsonl:13,denoising-dirty-documents,hard,2,0,2,0.0,artifact120_escalate_silent,denoising-dirty-documents__6dd95edcab0e45559bb741b08b038a76,1,1.0,0.0,1,240.2,2,1362.2,1122.2,1.2140819964349376,1.0001782531194296
google-quest-challenge__09e3c19539104671ae6c7ac3d25ba513,cards_senior_0806.jsonl:8,google-quest-challenge,easy,2,0,2,0.0,random,google-quest-challenge__cfdb38bd32284dd1b14ffe5f63059aa2|google-quest-challenge__e056f23b7e7345cc99b98ec98dbc0224,2,0.5,0.07111,1.5,240.3,0,0.0,0.0,0.0,0.0
google-quest-challenge__09e3c19539104671ae6c7ac3d25ba513,cards_senior_0806.jsonl:8,google-quest-challenge,easy,2,0,2,0.0,full_external,google-quest-challenge__e056f23b7e7345cc99b98ec98dbc0224,1,1.0,0.0,1,240.3,2,1122.0,1122.0,1.0,1.0
google-quest-challenge__09e3c19539104671ae6c7ac3d25ba513,cards_senior_0806.jsonl:8,google-quest-challenge,easy,2,0,2,0.0,full_self_report_available,google-quest-challenge__e056f23b7e7345cc99b98ec98dbc0224,1,1.0,0.0,1,240.3,2,1122.0,1122.0,1.0,1.0
google-quest-challenge__09e3c19539104671ae6c7ac3d25ba513,cards_senior_0806.jsonl:8,google-quest-challenge,easy,2,0,2,0.0,full_self_report_complete,google-quest-challenge__e056f23b7e7345cc99b98ec98dbc0224,1,1.0,0.0,1,240.3,2,1122.0,1122.0,1.0,1.0
google-quest-challenge__09e3c19539104671ae6c7ac3d25ba513,cards_senior_0806.jsonl:8,google-quest-challenge,easy,2,0,2,0.0,sub120_available,google-quest-challenge__cfdb38bd32284dd1b14ffe5f63059aa2|google-quest-challenge__e056f23b7e7345cc99b98ec98dbc0224,2,0.5,0.07111,1.5,240.3,0,240.3,240.3,0.2141711229946524,0.2141711229946524
google-quest-challenge__09e3c19539104671ae6c7ac3d25ba513,cards_senior_0806.jsonl:8,google-quest-challenge,easy,2,0,2,0.0,artifact120_escalate_silent,google-quest-challenge__e056f23b7e7345cc99b98ec98dbc0224,1,1.0,0.0,1,240.3,2,1362.3,1122.3,1.2141711229946524,1.0002673796791444
google-quest-challenge__54d5e9cda21a4099a4d5c8a5900b642d,cards_senior_0731.jsonl:8,google-quest-challenge,hard,2,0,2,0.0,random,google-quest-challenge__9c121e84fa5a451e87b48f608b215dd4|google-quest-challenge__af65cdfcccea47739bbbd7014fb7f5d6,2,0.5,0.00020000000000003348,1.5,240.4,0,0.0,0.0,0.0,0.0
google-quest-challenge__54d5e9cda21a4099a4d5c8a5900b642d,cards_senior_0731.jsonl:8,google-quest-challenge,hard,2,0,2,0.0,full_external,google-quest-challenge__9c121e84fa5a451e87b48f608b215dd4,1,1.0,0.0,1,240.4,2,1122.0,1122.0,1.0,1.0
google-quest-challenge__54d5e9cda21a4099a4d5c8a5900b642d,cards_senior_0731.jsonl:8,google-quest-challenge,hard,2,0,2,0.0,full_self_report_available,google-quest-challenge__af65cdfcccea47739bbbd7014fb7f5d6,1,0.0,0.00040000000000001146,2,240.4,2,1122.0,1122.0,1.0,1.0
google-quest-challenge__54d5e9cda21a4099a4d5c8a5900b642d,cards_senior_0731.jsonl:8,google-quest-challenge,hard,2,0,2,0.0,full_self_report_complete,google-quest-challenge__af65cdfcccea47739bbbd7014fb7f5d6,1,0.0,0.00040000000000001146,2,240.4,2,1122.0,1122.0,1.0,1.0
google-quest-challenge__54d5e9cda21a4099a4d5c8a5900b642d,cards_senior_0731.jsonl:8,google-quest-challenge,hard,2,0,2,0.0,sub120_available,google-quest-challenge__9c121e84fa5a451e87b48f608b215dd4|google-quest-challenge__af65cdfcccea47739bbbd7014fb7f5d6,2,0.5,0.00020000000000003348,1.5,240.4,0,240.4,240.4,0.2142602495543672,0.2142602495543672
google-quest-challenge__54d5e9cda21a4099a4d5c8a5900b642d,cards_senior_0731.jsonl:8,google-quest-challenge,hard,2,0,2,0.0,artifact120_escalate_silent,google-quest-challenge__9c121e84fa5a451e87b48f608b215dd4,1,1.0,0.0,1,240.4,2,1362.4,1122.4,1.2142602495543673,1.0003565062388593
google-quest-challenge__59d05421af854a3ebf13a049f852fca7,cards_senior_0731.jsonl:8,google-quest-challenge,easy,2,1,1,0.5,random,google-quest-challenge__6ba46794dff84b4aa036ddff694451c2|google-quest-challenge__d18100348572434fbfa74d3d01008623,2,0.5,0.036055000000000004,1.5,160.9,0,0.0,0.0,0.0,0.0
google-quest-challenge__59d05421af854a3ebf13a049f852fca7,cards_senior_0731.jsonl:8,google-quest-challenge,easy,2,1,1,0.5,full_external,google-quest-challenge__d18100348572434fbfa74d3d01008623,1,1.0,0.0,1,160.9,2,1122.0,1122.0,1.0,1.0
google-quest-challenge__59d05421af854a3ebf13a049f852fca7,cards_senior_0731.jsonl:8,google-quest-challenge,easy,2,1,1,0.5,full_self_report_available,google-quest-challenge__d18100348572434fbfa74d3d01008623,1,1.0,0.0,1,160.9,2,1122.0,1122.0,1.0,1.0
google-quest-challenge__59d05421af854a3ebf13a049f852fca7,cards_senior_0731.jsonl:8,google-quest-challenge,easy,2,1,1,0.5,sub120_available,google-quest-challenge__6ba46794dff84b4aa036ddff694451c2,1,0.0,0.07211000000000001,2,160.9,0,160.9,160.9,0.14340463458110517,0.14340463458110517
google-quest-challenge__59d05421af854a3ebf13a049f852fca7,cards_senior_0731.jsonl:8,google-quest-challenge,easy,2,1,1,0.5,artifact120_escalate_silent,google-quest-challenge__d18100348572434fbfa74d3d01008623,1,1.0,0.0,1,160.9,1,721.9,601.9,0.6434046345811052,0.5364527629233511
google-quest-challenge__5bbb739e789e4195ab45d5c9d9e4ef0e,cards_senior_0731.jsonl:8,google-quest-challenge,easy,2,1,1,0.5,random,google-quest-challenge__b0136f10f1e34af1bea8d3b95494444d|google-quest-challenge__c0db78dfced24417a26a9268ac68ca83,2,0.5,0.03031499999999998,1.5,163.3,0,0.0,0.0,0.0,0.0
google-quest-challenge__5bbb739e789e4195ab45d5c9d9e4ef0e,cards_senior_0731.jsonl:8,google-quest-challenge,easy,2,1,1,0.5,full_external,google-quest-challenge__b0136f10f1e34af1bea8d3b95494444d,1,1.0,0.0,1,163.3,2,1122.0,1122.0,1.0,1.0
google-quest-challenge__5bbb739e789e4195ab45d5c9d9e4ef0e,cards_senior_0731.jsonl:8,google-quest-challenge,easy,2,1,1,0.5,full_self_report_available,google-quest-challenge__b0136f10f1e34af1bea8d3b95494444d,1,1.0,0.0,1,163.3,2,1122.0,1122.0,1.0,1.0
google-quest-challenge__5bbb739e789e4195ab45d5c9d9e4ef0e,cards_senior_0731.jsonl:8,google-quest-challenge,easy,2,1,1,0.5,sub120_available,google-quest-challenge__c0db78dfced24417a26a9268ac68ca83,1,0.0,0.06063000000000002,2,163.3,0,163.3,163.3,0.14554367201426027,0.14554367201426027
google-quest-challenge__5bbb739e789e4195ab45d5c9d9e4ef0e,cards_senior_0731.jsonl:8,google-quest-challenge,easy,2,1,1,0.5,artifact120_escalate_silent,google-quest-challenge__b0136f10f1e34af1bea8d3b95494444d,1,1.0,0.0,1,163.3,1,724.3,604.3,0.6455436720142602,0.5385918003565062
google-quest-challenge__9c121e84fa5a451e87b48f608b215dd4,cards_senior_0731.jsonl:8,google-quest-challenge,hard,2,0,2,0.0,random,google-quest-challenge__0f314d3d03ab4226be148679544edf63|google-quest-challenge__43f44abea2d04a8e993bbcf60a6646d7,2,0.5,0.0008349999999999747,1.5,240.3,0,0.0,0.0,0.0,0.0
google-quest-challenge__9c121e84fa5a451e87b48f608b215dd4,cards_senior_0731.jsonl:8,google-quest-challenge,hard,2,0,2,0.0,full_external,google-quest-challenge__43f44abea2d04a8e993bbcf60a6646d7,1,1.0,0.0,1,240.3,2,1122.0,1122.0,1.0,1.0
google-quest-challenge__9c121e84fa5a451e87b48f608b215dd4,cards_senior_0731.jsonl:8,google-quest-challenge,hard,2,0,2,0.0,full_self_report_available,google-quest-challenge__0f314d3d03ab4226be148679544edf63,1,0.0,0.0016700000000000048,2,240.3,2,1122.0,1122.0,1.0,1.0
google-quest-challenge__9c121e84fa5a451e87b48f608b215dd4,cards_senior_0731.jsonl:8,google-quest-challenge,hard,2,0,2,0.0,full_self_report_complete,google-quest-challenge__0f314d3d03ab4226be148679544edf63,1,0.0,0.0016700000000000048,2,240.3,2,1122.0,1122.0,1.0,1.0
google-quest-challenge__9c121e84fa5a451e87b48f608b215dd4,cards_senior_0731.jsonl:8,google-quest-challenge,hard,2,0,2,0.0,sub120_available,google-quest-challenge__0f314d3d03ab4226be148679544edf63|google-quest-challenge__43f44abea2d04a8e993bbcf60a6646d7,2,0.5,0.0008349999999999747,1.5,240.3,0,240.3,240.3,0.2141711229946524,0.2141711229946524
google-quest-challenge__9c121e84fa5a451e87b48f608b215dd4,cards_senior_0731.jsonl:8,google-quest-challenge,hard,2,0,2,0.0,artifact120_escalate_silent,google-quest-challenge__43f44abea2d04a8e993bbcf60a6646d7,1,1.0,0.0,1,240.3,2,1362.3,1122.3,1.2141711229946524,1.0002673796791444
google-quest-challenge__9f74747856c543728a41fbad7c6faf26,cards_senior_0731.jsonl:8,google-quest-challenge,hard,2,0,2,0.0,random,google-quest-challenge__5e9ca53a965341de95e27ea6a40732c6|google-quest-challenge__d47652578a9f4b8e896dcf77a27f1573,2,0.5,0.002385000000000026,1.5,240.4,0,0.0,0.0,0.0,0.0
google-quest-challenge__9f74747856c543728a41fbad7c6faf26,cards_senior_0731.jsonl:8,google-quest-challenge,hard,2,0,2,0.0,full_external,google-quest-challenge__5e9ca53a965341de95e27ea6a40732c6,1,1.0,0.0,1,240.4,2,1122.0,1122.0,1.0,1.0
google-quest-challenge__9f74747856c543728a41fbad7c6faf26,cards_senior_0731.jsonl:8,google-quest-challenge,hard,2,0,2,0.0,full_self_report_available,google-quest-challenge__5e9ca53a965341de95e27ea6a40732c6,1,1.0,0.0,1,240.4,2,1122.0,1122.0,1.0,1.0
google-quest-challenge__9f74747856c543728a41fbad7c6faf26,cards_senior_0731.jsonl:8,google-quest-challenge,hard,2,0,2,0.0,full_self_report_complete,google-quest-challenge__5e9ca53a965341de95e27ea6a40732c6,1,1.0,0.0,1,240.4,2,1122.0,1122.0,1.0,1.0
google-quest-challenge__9f74747856c543728a41fbad7c6faf26,cards_senior_0731.jsonl:8,google-quest-challenge,hard,2,0,2,0.0,sub120_available,google-quest-challenge__5e9ca53a965341de95e27ea6a40732c6|google-quest-challenge__d47652578a9f4b8e896dcf77a27f1573,2,0.5,0.002385000000000026,1.5,240.4,0,240.4,240.4,0.2142602495543672,0.2142602495543672
google-quest-challenge__9f74747856c543728a41fbad7c6faf26,cards_senior_0731.jsonl:8,google-quest-challenge,hard,2,0,2,0.0,artifact120_escalate_silent,google-quest-challenge__5e9ca53a965341de95e27ea6a40732c6,1,1.0,0.0,1,240.4,2,1362.4,1122.4,1.2142602495543673,1.0003565062388593
google-quest-challenge__af65cdfcccea47739bbbd7014fb7f5d6,cards_senior_0731.jsonl:8,google-quest-challenge,hard,2,0,2,0.0,random,google-quest-challenge__3d3145e426b04dc1a112c0832c002be2|google-quest-challenge__9f74747856c543728a41fbad7c6faf26,2,0.5,0.003635000000000055,1.5,240.3,0,0.0,0.0,0.0,0.0
google-quest-challenge__af65cdfcccea47739bbbd7014fb7f5d6,cards_senior_0731.jsonl:8,google-quest-challenge,hard,2,0,2,0.0,full_external,google-quest-challenge__9f74747856c543728a41fbad7c6faf26,1,1.0,0.0,1,240.3,2,1122.0,1122.0,1.0,1.0
google-quest-challenge__af65cdfcccea47739bbbd7014fb7f5d6,cards_senior_0731.jsonl:8,google-quest-challenge,hard,2,0,2,0.0,full_self_report_available,google-quest-challenge__9f74747856c543728a41fbad7c6faf26,1,1.0,0.0,1,240.3,2,1122.0,1122.0,1.0,1.0
google-quest-challenge__af65cdfcccea47739bbbd7014fb7f5d6,cards_senior_0731.jsonl:8,google-quest-challenge,hard,2,0,2,0.0,full_self_report_complete,google-quest-challenge__9f74747856c543728a41fbad7c6faf26,1,1.0,0.0,1,240.3,2,1122.0,1122.0,1.0,1.0
google-quest-challenge__af65cdfcccea47739bbbd7014fb7f5d6,cards_senior_0731.jsonl:8,google-quest-challenge,hard,2,0,2,0.0,sub120_available,google-quest-challenge__3d3145e426b04dc1a112c0832c002be2|google-quest-challenge__9f74747856c543728a41fbad7c6faf26,2,0.5,0.003635000000000055,1.5,240.3,0,240.3,240.3,0.2141711229946524,0.2141711229946524
google-quest-challenge__af65cdfcccea47739bbbd7014fb7f5d6,cards_senior_0731.jsonl:8,google-quest-challenge,hard,2,0,2,0.0,artifact120_escalate_silent,google-quest-challenge__9f74747856c543728a41fbad7c6faf26,1,1.0,0.0,1,240.3,2,1362.3,1122.3,1.2141711229946524,1.0002673796791444
kuzushiji-recognition__121ed223cdb04e059635cad9a797bd87,cards_senior_0806.jsonl:13,kuzushiji-recognition,easy,2,0,2,0.0,random,kuzushiji-recognition__181e0d660b9d488cbc03cfdf2e2dee1c|kuzushiji-recognition__d986962a7a4d47e0ad49cda82797dbe8,2,0.5,0.30362999999999996,1.5,172.7,0,0.0,0.0,0.0,0.0
kuzushiji-recognition__121ed223cdb04e059635cad9a797bd87,cards_senior_0806.jsonl:13,kuzushiji-recognition,easy,2,0,2,0.0,full_external,kuzushiji-recognition__181e0d660b9d488cbc03cfdf2e2dee1c,1,1.0,0.0,1,172.7,2,1122.0,1122.0,1.0,1.0
kuzushiji-recognition__121ed223cdb04e059635cad9a797bd87,cards_senior_0806.jsonl:13,kuzushiji-recognition,easy,2,0,2,0.0,full_self_report_available,kuzushiji-recognition__181e0d660b9d488cbc03cfdf2e2dee1c,1,1.0,0.0,1,172.7,2,1122.0,1122.0,1.0,1.0
kuzushiji-recognition__121ed223cdb04e059635cad9a797bd87,cards_senior_0806.jsonl:13,kuzushiji-recognition,easy,2,0,2,0.0,full_self_report_complete,kuzushiji-recognition__181e0d660b9d488cbc03cfdf2e2dee1c,1,1.0,0.0,1,172.7,2,1122.0,1122.0,1.0,1.0
kuzushiji-recognition__121ed223cdb04e059635cad9a797bd87,cards_senior_0806.jsonl:13,kuzushiji-recognition,easy,2,0,2,0.0,sub120_available,kuzushiji-recognition__181e0d660b9d488cbc03cfdf2e2dee1c|kuzushiji-recognition__d986962a7a4d47e0ad49cda82797dbe8,2,0.5,0.30362999999999996,1.5,172.7,0,172.7,172.7,0.15392156862745096,0.15392156862745096
kuzushiji-recognition__121ed223cdb04e059635cad9a797bd87,cards_senior_0806.jsonl:13,kuzushiji-recognition,easy,2,0,2,0.0,artifact120_escalate_silent,kuzushiji-recognition__181e0d660b9d488cbc03cfdf2e2dee1c,1,1.0,0.0,1,172.7,2,1294.7,1054.7,1.153921568627451,0.940017825311943
kuzushiji-recognition__4dd7be980ff84ddba2cf9058c2885427,cards_senior_0804.jsonl:10,kuzushiji-recognition,hard,2,0,2,0.0,random,kuzushiji-recognition__73e99f460e924a9e88321f1949932b3b|kuzushiji-recognition__9524d52febcd4295ad84c4af399e1324,2,0.5,0.004790000000000072,1.5,240.4,0,0.0,0.0,0.0,0.0
kuzushiji-recognition__4dd7be980ff84ddba2cf9058c2885427,cards_senior_0804.jsonl:10,kuzushiji-recognition,hard,2,0,2,0.0,full_external,kuzushiji-recognition__9524d52febcd4295ad84c4af399e1324,1,1.0,0.0,1,240.4,2,1122.0,1122.0,1.0,1.0
kuzushiji-recognition__4dd7be980ff84ddba2cf9058c2885427,cards_senior_0804.jsonl:10,kuzushiji-recognition,hard,2,0,2,0.0,full_self_report_available,kuzushiji-recognition__9524d52febcd4295ad84c4af399e1324,1,1.0,0.0,1,240.4,2,1122.0,1122.0,1.0,1.0
kuzushiji-recognition__4dd7be980ff84ddba2cf9058c2885427,cards_senior_0804.jsonl:10,kuzushiji-recognition,hard,2,0,2,0.0,full_self_report_complete,kuzushiji-recognition__9524d52febcd4295ad84c4af399e1324,1,1.0,0.0,1,240.4,2,1122.0,1122.0,1.0,1.0
kuzushiji-recognition__4dd7be980ff84ddba2cf9058c2885427,cards_senior_0804.jsonl:10,kuzushiji-recognition,hard,2,0,2,0.0,sub120_available,kuzushiji-recognition__73e99f460e924a9e88321f1949932b3b|kuzushiji-recognition__9524d52febcd4295ad84c4af399e1324,2,0.5,0.004790000000000072,1.5,240.4,0,240.4,240.4,0.2142602495543672,0.2142602495543672
kuzushiji-recognition__4dd7be980ff84ddba2cf9058c2885427,cards_senior_0804.jsonl:10,kuzushiji-recognition,hard,2,0,2,0.0,artifact120_escalate_silent,kuzushiji-recognition__9524d52febcd4295ad84c4af399e1324,1,1.0,0.0,1,240.4,2,1362.4,1122.4,1.2142602495543673,1.0003565062388593
kuzushiji-recognition__ad92a6e36fda4465b4ac7e307e5a71cb,cards_senior_0806.jsonl:13,kuzushiji-recognition,easy,2,0,2,0.0,random,kuzushiji-recognition__182f4cda0713445da9215b141532d19c|kuzushiji-recognition__2f8ad4b6f65e4c7b8d9da78aec6a8d9a,2,0.5,0.011915000000000009,1.5,240.4,0,0.0,0.0,0.0,0.0
kuzushiji-recognition__ad92a6e36fda4465b4ac7e307e5a71cb,cards_senior_0806.jsonl:13,kuzushiji-recognition,easy,2,0,2,0.0,full_external,kuzushiji-recognition__2f8ad4b6f65e4c7b8d9da78aec6a8d9a,1,1.0,0.0,1,240.4,2,1122.0,1122.0,1.0,1.0
kuzushiji-recognition__ad92a6e36fda4465b4ac7e307e5a71cb,cards_senior_0806.jsonl:13,kuzushiji-recognition,easy,2,0,2,0.0,full_self_report_available,kuzushiji-recognition__2f8ad4b6f65e4c7b8d9da78aec6a8d9a,1,1.0,0.0,1,240.4,2,1122.0,1122.0,1.0,1.0
kuzushiji-recognition__ad92a6e36fda4465b4ac7e307e5a71cb,cards_senior_0806.jsonl:13,kuzushiji-recognition,easy,2,0,2,0.0,full_self_report_complete,kuzushiji-recognition__2f8ad4b6f65e4c7b8d9da78aec6a8d9a,1,1.0,0.0,1,240.4,2,1122.0,1122.0,1.0,1.0
kuzushiji-recognition__ad92a6e36fda4465b4ac7e307e5a71cb,cards_senior_0806.jsonl:13,kuzushiji-recognition,easy,2,0,2,0.0,sub120_available,kuzushiji-recognition__182f4cda0713445da9215b141532d19c|kuzushiji-recognition__2f8ad4b6f65e4c7b8d9da78aec6a8d9a,2,0.5,0.011915000000000009,1.5,240.4,0,240.4,240.4,0.2142602495543672,0.2142602495543672
kuzushiji-recognition__ad92a6e36fda4465b4ac7e307e5a71cb,cards_senior_0806.jsonl:13,kuzushiji-recognition,easy,2,0,2,0.0,artifact120_escalate_silent,kuzushiji-recognition__2f8ad4b6f65e4c7b8d9da78aec6a8d9a,1,1.0,0.0,1,240.4,2,1362.4,1122.4,1.2142602495543673,1.0003565062388593
kuzushiji-recognition__eeaa6bfc07634ea58702ac333e168a6a,cards_senior_0804.jsonl:10,kuzushiji-recognition,easy,2,0,2,0.0,random,kuzushiji-recognition__4dd7be980ff84ddba2cf9058c2885427|kuzushiji-recognition__d6f23b0dbc6b4334a0ff06e695764651,2,0.5,0.10888500000000001,1.5,240.4,0,0.0,0.0,0.0,0.0
kuzushiji-recognition__eeaa6bfc07634ea58702ac333e168a6a,cards_senior_0804.jsonl:10,kuzushiji-recognition,easy,2,0,2,0.0,full_external,kuzushiji-recognition__4dd7be980ff84ddba2cf9058c2885427,1,1.0,0.0,1,240.4,2,1122.0,1122.0,1.0,1.0
kuzushiji-recognition__eeaa6bfc07634ea58702ac333e168a6a,cards_senior_0804.jsonl:10,kuzushiji-recognition,easy,2,0,2,0.0,full_self_report_available,kuzushiji-recognition__4dd7be980ff84ddba2cf9058c2885427,1,1.0,0.0,1,240.4,2,1122.0,1122.0,1.0,1.0
kuzushiji-recognition__eeaa6bfc07634ea58702ac333e168a6a,cards_senior_0804.jsonl:10,kuzushiji-recognition,easy,2,0,2,0.0,full_self_report_complete,kuzushiji-recognition__4dd7be980ff84ddba2cf9058c2885427,1,1.0,0.0,1,240.4,2,1122.0,1122.0,1.0,1.0
kuzushiji-recognition__eeaa6bfc07634ea58702ac333e168a6a,cards_senior_0804.jsonl:10,kuzushiji-recognition,easy,2,0,2,0.0,sub120_available,kuzushiji-recognition__4dd7be980ff84ddba2cf9058c2885427|kuzushiji-recognition__d6f23b0dbc6b4334a0ff06e695764651,2,0.5,0.10888500000000001,1.5,240.4,0,240.4,240.4,0.2142602495543672,0.2142602495543672
kuzushiji-recognition__eeaa6bfc07634ea58702ac333e168a6a,cards_senior_0804.jsonl:10,kuzushiji-recognition,easy,2,0,2,0.0,artifact120_escalate_silent,kuzushiji-recognition__4dd7be980ff84ddba2cf9058c2885427,1,1.0,0.0,1,240.4,2,1362.4,1122.4,1.2142602495543673,1.0003565062388593
leaf-classification__239c7e7b1c754e3c964e2a79deca5005,cards_senior_0808.jsonl:34,leaf-classification,hard,3,3,0,1.0,random,leaf-classification__057eea44bbc44c398d28cb637cf4dc58|leaf-classification__73e11f5203254134a921f4cb4cf0f43f|leaf-classification__d7f05a7d1c444f3b83fc5cb5e0070510,3,0.3333333333333333,4.026073333333334,2,107.4,0,0.0,0.0,0.0,0.0
leaf-classification__239c7e7b1c754e3c964e2a79deca5005,cards_senior_0808.jsonl:34,leaf-classification,hard,3,3,0,1.0,full_external,leaf-classification__73e11f5203254134a921f4cb4cf0f43f,1,1.0,0.0,1,107.4,3,1683.0,1683.0,1.0,1.0
leaf-classification__239c7e7b1c754e3c964e2a79deca5005,cards_senior_0808.jsonl:34,leaf-classification,hard,3,3,0,1.0,full_self_report_available,leaf-classification__d7f05a7d1c444f3b83fc5cb5e0070510,1,0.0,0.0013900000000000023,2,107.4,3,1683.0,1683.0,1.0,1.0
leaf-classification__239c7e7b1c754e3c964e2a79deca5005,cards_senior_0808.jsonl:34,leaf-classification,hard,3,3,0,1.0,sub120_available,leaf-classification__73e11f5203254134a921f4cb4cf0f43f,1,1.0,0.0,1,107.4,0,107.4,107.4,0.06381461675579322,0.06381461675579322
leaf-classification__239c7e7b1c754e3c964e2a79deca5005,cards_senior_0808.jsonl:34,leaf-classification,hard,3,3,0,1.0,artifact120_escalate_silent,leaf-classification__73e11f5203254134a921f4cb4cf0f43f,1,1.0,0.0,1,107.4,0,107.4,107.4,0.06381461675579322,0.06381461675579322
leaf-classification__3c164f72f3244432b38a52ea18357921,cards_senior_0808.jsonl:34,leaf-classification,hard,3,3,0,1.0,random,leaf-classification__0012a07f48b648679734623e5e3acbee|leaf-classification__156c3f5007194dec993c6183a80af50f|leaf-classification__6a0fb84e84c54521889bbf92076512f0,3,0.6666666666666666,0.0005299999999999992,1.3333333333333333,106.6,0,0.0,0.0,0.0,0.0
leaf-classification__3c164f72f3244432b38a52ea18357921,cards_senior_0808.jsonl:34,leaf-classification,hard,3,3,0,1.0,full_external,leaf-classification__0012a07f48b648679734623e5e3acbee|leaf-classification__156c3f5007194dec993c6183a80af50f,2,1.0,0.0,1,106.6,3,1683.0,1683.0,1.0,1.0
leaf-classification__3c164f72f3244432b38a52ea18357921,cards_senior_0808.jsonl:34,leaf-classification,hard,3,3,0,1.0,full_self_report_available,leaf-classification__0012a07f48b648679734623e5e3acbee,1,1.0,0.0,1,106.6,3,1683.0,1683.0,1.0,1.0
leaf-classification__3c164f72f3244432b38a52ea18357921,cards_senior_0808.jsonl:34,leaf-classification,hard,3,3,0,1.0,full_self_report_complete,leaf-classification__0012a07f48b648679734623e5e3acbee,1,1.0,0.0,1,106.6,3,1683.0,1683.0,1.0,1.0
leaf-classification__3c164f72f3244432b38a52ea18357921,cards_senior_0808.jsonl:34,leaf-classification,hard,3,3,0,1.0,sub120_available,leaf-classification__0012a07f48b648679734623e5e3acbee|leaf-classification__156c3f5007194dec993c6183a80af50f,2,1.0,0.0,1,106.6,0,106.6,106.6,0.06333927510398098,0.06333927510398098
leaf-classification__3c164f72f3244432b38a52ea18357921,cards_senior_0808.jsonl:34,leaf-classification,hard,3,3,0,1.0,artifact120_escalate_silent,leaf-classification__0012a07f48b648679734623e5e3acbee|leaf-classification__156c3f5007194dec993c6183a80af50f,2,1.0,0.0,1,106.6,0,106.6,106.6,0.06333927510398098,0.06333927510398098
leaf-classification__6ab44b6035424b84aa5f92009d7da965,cards_senior_0808.jsonl:34,leaf-classification,easy,2,2,0,1.0,random,leaf-classification__991d5e2597c6435aa1d658f2f46639f1|leaf-classification__ee501d742baa4e5eb3737e1746896c43,2,0.5,0.02407999999999999,1.5,160.9,0,0.0,0.0,0.0,0.0
leaf-classification__6ab44b6035424b84aa5f92009d7da965,cards_senior_0808.jsonl:34,leaf-classification,easy,2,2,0,1.0,full_external,leaf-classification__991d5e2597c6435aa1d658f2f46639f1,1,1.0,0.0,1,160.9,2,1122.0,1122.0,1.0,1.0
leaf-classification__6ab44b6035424b84aa5f92009d7da965,cards_senior_0808.jsonl:34,leaf-classification,easy,2,2,0,1.0,full_self_report_available,leaf-classification__991d5e2597c6435aa1d658f2f46639f1,1,1.0,0.0,1,160.9,2,1122.0,1122.0,1.0,1.0
leaf-classification__6ab44b6035424b84aa5f92009d7da965,cards_senior_0808.jsonl:34,leaf-classification,easy,2,2,0,1.0,full_self_report_complete,leaf-classification__991d5e2597c6435aa1d658f2f46639f1,1,1.0,0.0,1,160.9,2,1122.0,1122.0,1.0,1.0
leaf-classification__6ab44b6035424b84aa5f92009d7da965,cards_senior_0808.jsonl:34,leaf-classification,easy,2,2,0,1.0,sub120_available,leaf-classification__991d5e2597c6435aa1d658f2f46639f1,1,1.0,0.0,1,160.9,0,160.9,160.9,0.14340463458110517,0.14340463458110517
leaf-classification__6ab44b6035424b84aa5f92009d7da965,cards_senior_0808.jsonl:34,leaf-classification,easy,2,2,0,1.0,artifact120_escalate_silent,leaf-classification__991d5e2597c6435aa1d658f2f46639f1,1,1.0,0.0,1,160.9,0,160.9,160.9,0.14340463458110517,0.14340463458110517
leaf-classification__abd955fe1fad4d7a9b4bac2c62a6b1ae,cards_senior_0808.jsonl:34,leaf-classification,easy,2,2,0,1.0,random,leaf-classification__494524617b54420f82384eeeca1bb3f8|leaf-classification__eed56a4de8c846d199c496cea22662c6,2,0.5,0.017565000000000004,1.5,44.3,0,0.0,0.0,0.0,0.0
leaf-classification__abd955fe1fad4d7a9b4bac2c62a6b1ae,cards_senior_0808.jsonl:34,leaf-classification,easy,2,2,0,1.0,full_external,leaf-classification__494524617b54420f82384eeeca1bb3f8,1,1.0,0.0,1,44.3,2,1122.0,1122.0,1.0,1.0
leaf-classification__abd955fe1fad4d7a9b4bac2c62a6b1ae,cards_senior_0808.jsonl:34,leaf-classification,easy,2,2,0,1.0,full_self_report_available,leaf-classification__eed56a4de8c846d199c496cea22662c6,1,0.0,0.03513,2,44.3,2,1122.0,1122.0,1.0,1.0
leaf-classification__abd955fe1fad4d7a9b4bac2c62a6b1ae,cards_senior_0808.jsonl:34,leaf-classification,easy,2,2,0,1.0,full_self_report_complete,leaf-classification__eed56a4de8c846d199c496cea22662c6,1,0.0,0.03513,2,44.3,2,1122.0,1122.0,1.0,1.0
leaf-classification__abd955fe1fad4d7a9b4bac2c62a6b1ae,cards_senior_0808.jsonl:34,leaf-classification,easy,2,2,0,1.0,sub120_available,leaf-classification__494524617b54420f82384eeeca1bb3f8,1,1.0,0.0,1,44.3,0,44.3,44.3,0.03948306595365419,0.03948306595365419
leaf-classification__abd955fe1fad4d7a9b4bac2c62a6b1ae,cards_senior_0808.jsonl:34,leaf-classification,easy,2,2,0,1.0,artifact120_escalate_silent,leaf-classification__494524617b54420f82384eeeca1bb3f8,1,1.0,0.0,1,44.3,0,44.3,44.3,0.03948306595365419,0.03948306595365419
leaf-classification__f0411bcb7c8d46b38b6395c0a137f9fd,cards_senior_0808.jsonl:34,leaf-classification,hard,3,3,0,1.0,random,leaf-classification__60b488f9620146388be7609e453aee44|leaf-classification__b98b686b95184ee98e13a7e8b7ed4368|leaf-classification__dd2c3d9b946e4ada942d99bcabfe7d98,3,0.3333333333333333,4.005413333333333,2,148.7,0,0.0,0.0,0.0,0.0
leaf-classification__f0411bcb7c8d46b38b6395c0a137f9fd,cards_senior_0808.jsonl:34,leaf-classification,hard,3,3,0,1.0,full_external,leaf-classification__60b488f9620146388be7609e453aee44,1,1.0,0.0,1,148.7,3,1683.0,1683.0,1.0,1.0
leaf-classification__f0411bcb7c8d46b38b6395c0a137f9fd,cards_senior_0808.jsonl:34,leaf-classification,hard,3,3,0,1.0,full_self_report_available,leaf-classification__dd2c3d9b946e4ada942d99bcabfe7d98,1,0.0,12.00793,3,148.7,3,1683.0,1683.0,1.0,1.0
leaf-classification__f0411bcb7c8d46b38b6395c0a137f9fd,cards_senior_0808.jsonl:34,leaf-classification,hard,3,3,0,1.0,full_self_report_complete,leaf-classification__dd2c3d9b946e4ada942d99bcabfe7d98,1,0.0,12.00793,3,148.7,3,1683.0,1683.0,1.0,1.0
leaf-classification__f0411bcb7c8d46b38b6395c0a137f9fd,cards_senior_0808.jsonl:34,leaf-classification,hard,3,3,0,1.0,sub120_available,leaf-classification__60b488f9620146388be7609e453aee44,1,1.0,0.0,1,148.7,0,148.7,148.7,0.08835412953060011,0.08835412953060011
leaf-classification__f0411bcb7c8d46b38b6395c0a137f9fd,cards_senior_0808.jsonl:34,leaf-classification,hard,3,3,0,1.0,artifact120_escalate_silent,leaf-classification__60b488f9620146388be7609e453aee44,1,1.0,0.0,1,148.7,0,148.7,148.7,0.08835412953060011,0.08835412953060011
leaf-classification__fc1a4fb5b3cd4cedafd1b81e84071adf,cards_senior_0808.jsonl:33,leaf-classification,easy,2,1,1,0.5,random,leaf-classification__04ab1a90eab841ddb77c99d84c5e1463|leaf-classification__8d613d315033481d990dc9c0af53620a,2,0.5,0.221175,1.5,134.0,0,0.0,0.0,0.0,0.0
leaf-classification__fc1a4fb5b3cd4cedafd1b81e84071adf,cards_senior_0808.jsonl:33,leaf-classification,easy,2,1,1,0.5,full_external,leaf-classification__8d613d315033481d990dc9c0af53620a,1,1.0,0.0,1,134.0,2,1122.0,1122.0,1.0,1.0
leaf-classification__fc1a4fb5b3cd4cedafd1b81e84071adf,cards_senior_0808.jsonl:33,leaf-classification,easy,2,1,1,0.5,full_self_report_available,leaf-classification__8d613d315033481d990dc9c0af53620a,1,1.0,0.0,1,134.0,2,1122.0,1122.0,1.0,1.0
leaf-classification__fc1a4fb5b3cd4cedafd1b81e84071adf,cards_senior_0808.jsonl:33,leaf-classification,easy,2,1,1,0.5,full_self_report_complete,leaf-classification__8d613d315033481d990dc9c0af53620a,1,1.0,0.0,1,134.0,2,1122.0,1122.0,1.0,1.0
leaf-classification__fc1a4fb5b3cd4cedafd1b81e84071adf,cards_senior_0808.jsonl:33,leaf-classification,easy,2,1,1,0.5,sub120_available,leaf-classification__8d613d315033481d990dc9c0af53620a,1,1.0,0.0,1,134.0,0,134.0,134.0,0.11942959001782531,0.11942959001782531
leaf-classification__fc1a4fb5b3cd4cedafd1b81e84071adf,cards_senior_0808.jsonl:33,leaf-classification,easy,2,1,1,0.5,artifact120_escalate_silent,leaf-classification__8d613d315033481d990dc9c0af53620a,1,1.0,0.0,1,134.0,1,695.0,575.0,0.6194295900178253,0.5124777183600713
learning-agency-lab-automated-essay-scoring-2__507578e20ae54b25bdde6dc425eafa7d,cards_senior_0803.jsonl:3,learning-agency-lab-automated-essay-scoring-2,easy,2,0,2,0.0,random,learning-agency-lab-automated-essay-scoring-2__70e2d9903c9a4c9cbeb84d1deb7775c2|learning-agency-lab-automated-essay-scoring-2__ec12b99e12db4b4fa87adb2a6ce1a191,2,0.5,0.006610000000000005,1.5,61.7,0,0.0,0.0,0.0,0.0
learning-agency-lab-automated-essay-scoring-2__507578e20ae54b25bdde6dc425eafa7d,cards_senior_0803.jsonl:3,learning-agency-lab-automated-essay-scoring-2,easy,2,0,2,0.0,full_external,learning-agency-lab-automated-essay-scoring-2__ec12b99e12db4b4fa87adb2a6ce1a191,1,1.0,0.0,1,61.7,2,1122.0,1122.0,1.0,1.0
learning-agency-lab-automated-essay-scoring-2__507578e20ae54b25bdde6dc425eafa7d,cards_senior_0803.jsonl:3,learning-agency-lab-automated-essay-scoring-2,easy,2,0,2,0.0,full_self_report_available,learning-agency-lab-automated-essay-scoring-2__ec12b99e12db4b4fa87adb2a6ce1a191,1,1.0,0.0,1,61.7,2,1122.0,1122.0,1.0,1.0
learning-agency-lab-automated-essay-scoring-2__507578e20ae54b25bdde6dc425eafa7d,cards_senior_0803.jsonl:3,learning-agency-lab-automated-essay-scoring-2,easy,2,0,2,0.0,full_self_report_complete,learning-agency-lab-automated-essay-scoring-2__ec12b99e12db4b4fa87adb2a6ce1a191,1,1.0,0.0,1,61.7,2,1122.0,1122.0,1.0,1.0
learning-agency-lab-automated-essay-scoring-2__507578e20ae54b25bdde6dc425eafa7d,cards_senior_0803.jsonl:3,learning-agency-lab-automated-essay-scoring-2,easy,2,0,2,0.0,sub120_available,learning-agency-lab-automated-essay-scoring-2__70e2d9903c9a4c9cbeb84d1deb7775c2|learning-agency-lab-automated-essay-scoring-2__ec12b99e12db4b4fa87adb2a6ce1a191,2,0.5,0.006610000000000005,1.5,61.7,0,61.7,61.7,0.05499108734402852,0.05499108734402852
learning-agency-lab-automated-essay-scoring-2__507578e20ae54b25bdde6dc425eafa7d,cards_senior_0803.jsonl:3,learning-agency-lab-automated-essay-scoring-2,easy,2,0,2,0.0,artifact120_escalate_silent,learning-agency-lab-automated-essay-scoring-2__ec12b99e12db4b4fa87adb2a6ce1a191,1,1.0,0.0,1,61.7,2,1183.7,943.7,1.0549910873440285,0.8410873440285206
learning-agency-lab-automated-essay-scoring-2__77aac523f90d4cf5afe2eaa03733a189,cards_senior_0803.jsonl:6,learning-agency-lab-automated-essay-scoring-2,hard,2,0,2,0.0,random,learning-agency-lab-automated-essay-scoring-2__2fd4cc3940ce4d0fb1c213b397104657|learning-agency-lab-automated-essay-scoring-2__ba54479d2a1e448e80aa38d85d4d6470,2,0.5,0.0018500000000000183,1.5,240.2,0,0.0,0.0,0.0,0.0
learning-agency-lab-automated-essay-scoring-2__77aac523f90d4cf5afe2eaa03733a189,cards_senior_0803.jsonl:6,learning-agency-lab-automated-essay-scoring-2,hard,2,0,2,0.0,full_external,learning-agency-lab-automated-essay-scoring-2__2fd4cc3940ce4d0fb1c213b397104657,1,1.0,0.0,1,240.2,2,1122.0,1122.0,1.0,1.0
learning-agency-lab-automated-essay-scoring-2__77aac523f90d4cf5afe2eaa03733a189,cards_senior_0803.jsonl:6,learning-agency-lab-automated-essay-scoring-2,hard,2,0,2,0.0,full_self_report_available,learning-agency-lab-automated-essay-scoring-2__2fd4cc3940ce4d0fb1c213b397104657,1,1.0,0.0,1,240.2,2,1122.0,1122.0,1.0,1.0
learning-agency-lab-automated-essay-scoring-2__77aac523f90d4cf5afe2eaa03733a189,cards_senior_0803.jsonl:6,learning-agency-lab-automated-essay-scoring-2,hard,2,0,2,0.0,full_self_report_complete,learning-agency-lab-automated-essay-scoring-2__2fd4cc3940ce4d0fb1c213b397104657,1,1.0,0.0,1,240.2,2,1122.0,1122.0,1.0,1.0
learning-agency-lab-automated-essay-scoring-2__77aac523f90d4cf5afe2eaa03733a189,cards_senior_0803.jsonl:6,learning-agency-lab-automated-essay-scoring-2,hard,2,0,2,0.0,sub120_available,learning-agency-lab-automated-essay-scoring-2__2fd4cc3940ce4d0fb1c213b397104657|learning-agency-lab-automated-essay-scoring-2__ba54479d2a1e448e80aa38d85d4d6470,2,0.5,0.0018500000000000183,1.5,240.2,0,240.2,240.2,0.2140819964349376,0.2140819964349376
learning-agency-lab-automated-essay-scoring-2__77aac523f90d4cf5afe2eaa03733a189,cards_senior_0803.jsonl:6,learning-agency-lab-automated-essay-scoring-2,hard,2,0,2,0.0,artifact120_escalate_silent,learning-agency-lab-automated-essay-scoring-2__2fd4cc3940ce4d0fb1c213b397104657,1,1.0,0.0,1,240.2,2,1362.2,1122.2,1.2140819964349376,1.0001782531194296
learning-agency-lab-automated-essay-scoring-2__bfdd0bd143fd4cb4ab9357441b7b4d6f,cards_senior_0808.jsonl:8,learning-agency-lab-automated-essay-scoring-2,easy,2,0,2,0.0,random,learning-agency-lab-automated-essay-scoring-2__582b2c4449b042abbd35afa7f0161ae7|learning-agency-lab-automated-essay-scoring-2__6e8d2b60f702410b9ce09b32bd3a5b2d,2,0.5,0.54453,1.5,137.4,0,0.0,0.0,0.0,0.0
learning-agency-lab-automated-essay-scoring-2__bfdd0bd143fd4cb4ab9357441b7b4d6f,cards_senior_0808.jsonl:8,learning-agency-lab-automated-essay-scoring-2,easy,2,0,2,0.0,full_external,learning-agency-lab-automated-essay-scoring-2__582b2c4449b042abbd35afa7f0161ae7,1,1.0,0.0,1,137.4,2,1122.0,1122.0,1.0,1.0
learning-agency-lab-automated-essay-scoring-2__bfdd0bd143fd4cb4ab9357441b7b4d6f,cards_senior_0808.jsonl:8,learning-agency-lab-automated-essay-scoring-2,easy,2,0,2,0.0,full_self_report_available,learning-agency-lab-automated-essay-scoring-2__582b2c4449b042abbd35afa7f0161ae7,1,1.0,0.0,1,137.4,2,1122.0,1122.0,1.0,1.0
learning-agency-lab-automated-essay-scoring-2__bfdd0bd143fd4cb4ab9357441b7b4d6f,cards_senior_0808.jsonl:8,learning-agency-lab-automated-essay-scoring-2,easy,2,0,2,0.0,sub120_available,learning-agency-lab-automated-essay-scoring-2__582b2c4449b042abbd35afa7f0161ae7|learning-agency-lab-automated-essay-scoring-2__6e8d2b60f702410b9ce09b32bd3a5b2d,2,0.5,0.54453,1.5,137.4,0,137.4,137.4,0.12245989304812835,0.12245989304812835
learning-agency-lab-automated-essay-scoring-2__bfdd0bd143fd4cb4ab9357441b7b4d6f,cards_senior_0808.jsonl:8,learning-agency-lab-automated-essay-scoring-2,easy,2,0,2,0.0,artifact120_escalate_silent,learning-agency-lab-automated-essay-scoring-2__582b2c4449b042abbd35afa7f0161ae7,1,1.0,0.0,1,137.4,2,1259.4,1019.4,1.1224598930481284,0.9085561497326203
learning-agency-lab-automated-essay-scoring-2__d7d7b2c80bc34005a0fec4fc67053498,cards_senior_0803.jsonl:3,learning-agency-lab-automated-essay-scoring-2,hard,3,2,1,0.6666666666666666,random,learning-agency-lab-automated-essay-scoring-2__507578e20ae54b25bdde6dc425eafa7d|learning-agency-lab-automated-essay-scoring-2__5ea8aa0cafac46408fa42d1c3e30d058|learning-agency-lab-automated-essay-scoring-2__e98c27a1655f4bbda2fc621ba07c232c,3,0.3333333333333333,0.009013333333333318,2,168.3,0,0.0,0.0,0.0,0.0
learning-agency-lab-automated-essay-scoring-2__d7d7b2c80bc34005a0fec4fc67053498,cards_senior_0803.jsonl:3,learning-agency-lab-automated-essay-scoring-2,hard,3,2,1,0.6666666666666666,full_external,learning-agency-lab-automated-essay-scoring-2__e98c27a1655f4bbda2fc621ba07c232c,1,1.0,0.0,1,168.3,3,1683.0,1683.0,1.0,1.0
learning-agency-lab-automated-essay-scoring-2__d7d7b2c80bc34005a0fec4fc67053498,cards_senior_0803.jsonl:3,learning-agency-lab-automated-essay-scoring-2,hard,3,2,1,0.6666666666666666,full_self_report_available,learning-agency-lab-automated-essay-scoring-2__e98c27a1655f4bbda2fc621ba07c232c,1,1.0,0.0,1,168.3,3,1683.0,1683.0,1.0,1.0
learning-agency-lab-automated-essay-scoring-2__d7d7b2c80bc34005a0fec4fc67053498,cards_senior_0803.jsonl:3,learning-agency-lab-automated-essay-scoring-2,hard,3,2,1,0.6666666666666666,full_self_report_complete,learning-agency-lab-automated-essay-scoring-2__e98c27a1655f4bbda2fc621ba07c232c,1,1.0,0.0,1,168.3,3,1683.0,1683.0,1.0,1.0
learning-agency-lab-automated-essay-scoring-2__d7d7b2c80bc34005a0fec4fc67053498,cards_senior_0803.jsonl:3,learning-agency-lab-automated-essay-scoring-2,hard,3,2,1,0.6666666666666666,sub120_available,learning-agency-lab-automated-essay-scoring-2__e98c27a1655f4bbda2fc621ba07c232c,1,1.0,0.0,1,168.3,0,168.3,168.3,0.1,0.1
learning-agency-lab-automated-essay-scoring-2__d7d7b2c80bc34005a0fec4fc67053498,cards_senior_0803.jsonl:3,learning-agency-lab-automated-essay-scoring-2,hard,3,2,1,0.6666666666666666,artifact120_escalate_silent,learning-agency-lab-automated-essay-scoring-2__507578e20ae54b25bdde6dc425eafa7d,1,0.0,0.008480000000000043,2,168.3,1,729.3,609.3,0.4333333333333333,0.3620320855614973
learning-agency-lab-automated-essay-scoring-2__dcadeabb3745444b84238b4e3b4bf557,cards_senior_0803.jsonl:6,learning-agency-lab-automated-essay-scoring-2,hard,2,0,2,0.0,random,learning-agency-lab-automated-essay-scoring-2__71b7798f122449e7bcd5933fe6c9d375|learning-agency-lab-automated-essay-scoring-2__77aac523f90d4cf5afe2eaa03733a189,2,0.5,0.0009850000000000136,1.5,146.0,0,0.0,0.0,0.0,0.0
learning-agency-lab-automated-essay-scoring-2__dcadeabb3745444b84238b4e3b4bf557,cards_senior_0803.jsonl:6,learning-agency-lab-automated-essay-scoring-2,hard,2,0,2,0.0,full_external,learning-agency-lab-automated-essay-scoring-2__71b7798f122449e7bcd5933fe6c9d375,1,1.0,0.0,1,146.0,2,1122.0,1122.0,1.0,1.0
learning-agency-lab-automated-essay-scoring-2__dcadeabb3745444b84238b4e3b4bf557,cards_senior_0803.jsonl:6,learning-agency-lab-automated-essay-scoring-2,hard,2,0,2,0.0,full_self_report_available,learning-agency-lab-automated-essay-scoring-2__77aac523f90d4cf5afe2eaa03733a189,1,0.0,0.0019700000000000273,2,146.0,2,1122.0,1122.0,1.0,1.0
learning-agency-lab-automated-essay-scoring-2__dcadeabb3745444b84238b4e3b4bf557,cards_senior_0803.jsonl:6,learning-agency-lab-automated-essay-scoring-2,hard,2,0,2,0.0,full_self_report_complete,learning-agency-lab-automated-essay-scoring-2__77aac523f90d4cf5afe2eaa03733a189,1,0.0,0.0019700000000000273,2,146.0,2,1122.0,1122.0,1.0,1.0
learning-agency-lab-automated-essay-scoring-2__dcadeabb3745444b84238b4e3b4bf557,cards_senior_0803.jsonl:6,learning-agency-lab-automated-essay-scoring-2,hard,2,0,2,0.0,sub120_available,learning-agency-lab-automated-essay-scoring-2__71b7798f122449e7bcd5933fe6c9d375|learning-agency-lab-automated-essay-scoring-2__77aac523f90d4cf5afe2eaa03733a189,2,0.5,0.0009850000000000136,1.5,146.0,0,146.0,146.0,0.13012477718360071,0.13012477718360071
learning-agency-lab-automated-essay-scoring-2__dcadeabb3745444b84238b4e3b4bf557,cards_senior_0803.jsonl:6,learning-agency-lab-automated-essay-scoring-2,hard,2,0,2,0.0,artifact120_escalate_silent,learning-agency-lab-automated-essay-scoring-2__71b7798f122449e7bcd5933fe6c9d375,1,1.0,0.0,1,146.0,2,1268.0,1028.0,1.1301247771836007,0.9162210338680927
learning-agency-lab-automated-essay-scoring-2__e98c27a1655f4bbda2fc621ba07c232c,cards_senior_0803.jsonl:3,learning-agency-lab-automated-essay-scoring-2,easy,2,2,0,1.0,random,learning-agency-lab-automated-essay-scoring-2__50c87d8406ad4f17aa7b023c05d6a44c|learning-agency-lab-automated-essay-scoring-2__ca6e4102a52745a388d5d1e6a5630a60,2,0.5,0.015060000000000073,1.5,204.0,0,0.0,0.0,0.0,0.0
learning-agency-lab-automated-essay-scoring-2__e98c27a1655f4bbda2fc621ba07c232c,cards_senior_0803.jsonl:3,learning-agency-lab-automated-essay-scoring-2,easy,2,2,0,1.0,full_external,learning-agency-lab-automated-essay-scoring-2__ca6e4102a52745a388d5d1e6a5630a60,1,1.0,0.0,1,204.0,2,1122.0,1122.0,1.0,1.0
learning-agency-lab-automated-essay-scoring-2__e98c27a1655f4bbda2fc621ba07c232c,cards_senior_0803.jsonl:3,learning-agency-lab-automated-essay-scoring-2,easy,2,2,0,1.0,full_self_report_available,learning-agency-lab-automated-essay-scoring-2__ca6e4102a52745a388d5d1e6a5630a60,1,1.0,0.0,1,204.0,2,1122.0,1122.0,1.0,1.0
learning-agency-lab-automated-essay-scoring-2__e98c27a1655f4bbda2fc621ba07c232c,cards_senior_0803.jsonl:3,learning-agency-lab-automated-essay-scoring-2,easy,2,2,0,1.0,sub120_available,learning-agency-lab-automated-essay-scoring-2__50c87d8406ad4f17aa7b023c05d6a44c,1,0.0,0.030120000000000036,2,204.0,0,204.0,204.0,0.18181818181818182,0.18181818181818182
learning-agency-lab-automated-essay-scoring-2__e98c27a1655f4bbda2fc621ba07c232c,cards_senior_0803.jsonl:3,learning-agency-lab-automated-essay-scoring-2,easy,2,2,0,1.0,artifact120_escalate_silent,learning-agency-lab-automated-essay-scoring-2__50c87d8406ad4f17aa7b023c05d6a44c,1,0.0,0.030120000000000036,2,204.0,0,204.0,204.0,0.18181818181818182,0.18181818181818182
mlsp-2013-birds__2d82d79adb47473e907e8f34ad15cdb2,cards_senior_0802.jsonl:4,mlsp-2013-birds,hard,5,2,3,0.4,random,mlsp-2013-birds__2d983a9212234554a59cec88a93e6e0b|mlsp-2013-birds__908d280fda604c43bb7a5e87420e46c3|mlsp-2013-birds__9ccfc1b22cde40db8fc67b8081d0293b|mlsp-2013-birds__9d6111ad09d84e7aa563821c26dd77b2|mlsp-2013-birds__ed8784a6a4c44472a644dcb7a4360f3b,5,0.2,0.0036280000000000756,3,514.6,0,0.0,0.0,0.0,0.0
mlsp-2013-birds__2d82d79adb47473e907e8f34ad15cdb2,cards_senior_0802.jsonl:4,mlsp-2013-birds,hard,5,2,3,0.4,full_external,mlsp-2013-birds__9d6111ad09d84e7aa563821c26dd77b2,1,1.0,0.0,1,514.6,5,2805.0,2805.0,1.0,1.0
mlsp-2013-birds__2d82d79adb47473e907e8f34ad15cdb2,cards_senior_0802.jsonl:4,mlsp-2013-birds,hard,5,2,3,0.4,full_self_report_available,mlsp-2013-birds__9d6111ad09d84e7aa563821c26dd77b2,1,1.0,0.0,1,514.6,5,2805.0,2805.0,1.0,1.0
mlsp-2013-birds__2d82d79adb47473e907e8f34ad15cdb2,cards_senior_0802.jsonl:4,mlsp-2013-birds,hard,5,2,3,0.4,full_self_report_complete,mlsp-2013-birds__9d6111ad09d84e7aa563821c26dd77b2,1,1.0,0.0,1,514.6,5,2805.0,2805.0,1.0,1.0
mlsp-2013-birds__2d82d79adb47473e907e8f34ad15cdb2,cards_senior_0802.jsonl:4,mlsp-2013-birds,hard,5,2,3,0.4,sub120_available,mlsp-2013-birds__2d983a9212234554a59cec88a93e6e0b,1,0.0,0.009440000000000004,5,514.6,0,514.6,514.6,0.18345811051693406,0.18345811051693406
mlsp-2013-birds__2d82d79adb47473e907e8f34ad15cdb2,cards_senior_0802.jsonl:4,mlsp-2013-birds,hard,5,2,3,0.4,artifact120_escalate_silent,mlsp-2013-birds__2d983a9212234554a59cec88a93e6e0b,1,0.0,0.009440000000000004,5,514.6,3,2197.6,1837.6,0.783458110516934,0.6551158645276292
mlsp-2013-birds__35246c86f5b347e18d24e0558af31250,cards_senior_0802.jsonl:4,mlsp-2013-birds,hard,2,2,0,1.0,random,mlsp-2013-birds__14b366b28c65451f963287bb1c29baaf|mlsp-2013-birds__71bf705af9984d7b8bf7216cee3e9106,2,0.5,0.0010350000000000081,1.5,192.1,0,0.0,0.0,0.0,0.0
mlsp-2013-birds__35246c86f5b347e18d24e0558af31250,cards_senior_0802.jsonl:4,mlsp-2013-birds,hard,2,2,0,1.0,full_external,mlsp-2013-birds__14b366b28c65451f963287bb1c29baaf,1,1.0,0.0,1,192.1,2,1122.0,1122.0,1.0,1.0
mlsp-2013-birds__35246c86f5b347e18d24e0558af31250,cards_senior_0802.jsonl:4,mlsp-2013-birds,hard,2,2,0,1.0,full_self_report_available,mlsp-2013-birds__71bf705af9984d7b8bf7216cee3e9106,1,0.0,0.0020700000000000163,2,192.1,2,1122.0,1122.0,1.0,1.0
mlsp-2013-birds__35246c86f5b347e18d24e0558af31250,cards_senior_0802.jsonl:4,mlsp-2013-birds,hard,2,2,0,1.0,full_self_report_complete,mlsp-2013-birds__71bf705af9984d7b8bf7216cee3e9106,1,0.0,0.0020700000000000163,2,192.1,2,1122.0,1122.0,1.0,1.0
mlsp-2013-birds__35246c86f5b347e18d24e0558af31250,cards_senior_0802.jsonl:4,mlsp-2013-birds,hard,2,2,0,1.0,sub120_available,mlsp-2013-birds__71bf705af9984d7b8bf7216cee3e9106,1,0.0,0.0020700000000000163,2,192.1,0,192.1,192.1,0.1712121212121212,0.1712121212121212
mlsp-2013-birds__35246c86f5b347e18d24e0558af31250,cards_senior_0802.jsonl:4,mlsp-2013-birds,hard,2,2,0,1.0,artifact120_escalate_silent,mlsp-2013-birds__71bf705af9984d7b8bf7216cee3e9106,1,0.0,0.0020700000000000163,2,192.1,0,192.1,192.1,0.1712121212121212,0.1712121212121212
mlsp-2013-birds__5c488535319e494c9944773f9016d969,cards_senior_0726.jsonl:10,mlsp-2013-birds,easy,2,2,0,1.0,random,mlsp-2013-birds__ea104eef9b0c40dbbe70f756d236f0da|mlsp-2013-birds__f570cce01e6f4fc591ead51fb7dea6ae,2,0.5,0.02687000000000006,1.5,54.3,0,0.0,0.0,0.0,0.0
mlsp-2013-birds__5c488535319e494c9944773f9016d969,cards_senior_0726.jsonl:10,mlsp-2013-birds,easy,2,2,0,1.0,full_external,mlsp-2013-birds__f570cce01e6f4fc591ead51fb7dea6ae,1,1.0,0.0,1,54.3,2,1122.0,1122.0,1.0,1.0
mlsp-2013-birds__5c488535319e494c9944773f9016d969,cards_senior_0726.jsonl:10,mlsp-2013-birds,easy,2,2,0,1.0,full_self_report_available,mlsp-2013-birds__f570cce01e6f4fc591ead51fb7dea6ae,1,1.0,0.0,1,54.3,2,1122.0,1122.0,1.0,1.0
mlsp-2013-birds__5c488535319e494c9944773f9016d969,cards_senior_0726.jsonl:10,mlsp-2013-birds,easy,2,2,0,1.0,full_self_report_complete,mlsp-2013-birds__f570cce01e6f4fc591ead51fb7dea6ae,1,1.0,0.0,1,54.3,2,1122.0,1122.0,1.0,1.0
mlsp-2013-birds__5c488535319e494c9944773f9016d969,cards_senior_0726.jsonl:10,mlsp-2013-birds,easy,2,2,0,1.0,sub120_available,mlsp-2013-birds__f570cce01e6f4fc591ead51fb7dea6ae,1,1.0,0.0,1,54.3,0,54.3,54.3,0.04839572192513369,0.04839572192513369
mlsp-2013-birds__5c488535319e494c9944773f9016d969,cards_senior_0726.jsonl:10,mlsp-2013-birds,easy,2,2,0,1.0,artifact120_escalate_silent,mlsp-2013-birds__f570cce01e6f4fc591ead51fb7dea6ae,1,1.0,0.0,1,54.3,0,54.3,54.3,0.04839572192513369,0.04839572192513369
mlsp-2013-birds__90f132b316fa4cf98cf1e5efee710b89,cards_senior_0728.jsonl:18,mlsp-2013-birds,easy,3,0,3,0.0,random,mlsp-2013-birds__83676ff46373471d9a13d595e5dfabd9|mlsp-2013-birds__88f03e044884470daa459768f08242d1|mlsp-2013-birds__d8afa823f0a64069bb2ff77d64afd36d,3,0.3333333333333333,0.027229999999999976,2,360.4,0,0.0,0.0,0.0,0.0
mlsp-2013-birds__90f132b316fa4cf98cf1e5efee710b89,cards_senior_0728.jsonl:18,mlsp-2013-birds,easy,3,0,3,0.0,full_external,mlsp-2013-birds__d8afa823f0a64069bb2ff77d64afd36d,1,1.0,0.0,1,360.4,3,1683.0,1683.0,1.0,1.0
mlsp-2013-birds__90f132b316fa4cf98cf1e5efee710b89,cards_senior_0728.jsonl:18,mlsp-2013-birds,easy,3,0,3,0.0,full_self_report_available,mlsp-2013-birds__83676ff46373471d9a13d595e5dfabd9,1,0.0,0.04117000000000004,3,360.4,3,1683.0,1683.0,1.0,1.0
mlsp-2013-birds__90f132b316fa4cf98cf1e5efee710b89,cards_senior_0728.jsonl:18,mlsp-2013-birds,easy,3,0,3,0.0,full_self_report_complete,mlsp-2013-birds__83676ff46373471d9a13d595e5dfabd9,1,0.0,0.04117000000000004,3,360.4,3,1683.0,1683.0,1.0,1.0
mlsp-2013-birds__90f132b316fa4cf98cf1e5efee710b89,cards_senior_0728.jsonl:18,mlsp-2013-birds,easy,3,0,3,0.0,sub120_available,mlsp-2013-birds__83676ff46373471d9a13d595e5dfabd9|mlsp-2013-birds__88f03e044884470daa459768f08242d1|mlsp-2013-birds__d8afa823f0a64069bb2ff77d64afd36d,3,0.3333333333333333,0.027229999999999976,2,360.4,0,360.4,360.4,0.21414141414141413,0.21414141414141413
mlsp-2013-birds__90f132b316fa4cf98cf1e5efee710b89,cards_senior_0728.jsonl:18,mlsp-2013-birds,easy,3,0,3,0.0,artifact120_escalate_silent,mlsp-2013-birds__d8afa823f0a64069bb2ff77d64afd36d,1,1.0,0.0,1,360.4,3,2043.4,1683.4,1.2141414141414142,1.0002376708259062
mlsp-2013-birds__c5870d4b8b5442098b53fb4804d68bf5,cards_senior_0802.jsonl:4,mlsp-2013-birds,easy,3,2,1,0.6666666666666666,random,mlsp-2013-birds__3fbdbce65f5d48f6ada1b1d94fe1e6e4|mlsp-2013-birds__b058311fdf0247009ea12d70a6ae6e27|mlsp-2013-birds__de69913224174ab1ad9e79cb410ca078,3,0.3333333333333333,0.017589999999999995,2,229.4,0,0.0,0.0,0.0,0.0
mlsp-2013-birds__c5870d4b8b5442098b53fb4804d68bf5,cards_senior_0802.jsonl:4,mlsp-2013-birds,easy,3,2,1,0.6666666666666666,full_external,mlsp-2013-birds__3fbdbce65f5d48f6ada1b1d94fe1e6e4,1,1.0,0.0,1,229.4,3,1683.0,1683.0,1.0,1.0
mlsp-2013-birds__c5870d4b8b5442098b53fb4804d68bf5,cards_senior_0802.jsonl:4,mlsp-2013-birds,easy,3,2,1,0.6666666666666666,full_self_report_available,mlsp-2013-birds__3fbdbce65f5d48f6ada1b1d94fe1e6e4,1,1.0,0.0,1,229.4,3,1683.0,1683.0,1.0,1.0
mlsp-2013-birds__c5870d4b8b5442098b53fb4804d68bf5,cards_senior_0802.jsonl:4,mlsp-2013-birds,easy,3,2,1,0.6666666666666666,full_self_report_complete,mlsp-2013-birds__3fbdbce65f5d48f6ada1b1d94fe1e6e4,1,1.0,0.0,1,229.4,3,1683.0,1683.0,1.0,1.0
mlsp-2013-birds__c5870d4b8b5442098b53fb4804d68bf5,cards_senior_0802.jsonl:4,mlsp-2013-birds,easy,3,2,1,0.6666666666666666,sub120_available,mlsp-2013-birds__de69913224174ab1ad9e79cb410ca078,1,0.0,0.022689999999999988,2,229.4,0,229.4,229.4,0.13630421865715983,0.13630421865715983
mlsp-2013-birds__c5870d4b8b5442098b53fb4804d68bf5,cards_senior_0802.jsonl:4,mlsp-2013-birds,easy,3,2,1,0.6666666666666666,artifact120_escalate_silent,mlsp-2013-birds__3fbdbce65f5d48f6ada1b1d94fe1e6e4,1,1.0,0.0,1,229.4,1,790.4,670.4,0.4696375519904932,0.3983363042186571
mlsp-2013-birds__cbc262e729334ecdaf84f39d41db9d23,cards_senior_0802.jsonl:4,mlsp-2013-birds,hard,4,2,2,0.5,random,mlsp-2013-birds__232a055870ca4572b7fc070264a338eb|mlsp-2013-birds__3f1b6baa29ee48bfba34b73ebe2933b6|mlsp-2013-birds__c9597f7b1aef4ebb8bd655c3ace5bf8a|mlsp-2013-birds__d3547e171d7243b1a0e4f77c3c6fe74b,4,0.25,0.015429999999999944,2.5,471.09999999999997,0,0.0,0.0,0.0,0.0
mlsp-2013-birds__cbc262e729334ecdaf84f39d41db9d23,cards_senior_0802.jsonl:4,mlsp-2013-birds,hard,4,2,2,0.5,full_external,mlsp-2013-birds__c9597f7b1aef4ebb8bd655c3ace5bf8a,1,1.0,0.0,1,471.09999999999997,4,2244.0,2244.0,1.0,1.0
mlsp-2013-birds__cbc262e729334ecdaf84f39d41db9d23,cards_senior_0802.jsonl:4,mlsp-2013-birds,hard,4,2,2,0.5,full_self_report_available,mlsp-2013-birds__3f1b6baa29ee48bfba34b73ebe2933b6,1,0.0,0.00021999999999999797,2,471.09999999999997,4,2244.0,2244.0,1.0,1.0
mlsp-2013-birds__cbc262e729334ecdaf84f39d41db9d23,cards_senior_0802.jsonl:4,mlsp-2013-birds,hard,4,2,2,0.5,full_self_report_complete,mlsp-2013-birds__3f1b6baa29ee48bfba34b73ebe2933b6,1,0.0,0.00021999999999999797,2,471.09999999999997,4,2244.0,2244.0,1.0,1.0
mlsp-2013-birds__cbc262e729334ecdaf84f39d41db9d23,cards_senior_0802.jsonl:4,mlsp-2013-birds,hard,4,2,2,0.5,sub120_available,mlsp-2013-birds__d3547e171d7243b1a0e4f77c3c6fe74b,1,0.0,0.020669999999999966,3,471.09999999999997,0,471.09999999999997,471.09999999999997,0.20993761140819964,0.20993761140819964
mlsp-2013-birds__cbc262e729334ecdaf84f39d41db9d23,cards_senior_0802.jsonl:4,mlsp-2013-birds,hard,4,2,2,0.5,artifact120_escalate_silent,mlsp-2013-birds__c9597f7b1aef4ebb8bd655c3ace5bf8a,1,1.0,0.0,1,471.09999999999997,2,1593.1,1353.1,0.7099376114081996,0.6029857397504456
nomad2018-predict-transparent-conductors__1265133eace24ca18de1ac9288f5a1e5,cards_senior_0805seq.jsonl:17,nomad2018-predict-transparent-conductors,easy,2,1,1,0.5,random,nomad2018-predict-transparent-conductors__0b445119bd14461e8d644cd7865ce956|nomad2018-predict-transparent-conductors__d5916b67aaf1483c872bc47cefc07f85,2,0.5,0.12267999999999998,1.5,190.39999999999998,0,0.0,0.0,0.0,0.0
nomad2018-predict-transparent-conductors__1265133eace24ca18de1ac9288f5a1e5,cards_senior_0805seq.jsonl:17,nomad2018-predict-transparent-conductors,easy,2,1,1,0.5,full_external,nomad2018-predict-transparent-conductors__d5916b67aaf1483c872bc47cefc07f85,1,1.0,0.0,1,190.39999999999998,2,1122.0,1122.0,1.0,1.0
nomad2018-predict-transparent-conductors__1265133eace24ca18de1ac9288f5a1e5,cards_senior_0805seq.jsonl:17,nomad2018-predict-transparent-conductors,easy,2,1,1,0.5,full_self_report_available,nomad2018-predict-transparent-conductors__d5916b67aaf1483c872bc47cefc07f85,1,1.0,0.0,1,190.39999999999998,2,1122.0,1122.0,1.0,1.0
nomad2018-predict-transparent-conductors__1265133eace24ca18de1ac9288f5a1e5,cards_senior_0805seq.jsonl:17,nomad2018-predict-transparent-conductors,easy,2,1,1,0.5,full_self_report_complete,nomad2018-predict-transparent-conductors__d5916b67aaf1483c872bc47cefc07f85,1,1.0,0.0,1,190.39999999999998,2,1122.0,1122.0,1.0,1.0
nomad2018-predict-transparent-conductors__1265133eace24ca18de1ac9288f5a1e5,cards_senior_0805seq.jsonl:17,nomad2018-predict-transparent-conductors,easy,2,1,1,0.5,sub120_available,nomad2018-predict-transparent-conductors__0b445119bd14461e8d644cd7865ce956,1,0.0,0.24536,2,190.39999999999998,0,190.39999999999998,190.39999999999998,0.16969696969696968,0.16969696969696968
nomad2018-predict-transparent-conductors__1265133eace24ca18de1ac9288f5a1e5,cards_senior_0805seq.jsonl:17,nomad2018-predict-transparent-conductors,easy,2,1,1,0.5,artifact120_escalate_silent,nomad2018-predict-transparent-conductors__d5916b67aaf1483c872bc47cefc07f85,1,1.0,0.0,1,190.39999999999998,1,751.4,631.4,0.6696969696969697,0.5627450980392157
nomad2018-predict-transparent-conductors__a396aa16cb464d688b0d8516787a5fac,cards_senior_0805seq.jsonl:19,nomad2018-predict-transparent-conductors,hard,2,2,0,1.0,random,nomad2018-predict-transparent-conductors__5598d009668c49b6a7c0fb26075bb5e5|nomad2018-predict-transparent-conductors__71f9051c0d944fdfb6aafbbd874504df,2,0.5,0.001230000000000002,1.5,87.4,0,0.0,0.0,0.0,0.0
nomad2018-predict-transparent-conductors__a396aa16cb464d688b0d8516787a5fac,cards_senior_0805seq.jsonl:19,nomad2018-predict-transparent-conductors,hard,2,2,0,1.0,full_external,nomad2018-predict-transparent-conductors__71f9051c0d944fdfb6aafbbd874504df,1,1.0,0.0,1,87.4,2,1122.0,1122.0,1.0,1.0
nomad2018-predict-transparent-conductors__a396aa16cb464d688b0d8516787a5fac,cards_senior_0805seq.jsonl:19,nomad2018-predict-transparent-conductors,hard,2,2,0,1.0,full_self_report_available,nomad2018-predict-transparent-conductors__71f9051c0d944fdfb6aafbbd874504df,1,1.0,0.0,1,87.4,2,1122.0,1122.0,1.0,1.0
nomad2018-predict-transparent-conductors__a396aa16cb464d688b0d8516787a5fac,cards_senior_0805seq.jsonl:19,nomad2018-predict-transparent-conductors,hard,2,2,0,1.0,full_self_report_complete,nomad2018-predict-transparent-conductors__71f9051c0d944fdfb6aafbbd874504df,1,1.0,0.0,1,87.4,2,1122.0,1122.0,1.0,1.0
nomad2018-predict-transparent-conductors__a396aa16cb464d688b0d8516787a5fac,cards_senior_0805seq.jsonl:19,nomad2018-predict-transparent-conductors,hard,2,2,0,1.0,sub120_available,nomad2018-predict-transparent-conductors__71f9051c0d944fdfb6aafbbd874504df,1,1.0,0.0,1,87.4,0,87.4,87.4,0.07789661319073084,0.07789661319073084
nomad2018-predict-transparent-conductors__a396aa16cb464d688b0d8516787a5fac,cards_senior_0805seq.jsonl:19,nomad2018-predict-transparent-conductors,hard,2,2,0,1.0,artifact120_escalate_silent,nomad2018-predict-transparent-conductors__71f9051c0d944fdfb6aafbbd874504df,1,1.0,0.0,1,87.4,0,87.4,87.4,0.07789661319073084,0.07789661319073084
nomad2018-predict-transparent-conductors__b9e345a509784184a1c3d92ffad28c91,cards_senior_0805seq.jsonl:19,nomad2018-predict-transparent-conductors,easy,2,2,0,1.0,random,nomad2018-predict-transparent-conductors__2fa45c41870740aaa5179d06e3daa1f2|nomad2018-predict-transparent-conductors__ab835174b2654d69bfb2ad1ff8779042,2,0.5,0.14923,1.5,91.4,0,0.0,0.0,0.0,0.0
nomad2018-predict-transparent-conductors__b9e345a509784184a1c3d92ffad28c91,cards_senior_0805seq.jsonl:19,nomad2018-predict-transparent-conductors,easy,2,2,0,1.0,full_external,nomad2018-predict-transparent-conductors__2fa45c41870740aaa5179d06e3daa1f2,1,1.0,0.0,1,91.4,2,1122.0,1122.0,1.0,1.0
nomad2018-predict-transparent-conductors__b9e345a509784184a1c3d92ffad28c91,cards_senior_0805seq.jsonl:19,nomad2018-predict-transparent-conductors,easy,2,2,0,1.0,full_self_report_available,nomad2018-predict-transparent-conductors__2fa45c41870740aaa5179d06e3daa1f2,1,1.0,0.0,1,91.4,2,1122.0,1122.0,1.0,1.0
nomad2018-predict-transparent-conductors__b9e345a509784184a1c3d92ffad28c91,cards_senior_0805seq.jsonl:19,nomad2018-predict-transparent-conductors,easy,2,2,0,1.0,full_self_report_complete,nomad2018-predict-transparent-conductors__2fa45c41870740aaa5179d06e3daa1f2,1,1.0,0.0,1,91.4,2,1122.0,1122.0,1.0,1.0
nomad2018-predict-transparent-conductors__b9e345a509784184a1c3d92ffad28c91,cards_senior_0805seq.jsonl:19,nomad2018-predict-transparent-conductors,easy,2,2,0,1.0,sub120_available,nomad2018-predict-transparent-conductors__2fa45c41870740aaa5179d06e3daa1f2,1,1.0,0.0,1,91.4,0,91.4,91.4,0.08146167557932264,0.08146167557932264
nomad2018-predict-transparent-conductors__b9e345a509784184a1c3d92ffad28c91,cards_senior_0805seq.jsonl:19,nomad2018-predict-transparent-conductors,easy,2,2,0,1.0,artifact120_escalate_silent,nomad2018-predict-transparent-conductors__2fa45c41870740aaa5179d06e3daa1f2,1,1.0,0.0,1,91.4,0,91.4,91.4,0.08146167557932264,0.08146167557932264
nomad2018-predict-transparent-conductors__bddf4a264bef49469e4450b38388741c,cards_senior_0805seq.jsonl:17,nomad2018-predict-transparent-conductors,easy,2,1,1,0.5,random,nomad2018-predict-transparent-conductors__1da1998ae9de457e96faac89241808e2|nomad2018-predict-transparent-conductors__ad9ad3eace7b4e40b52a38da1ab9fe2e,2,0.5,0.080945,1.5,146.4,0,0.0,0.0,0.0,0.0
nomad2018-predict-transparent-conductors__bddf4a264bef49469e4450b38388741c,cards_senior_0805seq.jsonl:17,nomad2018-predict-transparent-conductors,easy,2,1,1,0.5,full_external,nomad2018-predict-transparent-conductors__ad9ad3eace7b4e40b52a38da1ab9fe2e,1,1.0,0.0,1,146.4,2,1122.0,1122.0,1.0,1.0
nomad2018-predict-transparent-conductors__bddf4a264bef49469e4450b38388741c,cards_senior_0805seq.jsonl:17,nomad2018-predict-transparent-conductors,easy,2,1,1,0.5,full_self_report_available,nomad2018-predict-transparent-conductors__ad9ad3eace7b4e40b52a38da1ab9fe2e,1,1.0,0.0,1,146.4,2,1122.0,1122.0,1.0,1.0
nomad2018-predict-transparent-conductors__bddf4a264bef49469e4450b38388741c,cards_senior_0805seq.jsonl:17,nomad2018-predict-transparent-conductors,easy,2,1,1,0.5,full_self_report_complete,nomad2018-predict-transparent-conductors__ad9ad3eace7b4e40b52a38da1ab9fe2e,1,1.0,0.0,1,146.4,2,1122.0,1122.0,1.0,1.0
nomad2018-predict-transparent-conductors__bddf4a264bef49469e4450b38388741c,cards_senior_0805seq.jsonl:17,nomad2018-predict-transparent-conductors,easy,2,1,1,0.5,sub120_available,nomad2018-predict-transparent-conductors__1da1998ae9de457e96faac89241808e2,1,0.0,0.16188999999999998,2,146.4,0,146.4,146.4,0.1304812834224599,0.1304812834224599
nomad2018-predict-transparent-conductors__bddf4a264bef49469e4450b38388741c,cards_senior_0805seq.jsonl:17,nomad2018-predict-transparent-conductors,easy,2,1,1,0.5,artifact120_escalate_silent,nomad2018-predict-transparent-conductors__ad9ad3eace7b4e40b52a38da1ab9fe2e,1,1.0,0.0,1,146.4,1,707.4,587.4,0.6304812834224599,0.5235294117647059
nomad2018-predict-transparent-conductors__c9196f00a08c40d5abd7c7eb52b57210,cards_senior_0805seq.jsonl:19,nomad2018-predict-transparent-conductors,hard,2,0,2,0.0,random,nomad2018-predict-transparent-conductors__02f0dbdfcaa94bba8234b5af0a436362|nomad2018-predict-transparent-conductors__449d90db5caa4116a92282d7991684a5,2,0.5,0.004400000000000001,1.5,240.2,0,0.0,0.0,0.0,0.0
nomad2018-predict-transparent-conductors__c9196f00a08c40d5abd7c7eb52b57210,cards_senior_0805seq.jsonl:19,nomad2018-predict-transparent-conductors,hard,2,0,2,0.0,full_external,nomad2018-predict-transparent-conductors__449d90db5caa4116a92282d7991684a5,1,1.0,0.0,1,240.2,2,1122.0,1122.0,1.0,1.0
nomad2018-predict-transparent-conductors__c9196f00a08c40d5abd7c7eb52b57210,cards_senior_0805seq.jsonl:19,nomad2018-predict-transparent-conductors,hard,2,0,2,0.0,full_self_report_available,nomad2018-predict-transparent-conductors__449d90db5caa4116a92282d7991684a5,1,1.0,0.0,1,240.2,2,1122.0,1122.0,1.0,1.0
nomad2018-predict-transparent-conductors__c9196f00a08c40d5abd7c7eb52b57210,cards_senior_0805seq.jsonl:19,nomad2018-predict-transparent-conductors,hard,2,0,2,0.0,full_self_report_complete,nomad2018-predict-transparent-conductors__449d90db5caa4116a92282d7991684a5,1,1.0,0.0,1,240.2,2,1122.0,1122.0,1.0,1.0
nomad2018-predict-transparent-conductors__c9196f00a08c40d5abd7c7eb52b57210,cards_senior_0805seq.jsonl:19,nomad2018-predict-transparent-conductors,hard,2,0,2,0.0,sub120_available,nomad2018-predict-transparent-conductors__02f0dbdfcaa94bba8234b5af0a436362|nomad2018-predict-transparent-conductors__449d90db5caa4116a92282d7991684a5,2,0.5,0.004400000000000001,1.5,240.2,0,240.2,240.2,0.2140819964349376,0.2140819964349376
nomad2018-predict-transparent-conductors__c9196f00a08c40d5abd7c7eb52b57210,cards_senior_0805seq.jsonl:19,nomad2018-predict-transparent-conductors,hard,2,0,2,0.0,artifact120_escalate_silent,nomad2018-predict-transparent-conductors__449d90db5caa4116a92282d7991684a5,1,1.0,0.0,1,240.2,2,1362.2,1122.2,1.2140819964349376,1.0001782531194296
nomad2018-predict-transparent-conductors__d50b985553254ae3a951348f909324d9,cards_senior_0805seq.jsonl:19,nomad2018-predict-transparent-conductors,hard,2,2,0,1.0,random,nomad2018-predict-transparent-conductors__3abc50e2bddc4454b0ee7b9ec92e1263|nomad2018-predict-transparent-conductors__7a0ce85adaff49c49dae9357b9347dc6,2,0.5,0.0003249999999999989,1.5,43.7,0,0.0,0.0,0.0,0.0
nomad2018-predict-transparent-conductors__d50b985553254ae3a951348f909324d9,cards_senior_0805seq.jsonl:19,nomad2018-predict-transparent-conductors,hard,2,2,0,1.0,full_external,nomad2018-predict-transparent-conductors__3abc50e2bddc4454b0ee7b9ec92e1263,1,1.0,0.0,1,43.7,2,1122.0,1122.0,1.0,1.0
nomad2018-predict-transparent-conductors__d50b985553254ae3a951348f909324d9,cards_senior_0805seq.jsonl:19,nomad2018-predict-transparent-conductors,hard,2,2,0,1.0,full_self_report_available,nomad2018-predict-transparent-conductors__3abc50e2bddc4454b0ee7b9ec92e1263,1,1.0,0.0,1,43.7,2,1122.0,1122.0,1.0,1.0
nomad2018-predict-transparent-conductors__d50b985553254ae3a951348f909324d9,cards_senior_0805seq.jsonl:19,nomad2018-predict-transparent-conductors,hard,2,2,0,1.0,full_self_report_complete,nomad2018-predict-transparent-conductors__3abc50e2bddc4454b0ee7b9ec92e1263,1,1.0,0.0,1,43.7,2,1122.0,1122.0,1.0,1.0
nomad2018-predict-transparent-conductors__d50b985553254ae3a951348f909324d9,cards_senior_0805seq.jsonl:19,nomad2018-predict-transparent-conductors,hard,2,2,0,1.0,sub120_available,nomad2018-predict-transparent-conductors__3abc50e2bddc4454b0ee7b9ec92e1263,1,1.0,0.0,1,43.7,0,43.7,43.7,0.03894830659536542,0.03894830659536542
nomad2018-predict-transparent-conductors__d50b985553254ae3a951348f909324d9,cards_senior_0805seq.jsonl:19,nomad2018-predict-transparent-conductors,hard,2,2,0,1.0,artifact120_escalate_silent,nomad2018-predict-transparent-conductors__3abc50e2bddc4454b0ee7b9ec92e1263,1,1.0,0.0,1,43.7,0,43.7,43.7,0.03894830659536542,0.03894830659536542
petfinder-pawpularity-score__138ea8837fe24b529d33101fe0e40c1a,cards_senior_0730.jsonl:0,petfinder-pawpularity-score,easy,2,0,2,0.0,random,petfinder-pawpularity-score__28777132c16747d88ee33785cdea5ea7|petfinder-pawpularity-score__3011b9f5b83e4e8f8077628482e6a0bd,2,0.5,0.1651050000000005,1.5,240.4,0,0.0,0.0,0.0,0.0
petfinder-pawpularity-score__138ea8837fe24b529d33101fe0e40c1a,cards_senior_0730.jsonl:0,petfinder-pawpularity-score,easy,2,0,2,0.0,full_external,petfinder-pawpularity-score__28777132c16747d88ee33785cdea5ea7,1,1.0,0.0,1,240.4,2,1122.0,1122.0,1.0,1.0
petfinder-pawpularity-score__138ea8837fe24b529d33101fe0e40c1a,cards_senior_0730.jsonl:0,petfinder-pawpularity-score,easy,2,0,2,0.0,full_self_report_available,petfinder-pawpularity-score__28777132c16747d88ee33785cdea5ea7,1,1.0,0.0,1,240.4,2,1122.0,1122.0,1.0,1.0
petfinder-pawpularity-score__138ea8837fe24b529d33101fe0e40c1a,cards_senior_0730.jsonl:0,petfinder-pawpularity-score,easy,2,0,2,0.0,full_self_report_complete,petfinder-pawpularity-score__28777132c16747d88ee33785cdea5ea7,1,1.0,0.0,1,240.4,2,1122.0,1122.0,1.0,1.0
petfinder-pawpularity-score__138ea8837fe24b529d33101fe0e40c1a,cards_senior_0730.jsonl:0,petfinder-pawpularity-score,easy,2,0,2,0.0,sub120_available,petfinder-pawpularity-score__28777132c16747d88ee33785cdea5ea7|petfinder-pawpularity-score__3011b9f5b83e4e8f8077628482e6a0bd,2,0.5,0.1651050000000005,1.5,240.4,0,240.4,240.4,0.2142602495543672,0.2142602495543672
petfinder-pawpularity-score__138ea8837fe24b529d33101fe0e40c1a,cards_senior_0730.jsonl:0,petfinder-pawpularity-score,easy,2,0,2,0.0,artifact120_escalate_silent,petfinder-pawpularity-score__28777132c16747d88ee33785cdea5ea7,1,1.0,0.0,1,240.4,2,1362.4,1122.4,1.2142602495543673,1.0003565062388593
petfinder-pawpularity-score__20e58240de2d414caa6eba48ddb0990f,cards_senior_0730.jsonl:4,petfinder-pawpularity-score,hard,2,2,0,1.0,random,petfinder-pawpularity-score__9251a8fa822f4d5fbeee6609ff544d84|petfinder-pawpularity-score__e4b073d8ebc042b1831c55c6438b9e6a,2,0.5,0.0018550000000026046,1.5,108.8,0,0.0,0.0,0.0,0.0
petfinder-pawpularity-score__20e58240de2d414caa6eba48ddb0990f,cards_senior_0730.jsonl:4,petfinder-pawpularity-score,hard,2,2,0,1.0,full_external,petfinder-pawpularity-score__e4b073d8ebc042b1831c55c6438b9e6a,1,1.0,0.0,1,108.8,2,1122.0,1122.0,1.0,1.0
petfinder-pawpularity-score__20e58240de2d414caa6eba48ddb0990f,cards_senior_0730.jsonl:4,petfinder-pawpularity-score,hard,2,2,0,1.0,full_self_report_available,petfinder-pawpularity-score__9251a8fa822f4d5fbeee6609ff544d84,1,0.0,0.0037100000000016564,2,108.8,2,1122.0,1122.0,1.0,1.0
petfinder-pawpularity-score__20e58240de2d414caa6eba48ddb0990f,cards_senior_0730.jsonl:4,petfinder-pawpularity-score,hard,2,2,0,1.0,sub120_available,petfinder-pawpularity-score__e4b073d8ebc042b1831c55c6438b9e6a,1,1.0,0.0,1,108.8,0,108.8,108.8,0.09696969696969697,0.09696969696969697
petfinder-pawpularity-score__20e58240de2d414caa6eba48ddb0990f,cards_senior_0730.jsonl:4,petfinder-pawpularity-score,hard,2,2,0,1.0,artifact120_escalate_silent,petfinder-pawpularity-score__e4b073d8ebc042b1831c55c6438b9e6a,1,1.0,0.0,1,108.8,0,108.8,108.8,0.09696969696969697,0.09696969696969697
petfinder-pawpularity-score__5797f718afc7442e850c43666a82d51b,cards_senior_0806.jsonl:1,petfinder-pawpularity-score,easy,2,1,1,0.5,random,petfinder-pawpularity-score__717816b3dcb9490e8c60cf7c0232a6f6|petfinder-pawpularity-score__947a9114cbd64cb9838e1bbfdc050a06,2,0.5,0.28204999999999814,1.5,210.3,0,0.0,0.0,0.0,0.0
petfinder-pawpularity-score__5797f718afc7442e850c43666a82d51b,cards_senior_0806.jsonl:1,petfinder-pawpularity-score,easy,2,1,1,0.5,full_external,petfinder-pawpularity-score__717816b3dcb9490e8c60cf7c0232a6f6,1,1.0,0.0,1,210.3,2,1122.0,1122.0,1.0,1.0
petfinder-pawpularity-score__5797f718afc7442e850c43666a82d51b,cards_senior_0806.jsonl:1,petfinder-pawpularity-score,easy,2,1,1,0.5,full_self_report_available,petfinder-pawpularity-score__717816b3dcb9490e8c60cf7c0232a6f6,1,1.0,0.0,1,210.3,2,1122.0,1122.0,1.0,1.0
petfinder-pawpularity-score__5797f718afc7442e850c43666a82d51b,cards_senior_0806.jsonl:1,petfinder-pawpularity-score,easy,2,1,1,0.5,full_self_report_complete,petfinder-pawpularity-score__717816b3dcb9490e8c60cf7c0232a6f6,1,1.0,0.0,1,210.3,2,1122.0,1122.0,1.0,1.0
petfinder-pawpularity-score__5797f718afc7442e850c43666a82d51b,cards_senior_0806.jsonl:1,petfinder-pawpularity-score,easy,2,1,1,0.5,sub120_available,petfinder-pawpularity-score__947a9114cbd64cb9838e1bbfdc050a06,1,0.0,0.5640999999999998,2,210.3,0,210.3,210.3,0.1874331550802139,0.1874331550802139
petfinder-pawpularity-score__5797f718afc7442e850c43666a82d51b,cards_senior_0806.jsonl:1,petfinder-pawpularity-score,easy,2,1,1,0.5,artifact120_escalate_silent,petfinder-pawpularity-score__717816b3dcb9490e8c60cf7c0232a6f6,1,1.0,0.0,1,210.3,1,771.3,651.3,0.6874331550802139,0.5804812834224599
petfinder-pawpularity-score__9118020f50e64bdeb8235a9dc9f357ab,cards_senior_0730.jsonl:0,petfinder-pawpularity-score,easy,2,1,1,0.5,random,petfinder-pawpularity-score__164ee2d978574b42a052ec28a7d88eef|petfinder-pawpularity-score__2d478cc7a3c244028234f9e7585340c4,2,0.5,0.13384500000000088,1.5,221.1,0,0.0,0.0,0.0,0.0
petfinder-pawpularity-score__9118020f50e64bdeb8235a9dc9f357ab,cards_senior_0730.jsonl:0,petfinder-pawpularity-score,easy,2,1,1,0.5,full_external,petfinder-pawpularity-score__2d478cc7a3c244028234f9e7585340c4,1,1.0,0.0,1,221.1,2,1122.0,1122.0,1.0,1.0
petfinder-pawpularity-score__9118020f50e64bdeb8235a9dc9f357ab,cards_senior_0730.jsonl:0,petfinder-pawpularity-score,easy,2,1,1,0.5,full_self_report_available,petfinder-pawpularity-score__2d478cc7a3c244028234f9e7585340c4,1,1.0,0.0,1,221.1,2,1122.0,1122.0,1.0,1.0
petfinder-pawpularity-score__9118020f50e64bdeb8235a9dc9f357ab,cards_senior_0730.jsonl:0,petfinder-pawpularity-score,easy,2,1,1,0.5,full_self_report_complete,petfinder-pawpularity-score__2d478cc7a3c244028234f9e7585340c4,1,1.0,0.0,1,221.1,2,1122.0,1122.0,1.0,1.0
petfinder-pawpularity-score__9118020f50e64bdeb8235a9dc9f357ab,cards_senior_0730.jsonl:0,petfinder-pawpularity-score,easy,2,1,1,0.5,sub120_available,petfinder-pawpularity-score__2d478cc7a3c244028234f9e7585340c4,1,1.0,0.0,1,221.1,0,221.1,221.1,0.19705882352941176,0.19705882352941176
petfinder-pawpularity-score__9118020f50e64bdeb8235a9dc9f357ab,cards_senior_0730.jsonl:0,petfinder-pawpularity-score,easy,2,1,1,0.5,artifact120_escalate_silent,petfinder-pawpularity-score__2d478cc7a3c244028234f9e7585340c4,1,1.0,0.0,1,221.1,1,782.1,662.1,0.6970588235294117,0.5901069518716577
random-acts-of-pizza__5834f6889e5e413f8799624231dbc548,cards_ours_20260727.jsonl:69,random-acts-of-pizza,easy,2,2,0,1.0,random,random-acts-of-pizza__d49ae6008eca4bd4b3f736f90dc6afac|random-acts-of-pizza__e52f8a668b95496aa04cd6a8d72f6642,2,0.5,0.024779999999999913,1.5,95.3,0,0.0,0.0,0.0,0.0
random-acts-of-pizza__5834f6889e5e413f8799624231dbc548,cards_ours_20260727.jsonl:69,random-acts-of-pizza,easy,2,2,0,1.0,full_external,random-acts-of-pizza__d49ae6008eca4bd4b3f736f90dc6afac,1,1.0,0.0,1,95.3,2,1122.0,1122.0,1.0,1.0
random-acts-of-pizza__5834f6889e5e413f8799624231dbc548,cards_ours_20260727.jsonl:69,random-acts-of-pizza,easy,2,2,0,1.0,full_self_report_available,random-acts-of-pizza__d49ae6008eca4bd4b3f736f90dc6afac,1,1.0,0.0,1,95.3,2,1122.0,1122.0,1.0,1.0
random-acts-of-pizza__5834f6889e5e413f8799624231dbc548,cards_ours_20260727.jsonl:69,random-acts-of-pizza,easy,2,2,0,1.0,full_self_report_complete,random-acts-of-pizza__d49ae6008eca4bd4b3f736f90dc6afac,1,1.0,0.0,1,95.3,2,1122.0,1122.0,1.0,1.0
random-acts-of-pizza__5834f6889e5e413f8799624231dbc548,cards_ours_20260727.jsonl:69,random-acts-of-pizza,easy,2,2,0,1.0,sub120_available,random-acts-of-pizza__d49ae6008eca4bd4b3f736f90dc6afac,1,1.0,0.0,1,95.3,0,95.3,95.3,0.08493761140819964,0.08493761140819964
random-acts-of-pizza__5834f6889e5e413f8799624231dbc548,cards_ours_20260727.jsonl:69,random-acts-of-pizza,easy,2,2,0,1.0,artifact120_escalate_silent,random-acts-of-pizza__d49ae6008eca4bd4b3f736f90dc6afac,1,1.0,0.0,1,95.3,0,95.3,95.3,0.08493761140819964,0.08493761140819964
random-acts-of-pizza__aa71d9674a4049e0bc46feeada985547,cards_gen3A.jsonl:3,random-acts-of-pizza,easy,5,5,0,1.0,random,random-acts-of-pizza__0ee1fa402ecb43ae9906ef4aa3e16d1a|random-acts-of-pizza__3a1402459a144c3cba0f2a91a5b8e721|random-acts-of-pizza__8c5fe3fc63254b88bc949f6d53a9cb6a|random-acts-of-pizza__9b9f4f95471a4b89972077ce62bdc1f8|random-acts-of-pizza__f02f9281781f4290a64b5e40011b4479,5,0.2,0.074662,3,148.1,0,0.0,0.0,0.0,0.0
random-acts-of-pizza__aa71d9674a4049e0bc46feeada985547,cards_gen3A.jsonl:3,random-acts-of-pizza,easy,5,5,0,1.0,full_external,random-acts-of-pizza__9b9f4f95471a4b89972077ce62bdc1f8,1,1.0,0.0,1,148.1,5,2805.0,2805.0,1.0,1.0
random-acts-of-pizza__aa71d9674a4049e0bc46feeada985547,cards_gen3A.jsonl:3,random-acts-of-pizza,easy,5,5,0,1.0,full_self_report_available,random-acts-of-pizza__9b9f4f95471a4b89972077ce62bdc1f8,1,1.0,0.0,1,148.1,5,2805.0,2805.0,1.0,1.0
random-acts-of-pizza__aa71d9674a4049e0bc46feeada985547,cards_gen3A.jsonl:3,random-acts-of-pizza,easy,5,5,0,1.0,full_self_report_complete,random-acts-of-pizza__9b9f4f95471a4b89972077ce62bdc1f8,1,1.0,0.0,1,148.1,5,2805.0,2805.0,1.0,1.0
random-acts-of-pizza__aa71d9674a4049e0bc46feeada985547,cards_gen3A.jsonl:3,random-acts-of-pizza,easy,5,5,0,1.0,sub120_available,random-acts-of-pizza__9b9f4f95471a4b89972077ce62bdc1f8,1,1.0,0.0,1,148.1,0,148.1,148.1,0.05279857397504456,0.05279857397504456
random-acts-of-pizza__aa71d9674a4049e0bc46feeada985547,cards_gen3A.jsonl:3,random-acts-of-pizza,easy,5,5,0,1.0,artifact120_escalate_silent,random-acts-of-pizza__9b9f4f95471a4b89972077ce62bdc1f8,1,1.0,0.0,1,148.1,0,148.1,148.1,0.05279857397504456,0.05279857397504456
random-acts-of-pizza__c8c057832a7f46de8f2f8ede73ed013f,cards_ours_20260727.jsonl:68,random-acts-of-pizza,easy,3,3,0,1.0,random,random-acts-of-pizza__0f1e5cd6c6de460abaae7877daf9aa69|random-acts-of-pizza__9ca2d2e324f740ef85c2d32a7380ac6f|random-acts-of-pizza__fa4524bd04a2450e9f937a60d2db3cce,3,0.3333333333333333,0.03528666666666669,2,81.0,0,0.0,0.0,0.0,0.0
random-acts-of-pizza__c8c057832a7f46de8f2f8ede73ed013f,cards_ours_20260727.jsonl:68,random-acts-of-pizza,easy,3,3,0,1.0,full_external,random-acts-of-pizza__9ca2d2e324f740ef85c2d32a7380ac6f,1,1.0,0.0,1,81.0,3,1683.0,1683.0,1.0,1.0
random-acts-of-pizza__c8c057832a7f46de8f2f8ede73ed013f,cards_ours_20260727.jsonl:68,random-acts-of-pizza,easy,3,3,0,1.0,full_self_report_available,random-acts-of-pizza__9ca2d2e324f740ef85c2d32a7380ac6f,1,1.0,0.0,1,81.0,3,1683.0,1683.0,1.0,1.0
random-acts-of-pizza__c8c057832a7f46de8f2f8ede73ed013f,cards_ours_20260727.jsonl:68,random-acts-of-pizza,easy,3,3,0,1.0,full_self_report_complete,random-acts-of-pizza__9ca2d2e324f740ef85c2d32a7380ac6f,1,1.0,0.0,1,81.0,3,1683.0,1683.0,1.0,1.0
random-acts-of-pizza__c8c057832a7f46de8f2f8ede73ed013f,cards_ours_20260727.jsonl:68,random-acts-of-pizza,easy,3,3,0,1.0,sub120_available,random-acts-of-pizza__9ca2d2e324f740ef85c2d32a7380ac6f,1,1.0,0.0,1,81.0,0,81.0,81.0,0.0481283422459893,0.0481283422459893
random-acts-of-pizza__c8c057832a7f46de8f2f8ede73ed013f,cards_ours_20260727.jsonl:68,random-acts-of-pizza,easy,3,3,0,1.0,artifact120_escalate_silent,random-acts-of-pizza__9ca2d2e324f740ef85c2d32a7380ac6f,1,1.0,0.0,1,81.0,0,81.0,81.0,0.0481283422459893,0.0481283422459893
random-acts-of-pizza__e79c47b6ab894f43aa969d2f9ab8051a,cards_gen2C.jsonl:2,random-acts-of-pizza,hard,3,3,0,1.0,random,random-acts-of-pizza__02ab01e7d3624270a317cd6c9c52af77|random-acts-of-pizza__a672b879e7f9459c9ca2ea299751f4b2|random-acts-of-pizza__d7e488f0729c41aeb94a7502bff7fc4d,3,0.3333333333333333,0.001223333333333354,2,164.4,0,0.0,0.0,0.0,0.0
random-acts-of-pizza__e79c47b6ab894f43aa969d2f9ab8051a,cards_gen2C.jsonl:2,random-acts-of-pizza,hard,3,3,0,1.0,full_external,random-acts-of-pizza__a672b879e7f9459c9ca2ea299751f4b2,1,1.0,0.0,1,164.4,3,1683.0,1683.0,1.0,1.0
random-acts-of-pizza__e79c47b6ab894f43aa969d2f9ab8051a,cards_gen2C.jsonl:2,random-acts-of-pizza,hard,3,3,0,1.0,full_self_report_available,random-acts-of-pizza__a672b879e7f9459c9ca2ea299751f4b2,1,1.0,0.0,1,164.4,3,1683.0,1683.0,1.0,1.0
random-acts-of-pizza__e79c47b6ab894f43aa969d2f9ab8051a,cards_gen2C.jsonl:2,random-acts-of-pizza,hard,3,3,0,1.0,full_self_report_complete,random-acts-of-pizza__a672b879e7f9459c9ca2ea299751f4b2,1,1.0,0.0,1,164.4,3,1683.0,1683.0,1.0,1.0
random-acts-of-pizza__e79c47b6ab894f43aa969d2f9ab8051a,cards_gen2C.jsonl:2,random-acts-of-pizza,hard,3,3,0,1.0,sub120_available,random-acts-of-pizza__a672b879e7f9459c9ca2ea299751f4b2,1,1.0,0.0,1,164.4,0,164.4,164.4,0.09768270944741533,0.09768270944741533
random-acts-of-pizza__e79c47b6ab894f43aa969d2f9ab8051a,cards_gen2C.jsonl:2,random-acts-of-pizza,hard,3,3,0,1.0,artifact120_escalate_silent,random-acts-of-pizza__a672b879e7f9459c9ca2ea299751f4b2,1,1.0,0.0,1,164.4,0,164.4,164.4,0.09768270944741533,0.09768270944741533
spaceship-titanic__4fcded37ceb243d0a0ca7d970adedcfb,cards_ours_20260727.jsonl:3,spaceship-titanic,easy,2,2,0,1.0,random,spaceship-titanic__df0e799d4c294c78a20d756c405fee68|spaceship-titanic__ffc4990563cd4b8e8561b15fd47f1488,2,0.5,0.01092000000000004,1.5,53.1,0,0.0,0.0,0.0,0.0
spaceship-titanic__4fcded37ceb243d0a0ca7d970adedcfb,cards_ours_20260727.jsonl:3,spaceship-titanic,easy,2,2,0,1.0,full_external,spaceship-titanic__ffc4990563cd4b8e8561b15fd47f1488,1,1.0,0.0,1,53.1,2,1122.0,1122.0,1.0,1.0
spaceship-titanic__4fcded37ceb243d0a0ca7d970adedcfb,cards_ours_20260727.jsonl:3,spaceship-titanic,easy,2,2,0,1.0,full_self_report_available,spaceship-titanic__df0e799d4c294c78a20d756c405fee68,1,0.0,0.02183999999999997,2,53.1,2,1122.0,1122.0,1.0,1.0
spaceship-titanic__4fcded37ceb243d0a0ca7d970adedcfb,cards_ours_20260727.jsonl:3,spaceship-titanic,easy,2,2,0,1.0,full_self_report_complete,spaceship-titanic__df0e799d4c294c78a20d756c405fee68,1,0.0,0.02183999999999997,2,53.1,2,1122.0,1122.0,1.0,1.0
spaceship-titanic__4fcded37ceb243d0a0ca7d970adedcfb,cards_ours_20260727.jsonl:3,spaceship-titanic,easy,2,2,0,1.0,sub120_available,spaceship-titanic__ffc4990563cd4b8e8561b15fd47f1488,1,1.0,0.0,1,53.1,0,53.1,53.1,0.04732620320855615,0.04732620320855615
spaceship-titanic__4fcded37ceb243d0a0ca7d970adedcfb,cards_ours_20260727.jsonl:3,spaceship-titanic,easy,2,2,0,1.0,artifact120_escalate_silent,spaceship-titanic__ffc4990563cd4b8e8561b15fd47f1488,1,1.0,0.0,1,53.1,0,53.1,53.1,0.04732620320855615,0.04732620320855615
spooky-author-identification__560eb5d67f17409f9deb149324c55f29,cards_senior_0801.jsonl:4,spooky-author-identification,easy,2,2,0,1.0,random,spooky-author-identification__67f02ce1c7dd42c1b2aa07655e0eacf0|spooky-author-identification__9212864b27984d118b518b96dc3b2886,2,0.5,0.21591500000000002,1.5,120.19999999999999,0,0.0,0.0,0.0,0.0
spooky-author-identification__560eb5d67f17409f9deb149324c55f29,cards_senior_0801.jsonl:4,spooky-author-identification,easy,2,2,0,1.0,full_external,spooky-author-identification__9212864b27984d118b518b96dc3b2886,1,1.0,0.0,1,120.19999999999999,2,1122.0,1122.0,1.0,1.0
spooky-author-identification__560eb5d67f17409f9deb149324c55f29,cards_senior_0801.jsonl:4,spooky-author-identification,easy,2,2,0,1.0,full_self_report_available,spooky-author-identification__9212864b27984d118b518b96dc3b2886,1,1.0,0.0,1,120.19999999999999,2,1122.0,1122.0,1.0,1.0
spooky-author-identification__560eb5d67f17409f9deb149324c55f29,cards_senior_0801.jsonl:4,spooky-author-identification,easy,2,2,0,1.0,full_self_report_complete,spooky-author-identification__9212864b27984d118b518b96dc3b2886,1,1.0,0.0,1,120.19999999999999,2,1122.0,1122.0,1.0,1.0
spooky-author-identification__560eb5d67f17409f9deb149324c55f29,cards_senior_0801.jsonl:4,spooky-author-identification,easy,2,2,0,1.0,sub120_available,spooky-author-identification__9212864b27984d118b518b96dc3b2886,1,1.0,0.0,1,120.19999999999999,0,120.19999999999999,120.19999999999999,0.10713012477718359,0.10713012477718359
spooky-author-identification__560eb5d67f17409f9deb149324c55f29,cards_senior_0801.jsonl:4,spooky-author-identification,easy,2,2,0,1.0,artifact120_escalate_silent,spooky-author-identification__9212864b27984d118b518b96dc3b2886,1,1.0,0.0,1,120.19999999999999,0,120.19999999999999,120.19999999999999,0.10713012477718359,0.10713012477718359
spooky-author-identification__92ff9885a5194d928b56e8d05f03d004,cards_senior_0801.jsonl:6,spooky-author-identification,hard,3,3,0,1.0,random,spooky-author-identification__38648184253c4e7792d7658657da0746|spooky-author-identification__40e09976978641a1a0f8ddc87586731a|spooky-author-identification__414aed3e532a4130bb3ec66bd5efa9ea,3,0.3333333333333333,0.0004433333333332956,2,188.3,0,0.0,0.0,0.0,0.0
spooky-author-identification__92ff9885a5194d928b56e8d05f03d004,cards_senior_0801.jsonl:6,spooky-author-identification,hard,3,3,0,1.0,full_external,spooky-author-identification__414aed3e532a4130bb3ec66bd5efa9ea,1,1.0,0.0,1,188.3,3,1683.0,1683.0,1.0,1.0
spooky-author-identification__92ff9885a5194d928b56e8d05f03d004,cards_senior_0801.jsonl:6,spooky-author-identification,hard,3,3,0,1.0,full_self_report_available,spooky-author-identification__414aed3e532a4130bb3ec66bd5efa9ea,1,1.0,0.0,1,188.3,3,1683.0,1683.0,1.0,1.0
spooky-author-identification__92ff9885a5194d928b56e8d05f03d004,cards_senior_0801.jsonl:6,spooky-author-identification,hard,3,3,0,1.0,full_self_report_complete,spooky-author-identification__414aed3e532a4130bb3ec66bd5efa9ea,1,1.0,0.0,1,188.3,3,1683.0,1683.0,1.0,1.0
spooky-author-identification__92ff9885a5194d928b56e8d05f03d004,cards_senior_0801.jsonl:6,spooky-author-identification,hard,3,3,0,1.0,sub120_available,spooky-author-identification__414aed3e532a4130bb3ec66bd5efa9ea,1,1.0,0.0,1,188.3,0,188.3,188.3,0.111883541295306,0.111883541295306
spooky-author-identification__92ff9885a5194d928b56e8d05f03d004,cards_senior_0801.jsonl:6,spooky-author-identification,hard,3,3,0,1.0,artifact120_escalate_silent,spooky-author-identification__414aed3e532a4130bb3ec66bd5efa9ea,1,1.0,0.0,1,188.3,0,188.3,188.3,0.111883541295306,0.111883541295306
spooky-author-identification__b0159499c7cb478eaa490c7fdbd49d1b,cards_senior_0801.jsonl:4,spooky-author-identification,hard,2,2,0,1.0,random,spooky-author-identification__789703b0e1c348e695596428d21fac38|spooky-author-identification__b9c86b77ce174df0a2164cb7cf2685af,2,0.5,0.00018999999999996797,1.5,144.39999999999998,0,0.0,0.0,0.0,0.0
spooky-author-identification__b0159499c7cb478eaa490c7fdbd49d1b,cards_senior_0801.jsonl:4,spooky-author-identification,hard,2,2,0,1.0,full_external,spooky-author-identification__b9c86b77ce174df0a2164cb7cf2685af,1,1.0,0.0,1,144.39999999999998,2,1122.0,1122.0,1.0,1.0
spooky-author-identification__b0159499c7cb478eaa490c7fdbd49d1b,cards_senior_0801.jsonl:4,spooky-author-identification,hard,2,2,0,1.0,full_self_report_available,spooky-author-identification__789703b0e1c348e695596428d21fac38,1,0.0,0.00037999999999999146,2,144.39999999999998,2,1122.0,1122.0,1.0,1.0
spooky-author-identification__b0159499c7cb478eaa490c7fdbd49d1b,cards_senior_0801.jsonl:4,spooky-author-identification,hard,2,2,0,1.0,full_self_report_complete,spooky-author-identification__789703b0e1c348e695596428d21fac38,1,0.0,0.00037999999999999146,2,144.39999999999998,2,1122.0,1122.0,1.0,1.0
spooky-author-identification__b0159499c7cb478eaa490c7fdbd49d1b,cards_senior_0801.jsonl:4,spooky-author-identification,hard,2,2,0,1.0,sub120_available,spooky-author-identification__b9c86b77ce174df0a2164cb7cf2685af,1,1.0,0.0,1,144.39999999999998,0,144.39999999999998,144.39999999999998,0.12869875222816396,0.12869875222816396
spooky-author-identification__b0159499c7cb478eaa490c7fdbd49d1b,cards_senior_0801.jsonl:4,spooky-author-identification,hard,2,2,0,1.0,artifact120_escalate_silent,spooky-author-identification__b9c86b77ce174df0a2164cb7cf2685af,1,1.0,0.0,1,144.39999999999998,0,144.39999999999998,144.39999999999998,0.12869875222816396,0.12869875222816396
spooky-author-identification__d7c4a34657474cb48180f68defba370c,cards_senior_0730.jsonl:5,spooky-author-identification,hard,3,3,0,1.0,random,spooky-author-identification__c8e9e4089e9d44598bf956bc4cdf901f|spooky-author-identification__d8350d06746c49189b3700f3ae207569|spooky-author-identification__df8572420c294f869b30c2646e8dbce8,3,0.3333333333333333,0.0019733333333333825,2,139.1,0,0.0,0.0,0.0,0.0
spooky-author-identification__d7c4a34657474cb48180f68defba370c,cards_senior_0730.jsonl:5,spooky-author-identification,hard,3,3,0,1.0,full_external,spooky-author-identification__d8350d06746c49189b3700f3ae207569,1,1.0,0.0,1,139.1,3,1683.0,1683.0,1.0,1.0
spooky-author-identification__d7c4a34657474cb48180f68defba370c,cards_senior_0730.jsonl:5,spooky-author-identification,hard,3,3,0,1.0,full_self_report_available,spooky-author-identification__d8350d06746c49189b3700f3ae207569,1,1.0,0.0,1,139.1,3,1683.0,1683.0,1.0,1.0
spooky-author-identification__d7c4a34657474cb48180f68defba370c,cards_senior_0730.jsonl:5,spooky-author-identification,hard,3,3,0,1.0,full_self_report_complete,spooky-author-identification__d8350d06746c49189b3700f3ae207569,1,1.0,0.0,1,139.1,3,1683.0,1683.0,1.0,1.0
spooky-author-identification__d7c4a34657474cb48180f68defba370c,cards_senior_0730.jsonl:5,spooky-author-identification,hard,3,3,0,1.0,sub120_available,spooky-author-identification__d8350d06746c49189b3700f3ae207569,1,1.0,0.0,1,139.1,0,139.1,139.1,0.08265002970885324,0.08265002970885324
spooky-author-identification__d7c4a34657474cb48180f68defba370c,cards_senior_0730.jsonl:5,spooky-author-identification,hard,3,3,0,1.0,artifact120_escalate_silent,spooky-author-identification__d8350d06746c49189b3700f3ae207569,1,1.0,0.0,1,139.1,0,139.1,139.1,0.08265002970885324,0.08265002970885324
spooky-author-identification__fbb5259bda6a42b98e9619af0807a957,cards_senior_0730.jsonl:5,spooky-author-identification,easy,3,3,0,1.0,random,spooky-author-identification__16a678db368a417fbf00950915601fb9|spooky-author-identification__653ba54bf46a4d82a9668d92db356211|spooky-author-identification__900270a860234cc2b3ae8a0505bd105a,3,0.3333333333333333,0.024430000000000007,2,211.89999999999998,0,0.0,0.0,0.0,0.0
spooky-author-identification__fbb5259bda6a42b98e9619af0807a957,cards_senior_0730.jsonl:5,spooky-author-identification,easy,3,3,0,1.0,full_external,spooky-author-identification__653ba54bf46a4d82a9668d92db356211,1,1.0,0.0,1,211.89999999999998,3,1683.0,1683.0,1.0,1.0
spooky-author-identification__fbb5259bda6a42b98e9619af0807a957,cards_senior_0730.jsonl:5,spooky-author-identification,easy,3,3,0,1.0,full_self_report_available,spooky-author-identification__653ba54bf46a4d82a9668d92db356211,1,1.0,0.0,1,211.89999999999998,3,1683.0,1683.0,1.0,1.0
spooky-author-identification__fbb5259bda6a42b98e9619af0807a957,cards_senior_0730.jsonl:5,spooky-author-identification,easy,3,3,0,1.0,full_self_report_complete,spooky-author-identification__653ba54bf46a4d82a9668d92db356211,1,1.0,0.0,1,211.89999999999998,3,1683.0,1683.0,1.0,1.0
spooky-author-identification__fbb5259bda6a42b98e9619af0807a957,cards_senior_0730.jsonl:5,spooky-author-identification,easy,3,3,0,1.0,sub120_available,spooky-author-identification__653ba54bf46a4d82a9668d92db356211,1,1.0,0.0,1,211.89999999999998,0,211.89999999999998,211.89999999999998,0.12590612002376708,0.12590612002376708
spooky-author-identification__fbb5259bda6a42b98e9619af0807a957,cards_senior_0730.jsonl:5,spooky-author-identification,easy,3,3,0,1.0,artifact120_escalate_silent,spooky-author-identification__653ba54bf46a4d82a9668d92db356211,1,1.0,0.0,1,211.89999999999998,0,211.89999999999998,211.89999999999998,0.12590612002376708,0.12590612002376708
spooky-author-identification__ff8dc324b8984305b0dd7c14bee67d7c,cards_t3era_missing.jsonl:14,spooky-author-identification,easy,3,3,0,1.0,random,spooky-author-identification__31dc45ab82da453fa070417d3e97b475|spooky-author-identification__8f9956778f6b4e9ea7b6af0a7f82e4a6|spooky-author-identification__b1638019d27044b7a3c20ec855526869,3,0.3333333333333333,0.02581666666666671,2,293.8,0,0.0,0.0,0.0,0.0
spooky-author-identification__ff8dc324b8984305b0dd7c14bee67d7c,cards_t3era_missing.jsonl:14,spooky-author-identification,easy,3,3,0,1.0,full_external,spooky-author-identification__b1638019d27044b7a3c20ec855526869,1,1.0,0.0,1,293.8,3,1683.0,1683.0,1.0,1.0
spooky-author-identification__ff8dc324b8984305b0dd7c14bee67d7c,cards_t3era_missing.jsonl:14,spooky-author-identification,easy,3,3,0,1.0,full_self_report_available,spooky-author-identification__b1638019d27044b7a3c20ec855526869,1,1.0,0.0,1,293.8,3,1683.0,1683.0,1.0,1.0
spooky-author-identification__ff8dc324b8984305b0dd7c14bee67d7c,cards_t3era_missing.jsonl:14,spooky-author-identification,easy,3,3,0,1.0,full_self_report_complete,spooky-author-identification__b1638019d27044b7a3c20ec855526869,1,1.0,0.0,1,293.8,3,1683.0,1683.0,1.0,1.0
spooky-author-identification__ff8dc324b8984305b0dd7c14bee67d7c,cards_t3era_missing.jsonl:14,spooky-author-identification,easy,3,3,0,1.0,sub120_available,spooky-author-identification__b1638019d27044b7a3c20ec855526869,1,1.0,0.0,1,293.8,0,293.8,293.8,0.17456922162804517,0.17456922162804517
spooky-author-identification__ff8dc324b8984305b0dd7c14bee67d7c,cards_t3era_missing.jsonl:14,spooky-author-identification,easy,3,3,0,1.0,artifact120_escalate_silent,spooky-author-identification__b1638019d27044b7a3c20ec855526869,1,1.0,0.0,1,293.8,0,293.8,293.8,0.17456922162804517,0.17456922162804517
tabular-playground-series-dec-2021__0cdec0ffd1ff4511b41aa8c691f2f383,cards_senior_0801.jsonl:38,tabular-playground-series-dec-2021,hard,2,0,2,0.0,random,tabular-playground-series-dec-2021__36787b1cf20b412e8716ea12368675bf|tabular-playground-series-dec-2021__dbdf36e610354c398b8b0d89cee8fbd4,2,0.5,0.00024999999999997247,1.5,240.2,0,0.0,0.0,0.0,0.0
tabular-playground-series-dec-2021__0cdec0ffd1ff4511b41aa8c691f2f383,cards_senior_0801.jsonl:38,tabular-playground-series-dec-2021,hard,2,0,2,0.0,full_external,tabular-playground-series-dec-2021__36787b1cf20b412e8716ea12368675bf,1,1.0,0.0,1,240.2,2,1122.0,1122.0,1.0,1.0
tabular-playground-series-dec-2021__0cdec0ffd1ff4511b41aa8c691f2f383,cards_senior_0801.jsonl:38,tabular-playground-series-dec-2021,hard,2,0,2,0.0,full_self_report_available,tabular-playground-series-dec-2021__36787b1cf20b412e8716ea12368675bf,1,1.0,0.0,1,240.2,2,1122.0,1122.0,1.0,1.0
tabular-playground-series-dec-2021__0cdec0ffd1ff4511b41aa8c691f2f383,cards_senior_0801.jsonl:38,tabular-playground-series-dec-2021,hard,2,0,2,0.0,full_self_report_complete,tabular-playground-series-dec-2021__36787b1cf20b412e8716ea12368675bf,1,1.0,0.0,1,240.2,2,1122.0,1122.0,1.0,1.0
tabular-playground-series-dec-2021__0cdec0ffd1ff4511b41aa8c691f2f383,cards_senior_0801.jsonl:38,tabular-playground-series-dec-2021,hard,2,0,2,0.0,sub120_available,tabular-playground-series-dec-2021__36787b1cf20b412e8716ea12368675bf|tabular-playground-series-dec-2021__dbdf36e610354c398b8b0d89cee8fbd4,2,0.5,0.00024999999999997247,1.5,240.2,0,240.2,240.2,0.2140819964349376,0.2140819964349376
tabular-playground-series-dec-2021__0cdec0ffd1ff4511b41aa8c691f2f383,cards_senior_0801.jsonl:38,tabular-playground-series-dec-2021,hard,2,0,2,0.0,artifact120_escalate_silent,tabular-playground-series-dec-2021__36787b1cf20b412e8716ea12368675bf,1,1.0,0.0,1,240.2,2,1362.2,1122.2,1.2140819964349376,1.0001782531194296
tabular-playground-series-dec-2021__934ac2235cf749c9ae20875daeb13fda,cards_senior_0807.jsonl:23,tabular-playground-series-dec-2021,hard,2,0,2,0.0,random,tabular-playground-series-dec-2021__8b54ad5da3684393a8a2caceb614ee34|tabular-playground-series-dec-2021__dd7529c2a690472ba81bdc67d9f30382,2,0.5,0.0002700000000001035,1.5,240.4,0,0.0,0.0,0.0,0.0
tabular-playground-series-dec-2021__934ac2235cf749c9ae20875daeb13fda,cards_senior_0807.jsonl:23,tabular-playground-series-dec-2021,hard,2,0,2,0.0,full_external,tabular-playground-series-dec-2021__8b54ad5da3684393a8a2caceb614ee34,1,1.0,0.0,1,240.4,2,1122.0,1122.0,1.0,1.0
tabular-playground-series-dec-2021__934ac2235cf749c9ae20875daeb13fda,cards_senior_0807.jsonl:23,tabular-playground-series-dec-2021,hard,2,0,2,0.0,full_self_report_available,tabular-playground-series-dec-2021__8b54ad5da3684393a8a2caceb614ee34,1,1.0,0.0,1,240.4,2,1122.0,1122.0,1.0,1.0
tabular-playground-series-dec-2021__934ac2235cf749c9ae20875daeb13fda,cards_senior_0807.jsonl:23,tabular-playground-series-dec-2021,hard,2,0,2,0.0,full_self_report_complete,tabular-playground-series-dec-2021__8b54ad5da3684393a8a2caceb614ee34,1,1.0,0.0,1,240.4,2,1122.0,1122.0,1.0,1.0
tabular-playground-series-dec-2021__934ac2235cf749c9ae20875daeb13fda,cards_senior_0807.jsonl:23,tabular-playground-series-dec-2021,hard,2,0,2,0.0,sub120_available,tabular-playground-series-dec-2021__8b54ad5da3684393a8a2caceb614ee34|tabular-playground-series-dec-2021__dd7529c2a690472ba81bdc67d9f30382,2,0.5,0.0002700000000001035,1.5,240.4,0,240.4,240.4,0.2142602495543672,0.2142602495543672
tabular-playground-series-dec-2021__934ac2235cf749c9ae20875daeb13fda,cards_senior_0807.jsonl:23,tabular-playground-series-dec-2021,hard,2,0,2,0.0,artifact120_escalate_silent,tabular-playground-series-dec-2021__8b54ad5da3684393a8a2caceb614ee34,1,1.0,0.0,1,240.4,2,1362.4,1122.4,1.2142602495543673,1.0003565062388593
tabular-playground-series-dec-2021__b98b7d0f93774f13b332311ed76e2037,cards_senior_0807.jsonl:22,tabular-playground-series-dec-2021,hard,2,0,2,0.0,random,tabular-playground-series-dec-2021__72c882b1d87c45b09471af711496de1a|tabular-playground-series-dec-2021__81b08a9c23464eb1a0f7861d6fd90b67,2,0.5,0.00010500000000002174,1.5,240.2,0,0.0,0.0,0.0,0.0
tabular-playground-series-dec-2021__b98b7d0f93774f13b332311ed76e2037,cards_senior_0807.jsonl:22,tabular-playground-series-dec-2021,hard,2,0,2,0.0,full_external,tabular-playground-series-dec-2021__81b08a9c23464eb1a0f7861d6fd90b67,1,1.0,0.0,1,240.2,2,1122.0,1122.0,1.0,1.0
tabular-playground-series-dec-2021__b98b7d0f93774f13b332311ed76e2037,cards_senior_0807.jsonl:22,tabular-playground-series-dec-2021,hard,2,0,2,0.0,full_self_report_available,tabular-playground-series-dec-2021__72c882b1d87c45b09471af711496de1a|tabular-playground-series-dec-2021__81b08a9c23464eb1a0f7861d6fd90b67,2,0.5,0.00010500000000002174,1.5,240.2,2,1122.0,1122.0,1.0,1.0
tabular-playground-series-dec-2021__b98b7d0f93774f13b332311ed76e2037,cards_senior_0807.jsonl:22,tabular-playground-series-dec-2021,hard,2,0,2,0.0,sub120_available,tabular-playground-series-dec-2021__72c882b1d87c45b09471af711496de1a|tabular-playground-series-dec-2021__81b08a9c23464eb1a0f7861d6fd90b67,2,0.5,0.00010500000000002174,1.5,240.2,0,240.2,240.2,0.2140819964349376,0.2140819964349376
tabular-playground-series-dec-2021__b98b7d0f93774f13b332311ed76e2037,cards_senior_0807.jsonl:22,tabular-playground-series-dec-2021,hard,2,0,2,0.0,artifact120_escalate_silent,tabular-playground-series-dec-2021__81b08a9c23464eb1a0f7861d6fd90b67,1,1.0,0.0,1,240.2,2,1362.2,1122.2,1.2140819964349376,1.0001782531194296
tabular-playground-series-may-2022__0ec0c9ffdc0948a4927dab3efcc5eee7,cards_senior_0801.jsonl:29,tabular-playground-series-may-2022,hard,4,0,4,0.0,random,tabular-playground-series-may-2022__5b0e8613150c44ae85338d3bcf5a6369|tabular-playground-series-may-2022__b8fec3edbb0d4e0d8be0e0b649552878|tabular-playground-series-may-2022__c89ea85cc0184427a9225edf4d8503e5|tabular-playground-series-may-2022__d75dd58e0bff47e9bd665df475ee1470,4,0.25,0.0020900000000000363,2.5,480.6,0,0.0,0.0,0.0,0.0
tabular-playground-series-may-2022__0ec0c9ffdc0948a4927dab3efcc5eee7,cards_senior_0801.jsonl:29,tabular-playground-series-may-2022,hard,4,0,4,0.0,full_external,tabular-playground-series-may-2022__b8fec3edbb0d4e0d8be0e0b649552878,1,1.0,0.0,1,480.6,4,2244.0,2244.0,1.0,1.0
tabular-playground-series-may-2022__0ec0c9ffdc0948a4927dab3efcc5eee7,cards_senior_0801.jsonl:29,tabular-playground-series-may-2022,hard,4,0,4,0.0,full_self_report_available,tabular-playground-series-may-2022__b8fec3edbb0d4e0d8be0e0b649552878,1,1.0,0.0,1,480.6,4,2244.0,2244.0,1.0,1.0
tabular-playground-series-may-2022__0ec0c9ffdc0948a4927dab3efcc5eee7,cards_senior_0801.jsonl:29,tabular-playground-series-may-2022,hard,4,0,4,0.0,full_self_report_complete,tabular-playground-series-may-2022__b8fec3edbb0d4e0d8be0e0b649552878,1,1.0,0.0,1,480.6,4,2244.0,2244.0,1.0,1.0
tabular-playground-series-may-2022__0ec0c9ffdc0948a4927dab3efcc5eee7,cards_senior_0801.jsonl:29,tabular-playground-series-may-2022,hard,4,0,4,0.0,sub120_available,tabular-playground-series-may-2022__5b0e8613150c44ae85338d3bcf5a6369|tabular-playground-series-may-2022__b8fec3edbb0d4e0d8be0e0b649552878|tabular-playground-series-may-2022__c89ea85cc0184427a9225edf4d8503e5|tabular-playground-series-may-2022__d75dd58e0bff47e9bd665df475ee1470,4,0.25,0.0020900000000000363,2.5,480.6,0,480.6,480.6,0.2141711229946524,0.2141711229946524
tabular-playground-series-may-2022__0ec0c9ffdc0948a4927dab3efcc5eee7,cards_senior_0801.jsonl:29,tabular-playground-series-may-2022,hard,4,0,4,0.0,artifact120_escalate_silent,tabular-playground-series-may-2022__b8fec3edbb0d4e0d8be0e0b649552878,1,1.0,0.0,1,480.6,4,2724.6,2244.6,1.2141711229946524,1.0002673796791444
tabular-playground-series-may-2022__44d0e7b5df4842d99e17e0759da5bc3f,cards_senior_0801.jsonl:29,tabular-playground-series-may-2022,hard,4,0,4,0.0,random,tabular-playground-series-may-2022__2db19efb799e4de5895edb93d85b2566|tabular-playground-series-may-2022__4fdd3e809b0f4a3faf2db69645b93c4b|tabular-playground-series-may-2022__79d61fdff64b43d38b5ff3296acc2652|tabular-playground-series-may-2022__da119d83b67a44ee9f88a3327245e55e,4,0.25,0.008732500000000032,2.5,480.4,0,0.0,0.0,0.0,0.0
tabular-playground-series-may-2022__44d0e7b5df4842d99e17e0759da5bc3f,cards_senior_0801.jsonl:29,tabular-playground-series-may-2022,hard,4,0,4,0.0,full_external,tabular-playground-series-may-2022__2db19efb799e4de5895edb93d85b2566,1,1.0,0.0,1,480.4,4,2244.0,2244.0,1.0,1.0
tabular-playground-series-may-2022__44d0e7b5df4842d99e17e0759da5bc3f,cards_senior_0801.jsonl:29,tabular-playground-series-may-2022,hard,4,0,4,0.0,full_self_report_available,tabular-playground-series-may-2022__2db19efb799e4de5895edb93d85b2566,1,1.0,0.0,1,480.4,4,2244.0,2244.0,1.0,1.0
tabular-playground-series-may-2022__44d0e7b5df4842d99e17e0759da5bc3f,cards_senior_0801.jsonl:29,tabular-playground-series-may-2022,hard,4,0,4,0.0,full_self_report_complete,tabular-playground-series-may-2022__2db19efb799e4de5895edb93d85b2566,1,1.0,0.0,1,480.4,4,2244.0,2244.0,1.0,1.0
tabular-playground-series-may-2022__44d0e7b5df4842d99e17e0759da5bc3f,cards_senior_0801.jsonl:29,tabular-playground-series-may-2022,hard,4,0,4,0.0,sub120_available,tabular-playground-series-may-2022__2db19efb799e4de5895edb93d85b2566|tabular-playground-series-may-2022__4fdd3e809b0f4a3faf2db69645b93c4b|tabular-playground-series-may-2022__79d61fdff64b43d38b5ff3296acc2652|tabular-playground-series-may-2022__da119d83b67a44ee9f88a3327245e55e,4,0.25,0.008732500000000032,2.5,480.4,0,480.4,480.4,0.2140819964349376,0.2140819964349376
tabular-playground-series-may-2022__44d0e7b5df4842d99e17e0759da5bc3f,cards_senior_0801.jsonl:29,tabular-playground-series-may-2022,hard,4,0,4,0.0,artifact120_escalate_silent,tabular-playground-series-may-2022__2db19efb799e4de5895edb93d85b2566,1,1.0,0.0,1,480.4,4,2724.4,2244.4,1.2140819964349376,1.0001782531194296
tabular-playground-series-may-2022__48951967df204997aee3aa2e62532b3c,cards_ours_20260727.jsonl:140,tabular-playground-series-may-2022,easy,2,0,2,0.0,random,tabular-playground-series-may-2022__63bb3182d23844efb65f5c6f635880c0|tabular-playground-series-may-2022__ee7c57076442408ab0cd8deda21efe3d,2,0.5,0.06340500000000004,1.5,240.0,0,0.0,0.0,0.0,0.0
tabular-playground-series-may-2022__48951967df204997aee3aa2e62532b3c,cards_ours_20260727.jsonl:140,tabular-playground-series-may-2022,easy,2,0,2,0.0,full_external,tabular-playground-series-may-2022__63bb3182d23844efb65f5c6f635880c0,1,1.0,0.0,1,240.0,2,1122.0,1122.0,1.0,1.0
tabular-playground-series-may-2022__48951967df204997aee3aa2e62532b3c,cards_ours_20260727.jsonl:140,tabular-playground-series-may-2022,easy,2,0,2,0.0,full_self_report_available,tabular-playground-series-may-2022__63bb3182d23844efb65f5c6f635880c0,1,1.0,0.0,1,240.0,2,1122.0,1122.0,1.0,1.0
tabular-playground-series-may-2022__48951967df204997aee3aa2e62532b3c,cards_ours_20260727.jsonl:140,tabular-playground-series-may-2022,easy,2,0,2,0.0,full_self_report_complete,tabular-playground-series-may-2022__63bb3182d23844efb65f5c6f635880c0,1,1.0,0.0,1,240.0,2,1122.0,1122.0,1.0,1.0
tabular-playground-series-may-2022__48951967df204997aee3aa2e62532b3c,cards_ours_20260727.jsonl:140,tabular-playground-series-may-2022,easy,2,0,2,0.0,sub120_available,tabular-playground-series-may-2022__63bb3182d23844efb65f5c6f635880c0|tabular-playground-series-may-2022__ee7c57076442408ab0cd8deda21efe3d,2,0.5,0.06340500000000004,1.5,240.0,0,240.0,240.0,0.21390374331550802,0.21390374331550802
tabular-playground-series-may-2022__48951967df204997aee3aa2e62532b3c,cards_ours_20260727.jsonl:140,tabular-playground-series-may-2022,easy,2,0,2,0.0,artifact120_escalate_silent,tabular-playground-series-may-2022__63bb3182d23844efb65f5c6f635880c0,1,1.0,0.0,1,240.0,2,1362.0,1122.0,1.213903743315508,1.0
tabular-playground-series-may-2022__818630c414c14ef7b27c045544f284b9,cards_ours_20260727.jsonl:114,tabular-playground-series-may-2022,easy,3,0,3,0.0,random,tabular-playground-series-may-2022__242786b5b67d461d9e11c4830b75eb8c|tabular-playground-series-may-2022__5e16ecb8fdb1429ca6617f25dc3dffac|tabular-playground-series-may-2022__f7fdb3bb45a9446a892b9658a7649f80,3,0.3333333333333333,0.08688000000000007,2,360.2,0,0.0,0.0,0.0,0.0
tabular-playground-series-may-2022__818630c414c14ef7b27c045544f284b9,cards_ours_20260727.jsonl:114,tabular-playground-series-may-2022,easy,3,0,3,0.0,full_external,tabular-playground-series-may-2022__5e16ecb8fdb1429ca6617f25dc3dffac,1,1.0,0.0,1,360.2,3,1683.0,1683.0,1.0,1.0
tabular-playground-series-may-2022__818630c414c14ef7b27c045544f284b9,cards_ours_20260727.jsonl:114,tabular-playground-series-may-2022,easy,3,0,3,0.0,full_self_report_available,tabular-playground-series-may-2022__5e16ecb8fdb1429ca6617f25dc3dffac,1,1.0,0.0,1,360.2,3,1683.0,1683.0,1.0,1.0
tabular-playground-series-may-2022__818630c414c14ef7b27c045544f284b9,cards_ours_20260727.jsonl:114,tabular-playground-series-may-2022,easy,3,0,3,0.0,full_self_report_complete,tabular-playground-series-may-2022__5e16ecb8fdb1429ca6617f25dc3dffac,1,1.0,0.0,1,360.2,3,1683.0,1683.0,1.0,1.0
tabular-playground-series-may-2022__818630c414c14ef7b27c045544f284b9,cards_ours_20260727.jsonl:114,tabular-playground-series-may-2022,easy,3,0,3,0.0,sub120_available,tabular-playground-series-may-2022__242786b5b67d461d9e11c4830b75eb8c|tabular-playground-series-may-2022__5e16ecb8fdb1429ca6617f25dc3dffac|tabular-playground-series-may-2022__f7fdb3bb45a9446a892b9658a7649f80,3,0.3333333333333333,0.08688000000000007,2,360.2,0,360.2,360.2,0.2140225787284611,0.2140225787284611
tabular-playground-series-may-2022__818630c414c14ef7b27c045544f284b9,cards_ours_20260727.jsonl:114,tabular-playground-series-may-2022,easy,3,0,3,0.0,artifact120_escalate_silent,tabular-playground-series-may-2022__5e16ecb8fdb1429ca6617f25dc3dffac,1,1.0,0.0,1,360.2,3,2043.2,1683.2,1.214022578728461,1.000118835412953
tabular-playground-series-may-2022__e8d65c593e2841dcbbf45a87e92889b7,cards_ours_20260727.jsonl:116,tabular-playground-series-may-2022,easy,3,0,3,0.0,random,tabular-playground-series-may-2022__3bd55e0164e9413cbeaa16b558f4b9b5|tabular-playground-series-may-2022__54771d7d3c3243cb98c0e06d98a7229e|tabular-playground-series-may-2022__dd85f0501dc3491ab42ffdbb35eed3b8,3,0.3333333333333333,0.08999000000000001,2,360.29999999999995,0,0.0,0.0,0.0,0.0
tabular-playground-series-may-2022__e8d65c593e2841dcbbf45a87e92889b7,cards_ours_20260727.jsonl:116,tabular-playground-series-may-2022,easy,3,0,3,0.0,full_external,tabular-playground-series-may-2022__dd85f0501dc3491ab42ffdbb35eed3b8,1,1.0,0.0,1,360.29999999999995,3,1683.0,1683.0,1.0,1.0
tabular-playground-series-may-2022__e8d65c593e2841dcbbf45a87e92889b7,cards_ours_20260727.jsonl:116,tabular-playground-series-may-2022,easy,3,0,3,0.0,full_self_report_available,tabular-playground-series-may-2022__dd85f0501dc3491ab42ffdbb35eed3b8,1,1.0,0.0,1,360.29999999999995,3,1683.0,1683.0,1.0,1.0
tabular-playground-series-may-2022__e8d65c593e2841dcbbf45a87e92889b7,cards_ours_20260727.jsonl:116,tabular-playground-series-may-2022,easy,3,0,3,0.0,full_self_report_complete,tabular-playground-series-may-2022__dd85f0501dc3491ab42ffdbb35eed3b8,1,1.0,0.0,1,360.29999999999995,3,1683.0,1683.0,1.0,1.0
tabular-playground-series-may-2022__e8d65c593e2841dcbbf45a87e92889b7,cards_ours_20260727.jsonl:116,tabular-playground-series-may-2022,easy,3,0,3,0.0,sub120_available,tabular-playground-series-may-2022__3bd55e0164e9413cbeaa16b558f4b9b5|tabular-playground-series-may-2022__54771d7d3c3243cb98c0e06d98a7229e|tabular-playground-series-may-2022__dd85f0501dc3491ab42ffdbb35eed3b8,3,0.3333333333333333,0.08999000000000001,2,360.29999999999995,0,360.29999999999995,360.29999999999995,0.21408199643493758,0.21408199643493758
tabular-playground-series-may-2022__e8d65c593e2841dcbbf45a87e92889b7,cards_ours_20260727.jsonl:116,tabular-playground-series-may-2022,easy,3,0,3,0.0,artifact120_escalate_silent,tabular-playground-series-may-2022__dd85f0501dc3491ab42ffdbb35eed3b8,1,1.0,0.0,1,360.29999999999995,3,2043.3,1683.3,1.2140819964349376,1.0001782531194296
tabular-playground-series-may-2022__f2f51b6cab304bd49ba7dc6ff2fe3fda,cards_ours_20260727.jsonl:133,tabular-playground-series-may-2022,hard,2,0,2,0.0,random,tabular-playground-series-may-2022__0ec47cd5c46844e2aadf12bf694b6d69|tabular-playground-series-may-2022__c8c1855386084a54a8ebe192e60a7f4d,2,0.5,0.0006150000000000322,1.5,240.3,0,0.0,0.0,0.0,0.0
tabular-playground-series-may-2022__f2f51b6cab304bd49ba7dc6ff2fe3fda,cards_ours_20260727.jsonl:133,tabular-playground-series-may-2022,hard,2,0,2,0.0,full_external,tabular-playground-series-may-2022__0ec47cd5c46844e2aadf12bf694b6d69,1,1.0,0.0,1,240.3,2,1122.0,1122.0,1.0,1.0
tabular-playground-series-may-2022__f2f51b6cab304bd49ba7dc6ff2fe3fda,cards_ours_20260727.jsonl:133,tabular-playground-series-may-2022,hard,2,0,2,0.0,full_self_report_available,tabular-playground-series-may-2022__c8c1855386084a54a8ebe192e60a7f4d,1,0.0,0.0012299999999999534,2,240.3,2,1122.0,1122.0,1.0,1.0
tabular-playground-series-may-2022__f2f51b6cab304bd49ba7dc6ff2fe3fda,cards_ours_20260727.jsonl:133,tabular-playground-series-may-2022,hard,2,0,2,0.0,full_self_report_complete,tabular-playground-series-may-2022__c8c1855386084a54a8ebe192e60a7f4d,1,0.0,0.0012299999999999534,2,240.3,2,1122.0,1122.0,1.0,1.0
tabular-playground-series-may-2022__f2f51b6cab304bd49ba7dc6ff2fe3fda,cards_ours_20260727.jsonl:133,tabular-playground-series-may-2022,hard,2,0,2,0.0,sub120_available,tabular-playground-series-may-2022__0ec47cd5c46844e2aadf12bf694b6d69|tabular-playground-series-may-2022__c8c1855386084a54a8ebe192e60a7f4d,2,0.5,0.0006150000000000322,1.5,240.3,0,240.3,240.3,0.2141711229946524,0.2141711229946524
tabular-playground-series-may-2022__f2f51b6cab304bd49ba7dc6ff2fe3fda,cards_ours_20260727.jsonl:133,tabular-playground-series-may-2022,hard,2,0,2,0.0,artifact120_escalate_silent,tabular-playground-series-may-2022__0ec47cd5c46844e2aadf12bf694b6d69,1,1.0,0.0,1,240.3,2,1362.3,1122.3,1.2141711229946524,1.0002673796791444
text-normalization-challenge-english-language__1946507488ea4c9cb541223be7df9745,cards_senior_0808.jsonl:23,text-normalization-challenge-english-language,easy,2,0,2,0.0,random,text-normalization-challenge-english-language__34edc8d8a8ac4541b0a2be857e2e91ba|text-normalization-challenge-english-language__99a26b06e08f45699153b0ee7ad77137,2,0.5,0.094105,1.5,5.699999999999999,0,0.0,0.0,0.0,0.0
text-normalization-challenge-english-language__1946507488ea4c9cb541223be7df9745,cards_senior_0808.jsonl:23,text-normalization-challenge-english-language,easy,2,0,2,0.0,full_external,text-normalization-challenge-english-language__34edc8d8a8ac4541b0a2be857e2e91ba,1,1.0,0.0,1,5.699999999999999,2,1122.0,1122.0,1.0,1.0
text-normalization-challenge-english-language__1946507488ea4c9cb541223be7df9745,cards_senior_0808.jsonl:23,text-normalization-challenge-english-language,easy,2,0,2,0.0,full_self_report_available,text-normalization-challenge-english-language__34edc8d8a8ac4541b0a2be857e2e91ba,1,1.0,0.0,1,5.699999999999999,2,1122.0,1122.0,1.0,1.0
text-normalization-challenge-english-language__1946507488ea4c9cb541223be7df9745,cards_senior_0808.jsonl:23,text-normalization-challenge-english-language,easy,2,0,2,0.0,full_self_report_complete,text-normalization-challenge-english-language__34edc8d8a8ac4541b0a2be857e2e91ba,1,1.0,0.0,1,5.699999999999999,2,1122.0,1122.0,1.0,1.0
text-normalization-challenge-english-language__1946507488ea4c9cb541223be7df9745,cards_senior_0808.jsonl:23,text-normalization-challenge-english-language,easy,2,0,2,0.0,sub120_available,text-normalization-challenge-english-language__34edc8d8a8ac4541b0a2be857e2e91ba|text-normalization-challenge-english-language__99a26b06e08f45699153b0ee7ad77137,2,0.5,0.094105,1.5,5.699999999999999,0,5.699999999999999,5.699999999999999,0.005080213903743315,0.005080213903743315
text-normalization-challenge-english-language__1946507488ea4c9cb541223be7df9745,cards_senior_0808.jsonl:23,text-normalization-challenge-english-language,easy,2,0,2,0.0,artifact120_escalate_silent,text-normalization-challenge-english-language__34edc8d8a8ac4541b0a2be857e2e91ba,1,1.0,0.0,1,5.699999999999999,2,1127.7,887.7,1.0050802139037434,0.7911764705882354
text-normalization-challenge-english-language__4d90e4cc207d48ae83b235eabf41448b,cards_senior_0808.jsonl:22,text-normalization-challenge-english-language,hard,2,0,2,0.0,random,text-normalization-challenge-english-language__0ed7f9763c4c4e3eb123445278690dae|text-normalization-challenge-english-language__c317471eb4c549a7b736a7104a543b79,2,0.5,0.00041999999999997595,1.5,9.8,0,0.0,0.0,0.0,0.0
text-normalization-challenge-english-language__4d90e4cc207d48ae83b235eabf41448b,cards_senior_0808.jsonl:22,text-normalization-challenge-english-language,hard,2,0,2,0.0,full_external,text-normalization-challenge-english-language__0ed7f9763c4c4e3eb123445278690dae,1,1.0,0.0,1,9.8,2,1122.0,1122.0,1.0,1.0
text-normalization-challenge-english-language__4d90e4cc207d48ae83b235eabf41448b,cards_senior_0808.jsonl:22,text-normalization-challenge-english-language,hard,2,0,2,0.0,full_self_report_available,text-normalization-challenge-english-language__0ed7f9763c4c4e3eb123445278690dae,1,1.0,0.0,1,9.8,2,1122.0,1122.0,1.0,1.0
text-normalization-challenge-english-language__4d90e4cc207d48ae83b235eabf41448b,cards_senior_0808.jsonl:22,text-normalization-challenge-english-language,hard,2,0,2,0.0,full_self_report_complete,text-normalization-challenge-english-language__0ed7f9763c4c4e3eb123445278690dae,1,1.0,0.0,1,9.8,2,1122.0,1122.0,1.0,1.0
text-normalization-challenge-english-language__4d90e4cc207d48ae83b235eabf41448b,cards_senior_0808.jsonl:22,text-normalization-challenge-english-language,hard,2,0,2,0.0,sub120_available,text-normalization-challenge-english-language__0ed7f9763c4c4e3eb123445278690dae|text-normalization-challenge-english-language__c317471eb4c549a7b736a7104a543b79,2,0.5,0.00041999999999997595,1.5,9.8,0,9.8,9.8,0.008734402852049912,0.008734402852049912
text-normalization-challenge-english-language__4d90e4cc207d48ae83b235eabf41448b,cards_senior_0808.jsonl:22,text-normalization-challenge-english-language,hard,2,0,2,0.0,artifact120_escalate_silent,text-normalization-challenge-english-language__0ed7f9763c4c4e3eb123445278690dae,1,1.0,0.0,1,9.8,2,1131.8,891.8,1.00873440285205,0.7948306595365419
text-normalization-challenge-english-language__5a3e417fde89446db15aa4fe5e9af9d1,cards_senior_0808.jsonl:22,text-normalization-challenge-english-language,easy,2,0,2,0.0,random,text-normalization-challenge-english-language__7008d36ab2f34145ad6685619b5dc6f5|text-normalization-challenge-english-language__bacc0486e8514bb19fed5da934794b4f,2,0.5,0.006979999999999986,1.5,9.9,0,0.0,0.0,0.0,0.0
text-normalization-challenge-english-language__5a3e417fde89446db15aa4fe5e9af9d1,cards_senior_0808.jsonl:22,text-normalization-challenge-english-language,easy,2,0,2,0.0,full_external,text-normalization-challenge-english-language__bacc0486e8514bb19fed5da934794b4f,1,1.0,0.0,1,9.9,2,1122.0,1122.0,1.0,1.0
text-normalization-challenge-english-language__5a3e417fde89446db15aa4fe5e9af9d1,cards_senior_0808.jsonl:22,text-normalization-challenge-english-language,easy,2,0,2,0.0,full_self_report_available,text-normalization-challenge-english-language__bacc0486e8514bb19fed5da934794b4f,1,1.0,0.0,1,9.9,2,1122.0,1122.0,1.0,1.0
text-normalization-challenge-english-language__5a3e417fde89446db15aa4fe5e9af9d1,cards_senior_0808.jsonl:22,text-normalization-challenge-english-language,easy,2,0,2,0.0,full_self_report_complete,text-normalization-challenge-english-language__bacc0486e8514bb19fed5da934794b4f,1,1.0,0.0,1,9.9,2,1122.0,1122.0,1.0,1.0
text-normalization-challenge-english-language__5a3e417fde89446db15aa4fe5e9af9d1,cards_senior_0808.jsonl:22,text-normalization-challenge-english-language,easy,2,0,2,0.0,sub120_available,text-normalization-challenge-english-language__7008d36ab2f34145ad6685619b5dc6f5|text-normalization-challenge-english-language__bacc0486e8514bb19fed5da934794b4f,2,0.5,0.006979999999999986,1.5,9.9,0,9.9,9.9,0.008823529411764706,0.008823529411764706
text-normalization-challenge-english-language__5a3e417fde89446db15aa4fe5e9af9d1,cards_senior_0808.jsonl:22,text-normalization-challenge-english-language,easy,2,0,2,0.0,artifact120_escalate_silent,text-normalization-challenge-english-language__bacc0486e8514bb19fed5da934794b4f,1,1.0,0.0,1,9.9,2,1131.9,891.9,1.008823529411765,0.7949197860962567
text-normalization-challenge-english-language__858e3b43de80440dbd33e324dea2c6b9,cards_senior_0808.jsonl:22,text-normalization-challenge-english-language,hard,2,0,2,0.0,random,text-normalization-challenge-english-language__29f436da5b0648589fc09c95fd35802c|text-normalization-challenge-english-language__a6194a4710b54ff192d573518f37ce94,2,0.5,3.500000000000725e-05,1.5,9.4,0,0.0,0.0,0.0,0.0
text-normalization-challenge-english-language__858e3b43de80440dbd33e324dea2c6b9,cards_senior_0808.jsonl:22,text-normalization-challenge-english-language,hard,2,0,2,0.0,full_external,text-normalization-challenge-english-language__a6194a4710b54ff192d573518f37ce94,1,1.0,0.0,1,9.4,2,1122.0,1122.0,1.0,1.0
text-normalization-challenge-english-language__858e3b43de80440dbd33e324dea2c6b9,cards_senior_0808.jsonl:22,text-normalization-challenge-english-language,hard,2,0,2,0.0,full_self_report_available,text-normalization-challenge-english-language__29f436da5b0648589fc09c95fd35802c,1,0.0,6.999999999990347e-05,2,9.4,2,1122.0,1122.0,1.0,1.0
text-normalization-challenge-english-language__858e3b43de80440dbd33e324dea2c6b9,cards_senior_0808.jsonl:22,text-normalization-challenge-english-language,hard,2,0,2,0.0,full_self_report_complete,text-normalization-challenge-english-language__29f436da5b0648589fc09c95fd35802c,1,0.0,6.999999999990347e-05,2,9.4,2,1122.0,1122.0,1.0,1.0
text-normalization-challenge-english-language__858e3b43de80440dbd33e324dea2c6b9,cards_senior_0808.jsonl:22,text-normalization-challenge-english-language,hard,2,0,2,0.0,sub120_available,text-normalization-challenge-english-language__29f436da5b0648589fc09c95fd35802c|text-normalization-challenge-english-language__a6194a4710b54ff192d573518f37ce94,2,0.5,3.500000000000725e-05,1.5,9.4,0,9.4,9.4,0.008377896613190732,0.008377896613190732
text-normalization-challenge-english-language__858e3b43de80440dbd33e324dea2c6b9,cards_senior_0808.jsonl:22,text-normalization-challenge-english-language,hard,2,0,2,0.0,artifact120_escalate_silent,text-normalization-challenge-english-language__a6194a4710b54ff192d573518f37ce94,1,1.0,0.0,1,9.4,2,1131.4,891.4,1.0083778966131909,0.7944741532976827
text-normalization-challenge-english-language__d28cf7a8f6e7407285f8890122923641,cards_senior_0808.jsonl:22,text-normalization-challenge-english-language,hard,2,0,2,0.0,random,text-normalization-challenge-english-language__9392f64ff1f84e9284c2dd8a154a7075|text-normalization-challenge-english-language__a985c60513e94d3689ab07945cc0bbff,2,0.5,0.0010299999999999754,1.5,9.4,0,0.0,0.0,0.0,0.0
text-normalization-challenge-english-language__d28cf7a8f6e7407285f8890122923641,cards_senior_0808.jsonl:22,text-normalization-challenge-english-language,hard,2,0,2,0.0,full_external,text-normalization-challenge-english-language__9392f64ff1f84e9284c2dd8a154a7075,1,1.0,0.0,1,9.4,2,1122.0,1122.0,1.0,1.0
text-normalization-challenge-english-language__d28cf7a8f6e7407285f8890122923641,cards_senior_0808.jsonl:22,text-normalization-challenge-english-language,hard,2,0,2,0.0,full_self_report_available,text-normalization-challenge-english-language__9392f64ff1f84e9284c2dd8a154a7075,1,1.0,0.0,1,9.4,2,1122.0,1122.0,1.0,1.0
text-normalization-challenge-english-language__d28cf7a8f6e7407285f8890122923641,cards_senior_0808.jsonl:22,text-normalization-challenge-english-language,hard,2,0,2,0.0,full_self_report_complete,text-normalization-challenge-english-language__9392f64ff1f84e9284c2dd8a154a7075,1,1.0,0.0,1,9.4,2,1122.0,1122.0,1.0,1.0
text-normalization-challenge-english-language__d28cf7a8f6e7407285f8890122923641,cards_senior_0808.jsonl:22,text-normalization-challenge-english-language,hard,2,0,2,0.0,sub120_available,text-normalization-challenge-english-language__9392f64ff1f84e9284c2dd8a154a7075|text-normalization-challenge-english-language__a985c60513e94d3689ab07945cc0bbff,2,0.5,0.0010299999999999754,1.5,9.4,0,9.4,9.4,0.008377896613190732,0.008377896613190732
text-normalization-challenge-english-language__d28cf7a8f6e7407285f8890122923641,cards_senior_0808.jsonl:22,text-normalization-challenge-english-language,hard,2,0,2,0.0,artifact120_escalate_silent,text-normalization-challenge-english-language__9392f64ff1f84e9284c2dd8a154a7075,1,1.0,0.0,1,9.4,2,1131.4,891.4,1.0083778966131909,0.7944741532976827
text-normalization-challenge-russian-language__0cbe5ab914ed4c0084e137aff6c5aac2,cards_senior_0809.jsonl:23,text-normalization-challenge-russian-language,hard,2,0,2,0.0,random,text-normalization-challenge-russian-language__17aee59d02c4456da6f4c9f0a012608e|text-normalization-challenge-russian-language__ec66f21087014f2f9ef743b6d89534a2,2,0.5,0.0011900000000000244,1.5,9.2,0,0.0,0.0,0.0,0.0
text-normalization-challenge-russian-language__0cbe5ab914ed4c0084e137aff6c5aac2,cards_senior_0809.jsonl:23,text-normalization-challenge-russian-language,hard,2,0,2,0.0,full_external,text-normalization-challenge-russian-language__ec66f21087014f2f9ef743b6d89534a2,1,1.0,0.0,1,9.2,2,1122.0,1122.0,1.0,1.0
text-normalization-challenge-russian-language__0cbe5ab914ed4c0084e137aff6c5aac2,cards_senior_0809.jsonl:23,text-normalization-challenge-russian-language,hard,2,0,2,0.0,full_self_report_available,text-normalization-challenge-russian-language__ec66f21087014f2f9ef743b6d89534a2,1,1.0,0.0,1,9.2,2,1122.0,1122.0,1.0,1.0
text-normalization-challenge-russian-language__0cbe5ab914ed4c0084e137aff6c5aac2,cards_senior_0809.jsonl:23,text-normalization-challenge-russian-language,hard,2,0,2,0.0,full_self_report_complete,text-normalization-challenge-russian-language__ec66f21087014f2f9ef743b6d89534a2,1,1.0,0.0,1,9.2,2,1122.0,1122.0,1.0,1.0
text-normalization-challenge-russian-language__0cbe5ab914ed4c0084e137aff6c5aac2,cards_senior_0809.jsonl:23,text-normalization-challenge-russian-language,hard,2,0,2,0.0,sub120_available,text-normalization-challenge-russian-language__17aee59d02c4456da6f4c9f0a012608e|text-normalization-challenge-russian-language__ec66f21087014f2f9ef743b6d89534a2,2,0.5,0.0011900000000000244,1.5,9.2,0,9.2,9.2,0.00819964349376114,0.00819964349376114
text-normalization-challenge-russian-language__0cbe5ab914ed4c0084e137aff6c5aac2,cards_senior_0809.jsonl:23,text-normalization-challenge-russian-language,hard,2,0,2,0.0,artifact120_escalate_silent,text-normalization-challenge-russian-language__ec66f21087014f2f9ef743b6d89534a2,1,1.0,0.0,1,9.2,2,1131.2,891.2,1.0081996434937612,0.7942959001782531
text-normalization-challenge-russian-language__265714a90f6144db8d466aa8c461fab3,cards_senior_0809.jsonl:23,text-normalization-challenge-russian-language,hard,2,0,2,0.0,random,text-normalization-challenge-russian-language__12df4ee4a31c43728bf318e397db833e|text-normalization-challenge-russian-language__c31cc5384e6f4f609ece877427c14945,2,0.5,3.500000000000725e-05,1.5,11.5,0,0.0,0.0,0.0,0.0
text-normalization-challenge-russian-language__265714a90f6144db8d466aa8c461fab3,cards_senior_0809.jsonl:23,text-normalization-challenge-russian-language,hard,2,0,2,0.0,full_external,text-normalization-challenge-russian-language__c31cc5384e6f4f609ece877427c14945,1,1.0,0.0,1,11.5,2,1122.0,1122.0,1.0,1.0
text-normalization-challenge-russian-language__265714a90f6144db8d466aa8c461fab3,cards_senior_0809.jsonl:23,text-normalization-challenge-russian-language,hard,2,0,2,0.0,full_self_report_available,text-normalization-challenge-russian-language__c31cc5384e6f4f609ece877427c14945,1,1.0,0.0,1,11.5,2,1122.0,1122.0,1.0,1.0
text-normalization-challenge-russian-language__265714a90f6144db8d466aa8c461fab3,cards_senior_0809.jsonl:23,text-normalization-challenge-russian-language,hard,2,0,2,0.0,full_self_report_complete,text-normalization-challenge-russian-language__c31cc5384e6f4f609ece877427c14945,1,1.0,0.0,1,11.5,2,1122.0,1122.0,1.0,1.0
text-normalization-challenge-russian-language__265714a90f6144db8d466aa8c461fab3,cards_senior_0809.jsonl:23,text-normalization-challenge-russian-language,hard,2,0,2,0.0,sub120_available,text-normalization-challenge-russian-language__12df4ee4a31c43728bf318e397db833e|text-normalization-challenge-russian-language__c31cc5384e6f4f609ece877427c14945,2,0.5,3.500000000000725e-05,1.5,11.5,0,11.5,11.5,0.010249554367201427,0.010249554367201427
text-normalization-challenge-russian-language__265714a90f6144db8d466aa8c461fab3,cards_senior_0809.jsonl:23,text-normalization-challenge-russian-language,hard,2,0,2,0.0,artifact120_escalate_silent,text-normalization-challenge-russian-language__c31cc5384e6f4f609ece877427c14945,1,1.0,0.0,1,11.5,2,1133.5,893.5,1.0102495543672014,0.7963458110516934
text-normalization-challenge-russian-language__43dbfa889c46450da2f5fab7fcfec4da,cards_senior_0809.jsonl:23,text-normalization-challenge-russian-language,hard,2,0,2,0.0,random,text-normalization-challenge-russian-language__2fe66094d42742808d9a58b89318bbe2|text-normalization-challenge-russian-language__bb14510d97f9431b9d38af8c0c6ec464,2,0.5,0.00270999999999999,1.5,9.3,0,0.0,0.0,0.0,0.0
text-normalization-challenge-russian-language__43dbfa889c46450da2f5fab7fcfec4da,cards_senior_0809.jsonl:23,text-normalization-challenge-russian-language,hard,2,0,2,0.0,full_external,text-normalization-challenge-russian-language__2fe66094d42742808d9a58b89318bbe2,1,1.0,0.0,1,9.3,2,1122.0,1122.0,1.0,1.0
text-normalization-challenge-russian-language__43dbfa889c46450da2f5fab7fcfec4da,cards_senior_0809.jsonl:23,text-normalization-challenge-russian-language,hard,2,0,2,0.0,full_self_report_available,text-normalization-challenge-russian-language__2fe66094d42742808d9a58b89318bbe2,1,1.0,0.0,1,9.3,2,1122.0,1122.0,1.0,1.0
text-normalization-challenge-russian-language__43dbfa889c46450da2f5fab7fcfec4da,cards_senior_0809.jsonl:23,text-normalization-challenge-russian-language,hard,2,0,2,0.0,full_self_report_complete,text-normalization-challenge-russian-language__2fe66094d42742808d9a58b89318bbe2,1,1.0,0.0,1,9.3,2,1122.0,1122.0,1.0,1.0
text-normalization-challenge-russian-language__43dbfa889c46450da2f5fab7fcfec4da,cards_senior_0809.jsonl:23,text-normalization-challenge-russian-language,hard,2,0,2,0.0,sub120_available,text-normalization-challenge-russian-language__2fe66094d42742808d9a58b89318bbe2|text-normalization-challenge-russian-language__bb14510d97f9431b9d38af8c0c6ec464,2,0.5,0.00270999999999999,1.5,9.3,0,9.3,9.3,0.008288770053475936,0.008288770053475936
text-normalization-challenge-russian-language__43dbfa889c46450da2f5fab7fcfec4da,cards_senior_0809.jsonl:23,text-normalization-challenge-russian-language,hard,2,0,2,0.0,artifact120_escalate_silent,text-normalization-challenge-russian-language__2fe66094d42742808d9a58b89318bbe2,1,1.0,0.0,1,9.3,2,1131.3,891.3,1.008288770053476,0.7943850267379678
tweet-sentiment-extraction__5be644ad99144cb6b4497c8660eebaee,cards_senior_0808.jsonl:31,tweet-sentiment-extraction,easy,2,0,2,0.0,random,tweet-sentiment-extraction__8d8df13692c14f7db7597f2cad9346cf|tweet-sentiment-extraction__e1266dc1dbe04bbfb31bfcee508ffddd,2,0.5,0.01206000000000007,1.5,240.2,0,0.0,0.0,0.0,0.0
tweet-sentiment-extraction__5be644ad99144cb6b4497c8660eebaee,cards_senior_0808.jsonl:31,tweet-sentiment-extraction,easy,2,0,2,0.0,full_external,tweet-sentiment-extraction__e1266dc1dbe04bbfb31bfcee508ffddd,1,1.0,0.0,1,240.2,2,1122.0,1122.0,1.0,1.0
tweet-sentiment-extraction__5be644ad99144cb6b4497c8660eebaee,cards_senior_0808.jsonl:31,tweet-sentiment-extraction,easy,2,0,2,0.0,full_self_report_available,tweet-sentiment-extraction__e1266dc1dbe04bbfb31bfcee508ffddd,1,1.0,0.0,1,240.2,2,1122.0,1122.0,1.0,1.0
tweet-sentiment-extraction__5be644ad99144cb6b4497c8660eebaee,cards_senior_0808.jsonl:31,tweet-sentiment-extraction,easy,2,0,2,0.0,full_self_report_complete,tweet-sentiment-extraction__e1266dc1dbe04bbfb31bfcee508ffddd,1,1.0,0.0,1,240.2,2,1122.0,1122.0,1.0,1.0
tweet-sentiment-extraction__5be644ad99144cb6b4497c8660eebaee,cards_senior_0808.jsonl:31,tweet-sentiment-extraction,easy,2,0,2,0.0,sub120_available,tweet-sentiment-extraction__8d8df13692c14f7db7597f2cad9346cf|tweet-sentiment-extraction__e1266dc1dbe04bbfb31bfcee508ffddd,2,0.5,0.01206000000000007,1.5,240.2,0,240.2,240.2,0.2140819964349376,0.2140819964349376
tweet-sentiment-extraction__5be644ad99144cb6b4497c8660eebaee,cards_senior_0808.jsonl:31,tweet-sentiment-extraction,easy,2,0,2,0.0,artifact120_escalate_silent,tweet-sentiment-extraction__e1266dc1dbe04bbfb31bfcee508ffddd,1,1.0,0.0,1,240.2,2,1362.2,1122.2,1.2140819964349376,1.0001782531194296
tweet-sentiment-extraction__79b72c1b23df4f8db3284a62700da952,cards_senior_0806.jsonl:24,tweet-sentiment-extraction,hard,2,0,2,0.0,random,tweet-sentiment-extraction__46adc5e68d6b40dbb11b144b2641767b|tweet-sentiment-extraction__d680305409224abba779c433973d67ad,2,0.5,0.003155000000000019,1.5,240.3,0,0.0,0.0,0.0,0.0
tweet-sentiment-extraction__79b72c1b23df4f8db3284a62700da952,cards_senior_0806.jsonl:24,tweet-sentiment-extraction,hard,2,0,2,0.0,full_external,tweet-sentiment-extraction__46adc5e68d6b40dbb11b144b2641767b,1,1.0,0.0,1,240.3,2,1122.0,1122.0,1.0,1.0
tweet-sentiment-extraction__79b72c1b23df4f8db3284a62700da952,cards_senior_0806.jsonl:24,tweet-sentiment-extraction,hard,2,0,2,0.0,full_self_report_available,tweet-sentiment-extraction__46adc5e68d6b40dbb11b144b2641767b,1,1.0,0.0,1,240.3,2,1122.0,1122.0,1.0,1.0
tweet-sentiment-extraction__79b72c1b23df4f8db3284a62700da952,cards_senior_0806.jsonl:24,tweet-sentiment-extraction,hard,2,0,2,0.0,full_self_report_complete,tweet-sentiment-extraction__46adc5e68d6b40dbb11b144b2641767b,1,1.0,0.0,1,240.3,2,1122.0,1122.0,1.0,1.0
tweet-sentiment-extraction__79b72c1b23df4f8db3284a62700da952,cards_senior_0806.jsonl:24,tweet-sentiment-extraction,hard,2,0,2,0.0,sub120_available,tweet-sentiment-extraction__46adc5e68d6b40dbb11b144b2641767b|tweet-sentiment-extraction__d680305409224abba779c433973d67ad,2,0.5,0.003155000000000019,1.5,240.3,0,240.3,240.3,0.2141711229946524,0.2141711229946524
tweet-sentiment-extraction__79b72c1b23df4f8db3284a62700da952,cards_senior_0806.jsonl:24,tweet-sentiment-extraction,hard,2,0,2,0.0,artifact120_escalate_silent,tweet-sentiment-extraction__46adc5e68d6b40dbb11b144b2641767b,1,1.0,0.0,1,240.3,2,1362.3,1122.3,1.2141711229946524,1.0002673796791444
tweet-sentiment-extraction__8e67290c9fd54dba997e3b505c195ccd,cards_senior_0808.jsonl:31,tweet-sentiment-extraction,hard,2,0,2,0.0,random,tweet-sentiment-extraction__ba991b0a79ab4c0b891f8b9d0a51596b|tweet-sentiment-extraction__ebc3354908f34e22a46f39eedfe14ff7,2,0.5,0.004805000000000059,1.5,240.2,0,0.0,0.0,0.0,0.0
tweet-sentiment-extraction__8e67290c9fd54dba997e3b505c195ccd,cards_senior_0808.jsonl:31,tweet-sentiment-extraction,hard,2,0,2,0.0,full_external,tweet-sentiment-extraction__ba991b0a79ab4c0b891f8b9d0a51596b,1,1.0,0.0,1,240.2,2,1122.0,1122.0,1.0,1.0
tweet-sentiment-extraction__8e67290c9fd54dba997e3b505c195ccd,cards_senior_0808.jsonl:31,tweet-sentiment-extraction,hard,2,0,2,0.0,full_self_report_available,tweet-sentiment-extraction__ba991b0a79ab4c0b891f8b9d0a51596b,1,1.0,0.0,1,240.2,2,1122.0,1122.0,1.0,1.0
tweet-sentiment-extraction__8e67290c9fd54dba997e3b505c195ccd,cards_senior_0808.jsonl:31,tweet-sentiment-extraction,hard,2,0,2,0.0,full_self_report_complete,tweet-sentiment-extraction__ba991b0a79ab4c0b891f8b9d0a51596b,1,1.0,0.0,1,240.2,2,1122.0,1122.0,1.0,1.0
tweet-sentiment-extraction__8e67290c9fd54dba997e3b505c195ccd,cards_senior_0808.jsonl:31,tweet-sentiment-extraction,hard,2,0,2,0.0,sub120_available,tweet-sentiment-extraction__ba991b0a79ab4c0b891f8b9d0a51596b|tweet-sentiment-extraction__ebc3354908f34e22a46f39eedfe14ff7,2,0.5,0.004805000000000059,1.5,240.2,0,240.2,240.2,0.2140819964349376,0.2140819964349376
tweet-sentiment-extraction__8e67290c9fd54dba997e3b505c195ccd,cards_senior_0808.jsonl:31,tweet-sentiment-extraction,hard,2,0,2,0.0,artifact120_escalate_silent,tweet-sentiment-extraction__ba991b0a79ab4c0b891f8b9d0a51596b,1,1.0,0.0,1,240.2,2,1362.2,1122.2,1.2140819964349376,1.0001782531194296
tweet-sentiment-extraction__d1885b0e987f42cdb76500c3050dc204,cards_senior_0808.jsonl:31,tweet-sentiment-extraction,easy,2,0,2,0.0,random,tweet-sentiment-extraction__ca1e8db2630c463c9f5cec8ec4372e82|tweet-sentiment-extraction__f6c40c870e6a4745a99c42726964c10f,2,0.5,0.02022999999999997,1.5,240.2,0,0.0,0.0,0.0,0.0
tweet-sentiment-extraction__d1885b0e987f42cdb76500c3050dc204,cards_senior_0808.jsonl:31,tweet-sentiment-extraction,easy,2,0,2,0.0,full_external,tweet-sentiment-extraction__f6c40c870e6a4745a99c42726964c10f,1,1.0,0.0,1,240.2,2,1122.0,1122.0,1.0,1.0
tweet-sentiment-extraction__d1885b0e987f42cdb76500c3050dc204,cards_senior_0808.jsonl:31,tweet-sentiment-extraction,easy,2,0,2,0.0,full_self_report_available,tweet-sentiment-extraction__f6c40c870e6a4745a99c42726964c10f,1,1.0,0.0,1,240.2,2,1122.0,1122.0,1.0,1.0
tweet-sentiment-extraction__d1885b0e987f42cdb76500c3050dc204,cards_senior_0808.jsonl:31,tweet-sentiment-extraction,easy,2,0,2,0.0,full_self_report_complete,tweet-sentiment-extraction__f6c40c870e6a4745a99c42726964c10f,1,1.0,0.0,1,240.2,2,1122.0,1122.0,1.0,1.0
tweet-sentiment-extraction__d1885b0e987f42cdb76500c3050dc204,cards_senior_0808.jsonl:31,tweet-sentiment-extraction,easy,2,0,2,0.0,sub120_available,tweet-sentiment-extraction__ca1e8db2630c463c9f5cec8ec4372e82|tweet-sentiment-extraction__f6c40c870e6a4745a99c42726964c10f,2,0.5,0.02022999999999997,1.5,240.2,0,240.2,240.2,0.2140819964349376,0.2140819964349376
tweet-sentiment-extraction__d1885b0e987f42cdb76500c3050dc204,cards_senior_0808.jsonl:31,tweet-sentiment-extraction,easy,2,0,2,0.0,artifact120_escalate_silent,tweet-sentiment-extraction__f6c40c870e6a4745a99c42726964c10f,1,1.0,0.0,1,240.2,2,1362.2,1122.2,1.2140819964349376,1.0001782531194296
tweet-sentiment-extraction__e3a6b0cbf8c442d29c34bfeed357e7b9,cards_ours_20260727.jsonl:78,tweet-sentiment-extraction,easy,2,0,2,0.0,random,tweet-sentiment-extraction__0a0cc958b101410bb78c7b4aa2e35de7|tweet-sentiment-extraction__e81936fc2667464d8c5cb91c12c2dae1,2,0.5,0.020484999999999975,1.5,240.4,0,0.0,0.0,0.0,0.0
tweet-sentiment-extraction__e3a6b0cbf8c442d29c34bfeed357e7b9,cards_ours_20260727.jsonl:78,tweet-sentiment-extraction,easy,2,0,2,0.0,full_external,tweet-sentiment-extraction__e81936fc2667464d8c5cb91c12c2dae1,1,1.0,0.0,1,240.4,2,1122.0,1122.0,1.0,1.0
tweet-sentiment-extraction__e3a6b0cbf8c442d29c34bfeed357e7b9,cards_ours_20260727.jsonl:78,tweet-sentiment-extraction,easy,2,0,2,0.0,full_self_report_available,tweet-sentiment-extraction__e81936fc2667464d8c5cb91c12c2dae1,1,1.0,0.0,1,240.4,2,1122.0,1122.0,1.0,1.0
tweet-sentiment-extraction__e3a6b0cbf8c442d29c34bfeed357e7b9,cards_ours_20260727.jsonl:78,tweet-sentiment-extraction,easy,2,0,2,0.0,full_self_report_complete,tweet-sentiment-extraction__e81936fc2667464d8c5cb91c12c2dae1,1,1.0,0.0,1,240.4,2,1122.0,1122.0,1.0,1.0
tweet-sentiment-extraction__e3a6b0cbf8c442d29c34bfeed357e7b9,cards_ours_20260727.jsonl:78,tweet-sentiment-extraction,easy,2,0,2,0.0,sub120_available,tweet-sentiment-extraction__0a0cc958b101410bb78c7b4aa2e35de7|tweet-sentiment-extraction__e81936fc2667464d8c5cb91c12c2dae1,2,0.5,0.020484999999999975,1.5,240.4,0,240.4,240.4,0.2142602495543672,0.2142602495543672
tweet-sentiment-extraction__e3a6b0cbf8c442d29c34bfeed357e7b9,cards_ours_20260727.jsonl:78,tweet-sentiment-extraction,easy,2,0,2,0.0,artifact120_escalate_silent,tweet-sentiment-extraction__e81936fc2667464d8c5cb91c12c2dae1,1,1.0,0.0,1,240.4,2,1362.4,1122.4,1.2142602495543673,1.0003565062388593
tweet-sentiment-extraction__f4ea2d18e2ab4322a42cebfe171dd8f0,cards_senior_0806.jsonl:24,tweet-sentiment-extraction,hard,2,0,2,0.0,random,tweet-sentiment-extraction__2dd226e419444bda9332f9335227453b|tweet-sentiment-extraction__682d524e66a341aeaea1f6bfc8e79e3f,2,0.5,0.0021499999999999853,1.5,240.3,0,0.0,0.0,0.0,0.0
tweet-sentiment-extraction__f4ea2d18e2ab4322a42cebfe171dd8f0,cards_senior_0806.jsonl:24,tweet-sentiment-extraction,hard,2,0,2,0.0,full_external,tweet-sentiment-extraction__2dd226e419444bda9332f9335227453b,1,1.0,0.0,1,240.3,2,1122.0,1122.0,1.0,1.0
tweet-sentiment-extraction__f4ea2d18e2ab4322a42cebfe171dd8f0,cards_senior_0806.jsonl:24,tweet-sentiment-extraction,hard,2,0,2,0.0,full_self_report_available,tweet-sentiment-extraction__2dd226e419444bda9332f9335227453b,1,1.0,0.0,1,240.3,2,1122.0,1122.0,1.0,1.0
tweet-sentiment-extraction__f4ea2d18e2ab4322a42cebfe171dd8f0,cards_senior_0806.jsonl:24,tweet-sentiment-extraction,hard,2,0,2,0.0,full_self_report_complete,tweet-sentiment-extraction__2dd226e419444bda9332f9335227453b,1,1.0,0.0,1,240.3,2,1122.0,1122.0,1.0,1.0
tweet-sentiment-extraction__f4ea2d18e2ab4322a42cebfe171dd8f0,cards_senior_0806.jsonl:24,tweet-sentiment-extraction,hard,2,0,2,0.0,sub120_available,tweet-sentiment-extraction__2dd226e419444bda9332f9335227453b|tweet-sentiment-extraction__682d524e66a341aeaea1f6bfc8e79e3f,2,0.5,0.0021499999999999853,1.5,240.3,0,240.3,240.3,0.2141711229946524,0.2141711229946524
tweet-sentiment-extraction__f4ea2d18e2ab4322a42cebfe171dd8f0,cards_senior_0806.jsonl:24,tweet-sentiment-extraction,hard,2,0,2,0.0,artifact120_escalate_silent,tweet-sentiment-extraction__2dd226e419444bda9332f9335227453b,1,1.0,0.0,1,240.3,2,1362.3,1122.3,1.2141711229946524,1.0002673796791444
us-patent-phrase-to-phrase-matching__3bd04fbd77e74e74a15e216bba7cb7f2,cards_senior_0809.jsonl:0,us-patent-phrase-to-phrase-matching,easy,2,0,2,0.0,random,us-patent-phrase-to-phrase-matching__1c4488edb7d64655b66855bb93bf1e8b|us-patent-phrase-to-phrase-matching__62f7f6d4c93243f8b5cfb6c826567d0e,2,0.5,0.22229500000000002,1.5,240.2,0,0.0,0.0,0.0,0.0
us-patent-phrase-to-phrase-matching__3bd04fbd77e74e74a15e216bba7cb7f2,cards_senior_0809.jsonl:0,us-patent-phrase-to-phrase-matching,easy,2,0,2,0.0,full_external,us-patent-phrase-to-phrase-matching__62f7f6d4c93243f8b5cfb6c826567d0e,1,1.0,0.0,1,240.2,2,1122.0,1122.0,1.0,1.0
us-patent-phrase-to-phrase-matching__3bd04fbd77e74e74a15e216bba7cb7f2,cards_senior_0809.jsonl:0,us-patent-phrase-to-phrase-matching,easy,2,0,2,0.0,full_self_report_available,us-patent-phrase-to-phrase-matching__62f7f6d4c93243f8b5cfb6c826567d0e,1,1.0,0.0,1,240.2,2,1122.0,1122.0,1.0,1.0
us-patent-phrase-to-phrase-matching__3bd04fbd77e74e74a15e216bba7cb7f2,cards_senior_0809.jsonl:0,us-patent-phrase-to-phrase-matching,easy,2,0,2,0.0,full_self_report_complete,us-patent-phrase-to-phrase-matching__62f7f6d4c93243f8b5cfb6c826567d0e,1,1.0,0.0,1,240.2,2,1122.0,1122.0,1.0,1.0
us-patent-phrase-to-phrase-matching__3bd04fbd77e74e74a15e216bba7cb7f2,cards_senior_0809.jsonl:0,us-patent-phrase-to-phrase-matching,easy,2,0,2,0.0,sub120_available,us-patent-phrase-to-phrase-matching__1c4488edb7d64655b66855bb93bf1e8b|us-patent-phrase-to-phrase-matching__62f7f6d4c93243f8b5cfb6c826567d0e,2,0.5,0.22229500000000002,1.5,240.2,0,240.2,240.2,0.2140819964349376,0.2140819964349376
us-patent-phrase-to-phrase-matching__3bd04fbd77e74e74a15e216bba7cb7f2,cards_senior_0809.jsonl:0,us-patent-phrase-to-phrase-matching,easy,2,0,2,0.0,artifact120_escalate_silent,us-patent-phrase-to-phrase-matching__62f7f6d4c93243f8b5cfb6c826567d0e,1,1.0,0.0,1,240.2,2,1362.2,1122.2,1.2140819964349376,1.0001782531194296
us-patent-phrase-to-phrase-matching__3c22a06bf2df41b8a3919319aec84af6,cards_senior_0809.jsonl:0,us-patent-phrase-to-phrase-matching,easy,2,0,2,0.0,random,us-patent-phrase-to-phrase-matching__377975af886d4537bf3642d36be325b8|us-patent-phrase-to-phrase-matching__48b67d035f0442d0893e85642d0c5c70,2,0.5,0.017005000000000048,1.5,240.2,0,0.0,0.0,0.0,0.0
us-patent-phrase-to-phrase-matching__3c22a06bf2df41b8a3919319aec84af6,cards_senior_0809.jsonl:0,us-patent-phrase-to-phrase-matching,easy,2,0,2,0.0,full_external,us-patent-phrase-to-phrase-matching__48b67d035f0442d0893e85642d0c5c70,1,1.0,0.0,1,240.2,2,1122.0,1122.0,1.0,1.0
us-patent-phrase-to-phrase-matching__3c22a06bf2df41b8a3919319aec84af6,cards_senior_0809.jsonl:0,us-patent-phrase-to-phrase-matching,easy,2,0,2,0.0,full_self_report_available,us-patent-phrase-to-phrase-matching__48b67d035f0442d0893e85642d0c5c70,1,1.0,0.0,1,240.2,2,1122.0,1122.0,1.0,1.0
us-patent-phrase-to-phrase-matching__3c22a06bf2df41b8a3919319aec84af6,cards_senior_0809.jsonl:0,us-patent-phrase-to-phrase-matching,easy,2,0,2,0.0,full_self_report_complete,us-patent-phrase-to-phrase-matching__48b67d035f0442d0893e85642d0c5c70,1,1.0,0.0,1,240.2,2,1122.0,1122.0,1.0,1.0
us-patent-phrase-to-phrase-matching__3c22a06bf2df41b8a3919319aec84af6,cards_senior_0809.jsonl:0,us-patent-phrase-to-phrase-matching,easy,2,0,2,0.0,sub120_available,us-patent-phrase-to-phrase-matching__377975af886d4537bf3642d36be325b8|us-patent-phrase-to-phrase-matching__48b67d035f0442d0893e85642d0c5c70,2,0.5,0.017005000000000048,1.5,240.2,0,240.2,240.2,0.2140819964349376,0.2140819964349376
us-patent-phrase-to-phrase-matching__3c22a06bf2df41b8a3919319aec84af6,cards_senior_0809.jsonl:0,us-patent-phrase-to-phrase-matching,easy,2,0,2,0.0,artifact120_escalate_silent,us-patent-phrase-to-phrase-matching__48b67d035f0442d0893e85642d0c5c70,1,1.0,0.0,1,240.2,2,1362.2,1122.2,1.2140819964349376,1.0001782531194296
us-patent-phrase-to-phrase-matching__586121ab64c04adcbd5d9cddd9a8797a,cards_senior_0809.jsonl:3,us-patent-phrase-to-phrase-matching,hard,2,0,2,0.0,random,us-patent-phrase-to-phrase-matching__4d490c1fd354424590af4de01f88d37e|us-patent-phrase-to-phrase-matching__de37da6839394cd6b7b11d20cb6c5fa0,2,0.5,0.0007150000000000212,1.5,241.0,0,0.0,0.0,0.0,0.0
us-patent-phrase-to-phrase-matching__586121ab64c04adcbd5d9cddd9a8797a,cards_senior_0809.jsonl:3,us-patent-phrase-to-phrase-matching,hard,2,0,2,0.0,full_external,us-patent-phrase-to-phrase-matching__de37da6839394cd6b7b11d20cb6c5fa0,1,1.0,0.0,1,241.0,2,1122.0,1122.0,1.0,1.0
us-patent-phrase-to-phrase-matching__586121ab64c04adcbd5d9cddd9a8797a,cards_senior_0809.jsonl:3,us-patent-phrase-to-phrase-matching,hard,2,0,2,0.0,full_self_report_available,us-patent-phrase-to-phrase-matching__de37da6839394cd6b7b11d20cb6c5fa0,1,1.0,0.0,1,241.0,2,1122.0,1122.0,1.0,1.0
us-patent-phrase-to-phrase-matching__586121ab64c04adcbd5d9cddd9a8797a,cards_senior_0809.jsonl:3,us-patent-phrase-to-phrase-matching,hard,2,0,2,0.0,full_self_report_complete,us-patent-phrase-to-phrase-matching__de37da6839394cd6b7b11d20cb6c5fa0,1,1.0,0.0,1,241.0,2,1122.0,1122.0,1.0,1.0
us-patent-phrase-to-phrase-matching__586121ab64c04adcbd5d9cddd9a8797a,cards_senior_0809.jsonl:3,us-patent-phrase-to-phrase-matching,hard,2,0,2,0.0,sub120_available,us-patent-phrase-to-phrase-matching__4d490c1fd354424590af4de01f88d37e|us-patent-phrase-to-phrase-matching__de37da6839394cd6b7b11d20cb6c5fa0,2,0.5,0.0007150000000000212,1.5,241.0,0,241.0,241.0,0.21479500891265596,0.21479500891265596
us-patent-phrase-to-phrase-matching__586121ab64c04adcbd5d9cddd9a8797a,cards_senior_0809.jsonl:3,us-patent-phrase-to-phrase-matching,hard,2,0,2,0.0,artifact120_escalate_silent,us-patent-phrase-to-phrase-matching__de37da6839394cd6b7b11d20cb6c5fa0,1,1.0,0.0,1,241.0,2,1363.0,1123.0,1.214795008912656,1.000891265597148
us-patent-phrase-to-phrase-matching__63a3ae986af04fbe8e877559ccbcee05,cards_senior_0809.jsonl:0,us-patent-phrase-to-phrase-matching,hard,2,0,2,0.0,random,us-patent-phrase-to-phrase-matching__8a679e73b8e347bab4c5736235428580|us-patent-phrase-to-phrase-matching__e6c01b00731d4e28a6061eb7473253d0,2,0.5,0.002869999999999928,1.5,240.2,0,0.0,0.0,0.0,0.0
us-patent-phrase-to-phrase-matching__63a3ae986af04fbe8e877559ccbcee05,cards_senior_0809.jsonl:0,us-patent-phrase-to-phrase-matching,hard,2,0,2,0.0,full_external,us-patent-phrase-to-phrase-matching__8a679e73b8e347bab4c5736235428580,1,1.0,0.0,1,240.2,2,1122.0,1122.0,1.0,1.0
us-patent-phrase-to-phrase-matching__63a3ae986af04fbe8e877559ccbcee05,cards_senior_0809.jsonl:0,us-patent-phrase-to-phrase-matching,hard,2,0,2,0.0,full_self_report_available,us-patent-phrase-to-phrase-matching__8a679e73b8e347bab4c5736235428580,1,1.0,0.0,1,240.2,2,1122.0,1122.0,1.0,1.0
us-patent-phrase-to-phrase-matching__63a3ae986af04fbe8e877559ccbcee05,cards_senior_0809.jsonl:0,us-patent-phrase-to-phrase-matching,hard,2,0,2,0.0,full_self_report_complete,us-patent-phrase-to-phrase-matching__8a679e73b8e347bab4c5736235428580,1,1.0,0.0,1,240.2,2,1122.0,1122.0,1.0,1.0
us-patent-phrase-to-phrase-matching__63a3ae986af04fbe8e877559ccbcee05,cards_senior_0809.jsonl:0,us-patent-phrase-to-phrase-matching,hard,2,0,2,0.0,sub120_available,us-patent-phrase-to-phrase-matching__8a679e73b8e347bab4c5736235428580|us-patent-phrase-to-phrase-matching__e6c01b00731d4e28a6061eb7473253d0,2,0.5,0.002869999999999928,1.5,240.2,0,240.2,240.2,0.2140819964349376,0.2140819964349376
us-patent-phrase-to-phrase-matching__63a3ae986af04fbe8e877559ccbcee05,cards_senior_0809.jsonl:0,us-patent-phrase-to-phrase-matching,hard,2,0,2,0.0,artifact120_escalate_silent,us-patent-phrase-to-phrase-matching__8a679e73b8e347bab4c5736235428580,1,1.0,0.0,1,240.2,2,1362.2,1122.2,1.2140819964349376,1.0001782531194296
us-patent-phrase-to-phrase-matching__c7e9f7619a9e4910bb26a158a66a6cee,cards_senior_0809.jsonl:0,us-patent-phrase-to-phrase-matching,easy,2,0,2,0.0,random,us-patent-phrase-to-phrase-matching__0094c655584a4efebad270ab7be4a2d1|us-patent-phrase-to-phrase-matching__7a13b994f5a24f8582ee2ac810a6d9df,2,0.5,0.01544000000000001,1.5,240.2,0,0.0,0.0,0.0,0.0
us-patent-phrase-to-phrase-matching__c7e9f7619a9e4910bb26a158a66a6cee,cards_senior_0809.jsonl:0,us-patent-phrase-to-phrase-matching,easy,2,0,2,0.0,full_external,us-patent-phrase-to-phrase-matching__7a13b994f5a24f8582ee2ac810a6d9df,1,1.0,0.0,1,240.2,2,1122.0,1122.0,1.0,1.0
us-patent-phrase-to-phrase-matching__c7e9f7619a9e4910bb26a158a66a6cee,cards_senior_0809.jsonl:0,us-patent-phrase-to-phrase-matching,easy,2,0,2,0.0,full_self_report_available,us-patent-phrase-to-phrase-matching__7a13b994f5a24f8582ee2ac810a6d9df,1,1.0,0.0,1,240.2,2,1122.0,1122.0,1.0,1.0
us-patent-phrase-to-phrase-matching__c7e9f7619a9e4910bb26a158a66a6cee,cards_senior_0809.jsonl:0,us-patent-phrase-to-phrase-matching,easy,2,0,2,0.0,full_self_report_complete,us-patent-phrase-to-phrase-matching__7a13b994f5a24f8582ee2ac810a6d9df,1,1.0,0.0,1,240.2,2,1122.0,1122.0,1.0,1.0
us-patent-phrase-to-phrase-matching__c7e9f7619a9e4910bb26a158a66a6cee,cards_senior_0809.jsonl:0,us-patent-phrase-to-phrase-matching,easy,2,0,2,0.0,sub120_available,us-patent-phrase-to-phrase-matching__0094c655584a4efebad270ab7be4a2d1|us-patent-phrase-to-phrase-matching__7a13b994f5a24f8582ee2ac810a6d9df,2,0.5,0.01544000000000001,1.5,240.2,0,240.2,240.2,0.2140819964349376,0.2140819964349376
us-patent-phrase-to-phrase-matching__c7e9f7619a9e4910bb26a158a66a6cee,cards_senior_0809.jsonl:0,us-patent-phrase-to-phrase-matching,easy,2,0,2,0.0,artifact120_escalate_silent,us-patent-phrase-to-phrase-matching__7a13b994f5a24f8582ee2ac810a6d9df,1,1.0,0.0,1,240.2,2,1362.2,1122.2,1.2140819964349376,1.0001782531194296
us-patent-phrase-to-phrase-matching__f84b487d869444eeb86d22a584ec13f8,cards_senior_0809.jsonl:0,us-patent-phrase-to-phrase-matching,hard,2,0,2,0.0,random,us-patent-phrase-to-phrase-matching__3c22a06bf2df41b8a3919319aec84af6|us-patent-phrase-to-phrase-matching__5a4a8e6b293441ce96f5f0545568af76,2,0.5,0.0008499999999999064,1.5,240.2,0,0.0,0.0,0.0,0.0
us-patent-phrase-to-phrase-matching__f84b487d869444eeb86d22a584ec13f8,cards_senior_0809.jsonl:0,us-patent-phrase-to-phrase-matching,hard,2,0,2,0.0,full_external,us-patent-phrase-to-phrase-matching__5a4a8e6b293441ce96f5f0545568af76,1,1.0,0.0,1,240.2,2,1122.0,1122.0,1.0,1.0
us-patent-phrase-to-phrase-matching__f84b487d869444eeb86d22a584ec13f8,cards_senior_0809.jsonl:0,us-patent-phrase-to-phrase-matching,hard,2,0,2,0.0,full_self_report_available,us-patent-phrase-to-phrase-matching__3c22a06bf2df41b8a3919319aec84af6,1,0.0,0.0016999999999999238,2,240.2,2,1122.0,1122.0,1.0,1.0
us-patent-phrase-to-phrase-matching__f84b487d869444eeb86d22a584ec13f8,cards_senior_0809.jsonl:0,us-patent-phrase-to-phrase-matching,hard,2,0,2,0.0,full_self_report_complete,us-patent-phrase-to-phrase-matching__3c22a06bf2df41b8a3919319aec84af6,1,0.0,0.0016999999999999238,2,240.2,2,1122.0,1122.0,1.0,1.0
us-patent-phrase-to-phrase-matching__f84b487d869444eeb86d22a584ec13f8,cards_senior_0809.jsonl:0,us-patent-phrase-to-phrase-matching,hard,2,0,2,0.0,sub120_available,us-patent-phrase-to-phrase-matching__3c22a06bf2df41b8a3919319aec84af6|us-patent-phrase-to-phrase-matching__5a4a8e6b293441ce96f5f0545568af76,2,0.5,0.0008499999999999064,1.5,240.2,0,240.2,240.2,0.2140819964349376,0.2140819964349376
us-patent-phrase-to-phrase-matching__f84b487d869444eeb86d22a584ec13f8,cards_senior_0809.jsonl:0,us-patent-phrase-to-phrase-matching,hard,2,0,2,0.0,artifact120_escalate_silent,us-patent-phrase-to-phrase-matching__5a4a8e6b293441ce96f5f0545568af76,1,1.0,0.0,1,240.2,2,1362.2,1122.2,1.2140819964349376,1.0001782531194296
whale-categorization-playground__4357df5db0134f668959aefa0ee73ba6,cards_senior_0808.jsonl:4,whale-categorization-playground,easy,2,2,0,1.0,random,whale-categorization-playground__1eed9a1d3c2744ffbd658019805310aa|whale-categorization-playground__4640830dea044d49866b722d18ca4db8,2,0.5,0.01075000000000001,1.5,160.7,0,0.0,0.0,0.0,0.0
whale-categorization-playground__4357df5db0134f668959aefa0ee73ba6,cards_senior_0808.jsonl:4,whale-categorization-playground,easy,2,2,0,1.0,full_external,whale-categorization-playground__4640830dea044d49866b722d18ca4db8,1,1.0,0.0,1,160.7,2,1122.0,1122.0,1.0,1.0
whale-categorization-playground__4357df5db0134f668959aefa0ee73ba6,cards_senior_0808.jsonl:4,whale-categorization-playground,easy,2,2,0,1.0,full_self_report_available,whale-categorization-playground__1eed9a1d3c2744ffbd658019805310aa,1,0.0,0.02149999999999999,2,160.7,2,1122.0,1122.0,1.0,1.0
whale-categorization-playground__4357df5db0134f668959aefa0ee73ba6,cards_senior_0808.jsonl:4,whale-categorization-playground,easy,2,2,0,1.0,full_self_report_complete,whale-categorization-playground__1eed9a1d3c2744ffbd658019805310aa,1,0.0,0.02149999999999999,2,160.7,2,1122.0,1122.0,1.0,1.0
whale-categorization-playground__4357df5db0134f668959aefa0ee73ba6,cards_senior_0808.jsonl:4,whale-categorization-playground,easy,2,2,0,1.0,sub120_available,whale-categorization-playground__4640830dea044d49866b722d18ca4db8,1,1.0,0.0,1,160.7,0,160.7,160.7,0.14322638146167557,0.14322638146167557
whale-categorization-playground__4357df5db0134f668959aefa0ee73ba6,cards_senior_0808.jsonl:4,whale-categorization-playground,easy,2,2,0,1.0,artifact120_escalate_silent,whale-categorization-playground__4640830dea044d49866b722d18ca4db8,1,1.0,0.0,1,160.7,0,160.7,160.7,0.14322638146167557,0.14322638146167557
whale-categorization-playground__54180eeefe9d4b4ba451c22272e8596d,cards_senior_0808.jsonl:4,whale-categorization-playground,hard,2,2,0,1.0,random,whale-categorization-playground__1993f9bcf0ee4bfeaaea9a7034c8e08e|whale-categorization-playground__810bfcc7bb3a44d396a6056bb651d30f,2,0.5,0.002475000000000005,1.5,202.5,0,0.0,0.0,0.0,0.0
whale-categorization-playground__54180eeefe9d4b4ba451c22272e8596d,cards_senior_0808.jsonl:4,whale-categorization-playground,hard,2,2,0,1.0,full_external,whale-categorization-playground__1993f9bcf0ee4bfeaaea9a7034c8e08e,1,1.0,0.0,1,202.5,2,1122.0,1122.0,1.0,1.0
whale-categorization-playground__54180eeefe9d4b4ba451c22272e8596d,cards_senior_0808.jsonl:4,whale-categorization-playground,hard,2,2,0,1.0,full_self_report_available,whale-categorization-playground__1993f9bcf0ee4bfeaaea9a7034c8e08e,1,1.0,0.0,1,202.5,2,1122.0,1122.0,1.0,1.0
whale-categorization-playground__54180eeefe9d4b4ba451c22272e8596d,cards_senior_0808.jsonl:4,whale-categorization-playground,hard,2,2,0,1.0,full_self_report_complete,whale-categorization-playground__1993f9bcf0ee4bfeaaea9a7034c8e08e,1,1.0,0.0,1,202.5,2,1122.0,1122.0,1.0,1.0
whale-categorization-playground__54180eeefe9d4b4ba451c22272e8596d,cards_senior_0808.jsonl:4,whale-categorization-playground,hard,2,2,0,1.0,sub120_available,whale-categorization-playground__1993f9bcf0ee4bfeaaea9a7034c8e08e,1,1.0,0.0,1,202.5,0,202.5,202.5,0.1804812834224599,0.1804812834224599
whale-categorization-playground__54180eeefe9d4b4ba451c22272e8596d,cards_senior_0808.jsonl:4,whale-categorization-playground,hard,2,2,0,1.0,artifact120_escalate_silent,whale-categorization-playground__1993f9bcf0ee4bfeaaea9a7034c8e08e,1,1.0,0.0,1,202.5,0,202.5,202.5,0.1804812834224599,0.1804812834224599
whale-categorization-playground__714dd2f45fce42b3bfb1cb7cfc627ac9,cards_senior_0808.jsonl:4,whale-categorization-playground,hard,2,2,0,1.0,random,whale-categorization-playground__4357df5db0134f668959aefa0ee73ba6|whale-categorization-playground__526ebe6d24d44d8f93c8e506236ec587,2,0.5,0.0018400000000000083,1.5,98.4,0,0.0,0.0,0.0,0.0
whale-categorization-playground__714dd2f45fce42b3bfb1cb7cfc627ac9,cards_senior_0808.jsonl:4,whale-categorization-playground,hard,2,2,0,1.0,full_external,whale-categorization-playground__526ebe6d24d44d8f93c8e506236ec587,1,1.0,0.0,1,98.4,2,1122.0,1122.0,1.0,1.0
whale-categorization-playground__714dd2f45fce42b3bfb1cb7cfc627ac9,cards_senior_0808.jsonl:4,whale-categorization-playground,hard,2,2,0,1.0,full_self_report_available,whale-categorization-playground__526ebe6d24d44d8f93c8e506236ec587,1,1.0,0.0,1,98.4,2,1122.0,1122.0,1.0,1.0
whale-categorization-playground__714dd2f45fce42b3bfb1cb7cfc627ac9,cards_senior_0808.jsonl:4,whale-categorization-playground,hard,2,2,0,1.0,full_self_report_complete,whale-categorization-playground__526ebe6d24d44d8f93c8e506236ec587,1,1.0,0.0,1,98.4,2,1122.0,1122.0,1.0,1.0
whale-categorization-playground__714dd2f45fce42b3bfb1cb7cfc627ac9,cards_senior_0808.jsonl:4,whale-categorization-playground,hard,2,2,0,1.0,sub120_available,whale-categorization-playground__526ebe6d24d44d8f93c8e506236ec587,1,1.0,0.0,1,98.4,0,98.4,98.4,0.0877005347593583,0.0877005347593583
whale-categorization-playground__714dd2f45fce42b3bfb1cb7cfc627ac9,cards_senior_0808.jsonl:4,whale-categorization-playground,hard,2,2,0,1.0,artifact120_escalate_silent,whale-categorization-playground__526ebe6d24d44d8f93c8e506236ec587,1,1.0,0.0,1,98.4,0,98.4,98.4,0.0877005347593583,0.0877005347593583
whale-categorization-playground__7ce3e536c1e049afa5f3d5e768c58615,cards_senior_0808.jsonl:4,whale-categorization-playground,easy,2,2,0,1.0,random,whale-categorization-playground__1e0523c9f023474d8c2ff0f41e3c9969|whale-categorization-playground__45dc507077d5444c9dca3ab6d8e46b79,2,0.5,0.006724999999999981,1.5,171.9,0,0.0,0.0,0.0,0.0
whale-categorization-playground__7ce3e536c1e049afa5f3d5e768c58615,cards_senior_0808.jsonl:4,whale-categorization-playground,easy,2,2,0,1.0,full_external,whale-categorization-playground__1e0523c9f023474d8c2ff0f41e3c9969,1,1.0,0.0,1,171.9,2,1122.0,1122.0,1.0,1.0
whale-categorization-playground__7ce3e536c1e049afa5f3d5e768c58615,cards_senior_0808.jsonl:4,whale-categorization-playground,easy,2,2,0,1.0,full_self_report_available,whale-categorization-playground__1e0523c9f023474d8c2ff0f41e3c9969,1,1.0,0.0,1,171.9,2,1122.0,1122.0,1.0,1.0
whale-categorization-playground__7ce3e536c1e049afa5f3d5e768c58615,cards_senior_0808.jsonl:4,whale-categorization-playground,easy,2,2,0,1.0,full_self_report_complete,whale-categorization-playground__1e0523c9f023474d8c2ff0f41e3c9969,1,1.0,0.0,1,171.9,2,1122.0,1122.0,1.0,1.0
whale-categorization-playground__7ce3e536c1e049afa5f3d5e768c58615,cards_senior_0808.jsonl:4,whale-categorization-playground,easy,2,2,0,1.0,sub120_available,whale-categorization-playground__1e0523c9f023474d8c2ff0f41e3c9969,1,1.0,0.0,1,171.9,0,171.9,171.9,0.15320855614973264,0.15320855614973264
whale-categorization-playground__7ce3e536c1e049afa5f3d5e768c58615,cards_senior_0808.jsonl:4,whale-categorization-playground,easy,2,2,0,1.0,artifact120_escalate_silent,whale-categorization-playground__1e0523c9f023474d8c2ff0f41e3c9969,1,1.0,0.0,1,171.9,0,171.9,171.9,0.15320855614973264,0.15320855614973264
whale-categorization-playground__b90628e666304e37aae1d7b746c71421,cards_senior_0808.jsonl:4,whale-categorization-playground,easy,2,2,0,1.0,random,whale-categorization-playground__a654a03bb40a4ae68b4f006b23fb7ef6|whale-categorization-playground__bd9fe2cb573d4bd1bd064db704f7cbba,2,0.5,0.009789999999999965,1.5,96.9,0,0.0,0.0,0.0,0.0
whale-categorization-playground__b90628e666304e37aae1d7b746c71421,cards_senior_0808.jsonl:4,whale-categorization-playground,easy,2,2,0,1.0,full_external,whale-categorization-playground__bd9fe2cb573d4bd1bd064db704f7cbba,1,1.0,0.0,1,96.9,2,1122.0,1122.0,1.0,1.0
whale-categorization-playground__b90628e666304e37aae1d7b746c71421,cards_senior_0808.jsonl:4,whale-categorization-playground,easy,2,2,0,1.0,full_self_report_available,whale-categorization-playground__a654a03bb40a4ae68b4f006b23fb7ef6,1,0.0,0.019579999999999986,2,96.9,2,1122.0,1122.0,1.0,1.0
whale-categorization-playground__b90628e666304e37aae1d7b746c71421,cards_senior_0808.jsonl:4,whale-categorization-playground,easy,2,2,0,1.0,full_self_report_complete,whale-categorization-playground__a654a03bb40a4ae68b4f006b23fb7ef6,1,0.0,0.019579999999999986,2,96.9,2,1122.0,1122.0,1.0,1.0
whale-categorization-playground__b90628e666304e37aae1d7b746c71421,cards_senior_0808.jsonl:4,whale-categorization-playground,easy,2,2,0,1.0,sub120_available,whale-categorization-playground__bd9fe2cb573d4bd1bd064db704f7cbba,1,1.0,0.0,1,96.9,0,96.9,96.9,0.08636363636363636,0.08636363636363636
whale-categorization-playground__b90628e666304e37aae1d7b746c71421,cards_senior_0808.jsonl:4,whale-categorization-playground,easy,2,2,0,1.0,artifact120_escalate_silent,whale-categorization-playground__bd9fe2cb573d4bd1bd064db704f7cbba,1,1.0,0.0,1,96.9,0,96.9,96.9,0.08636363636363636,0.08636363636363636
whale-categorization-playground__fdddc49ca71647528ab0cce114ee3cb1,cards_senior_0808.jsonl:4,whale-categorization-playground,hard,2,1,1,0.5,random,whale-categorization-playground__42946e2d791e42b7950c54b9f578160a|whale-categorization-playground__75cc6d17e1474aa4a703511062f10870,2,0.5,0.003824999999999995,1.5,205.10000000000002,0,0.0,0.0,0.0,0.0
whale-categorization-playground__fdddc49ca71647528ab0cce114ee3cb1,cards_senior_0808.jsonl:4,whale-categorization-playground,hard,2,1,1,0.5,full_external,whale-categorization-playground__42946e2d791e42b7950c54b9f578160a,1,1.0,0.0,1,205.10000000000002,2,1122.0,1122.0,1.0,1.0
whale-categorization-playground__fdddc49ca71647528ab0cce114ee3cb1,cards_senior_0808.jsonl:4,whale-categorization-playground,hard,2,1,1,0.5,full_self_report_available,whale-categorization-playground__75cc6d17e1474aa4a703511062f10870,1,0.0,0.00764999999999999,2,205.10000000000002,2,1122.0,1122.0,1.0,1.0
whale-categorization-playground__fdddc49ca71647528ab0cce114ee3cb1,cards_senior_0808.jsonl:4,whale-categorization-playground,hard,2,1,1,0.5,full_self_report_complete,whale-categorization-playground__75cc6d17e1474aa4a703511062f10870,1,0.0,0.00764999999999999,2,205.10000000000002,2,1122.0,1122.0,1.0,1.0
whale-categorization-playground__fdddc49ca71647528ab0cce114ee3cb1,cards_senior_0808.jsonl:4,whale-categorization-playground,hard,2,1,1,0.5,sub120_available,whale-categorization-playground__75cc6d17e1474aa4a703511062f10870,1,0.0,0.00764999999999999,2,205.10000000000002,0,205.10000000000002,205.10000000000002,0.1827985739750446,0.1827985739750446
whale-categorization-playground__fdddc49ca71647528ab0cce114ee3cb1,cards_senior_0808.jsonl:4,whale-categorization-playground,hard,2,1,1,0.5,artifact120_escalate_silent,whale-categorization-playground__42946e2d791e42b7950c54b9f578160a,1,1.0,0.0,1,205.10000000000002,1,766.1,646.1,0.6827985739750446,0.5758467023172906
