split_seed,card_id,run_id,fold,pred_global,pred_task,pred_code,pred_code_task
9173,chaii-hindi-and-tamil-question-answering__4f53d7ec0a9a4cf493e0b830f2ea81f1,cards_senior_0801.jsonl:18,2,0.36464088397790057,0.27308602999210735,0.2042415641278259,0.22138936967317596
9173,chaii-hindi-and-tamil-question-answering__5d0ed2ed05c0444d9cb5b339be9fdc76,cards_senior_0801.jsonl:18,2,0.36464088397790057,0.27308602999210735,0.21407091249298102,0.22621060979021571
9173,chaii-hindi-and-tamil-question-answering__b2ad93da8c144c78b743ca04be0b9076,cards_senior_0801.jsonl:18,2,0.36464088397790057,0.27308602999210735,0.21361400414643605,0.22591379552913435
9173,denoising-dirty-documents__676afd4f1b2048cfa3bb87a9501c0de8,cards_senior_0727.jsonl:16,0,0.37433155080213903,0.12477718360071301,0.24164645530972081,0.11971089468240022
9173,denoising-dirty-documents__9122d7821f0d4e59b227733c2554700b,cards_senior_0727.jsonl:16,0,0.37433155080213903,0.12477718360071301,0.24590338257468847,0.1167512542722358
9173,google-quest-challenge__3d3145e426b04dc1a112c0832c002be2,cards_senior_0731.jsonl:8,4,0.37362637362637363,0.37362637362637363,0.2028762072087589,0.22744604111731467
9173,google-quest-challenge__9f74747856c543728a41fbad7c6faf26,cards_senior_0731.jsonl:8,4,0.37362637362637363,0.37362637362637363,0.21390535814719044,0.2340493463330014
9173,kuzushiji-recognition__73e99f460e924a9e88321f1949932b3b,cards_senior_0804.jsonl:10,1,0.38043478260869568,0.21135265700483094,0.27778910359500103,0.17243310208846496
9173,kuzushiji-recognition__9524d52febcd4295ad84c4af399e1324,cards_senior_0804.jsonl:10,1,0.38043478260869568,0.21135265700483094,0.30867017104880867,0.18586302146434439
9173,leaf-classification__60b488f9620146388be7609e453aee44,cards_senior_0808.jsonl:34,0,0.37433155080213903,0.37433155080213903,0.47396412273209254,0.3760578426723587
9173,leaf-classification__b98b686b95184ee98e13a7e8b7ed4368,cards_senior_0808.jsonl:34,0,0.37433155080213903,0.37433155080213903,0.47486064933671007,0.3809778248325168
9173,leaf-classification__dd2c3d9b946e4ada942d99bcabfe7d98,cards_senior_0808.jsonl:34,0,0.37433155080213903,0.37433155080213903,0.48075063871684304,0.37933374398086939
9173,learning-agency-lab-automated-essay-scoring-2__2fd4cc3940ce4d0fb1c213b397104657,cards_senior_0803.jsonl:6,1,0.38043478260869568,0.42158385093167705,0.34575788461619833,0.42487632716037382
9173,learning-agency-lab-automated-essay-scoring-2__ba54479d2a1e448e80aa38d85d4d6470,cards_senior_0803.jsonl:6,1,0.38043478260869568,0.42158385093167705,0.35841542962537548,0.43774274433837385
9173,mlsp-2013-birds__232a055870ca4572b7fc070264a338eb,cards_senior_0802.jsonl:4,2,0.36464088397790057,0.38232044198895027,0.48786556961323135,0.43764489646220917
9173,mlsp-2013-birds__3f1b6baa29ee48bfba34b73ebe2933b6,cards_senior_0802.jsonl:4,2,0.36464088397790057,0.38232044198895027,0.45591998064865102,0.41673699128774083
9173,mlsp-2013-birds__c9597f7b1aef4ebb8bd655c3ace5bf8a,cards_senior_0802.jsonl:4,2,0.36464088397790057,0.38232044198895027,0.4197718129770352,0.39941337077850136
9173,mlsp-2013-birds__d3547e171d7243b1a0e4f77c3c6fe74b,cards_senior_0802.jsonl:4,2,0.36464088397790057,0.38232044198895027,0.46569860869165564,0.42440748469107414
9173,nomad2018-predict-transparent-conductors__3abc50e2bddc4454b0ee7b9ec92e1263,cards_senior_0805seq.jsonl:19,2,0.36464088397790057,0.42480049109883367,0.4098174057394629,0.45069114185281789
9173,nomad2018-predict-transparent-conductors__7a0ce85adaff49c49dae9357b9347dc6,cards_senior_0805seq.jsonl:19,2,0.36464088397790057,0.42480049109883367,0.39515101323028073,0.44312043234816167
9173,petfinder-pawpularity-score__9251a8fa822f4d5fbeee6609ff544d84,cards_senior_0730.jsonl:4,3,0.37634408602150538,0.32019115890083633,0.28683532214795027,0.2460700020075168
9173,petfinder-pawpularity-score__e4b073d8ebc042b1831c55c6438b9e6a,cards_senior_0730.jsonl:4,3,0.37634408602150538,0.32019115890083633,0.38770392641156493,0.3044358465859931
9173,random-acts-of-pizza__02ab01e7d3624270a317cd6c9c52af77,cards_gen2C.jsonl:2,1,0.38043478260869568,0.79347826086956519,0.47020541547573852,0.75533818556713006
9173,random-acts-of-pizza__a672b879e7f9459c9ca2ea299751f4b2,cards_gen2C.jsonl:2,1,0.38043478260869568,0.79347826086956519,0.46400032291163201,0.75313189789481683
9173,random-acts-of-pizza__d7e488f0729c41aeb94a7502bff7fc4d,cards_gen2C.jsonl:2,1,0.38043478260869568,0.79347826086956519,0.47362818729606393,0.75720007587818916
9173,spooky-author-identification__38648184253c4e7792d7658657da0746,cards_senior_0801.jsonl:6,1,0.38043478260869568,0.74184782608695654,0.66106395296647358,0.80696366363342809
9173,spooky-author-identification__40e09976978641a1a0f8ddc87586731a,cards_senior_0801.jsonl:6,1,0.38043478260869568,0.74184782608695654,0.67565330500777543,0.81192248235119735
9173,spooky-author-identification__414aed3e532a4130bb3ec66bd5efa9ea,cards_senior_0801.jsonl:6,1,0.38043478260869568,0.74184782608695654,0.67870084964539412,0.81241711929245219
9173,tabular-playground-series-dec-2021__72c882b1d87c45b09471af711496de1a,cards_senior_0807.jsonl:22,4,0.37362637362637363,0.20757020757020758,0.31130074708726635,0.19448611455798215
9173,tabular-playground-series-dec-2021__81b08a9c23464eb1a0f7861d6fd90b67,cards_senior_0807.jsonl:22,4,0.37362637362637363,0.20757020757020758,0.32569295363125222,0.19997937339177965
9173,tabular-playground-series-may-2022__2db19efb799e4de5895edb93d85b2566,cards_senior_0801.jsonl:29,3,0.37634408602150538,0.15681003584229392,0.34214241571284276,0.14164183689297499
9173,tabular-playground-series-may-2022__4fdd3e809b0f4a3faf2db69645b93c4b,cards_senior_0801.jsonl:29,3,0.37634408602150538,0.15681003584229392,0.38495826643059977,0.16446119045979588
9173,tabular-playground-series-may-2022__79d61fdff64b43d38b5ff3296acc2652,cards_senior_0801.jsonl:29,3,0.37634408602150538,0.15681003584229392,0.36802109221356183,0.14666120155291951
9173,tabular-playground-series-may-2022__da119d83b67a44ee9f88a3327245e55e,cards_senior_0801.jsonl:29,3,0.37634408602150538,0.15681003584229392,0.3757978867511434,0.15498362577888034
9173,text-normalization-challenge-english-language__29f436da5b0648589fc09c95fd35802c,cards_senior_0808.jsonl:22,0,0.37433155080213903,0.26737967914438504,0.43666831027246855,0.26351633704271504
9173,text-normalization-challenge-english-language__a6194a4710b54ff192d573518f37ce94,cards_senior_0808.jsonl:22,0,0.37433155080213903,0.26737967914438504,0.41690592285525807,0.25681260871073347
9173,text-normalization-challenge-russian-language__17aee59d02c4456da6f4c9f0a012608e,cards_senior_0809.jsonl:23,0,0.37433155080213903,0.37433155080213903,0.35672531938594393,0.31662321623494377
9173,text-normalization-challenge-russian-language__ec66f21087014f2f9ef743b6d89534a2,cards_senior_0809.jsonl:23,0,0.37433155080213903,0.37433155080213903,0.35204677161078812,0.31466006829981052
9173,tweet-sentiment-extraction__ba991b0a79ab4c0b891f8b9d0a51596b,cards_senior_0808.jsonl:31,2,0.36464088397790057,0.16574585635359115,0.26688834486527768,0.15730438686358036
9173,tweet-sentiment-extraction__ebc3354908f34e22a46f39eedfe14ff7,cards_senior_0808.jsonl:31,2,0.36464088397790057,0.16574585635359115,0.25767620144938341,0.15161643234011504
9173,us-patent-phrase-to-phrase-matching__4d490c1fd354424590af4de01f88d37e,cards_senior_0809.jsonl:3,3,0.37634408602150538,0.12544802867383514,0.43863092541839938,0.18777625398047951
9173,us-patent-phrase-to-phrase-matching__de37da6839394cd6b7b11d20cb6c5fa0,cards_senior_0809.jsonl:3,3,0.37634408602150538,0.12544802867383514,0.43409790223119787,0.18350782208305538
9173,whale-categorization-playground__42946e2d791e42b7950c54b9f578160a,cards_senior_0808.jsonl:4,3,0.37634408602150538,0.37634408602150538,0.31683797110752587,0.29769468448144354
9173,whale-categorization-playground__75cc6d17e1474aa4a703511062f10870,cards_senior_0808.jsonl:4,3,0.37634408602150538,0.37634408602150538,0.31096161283062879,0.29369257641732327
9173,chaii-hindi-and-tamil-question-answering__bc2b2933e9a344838ef44954e87a5a79,cards_senior_0801.jsonl:18,2,0.36464088397790057,0.27308602999210735,0.19793184809340458,0.21323426821450769
9173,chaii-hindi-and-tamil-question-answering__e52f191218764c6286271c5d08770f64,cards_senior_0801.jsonl:18,2,0.36464088397790057,0.27308602999210735,0.20689152945197653,0.21802348671719979
9173,chaii-hindi-and-tamil-question-answering__fe380beafe764af0bccfea134d0032b5,cards_senior_0801.jsonl:18,2,0.36464088397790057,0.27308602999210735,0.18291313060264167,0.20267359149442218
9173,denoising-dirty-documents__3ad8b9e4925d4292bdca3ed8183feb67,cards_senior_0731.jsonl:13,4,0.37362637362637363,0.16983016983016982,0.2686031630563317,0.14921157060911797
9173,denoising-dirty-documents__b866c25ad23841308fad35ae81f27a90,cards_senior_0731.jsonl:13,4,0.37362637362637363,0.16983016983016982,0.27531868390993136,0.15064321838237132
9173,google-quest-challenge__0f314d3d03ab4226be148679544edf63,cards_senior_0731.jsonl:8,4,0.37362637362637363,0.37362637362637363,0.18503764810045892,0.21450971178299091
9173,google-quest-challenge__43f44abea2d04a8e993bbcf60a6646d7,cards_senior_0731.jsonl:8,4,0.37362637362637363,0.37362637362637363,0.24254622455378533,0.25727925215142078
9173,leaf-classification__0012a07f48b648679734623e5e3acbee,cards_senior_0808.jsonl:34,0,0.37433155080213903,0.37433155080213903,0.47436817859473251,0.38226508676776277
9173,leaf-classification__156c3f5007194dec993c6183a80af50f,cards_senior_0808.jsonl:34,0,0.37433155080213903,0.37433155080213903,0.460790048420475,0.37638823763574669
9173,leaf-classification__6a0fb84e84c54521889bbf92076512f0,cards_senior_0808.jsonl:34,0,0.37433155080213903,0.37433155080213903,0.49895043908642372,0.39187304687824281
9173,learning-agency-lab-automated-essay-scoring-2__507578e20ae54b25bdde6dc425eafa7d,cards_senior_0803.jsonl:3,4,0.37362637362637363,0.16983016983016982,0.18619868417819604,0.11334071249786283
9173,learning-agency-lab-automated-essay-scoring-2__5ea8aa0cafac46408fa42d1c3e30d058,cards_senior_0803.jsonl:3,4,0.37362637362637363,0.16983016983016982,0.22165291306950302,0.12580206272306282
9173,learning-agency-lab-automated-essay-scoring-2__e98c27a1655f4bbda2fc621ba07c232c,cards_senior_0803.jsonl:3,4,0.37362637362637363,0.16983016983016982,0.1898112059485422,0.11184767623311999
9173,mlsp-2013-birds__14b366b28c65451f963287bb1c29baaf,cards_senior_0802.jsonl:4,2,0.36464088397790057,0.38232044198895027,0.43986901914865101,0.40744039918165292
9173,mlsp-2013-birds__71bf705af9984d7b8bf7216cee3e9106,cards_senior_0802.jsonl:4,2,0.36464088397790057,0.38232044198895027,0.46612189518820923,0.42787008853073066
9173,nomad2018-predict-transparent-conductors__5598d009668c49b6a7c0fb26075bb5e5,cards_senior_0805seq.jsonl:19,2,0.36464088397790057,0.42480049109883367,0.39750132532267729,0.45009010623767481
9173,nomad2018-predict-transparent-conductors__71f9051c0d944fdfb6aafbbd874504df,cards_senior_0805seq.jsonl:19,2,0.36464088397790057,0.42480049109883367,0.42987450168839791,0.46406106778999323
9173,spooky-author-identification__789703b0e1c348e695596428d21fac38,cards_senior_0801.jsonl:4,4,0.37362637362637363,0.77629513343799061,0.55468230799539486,0.78378984969839116
9173,spooky-author-identification__b9c86b77ce174df0a2164cb7cf2685af,cards_senior_0801.jsonl:4,4,0.37362637362637363,0.77629513343799061,0.59841966008913117,0.80720293603485338
9173,tabular-playground-series-dec-2021__8b54ad5da3684393a8a2caceb614ee34,cards_senior_0807.jsonl:23,1,0.38043478260869568,0.27173913043478265,0.39867286268949453,0.26869586505871129
9173,tabular-playground-series-dec-2021__dd7529c2a690472ba81bdc67d9f30382,cards_senior_0807.jsonl:23,1,0.38043478260869568,0.27173913043478265,0.39943446854887654,0.26930417084149799
9173,tabular-playground-series-may-2022__0ec47cd5c46844e2aadf12bf694b6d69,cards_ours_20260727.jsonl:133,0,0.37433155080213903,0.089126559714795009,0.27517547437204104,0.10188438868389979
9173,tabular-playground-series-may-2022__c8c1855386084a54a8ebe192e60a7f4d,cards_ours_20260727.jsonl:133,0,0.37433155080213903,0.089126559714795009,0.28006916097351803,0.10005290995854246
9173,text-normalization-challenge-english-language__0ed7f9763c4c4e3eb123445278690dae,cards_senior_0808.jsonl:22,0,0.37433155080213903,0.26737967914438504,0.41868645538847388,0.25648734723708072
9173,text-normalization-challenge-english-language__c317471eb4c549a7b736a7104a543b79,cards_senior_0808.jsonl:22,0,0.37433155080213903,0.26737967914438504,0.37192574150517826,0.23330616824024694
9173,text-normalization-challenge-russian-language__12df4ee4a31c43728bf318e397db833e,cards_senior_0809.jsonl:23,0,0.37433155080213903,0.37433155080213903,0.36907199406382779,0.3231163659449055
9173,text-normalization-challenge-russian-language__c31cc5384e6f4f609ece877427c14945,cards_senior_0809.jsonl:23,0,0.37433155080213903,0.37433155080213903,0.36917593671822468,0.32277077603737703
9173,tweet-sentiment-extraction__46adc5e68d6b40dbb11b144b2641767b,cards_senior_0806.jsonl:24,3,0.37634408602150538,0.14474772539288669,0.22210009392265762,0.1182375621815497
9173,tweet-sentiment-extraction__d680305409224abba779c433973d67ad,cards_senior_0806.jsonl:24,3,0.37634408602150538,0.14474772539288669,0.21811598492729628,0.11725750070345306
9173,us-patent-phrase-to-phrase-matching__3c22a06bf2df41b8a3919319aec84af6,cards_senior_0809.jsonl:0,1,0.38043478260869568,0.27173913043478265,0.31005009317114107,0.22666150972121851
9173,us-patent-phrase-to-phrase-matching__5a4a8e6b293441ce96f5f0545568af76,cards_senior_0809.jsonl:0,1,0.38043478260869568,0.27173913043478265,0.32575449995812189,0.23008354408338511
9173,whale-categorization-playground__4357df5db0134f668959aefa0ee73ba6,cards_senior_0808.jsonl:4,3,0.37634408602150538,0.37634408602150538,0.35877799164210855,0.31981001923114477
9173,whale-categorization-playground__526ebe6d24d44d8f93c8e506236ec587,cards_senior_0808.jsonl:4,3,0.37634408602150538,0.37634408602150538,0.39286935884015928,0.34073531294580989
9173,chaii-hindi-and-tamil-question-answering__463ad7dc1f7b4afe96a64bcfaba5d002,cards_ours_20260727.jsonl:173,1,0.38043478260869568,0.10011441647597255,0.19585050533839238,0.097880966523844926
9173,chaii-hindi-and-tamil-question-answering__f51b404ae74e4e72a4517e0733b4e1f6,cards_ours_20260727.jsonl:173,1,0.38043478260869568,0.10011441647597255,0.48930285546588198,0.22517357380309819
9173,denoising-dirty-documents__6dd95edcab0e45559bb741b08b038a76,cards_senior_0731.jsonl:13,4,0.37362637362637363,0.16983016983016982,0.26905560476686491,0.14945432813591505
9173,denoising-dirty-documents__f39ee4ce2db14bc68771c9773ec0a47f,cards_senior_0731.jsonl:13,4,0.37362637362637363,0.16983016983016982,0.24780902197698779,0.14038173228530951
9173,google-quest-challenge__9c121e84fa5a451e87b48f608b215dd4,cards_senior_0731.jsonl:8,4,0.37362637362637363,0.37362637362637363,0.21052267832435434,0.23242796462822135
9173,google-quest-challenge__af65cdfcccea47739bbbd7014fb7f5d6,cards_senior_0731.jsonl:8,4,0.37362637362637363,0.37362637362637363,0.21669912480933165,0.23556156467584211
9173,leaf-classification__057eea44bbc44c398d28cb637cf4dc58,cards_senior_0808.jsonl:34,0,0.37433155080213903,0.37433155080213903,0.51274350197030294,0.40791687963537526
9173,leaf-classification__73e11f5203254134a921f4cb4cf0f43f,cards_senior_0808.jsonl:34,0,0.37433155080213903,0.37433155080213903,0.5535870330953605,0.42435927771637882
9173,leaf-classification__d7f05a7d1c444f3b83fc5cb5e0070510,cards_senior_0808.jsonl:34,0,0.37433155080213903,0.37433155080213903,0.49954694382185966,0.39845778778363661
9173,learning-agency-lab-automated-essay-scoring-2__71b7798f122449e7bcd5933fe6c9d375,cards_senior_0803.jsonl:6,1,0.38043478260869568,0.42158385093167705,0.2353385284897308,0.36041286050646293
9173,learning-agency-lab-automated-essay-scoring-2__77aac523f90d4cf5afe2eaa03733a189,cards_senior_0803.jsonl:6,1,0.38043478260869568,0.42158385093167705,0.47581436464690424,0.51485421040302082
9173,mlsp-2013-birds__2d983a9212234554a59cec88a93e6e0b,cards_senior_0802.jsonl:4,2,0.36464088397790057,0.38232044198895027,0.40234389409267507,0.38488477546794214
9173,mlsp-2013-birds__908d280fda604c43bb7a5e87420e46c3,cards_senior_0802.jsonl:4,2,0.36464088397790057,0.38232044198895027,0.39932235022354851,0.38267502856897551
9173,mlsp-2013-birds__9ccfc1b22cde40db8fc67b8081d0293b,cards_senior_0802.jsonl:4,2,0.36464088397790057,0.38232044198895027,0.4068058553977914,0.38797583260771268
9173,mlsp-2013-birds__9d6111ad09d84e7aa563821c26dd77b2,cards_senior_0802.jsonl:4,2,0.36464088397790057,0.38232044198895027,0.38954171477502986,0.37607351748020967
9173,mlsp-2013-birds__ed8784a6a4c44472a644dcb7a4360f3b,cards_senior_0802.jsonl:4,2,0.36464088397790057,0.38232044198895027,0.40579338765466388,0.38739442320224304
9173,nomad2018-predict-transparent-conductors__02f0dbdfcaa94bba8234b5af0a436362,cards_senior_0805seq.jsonl:19,2,0.36464088397790057,0.42480049109883367,0.36998383124650069,0.42795987793026297
9173,nomad2018-predict-transparent-conductors__449d90db5caa4116a92282d7991684a5,cards_senior_0805seq.jsonl:19,2,0.36464088397790057,0.42480049109883367,0.40424238935715567,0.44336307914334239
9173,spooky-author-identification__c8e9e4089e9d44598bf956bc4cdf901f,cards_senior_0730.jsonl:5,1,0.38043478260869568,0.74184782608695654,0.55487578358234213,0.76819428247149302
9173,spooky-author-identification__d8350d06746c49189b3700f3ae207569,cards_senior_0730.jsonl:5,1,0.38043478260869568,0.74184782608695654,0.6381651322425328,0.80941878218795305
9173,spooky-author-identification__df8572420c294f869b30c2646e8dbce8,cards_senior_0730.jsonl:5,1,0.38043478260869568,0.74184782608695654,0.6167171093573629,0.79724631672101531
9173,tabular-playground-series-dec-2021__36787b1cf20b412e8716ea12368675bf,cards_senior_0801.jsonl:38,1,0.38043478260869568,0.27173913043478265,0.37893473784841286,0.27489077044795346
9173,tabular-playground-series-dec-2021__dbdf36e610354c398b8b0d89cee8fbd4,cards_senior_0801.jsonl:38,1,0.38043478260869568,0.27173913043478265,0.36491017234717782,0.27183842979483169
9173,tabular-playground-series-may-2022__5b0e8613150c44ae85338d3bcf5a6369,cards_senior_0801.jsonl:29,3,0.37634408602150538,0.15681003584229392,0.36166411360682693,0.14341761833169933
9173,tabular-playground-series-may-2022__b8fec3edbb0d4e0d8be0e0b649552878,cards_senior_0801.jsonl:29,3,0.37634408602150538,0.15681003584229392,0.31832731508352108,0.13147518488755694
9173,tabular-playground-series-may-2022__c89ea85cc0184427a9225edf4d8503e5,cards_senior_0801.jsonl:29,3,0.37634408602150538,0.15681003584229392,0.31987697904277712,0.1304354578138722
9173,tabular-playground-series-may-2022__d75dd58e0bff47e9bd665df475ee1470,cards_senior_0801.jsonl:29,3,0.37634408602150538,0.15681003584229392,0.32072448617487526,0.13141419310811966
9173,text-normalization-challenge-english-language__9392f64ff1f84e9284c2dd8a154a7075,cards_senior_0808.jsonl:22,0,0.37433155080213903,0.26737967914438504,0.40125464686511852,0.26049877582264735
9173,text-normalization-challenge-english-language__a985c60513e94d3689ab07945cc0bbff,cards_senior_0808.jsonl:22,0,0.37433155080213903,0.26737967914438504,0.4132672359498093,0.26425827386740858
9173,text-normalization-challenge-russian-language__2fe66094d42742808d9a58b89318bbe2,cards_senior_0809.jsonl:23,0,0.37433155080213903,0.37433155080213903,0.3653924876467316,0.31946764201597116
9173,text-normalization-challenge-russian-language__bb14510d97f9431b9d38af8c0c6ec464,cards_senior_0809.jsonl:23,0,0.37433155080213903,0.37433155080213903,0.36402114864303936,0.3187827257220171
9173,tweet-sentiment-extraction__2dd226e419444bda9332f9335227453b,cards_senior_0806.jsonl:24,3,0.37634408602150538,0.14474772539288669,0.22014511339691037,0.11737892232602444
9173,tweet-sentiment-extraction__682d524e66a341aeaea1f6bfc8e79e3f,cards_senior_0806.jsonl:24,3,0.37634408602150538,0.14474772539288669,0.22857068707743924,0.12108353514540066
9173,us-patent-phrase-to-phrase-matching__8a679e73b8e347bab4c5736235428580,cards_senior_0809.jsonl:0,1,0.38043478260869568,0.27173913043478265,0.30831333244993636,0.21409139159068352
9173,us-patent-phrase-to-phrase-matching__e6c01b00731d4e28a6061eb7473253d0,cards_senior_0809.jsonl:0,1,0.38043478260869568,0.27173913043478265,0.30912267127165172,0.21604344135663747
9173,whale-categorization-playground__1993f9bcf0ee4bfeaaea9a7034c8e08e,cards_senior_0808.jsonl:4,3,0.37634408602150538,0.37634408602150538,0.30915168272915933,0.287871947799133
9173,whale-categorization-playground__810bfcc7bb3a44d396a6056bb651d30f,cards_senior_0808.jsonl:4,3,0.37634408602150538,0.37634408602150538,0.34432180911059423,0.31211320124354486
9173,denoising-dirty-documents__5549e4182535479794bbe510d212e280,cards_senior_0731.jsonl:13,4,0.37362637362637363,0.16983016983016982,0.21397480300383465,0.13243876318792452
9173,denoising-dirty-documents__9ae54f31fa5043d6bf6288f9b2b031c2,cards_senior_0731.jsonl:13,4,0.37362637362637363,0.16983016983016982,0.23011120397661947,0.13635446941933621
9173,google-quest-challenge__5e9ca53a965341de95e27ea6a40732c6,cards_senior_0731.jsonl:8,4,0.37362637362637363,0.37362637362637363,0.22010064311391028,0.23678873614136692
9173,google-quest-challenge__d47652578a9f4b8e896dcf77a27f1573,cards_senior_0731.jsonl:8,4,0.37362637362637363,0.37362637362637363,0.21299793121602617,0.2337304555122236
9173,chaii-hindi-and-tamil-question-answering__809857640568405e918117ea19d34793,cards_senior_0728.jsonl:13,1,0.38043478260869568,0.10011441647597255,0.21196912213470157,0.10335199226697037
9173,chaii-hindi-and-tamil-question-answering__9084669573164ec5b9a1dccb93b34a76,cards_senior_0728.jsonl:13,1,0.38043478260869568,0.10011441647597255,0.21443884646503786,0.10527818585052753
9173,denoising-dirty-documents__2777b9434e904072953a89a92373797d,cards_senior_0727.jsonl:11,4,0.37362637362637363,0.16983016983016982,0.21763697139120328,0.13400950933664316
9173,denoising-dirty-documents__63efdaf0641947afad86fb6012c1752d,cards_senior_0727.jsonl:11,4,0.37362637362637363,0.16983016983016982,0.21880877768000712,0.13537121779724431
9173,google-quest-challenge__cfdb38bd32284dd1b14ffe5f63059aa2,cards_senior_0806.jsonl:8,4,0.37362637362637363,0.37362637362637363,0.20645866811332714,0.25207426508103276
9173,google-quest-challenge__e056f23b7e7345cc99b98ec98dbc0224,cards_senior_0806.jsonl:8,4,0.37362637362637363,0.37362637362637363,0.19113446852590599,0.23642451806247974
9173,kuzushiji-recognition__182f4cda0713445da9215b141532d19c,cards_senior_0806.jsonl:13,0,0.37433155080213903,0.20796197266785502,0.26842247265502617,0.17007029128092541
9173,kuzushiji-recognition__2f8ad4b6f65e4c7b8d9da78aec6a8d9a,cards_senior_0806.jsonl:13,0,0.37433155080213903,0.20796197266785502,0.29072147715992541,0.17841438217130917
9173,leaf-classification__991d5e2597c6435aa1d658f2f46639f1,cards_senior_0808.jsonl:34,0,0.37433155080213903,0.37433155080213903,0.50963939019866877,0.40844563781363785
9173,leaf-classification__ee501d742baa4e5eb3737e1746896c43,cards_senior_0808.jsonl:34,0,0.37433155080213903,0.37433155080213903,0.52193334419441662,0.41320429126310998
9173,learning-agency-lab-automated-essay-scoring-2__582b2c4449b042abbd35afa7f0161ae7,cards_senior_0808.jsonl:8,3,0.37634408602150538,0.36760752688172044,0.33079214623333952,0.34701659791231398
9173,learning-agency-lab-automated-essay-scoring-2__6e8d2b60f702410b9ce09b32bd3a5b2d,cards_senior_0808.jsonl:8,3,0.37634408602150538,0.36760752688172044,0.25325413270836894,0.29609809452993885
9173,mlsp-2013-birds__83676ff46373471d9a13d595e5dfabd9,cards_senior_0728.jsonl:18,4,0.37362637362637363,0.56514913657770804,0.3832112292337384,0.51692608958288377
9173,mlsp-2013-birds__88f03e044884470daa459768f08242d1,cards_senior_0728.jsonl:18,4,0.37362637362637363,0.56514913657770804,0.33295499810468665,0.48924021648643995
9173,mlsp-2013-birds__d8afa823f0a64069bb2ff77d64afd36d,cards_senior_0728.jsonl:18,4,0.37362637362637363,0.56514913657770804,0.39683890287384144,0.53343468724624277
9173,nomad2018-predict-transparent-conductors__2fa45c41870740aaa5179d06e3daa1f2,cards_senior_0805seq.jsonl:19,2,0.36464088397790057,0.42480049109883367,0.39282913687911991,0.44059302918673504
9173,nomad2018-predict-transparent-conductors__ab835174b2654d69bfb2ad1ff8779042,cards_senior_0805seq.jsonl:19,2,0.36464088397790057,0.42480049109883367,0.38635577562453333,0.43531289852839988
9173,petfinder-pawpularity-score__164ee2d978574b42a052ec28a7d88eef,cards_senior_0730.jsonl:0,2,0.36464088397790057,0.53591160220994483,0.42358459077455024,0.57518756488951717
9173,petfinder-pawpularity-score__2d478cc7a3c244028234f9e7585340c4,cards_senior_0730.jsonl:0,2,0.36464088397790057,0.53591160220994483,0.54044199226263934,0.64029146557822103
9173,random-acts-of-pizza__0f1e5cd6c6de460abaae7877daf9aa69,cards_ours_20260727.jsonl:68,4,0.37362637362637363,0.75908706677937454,0.65949754064711053,0.83581491525904805
9173,random-acts-of-pizza__9ca2d2e324f740ef85c2d32a7380ac6f,cards_ours_20260727.jsonl:68,4,0.37362637362637363,0.75908706677937454,0.65933954319100296,0.83940339000440833
9173,random-acts-of-pizza__fa4524bd04a2450e9f937a60d2db3cce,cards_ours_20260727.jsonl:68,4,0.37362637362637363,0.75908706677937454,0.62349820988799998,0.82929316337421055
9173,spaceship-titanic__df0e799d4c294c78a20d756c405fee68,cards_ours_20260727.jsonl:3,0,0.37433155080213903,0.37433155080213903,0.36561267097366895,0.37245913187549096
9173,spaceship-titanic__ffc4990563cd4b8e8561b15fd47f1488,cards_ours_20260727.jsonl:3,0,0.37433155080213903,0.37433155080213903,0.29582274524719238,0.30548004476885354
9173,spooky-author-identification__31dc45ab82da453fa070417d3e97b475,cards_t3era_missing.jsonl:14,4,0.37362637362637363,0.77629513343799061,0.49939538246200177,0.78109835822135854
9173,spooky-author-identification__8f9956778f6b4e9ea7b6af0a7f82e4a6,cards_t3era_missing.jsonl:14,4,0.37362637362637363,0.77629513343799061,0.43472092249151084,0.74704293302020985
9173,spooky-author-identification__b1638019d27044b7a3c20ec855526869,cards_t3era_missing.jsonl:14,4,0.37362637362637363,0.77629513343799061,0.58551868262383466,0.81543009319196835
9173,tabular-playground-series-may-2022__3bd55e0164e9413cbeaa16b558f4b9b5,cards_ours_20260727.jsonl:116,3,0.37634408602150538,0.15681003584229392,0.40032778390821061,0.1706214971991466
9173,tabular-playground-series-may-2022__54771d7d3c3243cb98c0e06d98a7229e,cards_ours_20260727.jsonl:116,3,0.37634408602150538,0.15681003584229392,0.41236704188305379,0.17600709362772984
9173,tabular-playground-series-may-2022__dd85f0501dc3491ab42ffdbb35eed3b8,cards_ours_20260727.jsonl:116,3,0.37634408602150538,0.15681003584229392,0.47031575887149346,0.19277021861461063
9173,text-normalization-challenge-english-language__34edc8d8a8ac4541b0a2be857e2e91ba,cards_senior_0808.jsonl:23,3,0.37634408602150538,0.14474772539288669,0.21643659495331333,0.12075295689836088
9173,text-normalization-challenge-english-language__99a26b06e08f45699153b0ee7ad77137,cards_senior_0808.jsonl:23,3,0.37634408602150538,0.14474772539288669,0.2091445166852175,0.1175722912759702
9173,tweet-sentiment-extraction__8d8df13692c14f7db7597f2cad9346cf,cards_senior_0808.jsonl:31,2,0.36464088397790057,0.16574585635359115,0.25458290544791268,0.15012023458644022
9173,tweet-sentiment-extraction__e1266dc1dbe04bbfb31bfcee508ffddd,cards_senior_0808.jsonl:31,2,0.36464088397790057,0.16574585635359115,0.25331542375976024,0.14957035812421762
9173,us-patent-phrase-to-phrase-matching__1c4488edb7d64655b66855bb93bf1e8b,cards_senior_0809.jsonl:0,1,0.38043478260869568,0.27173913043478265,0.29950590664181409,0.21933438667652133
9173,us-patent-phrase-to-phrase-matching__62f7f6d4c93243f8b5cfb6c826567d0e,cards_senior_0809.jsonl:0,1,0.38043478260869568,0.27173913043478265,0.29945206921882528,0.22010063569762239
9173,whale-categorization-playground__1e0523c9f023474d8c2ff0f41e3c9969,cards_senior_0808.jsonl:4,3,0.37634408602150538,0.37634408602150538,0.31483273020648589,0.29079074205158295
9173,whale-categorization-playground__45dc507077d5444c9dca3ab6d8e46b79,cards_senior_0808.jsonl:4,3,0.37634408602150538,0.37634408602150538,0.33215113250571465,0.30328270610694136
9173,chaii-hindi-and-tamil-question-answering__9cc47ce945ac482dada73aa89c86ea95,cards_senior_0801.jsonl:18,2,0.36464088397790057,0.27308602999210735,0.22356937055018855,0.22844572611991038
9173,chaii-hindi-and-tamil-question-answering__a483163f252d42fc98190cbfa2abfacc,cards_senior_0801.jsonl:18,2,0.36464088397790057,0.27308602999210735,0.21555722427348217,0.22384482572857975
9173,chaii-hindi-and-tamil-question-answering__adf3351945ce4702bf8966e662ab3dcf,cards_senior_0801.jsonl:18,2,0.36464088397790057,0.27308602999210735,0.21171903332899958,0.21882976553993733
9173,denoising-dirty-documents__13f0395b31ec47c6a4f8116b12e3ce63,cards_senior_0731.jsonl:13,4,0.37362637362637363,0.16983016983016982,0.24376974356681724,0.14071553105932855
9173,denoising-dirty-documents__823936b3bbff49418a2f507faded41af,cards_senior_0731.jsonl:13,4,0.37362637362637363,0.16983016983016982,0.22221452731908597,0.13253135636330232
9173,google-quest-challenge__6ba46794dff84b4aa036ddff694451c2,cards_senior_0731.jsonl:8,4,0.37362637362637363,0.37362637362637363,0.20232216267589712,0.23408199471751978
9173,google-quest-challenge__d18100348572434fbfa74d3d01008623,cards_senior_0731.jsonl:8,4,0.37362637362637363,0.37362637362637363,0.19419849252079455,0.22376320735201113
9173,kuzushiji-recognition__181e0d660b9d488cbc03cfdf2e2dee1c,cards_senior_0806.jsonl:13,0,0.37433155080213903,0.20796197266785502,0.25604672682006485,0.16513510094881109
9173,kuzushiji-recognition__d986962a7a4d47e0ad49cda82797dbe8,cards_senior_0806.jsonl:13,0,0.37433155080213903,0.20796197266785502,0.24225023240941132,0.15841917452215842
9173,leaf-classification__04ab1a90eab841ddb77c99d84c5e1463,cards_senior_0808.jsonl:33,0,0.37433155080213903,0.37433155080213903,0.56762336977561878,0.44625649625677793
9173,leaf-classification__8d613d315033481d990dc9c0af53620a,cards_senior_0808.jsonl:33,0,0.37433155080213903,0.37433155080213903,0.61961352366472322,0.47737245899064995
9173,learning-agency-lab-automated-essay-scoring-2__50c87d8406ad4f17aa7b023c05d6a44c,cards_senior_0803.jsonl:3,4,0.37362637362637363,0.16983016983016982,0.18979781602551221,0.10973107872806265
9173,learning-agency-lab-automated-essay-scoring-2__ca6e4102a52745a388d5d1e6a5630a60,cards_senior_0803.jsonl:3,4,0.37362637362637363,0.16983016983016982,0.19164602551692814,0.11310659886388151
9173,mlsp-2013-birds__ea104eef9b0c40dbbe70f756d236f0da,cards_senior_0726.jsonl:10,3,0.37634408602150538,0.44916911045943309,0.48208083379246069,0.45591398727561427
9173,mlsp-2013-birds__f570cce01e6f4fc591ead51fb7dea6ae,cards_senior_0726.jsonl:10,3,0.37634408602150538,0.44916911045943309,0.4874166193658146,0.46007232911981449
9173,nomad2018-predict-transparent-conductors__1da1998ae9de457e96faac89241808e2,cards_senior_0805seq.jsonl:17,1,0.38043478260869568,0.60785953177257523,0.41120929209998297,0.55948465388088175
9173,nomad2018-predict-transparent-conductors__ad9ad3eace7b4e40b52a38da1ab9fe2e,cards_senior_0805seq.jsonl:17,1,0.38043478260869568,0.60785953177257523,0.46929472649450893,0.60027061607734722
9173,petfinder-pawpularity-score__28777132c16747d88ee33785cdea5ea7,cards_senior_0730.jsonl:0,2,0.36464088397790057,0.53591160220994483,0.48870410309040135,0.60926256109794741
9173,petfinder-pawpularity-score__3011b9f5b83e4e8f8077628482e6a0bd,cards_senior_0730.jsonl:0,2,0.36464088397790057,0.53591160220994483,0.48940104764613668,0.61025903464786935
9173,random-acts-of-pizza__0ee1fa402ecb43ae9906ef4aa3e16d1a,cards_gen3A.jsonl:3,2,0.36464088397790057,0.7556311092222695,0.46445253149415888,0.74794520140056053
9173,random-acts-of-pizza__3a1402459a144c3cba0f2a91a5b8e721,cards_gen3A.jsonl:3,2,0.36464088397790057,0.7556311092222695,0.56972423944460437,0.79597881787024105
9173,random-acts-of-pizza__8c5fe3fc63254b88bc949f6d53a9cb6a,cards_gen3A.jsonl:3,2,0.36464088397790057,0.7556311092222695,0.59976865253994383,0.80690436083428374
9173,random-acts-of-pizza__9b9f4f95471a4b89972077ce62bdc1f8,cards_gen3A.jsonl:3,2,0.36464088397790057,0.7556311092222695,0.59065061360930193,0.80323908663228971
9173,random-acts-of-pizza__f02f9281781f4290a64b5e40011b4479,cards_gen3A.jsonl:3,2,0.36464088397790057,0.7556311092222695,0.55154061718502201,0.78961161937862989
9173,spooky-author-identification__16a678db368a417fbf00950915601fb9,cards_senior_0730.jsonl:5,1,0.38043478260869568,0.74184782608695654,0.59654382854978683,0.78684433900976514
9173,spooky-author-identification__653ba54bf46a4d82a9668d92db356211,cards_senior_0730.jsonl:5,1,0.38043478260869568,0.74184782608695654,0.6036498623894434,0.78642393602331317
9173,spooky-author-identification__900270a860234cc2b3ae8a0505bd105a,cards_senior_0730.jsonl:5,1,0.38043478260869568,0.74184782608695654,0.57719872177216658,0.77117303412498028
9173,tabular-playground-series-may-2022__63bb3182d23844efb65f5c6f635880c0,cards_ours_20260727.jsonl:140,1,0.38043478260869568,0.09057971014492755,0.33452093873578509,0.11728136034877151
9173,tabular-playground-series-may-2022__ee7c57076442408ab0cd8deda21efe3d,cards_ours_20260727.jsonl:140,1,0.38043478260869568,0.09057971014492755,0.34213152987168549,0.11662508835184056
9173,text-normalization-challenge-english-language__7008d36ab2f34145ad6685619b5dc6f5,cards_senior_0808.jsonl:22,0,0.37433155080213903,0.26737967914438504,0.38543200289545548,0.23924010994418191
9173,text-normalization-challenge-english-language__bacc0486e8514bb19fed5da934794b4f,cards_senior_0808.jsonl:22,0,0.37433155080213903,0.26737967914438504,0.41928711039695626,0.254600883502408
9173,tweet-sentiment-extraction__ca1e8db2630c463c9f5cec8ec4372e82,cards_senior_0808.jsonl:31,2,0.36464088397790057,0.16574585635359115,0.27188759851565569,0.16345055847466922
9173,tweet-sentiment-extraction__f6c40c870e6a4745a99c42726964c10f,cards_senior_0808.jsonl:31,2,0.36464088397790057,0.16574585635359115,0.27965036849744551,0.16709767682098128
9173,us-patent-phrase-to-phrase-matching__0094c655584a4efebad270ab7be4a2d1,cards_senior_0809.jsonl:0,1,0.38043478260869568,0.27173913043478265,0.29732246061707196,0.2190190336426121
9173,us-patent-phrase-to-phrase-matching__7a13b994f5a24f8582ee2ac810a6d9df,cards_senior_0809.jsonl:0,1,0.38043478260869568,0.27173913043478265,0.28539986197916417,0.21252533426034054
9173,whale-categorization-playground__1eed9a1d3c2744ffbd658019805310aa,cards_senior_0808.jsonl:4,3,0.37634408602150538,0.37634408602150538,0.35936118595132022,0.31445926265455748
9173,whale-categorization-playground__4640830dea044d49866b722d18ca4db8,cards_senior_0808.jsonl:4,3,0.37634408602150538,0.37634408602150538,0.35888356213032441,0.3182427781646941
9173,chaii-hindi-and-tamil-question-answering__4246a977cac14f43b5383deb5a257697,cards_senior_0801.jsonl:13,3,0.37634408602150538,0.21565113500597372,0.17254283912308324,0.16015797443207572
9173,chaii-hindi-and-tamil-question-answering__57ce82f9247a4cc8b626b575d3f2c979,cards_senior_0801.jsonl:13,3,0.37634408602150538,0.21565113500597372,0.17314157386000029,0.16229316005198807
9173,chaii-hindi-and-tamil-question-answering__ce99d23bb4de4bd4bfe832f8937daca3,cards_senior_0801.jsonl:13,3,0.37634408602150538,0.21565113500597372,0.17847515987915966,0.16342132582338162
9173,denoising-dirty-documents__9b6a53da44cf4a7c909704e35cc9a7b0,cards_senior_0804.jsonl:24,0,0.37433155080213903,0.12477718360071301,0.20694932787235198,0.10770384963201221
9173,denoising-dirty-documents__d900b645d2f84cf2b3f0f905f2e0f5bc,cards_senior_0804.jsonl:24,0,0.37433155080213903,0.12477718360071301,0.19999864096298919,0.10361220265574995
9173,google-quest-challenge__b0136f10f1e34af1bea8d3b95494444d,cards_senior_0731.jsonl:8,4,0.37362637362637363,0.37362637362637363,0.24125086122771749,0.26553828396683599
9173,google-quest-challenge__c0db78dfced24417a26a9268ac68ca83,cards_senior_0731.jsonl:8,4,0.37362637362637363,0.37362637362637363,0.22356418961410121,0.24900020012210963
9173,kuzushiji-recognition__4dd7be980ff84ddba2cf9058c2885427,cards_senior_0804.jsonl:10,1,0.38043478260869568,0.21135265700483094,0.27987571718804449,0.17567884268189624
9173,kuzushiji-recognition__d6f23b0dbc6b4334a0ff06e695764651,cards_senior_0804.jsonl:10,1,0.38043478260869568,0.21135265700483094,0.27694904002916443,0.17372531428946014
9173,leaf-classification__494524617b54420f82384eeeca1bb3f8,cards_senior_0808.jsonl:34,0,0.37433155080213903,0.37433155080213903,0.50105090058235802,0.40510382545049295
9173,leaf-classification__eed56a4de8c846d199c496cea22662c6,cards_senior_0808.jsonl:34,0,0.37433155080213903,0.37433155080213903,0.50889908139339179,0.40987822861517431
9173,learning-agency-lab-automated-essay-scoring-2__70e2d9903c9a4c9cbeb84d1deb7775c2,cards_senior_0803.jsonl:3,4,0.37362637362637363,0.16983016983016982,0.17334701577364237,0.10460586289149822
9173,learning-agency-lab-automated-essay-scoring-2__ec12b99e12db4b4fa87adb2a6ce1a191,cards_senior_0803.jsonl:3,4,0.37362637362637363,0.16983016983016982,0.19390726924645191,0.11276887986484267
9173,mlsp-2013-birds__3fbdbce65f5d48f6ada1b1d94fe1e6e4,cards_senior_0802.jsonl:4,2,0.36464088397790057,0.38232044198895027,0.43671888711264933,0.40600165917691089
9173,mlsp-2013-birds__b058311fdf0247009ea12d70a6ae6e27,cards_senior_0802.jsonl:4,2,0.36464088397790057,0.38232044198895027,0.34925746309782457,0.35504897978099731
9173,mlsp-2013-birds__de69913224174ab1ad9e79cb410ca078,cards_senior_0802.jsonl:4,2,0.36464088397790057,0.38232044198895027,0.30673291014167936,0.32979149666760582
9173,nomad2018-predict-transparent-conductors__0b445119bd14461e8d644cd7865ce956,cards_senior_0805seq.jsonl:17,1,0.38043478260869568,0.60785953177257523,0.45828658095789226,0.5971813626053365
9173,nomad2018-predict-transparent-conductors__d5916b67aaf1483c872bc47cefc07f85,cards_senior_0805seq.jsonl:17,1,0.38043478260869568,0.60785953177257523,0.41383589891909328,0.56446478336744732
9173,petfinder-pawpularity-score__717816b3dcb9490e8c60cf7c0232a6f6,cards_senior_0806.jsonl:1,3,0.37634408602150538,0.32019115890083633,0.21267518599013965,0.19780370294757346
9173,petfinder-pawpularity-score__947a9114cbd64cb9838e1bbfdc050a06,cards_senior_0806.jsonl:1,3,0.37634408602150538,0.32019115890083633,0.32230427421573676,0.26430538461187569
9173,random-acts-of-pizza__d49ae6008eca4bd4b3f736f90dc6afac,cards_ours_20260727.jsonl:69,4,0.37362637362637363,0.75908706677937454,0.66766148470530051,0.84104787034366768
9173,random-acts-of-pizza__e52f8a668b95496aa04cd6a8d72f6642,cards_ours_20260727.jsonl:69,4,0.37362637362637363,0.75908706677937454,0.68334758561565034,0.84229398712235493
9173,spooky-author-identification__67f02ce1c7dd42c1b2aa07655e0eacf0,cards_senior_0801.jsonl:4,4,0.37362637362637363,0.77629513343799061,0.66790500843931178,0.84380655885521583
9173,spooky-author-identification__9212864b27984d118b518b96dc3b2886,cards_senior_0801.jsonl:4,4,0.37362637362637363,0.77629513343799061,0.57135530481065655,0.80153161971581155
9173,tabular-playground-series-may-2022__242786b5b67d461d9e11c4830b75eb8c,cards_ours_20260727.jsonl:114,2,0.36464088397790057,0.091160220994475141,0.33151193282878161,0.12416819589505618
9173,tabular-playground-series-may-2022__5e16ecb8fdb1429ca6617f25dc3dffac,cards_ours_20260727.jsonl:114,2,0.36464088397790057,0.091160220994475141,0.31420697732600039,0.1211572307945851
9173,tabular-playground-series-may-2022__f7fdb3bb45a9446a892b9658a7649f80,cards_ours_20260727.jsonl:114,2,0.36464088397790057,0.091160220994475141,0.35021133810418681,0.12208835487540794
9173,tweet-sentiment-extraction__0a0cc958b101410bb78c7b4aa2e35de7,cards_ours_20260727.jsonl:78,1,0.38043478260869568,0.12681159420289856,0.1979070889607577,0.10926401428282376
9173,tweet-sentiment-extraction__e81936fc2667464d8c5cb91c12c2dae1,cards_ours_20260727.jsonl:78,1,0.38043478260869568,0.12681159420289856,0.1915865957572632,0.10885546874574591
9173,us-patent-phrase-to-phrase-matching__377975af886d4537bf3642d36be325b8,cards_senior_0809.jsonl:0,1,0.38043478260869568,0.27173913043478265,0.30546473425578319,0.21751712584015642
9173,us-patent-phrase-to-phrase-matching__48b67d035f0442d0893e85642d0c5c70,cards_senior_0809.jsonl:0,1,0.38043478260869568,0.27173913043478265,0.30110687773367295,0.21736492521043627
9173,whale-categorization-playground__a654a03bb40a4ae68b4f006b23fb7ef6,cards_senior_0808.jsonl:4,3,0.37634408602150538,0.37634408602150538,0.35391131959548844,0.32623451527155622
9173,whale-categorization-playground__bd9fe2cb573d4bd1bd064db704f7cbba,cards_senior_0808.jsonl:4,3,0.37634408602150538,0.37634408602150538,0.37201743396717929,0.33234863872321802
9173,chaii-hindi-and-tamil-question-answering__79675e23561e437885211692d32c5024,cards_senior_0801.jsonl:13,3,0.37634408602150538,0.21565113500597372,0.16484512754448116,0.15651069806238119
9173,chaii-hindi-and-tamil-question-answering__859755a3dccf447cbe49d1ab8a718158,cards_senior_0801.jsonl:13,3,0.37634408602150538,0.21565113500597372,0.16447864465208761,0.15866283769851741
9173,denoising-dirty-documents__3f15dea796044d05a16fd6e273d740d8,cards_senior_0804.jsonl:23,0,0.37433155080213903,0.12477718360071301,0.18677959978721639,0.096170384522063251
9173,denoising-dirty-documents__ec6f4762e28d40baaf94ee6b6664a820,cards_senior_0804.jsonl:23,0,0.37433155080213903,0.12477718360071301,0.18227053972849341,0.094961393203778263
9174,chaii-hindi-and-tamil-question-answering__4f53d7ec0a9a4cf493e0b830f2ea81f1,cards_senior_0801.jsonl:18,2,0.37158469945355194,0.27556596409055428,0.19430716999876652,0.20987755250613729
9174,chaii-hindi-and-tamil-question-answering__5d0ed2ed05c0444d9cb5b339be9fdc76,cards_senior_0801.jsonl:18,2,0.37158469945355194,0.27556596409055428,0.19808876324802241,0.2117415654429991
9174,chaii-hindi-and-tamil-question-answering__b2ad93da8c144c78b743ca04be0b9076,cards_senior_0801.jsonl:18,2,0.37158469945355194,0.27556596409055428,0.19917369886306147,0.21273561188354537
9174,denoising-dirty-documents__676afd4f1b2048cfa3bb87a9501c0de8,cards_senior_0727.jsonl:16,3,0.37433155080213903,0.26737967914438504,0.25362121504453811,0.19875451134522262
9174,denoising-dirty-documents__9122d7821f0d4e59b227733c2554700b,cards_senior_0727.jsonl:16,3,0.37433155080213903,0.26737967914438504,0.24173013384171291,0.18830188991533328
9174,google-quest-challenge__3d3145e426b04dc1a112c0832c002be2,cards_senior_0731.jsonl:8,4,0.38502673796791442,0.27501909854851031,0.24415947215837602,0.20823206599701116
9174,google-quest-challenge__9f74747856c543728a41fbad7c6faf26,cards_senior_0731.jsonl:8,4,0.38502673796791442,0.27501909854851031,0.24971236881180348,0.2096606577603656
9174,kuzushiji-recognition__73e99f460e924a9e88321f1949932b3b,cards_senior_0804.jsonl:10,1,0.375,0.375,0.33121160772237113,0.31624874121389135
9174,kuzushiji-recognition__9524d52febcd4295ad84c4af399e1324,cards_senior_0804.jsonl:10,1,0.375,0.375,0.3630990391969765,0.3367754883758764
9174,leaf-classification__60b488f9620146388be7609e453aee44,cards_senior_0808.jsonl:34,0,0.36312849162011174,0.4022346368715084,0.46091951720507673,0.3876933075302933
9174,leaf-classification__b98b686b95184ee98e13a7e8b7ed4368,cards_senior_0808.jsonl:34,0,0.36312849162011174,0.4022346368715084,0.4665358909249202,0.39524441603220478
9174,leaf-classification__dd2c3d9b946e4ada942d99bcabfe7d98,cards_senior_0808.jsonl:34,0,0.36312849162011174,0.4022346368715084,0.45302185915286342,0.3832773539730181
9174,learning-agency-lab-automated-essay-scoring-2__2fd4cc3940ce4d0fb1c213b397104657,cards_senior_0803.jsonl:6,0,0.36312849162011174,0.4154030327214685,0.38495180570320742,0.42385009985861433
9174,learning-agency-lab-automated-essay-scoring-2__ba54479d2a1e448e80aa38d85d4d6470,cards_senior_0803.jsonl:6,0,0.36312849162011174,0.4154030327214685,0.42605786776058885,0.45398187932760975
9174,mlsp-2013-birds__232a055870ca4572b7fc070264a338eb,cards_senior_0802.jsonl:4,0,0.36312849162011174,0.38156424581005588,0.45115828065680869,0.41874141110217294
9174,mlsp-2013-birds__3f1b6baa29ee48bfba34b73ebe2933b6,cards_senior_0802.jsonl:4,0,0.36312849162011174,0.38156424581005588,0.4182279359353045,0.39597378931397337
9174,mlsp-2013-birds__c9597f7b1aef4ebb8bd655c3ace5bf8a,cards_senior_0802.jsonl:4,0,0.36312849162011174,0.38156424581005588,0.40387412737288353,0.38826118287056749
9174,mlsp-2013-birds__d3547e171d7243b1a0e4f77c3c6fe74b,cards_senior_0802.jsonl:4,0,0.36312849162011174,0.38156424581005588,0.4294484999750488,0.40350602716329614
9174,nomad2018-predict-transparent-conductors__3abc50e2bddc4454b0ee7b9ec92e1263,cards_senior_0805seq.jsonl:19,2,0.37158469945355194,0.4286581663630844,0.44486545767931207,0.46424725359709634
9174,nomad2018-predict-transparent-conductors__7a0ce85adaff49c49dae9357b9347dc6,cards_senior_0805seq.jsonl:19,2,0.37158469945355194,0.4286581663630844,0.43260496680564886,0.45740128625936827
9174,petfinder-pawpularity-score__9251a8fa822f4d5fbeee6609ff544d84,cards_senior_0730.jsonl:4,1,0.375,0.35227272727272729,0.37115640220271362,0.33715547986125577
9174,petfinder-pawpularity-score__e4b073d8ebc042b1831c55c6438b9e6a,cards_senior_0730.jsonl:4,1,0.375,0.35227272727272729,0.54081951347132984,0.43106346424182412
9174,random-acts-of-pizza__02ab01e7d3624270a317cd6c9c52af77,cards_gen2C.jsonl:2,4,0.38502673796791442,0.79500891265597151,0.43933090828095667,0.75060449345718561
9174,random-acts-of-pizza__a672b879e7f9459c9ca2ea299751f4b2,cards_gen2C.jsonl:2,4,0.38502673796791442,0.79500891265597151,0.42781409626589878,0.74156881141324582
9174,random-acts-of-pizza__d7e488f0729c41aeb94a7502bff7fc4d,cards_gen2C.jsonl:2,4,0.38502673796791442,0.79500891265597151,0.43643392744046333,0.75051101485866056
9174,spooky-author-identification__38648184253c4e7792d7658657da0746,cards_senior_0801.jsonl:6,1,0.375,0.82638888888888884,0.72519732266113157,0.87415313185078314
9174,spooky-author-identification__40e09976978641a1a0f8ddc87586731a,cards_senior_0801.jsonl:6,1,0.375,0.82638888888888884,0.72976207404158777,0.87666224828737915
9174,spooky-author-identification__414aed3e532a4130bb3ec66bd5efa9ea,cards_senior_0801.jsonl:6,1,0.375,0.82638888888888884,0.73891680595550135,0.8786012071672008
9174,tabular-playground-series-dec-2021__72c882b1d87c45b09471af711496de1a,cards_senior_0807.jsonl:22,2,0.37158469945355194,0.20643594414086219,0.30626592593987806,0.18874065178046001
9174,tabular-playground-series-dec-2021__81b08a9c23464eb1a0f7861d6fd90b67,cards_senior_0807.jsonl:22,2,0.37158469945355194,0.20643594414086219,0.31884021833306281,0.19196302768848367
9174,tabular-playground-series-may-2022__2db19efb799e4de5895edb93d85b2566,cards_senior_0801.jsonl:29,0,0.36312849162011174,0.13966480446927376,0.32365021145817319,0.12043993664454382
9174,tabular-playground-series-may-2022__4fdd3e809b0f4a3faf2db69645b93c4b,cards_senior_0801.jsonl:29,0,0.36312849162011174,0.13966480446927376,0.38680019273087257,0.15528162383207758
9174,tabular-playground-series-may-2022__79d61fdff64b43d38b5ff3296acc2652,cards_senior_0801.jsonl:29,0,0.36312849162011174,0.13966480446927376,0.36704079178488164,0.13587354040562968
9174,tabular-playground-series-may-2022__da119d83b67a44ee9f88a3327245e55e,cards_senior_0801.jsonl:29,0,0.36312849162011174,0.13966480446927376,0.40477506346443187,0.15037814615542974
9174,text-normalization-challenge-english-language__29f436da5b0648589fc09c95fd35802c,cards_senior_0808.jsonl:22,4,0.38502673796791442,0.27501909854851031,0.37180022791649214,0.25440937839165695
9174,text-normalization-challenge-english-language__a6194a4710b54ff192d573518f37ce94,cards_senior_0808.jsonl:22,4,0.38502673796791442,0.27501909854851031,0.35549912773919107,0.24816909450123831
9174,text-normalization-challenge-russian-language__17aee59d02c4456da6f4c9f0a012608e,cards_senior_0809.jsonl:23,0,0.36312849162011174,0.36312849162011174,0.2377532745322026,0.26663667720830769
9174,text-normalization-challenge-russian-language__ec66f21087014f2f9ef743b6d89534a2,cards_senior_0809.jsonl:23,0,0.36312849162011174,0.36312849162011174,0.23127886315678628,0.26318524218505202
9174,tweet-sentiment-extraction__ba991b0a79ab4c0b891f8b9d0a51596b,cards_senior_0808.jsonl:31,2,0.37158469945355194,0.20643594414086219,0.25170835748750209,0.17573335555800015
9174,tweet-sentiment-extraction__ebc3354908f34e22a46f39eedfe14ff7,cards_senior_0808.jsonl:31,2,0.37158469945355194,0.20643594414086219,0.2475967775335548,0.17342584344317749
9174,us-patent-phrase-to-phrase-matching__4d490c1fd354424590af4de01f88d37e,cards_senior_0809.jsonl:3,1,0.375,0.375,0.55209294058692715,0.47744874495140777
9174,us-patent-phrase-to-phrase-matching__de37da6839394cd6b7b11d20cb6c5fa0,cards_senior_0809.jsonl:3,1,0.375,0.375,0.53664297589401799,0.46371485891550407
9174,whale-categorization-playground__42946e2d791e42b7950c54b9f578160a,cards_senior_0808.jsonl:4,3,0.37433155080213903,0.37433155080213903,0.3332435515434013,0.32766813322323413
9174,whale-categorization-playground__75cc6d17e1474aa4a703511062f10870,cards_senior_0808.jsonl:4,3,0.37433155080213903,0.37433155080213903,0.3301583095608151,0.32320908530804754
9174,chaii-hindi-and-tamil-question-answering__bc2b2933e9a344838ef44954e87a5a79,cards_senior_0801.jsonl:18,2,0.37158469945355194,0.27556596409055428,0.185280199750464,0.19992081139729284
9174,chaii-hindi-and-tamil-question-answering__e52f191218764c6286271c5d08770f64,cards_senior_0801.jsonl:18,2,0.37158469945355194,0.27556596409055428,0.19686755581033857,0.20712953770003006
9174,chaii-hindi-and-tamil-question-answering__fe380beafe764af0bccfea134d0032b5,cards_senior_0801.jsonl:18,2,0.37158469945355194,0.27556596409055428,0.16905849074248064,0.18774543336207405
9174,denoising-dirty-documents__3ad8b9e4925d4292bdca3ed8183feb67,cards_senior_0731.jsonl:13,3,0.37433155080213903,0.26737967914438504,0.3043234816765179,0.23959457187141081
9174,denoising-dirty-documents__b866c25ad23841308fad35ae81f27a90,cards_senior_0731.jsonl:13,3,0.37433155080213903,0.26737967914438504,0.30759409018071421,0.23882014576549554
9174,google-quest-challenge__0f314d3d03ab4226be148679544edf63,cards_senior_0731.jsonl:8,4,0.38502673796791442,0.27501909854851031,0.21884332443953919,0.1920783344083451
9174,google-quest-challenge__43f44abea2d04a8e993bbcf60a6646d7,cards_senior_0731.jsonl:8,4,0.38502673796791442,0.27501909854851031,0.27838594418566087,0.22630190728587379
9174,leaf-classification__0012a07f48b648679734623e5e3acbee,cards_senior_0808.jsonl:34,0,0.36312849162011174,0.4022346368715084,0.48454812728539903,0.40745837582875138
9174,leaf-classification__156c3f5007194dec993c6183a80af50f,cards_senior_0808.jsonl:34,0,0.36312849162011174,0.4022346368715084,0.48322437491837578,0.40729033393679043
9174,leaf-classification__6a0fb84e84c54521889bbf92076512f0,cards_senior_0808.jsonl:34,0,0.36312849162011174,0.4022346368715084,0.49808440714872892,0.41194833802442271
9174,learning-agency-lab-automated-essay-scoring-2__507578e20ae54b25bdde6dc425eafa7d,cards_senior_0803.jsonl:3,2,0.37158469945355194,0.16890213611525087,0.19438590898001226,0.11278924471319586
9174,learning-agency-lab-automated-essay-scoring-2__5ea8aa0cafac46408fa42d1c3e30d058,cards_senior_0803.jsonl:3,2,0.37158469945355194,0.16890213611525087,0.24216476644461485,0.13219210317919411
9174,learning-agency-lab-automated-essay-scoring-2__e98c27a1655f4bbda2fc621ba07c232c,cards_senior_0803.jsonl:3,2,0.37158469945355194,0.16890213611525087,0.19996726905792148,0.11246165153336057
9174,mlsp-2013-birds__14b366b28c65451f963287bb1c29baaf,cards_senior_0802.jsonl:4,0,0.36312849162011174,0.38156424581005588,0.43615573579954364,0.39980631071277067
9174,mlsp-2013-birds__71bf705af9984d7b8bf7216cee3e9106,cards_senior_0802.jsonl:4,0,0.36312849162011174,0.38156424581005588,0.46363282681006074,0.4201323323508705
9174,nomad2018-predict-transparent-conductors__5598d009668c49b6a7c0fb26075bb5e5,cards_senior_0805seq.jsonl:19,2,0.37158469945355194,0.4286581663630844,0.42151778763353293,0.45203930306248213
9174,nomad2018-predict-transparent-conductors__71f9051c0d944fdfb6aafbbd874504df,cards_senior_0805seq.jsonl:19,2,0.37158469945355194,0.4286581663630844,0.45957473097265911,0.4734394861807073
9174,spooky-author-identification__789703b0e1c348e695596428d21fac38,cards_senior_0801.jsonl:4,4,0.38502673796791442,0.78036669213139809,0.57474241478447974,0.79172243364656247
9174,spooky-author-identification__b9c86b77ce174df0a2164cb7cf2685af,cards_senior_0801.jsonl:4,4,0.38502673796791442,0.78036669213139809,0.61809500282929242,0.81565001041247276
9174,tabular-playground-series-dec-2021__8b54ad5da3684393a8a2caceb614ee34,cards_senior_0807.jsonl:23,3,0.37433155080213903,0.20796197266785502,0.3072162822339099,0.17815806507343313
9174,tabular-playground-series-dec-2021__dd7529c2a690472ba81bdc67d9f30382,cards_senior_0807.jsonl:23,3,0.37433155080213903,0.20796197266785502,0.31057179438073879,0.1811142495224668
9174,tabular-playground-series-may-2022__0ec47cd5c46844e2aadf12bf694b6d69,cards_ours_20260727.jsonl:133,0,0.36312849162011174,0.13966480446927376,0.36048209968992578,0.15228725106089283
9174,tabular-playground-series-may-2022__c8c1855386084a54a8ebe192e60a7f4d,cards_ours_20260727.jsonl:133,0,0.36312849162011174,0.13966480446927376,0.36830497532376194,0.14874365185456609
9174,text-normalization-challenge-english-language__0ed7f9763c4c4e3eb123445278690dae,cards_senior_0808.jsonl:22,4,0.38502673796791442,0.27501909854851031,0.34650769009582588,0.23871160931156749
9174,text-normalization-challenge-english-language__c317471eb4c549a7b736a7104a543b79,cards_senior_0808.jsonl:22,4,0.38502673796791442,0.27501909854851031,0.30716038740312968,0.216850072789153
9174,text-normalization-challenge-russian-language__12df4ee4a31c43728bf318e397db833e,cards_senior_0809.jsonl:23,0,0.36312849162011174,0.36312849162011174,0.22101409760438664,0.25601361855304522
9174,text-normalization-challenge-russian-language__c31cc5384e6f4f609ece877427c14945,cards_senior_0809.jsonl:23,0,0.36312849162011174,0.36312849162011174,0.21751169665210932,0.25383589093350178
9174,tweet-sentiment-extraction__46adc5e68d6b40dbb11b144b2641767b,cards_senior_0806.jsonl:24,3,0.37433155080213903,0.14397367338543809,0.20396452487332098,0.1191192527009937
9174,tweet-sentiment-extraction__d680305409224abba779c433973d67ad,cards_senior_0806.jsonl:24,3,0.37433155080213903,0.14397367338543809,0.20068184352032947,0.11750540010480118
9174,us-patent-phrase-to-phrase-matching__3c22a06bf2df41b8a3919319aec84af6,cards_senior_0809.jsonl:0,1,0.375,0.375,0.35820771232720044,0.36936548836242017
9174,us-patent-phrase-to-phrase-matching__5a4a8e6b293441ce96f5f0545568af76,cards_senior_0809.jsonl:0,1,0.375,0.375,0.37373568671041357,0.37382083421097706
9174,whale-categorization-playground__4357df5db0134f668959aefa0ee73ba6,cards_senior_0808.jsonl:4,3,0.37433155080213903,0.37433155080213903,0.39076442318946053,0.35226080586643693
9174,whale-categorization-playground__526ebe6d24d44d8f93c8e506236ec587,cards_senior_0808.jsonl:4,3,0.37433155080213903,0.37433155080213903,0.41364973612720851,0.36597417396022597
9174,chaii-hindi-and-tamil-question-answering__463ad7dc1f7b4afe96a64bcfaba5d002,cards_ours_20260727.jsonl:173,3,0.37433155080213903,0.11697860962566844,0.18226410082555511,0.097108131909895076
9174,chaii-hindi-and-tamil-question-answering__f51b404ae74e4e72a4517e0733b4e1f6,cards_ours_20260727.jsonl:173,3,0.37433155080213903,0.11697860962566844,0.45921691775228368,0.20913552021958587
9174,denoising-dirty-documents__6dd95edcab0e45559bb741b08b038a76,cards_senior_0731.jsonl:13,3,0.37433155080213903,0.26737967914438504,0.29734206239951022,0.23543207617869225
9174,denoising-dirty-documents__f39ee4ce2db14bc68771c9773ec0a47f,cards_senior_0731.jsonl:13,3,0.37433155080213903,0.26737967914438504,0.27012345409154409,0.21511169826482562
9174,google-quest-challenge__9c121e84fa5a451e87b48f608b215dd4,cards_senior_0731.jsonl:8,4,0.38502673796791442,0.27501909854851031,0.24457097983123768,0.20797708520587474
9174,google-quest-challenge__af65cdfcccea47739bbbd7014fb7f5d6,cards_senior_0731.jsonl:8,4,0.38502673796791442,0.27501909854851031,0.25422567784505823,0.21218740528309452
9174,leaf-classification__057eea44bbc44c398d28cb637cf4dc58,cards_senior_0808.jsonl:34,0,0.36312849162011174,0.4022346368715084,0.52582917208841173,0.43652373925448734
9174,leaf-classification__73e11f5203254134a921f4cb4cf0f43f,cards_senior_0808.jsonl:34,0,0.36312849162011174,0.4022346368715084,0.55498559044458162,0.44855209074387498
9174,leaf-classification__d7f05a7d1c444f3b83fc5cb5e0070510,cards_senior_0808.jsonl:34,0,0.36312849162011174,0.4022346368715084,0.50670287842084372,0.424093216739931
9174,learning-agency-lab-automated-essay-scoring-2__71b7798f122449e7bcd5933fe6c9d375,cards_senior_0803.jsonl:6,0,0.36312849162011174,0.4154030327214685,0.25210252666626359,0.36112734264632146
9174,learning-agency-lab-automated-essay-scoring-2__77aac523f90d4cf5afe2eaa03733a189,cards_senior_0803.jsonl:6,0,0.36312849162011174,0.4154030327214685,0.57263766469704969,0.5574930108009728
9174,mlsp-2013-birds__2d983a9212234554a59cec88a93e6e0b,cards_senior_0802.jsonl:4,0,0.36312849162011174,0.38156424581005588,0.38039727599966405,0.36833100682038
9174,mlsp-2013-birds__908d280fda604c43bb7a5e87420e46c3,cards_senior_0802.jsonl:4,0,0.36312849162011174,0.38156424581005588,0.37704061961798552,0.36523288663827819
9174,mlsp-2013-birds__9ccfc1b22cde40db8fc67b8081d0293b,cards_senior_0802.jsonl:4,0,0.36312849162011174,0.38156424581005588,0.38352585723874127,0.371321382181725
9174,mlsp-2013-birds__9d6111ad09d84e7aa563821c26dd77b2,cards_senior_0802.jsonl:4,0,0.36312849162011174,0.38156424581005588,0.36365204223112352,0.3575401007202792
9174,mlsp-2013-birds__ed8784a6a4c44472a644dcb7a4360f3b,cards_senior_0802.jsonl:4,0,0.36312849162011174,0.38156424581005588,0.38343682176159777,0.36994763854520946
9174,nomad2018-predict-transparent-conductors__02f0dbdfcaa94bba8234b5af0a436362,cards_senior_0805seq.jsonl:19,2,0.37158469945355194,0.4286581663630844,0.41230464887550244,0.44775377187479798
9174,nomad2018-predict-transparent-conductors__449d90db5caa4116a92282d7991684a5,cards_senior_0805seq.jsonl:19,2,0.37158469945355194,0.4286581663630844,0.44023456949171336,0.45837287824986017
9174,spooky-author-identification__c8e9e4089e9d44598bf956bc4cdf901f,cards_senior_0730.jsonl:5,2,0.37158469945355194,0.79052823315118392,0.51791603405429687,0.78549292724916964
9174,spooky-author-identification__d8350d06746c49189b3700f3ae207569,cards_senior_0730.jsonl:5,2,0.37158469945355194,0.79052823315118392,0.58205438341887539,0.81339521822731631
9174,spooky-author-identification__df8572420c294f869b30c2646e8dbce8,cards_senior_0730.jsonl:5,2,0.37158469945355194,0.79052823315118392,0.56357402576429183,0.8033480014269283
9174,tabular-playground-series-dec-2021__36787b1cf20b412e8716ea12368675bf,cards_senior_0801.jsonl:38,0,0.36312849162011174,0.20173805090006208,0.34341048260820051,0.19712031803993948
9174,tabular-playground-series-dec-2021__dbdf36e610354c398b8b0d89cee8fbd4,cards_senior_0801.jsonl:38,0,0.36312849162011174,0.20173805090006208,0.32769691461150391,0.19822252942952756
9174,tabular-playground-series-may-2022__5b0e8613150c44ae85338d3bcf5a6369,cards_senior_0801.jsonl:29,0,0.36312849162011174,0.13966480446927376,0.35121138808287783,0.12570539615695073
9174,tabular-playground-series-may-2022__b8fec3edbb0d4e0d8be0e0b649552878,cards_senior_0801.jsonl:29,0,0.36312849162011174,0.13966480446927376,0.3140476444492592,0.11509515777245012
9174,tabular-playground-series-may-2022__c89ea85cc0184427a9225edf4d8503e5,cards_senior_0801.jsonl:29,0,0.36312849162011174,0.13966480446927376,0.32882268477735976,0.12002394226917584
9174,tabular-playground-series-may-2022__d75dd58e0bff47e9bd665df475ee1470,cards_senior_0801.jsonl:29,0,0.36312849162011174,0.13966480446927376,0.33387795503014589,0.12159837286475887
9174,text-normalization-challenge-english-language__9392f64ff1f84e9284c2dd8a154a7075,cards_senior_0808.jsonl:22,4,0.38502673796791442,0.27501909854851031,0.34716826713416632,0.25390875993064171
9174,text-normalization-challenge-english-language__a985c60513e94d3689ab07945cc0bbff,cards_senior_0808.jsonl:22,4,0.38502673796791442,0.27501909854851031,0.35701906230296504,0.25780688892991832
9174,text-normalization-challenge-russian-language__2fe66094d42742808d9a58b89318bbe2,cards_senior_0809.jsonl:23,0,0.36312849162011174,0.36312849162011174,0.22269188867157863,0.25544274597224981
9174,text-normalization-challenge-russian-language__bb14510d97f9431b9d38af8c0c6ec464,cards_senior_0809.jsonl:23,0,0.36312849162011174,0.36312849162011174,0.22142873316602948,0.25472317220070595
9174,tweet-sentiment-extraction__2dd226e419444bda9332f9335227453b,cards_senior_0806.jsonl:24,3,0.37433155080213903,0.14397367338543809,0.20202019256962009,0.11802753391673834
9174,tweet-sentiment-extraction__682d524e66a341aeaea1f6bfc8e79e3f,cards_senior_0806.jsonl:24,3,0.37433155080213903,0.14397367338543809,0.20961837096048153,0.12156365900624067
9174,us-patent-phrase-to-phrase-matching__8a679e73b8e347bab4c5736235428580,cards_senior_0809.jsonl:0,1,0.375,0.375,0.35510044746656882,0.35241343448357793
9174,us-patent-phrase-to-phrase-matching__e6c01b00731d4e28a6061eb7473253d0,cards_senior_0809.jsonl:0,1,0.375,0.375,0.35537110882021677,0.35409171181204779
9174,whale-categorization-playground__1993f9bcf0ee4bfeaaea9a7034c8e08e,cards_senior_0808.jsonl:4,3,0.37433155080213903,0.37433155080213903,0.33406479536637906,0.32210984638990864
9174,whale-categorization-playground__810bfcc7bb3a44d396a6056bb651d30f,cards_senior_0808.jsonl:4,3,0.37433155080213903,0.37433155080213903,0.3668148160793494,0.34239553192925598
9174,denoising-dirty-documents__5549e4182535479794bbe510d212e280,cards_senior_0731.jsonl:13,3,0.37433155080213903,0.26737967914438504,0.25158575765749813,0.20392501114607364
9174,denoising-dirty-documents__9ae54f31fa5043d6bf6288f9b2b031c2,cards_senior_0731.jsonl:13,3,0.37433155080213903,0.26737967914438504,0.25190537784687184,0.20844122989263789
9174,google-quest-challenge__5e9ca53a965341de95e27ea6a40732c6,cards_senior_0731.jsonl:8,4,0.38502673796791442,0.27501909854851031,0.25760080490284082,0.21236420734046654
9174,google-quest-challenge__d47652578a9f4b8e896dcf77a27f1573,cards_senior_0731.jsonl:8,4,0.38502673796791442,0.27501909854851031,0.24918300805212595,0.20970207971236166
9174,chaii-hindi-and-tamil-question-answering__809857640568405e918117ea19d34793,cards_senior_0728.jsonl:13,1,0.375,0.18452380952380953,0.25919849721623978,0.21172505326223762
9174,chaii-hindi-and-tamil-question-answering__9084669573164ec5b9a1dccb93b34a76,cards_senior_0728.jsonl:13,1,0.375,0.18452380952380953,0.26051293403119763,0.2157949551103796
9174,denoising-dirty-documents__2777b9434e904072953a89a92373797d,cards_senior_0727.jsonl:11,3,0.37433155080213903,0.26737967914438504,0.24462229562007676,0.19232768259619187
9174,denoising-dirty-documents__63efdaf0641947afad86fb6012c1752d,cards_senior_0727.jsonl:11,3,0.37433155080213903,0.26737967914438504,0.24316700822513471,0.18996930400672302
9174,google-quest-challenge__cfdb38bd32284dd1b14ffe5f63059aa2,cards_senior_0806.jsonl:8,0,0.36312849162011174,0.22444955635885641,0.24060909291989821,0.21136706914696038
9174,google-quest-challenge__e056f23b7e7345cc99b98ec98dbc0224,cards_senior_0806.jsonl:8,0,0.36312849162011174,0.22444955635885641,0.21653615011082819,0.19921595598251299
9174,kuzushiji-recognition__182f4cda0713445da9215b141532d19c,cards_senior_0806.jsonl:13,1,0.375,0.375,0.32180550629355947,0.32238519213950684
9174,kuzushiji-recognition__2f8ad4b6f65e4c7b8d9da78aec6a8d9a,cards_senior_0806.jsonl:13,1,0.375,0.375,0.35686446412411105,0.34174145027257063
9174,leaf-classification__991d5e2597c6435aa1d658f2f46639f1,cards_senior_0808.jsonl:34,0,0.36312849162011174,0.4022346368715084,0.51359195989080886,0.43038824711131918
9174,leaf-classification__ee501d742baa4e5eb3737e1746896c43,cards_senior_0808.jsonl:34,0,0.36312849162011174,0.4022346368715084,0.52688476865199041,0.43379290995772463
9174,learning-agency-lab-automated-essay-scoring-2__582b2c4449b042abbd35afa7f0161ae7,cards_senior_0808.jsonl:8,4,0.38502673796791442,0.37032085561497324,0.33920781803369715,0.37684085471918438
9174,learning-agency-lab-automated-essay-scoring-2__6e8d2b60f702410b9ce09b32bd3a5b2d,cards_senior_0808.jsonl:8,4,0.38502673796791442,0.37032085561497324,0.25704570283519124,0.32413336602618859
9174,mlsp-2013-birds__83676ff46373471d9a13d595e5dfabd9,cards_senior_0728.jsonl:18,4,0.38502673796791442,0.56786350903997962,0.38278484082499836,0.52782661363378036
9174,mlsp-2013-birds__88f03e044884470daa459768f08242d1,cards_senior_0728.jsonl:18,4,0.38502673796791442,0.56786350903997962,0.33740357750904437,0.50636968206636457
9174,mlsp-2013-birds__d8afa823f0a64069bb2ff77d64afd36d,cards_senior_0728.jsonl:18,4,0.38502673796791442,0.56786350903997962,0.39565800758577518,0.54200428497115849
9174,nomad2018-predict-transparent-conductors__2fa45c41870740aaa5179d06e3daa1f2,cards_senior_0805seq.jsonl:19,2,0.37158469945355194,0.4286581663630844,0.43483387585269789,0.46086375142787939
9174,nomad2018-predict-transparent-conductors__ab835174b2654d69bfb2ad1ff8779042,cards_senior_0805seq.jsonl:19,2,0.37158469945355194,0.4286581663630844,0.42750100466148072,0.45212492219437211
9174,petfinder-pawpularity-score__164ee2d978574b42a052ec28a7d88eef,cards_senior_0730.jsonl:0,4,0.38502673796791442,0.56073338426279595,0.4374216132445406,0.60327301798975563
9174,petfinder-pawpularity-score__2d478cc7a3c244028234f9e7585340c4,cards_senior_0730.jsonl:0,4,0.38502673796791442,0.56073338426279595,0.52537407027443717,0.65057020847375446
9174,random-acts-of-pizza__0f1e5cd6c6de460abaae7877daf9aa69,cards_ours_20260727.jsonl:68,1,0.375,0.6875,0.614227584070415,0.78673916941520694
9174,random-acts-of-pizza__9ca2d2e324f740ef85c2d32a7380ac6f,cards_ours_20260727.jsonl:68,1,0.375,0.6875,0.63617226320314058,0.79329235960862332
9174,random-acts-of-pizza__fa4524bd04a2450e9f937a60d2db3cce,cards_ours_20260727.jsonl:68,1,0.375,0.6875,0.60019391670957012,0.78525750638519132
9174,spaceship-titanic__df0e799d4c294c78a20d756c405fee68,cards_ours_20260727.jsonl:3,1,0.375,0.375,0.34226776133281345,0.3752185345204877
9174,spaceship-titanic__ffc4990563cd4b8e8561b15fd47f1488,cards_ours_20260727.jsonl:3,1,0.375,0.375,0.31897318654333007,0.34656395888307806
9174,spooky-author-identification__31dc45ab82da453fa070417d3e97b475,cards_t3era_missing.jsonl:14,4,0.38502673796791442,0.78036669213139809,0.56577814929823567,0.80006285073085115
9174,spooky-author-identification__8f9956778f6b4e9ea7b6af0a7f82e4a6,cards_t3era_missing.jsonl:14,4,0.38502673796791442,0.78036669213139809,0.48001747612471107,0.76320541464811487
9174,spooky-author-identification__b1638019d27044b7a3c20ec855526869,cards_t3era_missing.jsonl:14,4,0.38502673796791442,0.78036669213139809,0.64833761822456937,0.83500064797737183
9174,tabular-playground-series-may-2022__3bd55e0164e9413cbeaa16b558f4b9b5,cards_ours_20260727.jsonl:116,1,0.375,0.09375,0.33220316320895599,0.1251371030293025
9174,tabular-playground-series-may-2022__54771d7d3c3243cb98c0e06d98a7229e,cards_ours_20260727.jsonl:116,1,0.375,0.09375,0.30828209950610364,0.11963183521700324
9174,tabular-playground-series-may-2022__dd85f0501dc3491ab42ffdbb35eed3b8,cards_ours_20260727.jsonl:116,1,0.375,0.09375,0.39059699728893066,0.14082467643023705
9174,text-normalization-challenge-english-language__34edc8d8a8ac4541b0a2be857e2e91ba,cards_senior_0808.jsonl:23,1,0.375,0.14423076923076922,0.21489023649026459,0.13173137315770242
9174,text-normalization-challenge-english-language__99a26b06e08f45699153b0ee7ad77137,cards_senior_0808.jsonl:23,1,0.375,0.14423076923076922,0.2058377625038752,0.12679193753110768
9174,tweet-sentiment-extraction__8d8df13692c14f7db7597f2cad9346cf,cards_senior_0808.jsonl:31,2,0.37158469945355194,0.20643594414086219,0.24238325654593587,0.17058410255034809
9174,tweet-sentiment-extraction__e1266dc1dbe04bbfb31bfcee508ffddd,cards_senior_0808.jsonl:31,2,0.37158469945355194,0.20643594414086219,0.23853766590174194,0.16831300715343292
9174,us-patent-phrase-to-phrase-matching__1c4488edb7d64655b66855bb93bf1e8b,cards_senior_0809.jsonl:0,1,0.375,0.375,0.34081370226426566,0.35245143954072361
9174,us-patent-phrase-to-phrase-matching__62f7f6d4c93243f8b5cfb6c826567d0e,cards_senior_0809.jsonl:0,1,0.375,0.375,0.33932100114083646,0.35136482986527018
9174,whale-categorization-playground__1e0523c9f023474d8c2ff0f41e3c9969,cards_senior_0808.jsonl:4,3,0.37433155080213903,0.37433155080213903,0.33634321910052772,0.32160650740425067
9174,whale-categorization-playground__45dc507077d5444c9dca3ab6d8e46b79,cards_senior_0808.jsonl:4,3,0.37433155080213903,0.37433155080213903,0.34894654458028979,0.33420811533359446
9174,chaii-hindi-and-tamil-question-answering__9cc47ce945ac482dada73aa89c86ea95,cards_senior_0801.jsonl:18,2,0.37158469945355194,0.27556596409055428,0.20371656156313545,0.21085426233618898
9174,chaii-hindi-and-tamil-question-answering__a483163f252d42fc98190cbfa2abfacc,cards_senior_0801.jsonl:18,2,0.37158469945355194,0.27556596409055428,0.19369755121509363,0.20503210906577191
9174,chaii-hindi-and-tamil-question-answering__adf3351945ce4702bf8966e662ab3dcf,cards_senior_0801.jsonl:18,2,0.37158469945355194,0.27556596409055428,0.19695569979519995,0.20499633632034631
9174,denoising-dirty-documents__13f0395b31ec47c6a4f8116b12e3ce63,cards_senior_0731.jsonl:13,3,0.37433155080213903,0.26737967914438504,0.26079982948499003,0.21200855810268965
9174,denoising-dirty-documents__823936b3bbff49418a2f507faded41af,cards_senior_0731.jsonl:13,3,0.37433155080213903,0.26737967914438504,0.24183741869394881,0.20039224986379725
9174,google-quest-challenge__6ba46794dff84b4aa036ddff694451c2,cards_senior_0731.jsonl:8,4,0.38502673796791442,0.27501909854851031,0.23092001344532281,0.20463471321845467
9174,google-quest-challenge__d18100348572434fbfa74d3d01008623,cards_senior_0731.jsonl:8,4,0.38502673796791442,0.27501909854851031,0.22607573352914503,0.19750464961436628
9174,kuzushiji-recognition__181e0d660b9d488cbc03cfdf2e2dee1c,cards_senior_0806.jsonl:13,1,0.375,0.375,0.32083408186705137,0.32195611459352297
9174,kuzushiji-recognition__d986962a7a4d47e0ad49cda82797dbe8,cards_senior_0806.jsonl:13,1,0.375,0.375,0.31018966149085309,0.31540872961814342
9174,leaf-classification__04ab1a90eab841ddb77c99d84c5e1463,cards_senior_0808.jsonl:33,3,0.37433155080213903,0.8262032085561497,0.70408024606739472,0.85913623464953204
9174,leaf-classification__8d613d315033481d990dc9c0af53620a,cards_senior_0808.jsonl:33,3,0.37433155080213903,0.8262032085561497,0.75466072943221008,0.87320858170167004
9174,learning-agency-lab-automated-essay-scoring-2__50c87d8406ad4f17aa7b023c05d6a44c,cards_senior_0803.jsonl:3,2,0.37158469945355194,0.16890213611525087,0.20123770245969516,0.1104373581708821
9174,learning-agency-lab-automated-essay-scoring-2__ca6e4102a52745a388d5d1e6a5630a60,cards_senior_0803.jsonl:3,2,0.37158469945355194,0.16890213611525087,0.19783085824460817,0.11138167130597637
9174,mlsp-2013-birds__ea104eef9b0c40dbbe70f756d236f0da,cards_senior_0726.jsonl:10,3,0.37433155080213903,0.44871171609139521,0.45346687265737418,0.43740200084662556
9174,mlsp-2013-birds__f570cce01e6f4fc591ead51fb7dea6ae,cards_senior_0726.jsonl:10,3,0.37433155080213903,0.44871171609139521,0.45911374990152665,0.44127848140815951
9174,nomad2018-predict-transparent-conductors__1da1998ae9de457e96faac89241808e2,cards_senior_0805seq.jsonl:17,1,0.375,0.60576923076923073,0.40190795803136536,0.56220801940991483
9174,nomad2018-predict-transparent-conductors__ad9ad3eace7b4e40b52a38da1ab9fe2e,cards_senior_0805seq.jsonl:17,1,0.375,0.60576923076923073,0.42391699619389545,0.57991640207520034
9174,petfinder-pawpularity-score__28777132c16747d88ee33785cdea5ea7,cards_senior_0730.jsonl:0,4,0.38502673796791442,0.56073338426279595,0.49442008726719239,0.62565751928262148
9174,petfinder-pawpularity-score__3011b9f5b83e4e8f8077628482e6a0bd,cards_senior_0730.jsonl:0,4,0.38502673796791442,0.56073338426279595,0.49253926396074638,0.63090524243172574
9174,random-acts-of-pizza__0ee1fa402ecb43ae9906ef4aa3e16d1a,cards_gen3A.jsonl:3,1,0.375,0.6875,0.39592013798780429,0.68080188745690418
9174,random-acts-of-pizza__3a1402459a144c3cba0f2a91a5b8e721,cards_gen3A.jsonl:3,1,0.375,0.6875,0.50160799937811418,0.73392654013452729
9174,random-acts-of-pizza__8c5fe3fc63254b88bc949f6d53a9cb6a,cards_gen3A.jsonl:3,1,0.375,0.6875,0.52545982572799599,0.74591710505615094
9174,random-acts-of-pizza__9b9f4f95471a4b89972077ce62bdc1f8,cards_gen3A.jsonl:3,1,0.375,0.6875,0.5106073497657404,0.73947939625422932
9174,random-acts-of-pizza__f02f9281781f4290a64b5e40011b4479,cards_gen3A.jsonl:3,1,0.375,0.6875,0.4770080668045657,0.72557737724320259
9174,spooky-author-identification__16a678db368a417fbf00950915601fb9,cards_senior_0730.jsonl:5,2,0.37158469945355194,0.79052823315118392,0.55589229443783861,0.80051020011218421
9174,spooky-author-identification__653ba54bf46a4d82a9668d92db356211,cards_senior_0730.jsonl:5,2,0.37158469945355194,0.79052823315118392,0.57052621318103569,0.80223486904188135
9174,spooky-author-identification__900270a860234cc2b3ae8a0505bd105a,cards_senior_0730.jsonl:5,2,0.37158469945355194,0.79052823315118392,0.55603459440941849,0.7928985862187361
9174,tabular-playground-series-may-2022__63bb3182d23844efb65f5c6f635880c0,cards_ours_20260727.jsonl:140,2,0.37158469945355194,0.1032179720704311,0.35093926303356687,0.13325445689804458
9174,tabular-playground-series-may-2022__ee7c57076442408ab0cd8deda21efe3d,cards_ours_20260727.jsonl:140,2,0.37158469945355194,0.1032179720704311,0.36752927695958909,0.13692569150916323
9174,text-normalization-challenge-english-language__7008d36ab2f34145ad6685619b5dc6f5,cards_senior_0808.jsonl:22,4,0.38502673796791442,0.27501909854851031,0.31233720696673339,0.22039659119472946
9174,text-normalization-challenge-english-language__bacc0486e8514bb19fed5da934794b4f,cards_senior_0808.jsonl:22,4,0.38502673796791442,0.27501909854851031,0.35498603618268237,0.24269304425677932
9174,tweet-sentiment-extraction__ca1e8db2630c463c9f5cec8ec4372e82,cards_senior_0808.jsonl:31,2,0.37158469945355194,0.20643594414086219,0.25452748558944194,0.18163458931558629
9174,tweet-sentiment-extraction__f6c40c870e6a4745a99c42726964c10f,cards_senior_0808.jsonl:31,2,0.37158469945355194,0.20643594414086219,0.26436591979322654,0.18662170207839882
9174,us-patent-phrase-to-phrase-matching__0094c655584a4efebad270ab7be4a2d1,cards_senior_0809.jsonl:0,1,0.375,0.375,0.34927798544401845,0.36120691185971943
9174,us-patent-phrase-to-phrase-matching__7a13b994f5a24f8582ee2ac810a6d9df,cards_senior_0809.jsonl:0,1,0.375,0.375,0.33066118592909349,0.34887665205952023
9174,whale-categorization-playground__1eed9a1d3c2744ffbd658019805310aa,cards_senior_0808.jsonl:4,3,0.37433155080213903,0.37433155080213903,0.3887855077072962,0.34648548013175495
9174,whale-categorization-playground__4640830dea044d49866b722d18ca4db8,cards_senior_0808.jsonl:4,3,0.37433155080213903,0.37433155080213903,0.38565143491115533,0.3490752863474984
9174,chaii-hindi-and-tamil-question-answering__4246a977cac14f43b5383deb5a257697,cards_senior_0801.jsonl:13,3,0.37433155080213903,0.11697860962566844,0.16554869277098688,0.092514339898013331
9174,chaii-hindi-and-tamil-question-answering__57ce82f9247a4cc8b626b575d3f2c979,cards_senior_0801.jsonl:13,3,0.37433155080213903,0.11697860962566844,0.16358033565305541,0.092278380692522408
9174,chaii-hindi-and-tamil-question-answering__ce99d23bb4de4bd4bfe832f8937daca3,cards_senior_0801.jsonl:13,3,0.37433155080213903,0.11697860962566844,0.17034057262906593,0.094680267349614142
9174,denoising-dirty-documents__9b6a53da44cf4a7c909704e35cc9a7b0,cards_senior_0804.jsonl:24,3,0.37433155080213903,0.26737967914438504,0.24316718047520677,0.19249272652806187
9174,denoising-dirty-documents__d900b645d2f84cf2b3f0f905f2e0f5bc,cards_senior_0804.jsonl:24,3,0.37433155080213903,0.26737967914438504,0.23574429620285775,0.18869993594056717
9174,google-quest-challenge__b0136f10f1e34af1bea8d3b95494444d,cards_senior_0731.jsonl:8,4,0.38502673796791442,0.27501909854851031,0.2915018724816828,0.24081873896786124
9174,google-quest-challenge__c0db78dfced24417a26a9268ac68ca83,cards_senior_0731.jsonl:8,4,0.38502673796791442,0.27501909854851031,0.2781357306537332,0.2337410584770849
9174,kuzushiji-recognition__4dd7be980ff84ddba2cf9058c2885427,cards_senior_0804.jsonl:10,1,0.375,0.375,0.33396247991108036,0.32375636596476587
9174,kuzushiji-recognition__d6f23b0dbc6b4334a0ff06e695764651,cards_senior_0804.jsonl:10,1,0.375,0.375,0.32863070893595958,0.31860958271343659
9174,leaf-classification__494524617b54420f82384eeeca1bb3f8,cards_senior_0808.jsonl:34,0,0.36312849162011174,0.4022346368715084,0.52608364743001645,0.4363660155534938
9174,leaf-classification__eed56a4de8c846d199c496cea22662c6,cards_senior_0808.jsonl:34,0,0.36312849162011174,0.4022346368715084,0.52445556324199161,0.44003215598076578
9174,learning-agency-lab-automated-essay-scoring-2__70e2d9903c9a4c9cbeb84d1deb7775c2,cards_senior_0803.jsonl:3,2,0.37158469945355194,0.16890213611525087,0.18433005994700968,0.1069898591292555
9174,learning-agency-lab-automated-essay-scoring-2__ec12b99e12db4b4fa87adb2a6ce1a191,cards_senior_0803.jsonl:3,2,0.37158469945355194,0.16890213611525087,0.1934812431692573,0.11049867979983238
9174,mlsp-2013-birds__3fbdbce65f5d48f6ada1b1d94fe1e6e4,cards_senior_0802.jsonl:4,0,0.36312849162011174,0.38156424581005588,0.41787615891069696,0.38900456456638305
9174,mlsp-2013-birds__b058311fdf0247009ea12d70a6ae6e27,cards_senior_0802.jsonl:4,0,0.36312849162011174,0.38156424581005588,0.35849865603003667,0.35329633956409651
9174,mlsp-2013-birds__de69913224174ab1ad9e79cb410ca078,cards_senior_0802.jsonl:4,0,0.36312849162011174,0.38156424581005588,0.30921429648672627,0.31938627468784908
9174,nomad2018-predict-transparent-conductors__0b445119bd14461e8d644cd7865ce956,cards_senior_0805seq.jsonl:17,1,0.375,0.60576923076923073,0.41037748606243624,0.57434959932111529
9174,nomad2018-predict-transparent-conductors__d5916b67aaf1483c872bc47cefc07f85,cards_senior_0805seq.jsonl:17,1,0.375,0.60576923076923073,0.41162866093094092,0.57166000266395922
9174,petfinder-pawpularity-score__717816b3dcb9490e8c60cf7c0232a6f6,cards_senior_0806.jsonl:1,4,0.38502673796791442,0.56073338426279595,0.26717531929362398,0.47568579648904002
9174,petfinder-pawpularity-score__947a9114cbd64cb9838e1bbfdc050a06,cards_senior_0806.jsonl:1,4,0.38502673796791442,0.56073338426279595,0.40689229919322456,0.58168647459769596
9174,random-acts-of-pizza__d49ae6008eca4bd4b3f736f90dc6afac,cards_ours_20260727.jsonl:69,2,0.37158469945355194,0.80362021857923494,0.72844995480956221,0.86955442019906404
9174,random-acts-of-pizza__e52f8a668b95496aa04cd6a8d72f6642,cards_ours_20260727.jsonl:69,2,0.37158469945355194,0.80362021857923494,0.73850153354199355,0.87114008944759602
9174,spooky-author-identification__67f02ce1c7dd42c1b2aa07655e0eacf0,cards_senior_0801.jsonl:4,4,0.38502673796791442,0.78036669213139809,0.7152347680509592,0.85709511520445902
9174,spooky-author-identification__9212864b27984d118b518b96dc3b2886,cards_senior_0801.jsonl:4,4,0.38502673796791442,0.78036669213139809,0.60469591619471164,0.8131387576594018
9174,tabular-playground-series-may-2022__242786b5b67d461d9e11c4830b75eb8c,cards_ours_20260727.jsonl:114,2,0.37158469945355194,0.1032179720704311,0.39767047996647004,0.1441365450868187
9174,tabular-playground-series-may-2022__5e16ecb8fdb1429ca6617f25dc3dffac,cards_ours_20260727.jsonl:114,2,0.37158469945355194,0.1032179720704311,0.35193487159070463,0.1340332496054755
9174,tabular-playground-series-may-2022__f7fdb3bb45a9446a892b9658a7649f80,cards_ours_20260727.jsonl:114,2,0.37158469945355194,0.1032179720704311,0.37673777928773711,0.13417723578419757
9174,tweet-sentiment-extraction__0a0cc958b101410bb78c7b4aa2e35de7,cards_ours_20260727.jsonl:78,2,0.37158469945355194,0.20643594414086219,0.24513934514994049,0.17215224122966341
9174,tweet-sentiment-extraction__e81936fc2667464d8c5cb91c12c2dae1,cards_ours_20260727.jsonl:78,2,0.37158469945355194,0.20643594414086219,0.21706528119065013,0.15709838476853125
9174,us-patent-phrase-to-phrase-matching__377975af886d4537bf3642d36be325b8,cards_senior_0809.jsonl:0,1,0.375,0.375,0.34926002450258575,0.3540322830553056
9174,us-patent-phrase-to-phrase-matching__48b67d035f0442d0893e85642d0c5c70,cards_senior_0809.jsonl:0,1,0.375,0.375,0.3496806260147674,0.35614763727237614
9174,whale-categorization-playground__a654a03bb40a4ae68b4f006b23fb7ef6,cards_senior_0808.jsonl:4,3,0.37433155080213903,0.37433155080213903,0.38663614669327068,0.35863393512432662
9174,whale-categorization-playground__bd9fe2cb573d4bd1bd064db704f7cbba,cards_senior_0808.jsonl:4,3,0.37433155080213903,0.37433155080213903,0.40128179922975132,0.3623328966582372
9174,chaii-hindi-and-tamil-question-answering__79675e23561e437885211692d32c5024,cards_senior_0801.jsonl:13,3,0.37433155080213903,0.11697860962566844,0.15473122765680386,0.088686209728141702
9174,chaii-hindi-and-tamil-question-answering__859755a3dccf447cbe49d1ab8a718158,cards_senior_0801.jsonl:13,3,0.37433155080213903,0.11697860962566844,0.15473339004969641,0.090814322180392607
9174,denoising-dirty-documents__3f15dea796044d05a16fd6e273d740d8,cards_senior_0804.jsonl:23,4,0.38502673796791442,0.10132282578103011,0.15659569618618924,0.081322655514060357
9174,denoising-dirty-documents__ec6f4762e28d40baaf94ee6b6664a820,cards_senior_0804.jsonl:23,4,0.38502673796791442,0.10132282578103011,0.15422408817885463,0.080686655160750104
9175,chaii-hindi-and-tamil-question-answering__4f53d7ec0a9a4cf493e0b830f2ea81f1,cards_senior_0801.jsonl:18,2,0.37967914438502676,0.27845683728036669,0.21277144564996839,0.21810358250227188
9175,chaii-hindi-and-tamil-question-answering__5d0ed2ed05c0444d9cb5b339be9fdc76,cards_senior_0801.jsonl:18,2,0.37967914438502676,0.27845683728036669,0.21647619468707852,0.22234546075554684
9175,chaii-hindi-and-tamil-question-answering__b2ad93da8c144c78b743ca04be0b9076,cards_senior_0801.jsonl:18,2,0.37967914438502676,0.27845683728036669,0.21833992430370189,0.22293961835807077
9175,denoising-dirty-documents__676afd4f1b2048cfa3bb87a9501c0de8,cards_senior_0727.jsonl:16,4,0.3651685393258427,0.096096984033116506,0.19469558647521476,0.094108777436157476
9175,denoising-dirty-documents__9122d7821f0d4e59b227733c2554700b,cards_senior_0727.jsonl:16,4,0.3651685393258427,0.096096984033116506,0.20468556059739776,0.094855760236774944
9175,google-quest-challenge__3d3145e426b04dc1a112c0832c002be2,cards_senior_0731.jsonl:8,4,0.3651685393258427,0.2608346709470305,0.23712463371597903,0.19728082222813531
9175,google-quest-challenge__9f74747856c543728a41fbad7c6faf26,cards_senior_0731.jsonl:8,4,0.3651685393258427,0.2608346709470305,0.24574290931922477,0.20095192974716086
9175,kuzushiji-recognition__73e99f460e924a9e88321f1949932b3b,cards_senior_0804.jsonl:10,1,0.37433155080213903,0.37433155080213903,0.33885047625106413,0.32376777892925729
9175,kuzushiji-recognition__9524d52febcd4295ad84c4af399e1324,cards_senior_0804.jsonl:10,1,0.37433155080213903,0.37433155080213903,0.35958342739518612,0.33349448199912007
9175,leaf-classification__60b488f9620146388be7609e453aee44,cards_senior_0808.jsonl:34,0,0.37297297297297299,0.40926640926640928,0.47290215474725827,0.39718950478209875
9175,leaf-classification__b98b686b95184ee98e13a7e8b7ed4368,cards_senior_0808.jsonl:34,0,0.37297297297297299,0.40926640926640928,0.47051455321110469,0.39763958501712315
9175,leaf-classification__dd2c3d9b946e4ada942d99bcabfe7d98,cards_senior_0808.jsonl:34,0,0.37297297297297299,0.40926640926640928,0.47605529027694987,0.39263724152733503
9175,learning-agency-lab-automated-essay-scoring-2__2fd4cc3940ce4d0fb1c213b397104657,cards_senior_0803.jsonl:6,0,0.37297297297297299,0.41891891891891891,0.35912804362413581,0.42013083916601168
9175,learning-agency-lab-automated-essay-scoring-2__ba54479d2a1e448e80aa38d85d4d6470,cards_senior_0803.jsonl:6,0,0.37297297297297299,0.41891891891891891,0.38274505547215898,0.44187319455180013
9175,mlsp-2013-birds__232a055870ca4572b7fc070264a338eb,cards_senior_0802.jsonl:4,4,0.3651685393258427,0.38258426966292136,0.51901465225864507,0.45635763032540533
9175,mlsp-2013-birds__3f1b6baa29ee48bfba34b73ebe2933b6,cards_senior_0802.jsonl:4,4,0.3651685393258427,0.38258426966292136,0.48790596865441244,0.4364182660281623
9175,mlsp-2013-birds__c9597f7b1aef4ebb8bd655c3ace5bf8a,cards_senior_0802.jsonl:4,4,0.3651685393258427,0.38258426966292136,0.47123437888767061,0.42823967850919226
9175,mlsp-2013-birds__d3547e171d7243b1a0e4f77c3c6fe74b,cards_senior_0802.jsonl:4,4,0.3651685393258427,0.38258426966292136,0.4941062306886651,0.44075630021751139
9175,nomad2018-predict-transparent-conductors__3abc50e2bddc4454b0ee7b9ec92e1263,cards_senior_0805seq.jsonl:19,1,0.37433155080213903,0.43018419489007725,0.39297654557639938,0.42937095568938338
9175,nomad2018-predict-transparent-conductors__7a0ce85adaff49c49dae9357b9347dc6,cards_senior_0805seq.jsonl:19,1,0.37433155080213903,0.43018419489007725,0.38358110549999058,0.42290748341102208
9175,petfinder-pawpularity-score__9251a8fa822f4d5fbeee6609ff544d84,cards_senior_0730.jsonl:4,2,0.37967914438502676,0.35439961108410306,0.34157307405648446,0.32189229403035491
9175,petfinder-pawpularity-score__e4b073d8ebc042b1831c55c6438b9e6a,cards_senior_0730.jsonl:4,2,0.37967914438502676,0.35439961108410306,0.49106224083424937,0.40754643807568647
9175,random-acts-of-pizza__02ab01e7d3624270a317cd6c9c52af77,cards_gen2C.jsonl:2,4,0.3651685393258427,0.78838951310861416,0.4415512661932734,0.73791615689977752
9175,random-acts-of-pizza__a672b879e7f9459c9ca2ea299751f4b2,cards_gen2C.jsonl:2,4,0.3651685393258427,0.78838951310861416,0.4327467611113438,0.72830805180524671
9175,random-acts-of-pizza__d7e488f0729c41aeb94a7502bff7fc4d,cards_gen2C.jsonl:2,4,0.3651685393258427,0.78838951310861416,0.43727917698859442,0.73517074764568036
9175,spooky-author-identification__38648184253c4e7792d7658657da0746,cards_senior_0801.jsonl:6,4,0.3651685393258427,0.7732744783306581,0.64485189291878198,0.82665321028106498
9175,spooky-author-identification__40e09976978641a1a0f8ddc87586731a,cards_senior_0801.jsonl:6,4,0.3651685393258427,0.7732744783306581,0.66638359809371317,0.83441013695529664
9175,spooky-author-identification__414aed3e532a4130bb3ec66bd5efa9ea,cards_senior_0801.jsonl:6,4,0.3651685393258427,0.7732744783306581,0.67452109285271322,0.83599800692396176
9175,tabular-playground-series-dec-2021__72c882b1d87c45b09471af711496de1a,cards_senior_0807.jsonl:22,2,0.37967914438502676,0.21093285799168152,0.3357274115026147,0.20617410128072308
9175,tabular-playground-series-dec-2021__81b08a9c23464eb1a0f7861d6fd90b67,cards_senior_0807.jsonl:22,2,0.37967914438502676,0.21093285799168152,0.34974517251237325,0.21322790582348575
9175,tabular-playground-series-may-2022__2db19efb799e4de5895edb93d85b2566,cards_senior_0801.jsonl:29,4,0.3651685393258427,0.12172284644194757,0.31258932027636788,0.11199194427676441
9175,tabular-playground-series-may-2022__4fdd3e809b0f4a3faf2db69645b93c4b,cards_senior_0801.jsonl:29,4,0.3651685393258427,0.12172284644194757,0.37294614848182578,0.14362602944715641
9175,tabular-playground-series-may-2022__79d61fdff64b43d38b5ff3296acc2652,cards_senior_0801.jsonl:29,4,0.3651685393258427,0.12172284644194757,0.34950370693443683,0.12517031076512455
9175,tabular-playground-series-may-2022__da119d83b67a44ee9f88a3327245e55e,cards_senior_0801.jsonl:29,4,0.3651685393258427,0.12172284644194757,0.38155550123977988,0.14010011918900944
9175,text-normalization-challenge-english-language__29f436da5b0648589fc09c95fd35802c,cards_senior_0808.jsonl:22,3,0.37704918032786883,0.26932084309133486,0.39157837176659999,0.24686494401659406
9175,text-normalization-challenge-english-language__a6194a4710b54ff192d573518f37ce94,cards_senior_0808.jsonl:22,3,0.37704918032786883,0.26932084309133486,0.37436222762112148,0.24140000743584591
9175,text-normalization-challenge-russian-language__17aee59d02c4456da6f4c9f0a012608e,cards_senior_0809.jsonl:23,0,0.37297297297297299,0.37297297297297299,0.24382716877473976,0.27336502666477003
9175,text-normalization-challenge-russian-language__ec66f21087014f2f9ef743b6d89534a2,cards_senior_0809.jsonl:23,0,0.37297297297297299,0.37297297297297299,0.23820717381126222,0.26923978938854387
9175,tweet-sentiment-extraction__ba991b0a79ab4c0b891f8b9d0a51596b,cards_senior_0808.jsonl:31,2,0.37967914438502676,0.17258142926592124,0.27903194793905545,0.16273283947953171
9175,tweet-sentiment-extraction__ebc3354908f34e22a46f39eedfe14ff7,cards_senior_0808.jsonl:31,2,0.37967914438502676,0.17258142926592124,0.26589971225338638,0.15437758578601329
9175,us-patent-phrase-to-phrase-matching__4d490c1fd354424590af4de01f88d37e,cards_senior_0809.jsonl:3,3,0.37704918032786883,0.12568306010928962,0.42687972587603717,0.187131016005851
9175,us-patent-phrase-to-phrase-matching__de37da6839394cd6b7b11d20cb6c5fa0,cards_senior_0809.jsonl:3,3,0.37704918032786883,0.12568306010928962,0.41978329656035912,0.18248548555187463
9175,whale-categorization-playground__42946e2d791e42b7950c54b9f578160a,cards_senior_0808.jsonl:4,3,0.37704918032786883,0.37704918032786883,0.31567628762618644,0.29950389352955292
9175,whale-categorization-playground__75cc6d17e1474aa4a703511062f10870,cards_senior_0808.jsonl:4,3,0.37704918032786883,0.37704918032786883,0.31320207019256818,0.29695401353066198
9175,chaii-hindi-and-tamil-question-answering__bc2b2933e9a344838ef44954e87a5a79,cards_senior_0801.jsonl:18,2,0.37967914438502676,0.27845683728036669,0.20540375556580914,0.20966929092832037
9175,chaii-hindi-and-tamil-question-answering__e52f191218764c6286271c5d08770f64,cards_senior_0801.jsonl:18,2,0.37967914438502676,0.27845683728036669,0.22200769998276648,0.22128128597301736
9175,chaii-hindi-and-tamil-question-answering__fe380beafe764af0bccfea134d0032b5,cards_senior_0801.jsonl:18,2,0.37967914438502676,0.27845683728036669,0.19308525790460024,0.20124121160206423
9175,denoising-dirty-documents__3ad8b9e4925d4292bdca3ed8183feb67,cards_senior_0731.jsonl:13,0,0.37297297297297299,0.16953316953316955,0.25529284020627407,0.15357141591817
9175,denoising-dirty-documents__b866c25ad23841308fad35ae81f27a90,cards_senior_0731.jsonl:13,0,0.37297297297297299,0.16953316953316955,0.26313594114870437,0.15474255217275326
9175,google-quest-challenge__0f314d3d03ab4226be148679544edf63,cards_senior_0731.jsonl:8,4,0.3651685393258427,0.2608346709470305,0.21230567340473672,0.1815240501131454
9175,google-quest-challenge__43f44abea2d04a8e993bbcf60a6646d7,cards_senior_0731.jsonl:8,4,0.3651685393258427,0.2608346709470305,0.2810242339586731,0.22093681767340134
9175,leaf-classification__0012a07f48b648679734623e5e3acbee,cards_senior_0808.jsonl:34,0,0.37297297297297299,0.40926640926640928,0.48091140896984902,0.41126481671615722
9175,leaf-classification__156c3f5007194dec993c6183a80af50f,cards_senior_0808.jsonl:34,0,0.37297297297297299,0.40926640926640928,0.47026306095911302,0.40240418789921378
9175,leaf-classification__6a0fb84e84c54521889bbf92076512f0,cards_senior_0808.jsonl:34,0,0.37297297297297299,0.40926640926640928,0.50104804460323238,0.42114037828681977
9175,learning-agency-lab-automated-essay-scoring-2__507578e20ae54b25bdde6dc425eafa7d,cards_senior_0803.jsonl:3,3,0.37704918032786883,0.17138599105812219,0.18985594673144368,0.10434092298402201
9175,learning-agency-lab-automated-essay-scoring-2__5ea8aa0cafac46408fa42d1c3e30d058,cards_senior_0803.jsonl:3,3,0.37704918032786883,0.17138599105812219,0.22644353070114695,0.1165800143441007
9175,learning-agency-lab-automated-essay-scoring-2__e98c27a1655f4bbda2fc621ba07c232c,cards_senior_0803.jsonl:3,3,0.37704918032786883,0.17138599105812219,0.19765897077356653,0.1045338068118898
9175,mlsp-2013-birds__14b366b28c65451f963287bb1c29baaf,cards_senior_0802.jsonl:4,4,0.3651685393258427,0.38258426966292136,0.51815026931946295,0.45171958446497962
9175,mlsp-2013-birds__71bf705af9984d7b8bf7216cee3e9106,cards_senior_0802.jsonl:4,4,0.3651685393258427,0.38258426966292136,0.53886933326925668,0.46834023978381206
9175,nomad2018-predict-transparent-conductors__5598d009668c49b6a7c0fb26075bb5e5,cards_senior_0805seq.jsonl:19,1,0.37433155080213903,0.43018419489007725,0.40047251394394684,0.43726688193721219
9175,nomad2018-predict-transparent-conductors__71f9051c0d944fdfb6aafbbd874504df,cards_senior_0805seq.jsonl:19,1,0.37433155080213903,0.43018419489007725,0.43311677098080875,0.4561836912789406
9175,spooky-author-identification__789703b0e1c348e695596428d21fac38,cards_senior_0801.jsonl:4,4,0.3651685393258427,0.7732744783306581,0.56222978495326315,0.78503832616368696
9175,spooky-author-identification__b9c86b77ce174df0a2164cb7cf2685af,cards_senior_0801.jsonl:4,4,0.3651685393258427,0.7732744783306581,0.59957659708776367,0.80737885080752514
9175,tabular-playground-series-dec-2021__8b54ad5da3684393a8a2caceb614ee34,cards_senior_0807.jsonl:23,1,0.37433155080213903,0.20796197266785502,0.27721330228228352,0.17657456898352383
9175,tabular-playground-series-dec-2021__dd7529c2a690472ba81bdc67d9f30382,cards_senior_0807.jsonl:23,1,0.37433155080213903,0.20796197266785502,0.25808544824223278,0.16558033340722464
9175,tabular-playground-series-may-2022__0ec47cd5c46844e2aadf12bf694b6d69,cards_ours_20260727.jsonl:133,1,0.37433155080213903,0.089126559714795009,0.22246079002356245,0.089081555933655243
9175,tabular-playground-series-may-2022__c8c1855386084a54a8ebe192e60a7f4d,cards_ours_20260727.jsonl:133,1,0.37433155080213903,0.089126559714795009,0.21672598643767765,0.085093997917495084
9175,text-normalization-challenge-english-language__0ed7f9763c4c4e3eb123445278690dae,cards_senior_0808.jsonl:22,3,0.37704918032786883,0.26932084309133486,0.36910117936124082,0.23879996882918408
9175,text-normalization-challenge-english-language__c317471eb4c549a7b736a7104a543b79,cards_senior_0808.jsonl:22,3,0.37704918032786883,0.26932084309133486,0.32926270318514628,0.22128221947596888
9175,text-normalization-challenge-russian-language__12df4ee4a31c43728bf318e397db833e,cards_senior_0809.jsonl:23,0,0.37297297297297299,0.37297297297297299,0.24388502646470137,0.26930240516704756
9175,text-normalization-challenge-russian-language__c31cc5384e6f4f609ece877427c14945,cards_senior_0809.jsonl:23,0,0.37297297297297299,0.37297297297297299,0.23914636193063621,0.2664343016515221
9175,tweet-sentiment-extraction__46adc5e68d6b40dbb11b144b2641767b,cards_senior_0806.jsonl:24,3,0.37704918032786883,0.14501891551071877,0.20164582777074944,0.11048162639039572
9175,tweet-sentiment-extraction__d680305409224abba779c433973d67ad,cards_senior_0806.jsonl:24,3,0.37704918032786883,0.14501891551071877,0.19469804723683892,0.10810529695064103
9175,us-patent-phrase-to-phrase-matching__3c22a06bf2df41b8a3919319aec84af6,cards_senior_0809.jsonl:0,1,0.37433155080213903,0.26737967914438504,0.35569285845428,0.25469880922905047
9175,us-patent-phrase-to-phrase-matching__5a4a8e6b293441ce96f5f0545568af76,cards_senior_0809.jsonl:0,1,0.37433155080213903,0.26737967914438504,0.36737549049354923,0.25577427365324285
9175,whale-categorization-playground__4357df5db0134f668959aefa0ee73ba6,cards_senior_0808.jsonl:4,3,0.37704918032786883,0.37704918032786883,0.37017171070073968,0.32202410523299912
9175,whale-categorization-playground__526ebe6d24d44d8f93c8e506236ec587,cards_senior_0808.jsonl:4,3,0.37704918032786883,0.37704918032786883,0.40577679123323185,0.34415674226199044
9175,chaii-hindi-and-tamil-question-answering__463ad7dc1f7b4afe96a64bcfaba5d002,cards_ours_20260727.jsonl:173,0,0.37297297297297299,0.098150782361308683,0.19376789470052944,0.093257041280983402
9175,chaii-hindi-and-tamil-question-answering__f51b404ae74e4e72a4517e0733b4e1f6,cards_ours_20260727.jsonl:173,0,0.37297297297297299,0.098150782361308683,0.49796337333020807,0.21622696769962432
9175,denoising-dirty-documents__6dd95edcab0e45559bb741b08b038a76,cards_senior_0731.jsonl:13,0,0.37297297297297299,0.16953316953316955,0.25271402672191601,0.15258323048158604
9175,denoising-dirty-documents__f39ee4ce2db14bc68771c9773ec0a47f,cards_senior_0731.jsonl:13,0,0.37297297297297299,0.16953316953316955,0.22794434858590407,0.14111842294902224
9175,google-quest-challenge__9c121e84fa5a451e87b48f608b215dd4,cards_senior_0731.jsonl:8,4,0.3651685393258427,0.2608346709470305,0.24293913426427688,0.19986503745189296
9175,google-quest-challenge__af65cdfcccea47739bbbd7014fb7f5d6,cards_senior_0731.jsonl:8,4,0.3651685393258427,0.2608346709470305,0.25300861491411414,0.20517419384107788
9175,leaf-classification__057eea44bbc44c398d28cb637cf4dc58,cards_senior_0808.jsonl:34,0,0.37297297297297299,0.40926640926640928,0.52992054161294389,0.4410999861696806
9175,leaf-classification__73e11f5203254134a921f4cb4cf0f43f,cards_senior_0808.jsonl:34,0,0.37297297297297299,0.40926640926640928,0.56584784064744054,0.45807321237514198
9175,leaf-classification__d7f05a7d1c444f3b83fc5cb5e0070510,cards_senior_0808.jsonl:34,0,0.37297297297297299,0.40926640926640928,0.51284908826893782,0.42978517928848592
9175,learning-agency-lab-automated-essay-scoring-2__71b7798f122449e7bcd5933fe6c9d375,cards_senior_0803.jsonl:6,0,0.37297297297297299,0.41891891891891891,0.24536455957753334,0.36331357926146779
9175,learning-agency-lab-automated-essay-scoring-2__77aac523f90d4cf5afe2eaa03733a189,cards_senior_0803.jsonl:6,0,0.37297297297297299,0.41891891891891891,0.52695138911818695,0.53157169385830794
9175,mlsp-2013-birds__2d983a9212234554a59cec88a93e6e0b,cards_senior_0802.jsonl:4,4,0.3651685393258427,0.38258426966292136,0.44982615747615384,0.41093878517361759
9175,mlsp-2013-birds__908d280fda604c43bb7a5e87420e46c3,cards_senior_0802.jsonl:4,4,0.3651685393258427,0.38258426966292136,0.45009005205591418,0.41103341032840385
9175,mlsp-2013-birds__9ccfc1b22cde40db8fc67b8081d0293b,cards_senior_0802.jsonl:4,4,0.3651685393258427,0.38258426966292136,0.45431942366488248,0.41410486237927063
9175,mlsp-2013-birds__9d6111ad09d84e7aa563821c26dd77b2,cards_senior_0802.jsonl:4,4,0.3651685393258427,0.38258426966292136,0.43671957915357162,0.40080349584654473
9175,mlsp-2013-birds__ed8784a6a4c44472a644dcb7a4360f3b,cards_senior_0802.jsonl:4,4,0.3651685393258427,0.38258426966292136,0.45420206974815019,0.41357645556255068
9175,nomad2018-predict-transparent-conductors__02f0dbdfcaa94bba8234b5af0a436362,cards_senior_0805seq.jsonl:19,1,0.37433155080213903,0.43018419489007725,0.36790457722330633,0.41453633685256569
9175,nomad2018-predict-transparent-conductors__449d90db5caa4116a92282d7991684a5,cards_senior_0805seq.jsonl:19,1,0.37433155080213903,0.43018419489007725,0.41083153722456506,0.43726563355482317
9175,spooky-author-identification__c8e9e4089e9d44598bf956bc4cdf901f,cards_senior_0730.jsonl:5,2,0.37967914438502676,0.74153297682709451,0.50484290926019004,0.73578192613470628
9175,spooky-author-identification__d8350d06746c49189b3700f3ae207569,cards_senior_0730.jsonl:5,2,0.37967914438502676,0.74153297682709451,0.55710550997040065,0.7656515026679187
9175,spooky-author-identification__df8572420c294f869b30c2646e8dbce8,cards_senior_0730.jsonl:5,2,0.37967914438502676,0.74153297682709451,0.55455117421073852,0.75863653088839123
9175,tabular-playground-series-dec-2021__36787b1cf20b412e8716ea12368675bf,cards_senior_0801.jsonl:38,4,0.3651685393258427,0.2028714107365793,0.34436314017274827,0.20186812484152
9175,tabular-playground-series-dec-2021__dbdf36e610354c398b8b0d89cee8fbd4,cards_senior_0801.jsonl:38,4,0.3651685393258427,0.2028714107365793,0.33614807682568631,0.20541318918946597
9175,tabular-playground-series-may-2022__5b0e8613150c44ae85338d3bcf5a6369,cards_senior_0801.jsonl:29,4,0.3651685393258427,0.12172284644194757,0.33551369241339313,0.11708091003479758
9175,tabular-playground-series-may-2022__b8fec3edbb0d4e0d8be0e0b649552878,cards_senior_0801.jsonl:29,4,0.3651685393258427,0.12172284644194757,0.30938085989286418,0.10921966793840193
9175,tabular-playground-series-may-2022__c89ea85cc0184427a9225edf4d8503e5,cards_senior_0801.jsonl:29,4,0.3651685393258427,0.12172284644194757,0.30863806212831968,0.10930865867614135
9175,tabular-playground-series-may-2022__d75dd58e0bff47e9bd665df475ee1470,cards_senior_0801.jsonl:29,4,0.3651685393258427,0.12172284644194757,0.30614655827530241,0.10897586853911913
9175,text-normalization-challenge-english-language__9392f64ff1f84e9284c2dd8a154a7075,cards_senior_0808.jsonl:22,3,0.37704918032786883,0.26932084309133486,0.36694560562622092,0.24599296236767118
9175,text-normalization-challenge-english-language__a985c60513e94d3689ab07945cc0bbff,cards_senior_0808.jsonl:22,3,0.37704918032786883,0.26932084309133486,0.38010863455914345,0.25054600561519236
9175,text-normalization-challenge-russian-language__2fe66094d42742808d9a58b89318bbe2,cards_senior_0809.jsonl:23,0,0.37297297297297299,0.37297297297297299,0.2463580023001406,0.2702584207555046
9175,text-normalization-challenge-russian-language__bb14510d97f9431b9d38af8c0c6ec464,cards_senior_0809.jsonl:23,0,0.37297297297297299,0.37297297297297299,0.24447001073767829,0.26924591832298211
9175,tweet-sentiment-extraction__2dd226e419444bda9332f9335227453b,cards_senior_0806.jsonl:24,3,0.37704918032786883,0.14501891551071877,0.19939628507036439,0.10935052379069493
9175,tweet-sentiment-extraction__682d524e66a341aeaea1f6bfc8e79e3f,cards_senior_0806.jsonl:24,3,0.37704918032786883,0.14501891551071877,0.20621800312827307,0.11269394860147902
9175,us-patent-phrase-to-phrase-matching__8a679e73b8e347bab4c5736235428580,cards_senior_0809.jsonl:0,1,0.37433155080213903,0.26737967914438504,0.33726672642523653,0.2320074588312511
9175,us-patent-phrase-to-phrase-matching__e6c01b00731d4e28a6061eb7473253d0,cards_senior_0809.jsonl:0,1,0.37433155080213903,0.26737967914438504,0.33899959099846699,0.23388772892718956
9175,whale-categorization-playground__1993f9bcf0ee4bfeaaea9a7034c8e08e,cards_senior_0808.jsonl:4,3,0.37704918032786883,0.37704918032786883,0.31334518753128315,0.29099276962857534
9175,whale-categorization-playground__810bfcc7bb3a44d396a6056bb651d30f,cards_senior_0808.jsonl:4,3,0.37704918032786883,0.37704918032786883,0.352910567201346,0.3179955899243499
9175,denoising-dirty-documents__5549e4182535479794bbe510d212e280,cards_senior_0731.jsonl:13,0,0.37297297297297299,0.16953316953316955,0.2090473258845468,0.13181300687042127
9175,denoising-dirty-documents__9ae54f31fa5043d6bf6288f9b2b031c2,cards_senior_0731.jsonl:13,0,0.37297297297297299,0.16953316953316955,0.23215240069180998,0.14464496570181709
9175,google-quest-challenge__5e9ca53a965341de95e27ea6a40732c6,cards_senior_0731.jsonl:8,4,0.3651685393258427,0.2608346709470305,0.24016673912873071,0.19712337274798017
9175,google-quest-challenge__d47652578a9f4b8e896dcf77a27f1573,cards_senior_0731.jsonl:8,4,0.3651685393258427,0.2608346709470305,0.24571568416722278,0.20155027027786179
9175,chaii-hindi-and-tamil-question-answering__809857640568405e918117ea19d34793,cards_senior_0728.jsonl:13,0,0.37297297297297299,0.098150782361308683,0.20576202407264485,0.094928785297014762
9175,chaii-hindi-and-tamil-question-answering__9084669573164ec5b9a1dccb93b34a76,cards_senior_0728.jsonl:13,0,0.37297297297297299,0.098150782361308683,0.20691967362385971,0.095950810352439506
9175,denoising-dirty-documents__2777b9434e904072953a89a92373797d,cards_senior_0727.jsonl:11,2,0.37967914438502676,0.099915564311849142,0.18798488185490769,0.091303471214187013
9175,denoising-dirty-documents__63efdaf0641947afad86fb6012c1752d,cards_senior_0727.jsonl:11,2,0.37967914438502676,0.099915564311849142,0.19525381495863561,0.095000740433742917
9175,google-quest-challenge__cfdb38bd32284dd1b14ffe5f63059aa2,cards_senior_0806.jsonl:8,3,0.37704918032786883,0.22854387656702024,0.21137639112070417,0.212369090949446
9175,google-quest-challenge__e056f23b7e7345cc99b98ec98dbc0224,cards_senior_0806.jsonl:8,3,0.37704918032786883,0.22854387656702024,0.17911229088601505,0.18863731445416407
9175,kuzushiji-recognition__182f4cda0713445da9215b141532d19c,cards_senior_0806.jsonl:13,1,0.37433155080213903,0.37433155080213903,0.33300504434543848,0.33001847023340125
9175,kuzushiji-recognition__2f8ad4b6f65e4c7b8d9da78aec6a8d9a,cards_senior_0806.jsonl:13,1,0.37433155080213903,0.37433155080213903,0.3697656421276056,0.34750330683891439
9175,leaf-classification__991d5e2597c6435aa1d658f2f46639f1,cards_senior_0808.jsonl:34,0,0.37297297297297299,0.40926640926640928,0.50857931465091499,0.42707779575507188
9175,leaf-classification__ee501d742baa4e5eb3737e1746896c43,cards_senior_0808.jsonl:34,0,0.37297297297297299,0.40926640926640928,0.52621505826012716,0.43726063200517395
9175,learning-agency-lab-automated-essay-scoring-2__582b2c4449b042abbd35afa7f0161ae7,cards_senior_0808.jsonl:8,2,0.37967914438502676,0.36864973262032086,0.3797581040068671,0.4022606763159422
9175,learning-agency-lab-automated-essay-scoring-2__6e8d2b60f702410b9ce09b32bd3a5b2d,cards_senior_0808.jsonl:8,2,0.37967914438502676,0.36864973262032086,0.29212658443003026,0.33897344250404254
9175,mlsp-2013-birds__83676ff46373471d9a13d595e5dfabd9,cards_senior_0728.jsonl:18,2,0.37967914438502676,0.56659027247262539,0.40428820025279605,0.53556287644953593
9175,mlsp-2013-birds__88f03e044884470daa459768f08242d1,cards_senior_0728.jsonl:18,2,0.37967914438502676,0.56659027247262539,0.36038278080644515,0.51628530844708975
9175,mlsp-2013-birds__d8afa823f0a64069bb2ff77d64afd36d,cards_senior_0728.jsonl:18,2,0.37967914438502676,0.56659027247262539,0.42192704194218494,0.55323822385291632
9175,nomad2018-predict-transparent-conductors__2fa45c41870740aaa5179d06e3daa1f2,cards_senior_0805seq.jsonl:19,1,0.37433155080213903,0.43018419489007725,0.39441439314977766,0.43074618025308026
9175,nomad2018-predict-transparent-conductors__ab835174b2654d69bfb2ad1ff8779042,cards_senior_0805seq.jsonl:19,1,0.37433155080213903,0.43018419489007725,0.37905352813720034,0.42022269342496105
9175,petfinder-pawpularity-score__164ee2d978574b42a052ec28a7d88eef,cards_senior_0730.jsonl:0,4,0.3651685393258427,0.53620474406991259,0.45459233856678016,0.59104757431241861
9175,petfinder-pawpularity-score__2d478cc7a3c244028234f9e7585340c4,cards_senior_0730.jsonl:0,4,0.3651685393258427,0.53620474406991259,0.54596877533288324,0.64633707182280487
9175,random-acts-of-pizza__0f1e5cd6c6de460abaae7877daf9aa69,cards_ours_20260727.jsonl:68,2,0.37967914438502676,0.79322638146167557,0.72066438927567922,0.86780806941710309
9175,random-acts-of-pizza__9ca2d2e324f740ef85c2d32a7380ac6f,cards_ours_20260727.jsonl:68,2,0.37967914438502676,0.79322638146167557,0.71587323894971899,0.86892044711369276
9175,random-acts-of-pizza__fa4524bd04a2450e9f937a60d2db3cce,cards_ours_20260727.jsonl:68,2,0.37967914438502676,0.79322638146167557,0.69318039975028134,0.86379933700703615
9175,spaceship-titanic__df0e799d4c294c78a20d756c405fee68,cards_ours_20260727.jsonl:3,1,0.37433155080213903,0.37433155080213903,0.30682937357132628,0.33753111409018766
9175,spaceship-titanic__ffc4990563cd4b8e8561b15fd47f1488,cards_ours_20260727.jsonl:3,1,0.37433155080213903,0.37433155080213903,0.31811499012501654,0.34208737587318705
9175,spooky-author-identification__31dc45ab82da453fa070417d3e97b475,cards_t3era_missing.jsonl:14,2,0.37967914438502676,0.74153297682709451,0.53548936196928787,0.7611002728169578
9175,spooky-author-identification__8f9956778f6b4e9ea7b6af0a7f82e4a6,cards_t3era_missing.jsonl:14,2,0.37967914438502676,0.74153297682709451,0.48081059920958003,0.72594532702564074
9175,spooky-author-identification__b1638019d27044b7a3c20ec855526869,cards_t3era_missing.jsonl:14,2,0.37967914438502676,0.74153297682709451,0.60043168786132184,0.79177488597134449
9175,tabular-playground-series-may-2022__3bd55e0164e9413cbeaa16b558f4b9b5,cards_ours_20260727.jsonl:116,3,0.37704918032786883,0.094262295081967207,0.35758651346409076,0.12477329568983504
9175,tabular-playground-series-may-2022__54771d7d3c3243cb98c0e06d98a7229e,cards_ours_20260727.jsonl:116,3,0.37704918032786883,0.094262295081967207,0.37637637823164233,0.13336067990375639
9175,tabular-playground-series-may-2022__dd85f0501dc3491ab42ffdbb35eed3b8,cards_ours_20260727.jsonl:116,3,0.37704918032786883,0.094262295081967207,0.4464530557588548,0.14443131392375827
9175,text-normalization-challenge-english-language__34edc8d8a8ac4541b0a2be857e2e91ba,cards_senior_0808.jsonl:23,1,0.37433155080213903,0.14397367338543809,0.20359487218439903,0.12648340740206365
9175,text-normalization-challenge-english-language__99a26b06e08f45699153b0ee7ad77137,cards_senior_0808.jsonl:23,1,0.37433155080213903,0.14397367338543809,0.19370511007378224,0.12086359650658754
9175,tweet-sentiment-extraction__8d8df13692c14f7db7597f2cad9346cf,cards_senior_0808.jsonl:31,2,0.37967914438502676,0.17258142926592124,0.26362685005663961,0.15354259308737964
9175,tweet-sentiment-extraction__e1266dc1dbe04bbfb31bfcee508ffddd,cards_senior_0808.jsonl:31,2,0.37967914438502676,0.17258142926592124,0.26325814945729548,0.15357350075296275
9175,us-patent-phrase-to-phrase-matching__1c4488edb7d64655b66855bb93bf1e8b,cards_senior_0809.jsonl:0,1,0.37433155080213903,0.26737967914438504,0.33254804336253724,0.23786931752497043
9175,us-patent-phrase-to-phrase-matching__62f7f6d4c93243f8b5cfb6c826567d0e,cards_senior_0809.jsonl:0,1,0.37433155080213903,0.26737967914438504,0.32868963894912995,0.23596492690395549
9175,whale-categorization-playground__1e0523c9f023474d8c2ff0f41e3c9969,cards_senior_0808.jsonl:4,3,0.37704918032786883,0.37704918032786883,0.31590719994945865,0.2912991960104947
9175,whale-categorization-playground__45dc507077d5444c9dca3ab6d8e46b79,cards_senior_0808.jsonl:4,3,0.37704918032786883,0.37704918032786883,0.3298358345750973,0.30311713177659511
9175,chaii-hindi-and-tamil-question-answering__9cc47ce945ac482dada73aa89c86ea95,cards_senior_0801.jsonl:18,2,0.37967914438502676,0.27845683728036669,0.22656326707103319,0.2238578204413518
9175,chaii-hindi-and-tamil-question-answering__a483163f252d42fc98190cbfa2abfacc,cards_senior_0801.jsonl:18,2,0.37967914438502676,0.27845683728036669,0.21541609625913904,0.21673009173803542
9175,chaii-hindi-and-tamil-question-answering__adf3351945ce4702bf8966e662ab3dcf,cards_senior_0801.jsonl:18,2,0.37967914438502676,0.27845683728036669,0.21737660394262676,0.21595869967462905
9175,denoising-dirty-documents__13f0395b31ec47c6a4f8116b12e3ce63,cards_senior_0731.jsonl:13,0,0.37297297297297299,0.16953316953316955,0.22677015423100394,0.1424117661703341
9175,denoising-dirty-documents__823936b3bbff49418a2f507faded41af,cards_senior_0731.jsonl:13,0,0.37297297297297299,0.16953316953316955,0.20522113293991129,0.13162850729742454
9175,google-quest-challenge__6ba46794dff84b4aa036ddff694451c2,cards_senior_0731.jsonl:8,4,0.3651685393258427,0.2608346709470305,0.22888955126001823,0.19502063096949443
9175,google-quest-challenge__d18100348572434fbfa74d3d01008623,cards_senior_0731.jsonl:8,4,0.3651685393258427,0.2608346709470305,0.22195126690690095,0.1891477947441951
9175,kuzushiji-recognition__181e0d660b9d488cbc03cfdf2e2dee1c,cards_senior_0806.jsonl:13,1,0.37433155080213903,0.37433155080213903,0.33043519735710974,0.32818114604531529
9175,kuzushiji-recognition__d986962a7a4d47e0ad49cda82797dbe8,cards_senior_0806.jsonl:13,1,0.37433155080213903,0.37433155080213903,0.31698394417649101,0.31978690279094685
9175,leaf-classification__04ab1a90eab841ddb77c99d84c5e1463,cards_senior_0808.jsonl:33,2,0.37967914438502676,0.82768865121806301,0.68785919535535178,0.86295172879545956
9175,leaf-classification__8d613d315033481d990dc9c0af53620a,cards_senior_0808.jsonl:33,2,0.37967914438502676,0.82768865121806301,0.73584649986001116,0.87882031893557833
9175,learning-agency-lab-automated-essay-scoring-2__50c87d8406ad4f17aa7b023c05d6a44c,cards_senior_0803.jsonl:3,3,0.37704918032786883,0.17138599105812219,0.20147871902114511,0.1042081844032606
9175,learning-agency-lab-automated-essay-scoring-2__ca6e4102a52745a388d5d1e6a5630a60,cards_senior_0803.jsonl:3,3,0.37704918032786883,0.17138599105812219,0.1916269992829735,0.10228522344238694
9175,mlsp-2013-birds__ea104eef9b0c40dbbe70f756d236f0da,cards_senior_0726.jsonl:10,3,0.37704918032786883,0.44932935916542471,0.48894154856659333,0.47043920588712285
9175,mlsp-2013-birds__f570cce01e6f4fc591ead51fb7dea6ae,cards_senior_0726.jsonl:10,3,0.37704918032786883,0.44932935916542471,0.49479347064463836,0.47379289490250293
9175,nomad2018-predict-transparent-conductors__1da1998ae9de457e96faac89241808e2,cards_senior_0805seq.jsonl:17,0,0.37297297297297299,0.60498960498960497,0.38540607852886455,0.53710275518908568
9175,nomad2018-predict-transparent-conductors__ad9ad3eace7b4e40b52a38da1ab9fe2e,cards_senior_0805seq.jsonl:17,0,0.37297297297297299,0.60498960498960497,0.45497864690122369,0.58770042415874613
9175,petfinder-pawpularity-score__28777132c16747d88ee33785cdea5ea7,cards_senior_0730.jsonl:0,4,0.3651685393258427,0.53620474406991259,0.52520992270935019,0.62749639326265738
9175,petfinder-pawpularity-score__3011b9f5b83e4e8f8077628482e6a0bd,cards_senior_0730.jsonl:0,4,0.3651685393258427,0.53620474406991259,0.5133815214847588,0.62712164996241593
9175,random-acts-of-pizza__0ee1fa402ecb43ae9906ef4aa3e16d1a,cards_gen3A.jsonl:3,1,0.37433155080213903,0.71560525036460865,0.39280215666554841,0.6930686907424195
9175,random-acts-of-pizza__3a1402459a144c3cba0f2a91a5b8e721,cards_gen3A.jsonl:3,1,0.37433155080213903,0.71560525036460865,0.48413336428312015,0.73539283351287277
9175,random-acts-of-pizza__8c5fe3fc63254b88bc949f6d53a9cb6a,cards_gen3A.jsonl:3,1,0.37433155080213903,0.71560525036460865,0.51399692867233693,0.74978790694829056
9175,random-acts-of-pizza__9b9f4f95471a4b89972077ce62bdc1f8,cards_gen3A.jsonl:3,1,0.37433155080213903,0.71560525036460865,0.50398885348511713,0.74620124817234212
9175,random-acts-of-pizza__f02f9281781f4290a64b5e40011b4479,cards_gen3A.jsonl:3,1,0.37433155080213903,0.71560525036460865,0.46123183237992171,0.72531501442482726
9175,spooky-author-identification__16a678db368a417fbf00950915601fb9,cards_senior_0730.jsonl:5,2,0.37967914438502676,0.74153297682709451,0.55568445505963537,0.76337537601674632
9175,spooky-author-identification__653ba54bf46a4d82a9668d92db356211,cards_senior_0730.jsonl:5,2,0.37967914438502676,0.74153297682709451,0.57342629863886641,0.76713214880839442
9175,spooky-author-identification__900270a860234cc2b3ae8a0505bd105a,cards_senior_0730.jsonl:5,2,0.37967914438502676,0.74153297682709451,0.56834604992305959,0.762890848824062
9175,tabular-playground-series-may-2022__63bb3182d23844efb65f5c6f635880c0,cards_ours_20260727.jsonl:140,0,0.37297297297297299,0.088803088803088806,0.33999656158684144,0.11643086199001576
9175,tabular-playground-series-may-2022__ee7c57076442408ab0cd8deda21efe3d,cards_ours_20260727.jsonl:140,0,0.37297297297297299,0.088803088803088806,0.35567373370519739,0.1188428659199928
9175,text-normalization-challenge-english-language__7008d36ab2f34145ad6685619b5dc6f5,cards_senior_0808.jsonl:22,3,0.37704918032786883,0.26932084309133486,0.33082923856702678,0.22052089862295451
9175,text-normalization-challenge-english-language__bacc0486e8514bb19fed5da934794b4f,cards_senior_0808.jsonl:22,3,0.37704918032786883,0.26932084309133486,0.37695351693115403,0.24126661482126283
9175,tweet-sentiment-extraction__ca1e8db2630c463c9f5cec8ec4372e82,cards_senior_0808.jsonl:31,2,0.37967914438502676,0.17258142926592124,0.28064825752078681,0.16994718956195887
9175,tweet-sentiment-extraction__f6c40c870e6a4745a99c42726964c10f,cards_senior_0808.jsonl:31,2,0.37967914438502676,0.17258142926592124,0.29140561435192391,0.1748063974443988
9175,us-patent-phrase-to-phrase-matching__0094c655584a4efebad270ab7be4a2d1,cards_senior_0809.jsonl:0,1,0.37433155080213903,0.26737967914438504,0.34499686177160988,0.24775718192741855
9175,us-patent-phrase-to-phrase-matching__7a13b994f5a24f8582ee2ac810a6d9df,cards_senior_0809.jsonl:0,1,0.37433155080213903,0.26737967914438504,0.32527938054439914,0.23751681187182128
9175,whale-categorization-playground__1eed9a1d3c2744ffbd658019805310aa,cards_senior_0808.jsonl:4,3,0.37704918032786883,0.37704918032786883,0.37349544022250214,0.31901586708373669
9175,whale-categorization-playground__4640830dea044d49866b722d18ca4db8,cards_senior_0808.jsonl:4,3,0.37704918032786883,0.37704918032786883,0.36515406124360295,0.31775378558622447
9175,chaii-hindi-and-tamil-question-answering__4246a977cac14f43b5383deb5a257697,cards_senior_0801.jsonl:13,3,0.37704918032786883,0.21584699453551912,0.15921630972033737,0.14875602342610383
9175,chaii-hindi-and-tamil-question-answering__57ce82f9247a4cc8b626b575d3f2c979,cards_senior_0801.jsonl:13,3,0.37704918032786883,0.21584699453551912,0.15645089272272528,0.14875788976901302
9175,chaii-hindi-and-tamil-question-answering__ce99d23bb4de4bd4bfe832f8937daca3,cards_senior_0801.jsonl:13,3,0.37704918032786883,0.21584699453551912,0.16266478968417822,0.15088341170284056
9175,denoising-dirty-documents__9b6a53da44cf4a7c909704e35cc9a7b0,cards_senior_0804.jsonl:24,0,0.37297297297297299,0.16953316953316955,0.20944103313541032,0.1286920927599329
9175,denoising-dirty-documents__d900b645d2f84cf2b3f0f905f2e0f5bc,cards_senior_0804.jsonl:24,0,0.37297297297297299,0.16953316953316955,0.20337043381747327,0.12640228103290171
9175,google-quest-challenge__b0136f10f1e34af1bea8d3b95494444d,cards_senior_0731.jsonl:8,4,0.3651685393258427,0.2608346709470305,0.28835311727218776,0.23046712085030144
9175,google-quest-challenge__c0db78dfced24417a26a9268ac68ca83,cards_senior_0731.jsonl:8,4,0.3651685393258427,0.2608346709470305,0.27879360431875283,0.22710243488707568
9175,kuzushiji-recognition__4dd7be980ff84ddba2cf9058c2885427,cards_senior_0804.jsonl:10,1,0.37433155080213903,0.37433155080213903,0.34057769320183134,0.32936875723016906
9175,kuzushiji-recognition__d6f23b0dbc6b4334a0ff06e695764651,cards_senior_0804.jsonl:10,1,0.37433155080213903,0.37433155080213903,0.33528808106715691,0.32506118647897519
9175,leaf-classification__494524617b54420f82384eeeca1bb3f8,cards_senior_0808.jsonl:34,0,0.37297297297297299,0.40926640926640928,0.51322971036340037,0.43920888288782362
9175,leaf-classification__eed56a4de8c846d199c496cea22662c6,cards_senior_0808.jsonl:34,0,0.37297297297297299,0.40926640926640928,0.51777635216821838,0.43528326645065252
9175,learning-agency-lab-automated-essay-scoring-2__70e2d9903c9a4c9cbeb84d1deb7775c2,cards_senior_0803.jsonl:3,3,0.37704918032786883,0.17138599105812219,0.1802872183526546,0.098975153754576162
9175,learning-agency-lab-automated-essay-scoring-2__ec12b99e12db4b4fa87adb2a6ce1a191,cards_senior_0803.jsonl:3,3,0.37704918032786883,0.17138599105812219,0.19234219341010286,0.1024121765321121
9175,mlsp-2013-birds__3fbdbce65f5d48f6ada1b1d94fe1e6e4,cards_senior_0802.jsonl:4,4,0.3651685393258427,0.38258426966292136,0.50477689183551411,0.44304124021102997
9175,mlsp-2013-birds__b058311fdf0247009ea12d70a6ae6e27,cards_senior_0802.jsonl:4,4,0.3651685393258427,0.38258426966292136,0.4203104441346156,0.39219109719140688
9175,mlsp-2013-birds__de69913224174ab1ad9e79cb410ca078,cards_senior_0802.jsonl:4,4,0.3651685393258427,0.38258426966292136,0.34980098765285239,0.34629152240956501
9175,nomad2018-predict-transparent-conductors__0b445119bd14461e8d644cd7865ce956,cards_senior_0805seq.jsonl:17,0,0.37297297297297299,0.60498960498960497,0.45469649566023868,0.5881563976282066
9175,nomad2018-predict-transparent-conductors__d5916b67aaf1483c872bc47cefc07f85,cards_senior_0805seq.jsonl:17,0,0.37297297297297299,0.60498960498960497,0.3985631535587606,0.54512005913490524
9175,petfinder-pawpularity-score__717816b3dcb9490e8c60cf7c0232a6f6,cards_senior_0806.jsonl:1,1,0.37433155080213903,0.44287797763733588,0.2775811992738309,0.34859652769138355
9175,petfinder-pawpularity-score__947a9114cbd64cb9838e1bbfdc050a06,cards_senior_0806.jsonl:1,1,0.37433155080213903,0.44287797763733588,0.35574807191170926,0.39410935608606146
9175,random-acts-of-pizza__d49ae6008eca4bd4b3f736f90dc6afac,cards_ours_20260727.jsonl:69,1,0.37433155080213903,0.71560525036460865,0.59152051388923621,0.78234611819392563
9175,random-acts-of-pizza__e52f8a668b95496aa04cd6a8d72f6642,cards_ours_20260727.jsonl:69,1,0.37433155080213903,0.71560525036460865,0.61291169992354144,0.78710603597442552
9175,spooky-author-identification__67f02ce1c7dd42c1b2aa07655e0eacf0,cards_senior_0801.jsonl:4,4,0.3651685393258427,0.7732744783306581,0.68734094683953462,0.8503722464313147
9175,spooky-author-identification__9212864b27984d118b518b96dc3b2886,cards_senior_0801.jsonl:4,4,0.3651685393258427,0.7732744783306581,0.57704645489156603,0.80126376842916402
9175,tabular-playground-series-may-2022__242786b5b67d461d9e11c4830b75eb8c,cards_ours_20260727.jsonl:114,2,0.37967914438502676,0.094919786096256689,0.37397847051164346,0.13684014908918316
9175,tabular-playground-series-may-2022__5e16ecb8fdb1429ca6617f25dc3dffac,cards_ours_20260727.jsonl:114,2,0.37967914438502676,0.094919786096256689,0.32209878952675813,0.12614371669995933
9175,tabular-playground-series-may-2022__f7fdb3bb45a9446a892b9658a7649f80,cards_ours_20260727.jsonl:114,2,0.37967914438502676,0.094919786096256689,0.3382286162993049,0.11742193129374109
9175,tweet-sentiment-extraction__0a0cc958b101410bb78c7b4aa2e35de7,cards_ours_20260727.jsonl:78,0,0.37297297297297299,0.12432432432432433,0.20037390820195561,0.10384028870183455
9175,tweet-sentiment-extraction__e81936fc2667464d8c5cb91c12c2dae1,cards_ours_20260727.jsonl:78,0,0.37297297297297299,0.12432432432432433,0.19469908590018564,0.1015977434807928
9175,us-patent-phrase-to-phrase-matching__377975af886d4537bf3642d36be325b8,cards_senior_0809.jsonl:0,1,0.37433155080213903,0.26737967914438504,0.34010840476106269,0.23842646213727828
9175,us-patent-phrase-to-phrase-matching__48b67d035f0442d0893e85642d0c5c70,cards_senior_0809.jsonl:0,1,0.37433155080213903,0.26737967914438504,0.34675441970997284,0.24327179865594428
9175,whale-categorization-playground__a654a03bb40a4ae68b4f006b23fb7ef6,cards_senior_0808.jsonl:4,3,0.37704918032786883,0.37704918032786883,0.37175551320144834,0.33194419701648564
9175,whale-categorization-playground__bd9fe2cb573d4bd1bd064db704f7cbba,cards_senior_0808.jsonl:4,3,0.37704918032786883,0.37704918032786883,0.38976816271459097,0.33922763274422102
9175,chaii-hindi-and-tamil-question-answering__79675e23561e437885211692d32c5024,cards_senior_0801.jsonl:13,3,0.37704918032786883,0.21584699453551912,0.15085623692422864,0.14515437259336092
9175,chaii-hindi-and-tamil-question-answering__859755a3dccf447cbe49d1ab8a718158,cards_senior_0801.jsonl:13,3,0.37704918032786883,0.21584699453551912,0.14555125057316426,0.14293979105939728
9175,denoising-dirty-documents__3f15dea796044d05a16fd6e273d740d8,cards_senior_0804.jsonl:23,3,0.37704918032786883,0.099223468507333906,0.13945019637774481,0.070832203212204389
9175,denoising-dirty-documents__ec6f4762e28d40baaf94ee6b6664a820,cards_senior_0804.jsonl:23,3,0.37704918032786883,0.099223468507333906,0.13430833417592059,0.069279365244131225
9176,chaii-hindi-and-tamil-question-answering__4f53d7ec0a9a4cf493e0b830f2ea81f1,cards_senior_0801.jsonl:18,2,0.36263736263736263,0.27237048665620095,0.2077661918314839,0.21786753412416951
9176,chaii-hindi-and-tamil-question-answering__5d0ed2ed05c0444d9cb5b339be9fdc76,cards_senior_0801.jsonl:18,2,0.36263736263736263,0.27237048665620095,0.21085973120269239,0.22046154944969634
9176,chaii-hindi-and-tamil-question-answering__b2ad93da8c144c78b743ca04be0b9076,cards_senior_0801.jsonl:18,2,0.36263736263736263,0.27237048665620095,0.21141998327261644,0.2207158095196462
9176,denoising-dirty-documents__676afd4f1b2048cfa3bb87a9501c0de8,cards_senior_0727.jsonl:16,1,0.3783783783783784,0.099573257467994322,0.23394897967678355,0.10764852951044507
9176,denoising-dirty-documents__9122d7821f0d4e59b227733c2554700b,cards_senior_0727.jsonl:16,1,0.3783783783783784,0.099573257467994322,0.23478001983875516,0.1052269224407021
9176,google-quest-challenge__3d3145e426b04dc1a112c0832c002be2,cards_senior_0731.jsonl:8,4,0.37433155080213903,0.26737967914438504,0.23693090452653934,0.20770016454098264
9176,google-quest-challenge__9f74747856c543728a41fbad7c6faf26,cards_senior_0731.jsonl:8,4,0.37433155080213903,0.26737967914438504,0.24400076297096329,0.21075631849209667
9176,kuzushiji-recognition__73e99f460e924a9e88321f1949932b3b,cards_senior_0804.jsonl:10,3,0.375,0.20833333333333334,0.23701339072905211,0.15131672132185972
9176,kuzushiji-recognition__9524d52febcd4295ad84c4af399e1324,cards_senior_0804.jsonl:10,3,0.375,0.20833333333333334,0.26024206094326047,0.16364020870820012
9176,leaf-classification__60b488f9620146388be7609e453aee44,cards_senior_0808.jsonl:34,0,0.37912087912087911,0.41365777080062793,0.46815452691661091,0.38004398931214772
9176,leaf-classification__b98b686b95184ee98e13a7e8b7ed4368,cards_senior_0808.jsonl:34,0,0.37912087912087911,0.41365777080062793,0.47306874133303534,0.38756620607667064
9176,leaf-classification__dd2c3d9b946e4ada942d99bcabfe7d98,cards_senior_0808.jsonl:34,0,0.37912087912087911,0.41365777080062793,0.47346925995296157,0.38195243494758424
9176,learning-agency-lab-automated-essay-scoring-2__2fd4cc3940ce4d0fb1c213b397104657,cards_senior_0803.jsonl:6,1,0.3783783783783784,0.42084942084942084,0.37199263168707714,0.43162244281391282
9176,learning-agency-lab-automated-essay-scoring-2__ba54479d2a1e448e80aa38d85d4d6470,cards_senior_0803.jsonl:6,1,0.3783783783783784,0.42084942084942084,0.36894874223253216,0.4335667154031056
9176,mlsp-2013-birds__232a055870ca4572b7fc070264a338eb,cards_senior_0802.jsonl:4,2,0.36263736263736263,0.3813186813186813,0.49904890912726929,0.43828898059188809
9176,mlsp-2013-birds__3f1b6baa29ee48bfba34b73ebe2933b6,cards_senior_0802.jsonl:4,2,0.36263736263736263,0.3813186813186813,0.46361193417629193,0.41528701093763959
9176,mlsp-2013-birds__c9597f7b1aef4ebb8bd655c3ace5bf8a,cards_senior_0802.jsonl:4,2,0.36263736263736263,0.3813186813186813,0.43829389408702801,0.40133479240270431
9176,mlsp-2013-birds__d3547e171d7243b1a0e4f77c3c6fe74b,cards_senior_0802.jsonl:4,2,0.36263736263736263,0.3813186813186813,0.47481477271978106,0.42180423394359723
9176,nomad2018-predict-transparent-conductors__3abc50e2bddc4454b0ee7b9ec92e1263,cards_senior_0805seq.jsonl:19,4,0.37433155080213903,0.43018419489007725,0.44282123418325864,0.47541679776284118
9176,nomad2018-predict-transparent-conductors__7a0ce85adaff49c49dae9357b9347dc6,cards_senior_0805seq.jsonl:19,4,0.37433155080213903,0.43018419489007725,0.42650813370513507,0.46485325714518816
9176,petfinder-pawpularity-score__9251a8fa822f4d5fbeee6609ff544d84,cards_senior_0730.jsonl:4,3,0.375,0.35227272727272729,0.30387471150944256,0.29052209010344299
9176,petfinder-pawpularity-score__e4b073d8ebc042b1831c55c6438b9e6a,cards_senior_0730.jsonl:4,3,0.375,0.35227272727272729,0.41305257274640234,0.35551944137110669
9176,random-acts-of-pizza__02ab01e7d3624270a317cd6c9c52af77,cards_gen2C.jsonl:2,2,0.36263736263736263,0.78754578754578763,0.43289997513310291,0.73538618142414336
9176,random-acts-of-pizza__a672b879e7f9459c9ca2ea299751f4b2,cards_gen2C.jsonl:2,2,0.36263736263736263,0.78754578754578763,0.42639923003917002,0.72767702746301433
9176,random-acts-of-pizza__d7e488f0729c41aeb94a7502bff7fc4d,cards_gen2C.jsonl:2,2,0.36263736263736263,0.78754578754578763,0.42917623244653041,0.7335055848948645
9176,spooky-author-identification__38648184253c4e7792d7658657da0746,cards_senior_0801.jsonl:6,2,0.36263736263736263,0.73443223443223449,0.64210489187561159,0.80147005903972812
9176,spooky-author-identification__40e09976978641a1a0f8ddc87586731a,cards_senior_0801.jsonl:6,2,0.36263736263736263,0.73443223443223449,0.66285235793970498,0.80855169785145375
9176,spooky-author-identification__414aed3e532a4130bb3ec66bd5efa9ea,cards_senior_0801.jsonl:6,2,0.36263736263736263,0.73443223443223449,0.66439278830452708,0.80973028703331462
9176,tabular-playground-series-dec-2021__72c882b1d87c45b09471af711496de1a,cards_senior_0807.jsonl:22,0,0.37912087912087911,0.21062271062271062,0.33711608129587411,0.19936322053298322
9176,tabular-playground-series-dec-2021__81b08a9c23464eb1a0f7861d6fd90b67,cards_senior_0807.jsonl:22,0,0.37912087912087911,0.21062271062271062,0.35629584355365168,0.20474898551246787
9176,tabular-playground-series-may-2022__2db19efb799e4de5895edb93d85b2566,cards_senior_0801.jsonl:29,0,0.37912087912087911,0.12637362637362637,0.28519760345943135,0.10100232376276594
9176,tabular-playground-series-may-2022__4fdd3e809b0f4a3faf2db69645b93c4b,cards_senior_0801.jsonl:29,0,0.37912087912087911,0.12637362637362637,0.34061489293316816,0.13034627167892604
9176,tabular-playground-series-may-2022__79d61fdff64b43d38b5ff3296acc2652,cards_senior_0801.jsonl:29,0,0.37912087912087911,0.12637362637362637,0.32520710809091813,0.11303717314348752
9176,tabular-playground-series-may-2022__da119d83b67a44ee9f88a3327245e55e,cards_senior_0801.jsonl:29,0,0.37912087912087911,0.12637362637362637,0.35128158436303558,0.12391796974294336
9176,text-normalization-challenge-english-language__29f436da5b0648589fc09c95fd35802c,cards_senior_0808.jsonl:22,4,0.37433155080213903,0.37433155080213903,0.41005772799553647,0.36695469998399893
9176,text-normalization-challenge-english-language__a6194a4710b54ff192d573518f37ce94,cards_senior_0808.jsonl:22,4,0.37433155080213903,0.37433155080213903,0.392126319863904,0.36002898625011226
9176,text-normalization-challenge-russian-language__17aee59d02c4456da6f4c9f0a012608e,cards_senior_0809.jsonl:23,0,0.37912087912087911,0.37912087912087911,0.25453735071173095,0.27755212727443546
9176,text-normalization-challenge-russian-language__ec66f21087014f2f9ef743b6d89534a2,cards_senior_0809.jsonl:23,0,0.37912087912087911,0.37912087912087911,0.24784706568289075,0.27290495236504703
9176,tweet-sentiment-extraction__ba991b0a79ab4c0b891f8b9d0a51596b,cards_senior_0808.jsonl:31,2,0.36263736263736263,0.16483516483516483,0.26328453720902617,0.15736181886588857
9176,tweet-sentiment-extraction__ebc3354908f34e22a46f39eedfe14ff7,cards_senior_0808.jsonl:31,2,0.36263736263736263,0.16483516483516483,0.25921438746156816,0.15336382445206115
9176,us-patent-phrase-to-phrase-matching__4d490c1fd354424590af4de01f88d37e,cards_senior_0809.jsonl:3,0,0.37912087912087911,0.12637362637362637,0.50072981833213182,0.20974538381439548
9176,us-patent-phrase-to-phrase-matching__de37da6839394cd6b7b11d20cb6c5fa0,cards_senior_0809.jsonl:3,0,0.37912087912087911,0.12637362637362637,0.48844651821752805,0.20046883650441888
9176,whale-categorization-playground__42946e2d791e42b7950c54b9f578160a,cards_senior_0808.jsonl:4,3,0.375,0.375,0.32275728475223359,0.30803259707662323
9176,whale-categorization-playground__75cc6d17e1474aa4a703511062f10870,cards_senior_0808.jsonl:4,3,0.375,0.375,0.31843792212207056,0.30330668600261085
9176,chaii-hindi-and-tamil-question-answering__bc2b2933e9a344838ef44954e87a5a79,cards_senior_0801.jsonl:18,2,0.36263736263736263,0.27237048665620095,0.20155673768963658,0.21052251458288418
9176,chaii-hindi-and-tamil-question-answering__e52f191218764c6286271c5d08770f64,cards_senior_0801.jsonl:18,2,0.36263736263736263,0.27237048665620095,0.21229873224353202,0.21647963022653974
9176,chaii-hindi-and-tamil-question-answering__fe380beafe764af0bccfea134d0032b5,cards_senior_0801.jsonl:18,2,0.36263736263736263,0.27237048665620095,0.18665444931723113,0.20041411920330307
9176,denoising-dirty-documents__3ad8b9e4925d4292bdca3ed8183feb67,cards_senior_0731.jsonl:13,3,0.375,0.14423076923076922,0.24860570292924794,0.13528195827499701
9176,denoising-dirty-documents__b866c25ad23841308fad35ae81f27a90,cards_senior_0731.jsonl:13,3,0.375,0.14423076923076922,0.25413919223125658,0.13605717940850348
9176,google-quest-challenge__0f314d3d03ab4226be148679544edf63,cards_senior_0731.jsonl:8,4,0.37433155080213903,0.26737967914438504,0.21995025285386577,0.19579441667201519
9176,google-quest-challenge__43f44abea2d04a8e993bbcf60a6646d7,cards_senior_0731.jsonl:8,4,0.37433155080213903,0.26737967914438504,0.27390414981489691,0.22847840479350706
9176,leaf-classification__0012a07f48b648679734623e5e3acbee,cards_senior_0808.jsonl:34,0,0.37912087912087911,0.41365777080062793,0.48750727753206596,0.39823394468638623
9176,leaf-classification__156c3f5007194dec993c6183a80af50f,cards_senior_0808.jsonl:34,0,0.37912087912087911,0.41365777080062793,0.48554193954099312,0.39764562652337404
9176,leaf-classification__6a0fb84e84c54521889bbf92076512f0,cards_senior_0808.jsonl:34,0,0.37912087912087911,0.41365777080062793,0.5057518101824614,0.40609818649343654
9176,learning-agency-lab-automated-essay-scoring-2__507578e20ae54b25bdde6dc425eafa7d,cards_senior_0803.jsonl:3,0,0.37912087912087911,0.17232767232767232,0.18147659511958966,0.10264769990552605
9176,learning-agency-lab-automated-essay-scoring-2__5ea8aa0cafac46408fa42d1c3e30d058,cards_senior_0803.jsonl:3,0,0.37912087912087911,0.17232767232767232,0.22718330807469181,0.11799716012421475
9176,learning-agency-lab-automated-essay-scoring-2__e98c27a1655f4bbda2fc621ba07c232c,cards_senior_0803.jsonl:3,0,0.37912087912087911,0.17232767232767232,0.20170399016418128,0.10694517045001176
9176,mlsp-2013-birds__14b366b28c65451f963287bb1c29baaf,cards_senior_0802.jsonl:4,2,0.36263736263736263,0.3813186813186813,0.45332242696466291,0.40484749270596154
9176,mlsp-2013-birds__71bf705af9984d7b8bf7216cee3e9106,cards_senior_0802.jsonl:4,2,0.36263736263736263,0.3813186813186813,0.47826995958725621,0.42523844768234059
9176,nomad2018-predict-transparent-conductors__5598d009668c49b6a7c0fb26075bb5e5,cards_senior_0805seq.jsonl:19,4,0.37433155080213903,0.43018419489007725,0.42541804320091153,0.46705660130210491
9176,nomad2018-predict-transparent-conductors__71f9051c0d944fdfb6aafbbd874504df,cards_senior_0805seq.jsonl:19,4,0.37433155080213903,0.43018419489007725,0.46098599613311098,0.48590203537962945
9176,spooky-author-identification__789703b0e1c348e695596428d21fac38,cards_senior_0801.jsonl:4,1,0.3783783783783784,0.77799227799227799,0.61910153697739401,0.80457369207714002
9176,spooky-author-identification__b9c86b77ce174df0a2164cb7cf2685af,cards_senior_0801.jsonl:4,1,0.3783783783783784,0.77799227799227799,0.65770545148422532,0.82495313543144488
9176,tabular-playground-series-dec-2021__8b54ad5da3684393a8a2caceb614ee34,cards_senior_0807.jsonl:23,4,0.37433155080213903,0.20796197266785502,0.31139759850278126,0.19173647579134562
9176,tabular-playground-series-dec-2021__dd7529c2a690472ba81bdc67d9f30382,cards_senior_0807.jsonl:23,4,0.37433155080213903,0.20796197266785502,0.30580784361242719,0.18864032774748934
9176,tabular-playground-series-may-2022__0ec47cd5c46844e2aadf12bf694b6d69,cards_ours_20260727.jsonl:133,2,0.36263736263736263,0.10073260073260074,0.32679603096016191,0.12853406512364896
9176,tabular-playground-series-may-2022__c8c1855386084a54a8ebe192e60a7f4d,cards_ours_20260727.jsonl:133,2,0.36263736263736263,0.10073260073260074,0.31475916667711751,0.12029388834865894
9176,text-normalization-challenge-english-language__0ed7f9763c4c4e3eb123445278690dae,cards_senior_0808.jsonl:22,4,0.37433155080213903,0.37433155080213903,0.3850511364396309,0.35631643317363942
9176,text-normalization-challenge-english-language__c317471eb4c549a7b736a7104a543b79,cards_senior_0808.jsonl:22,4,0.37433155080213903,0.37433155080213903,0.34113287540624015,0.3286803296998026
9176,text-normalization-challenge-russian-language__12df4ee4a31c43728bf318e397db833e,cards_senior_0809.jsonl:23,0,0.37912087912087911,0.37912087912087911,0.24827667160304856,0.26737600475341416
9176,text-normalization-challenge-russian-language__c31cc5384e6f4f609ece877427c14945,cards_senior_0809.jsonl:23,0,0.37912087912087911,0.37912087912087911,0.24411019034074907,0.26520431292585628
9176,tweet-sentiment-extraction__46adc5e68d6b40dbb11b144b2641767b,cards_senior_0806.jsonl:24,1,0.3783783783783784,0.14553014553014554,0.22941923502068304,0.12228598992223226
9176,tweet-sentiment-extraction__d680305409224abba779c433973d67ad,cards_senior_0806.jsonl:24,1,0.3783783783783784,0.14553014553014554,0.22862315965238714,0.12283270874434185
9176,us-patent-phrase-to-phrase-matching__3c22a06bf2df41b8a3919319aec84af6,cards_senior_0809.jsonl:0,1,0.3783783783783784,0.27027027027027029,0.35309691220164829,0.24935407345919008
9176,us-patent-phrase-to-phrase-matching__5a4a8e6b293441ce96f5f0545568af76,cards_senior_0809.jsonl:0,1,0.3783783783783784,0.27027027027027029,0.36713074926825429,0.25191780586802165
9176,whale-categorization-playground__4357df5db0134f668959aefa0ee73ba6,cards_senior_0808.jsonl:4,3,0.375,0.375,0.37561275148703599,0.3327200749308018
9176,whale-categorization-playground__526ebe6d24d44d8f93c8e506236ec587,cards_senior_0808.jsonl:4,3,0.375,0.375,0.3960250333112203,0.34323627804566886
9176,chaii-hindi-and-tamil-question-answering__463ad7dc1f7b4afe96a64bcfaba5d002,cards_ours_20260727.jsonl:173,3,0.375,0.1171875,0.17543071208816888,0.095052456219657369
9176,chaii-hindi-and-tamil-question-answering__f51b404ae74e4e72a4517e0733b4e1f6,cards_ours_20260727.jsonl:173,3,0.375,0.1171875,0.48090898421760142,0.21624681823990111
9176,denoising-dirty-documents__6dd95edcab0e45559bb741b08b038a76,cards_senior_0731.jsonl:13,3,0.375,0.14423076923076922,0.24199893300167497,0.13274205042770959
9176,denoising-dirty-documents__f39ee4ce2db14bc68771c9773ec0a47f,cards_senior_0731.jsonl:13,3,0.375,0.14423076923076922,0.21881300954129221,0.12176656302844113
9176,google-quest-challenge__9c121e84fa5a451e87b48f608b215dd4,cards_senior_0731.jsonl:8,4,0.37433155080213903,0.26737967914438504,0.24176611704065804,0.21014354416494385
9176,google-quest-challenge__af65cdfcccea47739bbbd7014fb7f5d6,cards_senior_0731.jsonl:8,4,0.37433155080213903,0.26737967914438504,0.24901807861492181,0.21387019747507657
9176,leaf-classification__057eea44bbc44c398d28cb637cf4dc58,cards_senior_0808.jsonl:34,0,0.37912087912087911,0.41365777080062793,0.53639605995688422,0.43247014173494774
9176,leaf-classification__73e11f5203254134a921f4cb4cf0f43f,cards_senior_0808.jsonl:34,0,0.37912087912087911,0.41365777080062793,0.572812668154001,0.44901123728347803
9176,leaf-classification__d7f05a7d1c444f3b83fc5cb5e0070510,cards_senior_0808.jsonl:34,0,0.37912087912087911,0.41365777080062793,0.52144018121619296,0.42207667241789359
9176,learning-agency-lab-automated-essay-scoring-2__71b7798f122449e7bcd5933fe6c9d375,cards_senior_0803.jsonl:6,1,0.3783783783783784,0.42084942084942084,0.23627781993292848,0.35163666639377378
9176,learning-agency-lab-automated-essay-scoring-2__77aac523f90d4cf5afe2eaa03733a189,cards_senior_0803.jsonl:6,1,0.3783783783783784,0.42084942084942084,0.471288076331005,0.50642695132891846
9176,mlsp-2013-birds__2d983a9212234554a59cec88a93e6e0b,cards_senior_0802.jsonl:4,2,0.36263736263736263,0.3813186813186813,0.41086207532547231,0.38204319666149938
9176,mlsp-2013-birds__908d280fda604c43bb7a5e87420e46c3,cards_senior_0802.jsonl:4,2,0.36263736263736263,0.3813186813186813,0.41068925226743275,0.38093661154432223
9176,mlsp-2013-birds__9ccfc1b22cde40db8fc67b8081d0293b,cards_senior_0802.jsonl:4,2,0.36263736263736263,0.3813186813186813,0.41597299491677581,0.38580880849499322
9176,mlsp-2013-birds__9d6111ad09d84e7aa563821c26dd77b2,cards_senior_0802.jsonl:4,2,0.36263736263736263,0.3813186813186813,0.39916126999950741,0.37315009953105649
9176,mlsp-2013-birds__ed8784a6a4c44472a644dcb7a4360f3b,cards_senior_0802.jsonl:4,2,0.36263736263736263,0.3813186813186813,0.41338321846152376,0.38424475750488851
9176,nomad2018-predict-transparent-conductors__02f0dbdfcaa94bba8234b5af0a436362,cards_senior_0805seq.jsonl:19,4,0.37433155080213903,0.43018419489007725,0.40477291061823995,0.44815839864979451
9176,nomad2018-predict-transparent-conductors__449d90db5caa4116a92282d7991684a5,cards_senior_0805seq.jsonl:19,4,0.37433155080213903,0.43018419489007725,0.43717920544608868,0.46413775241030719
9176,spooky-author-identification__c8e9e4089e9d44598bf956bc4cdf901f,cards_senior_0730.jsonl:5,2,0.36263736263736263,0.73443223443223449,0.52064444125531362,0.75249308189841346
9176,spooky-author-identification__d8350d06746c49189b3700f3ae207569,cards_senior_0730.jsonl:5,2,0.36263736263736263,0.73443223443223449,0.59552623853398379,0.79055431056431569
9176,spooky-author-identification__df8572420c294f869b30c2646e8dbce8,cards_senior_0730.jsonl:5,2,0.36263736263736263,0.73443223443223449,0.57585030809793292,0.77816327780783634
9176,tabular-playground-series-dec-2021__36787b1cf20b412e8716ea12368675bf,cards_senior_0801.jsonl:38,3,0.375,0.20833333333333334,0.29822133177780807,0.18330625262941316
9176,tabular-playground-series-dec-2021__dbdf36e610354c398b8b0d89cee8fbd4,cards_senior_0801.jsonl:38,3,0.375,0.20833333333333334,0.28204969494780863,0.18034215333482623
9176,tabular-playground-series-may-2022__5b0e8613150c44ae85338d3bcf5a6369,cards_senior_0801.jsonl:29,0,0.37912087912087911,0.12637362637362637,0.32034036344132205,0.10709823997258069
9176,tabular-playground-series-may-2022__b8fec3edbb0d4e0d8be0e0b649552878,cards_senior_0801.jsonl:29,0,0.37912087912087911,0.12637362637362637,0.28702556603110224,0.097672932527725298
9176,tabular-playground-series-may-2022__c89ea85cc0184427a9225edf4d8503e5,cards_senior_0801.jsonl:29,0,0.37912087912087911,0.12637362637362637,0.29135721956067312,0.098865681430246016
9176,tabular-playground-series-may-2022__d75dd58e0bff47e9bd665df475ee1470,cards_senior_0801.jsonl:29,0,0.37912087912087911,0.12637362637362637,0.29546862021428233,0.10065122107443855
9176,text-normalization-challenge-english-language__9392f64ff1f84e9284c2dd8a154a7075,cards_senior_0808.jsonl:22,4,0.37433155080213903,0.37433155080213903,0.37957332955440443,0.36098609698533662
9176,text-normalization-challenge-english-language__a985c60513e94d3689ab07945cc0bbff,cards_senior_0808.jsonl:22,4,0.37433155080213903,0.37433155080213903,0.38752439524606702,0.36280690500709883
9176,text-normalization-challenge-russian-language__2fe66094d42742808d9a58b89318bbe2,cards_senior_0809.jsonl:23,0,0.37912087912087911,0.37912087912087911,0.24870076526557383,0.26607749818213683
9176,text-normalization-challenge-russian-language__bb14510d97f9431b9d38af8c0c6ec464,cards_senior_0809.jsonl:23,0,0.37912087912087911,0.37912087912087911,0.24702215705411976,0.26501818545419081
9176,tweet-sentiment-extraction__2dd226e419444bda9332f9335227453b,cards_senior_0806.jsonl:24,1,0.3783783783783784,0.14553014553014554,0.2267110666480314,0.12124142148907303
9176,tweet-sentiment-extraction__682d524e66a341aeaea1f6bfc8e79e3f,cards_senior_0806.jsonl:24,1,0.3783783783783784,0.14553014553014554,0.23765179415293383,0.12402269660504185
9176,us-patent-phrase-to-phrase-matching__8a679e73b8e347bab4c5736235428580,cards_senior_0809.jsonl:0,1,0.3783783783783784,0.27027027027027029,0.35504955218418199,0.23883591914797225
9176,us-patent-phrase-to-phrase-matching__e6c01b00731d4e28a6061eb7473253d0,cards_senior_0809.jsonl:0,1,0.3783783783783784,0.27027027027027029,0.35276710321405458,0.23772931359100979
9176,whale-categorization-playground__1993f9bcf0ee4bfeaaea9a7034c8e08e,cards_senior_0808.jsonl:4,3,0.375,0.375,0.32122763609877247,0.30068812050189564
9176,whale-categorization-playground__810bfcc7bb3a44d396a6056bb651d30f,cards_senior_0808.jsonl:4,3,0.375,0.375,0.35510545464691018,0.32109975880520264
9176,denoising-dirty-documents__5549e4182535479794bbe510d212e280,cards_senior_0731.jsonl:13,3,0.375,0.14423076923076922,0.19750665454175392,0.11363587635623841
9176,denoising-dirty-documents__9ae54f31fa5043d6bf6288f9b2b031c2,cards_senior_0731.jsonl:13,3,0.375,0.14423076923076922,0.20090979533226752,0.11663945864857557
9176,google-quest-challenge__5e9ca53a965341de95e27ea6a40732c6,cards_senior_0731.jsonl:8,4,0.37433155080213903,0.26737967914438504,0.2513004465718971,0.21421605351611578
9176,google-quest-challenge__d47652578a9f4b8e896dcf77a27f1573,cards_senior_0731.jsonl:8,4,0.37433155080213903,0.26737967914438504,0.24382842335232233,0.21114054705786478
9176,chaii-hindi-and-tamil-question-answering__809857640568405e918117ea19d34793,cards_senior_0728.jsonl:13,0,0.37912087912087911,0.18550497121925694,0.22957365502978508,0.19620077860432239
9176,chaii-hindi-and-tamil-question-answering__9084669573164ec5b9a1dccb93b34a76,cards_senior_0728.jsonl:13,0,0.37912087912087911,0.18550497121925694,0.23310138097406383,0.20113850254978322
9176,denoising-dirty-documents__2777b9434e904072953a89a92373797d,cards_senior_0727.jsonl:11,2,0.36263736263736263,0.095430884904569122,0.16541051730511191,0.082891689306754723
9176,denoising-dirty-documents__63efdaf0641947afad86fb6012c1752d,cards_senior_0727.jsonl:11,2,0.36263736263736263,0.095430884904569122,0.17111872396236952,0.0847969487244217
9176,google-quest-challenge__cfdb38bd32284dd1b14ffe5f63059aa2,cards_senior_0806.jsonl:8,1,0.3783783783783784,0.2289348171701113,0.24332327634354733,0.20896643997700071
9176,google-quest-challenge__e056f23b7e7345cc99b98ec98dbc0224,cards_senior_0806.jsonl:8,1,0.3783783783783784,0.2289348171701113,0.24033671652632013,0.20713334108604797
9176,kuzushiji-recognition__182f4cda0713445da9215b141532d19c,cards_senior_0806.jsonl:13,0,0.37912087912087911,0.21062271062271062,0.23960131299233525,0.15468700831676885
9176,kuzushiji-recognition__2f8ad4b6f65e4c7b8d9da78aec6a8d9a,cards_senior_0806.jsonl:13,0,0.37912087912087911,0.21062271062271062,0.26158706138514271,0.16346866082768979
9176,leaf-classification__991d5e2597c6435aa1d658f2f46639f1,cards_senior_0808.jsonl:34,0,0.37912087912087911,0.41365777080062793,0.51987761995946569,0.4221380781918731
9176,leaf-classification__ee501d742baa4e5eb3737e1746896c43,cards_senior_0808.jsonl:34,0,0.37912087912087911,0.41365777080062793,0.53422898500884131,0.42925480832533647
9176,learning-agency-lab-automated-essay-scoring-2__582b2c4449b042abbd35afa7f0161ae7,cards_senior_0808.jsonl:8,3,0.375,0.3671875,0.31990370539565038,0.36037411870968894
9176,learning-agency-lab-automated-essay-scoring-2__6e8d2b60f702410b9ce09b32bd3a5b2d,cards_senior_0808.jsonl:8,3,0.375,0.3671875,0.24767485551659199,0.29542692671226589
9176,mlsp-2013-birds__83676ff46373471d9a13d595e5dfabd9,cards_senior_0728.jsonl:18,1,0.3783783783783784,0.56628056628056622,0.41258010563564951,0.54052502717702033
9176,mlsp-2013-birds__88f03e044884470daa459768f08242d1,cards_senior_0728.jsonl:18,1,0.3783783783783784,0.56628056628056622,0.38195369829639297,0.53264338112410081
9176,mlsp-2013-birds__d8afa823f0a64069bb2ff77d64afd36d,cards_senior_0728.jsonl:18,1,0.3783783783783784,0.56628056628056622,0.42957150257906945,0.55953391368478766
9176,nomad2018-predict-transparent-conductors__2fa45c41870740aaa5179d06e3daa1f2,cards_senior_0805seq.jsonl:19,4,0.37433155080213903,0.43018419489007725,0.42692275658296347,0.46122799199348663
9176,nomad2018-predict-transparent-conductors__ab835174b2654d69bfb2ad1ff8779042,cards_senior_0805seq.jsonl:19,4,0.37433155080213903,0.43018419489007725,0.41807545773526611,0.45728095738392127
9176,petfinder-pawpularity-score__164ee2d978574b42a052ec28a7d88eef,cards_senior_0730.jsonl:0,4,0.37433155080213903,0.54129530600118825,0.43637501940244183,0.58877419485179505
9176,petfinder-pawpularity-score__2d478cc7a3c244028234f9e7585340c4,cards_senior_0730.jsonl:0,4,0.37433155080213903,0.54129530600118825,0.53178231115744379,0.64007455090272103
9176,random-acts-of-pizza__0f1e5cd6c6de460abaae7877daf9aa69,cards_ours_20260727.jsonl:68,4,0.37433155080213903,0.7593582887700534,0.68098791223617261,0.84085708886597221
9176,random-acts-of-pizza__9ca2d2e324f740ef85c2d32a7380ac6f,cards_ours_20260727.jsonl:68,4,0.37433155080213903,0.7593582887700534,0.69329561685265784,0.84268497786018726
9176,random-acts-of-pizza__fa4524bd04a2450e9f937a60d2db3cce,cards_ours_20260727.jsonl:68,4,0.37433155080213903,0.7593582887700534,0.6662906866130901,0.83857063032173351
9176,spaceship-titanic__df0e799d4c294c78a20d756c405fee68,cards_ours_20260727.jsonl:3,1,0.3783783783783784,0.3783783783783784,0.33461650730191916,0.36720215393791011
9176,spaceship-titanic__ffc4990563cd4b8e8561b15fd47f1488,cards_ours_20260727.jsonl:3,1,0.3783783783783784,0.3783783783783784,0.32926097382680231,0.3590648412293404
9176,spooky-author-identification__31dc45ab82da453fa070417d3e97b475,cards_t3era_missing.jsonl:14,1,0.3783783783783784,0.77799227799227799,0.57441017179680764,0.79687829478839411
9176,spooky-author-identification__8f9956778f6b4e9ea7b6af0a7f82e4a6,cards_t3era_missing.jsonl:14,1,0.3783783783783784,0.77799227799227799,0.50093017216403812,0.76778489975363462
9176,spooky-author-identification__b1638019d27044b7a3c20ec855526869,cards_t3era_missing.jsonl:14,1,0.3783783783783784,0.77799227799227799,0.6365309543208636,0.82466387814435227
9176,tabular-playground-series-may-2022__3bd55e0164e9413cbeaa16b558f4b9b5,cards_ours_20260727.jsonl:116,2,0.36263736263736263,0.10073260073260074,0.43175712962488655,0.16017449759517299
9176,tabular-playground-series-may-2022__54771d7d3c3243cb98c0e06d98a7229e,cards_ours_20260727.jsonl:116,2,0.36263736263736263,0.10073260073260074,0.40001487371891897,0.15243714664642855
9176,tabular-playground-series-may-2022__dd85f0501dc3491ab42ffdbb35eed3b8,cards_ours_20260727.jsonl:116,2,0.36263736263736263,0.10073260073260074,0.46629896905240564,0.17268410348906152
9176,text-normalization-challenge-english-language__34edc8d8a8ac4541b0a2be857e2e91ba,cards_senior_0808.jsonl:23,4,0.37433155080213903,0.37433155080213903,0.33354333470625724,0.3410881339147494
9176,text-normalization-challenge-english-language__99a26b06e08f45699153b0ee7ad77137,cards_senior_0808.jsonl:23,4,0.37433155080213903,0.37433155080213903,0.33502891563918408,0.33969693243338267
9176,tweet-sentiment-extraction__8d8df13692c14f7db7597f2cad9346cf,cards_senior_0808.jsonl:31,2,0.36263736263736263,0.16483516483516483,0.25417483351205505,0.15143249259108479
9176,tweet-sentiment-extraction__e1266dc1dbe04bbfb31bfcee508ffddd,cards_senior_0808.jsonl:31,2,0.36263736263736263,0.16483516483516483,0.25292519929172103,0.15090071054320048
9176,us-patent-phrase-to-phrase-matching__1c4488edb7d64655b66855bb93bf1e8b,cards_senior_0809.jsonl:0,1,0.3783783783783784,0.27027027027027029,0.32600768611381864,0.23602627408940929
9176,us-patent-phrase-to-phrase-matching__62f7f6d4c93243f8b5cfb6c826567d0e,cards_senior_0809.jsonl:0,1,0.3783783783783784,0.27027027027027029,0.32547054295240568,0.23555428270658704
9176,whale-categorization-playground__1e0523c9f023474d8c2ff0f41e3c9969,cards_senior_0808.jsonl:4,3,0.375,0.375,0.32865074025687824,0.30507284686687464
9176,whale-categorization-playground__45dc507077d5444c9dca3ab6d8e46b79,cards_senior_0808.jsonl:4,3,0.375,0.375,0.34270742061855147,0.31818277343083007
9176,chaii-hindi-and-tamil-question-answering__9cc47ce945ac482dada73aa89c86ea95,cards_senior_0801.jsonl:18,2,0.36263736263736263,0.27237048665620095,0.21913096093098197,0.22158904482717867
9176,chaii-hindi-and-tamil-question-answering__a483163f252d42fc98190cbfa2abfacc,cards_senior_0801.jsonl:18,2,0.36263736263736263,0.27237048665620095,0.20868749031924266,0.21549396479435498
9176,chaii-hindi-and-tamil-question-answering__adf3351945ce4702bf8966e662ab3dcf,cards_senior_0801.jsonl:18,2,0.36263736263736263,0.27237048665620095,0.21181317034740149,0.21447365890123216
9176,denoising-dirty-documents__13f0395b31ec47c6a4f8116b12e3ce63,cards_senior_0731.jsonl:13,3,0.375,0.14423076923076922,0.21162042363170383,0.11982541750075457
9176,denoising-dirty-documents__823936b3bbff49418a2f507faded41af,cards_senior_0731.jsonl:13,3,0.375,0.14423076923076922,0.19236084640727419,0.11168270056257835
9176,google-quest-challenge__6ba46794dff84b4aa036ddff694451c2,cards_senior_0731.jsonl:8,4,0.37433155080213903,0.26737967914438504,0.23489737771533126,0.20855717442522292
9176,google-quest-challenge__d18100348572434fbfa74d3d01008623,cards_senior_0731.jsonl:8,4,0.37433155080213903,0.26737967914438504,0.22801864339839387,0.20219882594545052
9176,kuzushiji-recognition__181e0d660b9d488cbc03cfdf2e2dee1c,cards_senior_0806.jsonl:13,0,0.37912087912087911,0.21062271062271062,0.23233022173741197,0.1515872731081522
9176,kuzushiji-recognition__d986962a7a4d47e0ad49cda82797dbe8,cards_senior_0806.jsonl:13,0,0.37912087912087911,0.21062271062271062,0.22452596350624637,0.14799557329741211
9176,leaf-classification__04ab1a90eab841ddb77c99d84c5e1463,cards_senior_0808.jsonl:33,1,0.3783783783783784,0.82732732732732728,0.6842538051737701,0.85664511050185388
9176,leaf-classification__8d613d315033481d990dc9c0af53620a,cards_senior_0808.jsonl:33,1,0.3783783783783784,0.82732732732732728,0.73589156772356079,0.87584526710573973
9176,learning-agency-lab-automated-essay-scoring-2__50c87d8406ad4f17aa7b023c05d6a44c,cards_senior_0803.jsonl:3,0,0.37912087912087911,0.17232767232767232,0.19917211493147555,0.10360204211566489
9176,learning-agency-lab-automated-essay-scoring-2__ca6e4102a52745a388d5d1e6a5630a60,cards_senior_0803.jsonl:3,0,0.37912087912087911,0.17232767232767232,0.19453879972838861,0.10429722869925079
9176,mlsp-2013-birds__ea104eef9b0c40dbbe70f756d236f0da,cards_senior_0726.jsonl:10,4,0.37433155080213903,0.44871171609139521,0.46833618581023589,0.46442765847491341
9176,mlsp-2013-birds__f570cce01e6f4fc591ead51fb7dea6ae,cards_senior_0726.jsonl:10,4,0.37433155080213903,0.44871171609139521,0.48213503804835373,0.47130909834330931
9176,nomad2018-predict-transparent-conductors__1da1998ae9de457e96faac89241808e2,cards_senior_0805seq.jsonl:17,3,0.375,0.60576923076923073,0.37418497988868993,0.52606913695961177
9176,nomad2018-predict-transparent-conductors__ad9ad3eace7b4e40b52a38da1ab9fe2e,cards_senior_0805seq.jsonl:17,3,0.375,0.60576923076923073,0.44890730463874196,0.57897629360301406
9176,petfinder-pawpularity-score__28777132c16747d88ee33785cdea5ea7,cards_senior_0730.jsonl:0,4,0.37433155080213903,0.54129530600118825,0.50222846277488198,0.62193243968832346
9176,petfinder-pawpularity-score__3011b9f5b83e4e8f8077628482e6a0bd,cards_senior_0730.jsonl:0,4,0.37433155080213903,0.54129530600118825,0.49356870481558129,0.62108920605565021
9176,random-acts-of-pizza__0ee1fa402ecb43ae9906ef4aa3e16d1a,cards_gen3A.jsonl:3,1,0.3783783783783784,0.76091476091476085,0.45937711155046745,0.7496868601663097
9176,random-acts-of-pizza__3a1402459a144c3cba0f2a91a5b8e721,cards_gen3A.jsonl:3,1,0.3783783783783784,0.76091476091476085,0.54590006857282525,0.78794557722761671
9176,random-acts-of-pizza__8c5fe3fc63254b88bc949f6d53a9cb6a,cards_gen3A.jsonl:3,1,0.3783783783783784,0.76091476091476085,0.57739108241303949,0.80368024147844397
9176,random-acts-of-pizza__9b9f4f95471a4b89972077ce62bdc1f8,cards_gen3A.jsonl:3,1,0.3783783783783784,0.76091476091476085,0.56522240950399338,0.79881844857942275
9176,random-acts-of-pizza__f02f9281781f4290a64b5e40011b4479,cards_gen3A.jsonl:3,1,0.3783783783783784,0.76091476091476085,0.53364889475565602,0.7864402222681719
9176,spooky-author-identification__16a678db368a417fbf00950915601fb9,cards_senior_0730.jsonl:5,2,0.36263736263736263,0.73443223443223449,0.55905160090347583,0.77397427176052236
9176,spooky-author-identification__653ba54bf46a4d82a9668d92db356211,cards_senior_0730.jsonl:5,2,0.36263736263736263,0.73443223443223449,0.57917408524759528,0.77782999555369947
9176,spooky-author-identification__900270a860234cc2b3ae8a0505bd105a,cards_senior_0730.jsonl:5,2,0.36263736263736263,0.73443223443223449,0.56516250936551482,0.76841444175509355
9176,tabular-playground-series-may-2022__63bb3182d23844efb65f5c6f635880c0,cards_ours_20260727.jsonl:140,1,0.3783783783783784,0.0900900900900901,0.28176909723839455,0.10961994933726803
9176,tabular-playground-series-may-2022__ee7c57076442408ab0cd8deda21efe3d,cards_ours_20260727.jsonl:140,1,0.3783783783783784,0.0900900900900901,0.28483268277980234,0.10798618911736328
9176,text-normalization-challenge-english-language__7008d36ab2f34145ad6685619b5dc6f5,cards_senior_0808.jsonl:22,4,0.37433155080213903,0.37433155080213903,0.33972214264795447,0.32937838618209414
9176,text-normalization-challenge-english-language__bacc0486e8514bb19fed5da934794b4f,cards_senior_0808.jsonl:22,4,0.37433155080213903,0.37433155080213903,0.38490681916366964,0.35620200744886954
9176,tweet-sentiment-extraction__ca1e8db2630c463c9f5cec8ec4372e82,cards_senior_0808.jsonl:31,2,0.36263736263736263,0.16483516483516483,0.26820093094987668,0.16554720143262081
9176,tweet-sentiment-extraction__f6c40c870e6a4745a99c42726964c10f,cards_senior_0808.jsonl:31,2,0.36263736263736263,0.16483516483516483,0.27676105913737137,0.16966892022280067
9176,us-patent-phrase-to-phrase-matching__0094c655584a4efebad270ab7be4a2d1,cards_senior_0809.jsonl:0,1,0.3783783783783784,0.27027027027027029,0.34176751236705433,0.24308191620098307
9176,us-patent-phrase-to-phrase-matching__7a13b994f5a24f8582ee2ac810a6d9df,cards_senior_0809.jsonl:0,1,0.3783783783783784,0.27027027027027029,0.32982911552583055,0.23572064312794952
9176,whale-categorization-playground__1eed9a1d3c2744ffbd658019805310aa,cards_senior_0808.jsonl:4,3,0.375,0.375,0.36657653250794919,0.32195484426127846
9176,whale-categorization-playground__4640830dea044d49866b722d18ca4db8,cards_senior_0808.jsonl:4,3,0.375,0.375,0.3675083712975134,0.32682351391000275
9176,chaii-hindi-and-tamil-question-answering__4246a977cac14f43b5383deb5a257697,cards_senior_0801.jsonl:13,3,0.375,0.1171875,0.15465790740340507,0.086401668906531157
9176,chaii-hindi-and-tamil-question-answering__57ce82f9247a4cc8b626b575d3f2c979,cards_senior_0801.jsonl:13,3,0.375,0.1171875,0.15297311877677905,0.086152828464520187
9176,chaii-hindi-and-tamil-question-answering__ce99d23bb4de4bd4bfe832f8937daca3,cards_senior_0801.jsonl:13,3,0.375,0.1171875,0.15708989417909283,0.087247059997213952
9176,denoising-dirty-documents__9b6a53da44cf4a7c909704e35cc9a7b0,cards_senior_0804.jsonl:24,0,0.37912087912087911,0.11150614091790562,0.18932805996859697,0.095131372219381546
9176,denoising-dirty-documents__d900b645d2f84cf2b3f0f905f2e0f5bc,cards_senior_0804.jsonl:24,0,0.37912087912087911,0.11150614091790562,0.18665155800792241,0.092434952641516577
9176,google-quest-challenge__b0136f10f1e34af1bea8d3b95494444d,cards_senior_0731.jsonl:8,4,0.37433155080213903,0.26737967914438504,0.29572654303011831,0.24172035131080874
9176,google-quest-challenge__c0db78dfced24417a26a9268ac68ca83,cards_senior_0731.jsonl:8,4,0.37433155080213903,0.26737967914438504,0.27910593802092076,0.23475199776895825
9176,kuzushiji-recognition__4dd7be980ff84ddba2cf9058c2885427,cards_senior_0804.jsonl:10,3,0.375,0.20833333333333334,0.23946545875152994,0.15393921173276612
9176,kuzushiji-recognition__d6f23b0dbc6b4334a0ff06e695764651,cards_senior_0804.jsonl:10,3,0.375,0.20833333333333334,0.24327942568325012,0.15362217523719926
9176,leaf-classification__494524617b54420f82384eeeca1bb3f8,cards_senior_0808.jsonl:34,0,0.37912087912087911,0.41365777080062793,0.53804047606542793,0.43734216727939873
9176,leaf-classification__eed56a4de8c846d199c496cea22662c6,cards_senior_0808.jsonl:34,0,0.37912087912087911,0.41365777080062793,0.51454085438228847,0.42290674689363428
9176,learning-agency-lab-automated-essay-scoring-2__70e2d9903c9a4c9cbeb84d1deb7775c2,cards_senior_0803.jsonl:3,0,0.37912087912087911,0.17232767232767232,0.16937059832376014,0.095666952783478726
9176,learning-agency-lab-automated-essay-scoring-2__ec12b99e12db4b4fa87adb2a6ce1a191,cards_senior_0803.jsonl:3,0,0.37912087912087911,0.17232767232767232,0.18119661064921788,0.10000995434889765
9176,mlsp-2013-birds__3fbdbce65f5d48f6ada1b1d94fe1e6e4,cards_senior_0802.jsonl:4,2,0.36263736263736263,0.3813186813186813,0.45237251751146323,0.40406577245186792
9176,mlsp-2013-birds__b058311fdf0247009ea12d70a6ae6e27,cards_senior_0802.jsonl:4,2,0.36263736263736263,0.3813186813186813,0.36809903166739255,0.35486999023323512
9176,mlsp-2013-birds__de69913224174ab1ad9e79cb410ca078,cards_senior_0802.jsonl:4,2,0.36263736263736263,0.3813186813186813,0.30468274594683853,0.31700373899014528
9176,nomad2018-predict-transparent-conductors__0b445119bd14461e8d644cd7865ce956,cards_senior_0805seq.jsonl:17,3,0.375,0.60576923076923073,0.43066517142683952,0.5714226964564707
9176,nomad2018-predict-transparent-conductors__d5916b67aaf1483c872bc47cefc07f85,cards_senior_0805seq.jsonl:17,3,0.375,0.60576923076923073,0.39288562172669711,0.54061580034762302
9176,petfinder-pawpularity-score__717816b3dcb9490e8c60cf7c0232a6f6,cards_senior_0806.jsonl:1,1,0.3783783783783784,0.44471744471744473,0.27825184519295226,0.35215882455478098
9176,petfinder-pawpularity-score__947a9114cbd64cb9838e1bbfdc050a06,cards_senior_0806.jsonl:1,1,0.3783783783783784,0.44471744471744473,0.38847697285267829,0.42886316403165453
9176,random-acts-of-pizza__d49ae6008eca4bd4b3f736f90dc6afac,cards_ours_20260727.jsonl:69,4,0.37433155080213903,0.7593582887700534,0.68337100876853207,0.84138845439584009
9176,random-acts-of-pizza__e52f8a668b95496aa04cd6a8d72f6642,cards_ours_20260727.jsonl:69,4,0.37433155080213903,0.7593582887700534,0.70587317523884952,0.84408364680509052
9176,spooky-author-identification__67f02ce1c7dd42c1b2aa07655e0eacf0,cards_senior_0801.jsonl:4,1,0.3783783783783784,0.77799227799227799,0.71785496691950146,0.85355808126948784
9176,spooky-author-identification__9212864b27984d118b518b96dc3b2886,cards_senior_0801.jsonl:4,1,0.3783783783783784,0.77799227799227799,0.62506861292643179,0.81489002838050839
9176,tabular-playground-series-may-2022__242786b5b67d461d9e11c4830b75eb8c,cards_ours_20260727.jsonl:114,3,0.375,0.09375,0.35319758510491345,0.11920874892567448
9176,tabular-playground-series-may-2022__5e16ecb8fdb1429ca6617f25dc3dffac,cards_ours_20260727.jsonl:114,3,0.375,0.09375,0.32099532846370588,0.11377232543621242
9176,tabular-playground-series-may-2022__f7fdb3bb45a9446a892b9658a7649f80,cards_ours_20260727.jsonl:114,3,0.375,0.09375,0.28482711011518996,0.090614683273965213
9176,tweet-sentiment-extraction__0a0cc958b101410bb78c7b4aa2e35de7,cards_ours_20260727.jsonl:78,3,0.375,0.125,0.16538261442546739,0.091533124239183306
9176,tweet-sentiment-extraction__e81936fc2667464d8c5cb91c12c2dae1,cards_ours_20260727.jsonl:78,3,0.375,0.125,0.16734749724472037,0.092150091129486439
9176,us-patent-phrase-to-phrase-matching__377975af886d4537bf3642d36be325b8,cards_senior_0809.jsonl:0,1,0.3783783783783784,0.27027027027027029,0.34518481406101248,0.23693581645751335
9176,us-patent-phrase-to-phrase-matching__48b67d035f0442d0893e85642d0c5c70,cards_senior_0809.jsonl:0,1,0.3783783783783784,0.27027027027027029,0.35107848846127787,0.24216403225942096
9176,whale-categorization-playground__a654a03bb40a4ae68b4f006b23fb7ef6,cards_senior_0808.jsonl:4,3,0.375,0.375,0.36641438756400513,0.32996142666043593
9176,whale-categorization-playground__bd9fe2cb573d4bd1bd064db704f7cbba,cards_senior_0808.jsonl:4,3,0.375,0.375,0.38266852838864435,0.33483773707114267
9176,chaii-hindi-and-tamil-question-answering__79675e23561e437885211692d32c5024,cards_senior_0801.jsonl:13,3,0.375,0.1171875,0.14865714265379684,0.085151054026511991
9176,chaii-hindi-and-tamil-question-answering__859755a3dccf447cbe49d1ab8a718158,cards_senior_0801.jsonl:13,3,0.375,0.1171875,0.14652189337590057,0.085687517100580826
9176,denoising-dirty-documents__3f15dea796044d05a16fd6e273d740d8,cards_senior_0804.jsonl:23,0,0.37912087912087911,0.11150614091790562,0.16712450201261828,0.08241793039269478
9176,denoising-dirty-documents__ec6f4762e28d40baaf94ee6b6664a820,cards_senior_0804.jsonl:23,0,0.37912087912087911,0.11150614091790562,0.16060805856815324,0.080296124031040361
9177,chaii-hindi-and-tamil-question-answering__4f53d7ec0a9a4cf493e0b830f2ea81f1,cards_senior_0801.jsonl:18,2,0.375,0.2767857142857143,0.22699237952320292,0.22923510727994253
9177,chaii-hindi-and-tamil-question-answering__5d0ed2ed05c0444d9cb5b339be9fdc76,cards_senior_0801.jsonl:18,2,0.375,0.2767857142857143,0.23651137874942818,0.23482360712178169
9177,chaii-hindi-and-tamil-question-answering__b2ad93da8c144c78b743ca04be0b9076,cards_senior_0801.jsonl:18,2,0.375,0.2767857142857143,0.23354206610596165,0.23242045301427167
9177,denoising-dirty-documents__676afd4f1b2048cfa3bb87a9501c0de8,cards_senior_0727.jsonl:16,2,0.375,0.098684210526315791,0.20943837972392115,0.096439399697449413
9177,denoising-dirty-documents__9122d7821f0d4e59b227733c2554700b,cards_senior_0727.jsonl:16,2,0.375,0.098684210526315791,0.21992620394817344,0.096293645557446614
9177,google-quest-challenge__3d3145e426b04dc1a112c0832c002be2,cards_senior_0731.jsonl:8,4,0.37158469945355194,0.26541764246682281,0.18062111580795265,0.15274265148228436
9177,google-quest-challenge__9f74747856c543728a41fbad7c6faf26,cards_senior_0731.jsonl:8,4,0.37158469945355194,0.26541764246682281,0.19011921757616793,0.15808639588195356
9177,kuzushiji-recognition__73e99f460e924a9e88321f1949932b3b,cards_senior_0804.jsonl:10,2,0.375,0.20833333333333334,0.30265783996435441,0.17377316411527641
9177,kuzushiji-recognition__9524d52febcd4295ad84c4af399e1324,cards_senior_0804.jsonl:10,2,0.375,0.20833333333333334,0.33227799033049821,0.18690649711511426
9177,leaf-classification__60b488f9620146388be7609e453aee44,cards_senior_0808.jsonl:34,0,0.38172043010752688,0.38172043010752688,0.51994419905367095,0.39872398057192976
9177,leaf-classification__b98b686b95184ee98e13a7e8b7ed4368,cards_senior_0808.jsonl:34,0,0.38172043010752688,0.38172043010752688,0.51851311759039032,0.40469393230917422
9177,leaf-classification__dd2c3d9b946e4ada942d99bcabfe7d98,cards_senior_0808.jsonl:34,0,0.38172043010752688,0.38172043010752688,0.51618607174517617,0.39725239776954013
9177,learning-agency-lab-automated-essay-scoring-2__2fd4cc3940ce4d0fb1c213b397104657,cards_senior_0803.jsonl:6,3,0.3611111111111111,0.41468253968253965,0.40492184046989188,0.45038865065339467
9177,learning-agency-lab-automated-essay-scoring-2__ba54479d2a1e448e80aa38d85d4d6470,cards_senior_0803.jsonl:6,3,0.3611111111111111,0.41468253968253965,0.41414923409142002,0.46232304596871271
9177,mlsp-2013-birds__232a055870ca4572b7fc070264a338eb,cards_senior_0802.jsonl:4,3,0.3611111111111111,0.38055555555555554,0.48176890469981332,0.43835951494076886
9177,mlsp-2013-birds__3f1b6baa29ee48bfba34b73ebe2933b6,cards_senior_0802.jsonl:4,3,0.3611111111111111,0.38055555555555554,0.45830537860957887,0.42282677468462337
9177,mlsp-2013-birds__c9597f7b1aef4ebb8bd655c3ace5bf8a,cards_senior_0802.jsonl:4,3,0.3611111111111111,0.38055555555555554,0.45390556520302078,0.42442147420579091
9177,mlsp-2013-birds__d3547e171d7243b1a0e4f77c3c6fe74b,cards_senior_0802.jsonl:4,3,0.3611111111111111,0.38055555555555554,0.48228329612566195,0.436910135206804
9177,nomad2018-predict-transparent-conductors__3abc50e2bddc4454b0ee7b9ec92e1263,cards_senior_0805seq.jsonl:19,4,0.37158469945355194,0.4286581663630844,0.43328492082096998,0.46005052847014466
9177,nomad2018-predict-transparent-conductors__7a0ce85adaff49c49dae9357b9347dc6,cards_senior_0805seq.jsonl:19,4,0.37158469945355194,0.4286581663630844,0.42469737676143132,0.4537503805214908
9177,petfinder-pawpularity-score__9251a8fa822f4d5fbeee6609ff544d84,cards_senior_0730.jsonl:4,3,0.3611111111111111,0.34595959595959597,0.27761795750004814,0.28656499125105689
9177,petfinder-pawpularity-score__e4b073d8ebc042b1831c55c6438b9e6a,cards_senior_0730.jsonl:4,3,0.3611111111111111,0.34595959595959597,0.37513995383690452,0.34859440096004202
9177,random-acts-of-pizza__02ab01e7d3624270a317cd6c9c52af77,cards_gen2C.jsonl:2,1,0.37967914438502676,0.79322638146167557,0.4463711392963266,0.74838744261020862
9177,random-acts-of-pizza__a672b879e7f9459c9ca2ea299751f4b2,cards_gen2C.jsonl:2,1,0.37967914438502676,0.79322638146167557,0.43751261137187297,0.74444319369546486
9177,random-acts-of-pizza__d7e488f0729c41aeb94a7502bff7fc4d,cards_gen2C.jsonl:2,1,0.37967914438502676,0.79322638146167557,0.4516940319548477,0.75141578685025268
9177,spooky-author-identification__38648184253c4e7792d7658657da0746,cards_senior_0801.jsonl:6,2,0.375,0.82638888888888884,0.69993600325744865,0.86528191651749509
9177,spooky-author-identification__40e09976978641a1a0f8ddc87586731a,cards_senior_0801.jsonl:6,2,0.375,0.82638888888888884,0.70279412699723587,0.86681177666044429
9177,spooky-author-identification__414aed3e532a4130bb3ec66bd5efa9ea,cards_senior_0801.jsonl:6,2,0.375,0.82638888888888884,0.71420087712260205,0.86953050205631954
9177,tabular-playground-series-dec-2021__72c882b1d87c45b09471af711496de1a,cards_senior_0807.jsonl:22,2,0.375,0.20833333333333334,0.29390092898432851,0.18283698374188648
9177,tabular-playground-series-dec-2021__81b08a9c23464eb1a0f7861d6fd90b67,cards_senior_0807.jsonl:22,2,0.375,0.20833333333333334,0.29766632042766467,0.18390377028391006
9177,tabular-playground-series-may-2022__2db19efb799e4de5895edb93d85b2566,cards_senior_0801.jsonl:29,0,0.38172043010752688,0.12724014336917563,0.32300816977241753,0.1133103713338646
9177,tabular-playground-series-may-2022__4fdd3e809b0f4a3faf2db69645b93c4b,cards_senior_0801.jsonl:29,0,0.38172043010752688,0.12724014336917563,0.35753497332375672,0.13544151642766772
9177,tabular-playground-series-may-2022__79d61fdff64b43d38b5ff3296acc2652,cards_senior_0801.jsonl:29,0,0.38172043010752688,0.12724014336917563,0.36813404609122874,0.12659771780803586
9177,tabular-playground-series-may-2022__da119d83b67a44ee9f88a3327245e55e,cards_senior_0801.jsonl:29,0,0.38172043010752688,0.12724014336917563,0.37692420531970489,0.1321214689071184
9177,text-normalization-challenge-english-language__29f436da5b0648589fc09c95fd35802c,cards_senior_0808.jsonl:22,3,0.3611111111111111,0.25793650793650796,0.49791297546890889,0.30296748033807569
9177,text-normalization-challenge-english-language__a6194a4710b54ff192d573518f37ce94,cards_senior_0808.jsonl:22,3,0.3611111111111111,0.25793650793650796,0.46835434321006336,0.29080275581687637
9177,text-normalization-challenge-russian-language__17aee59d02c4456da6f4c9f0a012608e,cards_senior_0809.jsonl:23,3,0.3611111111111111,0.3611111111111111,0.35379472475111479,0.32783090858119074
9177,text-normalization-challenge-russian-language__ec66f21087014f2f9ef743b6d89534a2,cards_senior_0809.jsonl:23,3,0.3611111111111111,0.3611111111111111,0.35405741346033487,0.32840292994916837
9177,tweet-sentiment-extraction__ba991b0a79ab4c0b891f8b9d0a51596b,cards_senior_0808.jsonl:31,2,0.375,0.17045454545454544,0.27057177335882887,0.15537013523856982
9177,tweet-sentiment-extraction__ebc3354908f34e22a46f39eedfe14ff7,cards_senior_0808.jsonl:31,2,0.375,0.17045454545454544,0.25847906891795064,0.14769417043195418
9177,us-patent-phrase-to-phrase-matching__4d490c1fd354424590af4de01f88d37e,cards_senior_0809.jsonl:3,2,0.375,0.125,0.47165665417156999,0.20350180139417659
9177,us-patent-phrase-to-phrase-matching__de37da6839394cd6b7b11d20cb6c5fa0,cards_senior_0809.jsonl:3,2,0.375,0.125,0.47191327676376399,0.20197825050222901
9177,whale-categorization-playground__42946e2d791e42b7950c54b9f578160a,cards_senior_0808.jsonl:4,3,0.3611111111111111,0.3611111111111111,0.29480812323179834,0.30663369620073383
9177,whale-categorization-playground__75cc6d17e1474aa4a703511062f10870,cards_senior_0808.jsonl:4,3,0.3611111111111111,0.3611111111111111,0.28928983260113506,0.30123241706057124
9177,chaii-hindi-and-tamil-question-answering__bc2b2933e9a344838ef44954e87a5a79,cards_senior_0801.jsonl:18,2,0.375,0.2767857142857143,0.21621692093770184,0.22075832095822581
9177,chaii-hindi-and-tamil-question-answering__e52f191218764c6286271c5d08770f64,cards_senior_0801.jsonl:18,2,0.375,0.2767857142857143,0.2303842867769163,0.22846745793125858
9177,chaii-hindi-and-tamil-question-answering__fe380beafe764af0bccfea134d0032b5,cards_senior_0801.jsonl:18,2,0.375,0.2767857142857143,0.20141944372723283,0.21184079924059546
9177,denoising-dirty-documents__3ad8b9e4925d4292bdca3ed8183feb67,cards_senior_0731.jsonl:13,0,0.38172043010752688,0.17350928641251223,0.29759384961799445,0.1552109042405766
9177,denoising-dirty-documents__b866c25ad23841308fad35ae81f27a90,cards_senior_0731.jsonl:13,0,0.38172043010752688,0.17350928641251223,0.29993980208448234,0.15409714703696004
9177,google-quest-challenge__0f314d3d03ab4226be148679544edf63,cards_senior_0731.jsonl:8,4,0.37158469945355194,0.26541764246682281,0.17071947583034947,0.14759698773911928
9177,google-quest-challenge__43f44abea2d04a8e993bbcf60a6646d7,cards_senior_0731.jsonl:8,4,0.37158469945355194,0.26541764246682281,0.2215479840923445,0.17707916455231343
9177,leaf-classification__0012a07f48b648679734623e5e3acbee,cards_senior_0808.jsonl:34,0,0.38172043010752688,0.38172043010752688,0.51978464590792683,0.40114596653640805
9177,leaf-classification__156c3f5007194dec993c6183a80af50f,cards_senior_0808.jsonl:34,0,0.38172043010752688,0.38172043010752688,0.51167552427935215,0.40023267424836989
9177,leaf-classification__6a0fb84e84c54521889bbf92076512f0,cards_senior_0808.jsonl:34,0,0.38172043010752688,0.38172043010752688,0.53263804269759729,0.40362990162383372
9177,learning-agency-lab-automated-essay-scoring-2__507578e20ae54b25bdde6dc425eafa7d,cards_senior_0803.jsonl:3,4,0.37158469945355194,0.16890213611525087,0.1825255579654905,0.10601999686377735
9177,learning-agency-lab-automated-essay-scoring-2__5ea8aa0cafac46408fa42d1c3e30d058,cards_senior_0803.jsonl:3,4,0.37158469945355194,0.16890213611525087,0.22294281495187784,0.11936080608015008
9177,learning-agency-lab-automated-essay-scoring-2__e98c27a1655f4bbda2fc621ba07c232c,cards_senior_0803.jsonl:3,4,0.37158469945355194,0.16890213611525087,0.19327691476976855,0.10577277420232237
9177,mlsp-2013-birds__14b366b28c65451f963287bb1c29baaf,cards_senior_0802.jsonl:4,3,0.3611111111111111,0.38055555555555554,0.4756131230174942,0.42895242257624799
9177,mlsp-2013-birds__71bf705af9984d7b8bf7216cee3e9106,cards_senior_0802.jsonl:4,3,0.3611111111111111,0.38055555555555554,0.50128084686531471,0.44888566028490429
9177,nomad2018-predict-transparent-conductors__5598d009668c49b6a7c0fb26075bb5e5,cards_senior_0805seq.jsonl:19,4,0.37158469945355194,0.4286581663630844,0.4241664956113263,0.45027728634923214
9177,nomad2018-predict-transparent-conductors__71f9051c0d944fdfb6aafbbd874504df,cards_senior_0805seq.jsonl:19,4,0.37158469945355194,0.4286581663630844,0.46653530537142396,0.47630066270978039
9177,spooky-author-identification__789703b0e1c348e695596428d21fac38,cards_senior_0801.jsonl:4,4,0.37158469945355194,0.81517197042751521,0.57982007769882016,0.81766055759674183
9177,spooky-author-identification__b9c86b77ce174df0a2164cb7cf2685af,cards_senior_0801.jsonl:4,4,0.37158469945355194,0.81517197042751521,0.62413347925168894,0.83750479373027953
9177,tabular-playground-series-dec-2021__8b54ad5da3684393a8a2caceb614ee34,cards_senior_0807.jsonl:23,3,0.3611111111111111,0.20061728395061729,0.33940275744498499,0.19781970614552924
9177,tabular-playground-series-dec-2021__dd7529c2a690472ba81bdc67d9f30382,cards_senior_0807.jsonl:23,3,0.3611111111111111,0.20061728395061729,0.35005311808363437,0.20260495811386961
9177,tabular-playground-series-may-2022__0ec47cd5c46844e2aadf12bf694b6d69,cards_ours_20260727.jsonl:133,1,0.37967914438502676,0.10546642899584076,0.31810729057955778,0.1197706665989111
9177,tabular-playground-series-may-2022__c8c1855386084a54a8ebe192e60a7f4d,cards_ours_20260727.jsonl:133,1,0.37967914438502676,0.10546642899584076,0.31405991715979581,0.11488521779556228
9177,text-normalization-challenge-english-language__0ed7f9763c4c4e3eb123445278690dae,cards_senior_0808.jsonl:22,3,0.3611111111111111,0.25793650793650796,0.45775676019219902,0.28440565141266894
9177,text-normalization-challenge-english-language__c317471eb4c549a7b736a7104a543b79,cards_senior_0808.jsonl:22,3,0.3611111111111111,0.25793650793650796,0.40460759922944534,0.25605859485519883
9177,text-normalization-challenge-russian-language__12df4ee4a31c43728bf318e397db833e,cards_senior_0809.jsonl:23,3,0.3611111111111111,0.3611111111111111,0.36635268152654277,0.3328524556335179
9177,text-normalization-challenge-russian-language__c31cc5384e6f4f609ece877427c14945,cards_senior_0809.jsonl:23,3,0.3611111111111111,0.3611111111111111,0.3659863524451904,0.33221015460247744
9177,tweet-sentiment-extraction__46adc5e68d6b40dbb11b144b2641767b,cards_senior_0806.jsonl:24,1,0.37967914438502676,0.17258142926592124,0.18855449365661928,0.1324887295417895
9177,tweet-sentiment-extraction__d680305409224abba779c433973d67ad,cards_senior_0806.jsonl:24,1,0.37967914438502676,0.17258142926592124,0.18982130899596106,0.13336153112108035
9177,us-patent-phrase-to-phrase-matching__3c22a06bf2df41b8a3919319aec84af6,cards_senior_0809.jsonl:0,1,0.37967914438502676,0.27119938884644768,0.31692148395582465,0.23597721551957673
9177,us-patent-phrase-to-phrase-matching__5a4a8e6b293441ce96f5f0545568af76,cards_senior_0809.jsonl:0,1,0.37967914438502676,0.27119938884644768,0.33200389764133159,0.23932226089326258
9177,whale-categorization-playground__4357df5db0134f668959aefa0ee73ba6,cards_senior_0808.jsonl:4,3,0.3611111111111111,0.3611111111111111,0.33099176790645923,0.3178174290696375
9177,whale-categorization-playground__526ebe6d24d44d8f93c8e506236ec587,cards_senior_0808.jsonl:4,3,0.3611111111111111,0.3611111111111111,0.36019585935550091,0.33643911807730442
9177,chaii-hindi-and-tamil-question-answering__463ad7dc1f7b4afe96a64bcfaba5d002,cards_ours_20260727.jsonl:173,1,0.37967914438502676,0.090399796282149225,0.1876255283343107,0.086222730326975791
9177,chaii-hindi-and-tamil-question-answering__f51b404ae74e4e72a4517e0733b4e1f6,cards_ours_20260727.jsonl:173,1,0.37967914438502676,0.090399796282149225,0.45144300737726989,0.18381423751642292
9177,denoising-dirty-documents__6dd95edcab0e45559bb741b08b038a76,cards_senior_0731.jsonl:13,0,0.38172043010752688,0.17350928641251223,0.29561715766300445,0.15420052802639331
9177,denoising-dirty-documents__f39ee4ce2db14bc68771c9773ec0a47f,cards_senior_0731.jsonl:13,0,0.38172043010752688,0.17350928641251223,0.26039202331887118,0.14004494954566174
9177,google-quest-challenge__9c121e84fa5a451e87b48f608b215dd4,cards_senior_0731.jsonl:8,4,0.37158469945355194,0.26541764246682281,0.18925076761476206,0.15755993544174868
9177,google-quest-challenge__af65cdfcccea47739bbbd7014fb7f5d6,cards_senior_0731.jsonl:8,4,0.37158469945355194,0.26541764246682281,0.19473744927504535,0.16018123481787788
9177,leaf-classification__057eea44bbc44c398d28cb637cf4dc58,cards_senior_0808.jsonl:34,0,0.38172043010752688,0.38172043010752688,0.56613481812551036,0.43337935229578234
9177,leaf-classification__73e11f5203254134a921f4cb4cf0f43f,cards_senior_0808.jsonl:34,0,0.38172043010752688,0.38172043010752688,0.59138788916911167,0.44283562091790574
9177,leaf-classification__d7f05a7d1c444f3b83fc5cb5e0070510,cards_senior_0808.jsonl:34,0,0.38172043010752688,0.38172043010752688,0.54756178102922359,0.42280857058186039
9177,learning-agency-lab-automated-essay-scoring-2__71b7798f122449e7bcd5933fe6c9d375,cards_senior_0803.jsonl:6,3,0.3611111111111111,0.41468253968253965,0.2120895947864378,0.33325468662441021
9177,learning-agency-lab-automated-essay-scoring-2__77aac523f90d4cf5afe2eaa03733a189,cards_senior_0803.jsonl:6,3,0.3611111111111111,0.41468253968253965,0.60752210451960775,0.5956148411590011
9177,mlsp-2013-birds__2d983a9212234554a59cec88a93e6e0b,cards_senior_0802.jsonl:4,3,0.3611111111111111,0.38055555555555554,0.41640404988544893,0.39055861909232997
9177,mlsp-2013-birds__908d280fda604c43bb7a5e87420e46c3,cards_senior_0802.jsonl:4,3,0.3611111111111111,0.38055555555555554,0.41620417141207999,0.38938357769301013
9177,mlsp-2013-birds__9ccfc1b22cde40db8fc67b8081d0293b,cards_senior_0802.jsonl:4,3,0.3611111111111111,0.38055555555555554,0.42834511901324723,0.39772927193617263
9177,mlsp-2013-birds__9d6111ad09d84e7aa563821c26dd77b2,cards_senior_0802.jsonl:4,3,0.3611111111111111,0.38055555555555554,0.40497845432868534,0.38290688813345319
9177,mlsp-2013-birds__ed8784a6a4c44472a644dcb7a4360f3b,cards_senior_0802.jsonl:4,3,0.3611111111111111,0.38055555555555554,0.41786301281970645,0.39139291468513115
9177,nomad2018-predict-transparent-conductors__02f0dbdfcaa94bba8234b5af0a436362,cards_senior_0805seq.jsonl:19,4,0.37158469945355194,0.4286581663630844,0.40334837309969773,0.44065830405335299
9177,nomad2018-predict-transparent-conductors__449d90db5caa4116a92282d7991684a5,cards_senior_0805seq.jsonl:19,4,0.37158469945355194,0.4286581663630844,0.43546248097802115,0.45478051151894955
9177,spooky-author-identification__c8e9e4089e9d44598bf956bc4cdf901f,cards_senior_0730.jsonl:5,1,0.37967914438502676,0.74153297682709451,0.51373916156179567,0.7348929105454477
9177,spooky-author-identification__d8350d06746c49189b3700f3ae207569,cards_senior_0730.jsonl:5,1,0.37967914438502676,0.74153297682709451,0.57531637611321007,0.76950786968499763
9177,spooky-author-identification__df8572420c294f869b30c2646e8dbce8,cards_senior_0730.jsonl:5,1,0.37967914438502676,0.74153297682709451,0.5660723414278469,0.76081140719567431
9177,tabular-playground-series-dec-2021__36787b1cf20b412e8716ea12368675bf,cards_senior_0801.jsonl:38,1,0.37967914438502676,0.21093285799168152,0.29628359404573534,0.18819476480445521
9177,tabular-playground-series-dec-2021__dbdf36e610354c398b8b0d89cee8fbd4,cards_senior_0801.jsonl:38,1,0.37967914438502676,0.21093285799168152,0.28364445933147625,0.18919156181799343
9177,tabular-playground-series-may-2022__5b0e8613150c44ae85338d3bcf5a6369,cards_senior_0801.jsonl:29,0,0.38172043010752688,0.12724014336917563,0.38194457467140053,0.12613294431416158
9177,tabular-playground-series-may-2022__b8fec3edbb0d4e0d8be0e0b649552878,cards_senior_0801.jsonl:29,0,0.38172043010752688,0.12724014336917563,0.3384935545170783,0.11286590281772169
9177,tabular-playground-series-may-2022__c89ea85cc0184427a9225edf4d8503e5,cards_senior_0801.jsonl:29,0,0.38172043010752688,0.12724014336917563,0.35164868289322515,0.11711842649142531
9177,tabular-playground-series-may-2022__d75dd58e0bff47e9bd665df475ee1470,cards_senior_0801.jsonl:29,0,0.38172043010752688,0.12724014336917563,0.35144041931887793,0.11679765432263182
9177,text-normalization-challenge-english-language__9392f64ff1f84e9284c2dd8a154a7075,cards_senior_0808.jsonl:22,3,0.3611111111111111,0.25793650793650796,0.44947701388062139,0.29311252048216974
9177,text-normalization-challenge-english-language__a985c60513e94d3689ab07945cc0bbff,cards_senior_0808.jsonl:22,3,0.3611111111111111,0.25793650793650796,0.46280775843670563,0.29743751866590262
9177,text-normalization-challenge-russian-language__2fe66094d42742808d9a58b89318bbe2,cards_senior_0809.jsonl:23,3,0.3611111111111111,0.3611111111111111,0.36395430712456678,0.32980903404374129
9177,text-normalization-challenge-russian-language__bb14510d97f9431b9d38af8c0c6ec464,cards_senior_0809.jsonl:23,3,0.3611111111111111,0.3611111111111111,0.36325694041800666,0.32971241775829868
9177,tweet-sentiment-extraction__2dd226e419444bda9332f9335227453b,cards_senior_0806.jsonl:24,1,0.37967914438502676,0.17258142926592124,0.18569969335863598,0.13118097346595017
9177,tweet-sentiment-extraction__682d524e66a341aeaea1f6bfc8e79e3f,cards_senior_0806.jsonl:24,1,0.37967914438502676,0.17258142926592124,0.19488419509569352,0.13459020341419203
9177,us-patent-phrase-to-phrase-matching__8a679e73b8e347bab4c5736235428580,cards_senior_0809.jsonl:0,1,0.37967914438502676,0.27119938884644768,0.31599580033292657,0.22206612649609411
9177,us-patent-phrase-to-phrase-matching__e6c01b00731d4e28a6061eb7473253d0,cards_senior_0809.jsonl:0,1,0.37967914438502676,0.27119938884644768,0.31606721900568924,0.22360313767676945
9177,whale-categorization-playground__1993f9bcf0ee4bfeaaea9a7034c8e08e,cards_senior_0808.jsonl:4,3,0.3611111111111111,0.3611111111111111,0.2891080205034457,0.29283609657129411
9177,whale-categorization-playground__810bfcc7bb3a44d396a6056bb651d30f,cards_senior_0808.jsonl:4,3,0.3611111111111111,0.3611111111111111,0.31750032226409663,0.31376894998812505
9177,denoising-dirty-documents__5549e4182535479794bbe510d212e280,cards_senior_0731.jsonl:13,0,0.38172043010752688,0.17350928641251223,0.2411703445563852,0.13933750746682144
9177,denoising-dirty-documents__9ae54f31fa5043d6bf6288f9b2b031c2,cards_senior_0731.jsonl:13,0,0.38172043010752688,0.17350928641251223,0.2581506863515125,0.14441884143942069
9177,google-quest-challenge__5e9ca53a965341de95e27ea6a40732c6,cards_senior_0731.jsonl:8,4,0.37158469945355194,0.26541764246682281,0.19863266468246202,0.16303901357001427
9177,google-quest-challenge__d47652578a9f4b8e896dcf77a27f1573,cards_senior_0731.jsonl:8,4,0.37158469945355194,0.26541764246682281,0.18956601469592088,0.15799655349355377
9177,chaii-hindi-and-tamil-question-answering__809857640568405e918117ea19d34793,cards_senior_0728.jsonl:13,4,0.37158469945355194,0.24112021857923499,0.22500932980912247,0.24207633181014029
9177,chaii-hindi-and-tamil-question-answering__9084669573164ec5b9a1dccb93b34a76,cards_senior_0728.jsonl:13,4,0.37158469945355194,0.24112021857923499,0.23534158838122776,0.25112048240802748
9177,denoising-dirty-documents__2777b9434e904072953a89a92373797d,cards_senior_0727.jsonl:11,4,0.37158469945355194,0.10928961748633881,0.18164489027478767,0.091892535685951085
9177,denoising-dirty-documents__63efdaf0641947afad86fb6012c1752d,cards_senior_0727.jsonl:11,4,0.37158469945355194,0.10928961748633881,0.18927551946344587,0.094418968480761728
9177,google-quest-challenge__cfdb38bd32284dd1b14ffe5f63059aa2,cards_senior_0806.jsonl:8,0,0.38172043010752688,0.22991777356103732,0.24896603652660387,0.21860888469762221
9177,google-quest-challenge__e056f23b7e7345cc99b98ec98dbc0224,cards_senior_0806.jsonl:8,0,0.38172043010752688,0.22991777356103732,0.23675058434568291,0.21384082077235114
9177,kuzushiji-recognition__182f4cda0713445da9215b141532d19c,cards_senior_0806.jsonl:13,1,0.37967914438502676,0.21093285799168152,0.27267158848103601,0.1809538556459778
9177,kuzushiji-recognition__2f8ad4b6f65e4c7b8d9da78aec6a8d9a,cards_senior_0806.jsonl:13,1,0.37967914438502676,0.21093285799168152,0.30095626726412739,0.19223202470900472
9177,leaf-classification__991d5e2597c6435aa1d658f2f46639f1,cards_senior_0808.jsonl:34,0,0.38172043010752688,0.38172043010752688,0.55760063722249242,0.42996485393840439
9177,leaf-classification__ee501d742baa4e5eb3737e1746896c43,cards_senior_0808.jsonl:34,0,0.38172043010752688,0.38172043010752688,0.57263611642686341,0.43358368297216771
9177,learning-agency-lab-automated-essay-scoring-2__582b2c4449b042abbd35afa7f0161ae7,cards_senior_0808.jsonl:8,0,0.38172043010752688,0.36928763440860213,0.37936853040389074,0.39533912583969655
9177,learning-agency-lab-automated-essay-scoring-2__6e8d2b60f702410b9ce09b32bd3a5b2d,cards_senior_0808.jsonl:8,0,0.38172043010752688,0.36928763440860213,0.307835899337422,0.34631088531249032
9177,mlsp-2013-birds__83676ff46373471d9a13d595e5dfabd9,cards_senior_0728.jsonl:18,0,0.38172043010752688,0.56707629288274453,0.437831996476788,0.55382890259711648
9177,mlsp-2013-birds__88f03e044884470daa459768f08242d1,cards_senior_0728.jsonl:18,0,0.38172043010752688,0.56707629288274453,0.40469932830089539,0.54182691025442309
9177,mlsp-2013-birds__d8afa823f0a64069bb2ff77d64afd36d,cards_senior_0728.jsonl:18,0,0.38172043010752688,0.56707629288274453,0.46279829788917826,0.57473980636386235
9177,nomad2018-predict-transparent-conductors__2fa45c41870740aaa5179d06e3daa1f2,cards_senior_0805seq.jsonl:19,4,0.37158469945355194,0.4286581663630844,0.43310239674076123,0.45839041122173013
9177,nomad2018-predict-transparent-conductors__ab835174b2654d69bfb2ad1ff8779042,cards_senior_0805seq.jsonl:19,4,0.37158469945355194,0.4286581663630844,0.42183036588190814,0.44899546074874586
9177,petfinder-pawpularity-score__164ee2d978574b42a052ec28a7d88eef,cards_senior_0730.jsonl:0,0,0.38172043010752688,0.54540023894862599,0.49606729968476498,0.59719463299038267
9177,petfinder-pawpularity-score__2d478cc7a3c244028234f9e7585340c4,cards_senior_0730.jsonl:0,0,0.38172043010752688,0.54540023894862599,0.56556042097706194,0.63371112300234778
9177,random-acts-of-pizza__0f1e5cd6c6de460abaae7877daf9aa69,cards_ours_20260727.jsonl:68,2,0.375,0.6875,0.60027162268764234,0.77738808808485216
9177,random-acts-of-pizza__9ca2d2e324f740ef85c2d32a7380ac6f,cards_ours_20260727.jsonl:68,2,0.375,0.6875,0.61568923927791375,0.78212107901770211
9177,random-acts-of-pizza__fa4524bd04a2450e9f937a60d2db3cce,cards_ours_20260727.jsonl:68,2,0.375,0.6875,0.58021904134425628,0.77405213657002869
9177,spaceship-titanic__df0e799d4c294c78a20d756c405fee68,cards_ours_20260727.jsonl:3,2,0.375,0.375,0.31596150582678356,0.34490194291688664
9177,spaceship-titanic__ffc4990563cd4b8e8561b15fd47f1488,cards_ours_20260727.jsonl:3,2,0.375,0.375,0.26881688213293292,0.29748083748214399
9177,spooky-author-identification__31dc45ab82da453fa070417d3e97b475,cards_t3era_missing.jsonl:14,1,0.37967914438502676,0.74153297682709451,0.50778158458301947,0.72193834048709282
9177,spooky-author-identification__8f9956778f6b4e9ea7b6af0a7f82e4a6,cards_t3era_missing.jsonl:14,1,0.37967914438502676,0.74153297682709451,0.44440932122505344,0.69191657811442164
9177,spooky-author-identification__b1638019d27044b7a3c20ec855526869,cards_t3era_missing.jsonl:14,1,0.37967914438502676,0.74153297682709451,0.58462034334111213,0.76225336080635653
9177,tabular-playground-series-may-2022__3bd55e0164e9413cbeaa16b558f4b9b5,cards_ours_20260727.jsonl:116,4,0.37158469945355194,0.092896174863387984,0.37896807027445673,0.13186888336361277
9177,tabular-playground-series-may-2022__54771d7d3c3243cb98c0e06d98a7229e,cards_ours_20260727.jsonl:116,4,0.37158469945355194,0.092896174863387984,0.35760810596102871,0.13016379848282755
9177,tabular-playground-series-may-2022__dd85f0501dc3491ab42ffdbb35eed3b8,cards_ours_20260727.jsonl:116,4,0.37158469945355194,0.092896174863387984,0.43057967160303778,0.14528040552462676
9177,text-normalization-challenge-english-language__34edc8d8a8ac4541b0a2be857e2e91ba,cards_senior_0808.jsonl:23,2,0.375,0.14423076923076922,0.21639200604702702,0.12742188847328006
9177,text-normalization-challenge-english-language__99a26b06e08f45699153b0ee7ad77137,cards_senior_0808.jsonl:23,2,0.375,0.14423076923076922,0.20698609741271379,0.12263193254634878
9177,tweet-sentiment-extraction__8d8df13692c14f7db7597f2cad9346cf,cards_senior_0808.jsonl:31,2,0.375,0.17045454545454544,0.2578607095836109,0.14850025370265788
9177,tweet-sentiment-extraction__e1266dc1dbe04bbfb31bfcee508ffddd,cards_senior_0808.jsonl:31,2,0.375,0.17045454545454544,0.25870424458565744,0.14917755202667018
9177,us-patent-phrase-to-phrase-matching__1c4488edb7d64655b66855bb93bf1e8b,cards_senior_0809.jsonl:0,1,0.37967914438502676,0.27119938884644768,0.30095241717776211,0.22497615514078367
9177,us-patent-phrase-to-phrase-matching__62f7f6d4c93243f8b5cfb6c826567d0e,cards_senior_0809.jsonl:0,1,0.37967914438502676,0.27119938884644768,0.30359617452800136,0.22670694538730946
9177,whale-categorization-playground__1e0523c9f023474d8c2ff0f41e3c9969,cards_senior_0808.jsonl:4,3,0.3611111111111111,0.3611111111111111,0.29419701318761099,0.29448135669794345
9177,whale-categorization-playground__45dc507077d5444c9dca3ab6d8e46b79,cards_senior_0808.jsonl:4,3,0.3611111111111111,0.3611111111111111,0.30313415987892223,0.30417729537675808
9177,chaii-hindi-and-tamil-question-answering__9cc47ce945ac482dada73aa89c86ea95,cards_senior_0801.jsonl:18,2,0.375,0.2767857142857143,0.24038788280210793,0.23223077849162793
9177,chaii-hindi-and-tamil-question-answering__a483163f252d42fc98190cbfa2abfacc,cards_senior_0801.jsonl:18,2,0.375,0.2767857142857143,0.23482922796854797,0.23029292021089107
9177,chaii-hindi-and-tamil-question-answering__adf3351945ce4702bf8966e662ab3dcf,cards_senior_0801.jsonl:18,2,0.375,0.2767857142857143,0.23539962311094345,0.22775484576973321
9177,denoising-dirty-documents__13f0395b31ec47c6a4f8116b12e3ce63,cards_senior_0731.jsonl:13,0,0.38172043010752688,0.17350928641251223,0.26010423373910191,0.14344768057079357
9177,denoising-dirty-documents__823936b3bbff49418a2f507faded41af,cards_senior_0731.jsonl:13,0,0.38172043010752688,0.17350928641251223,0.23697735918096119,0.13418102456201042
9177,google-quest-challenge__6ba46794dff84b4aa036ddff694451c2,cards_senior_0731.jsonl:8,4,0.37158469945355194,0.26541764246682281,0.18466882756688868,0.15937028859638616
9177,google-quest-challenge__d18100348572434fbfa74d3d01008623,cards_senior_0731.jsonl:8,4,0.37158469945355194,0.26541764246682281,0.17555845389849614,0.15143811840977001
9177,kuzushiji-recognition__181e0d660b9d488cbc03cfdf2e2dee1c,cards_senior_0806.jsonl:13,1,0.37967914438502676,0.21093285799168152,0.26726732258116304,0.17958105607165542
9177,kuzushiji-recognition__d986962a7a4d47e0ad49cda82797dbe8,cards_senior_0806.jsonl:13,1,0.37967914438502676,0.21093285799168152,0.2496288890664565,0.17174860277218379
9177,leaf-classification__04ab1a90eab841ddb77c99d84c5e1463,cards_senior_0808.jsonl:33,0,0.38172043010752688,0.38172043010752688,0.62630406963939145,0.4786194468794237
9177,leaf-classification__8d613d315033481d990dc9c0af53620a,cards_senior_0808.jsonl:33,0,0.38172043010752688,0.38172043010752688,0.64928515480564952,0.4913243496248359
9177,learning-agency-lab-automated-essay-scoring-2__50c87d8406ad4f17aa7b023c05d6a44c,cards_senior_0803.jsonl:3,4,0.37158469945355194,0.16890213611525087,0.19601385973628668,0.10472433734369352
9177,learning-agency-lab-automated-essay-scoring-2__ca6e4102a52745a388d5d1e6a5630a60,cards_senior_0803.jsonl:3,4,0.37158469945355194,0.16890213611525087,0.18948507810432977,0.10447280417600195
9177,mlsp-2013-birds__ea104eef9b0c40dbbe70f756d236f0da,cards_senior_0726.jsonl:10,2,0.375,0.44886363636363635,0.45855780820241987,0.45191780034783324
9177,mlsp-2013-birds__f570cce01e6f4fc591ead51fb7dea6ae,cards_senior_0726.jsonl:10,2,0.375,0.44886363636363635,0.47081267228822266,0.4615147824463971
9177,nomad2018-predict-transparent-conductors__1da1998ae9de457e96faac89241808e2,cards_senior_0805seq.jsonl:17,2,0.375,0.60576923076923073,0.39211533509428403,0.54872725613821105
9177,nomad2018-predict-transparent-conductors__ad9ad3eace7b4e40b52a38da1ab9fe2e,cards_senior_0805seq.jsonl:17,2,0.375,0.60576923076923073,0.43490296813891538,0.5787806901262289
9177,petfinder-pawpularity-score__28777132c16747d88ee33785cdea5ea7,cards_senior_0730.jsonl:0,0,0.38172043010752688,0.54540023894862599,0.53633673633969281,0.60746518214589629
9177,petfinder-pawpularity-score__3011b9f5b83e4e8f8077628482e6a0bd,cards_senior_0730.jsonl:0,0,0.38172043010752688,0.54540023894862599,0.53113930006467669,0.6094226727838794
9177,random-acts-of-pizza__0ee1fa402ecb43ae9906ef4aa3e16d1a,cards_gen3A.jsonl:3,2,0.375,0.6875,0.37152831775053946,0.66471251715457225
9177,random-acts-of-pizza__3a1402459a144c3cba0f2a91a5b8e721,cards_gen3A.jsonl:3,2,0.375,0.6875,0.48569796296095669,0.72727801052790275
9177,random-acts-of-pizza__8c5fe3fc63254b88bc949f6d53a9cb6a,cards_gen3A.jsonl:3,2,0.375,0.6875,0.51009554704334725,0.73840625292909989
9177,random-acts-of-pizza__9b9f4f95471a4b89972077ce62bdc1f8,cards_gen3A.jsonl:3,2,0.375,0.6875,0.49484414193956522,0.73268500046177254
9177,random-acts-of-pizza__f02f9281781f4290a64b5e40011b4479,cards_gen3A.jsonl:3,2,0.375,0.6875,0.45819317048586783,0.7159602278575532
9177,spooky-author-identification__16a678db368a417fbf00950915601fb9,cards_senior_0730.jsonl:5,1,0.37967914438502676,0.74153297682709451,0.5801345300676044,0.76522143256105735
9177,spooky-author-identification__653ba54bf46a4d82a9668d92db356211,cards_senior_0730.jsonl:5,1,0.37967914438502676,0.74153297682709451,0.5799898851996439,0.7616328474254952
9177,spooky-author-identification__900270a860234cc2b3ae8a0505bd105a,cards_senior_0730.jsonl:5,1,0.37967914438502676,0.74153297682709451,0.56947737100299745,0.75367452220349695
9177,tabular-playground-series-may-2022__63bb3182d23844efb65f5c6f635880c0,cards_ours_20260727.jsonl:140,3,0.3611111111111111,0.085978835978835974,0.3309666025887098,0.12116508628978467
9177,tabular-playground-series-may-2022__ee7c57076442408ab0cd8deda21efe3d,cards_ours_20260727.jsonl:140,3,0.3611111111111111,0.085978835978835974,0.35903829761024086,0.12444038941769427
9177,text-normalization-challenge-english-language__7008d36ab2f34145ad6685619b5dc6f5,cards_senior_0808.jsonl:22,3,0.3611111111111111,0.25793650793650796,0.41554179975912592,0.26053311384506578
9177,text-normalization-challenge-english-language__bacc0486e8514bb19fed5da934794b4f,cards_senior_0808.jsonl:22,3,0.3611111111111111,0.25793650793650796,0.45989787088427753,0.28435335518314242
9177,tweet-sentiment-extraction__ca1e8db2630c463c9f5cec8ec4372e82,cards_senior_0808.jsonl:31,2,0.375,0.17045454545454544,0.26795818963632001,0.15889776415567136
9177,tweet-sentiment-extraction__f6c40c870e6a4745a99c42726964c10f,cards_senior_0808.jsonl:31,2,0.375,0.17045454545454544,0.27796713700481634,0.16447398773873906
9177,us-patent-phrase-to-phrase-matching__0094c655584a4efebad270ab7be4a2d1,cards_senior_0809.jsonl:0,1,0.37967914438502676,0.27119938884644768,0.30332310243940086,0.22596518027587387
9177,us-patent-phrase-to-phrase-matching__7a13b994f5a24f8582ee2ac810a6d9df,cards_senior_0809.jsonl:0,1,0.37967914438502676,0.27119938884644768,0.29164027920372154,0.21969551202298754
9177,whale-categorization-playground__1eed9a1d3c2744ffbd658019805310aa,cards_senior_0808.jsonl:4,3,0.3611111111111111,0.3611111111111111,0.3311454021839752,0.3110252996766355
9177,whale-categorization-playground__4640830dea044d49866b722d18ca4db8,cards_senior_0808.jsonl:4,3,0.3611111111111111,0.3611111111111111,0.32586874235961272,0.31179574077746297
9177,chaii-hindi-and-tamil-question-answering__4246a977cac14f43b5383deb5a257697,cards_senior_0801.jsonl:13,4,0.37158469945355194,0.24112021857923499,0.15690326136700458,0.17278518573990423
9177,chaii-hindi-and-tamil-question-answering__57ce82f9247a4cc8b626b575d3f2c979,cards_senior_0801.jsonl:13,4,0.37158469945355194,0.24112021857923499,0.14972386072525495,0.17037020774443215
9177,chaii-hindi-and-tamil-question-answering__ce99d23bb4de4bd4bfe832f8937daca3,cards_senior_0801.jsonl:13,4,0.37158469945355194,0.24112021857923499,0.15698337182036948,0.1733980328867977
9177,denoising-dirty-documents__9b6a53da44cf4a7c909704e35cc9a7b0,cards_senior_0804.jsonl:24,4,0.37158469945355194,0.10928961748633881,0.17256999371423426,0.092170439470106905
9177,denoising-dirty-documents__d900b645d2f84cf2b3f0f905f2e0f5bc,cards_senior_0804.jsonl:24,4,0.37158469945355194,0.10928961748633881,0.17146392692587228,0.090572382466197407
9177,google-quest-challenge__b0136f10f1e34af1bea8d3b95494444d,cards_senior_0731.jsonl:8,4,0.37158469945355194,0.26541764246682281,0.23436408734107431,0.18715148160269704
9177,google-quest-challenge__c0db78dfced24417a26a9268ac68ca83,cards_senior_0731.jsonl:8,4,0.37158469945355194,0.26541764246682281,0.21097848983018527,0.17276652594004738
9177,kuzushiji-recognition__4dd7be980ff84ddba2cf9058c2885427,cards_senior_0804.jsonl:10,2,0.375,0.20833333333333334,0.30393410892117678,0.17718668636306734
9177,kuzushiji-recognition__d6f23b0dbc6b4334a0ff06e695764651,cards_senior_0804.jsonl:10,2,0.375,0.20833333333333334,0.30637620379886105,0.17822315887690351
9177,leaf-classification__494524617b54420f82384eeeca1bb3f8,cards_senior_0808.jsonl:34,0,0.38172043010752688,0.38172043010752688,0.56198234996667373,0.43107456848698922
9177,leaf-classification__eed56a4de8c846d199c496cea22662c6,cards_senior_0808.jsonl:34,0,0.38172043010752688,0.38172043010752688,0.56066369186326737,0.43334361846755071
9177,learning-agency-lab-automated-essay-scoring-2__70e2d9903c9a4c9cbeb84d1deb7775c2,cards_senior_0803.jsonl:3,4,0.37158469945355194,0.16890213611525087,0.17545811460916452,0.10106590892142125
9177,learning-agency-lab-automated-essay-scoring-2__ec12b99e12db4b4fa87adb2a6ce1a191,cards_senior_0803.jsonl:3,4,0.37158469945355194,0.16890213611525087,0.18701475413255472,0.10521777122686386
9177,mlsp-2013-birds__3fbdbce65f5d48f6ada1b1d94fe1e6e4,cards_senior_0802.jsonl:4,3,0.3611111111111111,0.38055555555555554,0.45147197847816539,0.41586693175966688
9177,mlsp-2013-birds__b058311fdf0247009ea12d70a6ae6e27,cards_senior_0802.jsonl:4,3,0.3611111111111111,0.38055555555555554,0.37922924985173978,0.3732444055742779
9177,mlsp-2013-birds__de69913224174ab1ad9e79cb410ca078,cards_senior_0802.jsonl:4,3,0.3611111111111111,0.38055555555555554,0.30350341212561277,0.32237002877249021
9177,nomad2018-predict-transparent-conductors__0b445119bd14461e8d644cd7865ce956,cards_senior_0805seq.jsonl:17,2,0.375,0.60576923076923073,0.40760281254200909,0.56535510703955283
9177,nomad2018-predict-transparent-conductors__d5916b67aaf1483c872bc47cefc07f85,cards_senior_0805seq.jsonl:17,2,0.375,0.60576923076923073,0.40170546792314327,0.55841866104905835
9177,petfinder-pawpularity-score__717816b3dcb9490e8c60cf7c0232a6f6,cards_senior_0806.jsonl:1,1,0.37967914438502676,0.445308701993194,0.24866236614381984,0.32301903006442761
9177,petfinder-pawpularity-score__947a9114cbd64cb9838e1bbfdc050a06,cards_senior_0806.jsonl:1,1,0.37967914438502676,0.445308701993194,0.35774524868742352,0.38816738879089541
9177,random-acts-of-pizza__d49ae6008eca4bd4b3f736f90dc6afac,cards_ours_20260727.jsonl:69,4,0.37158469945355194,0.80362021857923494,0.72653593153194362,0.86798331720355448
9177,random-acts-of-pizza__e52f8a668b95496aa04cd6a8d72f6642,cards_ours_20260727.jsonl:69,4,0.37158469945355194,0.80362021857923494,0.74786078587846294,0.8723839187222977
9177,spooky-author-identification__67f02ce1c7dd42c1b2aa07655e0eacf0,cards_senior_0801.jsonl:4,4,0.37158469945355194,0.81517197042751521,0.71077240202044745,0.87234433694869995
9177,spooky-author-identification__9212864b27984d118b518b96dc3b2886,cards_senior_0801.jsonl:4,4,0.37158469945355194,0.81517197042751521,0.61707618602410486,0.83735832752156958
9177,tabular-playground-series-may-2022__242786b5b67d461d9e11c4830b75eb8c,cards_ours_20260727.jsonl:114,1,0.37967914438502676,0.10546642899584076,0.38414768744339967,0.13457091030363869
9177,tabular-playground-series-may-2022__5e16ecb8fdb1429ca6617f25dc3dffac,cards_ours_20260727.jsonl:114,1,0.37967914438502676,0.10546642899584076,0.32867456797356642,0.12081426079021537
9177,tabular-playground-series-may-2022__f7fdb3bb45a9446a892b9658a7649f80,cards_ours_20260727.jsonl:114,1,0.37967914438502676,0.10546642899584076,0.33140040676009908,0.11753892497013071
9177,tweet-sentiment-extraction__0a0cc958b101410bb78c7b4aa2e35de7,cards_ours_20260727.jsonl:78,1,0.37967914438502676,0.17258142926592124,0.19594576039344339,0.1355642146110406
9177,tweet-sentiment-extraction__e81936fc2667464d8c5cb91c12c2dae1,cards_ours_20260727.jsonl:78,1,0.37967914438502676,0.17258142926592124,0.19203967001958527,0.13678604756920856
9177,us-patent-phrase-to-phrase-matching__377975af886d4537bf3642d36be325b8,cards_senior_0809.jsonl:0,1,0.37967914438502676,0.27119938884644768,0.31308057182720511,0.22615651688620919
9177,us-patent-phrase-to-phrase-matching__48b67d035f0442d0893e85642d0c5c70,cards_senior_0809.jsonl:0,1,0.37967914438502676,0.27119938884644768,0.30522984614907611,0.22329345885836349
9177,whale-categorization-playground__a654a03bb40a4ae68b4f006b23fb7ef6,cards_senior_0808.jsonl:4,3,0.3611111111111111,0.3611111111111111,0.33472336436465716,0.32962325990474606
9177,whale-categorization-playground__bd9fe2cb573d4bd1bd064db704f7cbba,cards_senior_0808.jsonl:4,3,0.3611111111111111,0.3611111111111111,0.34635160092872352,0.33065798197629975
9177,chaii-hindi-and-tamil-question-answering__79675e23561e437885211692d32c5024,cards_senior_0801.jsonl:13,4,0.37158469945355194,0.24112021857923499,0.14250603264776074,0.16285636909592788
9177,chaii-hindi-and-tamil-question-answering__859755a3dccf447cbe49d1ab8a718158,cards_senior_0801.jsonl:13,4,0.37158469945355194,0.24112021857923499,0.14198253198546218,0.1647584560888434
9177,denoising-dirty-documents__3f15dea796044d05a16fd6e273d740d8,cards_senior_0804.jsonl:23,0,0.38172043010752688,0.17350928641251223,0.20551514528245018,0.12304413797321849
9177,denoising-dirty-documents__ec6f4762e28d40baaf94ee6b6664a820,cards_senior_0804.jsonl:23,0,0.38172043010752688,0.17350928641251223,0.20320779908448888,0.12213068723053754
