parent,run_id,task,stratum,n_children,n_artifact,n_stdout,parent_available,n_certified,certificate_passed,override_active,policy,low_wall_s,full_runtime_s,cost_ratio,selected,selected_n,top1,raw_regret,normalized_regret,rank,selected_final_improves_parent
chaii-hindi-and-tamil-question-answering__0a98eb202c8b43ea901e700701ee6c2b,cards_senior_0801.jsonl:18,chaii-hindi-and-tamil-question-answering,hard,3,0,0,True,0,False,False,random,140.29999999999998,2803.019416332245,0.050053167374624445,chaii-hindi-and-tamil-question-answering__bc2b2933e9a344838ef44954e87a5a79|chaii-hindi-and-tamil-question-answering__e52f191218764c6286271c5d08770f64|chaii-hindi-and-tamil-question-answering__fe380beafe764af0bccfea134d0032b5,3,0.3333333333333333,0.06279666666666672,0.3414161184508602,2,0
chaii-hindi-and-tamil-question-answering__0a98eb202c8b43ea901e700701ee6c2b,cards_senior_0801.jsonl:18,chaii-hindi-and-tamil-question-answering,hard,3,0,0,True,0,False,False,stdout_only,140.29999999999998,2803.019416332245,0.050053167374624445,chaii-hindi-and-tamil-question-answering__bc2b2933e9a344838ef44954e87a5a79|chaii-hindi-and-tamil-question-answering__e52f191218764c6286271c5d08770f64|chaii-hindi-and-tamil-question-answering__fe380beafe764af0bccfea134d0032b5,3,0.3333333333333333,0.06279666666666672,0.3414161184508602,2,0
chaii-hindi-and-tamil-question-answering__0a98eb202c8b43ea901e700701ee6c2b,cards_senior_0801.jsonl:18,chaii-hindi-and-tamil-question-answering,hard,3,0,0,True,0,False,False,artifact_score_then_stdout,140.29999999999998,2803.019416332245,0.050053167374624445,chaii-hindi-and-tamil-question-answering__bc2b2933e9a344838ef44954e87a5a79|chaii-hindi-and-tamil-question-answering__e52f191218764c6286271c5d08770f64|chaii-hindi-and-tamil-question-answering__fe380beafe764af0bccfea134d0032b5,3,0.3333333333333333,0.06279666666666672,0.3414161184508602,2,0
chaii-hindi-and-tamil-question-answering__0a98eb202c8b43ea901e700701ee6c2b,cards_senior_0801.jsonl:18,chaii-hindi-and-tamil-question-answering,hard,3,0,0,True,0,False,False,parent_certified_override,140.29999999999998,2803.019416332245,0.050053167374624445,chaii-hindi-and-tamil-question-answering__bc2b2933e9a344838ef44954e87a5a79|chaii-hindi-and-tamil-question-answering__e52f191218764c6286271c5d08770f64|chaii-hindi-and-tamil-question-answering__fe380beafe764af0bccfea134d0032b5,3,0.3333333333333333,0.06279666666666672,0.3414161184508602,2,0
chaii-hindi-and-tamil-question-answering__0a98eb202c8b43ea901e700701ee6c2b,cards_senior_0801.jsonl:18,chaii-hindi-and-tamil-question-answering,hard,3,0,0,True,0,False,False,full_oracle,140.29999999999998,2803.019416332245,0.050053167374624445,chaii-hindi-and-tamil-question-answering__bc2b2933e9a344838ef44954e87a5a79,1,1.0,0.0,0.0,1,0
chaii-hindi-and-tamil-question-answering__211dc7b5c70d4a1fa75515aebc02266e,cards_senior_0728.jsonl:13,chaii-hindi-and-tamil-question-answering,easy,2,0,1,True,0,False,False,random,240.2,10884.15703701973,0.022068773831819953,chaii-hindi-and-tamil-question-answering__809857640568405e918117ea19d34793|chaii-hindi-and-tamil-question-answering__9084669573164ec5b9a1dccb93b34a76,2,0.5,0.016945,0.5000000000000001,1.5,1
chaii-hindi-and-tamil-question-answering__211dc7b5c70d4a1fa75515aebc02266e,cards_senior_0728.jsonl:13,chaii-hindi-and-tamil-question-answering,easy,2,0,1,True,0,False,False,stdout_only,240.2,10884.15703701973,0.022068773831819953,chaii-hindi-and-tamil-question-answering__9084669573164ec5b9a1dccb93b34a76,1,1.0,0.0,0.0,1,1
chaii-hindi-and-tamil-question-answering__211dc7b5c70d4a1fa75515aebc02266e,cards_senior_0728.jsonl:13,chaii-hindi-and-tamil-question-answering,easy,2,0,1,True,0,False,False,artifact_score_then_stdout,240.2,10884.15703701973,0.022068773831819953,chaii-hindi-and-tamil-question-answering__9084669573164ec5b9a1dccb93b34a76,1,1.0,0.0,0.0,1,1
chaii-hindi-and-tamil-question-answering__211dc7b5c70d4a1fa75515aebc02266e,cards_senior_0728.jsonl:13,chaii-hindi-and-tamil-question-answering,easy,2,0,1,True,0,False,False,parent_certified_override,240.2,10884.15703701973,0.022068773831819953,chaii-hindi-and-tamil-question-answering__9084669573164ec5b9a1dccb93b34a76,1,1.0,0.0,0.0,1,1
chaii-hindi-and-tamil-question-answering__211dc7b5c70d4a1fa75515aebc02266e,cards_senior_0728.jsonl:13,chaii-hindi-and-tamil-question-answering,easy,2,0,1,True,0,False,False,full_oracle,240.2,10884.15703701973,0.022068773831819953,chaii-hindi-and-tamil-question-answering__9084669573164ec5b9a1dccb93b34a76,1,1.0,0.0,0.0,1,1
chaii-hindi-and-tamil-question-answering__3b40dae9dd094d9e87f2b339a3290b56,cards_senior_0801.jsonl:18,chaii-hindi-and-tamil-question-answering,hard,3,0,0,True,0,False,False,random,360.4,1355.3276376724243,0.265913562139804,chaii-hindi-and-tamil-question-answering__4f53d7ec0a9a4cf493e0b830f2ea81f1|chaii-hindi-and-tamil-question-answering__5d0ed2ed05c0444d9cb5b339be9fdc76|chaii-hindi-and-tamil-question-answering__b2ad93da8c144c78b743ca04be0b9076,3,0.3333333333333333,0.04712666666666665,0.3376077560474723,2,0.3333333333333333
chaii-hindi-and-tamil-question-answering__3b40dae9dd094d9e87f2b339a3290b56,cards_senior_0801.jsonl:18,chaii-hindi-and-tamil-question-answering,hard,3,0,0,True,0,False,False,stdout_only,360.4,1355.3276376724243,0.265913562139804,chaii-hindi-and-tamil-question-answering__4f53d7ec0a9a4cf493e0b830f2ea81f1|chaii-hindi-and-tamil-question-answering__5d0ed2ed05c0444d9cb5b339be9fdc76|chaii-hindi-and-tamil-question-answering__b2ad93da8c144c78b743ca04be0b9076,3,0.3333333333333333,0.04712666666666665,0.3376077560474723,2,0.3333333333333333
chaii-hindi-and-tamil-question-answering__3b40dae9dd094d9e87f2b339a3290b56,cards_senior_0801.jsonl:18,chaii-hindi-and-tamil-question-answering,hard,3,0,0,True,0,False,False,artifact_score_then_stdout,360.4,1355.3276376724243,0.265913562139804,chaii-hindi-and-tamil-question-answering__4f53d7ec0a9a4cf493e0b830f2ea81f1|chaii-hindi-and-tamil-question-answering__5d0ed2ed05c0444d9cb5b339be9fdc76|chaii-hindi-and-tamil-question-answering__b2ad93da8c144c78b743ca04be0b9076,3,0.3333333333333333,0.04712666666666665,0.3376077560474723,2,0.3333333333333333
chaii-hindi-and-tamil-question-answering__3b40dae9dd094d9e87f2b339a3290b56,cards_senior_0801.jsonl:18,chaii-hindi-and-tamil-question-answering,hard,3,0,0,True,0,False,False,parent_certified_override,360.4,1355.3276376724243,0.265913562139804,chaii-hindi-and-tamil-question-answering__4f53d7ec0a9a4cf493e0b830f2ea81f1|chaii-hindi-and-tamil-question-answering__5d0ed2ed05c0444d9cb5b339be9fdc76|chaii-hindi-and-tamil-question-answering__b2ad93da8c144c78b743ca04be0b9076,3,0.3333333333333333,0.04712666666666665,0.3376077560474723,2,0.3333333333333333
chaii-hindi-and-tamil-question-answering__3b40dae9dd094d9e87f2b339a3290b56,cards_senior_0801.jsonl:18,chaii-hindi-and-tamil-question-answering,hard,3,0,0,True,0,False,False,full_oracle,360.4,1355.3276376724243,0.265913562139804,chaii-hindi-and-tamil-question-answering__5d0ed2ed05c0444d9cb5b339be9fdc76,1,1.0,0.0,0.0,1,1
chaii-hindi-and-tamil-question-answering__c31a1c3b91a14ef5afef98719da1d101,cards_senior_0801.jsonl:13,chaii-hindi-and-tamil-question-answering,easy,3,0,0,True,0,False,False,random,136.4,6553.884172439575,0.0208120858427114,chaii-hindi-and-tamil-question-answering__4246a977cac14f43b5383deb5a257697|chaii-hindi-and-tamil-question-answering__57ce82f9247a4cc8b626b575d3f2c979|chaii-hindi-and-tamil-question-answering__ce99d23bb4de4bd4bfe832f8937daca3,3,0.3333333333333333,0.010610000000000008,0.5310310310310316,2,0.6666666666666666
chaii-hindi-and-tamil-question-answering__c31a1c3b91a14ef5afef98719da1d101,cards_senior_0801.jsonl:13,chaii-hindi-and-tamil-question-answering,easy,3,0,0,True,0,False,False,stdout_only,136.4,6553.884172439575,0.0208120858427114,chaii-hindi-and-tamil-question-answering__4246a977cac14f43b5383deb5a257697|chaii-hindi-and-tamil-question-answering__57ce82f9247a4cc8b626b575d3f2c979|chaii-hindi-and-tamil-question-answering__ce99d23bb4de4bd4bfe832f8937daca3,3,0.3333333333333333,0.010610000000000008,0.5310310310310316,2,0.6666666666666666
chaii-hindi-and-tamil-question-answering__c31a1c3b91a14ef5afef98719da1d101,cards_senior_0801.jsonl:13,chaii-hindi-and-tamil-question-answering,easy,3,0,0,True,0,False,False,artifact_score_then_stdout,136.4,6553.884172439575,0.0208120858427114,chaii-hindi-and-tamil-question-answering__4246a977cac14f43b5383deb5a257697|chaii-hindi-and-tamil-question-answering__57ce82f9247a4cc8b626b575d3f2c979|chaii-hindi-and-tamil-question-answering__ce99d23bb4de4bd4bfe832f8937daca3,3,0.3333333333333333,0.010610000000000008,0.5310310310310316,2,0.6666666666666666
chaii-hindi-and-tamil-question-answering__c31a1c3b91a14ef5afef98719da1d101,cards_senior_0801.jsonl:13,chaii-hindi-and-tamil-question-answering,easy,3,0,0,True,0,False,False,parent_certified_override,136.4,6553.884172439575,0.0208120858427114,chaii-hindi-and-tamil-question-answering__4246a977cac14f43b5383deb5a257697|chaii-hindi-and-tamil-question-answering__57ce82f9247a4cc8b626b575d3f2c979|chaii-hindi-and-tamil-question-answering__ce99d23bb4de4bd4bfe832f8937daca3,3,0.3333333333333333,0.010610000000000008,0.5310310310310316,2,0.6666666666666666
chaii-hindi-and-tamil-question-answering__c31a1c3b91a14ef5afef98719da1d101,cards_senior_0801.jsonl:13,chaii-hindi-and-tamil-question-answering,easy,3,0,0,True,0,False,False,full_oracle,136.4,6553.884172439575,0.0208120858427114,chaii-hindi-and-tamil-question-answering__ce99d23bb4de4bd4bfe832f8937daca3,1,1.0,0.0,0.0,1,1
chaii-hindi-and-tamil-question-answering__cbe405cf5c2e48e8ab6dbb29f814b88e,cards_senior_0801.jsonl:18,chaii-hindi-and-tamil-question-answering,easy,3,0,0,True,0,False,False,random,175.8,1590.8876776695251,0.11050434450377264,chaii-hindi-and-tamil-question-answering__9cc47ce945ac482dada73aa89c86ea95|chaii-hindi-and-tamil-question-answering__a483163f252d42fc98190cbfa2abfacc|chaii-hindi-and-tamil-question-answering__adf3351945ce4702bf8966e662ab3dcf,3,0.3333333333333333,0.01686333333333334,0.426056931109989,2,0.6666666666666666
chaii-hindi-and-tamil-question-answering__cbe405cf5c2e48e8ab6dbb29f814b88e,cards_senior_0801.jsonl:18,chaii-hindi-and-tamil-question-answering,easy,3,0,0,True,0,False,False,stdout_only,175.8,1590.8876776695251,0.11050434450377264,chaii-hindi-and-tamil-question-answering__9cc47ce945ac482dada73aa89c86ea95|chaii-hindi-and-tamil-question-answering__a483163f252d42fc98190cbfa2abfacc|chaii-hindi-and-tamil-question-answering__adf3351945ce4702bf8966e662ab3dcf,3,0.3333333333333333,0.01686333333333334,0.426056931109989,2,0.6666666666666666
chaii-hindi-and-tamil-question-answering__cbe405cf5c2e48e8ab6dbb29f814b88e,cards_senior_0801.jsonl:18,chaii-hindi-and-tamil-question-answering,easy,3,0,0,True,0,False,False,artifact_score_then_stdout,175.8,1590.8876776695251,0.11050434450377264,chaii-hindi-and-tamil-question-answering__9cc47ce945ac482dada73aa89c86ea95|chaii-hindi-and-tamil-question-answering__a483163f252d42fc98190cbfa2abfacc|chaii-hindi-and-tamil-question-answering__adf3351945ce4702bf8966e662ab3dcf,3,0.3333333333333333,0.01686333333333334,0.426056931109989,2,0.6666666666666666
chaii-hindi-and-tamil-question-answering__cbe405cf5c2e48e8ab6dbb29f814b88e,cards_senior_0801.jsonl:18,chaii-hindi-and-tamil-question-answering,easy,3,0,0,True,0,False,False,parent_certified_override,175.8,1590.8876776695251,0.11050434450377264,chaii-hindi-and-tamil-question-answering__9cc47ce945ac482dada73aa89c86ea95|chaii-hindi-and-tamil-question-answering__a483163f252d42fc98190cbfa2abfacc|chaii-hindi-and-tamil-question-answering__adf3351945ce4702bf8966e662ab3dcf,3,0.3333333333333333,0.01686333333333334,0.426056931109989,2,0.6666666666666666
chaii-hindi-and-tamil-question-answering__cbe405cf5c2e48e8ab6dbb29f814b88e,cards_senior_0801.jsonl:18,chaii-hindi-and-tamil-question-answering,easy,3,0,0,True,0,False,False,full_oracle,175.8,1590.8876776695251,0.11050434450377264,chaii-hindi-and-tamil-question-answering__9cc47ce945ac482dada73aa89c86ea95,1,1.0,0.0,0.0,1,1
chaii-hindi-and-tamil-question-answering__e43679e8e9bf4481a179b114ac9c8c5e,cards_ours_20260727.jsonl:173,chaii-hindi-and-tamil-question-answering,hard,2,2,2,False,0,False,False,random,81.3,130.7270479425788,0.6219064935644429,chaii-hindi-and-tamil-question-answering__463ad7dc1f7b4afe96a64bcfaba5d002|chaii-hindi-and-tamil-question-answering__f51b404ae74e4e72a4517e0733b4e1f6,2,0.5,0.00369,0.5,1.5,
chaii-hindi-and-tamil-question-answering__e43679e8e9bf4481a179b114ac9c8c5e,cards_ours_20260727.jsonl:173,chaii-hindi-and-tamil-question-answering,hard,2,2,2,False,0,False,False,stdout_only,81.3,130.7270479425788,0.6219064935644429,chaii-hindi-and-tamil-question-answering__463ad7dc1f7b4afe96a64bcfaba5d002,1,0.0,0.00738,1.0,2,
chaii-hindi-and-tamil-question-answering__e43679e8e9bf4481a179b114ac9c8c5e,cards_ours_20260727.jsonl:173,chaii-hindi-and-tamil-question-answering,hard,2,2,2,False,0,False,False,artifact_score_then_stdout,81.3,130.7270479425788,0.6219064935644429,chaii-hindi-and-tamil-question-answering__f51b404ae74e4e72a4517e0733b4e1f6,1,1.0,0.0,0.0,1,
chaii-hindi-and-tamil-question-answering__e43679e8e9bf4481a179b114ac9c8c5e,cards_ours_20260727.jsonl:173,chaii-hindi-and-tamil-question-answering,hard,2,2,2,False,0,False,False,parent_certified_override,81.3,130.7270479425788,0.6219064935644429,chaii-hindi-and-tamil-question-answering__463ad7dc1f7b4afe96a64bcfaba5d002,1,0.0,0.00738,1.0,2,
chaii-hindi-and-tamil-question-answering__e43679e8e9bf4481a179b114ac9c8c5e,cards_ours_20260727.jsonl:173,chaii-hindi-and-tamil-question-answering,hard,2,2,2,False,0,False,False,full_oracle,81.3,130.7270479425788,0.6219064935644429,chaii-hindi-and-tamil-question-answering__f51b404ae74e4e72a4517e0733b4e1f6,1,1.0,0.0,0.0,1,
chaii-hindi-and-tamil-question-answering__f05efa5bb9ac4788b908cb07e0fb4d7b,cards_senior_0801.jsonl:13,chaii-hindi-and-tamil-question-answering,easy,2,0,0,True,0,False,False,random,129.4,879.9492094516754,0.1470539419890306,chaii-hindi-and-tamil-question-answering__79675e23561e437885211692d32c5024|chaii-hindi-and-tamil-question-answering__859755a3dccf447cbe49d1ab8a718158,2,0.5,0.0173350000000001,0.5000000000000016,1.5,0.5
chaii-hindi-and-tamil-question-answering__f05efa5bb9ac4788b908cb07e0fb4d7b,cards_senior_0801.jsonl:13,chaii-hindi-and-tamil-question-answering,easy,2,0,0,True,0,False,False,stdout_only,129.4,879.9492094516754,0.1470539419890306,chaii-hindi-and-tamil-question-answering__79675e23561e437885211692d32c5024|chaii-hindi-and-tamil-question-answering__859755a3dccf447cbe49d1ab8a718158,2,0.5,0.0173350000000001,0.5000000000000016,1.5,0.5
chaii-hindi-and-tamil-question-answering__f05efa5bb9ac4788b908cb07e0fb4d7b,cards_senior_0801.jsonl:13,chaii-hindi-and-tamil-question-answering,easy,2,0,0,True,0,False,False,artifact_score_then_stdout,129.4,879.9492094516754,0.1470539419890306,chaii-hindi-and-tamil-question-answering__79675e23561e437885211692d32c5024|chaii-hindi-and-tamil-question-answering__859755a3dccf447cbe49d1ab8a718158,2,0.5,0.0173350000000001,0.5000000000000016,1.5,0.5
chaii-hindi-and-tamil-question-answering__f05efa5bb9ac4788b908cb07e0fb4d7b,cards_senior_0801.jsonl:13,chaii-hindi-and-tamil-question-answering,easy,2,0,0,True,0,False,False,parent_certified_override,129.4,879.9492094516754,0.1470539419890306,chaii-hindi-and-tamil-question-answering__79675e23561e437885211692d32c5024|chaii-hindi-and-tamil-question-answering__859755a3dccf447cbe49d1ab8a718158,2,0.5,0.0173350000000001,0.5000000000000016,1.5,0.5
chaii-hindi-and-tamil-question-answering__f05efa5bb9ac4788b908cb07e0fb4d7b,cards_senior_0801.jsonl:13,chaii-hindi-and-tamil-question-answering,easy,2,0,0,True,0,False,False,full_oracle,129.4,879.9492094516754,0.1470539419890306,chaii-hindi-and-tamil-question-answering__859755a3dccf447cbe49d1ab8a718158,1,1.0,0.0,0.0,1,1
denoising-dirty-documents__033f1f41cef04bd590777cae52380df8,cards_senior_0731.jsonl:13,denoising-dirty-documents,easy,2,0,2,True,0,False,False,random,240.4,7910.258288726211,0.030390916607947027,denoising-dirty-documents__13f0395b31ec47c6a4f8116b12e3ce63|denoising-dirty-documents__823936b3bbff49418a2f507faded41af,2,0.5,0.032529999999999996,0.5,1.5,0.5
denoising-dirty-documents__033f1f41cef04bd590777cae52380df8,cards_senior_0731.jsonl:13,denoising-dirty-documents,easy,2,0,2,True,0,False,False,stdout_only,240.4,7910.258288726211,0.030390916607947027,denoising-dirty-documents__13f0395b31ec47c6a4f8116b12e3ce63,1,1.0,0.0,0.0,1,1
denoising-dirty-documents__033f1f41cef04bd590777cae52380df8,cards_senior_0731.jsonl:13,denoising-dirty-documents,easy,2,0,2,True,0,False,False,artifact_score_then_stdout,240.4,7910.258288726211,0.030390916607947027,denoising-dirty-documents__13f0395b31ec47c6a4f8116b12e3ce63,1,1.0,0.0,0.0,1,1
denoising-dirty-documents__033f1f41cef04bd590777cae52380df8,cards_senior_0731.jsonl:13,denoising-dirty-documents,easy,2,0,2,True,0,False,False,parent_certified_override,240.4,7910.258288726211,0.030390916607947027,denoising-dirty-documents__13f0395b31ec47c6a4f8116b12e3ce63,1,1.0,0.0,0.0,1,1
denoising-dirty-documents__033f1f41cef04bd590777cae52380df8,cards_senior_0731.jsonl:13,denoising-dirty-documents,easy,2,0,2,True,0,False,False,full_oracle,240.4,7910.258288726211,0.030390916607947027,denoising-dirty-documents__13f0395b31ec47c6a4f8116b12e3ce63,1,1.0,0.0,0.0,1,1
denoising-dirty-documents__4cb4122fb9814bf884cdafecf62298e9,cards_senior_0804.jsonl:23,denoising-dirty-documents,easy,2,0,2,True,0,False,False,random,240.3,5440.142480649054,0.044171637205231845,denoising-dirty-documents__3f15dea796044d05a16fd6e273d740d8|denoising-dirty-documents__ec6f4762e28d40baaf94ee6b6664a820,2,0.5,0.08098999999999998,0.4999999999999999,1.5,0.5
denoising-dirty-documents__4cb4122fb9814bf884cdafecf62298e9,cards_senior_0804.jsonl:23,denoising-dirty-documents,easy,2,0,2,True,0,False,False,stdout_only,240.3,5440.142480649054,0.044171637205231845,denoising-dirty-documents__3f15dea796044d05a16fd6e273d740d8,1,1.0,0.0,0.0,1,1
denoising-dirty-documents__4cb4122fb9814bf884cdafecf62298e9,cards_senior_0804.jsonl:23,denoising-dirty-documents,easy,2,0,2,True,0,False,False,artifact_score_then_stdout,240.3,5440.142480649054,0.044171637205231845,denoising-dirty-documents__3f15dea796044d05a16fd6e273d740d8,1,1.0,0.0,0.0,1,1
denoising-dirty-documents__4cb4122fb9814bf884cdafecf62298e9,cards_senior_0804.jsonl:23,denoising-dirty-documents,easy,2,0,2,True,0,False,False,parent_certified_override,240.3,5440.142480649054,0.044171637205231845,denoising-dirty-documents__3f15dea796044d05a16fd6e273d740d8,1,1.0,0.0,0.0,1,1
denoising-dirty-documents__4cb4122fb9814bf884cdafecf62298e9,cards_senior_0804.jsonl:23,denoising-dirty-documents,easy,2,0,2,True,0,False,False,full_oracle,240.3,5440.142480649054,0.044171637205231845,denoising-dirty-documents__3f15dea796044d05a16fd6e273d740d8,1,1.0,0.0,0.0,1,1
denoising-dirty-documents__6dd95edcab0e45559bb741b08b038a76,cards_senior_0731.jsonl:13,denoising-dirty-documents,hard,2,0,2,True,0,False,False,random,240.3,10472.243616238236,0.022946372220313076,denoising-dirty-documents__3ad8b9e4925d4292bdca3ed8183feb67|denoising-dirty-documents__b866c25ad23841308fad35ae81f27a90,2,0.5,0.001899999999999999,0.5,1.5,0.5
denoising-dirty-documents__6dd95edcab0e45559bb741b08b038a76,cards_senior_0731.jsonl:13,denoising-dirty-documents,hard,2,0,2,True,0,False,False,stdout_only,240.3,10472.243616238236,0.022946372220313076,denoising-dirty-documents__3ad8b9e4925d4292bdca3ed8183feb67,1,1.0,0.0,0.0,1,1
denoising-dirty-documents__6dd95edcab0e45559bb741b08b038a76,cards_senior_0731.jsonl:13,denoising-dirty-documents,hard,2,0,2,True,0,False,False,artifact_score_then_stdout,240.3,10472.243616238236,0.022946372220313076,denoising-dirty-documents__3ad8b9e4925d4292bdca3ed8183feb67,1,1.0,0.0,0.0,1,1
denoising-dirty-documents__6dd95edcab0e45559bb741b08b038a76,cards_senior_0731.jsonl:13,denoising-dirty-documents,hard,2,0,2,True,0,False,False,parent_certified_override,240.3,10472.243616238236,0.022946372220313076,denoising-dirty-documents__3ad8b9e4925d4292bdca3ed8183feb67,1,1.0,0.0,0.0,1,1
denoising-dirty-documents__6dd95edcab0e45559bb741b08b038a76,cards_senior_0731.jsonl:13,denoising-dirty-documents,hard,2,0,2,True,0,False,False,full_oracle,240.3,10472.243616238236,0.022946372220313076,denoising-dirty-documents__3ad8b9e4925d4292bdca3ed8183feb67,1,1.0,0.0,0.0,1,1
denoising-dirty-documents__ced9b66826334e169b3a6f5ed4e19ef7,cards_senior_0727.jsonl:11,denoising-dirty-documents,easy,2,0,0,True,0,False,False,random,3.5,964.5409694686532,0.0036286690879787946,denoising-dirty-documents__2777b9434e904072953a89a92373797d|denoising-dirty-documents__63efdaf0641947afad86fb6012c1752d,2,0.5,0.40197000000000005,0.5000000000000001,1.5,0
denoising-dirty-documents__ced9b66826334e169b3a6f5ed4e19ef7,cards_senior_0727.jsonl:11,denoising-dirty-documents,easy,2,0,0,True,0,False,False,stdout_only,3.5,964.5409694686532,0.0036286690879787946,denoising-dirty-documents__2777b9434e904072953a89a92373797d|denoising-dirty-documents__63efdaf0641947afad86fb6012c1752d,2,0.5,0.40197000000000005,0.5000000000000001,1.5,0
denoising-dirty-documents__ced9b66826334e169b3a6f5ed4e19ef7,cards_senior_0727.jsonl:11,denoising-dirty-documents,easy,2,0,0,True,0,False,False,artifact_score_then_stdout,3.5,964.5409694686532,0.0036286690879787946,denoising-dirty-documents__2777b9434e904072953a89a92373797d|denoising-dirty-documents__63efdaf0641947afad86fb6012c1752d,2,0.5,0.40197000000000005,0.5000000000000001,1.5,0
denoising-dirty-documents__ced9b66826334e169b3a6f5ed4e19ef7,cards_senior_0727.jsonl:11,denoising-dirty-documents,easy,2,0,0,True,0,False,False,parent_certified_override,3.5,964.5409694686532,0.0036286690879787946,denoising-dirty-documents__2777b9434e904072953a89a92373797d|denoising-dirty-documents__63efdaf0641947afad86fb6012c1752d,2,0.5,0.40197000000000005,0.5000000000000001,1.5,0
denoising-dirty-documents__ced9b66826334e169b3a6f5ed4e19ef7,cards_senior_0727.jsonl:11,denoising-dirty-documents,easy,2,0,0,True,0,False,False,full_oracle,3.5,964.5409694686532,0.0036286690879787946,denoising-dirty-documents__2777b9434e904072953a89a92373797d,1,1.0,0.0,0.0,1,0
denoising-dirty-documents__dee39489ceb240ffabbd9e9f3e2deb47,cards_senior_0731.jsonl:13,denoising-dirty-documents,hard,2,0,1,False,0,False,False,random,240.3,3548.303095214069,0.06772251229724859,denoising-dirty-documents__5549e4182535479794bbe510d212e280|denoising-dirty-documents__9ae54f31fa5043d6bf6288f9b2b031c2,2,0.5,0.0024399999999999995,0.49999999999999983,1.5,
denoising-dirty-documents__dee39489ceb240ffabbd9e9f3e2deb47,cards_senior_0731.jsonl:13,denoising-dirty-documents,hard,2,0,1,False,0,False,False,stdout_only,240.3,3548.303095214069,0.06772251229724859,denoising-dirty-documents__9ae54f31fa5043d6bf6288f9b2b031c2,1,1.0,0.0,0.0,1,
denoising-dirty-documents__dee39489ceb240ffabbd9e9f3e2deb47,cards_senior_0731.jsonl:13,denoising-dirty-documents,hard,2,0,1,False,0,False,False,artifact_score_then_stdout,240.3,3548.303095214069,0.06772251229724859,denoising-dirty-documents__9ae54f31fa5043d6bf6288f9b2b031c2,1,1.0,0.0,0.0,1,
denoising-dirty-documents__dee39489ceb240ffabbd9e9f3e2deb47,cards_senior_0731.jsonl:13,denoising-dirty-documents,hard,2,0,1,False,0,False,False,parent_certified_override,240.3,3548.303095214069,0.06772251229724859,denoising-dirty-documents__9ae54f31fa5043d6bf6288f9b2b031c2,1,1.0,0.0,0.0,1,
denoising-dirty-documents__dee39489ceb240ffabbd9e9f3e2deb47,cards_senior_0731.jsonl:13,denoising-dirty-documents,hard,2,0,1,False,0,False,False,full_oracle,240.3,3548.303095214069,0.06772251229724859,denoising-dirty-documents__9ae54f31fa5043d6bf6288f9b2b031c2,1,1.0,0.0,0.0,1,
denoising-dirty-documents__e8ac693c1f134f9fbede2c6e3b7605cf,cards_senior_0804.jsonl:24,denoising-dirty-documents,easy,2,0,2,True,0,False,False,random,240.2,5915.726876862347,0.040603632486731725,denoising-dirty-documents__9b6a53da44cf4a7c909704e35cc9a7b0|denoising-dirty-documents__d900b645d2f84cf2b3f0f905f2e0f5bc,2,0.5,0.06892999999999999,0.4999999999999999,1.5,0
denoising-dirty-documents__e8ac693c1f134f9fbede2c6e3b7605cf,cards_senior_0804.jsonl:24,denoising-dirty-documents,easy,2,0,2,True,0,False,False,stdout_only,240.2,5915.726876862347,0.040603632486731725,denoising-dirty-documents__d900b645d2f84cf2b3f0f905f2e0f5bc,1,1.0,0.0,0.0,1,0
denoising-dirty-documents__e8ac693c1f134f9fbede2c6e3b7605cf,cards_senior_0804.jsonl:24,denoising-dirty-documents,easy,2,0,2,True,0,False,False,artifact_score_then_stdout,240.2,5915.726876862347,0.040603632486731725,denoising-dirty-documents__d900b645d2f84cf2b3f0f905f2e0f5bc,1,1.0,0.0,0.0,1,0
denoising-dirty-documents__e8ac693c1f134f9fbede2c6e3b7605cf,cards_senior_0804.jsonl:24,denoising-dirty-documents,easy,2,0,2,True,0,False,False,parent_certified_override,240.2,5915.726876862347,0.040603632486731725,denoising-dirty-documents__d900b645d2f84cf2b3f0f905f2e0f5bc,1,1.0,0.0,0.0,1,0
denoising-dirty-documents__e8ac693c1f134f9fbede2c6e3b7605cf,cards_senior_0804.jsonl:24,denoising-dirty-documents,easy,2,0,2,True,0,False,False,full_oracle,240.2,5915.726876862347,0.040603632486731725,denoising-dirty-documents__d900b645d2f84cf2b3f0f905f2e0f5bc,1,1.0,0.0,0.0,1,0
denoising-dirty-documents__ec447d8baa434d0faf493d69c4e88a48,cards_senior_0727.jsonl:16,denoising-dirty-documents,hard,2,0,2,False,0,False,False,random,240.2,5896.142553918064,0.040738499417790355,denoising-dirty-documents__676afd4f1b2048cfa3bb87a9501c0de8|denoising-dirty-documents__9122d7821f0d4e59b227733c2554700b,2,0.5,0.0009650000000000006,0.5,1.5,
denoising-dirty-documents__ec447d8baa434d0faf493d69c4e88a48,cards_senior_0727.jsonl:16,denoising-dirty-documents,hard,2,0,2,False,0,False,False,stdout_only,240.2,5896.142553918064,0.040738499417790355,denoising-dirty-documents__676afd4f1b2048cfa3bb87a9501c0de8,1,0.0,0.0019300000000000012,1.0,2,
denoising-dirty-documents__ec447d8baa434d0faf493d69c4e88a48,cards_senior_0727.jsonl:16,denoising-dirty-documents,hard,2,0,2,False,0,False,False,artifact_score_then_stdout,240.2,5896.142553918064,0.040738499417790355,denoising-dirty-documents__676afd4f1b2048cfa3bb87a9501c0de8,1,0.0,0.0019300000000000012,1.0,2,
denoising-dirty-documents__ec447d8baa434d0faf493d69c4e88a48,cards_senior_0727.jsonl:16,denoising-dirty-documents,hard,2,0,2,False,0,False,False,parent_certified_override,240.2,5896.142553918064,0.040738499417790355,denoising-dirty-documents__676afd4f1b2048cfa3bb87a9501c0de8,1,0.0,0.0019300000000000012,1.0,2,
denoising-dirty-documents__ec447d8baa434d0faf493d69c4e88a48,cards_senior_0727.jsonl:16,denoising-dirty-documents,hard,2,0,2,False,0,False,False,full_oracle,240.2,5896.142553918064,0.040738499417790355,denoising-dirty-documents__9122d7821f0d4e59b227733c2554700b,1,1.0,0.0,0.0,1,
denoising-dirty-documents__fa4eee2f776a44efb0fe1e4e15339553,cards_senior_0731.jsonl:13,denoising-dirty-documents,hard,2,0,2,True,0,False,False,random,240.2,7291.400309048593,0.03294291765902812,denoising-dirty-documents__6dd95edcab0e45559bb741b08b038a76|denoising-dirty-documents__f39ee4ce2db14bc68771c9773ec0a47f,2,0.5,0.0010299999999999997,0.5,1.5,0.5
denoising-dirty-documents__fa4eee2f776a44efb0fe1e4e15339553,cards_senior_0731.jsonl:13,denoising-dirty-documents,hard,2,0,2,True,0,False,False,stdout_only,240.2,7291.400309048593,0.03294291765902812,denoising-dirty-documents__6dd95edcab0e45559bb741b08b038a76,1,1.0,0.0,0.0,1,1
denoising-dirty-documents__fa4eee2f776a44efb0fe1e4e15339553,cards_senior_0731.jsonl:13,denoising-dirty-documents,hard,2,0,2,True,0,False,False,artifact_score_then_stdout,240.2,7291.400309048593,0.03294291765902812,denoising-dirty-documents__6dd95edcab0e45559bb741b08b038a76,1,1.0,0.0,0.0,1,1
denoising-dirty-documents__fa4eee2f776a44efb0fe1e4e15339553,cards_senior_0731.jsonl:13,denoising-dirty-documents,hard,2,0,2,True,0,False,False,parent_certified_override,240.2,7291.400309048593,0.03294291765902812,denoising-dirty-documents__6dd95edcab0e45559bb741b08b038a76,1,1.0,0.0,0.0,1,1
denoising-dirty-documents__fa4eee2f776a44efb0fe1e4e15339553,cards_senior_0731.jsonl:13,denoising-dirty-documents,hard,2,0,2,True,0,False,False,full_oracle,240.2,7291.400309048593,0.03294291765902812,denoising-dirty-documents__6dd95edcab0e45559bb741b08b038a76,1,1.0,0.0,0.0,1,1
google-quest-challenge__09e3c19539104671ae6c7ac3d25ba513,cards_senior_0806.jsonl:8,google-quest-challenge,easy,2,0,2,True,0,False,False,random,240.3,2106.5476160738617,0.11407290211073699,google-quest-challenge__cfdb38bd32284dd1b14ffe5f63059aa2|google-quest-challenge__e056f23b7e7345cc99b98ec98dbc0224,2,0.5,0.07111,0.5,1.5,0.5
google-quest-challenge__09e3c19539104671ae6c7ac3d25ba513,cards_senior_0806.jsonl:8,google-quest-challenge,easy,2,0,2,True,0,False,False,stdout_only,240.3,2106.5476160738617,0.11407290211073699,google-quest-challenge__e056f23b7e7345cc99b98ec98dbc0224,1,1.0,0.0,0.0,1,1
google-quest-challenge__09e3c19539104671ae6c7ac3d25ba513,cards_senior_0806.jsonl:8,google-quest-challenge,easy,2,0,2,True,0,False,False,artifact_score_then_stdout,240.3,2106.5476160738617,0.11407290211073699,google-quest-challenge__e056f23b7e7345cc99b98ec98dbc0224,1,1.0,0.0,0.0,1,1
google-quest-challenge__09e3c19539104671ae6c7ac3d25ba513,cards_senior_0806.jsonl:8,google-quest-challenge,easy,2,0,2,True,0,False,False,parent_certified_override,240.3,2106.5476160738617,0.11407290211073699,google-quest-challenge__e056f23b7e7345cc99b98ec98dbc0224,1,1.0,0.0,0.0,1,1
google-quest-challenge__09e3c19539104671ae6c7ac3d25ba513,cards_senior_0806.jsonl:8,google-quest-challenge,easy,2,0,2,True,0,False,False,full_oracle,240.3,2106.5476160738617,0.11407290211073699,google-quest-challenge__e056f23b7e7345cc99b98ec98dbc0224,1,1.0,0.0,0.0,1,1
google-quest-challenge__54d5e9cda21a4099a4d5c8a5900b642d,cards_senior_0731.jsonl:8,google-quest-challenge,hard,2,0,0,True,0,False,False,random,240.4,11458.130039536976,0.020980735876664443,google-quest-challenge__9c121e84fa5a451e87b48f608b215dd4|google-quest-challenge__af65cdfcccea47739bbbd7014fb7f5d6,2,0.5,0.00020000000000003348,0.5000000000000694,1.5,0
google-quest-challenge__54d5e9cda21a4099a4d5c8a5900b642d,cards_senior_0731.jsonl:8,google-quest-challenge,hard,2,0,0,True,0,False,False,stdout_only,240.4,11458.130039536976,0.020980735876664443,google-quest-challenge__9c121e84fa5a451e87b48f608b215dd4|google-quest-challenge__af65cdfcccea47739bbbd7014fb7f5d6,2,0.5,0.00020000000000003348,0.5000000000000694,1.5,0
google-quest-challenge__54d5e9cda21a4099a4d5c8a5900b642d,cards_senior_0731.jsonl:8,google-quest-challenge,hard,2,0,0,True,0,False,False,artifact_score_then_stdout,240.4,11458.130039536976,0.020980735876664443,google-quest-challenge__9c121e84fa5a451e87b48f608b215dd4|google-quest-challenge__af65cdfcccea47739bbbd7014fb7f5d6,2,0.5,0.00020000000000003348,0.5000000000000694,1.5,0
google-quest-challenge__54d5e9cda21a4099a4d5c8a5900b642d,cards_senior_0731.jsonl:8,google-quest-challenge,hard,2,0,0,True,0,False,False,parent_certified_override,240.4,11458.130039536976,0.020980735876664443,google-quest-challenge__9c121e84fa5a451e87b48f608b215dd4|google-quest-challenge__af65cdfcccea47739bbbd7014fb7f5d6,2,0.5,0.00020000000000003348,0.5000000000000694,1.5,0
google-quest-challenge__54d5e9cda21a4099a4d5c8a5900b642d,cards_senior_0731.jsonl:8,google-quest-challenge,hard,2,0,0,True,0,False,False,full_oracle,240.4,11458.130039536976,0.020980735876664443,google-quest-challenge__9c121e84fa5a451e87b48f608b215dd4,1,1.0,0.0,0.0,1,0
google-quest-challenge__59d05421af854a3ebf13a049f852fca7,cards_senior_0731.jsonl:8,google-quest-challenge,easy,2,1,1,True,0,False,False,random,160.9,4621.799937464006,0.034813276683777504,google-quest-challenge__6ba46794dff84b4aa036ddff694451c2|google-quest-challenge__d18100348572434fbfa74d3d01008623,2,0.5,0.036055000000000004,0.5,1.5,0.5
google-quest-challenge__59d05421af854a3ebf13a049f852fca7,cards_senior_0731.jsonl:8,google-quest-challenge,easy,2,1,1,True,0,False,False,stdout_only,160.9,4621.799937464006,0.034813276683777504,google-quest-challenge__6ba46794dff84b4aa036ddff694451c2,1,0.0,0.07211000000000001,1.0,2,0
google-quest-challenge__59d05421af854a3ebf13a049f852fca7,cards_senior_0731.jsonl:8,google-quest-challenge,easy,2,1,1,True,0,False,False,artifact_score_then_stdout,160.9,4621.799937464006,0.034813276683777504,google-quest-challenge__6ba46794dff84b4aa036ddff694451c2,1,0.0,0.07211000000000001,1.0,2,0
google-quest-challenge__59d05421af854a3ebf13a049f852fca7,cards_senior_0731.jsonl:8,google-quest-challenge,easy,2,1,1,True,0,False,False,parent_certified_override,160.9,4621.799937464006,0.034813276683777504,google-quest-challenge__6ba46794dff84b4aa036ddff694451c2,1,0.0,0.07211000000000001,1.0,2,0
google-quest-challenge__59d05421af854a3ebf13a049f852fca7,cards_senior_0731.jsonl:8,google-quest-challenge,easy,2,1,1,True,0,False,False,full_oracle,160.9,4621.799937464006,0.034813276683777504,google-quest-challenge__d18100348572434fbfa74d3d01008623,1,1.0,0.0,0.0,1,1
google-quest-challenge__5bbb739e789e4195ab45d5c9d9e4ef0e,cards_senior_0731.jsonl:8,google-quest-challenge,easy,2,1,1,True,0,False,False,random,163.3,774.2440649799828,0.21091540431016664,google-quest-challenge__b0136f10f1e34af1bea8d3b95494444d|google-quest-challenge__c0db78dfced24417a26a9268ac68ca83,2,0.5,0.03031499999999998,0.49999999999999956,1.5,0.5
google-quest-challenge__5bbb739e789e4195ab45d5c9d9e4ef0e,cards_senior_0731.jsonl:8,google-quest-challenge,easy,2,1,1,True,0,False,False,stdout_only,163.3,774.2440649799828,0.21091540431016664,google-quest-challenge__c0db78dfced24417a26a9268ac68ca83,1,0.0,0.06063000000000002,1.0,2,0
google-quest-challenge__5bbb739e789e4195ab45d5c9d9e4ef0e,cards_senior_0731.jsonl:8,google-quest-challenge,easy,2,1,1,True,0,False,False,artifact_score_then_stdout,163.3,774.2440649799828,0.21091540431016664,google-quest-challenge__c0db78dfced24417a26a9268ac68ca83,1,0.0,0.06063000000000002,1.0,2,0
google-quest-challenge__5bbb739e789e4195ab45d5c9d9e4ef0e,cards_senior_0731.jsonl:8,google-quest-challenge,easy,2,1,1,True,0,False,False,parent_certified_override,163.3,774.2440649799828,0.21091540431016664,google-quest-challenge__c0db78dfced24417a26a9268ac68ca83,1,0.0,0.06063000000000002,1.0,2,0
google-quest-challenge__5bbb739e789e4195ab45d5c9d9e4ef0e,cards_senior_0731.jsonl:8,google-quest-challenge,easy,2,1,1,True,0,False,False,full_oracle,163.3,774.2440649799828,0.21091540431016664,google-quest-challenge__b0136f10f1e34af1bea8d3b95494444d,1,1.0,0.0,0.0,1,1
google-quest-challenge__9c121e84fa5a451e87b48f608b215dd4,cards_senior_0731.jsonl:8,google-quest-challenge,hard,2,0,0,True,0,False,False,random,240.3,9685.27632703996,0.024810856385079634,google-quest-challenge__0f314d3d03ab4226be148679544edf63|google-quest-challenge__43f44abea2d04a8e993bbcf60a6646d7,2,0.5,0.0008349999999999747,0.4999999999999834,1.5,0.5
google-quest-challenge__9c121e84fa5a451e87b48f608b215dd4,cards_senior_0731.jsonl:8,google-quest-challenge,hard,2,0,0,True,0,False,False,stdout_only,240.3,9685.27632703996,0.024810856385079634,google-quest-challenge__0f314d3d03ab4226be148679544edf63|google-quest-challenge__43f44abea2d04a8e993bbcf60a6646d7,2,0.5,0.0008349999999999747,0.4999999999999834,1.5,0.5
google-quest-challenge__9c121e84fa5a451e87b48f608b215dd4,cards_senior_0731.jsonl:8,google-quest-challenge,hard,2,0,0,True,0,False,False,artifact_score_then_stdout,240.3,9685.27632703996,0.024810856385079634,google-quest-challenge__0f314d3d03ab4226be148679544edf63|google-quest-challenge__43f44abea2d04a8e993bbcf60a6646d7,2,0.5,0.0008349999999999747,0.4999999999999834,1.5,0.5
google-quest-challenge__9c121e84fa5a451e87b48f608b215dd4,cards_senior_0731.jsonl:8,google-quest-challenge,hard,2,0,0,True,0,False,False,parent_certified_override,240.3,9685.27632703996,0.024810856385079634,google-quest-challenge__0f314d3d03ab4226be148679544edf63|google-quest-challenge__43f44abea2d04a8e993bbcf60a6646d7,2,0.5,0.0008349999999999747,0.4999999999999834,1.5,0.5
google-quest-challenge__9c121e84fa5a451e87b48f608b215dd4,cards_senior_0731.jsonl:8,google-quest-challenge,hard,2,0,0,True,0,False,False,full_oracle,240.3,9685.27632703996,0.024810856385079634,google-quest-challenge__43f44abea2d04a8e993bbcf60a6646d7,1,1.0,0.0,0.0,1,1
google-quest-challenge__9f74747856c543728a41fbad7c6faf26,cards_senior_0731.jsonl:8,google-quest-challenge,hard,2,0,0,True,0,False,False,random,240.4,12778.345358970982,0.018813077377911703,google-quest-challenge__5e9ca53a965341de95e27ea6a40732c6|google-quest-challenge__d47652578a9f4b8e896dcf77a27f1573,2,0.5,0.002385000000000026,0.5000000000000058,1.5,0
google-quest-challenge__9f74747856c543728a41fbad7c6faf26,cards_senior_0731.jsonl:8,google-quest-challenge,hard,2,0,0,True,0,False,False,stdout_only,240.4,12778.345358970982,0.018813077377911703,google-quest-challenge__5e9ca53a965341de95e27ea6a40732c6|google-quest-challenge__d47652578a9f4b8e896dcf77a27f1573,2,0.5,0.002385000000000026,0.5000000000000058,1.5,0
google-quest-challenge__9f74747856c543728a41fbad7c6faf26,cards_senior_0731.jsonl:8,google-quest-challenge,hard,2,0,0,True,0,False,False,artifact_score_then_stdout,240.4,12778.345358970982,0.018813077377911703,google-quest-challenge__5e9ca53a965341de95e27ea6a40732c6|google-quest-challenge__d47652578a9f4b8e896dcf77a27f1573,2,0.5,0.002385000000000026,0.5000000000000058,1.5,0
google-quest-challenge__9f74747856c543728a41fbad7c6faf26,cards_senior_0731.jsonl:8,google-quest-challenge,hard,2,0,0,True,0,False,False,parent_certified_override,240.4,12778.345358970982,0.018813077377911703,google-quest-challenge__5e9ca53a965341de95e27ea6a40732c6|google-quest-challenge__d47652578a9f4b8e896dcf77a27f1573,2,0.5,0.002385000000000026,0.5000000000000058,1.5,0
google-quest-challenge__9f74747856c543728a41fbad7c6faf26,cards_senior_0731.jsonl:8,google-quest-challenge,hard,2,0,0,True,0,False,False,full_oracle,240.4,12778.345358970982,0.018813077377911703,google-quest-challenge__5e9ca53a965341de95e27ea6a40732c6,1,1.0,0.0,0.0,1,0
google-quest-challenge__af65cdfcccea47739bbbd7014fb7f5d6,cards_senior_0731.jsonl:8,google-quest-challenge,hard,2,0,0,True,0,False,False,random,240.3,12051.353250257991,0.019939669430472942,google-quest-challenge__3d3145e426b04dc1a112c0832c002be2|google-quest-challenge__9f74747856c543728a41fbad7c6faf26,2,0.5,0.003635000000000055,0.5000000000000038,1.5,0.5
google-quest-challenge__af65cdfcccea47739bbbd7014fb7f5d6,cards_senior_0731.jsonl:8,google-quest-challenge,hard,2,0,0,True,0,False,False,stdout_only,240.3,12051.353250257991,0.019939669430472942,google-quest-challenge__3d3145e426b04dc1a112c0832c002be2|google-quest-challenge__9f74747856c543728a41fbad7c6faf26,2,0.5,0.003635000000000055,0.5000000000000038,1.5,0.5
google-quest-challenge__af65cdfcccea47739bbbd7014fb7f5d6,cards_senior_0731.jsonl:8,google-quest-challenge,hard,2,0,0,True,0,False,False,artifact_score_then_stdout,240.3,12051.353250257991,0.019939669430472942,google-quest-challenge__3d3145e426b04dc1a112c0832c002be2|google-quest-challenge__9f74747856c543728a41fbad7c6faf26,2,0.5,0.003635000000000055,0.5000000000000038,1.5,0.5
google-quest-challenge__af65cdfcccea47739bbbd7014fb7f5d6,cards_senior_0731.jsonl:8,google-quest-challenge,hard,2,0,0,True,0,False,False,parent_certified_override,240.3,12051.353250257991,0.019939669430472942,google-quest-challenge__3d3145e426b04dc1a112c0832c002be2|google-quest-challenge__9f74747856c543728a41fbad7c6faf26,2,0.5,0.003635000000000055,0.5000000000000038,1.5,0.5
google-quest-challenge__af65cdfcccea47739bbbd7014fb7f5d6,cards_senior_0731.jsonl:8,google-quest-challenge,hard,2,0,0,True,0,False,False,full_oracle,240.3,12051.353250257991,0.019939669430472942,google-quest-challenge__9f74747856c543728a41fbad7c6faf26,1,1.0,0.0,0.0,1,1
kuzushiji-recognition__121ed223cdb04e059635cad9a797bd87,cards_senior_0806.jsonl:13,kuzushiji-recognition,easy,2,0,0,True,0,False,False,random,172.7,3921.0252232720377,0.04404460317546348,kuzushiji-recognition__181e0d660b9d488cbc03cfdf2e2dee1c|kuzushiji-recognition__d986962a7a4d47e0ad49cda82797dbe8,2,0.5,0.30362999999999996,0.5,1.5,0.5
kuzushiji-recognition__121ed223cdb04e059635cad9a797bd87,cards_senior_0806.jsonl:13,kuzushiji-recognition,easy,2,0,0,True,0,False,False,stdout_only,172.7,3921.0252232720377,0.04404460317546348,kuzushiji-recognition__181e0d660b9d488cbc03cfdf2e2dee1c|kuzushiji-recognition__d986962a7a4d47e0ad49cda82797dbe8,2,0.5,0.30362999999999996,0.5,1.5,0.5
kuzushiji-recognition__121ed223cdb04e059635cad9a797bd87,cards_senior_0806.jsonl:13,kuzushiji-recognition,easy,2,0,0,True,0,False,False,artifact_score_then_stdout,172.7,3921.0252232720377,0.04404460317546348,kuzushiji-recognition__181e0d660b9d488cbc03cfdf2e2dee1c|kuzushiji-recognition__d986962a7a4d47e0ad49cda82797dbe8,2,0.5,0.30362999999999996,0.5,1.5,0.5
kuzushiji-recognition__121ed223cdb04e059635cad9a797bd87,cards_senior_0806.jsonl:13,kuzushiji-recognition,easy,2,0,0,True,0,False,False,parent_certified_override,172.7,3921.0252232720377,0.04404460317546348,kuzushiji-recognition__181e0d660b9d488cbc03cfdf2e2dee1c|kuzushiji-recognition__d986962a7a4d47e0ad49cda82797dbe8,2,0.5,0.30362999999999996,0.5,1.5,0.5
kuzushiji-recognition__121ed223cdb04e059635cad9a797bd87,cards_senior_0806.jsonl:13,kuzushiji-recognition,easy,2,0,0,True,0,False,False,full_oracle,172.7,3921.0252232720377,0.04404460317546348,kuzushiji-recognition__181e0d660b9d488cbc03cfdf2e2dee1c,1,1.0,0.0,0.0,1,1
kuzushiji-recognition__4dd7be980ff84ddba2cf9058c2885427,cards_senior_0804.jsonl:10,kuzushiji-recognition,hard,2,0,0,True,0,False,False,random,240.4,4745.1295155209955,0.050662473851065176,kuzushiji-recognition__73e99f460e924a9e88321f1949932b3b|kuzushiji-recognition__9524d52febcd4295ad84c4af399e1324,2,0.5,0.004790000000000072,0.5000000000000058,1.5,1
kuzushiji-recognition__4dd7be980ff84ddba2cf9058c2885427,cards_senior_0804.jsonl:10,kuzushiji-recognition,hard,2,0,0,True,0,False,False,stdout_only,240.4,4745.1295155209955,0.050662473851065176,kuzushiji-recognition__73e99f460e924a9e88321f1949932b3b|kuzushiji-recognition__9524d52febcd4295ad84c4af399e1324,2,0.5,0.004790000000000072,0.5000000000000058,1.5,1
kuzushiji-recognition__4dd7be980ff84ddba2cf9058c2885427,cards_senior_0804.jsonl:10,kuzushiji-recognition,hard,2,0,0,True,0,False,False,artifact_score_then_stdout,240.4,4745.1295155209955,0.050662473851065176,kuzushiji-recognition__73e99f460e924a9e88321f1949932b3b|kuzushiji-recognition__9524d52febcd4295ad84c4af399e1324,2,0.5,0.004790000000000072,0.5000000000000058,1.5,1
kuzushiji-recognition__4dd7be980ff84ddba2cf9058c2885427,cards_senior_0804.jsonl:10,kuzushiji-recognition,hard,2,0,0,True,0,False,False,parent_certified_override,240.4,4745.1295155209955,0.050662473851065176,kuzushiji-recognition__73e99f460e924a9e88321f1949932b3b|kuzushiji-recognition__9524d52febcd4295ad84c4af399e1324,2,0.5,0.004790000000000072,0.5000000000000058,1.5,1
kuzushiji-recognition__4dd7be980ff84ddba2cf9058c2885427,cards_senior_0804.jsonl:10,kuzushiji-recognition,hard,2,0,0,True,0,False,False,full_oracle,240.4,4745.1295155209955,0.050662473851065176,kuzushiji-recognition__9524d52febcd4295ad84c4af399e1324,1,1.0,0.0,0.0,1,1
kuzushiji-recognition__ad92a6e36fda4465b4ac7e307e5a71cb,cards_senior_0806.jsonl:13,kuzushiji-recognition,easy,2,0,0,True,0,False,False,random,240.4,3844.2719122660346,0.06253459835474917,kuzushiji-recognition__182f4cda0713445da9215b141532d19c|kuzushiji-recognition__2f8ad4b6f65e4c7b8d9da78aec6a8d9a,2,0.5,0.011915000000000009,0.5,1.5,1
kuzushiji-recognition__ad92a6e36fda4465b4ac7e307e5a71cb,cards_senior_0806.jsonl:13,kuzushiji-recognition,easy,2,0,0,True,0,False,False,stdout_only,240.4,3844.2719122660346,0.06253459835474917,kuzushiji-recognition__182f4cda0713445da9215b141532d19c|kuzushiji-recognition__2f8ad4b6f65e4c7b8d9da78aec6a8d9a,2,0.5,0.011915000000000009,0.5,1.5,1
kuzushiji-recognition__ad92a6e36fda4465b4ac7e307e5a71cb,cards_senior_0806.jsonl:13,kuzushiji-recognition,easy,2,0,0,True,0,False,False,artifact_score_then_stdout,240.4,3844.2719122660346,0.06253459835474917,kuzushiji-recognition__182f4cda0713445da9215b141532d19c|kuzushiji-recognition__2f8ad4b6f65e4c7b8d9da78aec6a8d9a,2,0.5,0.011915000000000009,0.5,1.5,1
kuzushiji-recognition__ad92a6e36fda4465b4ac7e307e5a71cb,cards_senior_0806.jsonl:13,kuzushiji-recognition,easy,2,0,0,True,0,False,False,parent_certified_override,240.4,3844.2719122660346,0.06253459835474917,kuzushiji-recognition__182f4cda0713445da9215b141532d19c|kuzushiji-recognition__2f8ad4b6f65e4c7b8d9da78aec6a8d9a,2,0.5,0.011915000000000009,0.5,1.5,1
kuzushiji-recognition__ad92a6e36fda4465b4ac7e307e5a71cb,cards_senior_0806.jsonl:13,kuzushiji-recognition,easy,2,0,0,True,0,False,False,full_oracle,240.4,3844.2719122660346,0.06253459835474917,kuzushiji-recognition__2f8ad4b6f65e4c7b8d9da78aec6a8d9a,1,1.0,0.0,0.0,1,1
kuzushiji-recognition__eeaa6bfc07634ea58702ac333e168a6a,cards_senior_0804.jsonl:10,kuzushiji-recognition,easy,2,0,0,True,0,False,False,random,240.4,2680.9472773440066,0.08966979769858152,kuzushiji-recognition__4dd7be980ff84ddba2cf9058c2885427|kuzushiji-recognition__d6f23b0dbc6b4334a0ff06e695764651,2,0.5,0.10888500000000001,0.5,1.5,1
kuzushiji-recognition__eeaa6bfc07634ea58702ac333e168a6a,cards_senior_0804.jsonl:10,kuzushiji-recognition,easy,2,0,0,True,0,False,False,stdout_only,240.4,2680.9472773440066,0.08966979769858152,kuzushiji-recognition__4dd7be980ff84ddba2cf9058c2885427|kuzushiji-recognition__d6f23b0dbc6b4334a0ff06e695764651,2,0.5,0.10888500000000001,0.5,1.5,1
kuzushiji-recognition__eeaa6bfc07634ea58702ac333e168a6a,cards_senior_0804.jsonl:10,kuzushiji-recognition,easy,2,0,0,True,0,False,False,artifact_score_then_stdout,240.4,2680.9472773440066,0.08966979769858152,kuzushiji-recognition__4dd7be980ff84ddba2cf9058c2885427|kuzushiji-recognition__d6f23b0dbc6b4334a0ff06e695764651,2,0.5,0.10888500000000001,0.5,1.5,1
kuzushiji-recognition__eeaa6bfc07634ea58702ac333e168a6a,cards_senior_0804.jsonl:10,kuzushiji-recognition,easy,2,0,0,True,0,False,False,parent_certified_override,240.4,2680.9472773440066,0.08966979769858152,kuzushiji-recognition__4dd7be980ff84ddba2cf9058c2885427|kuzushiji-recognition__d6f23b0dbc6b4334a0ff06e695764651,2,0.5,0.10888500000000001,0.5,1.5,1
kuzushiji-recognition__eeaa6bfc07634ea58702ac333e168a6a,cards_senior_0804.jsonl:10,kuzushiji-recognition,easy,2,0,0,True,0,False,False,full_oracle,240.4,2680.9472773440066,0.08966979769858152,kuzushiji-recognition__4dd7be980ff84ddba2cf9058c2885427,1,1.0,0.0,0.0,1,1
leaf-classification__239c7e7b1c754e3c964e2a79deca5005,cards_senior_0808.jsonl:34,leaf-classification,hard,3,3,3,True,0,False,False,random,107.4,176.68188110366464,0.6078721786813281,leaf-classification__057eea44bbc44c398d28cb637cf4dc58|leaf-classification__73e11f5203254134a921f4cb4cf0f43f|leaf-classification__d7f05a7d1c444f3b83fc5cb5e0070510,3,0.3333333333333333,4.026073333333334,0.3333716988094834,2,0
leaf-classification__239c7e7b1c754e3c964e2a79deca5005,cards_senior_0808.jsonl:34,leaf-classification,hard,3,3,3,True,0,False,False,stdout_only,107.4,176.68188110366464,0.6078721786813281,leaf-classification__057eea44bbc44c398d28cb637cf4dc58,1,0.0,12.07683,1.0,3,0
leaf-classification__239c7e7b1c754e3c964e2a79deca5005,cards_senior_0808.jsonl:34,leaf-classification,hard,3,3,3,True,0,False,False,artifact_score_then_stdout,107.4,176.68188110366464,0.6078721786813281,leaf-classification__73e11f5203254134a921f4cb4cf0f43f,1,1.0,0.0,0.0,1,0
leaf-classification__239c7e7b1c754e3c964e2a79deca5005,cards_senior_0808.jsonl:34,leaf-classification,hard,3,3,3,True,0,False,False,parent_certified_override,107.4,176.68188110366464,0.6078721786813281,leaf-classification__057eea44bbc44c398d28cb637cf4dc58,1,0.0,12.07683,1.0,3,0
leaf-classification__239c7e7b1c754e3c964e2a79deca5005,cards_senior_0808.jsonl:34,leaf-classification,hard,3,3,3,True,0,False,False,full_oracle,107.4,176.68188110366464,0.6078721786813281,leaf-classification__73e11f5203254134a921f4cb4cf0f43f,1,1.0,0.0,0.0,1,0
leaf-classification__3c164f72f3244432b38a52ea18357921,cards_senior_0808.jsonl:34,leaf-classification,hard,3,3,3,True,3,True,True,random,106.6,168.19164774939418,0.6338007946674865,leaf-classification__0012a07f48b648679734623e5e3acbee|leaf-classification__156c3f5007194dec993c6183a80af50f|leaf-classification__6a0fb84e84c54521889bbf92076512f0,3,0.6666666666666666,0.0005299999999999992,0.3333333333333333,1.3333333333333333,1
leaf-classification__3c164f72f3244432b38a52ea18357921,cards_senior_0808.jsonl:34,leaf-classification,hard,3,3,3,True,3,True,True,stdout_only,106.6,168.19164774939418,0.6338007946674865,leaf-classification__0012a07f48b648679734623e5e3acbee,1,1.0,0.0,0.0,1,1
leaf-classification__3c164f72f3244432b38a52ea18357921,cards_senior_0808.jsonl:34,leaf-classification,hard,3,3,3,True,3,True,True,artifact_score_then_stdout,106.6,168.19164774939418,0.6338007946674865,leaf-classification__0012a07f48b648679734623e5e3acbee|leaf-classification__156c3f5007194dec993c6183a80af50f,2,1.0,0.0,0.0,1,1
leaf-classification__3c164f72f3244432b38a52ea18357921,cards_senior_0808.jsonl:34,leaf-classification,hard,3,3,3,True,3,True,True,parent_certified_override,106.6,168.19164774939418,0.6338007946674865,leaf-classification__0012a07f48b648679734623e5e3acbee|leaf-classification__156c3f5007194dec993c6183a80af50f,2,1.0,0.0,0.0,1,1
leaf-classification__3c164f72f3244432b38a52ea18357921,cards_senior_0808.jsonl:34,leaf-classification,hard,3,3,3,True,3,True,True,full_oracle,106.6,168.19164774939418,0.6338007946674865,leaf-classification__0012a07f48b648679734623e5e3acbee|leaf-classification__156c3f5007194dec993c6183a80af50f,2,1.0,0.0,0.0,1,1
leaf-classification__6ab44b6035424b84aa5f92009d7da965,cards_senior_0808.jsonl:34,leaf-classification,easy,2,2,1,True,1,True,True,random,160.9,192.05969121307135,0.8377603805553205,leaf-classification__991d5e2597c6435aa1d658f2f46639f1|leaf-classification__ee501d742baa4e5eb3737e1746896c43,2,0.5,0.02407999999999999,0.5,1.5,0.5
leaf-classification__6ab44b6035424b84aa5f92009d7da965,cards_senior_0808.jsonl:34,leaf-classification,easy,2,2,1,True,1,True,True,stdout_only,160.9,192.05969121307135,0.8377603805553205,leaf-classification__ee501d742baa4e5eb3737e1746896c43,1,0.0,0.04815999999999998,1.0,2,0
leaf-classification__6ab44b6035424b84aa5f92009d7da965,cards_senior_0808.jsonl:34,leaf-classification,easy,2,2,1,True,1,True,True,artifact_score_then_stdout,160.9,192.05969121307135,0.8377603805553205,leaf-classification__991d5e2597c6435aa1d658f2f46639f1,1,1.0,0.0,0.0,1,1
leaf-classification__6ab44b6035424b84aa5f92009d7da965,cards_senior_0808.jsonl:34,leaf-classification,easy,2,2,1,True,1,True,True,parent_certified_override,160.9,192.05969121307135,0.8377603805553205,leaf-classification__991d5e2597c6435aa1d658f2f46639f1,1,1.0,0.0,0.0,1,1
leaf-classification__6ab44b6035424b84aa5f92009d7da965,cards_senior_0808.jsonl:34,leaf-classification,easy,2,2,1,True,1,True,True,full_oracle,160.9,192.05969121307135,0.8377603805553205,leaf-classification__991d5e2597c6435aa1d658f2f46639f1,1,1.0,0.0,0.0,1,1
leaf-classification__abd955fe1fad4d7a9b4bac2c62a6b1ae,cards_senior_0808.jsonl:34,leaf-classification,easy,2,2,0,True,0,False,False,random,44.3,50.29974092915654,0.8807202419271556,leaf-classification__494524617b54420f82384eeeca1bb3f8|leaf-classification__eed56a4de8c846d199c496cea22662c6,2,0.5,0.017565000000000004,0.5000000000000001,1.5,0
leaf-classification__abd955fe1fad4d7a9b4bac2c62a6b1ae,cards_senior_0808.jsonl:34,leaf-classification,easy,2,2,0,True,0,False,False,stdout_only,44.3,50.29974092915654,0.8807202419271556,leaf-classification__494524617b54420f82384eeeca1bb3f8|leaf-classification__eed56a4de8c846d199c496cea22662c6,2,0.5,0.017565000000000004,0.5000000000000001,1.5,0
leaf-classification__abd955fe1fad4d7a9b4bac2c62a6b1ae,cards_senior_0808.jsonl:34,leaf-classification,easy,2,2,0,True,0,False,False,artifact_score_then_stdout,44.3,50.29974092915654,0.8807202419271556,leaf-classification__494524617b54420f82384eeeca1bb3f8,1,1.0,0.0,0.0,1,0
leaf-classification__abd955fe1fad4d7a9b4bac2c62a6b1ae,cards_senior_0808.jsonl:34,leaf-classification,easy,2,2,0,True,0,False,False,parent_certified_override,44.3,50.29974092915654,0.8807202419271556,leaf-classification__494524617b54420f82384eeeca1bb3f8|leaf-classification__eed56a4de8c846d199c496cea22662c6,2,0.5,0.017565000000000004,0.5000000000000001,1.5,0
leaf-classification__abd955fe1fad4d7a9b4bac2c62a6b1ae,cards_senior_0808.jsonl:34,leaf-classification,easy,2,2,0,True,0,False,False,full_oracle,44.3,50.29974092915654,0.8807202419271556,leaf-classification__494524617b54420f82384eeeca1bb3f8,1,1.0,0.0,0.0,1,0
leaf-classification__f0411bcb7c8d46b38b6395c0a137f9fd,cards_senior_0808.jsonl:34,leaf-classification,hard,3,3,2,True,3,True,True,random,148.7,320.5955135989934,0.4638243321957293,leaf-classification__60b488f9620146388be7609e453aee44|leaf-classification__b98b686b95184ee98e13a7e8b7ed4368|leaf-classification__dd2c3d9b946e4ada942d99bcabfe7d98,3,0.3333333333333333,4.005413333333333,0.33356401422504406,2,1
leaf-classification__f0411bcb7c8d46b38b6395c0a137f9fd,cards_senior_0808.jsonl:34,leaf-classification,hard,3,3,2,True,3,True,True,stdout_only,148.7,320.5955135989934,0.4638243321957293,leaf-classification__60b488f9620146388be7609e453aee44,1,1.0,0.0,0.0,1,1
leaf-classification__f0411bcb7c8d46b38b6395c0a137f9fd,cards_senior_0808.jsonl:34,leaf-classification,hard,3,3,2,True,3,True,True,artifact_score_then_stdout,148.7,320.5955135989934,0.4638243321957293,leaf-classification__60b488f9620146388be7609e453aee44,1,1.0,0.0,0.0,1,1
leaf-classification__f0411bcb7c8d46b38b6395c0a137f9fd,cards_senior_0808.jsonl:34,leaf-classification,hard,3,3,2,True,3,True,True,parent_certified_override,148.7,320.5955135989934,0.4638243321957293,leaf-classification__60b488f9620146388be7609e453aee44,1,1.0,0.0,0.0,1,1
leaf-classification__f0411bcb7c8d46b38b6395c0a137f9fd,cards_senior_0808.jsonl:34,leaf-classification,hard,3,3,2,True,3,True,True,full_oracle,148.7,320.5955135989934,0.4638243321957293,leaf-classification__60b488f9620146388be7609e453aee44,1,1.0,0.0,0.0,1,1
leaf-classification__fc1a4fb5b3cd4cedafd1b81e84071adf,cards_senior_0808.jsonl:33,leaf-classification,easy,2,1,2,True,1,True,True,random,134.0,1580.8765425961465,0.08476310223437346,leaf-classification__04ab1a90eab841ddb77c99d84c5e1463|leaf-classification__8d613d315033481d990dc9c0af53620a,2,0.5,0.221175,0.4999999999999999,1.5,0.5
leaf-classification__fc1a4fb5b3cd4cedafd1b81e84071adf,cards_senior_0808.jsonl:33,leaf-classification,easy,2,1,2,True,1,True,True,stdout_only,134.0,1580.8765425961465,0.08476310223437346,leaf-classification__8d613d315033481d990dc9c0af53620a,1,1.0,0.0,0.0,1,1
leaf-classification__fc1a4fb5b3cd4cedafd1b81e84071adf,cards_senior_0808.jsonl:33,leaf-classification,easy,2,1,2,True,1,True,True,artifact_score_then_stdout,134.0,1580.8765425961465,0.08476310223437346,leaf-classification__8d613d315033481d990dc9c0af53620a,1,1.0,0.0,0.0,1,1
leaf-classification__fc1a4fb5b3cd4cedafd1b81e84071adf,cards_senior_0808.jsonl:33,leaf-classification,easy,2,1,2,True,1,True,True,parent_certified_override,134.0,1580.8765425961465,0.08476310223437346,leaf-classification__8d613d315033481d990dc9c0af53620a,1,1.0,0.0,0.0,1,1
leaf-classification__fc1a4fb5b3cd4cedafd1b81e84071adf,cards_senior_0808.jsonl:33,leaf-classification,easy,2,1,2,True,1,True,True,full_oracle,134.0,1580.8765425961465,0.08476310223437346,leaf-classification__8d613d315033481d990dc9c0af53620a,1,1.0,0.0,0.0,1,1
learning-agency-lab-automated-essay-scoring-2__507578e20ae54b25bdde6dc425eafa7d,cards_senior_0803.jsonl:3,learning-agency-lab-automated-essay-scoring-2,easy,2,0,0,True,0,False,False,random,61.7,5880.804950714111,0.010491760994812065,learning-agency-lab-automated-essay-scoring-2__70e2d9903c9a4c9cbeb84d1deb7775c2|learning-agency-lab-automated-essay-scoring-2__ec12b99e12db4b4fa87adb2a6ce1a191,2,0.5,0.006610000000000005,0.5,1.5,0.5
learning-agency-lab-automated-essay-scoring-2__507578e20ae54b25bdde6dc425eafa7d,cards_senior_0803.jsonl:3,learning-agency-lab-automated-essay-scoring-2,easy,2,0,0,True,0,False,False,stdout_only,61.7,5880.804950714111,0.010491760994812065,learning-agency-lab-automated-essay-scoring-2__70e2d9903c9a4c9cbeb84d1deb7775c2|learning-agency-lab-automated-essay-scoring-2__ec12b99e12db4b4fa87adb2a6ce1a191,2,0.5,0.006610000000000005,0.5,1.5,0.5
learning-agency-lab-automated-essay-scoring-2__507578e20ae54b25bdde6dc425eafa7d,cards_senior_0803.jsonl:3,learning-agency-lab-automated-essay-scoring-2,easy,2,0,0,True,0,False,False,artifact_score_then_stdout,61.7,5880.804950714111,0.010491760994812065,learning-agency-lab-automated-essay-scoring-2__70e2d9903c9a4c9cbeb84d1deb7775c2|learning-agency-lab-automated-essay-scoring-2__ec12b99e12db4b4fa87adb2a6ce1a191,2,0.5,0.006610000000000005,0.5,1.5,0.5
learning-agency-lab-automated-essay-scoring-2__507578e20ae54b25bdde6dc425eafa7d,cards_senior_0803.jsonl:3,learning-agency-lab-automated-essay-scoring-2,easy,2,0,0,True,0,False,False,parent_certified_override,61.7,5880.804950714111,0.010491760994812065,learning-agency-lab-automated-essay-scoring-2__70e2d9903c9a4c9cbeb84d1deb7775c2|learning-agency-lab-automated-essay-scoring-2__ec12b99e12db4b4fa87adb2a6ce1a191,2,0.5,0.006610000000000005,0.5,1.5,0.5
learning-agency-lab-automated-essay-scoring-2__507578e20ae54b25bdde6dc425eafa7d,cards_senior_0803.jsonl:3,learning-agency-lab-automated-essay-scoring-2,easy,2,0,0,True,0,False,False,full_oracle,61.7,5880.804950714111,0.010491760994812065,learning-agency-lab-automated-essay-scoring-2__ec12b99e12db4b4fa87adb2a6ce1a191,1,1.0,0.0,0.0,1,1
learning-agency-lab-automated-essay-scoring-2__77aac523f90d4cf5afe2eaa03733a189,cards_senior_0803.jsonl:6,learning-agency-lab-automated-essay-scoring-2,hard,2,0,2,True,0,False,False,random,240.2,2207.980604171753,0.10878718750797299,learning-agency-lab-automated-essay-scoring-2__2fd4cc3940ce4d0fb1c213b397104657|learning-agency-lab-automated-essay-scoring-2__ba54479d2a1e448e80aa38d85d4d6470,2,0.5,0.0018500000000000183,0.500000000000015,1.5,1
learning-agency-lab-automated-essay-scoring-2__77aac523f90d4cf5afe2eaa03733a189,cards_senior_0803.jsonl:6,learning-agency-lab-automated-essay-scoring-2,hard,2,0,2,True,0,False,False,stdout_only,240.2,2207.980604171753,0.10878718750797299,learning-agency-lab-automated-essay-scoring-2__2fd4cc3940ce4d0fb1c213b397104657,1,1.0,0.0,0.0,1,1
learning-agency-lab-automated-essay-scoring-2__77aac523f90d4cf5afe2eaa03733a189,cards_senior_0803.jsonl:6,learning-agency-lab-automated-essay-scoring-2,hard,2,0,2,True,0,False,False,artifact_score_then_stdout,240.2,2207.980604171753,0.10878718750797299,learning-agency-lab-automated-essay-scoring-2__2fd4cc3940ce4d0fb1c213b397104657,1,1.0,0.0,0.0,1,1
learning-agency-lab-automated-essay-scoring-2__77aac523f90d4cf5afe2eaa03733a189,cards_senior_0803.jsonl:6,learning-agency-lab-automated-essay-scoring-2,hard,2,0,2,True,0,False,False,parent_certified_override,240.2,2207.980604171753,0.10878718750797299,learning-agency-lab-automated-essay-scoring-2__2fd4cc3940ce4d0fb1c213b397104657,1,1.0,0.0,0.0,1,1
learning-agency-lab-automated-essay-scoring-2__77aac523f90d4cf5afe2eaa03733a189,cards_senior_0803.jsonl:6,learning-agency-lab-automated-essay-scoring-2,hard,2,0,2,True,0,False,False,full_oracle,240.2,2207.980604171753,0.10878718750797299,learning-agency-lab-automated-essay-scoring-2__2fd4cc3940ce4d0fb1c213b397104657,1,1.0,0.0,0.0,1,1
learning-agency-lab-automated-essay-scoring-2__bfdd0bd143fd4cb4ab9357441b7b4d6f,cards_senior_0808.jsonl:8,learning-agency-lab-automated-essay-scoring-2,easy,2,0,0,False,0,False,False,random,137.4,5939.8168885707855,0.023132026218582746,learning-agency-lab-automated-essay-scoring-2__582b2c4449b042abbd35afa7f0161ae7|learning-agency-lab-automated-essay-scoring-2__6e8d2b60f702410b9ce09b32bd3a5b2d,2,0.5,0.54453,0.5,1.5,
learning-agency-lab-automated-essay-scoring-2__bfdd0bd143fd4cb4ab9357441b7b4d6f,cards_senior_0808.jsonl:8,learning-agency-lab-automated-essay-scoring-2,easy,2,0,0,False,0,False,False,stdout_only,137.4,5939.8168885707855,0.023132026218582746,learning-agency-lab-automated-essay-scoring-2__582b2c4449b042abbd35afa7f0161ae7|learning-agency-lab-automated-essay-scoring-2__6e8d2b60f702410b9ce09b32bd3a5b2d,2,0.5,0.54453,0.5,1.5,
learning-agency-lab-automated-essay-scoring-2__bfdd0bd143fd4cb4ab9357441b7b4d6f,cards_senior_0808.jsonl:8,learning-agency-lab-automated-essay-scoring-2,easy,2,0,0,False,0,False,False,artifact_score_then_stdout,137.4,5939.8168885707855,0.023132026218582746,learning-agency-lab-automated-essay-scoring-2__582b2c4449b042abbd35afa7f0161ae7|learning-agency-lab-automated-essay-scoring-2__6e8d2b60f702410b9ce09b32bd3a5b2d,2,0.5,0.54453,0.5,1.5,
learning-agency-lab-automated-essay-scoring-2__bfdd0bd143fd4cb4ab9357441b7b4d6f,cards_senior_0808.jsonl:8,learning-agency-lab-automated-essay-scoring-2,easy,2,0,0,False,0,False,False,parent_certified_override,137.4,5939.8168885707855,0.023132026218582746,learning-agency-lab-automated-essay-scoring-2__582b2c4449b042abbd35afa7f0161ae7|learning-agency-lab-automated-essay-scoring-2__6e8d2b60f702410b9ce09b32bd3a5b2d,2,0.5,0.54453,0.5,1.5,
learning-agency-lab-automated-essay-scoring-2__bfdd0bd143fd4cb4ab9357441b7b4d6f,cards_senior_0808.jsonl:8,learning-agency-lab-automated-essay-scoring-2,easy,2,0,0,False,0,False,False,full_oracle,137.4,5939.8168885707855,0.023132026218582746,learning-agency-lab-automated-essay-scoring-2__582b2c4449b042abbd35afa7f0161ae7,1,1.0,0.0,0.0,1,
learning-agency-lab-automated-essay-scoring-2__d7d7b2c80bc34005a0fec4fc67053498,cards_senior_0803.jsonl:3,learning-agency-lab-automated-essay-scoring-2,hard,3,2,1,False,0,False,False,random,168.3,5250.388808488846,0.03205476892071155,learning-agency-lab-automated-essay-scoring-2__507578e20ae54b25bdde6dc425eafa7d|learning-agency-lab-automated-essay-scoring-2__5ea8aa0cafac46408fa42d1c3e30d058|learning-agency-lab-automated-essay-scoring-2__e98c27a1655f4bbda2fc621ba07c232c,3,0.3333333333333333,0.009013333333333318,0.4856321839080446,2,
learning-agency-lab-automated-essay-scoring-2__d7d7b2c80bc34005a0fec4fc67053498,cards_senior_0803.jsonl:3,learning-agency-lab-automated-essay-scoring-2,hard,3,2,1,False,0,False,False,stdout_only,168.3,5250.388808488846,0.03205476892071155,learning-agency-lab-automated-essay-scoring-2__5ea8aa0cafac46408fa42d1c3e30d058,1,0.0,0.01856000000000002,1.0,3,
learning-agency-lab-automated-essay-scoring-2__d7d7b2c80bc34005a0fec4fc67053498,cards_senior_0803.jsonl:3,learning-agency-lab-automated-essay-scoring-2,hard,3,2,1,False,0,False,False,artifact_score_then_stdout,168.3,5250.388808488846,0.03205476892071155,learning-agency-lab-automated-essay-scoring-2__e98c27a1655f4bbda2fc621ba07c232c,1,1.0,0.0,0.0,1,
learning-agency-lab-automated-essay-scoring-2__d7d7b2c80bc34005a0fec4fc67053498,cards_senior_0803.jsonl:3,learning-agency-lab-automated-essay-scoring-2,hard,3,2,1,False,0,False,False,parent_certified_override,168.3,5250.388808488846,0.03205476892071155,learning-agency-lab-automated-essay-scoring-2__5ea8aa0cafac46408fa42d1c3e30d058,1,0.0,0.01856000000000002,1.0,3,
learning-agency-lab-automated-essay-scoring-2__d7d7b2c80bc34005a0fec4fc67053498,cards_senior_0803.jsonl:3,learning-agency-lab-automated-essay-scoring-2,hard,3,2,1,False,0,False,False,full_oracle,168.3,5250.388808488846,0.03205476892071155,learning-agency-lab-automated-essay-scoring-2__e98c27a1655f4bbda2fc621ba07c232c,1,1.0,0.0,0.0,1,
learning-agency-lab-automated-essay-scoring-2__dcadeabb3745444b84238b4e3b4bf557,cards_senior_0803.jsonl:6,learning-agency-lab-automated-essay-scoring-2,hard,2,0,1,False,0,False,False,random,146.0,2061.1014482975006,0.07083591160473837,learning-agency-lab-automated-essay-scoring-2__71b7798f122449e7bcd5933fe6c9d375|learning-agency-lab-automated-essay-scoring-2__77aac523f90d4cf5afe2eaa03733a189,2,0.5,0.0009850000000000136,0.5,1.5,
learning-agency-lab-automated-essay-scoring-2__dcadeabb3745444b84238b4e3b4bf557,cards_senior_0803.jsonl:6,learning-agency-lab-automated-essay-scoring-2,hard,2,0,1,False,0,False,False,stdout_only,146.0,2061.1014482975006,0.07083591160473837,learning-agency-lab-automated-essay-scoring-2__77aac523f90d4cf5afe2eaa03733a189,1,0.0,0.0019700000000000273,1.0,2,
learning-agency-lab-automated-essay-scoring-2__dcadeabb3745444b84238b4e3b4bf557,cards_senior_0803.jsonl:6,learning-agency-lab-automated-essay-scoring-2,hard,2,0,1,False,0,False,False,artifact_score_then_stdout,146.0,2061.1014482975006,0.07083591160473837,learning-agency-lab-automated-essay-scoring-2__77aac523f90d4cf5afe2eaa03733a189,1,0.0,0.0019700000000000273,1.0,2,
learning-agency-lab-automated-essay-scoring-2__dcadeabb3745444b84238b4e3b4bf557,cards_senior_0803.jsonl:6,learning-agency-lab-automated-essay-scoring-2,hard,2,0,1,False,0,False,False,parent_certified_override,146.0,2061.1014482975006,0.07083591160473837,learning-agency-lab-automated-essay-scoring-2__77aac523f90d4cf5afe2eaa03733a189,1,0.0,0.0019700000000000273,1.0,2,
learning-agency-lab-automated-essay-scoring-2__dcadeabb3745444b84238b4e3b4bf557,cards_senior_0803.jsonl:6,learning-agency-lab-automated-essay-scoring-2,hard,2,0,1,False,0,False,False,full_oracle,146.0,2061.1014482975006,0.07083591160473837,learning-agency-lab-automated-essay-scoring-2__71b7798f122449e7bcd5933fe6c9d375,1,1.0,0.0,0.0,1,
learning-agency-lab-automated-essay-scoring-2__e98c27a1655f4bbda2fc621ba07c232c,cards_senior_0803.jsonl:3,learning-agency-lab-automated-essay-scoring-2,easy,2,2,0,True,0,False,False,random,204.0,6523.93625330925,0.03126946556176442,learning-agency-lab-automated-essay-scoring-2__50c87d8406ad4f17aa7b023c05d6a44c|learning-agency-lab-automated-essay-scoring-2__ca6e4102a52745a388d5d1e6a5630a60,2,0.5,0.015060000000000073,0.5000000000000019,1.5,0.5
learning-agency-lab-automated-essay-scoring-2__e98c27a1655f4bbda2fc621ba07c232c,cards_senior_0803.jsonl:3,learning-agency-lab-automated-essay-scoring-2,easy,2,2,0,True,0,False,False,stdout_only,204.0,6523.93625330925,0.03126946556176442,learning-agency-lab-automated-essay-scoring-2__50c87d8406ad4f17aa7b023c05d6a44c|learning-agency-lab-automated-essay-scoring-2__ca6e4102a52745a388d5d1e6a5630a60,2,0.5,0.015060000000000073,0.5000000000000019,1.5,0.5
learning-agency-lab-automated-essay-scoring-2__e98c27a1655f4bbda2fc621ba07c232c,cards_senior_0803.jsonl:3,learning-agency-lab-automated-essay-scoring-2,easy,2,2,0,True,0,False,False,artifact_score_then_stdout,204.0,6523.93625330925,0.03126946556176442,learning-agency-lab-automated-essay-scoring-2__50c87d8406ad4f17aa7b023c05d6a44c,1,0.0,0.030120000000000036,1.0,2,0
learning-agency-lab-automated-essay-scoring-2__e98c27a1655f4bbda2fc621ba07c232c,cards_senior_0803.jsonl:3,learning-agency-lab-automated-essay-scoring-2,easy,2,2,0,True,0,False,False,parent_certified_override,204.0,6523.93625330925,0.03126946556176442,learning-agency-lab-automated-essay-scoring-2__50c87d8406ad4f17aa7b023c05d6a44c|learning-agency-lab-automated-essay-scoring-2__ca6e4102a52745a388d5d1e6a5630a60,2,0.5,0.015060000000000073,0.5000000000000019,1.5,0.5
learning-agency-lab-automated-essay-scoring-2__e98c27a1655f4bbda2fc621ba07c232c,cards_senior_0803.jsonl:3,learning-agency-lab-automated-essay-scoring-2,easy,2,2,0,True,0,False,False,full_oracle,204.0,6523.93625330925,0.03126946556176442,learning-agency-lab-automated-essay-scoring-2__ca6e4102a52745a388d5d1e6a5630a60,1,1.0,0.0,0.0,1,1
mlsp-2013-birds__2d82d79adb47473e907e8f34ad15cdb2,cards_senior_0802.jsonl:4,mlsp-2013-birds,hard,5,2,5,True,2,True,True,random,514.6,2852.5744729042053,0.18039844529495697,mlsp-2013-birds__2d983a9212234554a59cec88a93e6e0b|mlsp-2013-birds__908d280fda604c43bb7a5e87420e46c3|mlsp-2013-birds__9ccfc1b22cde40db8fc67b8081d0293b|mlsp-2013-birds__9d6111ad09d84e7aa563821c26dd77b2|mlsp-2013-birds__ed8784a6a4c44472a644dcb7a4360f3b,5,0.2,0.0036280000000000756,0.38432203389831293,3,0.6
mlsp-2013-birds__2d82d79adb47473e907e8f34ad15cdb2,cards_senior_0802.jsonl:4,mlsp-2013-birds,hard,5,2,5,True,2,True,True,stdout_only,514.6,2852.5744729042053,0.18039844529495697,mlsp-2013-birds__9ccfc1b22cde40db8fc67b8081d0293b,1,0.0,0.0007200000000000539,0.07627118644068365,2,1
mlsp-2013-birds__2d82d79adb47473e907e8f34ad15cdb2,cards_senior_0802.jsonl:4,mlsp-2013-birds,hard,5,2,5,True,2,True,True,artifact_score_then_stdout,514.6,2852.5744729042053,0.18039844529495697,mlsp-2013-birds__2d983a9212234554a59cec88a93e6e0b,1,0.0,0.009440000000000004,1.0,5,0
mlsp-2013-birds__2d82d79adb47473e907e8f34ad15cdb2,cards_senior_0802.jsonl:4,mlsp-2013-birds,hard,5,2,5,True,2,True,True,parent_certified_override,514.6,2852.5744729042053,0.18039844529495697,mlsp-2013-birds__2d983a9212234554a59cec88a93e6e0b,1,0.0,0.009440000000000004,1.0,5,0
mlsp-2013-birds__2d82d79adb47473e907e8f34ad15cdb2,cards_senior_0802.jsonl:4,mlsp-2013-birds,hard,5,2,5,True,2,True,True,full_oracle,514.6,2852.5744729042053,0.18039844529495697,mlsp-2013-birds__9d6111ad09d84e7aa563821c26dd77b2,1,1.0,0.0,0.0,1,1
mlsp-2013-birds__35246c86f5b347e18d24e0558af31250,cards_senior_0802.jsonl:4,mlsp-2013-birds,hard,2,2,2,True,2,True,True,random,192.1,338.68961238861084,0.5671859808312791,mlsp-2013-birds__14b366b28c65451f963287bb1c29baaf|mlsp-2013-birds__71bf705af9984d7b8bf7216cee3e9106,2,0.5,0.0010350000000000081,0.5,1.5,0.5
mlsp-2013-birds__35246c86f5b347e18d24e0558af31250,cards_senior_0802.jsonl:4,mlsp-2013-birds,hard,2,2,2,True,2,True,True,stdout_only,192.1,338.68961238861084,0.5671859808312791,mlsp-2013-birds__71bf705af9984d7b8bf7216cee3e9106,1,0.0,0.0020700000000000163,1.0,2,0
mlsp-2013-birds__35246c86f5b347e18d24e0558af31250,cards_senior_0802.jsonl:4,mlsp-2013-birds,hard,2,2,2,True,2,True,True,artifact_score_then_stdout,192.1,338.68961238861084,0.5671859808312791,mlsp-2013-birds__71bf705af9984d7b8bf7216cee3e9106,1,0.0,0.0020700000000000163,1.0,2,0
mlsp-2013-birds__35246c86f5b347e18d24e0558af31250,cards_senior_0802.jsonl:4,mlsp-2013-birds,hard,2,2,2,True,2,True,True,parent_certified_override,192.1,338.68961238861084,0.5671859808312791,mlsp-2013-birds__71bf705af9984d7b8bf7216cee3e9106,1,0.0,0.0020700000000000163,1.0,2,0
mlsp-2013-birds__35246c86f5b347e18d24e0558af31250,cards_senior_0802.jsonl:4,mlsp-2013-birds,hard,2,2,2,True,2,True,True,full_oracle,192.1,338.68961238861084,0.5671859808312791,mlsp-2013-birds__14b366b28c65451f963287bb1c29baaf,1,1.0,0.0,0.0,1,1
mlsp-2013-birds__5c488535319e494c9944773f9016d969,cards_senior_0726.jsonl:10,mlsp-2013-birds,easy,2,2,2,True,1,True,True,random,54.3,45.32421028614044,1.1980352146721074,mlsp-2013-birds__ea104eef9b0c40dbbe70f756d236f0da|mlsp-2013-birds__f570cce01e6f4fc591ead51fb7dea6ae,2,0.5,0.02687000000000006,0.500000000000001,1.5,0.5
mlsp-2013-birds__5c488535319e494c9944773f9016d969,cards_senior_0726.jsonl:10,mlsp-2013-birds,easy,2,2,2,True,1,True,True,stdout_only,54.3,45.32421028614044,1.1980352146721074,mlsp-2013-birds__f570cce01e6f4fc591ead51fb7dea6ae,1,1.0,0.0,0.0,1,1
mlsp-2013-birds__5c488535319e494c9944773f9016d969,cards_senior_0726.jsonl:10,mlsp-2013-birds,easy,2,2,2,True,1,True,True,artifact_score_then_stdout,54.3,45.32421028614044,1.1980352146721074,mlsp-2013-birds__f570cce01e6f4fc591ead51fb7dea6ae,1,1.0,0.0,0.0,1,1
mlsp-2013-birds__5c488535319e494c9944773f9016d969,cards_senior_0726.jsonl:10,mlsp-2013-birds,easy,2,2,2,True,1,True,True,parent_certified_override,54.3,45.32421028614044,1.1980352146721074,mlsp-2013-birds__f570cce01e6f4fc591ead51fb7dea6ae,1,1.0,0.0,0.0,1,1
mlsp-2013-birds__5c488535319e494c9944773f9016d969,cards_senior_0726.jsonl:10,mlsp-2013-birds,easy,2,2,2,True,1,True,True,full_oracle,54.3,45.32421028614044,1.1980352146721074,mlsp-2013-birds__f570cce01e6f4fc591ead51fb7dea6ae,1,1.0,0.0,0.0,1,1
mlsp-2013-birds__90f132b316fa4cf98cf1e5efee710b89,cards_senior_0728.jsonl:18,mlsp-2013-birds,easy,3,0,3,True,0,False,False,random,360.4,2627.1813948079944,0.13718123945009877,mlsp-2013-birds__83676ff46373471d9a13d595e5dfabd9|mlsp-2013-birds__88f03e044884470daa459768f08242d1|mlsp-2013-birds__d8afa823f0a64069bb2ff77d64afd36d,3,0.3333333333333333,0.027229999999999976,0.6614039349040551,2,0.3333333333333333
mlsp-2013-birds__90f132b316fa4cf98cf1e5efee710b89,cards_senior_0728.jsonl:18,mlsp-2013-birds,easy,3,0,3,True,0,False,False,stdout_only,360.4,2627.1813948079944,0.13718123945009877,mlsp-2013-birds__83676ff46373471d9a13d595e5dfabd9,1,0.0,0.04117000000000004,1.0,3,0
mlsp-2013-birds__90f132b316fa4cf98cf1e5efee710b89,cards_senior_0728.jsonl:18,mlsp-2013-birds,easy,3,0,3,True,0,False,False,artifact_score_then_stdout,360.4,2627.1813948079944,0.13718123945009877,mlsp-2013-birds__83676ff46373471d9a13d595e5dfabd9,1,0.0,0.04117000000000004,1.0,3,0
mlsp-2013-birds__90f132b316fa4cf98cf1e5efee710b89,cards_senior_0728.jsonl:18,mlsp-2013-birds,easy,3,0,3,True,0,False,False,parent_certified_override,360.4,2627.1813948079944,0.13718123945009877,mlsp-2013-birds__83676ff46373471d9a13d595e5dfabd9,1,0.0,0.04117000000000004,1.0,3,0
mlsp-2013-birds__90f132b316fa4cf98cf1e5efee710b89,cards_senior_0728.jsonl:18,mlsp-2013-birds,easy,3,0,3,True,0,False,False,full_oracle,360.4,2627.1813948079944,0.13718123945009877,mlsp-2013-birds__d8afa823f0a64069bb2ff77d64afd36d,1,1.0,0.0,0.0,1,1
mlsp-2013-birds__c5870d4b8b5442098b53fb4804d68bf5,cards_senior_0802.jsonl:4,mlsp-2013-birds,easy,3,2,3,True,2,True,True,random,229.4,3161.371691942215,0.07256343839122131,mlsp-2013-birds__3fbdbce65f5d48f6ada1b1d94fe1e6e4|mlsp-2013-birds__b058311fdf0247009ea12d70a6ae6e27|mlsp-2013-birds__de69913224174ab1ad9e79cb410ca078,3,0.3333333333333333,0.017589999999999995,0.5847739361702127,2,1
mlsp-2013-birds__c5870d4b8b5442098b53fb4804d68bf5,cards_senior_0802.jsonl:4,mlsp-2013-birds,easy,3,2,3,True,2,True,True,stdout_only,229.4,3161.371691942215,0.07256343839122131,mlsp-2013-birds__b058311fdf0247009ea12d70a6ae6e27,1,0.0,0.030079999999999996,1.0,3,1
mlsp-2013-birds__c5870d4b8b5442098b53fb4804d68bf5,cards_senior_0802.jsonl:4,mlsp-2013-birds,easy,3,2,3,True,2,True,True,artifact_score_then_stdout,229.4,3161.371691942215,0.07256343839122131,mlsp-2013-birds__de69913224174ab1ad9e79cb410ca078,1,0.0,0.022689999999999988,0.754321808510638,2,1
mlsp-2013-birds__c5870d4b8b5442098b53fb4804d68bf5,cards_senior_0802.jsonl:4,mlsp-2013-birds,easy,3,2,3,True,2,True,True,parent_certified_override,229.4,3161.371691942215,0.07256343839122131,mlsp-2013-birds__de69913224174ab1ad9e79cb410ca078,1,0.0,0.022689999999999988,0.754321808510638,2,1
mlsp-2013-birds__c5870d4b8b5442098b53fb4804d68bf5,cards_senior_0802.jsonl:4,mlsp-2013-birds,easy,3,2,3,True,2,True,True,full_oracle,229.4,3161.371691942215,0.07256343839122131,mlsp-2013-birds__3fbdbce65f5d48f6ada1b1d94fe1e6e4,1,1.0,0.0,0.0,1,1
mlsp-2013-birds__cbc262e729334ecdaf84f39d41db9d23,cards_senior_0802.jsonl:4,mlsp-2013-birds,hard,4,2,4,True,0,False,False,random,471.09999999999997,849.3103153705597,0.5546853623159586,mlsp-2013-birds__232a055870ca4572b7fc070264a338eb|mlsp-2013-birds__3f1b6baa29ee48bfba34b73ebe2933b6|mlsp-2013-birds__c9597f7b1aef4ebb8bd655c3ace5bf8a|mlsp-2013-birds__d3547e171d7243b1a0e4f77c3c6fe74b,4,0.25,0.015429999999999944,0.3779084006857696,2.5,0
mlsp-2013-birds__cbc262e729334ecdaf84f39d41db9d23,cards_senior_0802.jsonl:4,mlsp-2013-birds,hard,4,2,4,True,0,False,False,stdout_only,471.09999999999997,849.3103153705597,0.5546853623159586,mlsp-2013-birds__3f1b6baa29ee48bfba34b73ebe2933b6,1,0.0,0.00021999999999999797,0.005388194954690139,2,0
mlsp-2013-birds__cbc262e729334ecdaf84f39d41db9d23,cards_senior_0802.jsonl:4,mlsp-2013-birds,hard,4,2,4,True,0,False,False,artifact_score_then_stdout,471.09999999999997,849.3103153705597,0.5546853623159586,mlsp-2013-birds__d3547e171d7243b1a0e4f77c3c6fe74b,1,0.0,0.020669999999999966,0.506245407788391,3,0
mlsp-2013-birds__cbc262e729334ecdaf84f39d41db9d23,cards_senior_0802.jsonl:4,mlsp-2013-birds,hard,4,2,4,True,0,False,False,parent_certified_override,471.09999999999997,849.3103153705597,0.5546853623159586,mlsp-2013-birds__3f1b6baa29ee48bfba34b73ebe2933b6,1,0.0,0.00021999999999999797,0.005388194954690139,2,0
mlsp-2013-birds__cbc262e729334ecdaf84f39d41db9d23,cards_senior_0802.jsonl:4,mlsp-2013-birds,hard,4,2,4,True,0,False,False,full_oracle,471.09999999999997,849.3103153705597,0.5546853623159586,mlsp-2013-birds__c9597f7b1aef4ebb8bd655c3ace5bf8a,1,1.0,0.0,0.0,1,0
nomad2018-predict-transparent-conductors__1265133eace24ca18de1ac9288f5a1e5,cards_senior_0805seq.jsonl:17,nomad2018-predict-transparent-conductors,easy,2,1,1,True,0,False,False,random,190.39999999999998,491.8794282237068,0.3870867311682042,nomad2018-predict-transparent-conductors__0b445119bd14461e8d644cd7865ce956|nomad2018-predict-transparent-conductors__d5916b67aaf1483c872bc47cefc07f85,2,0.5,0.12267999999999998,0.49999999999999994,1.5,0.5
nomad2018-predict-transparent-conductors__1265133eace24ca18de1ac9288f5a1e5,cards_senior_0805seq.jsonl:17,nomad2018-predict-transparent-conductors,easy,2,1,1,True,0,False,False,stdout_only,190.39999999999998,491.8794282237068,0.3870867311682042,nomad2018-predict-transparent-conductors__0b445119bd14461e8d644cd7865ce956,1,0.0,0.24536,1.0,2,0
nomad2018-predict-transparent-conductors__1265133eace24ca18de1ac9288f5a1e5,cards_senior_0805seq.jsonl:17,nomad2018-predict-transparent-conductors,easy,2,1,1,True,0,False,False,artifact_score_then_stdout,190.39999999999998,491.8794282237068,0.3870867311682042,nomad2018-predict-transparent-conductors__0b445119bd14461e8d644cd7865ce956,1,0.0,0.24536,1.0,2,0
nomad2018-predict-transparent-conductors__1265133eace24ca18de1ac9288f5a1e5,cards_senior_0805seq.jsonl:17,nomad2018-predict-transparent-conductors,easy,2,1,1,True,0,False,False,parent_certified_override,190.39999999999998,491.8794282237068,0.3870867311682042,nomad2018-predict-transparent-conductors__0b445119bd14461e8d644cd7865ce956,1,0.0,0.24536,1.0,2,0
nomad2018-predict-transparent-conductors__1265133eace24ca18de1ac9288f5a1e5,cards_senior_0805seq.jsonl:17,nomad2018-predict-transparent-conductors,easy,2,1,1,True,0,False,False,full_oracle,190.39999999999998,491.8794282237068,0.3870867311682042,nomad2018-predict-transparent-conductors__d5916b67aaf1483c872bc47cefc07f85,1,1.0,0.0,0.0,1,1
nomad2018-predict-transparent-conductors__a396aa16cb464d688b0d8516787a5fac,cards_senior_0805seq.jsonl:19,nomad2018-predict-transparent-conductors,hard,2,2,1,True,1,True,True,random,87.4,932.5216052178293,0.09372437004243359,nomad2018-predict-transparent-conductors__5598d009668c49b6a7c0fb26075bb5e5|nomad2018-predict-transparent-conductors__71f9051c0d944fdfb6aafbbd874504df,2,0.5,0.001230000000000002,0.5,1.5,0.5
nomad2018-predict-transparent-conductors__a396aa16cb464d688b0d8516787a5fac,cards_senior_0805seq.jsonl:19,nomad2018-predict-transparent-conductors,hard,2,2,1,True,1,True,True,stdout_only,87.4,932.5216052178293,0.09372437004243359,nomad2018-predict-transparent-conductors__71f9051c0d944fdfb6aafbbd874504df,1,1.0,0.0,0.0,1,1
nomad2018-predict-transparent-conductors__a396aa16cb464d688b0d8516787a5fac,cards_senior_0805seq.jsonl:19,nomad2018-predict-transparent-conductors,hard,2,2,1,True,1,True,True,artifact_score_then_stdout,87.4,932.5216052178293,0.09372437004243359,nomad2018-predict-transparent-conductors__71f9051c0d944fdfb6aafbbd874504df,1,1.0,0.0,0.0,1,1
nomad2018-predict-transparent-conductors__a396aa16cb464d688b0d8516787a5fac,cards_senior_0805seq.jsonl:19,nomad2018-predict-transparent-conductors,hard,2,2,1,True,1,True,True,parent_certified_override,87.4,932.5216052178293,0.09372437004243359,nomad2018-predict-transparent-conductors__71f9051c0d944fdfb6aafbbd874504df,1,1.0,0.0,0.0,1,1
nomad2018-predict-transparent-conductors__a396aa16cb464d688b0d8516787a5fac,cards_senior_0805seq.jsonl:19,nomad2018-predict-transparent-conductors,hard,2,2,1,True,1,True,True,full_oracle,87.4,932.5216052178293,0.09372437004243359,nomad2018-predict-transparent-conductors__71f9051c0d944fdfb6aafbbd874504df,1,1.0,0.0,0.0,1,1
nomad2018-predict-transparent-conductors__b9e345a509784184a1c3d92ffad28c91,cards_senior_0805seq.jsonl:19,nomad2018-predict-transparent-conductors,easy,2,2,0,True,1,True,True,random,91.4,181.72186055593193,0.5029664550009828,nomad2018-predict-transparent-conductors__2fa45c41870740aaa5179d06e3daa1f2|nomad2018-predict-transparent-conductors__ab835174b2654d69bfb2ad1ff8779042,2,0.5,0.14923,0.5,1.5,0.5
nomad2018-predict-transparent-conductors__b9e345a509784184a1c3d92ffad28c91,cards_senior_0805seq.jsonl:19,nomad2018-predict-transparent-conductors,easy,2,2,0,True,1,True,True,stdout_only,91.4,181.72186055593193,0.5029664550009828,nomad2018-predict-transparent-conductors__2fa45c41870740aaa5179d06e3daa1f2|nomad2018-predict-transparent-conductors__ab835174b2654d69bfb2ad1ff8779042,2,0.5,0.14923,0.5,1.5,0.5
nomad2018-predict-transparent-conductors__b9e345a509784184a1c3d92ffad28c91,cards_senior_0805seq.jsonl:19,nomad2018-predict-transparent-conductors,easy,2,2,0,True,1,True,True,artifact_score_then_stdout,91.4,181.72186055593193,0.5029664550009828,nomad2018-predict-transparent-conductors__2fa45c41870740aaa5179d06e3daa1f2,1,1.0,0.0,0.0,1,1
nomad2018-predict-transparent-conductors__b9e345a509784184a1c3d92ffad28c91,cards_senior_0805seq.jsonl:19,nomad2018-predict-transparent-conductors,easy,2,2,0,True,1,True,True,parent_certified_override,91.4,181.72186055593193,0.5029664550009828,nomad2018-predict-transparent-conductors__2fa45c41870740aaa5179d06e3daa1f2,1,1.0,0.0,0.0,1,1
nomad2018-predict-transparent-conductors__b9e345a509784184a1c3d92ffad28c91,cards_senior_0805seq.jsonl:19,nomad2018-predict-transparent-conductors,easy,2,2,0,True,1,True,True,full_oracle,91.4,181.72186055593193,0.5029664550009828,nomad2018-predict-transparent-conductors__2fa45c41870740aaa5179d06e3daa1f2,1,1.0,0.0,0.0,1,1
nomad2018-predict-transparent-conductors__bddf4a264bef49469e4450b38388741c,cards_senior_0805seq.jsonl:17,nomad2018-predict-transparent-conductors,easy,2,1,2,True,1,True,True,random,146.4,833.7958321524784,0.1755825519324825,nomad2018-predict-transparent-conductors__1da1998ae9de457e96faac89241808e2|nomad2018-predict-transparent-conductors__ad9ad3eace7b4e40b52a38da1ab9fe2e,2,0.5,0.080945,0.5000000000000001,1.5,1
nomad2018-predict-transparent-conductors__bddf4a264bef49469e4450b38388741c,cards_senior_0805seq.jsonl:17,nomad2018-predict-transparent-conductors,easy,2,1,2,True,1,True,True,stdout_only,146.4,833.7958321524784,0.1755825519324825,nomad2018-predict-transparent-conductors__ad9ad3eace7b4e40b52a38da1ab9fe2e,1,1.0,0.0,0.0,1,1
nomad2018-predict-transparent-conductors__bddf4a264bef49469e4450b38388741c,cards_senior_0805seq.jsonl:17,nomad2018-predict-transparent-conductors,easy,2,1,2,True,1,True,True,artifact_score_then_stdout,146.4,833.7958321524784,0.1755825519324825,nomad2018-predict-transparent-conductors__1da1998ae9de457e96faac89241808e2,1,0.0,0.16188999999999998,1.0,2,1
nomad2018-predict-transparent-conductors__bddf4a264bef49469e4450b38388741c,cards_senior_0805seq.jsonl:17,nomad2018-predict-transparent-conductors,easy,2,1,2,True,1,True,True,parent_certified_override,146.4,833.7958321524784,0.1755825519324825,nomad2018-predict-transparent-conductors__1da1998ae9de457e96faac89241808e2,1,0.0,0.16188999999999998,1.0,2,1
nomad2018-predict-transparent-conductors__bddf4a264bef49469e4450b38388741c,cards_senior_0805seq.jsonl:17,nomad2018-predict-transparent-conductors,easy,2,1,2,True,1,True,True,full_oracle,146.4,833.7958321524784,0.1755825519324825,nomad2018-predict-transparent-conductors__ad9ad3eace7b4e40b52a38da1ab9fe2e,1,1.0,0.0,0.0,1,1
nomad2018-predict-transparent-conductors__c9196f00a08c40d5abd7c7eb52b57210,cards_senior_0805seq.jsonl:19,nomad2018-predict-transparent-conductors,hard,2,0,0,True,0,False,False,random,240.2,1369.0063874907792,0.1754557189760503,nomad2018-predict-transparent-conductors__02f0dbdfcaa94bba8234b5af0a436362|nomad2018-predict-transparent-conductors__449d90db5caa4116a92282d7991684a5,2,0.5,0.004400000000000001,0.5,1.5,1
nomad2018-predict-transparent-conductors__c9196f00a08c40d5abd7c7eb52b57210,cards_senior_0805seq.jsonl:19,nomad2018-predict-transparent-conductors,hard,2,0,0,True,0,False,False,stdout_only,240.2,1369.0063874907792,0.1754557189760503,nomad2018-predict-transparent-conductors__02f0dbdfcaa94bba8234b5af0a436362|nomad2018-predict-transparent-conductors__449d90db5caa4116a92282d7991684a5,2,0.5,0.004400000000000001,0.5,1.5,1
nomad2018-predict-transparent-conductors__c9196f00a08c40d5abd7c7eb52b57210,cards_senior_0805seq.jsonl:19,nomad2018-predict-transparent-conductors,hard,2,0,0,True,0,False,False,artifact_score_then_stdout,240.2,1369.0063874907792,0.1754557189760503,nomad2018-predict-transparent-conductors__02f0dbdfcaa94bba8234b5af0a436362|nomad2018-predict-transparent-conductors__449d90db5caa4116a92282d7991684a5,2,0.5,0.004400000000000001,0.5,1.5,1
nomad2018-predict-transparent-conductors__c9196f00a08c40d5abd7c7eb52b57210,cards_senior_0805seq.jsonl:19,nomad2018-predict-transparent-conductors,hard,2,0,0,True,0,False,False,parent_certified_override,240.2,1369.0063874907792,0.1754557189760503,nomad2018-predict-transparent-conductors__02f0dbdfcaa94bba8234b5af0a436362|nomad2018-predict-transparent-conductors__449d90db5caa4116a92282d7991684a5,2,0.5,0.004400000000000001,0.5,1.5,1
nomad2018-predict-transparent-conductors__c9196f00a08c40d5abd7c7eb52b57210,cards_senior_0805seq.jsonl:19,nomad2018-predict-transparent-conductors,hard,2,0,0,True,0,False,False,full_oracle,240.2,1369.0063874907792,0.1754557189760503,nomad2018-predict-transparent-conductors__449d90db5caa4116a92282d7991684a5,1,1.0,0.0,0.0,1,1
nomad2018-predict-transparent-conductors__d50b985553254ae3a951348f909324d9,cards_senior_0805seq.jsonl:19,nomad2018-predict-transparent-conductors,hard,2,2,2,True,2,True,True,random,43.7,376.1027624523267,0.11619164856716319,nomad2018-predict-transparent-conductors__3abc50e2bddc4454b0ee7b9ec92e1263|nomad2018-predict-transparent-conductors__7a0ce85adaff49c49dae9357b9347dc6,2,0.5,0.0003249999999999989,0.5,1.5,1
nomad2018-predict-transparent-conductors__d50b985553254ae3a951348f909324d9,cards_senior_0805seq.jsonl:19,nomad2018-predict-transparent-conductors,hard,2,2,2,True,2,True,True,stdout_only,43.7,376.1027624523267,0.11619164856716319,nomad2018-predict-transparent-conductors__7a0ce85adaff49c49dae9357b9347dc6,1,0.0,0.0006499999999999978,1.0,2,1
nomad2018-predict-transparent-conductors__d50b985553254ae3a951348f909324d9,cards_senior_0805seq.jsonl:19,nomad2018-predict-transparent-conductors,hard,2,2,2,True,2,True,True,artifact_score_then_stdout,43.7,376.1027624523267,0.11619164856716319,nomad2018-predict-transparent-conductors__3abc50e2bddc4454b0ee7b9ec92e1263,1,1.0,0.0,0.0,1,1
nomad2018-predict-transparent-conductors__d50b985553254ae3a951348f909324d9,cards_senior_0805seq.jsonl:19,nomad2018-predict-transparent-conductors,hard,2,2,2,True,2,True,True,parent_certified_override,43.7,376.1027624523267,0.11619164856716319,nomad2018-predict-transparent-conductors__3abc50e2bddc4454b0ee7b9ec92e1263,1,1.0,0.0,0.0,1,1
nomad2018-predict-transparent-conductors__d50b985553254ae3a951348f909324d9,cards_senior_0805seq.jsonl:19,nomad2018-predict-transparent-conductors,hard,2,2,2,True,2,True,True,full_oracle,43.7,376.1027624523267,0.11619164856716319,nomad2018-predict-transparent-conductors__3abc50e2bddc4454b0ee7b9ec92e1263,1,1.0,0.0,0.0,1,1
petfinder-pawpularity-score__138ea8837fe24b529d33101fe0e40c1a,cards_senior_0730.jsonl:0,petfinder-pawpularity-score,easy,2,0,0,True,0,False,False,random,240.4,11099.185658762988,0.021659246668263476,petfinder-pawpularity-score__28777132c16747d88ee33785cdea5ea7|petfinder-pawpularity-score__3011b9f5b83e4e8f8077628482e6a0bd,2,0.5,0.1651050000000005,0.5,1.5,0.5
petfinder-pawpularity-score__138ea8837fe24b529d33101fe0e40c1a,cards_senior_0730.jsonl:0,petfinder-pawpularity-score,easy,2,0,0,True,0,False,False,stdout_only,240.4,11099.185658762988,0.021659246668263476,petfinder-pawpularity-score__28777132c16747d88ee33785cdea5ea7|petfinder-pawpularity-score__3011b9f5b83e4e8f8077628482e6a0bd,2,0.5,0.1651050000000005,0.5,1.5,0.5
petfinder-pawpularity-score__138ea8837fe24b529d33101fe0e40c1a,cards_senior_0730.jsonl:0,petfinder-pawpularity-score,easy,2,0,0,True,0,False,False,artifact_score_then_stdout,240.4,11099.185658762988,0.021659246668263476,petfinder-pawpularity-score__28777132c16747d88ee33785cdea5ea7|petfinder-pawpularity-score__3011b9f5b83e4e8f8077628482e6a0bd,2,0.5,0.1651050000000005,0.5,1.5,0.5
petfinder-pawpularity-score__138ea8837fe24b529d33101fe0e40c1a,cards_senior_0730.jsonl:0,petfinder-pawpularity-score,easy,2,0,0,True,0,False,False,parent_certified_override,240.4,11099.185658762988,0.021659246668263476,petfinder-pawpularity-score__28777132c16747d88ee33785cdea5ea7|petfinder-pawpularity-score__3011b9f5b83e4e8f8077628482e6a0bd,2,0.5,0.1651050000000005,0.5,1.5,0.5
petfinder-pawpularity-score__138ea8837fe24b529d33101fe0e40c1a,cards_senior_0730.jsonl:0,petfinder-pawpularity-score,easy,2,0,0,True,0,False,False,full_oracle,240.4,11099.185658762988,0.021659246668263476,petfinder-pawpularity-score__28777132c16747d88ee33785cdea5ea7,1,1.0,0.0,0.0,1,1
petfinder-pawpularity-score__20e58240de2d414caa6eba48ddb0990f,cards_senior_0730.jsonl:4,petfinder-pawpularity-score,hard,2,2,2,True,0,False,False,random,108.8,104.00322424899787,1.0461214138853812,petfinder-pawpularity-score__9251a8fa822f4d5fbeee6609ff544d84|petfinder-pawpularity-score__e4b073d8ebc042b1831c55c6438b9e6a,2,0.5,0.0018550000000026046,0.5000000000004788,1.5,0
petfinder-pawpularity-score__20e58240de2d414caa6eba48ddb0990f,cards_senior_0730.jsonl:4,petfinder-pawpularity-score,hard,2,2,2,True,0,False,False,stdout_only,108.8,104.00322424899787,1.0461214138853812,petfinder-pawpularity-score__e4b073d8ebc042b1831c55c6438b9e6a,1,1.0,0.0,0.0,1,0
petfinder-pawpularity-score__20e58240de2d414caa6eba48ddb0990f,cards_senior_0730.jsonl:4,petfinder-pawpularity-score,hard,2,2,2,True,0,False,False,artifact_score_then_stdout,108.8,104.00322424899787,1.0461214138853812,petfinder-pawpularity-score__e4b073d8ebc042b1831c55c6438b9e6a,1,1.0,0.0,0.0,1,0
petfinder-pawpularity-score__20e58240de2d414caa6eba48ddb0990f,cards_senior_0730.jsonl:4,petfinder-pawpularity-score,hard,2,2,2,True,0,False,False,parent_certified_override,108.8,104.00322424899787,1.0461214138853812,petfinder-pawpularity-score__e4b073d8ebc042b1831c55c6438b9e6a,1,1.0,0.0,0.0,1,0
petfinder-pawpularity-score__20e58240de2d414caa6eba48ddb0990f,cards_senior_0730.jsonl:4,petfinder-pawpularity-score,hard,2,2,2,True,0,False,False,full_oracle,108.8,104.00322424899787,1.0461214138853812,petfinder-pawpularity-score__e4b073d8ebc042b1831c55c6438b9e6a,1,1.0,0.0,0.0,1,0
petfinder-pawpularity-score__5797f718afc7442e850c43666a82d51b,cards_senior_0806.jsonl:1,petfinder-pawpularity-score,easy,2,1,2,True,1,True,True,random,210.3,1289.4194727860158,0.1630966527483955,petfinder-pawpularity-score__717816b3dcb9490e8c60cf7c0232a6f6|petfinder-pawpularity-score__947a9114cbd64cb9838e1bbfdc050a06,2,0.5,0.28204999999999814,0.49999999999999684,1.5,1
petfinder-pawpularity-score__5797f718afc7442e850c43666a82d51b,cards_senior_0806.jsonl:1,petfinder-pawpularity-score,easy,2,1,2,True,1,True,True,stdout_only,210.3,1289.4194727860158,0.1630966527483955,petfinder-pawpularity-score__717816b3dcb9490e8c60cf7c0232a6f6,1,1.0,0.0,0.0,1,1
petfinder-pawpularity-score__5797f718afc7442e850c43666a82d51b,cards_senior_0806.jsonl:1,petfinder-pawpularity-score,easy,2,1,2,True,1,True,True,artifact_score_then_stdout,210.3,1289.4194727860158,0.1630966527483955,petfinder-pawpularity-score__947a9114cbd64cb9838e1bbfdc050a06,1,0.0,0.5640999999999998,1.0,2,1
petfinder-pawpularity-score__5797f718afc7442e850c43666a82d51b,cards_senior_0806.jsonl:1,petfinder-pawpularity-score,easy,2,1,2,True,1,True,True,parent_certified_override,210.3,1289.4194727860158,0.1630966527483955,petfinder-pawpularity-score__947a9114cbd64cb9838e1bbfdc050a06,1,0.0,0.5640999999999998,1.0,2,1
petfinder-pawpularity-score__5797f718afc7442e850c43666a82d51b,cards_senior_0806.jsonl:1,petfinder-pawpularity-score,easy,2,1,2,True,1,True,True,full_oracle,210.3,1289.4194727860158,0.1630966527483955,petfinder-pawpularity-score__717816b3dcb9490e8c60cf7c0232a6f6,1,1.0,0.0,0.0,1,1
petfinder-pawpularity-score__9118020f50e64bdeb8235a9dc9f357ab,cards_senior_0730.jsonl:0,petfinder-pawpularity-score,easy,2,1,1,True,1,True,True,random,221.1,247.2651679549599,0.8941817475895919,petfinder-pawpularity-score__164ee2d978574b42a052ec28a7d88eef|petfinder-pawpularity-score__2d478cc7a3c244028234f9e7585340c4,2,0.5,0.13384500000000088,0.5,1.5,0.5
petfinder-pawpularity-score__9118020f50e64bdeb8235a9dc9f357ab,cards_senior_0730.jsonl:0,petfinder-pawpularity-score,easy,2,1,1,True,1,True,True,stdout_only,221.1,247.2651679549599,0.8941817475895919,petfinder-pawpularity-score__2d478cc7a3c244028234f9e7585340c4,1,1.0,0.0,0.0,1,1
petfinder-pawpularity-score__9118020f50e64bdeb8235a9dc9f357ab,cards_senior_0730.jsonl:0,petfinder-pawpularity-score,easy,2,1,1,True,1,True,True,artifact_score_then_stdout,221.1,247.2651679549599,0.8941817475895919,petfinder-pawpularity-score__2d478cc7a3c244028234f9e7585340c4,1,1.0,0.0,0.0,1,1
petfinder-pawpularity-score__9118020f50e64bdeb8235a9dc9f357ab,cards_senior_0730.jsonl:0,petfinder-pawpularity-score,easy,2,1,1,True,1,True,True,parent_certified_override,221.1,247.2651679549599,0.8941817475895919,petfinder-pawpularity-score__2d478cc7a3c244028234f9e7585340c4,1,1.0,0.0,0.0,1,1
petfinder-pawpularity-score__9118020f50e64bdeb8235a9dc9f357ab,cards_senior_0730.jsonl:0,petfinder-pawpularity-score,easy,2,1,1,True,1,True,True,full_oracle,221.1,247.2651679549599,0.8941817475895919,petfinder-pawpularity-score__2d478cc7a3c244028234f9e7585340c4,1,1.0,0.0,0.0,1,1
random-acts-of-pizza__5834f6889e5e413f8799624231dbc548,cards_ours_20260727.jsonl:69,random-acts-of-pizza,easy,2,2,2,False,0,False,False,random,95.3,200.22247231006622,0.4759705486625777,random-acts-of-pizza__d49ae6008eca4bd4b3f736f90dc6afac|random-acts-of-pizza__e52f8a668b95496aa04cd6a8d72f6642,2,0.5,0.024779999999999913,0.4999999999999989,1.5,
random-acts-of-pizza__5834f6889e5e413f8799624231dbc548,cards_ours_20260727.jsonl:69,random-acts-of-pizza,easy,2,2,2,False,0,False,False,stdout_only,95.3,200.22247231006622,0.4759705486625777,random-acts-of-pizza__d49ae6008eca4bd4b3f736f90dc6afac,1,1.0,0.0,0.0,1,
random-acts-of-pizza__5834f6889e5e413f8799624231dbc548,cards_ours_20260727.jsonl:69,random-acts-of-pizza,easy,2,2,2,False,0,False,False,artifact_score_then_stdout,95.3,200.22247231006622,0.4759705486625777,random-acts-of-pizza__d49ae6008eca4bd4b3f736f90dc6afac,1,1.0,0.0,0.0,1,
random-acts-of-pizza__5834f6889e5e413f8799624231dbc548,cards_ours_20260727.jsonl:69,random-acts-of-pizza,easy,2,2,2,False,0,False,False,parent_certified_override,95.3,200.22247231006622,0.4759705486625777,random-acts-of-pizza__d49ae6008eca4bd4b3f736f90dc6afac,1,1.0,0.0,0.0,1,
random-acts-of-pizza__5834f6889e5e413f8799624231dbc548,cards_ours_20260727.jsonl:69,random-acts-of-pizza,easy,2,2,2,False,0,False,False,full_oracle,95.3,200.22247231006622,0.4759705486625777,random-acts-of-pizza__d49ae6008eca4bd4b3f736f90dc6afac,1,1.0,0.0,0.0,1,
random-acts-of-pizza__aa71d9674a4049e0bc46feeada985547,cards_gen3A.jsonl:3,random-acts-of-pizza,easy,5,5,5,True,1,True,True,random,148.1,185.72851238504518,0.7974004534799956,random-acts-of-pizza__0ee1fa402ecb43ae9906ef4aa3e16d1a|random-acts-of-pizza__3a1402459a144c3cba0f2a91a5b8e721|random-acts-of-pizza__8c5fe3fc63254b88bc949f6d53a9cb6a|random-acts-of-pizza__9b9f4f95471a4b89972077ce62bdc1f8|random-acts-of-pizza__f02f9281781f4290a64b5e40011b4479,5,0.2,0.074662,0.6740272636995575,3,0.2
random-acts-of-pizza__aa71d9674a4049e0bc46feeada985547,cards_gen3A.jsonl:3,random-acts-of-pizza,easy,5,5,5,True,1,True,True,stdout_only,148.1,185.72851238504518,0.7974004534799956,random-acts-of-pizza__9b9f4f95471a4b89972077ce62bdc1f8,1,1.0,0.0,0.0,1,1
random-acts-of-pizza__aa71d9674a4049e0bc46feeada985547,cards_gen3A.jsonl:3,random-acts-of-pizza,easy,5,5,5,True,1,True,True,artifact_score_then_stdout,148.1,185.72851238504518,0.7974004534799956,random-acts-of-pizza__9b9f4f95471a4b89972077ce62bdc1f8,1,1.0,0.0,0.0,1,1
random-acts-of-pizza__aa71d9674a4049e0bc46feeada985547,cards_gen3A.jsonl:3,random-acts-of-pizza,easy,5,5,5,True,1,True,True,parent_certified_override,148.1,185.72851238504518,0.7974004534799956,random-acts-of-pizza__9b9f4f95471a4b89972077ce62bdc1f8,1,1.0,0.0,0.0,1,1
random-acts-of-pizza__aa71d9674a4049e0bc46feeada985547,cards_gen3A.jsonl:3,random-acts-of-pizza,easy,5,5,5,True,1,True,True,full_oracle,148.1,185.72851238504518,0.7974004534799956,random-acts-of-pizza__9b9f4f95471a4b89972077ce62bdc1f8,1,1.0,0.0,0.0,1,1
random-acts-of-pizza__c8c057832a7f46de8f2f8ede73ed013f,cards_ours_20260727.jsonl:68,random-acts-of-pizza,easy,3,3,3,True,0,False,False,random,81.0,164.36871495097876,0.4927945079095946,random-acts-of-pizza__0f1e5cd6c6de460abaae7877daf9aa69|random-acts-of-pizza__9ca2d2e324f740ef85c2d32a7380ac6f|random-acts-of-pizza__fa4524bd04a2450e9f937a60d2db3cce,3,0.3333333333333333,0.03528666666666669,0.5169450141615396,2,0
random-acts-of-pizza__c8c057832a7f46de8f2f8ede73ed013f,cards_ours_20260727.jsonl:68,random-acts-of-pizza,easy,3,3,3,True,0,False,False,stdout_only,81.0,164.36871495097876,0.4927945079095946,random-acts-of-pizza__9ca2d2e324f740ef85c2d32a7380ac6f,1,1.0,0.0,0.0,1,0
random-acts-of-pizza__c8c057832a7f46de8f2f8ede73ed013f,cards_ours_20260727.jsonl:68,random-acts-of-pizza,easy,3,3,3,True,0,False,False,artifact_score_then_stdout,81.0,164.36871495097876,0.4927945079095946,random-acts-of-pizza__9ca2d2e324f740ef85c2d32a7380ac6f,1,1.0,0.0,0.0,1,0
random-acts-of-pizza__c8c057832a7f46de8f2f8ede73ed013f,cards_ours_20260727.jsonl:68,random-acts-of-pizza,easy,3,3,3,True,0,False,False,parent_certified_override,81.0,164.36871495097876,0.4927945079095946,random-acts-of-pizza__9ca2d2e324f740ef85c2d32a7380ac6f,1,1.0,0.0,0.0,1,0
random-acts-of-pizza__c8c057832a7f46de8f2f8ede73ed013f,cards_ours_20260727.jsonl:68,random-acts-of-pizza,easy,3,3,3,True,0,False,False,full_oracle,81.0,164.36871495097876,0.4927945079095946,random-acts-of-pizza__9ca2d2e324f740ef85c2d32a7380ac6f,1,1.0,0.0,0.0,1,0
random-acts-of-pizza__e79c47b6ab894f43aa969d2f9ab8051a,cards_gen2C.jsonl:2,random-acts-of-pizza,hard,3,3,3,True,0,False,False,random,164.4,955.0051796734333,0.17214566318500707,random-acts-of-pizza__02ab01e7d3624270a317cd6c9c52af77|random-acts-of-pizza__a672b879e7f9459c9ca2ea299751f4b2|random-acts-of-pizza__d7e488f0729c41aeb94a7502bff7fc4d,3,0.3333333333333333,0.001223333333333354,0.3630069238377922,2,0
random-acts-of-pizza__e79c47b6ab894f43aa969d2f9ab8051a,cards_gen2C.jsonl:2,random-acts-of-pizza,hard,3,3,3,True,0,False,False,stdout_only,164.4,955.0051796734333,0.17214566318500707,random-acts-of-pizza__a672b879e7f9459c9ca2ea299751f4b2,1,1.0,0.0,0.0,1,0
random-acts-of-pizza__e79c47b6ab894f43aa969d2f9ab8051a,cards_gen2C.jsonl:2,random-acts-of-pizza,hard,3,3,3,True,0,False,False,artifact_score_then_stdout,164.4,955.0051796734333,0.17214566318500707,random-acts-of-pizza__a672b879e7f9459c9ca2ea299751f4b2,1,1.0,0.0,0.0,1,0
random-acts-of-pizza__e79c47b6ab894f43aa969d2f9ab8051a,cards_gen2C.jsonl:2,random-acts-of-pizza,hard,3,3,3,True,0,False,False,parent_certified_override,164.4,955.0051796734333,0.17214566318500707,random-acts-of-pizza__a672b879e7f9459c9ca2ea299751f4b2,1,1.0,0.0,0.0,1,0
random-acts-of-pizza__e79c47b6ab894f43aa969d2f9ab8051a,cards_gen2C.jsonl:2,random-acts-of-pizza,hard,3,3,3,True,0,False,False,full_oracle,164.4,955.0051796734333,0.17214566318500707,random-acts-of-pizza__a672b879e7f9459c9ca2ea299751f4b2,1,1.0,0.0,0.0,1,0
spaceship-titanic__4fcded37ceb243d0a0ca7d970adedcfb,cards_ours_20260727.jsonl:3,spaceship-titanic,easy,2,2,2,False,0,False,False,random,53.1,41.50957727432251,1.2792228561876307,spaceship-titanic__df0e799d4c294c78a20d756c405fee68|spaceship-titanic__ffc4990563cd4b8e8561b15fd47f1488,2,0.5,0.01092000000000004,0.5000000000000026,1.5,
spaceship-titanic__4fcded37ceb243d0a0ca7d970adedcfb,cards_ours_20260727.jsonl:3,spaceship-titanic,easy,2,2,2,False,0,False,False,stdout_only,53.1,41.50957727432251,1.2792228561876307,spaceship-titanic__df0e799d4c294c78a20d756c405fee68,1,0.0,0.02183999999999997,1.0,2,
spaceship-titanic__4fcded37ceb243d0a0ca7d970adedcfb,cards_ours_20260727.jsonl:3,spaceship-titanic,easy,2,2,2,False,0,False,False,artifact_score_then_stdout,53.1,41.50957727432251,1.2792228561876307,spaceship-titanic__ffc4990563cd4b8e8561b15fd47f1488,1,1.0,0.0,0.0,1,
spaceship-titanic__4fcded37ceb243d0a0ca7d970adedcfb,cards_ours_20260727.jsonl:3,spaceship-titanic,easy,2,2,2,False,0,False,False,parent_certified_override,53.1,41.50957727432251,1.2792228561876307,spaceship-titanic__df0e799d4c294c78a20d756c405fee68,1,0.0,0.02183999999999997,1.0,2,
spaceship-titanic__4fcded37ceb243d0a0ca7d970adedcfb,cards_ours_20260727.jsonl:3,spaceship-titanic,easy,2,2,2,False,0,False,False,full_oracle,53.1,41.50957727432251,1.2792228561876307,spaceship-titanic__ffc4990563cd4b8e8561b15fd47f1488,1,1.0,0.0,0.0,1,
spooky-author-identification__560eb5d67f17409f9deb149324c55f29,cards_senior_0801.jsonl:4,spooky-author-identification,easy,2,2,0,True,1,True,True,random,120.19999999999999,199.21765096206218,0.6033601913260696,spooky-author-identification__67f02ce1c7dd42c1b2aa07655e0eacf0|spooky-author-identification__9212864b27984d118b518b96dc3b2886,2,0.5,0.21591500000000002,0.5000000000000001,1.5,0.5
spooky-author-identification__560eb5d67f17409f9deb149324c55f29,cards_senior_0801.jsonl:4,spooky-author-identification,easy,2,2,0,True,1,True,True,stdout_only,120.19999999999999,199.21765096206218,0.6033601913260696,spooky-author-identification__67f02ce1c7dd42c1b2aa07655e0eacf0|spooky-author-identification__9212864b27984d118b518b96dc3b2886,2,0.5,0.21591500000000002,0.5000000000000001,1.5,0.5
spooky-author-identification__560eb5d67f17409f9deb149324c55f29,cards_senior_0801.jsonl:4,spooky-author-identification,easy,2,2,0,True,1,True,True,artifact_score_then_stdout,120.19999999999999,199.21765096206218,0.6033601913260696,spooky-author-identification__9212864b27984d118b518b96dc3b2886,1,1.0,0.0,0.0,1,1
spooky-author-identification__560eb5d67f17409f9deb149324c55f29,cards_senior_0801.jsonl:4,spooky-author-identification,easy,2,2,0,True,1,True,True,parent_certified_override,120.19999999999999,199.21765096206218,0.6033601913260696,spooky-author-identification__9212864b27984d118b518b96dc3b2886,1,1.0,0.0,0.0,1,1
spooky-author-identification__560eb5d67f17409f9deb149324c55f29,cards_senior_0801.jsonl:4,spooky-author-identification,easy,2,2,0,True,1,True,True,full_oracle,120.19999999999999,199.21765096206218,0.6033601913260696,spooky-author-identification__9212864b27984d118b518b96dc3b2886,1,1.0,0.0,0.0,1,1
spooky-author-identification__92ff9885a5194d928b56e8d05f03d004,cards_senior_0801.jsonl:6,spooky-author-identification,hard,3,3,3,True,3,True,True,random,188.3,237.14428410003893,0.7940313666618503,spooky-author-identification__38648184253c4e7792d7658657da0746|spooky-author-identification__40e09976978641a1a0f8ddc87586731a|spooky-author-identification__414aed3e532a4130bb3ec66bd5efa9ea,3,0.3333333333333333,0.0004433333333332956,0.5473251028806271,2,1
spooky-author-identification__92ff9885a5194d928b56e8d05f03d004,cards_senior_0801.jsonl:6,spooky-author-identification,hard,3,3,3,True,3,True,True,stdout_only,188.3,237.14428410003893,0.7940313666618503,spooky-author-identification__414aed3e532a4130bb3ec66bd5efa9ea,1,1.0,0.0,0.0,1,1
spooky-author-identification__92ff9885a5194d928b56e8d05f03d004,cards_senior_0801.jsonl:6,spooky-author-identification,hard,3,3,3,True,3,True,True,artifact_score_then_stdout,188.3,237.14428410003893,0.7940313666618503,spooky-author-identification__414aed3e532a4130bb3ec66bd5efa9ea,1,1.0,0.0,0.0,1,1
spooky-author-identification__92ff9885a5194d928b56e8d05f03d004,cards_senior_0801.jsonl:6,spooky-author-identification,hard,3,3,3,True,3,True,True,parent_certified_override,188.3,237.14428410003893,0.7940313666618503,spooky-author-identification__414aed3e532a4130bb3ec66bd5efa9ea,1,1.0,0.0,0.0,1,1
spooky-author-identification__92ff9885a5194d928b56e8d05f03d004,cards_senior_0801.jsonl:6,spooky-author-identification,hard,3,3,3,True,3,True,True,full_oracle,188.3,237.14428410003893,0.7940313666618503,spooky-author-identification__414aed3e532a4130bb3ec66bd5efa9ea,1,1.0,0.0,0.0,1,1
spooky-author-identification__b0159499c7cb478eaa490c7fdbd49d1b,cards_senior_0801.jsonl:4,spooky-author-identification,hard,2,2,1,True,2,True,True,random,144.39999999999998,2444.071920401999,0.05908173110398862,spooky-author-identification__789703b0e1c348e695596428d21fac38|spooky-author-identification__b9c86b77ce174df0a2164cb7cf2685af,2,0.5,0.00018999999999996797,0.49999999999992695,1.5,1
spooky-author-identification__b0159499c7cb478eaa490c7fdbd49d1b,cards_senior_0801.jsonl:4,spooky-author-identification,hard,2,2,1,True,2,True,True,stdout_only,144.39999999999998,2444.071920401999,0.05908173110398862,spooky-author-identification__789703b0e1c348e695596428d21fac38,1,0.0,0.00037999999999999146,1.0,2,1
spooky-author-identification__b0159499c7cb478eaa490c7fdbd49d1b,cards_senior_0801.jsonl:4,spooky-author-identification,hard,2,2,1,True,2,True,True,artifact_score_then_stdout,144.39999999999998,2444.071920401999,0.05908173110398862,spooky-author-identification__b9c86b77ce174df0a2164cb7cf2685af,1,1.0,0.0,0.0,1,1
spooky-author-identification__b0159499c7cb478eaa490c7fdbd49d1b,cards_senior_0801.jsonl:4,spooky-author-identification,hard,2,2,1,True,2,True,True,parent_certified_override,144.39999999999998,2444.071920401999,0.05908173110398862,spooky-author-identification__b9c86b77ce174df0a2164cb7cf2685af,1,1.0,0.0,0.0,1,1
spooky-author-identification__b0159499c7cb478eaa490c7fdbd49d1b,cards_senior_0801.jsonl:4,spooky-author-identification,hard,2,2,1,True,2,True,True,full_oracle,144.39999999999998,2444.071920401999,0.05908173110398862,spooky-author-identification__b9c86b77ce174df0a2164cb7cf2685af,1,1.0,0.0,0.0,1,1
spooky-author-identification__d7c4a34657474cb48180f68defba370c,cards_senior_0730.jsonl:5,spooky-author-identification,hard,3,3,3,True,1,True,True,random,139.1,223.97063015500316,0.6210635738432899,spooky-author-identification__c8e9e4089e9d44598bf956bc4cdf901f|spooky-author-identification__d8350d06746c49189b3700f3ae207569|spooky-author-identification__df8572420c294f869b30c2646e8dbce8,3,0.3333333333333333,0.0019733333333333825,0.5496750232126356,2,0.3333333333333333
spooky-author-identification__d7c4a34657474cb48180f68defba370c,cards_senior_0730.jsonl:5,spooky-author-identification,hard,3,3,3,True,1,True,True,stdout_only,139.1,223.97063015500316,0.6210635738432899,spooky-author-identification__d8350d06746c49189b3700f3ae207569,1,1.0,0.0,0.0,1,1
spooky-author-identification__d7c4a34657474cb48180f68defba370c,cards_senior_0730.jsonl:5,spooky-author-identification,hard,3,3,3,True,1,True,True,artifact_score_then_stdout,139.1,223.97063015500316,0.6210635738432899,spooky-author-identification__d8350d06746c49189b3700f3ae207569,1,1.0,0.0,0.0,1,1
spooky-author-identification__d7c4a34657474cb48180f68defba370c,cards_senior_0730.jsonl:5,spooky-author-identification,hard,3,3,3,True,1,True,True,parent_certified_override,139.1,223.97063015500316,0.6210635738432899,spooky-author-identification__d8350d06746c49189b3700f3ae207569,1,1.0,0.0,0.0,1,1
spooky-author-identification__d7c4a34657474cb48180f68defba370c,cards_senior_0730.jsonl:5,spooky-author-identification,hard,3,3,3,True,1,True,True,full_oracle,139.1,223.97063015500316,0.6210635738432899,spooky-author-identification__d8350d06746c49189b3700f3ae207569,1,1.0,0.0,0.0,1,1
spooky-author-identification__fbb5259bda6a42b98e9619af0807a957,cards_senior_0730.jsonl:5,spooky-author-identification,easy,3,3,3,True,2,True,True,random,211.89999999999998,416.06453209306346,0.5092959953447873,spooky-author-identification__16a678db368a417fbf00950915601fb9|spooky-author-identification__653ba54bf46a4d82a9668d92db356211|spooky-author-identification__900270a860234cc2b3ae8a0505bd105a,3,0.3333333333333333,0.024430000000000007,0.5948380813245681,2,0.6666666666666666
spooky-author-identification__fbb5259bda6a42b98e9619af0807a957,cards_senior_0730.jsonl:5,spooky-author-identification,easy,3,3,3,True,2,True,True,stdout_only,211.89999999999998,416.06453209306346,0.5092959953447873,spooky-author-identification__653ba54bf46a4d82a9668d92db356211,1,1.0,0.0,0.0,1,1
spooky-author-identification__fbb5259bda6a42b98e9619af0807a957,cards_senior_0730.jsonl:5,spooky-author-identification,easy,3,3,3,True,2,True,True,artifact_score_then_stdout,211.89999999999998,416.06453209306346,0.5092959953447873,spooky-author-identification__653ba54bf46a4d82a9668d92db356211,1,1.0,0.0,0.0,1,1
spooky-author-identification__fbb5259bda6a42b98e9619af0807a957,cards_senior_0730.jsonl:5,spooky-author-identification,easy,3,3,3,True,2,True,True,parent_certified_override,211.89999999999998,416.06453209306346,0.5092959953447873,spooky-author-identification__653ba54bf46a4d82a9668d92db356211,1,1.0,0.0,0.0,1,1
spooky-author-identification__fbb5259bda6a42b98e9619af0807a957,cards_senior_0730.jsonl:5,spooky-author-identification,easy,3,3,3,True,2,True,True,full_oracle,211.89999999999998,416.06453209306346,0.5092959953447873,spooky-author-identification__653ba54bf46a4d82a9668d92db356211,1,1.0,0.0,0.0,1,1
spooky-author-identification__ff8dc324b8984305b0dd7c14bee67d7c,cards_t3era_missing.jsonl:14,spooky-author-identification,easy,3,3,3,True,2,True,True,random,293.8,323.3748806199874,0.9085430489737323,spooky-author-identification__31dc45ab82da453fa070417d3e97b475|spooky-author-identification__8f9956778f6b4e9ea7b6af0a7f82e4a6|spooky-author-identification__b1638019d27044b7a3c20ec855526869,3,0.3333333333333333,0.02581666666666671,0.5428231006447999,2,0.6666666666666666
spooky-author-identification__ff8dc324b8984305b0dd7c14bee67d7c,cards_t3era_missing.jsonl:14,spooky-author-identification,easy,3,3,3,True,2,True,True,stdout_only,293.8,323.3748806199874,0.9085430489737323,spooky-author-identification__b1638019d27044b7a3c20ec855526869,1,1.0,0.0,0.0,1,1
spooky-author-identification__ff8dc324b8984305b0dd7c14bee67d7c,cards_t3era_missing.jsonl:14,spooky-author-identification,easy,3,3,3,True,2,True,True,artifact_score_then_stdout,293.8,323.3748806199874,0.9085430489737323,spooky-author-identification__b1638019d27044b7a3c20ec855526869,1,1.0,0.0,0.0,1,1
spooky-author-identification__ff8dc324b8984305b0dd7c14bee67d7c,cards_t3era_missing.jsonl:14,spooky-author-identification,easy,3,3,3,True,2,True,True,parent_certified_override,293.8,323.3748806199874,0.9085430489737323,spooky-author-identification__b1638019d27044b7a3c20ec855526869,1,1.0,0.0,0.0,1,1
spooky-author-identification__ff8dc324b8984305b0dd7c14bee67d7c,cards_t3era_missing.jsonl:14,spooky-author-identification,easy,3,3,3,True,2,True,True,full_oracle,293.8,323.3748806199874,0.9085430489737323,spooky-author-identification__b1638019d27044b7a3c20ec855526869,1,1.0,0.0,0.0,1,1
tabular-playground-series-dec-2021__0cdec0ffd1ff4511b41aa8c691f2f383,cards_senior_0801.jsonl:38,tabular-playground-series-dec-2021,hard,2,0,1,False,0,False,False,random,240.2,11363.82460745424,0.021137249851818186,tabular-playground-series-dec-2021__36787b1cf20b412e8716ea12368675bf|tabular-playground-series-dec-2021__dbdf36e610354c398b8b0d89cee8fbd4,2,0.5,0.00024999999999997247,0.5,1.5,
tabular-playground-series-dec-2021__0cdec0ffd1ff4511b41aa8c691f2f383,cards_senior_0801.jsonl:38,tabular-playground-series-dec-2021,hard,2,0,1,False,0,False,False,stdout_only,240.2,11363.82460745424,0.021137249851818186,tabular-playground-series-dec-2021__36787b1cf20b412e8716ea12368675bf,1,1.0,0.0,0.0,1,
tabular-playground-series-dec-2021__0cdec0ffd1ff4511b41aa8c691f2f383,cards_senior_0801.jsonl:38,tabular-playground-series-dec-2021,hard,2,0,1,False,0,False,False,artifact_score_then_stdout,240.2,11363.82460745424,0.021137249851818186,tabular-playground-series-dec-2021__36787b1cf20b412e8716ea12368675bf,1,1.0,0.0,0.0,1,
tabular-playground-series-dec-2021__0cdec0ffd1ff4511b41aa8c691f2f383,cards_senior_0801.jsonl:38,tabular-playground-series-dec-2021,hard,2,0,1,False,0,False,False,parent_certified_override,240.2,11363.82460745424,0.021137249851818186,tabular-playground-series-dec-2021__36787b1cf20b412e8716ea12368675bf,1,1.0,0.0,0.0,1,
tabular-playground-series-dec-2021__0cdec0ffd1ff4511b41aa8c691f2f383,cards_senior_0801.jsonl:38,tabular-playground-series-dec-2021,hard,2,0,1,False,0,False,False,full_oracle,240.2,11363.82460745424,0.021137249851818186,tabular-playground-series-dec-2021__36787b1cf20b412e8716ea12368675bf,1,1.0,0.0,0.0,1,
tabular-playground-series-dec-2021__934ac2235cf749c9ae20875daeb13fda,cards_senior_0807.jsonl:23,tabular-playground-series-dec-2021,hard,2,0,2,True,0,False,False,random,240.4,4757.205187611282,0.05053387241442726,tabular-playground-series-dec-2021__8b54ad5da3684393a8a2caceb614ee34|tabular-playground-series-dec-2021__dd7529c2a690472ba81bdc67d9f30382,2,0.5,0.0002700000000001035,0.5000000000001028,1.5,1
tabular-playground-series-dec-2021__934ac2235cf749c9ae20875daeb13fda,cards_senior_0807.jsonl:23,tabular-playground-series-dec-2021,hard,2,0,2,True,0,False,False,stdout_only,240.4,4757.205187611282,0.05053387241442726,tabular-playground-series-dec-2021__dd7529c2a690472ba81bdc67d9f30382,1,0.0,0.000540000000000096,1.0,2,1
tabular-playground-series-dec-2021__934ac2235cf749c9ae20875daeb13fda,cards_senior_0807.jsonl:23,tabular-playground-series-dec-2021,hard,2,0,2,True,0,False,False,artifact_score_then_stdout,240.4,4757.205187611282,0.05053387241442726,tabular-playground-series-dec-2021__dd7529c2a690472ba81bdc67d9f30382,1,0.0,0.000540000000000096,1.0,2,1
tabular-playground-series-dec-2021__934ac2235cf749c9ae20875daeb13fda,cards_senior_0807.jsonl:23,tabular-playground-series-dec-2021,hard,2,0,2,True,0,False,False,parent_certified_override,240.4,4757.205187611282,0.05053387241442726,tabular-playground-series-dec-2021__dd7529c2a690472ba81bdc67d9f30382,1,0.0,0.000540000000000096,1.0,2,1
tabular-playground-series-dec-2021__934ac2235cf749c9ae20875daeb13fda,cards_senior_0807.jsonl:23,tabular-playground-series-dec-2021,hard,2,0,2,True,0,False,False,full_oracle,240.4,4757.205187611282,0.05053387241442726,tabular-playground-series-dec-2021__8b54ad5da3684393a8a2caceb614ee34,1,1.0,0.0,0.0,1,1
tabular-playground-series-dec-2021__b98b7d0f93774f13b332311ed76e2037,cards_senior_0807.jsonl:22,tabular-playground-series-dec-2021,hard,2,0,2,True,0,False,False,random,240.2,2004.5231419699267,0.1198289982144809,tabular-playground-series-dec-2021__72c882b1d87c45b09471af711496de1a|tabular-playground-series-dec-2021__81b08a9c23464eb1a0f7861d6fd90b67,2,0.5,0.00010500000000002174,0.5000000000002643,1.5,1
tabular-playground-series-dec-2021__b98b7d0f93774f13b332311ed76e2037,cards_senior_0807.jsonl:22,tabular-playground-series-dec-2021,hard,2,0,2,True,0,False,False,stdout_only,240.2,2004.5231419699267,0.1198289982144809,tabular-playground-series-dec-2021__72c882b1d87c45b09471af711496de1a|tabular-playground-series-dec-2021__81b08a9c23464eb1a0f7861d6fd90b67,2,0.5,0.00010500000000002174,0.5000000000002643,1.5,1
tabular-playground-series-dec-2021__b98b7d0f93774f13b332311ed76e2037,cards_senior_0807.jsonl:22,tabular-playground-series-dec-2021,hard,2,0,2,True,0,False,False,artifact_score_then_stdout,240.2,2004.5231419699267,0.1198289982144809,tabular-playground-series-dec-2021__72c882b1d87c45b09471af711496de1a|tabular-playground-series-dec-2021__81b08a9c23464eb1a0f7861d6fd90b67,2,0.5,0.00010500000000002174,0.5000000000002643,1.5,1
tabular-playground-series-dec-2021__b98b7d0f93774f13b332311ed76e2037,cards_senior_0807.jsonl:22,tabular-playground-series-dec-2021,hard,2,0,2,True,0,False,False,parent_certified_override,240.2,2004.5231419699267,0.1198289982144809,tabular-playground-series-dec-2021__72c882b1d87c45b09471af711496de1a|tabular-playground-series-dec-2021__81b08a9c23464eb1a0f7861d6fd90b67,2,0.5,0.00010500000000002174,0.5000000000002643,1.5,1
tabular-playground-series-dec-2021__b98b7d0f93774f13b332311ed76e2037,cards_senior_0807.jsonl:22,tabular-playground-series-dec-2021,hard,2,0,2,True,0,False,False,full_oracle,240.2,2004.5231419699267,0.1198289982144809,tabular-playground-series-dec-2021__81b08a9c23464eb1a0f7861d6fd90b67,1,1.0,0.0,0.0,1,1
tabular-playground-series-may-2022__0ec0c9ffdc0948a4927dab3efcc5eee7,cards_senior_0801.jsonl:29,tabular-playground-series-may-2022,hard,4,0,3,True,0,False,False,random,480.6,16601.961495392956,0.028948386618856244,tabular-playground-series-may-2022__5b0e8613150c44ae85338d3bcf5a6369|tabular-playground-series-may-2022__b8fec3edbb0d4e0d8be0e0b649552878|tabular-playground-series-may-2022__c89ea85cc0184427a9225edf4d8503e5|tabular-playground-series-may-2022__d75dd58e0bff47e9bd665df475ee1470,4,0.25,0.0020900000000000363,0.5345268542199472,2.5,0.5
tabular-playground-series-may-2022__0ec0c9ffdc0948a4927dab3efcc5eee7,cards_senior_0801.jsonl:29,tabular-playground-series-may-2022,hard,4,0,3,True,0,False,False,stdout_only,480.6,16601.961495392956,0.028948386618856244,tabular-playground-series-may-2022__d75dd58e0bff47e9bd665df475ee1470,1,0.0,0.00391000000000008,1.0,4,0
tabular-playground-series-may-2022__0ec0c9ffdc0948a4927dab3efcc5eee7,cards_senior_0801.jsonl:29,tabular-playground-series-may-2022,hard,4,0,3,True,0,False,False,artifact_score_then_stdout,480.6,16601.961495392956,0.028948386618856244,tabular-playground-series-may-2022__d75dd58e0bff47e9bd665df475ee1470,1,0.0,0.00391000000000008,1.0,4,0
tabular-playground-series-may-2022__0ec0c9ffdc0948a4927dab3efcc5eee7,cards_senior_0801.jsonl:29,tabular-playground-series-may-2022,hard,4,0,3,True,0,False,False,parent_certified_override,480.6,16601.961495392956,0.028948386618856244,tabular-playground-series-may-2022__d75dd58e0bff47e9bd665df475ee1470,1,0.0,0.00391000000000008,1.0,4,0
tabular-playground-series-may-2022__0ec0c9ffdc0948a4927dab3efcc5eee7,cards_senior_0801.jsonl:29,tabular-playground-series-may-2022,hard,4,0,3,True,0,False,False,full_oracle,480.6,16601.961495392956,0.028948386618856244,tabular-playground-series-may-2022__b8fec3edbb0d4e0d8be0e0b649552878,1,1.0,0.0,0.0,1,1
tabular-playground-series-may-2022__44d0e7b5df4842d99e17e0759da5bc3f,cards_senior_0801.jsonl:29,tabular-playground-series-may-2022,hard,4,0,4,False,0,False,False,random,480.4,23674.933390071616,0.02029150376412302,tabular-playground-series-may-2022__2db19efb799e4de5895edb93d85b2566|tabular-playground-series-may-2022__4fdd3e809b0f4a3faf2db69645b93c4b|tabular-playground-series-may-2022__79d61fdff64b43d38b5ff3296acc2652|tabular-playground-series-may-2022__da119d83b67a44ee9f88a3327245e55e,4,0.25,0.008732500000000032,0.5540926395939108,2.5,
tabular-playground-series-may-2022__44d0e7b5df4842d99e17e0759da5bc3f,cards_senior_0801.jsonl:29,tabular-playground-series-may-2022,hard,4,0,4,False,0,False,False,stdout_only,480.4,23674.933390071616,0.02029150376412302,tabular-playground-series-may-2022__da119d83b67a44ee9f88a3327245e55e,1,0.0,0.015759999999999996,1.0,4,
tabular-playground-series-may-2022__44d0e7b5df4842d99e17e0759da5bc3f,cards_senior_0801.jsonl:29,tabular-playground-series-may-2022,hard,4,0,4,False,0,False,False,artifact_score_then_stdout,480.4,23674.933390071616,0.02029150376412302,tabular-playground-series-may-2022__da119d83b67a44ee9f88a3327245e55e,1,0.0,0.015759999999999996,1.0,4,
tabular-playground-series-may-2022__44d0e7b5df4842d99e17e0759da5bc3f,cards_senior_0801.jsonl:29,tabular-playground-series-may-2022,hard,4,0,4,False,0,False,False,parent_certified_override,480.4,23674.933390071616,0.02029150376412302,tabular-playground-series-may-2022__da119d83b67a44ee9f88a3327245e55e,1,0.0,0.015759999999999996,1.0,4,
tabular-playground-series-may-2022__44d0e7b5df4842d99e17e0759da5bc3f,cards_senior_0801.jsonl:29,tabular-playground-series-may-2022,hard,4,0,4,False,0,False,False,full_oracle,480.4,23674.933390071616,0.02029150376412302,tabular-playground-series-may-2022__2db19efb799e4de5895edb93d85b2566,1,1.0,0.0,0.0,1,
tabular-playground-series-may-2022__48951967df204997aee3aa2e62532b3c,cards_ours_20260727.jsonl:140,tabular-playground-series-may-2022,easy,2,0,1,False,0,False,False,random,240.0,1066.0304493904114,0.22513428217480963,tabular-playground-series-may-2022__63bb3182d23844efb65f5c6f635880c0|tabular-playground-series-may-2022__ee7c57076442408ab0cd8deda21efe3d,2,0.5,0.06340500000000004,0.5000000000000004,1.5,
tabular-playground-series-may-2022__48951967df204997aee3aa2e62532b3c,cards_ours_20260727.jsonl:140,tabular-playground-series-may-2022,easy,2,0,1,False,0,False,False,stdout_only,240.0,1066.0304493904114,0.22513428217480963,tabular-playground-series-may-2022__63bb3182d23844efb65f5c6f635880c0,1,1.0,0.0,0.0,1,
tabular-playground-series-may-2022__48951967df204997aee3aa2e62532b3c,cards_ours_20260727.jsonl:140,tabular-playground-series-may-2022,easy,2,0,1,False,0,False,False,artifact_score_then_stdout,240.0,1066.0304493904114,0.22513428217480963,tabular-playground-series-may-2022__63bb3182d23844efb65f5c6f635880c0,1,1.0,0.0,0.0,1,
tabular-playground-series-may-2022__48951967df204997aee3aa2e62532b3c,cards_ours_20260727.jsonl:140,tabular-playground-series-may-2022,easy,2,0,1,False,0,False,False,parent_certified_override,240.0,1066.0304493904114,0.22513428217480963,tabular-playground-series-may-2022__63bb3182d23844efb65f5c6f635880c0,1,1.0,0.0,0.0,1,
tabular-playground-series-may-2022__48951967df204997aee3aa2e62532b3c,cards_ours_20260727.jsonl:140,tabular-playground-series-may-2022,easy,2,0,1,False,0,False,False,full_oracle,240.0,1066.0304493904114,0.22513428217480963,tabular-playground-series-may-2022__63bb3182d23844efb65f5c6f635880c0,1,1.0,0.0,0.0,1,
tabular-playground-series-may-2022__818630c414c14ef7b27c045544f284b9,cards_ours_20260727.jsonl:114,tabular-playground-series-may-2022,easy,3,0,2,False,0,False,False,random,360.2,2233.641887664795,0.16126130244476128,tabular-playground-series-may-2022__242786b5b67d461d9e11c4830b75eb8c|tabular-playground-series-may-2022__5e16ecb8fdb1429ca6617f25dc3dffac|tabular-playground-series-may-2022__f7fdb3bb45a9446a892b9658a7649f80,3,0.3333333333333333,0.08688000000000007,0.6387295985884432,2,
tabular-playground-series-may-2022__818630c414c14ef7b27c045544f284b9,cards_ours_20260727.jsonl:114,tabular-playground-series-may-2022,easy,3,0,2,False,0,False,False,stdout_only,360.2,2233.641887664795,0.16126130244476128,tabular-playground-series-may-2022__242786b5b67d461d9e11c4830b75eb8c,1,0.0,0.12462000000000006,0.9161887957653289,2,
tabular-playground-series-may-2022__818630c414c14ef7b27c045544f284b9,cards_ours_20260727.jsonl:114,tabular-playground-series-may-2022,easy,3,0,2,False,0,False,False,artifact_score_then_stdout,360.2,2233.641887664795,0.16126130244476128,tabular-playground-series-may-2022__242786b5b67d461d9e11c4830b75eb8c,1,0.0,0.12462000000000006,0.9161887957653289,2,
tabular-playground-series-may-2022__818630c414c14ef7b27c045544f284b9,cards_ours_20260727.jsonl:114,tabular-playground-series-may-2022,easy,3,0,2,False,0,False,False,parent_certified_override,360.2,2233.641887664795,0.16126130244476128,tabular-playground-series-may-2022__242786b5b67d461d9e11c4830b75eb8c,1,0.0,0.12462000000000006,0.9161887957653289,2,
tabular-playground-series-may-2022__818630c414c14ef7b27c045544f284b9,cards_ours_20260727.jsonl:114,tabular-playground-series-may-2022,easy,3,0,2,False,0,False,False,full_oracle,360.2,2233.641887664795,0.16126130244476128,tabular-playground-series-may-2022__5e16ecb8fdb1429ca6617f25dc3dffac,1,1.0,0.0,0.0,1,
tabular-playground-series-may-2022__e8d65c593e2841dcbbf45a87e92889b7,cards_ours_20260727.jsonl:116,tabular-playground-series-may-2022,easy,3,0,2,True,0,False,False,random,360.29999999999995,1815.9516160488129,0.19840836992339508,tabular-playground-series-may-2022__3bd55e0164e9413cbeaa16b558f4b9b5|tabular-playground-series-may-2022__54771d7d3c3243cb98c0e06d98a7229e|tabular-playground-series-may-2022__dd85f0501dc3491ab42ffdbb35eed3b8,3,0.3333333333333333,0.08999000000000001,0.6596540096760007,2,0
tabular-playground-series-may-2022__e8d65c593e2841dcbbf45a87e92889b7,cards_ours_20260727.jsonl:116,tabular-playground-series-may-2022,easy,3,0,2,True,0,False,False,stdout_only,360.29999999999995,1815.9516160488129,0.19840836992339508,tabular-playground-series-may-2022__3bd55e0164e9413cbeaa16b558f4b9b5|tabular-playground-series-may-2022__54771d7d3c3243cb98c0e06d98a7229e,2,0.0,0.1349849999999999,0.9894810145140003,2.5,0
tabular-playground-series-may-2022__e8d65c593e2841dcbbf45a87e92889b7,cards_ours_20260727.jsonl:116,tabular-playground-series-may-2022,easy,3,0,2,True,0,False,False,artifact_score_then_stdout,360.29999999999995,1815.9516160488129,0.19840836992339508,tabular-playground-series-may-2022__3bd55e0164e9413cbeaa16b558f4b9b5|tabular-playground-series-may-2022__54771d7d3c3243cb98c0e06d98a7229e,2,0.0,0.1349849999999999,0.9894810145140003,2.5,0
tabular-playground-series-may-2022__e8d65c593e2841dcbbf45a87e92889b7,cards_ours_20260727.jsonl:116,tabular-playground-series-may-2022,easy,3,0,2,True,0,False,False,parent_certified_override,360.29999999999995,1815.9516160488129,0.19840836992339508,tabular-playground-series-may-2022__3bd55e0164e9413cbeaa16b558f4b9b5|tabular-playground-series-may-2022__54771d7d3c3243cb98c0e06d98a7229e,2,0.0,0.1349849999999999,0.9894810145140003,2.5,0
tabular-playground-series-may-2022__e8d65c593e2841dcbbf45a87e92889b7,cards_ours_20260727.jsonl:116,tabular-playground-series-may-2022,easy,3,0,2,True,0,False,False,full_oracle,360.29999999999995,1815.9516160488129,0.19840836992339508,tabular-playground-series-may-2022__dd85f0501dc3491ab42ffdbb35eed3b8,1,1.0,0.0,0.0,1,0
tabular-playground-series-may-2022__f2f51b6cab304bd49ba7dc6ff2fe3fda,cards_ours_20260727.jsonl:133,tabular-playground-series-may-2022,hard,2,0,0,True,0,False,False,random,240.3,1439.8594760894775,0.16689128626123442,tabular-playground-series-may-2022__0ec47cd5c46844e2aadf12bf694b6d69|tabular-playground-series-may-2022__c8c1855386084a54a8ebe192e60a7f4d,2,0.5,0.0006150000000000322,0.5000000000000452,1.5,0
tabular-playground-series-may-2022__f2f51b6cab304bd49ba7dc6ff2fe3fda,cards_ours_20260727.jsonl:133,tabular-playground-series-may-2022,hard,2,0,0,True,0,False,False,stdout_only,240.3,1439.8594760894775,0.16689128626123442,tabular-playground-series-may-2022__0ec47cd5c46844e2aadf12bf694b6d69|tabular-playground-series-may-2022__c8c1855386084a54a8ebe192e60a7f4d,2,0.5,0.0006150000000000322,0.5000000000000452,1.5,0
tabular-playground-series-may-2022__f2f51b6cab304bd49ba7dc6ff2fe3fda,cards_ours_20260727.jsonl:133,tabular-playground-series-may-2022,hard,2,0,0,True,0,False,False,artifact_score_then_stdout,240.3,1439.8594760894775,0.16689128626123442,tabular-playground-series-may-2022__0ec47cd5c46844e2aadf12bf694b6d69|tabular-playground-series-may-2022__c8c1855386084a54a8ebe192e60a7f4d,2,0.5,0.0006150000000000322,0.5000000000000452,1.5,0
tabular-playground-series-may-2022__f2f51b6cab304bd49ba7dc6ff2fe3fda,cards_ours_20260727.jsonl:133,tabular-playground-series-may-2022,hard,2,0,0,True,0,False,False,parent_certified_override,240.3,1439.8594760894775,0.16689128626123442,tabular-playground-series-may-2022__0ec47cd5c46844e2aadf12bf694b6d69|tabular-playground-series-may-2022__c8c1855386084a54a8ebe192e60a7f4d,2,0.5,0.0006150000000000322,0.5000000000000452,1.5,0
tabular-playground-series-may-2022__f2f51b6cab304bd49ba7dc6ff2fe3fda,cards_ours_20260727.jsonl:133,tabular-playground-series-may-2022,hard,2,0,0,True,0,False,False,full_oracle,240.3,1439.8594760894775,0.16689128626123442,tabular-playground-series-may-2022__0ec47cd5c46844e2aadf12bf694b6d69,1,1.0,0.0,0.0,1,0
text-normalization-challenge-english-language__1946507488ea4c9cb541223be7df9745,cards_senior_0808.jsonl:23,text-normalization-challenge-english-language,easy,2,0,0,True,0,False,False,random,5.699999999999999,2572.39770987723,0.0022158315481753546,text-normalization-challenge-english-language__34edc8d8a8ac4541b0a2be857e2e91ba|text-normalization-challenge-english-language__99a26b06e08f45699153b0ee7ad77137,2,0.5,0.094105,0.5,1.5,0
text-normalization-challenge-english-language__1946507488ea4c9cb541223be7df9745,cards_senior_0808.jsonl:23,text-normalization-challenge-english-language,easy,2,0,0,True,0,False,False,stdout_only,5.699999999999999,2572.39770987723,0.0022158315481753546,text-normalization-challenge-english-language__34edc8d8a8ac4541b0a2be857e2e91ba|text-normalization-challenge-english-language__99a26b06e08f45699153b0ee7ad77137,2,0.5,0.094105,0.5,1.5,0
text-normalization-challenge-english-language__1946507488ea4c9cb541223be7df9745,cards_senior_0808.jsonl:23,text-normalization-challenge-english-language,easy,2,0,0,True,0,False,False,artifact_score_then_stdout,5.699999999999999,2572.39770987723,0.0022158315481753546,text-normalization-challenge-english-language__34edc8d8a8ac4541b0a2be857e2e91ba|text-normalization-challenge-english-language__99a26b06e08f45699153b0ee7ad77137,2,0.5,0.094105,0.5,1.5,0
text-normalization-challenge-english-language__1946507488ea4c9cb541223be7df9745,cards_senior_0808.jsonl:23,text-normalization-challenge-english-language,easy,2,0,0,True,0,False,False,parent_certified_override,5.699999999999999,2572.39770987723,0.0022158315481753546,text-normalization-challenge-english-language__34edc8d8a8ac4541b0a2be857e2e91ba|text-normalization-challenge-english-language__99a26b06e08f45699153b0ee7ad77137,2,0.5,0.094105,0.5,1.5,0
text-normalization-challenge-english-language__1946507488ea4c9cb541223be7df9745,cards_senior_0808.jsonl:23,text-normalization-challenge-english-language,easy,2,0,0,True,0,False,False,full_oracle,5.699999999999999,2572.39770987723,0.0022158315481753546,text-normalization-challenge-english-language__34edc8d8a8ac4541b0a2be857e2e91ba,1,1.0,0.0,0.0,1,0
text-normalization-challenge-english-language__4d90e4cc207d48ae83b235eabf41448b,cards_senior_0808.jsonl:22,text-normalization-challenge-english-language,hard,2,0,0,True,0,False,False,random,9.8,5766.921121162362,0.0016993469815353992,text-normalization-challenge-english-language__0ed7f9763c4c4e3eb123445278690dae|text-normalization-challenge-english-language__c317471eb4c549a7b736a7104a543b79,2,0.5,0.00041999999999997595,0.49999999999993394,1.5,1
text-normalization-challenge-english-language__4d90e4cc207d48ae83b235eabf41448b,cards_senior_0808.jsonl:22,text-normalization-challenge-english-language,hard,2,0,0,True,0,False,False,stdout_only,9.8,5766.921121162362,0.0016993469815353992,text-normalization-challenge-english-language__0ed7f9763c4c4e3eb123445278690dae|text-normalization-challenge-english-language__c317471eb4c549a7b736a7104a543b79,2,0.5,0.00041999999999997595,0.49999999999993394,1.5,1
text-normalization-challenge-english-language__4d90e4cc207d48ae83b235eabf41448b,cards_senior_0808.jsonl:22,text-normalization-challenge-english-language,hard,2,0,0,True,0,False,False,artifact_score_then_stdout,9.8,5766.921121162362,0.0016993469815353992,text-normalization-challenge-english-language__0ed7f9763c4c4e3eb123445278690dae|text-normalization-challenge-english-language__c317471eb4c549a7b736a7104a543b79,2,0.5,0.00041999999999997595,0.49999999999993394,1.5,1
text-normalization-challenge-english-language__4d90e4cc207d48ae83b235eabf41448b,cards_senior_0808.jsonl:22,text-normalization-challenge-english-language,hard,2,0,0,True,0,False,False,parent_certified_override,9.8,5766.921121162362,0.0016993469815353992,text-normalization-challenge-english-language__0ed7f9763c4c4e3eb123445278690dae|text-normalization-challenge-english-language__c317471eb4c549a7b736a7104a543b79,2,0.5,0.00041999999999997595,0.49999999999993394,1.5,1
text-normalization-challenge-english-language__4d90e4cc207d48ae83b235eabf41448b,cards_senior_0808.jsonl:22,text-normalization-challenge-english-language,hard,2,0,0,True,0,False,False,full_oracle,9.8,5766.921121162362,0.0016993469815353992,text-normalization-challenge-english-language__0ed7f9763c4c4e3eb123445278690dae,1,1.0,0.0,0.0,1,1
text-normalization-challenge-english-language__5a3e417fde89446db15aa4fe5e9af9d1,cards_senior_0808.jsonl:22,text-normalization-challenge-english-language,easy,2,0,0,True,0,False,False,random,9.9,1587.7972574308515,0.0062350529664088085,text-normalization-challenge-english-language__7008d36ab2f34145ad6685619b5dc6f5|text-normalization-challenge-english-language__bacc0486e8514bb19fed5da934794b4f,2,0.5,0.006979999999999986,0.5,1.5,0.5
text-normalization-challenge-english-language__5a3e417fde89446db15aa4fe5e9af9d1,cards_senior_0808.jsonl:22,text-normalization-challenge-english-language,easy,2,0,0,True,0,False,False,stdout_only,9.9,1587.7972574308515,0.0062350529664088085,text-normalization-challenge-english-language__7008d36ab2f34145ad6685619b5dc6f5|text-normalization-challenge-english-language__bacc0486e8514bb19fed5da934794b4f,2,0.5,0.006979999999999986,0.5,1.5,0.5
text-normalization-challenge-english-language__5a3e417fde89446db15aa4fe5e9af9d1,cards_senior_0808.jsonl:22,text-normalization-challenge-english-language,easy,2,0,0,True,0,False,False,artifact_score_then_stdout,9.9,1587.7972574308515,0.0062350529664088085,text-normalization-challenge-english-language__7008d36ab2f34145ad6685619b5dc6f5|text-normalization-challenge-english-language__bacc0486e8514bb19fed5da934794b4f,2,0.5,0.006979999999999986,0.5,1.5,0.5
text-normalization-challenge-english-language__5a3e417fde89446db15aa4fe5e9af9d1,cards_senior_0808.jsonl:22,text-normalization-challenge-english-language,easy,2,0,0,True,0,False,False,parent_certified_override,9.9,1587.7972574308515,0.0062350529664088085,text-normalization-challenge-english-language__7008d36ab2f34145ad6685619b5dc6f5|text-normalization-challenge-english-language__bacc0486e8514bb19fed5da934794b4f,2,0.5,0.006979999999999986,0.5,1.5,0.5
text-normalization-challenge-english-language__5a3e417fde89446db15aa4fe5e9af9d1,cards_senior_0808.jsonl:22,text-normalization-challenge-english-language,easy,2,0,0,True,0,False,False,full_oracle,9.9,1587.7972574308515,0.0062350529664088085,text-normalization-challenge-english-language__bacc0486e8514bb19fed5da934794b4f,1,1.0,0.0,0.0,1,1
text-normalization-challenge-english-language__858e3b43de80440dbd33e324dea2c6b9,cards_senior_0808.jsonl:22,text-normalization-challenge-english-language,hard,2,0,0,True,0,False,False,random,9.4,2994.2978588081896,0.0031393002444123747,text-normalization-challenge-english-language__29f436da5b0648589fc09c95fd35802c|text-normalization-challenge-english-language__a6194a4710b54ff192d573518f37ce94,2,0.5,3.500000000000725e-05,0.500000000000793,1.5,0.5
text-normalization-challenge-english-language__858e3b43de80440dbd33e324dea2c6b9,cards_senior_0808.jsonl:22,text-normalization-challenge-english-language,hard,2,0,0,True,0,False,False,stdout_only,9.4,2994.2978588081896,0.0031393002444123747,text-normalization-challenge-english-language__29f436da5b0648589fc09c95fd35802c|text-normalization-challenge-english-language__a6194a4710b54ff192d573518f37ce94,2,0.5,3.500000000000725e-05,0.500000000000793,1.5,0.5
text-normalization-challenge-english-language__858e3b43de80440dbd33e324dea2c6b9,cards_senior_0808.jsonl:22,text-normalization-challenge-english-language,hard,2,0,0,True,0,False,False,artifact_score_then_stdout,9.4,2994.2978588081896,0.0031393002444123747,text-normalization-challenge-english-language__29f436da5b0648589fc09c95fd35802c|text-normalization-challenge-english-language__a6194a4710b54ff192d573518f37ce94,2,0.5,3.500000000000725e-05,0.500000000000793,1.5,0.5
text-normalization-challenge-english-language__858e3b43de80440dbd33e324dea2c6b9,cards_senior_0808.jsonl:22,text-normalization-challenge-english-language,hard,2,0,0,True,0,False,False,parent_certified_override,9.4,2994.2978588081896,0.0031393002444123747,text-normalization-challenge-english-language__29f436da5b0648589fc09c95fd35802c|text-normalization-challenge-english-language__a6194a4710b54ff192d573518f37ce94,2,0.5,3.500000000000725e-05,0.500000000000793,1.5,0.5
text-normalization-challenge-english-language__858e3b43de80440dbd33e324dea2c6b9,cards_senior_0808.jsonl:22,text-normalization-challenge-english-language,hard,2,0,0,True,0,False,False,full_oracle,9.4,2994.2978588081896,0.0031393002444123747,text-normalization-challenge-english-language__a6194a4710b54ff192d573518f37ce94,1,1.0,0.0,0.0,1,1
text-normalization-challenge-english-language__d28cf7a8f6e7407285f8890122923641,cards_senior_0808.jsonl:22,text-normalization-challenge-english-language,hard,2,0,0,True,0,False,False,random,9.4,3877.7280311528593,0.002424099865818943,text-normalization-challenge-english-language__9392f64ff1f84e9284c2dd8a154a7075|text-normalization-challenge-english-language__a985c60513e94d3689ab07945cc0bbff,2,0.5,0.0010299999999999754,0.5,1.5,0.5
text-normalization-challenge-english-language__d28cf7a8f6e7407285f8890122923641,cards_senior_0808.jsonl:22,text-normalization-challenge-english-language,hard,2,0,0,True,0,False,False,stdout_only,9.4,3877.7280311528593,0.002424099865818943,text-normalization-challenge-english-language__9392f64ff1f84e9284c2dd8a154a7075|text-normalization-challenge-english-language__a985c60513e94d3689ab07945cc0bbff,2,0.5,0.0010299999999999754,0.5,1.5,0.5
text-normalization-challenge-english-language__d28cf7a8f6e7407285f8890122923641,cards_senior_0808.jsonl:22,text-normalization-challenge-english-language,hard,2,0,0,True,0,False,False,artifact_score_then_stdout,9.4,3877.7280311528593,0.002424099865818943,text-normalization-challenge-english-language__9392f64ff1f84e9284c2dd8a154a7075|text-normalization-challenge-english-language__a985c60513e94d3689ab07945cc0bbff,2,0.5,0.0010299999999999754,0.5,1.5,0.5
text-normalization-challenge-english-language__d28cf7a8f6e7407285f8890122923641,cards_senior_0808.jsonl:22,text-normalization-challenge-english-language,hard,2,0,0,True,0,False,False,parent_certified_override,9.4,3877.7280311528593,0.002424099865818943,text-normalization-challenge-english-language__9392f64ff1f84e9284c2dd8a154a7075|text-normalization-challenge-english-language__a985c60513e94d3689ab07945cc0bbff,2,0.5,0.0010299999999999754,0.5,1.5,0.5
text-normalization-challenge-english-language__d28cf7a8f6e7407285f8890122923641,cards_senior_0808.jsonl:22,text-normalization-challenge-english-language,hard,2,0,0,True,0,False,False,full_oracle,9.4,3877.7280311528593,0.002424099865818943,text-normalization-challenge-english-language__9392f64ff1f84e9284c2dd8a154a7075,1,1.0,0.0,0.0,1,1
text-normalization-challenge-russian-language__0cbe5ab914ed4c0084e137aff6c5aac2,cards_senior_0809.jsonl:23,text-normalization-challenge-russian-language,hard,2,0,0,True,0,False,False,random,9.2,2425.146029845928,0.0037935859889577394,text-normalization-challenge-russian-language__17aee59d02c4456da6f4c9f0a012608e|text-normalization-challenge-russian-language__ec66f21087014f2f9ef743b6d89534a2,2,0.5,0.0011900000000000244,0.5,1.5,1
text-normalization-challenge-russian-language__0cbe5ab914ed4c0084e137aff6c5aac2,cards_senior_0809.jsonl:23,text-normalization-challenge-russian-language,hard,2,0,0,True,0,False,False,stdout_only,9.2,2425.146029845928,0.0037935859889577394,text-normalization-challenge-russian-language__17aee59d02c4456da6f4c9f0a012608e|text-normalization-challenge-russian-language__ec66f21087014f2f9ef743b6d89534a2,2,0.5,0.0011900000000000244,0.5,1.5,1
text-normalization-challenge-russian-language__0cbe5ab914ed4c0084e137aff6c5aac2,cards_senior_0809.jsonl:23,text-normalization-challenge-russian-language,hard,2,0,0,True,0,False,False,artifact_score_then_stdout,9.2,2425.146029845928,0.0037935859889577394,text-normalization-challenge-russian-language__17aee59d02c4456da6f4c9f0a012608e|text-normalization-challenge-russian-language__ec66f21087014f2f9ef743b6d89534a2,2,0.5,0.0011900000000000244,0.5,1.5,1
text-normalization-challenge-russian-language__0cbe5ab914ed4c0084e137aff6c5aac2,cards_senior_0809.jsonl:23,text-normalization-challenge-russian-language,hard,2,0,0,True,0,False,False,parent_certified_override,9.2,2425.146029845928,0.0037935859889577394,text-normalization-challenge-russian-language__17aee59d02c4456da6f4c9f0a012608e|text-normalization-challenge-russian-language__ec66f21087014f2f9ef743b6d89534a2,2,0.5,0.0011900000000000244,0.5,1.5,1
text-normalization-challenge-russian-language__0cbe5ab914ed4c0084e137aff6c5aac2,cards_senior_0809.jsonl:23,text-normalization-challenge-russian-language,hard,2,0,0,True,0,False,False,full_oracle,9.2,2425.146029845928,0.0037935859889577394,text-normalization-challenge-russian-language__ec66f21087014f2f9ef743b6d89534a2,1,1.0,0.0,0.0,1,1
text-normalization-challenge-russian-language__265714a90f6144db8d466aa8c461fab3,cards_senior_0809.jsonl:23,text-normalization-challenge-russian-language,hard,2,0,0,True,0,False,False,random,11.5,2591.4788036131067,0.004437620706743348,text-normalization-challenge-russian-language__12df4ee4a31c43728bf318e397db833e|text-normalization-challenge-russian-language__c31cc5384e6f4f609ece877427c14945,2,0.5,3.500000000000725e-05,0.5,1.5,0
text-normalization-challenge-russian-language__265714a90f6144db8d466aa8c461fab3,cards_senior_0809.jsonl:23,text-normalization-challenge-russian-language,hard,2,0,0,True,0,False,False,stdout_only,11.5,2591.4788036131067,0.004437620706743348,text-normalization-challenge-russian-language__12df4ee4a31c43728bf318e397db833e|text-normalization-challenge-russian-language__c31cc5384e6f4f609ece877427c14945,2,0.5,3.500000000000725e-05,0.5,1.5,0
text-normalization-challenge-russian-language__265714a90f6144db8d466aa8c461fab3,cards_senior_0809.jsonl:23,text-normalization-challenge-russian-language,hard,2,0,0,True,0,False,False,artifact_score_then_stdout,11.5,2591.4788036131067,0.004437620706743348,text-normalization-challenge-russian-language__12df4ee4a31c43728bf318e397db833e|text-normalization-challenge-russian-language__c31cc5384e6f4f609ece877427c14945,2,0.5,3.500000000000725e-05,0.5,1.5,0
text-normalization-challenge-russian-language__265714a90f6144db8d466aa8c461fab3,cards_senior_0809.jsonl:23,text-normalization-challenge-russian-language,hard,2,0,0,True,0,False,False,parent_certified_override,11.5,2591.4788036131067,0.004437620706743348,text-normalization-challenge-russian-language__12df4ee4a31c43728bf318e397db833e|text-normalization-challenge-russian-language__c31cc5384e6f4f609ece877427c14945,2,0.5,3.500000000000725e-05,0.5,1.5,0
text-normalization-challenge-russian-language__265714a90f6144db8d466aa8c461fab3,cards_senior_0809.jsonl:23,text-normalization-challenge-russian-language,hard,2,0,0,True,0,False,False,full_oracle,11.5,2591.4788036131067,0.004437620706743348,text-normalization-challenge-russian-language__c31cc5384e6f4f609ece877427c14945,1,1.0,0.0,0.0,1,0
text-normalization-challenge-russian-language__43dbfa889c46450da2f5fab7fcfec4da,cards_senior_0809.jsonl:23,text-normalization-challenge-russian-language,hard,2,0,0,True,0,False,False,random,9.3,2994.488991727936,0.003105705188995716,text-normalization-challenge-russian-language__2fe66094d42742808d9a58b89318bbe2|text-normalization-challenge-russian-language__bb14510d97f9431b9d38af8c0c6ec464,2,0.5,0.00270999999999999,0.5,1.5,0.5
text-normalization-challenge-russian-language__43dbfa889c46450da2f5fab7fcfec4da,cards_senior_0809.jsonl:23,text-normalization-challenge-russian-language,hard,2,0,0,True,0,False,False,stdout_only,9.3,2994.488991727936,0.003105705188995716,text-normalization-challenge-russian-language__2fe66094d42742808d9a58b89318bbe2|text-normalization-challenge-russian-language__bb14510d97f9431b9d38af8c0c6ec464,2,0.5,0.00270999999999999,0.5,1.5,0.5
text-normalization-challenge-russian-language__43dbfa889c46450da2f5fab7fcfec4da,cards_senior_0809.jsonl:23,text-normalization-challenge-russian-language,hard,2,0,0,True,0,False,False,artifact_score_then_stdout,9.3,2994.488991727936,0.003105705188995716,text-normalization-challenge-russian-language__2fe66094d42742808d9a58b89318bbe2|text-normalization-challenge-russian-language__bb14510d97f9431b9d38af8c0c6ec464,2,0.5,0.00270999999999999,0.5,1.5,0.5
text-normalization-challenge-russian-language__43dbfa889c46450da2f5fab7fcfec4da,cards_senior_0809.jsonl:23,text-normalization-challenge-russian-language,hard,2,0,0,True,0,False,False,parent_certified_override,9.3,2994.488991727936,0.003105705188995716,text-normalization-challenge-russian-language__2fe66094d42742808d9a58b89318bbe2|text-normalization-challenge-russian-language__bb14510d97f9431b9d38af8c0c6ec464,2,0.5,0.00270999999999999,0.5,1.5,0.5
text-normalization-challenge-russian-language__43dbfa889c46450da2f5fab7fcfec4da,cards_senior_0809.jsonl:23,text-normalization-challenge-russian-language,hard,2,0,0,True,0,False,False,full_oracle,9.3,2994.488991727936,0.003105705188995716,text-normalization-challenge-russian-language__2fe66094d42742808d9a58b89318bbe2,1,1.0,0.0,0.0,1,1
tweet-sentiment-extraction__5be644ad99144cb6b4497c8660eebaee,cards_senior_0808.jsonl:31,tweet-sentiment-extraction,easy,2,0,0,True,0,False,False,random,240.2,2024.7811343371868,0.11863010570701983,tweet-sentiment-extraction__8d8df13692c14f7db7597f2cad9346cf|tweet-sentiment-extraction__e1266dc1dbe04bbfb31bfcee508ffddd,2,0.5,0.01206000000000007,0.5000000000000023,1.5,0.5
tweet-sentiment-extraction__5be644ad99144cb6b4497c8660eebaee,cards_senior_0808.jsonl:31,tweet-sentiment-extraction,easy,2,0,0,True,0,False,False,stdout_only,240.2,2024.7811343371868,0.11863010570701983,tweet-sentiment-extraction__8d8df13692c14f7db7597f2cad9346cf|tweet-sentiment-extraction__e1266dc1dbe04bbfb31bfcee508ffddd,2,0.5,0.01206000000000007,0.5000000000000023,1.5,0.5
tweet-sentiment-extraction__5be644ad99144cb6b4497c8660eebaee,cards_senior_0808.jsonl:31,tweet-sentiment-extraction,easy,2,0,0,True,0,False,False,artifact_score_then_stdout,240.2,2024.7811343371868,0.11863010570701983,tweet-sentiment-extraction__8d8df13692c14f7db7597f2cad9346cf|tweet-sentiment-extraction__e1266dc1dbe04bbfb31bfcee508ffddd,2,0.5,0.01206000000000007,0.5000000000000023,1.5,0.5
tweet-sentiment-extraction__5be644ad99144cb6b4497c8660eebaee,cards_senior_0808.jsonl:31,tweet-sentiment-extraction,easy,2,0,0,True,0,False,False,parent_certified_override,240.2,2024.7811343371868,0.11863010570701983,tweet-sentiment-extraction__8d8df13692c14f7db7597f2cad9346cf|tweet-sentiment-extraction__e1266dc1dbe04bbfb31bfcee508ffddd,2,0.5,0.01206000000000007,0.5000000000000023,1.5,0.5
tweet-sentiment-extraction__5be644ad99144cb6b4497c8660eebaee,cards_senior_0808.jsonl:31,tweet-sentiment-extraction,easy,2,0,0,True,0,False,False,full_oracle,240.2,2024.7811343371868,0.11863010570701983,tweet-sentiment-extraction__e1266dc1dbe04bbfb31bfcee508ffddd,1,1.0,0.0,0.0,1,1
tweet-sentiment-extraction__79b72c1b23df4f8db3284a62700da952,cards_senior_0806.jsonl:24,tweet-sentiment-extraction,hard,2,0,0,True,0,False,False,random,240.3,2254.8838921114802,0.10656868002856783,tweet-sentiment-extraction__46adc5e68d6b40dbb11b144b2641767b|tweet-sentiment-extraction__d680305409224abba779c433973d67ad,2,0.5,0.003155000000000019,0.5,1.5,0
tweet-sentiment-extraction__79b72c1b23df4f8db3284a62700da952,cards_senior_0806.jsonl:24,tweet-sentiment-extraction,hard,2,0,0,True,0,False,False,stdout_only,240.3,2254.8838921114802,0.10656868002856783,tweet-sentiment-extraction__46adc5e68d6b40dbb11b144b2641767b|tweet-sentiment-extraction__d680305409224abba779c433973d67ad,2,0.5,0.003155000000000019,0.5,1.5,0
tweet-sentiment-extraction__79b72c1b23df4f8db3284a62700da952,cards_senior_0806.jsonl:24,tweet-sentiment-extraction,hard,2,0,0,True,0,False,False,artifact_score_then_stdout,240.3,2254.8838921114802,0.10656868002856783,tweet-sentiment-extraction__46adc5e68d6b40dbb11b144b2641767b|tweet-sentiment-extraction__d680305409224abba779c433973d67ad,2,0.5,0.003155000000000019,0.5,1.5,0
tweet-sentiment-extraction__79b72c1b23df4f8db3284a62700da952,cards_senior_0806.jsonl:24,tweet-sentiment-extraction,hard,2,0,0,True,0,False,False,parent_certified_override,240.3,2254.8838921114802,0.10656868002856783,tweet-sentiment-extraction__46adc5e68d6b40dbb11b144b2641767b|tweet-sentiment-extraction__d680305409224abba779c433973d67ad,2,0.5,0.003155000000000019,0.5,1.5,0
tweet-sentiment-extraction__79b72c1b23df4f8db3284a62700da952,cards_senior_0806.jsonl:24,tweet-sentiment-extraction,hard,2,0,0,True,0,False,False,full_oracle,240.3,2254.8838921114802,0.10656868002856783,tweet-sentiment-extraction__46adc5e68d6b40dbb11b144b2641767b,1,1.0,0.0,0.0,1,0
tweet-sentiment-extraction__8e67290c9fd54dba997e3b505c195ccd,cards_senior_0808.jsonl:31,tweet-sentiment-extraction,hard,2,0,0,True,0,False,False,random,240.2,4238.258394338191,0.05667422267620083,tweet-sentiment-extraction__ba991b0a79ab4c0b891f8b9d0a51596b|tweet-sentiment-extraction__ebc3354908f34e22a46f39eedfe14ff7,2,0.5,0.004805000000000059,0.5000000000000058,1.5,0
tweet-sentiment-extraction__8e67290c9fd54dba997e3b505c195ccd,cards_senior_0808.jsonl:31,tweet-sentiment-extraction,hard,2,0,0,True,0,False,False,stdout_only,240.2,4238.258394338191,0.05667422267620083,tweet-sentiment-extraction__ba991b0a79ab4c0b891f8b9d0a51596b|tweet-sentiment-extraction__ebc3354908f34e22a46f39eedfe14ff7,2,0.5,0.004805000000000059,0.5000000000000058,1.5,0
tweet-sentiment-extraction__8e67290c9fd54dba997e3b505c195ccd,cards_senior_0808.jsonl:31,tweet-sentiment-extraction,hard,2,0,0,True,0,False,False,artifact_score_then_stdout,240.2,4238.258394338191,0.05667422267620083,tweet-sentiment-extraction__ba991b0a79ab4c0b891f8b9d0a51596b|tweet-sentiment-extraction__ebc3354908f34e22a46f39eedfe14ff7,2,0.5,0.004805000000000059,0.5000000000000058,1.5,0
tweet-sentiment-extraction__8e67290c9fd54dba997e3b505c195ccd,cards_senior_0808.jsonl:31,tweet-sentiment-extraction,hard,2,0,0,True,0,False,False,parent_certified_override,240.2,4238.258394338191,0.05667422267620083,tweet-sentiment-extraction__ba991b0a79ab4c0b891f8b9d0a51596b|tweet-sentiment-extraction__ebc3354908f34e22a46f39eedfe14ff7,2,0.5,0.004805000000000059,0.5000000000000058,1.5,0
tweet-sentiment-extraction__8e67290c9fd54dba997e3b505c195ccd,cards_senior_0808.jsonl:31,tweet-sentiment-extraction,hard,2,0,0,True,0,False,False,full_oracle,240.2,4238.258394338191,0.05667422267620083,tweet-sentiment-extraction__ba991b0a79ab4c0b891f8b9d0a51596b,1,1.0,0.0,0.0,1,0
tweet-sentiment-extraction__d1885b0e987f42cdb76500c3050dc204,cards_senior_0808.jsonl:31,tweet-sentiment-extraction,easy,2,0,0,True,0,False,False,random,240.2,4227.325843855739,0.056820791410986636,tweet-sentiment-extraction__ca1e8db2630c463c9f5cec8ec4372e82|tweet-sentiment-extraction__f6c40c870e6a4745a99c42726964c10f,2,0.5,0.02022999999999997,0.4999999999999986,1.5,0.5
tweet-sentiment-extraction__d1885b0e987f42cdb76500c3050dc204,cards_senior_0808.jsonl:31,tweet-sentiment-extraction,easy,2,0,0,True,0,False,False,stdout_only,240.2,4227.325843855739,0.056820791410986636,tweet-sentiment-extraction__ca1e8db2630c463c9f5cec8ec4372e82|tweet-sentiment-extraction__f6c40c870e6a4745a99c42726964c10f,2,0.5,0.02022999999999997,0.4999999999999986,1.5,0.5
tweet-sentiment-extraction__d1885b0e987f42cdb76500c3050dc204,cards_senior_0808.jsonl:31,tweet-sentiment-extraction,easy,2,0,0,True,0,False,False,artifact_score_then_stdout,240.2,4227.325843855739,0.056820791410986636,tweet-sentiment-extraction__ca1e8db2630c463c9f5cec8ec4372e82|tweet-sentiment-extraction__f6c40c870e6a4745a99c42726964c10f,2,0.5,0.02022999999999997,0.4999999999999986,1.5,0.5
tweet-sentiment-extraction__d1885b0e987f42cdb76500c3050dc204,cards_senior_0808.jsonl:31,tweet-sentiment-extraction,easy,2,0,0,True,0,False,False,parent_certified_override,240.2,4227.325843855739,0.056820791410986636,tweet-sentiment-extraction__ca1e8db2630c463c9f5cec8ec4372e82|tweet-sentiment-extraction__f6c40c870e6a4745a99c42726964c10f,2,0.5,0.02022999999999997,0.4999999999999986,1.5,0.5
tweet-sentiment-extraction__d1885b0e987f42cdb76500c3050dc204,cards_senior_0808.jsonl:31,tweet-sentiment-extraction,easy,2,0,0,True,0,False,False,full_oracle,240.2,4227.325843855739,0.056820791410986636,tweet-sentiment-extraction__f6c40c870e6a4745a99c42726964c10f,1,1.0,0.0,0.0,1,1
tweet-sentiment-extraction__e3a6b0cbf8c442d29c34bfeed357e7b9,cards_ours_20260727.jsonl:78,tweet-sentiment-extraction,easy,2,0,2,True,0,False,False,random,240.4,1624.8608327880502,0.14795113227482062,tweet-sentiment-extraction__0a0cc958b101410bb78c7b4aa2e35de7|tweet-sentiment-extraction__e81936fc2667464d8c5cb91c12c2dae1,2,0.5,0.020484999999999975,0.49999999999999867,1.5,0.5
tweet-sentiment-extraction__e3a6b0cbf8c442d29c34bfeed357e7b9,cards_ours_20260727.jsonl:78,tweet-sentiment-extraction,easy,2,0,2,True,0,False,False,stdout_only,240.4,1624.8608327880502,0.14795113227482062,tweet-sentiment-extraction__e81936fc2667464d8c5cb91c12c2dae1,1,1.0,0.0,0.0,1,1
tweet-sentiment-extraction__e3a6b0cbf8c442d29c34bfeed357e7b9,cards_ours_20260727.jsonl:78,tweet-sentiment-extraction,easy,2,0,2,True,0,False,False,artifact_score_then_stdout,240.4,1624.8608327880502,0.14795113227482062,tweet-sentiment-extraction__e81936fc2667464d8c5cb91c12c2dae1,1,1.0,0.0,0.0,1,1
tweet-sentiment-extraction__e3a6b0cbf8c442d29c34bfeed357e7b9,cards_ours_20260727.jsonl:78,tweet-sentiment-extraction,easy,2,0,2,True,0,False,False,parent_certified_override,240.4,1624.8608327880502,0.14795113227482062,tweet-sentiment-extraction__e81936fc2667464d8c5cb91c12c2dae1,1,1.0,0.0,0.0,1,1
tweet-sentiment-extraction__e3a6b0cbf8c442d29c34bfeed357e7b9,cards_ours_20260727.jsonl:78,tweet-sentiment-extraction,easy,2,0,2,True,0,False,False,full_oracle,240.4,1624.8608327880502,0.14795113227482062,tweet-sentiment-extraction__e81936fc2667464d8c5cb91c12c2dae1,1,1.0,0.0,0.0,1,1
tweet-sentiment-extraction__f4ea2d18e2ab4322a42cebfe171dd8f0,cards_senior_0806.jsonl:24,tweet-sentiment-extraction,hard,2,0,0,True,0,False,False,random,240.3,2112.7560164816678,0.11373769527830621,tweet-sentiment-extraction__2dd226e419444bda9332f9335227453b|tweet-sentiment-extraction__682d524e66a341aeaea1f6bfc8e79e3f,2,0.5,0.0021499999999999853,0.5,1.5,0.5
tweet-sentiment-extraction__f4ea2d18e2ab4322a42cebfe171dd8f0,cards_senior_0806.jsonl:24,tweet-sentiment-extraction,hard,2,0,0,True,0,False,False,stdout_only,240.3,2112.7560164816678,0.11373769527830621,tweet-sentiment-extraction__2dd226e419444bda9332f9335227453b|tweet-sentiment-extraction__682d524e66a341aeaea1f6bfc8e79e3f,2,0.5,0.0021499999999999853,0.5,1.5,0.5
tweet-sentiment-extraction__f4ea2d18e2ab4322a42cebfe171dd8f0,cards_senior_0806.jsonl:24,tweet-sentiment-extraction,hard,2,0,0,True,0,False,False,artifact_score_then_stdout,240.3,2112.7560164816678,0.11373769527830621,tweet-sentiment-extraction__2dd226e419444bda9332f9335227453b|tweet-sentiment-extraction__682d524e66a341aeaea1f6bfc8e79e3f,2,0.5,0.0021499999999999853,0.5,1.5,0.5
tweet-sentiment-extraction__f4ea2d18e2ab4322a42cebfe171dd8f0,cards_senior_0806.jsonl:24,tweet-sentiment-extraction,hard,2,0,0,True,0,False,False,parent_certified_override,240.3,2112.7560164816678,0.11373769527830621,tweet-sentiment-extraction__2dd226e419444bda9332f9335227453b|tweet-sentiment-extraction__682d524e66a341aeaea1f6bfc8e79e3f,2,0.5,0.0021499999999999853,0.5,1.5,0.5
tweet-sentiment-extraction__f4ea2d18e2ab4322a42cebfe171dd8f0,cards_senior_0806.jsonl:24,tweet-sentiment-extraction,hard,2,0,0,True,0,False,False,full_oracle,240.3,2112.7560164816678,0.11373769527830621,tweet-sentiment-extraction__2dd226e419444bda9332f9335227453b,1,1.0,0.0,0.0,1,1
us-patent-phrase-to-phrase-matching__3bd04fbd77e74e74a15e216bba7cb7f2,cards_senior_0809.jsonl:0,us-patent-phrase-to-phrase-matching,easy,2,0,0,True,0,False,False,random,240.2,1165.0347208827734,0.20617411283501916,us-patent-phrase-to-phrase-matching__1c4488edb7d64655b66855bb93bf1e8b|us-patent-phrase-to-phrase-matching__62f7f6d4c93243f8b5cfb6c826567d0e,2,0.5,0.22229500000000002,0.5000000000000001,1.5,0
us-patent-phrase-to-phrase-matching__3bd04fbd77e74e74a15e216bba7cb7f2,cards_senior_0809.jsonl:0,us-patent-phrase-to-phrase-matching,easy,2,0,0,True,0,False,False,stdout_only,240.2,1165.0347208827734,0.20617411283501916,us-patent-phrase-to-phrase-matching__1c4488edb7d64655b66855bb93bf1e8b|us-patent-phrase-to-phrase-matching__62f7f6d4c93243f8b5cfb6c826567d0e,2,0.5,0.22229500000000002,0.5000000000000001,1.5,0
us-patent-phrase-to-phrase-matching__3bd04fbd77e74e74a15e216bba7cb7f2,cards_senior_0809.jsonl:0,us-patent-phrase-to-phrase-matching,easy,2,0,0,True,0,False,False,artifact_score_then_stdout,240.2,1165.0347208827734,0.20617411283501916,us-patent-phrase-to-phrase-matching__1c4488edb7d64655b66855bb93bf1e8b|us-patent-phrase-to-phrase-matching__62f7f6d4c93243f8b5cfb6c826567d0e,2,0.5,0.22229500000000002,0.5000000000000001,1.5,0
us-patent-phrase-to-phrase-matching__3bd04fbd77e74e74a15e216bba7cb7f2,cards_senior_0809.jsonl:0,us-patent-phrase-to-phrase-matching,easy,2,0,0,True,0,False,False,parent_certified_override,240.2,1165.0347208827734,0.20617411283501916,us-patent-phrase-to-phrase-matching__1c4488edb7d64655b66855bb93bf1e8b|us-patent-phrase-to-phrase-matching__62f7f6d4c93243f8b5cfb6c826567d0e,2,0.5,0.22229500000000002,0.5000000000000001,1.5,0
us-patent-phrase-to-phrase-matching__3bd04fbd77e74e74a15e216bba7cb7f2,cards_senior_0809.jsonl:0,us-patent-phrase-to-phrase-matching,easy,2,0,0,True,0,False,False,full_oracle,240.2,1165.0347208827734,0.20617411283501916,us-patent-phrase-to-phrase-matching__62f7f6d4c93243f8b5cfb6c826567d0e,1,1.0,0.0,0.0,1,0
us-patent-phrase-to-phrase-matching__3c22a06bf2df41b8a3919319aec84af6,cards_senior_0809.jsonl:0,us-patent-phrase-to-phrase-matching,easy,2,0,2,True,0,False,False,random,240.2,3890.8896679207683,0.06173395302888637,us-patent-phrase-to-phrase-matching__377975af886d4537bf3642d36be325b8|us-patent-phrase-to-phrase-matching__48b67d035f0442d0893e85642d0c5c70,2,0.5,0.017005000000000048,0.5000000000000017,1.5,0
us-patent-phrase-to-phrase-matching__3c22a06bf2df41b8a3919319aec84af6,cards_senior_0809.jsonl:0,us-patent-phrase-to-phrase-matching,easy,2,0,2,True,0,False,False,stdout_only,240.2,3890.8896679207683,0.06173395302888637,us-patent-phrase-to-phrase-matching__377975af886d4537bf3642d36be325b8,1,0.0,0.034009999999999985,1.0,2,0
us-patent-phrase-to-phrase-matching__3c22a06bf2df41b8a3919319aec84af6,cards_senior_0809.jsonl:0,us-patent-phrase-to-phrase-matching,easy,2,0,2,True,0,False,False,artifact_score_then_stdout,240.2,3890.8896679207683,0.06173395302888637,us-patent-phrase-to-phrase-matching__377975af886d4537bf3642d36be325b8,1,0.0,0.034009999999999985,1.0,2,0
us-patent-phrase-to-phrase-matching__3c22a06bf2df41b8a3919319aec84af6,cards_senior_0809.jsonl:0,us-patent-phrase-to-phrase-matching,easy,2,0,2,True,0,False,False,parent_certified_override,240.2,3890.8896679207683,0.06173395302888637,us-patent-phrase-to-phrase-matching__377975af886d4537bf3642d36be325b8,1,0.0,0.034009999999999985,1.0,2,0
us-patent-phrase-to-phrase-matching__3c22a06bf2df41b8a3919319aec84af6,cards_senior_0809.jsonl:0,us-patent-phrase-to-phrase-matching,easy,2,0,2,True,0,False,False,full_oracle,240.2,3890.8896679207683,0.06173395302888637,us-patent-phrase-to-phrase-matching__48b67d035f0442d0893e85642d0c5c70,1,1.0,0.0,0.0,1,0
us-patent-phrase-to-phrase-matching__586121ab64c04adcbd5d9cddd9a8797a,cards_senior_0809.jsonl:3,us-patent-phrase-to-phrase-matching,hard,2,0,0,True,0,False,False,random,241.0,2954.1768367290497,0.08157940885720376,us-patent-phrase-to-phrase-matching__4d490c1fd354424590af4de01f88d37e|us-patent-phrase-to-phrase-matching__de37da6839394cd6b7b11d20cb6c5fa0,2,0.5,0.0007150000000000212,0.5,1.5,1
us-patent-phrase-to-phrase-matching__586121ab64c04adcbd5d9cddd9a8797a,cards_senior_0809.jsonl:3,us-patent-phrase-to-phrase-matching,hard,2,0,0,True,0,False,False,stdout_only,241.0,2954.1768367290497,0.08157940885720376,us-patent-phrase-to-phrase-matching__4d490c1fd354424590af4de01f88d37e|us-patent-phrase-to-phrase-matching__de37da6839394cd6b7b11d20cb6c5fa0,2,0.5,0.0007150000000000212,0.5,1.5,1
us-patent-phrase-to-phrase-matching__586121ab64c04adcbd5d9cddd9a8797a,cards_senior_0809.jsonl:3,us-patent-phrase-to-phrase-matching,hard,2,0,0,True,0,False,False,artifact_score_then_stdout,241.0,2954.1768367290497,0.08157940885720376,us-patent-phrase-to-phrase-matching__4d490c1fd354424590af4de01f88d37e|us-patent-phrase-to-phrase-matching__de37da6839394cd6b7b11d20cb6c5fa0,2,0.5,0.0007150000000000212,0.5,1.5,1
us-patent-phrase-to-phrase-matching__586121ab64c04adcbd5d9cddd9a8797a,cards_senior_0809.jsonl:3,us-patent-phrase-to-phrase-matching,hard,2,0,0,True,0,False,False,parent_certified_override,241.0,2954.1768367290497,0.08157940885720376,us-patent-phrase-to-phrase-matching__4d490c1fd354424590af4de01f88d37e|us-patent-phrase-to-phrase-matching__de37da6839394cd6b7b11d20cb6c5fa0,2,0.5,0.0007150000000000212,0.5,1.5,1
us-patent-phrase-to-phrase-matching__586121ab64c04adcbd5d9cddd9a8797a,cards_senior_0809.jsonl:3,us-patent-phrase-to-phrase-matching,hard,2,0,0,True,0,False,False,full_oracle,241.0,2954.1768367290497,0.08157940885720376,us-patent-phrase-to-phrase-matching__de37da6839394cd6b7b11d20cb6c5fa0,1,1.0,0.0,0.0,1,1
us-patent-phrase-to-phrase-matching__63a3ae986af04fbe8e877559ccbcee05,cards_senior_0809.jsonl:0,us-patent-phrase-to-phrase-matching,hard,2,0,2,True,0,False,False,random,240.2,1624.339437827468,0.14787549597469865,us-patent-phrase-to-phrase-matching__8a679e73b8e347bab4c5736235428580|us-patent-phrase-to-phrase-matching__e6c01b00731d4e28a6061eb7473253d0,2,0.5,0.002869999999999928,0.49999999999999034,1.5,0
us-patent-phrase-to-phrase-matching__63a3ae986af04fbe8e877559ccbcee05,cards_senior_0809.jsonl:0,us-patent-phrase-to-phrase-matching,hard,2,0,2,True,0,False,False,stdout_only,240.2,1624.339437827468,0.14787549597469865,us-patent-phrase-to-phrase-matching__8a679e73b8e347bab4c5736235428580,1,1.0,0.0,0.0,1,0
us-patent-phrase-to-phrase-matching__63a3ae986af04fbe8e877559ccbcee05,cards_senior_0809.jsonl:0,us-patent-phrase-to-phrase-matching,hard,2,0,2,True,0,False,False,artifact_score_then_stdout,240.2,1624.339437827468,0.14787549597469865,us-patent-phrase-to-phrase-matching__8a679e73b8e347bab4c5736235428580,1,1.0,0.0,0.0,1,0
us-patent-phrase-to-phrase-matching__63a3ae986af04fbe8e877559ccbcee05,cards_senior_0809.jsonl:0,us-patent-phrase-to-phrase-matching,hard,2,0,2,True,0,False,False,parent_certified_override,240.2,1624.339437827468,0.14787549597469865,us-patent-phrase-to-phrase-matching__8a679e73b8e347bab4c5736235428580,1,1.0,0.0,0.0,1,0
us-patent-phrase-to-phrase-matching__63a3ae986af04fbe8e877559ccbcee05,cards_senior_0809.jsonl:0,us-patent-phrase-to-phrase-matching,hard,2,0,2,True,0,False,False,full_oracle,240.2,1624.339437827468,0.14787549597469865,us-patent-phrase-to-phrase-matching__8a679e73b8e347bab4c5736235428580,1,1.0,0.0,0.0,1,0
us-patent-phrase-to-phrase-matching__c7e9f7619a9e4910bb26a158a66a6cee,cards_senior_0809.jsonl:0,us-patent-phrase-to-phrase-matching,easy,2,0,2,True,0,False,False,random,240.2,1067.2444627732038,0.22506558560711315,us-patent-phrase-to-phrase-matching__0094c655584a4efebad270ab7be4a2d1|us-patent-phrase-to-phrase-matching__7a13b994f5a24f8582ee2ac810a6d9df,2,0.5,0.01544000000000001,0.5,1.5,1
us-patent-phrase-to-phrase-matching__c7e9f7619a9e4910bb26a158a66a6cee,cards_senior_0809.jsonl:0,us-patent-phrase-to-phrase-matching,easy,2,0,2,True,0,False,False,stdout_only,240.2,1067.2444627732038,0.22506558560711315,us-patent-phrase-to-phrase-matching__0094c655584a4efebad270ab7be4a2d1,1,0.0,0.03088000000000002,1.0,2,1
us-patent-phrase-to-phrase-matching__c7e9f7619a9e4910bb26a158a66a6cee,cards_senior_0809.jsonl:0,us-patent-phrase-to-phrase-matching,easy,2,0,2,True,0,False,False,artifact_score_then_stdout,240.2,1067.2444627732038,0.22506558560711315,us-patent-phrase-to-phrase-matching__0094c655584a4efebad270ab7be4a2d1,1,0.0,0.03088000000000002,1.0,2,1
us-patent-phrase-to-phrase-matching__c7e9f7619a9e4910bb26a158a66a6cee,cards_senior_0809.jsonl:0,us-patent-phrase-to-phrase-matching,easy,2,0,2,True,0,False,False,parent_certified_override,240.2,1067.2444627732038,0.22506558560711315,us-patent-phrase-to-phrase-matching__0094c655584a4efebad270ab7be4a2d1,1,0.0,0.03088000000000002,1.0,2,1
us-patent-phrase-to-phrase-matching__c7e9f7619a9e4910bb26a158a66a6cee,cards_senior_0809.jsonl:0,us-patent-phrase-to-phrase-matching,easy,2,0,2,True,0,False,False,full_oracle,240.2,1067.2444627732038,0.22506558560711315,us-patent-phrase-to-phrase-matching__7a13b994f5a24f8582ee2ac810a6d9df,1,1.0,0.0,0.0,1,1
us-patent-phrase-to-phrase-matching__f84b487d869444eeb86d22a584ec13f8,cards_senior_0809.jsonl:0,us-patent-phrase-to-phrase-matching,hard,2,0,2,True,0,False,False,random,240.2,738.5958861410618,0.325211667851241,us-patent-phrase-to-phrase-matching__3c22a06bf2df41b8a3919319aec84af6|us-patent-phrase-to-phrase-matching__5a4a8e6b293441ce96f5f0545568af76,2,0.5,0.0008499999999999064,0.49999999999996736,1.5,1
us-patent-phrase-to-phrase-matching__f84b487d869444eeb86d22a584ec13f8,cards_senior_0809.jsonl:0,us-patent-phrase-to-phrase-matching,hard,2,0,2,True,0,False,False,stdout_only,240.2,738.5958861410618,0.325211667851241,us-patent-phrase-to-phrase-matching__5a4a8e6b293441ce96f5f0545568af76,1,1.0,0.0,0.0,1,1
us-patent-phrase-to-phrase-matching__f84b487d869444eeb86d22a584ec13f8,cards_senior_0809.jsonl:0,us-patent-phrase-to-phrase-matching,hard,2,0,2,True,0,False,False,artifact_score_then_stdout,240.2,738.5958861410618,0.325211667851241,us-patent-phrase-to-phrase-matching__5a4a8e6b293441ce96f5f0545568af76,1,1.0,0.0,0.0,1,1
us-patent-phrase-to-phrase-matching__f84b487d869444eeb86d22a584ec13f8,cards_senior_0809.jsonl:0,us-patent-phrase-to-phrase-matching,hard,2,0,2,True,0,False,False,parent_certified_override,240.2,738.5958861410618,0.325211667851241,us-patent-phrase-to-phrase-matching__5a4a8e6b293441ce96f5f0545568af76,1,1.0,0.0,0.0,1,1
us-patent-phrase-to-phrase-matching__f84b487d869444eeb86d22a584ec13f8,cards_senior_0809.jsonl:0,us-patent-phrase-to-phrase-matching,hard,2,0,2,True,0,False,False,full_oracle,240.2,738.5958861410618,0.325211667851241,us-patent-phrase-to-phrase-matching__5a4a8e6b293441ce96f5f0545568af76,1,1.0,0.0,0.0,1,1
whale-categorization-playground__4357df5db0134f668959aefa0ee73ba6,cards_senior_0808.jsonl:4,whale-categorization-playground,easy,2,2,1,True,2,True,True,random,160.7,180.31424518674612,0.8912218767494923,whale-categorization-playground__1eed9a1d3c2744ffbd658019805310aa|whale-categorization-playground__4640830dea044d49866b722d18ca4db8,2,0.5,0.01075000000000001,0.5000000000000007,1.5,1
whale-categorization-playground__4357df5db0134f668959aefa0ee73ba6,cards_senior_0808.jsonl:4,whale-categorization-playground,easy,2,2,1,True,2,True,True,stdout_only,160.7,180.31424518674612,0.8912218767494923,whale-categorization-playground__4640830dea044d49866b722d18ca4db8,1,1.0,0.0,0.0,1,1
whale-categorization-playground__4357df5db0134f668959aefa0ee73ba6,cards_senior_0808.jsonl:4,whale-categorization-playground,easy,2,2,1,True,2,True,True,artifact_score_then_stdout,160.7,180.31424518674612,0.8912218767494923,whale-categorization-playground__4640830dea044d49866b722d18ca4db8,1,1.0,0.0,0.0,1,1
whale-categorization-playground__4357df5db0134f668959aefa0ee73ba6,cards_senior_0808.jsonl:4,whale-categorization-playground,easy,2,2,1,True,2,True,True,parent_certified_override,160.7,180.31424518674612,0.8912218767494923,whale-categorization-playground__4640830dea044d49866b722d18ca4db8,1,1.0,0.0,0.0,1,1
whale-categorization-playground__4357df5db0134f668959aefa0ee73ba6,cards_senior_0808.jsonl:4,whale-categorization-playground,easy,2,2,1,True,2,True,True,full_oracle,160.7,180.31424518674612,0.8912218767494923,whale-categorization-playground__4640830dea044d49866b722d18ca4db8,1,1.0,0.0,0.0,1,1
whale-categorization-playground__54180eeefe9d4b4ba451c22272e8596d,cards_senior_0808.jsonl:4,whale-categorization-playground,hard,2,2,2,True,0,False,False,random,202.5,242.15366231650114,0.8362458699275307,whale-categorization-playground__1993f9bcf0ee4bfeaaea9a7034c8e08e|whale-categorization-playground__810bfcc7bb3a44d396a6056bb651d30f,2,0.5,0.002475000000000005,0.5,1.5,0
whale-categorization-playground__54180eeefe9d4b4ba451c22272e8596d,cards_senior_0808.jsonl:4,whale-categorization-playground,hard,2,2,2,True,0,False,False,stdout_only,202.5,242.15366231650114,0.8362458699275307,whale-categorization-playground__1993f9bcf0ee4bfeaaea9a7034c8e08e,1,1.0,0.0,0.0,1,0
whale-categorization-playground__54180eeefe9d4b4ba451c22272e8596d,cards_senior_0808.jsonl:4,whale-categorization-playground,hard,2,2,2,True,0,False,False,artifact_score_then_stdout,202.5,242.15366231650114,0.8362458699275307,whale-categorization-playground__1993f9bcf0ee4bfeaaea9a7034c8e08e,1,1.0,0.0,0.0,1,0
whale-categorization-playground__54180eeefe9d4b4ba451c22272e8596d,cards_senior_0808.jsonl:4,whale-categorization-playground,hard,2,2,2,True,0,False,False,parent_certified_override,202.5,242.15366231650114,0.8362458699275307,whale-categorization-playground__1993f9bcf0ee4bfeaaea9a7034c8e08e,1,1.0,0.0,0.0,1,0
whale-categorization-playground__54180eeefe9d4b4ba451c22272e8596d,cards_senior_0808.jsonl:4,whale-categorization-playground,hard,2,2,2,True,0,False,False,full_oracle,202.5,242.15366231650114,0.8362458699275307,whale-categorization-playground__1993f9bcf0ee4bfeaaea9a7034c8e08e,1,1.0,0.0,0.0,1,0
whale-categorization-playground__714dd2f45fce42b3bfb1cb7cfc627ac9,cards_senior_0808.jsonl:4,whale-categorization-playground,hard,2,2,2,True,0,False,False,random,98.4,101.1667485460639,0.9726516015802947,whale-categorization-playground__4357df5db0134f668959aefa0ee73ba6|whale-categorization-playground__526ebe6d24d44d8f93c8e506236ec587,2,0.5,0.0018400000000000083,0.5000000000000038,1.5,0
whale-categorization-playground__714dd2f45fce42b3bfb1cb7cfc627ac9,cards_senior_0808.jsonl:4,whale-categorization-playground,hard,2,2,2,True,0,False,False,stdout_only,98.4,101.1667485460639,0.9726516015802947,whale-categorization-playground__526ebe6d24d44d8f93c8e506236ec587,1,1.0,0.0,0.0,1,0
whale-categorization-playground__714dd2f45fce42b3bfb1cb7cfc627ac9,cards_senior_0808.jsonl:4,whale-categorization-playground,hard,2,2,2,True,0,False,False,artifact_score_then_stdout,98.4,101.1667485460639,0.9726516015802947,whale-categorization-playground__526ebe6d24d44d8f93c8e506236ec587,1,1.0,0.0,0.0,1,0
whale-categorization-playground__714dd2f45fce42b3bfb1cb7cfc627ac9,cards_senior_0808.jsonl:4,whale-categorization-playground,hard,2,2,2,True,0,False,False,parent_certified_override,98.4,101.1667485460639,0.9726516015802947,whale-categorization-playground__526ebe6d24d44d8f93c8e506236ec587,1,1.0,0.0,0.0,1,0
whale-categorization-playground__714dd2f45fce42b3bfb1cb7cfc627ac9,cards_senior_0808.jsonl:4,whale-categorization-playground,hard,2,2,2,True,0,False,False,full_oracle,98.4,101.1667485460639,0.9726516015802947,whale-categorization-playground__526ebe6d24d44d8f93c8e506236ec587,1,1.0,0.0,0.0,1,0
whale-categorization-playground__7ce3e536c1e049afa5f3d5e768c58615,cards_senior_0808.jsonl:4,whale-categorization-playground,easy,2,2,2,True,2,True,True,random,171.9,189.59622447937727,0.9066636240886636,whale-categorization-playground__1e0523c9f023474d8c2ff0f41e3c9969|whale-categorization-playground__45dc507077d5444c9dca3ab6d8e46b79,2,0.5,0.006724999999999981,0.49999999999999895,1.5,1
whale-categorization-playground__7ce3e536c1e049afa5f3d5e768c58615,cards_senior_0808.jsonl:4,whale-categorization-playground,easy,2,2,2,True,2,True,True,stdout_only,171.9,189.59622447937727,0.9066636240886636,whale-categorization-playground__1e0523c9f023474d8c2ff0f41e3c9969,1,1.0,0.0,0.0,1,1
whale-categorization-playground__7ce3e536c1e049afa5f3d5e768c58615,cards_senior_0808.jsonl:4,whale-categorization-playground,easy,2,2,2,True,2,True,True,artifact_score_then_stdout,171.9,189.59622447937727,0.9066636240886636,whale-categorization-playground__1e0523c9f023474d8c2ff0f41e3c9969,1,1.0,0.0,0.0,1,1
whale-categorization-playground__7ce3e536c1e049afa5f3d5e768c58615,cards_senior_0808.jsonl:4,whale-categorization-playground,easy,2,2,2,True,2,True,True,parent_certified_override,171.9,189.59622447937727,0.9066636240886636,whale-categorization-playground__1e0523c9f023474d8c2ff0f41e3c9969,1,1.0,0.0,0.0,1,1
whale-categorization-playground__7ce3e536c1e049afa5f3d5e768c58615,cards_senior_0808.jsonl:4,whale-categorization-playground,easy,2,2,2,True,2,True,True,full_oracle,171.9,189.59622447937727,0.9066636240886636,whale-categorization-playground__1e0523c9f023474d8c2ff0f41e3c9969,1,1.0,0.0,0.0,1,1
whale-categorization-playground__b90628e666304e37aae1d7b746c71421,cards_senior_0808.jsonl:4,whale-categorization-playground,easy,2,2,2,True,1,True,True,random,96.9,100.20958537608385,0.9669733652358399,whale-categorization-playground__a654a03bb40a4ae68b4f006b23fb7ef6|whale-categorization-playground__bd9fe2cb573d4bd1bd064db704f7cbba,2,0.5,0.009789999999999965,0.49999999999999856,1.5,0.5
whale-categorization-playground__b90628e666304e37aae1d7b746c71421,cards_senior_0808.jsonl:4,whale-categorization-playground,easy,2,2,2,True,1,True,True,stdout_only,96.9,100.20958537608385,0.9669733652358399,whale-categorization-playground__a654a03bb40a4ae68b4f006b23fb7ef6,1,0.0,0.019579999999999986,1.0,2,0
whale-categorization-playground__b90628e666304e37aae1d7b746c71421,cards_senior_0808.jsonl:4,whale-categorization-playground,easy,2,2,2,True,1,True,True,artifact_score_then_stdout,96.9,100.20958537608385,0.9669733652358399,whale-categorization-playground__bd9fe2cb573d4bd1bd064db704f7cbba,1,1.0,0.0,0.0,1,1
whale-categorization-playground__b90628e666304e37aae1d7b746c71421,cards_senior_0808.jsonl:4,whale-categorization-playground,easy,2,2,2,True,1,True,True,parent_certified_override,96.9,100.20958537608385,0.9669733652358399,whale-categorization-playground__bd9fe2cb573d4bd1bd064db704f7cbba,1,1.0,0.0,0.0,1,1
whale-categorization-playground__b90628e666304e37aae1d7b746c71421,cards_senior_0808.jsonl:4,whale-categorization-playground,easy,2,2,2,True,1,True,True,full_oracle,96.9,100.20958537608385,0.9669733652358399,whale-categorization-playground__bd9fe2cb573d4bd1bd064db704f7cbba,1,1.0,0.0,0.0,1,1
whale-categorization-playground__fdddc49ca71647528ab0cce114ee3cb1,cards_senior_0808.jsonl:4,whale-categorization-playground,hard,2,1,1,True,0,False,False,random,205.10000000000002,213.98534617573023,0.9584768474359299,whale-categorization-playground__42946e2d791e42b7950c54b9f578160a|whale-categorization-playground__75cc6d17e1474aa4a703511062f10870,2,0.5,0.003824999999999995,0.5,1.5,0
whale-categorization-playground__fdddc49ca71647528ab0cce114ee3cb1,cards_senior_0808.jsonl:4,whale-categorization-playground,hard,2,1,1,True,0,False,False,stdout_only,205.10000000000002,213.98534617573023,0.9584768474359299,whale-categorization-playground__75cc6d17e1474aa4a703511062f10870,1,0.0,0.00764999999999999,1.0,2,0
whale-categorization-playground__fdddc49ca71647528ab0cce114ee3cb1,cards_senior_0808.jsonl:4,whale-categorization-playground,hard,2,1,1,True,0,False,False,artifact_score_then_stdout,205.10000000000002,213.98534617573023,0.9584768474359299,whale-categorization-playground__75cc6d17e1474aa4a703511062f10870,1,0.0,0.00764999999999999,1.0,2,0
whale-categorization-playground__fdddc49ca71647528ab0cce114ee3cb1,cards_senior_0808.jsonl:4,whale-categorization-playground,hard,2,1,1,True,0,False,False,parent_certified_override,205.10000000000002,213.98534617573023,0.9584768474359299,whale-categorization-playground__75cc6d17e1474aa4a703511062f10870,1,0.0,0.00764999999999999,1.0,2,0
whale-categorization-playground__fdddc49ca71647528ab0cce114ee3cb1,cards_senior_0808.jsonl:4,whale-categorization-playground,hard,2,1,1,True,0,False,False,full_oracle,205.10000000000002,213.98534617573023,0.9584768474359299,whale-categorization-playground__42946e2d791e42b7950c54b9f578160a,1,1.0,0.0,0.0,1,0
