id,Acer_Capillipes,Acer_Circinatum,Acer_Mono,Acer_Opalus,Acer_Palmatum,Acer_Pictum,Acer_Platanoids,Acer_Rubrum,Acer_Rufinerve,Acer_Saccharinum,Alnus_Cordata,Alnus_Maximowiczii,Alnus_Rubra,Alnus_Sieboldiana,Alnus_Viridis,Arundinaria_Simonii,Betula_Austrosinensis,Betula_Pendula,Callicarpa_Bodinieri,Castanea_Sativa,Celtis_Koraiensis,Cercis_Siliquastrum,Cornus_Chinensis,Cornus_Controversa,Cornus_Macrophylla,Cotinus_Coggygria,Crataegus_Monogyna,Cytisus_Battandieri,Eucalyptus_Glaucescens,Eucalyptus_Neglecta,Eucalyptus_Urnigera,Fagus_Sylvatica,Ginkgo_Biloba,Ilex_Aquifolium,Ilex_Cornuta,Liquidambar_Styraciflua,Liriodendron_Tulipifera,Lithocarpus_Cleistocarpus,Lithocarpus_Edulis,Magnolia_Heptapeta,Magnolia_Salicifolia,Morus_Nigra,Olea_Europaea,Phildelphus,Populus_Adenopoda,Populus_Grandidentata,Populus_Nigra,Prunus_Avium,Prunus_X_Shmittii,Pterocarya_Stenoptera,Quercus_Afares,Quercus_Agrifolia,Quercus_Alnifolia,Quercus_Brantii,Quercus_Canariensis,Quercus_Castaneifolia,Quercus_Cerris,Quercus_Chrysolepis,Quercus_Coccifera,Quercus_Coccinea,Quercus_Crassifolia,Quercus_Crassipes,Quercus_Dolicholepis,Quercus_Ellipsoidalis,Quercus_Greggii,Quercus_Hartwissiana,Quercus_Ilex,Quercus_Imbricaria,Quercus_Infectoria_sub,Quercus_Kewensis,Quercus_Nigra,Quercus_Palustris,Quercus_Phellos,Quercus_Phillyraeoides,Quercus_Pontica,Quercus_Pubescens,Quercus_Pyrenaica,Quercus_Rhysophylla,Quercus_Rubra,Quercus_Semecarpifolia,Quercus_Shumardii,Quercus_Suber,Quercus_Texana,Quercus_Trojana,Quercus_Variabilis,Quercus_Vulcanica,Quercus_x_Hispanica,Quercus_x_Turneri,Rhododendron_x_Russellianum,Salix_Fragilis,Salix_Intergra,Sorbus_Aria,Tilia_Oliveri,Tilia_Platyphyllos,Tilia_Tomentosa,Ulmus_Bergmanniana,Viburnum_Tinus,Viburnum_x_Rhytidophylloides,Zelkova_Serrata
1202,0.000000000124,0.000000000124,0.000000000124,0.000000000124,0.000000000124,0.000000000124,0.000000000124,0.000000000124,0.000000000124,0.000000000124,0.000000000124,0.000000000124,0.000000000124,0.000000000124,0.000000000124,0.000000000124,0.000000000124,0.000000000124,0.000000000124,0.000000000124,0.000000000124,0.000000000124,0.000000000124,0.000000000124,0.000000000124,0.000000000124,0.000000000124,0.000000000124,0.000000000124,0.000000000124,0.000000000124,0.999999987822,0.000000000124,0.000000000124,0.000000000124,0.000000000124,0.000000000124,0.000000000124,0.000000000124,0.000000000124,0.000000000124,0.000000000124,0.000000000124,0.000000000124,0.000000000124,0.000000000124,0.000000000124,0.000000000124,0.000000000124,0.000000000124,0.000000000124,0.000000000124,0.000000000124,0.000000000124,0.000000000124,0.000000000124,0.000000000124,0.000000000124,0.000000000124,0.000000000124,0.000000000124,0.000000000124,0.000000000124,0.000000000124,0.000000000124,0.000000000124,0.000000000124,0.000000000124,0.000000000124,0.000000000124,0.000000000124,0.000000000124,0.000000000124,0.000000000124,0.000000000124,0.000000000124,0.000000000124,0.000000000124,0.000000000124,0.000000000124,0.000000000124,0.000000000124,0.000000000124,0.000000000124,0.000000000124,0.000000000124,0.000000000124,0.000000000124,0.000000000124,0.000000000124,0.000000000124,0.000000000124,0.000000000124,0.000000000124,0.000000000124,0.000000000124,0.000000000124,0.000000000124,0.000000000124
992,0.000000000124,0.000000000124,0.000000000124,0.000000000124,0.000000000124,0.000000000124,0.000000000124,0.000000000124,0.000000000124,0.000000000124,0.000000000124,0.000000000124,0.000000000124,0.000000000124,0.000000000124,0.000000000124,0.000000000124,0.000000000124,0.999999987822,0.000000000124,0.000000000124,0.000000000124,0.000000000124,0.000000000124,0.000000000124,0.000000000124,0.000000000124,0.000000000124,0.000000000124,0.000000000124,0.000000000124,0.000000000124,0.000000000124,0.000000000124,0.000000000124,0.000000000124,0.000000000124,0.000000000124,0.000000000124,0.000000000124,0.000000000124,0.000000000124,0.000000000124,0.000000000124,0.000000000124,0.000000000124,0.000000000124,0.000000000124,0.000000000124,0.000000000124,0.000000000124,0.000000000124,0.000000000124,0.000000000124,0.000000000124,0.000000000124,0.000000000124,0.000000000124,0.000000000124,0.000000000124,0.000000000124,0.000000000124,0.000000000124,0.000000000124,0.000000000124,0.000000000124,0.000000000124,0.000000000124,0.000000000124,0.000000000124,0.000000000124,0.000000000124,0.000000000124,0.000000000124,0.000000000124,0.000000000124,0.000000000124,0.000000000124,0.000000000124,0.000000000124,0.000000000124,0.000000000124,0.000000000124,0.000000000124,0.000000000124,0.000000000124,0.000000000124,0.000000000124,0.000000000124,0.000000000124,0.000000000124,0.000000000124,0.000000000124,0.000000000124,0.000000000124,0.000000000124,0.000000000124,0.000000000124,0.000000000124
491,0.000000000124,0.000000000124,0.000000000124,0.000000000124,0.000000000124,0.000000000124,0.000000000124,0.000000000124,0.000000000124,0.000000000124,0.000000000124,0.000000000124,0.000000000124,0.000000000124,0.000000000124,0.000000000124,0.000000000124,0.000000000124,0.000000000124,0.000000000124,0.000000000124,0.000000000124,0.000000000124,0.000000000124,0.000000000124,0.000000000124,0.000000000124,0.000000000124,0.000000000124,0.000000000124,0.000000000124,0.000000000124,0.000000000124,0.000000000124,0.000000000124,0.000000000124,0.000000000124,0.000000000124,0.000000000124,0.000000000124,0.000000000124,0.000000000124,0.000000000124,0.000000000124,0.000000000124,0.000000000124,0.000000000124,0.000000000124,0.000000000124,0.000000000124,0.000000000124,0.000000000124,0.000000000124,0.000000000124,0.000000000124,0.000000000124,0.000000000124,0.000000000124,0.000000000124,0.000000000124,0.000000000124,0.000000000124,0.000000000124,0.000000000124,0.000000000124,0.000000000124,0.000000000124,0.000000000124,0.000000000124,0.000000000124,0.000000000124,0.000000000124,0.000000000124,0.000000000124,0.000000000124,0.000000000913,0.000000000124,0.000000000124,0.000000000124,0.000000000124,0.000000000124,0.000000000124,0.000000000124,0.999999987033,0.000000000124,0.000000000124,0.000000000124,0.000000000124,0.000000000124,0.000000000124,0.000000000124,0.000000000124,0.000000000124,0.000000000124,0.000000000124,0.000000000124,0.000000000124,0.000000000124,0.000000000124
1201,0.000000000124,0.000000000124,0.000000000124,0.000000000124,0.000000000124,0.000000000124,0.000000000124,0.000000000124,0.000000000124,0.000000000124,0.000000000124,0.000000000124,0.000000000124,0.000000000124,0.000000000124,0.000000000124,0.000000000124,0.000000000124,0.000000000124,0.000000000124,0.000000000124,0.000000000124,0.000000000124,0.000000000124,0.000000000124,0.000000000124,0.000000000124,0.000000000124,0.000000000124,0.000000000124,0.000000000124,0.000000000124,0.000000000124,0.000000000124,0.000000000124,0.000000000124,0.000000000124,0.000000000124,0.000000000124,0.000000000124,0.000000000124,0.000000000124,0.000000000124,0.000000000124,0.000000000124,0.000000000124,0.000000000124,0.000000000124,0.000000000124,0.000000000124,0.000000000124,0.000000000124,0.000000000124,0.000000000124,0.000000000124,0.000000000124,0.000000000124,0.000000000124,0.000000000124,0.000000000124,0.000000000124,0.000000000124,0.000000000124,0.000000000124,0.000000000124,0.000000000124,0.000000000124,0.000000000124,0.000000000124,0.000000000124,0.000000000124,0.000000000124,0.000000000124,0.000000000124,0.000000000124,0.000000000124,0.000000000124,0.000000000124,0.000000000124,0.000000000124,0.000000000124,0.000000000124,0.000000000124,0.000000000124,0.000000000124,0.000000000124,0.000000000124,0.000000000124,0.000000000124,0.000000000124,0.999999987822,0.000000000124,0.000000000124,0.000000000124,0.000000000124,0.000000000124,0.000000000124,0.000000000124,0.000000000124
72,0.000000000124,0.000000000124,0.000000000124,0.000000000124,0.000000000124,0.000000000124,0.000000000124,0.000000000124,0.000000000124,0.000000000124,0.000000000124,0.000000000124,0.000000000124,0.000000000124,0.000000000124,0.000000000124,0.000000000124,0.000000000124,0.000000000124,0.000000000124,0.000000000124,0.000000000124,0.000000000124,0.000000000124,0.000000000124,0.000000000124,0.000000000124,0.000000000124,0.000000000124,0.000000000124,0.000000000124,0.000000000124,0.000000000124,0.000000000124,0.000000000124,0.000000000124,0.000000000124,0.000000000124,0.000000000124,0.000000000124,0.000000000124,0.000000000124,0.000000000124,0.000000000124,0.000000000124,0.000000000124,0.000000000124,0.000000000124,0.000000000124,0.000000000124,0.000000000124,0.000000000124,0.000000000124,0.000000000124,0.000000000124,0.000000000124,0.000000000124,0.000000000124,0.000000000124,0.000000000277,0.000000000124,0.000000000124,0.000000000124,0.000000000124,0.000000000124,0.000000000124,0.000000000124,0.000000000124,0.000000000124,0.000000000124,0.000000000124,0.000000000124,0.000000000124,0.000000000124,0.000000000124,0.000000000124,0.999999987669,0.000000000124,0.000000000124,0.000000000124,0.000000000124,0.000000000124,0.000000000124,0.000000000124,0.000000000124,0.000000000124,0.000000000124,0.000000000124,0.000000000124,0.000000000124,0.000000000124,0.000000000124,0.000000000124,0.000000000124,0.000000000124,0.000000000124,0.000000000124,0.000000000124,0.000000000124
42,0.000000000124,0.000000000124,0.000000000124,0.000000000124,0.000000000124,0.000000000124,0.000000000124,0.000000000124,0.000000000124,0.000000000124,0.000000000124,0.000000000124,0.000000000124,0.000000000124,0.000000000124,0.000000000124,0.000000000124,0.000000000124,0.000000000124,0.000000000124,0.000000000124,0.000000000124,0.999999987822,0.000000000124,0.000000000124,0.000000000124,0.000000000124,0.000000000124,0.000000000124,0.000000000124,0.000000000124,0.000000000124,0.000000000124,0.000000000124,0.000000000124,0.000000000124,0.000000000124,0.000000000124,0.000000000124,0.000000000124,0.000000000124,0.000000000124,0.000000000124,0.000000000124,0.000000000124,0.000000000124,0.000000000124,0.000000000124,0.000000000124,0.000000000124,0.000000000124,0.000000000124,0.000000000124,0.000000000124,0.000000000124,0.000000000124,0.000000000124,0.000000000124,0.000000000124,0.000000000124,0.000000000124,0.000000000124,0.000000000124,0.000000000124,0.000000000124,0.000000000124,0.000000000124,0.000000000124,0.000000000124,0.000000000124,0.000000000124,0.000000000124,0.000000000124,0.000000000124,0.000000000124,0.000000000124,0.000000000124,0.000000000124,0.000000000124,0.000000000124,0.000000000124,0.000000000124,0.000000000124,0.000000000124,0.000000000124,0.000000000124,0.000000000124,0.000000000124,0.000000000124,0.000000000124,0.000000000124,0.000000000124,0.000000000124,0.000000000124,0.000000000124,0.000000000124,0.000000000124,0.000000000124,0.000000000124
417,0.000000000124,0.000000000124,0.000000000124,0.000000000124,0.000000000124,0.000000000124,0.000000000124,0.000000000124,0.000000000124,0.000000000124,0.000000000124,0.000000000124,0.000000000124,0.000000000124,0.000000000124,0.000000000124,0.000000000124,0.000000000124,0.000000000124,0.000000000124,0.000000000124,0.000000000124,0.000000000124,0.000000000124,0.000000000124,0.000000000124,0.000000000124,0.000000000124,0.000000000124,0.000000000124,0.000000000124,0.000000000124,0.000000000124,0.000000000124,0.000000000124,0.000000000124,0.000000000124,0.000000000124,0.000000000124,0.000000000124,0.000000000124,0.000000000124,0.000000000124,0.000000000124,0.000000000124,0.000000000124,0.000000000124,0.000000000124,0.000000000124,0.000000000124,0.000000000124,0.000000000124,0.000000000124,0.000000000124,0.000000000124,0.000000000124,0.000000000124,0.000000000124,0.000000000124,0.000000000124,0.000000000124,0.000000000124,0.000000000124,0.000000000124,0.000000000124,0.000000000124,0.000000000124,0.000000000124,0.000000000124,0.000000000124,0.000000000124,0.999999986739,0.000000000124,0.000000000124,0.000000000124,0.000000000124,0.000000000124,0.000000000124,0.000000000124,0.000000000124,0.000000001207,0.000000000124,0.000000000124,0.000000000124,0.000000000124,0.000000000124,0.000000000124,0.000000000124,0.000000000124,0.000000000124,0.000000000124,0.000000000124,0.000000000124,0.000000000124,0.000000000124,0.000000000124,0.000000000124,0.000000000124,0.000000000124
49,0.000000000124,0.000000000124,0.000000000124,0.000000000124,0.000000000124,0.000000000124,0.000000000124,0.000000000124,0.000000000124,0.000000000124,0.000000000124,0.000000000124,0.000000000124,0.000000000124,0.000000000124,0.000000000124,0.000000000124,0.000000000124,0.000000000124,0.000000000124,0.000000000124,0.000000000124,0.000000000124,0.000000000124,0.000000000124,0.000000000124,0.000000000124,0.997172307764,0.000000000124,0.000000000124,0.000000000124,0.000000000124,0.000000000124,0.000000000124,0.000000000124,0.000000000124,0.000000000124,0.000000000124,0.000000000124,0.000000000124,0.000000000124,0.000000000124,0.000000000124,0.000000000124,0.000000000124,0.000000000124,0.000000000124,0.000000000124,0.000000000124,0.000000000124,0.000000000124,0.000000000124,0.000000000124,0.000000000124,0.000000000124,0.000000000124,0.000000000124,0.000000000124,0.000000000124,0.000000000124,0.000000000124,0.000000000124,0.000000000124,0.000000000124,0.000000000124,0.000000000124,0.000000026588,0.000000000124,0.000000000124,0.000000000124,0.000000000124,0.000000000124,0.000000000124,0.000000000124,0.000000000124,0.000000000124,0.000000000124,0.000000000423,0.000000000124,0.000000000124,0.000000000124,0.000000000124,0.000000000124,0.000000000124,0.000000000124,0.000000000124,0.000000000124,0.000000000124,0.000000000124,0.000000000124,0.000000000124,0.000000000124,0.000000000124,0.000000000124,0.000000000124,0.000000000124,0.000000000124,0.002827653445,0.000000000124
1085,0.000000000124,0.000000000124,0.000000000124,0.000000000124,0.999999987822,0.000000000124,0.000000000124,0.000000000124,0.000000000124,0.000000000124,0.000000000124,0.000000000124,0.000000000124,0.000000000124,0.000000000124,0.000000000124,0.000000000124,0.000000000124,0.000000000124,0.000000000124,0.000000000124,0.000000000124,0.000000000124,0.000000000124,0.000000000124,0.000000000124,0.000000000124,0.000000000124,0.000000000124,0.000000000124,0.000000000124,0.000000000124,0.000000000124,0.000000000124,0.000000000124,0.000000000124,0.000000000124,0.000000000124,0.000000000124,0.000000000124,0.000000000124,0.000000000124,0.000000000124,0.000000000124,0.000000000124,0.000000000124,0.000000000124,0.000000000124,0.000000000124,0.000000000124,0.000000000124,0.000000000124,0.000000000124,0.000000000124,0.000000000124,0.000000000124,0.000000000124,0.000000000124,0.000000000124,0.000000000124,0.000000000124,0.000000000124,0.000000000124,0.000000000124,0.000000000124,0.000000000124,0.000000000124,0.000000000124,0.000000000124,0.000000000124,0.000000000124,0.000000000124,0.000000000124,0.000000000124,0.000000000124,0.000000000124,0.000000000124,0.000000000124,0.000000000124,0.000000000124,0.000000000124,0.000000000124,0.000000000124,0.000000000124,0.000000000124,0.000000000124,0.000000000124,0.000000000124,0.000000000124,0.000000000124,0.000000000124,0.000000000124,0.000000000124,0.000000000124,0.000000000124,0.000000000124,0.000000000124,0.000000000124,0.000000000124
1245,0.000000000124,0.000000000124,0.000000000124,0.000000000124,0.000000000124,0.000000000124,0.000000000124,0.999999987822,0.000000000124,0.000000000124,0.000000000124,0.000000000124,0.000000000124,0.000000000124,0.000000000124,0.000000000124,0.000000000124,0.000000000124,0.000000000124,0.000000000124,0.000000000124,0.000000000124,0.000000000124,0.000000000124,0.000000000124,0.000000000124,0.000000000124,0.000000000124,0.000000000124,0.000000000124,0.000000000124,0.000000000124,0.000000000124,0.000000000124,0.000000000124,0.000000000124,0.000000000124,0.000000000124,0.000000000124,0.000000000124,0.000000000124,0.000000000124,0.000000000124,0.000000000124,0.000000000124,0.000000000124,0.000000000124,0.000000000124,0.000000000124,0.000000000124,0.000000000124,0.000000000124,0.000000000124,0.000000000124,0.000000000124,0.000000000124,0.000000000124,0.000000000124,0.000000000124,0.000000000124,0.000000000124,0.000000000124,0.000000000124,0.000000000124,0.000000000124,0.000000000124,0.000000000124,0.000000000124,0.000000000124,0.000000000124,0.000000000124,0.000000000124,0.000000000124,0.000000000124,0.000000000124,0.000000000124,0.000000000124,0.000000000124,0.000000000124,0.000000000124,0.000000000124,0.000000000124,0.000000000124,0.000000000124,0.000000000124,0.000000000124,0.000000000124,0.000000000124,0.000000000124,0.000000000124,0.000000000124,0.000000000124,0.000000000124,0.000000000124,0.000000000124,0.000000000124,0.000000000124,0.000000000124,0.000000000124
134,0.000000000124,0.000000000124,0.000000000124,0.000000000124,0.000000000124,0.000000000124,0.000000000124,0.000000000124,0.000000000124,0.000000000124,0.000000000124,0.000000000124,0.000000000124,0.000000000124,0.000000000124,0.000000000124,0.000000000124,0.000000000124,0.000000000124,0.000000000124,0.000000000124,0.000000000124,0.000000000124,0.000000000124,0.000000000124,0.000000000124,0.000000000124,0.000000000124,0.000000000124,0.000000000124,0.000000000124,0.000000000124,0.000000000124,0.000000000124,0.000000000124,0.000000000124,0.000000000124,0.000000000124,0.000000000124,0.000000000124,0.000000000124,0.000000000124,0.000000000124,0.000000000124,0.000000000124,0.000000000124,0.000000000124,0.000000000124,0.000000000124,0.000000000124,0.999999987822,0.000000000124,0.000000000124,0.000000000124,0.000000000124,0.000000000124,0.000000000124,0.000000000124,0.000000000124,0.000000000124,0.000000000124,0.000000000124,0.000000000124,0.000000000124,0.000000000124,0.000000000124,0.000000000124,0.000000000124,0.000000000124,0.000000000124,0.000000000124,0.000000000124,0.000000000124,0.000000000124,0.000000000124,0.000000000124,0.000000000124,0.000000000124,0.000000000124,0.000000000124,0.000000000124,0.000000000124,0.000000000124,0.000000000124,0.000000000124,0.000000000124,0.000000000124,0.000000000124,0.000000000124,0.000000000124,0.000000000124,0.000000000124,0.000000000124,0.000000000124,0.000000000124,0.000000000124,0.000000000124,0.000000000124,0.000000000124
505,0.000000000124,0.000000000124,0.000000000124,0.000000000124,0.000000000124,0.000000000124,0.000000000124,0.000000000124,0.000000000124,0.000000000124,0.999999987822,0.000000000124,0.000000000124,0.000000000124,0.000000000124,0.000000000124,0.000000000124,0.000000000124,0.000000000124,0.000000000124,0.000000000124,0.000000000124,0.000000000124,0.000000000124,0.000000000124,0.000000000124,0.000000000124,0.000000000124,0.000000000124,0.000000000124,0.000000000124,0.000000000124,0.000000000124,0.000000000124,0.000000000124,0.000000000124,0.000000000124,0.000000000124,0.000000000124,0.000000000124,0.000000000124,0.000000000124,0.000000000124,0.000000000124,0.000000000124,0.000000000124,0.000000000124,0.000000000124,0.000000000124,0.000000000124,0.000000000124,0.000000000124,0.000000000124,0.000000000124,0.000000000124,0.000000000124,0.000000000124,0.000000000124,0.000000000124,0.000000000124,0.000000000124,0.000000000124,0.000000000124,0.000000000124,0.000000000124,0.000000000124,0.000000000124,0.000000000124,0.000000000124,0.000000000124,0.000000000124,0.000000000124,0.000000000124,0.000000000124,0.000000000124,0.000000000124,0.000000000124,0.000000000124,0.000000000124,0.000000000124,0.000000000124,0.000000000124,0.000000000124,0.000000000124,0.000000000124,0.000000000124,0.000000000124,0.000000000124,0.000000000124,0.000000000124,0.000000000124,0.000000000124,0.000000000124,0.000000000124,0.000000000124,0.000000000124,0.000000000124,0.000000000124,0.000000000124
854,0.000000000124,0.000000000124,0.000000000124,0.000000000124,0.000000000124,0.000000000124,0.000000000124,0.000000000124,0.000000000124,0.000000000124,0.000000000124,0.000000000124,0.000000000124,0.000000000124,0.000000000124,0.000000000124,0.000000000124,0.000000000124,0.000000000124,0.000000000124,0.000000000124,0.000000000124,0.000000000124,0.000000000124,0.000000000124,0.000000000124,0.000000000124,0.000000000124,0.000000000124,0.000000000124,0.000000000124,0.000000000124,0.000000000124,0.000000000124,0.000000000124,0.000000000124,0.000000000124,0.000000000124,0.000000000124,0.999999987822,0.000000000124,0.000000000124,0.000000000124,0.000000000124,0.000000000124,0.000000000124,0.000000000124,0.000000000124,0.000000000124,0.000000000124,0.000000000124,0.000000000124,0.000000000124,0.000000000124,0.000000000124,0.000000000124,0.000000000124,0.000000000124,0.000000000124,0.000000000124,0.000000000124,0.000000000124,0.000000000124,0.000000000124,0.000000000124,0.000000000124,0.000000000124,0.000000000124,0.000000000124,0.000000000124,0.000000000124,0.000000000124,0.000000000124,0.000000000124,0.000000000124,0.000000000124,0.000000000124,0.000000000124,0.000000000124,0.000000000124,0.000000000124,0.000000000124,0.000000000124,0.000000000124,0.000000000124,0.000000000124,0.000000000124,0.000000000124,0.000000000124,0.000000000124,0.000000000124,0.000000000124,0.000000000124,0.000000000124,0.000000000124,0.000000000124,0.000000000124,0.000000000124,0.000000000124
196,0.000000000124,0.000000000124,0.000000000124,0.000000000124,0.000000000124,0.000000000124,0.000000000124,0.000000000124,0.000000000124,0.000000000124,0.000000000124,0.000000000124,0.000000000124,0.000000000124,0.000000000124,0.999999987822,0.000000000124,0.000000000124,0.000000000124,0.000000000124,0.000000000124,0.000000000124,0.000000000124,0.000000000124,0.000000000124,0.000000000124,0.000000000124,0.000000000124,0.000000000124,0.000000000124,0.000000000124,0.000000000124,0.000000000124,0.000000000124,0.000000000124,0.000000000124,0.000000000124,0.000000000124,0.000000000124,0.000000000124,0.000000000124,0.000000000124,0.000000000124,0.000000000124,0.000000000124,0.000000000124,0.000000000124,0.000000000124,0.000000000124,0.000000000124,0.000000000124,0.000000000124,0.000000000124,0.000000000124,0.000000000124,0.000000000124,0.000000000124,0.000000000124,0.000000000124,0.000000000124,0.000000000124,0.000000000124,0.000000000124,0.000000000124,0.000000000124,0.000000000124,0.000000000124,0.000000000124,0.000000000124,0.000000000124,0.000000000124,0.000000000124,0.000000000124,0.000000000124,0.000000000124,0.000000000124,0.000000000124,0.000000000124,0.000000000124,0.000000000124,0.000000000124,0.000000000124,0.000000000124,0.000000000124,0.000000000124,0.000000000124,0.000000000124,0.000000000124,0.000000000124,0.000000000124,0.000000000124,0.000000000124,0.000000000124,0.000000000124,0.000000000124,0.000000000124,0.000000000124,0.000000000124,0.000000000124
492,0.000000000124,0.000000000124,0.000000000124,0.000000000124,0.000000000124,0.000000000124,0.000000000124,0.000000000124,0.000000000124,0.000000000124,0.000000000124,0.000000000124,0.000000000124,0.000000000124,0.000000000124,0.000000000124,0.000000000124,0.000000000124,0.000000000124,0.000000000124,0.000000000124,0.000000000124,0.000000000124,0.000000000124,0.000000000124,0.000000000124,0.000000000124,0.000000000124,0.000000000124,0.000000000124,0.000000000124,0.000000000124,0.000000000124,0.000000000124,0.000000000124,0.000000000124,0.000000000124,0.000000000124,0.000000000124,0.000000000124,0.000000000124,0.000000000124,0.000000000124,0.000000000124,0.000000000124,0.000000000124,0.000000000124,0.000000000124,0.000000000124,0.000000000124,0.000000000124,0.000000000124,0.000000000124,0.000000000124,0.000000000124,0.999999987822,0.000000000124,0.000000000124,0.000000000124,0.000000000124,0.000000000124,0.000000000124,0.000000000124,0.000000000124,0.000000000124,0.000000000124,0.000000000124,0.000000000124,0.000000000124,0.000000000124,0.000000000124,0.000000000124,0.000000000124,0.000000000124,0.000000000124,0.000000000124,0.000000000124,0.000000000124,0.000000000124,0.000000000124,0.000000000124,0.000000000124,0.000000000124,0.000000000124,0.000000000124,0.000000000124,0.000000000124,0.000000000124,0.000000000124,0.000000000124,0.000000000124,0.000000000124,0.000000000124,0.000000000124,0.000000000124,0.000000000124,0.000000000124,0.000000000124,0.000000000124
22,0.000000000124,0.000000000124,0.000000000124,0.000000000124,0.000000000124,0.000000000124,0.000000000124,0.000000000124,0.000000000124,0.000000000124,0.000000000124,0.000000000124,0.000000000124,0.000000000124,0.000000000124,0.000000000124,0.000000000124,0.000000000124,0.000000000124,0.000000000124,0.000000000124,0.000000000124,0.000000000124,0.000000000124,0.000000000124,0.000000000124,0.000000000124,0.000000000124,0.000000000124,0.000000000124,0.000000000124,0.000000000124,0.000000000124,0.000000000124,0.000000000124,0.000000000124,0.000000000124,0.000000000124,0.000000000124,0.000000000124,0.000000000124,0.000000000124,0.000000000124,0.000000000124,0.000000000124,0.000000000124,0.000000000124,0.000000000124,0.000000000124,0.000000000124,0.000000000124,0.000000000124,0.000000000124,0.000000000124,0.000000000124,0.000000000124,0.000000000124,0.000000000124,0.999999987822,0.000000000124,0.000000000124,0.000000000124,0.000000000124,0.000000000124,0.000000000124,0.000000000124,0.000000000124,0.000000000124,0.000000000124,0.000000000124,0.000000000124,0.000000000124,0.000000000124,0.000000000124,0.000000000124,0.000000000124,0.000000000124,0.000000000124,0.000000000124,0.000000000124,0.000000000124,0.000000000124,0.000000000124,0.000000000124,0.000000000124,0.000000000124,0.000000000124,0.000000000124,0.000000000124,0.000000000124,0.000000000124,0.000000000124,0.000000000124,0.000000000124,0.000000000124,0.000000000124,0.000000000124,0.000000000124,0.000000000124
789,0.000000000124,0.000000000124,0.000000000124,0.000000000124,0.000000000124,0.000000000124,0.000000000124,0.000000000124,0.000000000124,0.000000000124,0.000000000124,0.000000000124,0.000000000124,0.000000000124,0.000000000124,0.000000000124,0.000000000124,0.000000000124,0.000000000124,0.000000000124,0.000000000124,0.000000000124,0.000000000124,0.000000000124,0.000000000124,0.000000000124,0.000000000124,0.000000000124,0.000000000124,0.000000000124,0.000000000124,0.000000000124,0.000000000124,0.000000000124,0.999999987822,0.000000000124,0.000000000124,0.000000000124,0.000000000124,0.000000000124,0.000000000124,0.000000000124,0.000000000124,0.000000000124,0.000000000124,0.000000000124,0.000000000124,0.000000000124,0.000000000124,0.000000000124,0.000000000124,0.000000000124,0.000000000124,0.000000000124,0.000000000124,0.000000000124,0.000000000124,0.000000000124,0.000000000124,0.000000000124,0.000000000124,0.000000000124,0.000000000124,0.000000000124,0.000000000124,0.000000000124,0.000000000124,0.000000000124,0.000000000124,0.000000000124,0.000000000124,0.000000000124,0.000000000124,0.000000000124,0.000000000124,0.000000000124,0.000000000124,0.000000000124,0.000000000124,0.000000000124,0.000000000124,0.000000000124,0.000000000124,0.000000000124,0.000000000124,0.000000000124,0.000000000124,0.000000000124,0.000000000124,0.000000000124,0.000000000124,0.000000000124,0.000000000124,0.000000000124,0.000000000124,0.000000000124,0.000000000124,0.000000000124,0.000000000124
249,0.000000000124,0.000000000124,0.000000000124,0.000000000124,0.000000000124,0.000000000124,0.000000000124,0.000000000124,0.000000000124,0.000000000124,0.000000000124,0.000000000124,0.000000000124,0.000000000124,0.000000000124,0.000000000124,0.000000000124,0.000000000124,0.000000000124,0.000000000124,0.999999987822,0.000000000124,0.000000000124,0.000000000124,0.000000000124,0.000000000124,0.000000000124,0.000000000124,0.000000000124,0.000000000124,0.000000000124,0.000000000124,0.000000000124,0.000000000124,0.000000000124,0.000000000124,0.000000000124,0.000000000124,0.000000000124,0.000000000124,0.000000000124,0.000000000124,0.000000000124,0.000000000124,0.000000000124,0.000000000124,0.000000000124,0.000000000124,0.000000000124,0.000000000124,0.000000000124,0.000000000124,0.000000000124,0.000000000124,0.000000000124,0.000000000124,0.000000000124,0.000000000124,0.000000000124,0.000000000124,0.000000000124,0.000000000124,0.000000000124,0.000000000124,0.000000000124,0.000000000124,0.000000000124,0.000000000124,0.000000000124,0.000000000124,0.000000000124,0.000000000124,0.000000000124,0.000000000124,0.000000000124,0.000000000124,0.000000000124,0.000000000124,0.000000000124,0.000000000124,0.000000000124,0.000000000124,0.000000000124,0.000000000124,0.000000000124,0.000000000124,0.000000000124,0.000000000124,0.000000000124,0.000000000124,0.000000000124,0.000000000124,0.000000000124,0.000000000124,0.000000000124,0.000000000124,0.000000000124,0.000000000124,0.000000000124
464,0.000000000118,0.000000000118,0.000000000118,0.000000000118,0.000000000118,0.000000000118,0.000000000118,0.000000000118,0.000000000118,0.000000000118,0.000000000118,0.000000000118,0.000000000118,0.000000000118,0.000000000118,0.897215137020,0.000000000118,0.000000000118,0.000000000118,0.000000000118,0.000000000118,0.000000000118,0.000000000118,0.000000000118,0.000000000118,0.000000000118,0.000000000118,0.000000000118,0.102784851523,0.000000000118,0.000000000118,0.000000000118,0.000000000118,0.000000000118,0.000000000118,0.000000000118,0.000000000118,0.000000000118,0.000000000118,0.000000000118,0.000000000118,0.000000000118,0.000000000118,0.000000000118,0.000000000118,0.000000000118,0.000000000118,0.000000000118,0.000000000118,0.000000000118,0.000000000118,0.000000000118,0.000000000118,0.000000000118,0.000000000118,0.000000000118,0.000000000118,0.000000000118,0.000000000118,0.000000000118,0.000000000118,0.000000000118,0.000000000118,0.000000000118,0.000000000118,0.000000000118,0.000000000118,0.000000000118,0.000000000118,0.000000000118,0.000000000118,0.000000000118,0.000000000118,0.000000000118,0.000000000118,0.000000000118,0.000000000118,0.000000000118,0.000000000118,0.000000000118,0.000000000118,0.000000000118,0.000000000118,0.000000000118,0.000000000118,0.000000000118,0.000000000118,0.000000000118,0.000000000118,0.000000000118,0.000000000118,0.000000000118,0.000000000118,0.000000000118,0.000000000118,0.000000000118,0.000000000118,0.000000000118,0.000000000118
1499,0.000000000124,0.000000000124,0.000000000124,0.000000000124,0.000000000124,0.000000000124,0.000000000124,0.000000000124,0.000000000124,0.000000000124,0.000000000124,0.000000000124,0.000000000124,0.000000000124,0.000000000124,0.000000000124,0.000000000124,0.000000000124,0.000000000124,0.000000000124,0.000000000124,0.000000000124,0.000000000124,0.000000000124,0.000000000124,0.000000000124,0.000000000124,0.000000002569,0.000000000124,0.000000000124,0.000000000124,0.000000000124,0.000000000124,0.000000000124,0.000000000124,0.000000000124,0.000000000124,0.000000000124,0.000000000124,0.000000000124,0.000000000124,0.000000000124,0.999861527201,0.000000000124,0.000000000124,0.000000000124,0.000000000124,0.000000000124,0.000000000124,0.000000000124,0.000000000124,0.000000000124,0.000000000124,0.000000000124,0.000000000124,0.000000000124,0.000000000124,0.000000000124,0.000000000124,0.000000000124,0.000000000124,0.000000000124,0.000000000124,0.000000000124,0.000000000124,0.000000000124,0.000138458301,0.000000000124,0.000000000124,0.000000000124,0.000000000124,0.000000000124,0.000000000124,0.000000000124,0.000000000124,0.000000000124,0.000000000124,0.000000000124,0.000000000124,0.000000000124,0.000000000124,0.000000000124,0.000000000124,0.000000000124,0.000000000124,0.000000000124,0.000000000124,0.000000000124,0.000000000124,0.000000000124,0.000000000124,0.000000000124,0.000000000124,0.000000000124,0.000000000124,0.000000000124,0.000000000124,0.000000000124,0.000000000124
436,0.000000000124,0.000000000124,0.000000000124,0.000000000124,0.000000000124,0.000000000124,0.000000000124,0.000000000124,0.000000000124,0.000000000124,0.000000000124,0.000000000124,0.000000000124,0.000000000124,0.000000000124,0.000000000124,0.000000000124,0.000000000124,0.000000000124,0.000000000124,0.000000000124,0.000000000124,0.000000000124,0.000000000124,0.000000000124,0.000000000124,0.000000000124,0.000000000124,0.000000000124,0.000000000124,0.000000000124,0.000000000124,0.000000000124,0.000000000124,0.000000000124,0.000000000124,0.000000000124,0.000000000124,0.000000000124,0.000000000124,0.000000000124,0.000000000124,0.000000000124,0.000000000124,0.000000000124,0.000000000124,0.000000000124,0.000000000124,0.000000000124,0.000000000124,0.000000000124,0.000000000124,0.000000000124,0.000000000124,0.000000000124,0.000000000124,0.000000000124,0.000000000124,0.000000000124,0.000000000124,0.000000000124,0.000000000124,0.000000000124,0.000000000124,0.000000000124,0.000000000124,0.000000000124,0.000000000124,0.000000000124,0.000000000124,0.000000000124,0.000000000124,0.000000000124,0.000000000124,0.000000000124,0.000000000124,0.000000000124,0.000000000124,0.000000000124,0.000000000124,0.000000000124,0.000000000124,0.000000000124,0.000000000124,0.000000000124,0.000000000124,0.000000000124,0.000000000124,0.000000000124,0.000000000124,0.000000000124,0.000000000124,0.000000000124,0.000000000124,0.000000000124,0.999999987822,0.000000000124,0.000000000124,0.000000000124
662,0.000000000124,0.000000000124,0.000000000124,0.000000000124,0.000000000124,0.000000000124,0.000000000124,0.000000000124,0.000000000124,0.000000000124,0.000000000124,0.000000000124,0.000000000124,0.000000000124,0.000000000124,0.000000000124,0.000000000124,0.000000000124,0.000000000124,0.000000000124,0.000000000124,0.000000000124,0.999999987822,0.000000000124,0.000000000124,0.000000000124,0.000000000124,0.000000000124,0.000000000124,0.000000000124,0.000000000124,0.000000000124,0.000000000124,0.000000000124,0.000000000124,0.000000000124,0.000000000124,0.000000000124,0.000000000124,0.000000000124,0.000000000124,0.000000000124,0.000000000124,0.000000000124,0.000000000124,0.000000000124,0.000000000124,0.000000000124,0.000000000124,0.000000000124,0.000000000124,0.000000000124,0.000000000124,0.000000000124,0.000000000124,0.000000000124,0.000000000124,0.000000000124,0.000000000124,0.000000000124,0.000000000124,0.000000000124,0.000000000124,0.000000000124,0.000000000124,0.000000000124,0.000000000124,0.000000000124,0.000000000124,0.000000000124,0.000000000124,0.000000000124,0.000000000124,0.000000000124,0.000000000124,0.000000000124,0.000000000124,0.000000000124,0.000000000124,0.000000000124,0.000000000124,0.000000000124,0.000000000124,0.000000000124,0.000000000124,0.000000000124,0.000000000124,0.000000000124,0.000000000124,0.000000000124,0.000000000124,0.000000000124,0.000000000124,0.000000000124,0.000000000124,0.000000000124,0.000000000124,0.000000000124,0.000000000124
1021,0.000000000124,0.000000000124,0.000000000124,0.000000000124,0.000000000124,0.000000000124,0.000000000124,0.000000000124,0.000000000124,0.000000000124,0.000000000124,0.000000000124,0.999999987822,0.000000000124,0.000000000124,0.000000000124,0.000000000124,0.000000000124,0.000000000124,0.000000000124,0.000000000124,0.000000000124,0.000000000124,0.000000000124,0.000000000124,0.000000000124,0.000000000124,0.000000000124,0.000000000124,0.000000000124,0.000000000124,0.000000000124,0.000000000124,0.000000000124,0.000000000124,0.000000000124,0.000000000124,0.000000000124,0.000000000124,0.000000000124,0.000000000124,0.000000000124,0.000000000124,0.000000000124,0.000000000124,0.000000000124,0.000000000124,0.000000000124,0.000000000124,0.000000000124,0.000000000124,0.000000000124,0.000000000124,0.000000000124,0.000000000124,0.000000000124,0.000000000124,0.000000000124,0.000000000124,0.000000000124,0.000000000124,0.000000000124,0.000000000124,0.000000000124,0.000000000124,0.000000000124,0.000000000124,0.000000000124,0.000000000124,0.000000000124,0.000000000124,0.000000000124,0.000000000124,0.000000000124,0.000000000124,0.000000000124,0.000000000124,0.000000000124,0.000000000124,0.000000000124,0.000000000124,0.000000000124,0.000000000124,0.000000000124,0.000000000124,0.000000000124,0.000000000124,0.000000000124,0.000000000124,0.000000000124,0.000000000124,0.000000000124,0.000000000124,0.000000000124,0.000000000124,0.000000000124,0.000000000124,0.000000000124,0.000000000124
1432,0.000000000124,0.000000000124,0.000000000124,0.000000000124,0.000000000124,0.000000000124,0.000000000124,0.000000000124,0.000000000124,0.000000000124,0.000000000124,0.000000000124,0.000000000124,0.000000000124,0.000000000124,0.000000000124,0.000000000124,0.000000000124,0.000000000124,0.000000000124,0.000000000124,0.000000000124,0.000000000124,0.000000000124,0.000000000124,0.000000000124,0.000000000124,0.000000000124,0.000000000124,0.000000000124,0.000000000124,0.000000000124,0.000000000124,0.000000000124,0.000000000124,0.000000000124,0.000000000124,0.000000000124,0.000000000124,0.000000000124,0.000000000124,0.000000000124,0.000000000124,0.000000000124,0.000000000124,0.000000000124,0.000000000124,0.000000000124,0.000000000124,0.000000000124,0.000000000124,0.000000000124,0.000000000124,0.000000000124,0.000000000124,0.000000000124,0.000000000124,0.000000000124,0.000000000124,0.000000000124,0.000000000124,0.000000000124,0.000000000124,0.000000000124,0.000000000124,0.000000000124,0.000000000124,0.000000000124,0.000000000124,0.000000000124,0.000000000124,0.000000000124,0.000000000124,0.000000000124,0.000000000124,0.000000000124,0.000000000124,0.000000000124,0.999999987822,0.000000000124,0.000000000124,0.000000000124,0.000000000124,0.000000000124,0.000000000124,0.000000000124,0.000000000124,0.000000000124,0.000000000124,0.000000000124,0.000000000124,0.000000000124,0.000000000124,0.000000000124,0.000000000124,0.000000000124,0.000000000124,0.000000000124,0.000000000124
1271,0.000000000124,0.000000000124,0.000000000124,0.000000000124,0.000000000124,0.000000000124,0.000000000124,0.000000000124,0.000000000124,0.000000000124,0.000000000124,0.000000000124,0.000000000124,0.000000000124,0.000000000124,0.000000000124,0.000000000124,0.000000000124,0.000000000124,0.000000000124,0.000000000124,0.000000000124,0.000000000124,0.000000000124,0.000000000124,0.000000000124,0.000000000124,0.000000000124,0.000000000124,0.000000000124,0.000000000124,0.000000000124,0.000000000124,0.000000000124,0.000000000124,0.000000000124,0.000000000124,0.000000000124,0.000000000124,0.000000000124,0.000000000124,0.000000000124,0.000000000124,0.998693965591,0.000000000124,0.000000000124,0.000000000124,0.000000000124,0.000000000124,0.000000000124,0.000000000124,0.000000000124,0.000000000124,0.000000000124,0.000000000124,0.000000000124,0.000000000124,0.000000000124,0.000000000124,0.000000000124,0.000000000124,0.000000000124,0.000000000124,0.000000000124,0.000000000124,0.000000000124,0.000000000124,0.000000000124,0.000000000124,0.001306022367,0.000000000124,0.000000000124,0.000000000124,0.000000000124,0.000000000124,0.000000000124,0.000000000124,0.000000000124,0.000000000124,0.000000000124,0.000000000124,0.000000000124,0.000000000124,0.000000000124,0.000000000124,0.000000000124,0.000000000124,0.000000000124,0.000000000124,0.000000000124,0.000000000124,0.000000000124,0.000000000124,0.000000000124,0.000000000124,0.000000000124,0.000000000124,0.000000000124,0.000000000124
426,0.000000000124,0.000000000124,0.000000000124,0.000000000124,0.000000000124,0.000000000124,0.000000000124,0.000000000124,0.000000000124,0.000000000124,0.000000000124,0.000000000124,0.000000000124,0.000000000124,0.000000000124,0.000000000124,0.000000000124,0.000000000124,0.000000000124,0.000000000124,0.000000000124,0.000000000124,0.000000000124,0.000000000124,0.000000000124,0.000000000124,0.000000000124,0.000000000124,0.000000000124,0.000000000124,0.000000000124,0.000000000124,0.000000000124,0.000000000124,0.000000000124,0.000000000124,0.000000000124,0.000000000124,0.000000000124,0.000000000124,0.000000000124,0.000000000124,0.000000000124,0.000000000124,0.000000000124,0.000000000124,0.000000000124,0.000000000124,0.000000000124,0.000000000124,0.000000000124,0.000000000124,0.000000000124,0.000000000124,0.000000000124,0.000000000124,0.000000000124,0.000000000124,0.000000000124,0.000000000124,0.999999987822,0.000000000124,0.000000000124,0.000000000124,0.000000000124,0.000000000124,0.000000000124,0.000000000124,0.000000000124,0.000000000124,0.000000000124,0.000000000124,0.000000000124,0.000000000124,0.000000000124,0.000000000124,0.000000000124,0.000000000124,0.000000000124,0.000000000124,0.000000000124,0.000000000124,0.000000000124,0.000000000124,0.000000000124,0.000000000124,0.000000000124,0.000000000124,0.000000000124,0.000000000124,0.000000000124,0.000000000124,0.000000000124,0.000000000124,0.000000000124,0.000000000124,0.000000000124,0.000000000124,0.000000000124
1120,0.000000000124,0.000000000124,0.000000000124,0.000000000124,0.000000000124,0.000000000124,0.000000000124,0.000000000124,0.000000000124,0.000000000124,0.000000000124,0.000000000124,0.000000000124,0.000000000124,0.000000000124,0.000000000124,0.000000000124,0.000000000124,0.000000000124,0.000000000124,0.000000000124,0.000000000124,0.000000000124,0.000000000124,0.000000000124,0.000000000124,0.000000000124,0.000000000124,0.000000000124,0.000000000124,0.000000000124,0.000000000124,0.000000000124,0.000000000124,0.000000000124,0.000000000124,0.000000000124,0.000000000124,0.000000000124,0.000000000124,0.000000000124,0.000000000124,0.000000000124,0.000000000124,0.000000000124,0.000000000124,0.000000000124,0.000000000124,0.000000000124,0.000000000124,0.000000000124,0.000000000124,0.000000000124,0.000000000124,0.000000000124,0.000000000124,0.000000000124,0.000000000124,0.000000000124,0.000000000124,0.000000000124,0.000000000124,0.000000000124,0.000000000124,0.000000000124,0.000000000124,0.000000000124,0.000000000124,0.000000000124,0.000000000124,0.000000000124,0.000000000124,0.000000000124,0.000000000124,0.000000000124,0.000000000124,0.000000000124,0.999999987822,0.000000000124,0.000000000124,0.000000000124,0.000000000124,0.000000000124,0.000000000124,0.000000000124,0.000000000124,0.000000000124,0.000000000124,0.000000000124,0.000000000124,0.000000000124,0.000000000124,0.000000000124,0.000000000124,0.000000000124,0.000000000124,0.000000000124,0.000000000124,0.000000000124
85,0.000000000124,0.000000000124,0.000000000124,0.000000000124,0.000000000124,0.000000000124,0.000000000124,0.000000000124,0.000000000124,0.000000000124,0.000000000124,0.000000000124,0.000000000124,0.000000000124,0.000000000124,0.000000000124,0.000000000124,0.000000000124,0.000000000124,0.000000000124,0.000000000124,0.000000000124,0.000000000124,0.000000000124,0.000000000124,0.000000000124,0.000000000124,0.000000000124,0.000000000124,0.000000000124,0.000000000124,0.000000000124,0.000000000124,0.000000000124,0.000000000124,0.000000000124,0.999999987822,0.000000000124,0.000000000124,0.000000000124,0.000000000124,0.000000000124,0.000000000124,0.000000000124,0.000000000124,0.000000000124,0.000000000124,0.000000000124,0.000000000124,0.000000000124,0.000000000124,0.000000000124,0.000000000124,0.000000000124,0.000000000124,0.000000000124,0.000000000124,0.000000000124,0.000000000124,0.000000000124,0.000000000124,0.000000000124,0.000000000124,0.000000000124,0.000000000124,0.000000000124,0.000000000124,0.000000000124,0.000000000124,0.000000000124,0.000000000124,0.000000000124,0.000000000124,0.000000000124,0.000000000124,0.000000000124,0.000000000124,0.000000000124,0.000000000124,0.000000000124,0.000000000124,0.000000000124,0.000000000124,0.000000000124,0.000000000124,0.000000000124,0.000000000124,0.000000000124,0.000000000124,0.000000000124,0.000000000124,0.000000000124,0.000000000124,0.000000000124,0.000000000124,0.000000000124,0.000000000124,0.000000000124,0.000000000124
394,0.000000000124,0.000000000124,0.000000000124,0.000000000124,0.000000000124,0.000000000124,0.000000000124,0.000000000124,0.000000000124,0.000000000124,0.000000000124,0.000000000124,0.000000000124,0.000000000124,0.999999987822,0.000000000124,0.000000000124,0.000000000124,0.000000000124,0.000000000124,0.000000000124,0.000000000124,0.000000000124,0.000000000124,0.000000000124,0.000000000124,0.000000000124,0.000000000124,0.000000000124,0.000000000124,0.000000000124,0.000000000124,0.000000000124,0.000000000124,0.000000000124,0.000000000124,0.000000000124,0.000000000124,0.000000000124,0.000000000124,0.000000000124,0.000000000124,0.000000000124,0.000000000124,0.000000000124,0.000000000124,0.000000000124,0.000000000124,0.000000000124,0.000000000124,0.000000000124,0.000000000124,0.000000000124,0.000000000124,0.000000000124,0.000000000124,0.000000000124,0.000000000124,0.000000000124,0.000000000124,0.000000000124,0.000000000124,0.000000000124,0.000000000124,0.000000000124,0.000000000124,0.000000000124,0.000000000124,0.000000000124,0.000000000124,0.000000000124,0.000000000124,0.000000000124,0.000000000124,0.000000000124,0.000000000124,0.000000000124,0.000000000124,0.000000000124,0.000000000124,0.000000000124,0.000000000124,0.000000000124,0.000000000124,0.000000000124,0.000000000124,0.000000000124,0.000000000124,0.000000000124,0.000000000124,0.000000000124,0.000000000124,0.000000000124,0.000000000124,0.000000000124,0.000000000124,0.000000000124,0.000000000124,0.000000000124
1265,0.000000000124,0.000000000124,0.000000000124,0.000000000124,0.000000000124,0.000000000124,0.000000000124,0.000000000124,0.000000000124,0.000000000124,0.000000000124,0.000000000124,0.000000000124,0.000000000124,0.000000000124,0.000000000124,0.000000000124,0.000000000124,0.000000000124,0.000000000124,0.000000000124,0.000000000124,0.000000000124,0.000000000124,0.000000000124,0.000000000124,0.000000000124,0.000000000124,0.000000000124,0.000000000124,0.000000000124,0.000000000124,0.000000000124,0.000000000124,0.000000000124,0.000000000124,0.000000000124,0.000000000124,0.000000000124,0.000000000124,0.000000000124,0.000000000124,0.000000000124,0.000000000124,0.000000000124,0.000000000124,0.000000000124,0.000000000124,0.000000000124,0.000000000124,0.000000000124,0.000000000124,0.000000000124,0.000000000920,0.000000000124,0.000000000124,0.000000000124,0.000000000124,0.000000000124,0.000000000124,0.000000000124,0.000000000124,0.000000000124,0.000000000124,0.000000000124,0.000000000124,0.000000000124,0.000000000124,0.000000000124,0.000000000124,0.000000000124,0.000000000124,0.000000000124,0.000000000124,0.000000000124,0.000000000124,0.000000000124,0.000000000124,0.000000000124,0.000000000124,0.000000000124,0.000000000124,0.000000000124,0.000000000124,0.000000000124,0.000000000124,0.000000000124,0.000000000124,0.000000000124,0.000000000124,0.000000000124,0.000000000124,0.000000000124,0.000000000124,0.000000000124,0.000000000124,0.000000000124,0.000000000124,0.999999987026
459,0.000000000124,0.000000000124,0.000000000124,0.000000000124,0.000000000124,0.000000000124,0.000000000124,0.000000000124,0.000000000124,0.000000000124,0.000000000124,0.000000000124,0.000000000124,0.000000000124,0.000000000124,0.000000000124,0.000000000124,0.000000000124,0.000000000124,0.000000000124,0.000000000124,0.000000000124,0.000000000124,0.000000000124,0.000000000124,0.000000000124,0.000000000124,0.000000000124,0.000000000124,0.000000000124,0.000000000124,0.000000000124,0.000000000124,0.000000000124,0.000000000124,0.000000000124,0.000000000124,0.000000000124,0.000000000124,0.000000000124,0.000000000124,0.000000000124,0.000000000124,0.000000000124,0.000000000124,0.000000000124,0.000000000124,0.000000000124,0.000000000124,0.000000000124,0.000000000124,0.000000000124,0.000000000124,0.000000000124,0.000000000124,0.000000000124,0.000000000124,0.000000000124,0.000000000124,0.000000000124,0.000000000124,0.000000000124,0.000000000124,0.000000000124,0.000000000124,0.000000000124,0.000000000124,0.000000000124,0.000000000124,0.000000000124,0.000000000124,0.000000000124,0.000000000124,0.000000000124,0.000000000124,0.000000000124,0.000000000124,0.000000000124,0.000000000124,0.000000000124,0.000000000124,0.000000000124,0.000000000124,0.000000000124,0.000000000124,0.000000000124,0.000000000124,0.000000000124,0.000000000124,0.000000000124,0.000000000124,0.000000000124,0.000000000124,0.000000000124,0.999999987822,0.000000000124,0.000000000124,0.000000000124,0.000000000124
1132,0.000000000118,0.000000000118,0.000000000118,0.000000000118,0.000000000118,0.000000000118,0.000000000118,0.000000000118,0.000000000118,0.000000000118,0.000000000118,0.000000000118,0.000000000118,0.000000000118,0.000000000118,0.000000000118,0.000000000118,0.000000000118,0.000000000118,0.000000000118,0.000000000118,0.000000000118,0.000000000118,0.000000000118,0.000000000118,0.000000000118,0.000000000118,0.897213928366,0.000000000118,0.000000000118,0.000000000118,0.000000000118,0.000000000118,0.000000000118,0.000000000118,0.000000000118,0.000000000118,0.000000000118,0.000000000118,0.000000000118,0.000000000118,0.000000000118,0.000000001237,0.000000000118,0.000000000118,0.000000000118,0.000000000118,0.000000000118,0.000000000118,0.000000000118,0.000000000118,0.000000000118,0.000000000118,0.000000000118,0.000000000118,0.000000000118,0.000000000118,0.000000000118,0.000000000118,0.000000000118,0.000000000118,0.000000000118,0.000000000118,0.000000000118,0.000000000118,0.000000000118,0.000000000118,0.000000000118,0.000000000118,0.000000000118,0.000000000118,0.000000000118,0.000000000118,0.000000000118,0.000000000118,0.000000000118,0.000000000118,0.000000000118,0.000000000118,0.000000000118,0.000000000118,0.000001452586,0.000000000118,0.000000003525,0.000000000118,0.000000000118,0.000000000118,0.000000000118,0.000000000118,0.000000000118,0.000000000118,0.000000000118,0.000000000118,0.000000000118,0.000000000118,0.000000000118,0.102784603183,0.000000000118,0.000000000118
1392,0.000000000124,0.000000000124,0.000000000124,0.000000000124,0.000000000124,0.000000000124,0.000000000124,0.000000000124,0.000000000124,0.000000000124,0.000000000124,0.000000000124,0.000000000124,0.000000000124,0.000000000124,0.000000000124,0.000000000124,0.000000000124,0.000000000124,0.000000000124,0.000000000124,0.000000000124,0.000000000124,0.000000000124,0.000000000124,0.000000000124,0.000000000124,0.999983079756,0.000000000124,0.000000000124,0.000000000124,0.000000000124,0.000000000124,0.000000000124,0.000000000124,0.000000000124,0.000000000124,0.000000000124,0.000000000124,0.000000000124,0.000000000124,0.000000000124,0.000000000124,0.000000000124,0.000000000124,0.000000000124,0.000000000124,0.000000000124,0.000000000124,0.000000000124,0.000000000124,0.000000000124,0.000000000124,0.000000000124,0.000000000124,0.000000000124,0.000000000124,0.000000000124,0.000000000124,0.000000000124,0.000000000124,0.000000000124,0.000000000124,0.000000000124,0.000000000124,0.000000000124,0.000000000248,0.000000000124,0.000000000124,0.000000000124,0.000000000124,0.000000000124,0.000000000124,0.000000000124,0.000000000124,0.000000000124,0.000000000124,0.000000000124,0.000000000124,0.000000000124,0.000000000124,0.000000000124,0.000000000124,0.000000000124,0.000000000124,0.000000000124,0.000000000124,0.000000000124,0.000000000124,0.000000000124,0.000000000124,0.000000000124,0.000000000124,0.000000000124,0.000000000124,0.000000000124,0.000000000124,0.000016908066,0.000000000124
309,0.000000000124,0.000000000124,0.000000000124,0.000000000124,0.000000000124,0.000000000124,0.000000000124,0.000000000124,0.000000000124,0.000000000124,0.000000000124,0.000000000124,0.000000000124,0.000000000124,0.000000000124,0.000000000124,0.000000000124,0.000000000124,0.000000000124,0.000000000124,0.000000000124,0.000000000124,0.000000000124,0.000000000124,0.000000000124,0.000000000124,0.000000000124,0.000000000124,0.000000000124,0.000000000124,0.000000000124,0.000000000124,0.000000000124,0.000000000124,0.000000000124,0.000000000124,0.000000000124,0.000000000124,0.000000000124,0.000000000124,0.000000000124,0.000000000124,0.000000000124,0.000000000124,0.000000000124,0.000000000124,0.000000000124,0.000000000124,0.000000000124,0.000000000124,0.000000000124,0.000000000124,0.000000000124,0.000000000124,0.000000000124,0.000000000124,0.000000000124,0.000000000124,0.000000000124,0.000000000124,0.000000000124,0.999999987822,0.000000000124,0.000000000124,0.000000000124,0.000000000124,0.000000000124,0.000000000124,0.000000000124,0.000000000124,0.000000000124,0.000000000124,0.000000000124,0.000000000124,0.000000000124,0.000000000124,0.000000000124,0.000000000124,0.000000000124,0.000000000124,0.000000000124,0.000000000124,0.000000000124,0.000000000124,0.000000000124,0.000000000124,0.000000000124,0.000000000124,0.000000000124,0.000000000124,0.000000000124,0.000000000124,0.000000000124,0.000000000124,0.000000000124,0.000000000124,0.000000000124,0.000000000124,0.000000000124
987,0.000000000124,0.000000000124,0.000000000124,0.000000000124,0.000000000124,0.000000000124,0.000000000124,0.000000000124,0.000000000124,0.000000000124,0.000000000124,0.000000000124,0.000000000124,0.000000000124,0.000000000124,0.000000000124,0.000000000124,0.000000000124,0.000000000124,0.000000000124,0.000000000124,0.000000000124,0.000000000124,0.000000000124,0.000000000124,0.000000000124,0.000000000124,0.000000000124,0.000000000124,0.000000000124,0.000000000124,0.000000000124,0.000000000124,0.000000000124,0.000000000124,0.000000000124,0.000000000124,0.000000000124,0.000000000124,0.000000000124,0.000000000124,0.000000000124,0.000000000124,0.000000000124,0.000000000124,0.000000000124,0.000000000124,0.999999987822,0.000000000124,0.000000000124,0.000000000124,0.000000000124,0.000000000124,0.000000000124,0.000000000124,0.000000000124,0.000000000124,0.000000000124,0.000000000124,0.000000000124,0.000000000124,0.000000000124,0.000000000124,0.000000000124,0.000000000124,0.000000000124,0.000000000124,0.000000000124,0.000000000124,0.000000000124,0.000000000124,0.000000000124,0.000000000124,0.000000000124,0.000000000124,0.000000000124,0.000000000124,0.000000000124,0.000000000124,0.000000000124,0.000000000124,0.000000000124,0.000000000124,0.000000000124,0.000000000124,0.000000000124,0.000000000124,0.000000000124,0.000000000124,0.000000000124,0.000000000124,0.000000000124,0.000000000124,0.000000000124,0.000000000124,0.000000000124,0.000000000124,0.000000000124,0.000000000124
801,0.000000000124,0.000000000124,0.000000000124,0.000000000124,0.000000000124,0.000000000124,0.000000000124,0.000000000124,0.000000000124,0.000000000124,0.000000000124,0.000000000124,0.000000000124,0.000000000124,0.000000000124,0.000000000124,0.000000000124,0.000000000124,0.000000000124,0.000000000124,0.000000000124,0.000000000124,0.000000000124,0.000000000124,0.000000000124,0.000000000124,0.000000000124,0.000000000124,0.000000000124,0.000000000124,0.000000000124,0.000000000124,0.000000000124,0.000000000124,0.000000000124,0.000000000124,0.000000000124,0.000000000124,0.000000000124,0.000000000124,0.000000000124,0.000000000124,0.000000000124,0.000000000124,0.000000000124,0.000000000124,0.000000000124,0.000000000124,0.000000000124,0.000000000124,0.000000000124,0.000000000124,0.000000000124,0.000000000124,0.000000000124,0.000000000124,0.000000000124,0.000000000124,0.000000000124,0.000000000124,0.000000000124,0.000000000124,0.000000000124,0.000000000124,0.000000000124,0.999999987822,0.000000000124,0.000000000124,0.000000000124,0.000000000124,0.000000000124,0.000000000124,0.000000000124,0.000000000124,0.000000000124,0.000000000124,0.000000000124,0.000000000124,0.000000000124,0.000000000124,0.000000000124,0.000000000124,0.000000000124,0.000000000124,0.000000000124,0.000000000124,0.000000000124,0.000000000124,0.000000000124,0.000000000124,0.000000000124,0.000000000124,0.000000000124,0.000000000124,0.000000000124,0.000000000124,0.000000000124,0.000000000124,0.000000000124
1446,0.000000000124,0.000000000124,0.000000000124,0.000000000124,0.000000000124,0.000000000124,0.000000000124,0.000000000124,0.000000000124,0.000000000124,0.000000000124,0.000000000124,0.000000000124,0.000000000124,0.000000000124,0.000000000124,0.000000000124,0.000000000124,0.000000000124,0.000000000124,0.000000000124,0.000000000124,0.000000000124,0.000000000124,0.000000000124,0.000000000124,0.000000000124,0.000000000124,0.000000000124,0.000000000124,0.000000000124,0.000000000124,0.000000000124,0.000000000124,0.000000000124,0.000000000124,0.000000000124,0.000000000124,0.000000000124,0.000000000124,0.000000000124,0.000000000124,0.000000000124,0.000000000124,0.000000000124,0.000000000124,0.000000000124,0.000000000124,0.000000000124,0.000000000124,0.000000000124,0.000000000124,0.000000000124,0.000000000124,0.000000000124,0.000000000124,0.000000000124,0.000000000124,0.000000000124,0.000000000124,0.000000000124,0.000000000124,0.000000000124,0.000000000124,0.000000000124,0.000000000124,0.000000000124,0.000000000124,0.000000000124,0.000000000124,0.000000000124,0.999999987822,0.000000000124,0.000000000124,0.000000000124,0.000000000124,0.000000000124,0.000000000124,0.000000000124,0.000000000124,0.000000000124,0.000000000124,0.000000000124,0.000000000124,0.000000000124,0.000000000124,0.000000000124,0.000000000124,0.000000000124,0.000000000124,0.000000000124,0.000000000124,0.000000000124,0.000000000124,0.000000000124,0.000000000124,0.000000000124,0.000000000124,0.000000000124
1229,0.000000000124,0.000000000124,0.000000000124,0.000000000124,0.000000000124,0.000000000124,0.000000000124,0.000000000124,0.000000000124,0.000000000124,0.000000000124,0.000000000124,0.000000000124,0.000000000124,0.000000000124,0.000000000124,0.000000000124,0.000000000124,0.000000000124,0.999999987822,0.000000000124,0.000000000124,0.000000000124,0.000000000124,0.000000000124,0.000000000124,0.000000000124,0.000000000124,0.000000000124,0.000000000124,0.000000000124,0.000000000124,0.000000000124,0.000000000124,0.000000000124,0.000000000124,0.000000000124,0.000000000124,0.000000000124,0.000000000124,0.000000000124,0.000000000124,0.000000000124,0.000000000124,0.000000000124,0.000000000124,0.000000000124,0.000000000124,0.000000000124,0.000000000124,0.000000000124,0.000000000124,0.000000000124,0.000000000124,0.000000000124,0.000000000124,0.000000000124,0.000000000124,0.000000000124,0.000000000124,0.000000000124,0.000000000124,0.000000000124,0.000000000124,0.000000000124,0.000000000124,0.000000000124,0.000000000124,0.000000000124,0.000000000124,0.000000000124,0.000000000124,0.000000000124,0.000000000124,0.000000000124,0.000000000124,0.000000000124,0.000000000124,0.000000000124,0.000000000124,0.000000000124,0.000000000124,0.000000000124,0.000000000124,0.000000000124,0.000000000124,0.000000000124,0.000000000124,0.000000000124,0.000000000124,0.000000000124,0.000000000124,0.000000000124,0.000000000124,0.000000000124,0.000000000124,0.000000000124,0.000000000124,0.000000000124
1461,0.000000000124,0.000000000124,0.000000000124,0.000000000124,0.000000000124,0.000000000124,0.000000000124,0.000000000124,0.000000000124,0.000000000124,0.000000000124,0.000000000124,0.000000000124,0.000000000124,0.000000000124,0.000000000124,0.000000000124,0.000000000124,0.000000000124,0.000000000124,0.000000000124,0.000000000124,0.999999987822,0.000000000124,0.000000000124,0.000000000124,0.000000000124,0.000000000124,0.000000000124,0.000000000124,0.000000000124,0.000000000124,0.000000000124,0.000000000124,0.000000000124,0.000000000124,0.000000000124,0.000000000124,0.000000000124,0.000000000124,0.000000000124,0.000000000124,0.000000000124,0.000000000124,0.000000000124,0.000000000124,0.000000000124,0.000000000124,0.000000000124,0.000000000124,0.000000000124,0.000000000124,0.000000000124,0.000000000124,0.000000000124,0.000000000124,0.000000000124,0.000000000124,0.000000000124,0.000000000124,0.000000000124,0.000000000124,0.000000000124,0.000000000124,0.000000000124,0.000000000124,0.000000000124,0.000000000124,0.000000000124,0.000000000124,0.000000000124,0.000000000124,0.000000000124,0.000000000124,0.000000000124,0.000000000124,0.000000000124,0.000000000124,0.000000000124,0.000000000124,0.000000000124,0.000000000124,0.000000000124,0.000000000124,0.000000000124,0.000000000124,0.000000000124,0.000000000124,0.000000000124,0.000000000124,0.000000000124,0.000000000124,0.000000000124,0.000000000124,0.000000000124,0.000000000124,0.000000000124,0.000000000124,0.000000000124
1375,0.000000000124,0.000000000124,0.000000000124,0.000000000124,0.000000000124,0.000000000124,0.000000000124,0.000000000124,0.000000000124,0.000000000124,0.000000000124,0.000000000124,0.000000000124,0.000000000124,0.000000000124,0.000000000124,0.000000000124,0.000000000124,0.000000000124,0.000000000124,0.000000000124,0.000000000124,0.000000000124,0.000000000124,0.000000000124,0.000000000124,0.000000000124,0.000000000124,0.000000000124,0.000000000124,0.000000000124,0.000000000124,0.000000000124,0.000000000124,0.000000000124,0.000000000124,0.000000000124,0.000000000124,0.000000000124,0.000000000124,0.000000000124,0.000000000124,0.000000000124,0.000000000124,0.000000000124,0.000000000124,0.000000000124,0.000000000124,0.000000000124,0.000000000124,0.000000000124,0.000000000124,0.000000000124,0.000000000124,0.000000000124,0.000000000124,0.000000000124,0.000000000124,0.000000000124,0.000000000124,0.000000000124,0.000000000124,0.000000000124,0.000000000124,0.000000000124,0.000000000124,0.000000000124,0.000000000124,0.000000000124,0.000000000124,0.000000000124,0.000000000124,0.000000000124,0.000000000124,0.000000000124,0.000000000124,0.000000000124,0.000000000124,0.000000000124,0.000000000124,0.000000000124,0.000000000124,0.000000000124,0.000000000124,0.000000000124,0.000000000124,0.999999987822,0.000000000124,0.000000000124,0.000000000124,0.000000000124,0.000000000124,0.000000000124,0.000000000124,0.000000000124,0.000000000124,0.000000000124,0.000000000124,0.000000000124
521,0.000000000124,0.000000000124,0.000000000124,0.000000000124,0.000000000124,0.000000000124,0.000000000124,0.000000000124,0.000000000124,0.000000000124,0.000000000124,0.000000000124,0.000000000124,0.000000000124,0.000000000124,0.000000000124,0.000000000124,0.000000000124,0.000000000124,0.000000000124,0.000000000124,0.000000000124,0.000000000124,0.000000000124,0.000000000124,0.000000000124,0.000000000124,0.000000000124,0.000000000124,0.000000000124,0.000000000124,0.000000000124,0.000000000124,0.000000000124,0.000000000124,0.000000000124,0.000000000124,0.000000000124,0.000000000124,0.000000000124,0.000000000124,0.000000000124,0.000000000124,0.000000000124,0.000000000124,0.000000000124,0.000000000124,0.000000000124,0.000000000124,0.000000000124,0.000000000124,0.000000000124,0.000000000124,0.000000000124,0.000000000124,0.000000000124,0.000000000124,0.000000000124,0.000000000124,0.000000000124,0.000000000124,0.000000000124,0.000000000124,0.000000000124,0.000000000124,0.000000000124,0.000000000124,0.000000000124,0.000000000124,0.000000000124,0.000000000124,0.000000000124,0.000000000124,0.000000000124,0.000000000124,0.999999987822,0.000000000124,0.000000000124,0.000000000124,0.000000000124,0.000000000124,0.000000000124,0.000000000124,0.000000000124,0.000000000124,0.000000000124,0.000000000124,0.000000000124,0.000000000124,0.000000000124,0.000000000124,0.000000000124,0.000000000124,0.000000000124,0.000000000124,0.000000000124,0.000000000124,0.000000000124,0.000000000124
637,0.000000000124,0.000000000124,0.000000000124,0.000000000124,0.000000000124,0.000000000124,0.000000000124,0.000000000124,0.000000000124,0.000000000124,0.000000000124,0.000000000124,0.000000000124,0.000000000124,0.000000000124,0.000000000124,0.000000000124,0.000000000124,0.000000000124,0.000000000124,0.000000000124,0.000000000124,0.000000000124,0.000000000124,0.000000000124,0.000000000124,0.000000000124,0.000000000124,0.000000000124,0.000000000124,0.000000000124,0.000000000124,0.000000000124,0.000000000124,0.000000000124,0.000000000124,0.000000000124,0.000000000124,0.000000000124,0.000000000124,0.000000000124,0.000000000124,0.000000000124,0.000000000124,0.000000000124,0.000000000124,0.000000000124,0.000000000124,0.000000000124,0.000000000124,0.000000000124,0.000000000124,0.000000000124,0.000000000124,0.000000000124,0.000000000124,0.000000000124,0.000000000124,0.000000000124,0.000000000124,0.000000000124,0.000000000124,0.000000000124,0.000000000124,0.000000000124,0.000000000124,0.000000000124,0.000000000124,0.000000000124,0.000000000124,0.000000000124,0.000000000124,0.000000000124,0.000000000124,0.000000000124,0.000000000124,0.000000000124,0.000000000124,0.000000000124,0.000000000124,0.000000000124,0.000000000124,0.000000000124,0.000000000124,0.000000000124,0.000000000124,0.000000000124,0.000000000124,0.000000000124,0.000000000124,0.000000000124,0.000000000124,0.000000000124,0.999999987822,0.000000000124,0.000000000124,0.000000000124,0.000000000124,0.000000000124
498,0.999999800198,0.000000000124,0.000000000124,0.000000000124,0.000000000124,0.000000000124,0.000000000124,0.000000000124,0.000000000124,0.000000000124,0.000000000124,0.000000000124,0.000000000124,0.000000000124,0.000000000124,0.000000000124,0.000000000124,0.000000000124,0.000000000124,0.000000000124,0.000000187749,0.000000000124,0.000000000124,0.000000000124,0.000000000124,0.000000000124,0.000000000124,0.000000000124,0.000000000124,0.000000000124,0.000000000124,0.000000000124,0.000000000124,0.000000000124,0.000000000124,0.000000000124,0.000000000124,0.000000000124,0.000000000124,0.000000000124,0.000000000124,0.000000000124,0.000000000124,0.000000000124,0.000000000124,0.000000000124,0.000000000124,0.000000000124,0.000000000124,0.000000000124,0.000000000124,0.000000000124,0.000000000124,0.000000000124,0.000000000124,0.000000000124,0.000000000124,0.000000000124,0.000000000124,0.000000000124,0.000000000124,0.000000000124,0.000000000124,0.000000000124,0.000000000124,0.000000000124,0.000000000124,0.000000000124,0.000000000124,0.000000000124,0.000000000124,0.000000000124,0.000000000124,0.000000000124,0.000000000124,0.000000000124,0.000000000124,0.000000000124,0.000000000124,0.000000000124,0.000000000124,0.000000000124,0.000000000124,0.000000000124,0.000000000124,0.000000000124,0.000000000124,0.000000000124,0.000000000124,0.000000000124,0.000000000124,0.000000000124,0.000000000124,0.000000000124,0.000000000124,0.000000000124,0.000000000124,0.000000000124,0.000000000124
1223,0.000000000124,0.000000000124,0.000000000124,0.000000000124,0.000000000124,0.000000000124,0.000000000124,0.000000000124,0.000000000124,0.000000000124,0.000000000124,0.000000000124,0.000000000124,0.000000000124,0.000000000124,0.000000000124,0.000000000124,0.000000000124,0.000000000124,0.000000000124,0.000000000124,0.000000000124,0.000000000124,0.000000000124,0.000000000124,0.000000000124,0.000000000124,0.000000000124,0.000000000124,0.000000000124,0.000000000124,0.000000000124,0.000000000124,0.000000000124,0.000000000124,0.000000000124,0.000000000124,0.000000000124,0.000000000124,0.000000000124,0.000000000124,0.000000000124,0.000000000124,0.000000000124,0.000000000124,0.999999987822,0.000000000124,0.000000000124,0.000000000124,0.000000000124,0.000000000124,0.000000000124,0.000000000124,0.000000000124,0.000000000124,0.000000000124,0.000000000124,0.000000000124,0.000000000124,0.000000000124,0.000000000124,0.000000000124,0.000000000124,0.000000000124,0.000000000124,0.000000000124,0.000000000124,0.000000000124,0.000000000124,0.000000000124,0.000000000124,0.000000000124,0.000000000124,0.000000000124,0.000000000124,0.000000000124,0.000000000124,0.000000000124,0.000000000124,0.000000000124,0.000000000124,0.000000000124,0.000000000124,0.000000000124,0.000000000124,0.000000000124,0.000000000124,0.000000000124,0.000000000124,0.000000000124,0.000000000124,0.000000000124,0.000000000124,0.000000000124,0.000000000124,0.000000000124,0.000000000124,0.000000000124,0.000000000124
1080,0.000000000124,0.000000000124,0.000000000124,0.000000000124,0.000000000124,0.000000000124,0.000000000124,0.000000000124,0.000000000124,0.000000000124,0.000000000124,0.000000000124,0.000000000124,0.000000000124,0.000000000124,0.000000000124,0.000000000124,0.000000000124,0.000000000124,0.000000000124,0.000000000124,0.000000000124,0.000000000124,0.000000000124,0.000000000124,0.000000000124,0.000000000124,0.000000000124,0.000000000124,0.000000000124,0.999999987822,0.000000000124,0.000000000124,0.000000000124,0.000000000124,0.000000000124,0.000000000124,0.000000000124,0.000000000124,0.000000000124,0.000000000124,0.000000000124,0.000000000124,0.000000000124,0.000000000124,0.000000000124,0.000000000124,0.000000000124,0.000000000124,0.000000000124,0.000000000124,0.000000000124,0.000000000124,0.000000000124,0.000000000124,0.000000000124,0.000000000124,0.000000000124,0.000000000124,0.000000000124,0.000000000124,0.000000000124,0.000000000124,0.000000000124,0.000000000124,0.000000000124,0.000000000124,0.000000000124,0.000000000124,0.000000000124,0.000000000124,0.000000000124,0.000000000124,0.000000000124,0.000000000124,0.000000000124,0.000000000124,0.000000000124,0.000000000124,0.000000000124,0.000000000124,0.000000000124,0.000000000124,0.000000000124,0.000000000124,0.000000000124,0.000000000124,0.000000000124,0.000000000124,0.000000000124,0.000000000124,0.000000000124,0.000000000124,0.000000000124,0.000000000124,0.000000000124,0.000000000124,0.000000000124,0.000000000124
999,0.000000000124,0.000000000124,0.000000000124,0.000000000124,0.000000000124,0.000000000124,0.000000000124,0.000000000124,0.000000000124,0.000000000124,0.000000000124,0.000000000124,0.000000000124,0.000000000124,0.000000000124,0.000000000124,0.000000000124,0.000000000124,0.000000000124,0.000000000124,0.000000000124,0.000000000124,0.000000000124,0.000000000124,0.000000000124,0.000000000124,0.000000000124,0.000000000124,0.000000000124,0.000000000124,0.000000000124,0.000000000124,0.000000000124,0.000000000124,0.000000000124,0.000000000124,0.000000000124,0.000000000124,0.000000000124,0.000000000124,0.000000000124,0.000000000124,0.000000000124,0.000000000124,0.000000000124,0.000000000124,0.000000000124,0.000000000124,0.000000000124,0.000000000124,0.000000000124,0.000000000124,0.000000000124,0.999999987822,0.000000000124,0.000000000124,0.000000000124,0.000000000124,0.000000000124,0.000000000124,0.000000000124,0.000000000124,0.000000000124,0.000000000124,0.000000000124,0.000000000124,0.000000000124,0.000000000124,0.000000000124,0.000000000124,0.000000000124,0.000000000124,0.000000000124,0.000000000124,0.000000000124,0.000000000124,0.000000000124,0.000000000124,0.000000000124,0.000000000124,0.000000000124,0.000000000124,0.000000000124,0.000000000124,0.000000000124,0.000000000124,0.000000000124,0.000000000124,0.000000000124,0.000000000124,0.000000000124,0.000000000124,0.000000000124,0.000000000124,0.000000000124,0.000000000124,0.000000000124,0.000000000124,0.000000000124
994,0.000000000124,0.000000000124,0.000000000124,0.000000000124,0.000000000124,0.000000000124,0.000000000124,0.000000000124,0.000000000124,0.000000000124,0.000000000124,0.000000000124,0.000000000124,0.000000000124,0.000000000124,0.000000000124,0.000000000124,0.000000000124,0.000000000124,0.000000000124,0.000000000124,0.000000000124,0.000000000124,0.000000000124,0.000000000124,0.000000000124,0.000000000124,0.000000000124,0.000000000124,0.000000000124,0.000000000124,0.000000000124,0.000000000124,0.000000000124,0.000000000124,0.000000000124,0.000000000124,0.000000000124,0.000000000124,0.000000000124,0.000000000124,0.000000000124,0.000000000124,0.000000000124,0.999999987822,0.000000000124,0.000000000124,0.000000000124,0.000000000124,0.000000000124,0.000000000124,0.000000000124,0.000000000124,0.000000000124,0.000000000124,0.000000000124,0.000000000124,0.000000000124,0.000000000124,0.000000000124,0.000000000124,0.000000000124,0.000000000124,0.000000000124,0.000000000124,0.000000000124,0.000000000124,0.000000000124,0.000000000124,0.000000000124,0.000000000124,0.000000000124,0.000000000124,0.000000000124,0.000000000124,0.000000000124,0.000000000124,0.000000000124,0.000000000124,0.000000000124,0.000000000124,0.000000000124,0.000000000124,0.000000000124,0.000000000124,0.000000000124,0.000000000124,0.000000000124,0.000000000124,0.000000000124,0.000000000124,0.000000000124,0.000000000124,0.000000000124,0.000000000124,0.000000000124,0.000000000124,0.000000000124,0.000000000124
605,0.000000000124,0.000000000124,0.000000000124,0.000000000124,0.000000000124,0.000000000124,0.000000000124,0.000000000124,0.000000000124,0.000000000124,0.000000000124,0.000000000124,0.000000000124,0.000000000124,0.000000000124,0.000000000124,0.000000000124,0.000000000124,0.000000000124,0.000000000124,0.000000000124,0.000000000124,0.000000000124,0.000000000124,0.000000000124,0.000000000124,0.000000000124,0.000000000124,0.000000000124,0.000000000124,0.000000000124,0.000000000124,0.000000000124,0.000000000124,0.000000000124,0.000000000124,0.000000000124,0.000000000124,0.000000000124,0.000000000124,0.000000000124,0.000000000124,0.000000000124,0.000000000124,0.000000000124,0.000000000124,0.000000000124,0.000000000124,0.000000000124,0.000000000124,0.000000000124,0.000000000124,0.000000000124,0.000000000124,0.000000000124,0.000000000124,0.000000000124,0.000000000124,0.000000000124,0.999999987822,0.000000000124,0.000000000124,0.000000000124,0.000000000124,0.000000000124,0.000000000124,0.000000000124,0.000000000124,0.000000000124,0.000000000124,0.000000000124,0.000000000124,0.000000000124,0.000000000124,0.000000000124,0.000000000124,0.000000000124,0.000000000124,0.000000000124,0.000000000124,0.000000000124,0.000000000124,0.000000000124,0.000000000124,0.000000000124,0.000000000124,0.000000000124,0.000000000124,0.000000000124,0.000000000124,0.000000000124,0.000000000124,0.000000000124,0.000000000124,0.000000000124,0.000000000124,0.000000000124,0.000000000124,0.000000000124
1440,0.000000000124,0.000000000124,0.000000000124,0.000000000124,0.000000000124,0.000000000124,0.000000000124,0.000000000124,0.000000000124,0.000000000124,0.000000000124,0.000000000124,0.000000000124,0.000000000124,0.000000000124,0.000000000124,0.000000000124,0.000000000124,0.000000000124,0.000000000124,0.000000000124,0.000000000124,0.000000000124,0.000000000124,0.000000000124,0.000000000124,0.000000000124,0.000000000124,0.000000000124,0.000000000124,0.000000000124,0.000000000124,0.000000000124,0.000000000124,0.000000000124,0.000000000124,0.000000000124,0.000000000124,0.000000000124,0.000000000124,0.000000000124,0.999999987822,0.000000000124,0.000000000124,0.000000000124,0.000000000124,0.000000000124,0.000000000124,0.000000000124,0.000000000124,0.000000000124,0.000000000124,0.000000000124,0.000000000124,0.000000000124,0.000000000124,0.000000000124,0.000000000124,0.000000000124,0.000000000124,0.000000000124,0.000000000124,0.000000000124,0.000000000124,0.000000000124,0.000000000124,0.000000000124,0.000000000124,0.000000000124,0.000000000124,0.000000000124,0.000000000124,0.000000000124,0.000000000124,0.000000000124,0.000000000124,0.000000000124,0.000000000124,0.000000000124,0.000000000124,0.000000000124,0.000000000124,0.000000000124,0.000000000124,0.000000000124,0.000000000124,0.000000000124,0.000000000124,0.000000000124,0.000000000124,0.000000000124,0.000000000124,0.000000000124,0.000000000124,0.000000000124,0.000000000124,0.000000000124,0.000000000124,0.000000000124
916,0.000000000124,0.000000000124,0.000000000124,0.000000000124,0.000000000124,0.000000000124,0.000000000124,0.000000000124,0.000000000124,0.000000000124,0.000000000124,0.000000000124,0.000000000124,0.000000000124,0.000000000124,0.000000000124,0.000000000124,0.000000000124,0.000000000124,0.000000000124,0.000000000124,0.000000000124,0.000000000124,0.000000000124,0.000000000124,0.000000000124,0.000000000124,0.000000000124,0.000000000124,0.000000000124,0.000000000124,0.000000000124,0.000000000124,0.000000000124,0.000000000124,0.000000000124,0.000000000124,0.000000000124,0.000000000124,0.000000000124,0.000000000124,0.000000000124,0.000000000124,0.000000000124,0.000000000124,0.000000000124,0.000000000124,0.000000000124,0.000000000124,0.000000000124,0.000000000124,0.000000000124,0.000000000124,0.000000000124,0.000000000124,0.000000000124,0.000000000124,0.000000000124,0.000000000124,0.000000000124,0.000000000124,0.000000000124,0.000000000124,0.000000000124,0.000000000124,0.000000000124,0.000000000124,0.000000000124,0.000000000124,0.000000000124,0.000000000124,0.000000000124,0.000000000124,0.000000000124,0.000000000124,0.000000000124,0.999999987822,0.000000000124,0.000000000124,0.000000000124,0.000000000124,0.000000000124,0.000000000124,0.000000000124,0.000000000124,0.000000000124,0.000000000124,0.000000000124,0.000000000124,0.000000000124,0.000000000124,0.000000000124,0.000000000124,0.000000000124,0.000000000124,0.000000000124,0.000000000124,0.000000000124,0.000000000124
420,0.000000000124,0.000000000124,0.000000000124,0.000000000124,0.000000000124,0.000000000124,0.000000000124,0.000000000124,0.000000000124,0.000000000124,0.000000000124,0.000000000124,0.000000000124,0.000000000124,0.000000000124,0.000000000124,0.000000000124,0.000000000124,0.000000000124,0.000000000124,0.000000000124,0.000000000124,0.000000000124,0.000000000124,0.000000000124,0.000000000124,0.000000000124,0.000000000124,0.000000000124,0.000000000124,0.000000000124,0.000000000124,0.000000000124,0.000000000124,0.000000000124,0.000000000124,0.000000000124,0.000000000124,0.000000000124,0.000000000124,0.000000000124,0.000000000124,0.000000000124,0.000000000124,0.000000000124,0.000000000124,0.000000000124,0.000000000124,0.000000000124,0.000000000124,0.000000000124,0.000000000124,0.000000000124,0.000000000124,0.000000000124,0.000000000124,0.000000000124,0.000000000124,0.000000000124,0.000000000124,0.000000000124,0.000000000124,0.000000000124,0.000000000124,0.000000000124,0.000000000124,0.000000000124,0.000000000124,0.000000000124,0.000000000124,0.000000000124,0.000000000124,0.000000000124,0.000000000124,0.000000000124,0.000000000124,0.000000000124,0.000000000124,0.999999987822,0.000000000124,0.000000000124,0.000000000124,0.000000000124,0.000000000124,0.000000000124,0.000000000124,0.000000000124,0.000000000124,0.000000000124,0.000000000124,0.000000000124,0.000000000124,0.000000000124,0.000000000124,0.000000000124,0.000000000124,0.000000000124,0.000000000124,0.000000000124
1027,0.000000000124,0.000000000124,0.000000000124,0.000000000124,0.000000000124,0.000000000124,0.000000000124,0.000000000124,0.000000000124,0.000000000124,0.000000000124,0.000000000124,0.000000000124,0.000000000124,0.000000000124,0.000000000124,0.000000000124,0.000000000124,0.000000000124,0.000000000124,0.000000000124,0.000000000124,0.000000000124,0.000000000124,0.000000000124,0.000000000124,0.000000000124,0.000000000124,0.000000000124,0.000000000124,0.000000000124,0.000000000124,0.000000000124,0.000000000124,0.000000000124,0.000000000124,0.000000000124,0.000000000124,0.000000000124,0.000000000124,0.000000000124,0.000000000124,0.000000000124,0.000000000124,0.000000000124,0.000000000124,0.000000000124,0.000000000124,0.000000000124,0.000000000124,0.000000000124,0.000000000124,0.000000000124,0.000000000124,0.000000000124,0.000000000124,0.000000000124,0.000000000124,0.999999987822,0.000000000124,0.000000000124,0.000000000124,0.000000000124,0.000000000124,0.000000000124,0.000000000124,0.000000000124,0.000000000124,0.000000000124,0.000000000124,0.000000000124,0.000000000124,0.000000000124,0.000000000124,0.000000000124,0.000000000124,0.000000000124,0.000000000124,0.000000000124,0.000000000124,0.000000000124,0.000000000124,0.000000000124,0.000000000124,0.000000000124,0.000000000124,0.000000000124,0.000000000124,0.000000000124,0.000000000124,0.000000000124,0.000000000124,0.000000000124,0.000000000124,0.000000000124,0.000000000124,0.000000000124,0.000000000124,0.000000000124
1172,0.000000000124,0.000000000124,0.000000000124,0.000000000124,0.000000000124,0.000000000124,0.000000000124,0.000000000124,0.000000000124,0.000000000124,0.000000000124,0.000000001306,0.000000000124,0.000000000124,0.000000000124,0.000000000124,0.000000000124,0.000000000124,0.000000000124,0.000000000124,0.000000000124,0.000000000124,0.000000000124,0.000000000124,0.000000000124,0.000000000124,0.000000000124,0.000000000124,0.000000000124,0.000000000124,0.000000000124,0.000000000124,0.000000000124,0.000000000124,0.000000000124,0.000000000124,0.000000000124,0.000000000124,0.000000000124,0.000000000124,0.000000000124,0.000000000124,0.000000000124,0.000000000124,0.000000000124,0.000000000124,0.000000000124,0.000000000124,0.999999986640,0.000000000124,0.000000000124,0.000000000124,0.000000000124,0.000000000124,0.000000000124,0.000000000124,0.000000000124,0.000000000124,0.000000000124,0.000000000124,0.000000000124,0.000000000124,0.000000000124,0.000000000124,0.000000000124,0.000000000124,0.000000000124,0.000000000124,0.000000000124,0.000000000124,0.000000000124,0.000000000124,0.000000000124,0.000000000124,0.000000000124,0.000000000124,0.000000000124,0.000000000124,0.000000000124,0.000000000124,0.000000000124,0.000000000124,0.000000000124,0.000000000124,0.000000000124,0.000000000124,0.000000000124,0.000000000124,0.000000000124,0.000000000124,0.000000000124,0.000000000124,0.000000000124,0.000000000124,0.000000000124,0.000000000124,0.000000000124,0.000000000124,0.000000000124
1474,0.000000000124,0.000000000124,0.000000000124,0.000000000124,0.000000000124,0.000000000124,0.000000000124,0.000000000124,0.000000000124,0.000000000124,0.000000000124,0.000000000124,0.000000000124,0.000000000124,0.000000000124,0.000000000124,0.000000000124,0.000000000124,0.000000000124,0.000000000124,0.000000000124,0.000000000124,0.000000000124,0.000000000124,0.000000000124,0.000000000124,0.000000000124,0.000000000124,0.000000000124,0.000000000124,0.000000000124,0.000000000124,0.000000000124,0.000000000124,0.000000000124,0.000000000124,0.000000000124,0.000000000124,0.000000000124,0.000000000124,0.000000000124,0.000000000124,0.000000000124,0.000000000124,0.000000000124,0.000000000124,0.000000000124,0.000000000124,0.000000000124,0.000000000124,0.000000000124,0.000000000124,0.000000000124,0.000000000124,0.000000000124,0.000000000124,0.000000000124,0.000000000124,0.000000000124,0.000000000124,0.000000000124,0.000000000124,0.000000000124,0.000000000124,0.000000000124,0.000000000124,0.000000000124,0.000000000124,0.000000000124,0.000000000124,0.000000000124,0.000000000124,0.000000000124,0.000000000124,0.000000000124,0.000000000124,0.000000000124,0.000171578328,0.000000000124,0.000000000124,0.000000000124,0.000000000124,0.000000000124,0.000000000124,0.000000000124,0.000000000124,0.000000000124,0.000000000124,0.000000000124,0.000000000124,0.000000000124,0.000000000124,0.000000000124,0.000000000124,0.000000000124,0.000000000124,0.000000000124,0.999828409620,0.000000000124
1581,0.000000000124,0.000000000124,0.000000000124,0.000000000124,0.000000000124,0.000000000124,0.000000000124,0.000000000124,0.000000000124,0.000000000124,0.000000000124,0.999999987822,0.000000000124,0.000000000124,0.000000000124,0.000000000124,0.000000000124,0.000000000124,0.000000000124,0.000000000124,0.000000000124,0.000000000124,0.000000000124,0.000000000124,0.000000000124,0.000000000124,0.000000000124,0.000000000124,0.000000000124,0.000000000124,0.000000000124,0.000000000124,0.000000000124,0.000000000124,0.000000000124,0.000000000124,0.000000000124,0.000000000124,0.000000000124,0.000000000124,0.000000000124,0.000000000124,0.000000000124,0.000000000124,0.000000000124,0.000000000124,0.000000000124,0.000000000124,0.000000000124,0.000000000124,0.000000000124,0.000000000124,0.000000000124,0.000000000124,0.000000000124,0.000000000124,0.000000000124,0.000000000124,0.000000000124,0.000000000124,0.000000000124,0.000000000124,0.000000000124,0.000000000124,0.000000000124,0.000000000124,0.000000000124,0.000000000124,0.000000000124,0.000000000124,0.000000000124,0.000000000124,0.000000000124,0.000000000124,0.000000000124,0.000000000124,0.000000000124,0.000000000124,0.000000000124,0.000000000124,0.000000000124,0.000000000124,0.000000000124,0.000000000124,0.000000000124,0.000000000124,0.000000000124,0.000000000124,0.000000000124,0.000000000124,0.000000000124,0.000000000124,0.000000000124,0.000000000124,0.000000000124,0.000000000124,0.000000000124,0.000000000124,0.000000000124
956,0.000000000124,0.000000000124,0.000000000124,0.000000000124,0.000000000124,0.999999987822,0.000000000124,0.000000000124,0.000000000124,0.000000000124,0.000000000124,0.000000000124,0.000000000124,0.000000000124,0.000000000124,0.000000000124,0.000000000124,0.000000000124,0.000000000124,0.000000000124,0.000000000124,0.000000000124,0.000000000124,0.000000000124,0.000000000124,0.000000000124,0.000000000124,0.000000000124,0.000000000124,0.000000000124,0.000000000124,0.000000000124,0.000000000124,0.000000000124,0.000000000124,0.000000000124,0.000000000124,0.000000000124,0.000000000124,0.000000000124,0.000000000124,0.000000000124,0.000000000124,0.000000000124,0.000000000124,0.000000000124,0.000000000124,0.000000000124,0.000000000124,0.000000000124,0.000000000124,0.000000000124,0.000000000124,0.000000000124,0.000000000124,0.000000000124,0.000000000124,0.000000000124,0.000000000124,0.000000000124,0.000000000124,0.000000000124,0.000000000124,0.000000000124,0.000000000124,0.000000000124,0.000000000124,0.000000000124,0.000000000124,0.000000000124,0.000000000124,0.000000000124,0.000000000124,0.000000000124,0.000000000124,0.000000000124,0.000000000124,0.000000000124,0.000000000124,0.000000000124,0.000000000124,0.000000000124,0.000000000124,0.000000000124,0.000000000124,0.000000000124,0.000000000124,0.000000000124,0.000000000124,0.000000000124,0.000000000124,0.000000000124,0.000000000124,0.000000000124,0.000000000124,0.000000000124,0.000000000124,0.000000000124,0.000000000124
876,0.000000000124,0.000000000124,0.000000000124,0.000000000124,0.000000000124,0.000000000124,0.000000000124,0.000000000124,0.000000000124,0.000000000124,0.000000000124,0.000000000124,0.000000000124,0.000000000124,0.000000000124,0.000000000124,0.000000000124,0.000000000124,0.000000000124,0.000000000124,0.000000000124,0.000000000124,0.000000000124,0.000000000124,0.000000000124,0.000000000124,0.000000000124,0.000000000124,0.000000000124,0.000000000124,0.000000000124,0.000000000124,0.000000000124,0.000000000124,0.000000000124,0.000000000124,0.000000000124,0.000000000124,0.000000000124,0.000000000124,0.000000000124,0.000000000124,0.000000000124,0.000000000124,0.000000000124,0.000000000124,0.000000000124,0.000000000124,0.000000000124,0.000000000124,0.000000000124,0.000000000124,0.000000000124,0.000000000124,0.000000000124,0.000000000124,0.000000000124,0.000000000124,0.000000000124,0.000000000124,0.000000000124,0.000000000124,0.000000000124,0.000000000124,0.000000000124,0.000000000124,0.000000000124,0.000000000124,0.000000000124,0.000000000124,0.000000000124,0.000000000124,0.000000000124,0.000000000124,0.000000000124,0.000000000124,0.000000000124,0.999999987822,0.000000000124,0.000000000124,0.000000000124,0.000000000124,0.000000000124,0.000000000124,0.000000000124,0.000000000124,0.000000000124,0.000000000124,0.000000000124,0.000000000124,0.000000000124,0.000000000124,0.000000000124,0.000000000124,0.000000000124,0.000000000124,0.000000000124,0.000000000124,0.000000000124
419,0.000000000122,0.000000000122,0.000000000122,0.000000000122,0.000000000122,0.000000000122,0.000000000122,0.000000000122,0.000000000122,0.000000000122,0.000000000122,0.000000000122,0.000000000122,0.000000000122,0.000000000122,0.000000000122,0.000000000122,0.000000000122,0.000000000122,0.000000000122,0.000000000122,0.000000000122,0.000000000122,0.000000000122,0.000000000122,0.000000000122,0.000000000122,0.966602689096,0.000000000122,0.000000000122,0.000000000122,0.004245690234,0.000000000122,0.000000000122,0.000000000122,0.000000000122,0.000000000122,0.000000000122,0.000000000122,0.000000000122,0.000000000122,0.000000000122,0.000000000122,0.000000000122,0.000000000122,0.000000000122,0.000000000122,0.000000000122,0.000000000122,0.000000000122,0.000000000122,0.000000000122,0.000000000122,0.000000000122,0.000000000122,0.000000000122,0.000000000122,0.000000000122,0.000000000122,0.000000000122,0.000000000122,0.000000000122,0.000000000122,0.000000000122,0.000000000122,0.000000000122,0.025790274542,0.000000000122,0.000000000122,0.000000000122,0.000000000122,0.000000000122,0.000000000122,0.000000000122,0.000000000122,0.000000000122,0.000000000122,0.000000000146,0.000000000122,0.000000000122,0.000000000122,0.000000000122,0.000000000122,0.003361334553,0.000000000122,0.000000000122,0.000000000122,0.000000000122,0.000000000122,0.000000000122,0.000000000122,0.000000000122,0.000000000122,0.000000000122,0.000000000122,0.000000000122,0.000000000122,0.000000000122,0.000000000122
1036,0.000000000124,0.000000000124,0.000000000124,0.000000000124,0.000000000124,0.000000000124,0.000000000124,0.000000000124,0.000000000124,0.000000000124,0.000000000124,0.000000000124,0.000000000124,0.000000000124,0.000000000124,0.000000000124,0.000000000124,0.000000000124,0.000000000124,0.000000000124,0.000000000124,0.000000000124,0.000000000124,0.000000000124,0.000000000124,0.000000000124,0.000000000124,0.000000000124,0.000000000124,0.000000000124,0.000000000124,0.000000000124,0.000000000124,0.000000000124,0.000000000124,0.000000000124,0.000000000124,0.000000000124,0.999999987822,0.000000000124,0.000000000124,0.000000000124,0.000000000124,0.000000000124,0.000000000124,0.000000000124,0.000000000124,0.000000000124,0.000000000124,0.000000000124,0.000000000124,0.000000000124,0.000000000124,0.000000000124,0.000000000124,0.000000000124,0.000000000124,0.000000000124,0.000000000124,0.000000000124,0.000000000124,0.000000000124,0.000000000124,0.000000000124,0.000000000124,0.000000000124,0.000000000124,0.000000000124,0.000000000124,0.000000000124,0.000000000124,0.000000000124,0.000000000124,0.000000000124,0.000000000124,0.000000000124,0.000000000124,0.000000000124,0.000000000124,0.000000000124,0.000000000124,0.000000000124,0.000000000124,0.000000000124,0.000000000124,0.000000000124,0.000000000124,0.000000000124,0.000000000124,0.000000000124,0.000000000124,0.000000000124,0.000000000124,0.000000000124,0.000000000124,0.000000000124,0.000000000124,0.000000000124,0.000000000124
218,0.000000000123,0.004087423790,0.000000000123,0.000000000123,0.000000000123,0.000000000123,0.000000000123,0.000000000123,0.000000000123,0.000000000123,0.000000000123,0.000000000123,0.000000000123,0.000000000123,0.000000004935,0.000000000123,0.005038831550,0.000000000123,0.000000000123,0.000000000123,0.000000000123,0.000000000123,0.000000000123,0.000000000123,0.000000000123,0.000000000123,0.989442142888,0.000000000123,0.000000000123,0.000000000123,0.000000000123,0.000000000123,0.000000000123,0.000000000123,0.000000000123,0.000000000123,0.000000000123,0.000000000123,0.000000000123,0.000000000123,0.000000000123,0.000000000123,0.000000000123,0.000000000123,0.000000000123,0.000000000123,0.000000000123,0.000000000123,0.000000000123,0.000000000123,0.000000000123,0.000000000123,0.000000000123,0.000000000123,0.000000000123,0.000000000123,0.001431362914,0.000000000123,0.000000000123,0.000000000123,0.000000000123,0.000000000123,0.000000000123,0.000000000123,0.000000000123,0.000000000123,0.000000000123,0.000000000123,0.000000000123,0.000000000123,0.000000000123,0.000000000123,0.000000000123,0.000000000123,0.000000000123,0.000000000123,0.000000000123,0.000000000123,0.000000220546,0.000000000123,0.000000000123,0.000000000123,0.000000000123,0.000000002034,0.000000000123,0.000000000123,0.000000000123,0.000000000123,0.000000000123,0.000000000123,0.000000000123,0.000000000123,0.000000000123,0.000000000123,0.000000000123,0.000000000123,0.000000000123,0.000000000123,0.000000000123
1496,0.000000000124,0.000000000124,0.000000000124,0.000000000124,0.000000000124,0.000000000124,0.000000000124,0.000000000124,0.000000000124,0.000000000124,0.000000000124,0.000000000124,0.000000000124,0.000000000124,0.000000000124,0.000000000124,0.000000000124,0.000000000124,0.000000000124,0.000000000124,0.000000000124,0.000000000124,0.000000000124,0.000000000124,0.000000000124,0.000000000124,0.000000000124,0.000000000124,0.000000000124,0.000000000124,0.000000000124,0.000000000124,0.000000000124,0.000000000124,0.000000000124,0.000000000124,0.000000000124,0.000000000124,0.000000000124,0.000000000124,0.000000000124,0.000000000124,0.000000000124,0.000000000124,0.000000000124,0.000000000124,0.000000000124,0.000000000124,0.999999987822,0.000000000124,0.000000000124,0.000000000124,0.000000000124,0.000000000124,0.000000000124,0.000000000124,0.000000000124,0.000000000124,0.000000000124,0.000000000124,0.000000000124,0.000000000124,0.000000000124,0.000000000124,0.000000000124,0.000000000124,0.000000000124,0.000000000124,0.000000000124,0.000000000124,0.000000000124,0.000000000124,0.000000000124,0.000000000124,0.000000000124,0.000000000124,0.000000000124,0.000000000124,0.000000000124,0.000000000124,0.000000000124,0.000000000124,0.000000000124,0.000000000124,0.000000000124,0.000000000124,0.000000000124,0.000000000124,0.000000000124,0.000000000124,0.000000000124,0.000000000124,0.000000000124,0.000000000124,0.000000000124,0.000000000124,0.000000000124,0.000000000124,0.000000000124
1525,0.999999987822,0.000000000124,0.000000000124,0.000000000124,0.000000000124,0.000000000124,0.000000000124,0.000000000124,0.000000000124,0.000000000124,0.000000000124,0.000000000124,0.000000000124,0.000000000124,0.000000000124,0.000000000124,0.000000000124,0.000000000124,0.000000000124,0.000000000124,0.000000000124,0.000000000124,0.000000000124,0.000000000124,0.000000000124,0.000000000124,0.000000000124,0.000000000124,0.000000000124,0.000000000124,0.000000000124,0.000000000124,0.000000000124,0.000000000124,0.000000000124,0.000000000124,0.000000000124,0.000000000124,0.000000000124,0.000000000124,0.000000000124,0.000000000124,0.000000000124,0.000000000124,0.000000000124,0.000000000124,0.000000000124,0.000000000124,0.000000000124,0.000000000124,0.000000000124,0.000000000124,0.000000000124,0.000000000124,0.000000000124,0.000000000124,0.000000000124,0.000000000124,0.000000000124,0.000000000124,0.000000000124,0.000000000124,0.000000000124,0.000000000124,0.000000000124,0.000000000124,0.000000000124,0.000000000124,0.000000000124,0.000000000124,0.000000000124,0.000000000124,0.000000000124,0.000000000124,0.000000000124,0.000000000124,0.000000000124,0.000000000124,0.000000000124,0.000000000124,0.000000000124,0.000000000124,0.000000000124,0.000000000124,0.000000000124,0.000000000124,0.000000000124,0.000000000124,0.000000000124,0.000000000124,0.000000000124,0.000000000124,0.000000000124,0.000000000124,0.000000000124,0.000000000124,0.000000000124,0.000000000124,0.000000000124
1452,0.000000000124,0.000000000124,0.000000000124,0.000000000124,0.000000000124,0.000000000124,0.000000000124,0.000000000124,0.000000000124,0.000000000124,0.000000000124,0.000000000124,0.000000000124,0.000000000124,0.000000000124,0.000000000124,0.000000000124,0.000000000124,0.000000000124,0.000000000124,0.000000000124,0.000000000124,0.000000000124,0.000000000124,0.000000000124,0.000000000124,0.000000000124,0.000000000124,0.000000000124,0.999999987822,0.000000000124,0.000000000124,0.000000000124,0.000000000124,0.000000000124,0.000000000124,0.000000000124,0.000000000124,0.000000000124,0.000000000124,0.000000000124,0.000000000124,0.000000000124,0.000000000124,0.000000000124,0.000000000124,0.000000000124,0.000000000124,0.000000000124,0.000000000124,0.000000000124,0.000000000124,0.000000000124,0.000000000124,0.000000000124,0.000000000124,0.000000000124,0.000000000124,0.000000000124,0.000000000124,0.000000000124,0.000000000124,0.000000000124,0.000000000124,0.000000000124,0.000000000124,0.000000000124,0.000000000124,0.000000000124,0.000000000124,0.000000000124,0.000000000124,0.000000000124,0.000000000124,0.000000000124,0.000000000124,0.000000000124,0.000000000124,0.000000000124,0.000000000124,0.000000000124,0.000000000124,0.000000000124,0.000000000124,0.000000000124,0.000000000124,0.000000000124,0.000000000124,0.000000000124,0.000000000124,0.000000000124,0.000000000124,0.000000000124,0.000000000124,0.000000000124,0.000000000124,0.000000000124,0.000000000124,0.000000000124
363,0.000000000124,0.000000000124,0.000000000124,0.000000000124,0.000000000124,0.000000000124,0.000000000124,0.000000000124,0.000000000124,0.000000000124,0.000000000124,0.000000000124,0.000000000124,0.000000000124,0.000000000124,0.000000000124,0.000000000124,0.000000000124,0.000000000124,0.000000000124,0.000000000124,0.000000000124,0.000000000124,0.000000000124,0.000000000124,0.000000000124,0.000000000124,0.000000000124,0.000000000124,0.000000000124,0.000000000124,0.000000000124,0.000000000124,0.000000000124,0.000000000124,0.000000000124,0.000000000124,0.000000000124,0.000000000124,0.999999987822,0.000000000124,0.000000000124,0.000000000124,0.000000000124,0.000000000124,0.000000000124,0.000000000124,0.000000000124,0.000000000124,0.000000000124,0.000000000124,0.000000000124,0.000000000124,0.000000000124,0.000000000124,0.000000000124,0.000000000124,0.000000000124,0.000000000124,0.000000000124,0.000000000124,0.000000000124,0.000000000124,0.000000000124,0.000000000124,0.000000000124,0.000000000124,0.000000000124,0.000000000124,0.000000000124,0.000000000124,0.000000000124,0.000000000124,0.000000000124,0.000000000124,0.000000000124,0.000000000124,0.000000000124,0.000000000124,0.000000000124,0.000000000124,0.000000000124,0.000000000124,0.000000000124,0.000000000124,0.000000000124,0.000000000124,0.000000000124,0.000000000124,0.000000000124,0.000000000124,0.000000000124,0.000000000124,0.000000000124,0.000000000124,0.000000000124,0.000000000124,0.000000000124,0.000000000124
1505,0.000000000124,0.000000000124,0.000000000124,0.000000000124,0.000000000124,0.000000000124,0.000000000124,0.000000000124,0.000000000124,0.000000000124,0.000000000124,0.000000000124,0.000000000124,0.000000000124,0.000000000124,0.000000000124,0.000000000124,0.000000000124,0.000000000124,0.000000000124,0.000000000124,0.000000000124,0.000000000124,0.000000000124,0.000000000124,0.000000000124,0.000000000124,0.000000000124,0.000000000124,0.000000000124,0.000000000124,0.000000000124,0.000000000124,0.000000000124,0.000000000124,0.000000000124,0.000000000124,0.000000000124,0.000000000124,0.000000000124,0.000000000124,0.000000000124,0.999999987822,0.000000000124,0.000000000124,0.000000000124,0.000000000124,0.000000000124,0.000000000124,0.000000000124,0.000000000124,0.000000000124,0.000000000124,0.000000000124,0.000000000124,0.000000000124,0.000000000124,0.000000000124,0.000000000124,0.000000000124,0.000000000124,0.000000000124,0.000000000124,0.000000000124,0.000000000124,0.000000000124,0.000000000124,0.000000000124,0.000000000124,0.000000000124,0.000000000124,0.000000000124,0.000000000124,0.000000000124,0.000000000124,0.000000000124,0.000000000124,0.000000000124,0.000000000124,0.000000000124,0.000000000124,0.000000000124,0.000000000124,0.000000000124,0.000000000124,0.000000000124,0.000000000124,0.000000000124,0.000000000124,0.000000000124,0.000000000124,0.000000000124,0.000000000124,0.000000000124,0.000000000124,0.000000000124,0.000000000124,0.000000000124,0.000000000124
849,0.000000000124,0.000000000124,0.000000000124,0.000000000124,0.000000000124,0.000000000124,0.000000000124,0.000000000124,0.000000000124,0.000000000124,0.000000000124,0.000000000124,0.000000000124,0.000000000124,0.000000000124,0.000000000124,0.000000000124,0.000000000124,0.000000000124,0.000000000124,0.000000000124,0.000000000124,0.000000000124,0.000000000124,0.000000000124,0.000000000124,0.000000000124,0.000000000124,0.000000000124,0.000000000124,0.000000000124,0.000000000124,0.000000000124,0.000000000124,0.000000000124,0.000000000124,0.000000000124,0.000000000124,0.000000000124,0.000000000124,0.000000000124,0.000000000124,0.000000000124,0.000000000124,0.000000000124,0.000000000124,0.000000000124,0.000000000124,0.000000000124,0.000000000124,0.000000000124,0.000000000124,0.999999987822,0.000000000124,0.000000000124,0.000000000124,0.000000000124,0.000000000124,0.000000000124,0.000000000124,0.000000000124,0.000000000124,0.000000000124,0.000000000124,0.000000000124,0.000000000124,0.000000000124,0.000000000124,0.000000000124,0.000000000124,0.000000000124,0.000000000124,0.000000000124,0.000000000124,0.000000000124,0.000000000124,0.000000000124,0.000000000124,0.000000000124,0.000000000124,0.000000000124,0.000000000124,0.000000000124,0.000000000124,0.000000000124,0.000000000124,0.000000000124,0.000000000124,0.000000000124,0.000000000124,0.000000000124,0.000000000124,0.000000000124,0.000000000124,0.000000000124,0.000000000124,0.000000000124,0.000000000124,0.000000000124
388,0.000000000124,0.000000000124,0.000000000124,0.000000000124,0.000000000124,0.000000000124,0.000000000124,0.000000000124,0.000000000124,0.000000000124,0.000000000124,0.000000000124,0.000000000124,0.000000000124,0.000000000124,0.000000000124,0.000000000124,0.000000000124,0.000000000124,0.000000000124,0.000000000124,0.000000000124,0.000000000124,0.000000000124,0.000000000124,0.000000000124,0.000000000124,0.000000000124,0.000000000124,0.000000000124,0.000000000124,0.000000000124,0.000000000124,0.000000000124,0.000000000124,0.000000000124,0.000000000124,0.000000000124,0.000000000124,0.000000000124,0.000000000124,0.000000000124,0.000000000124,0.000000000124,0.000000000124,0.999997630682,0.000000000124,0.000000000124,0.000000000124,0.000000000124,0.000000000124,0.000000000124,0.000000000124,0.000000000124,0.000000000124,0.000000000124,0.000000000124,0.000000000124,0.000000000124,0.000000000124,0.000000000124,0.000000000124,0.000000000124,0.000000000124,0.000000000124,0.000000000124,0.000000000124,0.000000000124,0.000000000124,0.000000000124,0.000000000124,0.000000000124,0.000000000124,0.000000000124,0.000000000124,0.000000000124,0.000000000124,0.000000000124,0.000000000124,0.000002357264,0.000000000124,0.000000000124,0.000000000124,0.000000000124,0.000000000124,0.000000000124,0.000000000124,0.000000000124,0.000000000124,0.000000000124,0.000000000124,0.000000000124,0.000000000124,0.000000000124,0.000000000124,0.000000000124,0.000000000124,0.000000000124,0.000000000124
972,0.000000000124,0.000000000124,0.000000000124,0.000000000124,0.000000000124,0.000000000124,0.000000000124,0.000000000124,0.000000000124,0.000000000124,0.000000000124,0.000000000124,0.000000000124,0.000000000124,0.000000000124,0.000000000124,0.000000000124,0.000000000124,0.000000000124,0.000000000124,0.000000000124,0.000000000124,0.000000000124,0.000000000124,0.999999987822,0.000000000124,0.000000000124,0.000000000124,0.000000000124,0.000000000124,0.000000000124,0.000000000124,0.000000000124,0.000000000124,0.000000000124,0.000000000124,0.000000000124,0.000000000124,0.000000000124,0.000000000124,0.000000000124,0.000000000124,0.000000000124,0.000000000124,0.000000000124,0.000000000124,0.000000000124,0.000000000124,0.000000000124,0.000000000124,0.000000000124,0.000000000124,0.000000000124,0.000000000124,0.000000000124,0.000000000124,0.000000000124,0.000000000124,0.000000000124,0.000000000124,0.000000000124,0.000000000124,0.000000000124,0.000000000124,0.000000000124,0.000000000124,0.000000000124,0.000000000124,0.000000000124,0.000000000124,0.000000000124,0.000000000124,0.000000000124,0.000000000124,0.000000000124,0.000000000124,0.000000000124,0.000000000124,0.000000000124,0.000000000124,0.000000000124,0.000000000124,0.000000000124,0.000000000124,0.000000000124,0.000000000124,0.000000000124,0.000000000124,0.000000000124,0.000000000124,0.000000000124,0.000000000124,0.000000000124,0.000000000124,0.000000000124,0.000000000124,0.000000000124,0.000000000124,0.000000000124
1578,0.000000000124,0.000000000124,0.000000000124,0.000000000124,0.000000000124,0.999999987822,0.000000000124,0.000000000124,0.000000000124,0.000000000124,0.000000000124,0.000000000124,0.000000000124,0.000000000124,0.000000000124,0.000000000124,0.000000000124,0.000000000124,0.000000000124,0.000000000124,0.000000000124,0.000000000124,0.000000000124,0.000000000124,0.000000000124,0.000000000124,0.000000000124,0.000000000124,0.000000000124,0.000000000124,0.000000000124,0.000000000124,0.000000000124,0.000000000124,0.000000000124,0.000000000124,0.000000000124,0.000000000124,0.000000000124,0.000000000124,0.000000000124,0.000000000124,0.000000000124,0.000000000124,0.000000000124,0.000000000124,0.000000000124,0.000000000124,0.000000000124,0.000000000124,0.000000000124,0.000000000124,0.000000000124,0.000000000124,0.000000000124,0.000000000124,0.000000000124,0.000000000124,0.000000000124,0.000000000124,0.000000000124,0.000000000124,0.000000000124,0.000000000124,0.000000000124,0.000000000124,0.000000000124,0.000000000124,0.000000000124,0.000000000124,0.000000000124,0.000000000124,0.000000000124,0.000000000124,0.000000000124,0.000000000124,0.000000000124,0.000000000124,0.000000000124,0.000000000124,0.000000000124,0.000000000124,0.000000000124,0.000000000124,0.000000000124,0.000000000124,0.000000000124,0.000000000124,0.000000000124,0.000000000124,0.000000000124,0.000000000124,0.000000000124,0.000000000124,0.000000000124,0.000000000124,0.000000000124,0.000000000124,0.000000000124
572,0.000000000124,0.000000000124,0.000000000124,0.000000000124,0.000000000124,0.000000000124,0.000000000124,0.000000000124,0.000000000124,0.000000000124,0.000000000124,0.000000000124,0.000000000124,0.000000000124,0.000000000124,0.000000000124,0.000000000124,0.000000000124,0.000000000124,0.000000000124,0.000000000124,0.000000000124,0.000000000124,0.000000000124,0.000000000124,0.999999987822,0.000000000124,0.000000000124,0.000000000124,0.000000000124,0.000000000124,0.000000000124,0.000000000124,0.000000000124,0.000000000124,0.000000000124,0.000000000124,0.000000000124,0.000000000124,0.000000000124,0.000000000124,0.000000000124,0.000000000124,0.000000000124,0.000000000124,0.000000000124,0.000000000124,0.000000000124,0.000000000124,0.000000000124,0.000000000124,0.000000000124,0.000000000124,0.000000000124,0.000000000124,0.000000000124,0.000000000124,0.000000000124,0.000000000124,0.000000000124,0.000000000124,0.000000000124,0.000000000124,0.000000000124,0.000000000124,0.000000000124,0.000000000124,0.000000000124,0.000000000124,0.000000000124,0.000000000124,0.000000000124,0.000000000124,0.000000000124,0.000000000124,0.000000000124,0.000000000124,0.000000000124,0.000000000124,0.000000000124,0.000000000124,0.000000000124,0.000000000124,0.000000000124,0.000000000124,0.000000000124,0.000000000124,0.000000000124,0.000000000124,0.000000000124,0.000000000124,0.000000000124,0.000000000124,0.000000000124,0.000000000124,0.000000000124,0.000000000124,0.000000000124,0.000000000124
1097,0.000000000124,0.000000000124,0.000000000124,0.000000000124,0.000000000124,0.000000000124,0.000000000124,0.000000000124,0.000000000124,0.000000000124,0.000000000124,0.000000000124,0.000000000124,0.000000000124,0.000000000124,0.000000000124,0.999999987822,0.000000000124,0.000000000124,0.000000000124,0.000000000124,0.000000000124,0.000000000124,0.000000000124,0.000000000124,0.000000000124,0.000000000124,0.000000000124,0.000000000124,0.000000000124,0.000000000124,0.000000000124,0.000000000124,0.000000000124,0.000000000124,0.000000000124,0.000000000124,0.000000000124,0.000000000124,0.000000000124,0.000000000124,0.000000000124,0.000000000124,0.000000000124,0.000000000124,0.000000000124,0.000000000124,0.000000000124,0.000000000124,0.000000000124,0.000000000124,0.000000000124,0.000000000124,0.000000000124,0.000000000124,0.000000000124,0.000000000124,0.000000000124,0.000000000124,0.000000000124,0.000000000124,0.000000000124,0.000000000124,0.000000000124,0.000000000124,0.000000000124,0.000000000124,0.000000000124,0.000000000124,0.000000000124,0.000000000124,0.000000000124,0.000000000124,0.000000000124,0.000000000124,0.000000000124,0.000000000124,0.000000000124,0.000000000124,0.000000000124,0.000000000124,0.000000000124,0.000000000124,0.000000000124,0.000000000124,0.000000000124,0.000000000124,0.000000000124,0.000000000124,0.000000000124,0.000000000124,0.000000000124,0.000000000124,0.000000000124,0.000000000124,0.000000000124,0.000000000124,0.000000000124,0.000000000124
364,0.000000000124,0.000000000124,0.000000000124,0.000000000124,0.000000000124,0.000000000124,0.000000000124,0.000000000124,0.999999987822,0.000000000124,0.000000000124,0.000000000124,0.000000000124,0.000000000124,0.000000000124,0.000000000124,0.000000000124,0.000000000124,0.000000000124,0.000000000124,0.000000000124,0.000000000124,0.000000000124,0.000000000124,0.000000000124,0.000000000124,0.000000000124,0.000000000124,0.000000000124,0.000000000124,0.000000000124,0.000000000124,0.000000000124,0.000000000124,0.000000000124,0.000000000124,0.000000000124,0.000000000124,0.000000000124,0.000000000124,0.000000000124,0.000000000124,0.000000000124,0.000000000124,0.000000000124,0.000000000124,0.000000000124,0.000000000124,0.000000000124,0.000000000124,0.000000000124,0.000000000124,0.000000000124,0.000000000124,0.000000000124,0.000000000124,0.000000000124,0.000000000124,0.000000000124,0.000000000124,0.000000000124,0.000000000124,0.000000000124,0.000000000124,0.000000000124,0.000000000124,0.000000000124,0.000000000124,0.000000000124,0.000000000124,0.000000000124,0.000000000124,0.000000000124,0.000000000124,0.000000000124,0.000000000124,0.000000000124,0.000000000124,0.000000000124,0.000000000124,0.000000000124,0.000000000124,0.000000000124,0.000000000124,0.000000000124,0.000000000124,0.000000000124,0.000000000124,0.000000000124,0.000000000124,0.000000000124,0.000000000124,0.000000000124,0.000000000124,0.000000000124,0.000000000124,0.000000000124,0.000000000124,0.000000000124
955,0.000000000124,0.000000000124,0.000000000124,0.000000065642,0.000000000124,0.000000000124,0.000000000124,0.000000000124,0.000000000124,0.000000000124,0.000000000124,0.000000000124,0.000000000124,0.000000000124,0.000000000124,0.000000000124,0.000000000124,0.000000000124,0.000000000124,0.000000000124,0.000000000124,0.000000000124,0.000000000124,0.000000000124,0.000000000124,0.000000000124,0.000000000124,0.000000000124,0.000000000124,0.000000000124,0.000000000124,0.000000000124,0.000000000124,0.000000000124,0.000000000124,0.000000000124,0.000000000124,0.000000000124,0.000000000124,0.000000000124,0.000000000124,0.000000000124,0.000000000124,0.000000000124,0.000000000124,0.000000000124,0.000000000124,0.000000000124,0.000000000124,0.000000000124,0.999999206049,0.000000000124,0.000000000124,0.000000000124,0.000000000124,0.000000000124,0.000000000124,0.000000000124,0.000000000124,0.000000000124,0.000000000124,0.000000000124,0.000000000124,0.000000000124,0.000000000124,0.000000000124,0.000000000124,0.000000000124,0.000000000124,0.000000716379,0.000000000124,0.000000000124,0.000000000124,0.000000000124,0.000000000124,0.000000000124,0.000000000124,0.000000000124,0.000000000124,0.000000000124,0.000000000124,0.000000000124,0.000000000124,0.000000000124,0.000000000124,0.000000000124,0.000000000124,0.000000000124,0.000000000124,0.000000000124,0.000000000124,0.000000000124,0.000000000124,0.000000000124,0.000000000124,0.000000000124,0.000000000124,0.000000000124,0.000000000124
713,0.000000000124,0.000000000124,0.000000000124,0.000000000124,0.000000000124,0.000000000124,0.000000000124,0.000000000124,0.999999987822,0.000000000124,0.000000000124,0.000000000124,0.000000000124,0.000000000124,0.000000000124,0.000000000124,0.000000000124,0.000000000124,0.000000000124,0.000000000124,0.000000000124,0.000000000124,0.000000000124,0.000000000124,0.000000000124,0.000000000124,0.000000000124,0.000000000124,0.000000000124,0.000000000124,0.000000000124,0.000000000124,0.000000000124,0.000000000124,0.000000000124,0.000000000124,0.000000000124,0.000000000124,0.000000000124,0.000000000124,0.000000000124,0.000000000124,0.000000000124,0.000000000124,0.000000000124,0.000000000124,0.000000000124,0.000000000124,0.000000000124,0.000000000124,0.000000000124,0.000000000124,0.000000000124,0.000000000124,0.000000000124,0.000000000124,0.000000000124,0.000000000124,0.000000000124,0.000000000124,0.000000000124,0.000000000124,0.000000000124,0.000000000124,0.000000000124,0.000000000124,0.000000000124,0.000000000124,0.000000000124,0.000000000124,0.000000000124,0.000000000124,0.000000000124,0.000000000124,0.000000000124,0.000000000124,0.000000000124,0.000000000124,0.000000000124,0.000000000124,0.000000000124,0.000000000124,0.000000000124,0.000000000124,0.000000000124,0.000000000124,0.000000000124,0.000000000124,0.000000000124,0.000000000124,0.000000000124,0.000000000124,0.000000000124,0.000000000124,0.000000000124,0.000000000124,0.000000000124,0.000000000124,0.000000000124
861,0.000000000124,0.000000000124,0.000000000124,0.000000000124,0.000000000124,0.000000000124,0.000000000124,0.000000000124,0.000000000124,0.000000000124,0.000000000124,0.000000000124,0.000000000124,0.000000000124,0.000000000124,0.000000000124,0.000000000124,0.000000000124,0.000000000124,0.000000000124,0.000000000124,0.000000000124,0.000000000124,0.000000000124,0.000000000124,0.000000000124,0.000000000124,0.000000000124,0.000000000124,0.000000000124,0.000000000124,0.000000000124,0.000000000124,0.000000000124,0.000000000124,0.000000000124,0.000000000124,0.000000000124,0.000000000124,0.000000000124,0.000000000124,0.000000000124,0.000000000124,0.000000000124,0.000000000124,0.000000000124,0.000000000124,0.000000000124,0.000000000124,0.000000000124,0.000000000124,0.000000000124,0.999999987822,0.000000000124,0.000000000124,0.000000000124,0.000000000124,0.000000000124,0.000000000124,0.000000000124,0.000000000124,0.000000000124,0.000000000124,0.000000000124,0.000000000124,0.000000000124,0.000000000124,0.000000000124,0.000000000124,0.000000000124,0.000000000124,0.000000000124,0.000000000124,0.000000000124,0.000000000124,0.000000000124,0.000000000124,0.000000000124,0.000000000124,0.000000000124,0.000000000124,0.000000000124,0.000000000124,0.000000000124,0.000000000124,0.000000000124,0.000000000124,0.000000000124,0.000000000124,0.000000000124,0.000000000124,0.000000000124,0.000000000124,0.000000000124,0.000000000124,0.000000000124,0.000000000124,0.000000000124,0.000000000124
562,0.000000000124,0.000000000124,0.000000000124,0.000000000124,0.000000000124,0.000000000124,0.000000000124,0.000000000124,0.000000000124,0.000000000124,0.000000000124,0.000000000124,0.000000000124,0.000000000124,0.000000000124,0.000000000124,0.000000000124,0.000000000124,0.000000000124,0.000000000124,0.000000000124,0.000000000124,0.000000000124,0.000000000124,0.000000000124,0.000000000124,0.000000000124,0.000000000124,0.000000000124,0.000000000124,0.000000000124,0.000000000124,0.000000000124,0.000000000124,0.000000000124,0.000000000124,0.000000000124,0.000000000124,0.000000000124,0.000000000124,0.999999987822,0.000000000124,0.000000000124,0.000000000124,0.000000000124,0.000000000124,0.000000000124,0.000000000124,0.000000000124,0.000000000124,0.000000000124,0.000000000124,0.000000000124,0.000000000124,0.000000000124,0.000000000124,0.000000000124,0.000000000124,0.000000000124,0.000000000124,0.000000000124,0.000000000124,0.000000000124,0.000000000124,0.000000000124,0.000000000124,0.000000000124,0.000000000124,0.000000000124,0.000000000124,0.000000000124,0.000000000124,0.000000000124,0.000000000124,0.000000000124,0.000000000124,0.000000000124,0.000000000124,0.000000000124,0.000000000124,0.000000000124,0.000000000124,0.000000000124,0.000000000124,0.000000000124,0.000000000124,0.000000000124,0.000000000124,0.000000000124,0.000000000124,0.000000000124,0.000000000124,0.000000000124,0.000000000124,0.000000000124,0.000000000124,0.000000000124,0.000000000124,0.000000000124
676,0.000000000124,0.000000000124,0.000000000124,0.000000000124,0.000000000124,0.000000000124,0.000000000124,0.000000000124,0.000000000124,0.000000000124,0.000000000124,0.000000000124,0.000000000124,0.000000000124,0.000000000124,0.000000000124,0.000000000124,0.000000000124,0.000000000124,0.000000000124,0.000000000124,0.000000000124,0.000000000124,0.000000000124,0.000000000124,0.000000000124,0.000000000124,0.000000000124,0.000000000124,0.000000000124,0.000000000124,0.000000000124,0.000000000124,0.000000000124,0.000000000124,0.000000000124,0.000000000124,0.000000000124,0.000000000124,0.000000000124,0.000000000124,0.000000000124,0.000000000124,0.000000000124,0.000000000124,0.000000000124,0.000000000124,0.000000000124,0.000000000124,0.000000000124,0.000000000124,0.000000000124,0.000000000124,0.000000000124,0.000000000124,0.000000000124,0.000000000124,0.000000000124,0.000000000124,0.000000000124,0.000000000124,0.000000000124,0.000000000124,0.000000000124,0.000000000124,0.000000000124,0.000000000124,0.000000000124,0.000000000124,0.000000000124,0.000000000124,0.000000000124,0.000000000124,0.000000000124,0.000000000124,0.000000000124,0.000000000124,0.000000000124,0.000000000124,0.000000000124,0.000000000124,0.000000000124,0.000000000124,0.000000000124,0.000000000124,0.000000000124,0.000000000124,0.000000000124,0.000000000124,0.000000000124,0.000000000124,0.999999987822,0.000000000124,0.000000000124,0.000000000124,0.000000000124,0.000000000124,0.000000000124,0.000000000124
1443,0.000000000124,0.000000000124,0.000000000124,0.000000000124,0.000000000124,0.000000000124,0.000000000124,0.000000000124,0.000000000124,0.000000000124,0.000000000124,0.000000000124,0.000000000124,0.000000000124,0.000000000124,0.000000000124,0.000000000124,0.000000000124,0.000000000124,0.000000000124,0.000000000124,0.000000000124,0.000000000124,0.000000000124,0.000000000124,0.000000000124,0.000000000124,0.000000000124,0.000000000124,0.000000000124,0.000000000124,0.000000000124,0.000000000124,0.000000000124,0.000000000124,0.000000000124,0.000000000124,0.000000000124,0.000000000124,0.000000000124,0.000000000124,0.000000000124,0.000000000124,0.000000000124,0.000000000124,0.000000000124,0.000000000124,0.000000000124,0.000000000124,0.000000000124,0.000000000124,0.000000000124,0.000000000124,0.000000000124,0.000000000124,0.000000000124,0.000000000124,0.000000000124,0.000000000124,0.000000000124,0.000000000124,0.000000000124,0.000000000124,0.000000000124,0.000000000124,0.000000000124,0.000000000124,0.000000000124,0.000000000124,0.000000000124,0.000000000124,0.000000000124,0.000000000124,0.000000000124,0.000000000124,0.000000000124,0.000000000124,0.000000000124,0.000000000124,0.000000000124,0.000000000124,0.000000000124,0.000000000124,0.000000000124,0.000000000124,0.000000000124,0.000000000124,0.000000000124,0.000000000124,0.000000000124,0.000000000124,0.000000000124,0.000000000124,0.000000000124,0.000000000124,0.000000000124,0.000000000124,0.000000000124,0.999999987822
1471,0.000000000124,0.000000000124,0.000000000124,0.000000000124,0.000000000124,0.000000000124,0.000000000124,0.000000000124,0.000000000124,0.000000000124,0.000000000124,0.000000000124,0.000000000124,0.000000000124,0.000000000124,0.000000000124,0.000000000124,0.000000000124,0.000000000124,0.000000000124,0.000000000124,0.999999987822,0.000000000124,0.000000000124,0.000000000124,0.000000000124,0.000000000124,0.000000000124,0.000000000124,0.000000000124,0.000000000124,0.000000000124,0.000000000124,0.000000000124,0.000000000124,0.000000000124,0.000000000124,0.000000000124,0.000000000124,0.000000000124,0.000000000124,0.000000000124,0.000000000124,0.000000000124,0.000000000124,0.000000000124,0.000000000124,0.000000000124,0.000000000124,0.000000000124,0.000000000124,0.000000000124,0.000000000124,0.000000000124,0.000000000124,0.000000000124,0.000000000124,0.000000000124,0.000000000124,0.000000000124,0.000000000124,0.000000000124,0.000000000124,0.000000000124,0.000000000124,0.000000000124,0.000000000124,0.000000000124,0.000000000124,0.000000000124,0.000000000124,0.000000000124,0.000000000124,0.000000000124,0.000000000124,0.000000000124,0.000000000124,0.000000000124,0.000000000124,0.000000000124,0.000000000124,0.000000000124,0.000000000124,0.000000000124,0.000000000124,0.000000000124,0.000000000124,0.000000000124,0.000000000124,0.000000000124,0.000000000124,0.000000000124,0.000000000124,0.000000000124,0.000000000124,0.000000000124,0.000000000124,0.000000000124,0.000000000124
798,0.000000000124,0.000000000124,0.000000000124,0.000000000124,0.000000000124,0.000000000124,0.000000000124,0.000000000124,0.000000000124,0.000000000124,0.000000000124,0.000000000124,0.000000000124,0.000000000124,0.000000000124,0.000000000124,0.000000000124,0.000000689749,0.000000000124,0.000000000124,0.000000000124,0.000000000124,0.000000000124,0.000000000124,0.000000000124,0.000000000124,0.000000000124,0.000000000124,0.000000000124,0.000000000124,0.000000000124,0.000000000124,0.000000000124,0.000000000124,0.000000000124,0.000000000124,0.000000000124,0.000000000124,0.000000000124,0.000000000124,0.000000000124,0.000000000124,0.000000000124,0.000000000124,0.000000000124,0.000000000124,0.000000000124,0.000000000124,0.000000000124,0.000000000124,0.000000000124,0.000000000124,0.000000000124,0.000000000124,0.000000000124,0.000000000124,0.000000000124,0.000000000124,0.000000000124,0.000000000124,0.000000000124,0.000000000124,0.000000100933,0.000000000124,0.000000000124,0.000000000124,0.000000000124,0.000000000124,0.000000000124,0.000000000124,0.000000000124,0.000000000124,0.000000000124,0.000000000124,0.000000000124,0.000000000124,0.000000000124,0.000000000124,0.000000000124,0.000000000124,0.000000000124,0.000000000124,0.000000000124,0.000000000124,0.000000000124,0.000000000124,0.000000000124,0.000000000124,0.000000000124,0.000000000124,0.000000000124,0.999999197389,0.000000000124,0.000000000124,0.000000000124,0.000000000124,0.000000000124,0.000000000124,0.000000000124
1311,0.000000000124,0.000000000124,0.000000000124,0.000000000124,0.000000000124,0.000000000124,0.000000000124,0.000000000124,0.000000000124,0.000000000124,0.000000000124,0.000000000124,0.000000000124,0.000000000124,0.000000000124,0.000000000124,0.000000000124,0.000000000124,0.000000000124,0.000000000124,0.000000000124,0.000000000124,0.000000000124,0.000000000124,0.000000000124,0.000000000124,0.000000000124,0.000000000124,0.000000000124,0.000000000124,0.000000000124,0.000000000124,0.000000000124,0.000000000124,0.000000000124,0.000000000124,0.000000000124,0.000000000124,0.000000000124,0.000000000124,0.000000000124,0.000000000124,0.000000000124,0.000000000124,0.000000000124,0.000000000124,0.000000000124,0.000000000124,0.000000000124,0.000000000124,0.000000000124,0.000000000124,0.000000000124,0.000000000124,0.000000000124,0.000000000124,0.000000000124,0.000000000124,0.000000000124,0.000000000124,0.000000000124,0.000000000124,0.000000000124,0.000000000124,0.000000000124,0.000000000124,0.000000000124,0.000000000124,0.000000000124,0.000000000124,0.000000000124,0.000000000124,0.000000000124,0.000000000124,0.000000000124,0.000000000124,0.000000000124,0.000000000124,0.000000000124,0.000000000124,0.000000000124,0.000000000124,0.000000000124,0.000000000124,0.000000000124,0.000000000124,0.000000000124,0.000000000124,0.000000000124,0.000000000124,0.000000000124,0.000000000124,0.000000000124,0.000000000124,0.000000000124,0.000000000124,0.000000000124,0.999999987822,0.000000000124
966,0.000000000124,0.000000000124,0.000000000124,0.000000000124,0.000000000124,0.000000000124,0.000000000124,0.000000000124,0.000000000124,0.000000000124,0.000000000124,0.000000000124,0.000000000124,0.000000000124,0.000000000124,0.000000000124,0.000000000124,0.000000000124,0.000000000124,0.000000000124,0.000000000124,0.000000000124,0.000000000124,0.000000000124,0.000000000124,0.000000000124,0.000000000124,0.000000000124,0.000000000124,0.000000000124,0.000000000124,0.000000000124,0.000000000124,0.000000000124,0.000000000124,0.000000000124,0.000000000124,0.000000000124,0.000000000124,0.000000000124,0.000000000124,0.000000000124,0.000000000124,0.000000000124,0.000000000124,0.000000000124,0.000000000124,0.000000000124,0.000000000124,0.999999987822,0.000000000124,0.000000000124,0.000000000124,0.000000000124,0.000000000124,0.000000000124,0.000000000124,0.000000000124,0.000000000124,0.000000000124,0.000000000124,0.000000000124,0.000000000124,0.000000000124,0.000000000124,0.000000000124,0.000000000124,0.000000000124,0.000000000124,0.000000000124,0.000000000124,0.000000000124,0.000000000124,0.000000000124,0.000000000124,0.000000000124,0.000000000124,0.000000000124,0.000000000124,0.000000000124,0.000000000124,0.000000000124,0.000000000124,0.000000000124,0.000000000124,0.000000000124,0.000000000124,0.000000000124,0.000000000124,0.000000000124,0.000000000124,0.000000000124,0.000000000124,0.000000000124,0.000000000124,0.000000000124,0.000000000124,0.000000000124,0.000000000124
1277,0.000000000124,0.000000000124,0.000000000124,0.000000000124,0.000000000124,0.000000000124,0.000000000124,0.000000000124,0.000000000124,0.000000000124,0.000000000124,0.000000000124,0.000000000124,0.000000000124,0.000000000124,0.000000000124,0.000000000124,0.000000000124,0.000000000124,0.000000000124,0.999999987822,0.000000000124,0.000000000124,0.000000000124,0.000000000124,0.000000000124,0.000000000124,0.000000000124,0.000000000124,0.000000000124,0.000000000124,0.000000000124,0.000000000124,0.000000000124,0.000000000124,0.000000000124,0.000000000124,0.000000000124,0.000000000124,0.000000000124,0.000000000124,0.000000000124,0.000000000124,0.000000000124,0.000000000124,0.000000000124,0.000000000124,0.000000000124,0.000000000124,0.000000000124,0.000000000124,0.000000000124,0.000000000124,0.000000000124,0.000000000124,0.000000000124,0.000000000124,0.000000000124,0.000000000124,0.000000000124,0.000000000124,0.000000000124,0.000000000124,0.000000000124,0.000000000124,0.000000000124,0.000000000124,0.000000000124,0.000000000124,0.000000000124,0.000000000124,0.000000000124,0.000000000124,0.000000000124,0.000000000124,0.000000000124,0.000000000124,0.000000000124,0.000000000124,0.000000000124,0.000000000124,0.000000000124,0.000000000124,0.000000000124,0.000000000124,0.000000000124,0.000000000124,0.000000000124,0.000000000124,0.000000000124,0.000000000124,0.000000000124,0.000000000124,0.000000000124,0.000000000124,0.000000000124,0.000000000124,0.000000000124,0.000000000124
1539,0.000000000124,0.000000000124,0.000000000124,0.000000000124,0.000000000124,0.000000000124,0.000000000124,0.000000000124,0.000000000124,0.000000000124,0.000000000124,0.000000000124,0.000000000124,0.000000000124,0.000000000124,0.000000000124,0.000000000124,0.000000000124,0.000000000124,0.000000000124,0.000000000124,0.000000000124,0.000000000124,0.000000000124,0.000000000124,0.000000000124,0.000000000124,0.000000000124,0.000000000124,0.000000000124,0.000000000124,0.000000000124,0.000000000124,0.000000000124,0.000000000124,0.000000000124,0.000000000124,0.000000000124,0.000000000124,0.000000000124,0.000000000124,0.000000000124,0.000000000124,0.000000000124,0.000000000124,0.000000000124,0.000000000124,0.000000000124,0.000000000124,0.000000000124,0.000000000124,0.000000000124,0.000000000124,0.000000000124,0.000000000124,0.000000000124,0.000000000124,0.000000000124,0.000000000124,0.999999987822,0.000000000124,0.000000000124,0.000000000124,0.000000000124,0.000000000124,0.000000000124,0.000000000124,0.000000000124,0.000000000124,0.000000000124,0.000000000124,0.000000000124,0.000000000124,0.000000000124,0.000000000124,0.000000000124,0.000000000124,0.000000000124,0.000000000124,0.000000000124,0.000000000124,0.000000000124,0.000000000124,0.000000000124,0.000000000124,0.000000000124,0.000000000124,0.000000000124,0.000000000124,0.000000000124,0.000000000124,0.000000000124,0.000000000124,0.000000000124,0.000000000124,0.000000000124,0.000000000124,0.000000000124,0.000000000124
1408,0.000000000124,0.000000000124,0.000000000124,0.000000000124,0.000000000124,0.000000000124,0.000000000124,0.000000000124,0.000000000124,0.000000000124,0.000000000124,0.000000000124,0.000000000124,0.000000000124,0.000000000124,0.000000000124,0.000000000124,0.000000000124,0.000000000124,0.000000000124,0.000000000124,0.000000000124,0.000000000124,0.000000000124,0.000000000124,0.000000000124,0.000000000124,0.000000000124,0.000000000124,0.000000000124,0.000000000124,0.000000000124,0.000000000124,0.000000000124,0.000000000124,0.000000000124,0.000000000124,0.000000000124,0.000000000124,0.000000000124,0.000000000124,0.000000000124,0.000000000124,0.000000000124,0.000000000124,0.000000000124,0.000000000124,0.000000000124,0.000000000124,0.999999987822,0.000000000124,0.000000000124,0.000000000124,0.000000000124,0.000000000124,0.000000000124,0.000000000124,0.000000000124,0.000000000124,0.000000000124,0.000000000124,0.000000000124,0.000000000124,0.000000000124,0.000000000124,0.000000000124,0.000000000124,0.000000000124,0.000000000124,0.000000000124,0.000000000124,0.000000000124,0.000000000124,0.000000000124,0.000000000124,0.000000000124,0.000000000124,0.000000000124,0.000000000124,0.000000000124,0.000000000124,0.000000000124,0.000000000124,0.000000000124,0.000000000124,0.000000000124,0.000000000124,0.000000000124,0.000000000124,0.000000000124,0.000000000124,0.000000000124,0.000000000124,0.000000000124,0.000000000124,0.000000000124,0.000000000124,0.000000000124,0.000000000124
336,0.000000000124,0.000000000124,0.000000000124,0.000000000124,0.000000000124,0.000000000124,0.000000000124,0.000000000124,0.000000000124,0.000000000124,0.000000000124,0.000000000124,0.000000000124,0.000000000124,0.000000000124,0.000000000124,0.000000000124,0.000000000124,0.000000000124,0.000000000124,0.000000000124,0.000000000124,0.000000000124,0.000000000124,0.000000000124,0.000000000124,0.000000000124,0.000000000124,0.000000000124,0.000000000124,0.000000000124,0.000000000124,0.000000000124,0.000000000124,0.000000000124,0.000000000124,0.000000000124,0.000000000124,0.000000000124,0.000000000124,0.000000000124,0.000000000124,0.000000000124,0.000000000124,0.000000000124,0.000000000124,0.000000000124,0.000000000124,0.000000000124,0.000000000124,0.000000000124,0.000000000124,0.000000000124,0.000000000124,0.000000000124,0.000000000124,0.000000000124,0.000000000124,0.000000000124,0.000000000124,0.000000000124,0.000000000124,0.000000000124,0.000000000124,0.000000000124,0.000000000124,0.000000000124,0.000000000124,0.000000000124,0.000000000124,0.000000000124,0.000000000124,0.000000000124,0.000000000124,0.000000000124,0.000000000124,0.000000000124,0.000000000124,0.000000000124,0.000000000124,0.000000000124,0.000000000124,0.000000000124,0.000000000124,0.000000000124,0.000000000124,0.000000000124,0.000000000124,0.000000000124,0.000000000124,0.000000000124,0.000000000124,0.000000000124,0.000000000124,0.000000000124,0.000000000124,0.000000000124,0.000000000124,0.999999987822
1300,0.000000000124,0.000000000124,0.000000000124,0.000000000124,0.000000000124,0.000000000124,0.000000000124,0.000000000124,0.000000000124,0.000000000124,0.000000000124,0.000000000124,0.000000000124,0.000000000124,0.000000000124,0.000000000124,0.000000000124,0.000000000124,0.000000000124,0.000000000124,0.000000000124,0.000000000124,0.000000000124,0.000000000124,0.000000000124,0.000000000124,0.000000000124,0.000000000124,0.000000000124,0.000000000124,0.000000000124,0.000000000124,0.000000000124,0.000000000124,0.000000000124,0.000000000124,0.000000000124,0.000000000124,0.000000000124,0.000000000124,0.000000000124,0.000000000124,0.000000000124,0.000000000124,0.000000000124,0.000000000124,0.000000000124,0.000000000124,0.000000000124,0.000000000124,0.000000000124,0.000000000124,0.000000000124,0.000000000124,0.000000000124,0.000000000124,0.000000000124,0.000000000124,0.000000000124,0.000000000124,0.000000000124,0.000000000124,0.000000000124,0.000000000124,0.000000000124,0.000000000124,0.000000000124,0.000000000124,0.000000000124,0.000000000124,0.000000000124,0.000000000124,0.000000000124,0.000000000124,0.000000000124,0.000000000124,0.000000000124,0.000000015344,0.000000000124,0.000000000124,0.000000000124,0.000000000124,0.000000000124,0.000000000124,0.000000000124,0.000000000124,0.000000000124,0.000000000124,0.000000000124,0.000000000124,0.000000000124,0.000000000124,0.000000000124,0.000000000124,0.000000000124,0.000000000124,0.000000000124,0.999999972603,0.000000000124
1568,0.000000000124,0.000000000124,0.000000000124,0.000000000124,0.000000000124,0.000000000124,0.000000000124,0.000000000124,0.000000000124,0.000000000124,0.000000000124,0.000000000124,0.000000000124,0.000000000124,0.000000000124,0.000000000124,0.000000000124,0.000000000124,0.000000000124,0.000000000124,0.000000000124,0.000000000124,0.000000000124,0.000000000124,0.000000000124,0.000000000124,0.000000000124,0.000000000124,0.000000000124,0.000000000124,0.000000000124,0.000000000124,0.000000000124,0.000000000124,0.000000000124,0.000000000124,0.000000000124,0.000000000124,0.000000000124,0.000000000124,0.000000000124,0.000000000124,0.000000000124,0.000000000124,0.000000000124,0.000000000124,0.000000000124,0.000000000124,0.000000000124,0.000000000124,0.000000000124,0.000000000124,0.000000000124,0.000000000124,0.000000000124,0.000000000124,0.000000000124,0.000000000124,0.000000000124,0.000000000124,0.000000000124,0.000000000124,0.000000000124,0.000000000124,0.000000000124,0.000000000124,0.000000000124,0.000000000124,0.000000000124,0.000000000124,0.000000000124,0.000000000124,0.000000000124,0.000067477389,0.000000000124,0.000000000124,0.000000000124,0.000000000124,0.000000000124,0.000000000124,0.000000000124,0.000000000124,0.000000000124,0.000000000124,0.000000000124,0.000000000124,0.999932510558,0.000000000124,0.000000000124,0.000000000124,0.000000000124,0.000000000124,0.000000000124,0.000000000124,0.000000000124,0.000000000124,0.000000000124,0.000000000124,0.000000000124
451,0.000000000112,0.000000000112,0.000000000112,0.000000000112,0.000000000112,0.000000000112,0.000000000112,0.000000000112,0.000000000112,0.000000000112,0.000000000112,0.000000000112,0.000000000112,0.000000000112,0.000000000112,0.000000000112,0.000000000112,0.000000000112,0.000000000112,0.000000000112,0.000000000112,0.000000000112,0.000000000112,0.000000000112,0.000000000112,0.000000000112,0.000000000112,0.000000000112,0.000000000112,0.000000000112,0.000000000112,0.000000000112,0.000000000112,0.000000000112,0.000000000112,0.000000000112,0.000000000112,0.000000000112,0.000000000112,0.000000000112,0.000000000112,0.000000000112,0.000000000112,0.000000000112,0.000000000112,0.000000000112,0.000000001884,0.000000000112,0.000000000112,0.000000000112,0.000000000112,0.287632668893,0.000000000112,0.000000000112,0.000000000112,0.000000000112,0.000925731396,0.000000000112,0.000000000112,0.000000000112,0.000000000112,0.000000000112,0.000000000112,0.000000000112,0.000000000112,0.000000000112,0.000000000112,0.000000000112,0.000000000112,0.000000000112,0.000000000112,0.000000000112,0.000000000112,0.000000000112,0.711441587171,0.000000000112,0.000000000112,0.000000000112,0.000000000112,0.000000000112,0.000000000112,0.000000000112,0.000000000112,0.000000000112,0.000000000112,0.000000000112,0.000000000112,0.000000000112,0.000000000112,0.000000000112,0.000000000112,0.000000000112,0.000000000112,0.000000000112,0.000000000112,0.000000000112,0.000000000112,0.000000000112,0.000000000112
109,0.000000000124,0.000000000124,0.000000000124,0.000000000124,0.000000000124,0.000000000124,0.000000000124,0.000000000124,0.000000000124,0.000000000124,0.000000000124,0.000000000124,0.000000000124,0.000000000124,0.000000000124,0.000000000124,0.000000000124,0.000000000124,0.000000000124,0.000000000124,0.000000000124,0.000000000124,0.000000000124,0.000000000124,0.000000000124,0.000000000124,0.000000000124,0.000000000124,0.000000000124,0.000000000124,0.000000000124,0.000000000124,0.000000000124,0.000000000124,0.000000000124,0.000000000124,0.000000000124,0.000000000124,0.000000000124,0.000000000124,0.000000000124,0.000000000124,0.000000000124,0.000000000124,0.000000000124,0.000000000124,0.000000000124,0.000000000124,0.000000000124,0.000000000124,0.000000000124,0.000000000124,0.000000000124,0.000000000124,0.000000000124,0.000000000124,0.000000000124,0.000000000124,0.000000000124,0.000000000124,0.000000000124,0.000000000124,0.000000000124,0.000000000124,0.000000000124,0.000000000124,0.000000000124,0.000000000124,0.000000000124,0.000000000124,0.000000000124,0.000000000124,0.000000000124,0.000000000124,0.000000000124,0.000000000124,0.000000000124,0.000000000124,0.000000000124,0.000000000124,0.000000000124,0.000000000124,0.999999987822,0.000000000124,0.000000000124,0.000000000124,0.000000000124,0.000000000124,0.000000000124,0.000000000124,0.000000000124,0.000000000124,0.000000000124,0.000000000124,0.000000000124,0.000000000124,0.000000000124,0.000000000124,0.000000000124
1475,0.000000000124,0.000000000124,0.000000000124,0.000000000124,0.000000000124,0.000000000124,0.000000000124,0.000000000124,0.000000000124,0.000000000124,0.000000000124,0.000000000124,0.000000000124,0.000000000124,0.000000000124,0.000000000124,0.000000000124,0.000000000124,0.000000000124,0.000000000124,0.000000000124,0.000000000124,0.000000000124,0.000000000124,0.000000000124,0.000000000124,0.000000000124,0.000000000124,0.000000000124,0.000000000124,0.000000000124,0.000000000124,0.000000000124,0.000000000124,0.000000000124,0.000000000124,0.000000000124,0.000000000124,0.000000000124,0.000000000124,0.000000000124,0.000000000124,0.000000000124,0.000000000124,0.000000000124,0.000000000124,0.000000000124,0.000000000124,0.000000000124,0.000000000124,0.000000000124,0.000000000124,0.000000000124,0.000000000124,0.000000000124,0.000000000124,0.000000000124,0.000000000124,0.000000000124,0.000000000124,0.000000000124,0.000000000124,0.000000000124,0.000000000124,0.000000000124,0.000000000124,0.000000000124,0.000000000124,0.000000000124,0.000000000124,0.000000000124,0.000000000124,0.999999987822,0.000000000124,0.000000000124,0.000000000124,0.000000000124,0.000000000124,0.000000000124,0.000000000124,0.000000000124,0.000000000124,0.000000000124,0.000000000124,0.000000000124,0.000000000124,0.000000000124,0.000000000124,0.000000000124,0.000000000124,0.000000000124,0.000000000124,0.000000000124,0.000000000124,0.000000000124,0.000000000124,0.000000000124,0.000000000124,0.000000000124
1325,0.000000000124,0.000000000124,0.000000000124,0.000000000124,0.000000000124,0.000000000124,0.000000000124,0.000000000124,0.000000000124,0.000000000124,0.000000000124,0.000000000124,0.000000000124,0.000000000124,0.000000000124,0.000000000124,0.000000000124,0.000000000124,0.000000000124,0.000000000124,0.000000000124,0.000000000124,0.000000000124,0.000000000124,0.000000000124,0.000000000124,0.000000000124,0.000000000124,0.000000000124,0.000000000124,0.000000000124,0.000000000124,0.000000000124,0.999999987822,0.000000000124,0.000000000124,0.000000000124,0.000000000124,0.000000000124,0.000000000124,0.000000000124,0.000000000124,0.000000000124,0.000000000124,0.000000000124,0.000000000124,0.000000000124,0.000000000124,0.000000000124,0.000000000124,0.000000000124,0.000000000124,0.000000000124,0.000000000124,0.000000000124,0.000000000124,0.000000000124,0.000000000124,0.000000000124,0.000000000124,0.000000000124,0.000000000124,0.000000000124,0.000000000124,0.000000000124,0.000000000124,0.000000000124,0.000000000124,0.000000000124,0.000000000124,0.000000000124,0.000000000124,0.000000000124,0.000000000124,0.000000000124,0.000000000124,0.000000000124,0.000000000124,0.000000000124,0.000000000124,0.000000000124,0.000000000124,0.000000000124,0.000000000124,0.000000000124,0.000000000124,0.000000000124,0.000000000124,0.000000000124,0.000000000124,0.000000000124,0.000000000124,0.000000000124,0.000000000124,0.000000000124,0.000000000124,0.000000000124,0.000000000124,0.000000000124
1040,0.000000000124,0.000000000124,0.000000000124,0.000000000124,0.000000000124,0.000000000124,0.000000000124,0.000000000124,0.000000000124,0.000000000124,0.000000000124,0.000000000124,0.000000000124,0.000000000124,0.000000000124,0.000000000124,0.000000000124,0.000000000124,0.000000000124,0.000000000124,0.000000000124,0.000000000124,0.000000000124,0.000000000124,0.000000000124,0.000000000124,0.000000000124,0.000000000124,0.000000000124,0.000000000124,0.000000000124,0.000000000124,0.000000000124,0.000000000124,0.000000000124,0.000000000124,0.000000000124,0.000000000124,0.000000000124,0.000000000124,0.000000000124,0.000000000124,0.000000000124,0.000000000124,0.000000000124,0.000000000124,0.000000000124,0.000000000124,0.000000000124,0.000000000124,0.000000000124,0.000000000124,0.000000000124,0.000000000124,0.000000000124,0.000000000124,0.000000000124,0.000000000124,0.000000000124,0.000000000124,0.000000000124,0.000000000124,0.000000000124,0.000000000124,0.000000000124,0.000000000124,0.000000000124,0.000000000124,0.000000000124,0.000000000124,0.000000000124,0.000000000124,0.000000000124,0.000000000124,0.000000000124,0.000000000124,0.000000000124,0.000000000124,0.000000000124,0.000000000124,0.000000000124,0.000000000124,0.000000000124,0.000000000124,0.000000000124,0.000000000124,0.000000000124,0.000000000124,0.000000000124,0.000000000124,0.000000000124,0.000000000124,0.000000000124,0.999999987822,0.000000000124,0.000000000124,0.000000000124,0.000000000124,0.000000000124
1156,0.000000000124,0.000000000124,0.000000000124,0.000000000124,0.000000000124,0.000000000124,0.000000000124,0.000000000124,0.000000000124,0.000000000124,0.000000000124,0.000000000124,0.000000000124,0.000000000124,0.000000000124,0.000000000124,0.000000000124,0.000000000124,0.000000000124,0.000000000124,0.000000000124,0.000000000124,0.000000000124,0.000000000124,0.000000000124,0.000000000124,0.000000000124,0.000000000124,0.000000000124,0.000000000124,0.000000000124,0.000000000124,0.000000000124,0.000000000124,0.000000000124,0.000000000124,0.000000000124,0.000000000124,0.000000000124,0.000000000124,0.000000000124,0.000000000124,0.000000000124,0.000000000124,0.000000000124,0.000000000124,0.000000000124,0.000000000124,0.000000000124,0.000000000124,0.000000000124,0.000000000124,0.000000000124,0.000000000124,0.000000000124,0.000000000124,0.000000000124,0.000000000124,0.000000000124,0.000000000124,0.000000000124,0.000000000124,0.000000000124,0.000000000124,0.000000000124,0.000000000124,0.000000000124,0.000000000124,0.000000000124,0.000000000124,0.000000000124,0.000000000124,0.000000000124,0.000000000124,0.000000000124,0.000000000124,0.000000000124,0.000000000124,0.000000000124,0.000000000124,0.000000000124,0.000000000124,0.000000000124,0.999999987822,0.000000000124,0.000000000124,0.000000000124,0.000000000124,0.000000000124,0.000000000124,0.000000000124,0.000000000124,0.000000000124,0.000000000124,0.000000000124,0.000000000124,0.000000000124,0.000000000124,0.000000000124
597,0.000000000124,0.000000000124,0.000000000124,0.000000000124,0.000000000124,0.000000000124,0.000000000124,0.000000000124,0.000000000124,0.000000000124,0.000000000124,0.000000000124,0.000000000124,0.000000000124,0.000000000124,0.000000000124,0.000000000124,0.000000000124,0.000000000124,0.000000000124,0.000000000124,0.000000000124,0.000000000124,0.000000000124,0.000000000124,0.000000000124,0.000000000124,0.000000000124,0.000000000124,0.000000000124,0.000000000124,0.000000000124,0.000000000124,0.000000000124,0.000000000124,0.000000000124,0.000000000124,0.999999987822,0.000000000124,0.000000000124,0.000000000124,0.000000000124,0.000000000124,0.000000000124,0.000000000124,0.000000000124,0.000000000124,0.000000000124,0.000000000124,0.000000000124,0.000000000124,0.000000000124,0.000000000124,0.000000000124,0.000000000124,0.000000000124,0.000000000124,0.000000000124,0.000000000124,0.000000000124,0.000000000124,0.000000000124,0.000000000124,0.000000000124,0.000000000124,0.000000000124,0.000000000124,0.000000000124,0.000000000124,0.000000000124,0.000000000124,0.000000000124,0.000000000124,0.000000000124,0.000000000124,0.000000000124,0.000000000124,0.000000000124,0.000000000124,0.000000000124,0.000000000124,0.000000000124,0.000000000124,0.000000000124,0.000000000124,0.000000000124,0.000000000124,0.000000000124,0.000000000124,0.000000000124,0.000000000124,0.000000000124,0.000000000124,0.000000000124,0.000000000124,0.000000000124,0.000000000124,0.000000000124,0.000000000124
171,0.000000000124,0.000000000124,0.000000000124,0.000000000124,0.000000000124,0.000000000124,0.000000000124,0.000000000124,0.000000000124,0.000000000124,0.000000000124,0.000000000124,0.000000000124,0.000000000124,0.000000000124,0.000000000124,0.000000000124,0.000000000124,0.000000000124,0.000000000124,0.000000000124,0.000000000124,0.000000000124,0.000000000124,0.000000000124,0.000000000124,0.000000000124,0.000000000124,0.000000000124,0.000000000124,0.000000000124,0.000000000124,0.000000000124,0.000000000124,0.000000000124,0.000000000124,0.000000000124,0.000000000124,0.000000000124,0.000000000124,0.000000000124,0.000000000124,0.000000000124,0.000000000124,0.000000000124,0.000000000124,0.000000000124,0.000000000124,0.000000000124,0.000000000124,0.000000000124,0.000000000124,0.000000000124,0.000000000124,0.000000000124,0.000000000124,0.000000000124,0.000000000124,0.000000000124,0.000000000124,0.000000000124,0.000000000124,0.000000000124,0.000000000124,0.000000000124,0.000000000124,0.000000000124,0.000000000124,0.000000000124,0.000000000124,0.000000000124,0.000000000124,0.000000000124,0.000000000124,0.000000000124,0.000000000124,0.000000000124,0.000000000124,0.000000000124,0.999999987822,0.000000000124,0.000000000124,0.000000000124,0.000000000124,0.000000000124,0.000000000124,0.000000000124,0.000000000124,0.000000000124,0.000000000124,0.000000000124,0.000000000124,0.000000000124,0.000000000124,0.000000000124,0.000000000124,0.000000000124,0.000000000124,0.000000000124
1454,0.000000000122,0.000000000122,0.000000000122,0.000000000122,0.000000000122,0.000000000122,0.000000000122,0.000000000122,0.000000000122,0.000000000122,0.000000000122,0.000000000122,0.000000000122,0.000000000122,0.000000000122,0.000000000122,0.000000000122,0.000000000122,0.000000000122,0.000000000122,0.000000000122,0.000000000122,0.000000000122,0.000000000122,0.000000000122,0.000000000122,0.000000000122,0.000000000122,0.000000000122,0.000000000122,0.000000000122,0.000000000122,0.000000000122,0.000000000122,0.000000000122,0.000000000122,0.000000000122,0.000000000122,0.000000000122,0.000000000122,0.000000000122,0.000000000122,0.000000000122,0.000000000122,0.000000000122,0.000000000122,0.000000000122,0.000000000122,0.000000000122,0.000000000122,0.000000000122,0.000000000122,0.000000000122,0.000000000122,0.000000000122,0.000001534449,0.000000000122,0.000000000122,0.000000000122,0.000000000122,0.000000000122,0.000000000122,0.000000000122,0.000000000122,0.000000000122,0.000000000122,0.000000000122,0.000000000122,0.024474051578,0.975524402225,0.000000000122,0.000000000122,0.000000000122,0.000000000122,0.000000000122,0.000000000122,0.000000000122,0.000000000122,0.000000000122,0.000000000122,0.000000000122,0.000000000122,0.000000000122,0.000000000122,0.000000000122,0.000000000122,0.000000000122,0.000000000122,0.000000000122,0.000000000122,0.000000000122,0.000000000122,0.000000000122,0.000000000122,0.000000000122,0.000000000122,0.000000000122,0.000000000122,0.000000000122
740,0.000000000122,0.000000000122,0.000000000122,0.000000000122,0.000000000122,0.000000000122,0.000000000122,0.000000000122,0.000000000122,0.000000000122,0.000000000122,0.000000000122,0.000000000122,0.000000000122,0.000000000122,0.000000000122,0.000000000122,0.000000000122,0.000000000122,0.000000000122,0.000000000122,0.000000000122,0.000000000122,0.000000000122,0.000000000122,0.000000000122,0.000000000122,0.000000000122,0.000000000122,0.000000000122,0.000000000122,0.000000000122,0.000000000122,0.000000000122,0.000000000122,0.000000000122,0.000000000122,0.000000000122,0.000000000122,0.000000000122,0.000000000122,0.000000000122,0.000000000122,0.000000000122,0.976255452329,0.000000000122,0.000000000122,0.000000000122,0.000000000122,0.000000000122,0.000000000122,0.000000000122,0.000000000122,0.000000000122,0.000000000122,0.000000000122,0.000000000122,0.000000000122,0.000000000122,0.000000000122,0.000000000122,0.000000000122,0.000000000122,0.000000000122,0.000000000122,0.000000000122,0.023744501986,0.000000000122,0.000000000122,0.000000000122,0.000000000122,0.000000000122,0.000000000122,0.000000000122,0.000000000122,0.000000000122,0.000000000122,0.000000000122,0.000000000122,0.000000000122,0.000000000122,0.000000000122,0.000000000122,0.000000000122,0.000000000122,0.000000000122,0.000000000122,0.000000000122,0.000000000122,0.000000000122,0.000000000122,0.000000000122,0.000000000122,0.000000000122,0.000000000122,0.000000000122,0.000000000122,0.000000033932,0.000000000122
1508,0.000000000124,0.000000000124,0.000000000124,0.000000000124,0.000000000124,0.000000000124,0.000000000124,0.000000000124,0.000000000124,0.000000000124,0.000000000124,0.000000000124,0.000000000124,0.000000000124,0.000000000124,0.000000000124,0.000000000124,0.000000000124,0.000000000124,0.000000000124,0.000000000124,0.000000000124,0.000000000124,0.000000000124,0.000000000124,0.000000000124,0.000000000124,0.000000000124,0.000000000124,0.000000000124,0.000000000124,0.000000000124,0.000000000124,0.000000000124,0.000000000124,0.000000000124,0.000000000124,0.000000000124,0.000000000124,0.000000000124,0.000000000124,0.000000000124,0.000000000124,0.000000000124,0.000000000124,0.000000000124,0.000000000124,0.000000000124,0.000000000124,0.000000000124,0.000000000124,0.000000000124,0.000000000124,0.000000000124,0.000009229558,0.999990758388,0.000000000124,0.000000000124,0.000000000124,0.000000000124,0.000000000124,0.000000000124,0.000000000124,0.000000000124,0.000000000124,0.000000000124,0.000000000124,0.000000000124,0.000000000124,0.000000000124,0.000000000124,0.000000000124,0.000000000124,0.000000000124,0.000000000124,0.000000000124,0.000000000124,0.000000000124,0.000000000124,0.000000000124,0.000000000124,0.000000000124,0.000000000124,0.000000000124,0.000000000124,0.000000000124,0.000000000124,0.000000000124,0.000000000124,0.000000000124,0.000000000124,0.000000000124,0.000000000124,0.000000000124,0.000000000124,0.000000000124,0.000000000124,0.000000000124,0.000000000124
