role,task,run_id_sha256,parent_sha256,source_children,finite_children,source_identity_available,missing_identity_children,certified_invalid_children,unknown_source_children,published_direct_relations,status_direct_relations,execution_only_direct_relations,published_transitive_relations,status_transitive_relations,execution_only_transitive_relations,published_top_set_size,status_top_set_size,execution_only_top_set_size,published_winner_identified,status_winner_identified,execution_only_winner_identified,newly_identified_by_status,newly_identified_execution_only
extension,aptos2019-blindness-detection,3cb17c591f4b6145a30b2685c2664bfaa31e0c70e42b1a8eeae3057c6fa64a6a,aff9ddb9c984c276ce037d451dc26822c171a46355bb124a6a835e4b7cd96d3f,2,2,True,0,0,0,1,1,1,1,1,1,1,1,1,True,True,True,False,False
extension,aptos2019-blindness-detection,3cb17c591f4b6145a30b2685c2664bfaa31e0c70e42b1a8eeae3057c6fa64a6a,3189fb7b55cac8f1b894e1e4d2075be38d0be26b88156dacda5ca0a93915b41e,2,2,True,0,0,0,1,1,1,1,1,1,1,1,1,True,True,True,False,False
extension,aptos2019-blindness-detection,3cb17c591f4b6145a30b2685c2664bfaa31e0c70e42b1a8eeae3057c6fa64a6a,8a7a81a2b26ef2a048aa626fb6a8892c4a48a6bc9f9aaf1d55bad6ba704b5d20,2,2,True,0,0,0,1,1,1,1,1,1,1,1,1,True,True,True,False,False
extension,aptos2019-blindness-detection,3cb17c591f4b6145a30b2685c2664bfaa31e0c70e42b1a8eeae3057c6fa64a6a,db69c4c488955be051ede1f00b55e8530ebf42c3fd15b40c6ea392a8cbe3faa6,2,2,True,0,0,0,1,1,1,1,1,1,1,1,1,True,True,True,False,False
extension,aptos2019-blindness-detection,3cb17c591f4b6145a30b2685c2664bfaa31e0c70e42b1a8eeae3057c6fa64a6a,8644c4f2b6c6574f6cf7b520c32aa02e91bc78eeef2af76e2c219abf41d7c43d,2,2,True,0,0,0,1,1,1,1,1,1,1,1,1,True,True,True,False,False
extension,aptos2019-blindness-detection,3cb17c591f4b6145a30b2685c2664bfaa31e0c70e42b1a8eeae3057c6fa64a6a,cb5c5810df97824a0a311976320e2e68d460628afd81746a8667879b2df9583e,2,2,True,0,0,0,1,1,1,1,1,1,1,1,1,True,True,True,False,False
extension,aptos2019-blindness-detection,3cb17c591f4b6145a30b2685c2664bfaa31e0c70e42b1a8eeae3057c6fa64a6a,8e39db291b197d48ec5c075254579aad4192e4ae4c74eba33ef1c0a73f450630,2,2,True,0,0,0,1,1,1,1,1,1,1,1,1,True,True,True,False,False
extension,aptos2019-blindness-detection,3cb17c591f4b6145a30b2685c2664bfaa31e0c70e42b1a8eeae3057c6fa64a6a,a38a6b2f8cf8943cdfb88b1024fb2c14b329d7868d4f3d9ff8db38eddae15384,2,2,True,0,0,0,1,1,1,1,1,1,1,1,1,True,True,True,False,False
extension,aptos2019-blindness-detection,3cb17c591f4b6145a30b2685c2664bfaa31e0c70e42b1a8eeae3057c6fa64a6a,21ee05c8c506fea7d2f3e842d6842bc2d8dbce587725c92ff744b4e9420c146f,2,2,True,0,0,0,1,1,1,1,1,1,1,1,1,True,True,True,False,False
extension,aptos2019-blindness-detection,3cb17c591f4b6145a30b2685c2664bfaa31e0c70e42b1a8eeae3057c6fa64a6a,0557233519e0c20f37aeaf7c27d22417c3e33a594c4527b4a541d54be5905d74,2,2,True,0,0,0,1,1,1,1,1,1,1,1,1,True,True,True,False,False
extension,aptos2019-blindness-detection,3cb17c591f4b6145a30b2685c2664bfaa31e0c70e42b1a8eeae3057c6fa64a6a,18e52a647cc943b3b3d1fc8be8d6722583da1d5439f06f87bbf6290859fd06cc,2,2,True,0,0,0,1,1,1,1,1,1,1,1,1,True,True,True,False,False
extension,dogs-vs-cats-redux-kernels-edition,a352c48b91939960f1bf4112e88a6f1b034841e8a2fc12fa08a8d3a4cf157dbe,e40a73e0bdf269e8b6d53cc0b72ca5bcdf3e71d1d92b891aff910ebcc8f171d1,2,2,True,0,0,0,1,1,1,1,1,1,1,1,1,True,True,True,False,False
extension,dogs-vs-cats-redux-kernels-edition,a352c48b91939960f1bf4112e88a6f1b034841e8a2fc12fa08a8d3a4cf157dbe,ee3ffa52b049b3ceda102ae383994383bc879e0aefbe9e46e22e3e736e811978,2,2,True,0,0,0,1,1,1,1,1,1,1,1,1,True,True,True,False,False
extension,dogs-vs-cats-redux-kernels-edition,a352c48b91939960f1bf4112e88a6f1b034841e8a2fc12fa08a8d3a4cf157dbe,fb52e3f48fd9a5e850afc2ed27fd0af532e6956706995a3861bb28a56c2560fd,2,2,True,0,0,0,1,1,1,1,1,1,1,1,1,True,True,True,False,False
extension,dogs-vs-cats-redux-kernels-edition,a352c48b91939960f1bf4112e88a6f1b034841e8a2fc12fa08a8d3a4cf157dbe,e05d6717a6f211aebe54e0713857e8a9877be49ac4ae19c73dce0f4f5b3a9fac,2,2,True,0,0,0,1,1,1,1,1,1,1,1,1,True,True,True,False,False
extension,dogs-vs-cats-redux-kernels-edition,a352c48b91939960f1bf4112e88a6f1b034841e8a2fc12fa08a8d3a4cf157dbe,5c57f45cd9d4e0987f7422ac926fa5b8d552b1483b299aee188da608427f2746,2,2,True,0,0,0,1,1,1,1,1,1,1,1,1,True,True,True,False,False
extension,histopathologic-cancer-detection,67457b74b6adc88ec269cb005e835df229545b7b84dbe85bb7080a738ee5e777,6f3857c46cc556671857873e049e6c5fd32da22b1e946d0c33153d5af64555fc,2,2,True,0,0,0,1,1,1,1,1,1,1,1,1,True,True,True,False,False
extension,histopathologic-cancer-detection,67457b74b6adc88ec269cb005e835df229545b7b84dbe85bb7080a738ee5e777,97e06dfc5eeac8581bc98b59ca658adecc5bdbc4627ab281013dd62b8d701369,2,2,True,0,0,0,1,1,1,1,1,1,1,1,1,True,True,True,False,False
extension,histopathologic-cancer-detection,67457b74b6adc88ec269cb005e835df229545b7b84dbe85bb7080a738ee5e777,8dcbcbe0a8115c0f19ce0723e85c2d35721c5ff63fc3b5d58380d4eb858fb2ee,2,2,True,0,0,0,1,1,1,1,1,1,1,1,1,True,True,True,False,False
extension,histopathologic-cancer-detection,67457b74b6adc88ec269cb005e835df229545b7b84dbe85bb7080a738ee5e777,ae472bb119feb49881df642be93c6164f0a6b205a19a42c0012dff22ba8e0cab,2,2,True,0,0,0,1,1,1,1,1,1,1,1,1,True,True,True,False,False
extension,histopathologic-cancer-detection,67457b74b6adc88ec269cb005e835df229545b7b84dbe85bb7080a738ee5e777,6c1748063737d8b526a90274c13f8f72b921e8388c487bf8aadef001e29e175a,2,2,True,0,0,0,1,1,1,1,1,1,1,1,1,True,True,True,False,False
extension,leaf-classification,52664744e4c22ddda863e917f08e476bb2f9a4b921ee4fb1acf739c9cc718202,714ab2c7ff082595d07bbf8cbe8d2d9abb4e767406e166360ae68bdbdda325c2,3,3,True,0,0,0,3,3,3,3,3,3,1,1,1,True,True,True,False,False
extension,leaf-classification,52664744e4c22ddda863e917f08e476bb2f9a4b921ee4fb1acf739c9cc718202,4b3413397a9746066a611b81df9a04276731b985062baf0d3dc48719f688d77f,3,2,True,1,1,0,1,3,3,1,3,3,2,1,1,False,True,True,True,True
extension,leaf-classification,52664744e4c22ddda863e917f08e476bb2f9a4b921ee4fb1acf739c9cc718202,642e5fa95563db27fab021f55665059712e3e919b0495e052beb77568151b244,3,2,True,1,1,0,1,3,3,1,3,3,2,1,1,False,True,True,True,True
extension,leaf-classification,990413232ceef0eb756bd291d89fd908451ef92d85b4f1aa197d3e5cac04ae0d,c787442b304bf65ee40a973437255eb7b824639ba7f14e5ae9d026ddbd7325c3,3,2,True,1,1,0,1,3,3,1,3,3,2,1,1,False,True,True,True,True
extension,leaf-classification,990413232ceef0eb756bd291d89fd908451ef92d85b4f1aa197d3e5cac04ae0d,3d7f4499f45e2d4d96f0e79addb7f4d39150c48e5f528f3de4c6e4815655628f,3,2,True,1,1,0,1,3,3,1,3,3,2,1,1,False,True,True,True,True
extension,leaf-classification,52664744e4c22ddda863e917f08e476bb2f9a4b921ee4fb1acf739c9cc718202,448a127da5342971e59b770fce448758690c0f9497ed151a4de181e2d8545e14,3,3,True,0,0,0,3,3,3,3,3,3,1,1,1,True,True,True,False,False
extension,leaf-classification,990413232ceef0eb756bd291d89fd908451ef92d85b4f1aa197d3e5cac04ae0d,e829f84b3df7ef69a7f7f182cf54a44a69fe3e3b0dfa4f7c6edf7c34a65dd168,3,2,True,1,1,0,1,3,3,1,3,3,2,1,1,False,True,True,True,True
extension,leaf-classification,990413232ceef0eb756bd291d89fd908451ef92d85b4f1aa197d3e5cac04ae0d,b3cf28322453d883cbdf8a782e8849ec6ac9fc57d57f5161310692730b243d55,3,3,True,0,0,0,3,3,3,3,3,3,1,1,1,True,True,True,False,False
extension,leaf-classification,990413232ceef0eb756bd291d89fd908451ef92d85b4f1aa197d3e5cac04ae0d,4689040b7e599989062983c451cd51416325a6088f651ed8b3d420106d0be29b,3,2,True,1,1,0,1,3,3,1,3,3,2,1,1,False,True,True,True,True
extension,leaf-classification,52664744e4c22ddda863e917f08e476bb2f9a4b921ee4fb1acf739c9cc718202,f05a57a867428198d208ede153a4696ae2542d1afc85bd12583d8945c3baab03,3,3,True,0,0,0,3,3,3,3,3,3,1,1,1,True,True,True,False,False
extension,leaf-classification,52664744e4c22ddda863e917f08e476bb2f9a4b921ee4fb1acf739c9cc718202,f421f113a02890be4e60c31d513bf76982d1593616d260f9aa5480df8e6c8366,3,3,True,0,0,0,3,3,3,3,3,3,1,1,1,True,True,True,False,False
extension,leaf-classification,52664744e4c22ddda863e917f08e476bb2f9a4b921ee4fb1acf739c9cc718202,09a520464c11a2345f0f847c3268131e061feb3d37e8d07a1c6e59d067cb3981,3,3,True,0,0,0,3,3,3,3,3,3,1,1,1,True,True,True,False,False
extension,leaf-classification,52664744e4c22ddda863e917f08e476bb2f9a4b921ee4fb1acf739c9cc718202,9fe898b4b81da48d5334a3d3a3ccab6393697e3e8e91c6aff9dd68714bea9c86,3,3,True,0,0,0,3,3,3,3,3,3,1,1,1,True,True,True,False,False
extension,leaf-classification,52664744e4c22ddda863e917f08e476bb2f9a4b921ee4fb1acf739c9cc718202,440c67e68766c08bd6bb371f4a19b7409caec47c26c3a7de6a09ad7e979d17e3,3,2,True,1,1,0,1,3,1,1,3,1,2,1,2,False,True,False,True,False
extension,leaf-classification,990413232ceef0eb756bd291d89fd908451ef92d85b4f1aa197d3e5cac04ae0d,2b8e9b9fa28ff44cb45220a077151ce00763ce9ee18b05818060d7759db9cef1,3,2,True,1,1,0,1,3,3,1,3,3,2,1,1,False,True,True,True,True
extension,leaf-classification,52664744e4c22ddda863e917f08e476bb2f9a4b921ee4fb1acf739c9cc718202,2b8df4784abdc70a65d9df546d5ed269cbe6cf43129ce63cdfdf9e9bc5863f1f,3,3,True,0,0,0,3,3,3,3,3,3,1,1,1,True,True,True,False,False
extension,leaf-classification,52664744e4c22ddda863e917f08e476bb2f9a4b921ee4fb1acf739c9cc718202,2902cd90e1385ee98e0ac54a79a1948959d2614b12d76002c032a296c53492b5,3,3,True,0,0,0,3,3,3,3,3,3,1,1,1,True,True,True,False,False
extension,leaf-classification,52664744e4c22ddda863e917f08e476bb2f9a4b921ee4fb1acf739c9cc718202,b33e2037cae0cf9fdcfc18c838df31c01bf64f9218a16bad5022b0d10b5ccedd,3,2,True,1,1,0,1,3,3,1,3,3,2,1,1,False,True,True,True,True
extension,leaf-classification,52664744e4c22ddda863e917f08e476bb2f9a4b921ee4fb1acf739c9cc718202,f2d3463711ad0a0179bfeb4d959bb483c5aeefc65183a31960a5cea700ddc05a,3,3,True,0,0,0,3,3,3,3,3,3,1,1,1,True,True,True,False,False
extension,leaf-classification,990413232ceef0eb756bd291d89fd908451ef92d85b4f1aa197d3e5cac04ae0d,d770298e2194472f35a117e9149022ddc37c7c6aeddca48e16b596f9f7ab7525,3,2,True,1,1,0,1,3,3,1,3,3,2,1,1,False,True,True,True,True
extension,learning-agency-lab-automated-essay-scoring-2,6abdaa5a8be17e5ea264904483ad7ecf893c20440cbf6586e65e22af7533dfb1,49b51d676011c9924b059297cca06c86f68e5b40335391d2fbe151ea015a0546,2,2,True,0,0,0,1,1,1,1,1,1,1,1,1,True,True,True,False,False
extension,learning-agency-lab-automated-essay-scoring-2,71bcff582bb0de8711d8651a6a00bfacfd8063795dd11dee8bc5ab6f3f625272,2f125eac106015984a72aa3e04a8031e50e8b81ad8877183b11c71657fc81990,2,2,True,0,0,0,1,1,1,1,1,1,1,1,1,True,True,True,False,False
extension,learning-agency-lab-automated-essay-scoring-2,6abdaa5a8be17e5ea264904483ad7ecf893c20440cbf6586e65e22af7533dfb1,3546f5f98e18a738b396f926133fc65fe41ae21ef1f12c9994db93ff93b18e20,2,2,True,0,0,0,1,1,1,1,1,1,1,1,1,True,True,True,False,False
extension,random-acts-of-pizza,29eed35c838bc2686cea45def0057eeed2d2f115bb67bd6c978cf2b1fcd47301,de8db34dc78a53b5bf1ea99edd797e54de6a1838807e14ebaf31653eb53bc712,2,2,True,0,0,0,1,1,1,1,1,1,1,1,1,True,True,True,False,False
extension,random-acts-of-pizza,b9529c64e5933e67d9ab5586db5621a76b2556ccf3cf07c92508bd1fe9fe66c7,71677513568d69026428d7cdb03aedb14c9a3183a4b3154d9a951100988058d4,2,2,True,0,0,0,1,1,1,1,1,1,1,1,1,True,True,True,False,False
extension,random-acts-of-pizza,29eed35c838bc2686cea45def0057eeed2d2f115bb67bd6c978cf2b1fcd47301,e54465e0b2b3c84265e71ec1393c4ccdeb13c71afebbe8182be3f7c552defcca,2,2,True,0,0,0,1,1,1,1,1,1,1,1,1,True,True,True,False,False
extension,random-acts-of-pizza,7dbfc9f0fac4efff1eecb9b987cd3824395d0bfcc22da27732595da829d4275d,33d103a637961e3fdc0db58cf08775e07c9f1b41c348f70a05195add7ebdd730,3,3,True,0,0,0,3,3,3,3,3,3,1,1,1,True,True,True,False,False
extension,random-acts-of-pizza,b9529c64e5933e67d9ab5586db5621a76b2556ccf3cf07c92508bd1fe9fe66c7,ee66a538ab056023c130b9b77dd2d663bad5d140bf6032670d947af55efa3d85,2,2,True,0,0,0,1,1,1,1,1,1,1,1,1,True,True,True,False,False
extension,random-acts-of-pizza,b9529c64e5933e67d9ab5586db5621a76b2556ccf3cf07c92508bd1fe9fe66c7,d0b32d053b306d59de53407445a4d31448c606f6f1f861b2500c218cc75ba434,2,2,True,0,0,0,1,1,1,1,1,1,1,1,1,True,True,True,False,False
extension,random-acts-of-pizza,b9529c64e5933e67d9ab5586db5621a76b2556ccf3cf07c92508bd1fe9fe66c7,93bd1ed6e91121ce8cec262b246d8e98b09d32cd6be1e27cfc89b50dbbfe4ae6,2,2,True,0,0,0,1,1,1,1,1,1,1,1,1,True,True,True,False,False
extension,random-acts-of-pizza,b9529c64e5933e67d9ab5586db5621a76b2556ccf3cf07c92508bd1fe9fe66c7,cba7991d9a14fa770e8fabecd59f81276c3b61e9e23c2946bc4f1c6e257828e7,2,2,True,0,0,0,1,1,1,1,1,1,1,1,1,True,True,True,False,False
extension,random-acts-of-pizza,b9529c64e5933e67d9ab5586db5621a76b2556ccf3cf07c92508bd1fe9fe66c7,6a6a798cd3b5a978fd4b7cbd2cdc3e1f012a5399ab4d78e162cc330f7f0634ba,2,2,True,0,0,0,1,1,1,1,1,1,1,1,1,True,True,True,False,False
extension,random-acts-of-pizza,29eed35c838bc2686cea45def0057eeed2d2f115bb67bd6c978cf2b1fcd47301,16a2fee0b9f691ad8892207bc5d1759567d6d3ad7d1fed7c7c048eb8b93eda9a,2,2,True,0,0,0,1,1,1,1,1,1,1,1,1,True,True,True,False,False
extension,random-acts-of-pizza,b9529c64e5933e67d9ab5586db5621a76b2556ccf3cf07c92508bd1fe9fe66c7,334a59adff156bd472b6e93d2b142b2f823e24d5671a639c20700c6d34ce637e,2,2,True,0,0,0,1,1,1,1,1,1,1,1,1,True,True,True,False,False
extension,random-acts-of-pizza,29eed35c838bc2686cea45def0057eeed2d2f115bb67bd6c978cf2b1fcd47301,4b355bcb9b16cebf9f0a1a9d925e0a44edcc30584cdbff56a66177efb7898ef2,2,2,True,0,0,0,1,1,1,1,1,1,1,1,1,True,True,True,False,False
extension,random-acts-of-pizza,b9529c64e5933e67d9ab5586db5621a76b2556ccf3cf07c92508bd1fe9fe66c7,a37b4a9b8a7e0e2e1eb49dce30d80a6cbea264246392e9c27bd993fbc34668f7,2,2,True,0,0,0,1,1,1,1,1,1,1,1,1,True,True,True,False,False
extension,random-acts-of-pizza,b9529c64e5933e67d9ab5586db5621a76b2556ccf3cf07c92508bd1fe9fe66c7,6b8693a63c7df146bf11ccc9df0369142a709de0abfbc9b282ad3d397bed4ee5,2,2,True,0,0,0,1,1,1,1,1,1,1,1,1,True,True,True,False,False
extension,random-acts-of-pizza,b9529c64e5933e67d9ab5586db5621a76b2556ccf3cf07c92508bd1fe9fe66c7,90ceeacf7a4b9d4ccbdab742245bb2ec208f1b7557680959abcbad4b1c5bb7cb,2,2,True,0,0,0,1,1,1,1,1,1,1,1,1,True,True,True,False,False
extension,random-acts-of-pizza,b9529c64e5933e67d9ab5586db5621a76b2556ccf3cf07c92508bd1fe9fe66c7,9cb91afb51b278f0755bc2806cf81ce1abe49880fcfbe47bf3a5ab89a63790e3,2,2,True,0,0,0,1,1,1,1,1,1,1,1,1,True,True,True,False,False
extension,random-acts-of-pizza,b9529c64e5933e67d9ab5586db5621a76b2556ccf3cf07c92508bd1fe9fe66c7,ab506d5578cdc34187e65a0c7f7842bba7f83ff74e0103a2dc8f954609a89eb0,2,2,True,0,0,0,1,1,1,1,1,1,1,1,1,True,True,True,False,False
extension,random-acts-of-pizza,29eed35c838bc2686cea45def0057eeed2d2f115bb67bd6c978cf2b1fcd47301,29183577d8963b3f5c397ebeb483cd8195a5f588353de68be9be6c142124a05e,2,2,True,0,0,0,1,1,1,1,1,1,1,1,1,True,True,True,False,False
extension,random-acts-of-pizza,b9529c64e5933e67d9ab5586db5621a76b2556ccf3cf07c92508bd1fe9fe66c7,0e9aaa3bb0daa84e65502e4c5c5cff9ab77c8d7cb67d32cd51b7288d3fc78d3d,2,2,True,0,0,0,1,1,1,1,1,1,1,1,1,True,True,True,False,False
extension,random-acts-of-pizza,29eed35c838bc2686cea45def0057eeed2d2f115bb67bd6c978cf2b1fcd47301,5f18f026c0ceed8f6ab45d9a6c2ad2494dd8cfb51b5067fbb8ed4736cf487a87,2,2,True,0,0,0,1,1,1,1,1,1,1,1,1,True,True,True,False,False
extension,random-acts-of-pizza,29eed35c838bc2686cea45def0057eeed2d2f115bb67bd6c978cf2b1fcd47301,ff554287dff722cfc8d91af0e053a66294ecefe1d0a8f70320fb84c7d9ecb5e4,2,2,True,0,0,0,1,1,1,1,1,1,1,1,1,True,True,True,False,False
extension,random-acts-of-pizza,b9529c64e5933e67d9ab5586db5621a76b2556ccf3cf07c92508bd1fe9fe66c7,ee316e8279045228d7d8624c970d2d4e9d8880c480fd14714726aef120124dcf,2,2,True,0,0,0,1,1,1,1,1,1,1,1,1,True,True,True,False,False
extension,random-acts-of-pizza,29eed35c838bc2686cea45def0057eeed2d2f115bb67bd6c978cf2b1fcd47301,1c5a79f04ff0ef59bc5bf5beaac7dad1c69f410bf9a2994ab65744832e42d9fb,2,2,True,0,0,0,1,1,1,1,1,1,1,1,1,True,True,True,False,False
extension,random-acts-of-pizza,29eed35c838bc2686cea45def0057eeed2d2f115bb67bd6c978cf2b1fcd47301,066961b09549623c3827d6588737688b674295e60ddd5ecfce37e3dc44c69d71,2,2,True,0,0,0,1,1,1,1,1,1,1,1,1,True,True,True,False,False
extension,random-acts-of-pizza,7dbfc9f0fac4efff1eecb9b987cd3824395d0bfcc22da27732595da829d4275d,a4afef3b1f05418e8e0e4ded79b236c0c8832ca188477d68abfac1f11b8bca6c,3,2,True,1,1,0,1,3,3,1,3,3,2,1,1,False,True,True,True,True
extension,random-acts-of-pizza,29eed35c838bc2686cea45def0057eeed2d2f115bb67bd6c978cf2b1fcd47301,40720dfaf5b42a7744ae7632dab7312553bce011fd9503038fae6b4199fa5bc8,2,2,True,0,0,0,1,1,1,1,1,1,1,1,1,True,True,True,False,False
extension,random-acts-of-pizza,b9529c64e5933e67d9ab5586db5621a76b2556ccf3cf07c92508bd1fe9fe66c7,36c5b8b6f8ea75deb095409cd61d0b22a4b86f0745cedb45b72801fc611cf1aa,2,2,True,0,0,0,1,1,1,1,1,1,1,1,1,True,True,True,False,False
extension,random-acts-of-pizza,29eed35c838bc2686cea45def0057eeed2d2f115bb67bd6c978cf2b1fcd47301,2db93b85c8ed1f6873a2c7a7cdff3dc25fb6b50056999e0c4ba9763f0514d8d1,2,2,True,0,0,0,1,1,1,1,1,1,1,1,1,True,True,True,False,False
extension,random-acts-of-pizza,29eed35c838bc2686cea45def0057eeed2d2f115bb67bd6c978cf2b1fcd47301,9cb87bbb7bc552e66cd1012e21f0f5ae0ba5810c0d0c3d4971b7831f6684e0c2,2,2,True,0,0,0,1,1,1,1,1,1,1,1,1,True,True,True,False,False
extension,random-acts-of-pizza,29eed35c838bc2686cea45def0057eeed2d2f115bb67bd6c978cf2b1fcd47301,ca0439746d80876791db50cb068e3784da67c26d2ec8782d583096b34069a760,2,2,True,0,0,0,1,1,1,1,1,1,1,1,1,True,True,True,False,False
extension,random-acts-of-pizza,b9529c64e5933e67d9ab5586db5621a76b2556ccf3cf07c92508bd1fe9fe66c7,8d49a58a5b87047c032c776b7e265aefe0c3404d134c6b2cab4262a341d43317,2,2,True,0,0,0,1,1,1,1,1,1,1,1,1,True,True,True,False,False
extension,random-acts-of-pizza,b9529c64e5933e67d9ab5586db5621a76b2556ccf3cf07c92508bd1fe9fe66c7,695e8dba7cc40eb6433c2a120c9e89c43da3d09d5eca6d812cd3047fe3ab494e,2,2,True,0,0,0,1,1,1,1,1,1,1,1,1,True,True,True,False,False
extension,random-acts-of-pizza,b9529c64e5933e67d9ab5586db5621a76b2556ccf3cf07c92508bd1fe9fe66c7,8275acfb71e399355b6db72e28795ccc90ee5ba5a6edf30d51d91d8edf2caa20,2,2,True,0,0,0,1,1,1,1,1,1,1,1,1,True,True,True,False,False
extension,random-acts-of-pizza,29eed35c838bc2686cea45def0057eeed2d2f115bb67bd6c978cf2b1fcd47301,836f39937168ab3715205030d584195074ae8c059a21f84c4bce4108d1613f8c,2,2,True,0,0,0,1,1,1,1,1,1,1,1,1,True,True,True,False,False
extension,random-acts-of-pizza,b9529c64e5933e67d9ab5586db5621a76b2556ccf3cf07c92508bd1fe9fe66c7,2cef7e5dd94eac503128e4ee4c923ebc64be134738046d88e78570db7a3a6f80,2,2,True,0,0,0,1,1,1,1,1,1,1,1,1,True,True,True,False,False
extension,random-acts-of-pizza,b9529c64e5933e67d9ab5586db5621a76b2556ccf3cf07c92508bd1fe9fe66c7,514ace6b807b1ba62299e089d035c34e1675ae713fdc7598dc73cdb0588fe6e2,2,2,True,0,0,0,1,1,1,1,1,1,1,1,1,True,True,True,False,False
extension,random-acts-of-pizza,b9529c64e5933e67d9ab5586db5621a76b2556ccf3cf07c92508bd1fe9fe66c7,4d5eae71a55afcf8fd4ca915b8b30460324719dbddade2169eaad28bb308a931,2,2,True,0,0,0,1,1,1,1,1,1,1,1,1,True,True,True,False,False
extension,random-acts-of-pizza,29eed35c838bc2686cea45def0057eeed2d2f115bb67bd6c978cf2b1fcd47301,68607a7d3f27148c612859725ab895e71847c11c302db5b7e8684f2f065b816d,2,2,True,0,0,0,1,1,1,1,1,1,1,1,1,True,True,True,False,False
extension,random-acts-of-pizza,29eed35c838bc2686cea45def0057eeed2d2f115bb67bd6c978cf2b1fcd47301,25d71fa031302943af90965b0c982353c40967abf07d9bcccac4ee4b5bea467e,2,2,True,0,0,0,1,1,1,1,1,1,1,1,1,True,True,True,False,False
extension,random-acts-of-pizza,b9529c64e5933e67d9ab5586db5621a76b2556ccf3cf07c92508bd1fe9fe66c7,1f9a0e27d43c40304fc3f5e9cefa2e5c6a49203f85957073310358322ec82ed7,2,2,True,0,0,0,1,1,1,1,1,1,1,1,1,True,True,True,False,False
extension,random-acts-of-pizza,b9529c64e5933e67d9ab5586db5621a76b2556ccf3cf07c92508bd1fe9fe66c7,648754d7d5aa9ff171272ca2489fdf73c3006ac677c9c731dfa04afaf074591e,2,2,True,0,0,0,1,1,1,1,1,1,1,1,1,True,True,True,False,False
extension,random-acts-of-pizza,b9529c64e5933e67d9ab5586db5621a76b2556ccf3cf07c92508bd1fe9fe66c7,1fba9605db1ca6dd51296c439b5674f8e0ed092e643da5339cbf9564ca5da302,2,2,True,0,0,0,1,1,1,1,1,1,1,1,1,True,True,True,False,False
extension,random-acts-of-pizza,b9529c64e5933e67d9ab5586db5621a76b2556ccf3cf07c92508bd1fe9fe66c7,a96a9d938b71ffacbe5f98317599600942eae0eefd2b085968a3dd60561f695f,2,2,True,0,0,0,1,1,1,1,1,1,1,1,1,True,True,True,False,False
extension,random-acts-of-pizza,b9529c64e5933e67d9ab5586db5621a76b2556ccf3cf07c92508bd1fe9fe66c7,dd4e57af750a57dbbe563b12accd9c90ac4d1a406db13b4aeaf38f59b776451f,2,2,True,0,0,0,1,1,1,1,1,1,1,1,1,True,True,True,False,False
extension,random-acts-of-pizza,b9529c64e5933e67d9ab5586db5621a76b2556ccf3cf07c92508bd1fe9fe66c7,abfcd7d881b45525402ca84bde8b1e25ebf81b4c60b5545fddeccb7a9df98976,2,2,True,0,0,0,1,1,1,1,1,1,1,1,1,True,True,True,False,False
extension,random-acts-of-pizza,b9529c64e5933e67d9ab5586db5621a76b2556ccf3cf07c92508bd1fe9fe66c7,4884bd103cb2a2f34882d4a2a7af206cfeb0dd723435aa4dfcb5676ae81b553e,2,2,True,0,0,0,1,1,1,1,1,1,1,1,1,True,True,True,False,False
extension,random-acts-of-pizza,b9529c64e5933e67d9ab5586db5621a76b2556ccf3cf07c92508bd1fe9fe66c7,5e6f600fa68891e5e7d62a2a2d7308d50dabf1f3d518e30f30689f3a5d572edf,2,2,True,0,0,0,1,1,1,1,1,1,1,1,1,True,True,True,False,False
extension,random-acts-of-pizza,b9529c64e5933e67d9ab5586db5621a76b2556ccf3cf07c92508bd1fe9fe66c7,649f5bea0121bad9828c763ab38e8bc7ebf3163723a785b597ddf4e931dd0d85,2,2,True,0,0,0,1,1,1,1,1,1,1,1,1,True,True,True,False,False
extension,random-acts-of-pizza,b9529c64e5933e67d9ab5586db5621a76b2556ccf3cf07c92508bd1fe9fe66c7,1eb242df0ebf52255ab0acaf86436eaa458527a3aae3ee4111aeea7c7e8a4b53,2,2,True,0,0,0,1,1,1,1,1,1,1,1,1,True,True,True,False,False
extension,random-acts-of-pizza,b9529c64e5933e67d9ab5586db5621a76b2556ccf3cf07c92508bd1fe9fe66c7,4f1aada233ee6c86790930384bc45f6fe459dbe4ad1837d42953af22632386c2,2,2,True,0,0,0,1,1,1,1,1,1,1,1,1,True,True,True,False,False
extension,random-acts-of-pizza,b9529c64e5933e67d9ab5586db5621a76b2556ccf3cf07c92508bd1fe9fe66c7,102450596014a2b7c3ec7f8eda90e832cc1d3ffd21e32e70733f35f1a9ea43fa,2,2,True,0,0,0,1,1,1,1,1,1,1,1,1,True,True,True,False,False
extension,random-acts-of-pizza,b9529c64e5933e67d9ab5586db5621a76b2556ccf3cf07c92508bd1fe9fe66c7,0b2573753c1e6814b8735fd6cf0fc65466293d5180ba1ff4e0fdd80e0064c899,2,2,True,0,0,0,1,1,1,1,1,1,1,1,1,True,True,True,False,False
extension,random-acts-of-pizza,29eed35c838bc2686cea45def0057eeed2d2f115bb67bd6c978cf2b1fcd47301,729a64d18185a2259d9a9c69c66d88cc4e03c7d8cd40d4838892c1eee2a81296,2,2,True,0,0,0,1,1,1,1,1,1,1,1,1,True,True,True,False,False
extension,random-acts-of-pizza,b9529c64e5933e67d9ab5586db5621a76b2556ccf3cf07c92508bd1fe9fe66c7,c396913dbf51b2879eb7b200eb56d2e0e7b38d5ab49f3f01ccb4bce8009104b0,2,2,True,0,0,0,1,1,1,1,1,1,1,1,1,True,True,True,False,False
extension,random-acts-of-pizza,b9529c64e5933e67d9ab5586db5621a76b2556ccf3cf07c92508bd1fe9fe66c7,b4935771e0a235773403e9fb04449eb644ba1cadbb29d039ae18ab4c4542f5a7,2,2,True,0,0,0,1,1,1,1,1,1,1,1,1,True,True,True,False,False
extension,random-acts-of-pizza,b9529c64e5933e67d9ab5586db5621a76b2556ccf3cf07c92508bd1fe9fe66c7,db08e6914cc2f5bb632de29ba5cf36dd794e0dfa03f8755ff93b092ab4c15719,2,2,True,0,0,0,1,1,1,1,1,1,1,1,1,True,True,True,False,False
extension,random-acts-of-pizza,29eed35c838bc2686cea45def0057eeed2d2f115bb67bd6c978cf2b1fcd47301,a990df5dcbf4ecc6e519e824e07c76e6f4f116e375e00bd49bb247b2d32cf0ae,2,2,True,0,0,0,1,1,1,1,1,1,1,1,1,True,True,True,False,False
extension,random-acts-of-pizza,b9529c64e5933e67d9ab5586db5621a76b2556ccf3cf07c92508bd1fe9fe66c7,344a8bf49d325b7fadc7000a3672b8e73360a235093b5ba3ae16726a3fabd411,2,2,True,0,0,0,1,1,1,1,1,1,1,1,1,True,True,True,False,False
extension,tabular-playground-series-may-2022,6794079364ede3dd7536fbfe826f3c30c9e0b359347d9c1da7825b0b435bf06a,5f928cfd659f66c9cdcc0f74e699afab3b61b0129605fbe6cea0620732ab0fda,2,2,True,0,0,0,1,1,1,1,1,1,1,1,1,True,True,True,False,False
extension,tabular-playground-series-may-2022,6794079364ede3dd7536fbfe826f3c30c9e0b359347d9c1da7825b0b435bf06a,be292d294e317fb22e9199c19e870cd95f425618dd941ce058afbe990c2663a4,2,2,True,0,0,0,1,1,1,1,1,1,1,1,1,True,True,True,False,False
extension,tabular-playground-series-may-2022,6794079364ede3dd7536fbfe826f3c30c9e0b359347d9c1da7825b0b435bf06a,260cf6529153de4047eb8f5bbcc9ecf5c9deeb7fe2219bb7b1465034117a2a38,2,2,True,0,0,0,1,1,1,1,1,1,1,1,1,True,True,True,False,False
extension,text-normalization-challenge-russian-language,8ee5993bbfe1acb1df792e937fa6876082a727a5724b82e915e3495aa6afbc14,0624433042723f2bd99facbc3cc6e4d9dcc409aa4735789d19817cda45e6b6af,2,2,True,0,0,0,1,1,1,1,1,1,1,1,1,True,True,True,False,False
extension,text-normalization-challenge-russian-language,68c3d6983536102d86c1b1473896851923301a87a39120ce8a60a9efe789f189,f85a209be9e2c9d246973769fb20eea54c32fadcb9676dd1ef021cb382d9435b,2,2,True,0,0,0,1,1,1,1,1,1,1,1,1,True,True,True,False,False
extension,text-normalization-challenge-russian-language,68c3d6983536102d86c1b1473896851923301a87a39120ce8a60a9efe789f189,11251ef792a692a2976493edb0c340cd81565bd7e6a359737fb5a4b202026cca,2,2,True,0,0,0,1,1,1,1,1,1,1,1,1,True,True,True,False,False
extension,text-normalization-challenge-russian-language,8ee5993bbfe1acb1df792e937fa6876082a727a5724b82e915e3495aa6afbc14,f36970b459e253c35780f6c89e1a7c3921531a371cc6bc9058cdcf3031ceb0a1,2,2,True,0,0,0,1,1,1,1,1,1,1,1,1,True,True,True,False,False
extension,text-normalization-challenge-russian-language,8ee5993bbfe1acb1df792e937fa6876082a727a5724b82e915e3495aa6afbc14,e793057f0689560943836a64bca14da7aaa916706a26b8ada9469603d0157758,2,2,True,0,0,0,1,1,1,1,1,1,1,1,1,True,True,True,False,False
extension,text-normalization-challenge-russian-language,8ee5993bbfe1acb1df792e937fa6876082a727a5724b82e915e3495aa6afbc14,ffa27ddc93f9788d62635d5be80354776117bb1bc5f1ca29904da51da01a0953,2,2,True,0,0,0,1,1,1,1,1,1,1,1,1,True,True,True,False,False
extension,us-patent-phrase-to-phrase-matching,6097b462058e81936385c7bd1c7be8960f478906e85e40f1c44e6cacf984024c,31ca7405e0114bddbc61723b3c3d4e82a36fe931b47aefb5c63ef43e7b8b0795,2,2,True,0,0,0,1,1,1,1,1,1,1,1,1,True,True,True,False,False
extension,whale-categorization-playground,697b50308d25866f679e65691bc8a3f0f7b39ffdc6f4ea7b25afde9cd39e9a42,09da1f26af8f211e537279d0dd6eb2061b902acfea4d690659949f9af22c2b14,2,2,True,0,0,0,1,1,1,1,1,1,1,1,1,True,True,True,False,False
extension,whale-categorization-playground,697b50308d25866f679e65691bc8a3f0f7b39ffdc6f4ea7b25afde9cd39e9a42,1628dee0b88f4d395c42865c9539f2ce637ac476b2c00b3898a65bbe19650299,2,2,True,0,0,0,1,1,1,1,1,1,1,1,1,True,True,True,False,False
frozen,aptos2019-blindness-detection,7088132cd51d17664c6249b11969cf82ec86898aeb3dab90fb6c4379032363a1,113162e5861bae07a000208172278839a6742fb4a8d0a33ab98fe3b7a1b55e64,2,2,True,0,0,0,1,1,1,1,1,1,1,1,1,True,True,True,False,False
frozen,aptos2019-blindness-detection,7088132cd51d17664c6249b11969cf82ec86898aeb3dab90fb6c4379032363a1,2b9d4fc3721e9d05b1b3c13b610b728935d0e10d3c00eeeab916380d92f6a8ed,2,2,True,0,0,0,1,1,1,1,1,1,1,1,1,True,True,True,False,False
frozen,aptos2019-blindness-detection,7088132cd51d17664c6249b11969cf82ec86898aeb3dab90fb6c4379032363a1,139cbb12ee407ab9c930b7d07b9e6a3e50b5c4243bfda6a11a266e90bab28043,2,2,True,0,0,0,1,1,1,1,1,1,1,1,1,True,True,True,False,False
frozen,aptos2019-blindness-detection,7088132cd51d17664c6249b11969cf82ec86898aeb3dab90fb6c4379032363a1,a65133e9406eaf5904b3ae32464e535fb63451d3318bafbb1a7c6f72e17210b4,2,2,True,0,0,0,1,1,1,1,1,1,1,1,1,True,True,True,False,False
frozen,aptos2019-blindness-detection,7088132cd51d17664c6249b11969cf82ec86898aeb3dab90fb6c4379032363a1,bede94db49665ba1d729be890326bc638b36361a30124b987836ec17f9abf56c,2,2,True,0,0,0,1,1,1,1,1,1,1,1,1,True,True,True,False,False
frozen,aptos2019-blindness-detection,7088132cd51d17664c6249b11969cf82ec86898aeb3dab90fb6c4379032363a1,3eaae5329f9565ba2c4e043a43725aeeb80649245b091a2b06fbf322c5fe43d9,2,2,True,0,0,0,1,1,1,1,1,1,1,1,1,True,True,True,False,False
frozen,aptos2019-blindness-detection,7088132cd51d17664c6249b11969cf82ec86898aeb3dab90fb6c4379032363a1,3d7a249e3450a9593dce349d0687ff459aa28c5b66579225c0ba29b462f12497,2,2,True,0,0,0,1,1,1,1,1,1,1,1,1,True,True,True,False,False
frozen,aptos2019-blindness-detection,7088132cd51d17664c6249b11969cf82ec86898aeb3dab90fb6c4379032363a1,9088830935c1ba1e14b50667b5203ece375bd5950be9f950dbee53d7a90a1cea,2,2,True,0,0,0,1,1,1,1,1,1,1,1,1,True,True,True,False,False
frozen,aptos2019-blindness-detection,7088132cd51d17664c6249b11969cf82ec86898aeb3dab90fb6c4379032363a1,23f80095e0754b5633704733bc039729f78e14d59cdd68e3e7a9e6345bdbffe4,2,2,True,0,0,0,1,1,1,1,1,1,1,1,1,True,True,True,False,False
frozen,aptos2019-blindness-detection,7088132cd51d17664c6249b11969cf82ec86898aeb3dab90fb6c4379032363a1,a508325f03f74cba8959f61d894e53054dddb76e146690a7a91cb49ecc143e7d,2,2,True,0,0,0,1,1,1,1,1,1,1,1,1,True,True,True,False,False
frozen,aptos2019-blindness-detection,7088132cd51d17664c6249b11969cf82ec86898aeb3dab90fb6c4379032363a1,048329e7b0386ca7bd38c8e17d195d695fa52e06fe75067b966a2037e73529cd,2,2,True,0,0,0,1,1,1,1,1,1,1,1,1,True,True,True,False,False
frozen,aptos2019-blindness-detection,7088132cd51d17664c6249b11969cf82ec86898aeb3dab90fb6c4379032363a1,f39a8ee878fc22d6bb6283a1b4445c2cdf830c5332d2b289bc0104703076e291,2,2,True,0,0,0,1,1,1,1,1,1,1,1,1,True,True,True,False,False
frozen,aptos2019-blindness-detection,7088132cd51d17664c6249b11969cf82ec86898aeb3dab90fb6c4379032363a1,60b13480fd9b3d13fef31ed26d071d13dad97ba467035c4811f6ea168bed6798,2,2,True,0,0,0,1,1,1,1,1,1,1,1,1,True,True,True,False,False
frozen,aptos2019-blindness-detection,7088132cd51d17664c6249b11969cf82ec86898aeb3dab90fb6c4379032363a1,85c7474f992abda6b1da33124eafddc088829dc5e8e7cdd8aa566f955e17c0c1,2,2,True,0,0,0,1,1,1,1,1,1,1,1,1,True,True,True,False,False
frozen,aptos2019-blindness-detection,7088132cd51d17664c6249b11969cf82ec86898aeb3dab90fb6c4379032363a1,cc4615a100cc3ad4ed8d346391d6ee48661616ababa3d036a926da6485694245,2,2,True,0,0,0,1,1,1,1,1,1,1,1,1,True,True,True,False,False
frozen,aptos2019-blindness-detection,7088132cd51d17664c6249b11969cf82ec86898aeb3dab90fb6c4379032363a1,85316926aaecc0bc36668000d2779f3dcb22c7a02e2a8d9625a10950e312c8dc,2,2,True,0,0,0,1,1,1,1,1,1,1,1,1,True,True,True,False,False
frozen,aptos2019-blindness-detection,7088132cd51d17664c6249b11969cf82ec86898aeb3dab90fb6c4379032363a1,13a259384430338124540c83234188dbde13ba36c57452b18837053f03802e9a,2,2,True,0,0,0,1,1,1,1,1,1,1,1,1,True,True,True,False,False
frozen,aptos2019-blindness-detection,7088132cd51d17664c6249b11969cf82ec86898aeb3dab90fb6c4379032363a1,95c5b978a3be2a1cbf4115718cfd61513511dcf977e8e5853a09eb564a51a001,2,2,True,0,0,0,1,1,1,1,1,1,1,1,1,True,True,True,False,False
frozen,aptos2019-blindness-detection,7088132cd51d17664c6249b11969cf82ec86898aeb3dab90fb6c4379032363a1,abfd39004260f7c3ef991561195f6468731e2809d32f286d715284e2f47f9f95,2,2,True,0,0,0,1,1,1,1,1,1,1,1,1,True,True,True,False,False
frozen,chaii-hindi-and-tamil-question-answering,56041aa4ef779fba329dabfcf5a3aec794ac260f75b5ab113c06e4bb554e4b7f,02a2aa9c363b4af2b4f27540765369e6ade99f1c5a0b912f77f9006efc630f2f,3,3,True,0,0,0,3,3,3,3,3,3,1,1,1,True,True,True,False,False
frozen,chaii-hindi-and-tamil-question-answering,9c6063944e29c612d122ed5b42267578aa3118bf138d01b5e92fbcce1bdef374,622cd4b6dc68a14e8a6042d9f716e4b8d013c9b2d834d725b67c55c009c1d484,3,3,True,0,0,0,3,3,3,3,3,3,1,1,1,True,True,True,False,False
frozen,chaii-hindi-and-tamil-question-answering,7d6269cd8a0d40ad3bfe658d1e7fe5b080ecd170584d49a5fda52c9c2cef5356,ad3b66e7dc52e49cdb9e7307baab00e4a1b303173d393432c3dd6a160ae57899,5,2,True,3,3,0,1,7,7,1,7,7,4,1,1,False,True,True,True,True
frozen,chaii-hindi-and-tamil-question-answering,9c6063944e29c612d122ed5b42267578aa3118bf138d01b5e92fbcce1bdef374,ddfbb51253fb31cd132df956b3dc284ccd071b891083730b01f3d6dda43ae825,3,3,True,0,0,0,3,3,3,3,3,3,1,1,1,True,True,True,False,False
frozen,chaii-hindi-and-tamil-question-answering,56041aa4ef779fba329dabfcf5a3aec794ac260f75b5ab113c06e4bb554e4b7f,4217ecf0bb03de7a3613b7fed876be788bb138b03bdf14efef6c443fc075f308,3,3,True,0,0,0,3,3,3,3,3,3,1,1,1,True,True,True,False,False
frozen,chaii-hindi-and-tamil-question-answering,9c6063944e29c612d122ed5b42267578aa3118bf138d01b5e92fbcce1bdef374,1e0f2b408ce242fef4ef6d19909458c36b915727197cf605c788e39ae338115b,3,2,True,1,1,0,1,3,3,1,3,3,2,1,1,False,True,True,True,True
frozen,chaii-hindi-and-tamil-question-answering,9c6063944e29c612d122ed5b42267578aa3118bf138d01b5e92fbcce1bdef374,d4fac9afd198204699394edf8774f71ebc4c30a64d524182ae5ea70ed88ca4d4,3,2,True,1,1,0,1,3,3,1,3,3,2,1,1,False,True,True,True,True
frozen,chaii-hindi-and-tamil-question-answering,56041aa4ef779fba329dabfcf5a3aec794ac260f75b5ab113c06e4bb554e4b7f,4661f01d11acf32c108ce7e288bb702821adf0ed75ae43e9c78fe70d3c981e95,3,3,True,0,0,0,3,3,3,3,3,3,1,1,1,True,True,True,False,False
frozen,chaii-hindi-and-tamil-question-answering,56041aa4ef779fba329dabfcf5a3aec794ac260f75b5ab113c06e4bb554e4b7f,5d5a8a4c5e1d4ed9f9bdffb0628cd09500d7a96997661bd9542bd09d523845c4,3,3,True,0,0,0,3,3,3,3,3,3,1,1,1,True,True,True,False,False
frozen,chaii-hindi-and-tamil-question-answering,56041aa4ef779fba329dabfcf5a3aec794ac260f75b5ab113c06e4bb554e4b7f,d1ce4cb053cad9f7a861019bab018e714946a971f1c4cdfa8e7db23044a3ba9f,3,3,True,0,0,0,3,3,3,3,3,3,1,1,1,True,True,True,False,False
frozen,chaii-hindi-and-tamil-question-answering,56041aa4ef779fba329dabfcf5a3aec794ac260f75b5ab113c06e4bb554e4b7f,bdf0d7d5ae560d22b7a1c7609b6adc91219d4263a2d6fd1248d8b34709bb6627,3,2,True,1,1,0,1,3,3,1,3,3,2,1,1,False,True,True,True,True
frozen,chaii-hindi-and-tamil-question-answering,9c6063944e29c612d122ed5b42267578aa3118bf138d01b5e92fbcce1bdef374,8b4643831894fd01c46c770611c598e713d317db1a79b15570d539edb650ea8a,3,3,True,0,0,0,3,3,3,3,3,3,1,1,1,True,True,True,False,False
frozen,chaii-hindi-and-tamil-question-answering,56041aa4ef779fba329dabfcf5a3aec794ac260f75b5ab113c06e4bb554e4b7f,8ff24cbcd2479103731d1e897ce862e4d55402d9f0abe952b41458a0e8dc256b,3,2,True,1,1,0,1,3,3,1,3,3,2,1,1,False,True,True,True,True
frozen,chaii-hindi-and-tamil-question-answering,9c6063944e29c612d122ed5b42267578aa3118bf138d01b5e92fbcce1bdef374,a029f70e2021ac2ba5b73fa72186e1eb840817813218a9b8ab5113cf0619ab6e,3,2,True,1,1,0,1,3,3,1,3,3,2,1,1,False,True,True,True,True
frozen,chaii-hindi-and-tamil-question-answering,9c6063944e29c612d122ed5b42267578aa3118bf138d01b5e92fbcce1bdef374,b81d0afc7b44c452aecb6598b9e1e196ff25cbb244b04c3dc9a4b4e1098c4a47,3,2,True,1,1,0,1,3,3,1,3,3,2,1,1,False,True,True,True,True
frozen,chaii-hindi-and-tamil-question-answering,56041aa4ef779fba329dabfcf5a3aec794ac260f75b5ab113c06e4bb554e4b7f,c55025d5629dcf58d2df855361b6e286cae6486e0d64cd89ca892c3e841866f5,3,2,True,1,1,0,1,3,3,1,3,3,2,1,1,False,True,True,True,True
frozen,chaii-hindi-and-tamil-question-answering,9c6063944e29c612d122ed5b42267578aa3118bf138d01b5e92fbcce1bdef374,9993e3f6f599787c6069342742ae6fcc7833926bc924e8d99be411665472bf91,3,3,True,0,0,0,3,3,3,3,3,3,1,1,1,True,True,True,False,False
frozen,chaii-hindi-and-tamil-question-answering,56041aa4ef779fba329dabfcf5a3aec794ac260f75b5ab113c06e4bb554e4b7f,b642d677f8fdee8bc5ad4bcd6e50fe65c87039e2ce020b5f92c9e903a548d876,3,3,True,0,0,0,3,3,3,3,3,3,1,1,1,True,True,True,False,False
frozen,chaii-hindi-and-tamil-question-answering,7d6269cd8a0d40ad3bfe658d1e7fe5b080ecd170584d49a5fda52c9c2cef5356,4d66ba23e47662fb68630505c44cb1bcd133a8e23076a2881d7e819340be3b82,5,3,False,,0,2,3,3,3,3,3,3,,,,False,False,False,False,False
frozen,chaii-hindi-and-tamil-question-answering,988b89e6f8b99e15ffbd623b619bb860dc05b0d31428ebb6336abaf51ba219f5,bdce6750bf7889f69e04cb6d67ab618603435ddd220f48f69997fc6265ef2c77,4,2,False,,0,2,1,1,1,1,1,1,,,,False,False,False,False,False
frozen,chaii-hindi-and-tamil-question-answering,9c6063944e29c612d122ed5b42267578aa3118bf138d01b5e92fbcce1bdef374,c5c71e9511b883d38337e1df13ffcfa2942f6fd2462a7e1e2343c96a23a77f8b,3,2,True,1,1,0,1,3,3,1,3,3,2,1,1,False,True,True,True,True
frozen,chaii-hindi-and-tamil-question-answering,9c6063944e29c612d122ed5b42267578aa3118bf138d01b5e92fbcce1bdef374,1ef6db4b4f9d81938bc28b604bf6a279aa318abd7c849b3de237924d14073215,3,2,True,1,1,0,1,3,3,1,3,3,2,1,1,False,True,True,True,True
frozen,denoising-dirty-documents,5c8f21721a9e36f933fa3fcfed6a43ffd5bb5f074b434331481346e6a037b113,938a70ad1e7671c41e8cccfe64b555a60ec1434325914b220337b945073d54f4,2,2,True,0,0,0,1,1,1,1,1,1,1,1,1,True,True,True,False,False
frozen,denoising-dirty-documents,8e2ad013b120e45b3113ad3664114549b0ba4d7f2b8aac3609cfaae4638a211c,8743aa378ea7209e0821626232f80128213641a5a2ba25608d09b60de0e53a64,2,2,True,0,0,0,1,1,1,1,1,1,1,1,1,True,True,True,False,False
frozen,denoising-dirty-documents,70448c01e064e18d211b7693d87a4bf6619aa8bcdc7c05d1b58968e81731278a,122e9b3df01abc0aa6f148c25f879950861368a0a1ba30a4e0b3dfc643a3153d,2,2,True,0,0,0,1,1,1,1,1,1,1,1,1,True,True,True,False,False
frozen,denoising-dirty-documents,8e2ad013b120e45b3113ad3664114549b0ba4d7f2b8aac3609cfaae4638a211c,4d1819af8325782c812d6856a26d851fe4400b6ec204b5f62bb5ad20a3bffd81,2,2,True,0,0,0,1,1,1,1,1,1,1,1,1,True,True,True,False,False
frozen,denoising-dirty-documents,5c8f21721a9e36f933fa3fcfed6a43ffd5bb5f074b434331481346e6a037b113,133220667208c094e663d451e2228c83d27269359574f2f885cb8a24bda90958,2,2,True,0,0,0,1,1,1,1,1,1,1,1,1,True,True,True,False,False
frozen,denoising-dirty-documents,5c8f21721a9e36f933fa3fcfed6a43ffd5bb5f074b434331481346e6a037b113,20c702c25b90f29437a10c863345f078428103dff143aa8a521fb36d1069bd84,2,2,True,0,0,0,1,1,1,1,1,1,1,1,1,True,True,True,False,False
frozen,denoising-dirty-documents,70448c01e064e18d211b7693d87a4bf6619aa8bcdc7c05d1b58968e81731278a,6aece4cd7aae85acdc500270e208fcc34a70872ec20dd41f7202e6c487a9b1a4,2,2,True,0,0,0,1,1,1,1,1,1,1,1,1,True,True,True,False,False
frozen,denoising-dirty-documents,8a57014cdf8967c0b7255ae07859658dd009b8e5ace2224c57387ddcc166b5d4,767c08933e627f3edf61902a74c0c6ead08ec8aa64fbfa6aed5694bc91c34628,2,2,True,0,0,0,1,1,1,1,1,1,1,1,1,True,True,True,False,False
frozen,denoising-dirty-documents,7955716ab78bc975be3c7824a4c7b288d56056be58815f8261ec146c9d1ac1f2,4d29d45d58f22127b1be4a23747c096a8fc713829a5cd756966a00e70fe9dbef,2,2,True,0,0,0,1,1,1,1,1,1,1,1,1,True,True,True,False,False
frozen,denoising-dirty-documents,5c8f21721a9e36f933fa3fcfed6a43ffd5bb5f074b434331481346e6a037b113,1b0e9a94a812d943d0f04568cb7cfb973802d889b13871e4923e9f00dbdb3058,2,2,True,0,0,0,1,1,1,1,1,1,1,1,1,True,True,True,False,False
frozen,denoising-dirty-documents,8e2ad013b120e45b3113ad3664114549b0ba4d7f2b8aac3609cfaae4638a211c,3cd650c2ff668b1fc62fdd8a56f51a57cea52b7f04fbfcb2f76a8ff4323c3403,2,2,True,0,0,0,1,1,1,1,1,1,1,1,1,True,True,True,False,False
frozen,denoising-dirty-documents,8a57014cdf8967c0b7255ae07859658dd009b8e5ace2224c57387ddcc166b5d4,fa21235d61d9a1e8f628a7a57d41bf9844659c0a7d397b02e8c039699fd1f8a2,2,2,True,0,0,0,1,1,1,1,1,1,1,1,1,True,True,True,False,False
frozen,denoising-dirty-documents,5c8f21721a9e36f933fa3fcfed6a43ffd5bb5f074b434331481346e6a037b113,2ae64046dd9dc3df341ac7d6ecd7ea79014164ab520547cabac9f1cf70fe48ee,2,2,True,0,0,0,1,1,1,1,1,1,1,1,1,True,True,True,False,False
frozen,denoising-dirty-documents,70448c01e064e18d211b7693d87a4bf6619aa8bcdc7c05d1b58968e81731278a,10b058a579566e729ae930f6a34879f16f5d15fc202343a796ba43bb85338f1f,2,2,True,0,0,0,1,1,1,1,1,1,1,1,1,True,True,True,False,False
frozen,denoising-dirty-documents,1f59e2f28ba22f439029085154428557c270ee04a2d48bc9962bac99694db36d,397ff941a8ceaa31d3c44c04b3963d9ce391239198938e069c7c4a48d8860f95,2,2,True,0,0,0,1,1,1,1,1,1,1,1,1,True,True,True,False,False
frozen,denoising-dirty-documents,5c8f21721a9e36f933fa3fcfed6a43ffd5bb5f074b434331481346e6a037b113,56fd6502ff94102149ee338fb4a6836bd5a14ad895e019a6ecd7dfb2fa2f1af4,2,2,True,0,0,0,1,1,1,1,1,1,1,1,1,True,True,True,False,False
frozen,dog-breed-identification,4634e3834ce3d47a71b061f62eddd9e6a95c51bb2a34d60a508e75d60c6679a2,a9e39d771bc0d04c3a214df9736cefb23a078ec440712c21e535e1d5136ae907,2,2,True,0,0,0,1,1,1,1,1,1,1,1,1,True,True,True,False,False
frozen,dog-breed-identification,f13a106bd79b78a288c6f08721fad1ba359d774ee54b6f42a43db84aa02447ac,33352094db9f1c20cade4ecd8c8f755697550eb81770b049a62c80efc808d87c,2,2,True,0,0,0,1,1,1,1,1,1,1,1,1,True,True,True,False,False
frozen,dog-breed-identification,4634e3834ce3d47a71b061f62eddd9e6a95c51bb2a34d60a508e75d60c6679a2,22e9c1acfc709da4cd142fa898a451e550937f93c766f35ae97865de1ce8c672,2,2,True,0,0,0,1,1,1,1,1,1,1,1,1,True,True,True,False,False
frozen,dog-breed-identification,a94cbed9b9f57338c79d6ac11e7da75d29a7fffe3b07968eafd7b16f49f75fa0,fd4d8db5990b6fec2663aaf12fbcc062864728c740207e1b88ddeb80f9d25013,3,2,True,1,1,0,1,3,3,1,3,3,2,1,1,False,True,True,True,True
frozen,dog-breed-identification,a319bc187abcd2868b09bdae2f4d40e50933a0ab0db388c49e5e85e202ad3508,75d28cfd4a72d47018088a62e194cc208e2d64147ebc22964c499f2d204296e5,5,2,False,,0,3,1,1,1,1,1,1,,,,False,False,False,False,False
frozen,dog-breed-identification,a319bc187abcd2868b09bdae2f4d40e50933a0ab0db388c49e5e85e202ad3508,b60d5c77d9619928b30c1c20555001025f7b0143fc1bd4a4ac404c8b52a4fadd,5,2,True,3,3,0,1,7,7,1,7,7,4,1,1,False,True,True,True,True
frozen,dog-breed-identification,f13a106bd79b78a288c6f08721fad1ba359d774ee54b6f42a43db84aa02447ac,a52e61c53597604b4cf2cee9767eaf5fc366f8b9dc6a690a65c4bdd44f035466,2,2,True,0,0,0,1,1,1,1,1,1,1,1,1,True,True,True,False,False
frozen,dog-breed-identification,f13a106bd79b78a288c6f08721fad1ba359d774ee54b6f42a43db84aa02447ac,9981dec156f03b1fd7e8e6223e6765751bcd0d8ab979bb26e22e1e09daaa7774,2,2,True,0,0,0,1,1,1,1,1,1,1,1,1,True,True,True,False,False
frozen,dog-breed-identification,4634e3834ce3d47a71b061f62eddd9e6a95c51bb2a34d60a508e75d60c6679a2,ee5888e7d76974933a6fe99ba852376ee298a18ea14ec680b688d2147585e79b,2,2,True,0,0,0,1,1,1,1,1,1,1,1,1,True,True,True,False,False
frozen,dog-breed-identification,f13a106bd79b78a288c6f08721fad1ba359d774ee54b6f42a43db84aa02447ac,0d1a2b7458ab2b4dc8e5907cee63c17b1154bafa935bfe4f1fb65a1afb60b39f,2,2,True,0,0,0,1,1,1,1,1,1,1,1,1,True,True,True,False,False
frozen,dog-breed-identification,f13a106bd79b78a288c6f08721fad1ba359d774ee54b6f42a43db84aa02447ac,13b276511c7e451b38831428ae280d97fafe68cd77255b3243afa5677758417d,2,2,True,0,0,0,1,1,1,1,1,1,1,1,1,True,True,True,False,False
frozen,dog-breed-identification,a319bc187abcd2868b09bdae2f4d40e50933a0ab0db388c49e5e85e202ad3508,8d7852e64b10eed1178c9f68f981d1c8cb992001567d02f91257e02e81a10ff1,5,4,True,1,1,0,6,10,10,6,10,10,2,1,1,False,True,True,True,True
frozen,dog-breed-identification,a94cbed9b9f57338c79d6ac11e7da75d29a7fffe3b07968eafd7b16f49f75fa0,ed92caf016e7b6ff877f4f714c45231c2508a5aa1d4fdd209816141945e38375,3,3,True,0,0,0,3,3,3,3,3,3,1,1,1,True,True,True,False,False
frozen,dog-breed-identification,f13a106bd79b78a288c6f08721fad1ba359d774ee54b6f42a43db84aa02447ac,3af0c8f6f4f6c51a7a96454a9a781398b076dbe3f80cc3f6ab026814a3ca047d,2,2,True,0,0,0,1,1,1,1,1,1,1,1,1,True,True,True,False,False
frozen,dog-breed-identification,f13a106bd79b78a288c6f08721fad1ba359d774ee54b6f42a43db84aa02447ac,72d07dcf61fefd12b5f4c32e5ac8da414f9fa42cce6df6ef886d10003d395612,2,2,True,0,0,0,1,1,1,1,1,1,1,1,1,True,True,True,False,False
frozen,dog-breed-identification,4634e3834ce3d47a71b061f62eddd9e6a95c51bb2a34d60a508e75d60c6679a2,3f2ee2e2838b0ac7c1620065a32f7876ae14c824c734e1ec527fdd6ed0643fc8,2,2,True,0,0,0,1,1,1,1,1,1,1,1,1,True,True,True,False,False
frozen,dog-breed-identification,a319bc187abcd2868b09bdae2f4d40e50933a0ab0db388c49e5e85e202ad3508,6028a8d6b75b1daaeb044e746c185d8789bbd0539d5754025f61682f8fa6f4f7,5,5,True,0,0,0,10,10,10,10,10,10,1,1,1,True,True,True,False,False
frozen,dog-breed-identification,f13a106bd79b78a288c6f08721fad1ba359d774ee54b6f42a43db84aa02447ac,733cb3f95eb398afaa94f4a96947293103485888913fbe811a10835e682ab13a,2,2,True,0,0,0,1,1,1,1,1,1,1,1,1,True,True,True,False,False
frozen,dog-breed-identification,f13a106bd79b78a288c6f08721fad1ba359d774ee54b6f42a43db84aa02447ac,a2f5709adf5afa0201433cce2c0be4beae6365ecae540580a6b9c4d16750d5db,2,2,True,0,0,0,1,1,1,1,1,1,1,1,1,True,True,True,False,False
frozen,dog-breed-identification,c0ff24c0356b182de164038d46c83d0d2ff159feec63fc12936351802445558d,0787c7738057d95af732406f9cd94626b19b20f2760341650ed136e8ac960404,2,2,True,0,0,0,1,1,1,1,1,1,1,1,1,True,True,True,False,False
frozen,dog-breed-identification,c0ff24c0356b182de164038d46c83d0d2ff159feec63fc12936351802445558d,17e39721048d30bc100fbdbffb0eeaec3dbfcaa10b5d3f8adaf7cd99b53d68e2,2,2,True,0,0,0,1,1,1,1,1,1,1,1,1,True,True,True,False,False
frozen,dog-breed-identification,f13a106bd79b78a288c6f08721fad1ba359d774ee54b6f42a43db84aa02447ac,657297dd99a6553ceb591dc9f2139a57afc0227a1356cf52d3b8cc224a210d77,2,2,True,0,0,0,1,1,1,1,1,1,1,1,1,True,True,True,False,False
frozen,dog-breed-identification,c0ff24c0356b182de164038d46c83d0d2ff159feec63fc12936351802445558d,7e7555b9aa531b15223d3c20124654639237c70caea72f532a4b1fdd22aceef2,2,2,True,0,0,0,1,1,1,1,1,1,1,1,1,True,True,True,False,False
frozen,dog-breed-identification,c0ff24c0356b182de164038d46c83d0d2ff159feec63fc12936351802445558d,d8192163cc3a982359a7b157c5baf503fef6f2ca3d74bae108b6fa57732c31d8,2,2,True,0,0,0,1,1,1,1,1,1,1,1,1,True,True,True,False,False
frozen,dog-breed-identification,c0ff24c0356b182de164038d46c83d0d2ff159feec63fc12936351802445558d,6e5b492015785591813664e54e5c53aae6a63c41a9eb485edc10e644cf51d4ee,2,2,True,0,0,0,1,1,1,1,1,1,1,1,1,True,True,True,False,False
frozen,dog-breed-identification,f13a106bd79b78a288c6f08721fad1ba359d774ee54b6f42a43db84aa02447ac,f1a94db8a32b040de87d97583991b7898dd1aa4b29e1c6ab61b4d32fbd898f97,2,2,True,0,0,0,1,1,1,1,1,1,1,1,1,True,True,True,False,False
frozen,dog-breed-identification,c0ff24c0356b182de164038d46c83d0d2ff159feec63fc12936351802445558d,5ce6cf5faf7abf546d7ad50c1367ade70416b056355a9f661d036b41daf155b5,2,2,True,0,0,0,1,1,1,1,1,1,1,1,1,True,True,True,False,False
frozen,dog-breed-identification,f13a106bd79b78a288c6f08721fad1ba359d774ee54b6f42a43db84aa02447ac,db6484269007025b358cafb399dd040c27a930424e7a51c771db7ea44acb82e7,2,2,True,0,0,0,1,1,1,1,1,1,1,1,1,True,True,True,False,False
frozen,google-quest-challenge,9eb0dd322ad0c233ac4c9a6447aabaccb1b6b8da93bdfc7053626d6e215d3e94,32875e5177ce774da56af7c4c013a66ab8ad713803308593a86a1d0ce55beb72,2,2,True,0,0,0,1,1,1,1,1,1,1,1,1,True,True,True,False,False
frozen,google-quest-challenge,9eb0dd322ad0c233ac4c9a6447aabaccb1b6b8da93bdfc7053626d6e215d3e94,906554ae92b703a00aaaf4238c52c3b987fa13101ea5b1f78cf6cdd13cdfbaa1,2,2,True,0,0,0,1,1,1,1,1,1,1,1,1,True,True,True,False,False
frozen,google-quest-challenge,9eb0dd322ad0c233ac4c9a6447aabaccb1b6b8da93bdfc7053626d6e215d3e94,d574c1540eeacebde79ae6fd64d5e935902a9a362f0e7e256e86cc87e3c1b2d0,2,2,True,0,0,0,1,1,1,1,1,1,1,1,1,True,True,True,False,False
frozen,google-quest-challenge,1d965cbe7cc95eaea7026866b25b44eb5d6a63f6d8639c5cc9ca5659a196b466,f088964749bc3b3ae8b3bdf993d42d1b90f1f4ddae6b79d93e076373a92ed345,2,2,True,0,0,0,1,1,1,1,1,1,1,1,1,True,True,True,False,False
frozen,google-quest-challenge,1d965cbe7cc95eaea7026866b25b44eb5d6a63f6d8639c5cc9ca5659a196b466,cb60878d147da9958b19877a9af46052017e0d492ef39ea2bd683ae813e59487,2,2,True,0,0,0,1,1,1,1,1,1,1,1,1,True,True,True,False,False
frozen,google-quest-challenge,1d965cbe7cc95eaea7026866b25b44eb5d6a63f6d8639c5cc9ca5659a196b466,5feed118dcf096fa3afa0a64edef32d57650deb78c8250cd0732083ae9af1adf,2,2,True,0,0,0,1,1,1,1,1,1,1,1,1,True,True,True,False,False
frozen,google-quest-challenge,1d965cbe7cc95eaea7026866b25b44eb5d6a63f6d8639c5cc9ca5659a196b466,7c1864ca678b9bda6ccdc3ecf8cd02e90d77527fa878c4f8641aca909a6f5943,2,2,True,0,0,0,1,1,1,1,1,1,1,1,1,True,True,True,False,False
frozen,google-quest-challenge,1d965cbe7cc95eaea7026866b25b44eb5d6a63f6d8639c5cc9ca5659a196b466,6b221359f3ab010543d29cc3cf1802b0c8ac9826ea6cb4d345add4622c2c5810,2,2,True,0,0,0,1,1,1,1,1,1,1,1,1,True,True,True,False,False
frozen,google-quest-challenge,1d965cbe7cc95eaea7026866b25b44eb5d6a63f6d8639c5cc9ca5659a196b466,459b6e0a0cb6468058d44b5e3335d6b10e0494f777f1b38776f713bca5075db1,2,2,True,0,0,0,1,1,1,1,1,1,1,1,1,True,True,True,False,False
frozen,google-quest-challenge,1d965cbe7cc95eaea7026866b25b44eb5d6a63f6d8639c5cc9ca5659a196b466,6518e00dff17aeceeb29bacaa4548dce6bc08fac435c00e73581462852be0609,2,2,True,0,0,0,1,1,1,1,1,1,1,1,1,True,True,True,False,False
frozen,google-quest-challenge,1d965cbe7cc95eaea7026866b25b44eb5d6a63f6d8639c5cc9ca5659a196b466,31549e36954a56799087222f6b63231a565a6f216a44e8ff2b63a8ed98b58ca0,2,2,True,0,0,0,1,1,1,1,1,1,1,1,1,True,True,True,False,False
frozen,google-quest-challenge,0595a72875f2249737162e1b4939cd7edcb1d117fe6f3c4b61b0164b4d71c681,08e2098386605acb7659ae0782daeda60caa0b8edd03927c70d0ab4c631a3343,2,2,True,0,0,0,1,1,1,1,1,1,1,1,1,True,True,True,False,False
frozen,google-quest-challenge,9eb0dd322ad0c233ac4c9a6447aabaccb1b6b8da93bdfc7053626d6e215d3e94,3dccf3791c1a5a41f50b55c7e6d9e9799e26a7cf8289dcae8b8cd5ae98419c70,2,2,True,0,0,0,1,1,1,1,1,1,1,1,1,True,True,True,False,False
frozen,histopathologic-cancer-detection,53d87c2240db030b5f38b4d14b72cb52a958128029ccc315bcb057948a742bdc,78891009c7cc770989c5a97b05eeec9db1ede66723f59ed9a3bebe20dad31274,2,2,True,0,0,0,1,1,1,1,1,1,1,1,1,True,True,True,False,False
frozen,histopathologic-cancer-detection,53d87c2240db030b5f38b4d14b72cb52a958128029ccc315bcb057948a742bdc,e3176c98afeb7355d3248035a9a1338cfe36f74b6a7b21c37968d33757329c10,2,2,True,0,0,0,1,1,1,1,1,1,1,1,1,True,True,True,False,False
frozen,histopathologic-cancer-detection,53d87c2240db030b5f38b4d14b72cb52a958128029ccc315bcb057948a742bdc,f1a238395f653fc5569ee579446d06db9067fb630ad39dce57aa5450267f33fc,2,2,True,0,0,0,1,1,1,1,1,1,1,1,1,True,True,True,False,False
frozen,histopathologic-cancer-detection,89ad421cba3faec9789a96c08d32d6745d620930dba9e59135fbba043d4ae7fd,fde31192f1ae29ae438069fa05d7997bc5d58791c1daa7167688d4ee2531929a,2,2,True,0,0,0,1,1,1,1,1,1,1,1,1,True,True,True,False,False
frozen,histopathologic-cancer-detection,89ad421cba3faec9789a96c08d32d6745d620930dba9e59135fbba043d4ae7fd,65bfe81e7de8369c4127637387360fe1a8772218f2a9e6373e98dc255efeb79f,2,2,True,0,0,0,1,1,1,1,1,1,1,1,1,True,True,True,False,False
frozen,histopathologic-cancer-detection,53d87c2240db030b5f38b4d14b72cb52a958128029ccc315bcb057948a742bdc,497fa15a27a738ccbda2cb94c1a03077aaca12600c1af98a48b6a23c562d2bdf,2,2,True,0,0,0,1,1,1,1,1,1,1,1,1,True,True,True,False,False
frozen,histopathologic-cancer-detection,53d87c2240db030b5f38b4d14b72cb52a958128029ccc315bcb057948a742bdc,6031ed8d4f946e6f3a03ab230eb73ba0a40de0a0136d0979460ad652575627d6,2,2,True,0,0,0,1,1,1,1,1,1,1,1,1,True,True,True,False,False
frozen,histopathologic-cancer-detection,53d87c2240db030b5f38b4d14b72cb52a958128029ccc315bcb057948a742bdc,b0dc0174e0fb3be35c72956f0ce409cf9a06e4e9859f76097db86109166fda38,2,2,True,0,0,0,1,1,1,1,1,1,1,1,1,True,True,True,False,False
frozen,histopathologic-cancer-detection,53d87c2240db030b5f38b4d14b72cb52a958128029ccc315bcb057948a742bdc,56544118271258a7e0574e063f45a9125478592cfd527b39980be06d822416f1,2,2,True,0,0,0,1,1,1,1,1,1,1,1,1,True,True,True,False,False
frozen,histopathologic-cancer-detection,89ad421cba3faec9789a96c08d32d6745d620930dba9e59135fbba043d4ae7fd,0d4cd17ca5bb59bada9ee44aa6fb162c725caafb157153f1f22c5ba4226701fc,2,2,True,0,0,0,1,1,1,1,1,1,1,1,1,True,True,True,False,False
frozen,histopathologic-cancer-detection,53d87c2240db030b5f38b4d14b72cb52a958128029ccc315bcb057948a742bdc,7dc4dad9881ffb40d3f1372ab0085ef8bb8c33d2e7b59c1a1e74775d3b464180,2,2,True,0,0,0,1,1,1,1,1,1,1,1,1,True,True,True,False,False
frozen,histopathologic-cancer-detection,89ad421cba3faec9789a96c08d32d6745d620930dba9e59135fbba043d4ae7fd,46fc69ad8dc595706edd37c9c04d0a38868965f6d85eba49fa53a7c9170b7396,2,2,True,0,0,0,1,1,1,1,1,1,1,1,1,True,True,True,False,False
frozen,histopathologic-cancer-detection,53d87c2240db030b5f38b4d14b72cb52a958128029ccc315bcb057948a742bdc,f073702f1e4479478d06c99a1a419c15e700658b4ccc05ae6cc96f6380b3c062,2,2,True,0,0,0,1,1,1,1,1,1,1,1,1,True,True,True,False,False
frozen,histopathologic-cancer-detection,53d87c2240db030b5f38b4d14b72cb52a958128029ccc315bcb057948a742bdc,34cefe9285fb20c5e4afa21ebcc5db4f8d49dcbcd82c187d314d04136557d6a2,2,2,True,0,0,0,1,1,1,1,1,1,1,1,1,True,True,True,False,False
frozen,histopathologic-cancer-detection,89ad421cba3faec9789a96c08d32d6745d620930dba9e59135fbba043d4ae7fd,9beb348d87a6d8003aaa35edd874491acf9954e61f98d47cb8367cc75847b7dd,2,2,True,0,0,0,1,1,1,1,1,1,1,1,1,True,True,True,False,False
frozen,histopathologic-cancer-detection,53d87c2240db030b5f38b4d14b72cb52a958128029ccc315bcb057948a742bdc,795ec835934b5829a876b6108d69ff59aa97df912291c180b47f779763f3f3c5,2,2,True,0,0,0,1,1,1,1,1,1,1,1,1,True,True,True,False,False
frozen,histopathologic-cancer-detection,53d87c2240db030b5f38b4d14b72cb52a958128029ccc315bcb057948a742bdc,f8d75d7fb1dcb28cc3588abee08da12ff47c9e4b450d326edb256f66d1b10754,2,2,True,0,0,0,1,1,1,1,1,1,1,1,1,True,True,True,False,False
frozen,histopathologic-cancer-detection,53d87c2240db030b5f38b4d14b72cb52a958128029ccc315bcb057948a742bdc,2f6f433e574dd4508daca8a7991b3d37ca3aa0dc309218481a9d23cae2357b49,2,2,True,0,0,0,1,1,1,1,1,1,1,1,1,True,True,True,False,False
frozen,histopathologic-cancer-detection,53d87c2240db030b5f38b4d14b72cb52a958128029ccc315bcb057948a742bdc,cda17d43d9dadc98d259d7c311cf46c7dd8179e4c61789abb8ce3912a71b099e,2,2,True,0,0,0,1,1,1,1,1,1,1,1,1,True,True,True,False,False
frozen,kuzushiji-recognition,7c21742f1909ca32644ef2419cc51fbdb217635fcb23c52e6c837e779b49b8d1,684e00495bfd455689cfa6202a18913192d889d406947d3f6018f97151be1cb4,2,2,True,0,0,0,1,1,1,1,1,1,1,1,1,True,True,True,False,False
frozen,kuzushiji-recognition,7c21742f1909ca32644ef2419cc51fbdb217635fcb23c52e6c837e779b49b8d1,9107b406d741b88cdebd353ffae52a65bb6e6d5b3c785950afe5fca9938a3c8e,2,2,True,0,0,0,1,1,1,1,1,1,1,1,1,True,True,True,False,False
frozen,kuzushiji-recognition,7ca42d757e330afa3cc22f8d678382632ec5b0fcb87bc6bc8f2b9c1ac06e9b0f,1680a03d2ffe26f54da2eac710447aff293c5a3f507f763e4b9203b0f82f40a1,2,2,True,0,0,0,1,1,1,1,1,1,1,1,1,True,True,True,False,False
frozen,kuzushiji-recognition,7c21742f1909ca32644ef2419cc51fbdb217635fcb23c52e6c837e779b49b8d1,404f8c532df29d1e998fc497b80cda26324679444edcc3126def55ba85273f82,2,2,True,0,0,0,1,1,1,1,1,1,1,1,1,True,True,True,False,False
frozen,kuzushiji-recognition,7ca42d757e330afa3cc22f8d678382632ec5b0fcb87bc6bc8f2b9c1ac06e9b0f,2fd8afe2d888dddfdf784ba33c5b2814eeb9639d768552b26a414c19bb831c26,2,2,True,0,0,0,1,1,1,1,1,1,1,1,1,True,True,True,False,False
frozen,leaf-classification,0af9e9581b5fe0fbb45fae961df8d41c0e8d9e4ed399cf252200c073d79b480b,9823df7e4ad63502b310753b4531863ae4fcbfddc139e9054c9b7007d656e42c,3,2,True,1,1,0,1,3,3,1,3,3,2,1,1,False,True,True,True,True
frozen,leaf-classification,6b3d3412f8ac9bea2ecd52e42ed6b653d7db4b932e234fc4585a261633d4e643,0922c1666704af0910ca0a2a3fb705640ef7ef4e99868d60e7d739c122a00010,3,3,True,0,0,0,3,3,3,3,3,3,1,1,1,True,True,True,False,False
frozen,leaf-classification,f71e5530ba1dbfdcede008ab39ea59ecbca57c5f8449893542e734f3bc46f947,6ece358e5a7d587577076d1ce1898320105761f15879be031199b517b67cd2f9,3,3,True,0,0,0,3,3,3,3,3,3,1,1,1,True,True,True,False,False
frozen,leaf-classification,6b3d3412f8ac9bea2ecd52e42ed6b653d7db4b932e234fc4585a261633d4e643,6fe86998c8bb708a3062c546751dd5bf927fc765d7abbfcce0ace72a27b96f8e,3,2,True,1,1,0,1,3,3,1,3,3,2,1,1,False,True,True,True,True
frozen,leaf-classification,0af9e9581b5fe0fbb45fae961df8d41c0e8d9e4ed399cf252200c073d79b480b,082afb4bdf3eff93d06084a225f8eb171d3343e85da187e4bba82ab43042eb32,3,2,True,1,1,0,1,3,3,1,3,3,2,1,1,False,True,True,True,True
frozen,leaf-classification,6b3d3412f8ac9bea2ecd52e42ed6b653d7db4b932e234fc4585a261633d4e643,b8e47b65352970ac61bb5f513f02e6f174df34267eb62351ff8ace3b81ef249d,3,3,True,0,0,0,3,3,3,3,3,3,1,1,1,True,True,True,False,False
frozen,leaf-classification,6b3d3412f8ac9bea2ecd52e42ed6b653d7db4b932e234fc4585a261633d4e643,3a26b8cb7aa21f1dfdebcaf481491532b364cad7cda53ab2e3fd34539342133b,3,3,True,0,0,0,3,3,3,3,3,3,1,1,1,True,True,True,False,False
frozen,leaf-classification,6b3d3412f8ac9bea2ecd52e42ed6b653d7db4b932e234fc4585a261633d4e643,2b05f4eda559b93a74050d53cdb907b4d8c2842689ebf0ccf6891f7bafe7b8a8,3,3,True,0,0,0,3,3,3,3,3,3,1,1,1,True,True,True,False,False
frozen,leaf-classification,0af9e9581b5fe0fbb45fae961df8d41c0e8d9e4ed399cf252200c073d79b480b,17dad4d68b4fbb00a8a3d5099c68298479f8f2a5ac3a2655bae371345596d7c8,3,2,True,1,1,0,1,3,3,1,3,3,2,1,1,False,True,True,True,True
frozen,leaf-classification,f71e5530ba1dbfdcede008ab39ea59ecbca57c5f8449893542e734f3bc46f947,f746dbc9905c10487819b8e5a58de4715a80694079379beb04bcb1970665dda4,3,3,True,0,0,0,3,3,3,3,3,3,1,1,1,True,True,True,False,False
frozen,leaf-classification,6b3d3412f8ac9bea2ecd52e42ed6b653d7db4b932e234fc4585a261633d4e643,c2f85de70f22151c84eb653f7ca79c39788addadd9f9345e584a41efaa96aead,3,3,True,0,0,0,3,3,3,3,3,3,1,1,1,True,True,True,False,False
frozen,leaf-classification,0af9e9581b5fe0fbb45fae961df8d41c0e8d9e4ed399cf252200c073d79b480b,59e3fcf65d313cc947d91bdcf85069cec7cd4cda3d1f9c4b0fe42c6833edd5c1,3,2,False,,0,1,1,1,1,1,1,1,,,,False,False,False,False,False
frozen,leaf-classification,0af9e9581b5fe0fbb45fae961df8d41c0e8d9e4ed399cf252200c073d79b480b,b93660cff2b1ce69ecba5730998d9cbbaa251fa9d477f9de73d7a7d8d94b944a,3,3,True,0,0,0,3,3,3,3,3,3,1,1,1,True,True,True,False,False
frozen,leaf-classification,0af9e9581b5fe0fbb45fae961df8d41c0e8d9e4ed399cf252200c073d79b480b,76a0ae69b5c98d6267d16d6535d28afab3b8c212ad3f78841c2b3ad077dbf2ba,3,3,True,0,0,0,3,3,3,3,3,3,1,1,1,True,True,True,False,False
frozen,leaf-classification,f71e5530ba1dbfdcede008ab39ea59ecbca57c5f8449893542e734f3bc46f947,66266be5de48145ec111baac9bc7771b621921fe68ffa674ecd6e3a2d2305576,3,3,True,0,0,0,3,3,3,3,3,3,1,1,1,True,True,True,False,False
frozen,leaf-classification,0af9e9581b5fe0fbb45fae961df8d41c0e8d9e4ed399cf252200c073d79b480b,6db494d9dcd7ee093e378fe879866fb8563783b8459044ece65d859e763b6678,3,3,True,0,0,0,3,3,3,3,3,3,1,1,1,True,True,True,False,False
frozen,leaf-classification,0af9e9581b5fe0fbb45fae961df8d41c0e8d9e4ed399cf252200c073d79b480b,3574602afe7eecfbc0dd22a09195efa2c42b0a0fd09b6a6e3b56625b5f4e1429,3,3,True,0,0,0,3,3,3,3,3,3,1,1,1,True,True,True,False,False
frozen,leaf-classification,0af9e9581b5fe0fbb45fae961df8d41c0e8d9e4ed399cf252200c073d79b480b,00b47b2c370fdd62e6593ed64136ffed460a45524316abbe8f69e61b1a60e60e,3,2,True,1,1,0,1,3,3,1,3,3,2,1,1,False,True,True,True,True
frozen,leaf-classification,fd8205d3c35a8f9ec87b6107e31165e939300120e0192d68eac00112761cd31a,aafd11a6929a40398f1934395157c4be5402262d4a702d7d687f2855ae751e2b,5,2,False,,0,3,1,1,1,1,1,1,,,,False,False,False,False,False
frozen,leaf-classification,0af9e9581b5fe0fbb45fae961df8d41c0e8d9e4ed399cf252200c073d79b480b,76d16fa2356bfc2fd0ac53261a0e6f24f9c5192027994f7f6030e5e5c50cd3bb,3,2,True,1,1,0,1,3,3,1,3,3,2,1,1,False,True,True,True,True
frozen,leaf-classification,6b3d3412f8ac9bea2ecd52e42ed6b653d7db4b932e234fc4585a261633d4e643,e894407cf5113abcfa8df43826608e211e7e6eac03879be4e63f430b42946f46,3,3,True,0,0,0,3,3,3,3,3,3,1,1,1,True,True,True,False,False
frozen,leaf-classification,0af9e9581b5fe0fbb45fae961df8d41c0e8d9e4ed399cf252200c073d79b480b,654e8800e5c0dc5d956115005b0d16a45ec451b569f2b82a8ac32a28a4fc3742,3,3,True,0,0,0,2,2,2,2,2,2,2,2,2,False,False,False,False,False
frozen,leaf-classification,6b3d3412f8ac9bea2ecd52e42ed6b653d7db4b932e234fc4585a261633d4e643,8e86c758610309fc6f8f168da56de09deca075fff05c444e52f96fda8736ef58,3,2,True,1,1,0,1,3,3,1,3,3,2,1,1,False,True,True,True,True
frozen,leaf-classification,0af9e9581b5fe0fbb45fae961df8d41c0e8d9e4ed399cf252200c073d79b480b,f034de5c4ef1045ca61e0e1c46509101bb443c2def7a3a4338f2c9e8505c43d5,3,2,True,1,1,0,1,3,3,1,3,3,2,1,1,False,True,True,True,True
frozen,leaf-classification,0af9e9581b5fe0fbb45fae961df8d41c0e8d9e4ed399cf252200c073d79b480b,ea510af5c875acf5ec69c84c6cd39d371ad32ab09ce6cd9e57e9087121aaf3d4,3,3,True,0,0,0,3,3,3,3,3,3,1,1,1,True,True,True,False,False
frozen,leaf-classification,0af9e9581b5fe0fbb45fae961df8d41c0e8d9e4ed399cf252200c073d79b480b,9a29240e2f0952b6f4485fa63cde59beefc6dd8b58e1dd4853d43f85b00b8c12,3,3,True,0,0,0,3,3,3,3,3,3,1,1,1,True,True,True,False,False
frozen,leaf-classification,6b3d3412f8ac9bea2ecd52e42ed6b653d7db4b932e234fc4585a261633d4e643,751ac5e615e13618d16c9b5831d042c1cc14060937b2cd3983f83bea12640653,3,3,True,0,0,0,3,3,3,3,3,3,1,1,1,True,True,True,False,False
frozen,leaf-classification,0af9e9581b5fe0fbb45fae961df8d41c0e8d9e4ed399cf252200c073d79b480b,ff7161c10e5a32db0923f9a15c1abe1ab62f416f37ee89bad3efa4e8f6d2b7b4,3,3,True,0,0,0,3,3,3,3,3,3,1,1,1,True,True,True,False,False
frozen,leaf-classification,0af9e9581b5fe0fbb45fae961df8d41c0e8d9e4ed399cf252200c073d79b480b,26b4d2ed1f74f2be6dcfaa2f16f8b3576f34f2e6f0d4960bee12b14280c98ad2,3,2,True,1,1,0,1,3,3,1,3,3,2,1,1,False,True,True,True,True
frozen,leaf-classification,f71e5530ba1dbfdcede008ab39ea59ecbca57c5f8449893542e734f3bc46f947,2fc637ce7b8bb1af51ad591712a5d5747ad28fc255f8d43d4ac0f1e5ed732dfb,3,2,True,1,1,0,1,3,3,1,3,3,2,1,1,False,True,True,True,True
frozen,leaf-classification,0af9e9581b5fe0fbb45fae961df8d41c0e8d9e4ed399cf252200c073d79b480b,4c5d03d330db45124a8eccc54fd68ab6241c4c915668db475294f9c50161d5b1,3,2,True,1,1,0,1,3,3,1,3,3,2,1,1,False,True,True,True,True
frozen,leaf-classification,0af9e9581b5fe0fbb45fae961df8d41c0e8d9e4ed399cf252200c073d79b480b,efa96b8ed28aee5bc78949322bbf3050776466b06d09c3c171222491a5b8fd4c,3,3,True,0,0,0,3,3,3,3,3,3,1,1,1,True,True,True,False,False
frozen,leaf-classification,6b3d3412f8ac9bea2ecd52e42ed6b653d7db4b932e234fc4585a261633d4e643,40b77b9f4f9cb94cbd70ca22a62e078bf290a361f3ea0d4a84742ba430f897bd,3,2,True,1,1,0,1,3,3,1,3,3,2,1,1,False,True,True,True,True
frozen,leaf-classification,f71e5530ba1dbfdcede008ab39ea59ecbca57c5f8449893542e734f3bc46f947,32e84bd937a47278dd386f61df4102ef538fef051bd63eb81e71f468d5cc7ea3,3,3,True,0,0,0,3,3,3,3,3,3,1,1,1,True,True,True,False,False
frozen,leaf-classification,6b3d3412f8ac9bea2ecd52e42ed6b653d7db4b932e234fc4585a261633d4e643,3bb71cbbdf645b94f1b9926422f67866887c496924c6f4dcf5a6a8f822df5415,3,3,True,0,0,0,2,2,2,2,2,2,1,1,1,True,True,True,False,False
frozen,leaf-classification,0af9e9581b5fe0fbb45fae961df8d41c0e8d9e4ed399cf252200c073d79b480b,af8bbfd1f6b9d463a44c1591f02f55d24ef4e84f506c670fd8027b5aa0e4c30a,3,2,True,1,1,0,1,3,3,1,3,3,2,1,1,False,True,True,True,True
frozen,leaf-classification,6b3d3412f8ac9bea2ecd52e42ed6b653d7db4b932e234fc4585a261633d4e643,595920fba81c31d3e0bf6319e1ac532cfbc5c807435e03b186a6b9510158c5e3,3,2,True,1,1,0,1,3,3,1,3,3,2,1,1,False,True,True,True,True
frozen,leaf-classification,0af9e9581b5fe0fbb45fae961df8d41c0e8d9e4ed399cf252200c073d79b480b,13012dfd84ad257b63130c936232e53bc22aa50e90215a8eb57c7570969f30b5,3,2,True,1,1,0,1,3,3,1,3,3,2,1,1,False,True,True,True,True
frozen,leaf-classification,0af9e9581b5fe0fbb45fae961df8d41c0e8d9e4ed399cf252200c073d79b480b,82871b4ec40d864b623a52e76cfad27f85d0ee86f2b21580f69ba9cc30ca04fe,3,3,True,0,0,0,3,3,3,3,3,3,1,1,1,True,True,True,False,False
frozen,leaf-classification,0af9e9581b5fe0fbb45fae961df8d41c0e8d9e4ed399cf252200c073d79b480b,497a03285c3dccee4443d5fae23982af15e7b02f689960ef363f131e85fadeff,3,3,True,0,0,0,3,3,3,3,3,3,1,1,1,True,True,True,False,False
frozen,leaf-classification,0af9e9581b5fe0fbb45fae961df8d41c0e8d9e4ed399cf252200c073d79b480b,aa151366492b1b1a3cdd4f8130a98407000f26e0555b5f5bd3a90cb57b2449a4,3,3,True,0,0,0,3,3,3,3,3,3,1,1,1,True,True,True,False,False
frozen,leaf-classification,0af9e9581b5fe0fbb45fae961df8d41c0e8d9e4ed399cf252200c073d79b480b,4ff1d46fe86e22e8f18daaaf8a301aeff94925589c92fc458a15c96fa6467860,3,2,True,1,1,0,1,3,3,1,3,3,2,1,1,False,True,True,True,True
frozen,leaf-classification,0af9e9581b5fe0fbb45fae961df8d41c0e8d9e4ed399cf252200c073d79b480b,fa3ad26cc5c2db25bfc8185b94eeae1ef575ba843257f6f83cb61733a03d7b5d,3,3,True,0,0,0,3,3,3,3,3,3,1,1,1,True,True,True,False,False
frozen,leaf-classification,0af9e9581b5fe0fbb45fae961df8d41c0e8d9e4ed399cf252200c073d79b480b,69bea8a6c094b75d47259ee48fa365e2da905b5cc69a0377c815a7c0a2a8e283,3,3,True,0,0,0,3,3,3,3,3,3,1,1,1,True,True,True,False,False
frozen,leaf-classification,f71e5530ba1dbfdcede008ab39ea59ecbca57c5f8449893542e734f3bc46f947,76dae67d61e2c70d70c5b268bc11555afbc5b29032954f65e188e0c532317a59,3,3,True,0,0,0,3,3,3,3,3,3,1,1,1,True,True,True,False,False
frozen,leaf-classification,6b3d3412f8ac9bea2ecd52e42ed6b653d7db4b932e234fc4585a261633d4e643,bd18ef929066d3a3a054b1c3919ae8cd61231a9c5ef8e1e92be221a7572bd1ca,3,3,True,0,0,0,2,2,2,2,2,2,2,2,2,False,False,False,False,False
frozen,leaf-classification,0af9e9581b5fe0fbb45fae961df8d41c0e8d9e4ed399cf252200c073d79b480b,efca6e492ca77f455b615bccab2ac0613a16b0f92bfc93fef3af4a9416fcc97e,3,3,True,0,0,0,3,3,3,3,3,3,1,1,1,True,True,True,False,False
frozen,leaf-classification,0af9e9581b5fe0fbb45fae961df8d41c0e8d9e4ed399cf252200c073d79b480b,d0bbd5b83a5711594088006b155fa6027bb3ac7dfb4f86412e469b125ba87de9,3,2,True,1,1,0,1,3,3,1,3,3,2,1,1,False,True,True,True,True
frozen,leaf-classification,0af9e9581b5fe0fbb45fae961df8d41c0e8d9e4ed399cf252200c073d79b480b,4ebafc9f4fdc6bc74857a8cc80c3d4e897ed7578855ca9f6b3b22a24a875840a,3,3,True,0,0,0,3,3,3,3,3,3,1,1,1,True,True,True,False,False
frozen,leaf-classification,f71e5530ba1dbfdcede008ab39ea59ecbca57c5f8449893542e734f3bc46f947,c53f8d3529ca00e0eebbd10dcdc36268eb4f3e41eecd1513fb8bac41ad618efc,3,3,True,0,0,0,3,3,3,3,3,3,1,1,1,True,True,True,False,False
frozen,leaf-classification,0af9e9581b5fe0fbb45fae961df8d41c0e8d9e4ed399cf252200c073d79b480b,8826b4493543bf8ab44cc398ed0362dd48b49d34b86ad465c176d12e2e10cb28,3,2,True,1,1,0,1,3,3,1,3,3,2,1,1,False,True,True,True,True
frozen,leaf-classification,f71e5530ba1dbfdcede008ab39ea59ecbca57c5f8449893542e734f3bc46f947,c8371c65eb0f02d89c408267b5f05ff2ee929a6ef0f3dc8fc2cc298a830c96cf,3,2,True,1,1,0,1,3,3,1,3,3,2,1,1,False,True,True,True,True
frozen,leaf-classification,0af9e9581b5fe0fbb45fae961df8d41c0e8d9e4ed399cf252200c073d79b480b,270ceda8eca9bdcfad81657c8539e6c6202169d94a7ac6e9b01659508ec29667,3,3,True,0,0,0,3,3,3,3,3,3,1,1,1,True,True,True,False,False
frozen,leaf-classification,f71e5530ba1dbfdcede008ab39ea59ecbca57c5f8449893542e734f3bc46f947,90d411409f485bff0c5c97fc67681426f652e5bbe72ddddcd253c2e37e38612f,3,2,True,1,1,0,1,3,3,1,3,3,2,1,1,False,True,True,True,True
frozen,leaf-classification,0af9e9581b5fe0fbb45fae961df8d41c0e8d9e4ed399cf252200c073d79b480b,fcf41ea1d9c636ca0a6012c822bda08304955ce80d4b190e1ee17419be78f8f4,3,3,True,0,0,0,3,3,3,3,3,3,1,1,1,True,True,True,False,False
frozen,leaf-classification,0af9e9581b5fe0fbb45fae961df8d41c0e8d9e4ed399cf252200c073d79b480b,541d3a8773227d604c409747734aafe109bd6c0b35621cdedac05bed2c5e961f,3,2,True,1,1,0,1,3,3,1,3,3,2,1,1,False,True,True,True,True
frozen,leaf-classification,f71e5530ba1dbfdcede008ab39ea59ecbca57c5f8449893542e734f3bc46f947,fff6e3a1dcb55d62a2f4332a4cf3eeadf080baf2ad44f0432420e5b212c603d0,3,2,True,1,1,0,1,3,3,1,3,3,2,1,1,False,True,True,True,True
frozen,leaf-classification,0af9e9581b5fe0fbb45fae961df8d41c0e8d9e4ed399cf252200c073d79b480b,df11c4337f0e4140ed2f6414dbbde26f7aaf488e1f5d17222b12dafcfaefbaf1,3,2,True,1,1,0,1,3,3,1,3,3,2,1,1,False,True,True,True,True
frozen,leaf-classification,f71e5530ba1dbfdcede008ab39ea59ecbca57c5f8449893542e734f3bc46f947,a49de243e51ddaa55a2210bcc4f3aa1a38c1152402f249e3760caf5779cbd525,3,3,True,0,0,0,3,3,3,3,3,3,1,1,1,True,True,True,False,False
frozen,leaf-classification,bc415ad4e9b413309a159360ee38ff5b4efa0ff0a3d585475cf7326551795665,020145e3b314718ea494ad742d16b885d3b676412fecda082ac625d43a6dac7c,5,2,False,,0,3,1,1,1,1,1,1,,,,False,False,False,False,False
frozen,leaf-classification,f71e5530ba1dbfdcede008ab39ea59ecbca57c5f8449893542e734f3bc46f947,743d6684f276e514693a4a94196fee9da7897082da1413c4bdbb2af644870699,3,3,True,0,0,0,3,3,3,3,3,3,1,1,1,True,True,True,False,False
frozen,leaf-classification,f71e5530ba1dbfdcede008ab39ea59ecbca57c5f8449893542e734f3bc46f947,a3e45a855eb9458413bf1e62a2667494ab5a89c14b14dd2692fe9540dcb36cd7,3,3,True,0,0,0,3,3,3,3,3,3,1,1,1,True,True,True,False,False
frozen,leaf-classification,6b3d3412f8ac9bea2ecd52e42ed6b653d7db4b932e234fc4585a261633d4e643,22f5600247f1a098a713648a0e14a00e713ba52817fb7eacc39a1bd44562d192,3,2,True,1,1,0,1,3,3,1,3,3,2,1,1,False,True,True,True,True
frozen,leaf-classification,f71e5530ba1dbfdcede008ab39ea59ecbca57c5f8449893542e734f3bc46f947,c1f3f0593b4f04975ea1f97ac618086cda88748400c8ffcfe62e0a9954eea29c,3,3,True,0,0,0,3,3,3,3,3,3,1,1,1,True,True,True,False,False
frozen,leaf-classification,0af9e9581b5fe0fbb45fae961df8d41c0e8d9e4ed399cf252200c073d79b480b,a3ef3583197086d1d78db57c8bcecceb9f031fe05a89492caec39ab4e55ea6ca,3,2,True,1,1,0,1,3,3,1,3,3,2,1,1,False,True,True,True,True
frozen,leaf-classification,bc415ad4e9b413309a159360ee38ff5b4efa0ff0a3d585475cf7326551795665,4935e8a9f21857b557dc078267038f33feb83118e1e89cf78ebd8d633aff08c8,5,2,True,3,3,0,1,7,7,1,7,7,4,1,1,False,True,True,True,True
frozen,leaf-classification,f71e5530ba1dbfdcede008ab39ea59ecbca57c5f8449893542e734f3bc46f947,115c0923433faf8d50cbc2313e8afb9ec90e7eebb36e1fc30d7861785024fff6,3,2,True,1,1,0,1,3,3,1,3,3,2,1,1,False,True,True,True,True
frozen,leaf-classification,fd8205d3c35a8f9ec87b6107e31165e939300120e0192d68eac00112761cd31a,5b87bf7cae7a5d5b44ef675a1274d997e8dbf7dd0ca518177edfb84008494ea0,5,3,True,2,2,0,3,9,9,3,9,9,3,1,1,False,True,True,True,True
frozen,leaf-classification,6b3d3412f8ac9bea2ecd52e42ed6b653d7db4b932e234fc4585a261633d4e643,f8368f2d682f1ef4b0e88cac9d6ce102edbfcce544db5caa0ebf2da263427dd6,3,2,True,1,1,0,1,3,3,1,3,3,2,1,1,False,True,True,True,True
frozen,leaf-classification,0af9e9581b5fe0fbb45fae961df8d41c0e8d9e4ed399cf252200c073d79b480b,89c1056dd3a20f9a0b1fb3e7efb04e03f6355378fae71aef9a8c9d3e678ad450,3,3,True,0,0,0,3,3,3,3,3,3,1,1,1,True,True,True,False,False
frozen,leaf-classification,0af9e9581b5fe0fbb45fae961df8d41c0e8d9e4ed399cf252200c073d79b480b,8c3b2dcc27c25c435467db5b80f2646ba367147b29d97a6e58b9b62d5658f250,3,2,True,1,1,0,1,3,3,1,3,3,2,1,1,False,True,True,True,True
frozen,leaf-classification,f71e5530ba1dbfdcede008ab39ea59ecbca57c5f8449893542e734f3bc46f947,469a2cc8d21cb57ef40fc9eccb2cf2c89d234c20cbc478f3f40b9e1af7d8a865,3,2,True,1,1,0,1,3,3,1,3,3,2,1,1,False,True,True,True,True
frozen,leaf-classification,f71e5530ba1dbfdcede008ab39ea59ecbca57c5f8449893542e734f3bc46f947,44c823ab73c31ad3c5640bda834c2ac3df4d09c491d9c90d822d69f0ed8db225,3,3,True,0,0,0,3,3,3,3,3,3,1,1,1,True,True,True,False,False
frozen,leaf-classification,0af9e9581b5fe0fbb45fae961df8d41c0e8d9e4ed399cf252200c073d79b480b,95c0333a97132d10d622e66f4b35b48e6b398f64a3df8283031f9b8fa152fab7,3,2,True,1,1,0,1,3,3,1,3,3,2,1,1,False,True,True,True,True
frozen,leaf-classification,f71e5530ba1dbfdcede008ab39ea59ecbca57c5f8449893542e734f3bc46f947,abe05497190ba0eccf3ac7183ea13ad044a04fa32b9eb4c474317fb69b982ad0,3,3,True,0,0,0,3,3,3,3,3,3,1,1,1,True,True,True,False,False
frozen,leaf-classification,0af9e9581b5fe0fbb45fae961df8d41c0e8d9e4ed399cf252200c073d79b480b,507740cd321f6726610561d66b9b3770a6fa64d223a475d71003fb3d3635c1ef,3,2,True,1,1,0,1,3,3,1,3,3,2,1,1,False,True,True,True,True
frozen,leaf-classification,6b3d3412f8ac9bea2ecd52e42ed6b653d7db4b932e234fc4585a261633d4e643,cf7c6731a58cba6c88a7a3fb7b253c0b16ce59f72f89149bc5bd59b40ea873e5,3,3,True,0,0,0,3,3,3,3,3,3,1,1,1,True,True,True,False,False
frozen,leaf-classification,0af9e9581b5fe0fbb45fae961df8d41c0e8d9e4ed399cf252200c073d79b480b,c9e617420b47499e4faf06fc8294f68ab7ae51df7f40b5658e6282e7807f3e2f,3,2,True,1,1,0,1,3,3,1,3,3,2,1,1,False,True,True,True,True
frozen,leaf-classification,f71e5530ba1dbfdcede008ab39ea59ecbca57c5f8449893542e734f3bc46f947,38fbf1765f017132b9f7732505f519eb59a1be8828147ea3959b9bb7615ed3e3,3,3,True,0,0,0,3,3,3,3,3,3,1,1,1,True,True,True,False,False
frozen,leaf-classification,0af9e9581b5fe0fbb45fae961df8d41c0e8d9e4ed399cf252200c073d79b480b,76f95ad13c890ae0dee3c23a80775e590dd50137bafce073425d9b5149773a24,3,3,True,0,0,0,3,3,3,3,3,3,1,1,1,True,True,True,False,False
frozen,leaf-classification,0af9e9581b5fe0fbb45fae961df8d41c0e8d9e4ed399cf252200c073d79b480b,5a8de5890f83e7be440f1207dde8eabfe430f630f7b113dfec9811165d5c6066,3,3,True,0,0,0,3,3,3,3,3,3,1,1,1,True,True,True,False,False
frozen,leaf-classification,0af9e9581b5fe0fbb45fae961df8d41c0e8d9e4ed399cf252200c073d79b480b,0deee2e0476349fc8f8a15d29baddc3d45033b5c29c7f31dba404dceb8625e1f,3,2,True,1,1,0,1,3,3,1,3,3,2,1,1,False,True,True,True,True
frozen,leaf-classification,0af9e9581b5fe0fbb45fae961df8d41c0e8d9e4ed399cf252200c073d79b480b,d050ea57d1c3742857ded5721a5a4123b44c959726fcdc3420c7802bed10c8c3,3,3,True,0,0,0,3,3,3,3,3,3,1,1,1,True,True,True,False,False
frozen,leaf-classification,0af9e9581b5fe0fbb45fae961df8d41c0e8d9e4ed399cf252200c073d79b480b,f076a0f218ab8a8bbbc0312b133665432cda707d83b2449dfb4c52d22000448a,3,2,True,1,1,0,1,3,3,1,3,3,2,1,1,False,True,True,True,True
frozen,leaf-classification,6b3d3412f8ac9bea2ecd52e42ed6b653d7db4b932e234fc4585a261633d4e643,f02a685bf9a8cf84c2f5e0eaebfcbbeac370f306b5cb12f5955b6eb06bec53c5,3,3,True,0,0,0,3,3,3,3,3,3,1,1,1,True,True,True,False,False
frozen,leaf-classification,f71e5530ba1dbfdcede008ab39ea59ecbca57c5f8449893542e734f3bc46f947,a86bdea97d3bed3018eb298f6363b3f7cc30abb4fae4007764b4b90a55ec5ba7,3,3,True,0,0,0,3,3,3,3,3,3,1,1,1,True,True,True,False,False
frozen,leaf-classification,0af9e9581b5fe0fbb45fae961df8d41c0e8d9e4ed399cf252200c073d79b480b,02d9d3af555aeb99e5d6a595d94ed6d913dd106bb48310f31e10afa78b8ba1ff,3,3,True,0,0,0,3,3,3,3,3,3,1,1,1,True,True,True,False,False
frozen,leaf-classification,f71e5530ba1dbfdcede008ab39ea59ecbca57c5f8449893542e734f3bc46f947,d9a3e99c3c0fe174818d3195c72e8a4f3b6b3d306414327a3d41615f93d312f6,3,2,True,1,1,0,1,3,3,1,3,3,2,1,1,False,True,True,True,True
frozen,learning-agency-lab-automated-essay-scoring-2,cf06bccce29fe04f6fc0f52a91481cd0993d0d649395c49a46daa59a386fc650,6c03bd42e9a43a8c62c7b0d6dfea14426062823494bc9334b1e9f2e996fc07c4,3,2,True,1,0,1,1,1,1,1,1,1,2,2,2,False,False,False,False,False
frozen,learning-agency-lab-automated-essay-scoring-2,5433824a9dbbff2fff209bbbeaf863a3908c2bacda2f546578165e6a7194c094,2ee54220f5811178da605746dba18e0312bd8c71e831462daf139ec126850413,3,2,True,1,0,1,1,1,1,1,1,1,2,2,2,False,False,False,False,False
frozen,learning-agency-lab-automated-essay-scoring-2,96242a8a25a5f6f06f276b6dad9d275d03030c7c937864332a8d47b4f55ff747,a387ff437910e636ae40515c88722924bb8b4e18fc3825ece6f991da4b885c99,3,2,False,,0,1,1,1,1,1,1,1,,,,False,False,False,False,False
frozen,learning-agency-lab-automated-essay-scoring-2,cf06bccce29fe04f6fc0f52a91481cd0993d0d649395c49a46daa59a386fc650,ebf071746111bebff0155a4ec1e55c86b9aeb576c989fe2642751b6b42f3d973,3,3,True,0,0,0,3,3,3,3,3,3,1,1,1,True,True,True,False,False
frozen,learning-agency-lab-automated-essay-scoring-2,5433824a9dbbff2fff209bbbeaf863a3908c2bacda2f546578165e6a7194c094,848c56710d64abf6369f4188cc748cecff7391fc6e28e01a8f75d10f99a33c27,3,2,False,,0,1,1,1,1,1,1,1,,,,False,False,False,False,False
frozen,learning-agency-lab-automated-essay-scoring-2,cf06bccce29fe04f6fc0f52a91481cd0993d0d649395c49a46daa59a386fc650,2ac5d3c65e25e269d1047d4f0110accd33f9130acb97fcfd785a3aeeaa4bba5d,3,2,True,1,0,1,1,1,1,1,1,1,2,2,2,False,False,False,False,False
frozen,mlsp-2013-birds,3b1709354a64d8482acb19fe52a5f2b1ac03ee3ab5e7a4e9f9f50689b6df957b,374f173f0b6f9d59f0869c80f5723b5227fffc41151d7c133f5938c2a169981d,5,2,True,3,3,0,1,7,7,1,7,7,4,1,1,False,True,True,True,True
frozen,mlsp-2013-birds,ae2e48c37c932a80e8a6a16d0af61d39525c999e1c5ef03446d50f97ab31032b,41220df80a06351b2122199de630f482d66f5941fc80f2e7fbce3685b52b027c,3,2,True,1,0,1,1,1,1,1,1,1,2,2,2,False,False,False,False,False
frozen,mlsp-2013-birds,ae2e48c37c932a80e8a6a16d0af61d39525c999e1c5ef03446d50f97ab31032b,03bf383a61f0105ece539d8798898aaf12b739bd84b804d9b59c1ea068dc5f07,3,2,True,1,0,1,1,1,1,1,1,1,2,2,2,False,False,False,False,False
frozen,mlsp-2013-birds,3b1709354a64d8482acb19fe52a5f2b1ac03ee3ab5e7a4e9f9f50689b6df957b,c54004e7c4ad0e3ef02e6ec99d72ecd95dc31cf14cbff67dc26f75153943ce8a,5,3,True,2,2,0,3,9,9,3,9,9,3,1,1,False,True,True,True,True
frozen,mlsp-2013-birds,548bdc356e56631f8758c2bdd9bee19aa06db1668b396260f4761b0919adb759,669446f5dcd332c444a71336c46ac270eb3ed19729536ecfda283bccef53ca09,3,2,True,1,0,1,1,1,1,1,1,1,2,2,2,False,False,False,False,False
frozen,mlsp-2013-birds,1c0ad9a77dee59e2065aedf583640528f436fc09b542c7c944493e7363f8850e,6a6959ccec9bf336cb45f6c1c25722031f31735d070ddfa1ec8c0e69b37d9b24,5,5,True,0,0,0,10,10,10,10,10,10,1,1,1,True,True,True,False,False
frozen,mlsp-2013-birds,1c0ad9a77dee59e2065aedf583640528f436fc09b542c7c944493e7363f8850e,a692a72bc2e6770e5a1862749bdb7b7b8073ce1138211add3e30a98127c47c7b,5,5,True,0,0,0,10,10,10,10,10,10,1,1,1,True,True,True,False,False
frozen,mlsp-2013-birds,3e0e531156010d29962c421bae079a8f0d7f0d377d1796808c1b83786609821c,b099adf5c296464789ceff9405c30b2612a7c2e010f008931350675487aa6a5e,3,3,True,0,0,0,3,3,3,3,3,3,1,1,1,True,True,True,False,False
frozen,mlsp-2013-birds,1c0ad9a77dee59e2065aedf583640528f436fc09b542c7c944493e7363f8850e,9ab971096d176746597520735375aac3b8fb81df8200d38268e0ddc5b8209737,5,3,True,2,0,2,3,3,3,3,3,3,3,3,3,False,False,False,False,False
frozen,mlsp-2013-birds,1c0ad9a77dee59e2065aedf583640528f436fc09b542c7c944493e7363f8850e,83d1dfaeeca9f8b8acaab38ed121cc0a0dd40659fab07162a3ac72ad1a99bceb,5,2,True,3,0,3,1,1,1,1,1,1,4,4,4,False,False,False,False,False
frozen,mlsp-2013-birds,1c0ad9a77dee59e2065aedf583640528f436fc09b542c7c944493e7363f8850e,8589c980c4969c0ca5aadf36e9232a45b7c7280d055a41115274b79b623a46f7,5,5,True,0,0,0,10,10,10,10,10,10,1,1,1,True,True,True,False,False
frozen,mlsp-2013-birds,3b1709354a64d8482acb19fe52a5f2b1ac03ee3ab5e7a4e9f9f50689b6df957b,3e7b10f61adca2d8b7067654825f68d28109aca68e00a6553f04e6eb6d5d338f,5,2,True,3,3,0,1,7,7,1,7,7,4,1,1,False,True,True,True,True
frozen,mlsp-2013-birds,3b1709354a64d8482acb19fe52a5f2b1ac03ee3ab5e7a4e9f9f50689b6df957b,a124755cfef44c42d0337f71602a46161ee93115145fc822befa8f5662332854,5,2,True,3,3,0,1,7,7,1,7,7,4,1,1,False,True,True,True,True
frozen,mlsp-2013-birds,3b1709354a64d8482acb19fe52a5f2b1ac03ee3ab5e7a4e9f9f50689b6df957b,16a3f6cf852274687d0833d9a0b2381d99576ef5721f8383c31f343e027bcc5d,5,2,True,3,3,0,1,7,7,1,7,7,4,1,1,False,True,True,True,True
frozen,mlsp-2013-birds,1c0ad9a77dee59e2065aedf583640528f436fc09b542c7c944493e7363f8850e,a4cba733be42be53104031272d4ca93128becd834b2d72ce273292e30f0a5868,5,3,True,2,0,2,3,3,3,3,3,3,3,3,3,False,False,False,False,False
frozen,mlsp-2013-birds,3e0e531156010d29962c421bae079a8f0d7f0d377d1796808c1b83786609821c,8ac58b970a5de52459f4dbec6d9381abc6e16f06a3e5a129e0e44547f751a107,3,2,True,1,1,0,1,3,3,1,3,3,2,1,1,False,True,True,True,True
frozen,mlsp-2013-birds,1c0ad9a77dee59e2065aedf583640528f436fc09b542c7c944493e7363f8850e,15565d0a6d9f4221a4f6b5184427d5b68707794fd5707357c8230b4416dec2e0,5,3,True,2,0,2,3,3,3,3,3,3,3,3,3,False,False,False,False,False
frozen,mlsp-2013-birds,3e0e531156010d29962c421bae079a8f0d7f0d377d1796808c1b83786609821c,71c2dfb139b1ea39f1bf94915a13877bdce5f1232a4c6495fcf6d0d259d6917f,3,3,True,0,0,0,3,3,3,3,3,3,1,1,1,True,True,True,False,False
frozen,mlsp-2013-birds,3e0e531156010d29962c421bae079a8f0d7f0d377d1796808c1b83786609821c,85fbb07d85b00b171f73f1a23e2e47a74768a9474872b6758cd04e749a4e44b9,3,2,True,1,1,0,1,3,3,1,3,3,2,1,1,False,True,True,True,True
frozen,mlsp-2013-birds,3e0e531156010d29962c421bae079a8f0d7f0d377d1796808c1b83786609821c,f363c23af76aa11b5d6645424923813ef260a16bdad8c25f1e2fdc3e67878ad5,3,2,True,1,1,0,1,3,3,1,3,3,2,1,1,False,True,True,True,True
frozen,mlsp-2013-birds,3b1709354a64d8482acb19fe52a5f2b1ac03ee3ab5e7a4e9f9f50689b6df957b,e012767b4586e29a568bcff31b611c5d30dd57db112b535c3d690a88763bc7f1,5,3,True,2,2,0,3,9,9,3,9,9,3,1,1,False,True,True,True,True
frozen,mlsp-2013-birds,3e0e531156010d29962c421bae079a8f0d7f0d377d1796808c1b83786609821c,8bf37d6f925aec4b39b43587e8b4e7de44c6f93a5a2de4769990363432f1654c,3,2,True,1,1,0,1,3,3,1,3,3,2,1,1,False,True,True,True,True
frozen,mlsp-2013-birds,1c0ad9a77dee59e2065aedf583640528f436fc09b542c7c944493e7363f8850e,0feab2f9e4561c728286c7af31cdc93b32a92e4e57d66ee93c37dc6eec84389e,5,2,True,3,0,3,1,1,1,1,1,1,4,4,4,False,False,False,False,False
frozen,mlsp-2013-birds,3b1709354a64d8482acb19fe52a5f2b1ac03ee3ab5e7a4e9f9f50689b6df957b,953de7ecb5be2e21d4f701b7ec6f78fea4509f597f8efca60d41ec0d678ee14f,5,3,True,2,2,0,3,9,9,3,9,9,3,1,1,False,True,True,True,True
frozen,mlsp-2013-birds,1c0ad9a77dee59e2065aedf583640528f436fc09b542c7c944493e7363f8850e,96131bc2fb7cd4ff58fa8e5b60d0ba93a003c0c1b6b2cd8ff6515379430e675e,5,3,True,2,0,2,3,3,3,3,3,3,3,3,3,False,False,False,False,False
frozen,mlsp-2013-birds,d3c3f05d1c36cad0ee8524e0c9476abc6104bc3b08c57fbb3cd95fac503ba6a0,dbae9213a761b9f84a8476651385066f24899eff59d38c0fd01c10d11993b84d,5,2,True,3,3,0,1,7,7,1,7,7,4,1,1,False,True,True,True,True
frozen,mlsp-2013-birds,1c0ad9a77dee59e2065aedf583640528f436fc09b542c7c944493e7363f8850e,fe0a7d6259230a1ffc782a8860f39a5222e9917aab7ea0bf84b0b6553eb82a9f,5,4,True,1,0,1,6,6,6,6,6,6,2,2,2,False,False,False,False,False
frozen,mlsp-2013-birds,1c0ad9a77dee59e2065aedf583640528f436fc09b542c7c944493e7363f8850e,968963372fa19ce35154a15eddbf09cd75e91a47cc666214c9006d62ffc54979,5,2,False,,0,3,1,1,1,1,1,1,,,,False,False,False,False,False
frozen,mlsp-2013-birds,3e0e531156010d29962c421bae079a8f0d7f0d377d1796808c1b83786609821c,8731f4be2490df63bcdc2667f3a5dbdb8361b99f4d6ce6046ae17ca8da71ce82,3,2,True,1,1,0,1,3,3,1,3,3,2,1,1,False,True,True,True,True
frozen,mlsp-2013-birds,1c0ad9a77dee59e2065aedf583640528f436fc09b542c7c944493e7363f8850e,df249218aeafb1a1432bfecb7953c8650123543c364cc03d594d92c5c55cd0ad,5,4,True,1,0,1,6,6,6,6,6,6,2,2,2,False,False,False,False,False
frozen,nomad2018-predict-transparent-conductors,b2829b68d309b6a5128ff06b258001685352daee17085a04561693e8d8141452,136fbc8bbcded43f2731326db52bea311d93d38997e8c3fdfd5b82c24098837a,2,2,True,0,0,0,1,1,1,1,1,1,1,1,1,True,True,True,False,False
frozen,nomad2018-predict-transparent-conductors,36eecbb027f754ebaac0379a441048ffd145d61ba17ff8cb43a295e57f91a3bf,2bf6e4e4f6666a979657c83a8e52a2d924dd2f2c16c46df4b7894df4a4d4d6d1,2,2,True,0,0,0,1,1,1,1,1,1,1,1,1,True,True,True,False,False
frozen,nomad2018-predict-transparent-conductors,36eecbb027f754ebaac0379a441048ffd145d61ba17ff8cb43a295e57f91a3bf,0fd084d93ae11f085bfc0f40ff3ef849cc3e33f041acd75ac7d8f85c9c327755,2,2,True,0,0,0,1,1,1,1,1,1,1,1,1,True,True,True,False,False
frozen,nomad2018-predict-transparent-conductors,b2829b68d309b6a5128ff06b258001685352daee17085a04561693e8d8141452,c862657ce40531f931818e4532b45ab7d20eaae9ebfbd76703fa604fc4ebc0a2,2,2,True,0,0,0,1,1,1,1,1,1,1,1,1,True,True,True,False,False
frozen,nomad2018-predict-transparent-conductors,b2829b68d309b6a5128ff06b258001685352daee17085a04561693e8d8141452,2a038781bbe483f198fb919e102d578711d1c771b7f7dc87e74ef1058db2369f,2,2,True,0,0,0,1,1,1,1,1,1,1,1,1,True,True,True,False,False
frozen,nomad2018-predict-transparent-conductors,1bf7f12c6b919e24578f50087f14961a56666a4587bc3f933c80cb2172a2cd3a,cb9387300fc9795ccbc1da3e6eb2a669e9bb2d4407f1aba74c3dbcee70ed9485,2,2,True,0,0,0,1,1,1,1,1,1,1,1,1,True,True,True,False,False
frozen,nomad2018-predict-transparent-conductors,b2829b68d309b6a5128ff06b258001685352daee17085a04561693e8d8141452,13355552182b0e345c869d4bdf5ae939cc6432c92d86d5022324e13cce8f78cf,2,2,True,0,0,0,1,1,1,1,1,1,1,1,1,True,True,True,False,False
frozen,nomad2018-predict-transparent-conductors,1bf7f12c6b919e24578f50087f14961a56666a4587bc3f933c80cb2172a2cd3a,c9ae8061bcce66cf41655bfede84b1880448e644dda2ad232e5a562ebb17d2cc,2,2,True,0,0,0,1,1,1,1,1,1,1,1,1,True,True,True,False,False
frozen,nomad2018-predict-transparent-conductors,b2829b68d309b6a5128ff06b258001685352daee17085a04561693e8d8141452,8aa1bc7aca47bdbc4fd355b1dbfecd7a13854ed3ce05eb5eab16a859c3334877,2,2,True,0,0,0,1,1,1,1,1,1,1,1,1,True,True,True,False,False
frozen,nomad2018-predict-transparent-conductors,36eecbb027f754ebaac0379a441048ffd145d61ba17ff8cb43a295e57f91a3bf,561ac4f5f70c9dabdab609546d0ab1e4cf4e129584a45dbe5bcbc9d177b8293e,2,2,True,0,0,0,1,1,1,1,1,1,1,1,1,True,True,True,False,False
frozen,nomad2018-predict-transparent-conductors,1bf7f12c6b919e24578f50087f14961a56666a4587bc3f933c80cb2172a2cd3a,fadb55b61c8d7e82cdb4914ae562b88b62d5006297bfd8b7d00e283b3d8ecf36,2,2,True,0,0,0,1,1,1,1,1,1,1,1,1,True,True,True,False,False
frozen,nomad2018-predict-transparent-conductors,36eecbb027f754ebaac0379a441048ffd145d61ba17ff8cb43a295e57f91a3bf,51074bb8210781f693f1a894963d56309cfb9aa95bc50af6f0501e29481aeb0f,2,2,True,0,0,0,1,1,1,1,1,1,1,1,1,True,True,True,False,False
frozen,nomad2018-predict-transparent-conductors,36eecbb027f754ebaac0379a441048ffd145d61ba17ff8cb43a295e57f91a3bf,9b413c9190e677c31620f4e99d3356006ec31c533bc5515113291f5e7c1e4f0e,2,2,True,0,0,0,1,1,1,1,1,1,1,1,1,True,True,True,False,False
frozen,nomad2018-predict-transparent-conductors,36eecbb027f754ebaac0379a441048ffd145d61ba17ff8cb43a295e57f91a3bf,c7bd946e02bb8aea608c1e33877a5df12916f356dc4d35ee04c0ae7b8584b976,2,2,True,0,0,0,1,1,1,1,1,1,1,1,1,True,True,True,False,False
frozen,nomad2018-predict-transparent-conductors,b2829b68d309b6a5128ff06b258001685352daee17085a04561693e8d8141452,94f09f999021863973dd14afe30f57a36eea0a95c82cc2e8a505f298aa7c8f6b,2,2,True,0,0,0,1,1,1,1,1,1,1,1,1,True,True,True,False,False
frozen,nomad2018-predict-transparent-conductors,36eecbb027f754ebaac0379a441048ffd145d61ba17ff8cb43a295e57f91a3bf,ff946849667bfae82ac36a181fd0ffd1ef18f51450ebe0425ca327b77d04c41f,2,2,True,0,0,0,1,1,1,1,1,1,1,1,1,True,True,True,False,False
frozen,nomad2018-predict-transparent-conductors,36eecbb027f754ebaac0379a441048ffd145d61ba17ff8cb43a295e57f91a3bf,cf4244ab12952543a7f0869b425fb5c7fae399ce38342bb8563a79309bace0a8,2,2,True,0,0,0,1,1,1,1,1,1,1,1,1,True,True,True,False,False
frozen,nomad2018-predict-transparent-conductors,b2829b68d309b6a5128ff06b258001685352daee17085a04561693e8d8141452,a6bceae4256f8149564a6ce202696bdf235a79c3d0ba4f8bb3dc45e213b5886c,2,2,True,0,0,0,1,1,1,1,1,1,1,1,1,True,True,True,False,False
frozen,nomad2018-predict-transparent-conductors,36eecbb027f754ebaac0379a441048ffd145d61ba17ff8cb43a295e57f91a3bf,fb9db360af59ff1a807ea3f75eb66ed5e2cb9099e1251296b4aae32c991dc89f,2,2,True,0,0,0,1,1,1,1,1,1,1,1,1,True,True,True,False,False
frozen,nomad2018-predict-transparent-conductors,b2829b68d309b6a5128ff06b258001685352daee17085a04561693e8d8141452,cfc5fb4a7f84fb317f845450d0e70d792ff907cdb167e1f89aecb54b27af8884,2,2,True,0,0,0,1,1,1,1,1,1,1,1,1,True,True,True,False,False
frozen,nomad2018-predict-transparent-conductors,3e85da623d7f41894c5b808d93b84e1a7b75352f28e5ba75a16c2849b02848bc,ecfb4d00eeab5b37f1de31bbeec7f9b2cf1185ee3a0611343dbc02ecdc41c441,5,3,True,2,2,0,3,9,9,3,9,9,3,1,1,False,True,True,True,True
frozen,nomad2018-predict-transparent-conductors,36eecbb027f754ebaac0379a441048ffd145d61ba17ff8cb43a295e57f91a3bf,ef432b196845c4ce83e8f94bbe64a90df16b1909e33f1640c3ef48ed3ae39b7b,2,2,True,0,0,0,1,1,1,1,1,1,1,1,1,True,True,True,False,False
frozen,nomad2018-predict-transparent-conductors,36eecbb027f754ebaac0379a441048ffd145d61ba17ff8cb43a295e57f91a3bf,469f5f3570f9565f41f480d0ade3997f54b77f334f2fc7308105bafa47b1d6e3,2,2,True,0,0,0,1,1,1,1,1,1,1,1,1,True,True,True,False,False
frozen,nomad2018-predict-transparent-conductors,36eecbb027f754ebaac0379a441048ffd145d61ba17ff8cb43a295e57f91a3bf,fc17a9f6b0162c497c4556eeedb0e8035a868423645679a3ac391799e3d7b6b0,2,2,True,0,0,0,1,1,1,1,1,1,1,1,1,True,True,True,False,False
frozen,petfinder-pawpularity-score,0c6926827e6250879b97e00b033a4aacbcad1f8bc2bb22df6370f4b49419ffb6,ed42b44dd9aed417ca059fab97d505dbe2dba9cf491d1585b4b014df4d3656a4,3,2,True,1,1,0,1,3,3,1,3,3,2,1,1,False,True,True,True,True
frozen,petfinder-pawpularity-score,e96a428dc51847e23e20319e4d3037d198ce3084de04fd7d3c020d55ced19876,81941a243982d8c14d44b7ecb42ba17b6f2157d9e7d76006a258a822368af826,2,2,True,0,0,0,1,1,1,1,1,1,1,1,1,True,True,True,False,False
frozen,petfinder-pawpularity-score,febc8eb8fd6dd1e5002c00f5e3934f99531a8c3b0cbcdb76cf23ace1d3ad0a99,5a1c6eb0af5613feb1eb715dc1536b680ea8f1d78e3e8b7c19b80bd137ec15fc,3,2,True,1,1,0,1,3,3,1,3,3,2,1,1,False,True,True,True,True
frozen,petfinder-pawpularity-score,3385fc2ba15e51f87f4b7da6fe923648c671243dab7802f94e5cb2a4eb55e052,6653d4a191b35a1a074153dfb46cc9c73a17bd58dce5e048899847a9d741da70,3,2,True,1,1,0,1,3,3,1,3,3,2,1,1,False,True,True,True,True
frozen,petfinder-pawpularity-score,6154050c72601fc3eb00afe7ac8be130f36892cdf5fcfd4ef1f7d591821e779b,907dccc669acdec382cddda2f7ee88f5c4db4c164712d40a534f8561d4c67b0e,3,2,True,1,1,0,1,3,3,1,3,3,2,1,1,False,True,True,True,True
frozen,petfinder-pawpularity-score,6686ae14ba5f2958a4407b10224af18a834ac9c10a9044faba8b6e83ea9f60d8,e4d2405fcf58dccfe70757a4ba1adec98f6f79555c8a38d6497384fcbec314a7,3,2,True,1,1,0,1,3,3,1,3,3,2,1,1,False,True,True,True,True
frozen,petfinder-pawpularity-score,6154050c72601fc3eb00afe7ac8be130f36892cdf5fcfd4ef1f7d591821e779b,eabe435a083dfc121c55bdb66630462f5a0d1544ae273f8dcfb7c9cb7b6c01f1,3,2,True,1,1,0,1,3,3,1,3,3,2,1,1,False,True,True,True,True
frozen,petfinder-pawpularity-score,3385fc2ba15e51f87f4b7da6fe923648c671243dab7802f94e5cb2a4eb55e052,caf89fef2117e6d3f5b13eaca671b9cbf6824305ccdb1fef6d6dd3f77a8118d2,3,3,True,0,0,0,3,3,3,3,3,3,1,1,1,True,True,True,False,False
frozen,petfinder-pawpularity-score,0c6926827e6250879b97e00b033a4aacbcad1f8bc2bb22df6370f4b49419ffb6,ceca3a96c1b26c3601387a130734c5c9d114142a13c77a0835637448cfc05364,3,3,True,0,0,0,3,3,3,3,3,3,1,1,1,True,True,True,False,False
frozen,petfinder-pawpularity-score,0c6926827e6250879b97e00b033a4aacbcad1f8bc2bb22df6370f4b49419ffb6,277b53f9d72fa34b0ad2b6435a5663d2c275fedae4fa4467fd98697637009d10,3,2,False,,0,1,1,1,1,1,1,1,,,,False,False,False,False,False
frozen,petfinder-pawpularity-score,e96a428dc51847e23e20319e4d3037d198ce3084de04fd7d3c020d55ced19876,283bc00330140979448dfab281d7bc299edc4e3e1448a85922cdb3d2fc8b12ea,2,2,True,0,0,0,1,1,1,1,1,1,1,1,1,True,True,True,False,False
frozen,petfinder-pawpularity-score,0c6926827e6250879b97e00b033a4aacbcad1f8bc2bb22df6370f4b49419ffb6,3bb8f4257b7af9c2326c325a60a21cff4ed85d2ae2a44e0a56d6d247fa24d904,3,2,True,1,1,0,1,3,3,1,3,3,2,1,1,False,True,True,True,True
frozen,petfinder-pawpularity-score,6154050c72601fc3eb00afe7ac8be130f36892cdf5fcfd4ef1f7d591821e779b,b4b8174d1078905ed11321da3862db9b53d63b5d99d22e86a5591fc5ac134bfb,3,3,True,0,0,0,3,3,3,3,3,3,1,1,1,True,True,True,False,False
frozen,petfinder-pawpularity-score,f061452d2668589803bc4f418e58982a782ebe7cdf077e0d2884c67c22fccec2,f2a5699dda6151d92a8d76101b363099c8814e761c374a656d540e7024571274,3,2,False,,0,1,1,1,1,1,1,1,,,,False,False,False,False,False
frozen,petfinder-pawpularity-score,e96a428dc51847e23e20319e4d3037d198ce3084de04fd7d3c020d55ced19876,6586649a0184309628eb76c7748d7c29a6500bf3cd27fa8ebd3b58750a9395f6,2,2,True,0,0,0,1,1,1,1,1,1,1,1,1,True,True,True,False,False
frozen,petfinder-pawpularity-score,6154050c72601fc3eb00afe7ac8be130f36892cdf5fcfd4ef1f7d591821e779b,cdb667d68cc72ee8c37abcda4a01c37510cc5872c45790cab7a5f2ba73e72345,3,2,True,1,1,0,1,3,3,1,3,3,2,1,1,False,True,True,True,True
frozen,petfinder-pawpularity-score,6686ae14ba5f2958a4407b10224af18a834ac9c10a9044faba8b6e83ea9f60d8,a1380d15b1e51e28878c75819434864d4c7b6ad11df4e1c3849dffca6d6abdda,3,2,False,,0,1,1,1,1,1,1,1,,,,False,False,False,False,False
frozen,petfinder-pawpularity-score,febc8eb8fd6dd1e5002c00f5e3934f99531a8c3b0cbcdb76cf23ace1d3ad0a99,6cbc280f2171b4e2c965b3c9c3162b3612c4f460ba577a9a4ef2bf4044796ab3,3,3,True,0,0,0,3,3,3,3,3,3,1,1,1,True,True,True,False,False
frozen,petfinder-pawpularity-score,2c6ebcc42fffd19d4e6fc0bd2c117e1a2ef9a97ec50e91a00a47d01a141da1e9,0739913de8f15bf65115b7d134f7922eb82b0cca190ab0db6e14b95cf43da75f,2,2,True,0,0,0,1,1,1,1,1,1,1,1,1,True,True,True,False,False
frozen,petfinder-pawpularity-score,6686ae14ba5f2958a4407b10224af18a834ac9c10a9044faba8b6e83ea9f60d8,781bf4570fb5c913aab17d351122ba29215cea37d84bc933d22e00bc571eaf0b,3,3,True,0,0,0,3,3,3,3,3,3,1,1,1,True,True,True,False,False
frozen,petfinder-pawpularity-score,febc8eb8fd6dd1e5002c00f5e3934f99531a8c3b0cbcdb76cf23ace1d3ad0a99,18e0f1e64bb86814a1afb63f8b1c71f90f390215fbbbe6690511dccb078e3fc0,3,2,True,1,1,0,1,3,3,1,3,3,2,1,1,False,True,True,True,True
frozen,petfinder-pawpularity-score,febc8eb8fd6dd1e5002c00f5e3934f99531a8c3b0cbcdb76cf23ace1d3ad0a99,a20f329bea24c3ee1185aff96c145f89a95ef80d776058f8a7269f46784df62e,3,2,True,1,1,0,1,3,3,1,3,3,2,1,1,False,True,True,True,True
frozen,petfinder-pawpularity-score,f061452d2668589803bc4f418e58982a782ebe7cdf077e0d2884c67c22fccec2,d52c2eb4f6dd80572d26590a77be5904437475363917936ec2e290fdb34a67f7,3,3,True,0,0,0,3,3,3,3,3,3,1,1,1,True,True,True,False,False
frozen,petfinder-pawpularity-score,febc8eb8fd6dd1e5002c00f5e3934f99531a8c3b0cbcdb76cf23ace1d3ad0a99,e3a01d7129637c2a9708d698284c3f23292c5cb8a85338ad38c50b79c42331c7,3,2,True,1,1,0,1,3,3,1,3,3,2,1,1,False,True,True,True,True
frozen,petfinder-pawpularity-score,3385fc2ba15e51f87f4b7da6fe923648c671243dab7802f94e5cb2a4eb55e052,207293179b172874cfd0f41f0a60bf446e171d9a2a53b2b9b51b090d39df9f4a,3,2,True,1,1,0,1,3,3,1,3,3,2,1,1,False,True,True,True,True
frozen,petfinder-pawpularity-score,d3359e56d3767d5599618a93c6f4c6d7f85de6a75aa62adfad0bd4f50af9f64f,25b760ea4729ec8b5326aa4df95d22f6bbc715159262c732ce82675fca92d84a,2,2,True,0,0,0,1,1,1,1,1,1,1,1,1,True,True,True,False,False
frozen,petfinder-pawpularity-score,febc8eb8fd6dd1e5002c00f5e3934f99531a8c3b0cbcdb76cf23ace1d3ad0a99,0d3e21faf386ac5de955db0fb68496df9891d84e7ff5840667673797c93e5942,3,2,True,1,1,0,1,3,3,1,3,3,2,1,1,False,True,True,True,True
frozen,petfinder-pawpularity-score,febc8eb8fd6dd1e5002c00f5e3934f99531a8c3b0cbcdb76cf23ace1d3ad0a99,9940139ad5d9d0e1f70edb6a3ce7baa3c02b5fab90f60636e34a1db7586d96c9,3,3,True,0,0,0,3,3,3,3,3,3,1,1,1,True,True,True,False,False
frozen,petfinder-pawpularity-score,e5fccedd6f76e706b34a14b5832922875b63497a2dd378e90832639943224f39,f909a80255402557c25e390d43701e60b722d40d493c31977e7270d70691d483,5,2,False,,0,3,1,1,1,1,1,1,,,,False,False,False,False,False
frozen,petfinder-pawpularity-score,e96a428dc51847e23e20319e4d3037d198ce3084de04fd7d3c020d55ced19876,a199296079fe326c19009673f6685df76b78d0d8695a64ab2cd76ac0ef0073f8,2,2,True,0,0,0,1,1,1,1,1,1,1,1,1,True,True,True,False,False
frozen,petfinder-pawpularity-score,3385fc2ba15e51f87f4b7da6fe923648c671243dab7802f94e5cb2a4eb55e052,0f45391639397e819013333a41d45d33ef51f62aab4860d40441b69d39e1f06d,3,2,True,1,1,0,1,3,3,1,3,3,2,1,1,False,True,True,True,True
frozen,petfinder-pawpularity-score,febc8eb8fd6dd1e5002c00f5e3934f99531a8c3b0cbcdb76cf23ace1d3ad0a99,3b7c4e1e87ac53a299b9027cc998b01280bd46eda5ba9c385c7ef66ab6354a3f,3,3,True,0,0,0,3,3,3,3,3,3,1,1,1,True,True,True,False,False
frozen,petfinder-pawpularity-score,f061452d2668589803bc4f418e58982a782ebe7cdf077e0d2884c67c22fccec2,621f71b1ad3f8d285b64c08dd8bb504b684a88259da30d071ede86b352df6995,3,2,True,1,0,1,1,1,1,1,1,1,2,2,2,False,False,False,False,False
frozen,petfinder-pawpularity-score,febc8eb8fd6dd1e5002c00f5e3934f99531a8c3b0cbcdb76cf23ace1d3ad0a99,59ab6196cac4880e3c666bf2c6fbf9842870ad1399a7f102b221ec39bd92a13a,3,2,True,1,1,0,1,3,3,1,3,3,2,1,1,False,True,True,True,True
frozen,petfinder-pawpularity-score,d3359e56d3767d5599618a93c6f4c6d7f85de6a75aa62adfad0bd4f50af9f64f,974441dc6d36e64fcecfdb4602b719fd151ff02b22c35d98183a2a0ff25ee26b,2,2,True,0,0,0,1,1,1,1,1,1,1,1,1,True,True,True,False,False
frozen,petfinder-pawpularity-score,febc8eb8fd6dd1e5002c00f5e3934f99531a8c3b0cbcdb76cf23ace1d3ad0a99,332aa54d1e47e47dacbb80750856de3681dd8aab4094f0b84e4bfb02bf90b334,3,3,True,0,0,0,3,3,3,3,3,3,1,1,1,True,True,True,False,False
frozen,petfinder-pawpularity-score,e5fccedd6f76e706b34a14b5832922875b63497a2dd378e90832639943224f39,16f58e5760a74474a86456a5cc0288afff954e41c723422abcd998607a136593,5,2,True,3,3,0,1,7,7,1,7,7,4,1,1,False,True,True,True,True
frozen,petfinder-pawpularity-score,6154050c72601fc3eb00afe7ac8be130f36892cdf5fcfd4ef1f7d591821e779b,2825fdadf3c6314a603130ad6e4dbc8b8d9cec649572324392d43ecefe866b9f,3,2,True,1,1,0,1,3,3,1,3,3,2,1,1,False,True,True,True,True
frozen,petfinder-pawpularity-score,d3359e56d3767d5599618a93c6f4c6d7f85de6a75aa62adfad0bd4f50af9f64f,622e4bb84479e67ee834d8c4120a9ea1518968bf362807d18f8ad083f364a3ba,2,2,True,0,0,0,1,1,1,1,1,1,1,1,1,True,True,True,False,False
frozen,petfinder-pawpularity-score,f061452d2668589803bc4f418e58982a782ebe7cdf077e0d2884c67c22fccec2,59dd9ef72ee549898719e41c2cba9870db00da6db4375720c34b6924faf4384c,3,2,True,1,0,1,1,1,1,1,1,1,2,2,2,False,False,False,False,False
frozen,petfinder-pawpularity-score,e96a428dc51847e23e20319e4d3037d198ce3084de04fd7d3c020d55ced19876,aca53952d14e7d35e94bc2ef92617eb39672b49aed4f550589385ba700b9d0b6,2,2,True,0,0,0,1,1,1,1,1,1,1,1,1,True,True,True,False,False
frozen,petfinder-pawpularity-score,6154050c72601fc3eb00afe7ac8be130f36892cdf5fcfd4ef1f7d591821e779b,9874e47a371a2779b43d9949da91c942308fcb3dcfc39a3d73a4b20f0bc78bfe,3,2,True,1,1,0,1,3,3,1,3,3,2,1,1,False,True,True,True,True
frozen,petfinder-pawpularity-score,3385fc2ba15e51f87f4b7da6fe923648c671243dab7802f94e5cb2a4eb55e052,f8c00053e17ca33acec9e7d055c53bc6b439b92f38a0273d72c191025a8c1b1e,3,3,True,0,0,0,3,3,3,3,3,3,1,1,1,True,True,True,False,False
frozen,random-acts-of-pizza,1e4a126da592cbfbcc3403595730bcb7242311c29703cb8ec328469f6d78a9d7,4691821dd742bc4b3dbe7a0eef687b28639e59a5bd2d63b3bab2e2308d28c6d5,5,3,False,,0,2,3,3,3,3,3,3,,,,False,False,False,False,False
frozen,random-acts-of-pizza,693cf419a99fd84bf6a12334e0da9f96885b898aa7d5540b8948cfdc33afb8c6,2a5ed79f4109eedc4363ff3b086b8661b5ee6d1a68eaad6c4906d6fa55ea5237,5,2,False,,0,3,1,1,1,1,1,1,,,,False,False,False,False,False
frozen,random-acts-of-pizza,2e21df76130faeba582ae3e93337766a9a0c0fe9fe9dbd074abbb7580c9ae8b1,eb7f22bb5c8c551b5de184bf3d0cd97cecfcbc1e4ad9335072a2236de5ce8d5f,5,4,False,,0,1,6,6,6,6,6,6,,,,False,False,False,False,False
frozen,random-acts-of-pizza,693cf419a99fd84bf6a12334e0da9f96885b898aa7d5540b8948cfdc33afb8c6,f95e55640a664f815b01c99f4901c347c47288b61256267b84e08055af0bcd47,5,3,True,2,2,0,3,9,9,3,9,9,3,1,1,False,True,True,True,True
frozen,random-acts-of-pizza,2e21df76130faeba582ae3e93337766a9a0c0fe9fe9dbd074abbb7580c9ae8b1,7b65b696488339a7c06edffb25e4a1e5ce3828fd0efd55b5319d33bd6ba7516c,5,5,True,0,0,0,10,10,10,10,10,10,1,1,1,True,True,True,False,False
frozen,random-acts-of-pizza,5cba07a5d6e795ad189e45c5607e1cdd2270d661b2ce49cab221f2cedeedf229,0d0ec8ac26d0482bd56126e4447a9a2cc1fd8e8c8c2ef942c452eaf458a8e7dc,5,3,True,2,2,0,3,9,9,3,9,9,3,1,1,False,True,True,True,True
frozen,random-acts-of-pizza,9fc7dfbe3079deeddb5dede7f40d845d9f448669072067223ff3418a7daebc56,895d7f1ada6c531f51486893f5a6d2245e205282f08d71cae552607b15e138dc,3,3,True,0,0,0,3,3,3,3,3,3,1,1,1,True,True,True,False,False
frozen,random-acts-of-pizza,1e4a126da592cbfbcc3403595730bcb7242311c29703cb8ec328469f6d78a9d7,8433e1f8fa3532ddfe21d5cc2f7d1f177c36d50c893d0525f01d24b0b03e466e,5,3,True,2,2,0,3,9,9,3,9,9,3,1,1,False,True,True,True,True
frozen,spaceship-titanic,27ab516db531b4fc071c9a3768510e0e9652440b216148c605423834c48e4605,ca0bd87388f6727b963fb14e70ba698f7a486de182f21d6a3e3f6d5679d607af,5,2,False,,0,3,1,1,1,1,1,1,,,,False,False,False,False,False
frozen,spooky-author-identification,ba7bed41b8717273b925e49a6f693585efa074b50b486e48217a41baa5a1e939,b034039546b610ef5c213e7fdeb79aafddb077c156cdbf454c8328e716bdae02,3,3,True,0,0,0,2,2,2,2,2,2,2,2,2,False,False,False,False,False
frozen,spooky-author-identification,ba7bed41b8717273b925e49a6f693585efa074b50b486e48217a41baa5a1e939,73882d148362e94a1d9a4db9350da0dc2ad734178901fed876638300ae6d0b82,3,3,True,0,0,0,3,3,3,3,3,3,1,1,1,True,True,True,False,False
frozen,spooky-author-identification,41a83bd2b52545ec13cde59bdbf0e9e2ab1eebc2136d5c03bea8b16aae56ae50,f67e3a98cf16adab0172814af0e7547fb91e5ca7898bb581ac2c1ff2ea8c3acd,3,3,True,0,0,0,3,3,3,3,3,3,1,1,1,True,True,True,False,False
frozen,spooky-author-identification,ba7bed41b8717273b925e49a6f693585efa074b50b486e48217a41baa5a1e939,7f774823c151d85a1561cbd05f5d4d79bdb35dd6c742677895d9aaea8bd2f0a9,3,3,True,0,0,0,3,3,3,3,3,3,1,1,1,True,True,True,False,False
frozen,spooky-author-identification,85b9b8adf56dfc0dcf2e9a4d8e63da54b1cbedc7265ecd6cd11fa0d130f0836e,32b221024b468774d7783e9efd5b178e65dba03a2e7378473af994cd8abaa999,3,2,True,1,1,0,1,3,3,1,3,3,2,1,1,False,True,True,True,True
frozen,spooky-author-identification,85b9b8adf56dfc0dcf2e9a4d8e63da54b1cbedc7265ecd6cd11fa0d130f0836e,df158a2acdd8724f673fee91bda55bb2cca404423aa6e6b9832e8b1337ed4ed1,3,2,True,1,1,0,1,3,3,1,3,3,2,1,1,False,True,True,True,True
frozen,spooky-author-identification,ba7bed41b8717273b925e49a6f693585efa074b50b486e48217a41baa5a1e939,70a583122a82ff1d83eb63bc2af9a11019bf3b20e7d5548fb801103324d850bf,3,3,True,0,0,0,2,2,2,2,2,2,2,2,2,False,False,False,False,False
frozen,spooky-author-identification,ba7bed41b8717273b925e49a6f693585efa074b50b486e48217a41baa5a1e939,1b96b4f8516d14bf2f264efd59ba935123bcf7a2bc452fd2611490167d15dc98,3,3,True,0,0,0,3,3,3,3,3,3,1,1,1,True,True,True,False,False
frozen,spooky-author-identification,ba7bed41b8717273b925e49a6f693585efa074b50b486e48217a41baa5a1e939,4947bc026f38121b00edc08b2ef2e800533866fccde049f4b9a5f3f392a09968,3,3,True,0,0,0,3,3,3,3,3,3,1,1,1,True,True,True,False,False
frozen,spooky-author-identification,41a83bd2b52545ec13cde59bdbf0e9e2ab1eebc2136d5c03bea8b16aae56ae50,1bb81e3b628579308e3bca4bc07292f6b4a7fb29242083f84b1aeba634ea84b2,3,3,True,0,0,0,3,3,3,3,3,3,1,1,1,True,True,True,False,False
frozen,spooky-author-identification,85b9b8adf56dfc0dcf2e9a4d8e63da54b1cbedc7265ecd6cd11fa0d130f0836e,8200bf48dc233c248de5e7ac4d253f3e01b6cedc2ebe2ed69d5911c4962cf87f,3,2,True,1,1,0,1,3,3,1,3,3,2,1,1,False,True,True,True,True
frozen,spooky-author-identification,ba7bed41b8717273b925e49a6f693585efa074b50b486e48217a41baa5a1e939,8d35c77f64c5716bdcbd9703097c6c620f2c71004d24f35b3644717550922c85,3,3,True,0,0,0,2,2,2,2,2,2,1,1,1,True,True,True,False,False
frozen,spooky-author-identification,ba7bed41b8717273b925e49a6f693585efa074b50b486e48217a41baa5a1e939,8230be9364e9577fdae20f543c3b044b89d00c44cb7b561d57599ea56bdf8bfc,3,3,True,0,0,0,3,3,3,3,3,3,1,1,1,True,True,True,False,False
frozen,spooky-author-identification,ba7bed41b8717273b925e49a6f693585efa074b50b486e48217a41baa5a1e939,dee88f9a21460cc8ea0f5f5882a48b1cf2d9eaddff00ab247a7027fd37fd923c,3,3,True,0,0,0,3,3,3,3,3,3,1,1,1,True,True,True,False,False
frozen,spooky-author-identification,ba7bed41b8717273b925e49a6f693585efa074b50b486e48217a41baa5a1e939,98f4f066e50962ff82692778b8b236f20a5fdcc61035925b56bc95f5683cb91e,3,3,True,0,0,0,3,3,3,3,3,3,1,1,1,True,True,True,False,False
frozen,spooky-author-identification,ba7bed41b8717273b925e49a6f693585efa074b50b486e48217a41baa5a1e939,c05b0fdc5c5ae29c2bf5221cbbff80084c2359d05fbded424afbc796762a19e7,3,3,True,0,0,0,3,3,3,3,3,3,1,1,1,True,True,True,False,False
frozen,spooky-author-identification,41a83bd2b52545ec13cde59bdbf0e9e2ab1eebc2136d5c03bea8b16aae56ae50,823778ff8faf11e60ac260f41a5cfe6b360c73ddf4e701d00c4b59586a46976c,3,2,True,1,1,0,1,3,3,1,3,3,2,1,1,False,True,True,True,True
frozen,spooky-author-identification,41a83bd2b52545ec13cde59bdbf0e9e2ab1eebc2136d5c03bea8b16aae56ae50,adfe1b0083ca2d6a6fb232dc24223f07770ff1412a454a3ca100aee57b41b8a8,3,3,True,0,0,0,3,3,3,3,3,3,1,1,1,True,True,True,False,False
frozen,spooky-author-identification,ba7bed41b8717273b925e49a6f693585efa074b50b486e48217a41baa5a1e939,42a8a87d23479a0f1ad26c796b916e2f334f633268b58917003d4d434a550bca,3,2,True,1,1,0,1,3,3,1,3,3,2,1,1,False,True,True,True,True
frozen,spooky-author-identification,ba7bed41b8717273b925e49a6f693585efa074b50b486e48217a41baa5a1e939,7e962a499dab3b5998c9ac4e910d6d9597bb556f9c3633f8e3c90f3b01858bdc,3,3,True,0,0,0,3,3,3,3,3,3,1,1,1,True,True,True,False,False
frozen,spooky-author-identification,85b9b8adf56dfc0dcf2e9a4d8e63da54b1cbedc7265ecd6cd11fa0d130f0836e,b2ace78f117fad411cf118f63981900bcb4608d756b58f9bf0ce54614e1fcf74,3,3,True,0,0,0,3,3,3,3,3,3,1,1,1,True,True,True,False,False
frozen,spooky-author-identification,85b9b8adf56dfc0dcf2e9a4d8e63da54b1cbedc7265ecd6cd11fa0d130f0836e,6f5628e65d2d3bfc2d6b42eeff9f3c6ae74a64afa1f88575a8f9f46a8783b43b,3,3,True,0,0,0,3,3,3,3,3,3,1,1,1,True,True,True,False,False
frozen,spooky-author-identification,ba7bed41b8717273b925e49a6f693585efa074b50b486e48217a41baa5a1e939,a3109fe068644c7edc4f9054db3761003837612d70db8b36c85e40b50a126bdf,3,3,True,0,0,0,3,3,3,3,3,3,1,1,1,True,True,True,False,False
frozen,spooky-author-identification,ba7bed41b8717273b925e49a6f693585efa074b50b486e48217a41baa5a1e939,30837543af21f0396faeb50918bacabd8772671f2725a7086386d4c4538e3f6a,3,3,True,0,0,0,3,3,3,3,3,3,1,1,1,True,True,True,False,False
frozen,spooky-author-identification,41a83bd2b52545ec13cde59bdbf0e9e2ab1eebc2136d5c03bea8b16aae56ae50,db81e757a5fa28adaa70395330f6030528a127e86dc07de43f55e0fe9857190d,3,3,True,0,0,0,3,3,3,3,3,3,1,1,1,True,True,True,False,False
frozen,spooky-author-identification,41a83bd2b52545ec13cde59bdbf0e9e2ab1eebc2136d5c03bea8b16aae56ae50,f7a51f9ec495b295b04279185befc6fdce9d63a951520865464fb7433748dba5,3,3,True,0,0,0,2,2,2,2,2,2,2,2,2,False,False,False,False,False
frozen,spooky-author-identification,ba7bed41b8717273b925e49a6f693585efa074b50b486e48217a41baa5a1e939,eeb4ef31ba6eb9aa92195908f5872fadc94a2f2853e744b8c633b5fb64242c85,3,3,True,0,0,0,2,2,2,2,2,2,1,1,1,True,True,True,False,False
frozen,spooky-author-identification,85b9b8adf56dfc0dcf2e9a4d8e63da54b1cbedc7265ecd6cd11fa0d130f0836e,95500611c0df060f3b818b8e5b84e86217577962f44b49e1d76e0d4c5e5f90dc,3,2,True,1,1,0,1,3,3,1,3,3,2,1,1,False,True,True,True,True
frozen,spooky-author-identification,41a83bd2b52545ec13cde59bdbf0e9e2ab1eebc2136d5c03bea8b16aae56ae50,bf46906ececf45af3510e374cf04c85d3ab3304a9e43aa29da206bad90ce4bee,3,3,True,0,0,0,3,3,3,3,3,3,1,1,1,True,True,True,False,False
frozen,spooky-author-identification,41a83bd2b52545ec13cde59bdbf0e9e2ab1eebc2136d5c03bea8b16aae56ae50,ccdd7febd92ed3ed77ee2d86b1a779fa25a2217cfab8fe51964f9b7b51e5ec58,3,3,True,0,0,0,3,3,3,3,3,3,1,1,1,True,True,True,False,False
frozen,spooky-author-identification,ba7bed41b8717273b925e49a6f693585efa074b50b486e48217a41baa5a1e939,4ffa4ceeffa03e73dfd30b4a58bd726de82e2f306aaf20b8e9d828e1c3df9c19,3,3,True,0,0,0,3,3,3,3,3,3,1,1,1,True,True,True,False,False
frozen,spooky-author-identification,ba7bed41b8717273b925e49a6f693585efa074b50b486e48217a41baa5a1e939,d50618638acb9c4483cfc4949c55086528c18b5b8225ccfd07b5859cb3e23424,3,3,True,0,0,0,3,3,3,3,3,3,1,1,1,True,True,True,False,False
frozen,spooky-author-identification,85b9b8adf56dfc0dcf2e9a4d8e63da54b1cbedc7265ecd6cd11fa0d130f0836e,cccdd19c6543307b9fd8ae3a5c19b9e54ace5a1a27feaf16265f0262cb6cdc56,3,2,True,1,1,0,1,3,3,1,3,3,2,1,1,False,True,True,True,True
frozen,spooky-author-identification,ba7bed41b8717273b925e49a6f693585efa074b50b486e48217a41baa5a1e939,e3b256e9899a8b4f39d531e1d78e31d1b8fd6acfd985853fd0f3e5dac0d62126,3,3,True,0,0,0,3,3,3,3,3,3,1,1,1,True,True,True,False,False
frozen,spooky-author-identification,41a83bd2b52545ec13cde59bdbf0e9e2ab1eebc2136d5c03bea8b16aae56ae50,f3d71a7853c5ad869a09ced637fccfd53f1faec009ba7085e869e3464e65f730,3,2,True,1,1,0,1,3,3,1,3,3,2,1,1,False,True,True,True,True
frozen,spooky-author-identification,41a83bd2b52545ec13cde59bdbf0e9e2ab1eebc2136d5c03bea8b16aae56ae50,6675bec976e7744c9cdc7d77257941b68c083d353336272cf8af838ac32b2175,3,3,True,0,0,0,3,3,3,3,3,3,1,1,1,True,True,True,False,False
frozen,spooky-author-identification,f302616481554407e406621777f81e3e1f54b68f83960a2920aa4f44fe65fc4c,c3cc648dc26a459ba42aedc0e14fcf94368e42e011183d6d8820d310c9df3876,3,2,False,,0,1,1,1,1,1,1,1,,,,False,False,False,False,False
frozen,spooky-author-identification,41a83bd2b52545ec13cde59bdbf0e9e2ab1eebc2136d5c03bea8b16aae56ae50,d9f42096fd8b1f83b0c4afe90923543e43276af5a7af7bb467f22180788ad6ab,3,2,True,1,1,0,1,3,3,1,3,3,2,1,1,False,True,True,True,True
frozen,spooky-author-identification,ac7803eb543e751202f516b5ac09a2dc832ebf8e3113c79f82a23058db069b41,fb59d9aa0e4618c1bf52621e4b8fdb493e995204c1ea9e1cac368752d97f6f9a,5,3,True,2,2,0,3,9,9,3,9,9,3,1,1,False,True,True,True,True
frozen,spooky-author-identification,85b9b8adf56dfc0dcf2e9a4d8e63da54b1cbedc7265ecd6cd11fa0d130f0836e,618b10bfa7148df353054c264a60d2357904644bd63018bb1732b2f168b146d8,3,2,True,1,1,0,1,3,3,1,3,3,2,1,1,False,True,True,True,True
frozen,spooky-author-identification,41a83bd2b52545ec13cde59bdbf0e9e2ab1eebc2136d5c03bea8b16aae56ae50,3024c33c0baf07f458b13d5c11d6b82b0ae3f2be9114f4071959b12cd616ee9b,3,3,True,0,0,0,2,2,2,2,2,2,1,1,1,True,True,True,False,False
frozen,spooky-author-identification,ba7bed41b8717273b925e49a6f693585efa074b50b486e48217a41baa5a1e939,1b8a6d419293025c0b906992f0358abdbbc3fee87d4c8932aee0cef5ff8c3cb3,3,3,True,0,0,0,3,3,3,3,3,3,1,1,1,True,True,True,False,False
frozen,spooky-author-identification,41a83bd2b52545ec13cde59bdbf0e9e2ab1eebc2136d5c03bea8b16aae56ae50,6aa0fbfa6546b2c662d1afcbe8bb2441cc207196270e9ea24386f20c9eb78445,3,2,True,1,1,0,1,3,3,1,3,3,2,1,1,False,True,True,True,True
frozen,spooky-author-identification,ba7bed41b8717273b925e49a6f693585efa074b50b486e48217a41baa5a1e939,9af907b688421528e0b7985d9403f03e270f3ed338dd0d25e7b12d15234977df,3,3,True,0,0,0,3,3,3,3,3,3,1,1,1,True,True,True,False,False
frozen,spooky-author-identification,ba7bed41b8717273b925e49a6f693585efa074b50b486e48217a41baa5a1e939,c7878c90899879330affd21ac552e4d6f901868da7834c70cd5075cb5a6ef49b,3,3,True,0,0,0,3,3,3,3,3,3,1,1,1,True,True,True,False,False
frozen,spooky-author-identification,41a83bd2b52545ec13cde59bdbf0e9e2ab1eebc2136d5c03bea8b16aae56ae50,8c8f7b41deb63f53ecc12746ac058431d6c790fab77a76c20c391b5ce6940b57,3,3,True,0,0,0,3,3,3,3,3,3,1,1,1,True,True,True,False,False
frozen,spooky-author-identification,41a83bd2b52545ec13cde59bdbf0e9e2ab1eebc2136d5c03bea8b16aae56ae50,c3b2f3b10dd13124525c39a74de40ba8c25ca9f1acdc912a6d74b19ebeedcdf9,3,3,True,0,0,0,3,3,3,3,3,3,1,1,1,True,True,True,False,False
frozen,spooky-author-identification,41a83bd2b52545ec13cde59bdbf0e9e2ab1eebc2136d5c03bea8b16aae56ae50,4b08b11f719c842101200ab3b7a688de930e17ebbbab208920661f940758e72a,3,3,True,0,0,0,3,3,3,3,3,3,1,1,1,True,True,True,False,False
frozen,spooky-author-identification,ba7bed41b8717273b925e49a6f693585efa074b50b486e48217a41baa5a1e939,627b7b1ce64e7a12a8fffcba614528759a0fae30efd0c8837220711a09502933,3,2,True,1,1,0,1,3,3,1,3,3,2,1,1,False,True,True,True,True
frozen,spooky-author-identification,41a83bd2b52545ec13cde59bdbf0e9e2ab1eebc2136d5c03bea8b16aae56ae50,1b4d8fba20d4e03798c5e4eeedfceefdc626b9aa13c55c3cf06e78cf96a35af7,3,3,True,0,0,0,3,3,3,3,3,3,1,1,1,True,True,True,False,False
frozen,spooky-author-identification,85b9b8adf56dfc0dcf2e9a4d8e63da54b1cbedc7265ecd6cd11fa0d130f0836e,241450076e6973f393df5507f03777818ebb729d14cbf775fd107e904baa3a8a,3,2,True,1,1,0,1,3,3,1,3,3,2,1,1,False,True,True,True,True
frozen,spooky-author-identification,85b9b8adf56dfc0dcf2e9a4d8e63da54b1cbedc7265ecd6cd11fa0d130f0836e,cda7cf607196105995c2999f122ef3502a481b7046097c801c312d8da20f25a1,3,3,True,0,0,0,3,3,3,3,3,3,1,1,1,True,True,True,False,False
frozen,spooky-author-identification,85b9b8adf56dfc0dcf2e9a4d8e63da54b1cbedc7265ecd6cd11fa0d130f0836e,760b8a3bc1860715a515082da721f397f0a68ac9c4dba902ab93c2e975999c20,3,3,True,0,0,0,3,3,3,3,3,3,1,1,1,True,True,True,False,False
frozen,spooky-author-identification,41a83bd2b52545ec13cde59bdbf0e9e2ab1eebc2136d5c03bea8b16aae56ae50,6a2cbfd35b0b514b12bfe07ada9b0df7fa2ce2e7a24437bfb41ebd772bb0b70c,3,3,True,0,0,0,3,3,3,3,3,3,1,1,1,True,True,True,False,False
frozen,spooky-author-identification,ba7bed41b8717273b925e49a6f693585efa074b50b486e48217a41baa5a1e939,4e360285cb912867828c07ec85ccb73e70e9e0489ec4bd2351098caa566f7fec,3,3,True,0,0,0,3,3,3,3,3,3,1,1,1,True,True,True,False,False
frozen,spooky-author-identification,ba7bed41b8717273b925e49a6f693585efa074b50b486e48217a41baa5a1e939,ce509817858db9615d19a62919de5ceca5a092ca959bd6d0696bd61e6736d533,3,3,True,0,0,0,3,3,3,3,3,3,1,1,1,True,True,True,False,False
frozen,spooky-author-identification,ba7bed41b8717273b925e49a6f693585efa074b50b486e48217a41baa5a1e939,e2a7ad73a9cac6b52b4fcffb28e3e046c14ac4873281d9746d4b46b95e60f0c3,3,3,True,0,0,0,3,3,3,3,3,3,1,1,1,True,True,True,False,False
frozen,spooky-author-identification,ba7bed41b8717273b925e49a6f693585efa074b50b486e48217a41baa5a1e939,44f79d0f9cbc687a954b350c2cd5d9ec4fb3ded016ee9d42512d7ae657f17432,3,3,True,0,0,0,3,3,3,3,3,3,1,1,1,True,True,True,False,False
frozen,spooky-author-identification,41a83bd2b52545ec13cde59bdbf0e9e2ab1eebc2136d5c03bea8b16aae56ae50,65016611aef6a5435ef2896dc5d0098189dd0e57262151f1fc32cd06dceba2d2,3,3,True,0,0,0,2,2,2,2,2,2,2,2,2,False,False,False,False,False
frozen,spooky-author-identification,85b9b8adf56dfc0dcf2e9a4d8e63da54b1cbedc7265ecd6cd11fa0d130f0836e,aec27073b7d588bea0ab8246feb122a0a2e1839c14b63f04e842adf43fd0ee17,3,2,True,1,1,0,1,3,3,1,3,3,2,1,1,False,True,True,True,True
frozen,spooky-author-identification,ba7bed41b8717273b925e49a6f693585efa074b50b486e48217a41baa5a1e939,0828dc2c170a617618193b8277577a163279c48a37dfc45f83a078754a625e1e,3,3,True,0,0,0,3,3,3,3,3,3,1,1,1,True,True,True,False,False
frozen,spooky-author-identification,ba7bed41b8717273b925e49a6f693585efa074b50b486e48217a41baa5a1e939,c276d9cbac038d6780951efe03533c750dfcdb0d6ae2855ab38d82c73d628685,3,3,True,0,0,0,3,3,3,3,3,3,1,1,1,True,True,True,False,False
frozen,spooky-author-identification,41a83bd2b52545ec13cde59bdbf0e9e2ab1eebc2136d5c03bea8b16aae56ae50,00bc5237fba36ccfe4841bb195f9b373806691c5d1078d76944e15fe31167db0,3,3,True,0,0,0,3,3,3,3,3,3,1,1,1,True,True,True,False,False
frozen,spooky-author-identification,41a83bd2b52545ec13cde59bdbf0e9e2ab1eebc2136d5c03bea8b16aae56ae50,417fba7ebe5e2da906807992c7c2314caf06239469aebfb1483ac01ebb8a1ec6,3,3,True,0,0,0,3,3,3,3,3,3,1,1,1,True,True,True,False,False
frozen,spooky-author-identification,ba7bed41b8717273b925e49a6f693585efa074b50b486e48217a41baa5a1e939,92654f69e6ae43242f27025b7e62bd7d262b74fe55d04f57595a81f28aac6e6f,3,3,True,0,0,0,3,3,3,3,3,3,1,1,1,True,True,True,False,False
frozen,spooky-author-identification,41a83bd2b52545ec13cde59bdbf0e9e2ab1eebc2136d5c03bea8b16aae56ae50,b9ee9cc60ba57a12ac7c98cc0ae31776dcf818c31dcab73b0e77d0e73e276910,3,3,True,0,0,0,2,2,2,2,2,2,1,1,1,True,True,True,False,False
frozen,spooky-author-identification,41a83bd2b52545ec13cde59bdbf0e9e2ab1eebc2136d5c03bea8b16aae56ae50,408c9e68fae9b26419fd1145b726a68cdff7d6952b5da4636ac4ac7a9f01ad77,3,3,True,0,0,0,3,3,3,3,3,3,1,1,1,True,True,True,False,False
frozen,spooky-author-identification,32ddb4b51e64d7b1cca28aaf99ec05bbc235e58cff6452c7c591fc4305ab36aa,5b65074def9bac6ba6dadb26268853af6fa42e80c351b403db31fcf0621189f7,3,2,True,1,1,0,1,3,3,1,3,3,2,1,1,False,True,True,True,True
frozen,spooky-author-identification,ba7bed41b8717273b925e49a6f693585efa074b50b486e48217a41baa5a1e939,89c7ccef3e6eb33c67c21e8bf0dea4a61e1d67ca3c5b7b19dfcca6af0dd6f1f7,3,3,True,0,0,0,3,3,3,3,3,3,1,1,1,True,True,True,False,False
frozen,spooky-author-identification,ba7bed41b8717273b925e49a6f693585efa074b50b486e48217a41baa5a1e939,a5f17824a60335100c0a34da228a0020c6b16566eaab3eb8d262cdb113dc40da,3,3,True,0,0,0,3,3,3,3,3,3,1,1,1,True,True,True,False,False
frozen,spooky-author-identification,41a83bd2b52545ec13cde59bdbf0e9e2ab1eebc2136d5c03bea8b16aae56ae50,700e60e98c017326d1dde905721b8264192895f7e36f1bf9a0430e258cdcfa91,3,3,True,0,0,0,3,3,3,3,3,3,1,1,1,True,True,True,False,False
frozen,spooky-author-identification,ba7bed41b8717273b925e49a6f693585efa074b50b486e48217a41baa5a1e939,e766f5a73adde0e191c23f95e79669c7d493ca6ec1438c4480170ab268a68fe3,3,3,True,0,0,0,3,3,3,3,3,3,1,1,1,True,True,True,False,False
frozen,spooky-author-identification,41a83bd2b52545ec13cde59bdbf0e9e2ab1eebc2136d5c03bea8b16aae56ae50,fe83ea737cdce5e2cfeb8a9228e41571fb9451490214ca55d29da89aba58da8f,3,3,True,0,0,0,2,2,2,2,2,2,1,1,1,True,True,True,False,False
frozen,spooky-author-identification,41a83bd2b52545ec13cde59bdbf0e9e2ab1eebc2136d5c03bea8b16aae56ae50,c6f1575d236f0043676ce88f17a9e14380080246bfc68b98602a1ca796f03012,3,2,True,1,1,0,1,3,3,1,3,3,2,1,1,False,True,True,True,True
frozen,spooky-author-identification,41a83bd2b52545ec13cde59bdbf0e9e2ab1eebc2136d5c03bea8b16aae56ae50,d28f643c1860b06407a57abd5a8187ac1bb1dce0de34464fa1ade72cab022780,3,2,True,1,1,0,1,3,3,1,3,3,2,1,1,False,True,True,True,True
frozen,spooky-author-identification,41a83bd2b52545ec13cde59bdbf0e9e2ab1eebc2136d5c03bea8b16aae56ae50,6d1fe8774eab407cef6f590e90de4c51b392e17dadc65e3b59b26ddc8f74bdeb,3,3,True,0,0,0,3,3,3,3,3,3,1,1,1,True,True,True,False,False
frozen,spooky-author-identification,ba7bed41b8717273b925e49a6f693585efa074b50b486e48217a41baa5a1e939,0d30827d444799c7731645a8bd6ac5bae13eeb4ed99c6eace700cf175a0eaf56,3,3,True,0,0,0,3,3,3,3,3,3,1,1,1,True,True,True,False,False
frozen,spooky-author-identification,85b9b8adf56dfc0dcf2e9a4d8e63da54b1cbedc7265ecd6cd11fa0d130f0836e,13e9543df7b24122a66ef90512564f95503e63009a093b7c06db60987f757051,3,3,True,0,0,0,3,3,3,3,3,3,1,1,1,True,True,True,False,False
frozen,spooky-author-identification,41a83bd2b52545ec13cde59bdbf0e9e2ab1eebc2136d5c03bea8b16aae56ae50,6e1fb1d8be87f77ff4d8ebf5868d01498991fe15a733e8514095dc68f32730b4,3,3,True,0,0,0,3,3,3,3,3,3,1,1,1,True,True,True,False,False
frozen,spooky-author-identification,85b9b8adf56dfc0dcf2e9a4d8e63da54b1cbedc7265ecd6cd11fa0d130f0836e,077e81d5019d6b8a80a55335bfc3790e157fa1e39588836189c9a551ef63cd44,3,2,True,1,1,0,1,3,3,1,3,3,2,1,1,False,True,True,True,True
frozen,spooky-author-identification,ba7bed41b8717273b925e49a6f693585efa074b50b486e48217a41baa5a1e939,484fd5b4ca39c928531d860b9324e079647e732dc8f5fca6ac539bfcd36d7170,3,3,True,0,0,0,3,3,3,3,3,3,1,1,1,True,True,True,False,False
frozen,spooky-author-identification,41a83bd2b52545ec13cde59bdbf0e9e2ab1eebc2136d5c03bea8b16aae56ae50,f08843a5b586ca5232176c11faafd400677f70f5b6c108bfbc35f3b718cadee2,3,3,True,0,0,0,2,2,2,2,2,2,2,2,2,False,False,False,False,False
frozen,spooky-author-identification,41a83bd2b52545ec13cde59bdbf0e9e2ab1eebc2136d5c03bea8b16aae56ae50,11c0b90c792b61fc433f2570940634b067f789f6d7c2b0cf83456feb93ae5f23,3,3,True,0,0,0,3,3,3,3,3,3,1,1,1,True,True,True,False,False
frozen,spooky-author-identification,41a83bd2b52545ec13cde59bdbf0e9e2ab1eebc2136d5c03bea8b16aae56ae50,3e69a85572f145111710e4184c2ff5c52bd0d16e01e1489fec0936f012eebf91,3,3,True,0,0,0,3,3,3,3,3,3,1,1,1,True,True,True,False,False
frozen,spooky-author-identification,85b9b8adf56dfc0dcf2e9a4d8e63da54b1cbedc7265ecd6cd11fa0d130f0836e,11d8c49de2e5fa9472246c0f338ca54376d7c589b532a6a82c053af9e1405468,3,3,True,0,0,0,3,3,3,3,3,3,1,1,1,True,True,True,False,False
frozen,spooky-author-identification,ba7bed41b8717273b925e49a6f693585efa074b50b486e48217a41baa5a1e939,09147311d1d928f39626168e5bf96086c09dedc06cefd14f584fe03a02773d2c,3,3,True,0,0,0,3,3,3,3,3,3,1,1,1,True,True,True,False,False
frozen,spooky-author-identification,41a83bd2b52545ec13cde59bdbf0e9e2ab1eebc2136d5c03bea8b16aae56ae50,6de4f9897a720382ea09a2226395508cbfb1da2f38b11a81ffa1894921f438b8,3,3,True,0,0,0,2,2,2,2,2,2,2,2,2,False,False,False,False,False
frozen,spooky-author-identification,41a83bd2b52545ec13cde59bdbf0e9e2ab1eebc2136d5c03bea8b16aae56ae50,d7b5c07b71b384d525a6c60a2da9e1f6ab94cb0383a4180b3788c8d9a3978372,3,2,True,1,1,0,1,3,3,1,3,3,2,1,1,False,True,True,True,True
frozen,spooky-author-identification,ba7bed41b8717273b925e49a6f693585efa074b50b486e48217a41baa5a1e939,0a894b2bae51f30550c685c43f09bb31b54d84cc35728433e5abe9c4bd026ec9,3,3,True,0,0,0,3,3,3,3,3,3,1,1,1,True,True,True,False,False
frozen,spooky-author-identification,41a83bd2b52545ec13cde59bdbf0e9e2ab1eebc2136d5c03bea8b16aae56ae50,b9ac3c9a989c47b03701a21b086d44ea1acdf3a7cd45391c228c56a9ecf6e747,3,2,True,1,1,0,1,3,3,1,3,3,2,1,1,False,True,True,True,True
frozen,spooky-author-identification,41a83bd2b52545ec13cde59bdbf0e9e2ab1eebc2136d5c03bea8b16aae56ae50,e66e17b037a64ef3e6b87231e605bdb76edf7b254a1f9e43e1bed198085f1b45,3,3,True,0,0,0,3,3,3,3,3,3,1,1,1,True,True,True,False,False
frozen,spooky-author-identification,85b9b8adf56dfc0dcf2e9a4d8e63da54b1cbedc7265ecd6cd11fa0d130f0836e,2a3620e8b36cdb2013bf56cd92630644565899d2f73dfdfd0b95039a4c3dda1a,3,3,True,0,0,0,3,3,3,3,3,3,1,1,1,True,True,True,False,False
frozen,spooky-author-identification,41a83bd2b52545ec13cde59bdbf0e9e2ab1eebc2136d5c03bea8b16aae56ae50,0f260cb2084d6579c9f19906aa4370d87227913a3affaa91e1953afb00acaa1b,3,3,True,0,0,0,3,3,3,3,3,3,1,1,1,True,True,True,False,False
frozen,spooky-author-identification,32ddb4b51e64d7b1cca28aaf99ec05bbc235e58cff6452c7c591fc4305ab36aa,824c7afe2b27e1cd670c2179b4dd994dba7fcb0a9c69686c04c685ab9e9f5c79,3,2,True,1,1,0,1,3,3,1,3,3,2,1,1,False,True,True,True,True
frozen,spooky-author-identification,41a83bd2b52545ec13cde59bdbf0e9e2ab1eebc2136d5c03bea8b16aae56ae50,09e6f4605068c49012a7ed54d68878fff95277b1581c6af2e2962a66db0bf122,3,2,True,1,1,0,1,3,3,1,3,3,2,1,1,False,True,True,True,True
frozen,spooky-author-identification,41a83bd2b52545ec13cde59bdbf0e9e2ab1eebc2136d5c03bea8b16aae56ae50,32cf908dcfe889f03ffb6aaf6dd76f08af4cfd8833cad8ffdb8e81f62895a419,3,3,True,0,0,0,3,3,3,3,3,3,1,1,1,True,True,True,False,False
frozen,spooky-author-identification,ba7bed41b8717273b925e49a6f693585efa074b50b486e48217a41baa5a1e939,3a5eefc02efb72cdaec3b6081581e3b810c89f1de6fb66521bab47132c8d2551,3,3,True,0,0,0,3,3,3,3,3,3,1,1,1,True,True,True,False,False
frozen,spooky-author-identification,ba7bed41b8717273b925e49a6f693585efa074b50b486e48217a41baa5a1e939,4444c39a3168c07e15d03545ce2f425a9c515e193ddf2eb506e76808d183c800,3,3,True,0,0,0,3,3,3,3,3,3,1,1,1,True,True,True,False,False
frozen,spooky-author-identification,ba7bed41b8717273b925e49a6f693585efa074b50b486e48217a41baa5a1e939,056094d851c1ba6149773987753429dfe3de0d6749964ad495f303ef8acf9d2f,3,3,True,0,0,0,3,3,3,3,3,3,1,1,1,True,True,True,False,False
frozen,spooky-author-identification,ba7bed41b8717273b925e49a6f693585efa074b50b486e48217a41baa5a1e939,8b3af88de83743dc0e99bb84beb85ef2178637899a9303128a0ea7b643e15360,3,3,True,0,0,0,3,3,3,3,3,3,1,1,1,True,True,True,False,False
frozen,spooky-author-identification,41a83bd2b52545ec13cde59bdbf0e9e2ab1eebc2136d5c03bea8b16aae56ae50,523c8350f862d376918756d5c1eecd34d5f87a0988981dc8a930d9e7ef229fd9,3,3,True,0,0,0,3,3,3,3,3,3,1,1,1,True,True,True,False,False
frozen,spooky-author-identification,85b9b8adf56dfc0dcf2e9a4d8e63da54b1cbedc7265ecd6cd11fa0d130f0836e,075474457e6fb26a6794710bc0dd26379ec9a83e785866c87ef5aaa6a92f65ec,3,3,True,0,0,0,3,3,3,3,3,3,1,1,1,True,True,True,False,False
frozen,spooky-author-identification,41a83bd2b52545ec13cde59bdbf0e9e2ab1eebc2136d5c03bea8b16aae56ae50,aefa0937ab0f52674702f9017e435ebff1cea842c36d0f6717707432883b96ac,3,3,True,0,0,0,3,3,3,3,3,3,1,1,1,True,True,True,False,False
frozen,spooky-author-identification,41a83bd2b52545ec13cde59bdbf0e9e2ab1eebc2136d5c03bea8b16aae56ae50,c9ca01aeb78572a1a444852bbd3242bb20b6d5bc1c48650ac1f41e8429d33046,3,3,True,0,0,0,3,3,3,3,3,3,1,1,1,True,True,True,False,False
frozen,spooky-author-identification,ba7bed41b8717273b925e49a6f693585efa074b50b486e48217a41baa5a1e939,efcfb0772fd0a89f42974147ceccc7aa5eb3ec813333d54554a2632e32bba6c8,3,3,True,0,0,0,3,3,3,3,3,3,1,1,1,True,True,True,False,False
frozen,spooky-author-identification,ba7bed41b8717273b925e49a6f693585efa074b50b486e48217a41baa5a1e939,033912ee9d83692651e1fc05eff6ad22421e137c507e9d5ab421fb165b7ad7d3,3,3,True,0,0,0,2,2,2,2,2,2,1,1,1,True,True,True,False,False
frozen,spooky-author-identification,ba7bed41b8717273b925e49a6f693585efa074b50b486e48217a41baa5a1e939,c17e7176441b7c11a0b20dc4f582e415fee1bae3d697a155c3548d584b334059,3,3,True,0,0,0,3,3,3,3,3,3,1,1,1,True,True,True,False,False
frozen,spooky-author-identification,41a83bd2b52545ec13cde59bdbf0e9e2ab1eebc2136d5c03bea8b16aae56ae50,49f35d91c982bf1491dc2e12fb7264c5093d0cff29ead83b24c8403ada9e88c1,3,3,True,0,0,0,2,2,2,2,2,2,2,2,2,False,False,False,False,False
frozen,spooky-author-identification,41a83bd2b52545ec13cde59bdbf0e9e2ab1eebc2136d5c03bea8b16aae56ae50,20a85be00064b49d804ce92f680ef3b492b36172a50079ff0ea693fd35bd0209,3,2,True,1,1,0,1,3,3,1,3,3,2,1,1,False,True,True,True,True
frozen,spooky-author-identification,41a83bd2b52545ec13cde59bdbf0e9e2ab1eebc2136d5c03bea8b16aae56ae50,c638dd14d7a086406da60b75abf40e6ba233d171e82470eee9b3d423cc529426,3,2,True,1,1,0,1,3,3,1,3,3,2,1,1,False,True,True,True,True
frozen,spooky-author-identification,85b9b8adf56dfc0dcf2e9a4d8e63da54b1cbedc7265ecd6cd11fa0d130f0836e,44be5acef4123c80c71ca79870d059e5b3a75ece48e8bb589fda31544d0b20fe,3,3,True,0,0,0,3,3,3,3,3,3,1,1,1,True,True,True,False,False
frozen,spooky-author-identification,ba7bed41b8717273b925e49a6f693585efa074b50b486e48217a41baa5a1e939,a49842912907367772d23dc62de364d85bffe2ed556404c3c88d633a94c694dd,3,3,True,0,0,0,3,3,3,3,3,3,1,1,1,True,True,True,False,False
frozen,spooky-author-identification,ba7bed41b8717273b925e49a6f693585efa074b50b486e48217a41baa5a1e939,46eb1be198ba278c314bf60443af6c4f46b1ff0df1a08c55382b9ef8933da43d,3,3,True,0,0,0,3,3,3,3,3,3,1,1,1,True,True,True,False,False
frozen,spooky-author-identification,41a83bd2b52545ec13cde59bdbf0e9e2ab1eebc2136d5c03bea8b16aae56ae50,74097f40f547e39048633d49a47e4f5f1122a0fb4a28129abb5b3a518e3ce814,3,2,True,1,1,0,1,3,3,1,3,3,2,1,1,False,True,True,True,True
frozen,spooky-author-identification,ba7bed41b8717273b925e49a6f693585efa074b50b486e48217a41baa5a1e939,794663be596dcbddcc4daa3db300153d37947c69ce1aba1bd7b3556eda274137,3,3,True,0,0,0,2,2,2,2,2,2,1,1,1,True,True,True,False,False
frozen,spooky-author-identification,ba7bed41b8717273b925e49a6f693585efa074b50b486e48217a41baa5a1e939,69b0bd6f55bb44e1172ba2007176d440c047dd95a980cb40a77a5ed07b476a69,3,3,True,0,0,0,2,2,2,2,2,2,2,2,2,False,False,False,False,False
frozen,spooky-author-identification,41a83bd2b52545ec13cde59bdbf0e9e2ab1eebc2136d5c03bea8b16aae56ae50,394e669e216bca07113d5009c53fb6ab84b7baf7fce48b50c6948355fb1d2ef5,3,3,True,0,0,0,2,2,2,2,2,2,2,2,2,False,False,False,False,False
frozen,spooky-author-identification,ba7bed41b8717273b925e49a6f693585efa074b50b486e48217a41baa5a1e939,0ff099461246c40d2585b1b1994a97cc3b3c97fe6cf0b188f1056e16ccb460eb,3,3,True,0,0,0,3,3,3,3,3,3,1,1,1,True,True,True,False,False
frozen,spooky-author-identification,41a83bd2b52545ec13cde59bdbf0e9e2ab1eebc2136d5c03bea8b16aae56ae50,ef4ec4d2cb9b7ff872b21ae50e4d151f3b698dc6358cfd86d201682e45366248,3,2,True,1,1,0,1,3,3,1,3,3,2,1,1,False,True,True,True,True
frozen,spooky-author-identification,41a83bd2b52545ec13cde59bdbf0e9e2ab1eebc2136d5c03bea8b16aae56ae50,57892600fa850bff24e3060f52bb8d9bf7160079ccf675cbd43a0d4b6e1ab5d9,3,3,True,0,0,0,3,3,3,3,3,3,1,1,1,True,True,True,False,False
frozen,spooky-author-identification,41a83bd2b52545ec13cde59bdbf0e9e2ab1eebc2136d5c03bea8b16aae56ae50,83ca78c477e3aa81ac182485d4155058b29e1713290f283b8b6a427ba0113471,3,3,True,0,0,0,3,3,3,3,3,3,1,1,1,True,True,True,False,False
frozen,spooky-author-identification,41a83bd2b52545ec13cde59bdbf0e9e2ab1eebc2136d5c03bea8b16aae56ae50,514fd3e9fb11c45425df231429547fcd91b134c1327e7ca2c275614008269438,3,3,True,0,0,0,3,3,3,3,3,3,1,1,1,True,True,True,False,False
frozen,spooky-author-identification,ba7bed41b8717273b925e49a6f693585efa074b50b486e48217a41baa5a1e939,5d28d3a907eb9b61e30873d1e0aca6f7dc3c3053e15ed68c3582581c29980e1b,3,3,True,0,0,0,3,3,3,3,3,3,1,1,1,True,True,True,False,False
frozen,spooky-author-identification,ba7bed41b8717273b925e49a6f693585efa074b50b486e48217a41baa5a1e939,46887e9de833561c458d6a04acdb2ce61d869e2a1486b1d3e6182e6b8dd2c756,3,2,True,1,1,0,1,3,3,1,3,3,2,1,1,False,True,True,True,True
frozen,spooky-author-identification,41a83bd2b52545ec13cde59bdbf0e9e2ab1eebc2136d5c03bea8b16aae56ae50,3443200a279e13e9f3a315b87a4e8751de76d88b87757b1d9b0b2cc4b3e84cd1,3,3,True,0,0,0,3,3,3,3,3,3,1,1,1,True,True,True,False,False
frozen,spooky-author-identification,85b9b8adf56dfc0dcf2e9a4d8e63da54b1cbedc7265ecd6cd11fa0d130f0836e,b338e0a4e2df13b6c12750f78a6dbb407a705404be206f13c71d7c04f025832c,3,3,True,0,0,0,3,3,3,3,3,3,1,1,1,True,True,True,False,False
frozen,spooky-author-identification,41a83bd2b52545ec13cde59bdbf0e9e2ab1eebc2136d5c03bea8b16aae56ae50,42fbcf1884bc9b2f7c4cec4d00e85196ce3e50548fd9ff93eedebb2de2214be4,3,3,True,0,0,0,2,2,2,2,2,2,1,1,1,True,True,True,False,False
frozen,spooky-author-identification,85b9b8adf56dfc0dcf2e9a4d8e63da54b1cbedc7265ecd6cd11fa0d130f0836e,68bb3136c0a4dedff1119c9960f704f9322cfefe5261ffe59e4c542f25a01a27,3,3,True,0,0,0,3,3,3,3,3,3,1,1,1,True,True,True,False,False
frozen,spooky-author-identification,ba7bed41b8717273b925e49a6f693585efa074b50b486e48217a41baa5a1e939,7a9e6b639ca61150b7eda135f80ddcfaf23f63c15bfa82d9b135a7fa7acecbff,3,3,True,0,0,0,3,3,3,3,3,3,1,1,1,True,True,True,False,False
frozen,spooky-author-identification,41a83bd2b52545ec13cde59bdbf0e9e2ab1eebc2136d5c03bea8b16aae56ae50,777e38b7ae09c9014a04be3bb99625461b4b622a3dec1137ec5fdb77db4d6df0,3,3,True,0,0,0,3,3,3,3,3,3,1,1,1,True,True,True,False,False
frozen,spooky-author-identification,ba7bed41b8717273b925e49a6f693585efa074b50b486e48217a41baa5a1e939,0702af00ae4a9bb78f1c7c6a35967a3608522fef422627ff03422d6a33835a01,3,3,True,0,0,0,3,3,3,3,3,3,1,1,1,True,True,True,False,False
frozen,spooky-author-identification,41a83bd2b52545ec13cde59bdbf0e9e2ab1eebc2136d5c03bea8b16aae56ae50,a91c90af408ff140bdfcd5d261f4e727a20631774d38d737b7b40fcfe5bdeda6,3,3,True,0,0,0,2,2,2,2,2,2,1,1,1,True,True,True,False,False
frozen,spooky-author-identification,ba7bed41b8717273b925e49a6f693585efa074b50b486e48217a41baa5a1e939,c880b3cd1e6c665c8e38e866eb2793a5ebbe1a339f77ce7e33df6a2562d2dc26,3,3,True,0,0,0,3,3,3,3,3,3,1,1,1,True,True,True,False,False
frozen,spooky-author-identification,ba7bed41b8717273b925e49a6f693585efa074b50b486e48217a41baa5a1e939,0565da5f1a7e71624e521ed78e4819e6fb7da1a24fc1fb8ce437450bffd70b18,3,3,True,0,0,0,3,3,3,3,3,3,1,1,1,True,True,True,False,False
frozen,spooky-author-identification,d88a2f012d26f9d97d28d48e0175eb8b8ba7fe312fe6b1e9ff69cff6359ab6f6,e89f54588fc78f716435124ef47bc7fac08693320b3a08fb0d1e9fab2a1bc8ca,4,2,True,2,2,0,1,5,5,1,5,5,3,1,1,False,True,True,True,True
frozen,spooky-author-identification,41a83bd2b52545ec13cde59bdbf0e9e2ab1eebc2136d5c03bea8b16aae56ae50,98d4ee365d97b0ae6365389c38529d88e210674509a4c6e92cac5767d505beee,3,3,True,0,0,0,3,3,3,3,3,3,1,1,1,True,True,True,False,False
frozen,spooky-author-identification,41a83bd2b52545ec13cde59bdbf0e9e2ab1eebc2136d5c03bea8b16aae56ae50,4bd622be8543eb1270e18b6f3c03c3b172c370b8d33a31b2445b95b3009bec80,3,3,True,0,0,0,3,3,3,3,3,3,1,1,1,True,True,True,False,False
frozen,spooky-author-identification,41a83bd2b52545ec13cde59bdbf0e9e2ab1eebc2136d5c03bea8b16aae56ae50,6c7a9190d2e372781d8964507673b03af9dca6bd9737720390c994ae70f870c6,3,3,True,0,0,0,3,3,3,3,3,3,1,1,1,True,True,True,False,False
frozen,spooky-author-identification,ba7bed41b8717273b925e49a6f693585efa074b50b486e48217a41baa5a1e939,e0c2d00649e12289407cb1c60c723fb453c21e4ea1e59a3144c19bb74eb551f4,3,3,True,0,0,0,2,2,2,2,2,2,2,2,2,False,False,False,False,False
frozen,spooky-author-identification,ba7bed41b8717273b925e49a6f693585efa074b50b486e48217a41baa5a1e939,03348a2eaee5c6473eda644a00876e0ad250a0fd37f9bafee77a1187da9c6ce3,3,3,True,0,0,0,3,3,3,3,3,3,1,1,1,True,True,True,False,False
frozen,spooky-author-identification,ba7bed41b8717273b925e49a6f693585efa074b50b486e48217a41baa5a1e939,1a739cc25b5d569a834fd3dd0df604957ec7f1cdbe93ae484de4d03ff84fdd44,3,2,True,1,1,0,1,3,3,1,3,3,2,1,1,False,True,True,True,True
frozen,spooky-author-identification,41a83bd2b52545ec13cde59bdbf0e9e2ab1eebc2136d5c03bea8b16aae56ae50,1bd5ef66f18f1453456951521d721dd540d3fabf4d43a98277284df22c27c3fa,3,3,True,0,0,0,3,3,3,3,3,3,1,1,1,True,True,True,False,False
frozen,spooky-author-identification,ba7bed41b8717273b925e49a6f693585efa074b50b486e48217a41baa5a1e939,27354292111bc6647b9ae16d55f79f3bd3fcc104b6972b0ebbd8031fbaf9bce5,3,3,True,0,0,0,3,3,3,3,3,3,1,1,1,True,True,True,False,False
frozen,spooky-author-identification,41a83bd2b52545ec13cde59bdbf0e9e2ab1eebc2136d5c03bea8b16aae56ae50,4ed9a7c9a8058290490ffc8843a3fd1d459ea1cece3b46f7cd9a015017be43e7,3,3,True,0,0,0,3,3,3,3,3,3,1,1,1,True,True,True,False,False
frozen,spooky-author-identification,ba7bed41b8717273b925e49a6f693585efa074b50b486e48217a41baa5a1e939,a2075aad35303b98303d776a483873f35091d140e0478d9029f6f723184e681f,3,3,True,0,0,0,3,3,3,3,3,3,1,1,1,True,True,True,False,False
frozen,spooky-author-identification,41a83bd2b52545ec13cde59bdbf0e9e2ab1eebc2136d5c03bea8b16aae56ae50,27d2607b6063544570b2478eb5a9886111d01b921b8b89cb137e211036877c69,3,3,True,0,0,0,3,3,3,3,3,3,1,1,1,True,True,True,False,False
frozen,spooky-author-identification,41a83bd2b52545ec13cde59bdbf0e9e2ab1eebc2136d5c03bea8b16aae56ae50,075bf67e1612b822c63dc4ced5b7902165a0656c5c0bbe2553af909e1ed11a7c,3,3,True,0,0,0,2,2,2,2,2,2,2,2,2,False,False,False,False,False
frozen,spooky-author-identification,41a83bd2b52545ec13cde59bdbf0e9e2ab1eebc2136d5c03bea8b16aae56ae50,0754a97d0c7da660e53995a259423543b9287bd7eb635385ac1fea2c757ae70f,3,3,True,0,0,0,3,3,3,3,3,3,1,1,1,True,True,True,False,False
frozen,spooky-author-identification,ba7bed41b8717273b925e49a6f693585efa074b50b486e48217a41baa5a1e939,a66ebd6cd677d371ac314e66ab8564b9b530fa5d0ef94e85594dd1796f2cf4be,3,3,True,0,0,0,3,3,3,3,3,3,1,1,1,True,True,True,False,False
frozen,spooky-author-identification,41a83bd2b52545ec13cde59bdbf0e9e2ab1eebc2136d5c03bea8b16aae56ae50,b16cb3ee3f48ff95fc9018e8feb40ab3b329c4ec000443efec9436a4bb79a916,3,3,True,0,0,0,3,3,3,3,3,3,1,1,1,True,True,True,False,False
frozen,spooky-author-identification,ba7bed41b8717273b925e49a6f693585efa074b50b486e48217a41baa5a1e939,288b3ef9acd8e862f54c989de2894ea628fde5027265aff022f1f740d0d4062b,3,3,True,0,0,0,3,3,3,3,3,3,1,1,1,True,True,True,False,False
frozen,spooky-author-identification,41a83bd2b52545ec13cde59bdbf0e9e2ab1eebc2136d5c03bea8b16aae56ae50,bfb14fe3bbf355dd870a502965157ebeb00100358c46e5468a0878a876f3eb0e,3,2,True,1,1,0,1,3,3,1,3,3,2,1,1,False,True,True,True,True
frozen,spooky-author-identification,85b9b8adf56dfc0dcf2e9a4d8e63da54b1cbedc7265ecd6cd11fa0d130f0836e,72f32155d706cd334c0ad89370c648bd516adf7016d1c0656b0b2cbdf1189051,3,2,True,1,1,0,1,3,3,1,3,3,2,1,1,False,True,True,True,True
frozen,spooky-author-identification,ba7bed41b8717273b925e49a6f693585efa074b50b486e48217a41baa5a1e939,02939da09ea678ff11dc39f7a9f49d9a9e7629251a36411204b30387303748de,3,3,True,0,0,0,3,3,3,3,3,3,1,1,1,True,True,True,False,False
frozen,spooky-author-identification,41a83bd2b52545ec13cde59bdbf0e9e2ab1eebc2136d5c03bea8b16aae56ae50,f2af28e7a9032835aa6e828381e98d8c06d9891a4cbf844ccc907ba2785c139b,3,2,True,1,1,0,1,3,3,1,3,3,2,1,1,False,True,True,True,True
frozen,spooky-author-identification,ba7bed41b8717273b925e49a6f693585efa074b50b486e48217a41baa5a1e939,f68ac3245754dd3f52f4d3bd90796a88c6e1fdeb8503febaa9e3ff7cb2e3ff0b,3,3,True,0,0,0,3,3,3,3,3,3,1,1,1,True,True,True,False,False
frozen,spooky-author-identification,41a83bd2b52545ec13cde59bdbf0e9e2ab1eebc2136d5c03bea8b16aae56ae50,01a8cf03965fef2d987d19639af0fa952e97ae7ca93ac52b4b340982a3734e4d,3,3,True,0,0,0,2,2,2,2,2,2,1,1,1,True,True,True,False,False
frozen,spooky-author-identification,41a83bd2b52545ec13cde59bdbf0e9e2ab1eebc2136d5c03bea8b16aae56ae50,e4d039461d7a459a36f5f87ea622732ba20949e3a4754b64cd077004419b23ab,3,2,True,1,1,0,1,3,3,1,3,3,2,1,1,False,True,True,True,True
frozen,spooky-author-identification,41a83bd2b52545ec13cde59bdbf0e9e2ab1eebc2136d5c03bea8b16aae56ae50,d2b7fdb68e7ea32c3c0d9e243e43fed22bc042bf3b82afb8696078185e9368e3,3,3,True,0,0,0,3,3,3,3,3,3,1,1,1,True,True,True,False,False
frozen,spooky-author-identification,41a83bd2b52545ec13cde59bdbf0e9e2ab1eebc2136d5c03bea8b16aae56ae50,46fe7502563247d121b4dd3b4a57692888d212d987cb39628da053b994865f39,3,3,True,0,0,0,3,3,3,3,3,3,1,1,1,True,True,True,False,False
frozen,spooky-author-identification,41a83bd2b52545ec13cde59bdbf0e9e2ab1eebc2136d5c03bea8b16aae56ae50,ba44d0af78e92989161b1c93b162e0d5cb8c2b17e322ba03b6503fb2f63131ce,3,3,True,0,0,0,3,3,3,3,3,3,1,1,1,True,True,True,False,False
frozen,spooky-author-identification,41a83bd2b52545ec13cde59bdbf0e9e2ab1eebc2136d5c03bea8b16aae56ae50,fd65832040ac905898696014ec51eb5098edf3f87990c3ed3f96515f264e5bd9,3,3,True,0,0,0,3,3,3,3,3,3,1,1,1,True,True,True,False,False
frozen,spooky-author-identification,ba7bed41b8717273b925e49a6f693585efa074b50b486e48217a41baa5a1e939,a47fe93e7ce135d629226082e128b446c8037545a07b7cebfc737013768c0360,3,3,True,0,0,0,3,3,3,3,3,3,1,1,1,True,True,True,False,False
frozen,spooky-author-identification,ba7bed41b8717273b925e49a6f693585efa074b50b486e48217a41baa5a1e939,eaa3764072a0f57ff263941f82a625e0f4d0161b3935d9b9c7062983142220bb,3,3,True,0,0,0,2,2,2,2,2,2,2,2,2,False,False,False,False,False
frozen,spooky-author-identification,41a83bd2b52545ec13cde59bdbf0e9e2ab1eebc2136d5c03bea8b16aae56ae50,4bd2a3617bf0d32cbed29dd2a5a038afc056353018ca9d82eaa485b966c352af,3,2,True,1,1,0,1,3,3,1,3,3,2,1,1,False,True,True,True,True
frozen,spooky-author-identification,ba7bed41b8717273b925e49a6f693585efa074b50b486e48217a41baa5a1e939,a5bd9855f7fc7ab6064f905c428e49d5fe61e09799cacce115dd86ac3624b80b,3,2,True,1,1,0,1,3,3,1,3,3,2,1,1,False,True,True,True,True
frozen,spooky-author-identification,41a83bd2b52545ec13cde59bdbf0e9e2ab1eebc2136d5c03bea8b16aae56ae50,46589396338a59ed23a82f906e1b716bfcc54d54b83f5744812f4b61b3cc67ea,3,3,True,0,0,0,2,2,2,2,2,2,2,2,2,False,False,False,False,False
frozen,spooky-author-identification,ba7bed41b8717273b925e49a6f693585efa074b50b486e48217a41baa5a1e939,ac977d0a747eb6b18c3cd7fb40996410bb00923adcca971aef38398343420d88,3,3,True,0,0,0,2,2,2,2,2,2,2,2,2,False,False,False,False,False
frozen,spooky-author-identification,41a83bd2b52545ec13cde59bdbf0e9e2ab1eebc2136d5c03bea8b16aae56ae50,9d4efcfa35fc65bbcada4ab90dffe3a75285607edf5ae5f3ff40211646800d48,3,3,True,0,0,0,2,2,2,2,2,2,1,1,1,True,True,True,False,False
frozen,spooky-author-identification,d88a2f012d26f9d97d28d48e0175eb8b8ba7fe312fe6b1e9ff69cff6359ab6f6,a9b1c507ea64254c56ba492039430cc6992475ab9f256474dc52dd7d3b61c05b,5,2,False,,0,3,1,1,1,1,1,1,,,,False,False,False,False,False
frozen,spooky-author-identification,ac7803eb543e751202f516b5ac09a2dc832ebf8e3113c79f82a23058db069b41,387f16083535d40de81032193df2df98ee5d22eec8ff65d4ee0873346aeb438b,5,2,False,,0,3,1,1,1,1,1,1,,,,False,False,False,False,False
frozen,spooky-author-identification,85b9b8adf56dfc0dcf2e9a4d8e63da54b1cbedc7265ecd6cd11fa0d130f0836e,cac458b3248cec19ecc41ffaf07c3b96c35e215ef130aefe51c7a73d3d07e7e8,3,3,True,0,0,0,3,3,3,3,3,3,1,1,1,True,True,True,False,False
frozen,spooky-author-identification,41a83bd2b52545ec13cde59bdbf0e9e2ab1eebc2136d5c03bea8b16aae56ae50,96e58d072e8235136e6bb3485713e1592a37f3e9b1377206ab9ead9bea9532a4,3,3,True,0,0,0,3,3,3,3,3,3,1,1,1,True,True,True,False,False
frozen,spooky-author-identification,41a83bd2b52545ec13cde59bdbf0e9e2ab1eebc2136d5c03bea8b16aae56ae50,46c052371123a617db1c46809eb22e708d4dc8037c78e3ac7350264822f5bf0e,3,2,True,1,1,0,1,3,3,1,3,3,2,1,1,False,True,True,True,True
frozen,spooky-author-identification,41a83bd2b52545ec13cde59bdbf0e9e2ab1eebc2136d5c03bea8b16aae56ae50,54099ffe3b68d9dc6b3956c4e8950d26afb6c1d38d6fb3c612115ea3d0cdf503,3,3,True,0,0,0,3,3,3,3,3,3,1,1,1,True,True,True,False,False
frozen,spooky-author-identification,ba7bed41b8717273b925e49a6f693585efa074b50b486e48217a41baa5a1e939,92bcd1bb97efeff6a2c25945df0bdae97b64579c275179277de9e05d03012d8d,3,3,True,0,0,0,3,3,3,3,3,3,1,1,1,True,True,True,False,False
frozen,spooky-author-identification,41a83bd2b52545ec13cde59bdbf0e9e2ab1eebc2136d5c03bea8b16aae56ae50,8e96b72e63f1ed687b2cffaf295b9c00460dac749b50e59bb0da8c3b3bddec2a,3,3,True,0,0,0,3,3,3,3,3,3,1,1,1,True,True,True,False,False
frozen,spooky-author-identification,ba7bed41b8717273b925e49a6f693585efa074b50b486e48217a41baa5a1e939,0e994e9ce003cdff635428039f4f8678f08856f5d00c2438b9076624fc61b656,3,3,True,0,0,0,3,3,3,3,3,3,1,1,1,True,True,True,False,False
frozen,spooky-author-identification,85b9b8adf56dfc0dcf2e9a4d8e63da54b1cbedc7265ecd6cd11fa0d130f0836e,ddb497b3c177aad4c9ae4f6ecea49ba0e831999b9dc4561e26be54c3ace95333,3,3,True,0,0,0,3,3,3,3,3,3,1,1,1,True,True,True,False,False
frozen,spooky-author-identification,41a83bd2b52545ec13cde59bdbf0e9e2ab1eebc2136d5c03bea8b16aae56ae50,c0e30e586ac78d0bbd79f251bd82741718ef69497cc1c43416bc0dbf5bce6590,3,3,True,0,0,0,3,3,3,3,3,3,1,1,1,True,True,True,False,False
frozen,spooky-author-identification,ba7bed41b8717273b925e49a6f693585efa074b50b486e48217a41baa5a1e939,1a5711b072c8b3ee42991e6b730a59a76412971ed6b3cece898d3caefc1ddac2,3,2,True,1,1,0,1,3,3,1,3,3,2,1,1,False,True,True,True,True
frozen,spooky-author-identification,41a83bd2b52545ec13cde59bdbf0e9e2ab1eebc2136d5c03bea8b16aae56ae50,6d36fade4a4e919e4ad6b8c97d815fc44903c2f016ce308119ac8afab8ce3b68,3,3,True,0,0,0,3,3,3,3,3,3,1,1,1,True,True,True,False,False
frozen,spooky-author-identification,41a83bd2b52545ec13cde59bdbf0e9e2ab1eebc2136d5c03bea8b16aae56ae50,0b579287107ea830b7dfa897bffd897d9d84101d3974c60f66b5c9ef71f9bdbd,3,3,True,0,0,0,3,3,3,3,3,3,1,1,1,True,True,True,False,False
frozen,spooky-author-identification,41a83bd2b52545ec13cde59bdbf0e9e2ab1eebc2136d5c03bea8b16aae56ae50,96a876ca6c7eb9c96546f3641e14673d539da8145795cb112019e00f93f7bf49,3,3,True,0,0,0,3,3,3,3,3,3,1,1,1,True,True,True,False,False
frozen,spooky-author-identification,41a83bd2b52545ec13cde59bdbf0e9e2ab1eebc2136d5c03bea8b16aae56ae50,cd995b082fb3e2e28af5d4e26d970849e5fd3329bdc5c9af6b2cef451d84e050,3,3,True,0,0,0,3,3,3,3,3,3,1,1,1,True,True,True,False,False
frozen,spooky-author-identification,41a83bd2b52545ec13cde59bdbf0e9e2ab1eebc2136d5c03bea8b16aae56ae50,14ddbabc950ac825a01edf3bdc3dda6723eeb540d50f066621f7a490b4eb1eaf,3,3,True,0,0,0,3,3,3,3,3,3,1,1,1,True,True,True,False,False
frozen,spooky-author-identification,ba7bed41b8717273b925e49a6f693585efa074b50b486e48217a41baa5a1e939,cd087bb5afa6c0fba77ce7448d321f073ce2735bc91e40f29dc7fc4db6b456c4,3,3,True,0,0,0,3,3,3,3,3,3,1,1,1,True,True,True,False,False
frozen,spooky-author-identification,ba7bed41b8717273b925e49a6f693585efa074b50b486e48217a41baa5a1e939,468d208b9d128bc0e09ec71c45da01eb14f99c92ff5e58ca4e3ee49e6492c03e,3,3,True,0,0,0,3,3,3,3,3,3,1,1,1,True,True,True,False,False
frozen,spooky-author-identification,85b9b8adf56dfc0dcf2e9a4d8e63da54b1cbedc7265ecd6cd11fa0d130f0836e,d24e1454c947a85f3feae0683a9bbab29ce62e2794ad0e58098434ad37a87508,3,2,True,1,1,0,1,3,3,1,3,3,2,1,1,False,True,True,True,True
frozen,spooky-author-identification,ba7bed41b8717273b925e49a6f693585efa074b50b486e48217a41baa5a1e939,2a4dc2ce95abf0237bbbf6b2d03c43a270c4acdda2d37986a389032818747b0a,3,3,True,0,0,0,3,3,3,3,3,3,1,1,1,True,True,True,False,False
frozen,spooky-author-identification,ba7bed41b8717273b925e49a6f693585efa074b50b486e48217a41baa5a1e939,89795baaae28c198f8b4ea7b39bd9bdc376acf5c244fb28b8cc647c0aeb9a87e,3,2,True,1,1,0,1,3,3,1,3,3,2,1,1,False,True,True,True,True
frozen,spooky-author-identification,ba7bed41b8717273b925e49a6f693585efa074b50b486e48217a41baa5a1e939,d5c272b9abe4fca4162b1edf6c0896888a87a66c4525a3b17b03837214ec7756,3,3,True,0,0,0,2,2,2,2,2,2,1,1,1,True,True,True,False,False
frozen,spooky-author-identification,85b9b8adf56dfc0dcf2e9a4d8e63da54b1cbedc7265ecd6cd11fa0d130f0836e,4eff6713b5bfd20382628e4749aaede56685d05058efe9b3babf8bdc35d01027,3,2,True,1,1,0,1,3,3,1,3,3,2,1,1,False,True,True,True,True
frozen,spooky-author-identification,85b9b8adf56dfc0dcf2e9a4d8e63da54b1cbedc7265ecd6cd11fa0d130f0836e,1a10dcd25945a2a7682b4097b8044243ba0d3ebd967e45cccde993760bd29c36,3,2,False,,0,1,1,1,1,1,1,1,,,,False,False,False,False,False
frozen,spooky-author-identification,41a83bd2b52545ec13cde59bdbf0e9e2ab1eebc2136d5c03bea8b16aae56ae50,259c79a9a835cc805bdd81b7f0fcc9cdb1747cf6a6d33469c4663c5eba8393b3,3,3,True,0,0,0,2,2,2,2,2,2,1,1,1,True,True,True,False,False
frozen,spooky-author-identification,85b9b8adf56dfc0dcf2e9a4d8e63da54b1cbedc7265ecd6cd11fa0d130f0836e,0e205f48f6023b0ed3aab0e5690f23519c32102607b0a244a8612aa565ea54eb,3,3,True,0,0,0,3,3,3,3,3,3,1,1,1,True,True,True,False,False
frozen,spooky-author-identification,41a83bd2b52545ec13cde59bdbf0e9e2ab1eebc2136d5c03bea8b16aae56ae50,44fe7a809a4228ac76c48692051749b0ea05ff8e0703de32cd9ac2591645351b,3,3,True,0,0,0,3,3,3,3,3,3,1,1,1,True,True,True,False,False
frozen,spooky-author-identification,ba7bed41b8717273b925e49a6f693585efa074b50b486e48217a41baa5a1e939,614d38010b1a1b4ea1eab679f356849a94794fd61bc929d4c7329cf3984c53d6,3,3,True,0,0,0,2,2,2,2,2,2,2,2,2,False,False,False,False,False
frozen,spooky-author-identification,ba7bed41b8717273b925e49a6f693585efa074b50b486e48217a41baa5a1e939,e0d92af98df220d36ba44806a748c87277fb732871e48e2fd212c87991748a6b,3,3,True,0,0,0,2,2,2,2,2,2,2,2,2,False,False,False,False,False
frozen,spooky-author-identification,85b9b8adf56dfc0dcf2e9a4d8e63da54b1cbedc7265ecd6cd11fa0d130f0836e,9a8c9a019d0a4a861ae3c5afd17116e821b596a6998d64aa8c7211715edcb9ab,3,3,True,0,0,0,3,3,3,3,3,3,1,1,1,True,True,True,False,False
frozen,spooky-author-identification,41a83bd2b52545ec13cde59bdbf0e9e2ab1eebc2136d5c03bea8b16aae56ae50,70f8f52dee73701683795a13a126824314fbb05dc2504692b28a8ded61531fdd,3,3,True,0,0,0,3,3,3,3,3,3,1,1,1,True,True,True,False,False
frozen,spooky-author-identification,85b9b8adf56dfc0dcf2e9a4d8e63da54b1cbedc7265ecd6cd11fa0d130f0836e,812b6150a1c2c9b97a06a0a6b1ac7dc94492075fd29d05bf354b09db1ae82d6a,3,3,True,0,0,0,3,3,3,3,3,3,1,1,1,True,True,True,False,False
frozen,spooky-author-identification,ba7bed41b8717273b925e49a6f693585efa074b50b486e48217a41baa5a1e939,b547321436b42e93e95ac16010aba8a6e126b8a064d9aaf34d19f713a4300600,3,3,True,0,0,0,3,3,3,3,3,3,1,1,1,True,True,True,False,False
frozen,spooky-author-identification,ba7bed41b8717273b925e49a6f693585efa074b50b486e48217a41baa5a1e939,5ce767356f2038f00f562b4f349aa3320f1eb85a7cdc4436d65ea1dec185a13f,3,2,True,1,1,0,1,3,3,1,3,3,2,1,1,False,True,True,True,True
frozen,spooky-author-identification,85b9b8adf56dfc0dcf2e9a4d8e63da54b1cbedc7265ecd6cd11fa0d130f0836e,d1797d3c173a85a43db02a46ee553426103646608a38f275ccbfadca61ee9f3f,3,2,True,1,1,0,1,3,3,1,3,3,2,1,1,False,True,True,True,True
frozen,spooky-author-identification,85b9b8adf56dfc0dcf2e9a4d8e63da54b1cbedc7265ecd6cd11fa0d130f0836e,e838fb07029a514316d1ab587264be39165c6fbc35e7fe638d17640f47931173,3,3,True,0,0,0,3,3,3,3,3,3,1,1,1,True,True,True,False,False
frozen,spooky-author-identification,ba7bed41b8717273b925e49a6f693585efa074b50b486e48217a41baa5a1e939,68c30cdbbaffdee909e35a6115adc4c5b4cc4f31c94c9bf364b81d05d59b6a73,3,3,True,0,0,0,3,3,3,3,3,3,1,1,1,True,True,True,False,False
frozen,spooky-author-identification,41a83bd2b52545ec13cde59bdbf0e9e2ab1eebc2136d5c03bea8b16aae56ae50,e916af63eaa2a313fac50edcd1eed7c907d6bbf0fa10ea0544576e96870b031d,3,2,True,1,1,0,1,3,3,1,3,3,2,1,1,False,True,True,True,True
frozen,spooky-author-identification,85b9b8adf56dfc0dcf2e9a4d8e63da54b1cbedc7265ecd6cd11fa0d130f0836e,4cc9ddf6b39fd76da512b282efe42784cced4a20e8e4fdfe83161dd85d41ad09,3,3,True,0,0,0,3,3,3,3,3,3,1,1,1,True,True,True,False,False
frozen,spooky-author-identification,85b9b8adf56dfc0dcf2e9a4d8e63da54b1cbedc7265ecd6cd11fa0d130f0836e,1de6f884084e03b8bb6e6dda4abacfeff63a8378f4b2162bb926a196be796ea2,3,2,True,1,1,0,1,3,3,1,3,3,2,1,1,False,True,True,True,True
frozen,spooky-author-identification,41a83bd2b52545ec13cde59bdbf0e9e2ab1eebc2136d5c03bea8b16aae56ae50,c69f79f65291585728ea8b9840488f105b48ea5429dea5c55ab188afbe268daa,3,3,True,0,0,0,3,3,3,3,3,3,1,1,1,True,True,True,False,False
frozen,spooky-author-identification,41a83bd2b52545ec13cde59bdbf0e9e2ab1eebc2136d5c03bea8b16aae56ae50,800c80d231dcab3aa08a5785defe7f08fe960c72e0cf0a7abbb9c1069b97cac3,3,3,True,0,0,0,2,2,2,2,2,2,1,1,1,True,True,True,False,False
frozen,spooky-author-identification,ba7bed41b8717273b925e49a6f693585efa074b50b486e48217a41baa5a1e939,cef43a62e7f4c5d2a0a4baad11a442906445e4f87b4b41d66d05dc29335bf01b,3,3,True,0,0,0,3,3,3,3,3,3,1,1,1,True,True,True,False,False
frozen,spooky-author-identification,ba7bed41b8717273b925e49a6f693585efa074b50b486e48217a41baa5a1e939,3ce01de3e498534e8ee0a9035cd6b97a833124d657bf91b433b3c8d54d080931,3,3,True,0,0,0,3,3,3,3,3,3,1,1,1,True,True,True,False,False
frozen,spooky-author-identification,ba7bed41b8717273b925e49a6f693585efa074b50b486e48217a41baa5a1e939,7f22afbf9879174bbb8754f8c955306976d69c8f66f15f44ccba75ac37bdbb93,3,3,True,0,0,0,3,3,3,3,3,3,1,1,1,True,True,True,False,False
frozen,spooky-author-identification,ba7bed41b8717273b925e49a6f693585efa074b50b486e48217a41baa5a1e939,11924052ca8d81fa5acc97e614c369a2d3cbb040d2037af6b0558d01e8bd22af,3,3,True,0,0,0,2,2,2,2,2,2,2,2,2,False,False,False,False,False
frozen,spooky-author-identification,ba7bed41b8717273b925e49a6f693585efa074b50b486e48217a41baa5a1e939,33dd97ce24cc9a49c70b3611472da5819cc521d18968cb0fafcb3873e30c2314,3,3,True,0,0,0,3,3,3,3,3,3,1,1,1,True,True,True,False,False
frozen,spooky-author-identification,85b9b8adf56dfc0dcf2e9a4d8e63da54b1cbedc7265ecd6cd11fa0d130f0836e,4004605730bf650c42f52cbe37d9da2a2bd732130b4ccc46eebc0b5fb42d5388,3,3,True,0,0,0,3,3,3,3,3,3,1,1,1,True,True,True,False,False
frozen,spooky-author-identification,ba7bed41b8717273b925e49a6f693585efa074b50b486e48217a41baa5a1e939,649ea7ca944b0f39a2f6035cf29ba29a246758b8cdfd406c432c8ec46acf3cbb,3,3,True,0,0,0,3,3,3,3,3,3,1,1,1,True,True,True,False,False
frozen,spooky-author-identification,41a83bd2b52545ec13cde59bdbf0e9e2ab1eebc2136d5c03bea8b16aae56ae50,005ccfb8144a5f42f8c201d8a7747ed2f637b0eb140df8699b11ffd89ed2594e,3,3,True,0,0,0,3,3,3,3,3,3,1,1,1,True,True,True,False,False
frozen,spooky-author-identification,ba7bed41b8717273b925e49a6f693585efa074b50b486e48217a41baa5a1e939,a61dd13d02fa93e0b5b24b67dec33157943b18b67125168006631974bdf8f9e9,3,3,True,0,0,0,2,2,2,2,2,2,1,1,1,True,True,True,False,False
frozen,spooky-author-identification,41a83bd2b52545ec13cde59bdbf0e9e2ab1eebc2136d5c03bea8b16aae56ae50,d67a9d5f9a5186b4a2fc6f0aa0cd3d138cee7fc2bd6884a797df95a7adc46c18,3,2,True,1,1,0,1,3,3,1,3,3,2,1,1,False,True,True,True,True
frozen,spooky-author-identification,85b9b8adf56dfc0dcf2e9a4d8e63da54b1cbedc7265ecd6cd11fa0d130f0836e,0a57f5e2917bf288d51b5378fc06b94b953176d1bf12a380418be9e28b3d94b7,3,3,True,0,0,0,3,3,3,3,3,3,1,1,1,True,True,True,False,False
frozen,spooky-author-identification,ba7bed41b8717273b925e49a6f693585efa074b50b486e48217a41baa5a1e939,426a220b8118e82b16f3d3462c0de530083015f4390e301396ce669dfa7196e7,3,3,True,0,0,0,3,3,3,3,3,3,1,1,1,True,True,True,False,False
frozen,spooky-author-identification,ba7bed41b8717273b925e49a6f693585efa074b50b486e48217a41baa5a1e939,08d61562664c8f8f471ef51543a775ac735d252ce560ac4d949e4f0ff8549cfe,3,3,True,0,0,0,3,3,3,3,3,3,1,1,1,True,True,True,False,False
frozen,spooky-author-identification,ba7bed41b8717273b925e49a6f693585efa074b50b486e48217a41baa5a1e939,122e2439afdc81331a8aec6d4ba1d441a7fef64d56d6e7636987c56dc5672d87,3,3,True,0,0,0,3,3,3,3,3,3,1,1,1,True,True,True,False,False
frozen,spooky-author-identification,41a83bd2b52545ec13cde59bdbf0e9e2ab1eebc2136d5c03bea8b16aae56ae50,eb61475f91e2294ac6199def1ec1686dd939b3988cf94005fb5c3fec7491c1f3,3,3,True,0,0,0,2,2,2,2,2,2,2,2,2,False,False,False,False,False
frozen,spooky-author-identification,41a83bd2b52545ec13cde59bdbf0e9e2ab1eebc2136d5c03bea8b16aae56ae50,b6f6937cadeb4cdc42a329cdf5e32fe60ccf1e867ef7f9b611a5ff8c977c1187,3,3,True,0,0,0,2,2,2,2,2,2,2,2,2,False,False,False,False,False
frozen,spooky-author-identification,ba7bed41b8717273b925e49a6f693585efa074b50b486e48217a41baa5a1e939,1e916ce6a96cb4687a450cdc98ab81e5018c6bc709be9321bb4dfcf48e61fa77,3,2,True,1,1,0,1,3,3,1,3,3,2,1,1,False,True,True,True,True
frozen,spooky-author-identification,ba7bed41b8717273b925e49a6f693585efa074b50b486e48217a41baa5a1e939,b031c2fdaae54843d9b917598c2f3f20898d6df2a97bccfb456dd8cc431fb95e,3,3,True,0,0,0,3,3,3,3,3,3,1,1,1,True,True,True,False,False
frozen,spooky-author-identification,ba7bed41b8717273b925e49a6f693585efa074b50b486e48217a41baa5a1e939,5e5dcac8f211d906d12f5039b73d15d142299f37566b84902b280a53b8dfad4f,3,3,True,0,0,0,3,3,3,3,3,3,1,1,1,True,True,True,False,False
frozen,spooky-author-identification,ba7bed41b8717273b925e49a6f693585efa074b50b486e48217a41baa5a1e939,3a9f696875ecb7a1b563c7c453b83a6f07cab2f82b148314c4614be86ad2ffe6,3,3,True,0,0,0,3,3,3,3,3,3,1,1,1,True,True,True,False,False
frozen,spooky-author-identification,41a83bd2b52545ec13cde59bdbf0e9e2ab1eebc2136d5c03bea8b16aae56ae50,b915e957910c36ccdc7ee6e88ab6799072cc06220a75e9664a156a6a4c970e45,3,2,True,1,1,0,1,3,3,1,3,3,2,1,1,False,True,True,True,True
frozen,spooky-author-identification,ba7bed41b8717273b925e49a6f693585efa074b50b486e48217a41baa5a1e939,d36f2591d2251034e7efd698d9f399186640239755e27c59fd21926bf56eea7e,3,3,True,0,0,0,3,3,3,3,3,3,1,1,1,True,True,True,False,False
frozen,spooky-author-identification,41a83bd2b52545ec13cde59bdbf0e9e2ab1eebc2136d5c03bea8b16aae56ae50,a6fa39fc329eb38f3d71646a90cd93f275e2d0f858f35f5662289c2d72a4f43f,3,3,True,0,0,0,3,3,3,3,3,3,1,1,1,True,True,True,False,False
frozen,spooky-author-identification,41a83bd2b52545ec13cde59bdbf0e9e2ab1eebc2136d5c03bea8b16aae56ae50,ef7573cfe00960ace770cc2ede30bf69987dff11bb8660abcf426e5bf96e8598,3,3,True,0,0,0,3,3,3,3,3,3,1,1,1,True,True,True,False,False
frozen,spooky-author-identification,ba7bed41b8717273b925e49a6f693585efa074b50b486e48217a41baa5a1e939,6d1be730fdeb653fc80fda515ab4e8d98a129399cb44e26b6fa84145188db5e4,3,3,True,0,0,0,3,3,3,3,3,3,1,1,1,True,True,True,False,False
frozen,spooky-author-identification,ba7bed41b8717273b925e49a6f693585efa074b50b486e48217a41baa5a1e939,9e7f45e6045cc7e55926b470dcd83755002c4d6a8838e73d0c2a6719b46c0708,3,2,True,1,1,0,1,3,3,1,3,3,2,1,1,False,True,True,True,True
frozen,spooky-author-identification,ba7bed41b8717273b925e49a6f693585efa074b50b486e48217a41baa5a1e939,47e6cb94680eedc09b406b9693ff1dfba05e3ea7a280dca0e749f46dc8271d96,3,3,True,0,0,0,3,3,3,3,3,3,1,1,1,True,True,True,False,False
frozen,spooky-author-identification,ba7bed41b8717273b925e49a6f693585efa074b50b486e48217a41baa5a1e939,ba44b6cb17d78d3a6fdca2c1f59c61f2d252ae318b7e7ef29578276b87bc9f6e,3,2,True,1,1,0,1,3,3,1,3,3,2,1,1,False,True,True,True,True
frozen,spooky-author-identification,ba7bed41b8717273b925e49a6f693585efa074b50b486e48217a41baa5a1e939,2f1d9ee2c5087c0853817825d941a1a03863d02a87d75877d60fa963e5edf1bb,3,3,True,0,0,0,3,3,3,3,3,3,1,1,1,True,True,True,False,False
frozen,spooky-author-identification,41a83bd2b52545ec13cde59bdbf0e9e2ab1eebc2136d5c03bea8b16aae56ae50,74fecddb41585891ea6319757b206e8bce6ec33e784a2af9581473ad93ee9c21,3,3,True,0,0,0,3,3,3,3,3,3,1,1,1,True,True,True,False,False
frozen,spooky-author-identification,41a83bd2b52545ec13cde59bdbf0e9e2ab1eebc2136d5c03bea8b16aae56ae50,77abd1bfcd5559b28c388cb4608028fd7860e080530b37b09a8b70415a7c1888,3,3,True,0,0,0,2,2,2,2,2,2,1,1,1,True,True,True,False,False
frozen,spooky-author-identification,ba7bed41b8717273b925e49a6f693585efa074b50b486e48217a41baa5a1e939,51f1c03d7598895a187f809023a9875102b659f074b03876291c2aebe24cc8d1,3,3,True,0,0,0,2,2,2,2,2,2,2,2,2,False,False,False,False,False
frozen,spooky-author-identification,41a83bd2b52545ec13cde59bdbf0e9e2ab1eebc2136d5c03bea8b16aae56ae50,7de9100784ca5bda9e0b4de4b8feea16cc5d70f7aa6545eba8a915eed2106c93,3,3,True,0,0,0,3,3,3,3,3,3,1,1,1,True,True,True,False,False
frozen,spooky-author-identification,85b9b8adf56dfc0dcf2e9a4d8e63da54b1cbedc7265ecd6cd11fa0d130f0836e,508b658c7d744f47941fe1af3a01c93856e263738068cfe4b56a735defce5d22,3,3,True,0,0,0,3,3,3,3,3,3,1,1,1,True,True,True,False,False
frozen,spooky-author-identification,41a83bd2b52545ec13cde59bdbf0e9e2ab1eebc2136d5c03bea8b16aae56ae50,e42616fe0a73ddd477561610de135ebcb378e448759fd783c11a3c5569172435,3,3,True,0,0,0,2,2,2,2,2,2,2,2,2,False,False,False,False,False
frozen,spooky-author-identification,41a83bd2b52545ec13cde59bdbf0e9e2ab1eebc2136d5c03bea8b16aae56ae50,bb781a790909c500659c82face75be7bdd70201eba31b191ebec56b4f87e9327,3,3,True,0,0,0,3,3,3,3,3,3,1,1,1,True,True,True,False,False
frozen,spooky-author-identification,41a83bd2b52545ec13cde59bdbf0e9e2ab1eebc2136d5c03bea8b16aae56ae50,255a640f65f8c904c9341dd486c6cc0e04bbe8cb5836e1e10fad13916289171c,3,3,True,0,0,0,3,3,3,3,3,3,1,1,1,True,True,True,False,False
frozen,spooky-author-identification,41a83bd2b52545ec13cde59bdbf0e9e2ab1eebc2136d5c03bea8b16aae56ae50,1f0e30625af663005ce011d7ff1466a2761015532b19bb90300132af6a9d8395,3,3,True,0,0,0,3,3,3,3,3,3,1,1,1,True,True,True,False,False
frozen,spooky-author-identification,cba3dff8523c77d7a83dd08d4b44b3faa1dab9545d0b2bd5baa0711a753226b0,d5b01ec2a219af7579c524490f8710710c6b469169fe57144e6f428b890ef598,3,3,True,0,0,0,3,3,3,3,3,3,1,1,1,True,True,True,False,False
frozen,tabular-playground-series-dec-2021,3d01f6f033ded99af2132fa5a583fabc5a560b1a3990e95f045531bdcfc3c5b4,97f1f268e8d4e515f1c17a79d456e5ca3de01a9c5a690aa4bed0be9e5347b1c4,3,2,False,,0,1,1,1,1,1,1,1,,,,False,False,False,False,False
frozen,tabular-playground-series-dec-2021,9c612287c0dad87469b969e436ee85f71dd417000a3b395548b49b23ec25f9fa,20e52493d998e9f3825cc5588c42dc0fb3d5e27220fc1adfe0d61b9ce4b5b3da,2,2,True,0,0,0,1,1,1,1,1,1,1,1,1,True,True,True,False,False
frozen,tabular-playground-series-dec-2021,ee48fe743441556fc3a0565b1b569149e5c9a43379abc7e7dfb99fe11dd72568,d00c4ab6891c4d89feaef1bfd7c76176b31f36560c4b0481ee10cdebe3464a41,2,2,True,0,0,0,1,1,1,1,1,1,1,1,1,True,True,True,False,False
frozen,tabular-playground-series-dec-2021,4c1cd776c7d3f6d177ca89c62302e8699d8efeba32ac6faa8bf0fac41056748c,2b6d064a8d6bf97bab71ea0a9fd550e794c8dc730e2729bc3251eff410f59f58,2,2,True,0,0,0,1,1,1,1,1,1,1,1,1,True,True,True,False,False
frozen,tabular-playground-series-may-2022,506268c33cbbbf26d8509052ec63a99dacbf8f0ea77453389b3ffaf486a754a4,65cac3842583b7f23fd2e9957a4479faffb29aa955f21509bcce88cdb611c788,5,4,True,1,1,0,6,10,10,6,10,10,2,1,1,False,True,True,True,True
frozen,tabular-playground-series-may-2022,6c29d476afb1548cd4d035d5abb8c8c148d9248c4e66e80c8c86dc74544ed439,24430918f1cfe98246ea47981edd27ca2c93f2aeab0841ead3ee056a0d037cc3,5,3,True,2,2,0,3,9,9,3,9,9,3,1,1,False,True,True,True,True
frozen,tabular-playground-series-may-2022,6884b07db19805d4dece848a1715ccc721e5cba7cf7cb3262e8084194ec2ac01,2ffec52492236a874886df483c022a008e216212d5eb3ba2b72b70a7a69e8e9b,3,2,True,1,1,0,1,3,3,1,3,3,2,1,1,False,True,True,True,True
frozen,tabular-playground-series-may-2022,6c29d476afb1548cd4d035d5abb8c8c148d9248c4e66e80c8c86dc74544ed439,ed42a8e2adb698823ba8ffee48579e7731b4c85496945dce2db886b5b72e3fa6,5,5,True,0,0,0,10,10,10,10,10,10,1,1,1,True,True,True,False,False
frozen,tabular-playground-series-may-2022,506268c33cbbbf26d8509052ec63a99dacbf8f0ea77453389b3ffaf486a754a4,45ea723034a606b8ec711808acc13687aeca0f15becb22aad00cf152fabf2f80,5,3,True,2,2,0,3,9,9,3,9,9,3,1,1,False,True,True,True,True
frozen,tabular-playground-series-may-2022,4739f0f28b377af4235c6d4aa716df989448077c2b759fe8f3d059aa4367328b,263071abc0bb6514db7993e8cc5dbc7a4540d60a8056d30a8bc4f93919a414c8,5,4,True,1,1,0,6,10,10,6,10,10,2,1,1,False,True,True,True,True
frozen,tabular-playground-series-may-2022,c085d6b56c5f51fbe49d99d159c1f6c310665c3089df378394c35c5ce4d81280,f6816cabb2ae653418ac4ae806180762719b8371a1b83e95ce68164db4c7ddf8,5,3,True,2,2,0,3,9,9,3,9,9,3,1,1,False,True,True,True,True
frozen,tabular-playground-series-may-2022,6c29d476afb1548cd4d035d5abb8c8c148d9248c4e66e80c8c86dc74544ed439,af9006f44b1f24cf80da1a50d7eb0cf8cd8ca21a4769cdfbf65fbfdc179adc2e,5,2,True,3,3,0,1,7,7,1,7,7,4,1,1,False,True,True,True,True
frozen,tabular-playground-series-may-2022,506268c33cbbbf26d8509052ec63a99dacbf8f0ea77453389b3ffaf486a754a4,6ccb7237d53666423a8f5982048a028933b035eebbf4fb1a3e8f299de2232d86,5,4,False,,0,1,6,6,6,6,6,6,,,,False,False,False,False,False
frozen,tabular-playground-series-may-2022,40a9ed69d1deef383e41b8f9a1e7d425c196f660a716ac800d90c1ef3b1932f9,174a6197e63f22151452c743eaaa5966ed43ee5a31e235a8d323c5d970794639,5,2,False,,0,3,1,1,1,1,1,1,,,,False,False,False,False,False
frozen,tabular-playground-series-may-2022,f60cbcb1199d5bd8758b2edc20088cd9be5cca80ca40ddc75e934f5710860b39,15dd72d19da8d2680dd3ce8e55f22e8f0505e9941aa5b0fe4ba5453e642c8707,5,3,True,2,2,0,3,9,9,3,9,9,3,1,1,False,True,True,True,True
frozen,tabular-playground-series-may-2022,40a9ed69d1deef383e41b8f9a1e7d425c196f660a716ac800d90c1ef3b1932f9,bb496486ca26843dc48b38aa0e42a69bf4fa4cd1765d64842af10ec6b298f2c6,5,2,True,3,3,0,1,7,7,1,7,7,4,1,1,False,True,True,True,True
frozen,tabular-playground-series-may-2022,4c33d8e906d095e6c8181c22b86f8cdb4ea84362117adca710f17db6bbca5702,524f27f7c6cbe8ff790e3900b1915dc635f5e89505a5e87281f234056752f636,5,2,False,,0,3,1,1,1,1,1,1,,,,False,False,False,False,False
frozen,tabular-playground-series-may-2022,abb79e928246412fb7828121522844256f2723b84b82207429114222837f16fd,7b6449bff0e6a94379dec358e7ecba1c6aeb27eec5af128ae9100bc6a63448ea,5,3,False,,0,2,3,3,3,3,3,3,,,,False,False,False,False,False
frozen,tabular-playground-series-may-2022,4739f0f28b377af4235c6d4aa716df989448077c2b759fe8f3d059aa4367328b,b223757c7ac10ea823e6b90f2f415aa66ea76b333fb4bad7f52f3fcb501588f7,5,3,True,2,2,0,3,9,9,3,9,9,3,1,1,False,True,True,True,True
frozen,tabular-playground-series-may-2022,dc4dc7a37bce1d6cdc12b6139896200323afa7d57b12187cea1ba187ef1ceee3,92ceb8374e226bd661d0618d314eb5ee6e9e1b012175806694973f744a1d75ef,5,2,False,,0,3,1,1,1,1,1,1,,,,False,False,False,False,False
frozen,tabular-playground-series-may-2022,f60cbcb1199d5bd8758b2edc20088cd9be5cca80ca40ddc75e934f5710860b39,dc9bffae4bcb199a9cdace611542487aefc7c335d2b28aea88e3359e6b917855,5,3,False,,0,2,3,3,3,3,3,3,,,,False,False,False,False,False
frozen,tabular-playground-series-may-2022,6884b07db19805d4dece848a1715ccc721e5cba7cf7cb3262e8084194ec2ac01,6ee8e7659af68c9a8ffc220c196ceb2b1a86888a316072659e30a9122024baba,3,3,True,0,0,0,3,3,3,3,3,3,1,1,1,True,True,True,False,False
frozen,tabular-playground-series-may-2022,6c29d476afb1548cd4d035d5abb8c8c148d9248c4e66e80c8c86dc74544ed439,9ef2e4e03181ee129e34679f63a4869f0b5cabd317ccc13f3cc72ad7968180ed,5,5,True,0,0,0,10,10,10,10,10,10,1,1,1,True,True,True,False,False
frozen,tabular-playground-series-may-2022,6c29d476afb1548cd4d035d5abb8c8c148d9248c4e66e80c8c86dc74544ed439,aaf11847c0f81a36969ba7ab23eb81314bc22d5359c12b2561aee791da59e226,5,4,True,1,1,0,6,10,10,6,10,10,2,1,1,False,True,True,True,True
frozen,tabular-playground-series-may-2022,4c33d8e906d095e6c8181c22b86f8cdb4ea84362117adca710f17db6bbca5702,ca884c460c65d5494ad2f396d6bfcea27beecafa4a7c8a2908f61a3859e7dae7,5,3,True,2,2,0,3,9,9,3,9,9,3,1,1,False,True,True,True,True
frozen,tabular-playground-series-may-2022,f0f750252995d6b19695c56010092d4aff9c31e30c825b61fbc46db602cd14a5,198ca4842034750a7c6cc31da2226282f5f39e8246413b2881a1116389afccf1,5,3,True,2,2,0,3,9,9,3,9,9,3,1,1,False,True,True,True,True
frozen,tabular-playground-series-may-2022,6395bd07851c213c65f969a15f5399bd1a500986fafff9b17aebef5a02017337,0614913dc4d75a6442a0e92360fba519dc57c9b6811a10f28dd3f254135ae1fa,5,2,True,3,3,0,1,7,7,1,7,7,4,1,1,False,True,True,True,True
frozen,text-normalization-challenge-english-language,f78d661566ad9a65d2c98ed58da1125ffbba98bdf19396752d3c56e839c0d76a,dbf70cd2a4c29b3af35065b3b4170ac3b2dc55944f518d0ecb530bd949f5c25c,2,2,True,0,0,0,1,1,1,1,1,1,1,1,1,True,True,True,False,False
frozen,text-normalization-challenge-english-language,f78d661566ad9a65d2c98ed58da1125ffbba98bdf19396752d3c56e839c0d76a,44b9bb27408413bb912d7a4e6de8c37e3c3baee505515e88fabc08a2ab430713,2,2,True,0,0,0,1,1,1,1,1,1,1,1,1,True,True,True,False,False
frozen,text-normalization-challenge-english-language,8b65ef3332553be513df159b845f6ecd77edd760cee0a38d4a582080a39acd1e,02d73ba8d2dae604f262977cf23711143ed452b06dd6a01b1e627e440feb87d6,2,2,True,0,0,0,1,1,1,1,1,1,1,1,1,True,True,True,False,False
frozen,text-normalization-challenge-english-language,8b65ef3332553be513df159b845f6ecd77edd760cee0a38d4a582080a39acd1e,e9e8bf8691eb55951469b2e91f2323af909140a4822a372b180bf1784e64e7c6,2,2,True,0,0,0,1,1,1,1,1,1,1,1,1,True,True,True,False,False
frozen,text-normalization-challenge-english-language,8b65ef3332553be513df159b845f6ecd77edd760cee0a38d4a582080a39acd1e,6edf055ba02477bdb050ddbf32a56282b539d8deb245216c8ba7c77db0c25e3c,2,2,True,0,0,0,1,1,1,1,1,1,1,1,1,True,True,True,False,False
frozen,text-normalization-challenge-english-language,8b65ef3332553be513df159b845f6ecd77edd760cee0a38d4a582080a39acd1e,8522a4727da9552cb596512d6168444ce4806856ade7c71a63eaa1aef83367f3,2,2,True,0,0,0,1,1,1,1,1,1,1,1,1,True,True,True,False,False
frozen,text-normalization-challenge-english-language,8b65ef3332553be513df159b845f6ecd77edd760cee0a38d4a582080a39acd1e,81e79c69f3aad18f9a3704d7b8f8c8fe10d0ff4c4baf6db268ec99a26a372758,2,2,True,0,0,0,1,1,1,1,1,1,1,1,1,True,True,True,False,False
frozen,text-normalization-challenge-english-language,8b65ef3332553be513df159b845f6ecd77edd760cee0a38d4a582080a39acd1e,118eff10e1c4996ebe7b7c76429cb5b25fb28d730302bd7dcf579924499d10df,2,2,True,0,0,0,1,1,1,1,1,1,1,1,1,True,True,True,False,False
frozen,text-normalization-challenge-english-language,8b65ef3332553be513df159b845f6ecd77edd760cee0a38d4a582080a39acd1e,5bbac18df58328014c1b7c9b9c0422b0b0e4a74fcfc30a427a1f0d8882724d91,2,2,True,0,0,0,1,1,1,1,1,1,1,1,1,True,True,True,False,False
frozen,text-normalization-challenge-russian-language,92612e8f7bb525c9dc6ae5513606b649af4b960e9e7b6071c675cac5fbf32061,f2f0bc8295ea39405433fecb87f5055d3c31813c382a904fb62f0f48b5c9f9a6,2,2,True,0,0,0,1,1,1,1,1,1,1,1,1,True,True,True,False,False
frozen,text-normalization-challenge-russian-language,92612e8f7bb525c9dc6ae5513606b649af4b960e9e7b6071c675cac5fbf32061,64e05e91ae42fa93d82aa7a6c90fe31c8aa196c7ca49b01d56a12e4490d5aec1,2,2,True,0,0,0,1,1,1,1,1,1,1,1,1,True,True,True,False,False
frozen,text-normalization-challenge-russian-language,dc8230dc543ff8ef0e8b418cea1ed766d53540e16c1870fb4cf78333bbddc116,369173d3d3478262ba501432ed3ab184b753662da85fd78e577af41cc35730b2,2,2,True,0,0,0,1,1,1,1,1,1,1,1,1,True,True,True,False,False
frozen,text-normalization-challenge-russian-language,92612e8f7bb525c9dc6ae5513606b649af4b960e9e7b6071c675cac5fbf32061,f57abb54973339f1913a744aff8f9ffb4a8a43dfa22c9c739d0e4e95e18d68e9,2,2,True,0,0,0,1,1,1,1,1,1,1,1,1,True,True,True,False,False
frozen,text-normalization-challenge-russian-language,92612e8f7bb525c9dc6ae5513606b649af4b960e9e7b6071c675cac5fbf32061,27966d6574d962d5c706d9517bb127a4a3c76f80112a84029032334e26b888ac,2,2,True,0,0,0,1,1,1,1,1,1,1,1,1,True,True,True,False,False
frozen,text-normalization-challenge-russian-language,92612e8f7bb525c9dc6ae5513606b649af4b960e9e7b6071c675cac5fbf32061,ea63eb0eda6780198ff5f276026a1e06d0d562351eab985454e94995d9f13d46,2,2,True,0,0,0,1,1,1,1,1,1,1,1,1,True,True,True,False,False
frozen,text-normalization-challenge-russian-language,92612e8f7bb525c9dc6ae5513606b649af4b960e9e7b6071c675cac5fbf32061,1374a368f6c7556f5057fff0b8899a3fa24ad24ff6677f40c893467dd9c5a03c,2,2,True,0,0,0,1,1,1,1,1,1,1,1,1,True,True,True,False,False
frozen,text-normalization-challenge-russian-language,92612e8f7bb525c9dc6ae5513606b649af4b960e9e7b6071c675cac5fbf32061,0226cb81760eff45f4ad2ab6bd1ccecc5b4d41598744f384c4da1997691817a3,2,2,True,0,0,0,1,1,1,1,1,1,1,1,1,True,True,True,False,False
frozen,text-normalization-challenge-russian-language,92612e8f7bb525c9dc6ae5513606b649af4b960e9e7b6071c675cac5fbf32061,941b99c3197cd739f1cf5c722dda529ad43574adec0932ba645dcadbe054aecc,2,2,True,0,0,0,1,1,1,1,1,1,1,1,1,True,True,True,False,False
frozen,text-normalization-challenge-russian-language,92612e8f7bb525c9dc6ae5513606b649af4b960e9e7b6071c675cac5fbf32061,d9a634f2d1897add25b6ea3f2d65e67c2f071fbdfeabc2adc9bd6bd1d7bd41da,2,2,True,0,0,0,1,1,1,1,1,1,1,1,1,True,True,True,False,False
frozen,text-normalization-challenge-russian-language,92612e8f7bb525c9dc6ae5513606b649af4b960e9e7b6071c675cac5fbf32061,fa0b5cd658eb83db4c6576960a4b05a0c47f426072f3caf0204b399bde629420,2,2,True,0,0,0,1,1,1,1,1,1,1,1,1,True,True,True,False,False
frozen,text-normalization-challenge-russian-language,92612e8f7bb525c9dc6ae5513606b649af4b960e9e7b6071c675cac5fbf32061,2f502039e087d79ffcc5f5895d04c509e95ae5a2158f5e642860a494ef2d2736,2,2,True,0,0,0,1,1,1,1,1,1,1,1,1,True,True,True,False,False
frozen,text-normalization-challenge-russian-language,92612e8f7bb525c9dc6ae5513606b649af4b960e9e7b6071c675cac5fbf32061,dd264f8244f933e4fec1c84e6162fff3927ac9b3d8eb8f90bbfb5904bd0d6cf6,2,2,True,0,0,0,1,1,1,1,1,1,1,1,1,True,True,True,False,False
frozen,text-normalization-challenge-russian-language,dc8230dc543ff8ef0e8b418cea1ed766d53540e16c1870fb4cf78333bbddc116,eead59c4c30fc2e414f50bdba509b0d4ecb013121c3b265da31e5827e04ae777,2,2,True,0,0,0,1,1,1,1,1,1,1,1,1,True,True,True,False,False
frozen,text-normalization-challenge-russian-language,dc8230dc543ff8ef0e8b418cea1ed766d53540e16c1870fb4cf78333bbddc116,fecd72c0db8b2d242c2d08d01f5d1c6e30151aa9a0aaeb898264ad6c78f908a1,2,2,True,0,0,0,1,1,1,1,1,1,1,1,1,True,True,True,False,False
frozen,tweet-sentiment-extraction,89b6e04c45bfe6bc4ba7e28f9cb521247489f67e43e4316caf7b1f0fa0d1c06a,c28537b4c1a6be571f03be24538105c331f03055a1a6e43b71fe1ed292186f93,2,2,True,0,0,0,1,1,1,1,1,1,1,1,1,True,True,True,False,False
frozen,tweet-sentiment-extraction,89b6e04c45bfe6bc4ba7e28f9cb521247489f67e43e4316caf7b1f0fa0d1c06a,f745b1d0edcc96de45958e8673fb8481c74b69a497d991fed4b44250da3cafd7,2,2,True,0,0,0,1,1,1,1,1,1,1,1,1,True,True,True,False,False
frozen,tweet-sentiment-extraction,9a4142a1a2f7ea095d9e1f0615f0b78a4a792e19dc11055c38ff59d701d899b4,94726d895f2dbf9e6e5d5efd93ac2f1192b0c435d5c31ab3bd21a8077f10d6f6,2,2,True,0,0,0,1,1,1,1,1,1,1,1,1,True,True,True,False,False
frozen,tweet-sentiment-extraction,89b6e04c45bfe6bc4ba7e28f9cb521247489f67e43e4316caf7b1f0fa0d1c06a,d94880f8e895878c86b4255d60fd3966485a2d13e91330a295ebe2945d2e36f4,2,2,True,0,0,0,1,1,1,1,1,1,1,1,1,True,True,True,False,False
frozen,tweet-sentiment-extraction,89b6e04c45bfe6bc4ba7e28f9cb521247489f67e43e4316caf7b1f0fa0d1c06a,b5d57ea6465b67e58cba4efc86711e971059efeca3d1f0b1ea46f93000822100,2,2,True,0,0,0,1,1,1,1,1,1,1,1,1,True,True,True,False,False
frozen,tweet-sentiment-extraction,89b6e04c45bfe6bc4ba7e28f9cb521247489f67e43e4316caf7b1f0fa0d1c06a,3bbd840181d1bb113d80e4511fad206d9fb04c31dd66f26d2c68dc10d654661d,2,2,True,0,0,0,1,1,1,1,1,1,1,1,1,True,True,True,False,False
frozen,tweet-sentiment-extraction,89b6e04c45bfe6bc4ba7e28f9cb521247489f67e43e4316caf7b1f0fa0d1c06a,17e8e6f96850958a230908761b74cc5b1c087ab26a129742c38f7c321dce2a82,2,2,True,0,0,0,1,1,1,1,1,1,1,1,1,True,True,True,False,False
frozen,tweet-sentiment-extraction,89b6e04c45bfe6bc4ba7e28f9cb521247489f67e43e4316caf7b1f0fa0d1c06a,2aba55fe95e314b62e871a5c2c2c1f3415266758741e967dee7ec328cfb7b6ab,2,2,True,0,0,0,1,1,1,1,1,1,1,1,1,True,True,True,False,False
frozen,tweet-sentiment-extraction,89b6e04c45bfe6bc4ba7e28f9cb521247489f67e43e4316caf7b1f0fa0d1c06a,8959f8041c9144b3b3b4c176603230693ae1a55aab6bb2a607f3130ca276cd1f,2,2,True,0,0,0,1,1,1,1,1,1,1,1,1,True,True,True,False,False
frozen,tweet-sentiment-extraction,89b6e04c45bfe6bc4ba7e28f9cb521247489f67e43e4316caf7b1f0fa0d1c06a,9dc48efdc747c9e45fc3581eb307e0ab7b5cebdb3d82f540a3d38b7562a4cbd6,2,2,True,0,0,0,1,1,1,1,1,1,1,1,1,True,True,True,False,False
frozen,tweet-sentiment-extraction,9a4142a1a2f7ea095d9e1f0615f0b78a4a792e19dc11055c38ff59d701d899b4,173426343bfa00819ae3fad37f4e0d0e1ffcb87f65f9deb234ae075de53049a5,2,2,True,0,0,0,1,1,1,1,1,1,1,1,1,True,True,True,False,False
frozen,tweet-sentiment-extraction,9a4142a1a2f7ea095d9e1f0615f0b78a4a792e19dc11055c38ff59d701d899b4,937259dd693e9be5ad05d58ae102e963ae1127822090d2bb17c1a5c9e5aebaac,2,2,True,0,0,0,1,1,1,1,1,1,1,1,1,True,True,True,False,False
frozen,tweet-sentiment-extraction,89b6e04c45bfe6bc4ba7e28f9cb521247489f67e43e4316caf7b1f0fa0d1c06a,ed20c2869de2340698a5f9baf361565bcc139d29bb08e09ade9937494b3c1827,2,2,True,0,0,0,1,1,1,1,1,1,1,1,1,True,True,True,False,False
frozen,tweet-sentiment-extraction,89b6e04c45bfe6bc4ba7e28f9cb521247489f67e43e4316caf7b1f0fa0d1c06a,ddd048b59daf5ff0f9cf20072f67cff7e2092ec808d02d301cfa11738d65787d,2,2,True,0,0,0,1,1,1,1,1,1,1,1,1,True,True,True,False,False
frozen,tweet-sentiment-extraction,89b6e04c45bfe6bc4ba7e28f9cb521247489f67e43e4316caf7b1f0fa0d1c06a,2c45bd837f92b1e95f92004dc20247e0a5cba7281d2636b6d59928664da27ef7,2,2,True,0,0,0,1,1,1,1,1,1,1,1,1,True,True,True,False,False
frozen,tweet-sentiment-extraction,89b6e04c45bfe6bc4ba7e28f9cb521247489f67e43e4316caf7b1f0fa0d1c06a,fae67bc2ef8ec07ae03b3f91768f7a60ec0a5de122c97df3ea479da07a0ac176,2,2,True,0,0,0,1,1,1,1,1,1,1,1,1,True,True,True,False,False
frozen,tweet-sentiment-extraction,89b6e04c45bfe6bc4ba7e28f9cb521247489f67e43e4316caf7b1f0fa0d1c06a,2dab96a93225bbe04107fdba3c32f18a9e0e236a07b8ef6d8c8edbe29cf7b26b,2,2,True,0,0,0,1,1,1,1,1,1,1,1,1,True,True,True,False,False
frozen,tweet-sentiment-extraction,89b6e04c45bfe6bc4ba7e28f9cb521247489f67e43e4316caf7b1f0fa0d1c06a,4ef5e974304bd5969279faef05c29530dee28e3cc1a54b2e6d9cb71f58694cf6,2,2,True,0,0,0,1,1,1,1,1,1,1,1,1,True,True,True,False,False
frozen,tweet-sentiment-extraction,89b6e04c45bfe6bc4ba7e28f9cb521247489f67e43e4316caf7b1f0fa0d1c06a,77fe8be27e27794ec849a32ebe1451c2a7bd9afe54c690ef49a4f0d4fd38392c,2,2,True,0,0,0,1,1,1,1,1,1,1,1,1,True,True,True,False,False
frozen,tweet-sentiment-extraction,9a4142a1a2f7ea095d9e1f0615f0b78a4a792e19dc11055c38ff59d701d899b4,35a5cb48b7305435b15f9dc0a0fe97ceb5e30e2509512467a388a41e5cf2717c,2,2,True,0,0,0,1,1,1,1,1,1,1,1,1,True,True,True,False,False
frozen,tweet-sentiment-extraction,89b6e04c45bfe6bc4ba7e28f9cb521247489f67e43e4316caf7b1f0fa0d1c06a,fdc208be039d02a6a79f460ba4e735f853e74c164a2a97cb5fa98b7620bfad6c,2,2,True,0,0,0,1,1,1,1,1,1,1,1,1,True,True,True,False,False
frozen,tweet-sentiment-extraction,89b6e04c45bfe6bc4ba7e28f9cb521247489f67e43e4316caf7b1f0fa0d1c06a,97802b43f0b47f34c105cf7ddbe2a20c41e3feee28b226ed8cea60888f371e23,2,2,True,0,0,0,1,1,1,1,1,1,1,1,1,True,True,True,False,False
frozen,tweet-sentiment-extraction,89b6e04c45bfe6bc4ba7e28f9cb521247489f67e43e4316caf7b1f0fa0d1c06a,27d9ec612681f0564f42dc9db06d9e9051cd33f26014522d9b5030357ecf01e5,2,2,True,0,0,0,1,1,1,1,1,1,1,1,1,True,True,True,False,False
frozen,tweet-sentiment-extraction,89b6e04c45bfe6bc4ba7e28f9cb521247489f67e43e4316caf7b1f0fa0d1c06a,1c3c562dfaff61b744ade36b1311fa4b56b633c49a2070d8a2dda45b1c1bc4f4,2,2,True,0,0,0,1,1,1,1,1,1,1,1,1,True,True,True,False,False
frozen,tweet-sentiment-extraction,9a4142a1a2f7ea095d9e1f0615f0b78a4a792e19dc11055c38ff59d701d899b4,b29c9748791f97e59cda5af55475c65413acf6a3a0da399a777f00a4f2ee5d7c,2,2,True,0,0,0,1,1,1,1,1,1,1,1,1,True,True,True,False,False
frozen,tweet-sentiment-extraction,9a4142a1a2f7ea095d9e1f0615f0b78a4a792e19dc11055c38ff59d701d899b4,7a8667d21d5bf7a7a58157b230161cc2fb72479b1629c5e0bd258e2bebdcd3d6,2,2,True,0,0,0,1,1,1,1,1,1,1,1,1,True,True,True,False,False
frozen,tweet-sentiment-extraction,89b6e04c45bfe6bc4ba7e28f9cb521247489f67e43e4316caf7b1f0fa0d1c06a,71a0a99c128acf43f99ffe44d3c4e70c6a8b282a995ba211062c5631fb6b92a3,2,2,True,0,0,0,1,1,1,1,1,1,1,1,1,True,True,True,False,False
frozen,tweet-sentiment-extraction,c4d1c49f3cf7cb15dc2af6660dcde599d6b09de2bba308e8796a276a4e7f4503,2fa7f0bee2b2c0c15322b9ec153b69d45a5d0b4d7cf102504b180faf5b48feb0,4,2,True,2,2,0,1,5,5,1,5,5,3,1,1,False,True,True,True,True
frozen,tweet-sentiment-extraction,89b6e04c45bfe6bc4ba7e28f9cb521247489f67e43e4316caf7b1f0fa0d1c06a,2450ce79cb167d458f4f6c7118fb41d4d0aee7876401fb6570fd9ff0369435ea,2,2,True,0,0,0,1,1,1,1,1,1,1,1,1,True,True,True,False,False
frozen,tweet-sentiment-extraction,89b6e04c45bfe6bc4ba7e28f9cb521247489f67e43e4316caf7b1f0fa0d1c06a,af4b53e5657af63f7438290b1508a785f8262bac17a20bef210c3f1ba410fbd3,2,2,True,0,0,0,1,1,1,1,1,1,1,1,1,True,True,True,False,False
frozen,tweet-sentiment-extraction,89b6e04c45bfe6bc4ba7e28f9cb521247489f67e43e4316caf7b1f0fa0d1c06a,328b925955eda4ad69b49eca90082cc83fbe67436ef89398fa9a0f564487c103,2,2,True,0,0,0,1,1,1,1,1,1,1,1,1,True,True,True,False,False
frozen,tweet-sentiment-extraction,89b6e04c45bfe6bc4ba7e28f9cb521247489f67e43e4316caf7b1f0fa0d1c06a,4ca994f4cc66259aeb7d5b7fee0b0be505f816c6a2ff005d5dd160cd824666f0,2,2,True,0,0,0,1,1,1,1,1,1,1,1,1,True,True,True,False,False
frozen,tweet-sentiment-extraction,89b6e04c45bfe6bc4ba7e28f9cb521247489f67e43e4316caf7b1f0fa0d1c06a,dc267b061547ab59495720f39ce2ea1e975e9cfaad4395579def7e1dcbc93dcd,2,2,True,0,0,0,1,1,1,1,1,1,1,1,1,True,True,True,False,False
frozen,tweet-sentiment-extraction,9a4142a1a2f7ea095d9e1f0615f0b78a4a792e19dc11055c38ff59d701d899b4,2cf55a6e8c943d96cc664cfd1ddf2bac68e9c7682f146050a85012a9822ffe28,2,2,True,0,0,0,1,1,1,1,1,1,1,1,1,True,True,True,False,False
frozen,us-patent-phrase-to-phrase-matching,cd74c9e2098c270545d29e728cedf1f1a6e37da5a39f7a45799764f489a2823e,8223fab6b7f7c88c68edd8fb82d6c39c20e69351dfde208e1a026b3cf32ce94f,2,2,True,0,0,0,1,1,1,1,1,1,1,1,1,True,True,True,False,False
frozen,us-patent-phrase-to-phrase-matching,cd74c9e2098c270545d29e728cedf1f1a6e37da5a39f7a45799764f489a2823e,133f96fc02a5aa556ab41c82639cce4d6c01e27da4410ae34286797d33b651b2,2,2,True,0,0,0,1,1,1,1,1,1,1,1,1,True,True,True,False,False
frozen,us-patent-phrase-to-phrase-matching,cd74c9e2098c270545d29e728cedf1f1a6e37da5a39f7a45799764f489a2823e,58aec38a0321115fcec54ecc04fcf4f3ee756e8aa2b6bcc1dada772b42abc296,2,2,True,0,0,0,1,1,1,1,1,1,1,1,1,True,True,True,False,False
frozen,us-patent-phrase-to-phrase-matching,cd74c9e2098c270545d29e728cedf1f1a6e37da5a39f7a45799764f489a2823e,0723db84140e4c30ce8cfe66957d8f6259c84d3e44d60e950bf5f64895893569,2,2,True,0,0,0,1,1,1,1,1,1,1,1,1,True,True,True,False,False
frozen,us-patent-phrase-to-phrase-matching,cd74c9e2098c270545d29e728cedf1f1a6e37da5a39f7a45799764f489a2823e,2fea408a90cbc1d8cf30afd84797905342f88caf657f11e5298241fe4ec8def6,2,2,True,0,0,0,1,1,1,1,1,1,1,1,1,True,True,True,False,False
frozen,us-patent-phrase-to-phrase-matching,cd74c9e2098c270545d29e728cedf1f1a6e37da5a39f7a45799764f489a2823e,ec9b4766a8bf1fd29efc97c0efc8132587d6247c2a7db37f7a0c8881211822c1,2,2,True,0,0,0,1,1,1,1,1,1,1,1,1,True,True,True,False,False
frozen,us-patent-phrase-to-phrase-matching,cd74c9e2098c270545d29e728cedf1f1a6e37da5a39f7a45799764f489a2823e,21d9c3f4d5f6e614fcd9cb9f00864a28cb7517b59aec6fb73c39f453d4eea659,2,2,True,0,0,0,1,1,1,1,1,1,1,1,1,True,True,True,False,False
frozen,us-patent-phrase-to-phrase-matching,cd74c9e2098c270545d29e728cedf1f1a6e37da5a39f7a45799764f489a2823e,689879ac6128076de00c5523c390babdecfa68693a9844a5139d4360b7dca9a3,2,2,True,0,0,0,1,1,1,1,1,1,1,1,1,True,True,True,False,False
frozen,us-patent-phrase-to-phrase-matching,cd74c9e2098c270545d29e728cedf1f1a6e37da5a39f7a45799764f489a2823e,73105ea129a185c5280155b5f3861f080c22b194ad2fb859d21c0dd1dd223437,2,2,True,0,0,0,1,1,1,1,1,1,1,1,1,True,True,True,False,False
frozen,us-patent-phrase-to-phrase-matching,2ed2f52e353173939829e5f14f981c4ea1dd8cc9216b7d883cec54a19a513e19,f57c949b800d93a01695ae092986b9ff4a2e49192224a7218fd7bf2c1547b0ff,2,2,True,0,0,0,1,1,1,1,1,1,1,1,1,True,True,True,False,False
frozen,us-patent-phrase-to-phrase-matching,cd74c9e2098c270545d29e728cedf1f1a6e37da5a39f7a45799764f489a2823e,6db6dce22dc43b65ac7cafe2fad9c555ddba5ab7255c1f036eb15ce6a90b817a,2,2,True,0,0,0,1,1,1,1,1,1,1,1,1,True,True,True,False,False
frozen,us-patent-phrase-to-phrase-matching,cd74c9e2098c270545d29e728cedf1f1a6e37da5a39f7a45799764f489a2823e,ecd91043fb3b607484bf7f65dc893709c98febdff6329e008b596ab1fbeb9d68,2,2,True,0,0,0,1,1,1,1,1,1,1,1,1,True,True,True,False,False
frozen,us-patent-phrase-to-phrase-matching,cd74c9e2098c270545d29e728cedf1f1a6e37da5a39f7a45799764f489a2823e,6dd41d99a87e212c1efd83c2ad542aec96a207163803b9e5079662d18aad3ff8,2,2,True,0,0,0,1,1,1,1,1,1,1,1,1,True,True,True,False,False
frozen,us-patent-phrase-to-phrase-matching,cd74c9e2098c270545d29e728cedf1f1a6e37da5a39f7a45799764f489a2823e,7906b00334477eeae66b141979cf24593ebea9772bd8a3f4b7436e6ce0b876ed,2,2,True,0,0,0,1,1,1,1,1,1,1,1,1,True,True,True,False,False
frozen,us-patent-phrase-to-phrase-matching,cd74c9e2098c270545d29e728cedf1f1a6e37da5a39f7a45799764f489a2823e,7badaa24533bfce3a596f027fe4819d4ffc3cae09b5b7a4f3b96244d5b2a9e2c,2,2,True,0,0,0,1,1,1,1,1,1,1,1,1,True,True,True,False,False
frozen,us-patent-phrase-to-phrase-matching,cd74c9e2098c270545d29e728cedf1f1a6e37da5a39f7a45799764f489a2823e,e48f2377d9687576b5473b1c104e4ff3de604c96fe7381afa25a1b07d50cc304,2,2,True,0,0,0,1,1,1,1,1,1,1,1,1,True,True,True,False,False
frozen,us-patent-phrase-to-phrase-matching,cd74c9e2098c270545d29e728cedf1f1a6e37da5a39f7a45799764f489a2823e,419d53c6fdd58ce7ec30dfa91153384bece8db179c9789c54c922644d857213e,2,2,True,0,0,0,1,1,1,1,1,1,1,1,1,True,True,True,False,False
frozen,us-patent-phrase-to-phrase-matching,cd74c9e2098c270545d29e728cedf1f1a6e37da5a39f7a45799764f489a2823e,d69939902c1822ff66a799b141f103eb01e07f057b88168ff75e251f22101d77,2,2,True,0,0,0,1,1,1,1,1,1,1,1,1,True,True,True,False,False
frozen,us-patent-phrase-to-phrase-matching,cd74c9e2098c270545d29e728cedf1f1a6e37da5a39f7a45799764f489a2823e,3ec65f2ea594f7b6a47d77dcda8093dfe3f3099c271d41cd708bbbd0d20bbb77,2,2,True,0,0,0,1,1,1,1,1,1,1,1,1,True,True,True,False,False
frozen,us-patent-phrase-to-phrase-matching,cd74c9e2098c270545d29e728cedf1f1a6e37da5a39f7a45799764f489a2823e,f3fe635a53890a7ba5d6e1494d1da2b013d7aee57efec1de53682bb66599b244,2,2,True,0,0,0,1,1,1,1,1,1,1,1,1,True,True,True,False,False
frozen,whale-categorization-playground,c3b6868058ad521dbee98bd02d6d77e6b1a3b3f8af20a1e0b69e06e225570bdf,c3a6d2f46dc110c211c5725496709064f660a06c7aea50075e116139eca03815,2,2,True,0,0,0,1,1,1,1,1,1,1,1,1,True,True,True,False,False
frozen,whale-categorization-playground,c3b6868058ad521dbee98bd02d6d77e6b1a3b3f8af20a1e0b69e06e225570bdf,762954f726625460901b417c8504b2c608d7cb0211cbaf7f600106c99be14b7c,2,2,True,0,0,0,1,1,1,1,1,1,1,1,1,True,True,True,False,False
frozen,whale-categorization-playground,c3b6868058ad521dbee98bd02d6d77e6b1a3b3f8af20a1e0b69e06e225570bdf,aad782963bf6cfffe7d8c0df88fbecac1c334f6a32b5da7b0e6df8c6e8625810,2,2,True,0,0,0,1,1,1,1,1,1,1,1,1,True,True,True,False,False
frozen,whale-categorization-playground,c3b6868058ad521dbee98bd02d6d77e6b1a3b3f8af20a1e0b69e06e225570bdf,0ee28b146d68f2a8aa408bca37a3309d62934464fd33c5a2bf75f5a94e3a4f33,2,2,True,0,0,0,1,1,1,1,1,1,1,1,1,True,True,True,False,False
frozen,whale-categorization-playground,c3b6868058ad521dbee98bd02d6d77e6b1a3b3f8af20a1e0b69e06e225570bdf,59309559244a975cb344b33966513c6d7f68e7e0c34957b2d1152ef3dbe4891f,2,2,True,0,0,0,1,1,1,1,1,1,1,1,1,True,True,True,False,False
frozen,whale-categorization-playground,c3b6868058ad521dbee98bd02d6d77e6b1a3b3f8af20a1e0b69e06e225570bdf,229cf53592d6723d5d6b10389c9a9905528ddac16154ac7c3991abb6355789cb,2,2,True,0,0,0,1,1,1,1,1,1,1,1,1,True,True,True,False,False
frozen,whale-categorization-playground,c3b6868058ad521dbee98bd02d6d77e6b1a3b3f8af20a1e0b69e06e225570bdf,e5d3898d8f0072117f521478df8d23aec1549ce05d108a6b4fd61f6d4af1e938,2,2,True,0,0,0,1,1,1,1,1,1,1,1,1,True,True,True,False,False
frozen,whale-categorization-playground,c3b6868058ad521dbee98bd02d6d77e6b1a3b3f8af20a1e0b69e06e225570bdf,d6189d2a7c15c5a66734580c28af26467d43173d4c7b94dc05112925bb7c9b84,2,2,True,0,0,0,1,1,1,1,1,1,1,1,1,True,True,True,False,False
frozen,whale-categorization-playground,c3b6868058ad521dbee98bd02d6d77e6b1a3b3f8af20a1e0b69e06e225570bdf,c2c3314a53f21671b14731b30dfe010805fd6c53e28c111a8f90256f55f3d1c1,2,2,True,0,0,0,1,1,1,1,1,1,1,1,1,True,True,True,False,False
frozen,whale-categorization-playground,c3b6868058ad521dbee98bd02d6d77e6b1a3b3f8af20a1e0b69e06e225570bdf,7fbcc9334f22ea62c055f1d9fb7d6a82f76587c384d7905feff10fe9542d088d,2,2,True,0,0,0,1,1,1,1,1,1,1,1,1,True,True,True,False,False
frozen,whale-categorization-playground,c3b6868058ad521dbee98bd02d6d77e6b1a3b3f8af20a1e0b69e06e225570bdf,884b3299930b0c483550a4ce873bd86554c0a013ed829415493c75fecee0b769,2,2,True,0,0,0,1,1,1,1,1,1,1,1,1,True,True,True,False,False
frozen,whale-categorization-playground,c3b6868058ad521dbee98bd02d6d77e6b1a3b3f8af20a1e0b69e06e225570bdf,f6f143c2ad84960225aeb0def73ff22ece985f0fa4241ed3fafd925659329c71,2,2,True,0,0,0,1,1,1,1,1,1,1,1,1,True,True,True,False,False
frozen,whale-categorization-playground,c3b6868058ad521dbee98bd02d6d77e6b1a3b3f8af20a1e0b69e06e225570bdf,68e913e2934fbc0090cb1a012f44f7b2a803425115fe21e6d4d5663c56d8f98c,2,2,True,0,0,0,1,1,1,1,1,1,1,1,1,True,True,True,False,False
frozen,whale-categorization-playground,c3b6868058ad521dbee98bd02d6d77e6b1a3b3f8af20a1e0b69e06e225570bdf,c6ade2a1c33d868a0ffb28a72e5723d47a1acfbe7b250ced49919b9c6c4b4255,2,2,True,0,0,0,1,1,1,1,1,1,1,1,1,True,True,True,False,False
frozen,whale-categorization-playground,c3b6868058ad521dbee98bd02d6d77e6b1a3b3f8af20a1e0b69e06e225570bdf,73ab5c464004559748701db13615489b99aece2c5813606156ebe877c2240f81,2,2,True,0,0,0,1,1,1,1,1,1,1,1,1,True,True,True,False,False
frozen,whale-categorization-playground,2b2bafb74d7e7ae677c4f20f8fb4f82aad5c7006e9bf8a498c4fbaaee5b3e2f5,e6dc9d0f68cbe692e6d7dd9d3d21d4804b84b54f4661f6387ee0947077a6bdae,2,2,True,0,0,0,1,1,1,1,1,1,1,1,1,True,True,True,False,False
frozen,whale-categorization-playground,c3b6868058ad521dbee98bd02d6d77e6b1a3b3f8af20a1e0b69e06e225570bdf,444e46620011f86d9a3002cc214c99d24f73542feae3ffa9c2bd4dee2a2b824e,2,2,True,0,0,0,1,1,1,1,1,1,1,1,1,True,True,True,False,False
frozen,whale-categorization-playground,c3b6868058ad521dbee98bd02d6d77e6b1a3b3f8af20a1e0b69e06e225570bdf,ff4cf6f4846c70bbd9f6531b394463f59fae4e0f07c4fcc91b8ac4b6c391d9ef,2,2,True,0,0,0,1,1,1,1,1,1,1,1,1,True,True,True,False,False
frozen,whale-categorization-playground,c3b6868058ad521dbee98bd02d6d77e6b1a3b3f8af20a1e0b69e06e225570bdf,15641b31e7f460cfb031d23725926408f7bc58ad0379fe055f56d992c55a1735,2,2,True,0,0,0,1,1,1,1,1,1,1,1,1,True,True,True,False,False
frozen,whale-categorization-playground,c3b6868058ad521dbee98bd02d6d77e6b1a3b3f8af20a1e0b69e06e225570bdf,7a6fd83313207b7da93ac7821d73019c403ba2d4b1e2723b3155e1ac3ecbefbe,2,2,True,0,0,0,1,1,1,1,1,1,1,1,1,True,True,True,False,False
frozen,whale-categorization-playground,c3b6868058ad521dbee98bd02d6d77e6b1a3b3f8af20a1e0b69e06e225570bdf,d40abc0f30b7bd63a32b4ff8e4d2d64290636711c91aec1971342dfb6deae0dc,2,2,True,0,0,0,1,1,1,1,1,1,1,1,1,True,True,True,False,False
frozen,whale-categorization-playground,c3b6868058ad521dbee98bd02d6d77e6b1a3b3f8af20a1e0b69e06e225570bdf,481c89babbf007a0d7f7b56066073c9cba64fe1b1a1c5c22e7b0ca265f261529,2,2,True,0,0,0,1,1,1,1,1,1,1,1,1,True,True,True,False,False
frozen,whale-categorization-playground,c3b6868058ad521dbee98bd02d6d77e6b1a3b3f8af20a1e0b69e06e225570bdf,e65d83d8c6470c02c3f106d7809629bbf6c5b3b32a1a8e255b35508b4e5da9bc,2,2,True,0,0,0,1,1,1,1,1,1,1,1,1,True,True,True,False,False
frozen,whale-categorization-playground,c3b6868058ad521dbee98bd02d6d77e6b1a3b3f8af20a1e0b69e06e225570bdf,3d29756a4016dc14bcb4399ab5027bed983476793bbd8f2aaebfa761b0b3a265,2,2,True,0,0,0,1,1,1,1,1,1,1,1,1,True,True,True,False,False
frozen,whale-categorization-playground,c3b6868058ad521dbee98bd02d6d77e6b1a3b3f8af20a1e0b69e06e225570bdf,7055f9827d33d4f31e4325b7ee326c60c93bafbe646fbe62e488b6d2eec500e1,2,2,True,0,0,0,1,1,1,1,1,1,1,1,1,True,True,True,False,False
frozen,whale-categorization-playground,c3b6868058ad521dbee98bd02d6d77e6b1a3b3f8af20a1e0b69e06e225570bdf,9a841c6db9bedc25f89a5a024e75bde0a136e1d72842286300da330a29ce8513,2,2,True,0,0,0,1,1,1,1,1,1,1,1,1,True,True,True,False,False
frozen,whale-categorization-playground,c3b6868058ad521dbee98bd02d6d77e6b1a3b3f8af20a1e0b69e06e225570bdf,4c262a743be8a19dbe11de481d79f81d298c3d5944cc98a43019194f2b95a185,2,2,True,0,0,0,1,1,1,1,1,1,1,1,1,True,True,True,False,False
frozen,whale-categorization-playground,c3b6868058ad521dbee98bd02d6d77e6b1a3b3f8af20a1e0b69e06e225570bdf,433bf5aedabbff9054ea59525ec2b634363095ce284d5b1bae36abc4b7c6d7f6,2,2,True,0,0,0,1,1,1,1,1,1,1,1,1,True,True,True,False,False
frozen,whale-categorization-playground,c3b6868058ad521dbee98bd02d6d77e6b1a3b3f8af20a1e0b69e06e225570bdf,fdc9498f6c4ec27b0cff8214478156da5e152336628db865e1d485aacb1754bb,2,2,True,0,0,0,1,1,1,1,1,1,1,1,1,True,True,True,False,False
frozen,whale-categorization-playground,c3b6868058ad521dbee98bd02d6d77e6b1a3b3f8af20a1e0b69e06e225570bdf,e19382727ffc2308b8475f5a36821da1e91259969d8c7ee5ea193251a4631718,2,2,True,0,0,0,1,1,1,1,1,1,1,1,1,True,True,True,False,False
frozen,whale-categorization-playground,c3b6868058ad521dbee98bd02d6d77e6b1a3b3f8af20a1e0b69e06e225570bdf,309935b4b14e23e7e3de74ecd627d89961d794d18198de080243b601e4fe8fb8,2,2,True,0,0,0,1,1,1,1,1,1,1,1,1,True,True,True,False,False
frozen,whale-categorization-playground,c3b6868058ad521dbee98bd02d6d77e6b1a3b3f8af20a1e0b69e06e225570bdf,f04be1cdd47f409765d5463f8dfcc9c84ef7fc6c92fc8cc8e6e07901e1521ee3,2,2,True,0,0,0,1,1,1,1,1,1,1,1,1,True,True,True,False,False
frozen,whale-categorization-playground,c3b6868058ad521dbee98bd02d6d77e6b1a3b3f8af20a1e0b69e06e225570bdf,04bdb9c6a435462f3b40ead2b67f513cb6719e4acac2f34d0eae5e9fcc8c2580,2,2,True,0,0,0,1,1,1,1,1,1,1,1,1,True,True,True,False,False
frozen,whale-categorization-playground,c3b6868058ad521dbee98bd02d6d77e6b1a3b3f8af20a1e0b69e06e225570bdf,802bc4c08a275533f6355fe66f103de49bfeabb605da4e02130fb74d164ca283,2,2,True,0,0,0,1,1,1,1,1,1,1,1,1,True,True,True,False,False
frozen,whale-categorization-playground,c3b6868058ad521dbee98bd02d6d77e6b1a3b3f8af20a1e0b69e06e225570bdf,f3909148144f7ca6e5fd4ff7bf07abf52d8b0a822f33af66e05f111cd3b89a4f,2,2,True,0,0,0,1,1,1,1,1,1,1,1,1,True,True,True,False,False
frozen,whale-categorization-playground,c3b6868058ad521dbee98bd02d6d77e6b1a3b3f8af20a1e0b69e06e225570bdf,cd70f6b4e51fd7d95e9f98dc28ae38d5d692e6e6b6383c00af8221f571a6c0b8,2,2,True,0,0,0,1,1,1,1,1,1,1,1,1,True,True,True,False,False
frozen,whale-categorization-playground,c3b6868058ad521dbee98bd02d6d77e6b1a3b3f8af20a1e0b69e06e225570bdf,32a4a83f80a6ee516fe71d70462a2896c7bc0c548a6d4e38e1c4915d289ec92f,2,2,True,0,0,0,1,1,1,1,1,1,1,1,1,True,True,True,False,False
frozen,whale-categorization-playground,c3b6868058ad521dbee98bd02d6d77e6b1a3b3f8af20a1e0b69e06e225570bdf,c3dfabff816211d8dd3ddb877cd68cc96c421dff035a8759c7070cc4e3a07abd,2,2,True,0,0,0,1,1,1,1,1,1,1,1,1,True,True,True,False,False
frozen,whale-categorization-playground,c3b6868058ad521dbee98bd02d6d77e6b1a3b3f8af20a1e0b69e06e225570bdf,316e4d8c9754382bb305a05e5c12318fa34452ddabfb0b2969d633007c3a1ecc,2,2,True,0,0,0,1,1,1,1,1,1,1,1,1,True,True,True,False,False
frozen,whale-categorization-playground,c3b6868058ad521dbee98bd02d6d77e6b1a3b3f8af20a1e0b69e06e225570bdf,ed298f4c7a45de258ccc372840a4f0a3ef1a10d042cba59170eea373d907cc21,2,2,True,0,0,0,1,1,1,1,1,1,1,1,1,True,True,True,False,False
frozen,whale-categorization-playground,c3b6868058ad521dbee98bd02d6d77e6b1a3b3f8af20a1e0b69e06e225570bdf,1928a4d4fa9f1e7837daaa4e0e1f9f777fa739b4cd90fe47dbbf7fcbb9bba247,2,2,True,0,0,0,1,1,1,1,1,1,1,1,1,True,True,True,False,False
frozen,whale-categorization-playground,c3b6868058ad521dbee98bd02d6d77e6b1a3b3f8af20a1e0b69e06e225570bdf,8a617ebc3a17638822860f9c8dfb61468c347db20818d13afd746c47e833f3f6,2,2,True,0,0,0,1,1,1,1,1,1,1,1,1,True,True,True,False,False
frozen,whale-categorization-playground,c3b6868058ad521dbee98bd02d6d77e6b1a3b3f8af20a1e0b69e06e225570bdf,1c3dfbe4d980e3b3c331c3f5d647b4ab6b8b9376ccd7aa5f2cb5f829ea9aa759,2,2,True,0,0,0,1,1,1,1,1,1,1,1,1,True,True,True,False,False
frozen,whale-categorization-playground,c3b6868058ad521dbee98bd02d6d77e6b1a3b3f8af20a1e0b69e06e225570bdf,cad55b19e3c94bb1e5b13242b6c27085c7f523e0a734478fb02844821e9c888d,2,2,True,0,0,0,1,1,1,1,1,1,1,1,1,True,True,True,False,False
frozen,whale-categorization-playground,c3b6868058ad521dbee98bd02d6d77e6b1a3b3f8af20a1e0b69e06e225570bdf,36138f08c18d1d8e9985e1a7dec8aef80e91f988e3fc9a1fbf78dab8d81c1115,2,2,True,0,0,0,1,1,1,1,1,1,1,1,1,True,True,True,False,False
frozen,whale-categorization-playground,c3b6868058ad521dbee98bd02d6d77e6b1a3b3f8af20a1e0b69e06e225570bdf,b734d3a0f47d94686d69c425907b20d499b54a340c005ba5b3d31067d29f3b9f,2,2,True,0,0,0,1,1,1,1,1,1,1,1,1,True,True,True,False,False
frozen,whale-categorization-playground,c3b6868058ad521dbee98bd02d6d77e6b1a3b3f8af20a1e0b69e06e225570bdf,304de35b69bf1b784831f60a18444a6c12b4a46caaf5050a927ad49cd520acb9,2,2,True,0,0,0,1,1,1,1,1,1,1,1,1,True,True,True,False,False
frozen,whale-categorization-playground,c3b6868058ad521dbee98bd02d6d77e6b1a3b3f8af20a1e0b69e06e225570bdf,fe52f42cbfe830ddcd86dbcf7b41dba6b199a61fb37b4d5759791d59a0879eee,2,2,True,0,0,0,1,1,1,1,1,1,1,1,1,True,True,True,False,False
frozen,whale-categorization-playground,c3b6868058ad521dbee98bd02d6d77e6b1a3b3f8af20a1e0b69e06e225570bdf,68be5f2132b878188e18444d73f7b67a9bccec1173faadc3bc1a5b98a79f63d4,2,2,True,0,0,0,1,1,1,1,1,1,1,1,1,True,True,True,False,False
frozen,whale-categorization-playground,c3b6868058ad521dbee98bd02d6d77e6b1a3b3f8af20a1e0b69e06e225570bdf,4d2399737b5ef35b8629ff9699028885ec1e290be96a224363964e1801d2f8ff,2,2,True,0,0,0,1,1,1,1,1,1,1,1,1,True,True,True,False,False
frozen,whale-categorization-playground,c3b6868058ad521dbee98bd02d6d77e6b1a3b3f8af20a1e0b69e06e225570bdf,a7139b3e9c0a67b134d611bb96577d13f7f5a96323559a0b04e8ac97241dd121,2,2,True,0,0,0,1,1,1,1,1,1,1,1,1,True,True,True,False,False
frozen,whale-categorization-playground,2b2bafb74d7e7ae677c4f20f8fb4f82aad5c7006e9bf8a498c4fbaaee5b3e2f5,a855d3f451da271fa4fa2dc10251b2f996c7d67c3d5831229e17c780f2be6050,2,2,True,0,0,0,1,1,1,1,1,1,1,1,1,True,True,True,False,False
frozen,whale-categorization-playground,c3b6868058ad521dbee98bd02d6d77e6b1a3b3f8af20a1e0b69e06e225570bdf,af2d4dbbfffd286e49672f0b8cb4d9b17d609e866dc7937b5d3a9ed38b552261,2,2,True,0,0,0,1,1,1,1,1,1,1,1,1,True,True,True,False,False
frozen,whale-categorization-playground,c3b6868058ad521dbee98bd02d6d77e6b1a3b3f8af20a1e0b69e06e225570bdf,240585909c5f49ce94496c119648953e9cf9813312a23d7f4eb740f52566cf66,2,2,True,0,0,0,1,1,1,1,1,1,1,1,1,True,True,True,False,False
frozen,whale-categorization-playground,2b2bafb74d7e7ae677c4f20f8fb4f82aad5c7006e9bf8a498c4fbaaee5b3e2f5,a4a59fc75d855b71a951f86e630f76642615eac00ca47091fef9dce9ee02f3a9,2,2,True,0,0,0,1,1,1,1,1,1,1,1,1,True,True,True,False,False
frozen,whale-categorization-playground,c3b6868058ad521dbee98bd02d6d77e6b1a3b3f8af20a1e0b69e06e225570bdf,dfb199b106a5527aff68cbb0008f451fbf7705de47ed8b47ade8cf2e9ebfe1db,2,2,True,0,0,0,1,1,1,1,1,1,1,1,1,True,True,True,False,False
frozen,whale-categorization-playground,c3b6868058ad521dbee98bd02d6d77e6b1a3b3f8af20a1e0b69e06e225570bdf,73a7eb3bfc9d4bf1733b1a9f91641c9339844364db44d0100be6d4ff51d07e90,2,2,True,0,0,0,1,1,1,1,1,1,1,1,1,True,True,True,False,False
frozen,whale-categorization-playground,c3b6868058ad521dbee98bd02d6d77e6b1a3b3f8af20a1e0b69e06e225570bdf,19a908790af2bcf0252a7e8446394be6b6656b2b3d79d405531264e54beafc08,2,2,True,0,0,0,1,1,1,1,1,1,1,1,1,True,True,True,False,False
frozen,whale-categorization-playground,c3b6868058ad521dbee98bd02d6d77e6b1a3b3f8af20a1e0b69e06e225570bdf,548f67fcf5605650b5dec66db92bb4e443a5b6756e9c378db1f2939bc51577fa,2,2,True,0,0,0,1,1,1,1,1,1,1,1,1,True,True,True,False,False
frozen,whale-categorization-playground,c3b6868058ad521dbee98bd02d6d77e6b1a3b3f8af20a1e0b69e06e225570bdf,17a97feda63ae0ec1992d31e8b16fc78af85e020bcef5e2557dc053c00dab7df,2,2,True,0,0,0,1,1,1,1,1,1,1,1,1,True,True,True,False,False
frozen,whale-categorization-playground,c3b6868058ad521dbee98bd02d6d77e6b1a3b3f8af20a1e0b69e06e225570bdf,6e9c6c958e5b284a320779d019f7dc8bfb41fb1b8724178222d1e2f222b13593,2,2,True,0,0,0,1,1,1,1,1,1,1,1,1,True,True,True,False,False
frozen,whale-categorization-playground,c3b6868058ad521dbee98bd02d6d77e6b1a3b3f8af20a1e0b69e06e225570bdf,3b7f16ee970c851de8e625eb66a723dad3d90f551d81c6f7e230b69889b144b3,2,2,True,0,0,0,1,1,1,1,1,1,1,1,1,True,True,True,False,False
frozen,whale-categorization-playground,c3b6868058ad521dbee98bd02d6d77e6b1a3b3f8af20a1e0b69e06e225570bdf,4cab1bc4454129264e5007def1632ea5f3d73ae5cefc467b92a33e2767e55181,2,2,True,0,0,0,1,1,1,1,1,1,1,1,1,True,True,True,False,False
frozen,whale-categorization-playground,c3b6868058ad521dbee98bd02d6d77e6b1a3b3f8af20a1e0b69e06e225570bdf,3bd4e2376c0a310daa21dada3c32d4cbb6b24311495719d99cd77199a2cc69d1,2,2,True,0,0,0,1,1,1,1,1,1,1,1,1,True,True,True,False,False
frozen,whale-categorization-playground,c3b6868058ad521dbee98bd02d6d77e6b1a3b3f8af20a1e0b69e06e225570bdf,d264b4737ff76f6a64f45aba32cc0f66e4bb7e87609dcae4ca8fe9382c7f0b82,2,2,True,0,0,0,1,1,1,1,1,1,1,1,1,True,True,True,False,False
frozen,whale-categorization-playground,c3b6868058ad521dbee98bd02d6d77e6b1a3b3f8af20a1e0b69e06e225570bdf,9511f4b621b50eebedc1382600d3e9d623479eb2b1fcdfbb5815a0f4d3101b1f,2,2,True,0,0,0,1,1,1,1,1,1,1,1,1,True,True,True,False,False
frozen,whale-categorization-playground,2b2bafb74d7e7ae677c4f20f8fb4f82aad5c7006e9bf8a498c4fbaaee5b3e2f5,31bccc424db85a623f23b937ab6c5d9e9ab205f5f2fbfbd866181068a5886e7a,2,2,True,0,0,0,1,1,1,1,1,1,1,1,1,True,True,True,False,False
frozen,whale-categorization-playground,c3b6868058ad521dbee98bd02d6d77e6b1a3b3f8af20a1e0b69e06e225570bdf,1e8f0fe17be7e45ca287533ad1a3d470d9369c5b2be53490b221bd9bb5d39661,2,2,True,0,0,0,1,1,1,1,1,1,1,1,1,True,True,True,False,False
frozen,whale-categorization-playground,2b2bafb74d7e7ae677c4f20f8fb4f82aad5c7006e9bf8a498c4fbaaee5b3e2f5,239756336c17a85763c5b71ac86a5406a0e4f12d6c8cb9e4c530af838c6cde2e,2,2,True,0,0,0,1,1,1,1,1,1,1,1,1,True,True,True,False,False
frozen,whale-categorization-playground,c3b6868058ad521dbee98bd02d6d77e6b1a3b3f8af20a1e0b69e06e225570bdf,04be830171f0cec2131e2fa608910c83ad765c6af118c808be056c39087e14dc,2,2,True,0,0,0,1,1,1,1,1,1,1,1,1,True,True,True,False,False
frozen,whale-categorization-playground,c3b6868058ad521dbee98bd02d6d77e6b1a3b3f8af20a1e0b69e06e225570bdf,081008d8b11cbfc71967c7a8e44213ad17a6363227240206f9bc168c065286fc,2,2,True,0,0,0,1,1,1,1,1,1,1,1,1,True,True,True,False,False
frozen,whale-categorization-playground,c3b6868058ad521dbee98bd02d6d77e6b1a3b3f8af20a1e0b69e06e225570bdf,87f9e40a9ccd06e3dd1f376868f3a7ebe1974fbd5254617724f9444d0dcddbfe,2,2,True,0,0,0,1,1,1,1,1,1,1,1,1,True,True,True,False,False
frozen,whale-categorization-playground,c3b6868058ad521dbee98bd02d6d77e6b1a3b3f8af20a1e0b69e06e225570bdf,4b5be3e065b507c416f1a1110a19354b4c0b5ce1e099b053da7b2eab3bcb46c4,2,2,True,0,0,0,1,1,1,1,1,1,1,1,1,True,True,True,False,False
frozen,whale-categorization-playground,c3b6868058ad521dbee98bd02d6d77e6b1a3b3f8af20a1e0b69e06e225570bdf,eaf8d96e5fe4b7a681a0119f723bfd46f943e2f738fd39159faf2bafa1f33ebf,2,2,True,0,0,0,1,1,1,1,1,1,1,1,1,True,True,True,False,False
frozen,whale-categorization-playground,c3b6868058ad521dbee98bd02d6d77e6b1a3b3f8af20a1e0b69e06e225570bdf,f3d7c8b991c31e10d8813436f14567e0ba985a39f62ee89842c3ac7af6878e58,2,2,True,0,0,0,1,1,1,1,1,1,1,1,1,True,True,True,False,False
frozen,whale-categorization-playground,c3b6868058ad521dbee98bd02d6d77e6b1a3b3f8af20a1e0b69e06e225570bdf,8be1c7bac0863135dd0f6451e1816727d607c73de4ced10d86bb5a56a33a5798,2,2,True,0,0,0,1,1,1,1,1,1,1,1,1,True,True,True,False,False
frozen,whale-categorization-playground,c3b6868058ad521dbee98bd02d6d77e6b1a3b3f8af20a1e0b69e06e225570bdf,f685fa2354c3fe72cc29b049bfaa2b5b843bd02be219d99d9c92f2162416171b,2,2,True,0,0,0,1,1,1,1,1,1,1,1,1,True,True,True,False,False
frozen,whale-categorization-playground,c3b6868058ad521dbee98bd02d6d77e6b1a3b3f8af20a1e0b69e06e225570bdf,990a25d43bbd7d9cac46532182d9f11cba01b18302ea4b1ba62f270c0ed4ce8a,2,2,True,0,0,0,1,1,1,1,1,1,1,1,1,True,True,True,False,False
frozen,whale-categorization-playground,c3b6868058ad521dbee98bd02d6d77e6b1a3b3f8af20a1e0b69e06e225570bdf,79b5b0a98502b80b21b7095a75f5ca174f8a3835f1bbd23bfe693c0988ef1526,2,2,True,0,0,0,1,1,1,1,1,1,1,1,1,True,True,True,False,False
frozen,whale-categorization-playground,c3b6868058ad521dbee98bd02d6d77e6b1a3b3f8af20a1e0b69e06e225570bdf,a154fbe77220b31676dc6b383fb5688a2c0697fda0d77f32f2d5bd1c66172d2a,2,2,True,0,0,0,1,1,1,1,1,1,1,1,1,True,True,True,False,False
frozen,whale-categorization-playground,c3b6868058ad521dbee98bd02d6d77e6b1a3b3f8af20a1e0b69e06e225570bdf,6268a994f4768ceae53381ed9bfca89f78653a2a5b73a7bb0e1de8c4d6211df8,2,2,True,0,0,0,1,1,1,1,1,1,1,1,1,True,True,True,False,False
frozen,whale-categorization-playground,c3b6868058ad521dbee98bd02d6d77e6b1a3b3f8af20a1e0b69e06e225570bdf,140163a36b05c5dee98a9d602fa0abf26fb3bf855fea0c1ded1a92577734a40e,2,2,True,0,0,0,1,1,1,1,1,1,1,1,1,True,True,True,False,False
frozen,whale-categorization-playground,c3b6868058ad521dbee98bd02d6d77e6b1a3b3f8af20a1e0b69e06e225570bdf,afcb63f8f2583935741b7a3b9e90e031351228f84d8fec3dfd2ffa492ba840d6,2,2,True,0,0,0,1,1,1,1,1,1,1,1,1,True,True,True,False,False
frozen,whale-categorization-playground,c3b6868058ad521dbee98bd02d6d77e6b1a3b3f8af20a1e0b69e06e225570bdf,c511959a734f697a5c4ce03f29b8048bfb8cb40d41beeb4fa6828eace4a89918,2,2,True,0,0,0,1,1,1,1,1,1,1,1,1,True,True,True,False,False
frozen,whale-categorization-playground,c3b6868058ad521dbee98bd02d6d77e6b1a3b3f8af20a1e0b69e06e225570bdf,f194e8b40ed6aac81dc96bdcc486787e3fa3dc81e7c75292580e2f1c816f62fc,2,2,True,0,0,0,1,1,1,1,1,1,1,1,1,True,True,True,False,False
frozen,whale-categorization-playground,c3b6868058ad521dbee98bd02d6d77e6b1a3b3f8af20a1e0b69e06e225570bdf,1359c2280bfa655b0d5fcf4e0d845ee0b87162c97b7c8b5092f5222544fc2722,2,2,True,0,0,0,1,1,1,1,1,1,1,1,1,True,True,True,False,False
frozen,whale-categorization-playground,c3b6868058ad521dbee98bd02d6d77e6b1a3b3f8af20a1e0b69e06e225570bdf,40cdf9d7700b50cdb845da0f66ad2caa48baa64f39fa579142d1d617fa15a4ab,2,2,True,0,0,0,1,1,1,1,1,1,1,1,1,True,True,True,False,False
frozen,whale-categorization-playground,2b2bafb74d7e7ae677c4f20f8fb4f82aad5c7006e9bf8a498c4fbaaee5b3e2f5,d768630408c33be426981fed309a5590d7113aa63142e13cabbc25376e47077b,2,2,True,0,0,0,1,1,1,1,1,1,1,1,1,True,True,True,False,False
frozen,whale-categorization-playground,c3b6868058ad521dbee98bd02d6d77e6b1a3b3f8af20a1e0b69e06e225570bdf,6333963f9ef4d9a8adac93ca08810eab8078d9bdb761015986ee37f1d7184393,2,2,True,0,0,0,1,1,1,1,1,1,1,1,1,True,True,True,False,False
frozen,whale-categorization-playground,c3b6868058ad521dbee98bd02d6d77e6b1a3b3f8af20a1e0b69e06e225570bdf,04f24789f55c74f33c865f18af1f98a543ffeac37964bfa7754740559b62d4fb,2,2,True,0,0,0,1,1,1,1,1,1,1,1,1,True,True,True,False,False
frozen,whale-categorization-playground,c3b6868058ad521dbee98bd02d6d77e6b1a3b3f8af20a1e0b69e06e225570bdf,9e18c6d47097f31760f1324ad5274855045be018a0598870a7a58505cceb17a0,2,2,True,0,0,0,1,1,1,1,1,1,1,1,1,True,True,True,False,False
frozen,whale-categorization-playground,c3b6868058ad521dbee98bd02d6d77e6b1a3b3f8af20a1e0b69e06e225570bdf,f1c4c17e6df847530fabac3ef102aef522209b39b75755a0d77d50d4561edfe7,2,2,True,0,0,0,1,1,1,1,1,1,1,1,1,True,True,True,False,False
frozen,whale-categorization-playground,c3b6868058ad521dbee98bd02d6d77e6b1a3b3f8af20a1e0b69e06e225570bdf,c42d0d23dcab974064f861dd7444ab4fc6b6eb2e4d949b873c23d797ac59ecff,2,2,True,0,0,0,1,1,1,1,1,1,1,1,1,True,True,True,False,False
frozen,whale-categorization-playground,c3b6868058ad521dbee98bd02d6d77e6b1a3b3f8af20a1e0b69e06e225570bdf,1ebdcd6aaa94d49e8aaf308cf0bd0890d1598c8614a7679db4ef1a0bfc20e8bf,2,2,True,0,0,0,1,1,1,1,1,1,1,1,1,True,True,True,False,False
frozen,whale-categorization-playground,c3b6868058ad521dbee98bd02d6d77e6b1a3b3f8af20a1e0b69e06e225570bdf,ec0cc3325647a7abc6ad98cb77589361659720a029e3ac819424c9dbc117ffa4,2,2,True,0,0,0,1,1,1,1,1,1,1,1,1,True,True,True,False,False
frozen,whale-categorization-playground,c3b6868058ad521dbee98bd02d6d77e6b1a3b3f8af20a1e0b69e06e225570bdf,6072ee469c86776c75d43465856ec14233c18ffaa6c0692b3e33a272bb708dea,2,2,True,0,0,0,1,1,1,1,1,1,1,1,1,True,True,True,False,False
frozen,whale-categorization-playground,c3b6868058ad521dbee98bd02d6d77e6b1a3b3f8af20a1e0b69e06e225570bdf,245f55a696e7ba7b2dce72de3fe565cc88802fa3a2855c89da7e1172870d23ef,2,2,True,0,0,0,1,1,1,1,1,1,1,1,1,True,True,True,False,False
frozen,whale-categorization-playground,2b2bafb74d7e7ae677c4f20f8fb4f82aad5c7006e9bf8a498c4fbaaee5b3e2f5,b920d5c0330118287d2b721fae6308fc640bbafb396bf66808b31fbf9c6a3eaf,2,2,True,0,0,0,1,1,1,1,1,1,1,1,1,True,True,True,False,False
frozen,whale-categorization-playground,c3b6868058ad521dbee98bd02d6d77e6b1a3b3f8af20a1e0b69e06e225570bdf,5d007f329bad56cdeb48477668d29fdc5ca6f16d1a809aaa98f79ed4c1adcacd,2,2,True,0,0,0,1,1,1,1,1,1,1,1,1,True,True,True,False,False
frozen,whale-categorization-playground,c3b6868058ad521dbee98bd02d6d77e6b1a3b3f8af20a1e0b69e06e225570bdf,e147901072d7398630283df8f62e82fa8ab13da341c16e0cb7539c1ae6a95517,2,2,True,0,0,0,1,1,1,1,1,1,1,1,1,True,True,True,False,False
frozen,whale-categorization-playground,c3b6868058ad521dbee98bd02d6d77e6b1a3b3f8af20a1e0b69e06e225570bdf,61d1a3f2116380d09e75e8b594dac07fb9c2b3e95a7d3f6bea97e2eb07734a3e,2,2,True,0,0,0,1,1,1,1,1,1,1,1,1,True,True,True,False,False
frozen,whale-categorization-playground,c3b6868058ad521dbee98bd02d6d77e6b1a3b3f8af20a1e0b69e06e225570bdf,47e5fadff1dabe13cfcb0ac253b26a5e7b307599b4febb0a83e654c8cd7189ed,2,2,True,0,0,0,1,1,1,1,1,1,1,1,1,True,True,True,False,False
frozen,whale-categorization-playground,c3b6868058ad521dbee98bd02d6d77e6b1a3b3f8af20a1e0b69e06e225570bdf,744152feb5b073b7cf443f65bf1edbe9578683bb106741893a073b67780210ff,2,2,True,0,0,0,1,1,1,1,1,1,1,1,1,True,True,True,False,False
frozen,whale-categorization-playground,2b2bafb74d7e7ae677c4f20f8fb4f82aad5c7006e9bf8a498c4fbaaee5b3e2f5,b55b65e26771e90dd9fc2bae1b05efbcf26df2657bb4aa2f67438fc6a0fb6f21,2,2,True,0,0,0,1,1,1,1,1,1,1,1,1,True,True,True,False,False
frozen,whale-categorization-playground,c3b6868058ad521dbee98bd02d6d77e6b1a3b3f8af20a1e0b69e06e225570bdf,667ea25897f4f061456d1a3486d33c4c40b5fe04bfa0424cbfc94b37321ae3bd,2,2,True,0,0,0,1,1,1,1,1,1,1,1,1,True,True,True,False,False
frozen,whale-categorization-playground,c3b6868058ad521dbee98bd02d6d77e6b1a3b3f8af20a1e0b69e06e225570bdf,7b956230e6e26969988f3cf234d402d88b8a77749b458324a1b9de3510379c68,2,2,True,0,0,0,1,1,1,1,1,1,1,1,1,True,True,True,False,False
frozen,whale-categorization-playground,c3b6868058ad521dbee98bd02d6d77e6b1a3b3f8af20a1e0b69e06e225570bdf,02e3a6a87f7f7687b619ef796105cdac047fa8b85a957184437fdc091c26a039,2,2,True,0,0,0,1,1,1,1,1,1,1,1,1,True,True,True,False,False
frozen,whale-categorization-playground,c3b6868058ad521dbee98bd02d6d77e6b1a3b3f8af20a1e0b69e06e225570bdf,1848cd7190c5f6070910e2147e5fec9a108a1333abfc2f36e988c711bb08d7d8,2,2,True,0,0,0,1,1,1,1,1,1,1,1,1,True,True,True,False,False
frozen,whale-categorization-playground,c3b6868058ad521dbee98bd02d6d77e6b1a3b3f8af20a1e0b69e06e225570bdf,9ca78bfd4b87573c67f0c08be3f3cd089ddec13dc5605db5626b33d9d9018001,2,2,True,0,0,0,1,1,1,1,1,1,1,1,1,True,True,True,False,False
frozen,whale-categorization-playground,c3b6868058ad521dbee98bd02d6d77e6b1a3b3f8af20a1e0b69e06e225570bdf,ef7cbf8f00db3d0c3b1084e2075a0102d0277bb1ec34bc5070c75f9b528c2a13,2,2,True,0,0,0,1,1,1,1,1,1,1,1,1,True,True,True,False,False
frozen,whale-categorization-playground,c3b6868058ad521dbee98bd02d6d77e6b1a3b3f8af20a1e0b69e06e225570bdf,e4473de910edd112cafee9ba41e16906c0673f634cd6d9a1006acbb4a8066fd7,2,2,True,0,0,0,1,1,1,1,1,1,1,1,1,True,True,True,False,False
frozen,whale-categorization-playground,c3b6868058ad521dbee98bd02d6d77e6b1a3b3f8af20a1e0b69e06e225570bdf,85bab020af37e68ff28ef5d83f08e1a6ef923f296b2dc3c3fd9381f0c5e3f7f0,2,2,True,0,0,0,1,1,1,1,1,1,1,1,1,True,True,True,False,False
frozen,whale-categorization-playground,c3b6868058ad521dbee98bd02d6d77e6b1a3b3f8af20a1e0b69e06e225570bdf,5d7e2f9de3d43ca3dc17cdd1ff626133379194067ad25532045de912010c4b94,2,2,True,0,0,0,1,1,1,1,1,1,1,1,1,True,True,True,False,False
frozen,whale-categorization-playground,c3b6868058ad521dbee98bd02d6d77e6b1a3b3f8af20a1e0b69e06e225570bdf,e59c2ac22784ca4c5993b51d263412ede38dfebe5967395d4a8844854d34c77a,2,2,True,0,0,0,1,1,1,1,1,1,1,1,1,True,True,True,False,False
frozen,whale-categorization-playground,c3b6868058ad521dbee98bd02d6d77e6b1a3b3f8af20a1e0b69e06e225570bdf,0a1dfce525181c4f197152d08f4d75bd3067d7a8474de1fd78934224db1d748c,2,2,True,0,0,0,1,1,1,1,1,1,1,1,1,True,True,True,False,False
frozen,whale-categorization-playground,c3b6868058ad521dbee98bd02d6d77e6b1a3b3f8af20a1e0b69e06e225570bdf,988e98f0c3e688a3929d3ddc6b58fc5950f51d6e7e557584a067e88698c3c191,2,2,True,0,0,0,1,1,1,1,1,1,1,1,1,True,True,True,False,False
frozen,whale-categorization-playground,c3b6868058ad521dbee98bd02d6d77e6b1a3b3f8af20a1e0b69e06e225570bdf,e7802181803bb99f8973c19e85d7224668ab739cc639ddf82e845835dbc5e1d0,2,2,True,0,0,0,1,1,1,1,1,1,1,1,1,True,True,True,False,False
frozen,whale-categorization-playground,c3b6868058ad521dbee98bd02d6d77e6b1a3b3f8af20a1e0b69e06e225570bdf,6d07f258d4f8878d6ac2de506fda6980424031a9666dd580fade302b694830ff,2,2,True,0,0,0,1,1,1,1,1,1,1,1,1,True,True,True,False,False
frozen,whale-categorization-playground,c3b6868058ad521dbee98bd02d6d77e6b1a3b3f8af20a1e0b69e06e225570bdf,f954a18e26e8ddbf3c3e90d7de7718f4637f6981c7b06a9ff4a52adcc5a01ca1,2,2,True,0,0,0,1,1,1,1,1,1,1,1,1,True,True,True,False,False
frozen,whale-categorization-playground,c3b6868058ad521dbee98bd02d6d77e6b1a3b3f8af20a1e0b69e06e225570bdf,a954855745dbe5cc37743b69250927d45275c696e52dfb54a4f5e6153ef0c033,2,2,True,0,0,0,1,1,1,1,1,1,1,1,1,True,True,True,False,False
frozen,whale-categorization-playground,c3b6868058ad521dbee98bd02d6d77e6b1a3b3f8af20a1e0b69e06e225570bdf,d7bb21c5edd28e410458b517088254f399a9f563ae33e08729cb8bc85104f2e4,2,2,True,0,0,0,1,1,1,1,1,1,1,1,1,True,True,True,False,False
frozen,whale-categorization-playground,c3b6868058ad521dbee98bd02d6d77e6b1a3b3f8af20a1e0b69e06e225570bdf,e8910a8f91423c4556382546da368f0349cf32344030744e1adc123744c69892,2,2,True,0,0,0,1,1,1,1,1,1,1,1,1,True,True,True,False,False
frozen,whale-categorization-playground,c3b6868058ad521dbee98bd02d6d77e6b1a3b3f8af20a1e0b69e06e225570bdf,6ba41655044024765fdb1020d2e9f97182aa5a19cda1eb0f48e76d53cc824872,2,2,True,0,0,0,1,1,1,1,1,1,1,1,1,True,True,True,False,False
frozen,whale-categorization-playground,c3b6868058ad521dbee98bd02d6d77e6b1a3b3f8af20a1e0b69e06e225570bdf,49524c590c2c547f8fcd95de30f01e129fc92450211c3c8b4ed7e2eb05f7826a,2,2,True,0,0,0,1,1,1,1,1,1,1,1,1,True,True,True,False,False
frozen,whale-categorization-playground,c3b6868058ad521dbee98bd02d6d77e6b1a3b3f8af20a1e0b69e06e225570bdf,16b842826484e35740115783f5e87498024aa06eb4c6d7251347ade77a9c143f,2,2,True,0,0,0,1,1,1,1,1,1,1,1,1,True,True,True,False,False
frozen,whale-categorization-playground,c3b6868058ad521dbee98bd02d6d77e6b1a3b3f8af20a1e0b69e06e225570bdf,149c9dd6d5d3a92cf5e5a1a72b66bd61955141a81e17112850ebc2caef515ed6,2,2,True,0,0,0,1,1,1,1,1,1,1,1,1,True,True,True,False,False
frozen,whale-categorization-playground,2b2bafb74d7e7ae677c4f20f8fb4f82aad5c7006e9bf8a498c4fbaaee5b3e2f5,b15bdc727dc08d9480d0e37126df2b0e5a5f1de4499d702d042807136d5418aa,2,2,True,0,0,0,1,1,1,1,1,1,1,1,1,True,True,True,False,False
frozen,whale-categorization-playground,c3b6868058ad521dbee98bd02d6d77e6b1a3b3f8af20a1e0b69e06e225570bdf,9e461ec3b8fb25a1d3844d2e7448f045cefb84272c283d6e36b646ae42e26d9a,2,2,True,0,0,0,1,1,1,1,1,1,1,1,1,True,True,True,False,False
frozen,whale-categorization-playground,c3b6868058ad521dbee98bd02d6d77e6b1a3b3f8af20a1e0b69e06e225570bdf,824e77c45ecf05880b80f79f30664fbdaba27e30a3fa198ea93b7ff33e8d2f7d,2,2,True,0,0,0,1,1,1,1,1,1,1,1,1,True,True,True,False,False
frozen,whale-categorization-playground,c3b6868058ad521dbee98bd02d6d77e6b1a3b3f8af20a1e0b69e06e225570bdf,41a384c9f0e5be64818a971e5704d34bf45b5c81fb45d32d9427066af6508254,2,2,True,0,0,0,1,1,1,1,1,1,1,1,1,True,True,True,False,False
frozen,whale-categorization-playground,c3b6868058ad521dbee98bd02d6d77e6b1a3b3f8af20a1e0b69e06e225570bdf,765b92837d67d6e062df6e053b50e6ae8895d2067ab2f6ea009a0bea3d610b96,2,2,True,0,0,0,1,1,1,1,1,1,1,1,1,True,True,True,False,False
frozen,whale-categorization-playground,c3b6868058ad521dbee98bd02d6d77e6b1a3b3f8af20a1e0b69e06e225570bdf,c27435e4aa862e4655863bcc3d7ede21351cdb26d60b9c8c9ef4bafb4f9e8006,2,2,True,0,0,0,1,1,1,1,1,1,1,1,1,True,True,True,False,False
frozen,whale-categorization-playground,c3b6868058ad521dbee98bd02d6d77e6b1a3b3f8af20a1e0b69e06e225570bdf,8e298e539ec7911cb74da2879c6e18fd879a78b0787728ac3ea13fb28f26fd5c,2,2,True,0,0,0,1,1,1,1,1,1,1,1,1,True,True,True,False,False
frozen,whale-categorization-playground,c3b6868058ad521dbee98bd02d6d77e6b1a3b3f8af20a1e0b69e06e225570bdf,d55dd1a7eb5c73518815b603a8f3d1f50549722bccc400e0616436496dfb45b3,2,2,True,0,0,0,1,1,1,1,1,1,1,1,1,True,True,True,False,False
frozen,whale-categorization-playground,c3b6868058ad521dbee98bd02d6d77e6b1a3b3f8af20a1e0b69e06e225570bdf,ed01b5074d46cadbda3dd2557f160effeb3fbcb56fb27cc8dbf9bb0de8d95860,2,2,True,0,0,0,1,1,1,1,1,1,1,1,1,True,True,True,False,False
frozen,whale-categorization-playground,c3b6868058ad521dbee98bd02d6d77e6b1a3b3f8af20a1e0b69e06e225570bdf,2bbfc81513bd5c0deef316f6180db5d45a5a0c4c851f7f90c9a595b5aedb7a97,2,2,True,0,0,0,1,1,1,1,1,1,1,1,1,True,True,True,False,False
frozen,whale-categorization-playground,c3b6868058ad521dbee98bd02d6d77e6b1a3b3f8af20a1e0b69e06e225570bdf,e91143cc7ddfeea9123be994d8468d2a1440974feb221362ce44c70a7c86ce11,2,2,True,0,0,0,1,1,1,1,1,1,1,1,1,True,True,True,False,False
frozen,whale-categorization-playground,c3b6868058ad521dbee98bd02d6d77e6b1a3b3f8af20a1e0b69e06e225570bdf,17361cd5a14708d71dcbfdc07d729f6c75b4809b182985583fa0d95501a7a42b,2,2,True,0,0,0,1,1,1,1,1,1,1,1,1,True,True,True,False,False
frozen,whale-categorization-playground,c3b6868058ad521dbee98bd02d6d77e6b1a3b3f8af20a1e0b69e06e225570bdf,74e011904cb9db0972d74aa614cfe70e7a5a26fd780eb4e3467c13dc38e8e50f,2,2,True,0,0,0,1,1,1,1,1,1,1,1,1,True,True,True,False,False
frozen,whale-categorization-playground,c3b6868058ad521dbee98bd02d6d77e6b1a3b3f8af20a1e0b69e06e225570bdf,94278f331278adbe0ba659ecd2cebaf69166cbf9ae4c7fc8d0aa93426f958168,2,2,True,0,0,0,1,1,1,1,1,1,1,1,1,True,True,True,False,False
frozen,whale-categorization-playground,c3b6868058ad521dbee98bd02d6d77e6b1a3b3f8af20a1e0b69e06e225570bdf,d61e6cd1e2d8384ab594ec9e0d7df662f5303f487209365817dc5547bc48efdf,2,2,True,0,0,0,1,1,1,1,1,1,1,1,1,True,True,True,False,False
frozen,whale-categorization-playground,c3b6868058ad521dbee98bd02d6d77e6b1a3b3f8af20a1e0b69e06e225570bdf,d7e1ade7b851270ca88a58776dba40f7bc3b911cb089890dd53956e60a1472f5,2,2,True,0,0,0,1,1,1,1,1,1,1,1,1,True,True,True,False,False
frozen,whale-categorization-playground,c3b6868058ad521dbee98bd02d6d77e6b1a3b3f8af20a1e0b69e06e225570bdf,a1d507a202856d13961301610204220a625755fc2a55816369cf91535055fc84,2,2,True,0,0,0,1,1,1,1,1,1,1,1,1,True,True,True,False,False
frozen,whale-categorization-playground,c3b6868058ad521dbee98bd02d6d77e6b1a3b3f8af20a1e0b69e06e225570bdf,d85fa6506deef6617731f824ecf9769374fafb3a03ed445e03989efc216c9fa6,2,2,True,0,0,0,1,1,1,1,1,1,1,1,1,True,True,True,False,False
frozen,whale-categorization-playground,c3b6868058ad521dbee98bd02d6d77e6b1a3b3f8af20a1e0b69e06e225570bdf,71c849c83f10364f15efad5abc8685290105bd2b480b5bcde3bbd84d4acd2c44,2,2,True,0,0,0,1,1,1,1,1,1,1,1,1,True,True,True,False,False
frozen,whale-categorization-playground,c3b6868058ad521dbee98bd02d6d77e6b1a3b3f8af20a1e0b69e06e225570bdf,e587c4a47128851900e0448036aebec31f4bf18172d00fda1e88adc477146f33,2,2,True,0,0,0,1,1,1,1,1,1,1,1,1,True,True,True,False,False
frozen,whale-categorization-playground,c3b6868058ad521dbee98bd02d6d77e6b1a3b3f8af20a1e0b69e06e225570bdf,26bbc107c584c6c838946847f9e832650111e465e5f8897185a7b345a0795a0c,2,2,True,0,0,0,1,1,1,1,1,1,1,1,1,True,True,True,False,False
frozen,whale-categorization-playground,c3b6868058ad521dbee98bd02d6d77e6b1a3b3f8af20a1e0b69e06e225570bdf,5d3ad409b53a6a4e7b696b65df33b447f3c679c36b6da8b7049873d2ebf5ea2a,2,2,True,0,0,0,1,1,1,1,1,1,1,1,1,True,True,True,False,False
frozen,whale-categorization-playground,c3b6868058ad521dbee98bd02d6d77e6b1a3b3f8af20a1e0b69e06e225570bdf,2c0c55a0c9930f5c2159d91200f27eddaa40c077d6fc32ebd73a8fc760594d8d,2,2,True,0,0,0,1,1,1,1,1,1,1,1,1,True,True,True,False,False
frozen,whale-categorization-playground,c3b6868058ad521dbee98bd02d6d77e6b1a3b3f8af20a1e0b69e06e225570bdf,49b255527dfc51b28048e9e065a8cdb5ccd714c7f4209f24ad2d868d93be368c,2,2,True,0,0,0,1,1,1,1,1,1,1,1,1,True,True,True,False,False
frozen,whale-categorization-playground,c3b6868058ad521dbee98bd02d6d77e6b1a3b3f8af20a1e0b69e06e225570bdf,51c24e3cad238d739845ae1a62a4d50f1bff92d1ca39015bdb4d22b917112568,2,2,True,0,0,0,1,1,1,1,1,1,1,1,1,True,True,True,False,False
frozen,whale-categorization-playground,c3b6868058ad521dbee98bd02d6d77e6b1a3b3f8af20a1e0b69e06e225570bdf,11cb29340963cb2e0a3b2048a0ef945bb5cb52a7dfc9911a020665e64d3efb79,2,2,True,0,0,0,1,1,1,1,1,1,1,1,1,True,True,True,False,False
frozen,whale-categorization-playground,c3b6868058ad521dbee98bd02d6d77e6b1a3b3f8af20a1e0b69e06e225570bdf,dceff920bea13e506d28c1169c35c7f1d18f1215512322e4e5312f8c515db2e9,2,2,True,0,0,0,1,1,1,1,1,1,1,1,1,True,True,True,False,False
frozen,whale-categorization-playground,c3b6868058ad521dbee98bd02d6d77e6b1a3b3f8af20a1e0b69e06e225570bdf,f3a896c2c2f180b75a1901e933bcece873512097fe798af562653b0fe1b129da,2,2,True,0,0,0,1,1,1,1,1,1,1,1,1,True,True,True,False,False
frozen,whale-categorization-playground,c3b6868058ad521dbee98bd02d6d77e6b1a3b3f8af20a1e0b69e06e225570bdf,a6f606541bbe79991e75b74c1d81958c1d32332521f26989aaa57c646a3be0c1,2,2,True,0,0,0,1,1,1,1,1,1,1,1,1,True,True,True,False,False
frozen,whale-categorization-playground,c3b6868058ad521dbee98bd02d6d77e6b1a3b3f8af20a1e0b69e06e225570bdf,df807277ae4ab13f322410fd7ea037b6aaad1c1b48173a67e8c56f724f311ae5,2,2,True,0,0,0,1,1,1,1,1,1,1,1,1,True,True,True,False,False
frozen,whale-categorization-playground,c3b6868058ad521dbee98bd02d6d77e6b1a3b3f8af20a1e0b69e06e225570bdf,1d5edba996f3ae25e77ed92c093bf5af549f515fc988b9aa0918fc494966cb1e,2,2,True,0,0,0,1,1,1,1,1,1,1,1,1,True,True,True,False,False
frozen,whale-categorization-playground,c3b6868058ad521dbee98bd02d6d77e6b1a3b3f8af20a1e0b69e06e225570bdf,368f88fe3929d65a0b199354445aabe6a932896b1e2b077201e41e87dae8d3d3,2,2,True,0,0,0,1,1,1,1,1,1,1,1,1,True,True,True,False,False
frozen,whale-categorization-playground,c3b6868058ad521dbee98bd02d6d77e6b1a3b3f8af20a1e0b69e06e225570bdf,d08b034ad505341a216ef6179a616dd6447abcc078e23dc9e395a4ec22f2ba50,2,2,True,0,0,0,1,1,1,1,1,1,1,1,1,True,True,True,False,False
frozen,whale-categorization-playground,c3b6868058ad521dbee98bd02d6d77e6b1a3b3f8af20a1e0b69e06e225570bdf,fef6c25a9eea6de26fe2ee492413bfeee27d74ac8e5921188d89edd07091bc34,2,2,True,0,0,0,1,1,1,1,1,1,1,1,1,True,True,True,False,False
frozen,whale-categorization-playground,c3b6868058ad521dbee98bd02d6d77e6b1a3b3f8af20a1e0b69e06e225570bdf,611fde6eb23366bfb7727cf70bfa7fe26cfc229c07c1d678f8f11f65083dfd33,2,2,True,0,0,0,1,1,1,1,1,1,1,1,1,True,True,True,False,False
frozen,whale-categorization-playground,c3b6868058ad521dbee98bd02d6d77e6b1a3b3f8af20a1e0b69e06e225570bdf,64b7ca1c424788bddfb261123d9b6444fc3f57006807bcaa855dfc7c38aa832e,2,2,True,0,0,0,1,1,1,1,1,1,1,1,1,True,True,True,False,False
frozen,whale-categorization-playground,c3b6868058ad521dbee98bd02d6d77e6b1a3b3f8af20a1e0b69e06e225570bdf,3e4af4da657325a40e4f301998526659ba0c6f2552ae35e3bac0db9ad27d084b,2,2,True,0,0,0,1,1,1,1,1,1,1,1,1,True,True,True,False,False
frozen,whale-categorization-playground,c3b6868058ad521dbee98bd02d6d77e6b1a3b3f8af20a1e0b69e06e225570bdf,912fc869a8566da97ba27dd28676c6581c7af8162c813f74420cc5d5bc46ea2c,2,2,True,0,0,0,1,1,1,1,1,1,1,1,1,True,True,True,False,False
frozen,whale-categorization-playground,c3b6868058ad521dbee98bd02d6d77e6b1a3b3f8af20a1e0b69e06e225570bdf,7ecc80bb6d0071ed4108c0d3c0de6af94da77f9b52e2cf3a21f5c94d4cde46d7,2,2,True,0,0,0,1,1,1,1,1,1,1,1,1,True,True,True,False,False
frozen,whale-categorization-playground,c3b6868058ad521dbee98bd02d6d77e6b1a3b3f8af20a1e0b69e06e225570bdf,8875626887ebb80c272a87ed0aeabbd3f81d83001baf3be9bcab4e55ece6b858,2,2,True,0,0,0,1,1,1,1,1,1,1,1,1,True,True,True,False,False
frozen,whale-categorization-playground,c3b6868058ad521dbee98bd02d6d77e6b1a3b3f8af20a1e0b69e06e225570bdf,3fb9250c5f35b5c56633b35de54b7b7fa6511e9b89d35956f8be01ad3d4a7ae7,2,2,True,0,0,0,1,1,1,1,1,1,1,1,1,True,True,True,False,False
train,aptos2019-blindness-detection,175d52e22058a179a92024fba933d9e2910b5000ec1ce93333cde21593c5e0f7,02a9ecc6bc2ed96e4a91e520f3e385b752d8938ecab1a3d950e6503c71b8df29,2,2,True,0,0,0,1,1,1,1,1,1,1,1,1,True,True,True,False,False
train,aptos2019-blindness-detection,34d54c663a502da90ac0d543eb16b6ac4cd544e61b5b10f8c1ae2bf1f3076561,b33014e751da3cb4b8e60d118ad3ee1ae018d75286d21ae37291c0c107eed51d,2,2,True,0,0,0,1,1,1,1,1,1,1,1,1,True,True,True,False,False
train,aptos2019-blindness-detection,34d54c663a502da90ac0d543eb16b6ac4cd544e61b5b10f8c1ae2bf1f3076561,ae48901605afd6a3d44b82c1e8d866992c4d08fd4799ece432d9eed5ec49016d,2,2,True,0,0,0,1,1,1,1,1,1,1,1,1,True,True,True,False,False
train,aptos2019-blindness-detection,175d52e22058a179a92024fba933d9e2910b5000ec1ce93333cde21593c5e0f7,d46801fa9ef3547ce4d12f6203175562953e7b0fa0e05654354b63628eb50981,2,2,True,0,0,0,1,1,1,1,1,1,1,1,1,True,True,True,False,False
train,aptos2019-blindness-detection,34d54c663a502da90ac0d543eb16b6ac4cd544e61b5b10f8c1ae2bf1f3076561,cb528f62a97f3fe24a70d03c22e43197a970110c779cddf4eb8d8054b908f757,2,2,True,0,0,0,1,1,1,1,1,1,1,1,1,True,True,True,False,False
train,aptos2019-blindness-detection,34d54c663a502da90ac0d543eb16b6ac4cd544e61b5b10f8c1ae2bf1f3076561,1beb26f087cde9b63e9302d5e35cacac3e4ba8e375967dc05f4328c89912efe8,2,2,True,0,0,0,1,1,1,1,1,1,1,1,1,True,True,True,False,False
train,aptos2019-blindness-detection,175d52e22058a179a92024fba933d9e2910b5000ec1ce93333cde21593c5e0f7,edc2b17c5855a1d534d7a68edac04347ec775c53591bfdb94d06ebf77ab962f9,2,2,True,0,0,0,1,1,1,1,1,1,1,1,1,True,True,True,False,False
train,aptos2019-blindness-detection,175d52e22058a179a92024fba933d9e2910b5000ec1ce93333cde21593c5e0f7,5fcd700e380ea8fc0580b56aedad4d7e2c15f26c3c3544634d67780be2982aa3,2,2,True,0,0,0,1,1,1,1,1,1,1,1,1,True,True,True,False,False
train,aptos2019-blindness-detection,34d54c663a502da90ac0d543eb16b6ac4cd544e61b5b10f8c1ae2bf1f3076561,ecaae1461110d9b35537f8ea554de54026807be5b19be9fe36e21860afc5aaad,2,2,True,0,0,0,1,1,1,1,1,1,1,1,1,True,True,True,False,False
train,aptos2019-blindness-detection,34d54c663a502da90ac0d543eb16b6ac4cd544e61b5b10f8c1ae2bf1f3076561,257a9e5a99a90aa1159ebf445ae28913d7e4d513552eef0ee747d5717ab39b5f,2,2,True,0,0,0,1,1,1,1,1,1,1,1,1,True,True,True,False,False
train,aptos2019-blindness-detection,175d52e22058a179a92024fba933d9e2910b5000ec1ce93333cde21593c5e0f7,4a45949c124de92ebef8dbf6d2865f87b8c6ea752b46cbcba40e83080752af67,2,2,True,0,0,0,1,1,1,1,1,1,1,1,1,True,True,True,False,False
train,aptos2019-blindness-detection,34d54c663a502da90ac0d543eb16b6ac4cd544e61b5b10f8c1ae2bf1f3076561,cb041443f3bf58752794944a5aa283c9a918abf327761e351c0be6bc9b38dabb,2,2,True,0,0,0,1,1,1,1,1,1,1,1,1,True,True,True,False,False
train,aptos2019-blindness-detection,34d54c663a502da90ac0d543eb16b6ac4cd544e61b5b10f8c1ae2bf1f3076561,d267d8f6f01f67453481351333bfa2204248884797fb1f027a62708a7d4c9e27,2,2,True,0,0,0,1,1,1,1,1,1,1,1,1,True,True,True,False,False
train,aptos2019-blindness-detection,34d54c663a502da90ac0d543eb16b6ac4cd544e61b5b10f8c1ae2bf1f3076561,47e8b2d9fb52d7321e3b73a22563d77e36388151cd5db4bd9a3efa52f1bc16a1,2,2,True,0,0,0,1,1,1,1,1,1,1,1,1,True,True,True,False,False
train,aptos2019-blindness-detection,175d52e22058a179a92024fba933d9e2910b5000ec1ce93333cde21593c5e0f7,3cf3931a2d46565191452384cf944d45d5f0917fc31c49d62190ce2d77a74380,2,2,True,0,0,0,1,1,1,1,1,1,1,1,1,True,True,True,False,False
train,aptos2019-blindness-detection,34d54c663a502da90ac0d543eb16b6ac4cd544e61b5b10f8c1ae2bf1f3076561,dd453f77092d62b83aed49c0b3db303b87c5e2a68c1f1b634158420bc3b6b10d,2,2,True,0,0,0,1,1,1,1,1,1,1,1,1,True,True,True,False,False
train,aptos2019-blindness-detection,175d52e22058a179a92024fba933d9e2910b5000ec1ce93333cde21593c5e0f7,83e2b0af183292e3d2eff946e2747aa92183714e458f585b36ec34e9af064a8e,2,2,True,0,0,0,1,1,1,1,1,1,1,1,1,True,True,True,False,False
train,aptos2019-blindness-detection,175d52e22058a179a92024fba933d9e2910b5000ec1ce93333cde21593c5e0f7,0e02a925b8a4b47f04f7cf2acf60cc26a486979a45206d9b9b28978551bd7a2a,2,2,True,0,0,0,1,1,1,1,1,1,1,1,1,True,True,True,False,False
train,aptos2019-blindness-detection,175d52e22058a179a92024fba933d9e2910b5000ec1ce93333cde21593c5e0f7,5665916d8117c6c7e5c070689b6d8a76ad5eb1989aa33ed6fb299ce154f8a647,2,2,True,0,0,0,1,1,1,1,1,1,1,1,1,True,True,True,False,False
train,aptos2019-blindness-detection,175d52e22058a179a92024fba933d9e2910b5000ec1ce93333cde21593c5e0f7,5a308a7f4669d779df206db20cd26c22cc38a04efe935bf12c6c3ce355088107,2,2,True,0,0,0,1,1,1,1,1,1,1,1,1,True,True,True,False,False
train,aptos2019-blindness-detection,34d54c663a502da90ac0d543eb16b6ac4cd544e61b5b10f8c1ae2bf1f3076561,bd81e33c8834d7f30dc04b6fb29703e9802c62c5e72f6d95b9901b922a25cd3e,2,2,True,0,0,0,1,1,1,1,1,1,1,1,1,True,True,True,False,False
train,aptos2019-blindness-detection,34d54c663a502da90ac0d543eb16b6ac4cd544e61b5b10f8c1ae2bf1f3076561,a574e1f1ae8e9d3ff92a2515b1c8bd19bd31f2071a679dd54bb4b4a5adbc755b,2,2,True,0,0,0,1,1,1,1,1,1,1,1,1,True,True,True,False,False
train,aptos2019-blindness-detection,34d54c663a502da90ac0d543eb16b6ac4cd544e61b5b10f8c1ae2bf1f3076561,e2d6712061c0028b6f13ed96f875f9bd2f8da334e0298ab25776b6d802ddf6ab,2,2,True,0,0,0,1,1,1,1,1,1,1,1,1,True,True,True,False,False
train,aptos2019-blindness-detection,175d52e22058a179a92024fba933d9e2910b5000ec1ce93333cde21593c5e0f7,2301ed14ec45c1cde7ac9ff03163a1750408313f728a6ecae7dc515231a17aae,2,2,True,0,0,0,1,1,1,1,1,1,1,1,1,True,True,True,False,False
train,aptos2019-blindness-detection,175d52e22058a179a92024fba933d9e2910b5000ec1ce93333cde21593c5e0f7,e59d56218921fb990995c9cce48715ea7c34d470fe71b42b6edcd1084323161e,2,2,True,0,0,0,1,1,1,1,1,1,1,1,1,True,True,True,False,False
train,aptos2019-blindness-detection,34d54c663a502da90ac0d543eb16b6ac4cd544e61b5b10f8c1ae2bf1f3076561,8ef09f731895dc945334239efd0949661a99688f33a4537aa946c02a0bded818,2,2,True,0,0,0,1,1,1,1,1,1,1,1,1,True,True,True,False,False
train,aptos2019-blindness-detection,175d52e22058a179a92024fba933d9e2910b5000ec1ce93333cde21593c5e0f7,9f2accb25f7d1c7cd2e8f2600554ba5485280b5aad9b508e56b81cc104b100d2,2,2,True,0,0,0,1,1,1,1,1,1,1,1,1,True,True,True,False,False
train,aptos2019-blindness-detection,175d52e22058a179a92024fba933d9e2910b5000ec1ce93333cde21593c5e0f7,f87559c6f6e0070c3a32d5c084522c6abd89ce257905f260e67fdc783474d9ac,2,2,True,0,0,0,1,1,1,1,1,1,1,1,1,True,True,True,False,False
train,aptos2019-blindness-detection,175d52e22058a179a92024fba933d9e2910b5000ec1ce93333cde21593c5e0f7,826eb9aca22c8b9ded7a6cb61b7c8bf0652914e2621866af8a2e06a1bf44b3d5,2,2,True,0,0,0,1,1,1,1,1,1,1,1,1,True,True,True,False,False
train,aptos2019-blindness-detection,34d54c663a502da90ac0d543eb16b6ac4cd544e61b5b10f8c1ae2bf1f3076561,b896fdd3ce21472f9edc44236d4c8a955ea3fdb011d2f8368b9e6574393733ff,2,2,True,0,0,0,1,1,1,1,1,1,1,1,1,True,True,True,False,False
train,aptos2019-blindness-detection,34d54c663a502da90ac0d543eb16b6ac4cd544e61b5b10f8c1ae2bf1f3076561,6b70607cbb25aba143be4353c5134fd6528e07a5e39182e3bdc8802ac525f277,2,2,True,0,0,0,1,1,1,1,1,1,1,1,1,True,True,True,False,False
train,aptos2019-blindness-detection,175d52e22058a179a92024fba933d9e2910b5000ec1ce93333cde21593c5e0f7,1f2fb05994d89896252aed92e2fe10ace99d303e69f626cc8c139faade7be54c,2,2,True,0,0,0,1,1,1,1,1,1,1,1,1,True,True,True,False,False
train,aptos2019-blindness-detection,34d54c663a502da90ac0d543eb16b6ac4cd544e61b5b10f8c1ae2bf1f3076561,f60b4e0587b24d646de59eb70d9bee3efda4b05ea3ae56180e4922b00ad2d795,2,2,True,0,0,0,1,1,1,1,1,1,1,1,1,True,True,True,False,False
train,aptos2019-blindness-detection,175d52e22058a179a92024fba933d9e2910b5000ec1ce93333cde21593c5e0f7,16f32dd17492b8c0016d47e672345e990a6740d9270194504bef61179fa7cfc0,2,2,True,0,0,0,1,1,1,1,1,1,1,1,1,True,True,True,False,False
train,chaii-hindi-and-tamil-question-answering,fc2dbec7bc3c24206f8c554143612241bfd7f401e878bb1f7aa74b2921e70b68,59cdb0a76ee99d5b9e2266fde7aca564916e082c2e83bb08c71b55a8f9129e66,3,3,True,0,0,0,3,3,3,3,3,3,1,1,1,True,True,True,False,False
train,chaii-hindi-and-tamil-question-answering,09a625d5e445173ecdd2005928c32f290929cf426f9a5ddc1f47382c0f49803f,ba479edc01ccbbe1da4f81dc1963e1af9c7dbea0abdf75a3539a8bd0f36ac31c,3,3,True,0,0,0,3,3,3,3,3,3,1,1,1,True,True,True,False,False
train,chaii-hindi-and-tamil-question-answering,28fc03ca8a5fafc64c56fe4999ecbe413c47f3d101b718a6ae20d2fd6a5e8f45,8236605dc839c8fb798e4763eece4a69b37b68f0c5c46388d6f7c17fc1b49f81,5,3,True,2,2,0,3,9,9,3,9,9,3,1,1,False,True,True,True,True
train,chaii-hindi-and-tamil-question-answering,6befc96ad0302e32db77b413898a005dcf3b4179759fda1b5d4b01e6b7a0d9e9,6fa984652db6720319cb10fb827dd1cf84e9bbc21ab68643954050404b617b2b,3,3,True,0,0,0,3,3,3,3,3,3,1,1,1,True,True,True,False,False
train,chaii-hindi-and-tamil-question-answering,06e0269f2e0cd83526a649a678c6da74a7459ff31e0baa28e00c5dd80c72d566,bd7fce9eb1f32a252b17e2e020cb271b001ea938a32da42c70ab68f6c2c7eeb6,3,3,True,0,0,0,3,3,3,3,3,3,1,1,1,True,True,True,False,False
train,chaii-hindi-and-tamil-question-answering,09a625d5e445173ecdd2005928c32f290929cf426f9a5ddc1f47382c0f49803f,c33b82b06683f6ce3f49b2b8b76599a4f38600e9fc3e13e6f35997e5a2abdee6,3,3,True,0,0,0,3,3,3,3,3,3,1,1,1,True,True,True,False,False
train,chaii-hindi-and-tamil-question-answering,09a625d5e445173ecdd2005928c32f290929cf426f9a5ddc1f47382c0f49803f,861cf2a877e337498f221571d5533c4edfd497e60f77ed1ad59f64c0c2f15f72,3,3,True,0,0,0,3,3,3,3,3,3,1,1,1,True,True,True,False,False
train,chaii-hindi-and-tamil-question-answering,b1c3b335b6a045cf0a364768c0e2fe0acb224668b0370340b98f8d03fc1627fa,9593817890af15d77580652b51046995b50cef8fa5e8fd72bf3c8561a5421ef7,3,2,True,1,1,0,1,3,3,1,3,3,2,1,1,False,True,True,True,True
train,chaii-hindi-and-tamil-question-answering,fc2dbec7bc3c24206f8c554143612241bfd7f401e878bb1f7aa74b2921e70b68,69979bc3f4082df3fc3704da2716315eba7acc66c4cc0441d976226a4f5e5a04,3,3,True,0,0,0,3,3,3,3,3,3,1,1,1,True,True,True,False,False
train,chaii-hindi-and-tamil-question-answering,09a625d5e445173ecdd2005928c32f290929cf426f9a5ddc1f47382c0f49803f,a32d638562d3ebdc2328b6eb7205c581e454a248e29952b433becea6b67b41b5,3,2,True,1,1,0,1,3,3,1,3,3,2,1,1,False,True,True,True,True
train,chaii-hindi-and-tamil-question-answering,06e0269f2e0cd83526a649a678c6da74a7459ff31e0baa28e00c5dd80c72d566,fc36a84337d185aa879d972b51b919687161ab6a3f875ae3003d8e3173778d8f,3,2,True,1,1,0,1,3,3,1,3,3,2,1,1,False,True,True,True,True
train,chaii-hindi-and-tamil-question-answering,e661a2452de100b9d6e0cc457429b2765f2eb3cddcc2696d550c6b6f9f67b24f,0eff03ac09ad6b2abf66c8a2d89159c1b97c39a48eacd3ac9a25d7937e01a94b,5,3,True,2,2,0,3,9,9,3,9,9,3,1,1,False,True,True,True,True
train,chaii-hindi-and-tamil-question-answering,b1c3b335b6a045cf0a364768c0e2fe0acb224668b0370340b98f8d03fc1627fa,7da19cfb839747806361018956ce7cfd63bb71f40b81db13f09169dd2a228fe1,3,2,True,1,1,0,1,3,3,1,3,3,2,1,1,False,True,True,True,True
train,chaii-hindi-and-tamil-question-answering,09a625d5e445173ecdd2005928c32f290929cf426f9a5ddc1f47382c0f49803f,10ae9accc5820406240bb8ed1ea305dadc4f655d31ebad9e9167658f610c9a8e,3,2,True,1,1,0,1,3,3,1,3,3,2,1,1,False,True,True,True,True
train,chaii-hindi-and-tamil-question-answering,b1c3b335b6a045cf0a364768c0e2fe0acb224668b0370340b98f8d03fc1627fa,76f57f0b37f457c543c9e7c827a6ea8856c4f71fa06a785207bc288290e85bb6,3,3,True,0,0,0,3,3,3,3,3,3,1,1,1,True,True,True,False,False
train,chaii-hindi-and-tamil-question-answering,06e0269f2e0cd83526a649a678c6da74a7459ff31e0baa28e00c5dd80c72d566,5af58438129354a304756e87bd78ff98bfb4e9c658d0484c05787818111e61ae,3,3,True,0,0,0,3,3,3,3,3,3,1,1,1,True,True,True,False,False
train,chaii-hindi-and-tamil-question-answering,b1c3b335b6a045cf0a364768c0e2fe0acb224668b0370340b98f8d03fc1627fa,65cdda8344d0ffcdd88c44fbc3c8413704d55fd8b29fc43e96bcc6fc621a4517,3,3,True,0,0,0,3,3,3,3,3,3,1,1,1,True,True,True,False,False
train,chaii-hindi-and-tamil-question-answering,28fc03ca8a5fafc64c56fe4999ecbe413c47f3d101b718a6ae20d2fd6a5e8f45,47a57c2881a169b54638707846f983f368841d85bbc62f751bdb404662ac0edd,5,5,True,0,0,0,10,10,10,10,10,10,1,1,1,True,True,True,False,False
train,chaii-hindi-and-tamil-question-answering,28fc03ca8a5fafc64c56fe4999ecbe413c47f3d101b718a6ae20d2fd6a5e8f45,a6fac10ba03110fb8a441566796dfa05e4ab5d742c4ab69b1012972feb5b8ee2,5,5,True,0,0,0,10,10,10,10,10,10,1,1,1,True,True,True,False,False
train,chaii-hindi-and-tamil-question-answering,c430cc46516cbd8ccb9394157838185db14007beb8abbcfa25c6c448175d3516,a431bd717bb28c73f1b5f8c6e08a4ab6c953a947fdf2aaa83a0376260b20d04e,5,3,True,2,2,0,3,9,9,3,9,9,3,1,1,False,True,True,True,True
train,chaii-hindi-and-tamil-question-answering,06e0269f2e0cd83526a649a678c6da74a7459ff31e0baa28e00c5dd80c72d566,228a15a35e0837a70e93c5b62eded055c513062c642b3a03da1c8c31b8d80753,3,2,True,1,1,0,1,3,3,1,3,3,2,1,1,False,True,True,True,True
train,chaii-hindi-and-tamil-question-answering,06e0269f2e0cd83526a649a678c6da74a7459ff31e0baa28e00c5dd80c72d566,7cdde1e14cb2bca13eb3e6fe620cefd2647c470eda3694df6d9cfc691f986bf0,3,2,True,1,1,0,1,3,3,1,3,3,2,1,1,False,True,True,True,True
train,chaii-hindi-and-tamil-question-answering,28fc03ca8a5fafc64c56fe4999ecbe413c47f3d101b718a6ae20d2fd6a5e8f45,53f906e68adfd84fea6fc821b7d26d851d82ea5f7bf380fd685274757f83e0a2,5,3,True,2,2,0,3,9,9,3,9,9,3,1,1,False,True,True,True,True
train,chaii-hindi-and-tamil-question-answering,09a625d5e445173ecdd2005928c32f290929cf426f9a5ddc1f47382c0f49803f,4ff11380c261e09eaa796221ab18bbf59716074541da2d8d8c7c5c9c22bc7673,3,3,True,0,0,0,3,3,3,3,3,3,1,1,1,True,True,True,False,False
train,chaii-hindi-and-tamil-question-answering,06e0269f2e0cd83526a649a678c6da74a7459ff31e0baa28e00c5dd80c72d566,7510128b5316c78c76fdeb89062c1dd536e44205e00667ac4487fe8108d6e8be,3,3,True,0,0,0,3,3,3,3,3,3,1,1,1,True,True,True,False,False
train,chaii-hindi-and-tamil-question-answering,7ee3b4ffe41e5d6154677bfd458147553553d06f3d877ac343ebf3e5e74025c5,aa24161307ce64595e3b7b0bd1a66faac2d1a72db8300208abedad2073cfea40,3,2,False,,0,1,1,1,1,1,1,1,,,,False,False,False,False,False
train,chaii-hindi-and-tamil-question-answering,09a625d5e445173ecdd2005928c32f290929cf426f9a5ddc1f47382c0f49803f,3d027baeac258d0a36ad179ad73225238c9c6ad929f452a3b2897df3e09302b5,3,2,True,1,1,0,1,3,3,1,3,3,2,1,1,False,True,True,True,True
train,chaii-hindi-and-tamil-question-answering,28fc03ca8a5fafc64c56fe4999ecbe413c47f3d101b718a6ae20d2fd6a5e8f45,e4de1e81109d52dc4aa74d1bac8c09a501dcd5d7efa33f0abab6aa4f7ca8d50f,5,5,True,0,0,0,10,10,10,10,10,10,1,1,1,True,True,True,False,False
train,chaii-hindi-and-tamil-question-answering,fc2dbec7bc3c24206f8c554143612241bfd7f401e878bb1f7aa74b2921e70b68,ef5c028b1b076d019356c9e4f1b1e778d4847c6956142d0f6d459e9e92b7b83b,3,2,True,1,1,0,1,3,3,1,3,3,2,1,1,False,True,True,True,True
train,chaii-hindi-and-tamil-question-answering,28fc03ca8a5fafc64c56fe4999ecbe413c47f3d101b718a6ae20d2fd6a5e8f45,dbebfc4bd4227d97235ff2440c6e09fba8acf07f72ac2968fa880031c64fecc1,5,5,True,0,0,0,10,10,10,10,10,10,1,1,1,True,True,True,False,False
train,chaii-hindi-and-tamil-question-answering,09a625d5e445173ecdd2005928c32f290929cf426f9a5ddc1f47382c0f49803f,74dd0f88e0fc222baed77db92bf1883545a52444d88e204aa498e016a876d02c,3,3,True,0,0,0,3,3,3,3,3,3,1,1,1,True,True,True,False,False
train,chaii-hindi-and-tamil-question-answering,b1c3b335b6a045cf0a364768c0e2fe0acb224668b0370340b98f8d03fc1627fa,75e49f0d8c85092ec8ec8bb33ba9355ecbb41295874c4eb4cf687449407763da,3,2,True,1,1,0,1,3,3,1,3,3,2,1,1,False,True,True,True,True
train,chaii-hindi-and-tamil-question-answering,e661a2452de100b9d6e0cc457429b2765f2eb3cddcc2696d550c6b6f9f67b24f,79ed813f342aa2fc1296005ea30f7ba6d3212ae545bb359b41072a1f2c0e0fb7,5,4,True,1,1,0,6,10,10,6,10,10,2,1,1,False,True,True,True,True
train,chaii-hindi-and-tamil-question-answering,06e0269f2e0cd83526a649a678c6da74a7459ff31e0baa28e00c5dd80c72d566,519cdf82c416d081af3446794a14f21ccf4f7fa4072f7867177eae67c409df90,3,3,True,0,0,0,3,3,3,3,3,3,1,1,1,True,True,True,False,False
train,chaii-hindi-and-tamil-question-answering,09a625d5e445173ecdd2005928c32f290929cf426f9a5ddc1f47382c0f49803f,d4cf1e4b744bcc5e69febc1bec49775fc5f205de156907ec70aabb8e4df070aa,3,2,True,1,1,0,1,3,3,1,3,3,2,1,1,False,True,True,True,True
train,chaii-hindi-and-tamil-question-answering,09a625d5e445173ecdd2005928c32f290929cf426f9a5ddc1f47382c0f49803f,da1258d8f3b091288f4f09cd178fbf99b48838820d0e0f21ba51dfb9e3d3ed49,3,3,True,0,0,0,3,3,3,3,3,3,1,1,1,True,True,True,False,False
train,chaii-hindi-and-tamil-question-answering,7ee3b4ffe41e5d6154677bfd458147553553d06f3d877ac343ebf3e5e74025c5,1b16cf601afb42c24ce97f485db21c515f8c04b990bb435f1e61f4e461fecd3d,3,2,True,1,1,0,1,3,3,1,3,3,2,1,1,False,True,True,True,True
train,chaii-hindi-and-tamil-question-answering,09a625d5e445173ecdd2005928c32f290929cf426f9a5ddc1f47382c0f49803f,379281cd7b670fb3372d989fa7c3128b66bbc65a0c427d12eea8c0b0bfd978b9,3,2,True,1,1,0,1,3,3,1,3,3,2,1,1,False,True,True,True,True
train,chaii-hindi-and-tamil-question-answering,7ee3b4ffe41e5d6154677bfd458147553553d06f3d877ac343ebf3e5e74025c5,8709208efe91654193de439d29f530ec13b6842db516e9ba14886d28e459f334,3,3,True,0,0,0,3,3,3,3,3,3,1,1,1,True,True,True,False,False
train,chaii-hindi-and-tamil-question-answering,e661a2452de100b9d6e0cc457429b2765f2eb3cddcc2696d550c6b6f9f67b24f,eab0bbec2fc088a90c5e9a8504cfb493cb514c47bd47f8411ea4e78eb1894f4d,5,3,True,2,2,0,3,9,9,3,9,9,3,1,1,False,True,True,True,True
train,chaii-hindi-and-tamil-question-answering,6befc96ad0302e32db77b413898a005dcf3b4179759fda1b5d4b01e6b7a0d9e9,a8d2239479fab67d2cecd93a88cc8b05087bb293f547d899461179a532eed62c,3,2,True,1,1,0,1,3,3,1,3,3,2,1,1,False,True,True,True,True
train,chaii-hindi-and-tamil-question-answering,fc2dbec7bc3c24206f8c554143612241bfd7f401e878bb1f7aa74b2921e70b68,d2b469481cd21314ccc13270d48208e79e78511d6311313882b310fdfdd2239f,3,2,True,1,1,0,1,3,3,1,3,3,2,1,1,False,True,True,True,True
train,chaii-hindi-and-tamil-question-answering,7ee3b4ffe41e5d6154677bfd458147553553d06f3d877ac343ebf3e5e74025c5,c16d8bb2b221b3f957709e8aec7388f620aa5d91c627b2ae7aad9fcad455f3f1,3,3,True,0,0,0,3,3,3,3,3,3,1,1,1,True,True,True,False,False
train,chaii-hindi-and-tamil-question-answering,28fc03ca8a5fafc64c56fe4999ecbe413c47f3d101b718a6ae20d2fd6a5e8f45,b3a46284067e00f80e52110bd8f8fae4389b511afd27d1d6443a6375daa1995d,5,4,True,1,1,0,6,10,10,6,10,10,2,1,1,False,True,True,True,True
train,chaii-hindi-and-tamil-question-answering,09a625d5e445173ecdd2005928c32f290929cf426f9a5ddc1f47382c0f49803f,9d8204498db0ba694bd475b61d8ebddfd120a07bafdaf5df082978a0c60b852a,3,3,True,0,0,0,3,3,3,3,3,3,1,1,1,True,True,True,False,False
train,chaii-hindi-and-tamil-question-answering,f02eddc8cbddb020c36eb114c2d6a1d4df0c2c74bd11de8b8f1049f0ea4367bb,d75d79d633cc954d9a0d89ce2ccdcd674da62306b64b6b261dd9791f9df8a803,5,3,True,2,2,0,3,9,9,3,9,9,3,1,1,False,True,True,True,True
train,chaii-hindi-and-tamil-question-answering,fc2dbec7bc3c24206f8c554143612241bfd7f401e878bb1f7aa74b2921e70b68,72dc12cea961d5aadeb03e20acdc8b2c955b31ae52d5a6d741b35df3bd0defaf,3,3,True,0,0,0,3,3,3,3,3,3,1,1,1,True,True,True,False,False
train,chaii-hindi-and-tamil-question-answering,7ee3b4ffe41e5d6154677bfd458147553553d06f3d877ac343ebf3e5e74025c5,e1b411c5592b200a2bb34a8ce3a33b33da05363325023a6618954b4176165b54,3,3,True,0,0,0,3,3,3,3,3,3,1,1,1,True,True,True,False,False
train,chaii-hindi-and-tamil-question-answering,28fc03ca8a5fafc64c56fe4999ecbe413c47f3d101b718a6ae20d2fd6a5e8f45,fd039da14610c099517339538cce3db8315939fe5179f96e8053c4de1a86ff89,5,3,True,2,2,0,3,9,9,3,9,9,3,1,1,False,True,True,True,True
train,chaii-hindi-and-tamil-question-answering,e661a2452de100b9d6e0cc457429b2765f2eb3cddcc2696d550c6b6f9f67b24f,7780ecc6d6d960eec9d3bdb2ba240eec7284b05911664c1d6bc20601a4d3410f,5,5,True,0,0,0,10,10,10,10,10,10,1,1,1,True,True,True,False,False
train,chaii-hindi-and-tamil-question-answering,28fc03ca8a5fafc64c56fe4999ecbe413c47f3d101b718a6ae20d2fd6a5e8f45,598370b4733d1ed9140208d37c0669599043f1e6a756b6b1c0e946c354dabc02,5,3,True,2,2,0,3,9,9,3,9,9,3,1,1,False,True,True,True,True
train,chaii-hindi-and-tamil-question-answering,6befc96ad0302e32db77b413898a005dcf3b4179759fda1b5d4b01e6b7a0d9e9,3877a1b12a7096a8a53d0ad12e698c85d2de8b55c40407d88f7fc3037f711e78,3,3,True,0,0,0,3,3,3,3,3,3,1,1,1,True,True,True,False,False
train,chaii-hindi-and-tamil-question-answering,b1c3b335b6a045cf0a364768c0e2fe0acb224668b0370340b98f8d03fc1627fa,d0f4bab05471a66dbaca9824c163da669ba78926f8a5a0b2d3b91c4bd7a11414,3,2,True,1,1,0,1,3,3,1,3,3,2,1,1,False,True,True,True,True
train,chaii-hindi-and-tamil-question-answering,09a625d5e445173ecdd2005928c32f290929cf426f9a5ddc1f47382c0f49803f,c0a775c65fa1d07489d0631a0cae892c7dfbe8c2321a4497e9fa245fa502e5c9,3,3,True,0,0,0,3,3,3,3,3,3,1,1,1,True,True,True,False,False
train,chaii-hindi-and-tamil-question-answering,09a625d5e445173ecdd2005928c32f290929cf426f9a5ddc1f47382c0f49803f,6a5b94a9cbc04842afaa814c41185101bf4c4591394ef88142e22faa6336b98c,3,2,True,1,1,0,1,3,3,1,3,3,2,1,1,False,True,True,True,True
train,chaii-hindi-and-tamil-question-answering,fc2dbec7bc3c24206f8c554143612241bfd7f401e878bb1f7aa74b2921e70b68,dd2725a508cca14bc5393591abe650636af726267d69e3b4232b49d1bcdd63c0,3,2,True,1,1,0,1,3,3,1,3,3,2,1,1,False,True,True,True,True
train,chaii-hindi-and-tamil-question-answering,b1c3b335b6a045cf0a364768c0e2fe0acb224668b0370340b98f8d03fc1627fa,4e76b0141bc3065da42ab4138c21353013c05778fa6841db8e471819d5aa0bbd,3,2,True,1,1,0,1,3,3,1,3,3,2,1,1,False,True,True,True,True
train,chaii-hindi-and-tamil-question-answering,e661a2452de100b9d6e0cc457429b2765f2eb3cddcc2696d550c6b6f9f67b24f,60a68ac034eb9a2632ce0d5ce14a8c511f0c222cd8fb602a4c0b24e9ba47ca18,5,5,True,0,0,0,10,10,10,10,10,10,1,1,1,True,True,True,False,False
train,chaii-hindi-and-tamil-question-answering,fc2dbec7bc3c24206f8c554143612241bfd7f401e878bb1f7aa74b2921e70b68,9ab9a09eefd83febeedb53b789c16cdf9a6fae0e6a5d43b286ed1d42cfc63c8f,3,3,True,0,0,0,3,3,3,3,3,3,1,1,1,True,True,True,False,False
train,chaii-hindi-and-tamil-question-answering,e661a2452de100b9d6e0cc457429b2765f2eb3cddcc2696d550c6b6f9f67b24f,60cf02480013a0649197659bdf77f9fede081aee2d03f8a11027622149773359,5,3,False,,0,2,3,3,3,3,3,3,,,,False,False,False,False,False
train,chaii-hindi-and-tamil-question-answering,b1c3b335b6a045cf0a364768c0e2fe0acb224668b0370340b98f8d03fc1627fa,314003e758d87085a69f44c881ff9eeda2d8fcc67477d9cefdf815c959d8e3c9,3,2,True,1,1,0,1,3,3,1,3,3,2,1,1,False,True,True,True,True
train,chaii-hindi-and-tamil-question-answering,28fc03ca8a5fafc64c56fe4999ecbe413c47f3d101b718a6ae20d2fd6a5e8f45,614a023204adaacc324e08fe2a7dcf4d8f624006d108967ac3176fef61508792,5,4,True,1,1,0,6,10,10,6,10,10,2,1,1,False,True,True,True,True
train,chaii-hindi-and-tamil-question-answering,09a625d5e445173ecdd2005928c32f290929cf426f9a5ddc1f47382c0f49803f,406275098393bd2fedf0b6238c98d51c9cd1ff2800e3c390d4d3e8c7af585c62,3,2,True,1,1,0,1,3,3,1,3,3,2,1,1,False,True,True,True,True
train,chaii-hindi-and-tamil-question-answering,e661a2452de100b9d6e0cc457429b2765f2eb3cddcc2696d550c6b6f9f67b24f,b521c53ac34739e32dc5861988db4aa588bbb3667b1f04f0bcc9ba4d5bb71daf,5,2,True,3,3,0,1,7,7,1,7,7,4,1,1,False,True,True,True,True
train,chaii-hindi-and-tamil-question-answering,e661a2452de100b9d6e0cc457429b2765f2eb3cddcc2696d550c6b6f9f67b24f,e86ab0ed3144aa30bc15f856fc181349d87a9e67ec2362fa109ef5d8d7e3efc6,5,5,True,0,0,0,10,10,10,10,10,10,1,1,1,True,True,True,False,False
train,chaii-hindi-and-tamil-question-answering,b1c3b335b6a045cf0a364768c0e2fe0acb224668b0370340b98f8d03fc1627fa,3d639bafd2dc948e12b9881811684c12c0fa1f5507e80b8245cbec978d69be09,3,3,True,0,0,0,3,3,3,3,3,3,1,1,1,True,True,True,False,False
train,chaii-hindi-and-tamil-question-answering,6befc96ad0302e32db77b413898a005dcf3b4179759fda1b5d4b01e6b7a0d9e9,b544f1cc7a0a097d305209b9cd6f18be7d1e135e2c8169a13028bfb289992936,3,3,True,0,0,0,3,3,3,3,3,3,1,1,1,True,True,True,False,False
train,chaii-hindi-and-tamil-question-answering,e661a2452de100b9d6e0cc457429b2765f2eb3cddcc2696d550c6b6f9f67b24f,5d6a9fe195b4f6b16866cb888dfa7a3437d44b5ec0dc6be3ddfd84dd2719894e,5,5,True,0,0,0,10,10,10,10,10,10,1,1,1,True,True,True,False,False
train,chaii-hindi-and-tamil-question-answering,b1c3b335b6a045cf0a364768c0e2fe0acb224668b0370340b98f8d03fc1627fa,da515661026dbee5e3d5873cfce132d9df22fc3950bf2c78d928526b08575aa1,3,3,True,0,0,0,3,3,3,3,3,3,1,1,1,True,True,True,False,False
train,chaii-hindi-and-tamil-question-answering,e661a2452de100b9d6e0cc457429b2765f2eb3cddcc2696d550c6b6f9f67b24f,57d5c246808a60b7853068784b5d81900900a9e82a46281ee628bc50b3cffbd9,5,4,True,1,1,0,6,10,10,6,10,10,2,1,1,False,True,True,True,True
train,chaii-hindi-and-tamil-question-answering,7ee3b4ffe41e5d6154677bfd458147553553d06f3d877ac343ebf3e5e74025c5,c8149a41d7cb531af8a07423a5a6559f825eb0efc4be1aa356458620b3221a64,3,3,True,0,0,0,3,3,3,3,3,3,1,1,1,True,True,True,False,False
train,chaii-hindi-and-tamil-question-answering,fc2dbec7bc3c24206f8c554143612241bfd7f401e878bb1f7aa74b2921e70b68,dea5272e9cf9beab2cda3586400a9a1d063984c392916861f96fad5d5c2fa55b,3,2,True,1,1,0,1,3,3,1,3,3,2,1,1,False,True,True,True,True
train,chaii-hindi-and-tamil-question-answering,09a625d5e445173ecdd2005928c32f290929cf426f9a5ddc1f47382c0f49803f,209d3c3a0cd4d635c5fd4de34a5ed299319db426f06ef007b7507f6bc598990b,3,3,True,0,0,0,3,3,3,3,3,3,1,1,1,True,True,True,False,False
train,chaii-hindi-and-tamil-question-answering,6befc96ad0302e32db77b413898a005dcf3b4179759fda1b5d4b01e6b7a0d9e9,23d59299dd9edfa02bb3088de4dabe9fb5892b2c159e2f5da9e83e81b2dfd7c7,3,2,True,1,1,0,1,3,3,1,3,3,2,1,1,False,True,True,True,True
train,chaii-hindi-and-tamil-question-answering,b1c3b335b6a045cf0a364768c0e2fe0acb224668b0370340b98f8d03fc1627fa,9b455327ebb8a0eb9514a0ac4f34c436a402a9ffbc361c8d64fa74a56045cf9e,3,3,True,0,0,0,3,3,3,3,3,3,1,1,1,True,True,True,False,False
train,chaii-hindi-and-tamil-question-answering,e661a2452de100b9d6e0cc457429b2765f2eb3cddcc2696d550c6b6f9f67b24f,c573b5889d4276abff8b500f763946e5a340f7f08b2ea2388b66723525df0af6,5,5,True,0,0,0,10,10,10,10,10,10,1,1,1,True,True,True,False,False
train,chaii-hindi-and-tamil-question-answering,b1c3b335b6a045cf0a364768c0e2fe0acb224668b0370340b98f8d03fc1627fa,5c340517e7151f63b523eb2dc2a40216bc9b2733d58849b86c7e8e8d5ca5d7f8,3,3,True,0,0,0,3,3,3,3,3,3,1,1,1,True,True,True,False,False
train,chaii-hindi-and-tamil-question-answering,28fc03ca8a5fafc64c56fe4999ecbe413c47f3d101b718a6ae20d2fd6a5e8f45,dfa66583cbe05d9cecb568afd859eda4e1ccc2f15bd5b28cb90c723dd7440292,5,3,True,2,2,0,3,9,9,3,9,9,3,1,1,False,True,True,True,True
train,chaii-hindi-and-tamil-question-answering,fc2dbec7bc3c24206f8c554143612241bfd7f401e878bb1f7aa74b2921e70b68,90edadd7fdeaf52a3b272c9bb7ac63c31dd626d34750256d7696094a4b509da6,3,3,True,0,0,0,3,3,3,3,3,3,1,1,1,True,True,True,False,False
train,chaii-hindi-and-tamil-question-answering,6befc96ad0302e32db77b413898a005dcf3b4179759fda1b5d4b01e6b7a0d9e9,bd6449cb899639b106e91dd010adab540b0dc9810a44ee4afa0b0ae63d4f0a3d,3,3,True,0,0,0,3,3,3,3,3,3,1,1,1,True,True,True,False,False
train,chaii-hindi-and-tamil-question-answering,b1c3b335b6a045cf0a364768c0e2fe0acb224668b0370340b98f8d03fc1627fa,2f874878645a6bc1a90ac1c9214ccf7dadef08b022d3ade0d0f0c4ac8a38b9cf,3,2,True,1,1,0,1,3,3,1,3,3,2,1,1,False,True,True,True,True
train,chaii-hindi-and-tamil-question-answering,c430cc46516cbd8ccb9394157838185db14007beb8abbcfa25c6c448175d3516,1125a6afc8386d1f14d018c330bfcc25a1fba15a1b0478a5e4756d28b0f6ef79,5,2,False,,0,3,1,1,1,1,1,1,,,,False,False,False,False,False
train,chaii-hindi-and-tamil-question-answering,09a625d5e445173ecdd2005928c32f290929cf426f9a5ddc1f47382c0f49803f,69f7b44b8671d4f00608dad6f7db85f35b8f339a7c4a9e9341f9956ea4fcd644,3,3,True,0,0,0,3,3,3,3,3,3,1,1,1,True,True,True,False,False
train,chaii-hindi-and-tamil-question-answering,e661a2452de100b9d6e0cc457429b2765f2eb3cddcc2696d550c6b6f9f67b24f,0b0062769664dce5b236ac1fe6232efb3021897bab237c87dfa4508142dd91f9,5,3,True,2,2,0,3,9,9,3,9,9,3,1,1,False,True,True,True,True
train,chaii-hindi-and-tamil-question-answering,b1c3b335b6a045cf0a364768c0e2fe0acb224668b0370340b98f8d03fc1627fa,f3bfbf0b8c443913fb2019a53e9662eddc48bd1be024177b96e0d807140297f4,3,2,True,1,1,0,1,3,3,1,3,3,2,1,1,False,True,True,True,True
train,chaii-hindi-and-tamil-question-answering,28fc03ca8a5fafc64c56fe4999ecbe413c47f3d101b718a6ae20d2fd6a5e8f45,891f7d303ee840a4dfa54c74b53986caec50211f13f7fe09fc799a581d5d0555,5,4,True,1,1,0,6,10,10,6,10,10,2,1,1,False,True,True,True,True
train,chaii-hindi-and-tamil-question-answering,28fc03ca8a5fafc64c56fe4999ecbe413c47f3d101b718a6ae20d2fd6a5e8f45,dbb252bdb8bb8be2e18c178a4de0646a87e16ca56b5d532ee94b0b05ae9b592c,5,4,True,1,1,0,6,10,10,6,10,10,2,1,1,False,True,True,True,True
train,chaii-hindi-and-tamil-question-answering,28fc03ca8a5fafc64c56fe4999ecbe413c47f3d101b718a6ae20d2fd6a5e8f45,df8d348d6ae1d4c5c22796d74282e9499e24d459dd47d79eee159ae2fced9895,5,5,True,0,0,0,10,10,10,10,10,10,1,1,1,True,True,True,False,False
train,chaii-hindi-and-tamil-question-answering,f02eddc8cbddb020c36eb114c2d6a1d4df0c2c74bd11de8b8f1049f0ea4367bb,8447b707de6abdd6bd4db4dfc074919f519f1243f00684cd6a0043c786805c4d,5,2,False,,0,3,1,1,1,1,1,1,,,,False,False,False,False,False
train,chaii-hindi-and-tamil-question-answering,fc2dbec7bc3c24206f8c554143612241bfd7f401e878bb1f7aa74b2921e70b68,21457b5a8fb660522fc0f9195b58a923d6066f552facc8ffa3e1f0d556505c7d,3,2,True,1,1,0,1,3,3,1,3,3,2,1,1,False,True,True,True,True
train,chaii-hindi-and-tamil-question-answering,6befc96ad0302e32db77b413898a005dcf3b4179759fda1b5d4b01e6b7a0d9e9,d6d0534d826418ca71e322ffffaeef7e0c265fea82f88406641e98978e695476,3,3,True,0,0,0,3,3,3,3,3,3,1,1,1,True,True,True,False,False
train,chaii-hindi-and-tamil-question-answering,e661a2452de100b9d6e0cc457429b2765f2eb3cddcc2696d550c6b6f9f67b24f,bc94aa4b96de70776f98c46879c347a20fed6083901405fc5ca63863c8939f45,5,4,True,1,1,0,6,10,10,6,10,10,2,1,1,False,True,True,True,True
train,chaii-hindi-and-tamil-question-answering,7ee3b4ffe41e5d6154677bfd458147553553d06f3d877ac343ebf3e5e74025c5,8a404be605dcf24ca0188bb55c0d152882947ce25b8ed4e37f80337d000ed59e,3,3,True,0,0,0,3,3,3,3,3,3,1,1,1,True,True,True,False,False
train,chaii-hindi-and-tamil-question-answering,fc2dbec7bc3c24206f8c554143612241bfd7f401e878bb1f7aa74b2921e70b68,8b2cede464aeda8faf781ad61ec7c8d37279720f74e2e02c7c3e6a1d383abf08,3,3,True,0,0,0,3,3,3,3,3,3,1,1,1,True,True,True,False,False
train,chaii-hindi-and-tamil-question-answering,b1c3b335b6a045cf0a364768c0e2fe0acb224668b0370340b98f8d03fc1627fa,f427097cf7d6379d01d99d047c40ce89d94ec1064aefce9c9a25da30f3670a95,3,3,True,0,0,0,3,3,3,3,3,3,1,1,1,True,True,True,False,False
train,chaii-hindi-and-tamil-question-answering,06e0269f2e0cd83526a649a678c6da74a7459ff31e0baa28e00c5dd80c72d566,83b8a5170a6a9e78ce194c829ef9ea4ae248aebc51e12feb1e3d13e0b3fd0406,3,2,True,1,1,0,1,3,3,1,3,3,2,1,1,False,True,True,True,True
train,chaii-hindi-and-tamil-question-answering,b1c3b335b6a045cf0a364768c0e2fe0acb224668b0370340b98f8d03fc1627fa,5fcf03217b698df374c1c4fa4a25c686348ad56ecc1704c74a86eb0aaceeec36,3,2,True,1,1,0,1,3,3,1,3,3,2,1,1,False,True,True,True,True
train,chaii-hindi-and-tamil-question-answering,09a625d5e445173ecdd2005928c32f290929cf426f9a5ddc1f47382c0f49803f,4844f08d999290a30729a587d3c1449d288fd931129e138d7c854f934ad9640a,3,3,True,0,0,0,3,3,3,3,3,3,1,1,1,True,True,True,False,False
train,chaii-hindi-and-tamil-question-answering,b1c3b335b6a045cf0a364768c0e2fe0acb224668b0370340b98f8d03fc1627fa,4e93c84990a9eb6f3a8296c159fcd5f4506ff118f0c82fe94322ffa25a5dd773,3,3,True,0,0,0,3,3,3,3,3,3,1,1,1,True,True,True,False,False
train,chaii-hindi-and-tamil-question-answering,6befc96ad0302e32db77b413898a005dcf3b4179759fda1b5d4b01e6b7a0d9e9,75f4217fb5e89c86926bfd80771b9cc22f8f1ba19ad442f5b49f0d3ba3b6dd75,3,3,True,0,0,0,3,3,3,3,3,3,1,1,1,True,True,True,False,False
train,chaii-hindi-and-tamil-question-answering,bd5ee81f3bbb408c15a933ea4a46631af042665d2d6b24c23095ba3adcd69006,17f46b9a44c72a8badea92da6c6e6a3bad5f2f82bf4edd6f075c41d6c581c1b4,5,2,False,,0,3,1,1,1,1,1,1,,,,False,False,False,False,False
train,chaii-hindi-and-tamil-question-answering,b1c3b335b6a045cf0a364768c0e2fe0acb224668b0370340b98f8d03fc1627fa,db8b355c44b5aa0932404bc816499fad00e03b1146358d7a1dd80a4c2444f1cf,3,2,True,1,1,0,1,3,3,1,3,3,2,1,1,False,True,True,True,True
train,chaii-hindi-and-tamil-question-answering,28fc03ca8a5fafc64c56fe4999ecbe413c47f3d101b718a6ae20d2fd6a5e8f45,a235fcff708f0a5ee53706a9cd1e88c3ea7e9f5dee5362029493fb5e9d4a1dce,5,4,False,,0,1,6,6,6,6,6,6,,,,False,False,False,False,False
train,chaii-hindi-and-tamil-question-answering,b1c3b335b6a045cf0a364768c0e2fe0acb224668b0370340b98f8d03fc1627fa,d3053b2804dc970ebabc8c38dbbf715c6a899145ff3445cf262be6e53bc41f48,3,3,True,0,0,0,3,3,3,3,3,3,1,1,1,True,True,True,False,False
train,chaii-hindi-and-tamil-question-answering,09a625d5e445173ecdd2005928c32f290929cf426f9a5ddc1f47382c0f49803f,22b3ed23dfff1ccc566e7908fcf648f26493110b3de80f872c2048f817b54d6e,3,3,True,0,0,0,3,3,3,3,3,3,1,1,1,True,True,True,False,False
train,chaii-hindi-and-tamil-question-answering,6befc96ad0302e32db77b413898a005dcf3b4179759fda1b5d4b01e6b7a0d9e9,6e3c7bec09b8bb4b80507f3081582c8db97b58f8340752eca0b646319b32da03,3,2,True,1,1,0,1,3,3,1,3,3,2,1,1,False,True,True,True,True
train,chaii-hindi-and-tamil-question-answering,6befc96ad0302e32db77b413898a005dcf3b4179759fda1b5d4b01e6b7a0d9e9,2881d0569be66be92ac893ffdcbb22c0d19743b0f1ffb83bb9c633e4dacd76f0,3,2,False,,0,1,1,1,1,1,1,1,,,,False,False,False,False,False
train,chaii-hindi-and-tamil-question-answering,6befc96ad0302e32db77b413898a005dcf3b4179759fda1b5d4b01e6b7a0d9e9,f702d0fc39e6a9dac6dd2a37d2ad6110a76e2c749245e07ab10d7381a70e8333,3,3,True,0,0,0,3,3,3,3,3,3,1,1,1,True,True,True,False,False
train,chaii-hindi-and-tamil-question-answering,b1c3b335b6a045cf0a364768c0e2fe0acb224668b0370340b98f8d03fc1627fa,513866ac4595d0662b0247ee565176dd58ea339f52c1445a3ecda359b2a35b70,3,2,True,1,1,0,1,3,3,1,3,3,2,1,1,False,True,True,True,True
train,chaii-hindi-and-tamil-question-answering,06e0269f2e0cd83526a649a678c6da74a7459ff31e0baa28e00c5dd80c72d566,6d4486eae2e89a24811803c935964ee6267793aaf2da4e47ff49d29122de90b0,3,3,True,0,0,0,3,3,3,3,3,3,1,1,1,True,True,True,False,False
train,chaii-hindi-and-tamil-question-answering,6befc96ad0302e32db77b413898a005dcf3b4179759fda1b5d4b01e6b7a0d9e9,7bac1a9a814fefd962cd173d3b2e7f5d26fd01c214b65238f80a5bb60ef24ce6,3,2,True,1,1,0,1,3,3,1,3,3,2,1,1,False,True,True,True,True
train,chaii-hindi-and-tamil-question-answering,09a625d5e445173ecdd2005928c32f290929cf426f9a5ddc1f47382c0f49803f,993ee75a2ddcaa0a598951320732fbf92e7ec4b67c51601ff7bb518063b9b498,3,3,True,0,0,0,3,3,3,3,3,3,1,1,1,True,True,True,False,False
train,chaii-hindi-and-tamil-question-answering,fc2dbec7bc3c24206f8c554143612241bfd7f401e878bb1f7aa74b2921e70b68,163f0ccff85666d9edef17b8ed8eae52285dd5441953e0993e2eda9bd6f78f71,3,2,True,1,1,0,1,3,3,1,3,3,2,1,1,False,True,True,True,True
train,chaii-hindi-and-tamil-question-answering,28fc03ca8a5fafc64c56fe4999ecbe413c47f3d101b718a6ae20d2fd6a5e8f45,c4cc18a12bd8ab470f13e38b4bae013b9e1e2467840c7c8f62a0f7cd9119ac68,5,3,True,2,2,0,3,9,9,3,9,9,3,1,1,False,True,True,True,True
train,chaii-hindi-and-tamil-question-answering,b1c3b335b6a045cf0a364768c0e2fe0acb224668b0370340b98f8d03fc1627fa,bb50638f6fc677b2446670d5bf630749604b7536db35d0f33975d41063ceb3d5,3,2,True,1,1,0,1,3,3,1,3,3,2,1,1,False,True,True,True,True
train,chaii-hindi-and-tamil-question-answering,b1c3b335b6a045cf0a364768c0e2fe0acb224668b0370340b98f8d03fc1627fa,cec1c743f421b740a55ccdf8bc9c903b4f56862cb8d9235f58cdcba2243d939b,3,2,True,1,1,0,1,3,3,1,3,3,2,1,1,False,True,True,True,True
train,chaii-hindi-and-tamil-question-answering,fc2dbec7bc3c24206f8c554143612241bfd7f401e878bb1f7aa74b2921e70b68,24f2b4f0a350681e42c0d957e72d91babc163bcd46e41f1d04950af0d18a81ec,3,3,True,0,0,0,3,3,3,3,3,3,1,1,1,True,True,True,False,False
train,chaii-hindi-and-tamil-question-answering,06e0269f2e0cd83526a649a678c6da74a7459ff31e0baa28e00c5dd80c72d566,f08ca39d17f704406c6840f007dfceca185cd8f3f05740d1fef8eb552f6e1b26,3,3,True,0,0,0,3,3,3,3,3,3,1,1,1,True,True,True,False,False
train,chaii-hindi-and-tamil-question-answering,e661a2452de100b9d6e0cc457429b2765f2eb3cddcc2696d550c6b6f9f67b24f,6f3817c57c767c639bf1c241f46a1b545df8db1d8d46c7836853e3a784454265,5,4,True,1,1,0,6,10,10,6,10,10,2,1,1,False,True,True,True,True
train,denoising-dirty-documents,2af695f9070ffa330f4b5ecbcc6f02ecb98b39b749068fdac92c3cb5f3efd631,764ad9254ab03a15ecb937637cb0916a9a5f7ee1f2afe8c9c7bebb8b7246decd,2,2,True,0,0,0,1,1,1,1,1,1,1,1,1,True,True,True,False,False
train,denoising-dirty-documents,133f691cc2272b0d8953a1306d5e2058a24ae0ace232fc0cb46860ffa6f2b73a,aa322d569cafc7dfef5138dd33d85ca23bd704fee3cc6c0b0088a653e769e1ee,2,2,True,0,0,0,1,1,1,1,1,1,1,1,1,True,True,True,False,False
train,denoising-dirty-documents,2af695f9070ffa330f4b5ecbcc6f02ecb98b39b749068fdac92c3cb5f3efd631,94d37638b938be75e246371abf8a1fc29eb5e59e196c7f330cce004ab6f11270,2,2,True,0,0,0,1,1,1,1,1,1,1,1,1,True,True,True,False,False
train,denoising-dirty-documents,1c740ca6e0ded574dbd77a2801edca38c5e93199b7a2a9b7f7fba3d371b0e0c8,d873c29100c2a771300a4184cb7849b403c26c4d8d45c77f8633d9c21ecc588a,2,2,True,0,0,0,1,1,1,1,1,1,1,1,1,True,True,True,False,False
train,denoising-dirty-documents,1c740ca6e0ded574dbd77a2801edca38c5e93199b7a2a9b7f7fba3d371b0e0c8,338f4ba44cb3011f41065670ea49204f5513e2733d2385abe085f82ecf26de62,2,2,True,0,0,0,1,1,1,1,1,1,1,1,1,True,True,True,False,False
train,denoising-dirty-documents,611810f510f5b3241455f47b985f0824232ff9723f08592408502d9c01e8048d,2c72b238876ea692af9e35d53aadccfcac3104ecea19ccf6384a3291a8ba7ad0,2,2,True,0,0,0,1,1,1,1,1,1,1,1,1,True,True,True,False,False
train,denoising-dirty-documents,ff499d4a30c0e6dc14aa9e3feebf37fbbf7235331f50ec89e4ef3b5d526a60ee,5b17d313d6fe5f0d15a8f75a5de9bc52660ad15fe5c733c24c6686eae1b6343a,2,2,True,0,0,0,1,1,1,1,1,1,1,1,1,True,True,True,False,False
train,denoising-dirty-documents,c751af44f3b6dfecc78f97b6761ba8b384498c3704be4ec9903560878fa22605,caa7fd0c6bc1036c51b3a283c9926873841aa1cc25498079fb2cdeac5943e0ca,2,2,True,0,0,0,1,1,1,1,1,1,1,1,1,True,True,True,False,False
train,denoising-dirty-documents,914a8e3d78c53d492584c55e4f5493d72c763697ea2bb790431fbcf13da930ca,346f4d30ac8a71949fb8e6f83b9b8ec952e13c5cda9c6bc8f5f9332b89f0bea7,2,2,True,0,0,0,1,1,1,1,1,1,1,1,1,True,True,True,False,False
train,denoising-dirty-documents,133f691cc2272b0d8953a1306d5e2058a24ae0ace232fc0cb46860ffa6f2b73a,af9523e6bfd656255ba4a6f0a60b24f20de17575eaa63015496a23f8c7f4200f,2,2,True,0,0,0,1,1,1,1,1,1,1,1,1,True,True,True,False,False
train,denoising-dirty-documents,6112a2e4f6f43cb6448f69ad26ae26e6b3054b63cb8caa55bad1bd6d2518625f,2b895619a6e3e5e4b3b8475b51388539318cb0694c3ce8c02da2d159387c6cbc,2,2,True,0,0,0,1,1,1,1,1,1,1,1,1,True,True,True,False,False
train,denoising-dirty-documents,1c740ca6e0ded574dbd77a2801edca38c5e93199b7a2a9b7f7fba3d371b0e0c8,5984c57b04ba6aae47778c3a9fe11c9a0b83e556677472245ac05109b2088acb,2,2,True,0,0,0,1,1,1,1,1,1,1,1,1,True,True,True,False,False
train,denoising-dirty-documents,a570563875ac36036317e58edb7ace2c5eb1ac95f6d89d683ad52fca317a40c4,8e7526f13d8a69975c309ff4d95a57dda2b7668fd470e6cb01e88314dec8b9ae,5,4,True,1,1,0,6,10,10,6,10,10,2,1,1,False,True,True,True,True
train,denoising-dirty-documents,133f691cc2272b0d8953a1306d5e2058a24ae0ace232fc0cb46860ffa6f2b73a,d8e062f1a962ea3de041c2e63fce6e2e478ec2a55e07e6087f3bc819311a0338,2,2,True,0,0,0,1,1,1,1,1,1,1,1,1,True,True,True,False,False
train,denoising-dirty-documents,9b062995f6c5a45242502109826c990456e506cca42ecbd55ccaa1364986d34e,a2515e012b460193e2fbebfccf6e53835757a356b0a0ebba317f526f8d718ffa,2,2,True,0,0,0,1,1,1,1,1,1,1,1,1,True,True,True,False,False
train,denoising-dirty-documents,db08030a58d934ab9aa79c305b2292cdb8a8650e0ac01e19d4d131c3f8941fde,8d3e2d5e621cefe09d897a57a12504d47fa01aff376739cd01829a8db6ae63cb,2,2,True,0,0,0,1,1,1,1,1,1,1,1,1,True,True,True,False,False
train,denoising-dirty-documents,2b6083b2577ed460faf6f0648179e03ca2e3d769d12756ee9dcc15ebfd70d285,e591e6be93fe8c78aab699852e7a56814893a97c0e5fd51e6c5074a603782d60,2,2,True,0,0,0,1,1,1,1,1,1,1,1,1,True,True,True,False,False
train,denoising-dirty-documents,c751af44f3b6dfecc78f97b6761ba8b384498c3704be4ec9903560878fa22605,234e625b8f1942f1ff14947149df86a0b6146641e96be862271c27266f66ee9b,2,2,True,0,0,0,1,1,1,1,1,1,1,1,1,True,True,True,False,False
train,denoising-dirty-documents,2b6083b2577ed460faf6f0648179e03ca2e3d769d12756ee9dcc15ebfd70d285,d1c69dabc345567e1006f0cbe9f5159e9bef4b3b23d1fe92bfc7038b2d697201,2,2,True,0,0,0,1,1,1,1,1,1,1,1,1,True,True,True,False,False
train,denoising-dirty-documents,9b062995f6c5a45242502109826c990456e506cca42ecbd55ccaa1364986d34e,73c08382f9b27be69c934d84b5fac56d875ec196aa53d8e8365f6b64651812c7,2,2,True,0,0,0,1,1,1,1,1,1,1,1,1,True,True,True,False,False
train,denoising-dirty-documents,611810f510f5b3241455f47b985f0824232ff9723f08592408502d9c01e8048d,4cb56452ab4e61ab037a9407da0d09b90fbc81c212a6946d4b539e7b65c084b9,2,2,True,0,0,0,1,1,1,1,1,1,1,1,1,True,True,True,False,False
train,denoising-dirty-documents,2b6083b2577ed460faf6f0648179e03ca2e3d769d12756ee9dcc15ebfd70d285,83801a2a73f04c157a5e7a89dd214d2fd05bfe85ba01d6b07814b39305c4bcbf,2,2,True,0,0,0,1,1,1,1,1,1,1,1,1,True,True,True,False,False
train,denoising-dirty-documents,a570563875ac36036317e58edb7ace2c5eb1ac95f6d89d683ad52fca317a40c4,217a5dc3d3d38493e5c684ba21b9c0278fd1c89e6e61571183dcb798917c6c52,5,5,True,0,0,0,10,10,10,10,10,10,1,1,1,True,True,True,False,False
train,denoising-dirty-documents,2b6083b2577ed460faf6f0648179e03ca2e3d769d12756ee9dcc15ebfd70d285,122802fa3b0d20fd440b1324dac67afacedf7eac3d5f5ed49d39d277a1c0c9ef,2,2,True,0,0,0,1,1,1,1,1,1,1,1,1,True,True,True,False,False
train,denoising-dirty-documents,2b6083b2577ed460faf6f0648179e03ca2e3d769d12756ee9dcc15ebfd70d285,e8f71da145c81ef95ec2b27ff55d216bc8d106a6dfec48733c5ba52914e09546,2,2,True,0,0,0,1,1,1,1,1,1,1,1,1,True,True,True,False,False
train,denoising-dirty-documents,41b60de42b88c906dbd891a07f4919b1f5daffd970cfe51a0bec04d4404d2639,36a0cd3e4f33eb8b3556dc224f48d8e8337425a146eda6199b54f1f33f5a548c,2,2,True,0,0,0,1,1,1,1,1,1,1,1,1,True,True,True,False,False
train,denoising-dirty-documents,a570563875ac36036317e58edb7ace2c5eb1ac95f6d89d683ad52fca317a40c4,854d8a391bdf439f73ee9b8751d5450d0bd89ab3ee523bab2000b4fabf75efcb,5,4,True,1,1,0,6,10,10,6,10,10,2,1,1,False,True,True,True,True
train,denoising-dirty-documents,a933938a44f8d5668bdc4da3cb33ef804b37488336d3b83b2a28a84da3eae0d9,12aca09a780d8e016645c4ba1e90511d72cc879e4b41453b01cff06fab013b5c,2,2,True,0,0,0,1,1,1,1,1,1,1,1,1,True,True,True,False,False
train,denoising-dirty-documents,41b60de42b88c906dbd891a07f4919b1f5daffd970cfe51a0bec04d4404d2639,d2422d84d5bc51a7a3965b8efdd9e458990f444e0a35ca8f83e2d2f08bb04098,2,2,True,0,0,0,1,1,1,1,1,1,1,1,1,True,True,True,False,False
train,denoising-dirty-documents,a570563875ac36036317e58edb7ace2c5eb1ac95f6d89d683ad52fca317a40c4,2b53ab5213ae220ff5c92e4a2d93b5d703a03d07666ae4e330810612b4174fad,5,3,True,2,2,0,3,9,9,3,9,9,3,1,1,False,True,True,True,True
train,denoising-dirty-documents,a933938a44f8d5668bdc4da3cb33ef804b37488336d3b83b2a28a84da3eae0d9,46913f9b7cb5afc62e0d6cb7ade38218c3c541829e8540a546c8e6c82febc8c2,2,2,True,0,0,0,1,1,1,1,1,1,1,1,1,True,True,True,False,False
train,denoising-dirty-documents,2af695f9070ffa330f4b5ecbcc6f02ecb98b39b749068fdac92c3cb5f3efd631,b73773fed9f07dd75d38d54c4cea737a51afd78dc91be9d3885fe9a9ce09ea82,2,2,True,0,0,0,1,1,1,1,1,1,1,1,1,True,True,True,False,False
train,denoising-dirty-documents,a933938a44f8d5668bdc4da3cb33ef804b37488336d3b83b2a28a84da3eae0d9,82514a69747e24fc72f756c5254b488721dcf2186bdca4ff31f9e7a42eaa4c9b,2,2,True,0,0,0,1,1,1,1,1,1,1,1,1,True,True,True,False,False
train,denoising-dirty-documents,2b6083b2577ed460faf6f0648179e03ca2e3d769d12756ee9dcc15ebfd70d285,24f176c93c9bbca9a295ef192f48c5ecb003fd1941568029cf0076f50a5afa3a,2,2,True,0,0,0,1,1,1,1,1,1,1,1,1,True,True,True,False,False
train,denoising-dirty-documents,62d601ad683147611db2400420ce99a8b2bbab79d055bccec45eedccf752c1d9,4bd733dfc7868dfc4f8def75131fd88e972c9c1965cb24dd71ac7b9187fa2a5d,5,4,True,1,1,0,6,10,10,6,10,10,2,1,1,False,True,True,True,True
train,denoising-dirty-documents,ece9a368ede6800604f31909fdb1501c490238e21750536ec68b57217f9f4627,490850455347385ae5a65e6ca2a15b1864605ec9b4fb9efcfab2e1c11f79f043,2,2,True,0,0,0,1,1,1,1,1,1,1,1,1,True,True,True,False,False
train,denoising-dirty-documents,41b60de42b88c906dbd891a07f4919b1f5daffd970cfe51a0bec04d4404d2639,90dde8640e736a9a963e4500686094e2a8eb18ca370325d6ad2d42f9f8711555,2,2,True,0,0,0,1,1,1,1,1,1,1,1,1,True,True,True,False,False
train,denoising-dirty-documents,98a6e60551c6a03617eb17f2a83195416a7a44d85c2bfcb53543596ed09c43a6,4eeb6cfdef201e949f09677cec007f2ae6c02a5083a64a260ef8d8fe622188ab,2,2,True,0,0,0,1,1,1,1,1,1,1,1,1,True,True,True,False,False
train,denoising-dirty-documents,db08030a58d934ab9aa79c305b2292cdb8a8650e0ac01e19d4d131c3f8941fde,a694df1ec375484b64f955e0adb6b27a41dbb12c06b8cf94afdb98749c19c1a3,2,2,True,0,0,0,1,1,1,1,1,1,1,1,1,True,True,True,False,False
train,denoising-dirty-documents,41b60de42b88c906dbd891a07f4919b1f5daffd970cfe51a0bec04d4404d2639,a1513107ab62549fcb959b13091fc30338b17c8851faddf44c3d262582676d1a,2,2,True,0,0,0,1,1,1,1,1,1,1,1,1,True,True,True,False,False
train,denoising-dirty-documents,9b062995f6c5a45242502109826c990456e506cca42ecbd55ccaa1364986d34e,b56c0af96c33ad52c724712c0fa2324dc742ec066ce0c2881479090dbd6141a9,2,2,True,0,0,0,1,1,1,1,1,1,1,1,1,True,True,True,False,False
train,denoising-dirty-documents,a570563875ac36036317e58edb7ace2c5eb1ac95f6d89d683ad52fca317a40c4,1a713f511caa55b81ebef735589a19b006e7f2b185051f04d9794040b89e97d1,5,4,True,1,1,0,6,10,10,6,10,10,2,1,1,False,True,True,True,True
train,denoising-dirty-documents,2b6083b2577ed460faf6f0648179e03ca2e3d769d12756ee9dcc15ebfd70d285,81f8ec528b4c0030a0914dcf723fe9f27d94436aae9eb454f64f72254c11a07e,2,2,True,0,0,0,1,1,1,1,1,1,1,1,1,True,True,True,False,False
train,denoising-dirty-documents,db08030a58d934ab9aa79c305b2292cdb8a8650e0ac01e19d4d131c3f8941fde,0bbf40d757a35e08aa2d4d5666831fbb18db8bc0d336ffbfaeb7e02e6aa9faad,2,2,True,0,0,0,1,1,1,1,1,1,1,1,1,True,True,True,False,False
train,denoising-dirty-documents,2b6083b2577ed460faf6f0648179e03ca2e3d769d12756ee9dcc15ebfd70d285,7a3a7a6992c364e3ee21f67e20619570a173becb90372e61fc5499006b3507e0,2,2,True,0,0,0,1,1,1,1,1,1,1,1,1,True,True,True,False,False
train,denoising-dirty-documents,62d601ad683147611db2400420ce99a8b2bbab79d055bccec45eedccf752c1d9,f5524788d0d49a9fc78abc2c8df24cd8a87828a9e40723086ea7b6dd749b2d91,5,2,True,3,3,0,1,7,7,1,7,7,4,1,1,False,True,True,True,True
train,denoising-dirty-documents,9b062995f6c5a45242502109826c990456e506cca42ecbd55ccaa1364986d34e,dce020cc178484c103a7d890ed12b794a7185d12a6c6ed24ce30fc4a463ebe51,2,2,True,0,0,0,1,1,1,1,1,1,1,1,1,True,True,True,False,False
train,denoising-dirty-documents,6112a2e4f6f43cb6448f69ad26ae26e6b3054b63cb8caa55bad1bd6d2518625f,bdf820fcf2bf6ff7dd0d512ce0ac694bd4c0c2cf7d203b81f2918ee9b8097a93,2,2,True,0,0,0,1,1,1,1,1,1,1,1,1,True,True,True,False,False
train,denoising-dirty-documents,62d601ad683147611db2400420ce99a8b2bbab79d055bccec45eedccf752c1d9,d5ac542942169a134caf456d4f78035754b0912522abf6fad1516a3a73349f8e,5,2,True,3,3,0,1,7,7,1,7,7,4,1,1,False,True,True,True,True
train,denoising-dirty-documents,62d601ad683147611db2400420ce99a8b2bbab79d055bccec45eedccf752c1d9,6dbfe93901bfd0e1bd8dd793a686eb02ec64bfe844d68a3155fe012006c3e6ff,5,4,True,1,1,0,6,10,10,6,10,10,2,1,1,False,True,True,True,True
train,denoising-dirty-documents,2b6083b2577ed460faf6f0648179e03ca2e3d769d12756ee9dcc15ebfd70d285,1a9cb3484befca3c8e53b429a49c356a0b57ee7e0c573b481761074656e4db5b,2,2,True,0,0,0,1,1,1,1,1,1,1,1,1,True,True,True,False,False
train,denoising-dirty-documents,914a8e3d78c53d492584c55e4f5493d72c763697ea2bb790431fbcf13da930ca,f748527dfd411a535f470147729235af7b1a04211511b8ae2650656f854c93a8,2,2,True,0,0,0,1,1,1,1,1,1,1,1,1,True,True,True,False,False
train,denoising-dirty-documents,62d601ad683147611db2400420ce99a8b2bbab79d055bccec45eedccf752c1d9,47d4a9207bc227b9ee76cdf44eff7eae0526beb8ed4449141e490f51b25742ab,5,4,True,1,1,0,6,10,10,6,10,10,2,1,1,False,True,True,True,True
train,denoising-dirty-documents,41b60de42b88c906dbd891a07f4919b1f5daffd970cfe51a0bec04d4404d2639,2307258ab63cf3348a1c037bc4b4c26c7046601bbc29efcbfc897a6ba141df6a,2,2,True,0,0,0,1,1,1,1,1,1,1,1,1,True,True,True,False,False
train,denoising-dirty-documents,62d601ad683147611db2400420ce99a8b2bbab79d055bccec45eedccf752c1d9,da387c9107ed16f3bc0697d60ff079e7cc4217d792f499d5130bd4dd051a7093,5,5,True,0,0,0,10,10,10,10,10,10,1,1,1,True,True,True,False,False
train,denoising-dirty-documents,8f268ab955f6bdec6684d2742f709431c8a08c9bb5f7751ca03269724ba65aed,5d1cff6e46876739520ccb0e6b38e18173a1ad864f4e8ccd80fd346db97922ff,2,2,True,0,0,0,1,1,1,1,1,1,1,1,1,True,True,True,False,False
train,denoising-dirty-documents,62d601ad683147611db2400420ce99a8b2bbab79d055bccec45eedccf752c1d9,e8efeb18e25edefd2378ac3751ef5378781f6c0e66fadae6cc59a3ebca434fb5,5,4,False,,0,1,6,6,6,6,6,6,,,,False,False,False,False,False
train,denoising-dirty-documents,a570563875ac36036317e58edb7ace2c5eb1ac95f6d89d683ad52fca317a40c4,269ba24b64fe99d945827916520436befce8d0ac0130b1e443b8763687ce80e1,5,3,False,,0,2,3,3,3,3,3,3,,,,False,False,False,False,False
train,denoising-dirty-documents,133f691cc2272b0d8953a1306d5e2058a24ae0ace232fc0cb46860ffa6f2b73a,e508a507b2b4c055f38d9059cf09f2406e8a37b8a4ff922f664e905755d82b64,2,2,True,0,0,0,1,1,1,1,1,1,1,1,1,True,True,True,False,False
train,denoising-dirty-documents,a570563875ac36036317e58edb7ace2c5eb1ac95f6d89d683ad52fca317a40c4,02ce7e4971efb43188fc307bbc8980b105c0ef8bad51bd3a6940da8ff4c7c544,5,4,True,1,1,0,6,10,10,6,10,10,2,1,1,False,True,True,True,True
train,denoising-dirty-documents,e139fda4f5ccdc1d94606475d24a6549e78dc3234fc4f5363413c80e1cb56a02,8b682d02c8a97757b4f08aba4b9823c45c1311d17e1cd0dacb5937beac9e88b1,2,2,True,0,0,0,1,1,1,1,1,1,1,1,1,True,True,True,False,False
train,denoising-dirty-documents,41b60de42b88c906dbd891a07f4919b1f5daffd970cfe51a0bec04d4404d2639,cb844ef8ad70aa57153f6c777d7fba1f232b9ac30dc80d661836d3a6489ec0e8,2,2,True,0,0,0,1,1,1,1,1,1,1,1,1,True,True,True,False,False
train,denoising-dirty-documents,98a6e60551c6a03617eb17f2a83195416a7a44d85c2bfcb53543596ed09c43a6,b4016e3f7e67b99db050cfb7eeecc7d1c1d7fb3d8c5a3f0211a8b60344a06cde,2,2,True,0,0,0,1,1,1,1,1,1,1,1,1,True,True,True,False,False
train,denoising-dirty-documents,e139fda4f5ccdc1d94606475d24a6549e78dc3234fc4f5363413c80e1cb56a02,ae1a95612bc731b3c131f8d2d493023cf39029e150d407ffa624649c7cf8363c,2,2,True,0,0,0,1,1,1,1,1,1,1,1,1,True,True,True,False,False
train,denoising-dirty-documents,a570563875ac36036317e58edb7ace2c5eb1ac95f6d89d683ad52fca317a40c4,a83fe391393587fb05be75fb7061e703d8ebbe7d96aed593f40075a19de8f854,5,5,True,0,0,0,10,10,10,10,10,10,1,1,1,True,True,True,False,False
train,denoising-dirty-documents,133f691cc2272b0d8953a1306d5e2058a24ae0ace232fc0cb46860ffa6f2b73a,d67c85212df4979698807fc13ec969db51a7047e15a97a94085061868417b586,2,2,True,0,0,0,1,1,1,1,1,1,1,1,1,True,True,True,False,False
train,denoising-dirty-documents,133f691cc2272b0d8953a1306d5e2058a24ae0ace232fc0cb46860ffa6f2b73a,9547ed058bbea22f12a2379d31d2672a552f15029123acc6d38d70fa81853276,2,2,True,0,0,0,1,1,1,1,1,1,1,1,1,True,True,True,False,False
train,denoising-dirty-documents,a570563875ac36036317e58edb7ace2c5eb1ac95f6d89d683ad52fca317a40c4,8676a79e69a0627b178af0e507e10a77fb1f393f4921c15f467f9b09293e5e17,5,5,True,0,0,0,10,10,10,10,10,10,1,1,1,True,True,True,False,False
train,denoising-dirty-documents,62d601ad683147611db2400420ce99a8b2bbab79d055bccec45eedccf752c1d9,71f8c9041d0e1d3f7bd9eb448868debd520093116df8c02493b54f5d4f231de9,5,5,True,0,0,0,10,10,10,10,10,10,1,1,1,True,True,True,False,False
train,denoising-dirty-documents,ece9a368ede6800604f31909fdb1501c490238e21750536ec68b57217f9f4627,4d840609e69e60eec2a9dc22f85b59d20e6cdad0ebf8412f20346d53f9535d5d,2,2,True,0,0,0,1,1,1,1,1,1,1,1,1,True,True,True,False,False
train,denoising-dirty-documents,41b60de42b88c906dbd891a07f4919b1f5daffd970cfe51a0bec04d4404d2639,1afeab2ef34f2fee2223e7fd05db0be821ec70eec2a12e2f55d54e6d2a8eb0cd,2,2,True,0,0,0,1,1,1,1,1,1,1,1,1,True,True,True,False,False
train,denoising-dirty-documents,2b6083b2577ed460faf6f0648179e03ca2e3d769d12756ee9dcc15ebfd70d285,2c0a173c049b9652c92841db7c08e487ed04ad1a0a9adcc4d3d7721a73922912,2,2,True,0,0,0,1,1,1,1,1,1,1,1,1,True,True,True,False,False
train,denoising-dirty-documents,8f268ab955f6bdec6684d2742f709431c8a08c9bb5f7751ca03269724ba65aed,f7b67139b6d13cb3f555c5a8d77a1189e6e34240fa1c752c363861d0da6c99d7,2,2,True,0,0,0,1,1,1,1,1,1,1,1,1,True,True,True,False,False
train,denoising-dirty-documents,41b60de42b88c906dbd891a07f4919b1f5daffd970cfe51a0bec04d4404d2639,d6102190732592b654d13180c6fa6c39b8c9499977fc4a93b5776bfb12056e22,2,2,True,0,0,0,1,1,1,1,1,1,1,1,1,True,True,True,False,False
train,denoising-dirty-documents,133f691cc2272b0d8953a1306d5e2058a24ae0ace232fc0cb46860ffa6f2b73a,1fc667b36cb50909945eb52698bd8ee811b8f09d9d16b3b8218671d30f895efe,2,2,True,0,0,0,1,1,1,1,1,1,1,1,1,True,True,True,False,False
train,denoising-dirty-documents,a570563875ac36036317e58edb7ace2c5eb1ac95f6d89d683ad52fca317a40c4,d30f210a904cf90441ee331a942dcb7715fda0fec16f8e33b593bcb46f56bc08,5,4,True,1,1,0,6,10,10,6,10,10,2,1,1,False,True,True,True,True
train,denoising-dirty-documents,a570563875ac36036317e58edb7ace2c5eb1ac95f6d89d683ad52fca317a40c4,27a65b994b8c3af0cd1e1cfe2af690fbdb825f65c3ba279f6c688f29fa6ab255,5,4,True,1,1,0,6,10,10,6,10,10,2,1,1,False,True,True,True,True
train,denoising-dirty-documents,ece9a368ede6800604f31909fdb1501c490238e21750536ec68b57217f9f4627,9c0aa8b581651f155f2b8e5f603872889af648b7f7cf775d48105501e820cd3d,2,2,True,0,0,0,1,1,1,1,1,1,1,1,1,True,True,True,False,False
train,denoising-dirty-documents,41b60de42b88c906dbd891a07f4919b1f5daffd970cfe51a0bec04d4404d2639,0a7797185f868beda00994d841c51ad6bdc942d062a1fa2da9ad37077e753ced,2,2,True,0,0,0,1,1,1,1,1,1,1,1,1,True,True,True,False,False
train,denoising-dirty-documents,2af695f9070ffa330f4b5ecbcc6f02ecb98b39b749068fdac92c3cb5f3efd631,9636f59d2b29d5f4db68e151685f6c9b1cc3c018de7362ec6ddf0d02c87e2024,2,2,True,0,0,0,1,1,1,1,1,1,1,1,1,True,True,True,False,False
train,denoising-dirty-documents,a933938a44f8d5668bdc4da3cb33ef804b37488336d3b83b2a28a84da3eae0d9,4c04fcc690de6000f0d053033749a70bdec69af1f895d323db94aef37a7ac484,2,2,True,0,0,0,1,1,1,1,1,1,1,1,1,True,True,True,False,False
train,denoising-dirty-documents,8f268ab955f6bdec6684d2742f709431c8a08c9bb5f7751ca03269724ba65aed,11edb44795da5507ad9d9cd384ef79471dedb67140c29911860c5435c020bf1d,2,2,True,0,0,0,1,1,1,1,1,1,1,1,1,True,True,True,False,False
train,denoising-dirty-documents,2af695f9070ffa330f4b5ecbcc6f02ecb98b39b749068fdac92c3cb5f3efd631,c6d4709c1e1173d1d1de2fd7dc7f96e13bb99e1ab9d83600aacad6eed7049761,2,2,True,0,0,0,1,1,1,1,1,1,1,1,1,True,True,True,False,False
train,denoising-dirty-documents,133f691cc2272b0d8953a1306d5e2058a24ae0ace232fc0cb46860ffa6f2b73a,90e1313fe4fe343dd757499d2f1e648bec6544a19d17d3771de445a6d88962cd,2,2,True,0,0,0,1,1,1,1,1,1,1,1,1,True,True,True,False,False
train,denoising-dirty-documents,a570563875ac36036317e58edb7ace2c5eb1ac95f6d89d683ad52fca317a40c4,b31195880523b0240b6e68dbe0bd4577245b6bdd4a069f9e04736bc34fb63755,5,5,True,0,0,0,10,10,10,10,10,10,1,1,1,True,True,True,False,False
train,denoising-dirty-documents,e139fda4f5ccdc1d94606475d24a6549e78dc3234fc4f5363413c80e1cb56a02,85e7a1ac17839164895390fd2fcc4e7784639a81137ea67e0acde03bdfd4548a,2,2,True,0,0,0,1,1,1,1,1,1,1,1,1,True,True,True,False,False
train,dog-breed-identification,5e62a0f4e64c82d227b16b3c995c47e536a264bdf3229e894e53caa77b714245,79a6b1952a37b5eada4f1eb32108bf6b40b5f5421b302ac9f1da7f9cd6a6da65,2,2,True,0,0,0,1,1,1,1,1,1,1,1,1,True,True,True,False,False
train,dog-breed-identification,5e62a0f4e64c82d227b16b3c995c47e536a264bdf3229e894e53caa77b714245,48f294a1989db49c5884d1bf8595c0cfc3b20b1eb9651cad912669e9b628e4d3,2,2,True,0,0,0,1,1,1,1,1,1,1,1,1,True,True,True,False,False
train,dog-breed-identification,c28c3c6e4147f5c7ee0d3b9278c9b12050c0e541347f4f83554e6ab2416a2eed,32922b4f19774728f6dc00c639f63475faa0de9a0e4b4367a13ce71cfa417931,2,2,True,0,0,0,1,1,1,1,1,1,1,1,1,True,True,True,False,False
train,dog-breed-identification,7f5628d02c93b6fb0365ae28f6208ee4a5ddb948b293addfd50fe0c0172cf89d,3bbdadcfdc90a1b94a3c801031b5bd3f2d92f93ab4a6421a0667f165b23f5e07,2,2,True,0,0,0,1,1,1,1,1,1,1,1,1,True,True,True,False,False
train,dog-breed-identification,0ad27d3c609b3f01e61af8ab1e7d7bbf2c319517a782423ac7123a23c764a61f,21ff2879b28353169d4bd261f6417ed54f3d43dfc50afc12837bd7320fe8ac6e,2,2,True,0,0,0,1,1,1,1,1,1,1,1,1,True,True,True,False,False
train,dog-breed-identification,5e62a0f4e64c82d227b16b3c995c47e536a264bdf3229e894e53caa77b714245,ffae2be3a0de88caaad87f812c5080cc88dd4aca040ea6fe8a98c78867ba834d,2,2,True,0,0,0,1,1,1,1,1,1,1,1,1,True,True,True,False,False
train,dog-breed-identification,62343cbf3103fb3a6a236bcd6b6c26cadf434725603e88646b657227fc4a999e,20cb2ad6abb9b29344ae45a8a41f5c9f14255712013a127a1a236c0c2a59136f,5,3,True,2,2,0,3,9,9,3,9,9,3,1,1,False,True,True,True,True
train,dog-breed-identification,62343cbf3103fb3a6a236bcd6b6c26cadf434725603e88646b657227fc4a999e,570f91448087f935dd2d1f11337ba16440168ab141f609a5a06760931c6dfb3a,5,2,False,,0,3,1,1,1,1,1,1,,,,False,False,False,False,False
train,dog-breed-identification,7f5628d02c93b6fb0365ae28f6208ee4a5ddb948b293addfd50fe0c0172cf89d,52390173700973794205c40154e400a631d90582d3ed426569d6480626ddf2c2,2,2,True,0,0,0,1,1,1,1,1,1,1,1,1,True,True,True,False,False
train,dog-breed-identification,930c91f37ac6b2b00f7e6ec19af2fa848405fff6177c71eec35987f5041cffd1,31b5d0716671257567e06f38373de7406d231f82339f0f6f23aeceee1145e92f,3,3,True,0,0,0,3,3,3,3,3,3,1,1,1,True,True,True,False,False
train,dog-breed-identification,c28c3c6e4147f5c7ee0d3b9278c9b12050c0e541347f4f83554e6ab2416a2eed,6f2fafc8f085644752cdaca7f5e9985d9d32660c76f0534d945a6aa857d9d0ac,2,2,True,0,0,0,1,1,1,1,1,1,1,1,1,True,True,True,False,False
train,dog-breed-identification,5e62a0f4e64c82d227b16b3c995c47e536a264bdf3229e894e53caa77b714245,364373b99cd1dd25f9ea4b04953f7ce8e501d940f8c983f22049fdfb0add7e74,2,2,True,0,0,0,1,1,1,1,1,1,1,1,1,True,True,True,False,False
train,dog-breed-identification,c28c3c6e4147f5c7ee0d3b9278c9b12050c0e541347f4f83554e6ab2416a2eed,0f20eec5f2cd75c5732143cf8299713cf2cec39f68e073b0cd69c58d65a17f15,2,2,True,0,0,0,1,1,1,1,1,1,1,1,1,True,True,True,False,False
train,dog-breed-identification,a3b9f42d6424ebfc3062f69e8364004eb454fe5bdf152133ece2f9e47431e06f,66d65ee89ec59a5b8cb2af39a88200795d3f39890c68accb970c09aacbb34ff2,2,2,True,0,0,0,1,1,1,1,1,1,1,1,1,True,True,True,False,False
train,dog-breed-identification,c28c3c6e4147f5c7ee0d3b9278c9b12050c0e541347f4f83554e6ab2416a2eed,e8320839df374589167de23e17970d2ae4f0706b91b9e3690f85aec74d7c8890,2,2,True,0,0,0,1,1,1,1,1,1,1,1,1,True,True,True,False,False
train,dog-breed-identification,7f5628d02c93b6fb0365ae28f6208ee4a5ddb948b293addfd50fe0c0172cf89d,09cda4a8a31af79c44c60c1682f9b16aa1067e1ab748cfd4247f0d33ce1e2ea6,2,2,True,0,0,0,1,1,1,1,1,1,1,1,1,True,True,True,False,False
train,dog-breed-identification,1b0b555f036920605262372e23157913d57752aa06a4dcadf5da0efd1a3fa88a,359dbc5b3455b7ba9b73a42a3f96d3a3a9b7a2ee0f7198e87d513492160af2a8,2,2,True,0,0,0,1,1,1,1,1,1,1,1,1,True,True,True,False,False
train,dog-breed-identification,a3b9f42d6424ebfc3062f69e8364004eb454fe5bdf152133ece2f9e47431e06f,19608e09e7fd8531cb095df6d1eba09e905c45d7cb75b22b26db49c1491bae99,2,2,True,0,0,0,1,1,1,1,1,1,1,1,1,True,True,True,False,False
train,dog-breed-identification,5e62a0f4e64c82d227b16b3c995c47e536a264bdf3229e894e53caa77b714245,d8277d603b09efc573dfe8fed9f2987b303a47772445243ca5c1a9aab96c8880,2,2,True,0,0,0,1,1,1,1,1,1,1,1,1,True,True,True,False,False
train,dog-breed-identification,c28c3c6e4147f5c7ee0d3b9278c9b12050c0e541347f4f83554e6ab2416a2eed,3868e073a726ed85af9a10473e12c3932f542e8576c1d10dff204fb831bb91c0,2,2,True,0,0,0,1,1,1,1,1,1,1,1,1,True,True,True,False,False
train,dog-breed-identification,7f5628d02c93b6fb0365ae28f6208ee4a5ddb948b293addfd50fe0c0172cf89d,cd8e5f938bb3dbc08557ff1f9778112a63708dbcb87e64b31584cf1976516aae,2,2,True,0,0,0,1,1,1,1,1,1,1,1,1,True,True,True,False,False
train,dog-breed-identification,e02352654b7a541a7399366578733c65e0f8e7bf8f544d528210680e90e1933d,91922180eed15660fbb6d4cd78821ca12890271ad20e43a6d137bc2bd77b2c88,5,4,False,,0,1,6,6,6,6,6,6,,,,False,False,False,False,False
train,dog-breed-identification,930c91f37ac6b2b00f7e6ec19af2fa848405fff6177c71eec35987f5041cffd1,b3e80e11acfef7c456082aae209ae9537a263eeee1601685772ef1591625bcc3,3,3,True,0,0,0,3,3,3,3,3,3,1,1,1,True,True,True,False,False
train,dog-breed-identification,f48238abbf25398c195bb8bcd8c260fc20d229c5feb0cd4e9c3a1a0c2e273630,f8b2dd99c4b3660ef7d6f8f65ece6f9fcc4d4ee1d9f188627458a3aa3c6ff793,3,2,False,,0,1,1,1,1,1,1,1,,,,False,False,False,False,False
train,dog-breed-identification,7f5628d02c93b6fb0365ae28f6208ee4a5ddb948b293addfd50fe0c0172cf89d,d80cc589aa403043a45c338422ac5016bc91cab823cdf7a96328dde8fa36babe,2,2,True,0,0,0,1,1,1,1,1,1,1,1,1,True,True,True,False,False
train,dog-breed-identification,7f5628d02c93b6fb0365ae28f6208ee4a5ddb948b293addfd50fe0c0172cf89d,cfe6cb239fa80a7e27db206d940af2732a4e678b3193b0ebd278afcf7d56b49b,2,2,True,0,0,0,1,1,1,1,1,1,1,1,1,True,True,True,False,False
train,dog-breed-identification,7f5628d02c93b6fb0365ae28f6208ee4a5ddb948b293addfd50fe0c0172cf89d,e6268db2a2604be84da5030d4a837e4b5065391e8b21a72d23c2162503b00802,2,2,True,0,0,0,1,1,1,1,1,1,1,1,1,True,True,True,False,False
train,dog-breed-identification,5cdb4b33bf673d6b7fa03b221a145189d1646745d1bccdd3babf8bd3ba848d65,def74076b2438b2d33f115306f4db765b3937e0e45157389b7286a845128e8ed,2,2,True,0,0,0,1,1,1,1,1,1,1,1,1,True,True,True,False,False
train,dog-breed-identification,7f5628d02c93b6fb0365ae28f6208ee4a5ddb948b293addfd50fe0c0172cf89d,e76670eb51cfeb99c3d200dab9c2fe369972b6f1f7020c4bd8fcd09342281988,2,2,True,0,0,0,1,1,1,1,1,1,1,1,1,True,True,True,False,False
train,dog-breed-identification,c28c3c6e4147f5c7ee0d3b9278c9b12050c0e541347f4f83554e6ab2416a2eed,d632e4c51efb4eb3189a986ee3887207c6c448044a6923a517330bcd022a9a3a,2,2,True,0,0,0,1,1,1,1,1,1,1,1,1,True,True,True,False,False
train,dog-breed-identification,7f5628d02c93b6fb0365ae28f6208ee4a5ddb948b293addfd50fe0c0172cf89d,31ccbcffb72204b3d1f1b56a59f1740fb49c9bc439cae3302799652c7de3cf16,2,2,True,0,0,0,1,1,1,1,1,1,1,1,1,True,True,True,False,False
train,dog-breed-identification,6f26ddaf39c62588095768790bc98c1ff1c86d19fa9a720f007d2213968c46cb,13080c415e461866db999af37c759660ca8c14945072f59cfe007bba74a65a0b,5,5,True,0,0,0,10,10,10,10,10,10,1,1,1,True,True,True,False,False
train,dog-breed-identification,c28c3c6e4147f5c7ee0d3b9278c9b12050c0e541347f4f83554e6ab2416a2eed,9d0c68f5c5cb0c228340ed906219a4fd86832bef407c2e72f8d10157b1607ce1,2,2,True,0,0,0,1,1,1,1,1,1,1,1,1,True,True,True,False,False
train,dog-breed-identification,7f5628d02c93b6fb0365ae28f6208ee4a5ddb948b293addfd50fe0c0172cf89d,58a4c55c11e3f44e0f0d100bbdde92f6a2e0e41ed08fe506501b35c963b9dd7f,2,2,True,0,0,0,1,1,1,1,1,1,1,1,1,True,True,True,False,False
train,dog-breed-identification,c28c3c6e4147f5c7ee0d3b9278c9b12050c0e541347f4f83554e6ab2416a2eed,83455144ebd236b5e2732545c26b80619157b22ac28497b342bbb607450c1a1c,2,2,True,0,0,0,1,1,1,1,1,1,1,1,1,True,True,True,False,False
train,dog-breed-identification,7f5628d02c93b6fb0365ae28f6208ee4a5ddb948b293addfd50fe0c0172cf89d,cccc8c7d498706b4120bc07399eab72d07df8d2a7b4e161522b475e432e904a9,2,2,True,0,0,0,1,1,1,1,1,1,1,1,1,True,True,True,False,False
train,dog-breed-identification,7f5628d02c93b6fb0365ae28f6208ee4a5ddb948b293addfd50fe0c0172cf89d,e01d2f8b81026f53542466ddde481d8cbd45261ad92abe846896caafcb61b91d,2,2,True,0,0,0,1,1,1,1,1,1,1,1,1,True,True,True,False,False
train,dog-breed-identification,7f5628d02c93b6fb0365ae28f6208ee4a5ddb948b293addfd50fe0c0172cf89d,846113f49ff90a97fea774906c5545270debc0d769bcd1894d1bf35ce7c50f22,2,2,True,0,0,0,1,1,1,1,1,1,1,1,1,True,True,True,False,False
train,dog-breed-identification,d9dd138adbb1f097005549b17c9c2d5371109af71743026a6451d31b8fb10db5,b6418de5a74d3a43b38ea6b55cdc2114c2d8feb50bf6be27d1332d20197f1e77,2,2,True,0,0,0,1,1,1,1,1,1,1,1,1,True,True,True,False,False
train,dog-breed-identification,c28c3c6e4147f5c7ee0d3b9278c9b12050c0e541347f4f83554e6ab2416a2eed,96f90e743c2d8524e291473ef92f8b3ec12f39282f611115c9d16dc9f95aa4bd,2,2,True,0,0,0,1,1,1,1,1,1,1,1,1,True,True,True,False,False
train,dog-breed-identification,7f5628d02c93b6fb0365ae28f6208ee4a5ddb948b293addfd50fe0c0172cf89d,e49fc1c1c7347a035b62d3df8a521bd79dacdcf8fd895daa38b5f04d3280dbe5,2,2,True,0,0,0,1,1,1,1,1,1,1,1,1,True,True,True,False,False
train,dog-breed-identification,a3b9f42d6424ebfc3062f69e8364004eb454fe5bdf152133ece2f9e47431e06f,780decb6ced16504c4afe313acaf00e6268938fd69ab42468aa46ac8f59aa51f,2,2,True,0,0,0,1,1,1,1,1,1,1,1,1,True,True,True,False,False
train,dog-breed-identification,c28c3c6e4147f5c7ee0d3b9278c9b12050c0e541347f4f83554e6ab2416a2eed,3d3cbcb774f16c86f06faedda4eee8159cf783ef408d15e73f624f3dd3cb6d87,2,2,True,0,0,0,1,1,1,1,1,1,1,1,1,True,True,True,False,False
train,dog-breed-identification,c28c3c6e4147f5c7ee0d3b9278c9b12050c0e541347f4f83554e6ab2416a2eed,2aaa05c54631a0b3a602a10898b92cd3917c00e855a74611c504b455184007df,2,2,True,0,0,0,1,1,1,1,1,1,1,1,1,True,True,True,False,False
train,dog-breed-identification,1b0b555f036920605262372e23157913d57752aa06a4dcadf5da0efd1a3fa88a,2ebac9f4a076f60c2168d0b639b87c47699443942641b2e9c4a90aadf45b5bd3,2,2,True,0,0,0,1,1,1,1,1,1,1,1,1,True,True,True,False,False
train,dog-breed-identification,c28c3c6e4147f5c7ee0d3b9278c9b12050c0e541347f4f83554e6ab2416a2eed,fa569249682733258662560f0f09e0073b5c034f929be25666990bd744e51f4f,2,2,True,0,0,0,1,1,1,1,1,1,1,1,1,True,True,True,False,False
train,dog-breed-identification,c28c3c6e4147f5c7ee0d3b9278c9b12050c0e541347f4f83554e6ab2416a2eed,a1f529323917a426f4f21deb0c379f3b053d54c8bb78dc122df818751968125e,2,2,True,0,0,0,1,1,1,1,1,1,1,1,1,True,True,True,False,False
train,dog-breed-identification,1b0b555f036920605262372e23157913d57752aa06a4dcadf5da0efd1a3fa88a,71c7cfa7ecb6da5eb213a8dca85de7fc5fe4d57bff4226d66dbb2ac2cfc154f8,2,2,True,0,0,0,1,1,1,1,1,1,1,1,1,True,True,True,False,False
train,dog-breed-identification,62343cbf3103fb3a6a236bcd6b6c26cadf434725603e88646b657227fc4a999e,c15e01d85d7fdd66ffd3685d87be78c21c307afbf29cdac6df403339130ed266,5,4,True,1,1,0,6,10,10,6,10,10,2,1,1,False,True,True,True,True
train,dog-breed-identification,5e62a0f4e64c82d227b16b3c995c47e536a264bdf3229e894e53caa77b714245,e4b78df1fde332cd1d00d09cba35653521ea62e482c6b662406eecc88b6f1118,2,2,True,0,0,0,1,1,1,1,1,1,1,1,1,True,True,True,False,False
train,dog-breed-identification,c28c3c6e4147f5c7ee0d3b9278c9b12050c0e541347f4f83554e6ab2416a2eed,f01c434b01288df36d1f2068eff0027f5beea46d48090edf7d326284efc6a2dd,2,2,True,0,0,0,1,1,1,1,1,1,1,1,1,True,True,True,False,False
train,dog-breed-identification,5e62a0f4e64c82d227b16b3c995c47e536a264bdf3229e894e53caa77b714245,5f1682fc90fb85383ece68a6029cb3f35051184ef62b271738e8d6acf46fae9d,2,2,True,0,0,0,1,1,1,1,1,1,1,1,1,True,True,True,False,False
train,dog-breed-identification,c28c3c6e4147f5c7ee0d3b9278c9b12050c0e541347f4f83554e6ab2416a2eed,d2c6f882eea98f45952634f4bdf36058cb7e8d6fc7a649011abaa3eb83ace396,2,2,True,0,0,0,1,1,1,1,1,1,1,1,1,True,True,True,False,False
train,dog-breed-identification,6f26ddaf39c62588095768790bc98c1ff1c86d19fa9a720f007d2213968c46cb,8efb793a8ff6ab8c150fc424b356de4c1e1cb649d5b43b6be38d48f1fba10be8,5,3,True,2,2,0,3,9,9,3,9,9,3,1,1,False,True,True,True,True
train,dog-breed-identification,7f5628d02c93b6fb0365ae28f6208ee4a5ddb948b293addfd50fe0c0172cf89d,120c78f2a5e990c34a7fbe6d20e249bdefc4278099b4f3a553a19308799188c5,2,2,True,0,0,0,1,1,1,1,1,1,1,1,1,True,True,True,False,False
train,dog-breed-identification,7f5628d02c93b6fb0365ae28f6208ee4a5ddb948b293addfd50fe0c0172cf89d,661fdeb65ff94140f8b6a970d227553df60d3407b97852cbcfd00f2fc7c7e876,2,2,True,0,0,0,1,1,1,1,1,1,1,1,1,True,True,True,False,False
train,dogs-vs-cats-redux-kernels-edition,9c7ea0416cca22dd9c370b3264c83fe4467f9781ffe18004e10c97d4b03c7f85,6fb52a30d2242d6846bd174a8e92a8967ca1a8829575cdcb33a68404e427da60,2,2,True,0,0,0,1,1,1,1,1,1,1,1,1,True,True,True,False,False
train,dogs-vs-cats-redux-kernels-edition,fcddb188d7b45baa017bb163cf1a2a2bc296837d2fbd029d5576d87dce0b83f1,51909b4b2a515e679999c7eb4d18c076c92e5e4f0e59a9b6cdb6160180b22fbe,2,2,True,0,0,0,1,1,1,1,1,1,1,1,1,True,True,True,False,False
train,dogs-vs-cats-redux-kernels-edition,a6d54df8e09826a567b1828e6fdde7af37e74c686edd9a4d1a654d9a24e05c7b,238bafc614cd2b6c3ac0ec33fde077c53f279091ffd28a82823f11e45e120cf8,2,2,True,0,0,0,1,1,1,1,1,1,1,1,1,True,True,True,False,False
train,dogs-vs-cats-redux-kernels-edition,a6d54df8e09826a567b1828e6fdde7af37e74c686edd9a4d1a654d9a24e05c7b,dd695daf92b05befa15ef0ee2273e44cb408b3b99adfd9f64c84e14c3dd2030b,2,2,True,0,0,0,1,1,1,1,1,1,1,1,1,True,True,True,False,False
train,dogs-vs-cats-redux-kernels-edition,9c7ea0416cca22dd9c370b3264c83fe4467f9781ffe18004e10c97d4b03c7f85,3ca7cfd7ba8215ecf3fa354a3e4b2c431af9b6b73e873348140edf05c0d950d7,2,2,True,0,0,0,1,1,1,1,1,1,1,1,1,True,True,True,False,False
train,dogs-vs-cats-redux-kernels-edition,a6d54df8e09826a567b1828e6fdde7af37e74c686edd9a4d1a654d9a24e05c7b,8888bffa1869c415e7b20e98a56e5a48d2ae8fecce9f8f4a43f316b72189aeb6,2,2,True,0,0,0,1,1,1,1,1,1,1,1,1,True,True,True,False,False
train,dogs-vs-cats-redux-kernels-edition,9c7ea0416cca22dd9c370b3264c83fe4467f9781ffe18004e10c97d4b03c7f85,cff8b009af439ef346e547cbeed10b37bb9d4a9ff9bd4ac596c6e9092be9ba58,2,2,True,0,0,0,1,1,1,1,1,1,1,1,1,True,True,True,False,False
train,dogs-vs-cats-redux-kernels-edition,9c7ea0416cca22dd9c370b3264c83fe4467f9781ffe18004e10c97d4b03c7f85,8bfca7e2afea9b523c506b1dc4a2c40c645bfad905d5559c49569c31740056c8,2,2,True,0,0,0,1,1,1,1,1,1,1,1,1,True,True,True,False,False
train,dogs-vs-cats-redux-kernels-edition,a6d54df8e09826a567b1828e6fdde7af37e74c686edd9a4d1a654d9a24e05c7b,b976dc0d6f8267b1864d63c67fd06bafa17199270fbba01a42970a35e4e31635,2,2,True,0,0,0,1,1,1,1,1,1,1,1,1,True,True,True,False,False
train,dogs-vs-cats-redux-kernels-edition,a6d54df8e09826a567b1828e6fdde7af37e74c686edd9a4d1a654d9a24e05c7b,ad62190290f4a8338d2a79ad7b102e6bfe461caca0508e62d35a51d42a2ce147,2,2,True,0,0,0,1,1,1,1,1,1,1,1,1,True,True,True,False,False
train,dogs-vs-cats-redux-kernels-edition,fcddb188d7b45baa017bb163cf1a2a2bc296837d2fbd029d5576d87dce0b83f1,283fb9fedfa890ecc1bfd02c542288d2580c5cd94ca2c59e780fea473d755441,2,2,True,0,0,0,1,1,1,1,1,1,1,1,1,True,True,True,False,False
train,google-quest-challenge,4025bece64f4ac85e6966316375a552c375a0ca1a4c20034d867a8651f314ccf,67731ac0aed34df857b861a737fc4fdf4248471c96653000e3bd7fb46f047dcd,2,2,True,0,0,0,1,1,1,1,1,1,1,1,1,True,True,True,False,False
train,google-quest-challenge,4422f81812d4e5134c8c222b45506f9fe801e87af2eeea29cb4a47dfd8202335,906f171d93bff68a18303ca954098233d796281edb5aa41f869311f72d9e6498,2,2,True,0,0,0,1,1,1,1,1,1,1,1,1,True,True,True,False,False
train,google-quest-challenge,4025bece64f4ac85e6966316375a552c375a0ca1a4c20034d867a8651f314ccf,08adddb7bf9b7b90de2ec7a57b99e348310d7cdd62909decdafa027b22be1813,2,2,True,0,0,0,1,1,1,1,1,1,1,1,1,True,True,True,False,False
train,google-quest-challenge,4422f81812d4e5134c8c222b45506f9fe801e87af2eeea29cb4a47dfd8202335,d58c8bfbd172d820f94dc6bd7f4c4b9ebc2ab63e17836a3839682c15b0a5b525,2,2,True,0,0,0,1,1,1,1,1,1,1,1,1,True,True,True,False,False
train,google-quest-challenge,3a560f19240c4296637991d0da1933c278410c59f7d45a1d98fe365576860d5f,400ec30038ecb80740f860129c8e11acc10a9436331c18457a198d36b8313410,2,2,True,0,0,0,1,1,1,1,1,1,1,1,1,True,True,True,False,False
train,google-quest-challenge,be65e4417ef46a2a78b752037bb26417dbb41a3e9862b320f8f838c87a982e8a,baf79c43911de5ac323d927ce5d71f90b3fed3e257021cd142d242bb07a838ef,2,2,True,0,0,0,1,1,1,1,1,1,1,1,1,True,True,True,False,False
train,google-quest-challenge,3a560f19240c4296637991d0da1933c278410c59f7d45a1d98fe365576860d5f,142325491dc4cb35c8f2f02ac5fa1dc1ef21638ec080ca67686b9365ca9b0e0d,2,2,True,0,0,0,1,1,1,1,1,1,1,1,1,True,True,True,False,False
train,google-quest-challenge,c3f760fe9280764f9fc86638b8a817f67a85251b116ab956428a73c7b3b58649,fa95124667f8fa9adf580bee144c4309ed6ac707fa5ebe28cdbdd3da3f5c6df2,2,2,True,0,0,0,1,1,1,1,1,1,1,1,1,True,True,True,False,False
train,google-quest-challenge,8423a83822617b885cf52665f46ef9ef569bc5db55ff86cdfc7deb59e3968cdd,dc06a8fba0e4eb8d58f4ee6cdcf26283a83ebb12a6f92b436106e6c580bdaa8d,2,2,True,0,0,0,1,1,1,1,1,1,1,1,1,True,True,True,False,False
train,google-quest-challenge,6ac64475a09a09694597aab27d68fc8b7a645c923a63fff5239270894e9ce96b,5c56ab4c82dca7ee5e9e312835b3a44bcdb23e1d13fe55a4b11b45477638a2bb,2,2,True,0,0,0,1,1,1,1,1,1,1,1,1,True,True,True,False,False
train,google-quest-challenge,6517e431d9bc7a6bc480aef1e59d05cff57f0c52c5b16d9110c9862be4768593,8ea23f3a667fa8fe3d7d38ce58bde6efa7291297810e1cf0b8e14a125307b9b3,2,2,True,0,0,0,1,1,1,1,1,1,1,1,1,True,True,True,False,False
train,google-quest-challenge,42e77b8996ca94548cfc5d4d0f70597bb6c3b9d755ccd4eec2a8a59bc9a63c85,f638a460ad6bc8baa035b1978f8bd68f96160a02c389e7120679f921a4a40d15,2,2,True,0,0,0,1,1,1,1,1,1,1,1,1,True,True,True,False,False
train,google-quest-challenge,8423a83822617b885cf52665f46ef9ef569bc5db55ff86cdfc7deb59e3968cdd,b594cbcadf76ce8a27729fc66a528c74a87e7c09fc1a8a1d143a0298b1340429,2,2,True,0,0,0,1,1,1,1,1,1,1,1,1,True,True,True,False,False
train,google-quest-challenge,4422f81812d4e5134c8c222b45506f9fe801e87af2eeea29cb4a47dfd8202335,94a7be24e8cd99e8d83a1109573ac245df8d3a8beb07e8b772a7b2e7f0a9c498,2,2,True,0,0,0,1,1,1,1,1,1,1,1,1,True,True,True,False,False
train,google-quest-challenge,3a560f19240c4296637991d0da1933c278410c59f7d45a1d98fe365576860d5f,2d7392f083378ee46b3abdd5d76bbb821bb889975cc8ffcf8d30850d0dbf83ae,2,2,True,0,0,0,1,1,1,1,1,1,1,1,1,True,True,True,False,False
train,google-quest-challenge,42e77b8996ca94548cfc5d4d0f70597bb6c3b9d755ccd4eec2a8a59bc9a63c85,7aade1a0d8e812a4968977650a10556de950d1fd33ccf34ff936223964af95d5,2,2,True,0,0,0,1,1,1,1,1,1,1,1,1,True,True,True,False,False
train,google-quest-challenge,6ebe6986935cecf9dcb2ee101f7ec9ff52d74efa13ed1dfc499e9c516b5dd3ef,2779fb06699024ccd951423843ac57e2c0fa825d3a9936a2d96fd536eb259aa7,2,2,True,0,0,0,1,1,1,1,1,1,1,1,1,True,True,True,False,False
train,google-quest-challenge,3a560f19240c4296637991d0da1933c278410c59f7d45a1d98fe365576860d5f,f59afdd1fd21c4bf70a535f6fec512b92c0944869cc6c99d4ef3a4be5a373423,2,2,True,0,0,0,1,1,1,1,1,1,1,1,1,True,True,True,False,False
train,google-quest-challenge,42e77b8996ca94548cfc5d4d0f70597bb6c3b9d755ccd4eec2a8a59bc9a63c85,b81ef295fe13868b1ed0f24d5642e6a29b957a2faec7f3ffdbe1e586b9745dbb,2,2,True,0,0,0,1,1,1,1,1,1,1,1,1,True,True,True,False,False
train,google-quest-challenge,3a560f19240c4296637991d0da1933c278410c59f7d45a1d98fe365576860d5f,48512f6d991f6b28e5beec8501b8351a2415474225fbb4332c9fc7d231f0187c,2,2,True,0,0,0,1,1,1,1,1,1,1,1,1,True,True,True,False,False
train,google-quest-challenge,8423a83822617b885cf52665f46ef9ef569bc5db55ff86cdfc7deb59e3968cdd,687737b4763d43da3633057360b85a9d14518cf9a34f568a48b295963479fb53,2,2,True,0,0,0,1,1,1,1,1,1,1,1,1,True,True,True,False,False
train,google-quest-challenge,3a560f19240c4296637991d0da1933c278410c59f7d45a1d98fe365576860d5f,6957686466d0986a7bb713bf882b078449849092240e0531bc0e2ff817475006,2,2,True,0,0,0,1,1,1,1,1,1,1,1,1,True,True,True,False,False
train,google-quest-challenge,a1959716c035208c317a289bb4d50f83c42a01ff1adb876dd6cb776cdc416393,436d66e86336f903dff69a2642ef74ad34aa20d3f9d3e962a9e0045546e02c05,2,2,True,0,0,0,1,1,1,1,1,1,1,1,1,True,True,True,False,False
train,google-quest-challenge,f005de9327c772b6b92250bef5a0423faead5cdf71a7f08736ce002053f3cd17,840caa15305f49f2da696c571b9b322b61f08ee817472b5a45a894415f1d7589,2,2,True,0,0,0,1,1,1,1,1,1,1,1,1,True,True,True,False,False
train,google-quest-challenge,6ac64475a09a09694597aab27d68fc8b7a645c923a63fff5239270894e9ce96b,8c66ce1420f5837faac9f7dce9293a44f2a4b694b964db9a4d543cc5dc5d50cd,2,2,True,0,0,0,1,1,1,1,1,1,1,1,1,True,True,True,False,False
train,google-quest-challenge,3a560f19240c4296637991d0da1933c278410c59f7d45a1d98fe365576860d5f,4e3ea18674c0aac7c9bcbd5ef03cc83eacf9a2ab17afee877ec63e8e5d90bee8,2,2,True,0,0,0,1,1,1,1,1,1,1,1,1,True,True,True,False,False
train,google-quest-challenge,8423a83822617b885cf52665f46ef9ef569bc5db55ff86cdfc7deb59e3968cdd,2e3ae01ddca8710bdd2542d04193cb16ec9be8c3c56c0cac96d28c2fdc8b7834,2,2,True,0,0,0,1,1,1,1,1,1,1,1,1,True,True,True,False,False
train,google-quest-challenge,c3f760fe9280764f9fc86638b8a817f67a85251b116ab956428a73c7b3b58649,c8833ed3f4dda1938d5e11a0b3c4a1e7413ef4757800e9c688b26e52f973d543,2,2,True,0,0,0,1,1,1,1,1,1,1,1,1,True,True,True,False,False
train,google-quest-challenge,6ebe6986935cecf9dcb2ee101f7ec9ff52d74efa13ed1dfc499e9c516b5dd3ef,7f3ce8d7a8729061071ac9fea22033c0d47764a8079153fe27810669d1f40ca2,2,2,True,0,0,0,1,1,1,1,1,1,1,1,1,True,True,True,False,False
train,google-quest-challenge,3a560f19240c4296637991d0da1933c278410c59f7d45a1d98fe365576860d5f,2e20cf723da25fc9c1ad95d7d821ca021d0ee80d220fc02f73375b5d07f76993,2,2,True,0,0,0,1,1,1,1,1,1,1,1,1,True,True,True,False,False
train,google-quest-challenge,6ac64475a09a09694597aab27d68fc8b7a645c923a63fff5239270894e9ce96b,5c3f71279c0f39461a03640bc6b74e8a9619ea4a9f48203a1be60b68750fecae,2,2,True,0,0,0,1,1,1,1,1,1,1,1,1,True,True,True,False,False
train,google-quest-challenge,4025bece64f4ac85e6966316375a552c375a0ca1a4c20034d867a8651f314ccf,c95d858a2e112358d7a21f953b06446bcf4d2b30c6c700bd11c9aecdb494df65,2,2,True,0,0,0,1,1,1,1,1,1,1,1,1,True,True,True,False,False
train,google-quest-challenge,3a560f19240c4296637991d0da1933c278410c59f7d45a1d98fe365576860d5f,601f170bb8eccc2da96ad98abcaec94800db3748a539006c585bff8d828a960d,2,2,True,0,0,0,1,1,1,1,1,1,1,1,1,True,True,True,False,False
train,google-quest-challenge,8423a83822617b885cf52665f46ef9ef569bc5db55ff86cdfc7deb59e3968cdd,85253afeb11c3ea88a712de8c1a5295ea34ccc6431134c3f5f0c6e2cf47b0e55,2,2,True,0,0,0,1,1,1,1,1,1,1,1,1,True,True,True,False,False
train,google-quest-challenge,4025bece64f4ac85e6966316375a552c375a0ca1a4c20034d867a8651f314ccf,cf7aa31868994bbf74a4159cb31c9f65932456b8826bba737b6a055b4d794f68,2,2,True,0,0,0,1,1,1,1,1,1,1,1,1,True,True,True,False,False
train,google-quest-challenge,6ebe6986935cecf9dcb2ee101f7ec9ff52d74efa13ed1dfc499e9c516b5dd3ef,bc93b5b27303b106de404ee70fe3ff97e80131cb71e0ca7bb0287476bc25302b,2,2,True,0,0,0,1,1,1,1,1,1,1,1,1,True,True,True,False,False
train,google-quest-challenge,6ac64475a09a09694597aab27d68fc8b7a645c923a63fff5239270894e9ce96b,19279573f5f16378d2dd7f5471b107f2766961f87e30c9e085e8fba04cc85e43,2,2,True,0,0,0,1,1,1,1,1,1,1,1,1,True,True,True,False,False
train,google-quest-challenge,3a560f19240c4296637991d0da1933c278410c59f7d45a1d98fe365576860d5f,898a44501da39dc17580a65e7e7dd8181558d67a1ee238ccc474bc0bda7717fe,2,2,True,0,0,0,1,1,1,1,1,1,1,1,1,True,True,True,False,False
train,google-quest-challenge,6ac64475a09a09694597aab27d68fc8b7a645c923a63fff5239270894e9ce96b,acddce5c0c4ac45094cd66cb4cf39f80b5a7e3e9c0d33cf2a94cca1a9753137d,2,2,True,0,0,0,1,1,1,1,1,1,1,1,1,True,True,True,False,False
train,google-quest-challenge,8423a83822617b885cf52665f46ef9ef569bc5db55ff86cdfc7deb59e3968cdd,65ce40cb8fc77b7e0489b18fe0d34f48972687c4c9c993f2734c6ed09c7d3012,2,2,True,0,0,0,1,1,1,1,1,1,1,1,1,True,True,True,False,False
train,google-quest-challenge,4422f81812d4e5134c8c222b45506f9fe801e87af2eeea29cb4a47dfd8202335,826ba2dc8f602e0ec275d727532d6d0af9a7eac55c46d1d4da54a0a49f5ea41c,2,2,True,0,0,0,1,1,1,1,1,1,1,1,1,True,True,True,False,False
train,google-quest-challenge,a1959716c035208c317a289bb4d50f83c42a01ff1adb876dd6cb776cdc416393,71d69cacb84da46885bf870c0450048faab26a1300b64e60aa43f1be4ad6e8fd,2,2,True,0,0,0,1,1,1,1,1,1,1,1,1,True,True,True,False,False
train,google-quest-challenge,8423a83822617b885cf52665f46ef9ef569bc5db55ff86cdfc7deb59e3968cdd,8d3a9c8b642441ede5dca78bbe1d4b769adfb4ca4047c64f8dd3cdf79cdb27c5,2,2,True,0,0,0,1,1,1,1,1,1,1,1,1,True,True,True,False,False
train,google-quest-challenge,4422f81812d4e5134c8c222b45506f9fe801e87af2eeea29cb4a47dfd8202335,575b4ce66f1ebfd7a075dbe4e1032fdffb2f9d9df568d7a017915128035990a0,2,2,True,0,0,0,1,1,1,1,1,1,1,1,1,True,True,True,False,False
train,google-quest-challenge,42e77b8996ca94548cfc5d4d0f70597bb6c3b9d755ccd4eec2a8a59bc9a63c85,e32458f99787d62c55c025d7f38ec612f31fbe1739fb82501240e9c41eebbe76,2,2,True,0,0,0,1,1,1,1,1,1,1,1,1,True,True,True,False,False
train,histopathologic-cancer-detection,12e6e8a88770f5575c5fba20518e28f6e9ab1f5ba742df907590935849cc96b6,cdefb2162162cd598957842e261ab1f0f67c0ede91e0435fe2c4c0a8e509c3fa,2,2,True,0,0,0,1,1,1,1,1,1,1,1,1,True,True,True,False,False
train,histopathologic-cancer-detection,ae3ce8c36fcbdd22491b56999aab11f8e4546a6cb09ad3c60e7eee978c9e8652,f9ff5c77ea82ac21f33c68d725486cb3790f4ac8d71084b0761f009cf37f92e9,2,2,True,0,0,0,1,1,1,1,1,1,1,1,1,True,True,True,False,False
train,histopathologic-cancer-detection,12e6e8a88770f5575c5fba20518e28f6e9ab1f5ba742df907590935849cc96b6,0699deffeb2a022cdf7f6dc2dd43c51396648cbd6b7231b3f338a41b55d07d72,2,2,True,0,0,0,1,1,1,1,1,1,1,1,1,True,True,True,False,False
train,histopathologic-cancer-detection,4088a54a7a2072f4a017f8419c149515aab5739317dd29c19a59d38cfed6977f,436f4e552a7ee3f04a506e691609db22604003d8fff163e0fa33a4ae8f99ade8,2,2,True,0,0,0,1,1,1,1,1,1,1,1,1,True,True,True,False,False
train,histopathologic-cancer-detection,9cedf8eac05b918ce44c97dbab820cbe67563e672674afa9716d4f8c7701cba6,dab32df9a753e504909249c9595614b26542f70487d2a1be24f57a03cb0dc6b2,2,2,True,0,0,0,1,1,1,1,1,1,1,1,1,True,True,True,False,False
train,histopathologic-cancer-detection,87bd8ca8f07b5ea8415e1a44bf549330ae9458d69cc723732cfc1d17fc0ceb36,900a06fcb559ea9bf2a16553e3d5567e5020420e885ef1f4269f62a84fc41d76,2,2,True,0,0,0,1,1,1,1,1,1,1,1,1,True,True,True,False,False
train,histopathologic-cancer-detection,e1558b851aefb0e7c1736d070334b8040cf06052b378b02de482be56618f5e97,80680d626f57ae6615b0ea087e841217d1fab1907fc33c83e9ef96ddee92b779,2,2,True,0,0,0,1,1,1,1,1,1,1,1,1,True,True,True,False,False
train,histopathologic-cancer-detection,ae3ce8c36fcbdd22491b56999aab11f8e4546a6cb09ad3c60e7eee978c9e8652,f7f9fe0c30a59acccb86b80c8997f18e99eb9dd6a335d759271fef18a8343a70,2,2,True,0,0,0,1,1,1,1,1,1,1,1,1,True,True,True,False,False
train,histopathologic-cancer-detection,eac85556e43a8d70b4e2e2978e955638c73f625ea60a725ee13557faa3cf69eb,096dd96dbeb3c283b40726f3f207c63ec70dbb62d5bae6b7ffa79677c609ed02,2,2,True,0,0,0,1,1,1,1,1,1,1,1,1,True,True,True,False,False
train,histopathologic-cancer-detection,e1558b851aefb0e7c1736d070334b8040cf06052b378b02de482be56618f5e97,c7a9b8431d47690f2aa850a5887e119313fb1d78fccdf2ca6b09bbb198d1bbb7,2,2,True,0,0,0,1,1,1,1,1,1,1,1,1,True,True,True,False,False
train,histopathologic-cancer-detection,e1558b851aefb0e7c1736d070334b8040cf06052b378b02de482be56618f5e97,d9d47a02f8a9953daaf72479c7e5f642ea70dbce960e3a21663d0c17fc79ec9b,2,2,True,0,0,0,1,1,1,1,1,1,1,1,1,True,True,True,False,False
train,histopathologic-cancer-detection,12e6e8a88770f5575c5fba20518e28f6e9ab1f5ba742df907590935849cc96b6,0337c0c1102eeea9786c2b5d6571af8ac047b08b75b454b723e0de3e808173c8,2,2,True,0,0,0,1,1,1,1,1,1,1,1,1,True,True,True,False,False
train,histopathologic-cancer-detection,eac85556e43a8d70b4e2e2978e955638c73f625ea60a725ee13557faa3cf69eb,db15dea47fd4eaec797e3c2254ccd631afe26f15f139ddd51aa4301024dd8814,2,2,True,0,0,0,1,1,1,1,1,1,1,1,1,True,True,True,False,False
train,histopathologic-cancer-detection,112a6e3ae102cc167bab4360ec8d0e477ba8cb99af1eec83dbaa293b0d33ddee,efb2860d5630494c692f3a7b0b5cace70638a019bd6ea7d0bf0bb7f02f79c5d3,2,2,True,0,0,0,1,1,1,1,1,1,1,1,1,True,True,True,False,False
train,histopathologic-cancer-detection,ae3ce8c36fcbdd22491b56999aab11f8e4546a6cb09ad3c60e7eee978c9e8652,613087ed275e86e7b14f94b7b64dfea19accfb9b9b440fa42d7f741943043bd8,2,2,True,0,0,0,1,1,1,1,1,1,1,1,1,True,True,True,False,False
train,histopathologic-cancer-detection,112a6e3ae102cc167bab4360ec8d0e477ba8cb99af1eec83dbaa293b0d33ddee,8a8b47558a83b82e506d89edf91ad9a8f2b98681c3a61b582d7cf3ef23cc6e59,2,2,True,0,0,0,1,1,1,1,1,1,1,1,1,True,True,True,False,False
train,histopathologic-cancer-detection,eac85556e43a8d70b4e2e2978e955638c73f625ea60a725ee13557faa3cf69eb,f18c8a83bbf8dd9d3252dd5644ff4177b11f36266e980bf4a08fee5aa496080a,2,2,True,0,0,0,1,1,1,1,1,1,1,1,1,True,True,True,False,False
train,histopathologic-cancer-detection,9cedf8eac05b918ce44c97dbab820cbe67563e672674afa9716d4f8c7701cba6,fef22fded2d62847b5e8d4eaaaa446a1471c5a5d2fef654f10a271cca2e1eeae,2,2,True,0,0,0,1,1,1,1,1,1,1,1,1,True,True,True,False,False
train,histopathologic-cancer-detection,4088a54a7a2072f4a017f8419c149515aab5739317dd29c19a59d38cfed6977f,8d9cfba0ae6543bcb2da4ddb0a8f1eda7ca274d304c25d1441fce583cd0a8184,2,2,True,0,0,0,1,1,1,1,1,1,1,1,1,True,True,True,False,False
train,histopathologic-cancer-detection,e1558b851aefb0e7c1736d070334b8040cf06052b378b02de482be56618f5e97,b25cd9c506f26aca5948851ad41973ee8055cb2273d48fff278b599acb964bc1,2,2,True,0,0,0,1,1,1,1,1,1,1,1,1,True,True,True,False,False
train,histopathologic-cancer-detection,87bd8ca8f07b5ea8415e1a44bf549330ae9458d69cc723732cfc1d17fc0ceb36,258d0eb1cb22b4ce43acf7299cd22660872c21666abff49f86ff3d9bfbf7b58c,2,2,True,0,0,0,1,1,1,1,1,1,1,1,1,True,True,True,False,False
train,histopathologic-cancer-detection,ae3ce8c36fcbdd22491b56999aab11f8e4546a6cb09ad3c60e7eee978c9e8652,83a5ef4fae598169c4bef63a329dce9bb52a524b5e377da33a4c38ea0fd2afa6,2,2,True,0,0,0,1,1,1,1,1,1,1,1,1,True,True,True,False,False
train,histopathologic-cancer-detection,eac85556e43a8d70b4e2e2978e955638c73f625ea60a725ee13557faa3cf69eb,e7e7d10a76fdae6197c6d31fc7ca5752a9e0760175692b0331874f044697ff05,2,2,True,0,0,0,1,1,1,1,1,1,1,1,1,True,True,True,False,False
train,histopathologic-cancer-detection,9cedf8eac05b918ce44c97dbab820cbe67563e672674afa9716d4f8c7701cba6,956115089a7b384dc4a2209495111a12393bb277c28eb35c2b7dea2c140877bb,2,2,True,0,0,0,1,1,1,1,1,1,1,1,1,True,True,True,False,False
train,histopathologic-cancer-detection,e1558b851aefb0e7c1736d070334b8040cf06052b378b02de482be56618f5e97,1de65b6bd8bcf9ada81baf542b3417dcd9ba5689d963e597ecbe832642656f73,2,2,True,0,0,0,1,1,1,1,1,1,1,1,1,True,True,True,False,False
train,histopathologic-cancer-detection,ae3ce8c36fcbdd22491b56999aab11f8e4546a6cb09ad3c60e7eee978c9e8652,309ae0c73dbea29c3b126e7da683fca862eb2ac2804fdb92789bd04b87b34286,2,2,True,0,0,0,1,1,1,1,1,1,1,1,1,True,True,True,False,False
train,histopathologic-cancer-detection,9cedf8eac05b918ce44c97dbab820cbe67563e672674afa9716d4f8c7701cba6,2d5943b9cc0692153b75b1793e4310058b68a393c881451a501bf5077b25a587,2,2,True,0,0,0,1,1,1,1,1,1,1,1,1,True,True,True,False,False
train,histopathologic-cancer-detection,e1558b851aefb0e7c1736d070334b8040cf06052b378b02de482be56618f5e97,0fee561619306be06487a105cac55cc9b809ea4e00086c7c62d03e5f8e176df7,2,2,True,0,0,0,1,1,1,1,1,1,1,1,1,True,True,True,False,False
train,histopathologic-cancer-detection,eac85556e43a8d70b4e2e2978e955638c73f625ea60a725ee13557faa3cf69eb,7dda1c7abd1748a524e020dc7b6549f7b38fa2a18e0c3a11bb8eb6121ec9c61a,2,2,True,0,0,0,1,1,1,1,1,1,1,1,1,True,True,True,False,False
train,histopathologic-cancer-detection,87bd8ca8f07b5ea8415e1a44bf549330ae9458d69cc723732cfc1d17fc0ceb36,3b1d370111d36cc1656665a4be955703e11794b821f37ddf42c9b64b1d01365c,2,2,True,0,0,0,1,1,1,1,1,1,1,1,1,True,True,True,False,False
train,histopathologic-cancer-detection,87bd8ca8f07b5ea8415e1a44bf549330ae9458d69cc723732cfc1d17fc0ceb36,4380481f5e37b6f2461e9f23886dbc3cae194d2fa06017b1cf110e32bbe7a84e,2,2,True,0,0,0,1,1,1,1,1,1,1,1,1,True,True,True,False,False
train,histopathologic-cancer-detection,eac85556e43a8d70b4e2e2978e955638c73f625ea60a725ee13557faa3cf69eb,dedd4e764e967b58abd0a801b04cf16fa7b4cfe0441f9dd3cefa5a6260909dd7,2,2,True,0,0,0,1,1,1,1,1,1,1,1,1,True,True,True,False,False
train,histopathologic-cancer-detection,9cedf8eac05b918ce44c97dbab820cbe67563e672674afa9716d4f8c7701cba6,54fe077e31308a1b8b0bdd9eeed74444ce700444c2cbd034e652209058a6a96b,2,2,True,0,0,0,1,1,1,1,1,1,1,1,1,True,True,True,False,False
train,histopathologic-cancer-detection,eac85556e43a8d70b4e2e2978e955638c73f625ea60a725ee13557faa3cf69eb,af91ba4113d9ea1bcd4cd479f743742c9176f3f493f2012dc16e4b3ac817d5ea,2,2,True,0,0,0,1,1,1,1,1,1,1,1,1,True,True,True,False,False
train,histopathologic-cancer-detection,ae3ce8c36fcbdd22491b56999aab11f8e4546a6cb09ad3c60e7eee978c9e8652,0bbd97ef972d64ac8725608a4d2e33712ff169a5aee3e17e17f68e3ea52629d8,2,2,True,0,0,0,1,1,1,1,1,1,1,1,1,True,True,True,False,False
train,histopathologic-cancer-detection,e1558b851aefb0e7c1736d070334b8040cf06052b378b02de482be56618f5e97,8d5c9f229cf2bafe666409dad91fd024dcacaeef1e6efcac10304be613785ce1,2,2,True,0,0,0,1,1,1,1,1,1,1,1,1,True,True,True,False,False
train,histopathologic-cancer-detection,e1558b851aefb0e7c1736d070334b8040cf06052b378b02de482be56618f5e97,db0ed4adb13c240027f4f82b33d46490ccf01718a85c816ac88d66cd75f3e13a,2,2,True,0,0,0,1,1,1,1,1,1,1,1,1,True,True,True,False,False
train,histopathologic-cancer-detection,12e6e8a88770f5575c5fba20518e28f6e9ab1f5ba742df907590935849cc96b6,494b45d4a0732f255ae084efc287626da91ee3ca9c301db8f1b3dcab4a415775,2,2,True,0,0,0,1,1,1,1,1,1,1,1,1,True,True,True,False,False
train,histopathologic-cancer-detection,ae3ce8c36fcbdd22491b56999aab11f8e4546a6cb09ad3c60e7eee978c9e8652,0727145e27a18db612d9dd5c94e89808839725ee43cbf6be5b8a0eb78f7d8fcf,2,2,True,0,0,0,1,1,1,1,1,1,1,1,1,True,True,True,False,False
train,histopathologic-cancer-detection,ae3ce8c36fcbdd22491b56999aab11f8e4546a6cb09ad3c60e7eee978c9e8652,5a8759792b2b82a9e0d9ff00227508b79426552bc27bc5147d3cfa695657d601,2,2,True,0,0,0,1,1,1,1,1,1,1,1,1,True,True,True,False,False
train,histopathologic-cancer-detection,ae3ce8c36fcbdd22491b56999aab11f8e4546a6cb09ad3c60e7eee978c9e8652,cef161a1f07e9984cd44b1f81eaf72c70b51080346c2dac17d16990cd5fabd68,2,2,True,0,0,0,1,1,1,1,1,1,1,1,1,True,True,True,False,False
train,histopathologic-cancer-detection,ae3ce8c36fcbdd22491b56999aab11f8e4546a6cb09ad3c60e7eee978c9e8652,55243e132ae094c88e9838e6983b712fd42cb4674fe3d2248a2df85f2c6b144f,2,2,True,0,0,0,1,1,1,1,1,1,1,1,1,True,True,True,False,False
train,histopathologic-cancer-detection,eac85556e43a8d70b4e2e2978e955638c73f625ea60a725ee13557faa3cf69eb,1e57beb647652160d3e6e50302d3203257f54480cf7328e606fbe3f20e3d4064,2,2,True,0,0,0,1,1,1,1,1,1,1,1,1,True,True,True,False,False
train,histopathologic-cancer-detection,12e6e8a88770f5575c5fba20518e28f6e9ab1f5ba742df907590935849cc96b6,6f27a4a329a0f3606bf0c9238bd1e53b5696b4b12f96107fded878a41ea86d95,2,2,True,0,0,0,1,1,1,1,1,1,1,1,1,True,True,True,False,False
train,histopathologic-cancer-detection,e1558b851aefb0e7c1736d070334b8040cf06052b378b02de482be56618f5e97,3a36b315947534fcc7aed19771c0c323e70e286743af5fbc323bec994e7e3e72,2,2,True,0,0,0,1,1,1,1,1,1,1,1,1,True,True,True,False,False
train,histopathologic-cancer-detection,e1558b851aefb0e7c1736d070334b8040cf06052b378b02de482be56618f5e97,260187f182247af179bb787d3805fd4f88d4b3b34e2fa830c9fe958abc6f5ba9,2,2,True,0,0,0,1,1,1,1,1,1,1,1,1,True,True,True,False,False
train,kuzushiji-recognition,a91539704407c66b9671f144b1292e482110b24f70c5806167fcde25f89479bb,85c67ac7f98d8e0b0aec63442d36a95ee27beed68dec0b88b11958eb1c0b7e97,2,2,True,0,0,0,1,1,1,1,1,1,1,1,1,True,True,True,False,False
train,kuzushiji-recognition,a91539704407c66b9671f144b1292e482110b24f70c5806167fcde25f89479bb,37bfbd752d40d2209dfe312c11037d67bb4ebe3cecdb3eac9d1b9fea0ba78b2c,2,2,True,0,0,0,1,1,1,1,1,1,1,1,1,True,True,True,False,False
train,kuzushiji-recognition,1555a263dfb902d118081381cccebeee87c4eaee55585902667b483ba8550611,d538cd3fa4f5d25068e060208134f8482b1b3a69f30b673e72be5f92cde5b9db,2,2,True,0,0,0,1,1,1,1,1,1,1,1,1,True,True,True,False,False
train,kuzushiji-recognition,f6c82371a271c70e8d85e130b70baa3d572009f5c3e0b44582d4f969f8aea438,244b8bfdf1e22f0499973dbba4ec73ebf810e6bc5e64db93055f4667a70ca7c8,2,2,True,0,0,0,1,1,1,1,1,1,1,1,1,True,True,True,False,False
train,kuzushiji-recognition,a91539704407c66b9671f144b1292e482110b24f70c5806167fcde25f89479bb,eeed81ab9f1658ca7dd151c9454ff0941eba1cda64ffab4a7fdcfe72b0e7c094,2,2,True,0,0,0,1,1,1,1,1,1,1,1,1,True,True,True,False,False
train,kuzushiji-recognition,1555a263dfb902d118081381cccebeee87c4eaee55585902667b483ba8550611,ee0785cf7deb26586fa84105cc5e4e5b72bceb2cde31fcdbbaab9ab8c973de58,2,2,True,0,0,0,1,1,1,1,1,1,1,1,1,True,True,True,False,False
train,kuzushiji-recognition,f6c82371a271c70e8d85e130b70baa3d572009f5c3e0b44582d4f969f8aea438,dcd0906593cce3d6436a13e20099cdb8a401fb7e9eb7b6c6b35df35a5f23b9c6,2,2,True,0,0,0,1,1,1,1,1,1,1,1,1,True,True,True,False,False
train,kuzushiji-recognition,f6c82371a271c70e8d85e130b70baa3d572009f5c3e0b44582d4f969f8aea438,bdc62931f60b5bd77faf8c23e848b6e91c57d2190be90d6acd6b4eb459810239,2,2,True,0,0,0,1,1,1,1,1,1,1,1,1,True,True,True,False,False
train,kuzushiji-recognition,f6c82371a271c70e8d85e130b70baa3d572009f5c3e0b44582d4f969f8aea438,25f75286dd9c78f069013d791ced12f94159d62bc2cf45679869fe7c4ef9b443,2,2,True,0,0,0,1,1,1,1,1,1,1,1,1,True,True,True,False,False
train,leaf-classification,9fae6334c11ca8048e98bb88f4ff1e4a94c16d923ab8760e225b4ae1587e937c,d0336ce05d302bef49c78b47d709595924ab79f8dc9d4577bfb23e97238a846b,3,2,True,1,1,0,1,3,1,1,3,1,2,1,2,False,True,False,True,False
train,leaf-classification,202f50abd9b715bc234ec2e7f667634fff73c2bc5cb36fca0cfec4f03c9faf1c,32e1abcd2ee7305736737b66a04af448e7b694f7edb1d9f28602a0a08208a19b,3,3,True,0,0,0,3,3,3,3,3,3,1,1,1,True,True,True,False,False
train,leaf-classification,e052c530661e368efe06a9f19bee0af15951d68ad862e4ef39c66b3e32507532,4d5a501f56a8264494b4a7d754d6758e824fdef52761e9aebefef45107e0dd9c,3,3,True,0,0,0,2,2,2,2,2,2,2,2,2,False,False,False,False,False
train,leaf-classification,b55b57f9ae8ef161f80f8e85ad21eacc9b224a3e745642b165b9828b4fc41291,426c3324cc81adfe197d3f4babaf7c8394355a7199c8549edc27a78b8d3c79b4,3,3,True,0,0,0,3,3,3,3,3,3,1,1,1,True,True,True,False,False
train,leaf-classification,b55b57f9ae8ef161f80f8e85ad21eacc9b224a3e745642b165b9828b4fc41291,2e9d325286eb07dbe6c092d9578a54e0fdd29d8d8463e9c90334f92bef292f9b,3,3,True,0,0,0,3,3,3,3,3,3,1,1,1,True,True,True,False,False
train,leaf-classification,62847432b799b23c4eb94938d97c16b264d53a92cae45879dd46577bc1613e79,84763f9b63b8f9ce0f454f78e3697809e8e3849daccc912cde54bc7ac5cc55a0,3,3,True,0,0,0,3,3,3,3,3,3,1,1,1,True,True,True,False,False
train,leaf-classification,5a75810dc78a6e0e6353aa925ef45d372c79667352e58af595a48059060bff04,561c6243bbc6bcc86940c83f802958740101bf83fccd3fe878b2a19f1ddfbde3,5,5,True,0,0,0,10,10,10,10,10,10,1,1,1,True,True,True,False,False
train,leaf-classification,2acfaf3f197dd784c7a4f9dcbd8e26a9f9c38425459623114cc59fcd6a4587fd,901f96124cb9525272137606eedb6791a7d88a922b281113c7b599cb816a4819,3,3,True,0,0,0,3,3,3,3,3,3,1,1,1,True,True,True,False,False
train,leaf-classification,b55b57f9ae8ef161f80f8e85ad21eacc9b224a3e745642b165b9828b4fc41291,57f23c6fd4e97ad3c47c24c1ead539d93d8f684e5e3a61fc01b1d9029428fb8f,3,3,True,0,0,0,3,3,3,3,3,3,1,1,1,True,True,True,False,False
train,leaf-classification,86a77376aa282b29714e10299b75a1c2b51ddf89cb5abcdaafd7bb6dcf563712,7713b8a961d49f8720e5aaab0c1f6147c6178bf8b6723094bbdca6cb11df7d3d,3,3,True,0,0,0,3,3,3,3,3,3,1,1,1,True,True,True,False,False
train,leaf-classification,2acfaf3f197dd784c7a4f9dcbd8e26a9f9c38425459623114cc59fcd6a4587fd,8c7cea34870da958ab82d4e2c3e9fad9640a0a60cb26a7f54272e547c993e3ec,3,3,True,0,0,0,3,3,3,3,3,3,1,1,1,True,True,True,False,False
train,leaf-classification,2acfaf3f197dd784c7a4f9dcbd8e26a9f9c38425459623114cc59fcd6a4587fd,acc6460e423a73119edde2759a6e375b68cdecfb8f8700a8cfb3f9a33b0af04a,3,2,True,1,1,0,1,3,3,1,3,3,2,1,1,False,True,True,True,True
train,leaf-classification,dd622d9ce6a375e778366d885dac936b0a0c23a8bf5f07f8bfc18061fa8918ef,b15932aa0b2204b11148a08dd086b9116daeda806b042387ab3e2ea9d1b18567,3,2,False,,0,1,1,1,1,1,1,1,,,,False,False,False,False,False
train,leaf-classification,2acfaf3f197dd784c7a4f9dcbd8e26a9f9c38425459623114cc59fcd6a4587fd,cc4286ccde615dcfcefa33e71edaf8ee3e8e04fa88167552176c27a95e9dacf8,3,2,True,1,1,0,1,3,3,1,3,3,2,1,1,False,True,True,True,True
train,leaf-classification,2acfaf3f197dd784c7a4f9dcbd8e26a9f9c38425459623114cc59fcd6a4587fd,ee417c07cad94f763e132513ffbd4b10334d6e3693a789d39ac29b175ba82784,3,2,True,1,1,0,1,3,3,1,3,3,2,1,1,False,True,True,True,True
train,leaf-classification,9fae6334c11ca8048e98bb88f4ff1e4a94c16d923ab8760e225b4ae1587e937c,2efa089a638ee8be5f0e40266e2da45f03209600eb98b855ddb56bb7cbb37b0c,3,2,True,1,1,0,1,3,3,1,3,3,2,1,1,False,True,True,True,True
train,leaf-classification,dd622d9ce6a375e778366d885dac936b0a0c23a8bf5f07f8bfc18061fa8918ef,f4ea4e4951631b7ff6508d451c661d833ce8f87fc70f0ffa5c9146565077e460,3,2,True,1,1,0,1,3,3,1,3,3,2,1,1,False,True,True,True,True
train,leaf-classification,86a77376aa282b29714e10299b75a1c2b51ddf89cb5abcdaafd7bb6dcf563712,b7fae2568fab39b1e1e82ccc8f44bf8a198c66a6b6ff1380802c4f6c54a1a5cd,3,2,True,1,1,0,1,3,3,1,3,3,2,1,1,False,True,True,True,True
train,leaf-classification,202f50abd9b715bc234ec2e7f667634fff73c2bc5cb36fca0cfec4f03c9faf1c,721fe57e081a27700d408ec53a138904cf073c031963c3232ecf4940efa2edd0,3,2,True,1,1,0,1,3,3,1,3,3,2,1,1,False,True,True,True,True
train,leaf-classification,96408beaaee0ea62fb27cf14a100ec10dbd1d8aedd0cd190eea34b20eedae05d,25b749a4291075f719f3f1d3b4f53113b8aabc5f2bde5550d722770b30a62551,5,3,True,2,2,0,3,9,9,3,9,9,3,1,1,False,True,True,True,True
train,leaf-classification,e052c530661e368efe06a9f19bee0af15951d68ad862e4ef39c66b3e32507532,c1917158799ae6947d133b193357cfd326d921596aef82d6714827fbf87f1967,3,3,True,0,0,0,3,3,3,3,3,3,1,1,1,True,True,True,False,False
train,leaf-classification,fd62b7911262d1c44ca059fb2a0ff038f66a4a14d9ad719e71d8035d9d1720ca,481782a896c9be62c72ac312e2a63d01ba96c4885e8c7043b40bcddae94ac47f,3,2,True,1,1,0,1,3,3,1,3,3,2,1,1,False,True,True,True,True
train,leaf-classification,b55b57f9ae8ef161f80f8e85ad21eacc9b224a3e745642b165b9828b4fc41291,7a238934e0ff35841e18f2f69adbef98386422dfc9ce87d625520ab5443e545d,3,3,True,0,0,0,3,3,3,3,3,3,1,1,1,True,True,True,False,False
train,leaf-classification,b62bceaa2a780b22d8893e25db93f00923f96516c532918833c3a9c87f2aa4c3,03be022b30a790e4a45da700a9b290f2085608a0d2403e78e2fec11573bd5e91,3,2,False,,0,1,1,1,1,1,1,1,,,,False,False,False,False,False
train,leaf-classification,e052c530661e368efe06a9f19bee0af15951d68ad862e4ef39c66b3e32507532,2dc2bff465eedb14f8fcf9ea6337cf11afb4d6ba58b18208fde2f9e902454718,3,3,True,0,0,0,3,3,3,3,3,3,1,1,1,True,True,True,False,False
train,leaf-classification,e052c530661e368efe06a9f19bee0af15951d68ad862e4ef39c66b3e32507532,a99c15d41a6009e9199815438eed07571b901ce0f9899c1d760ff2d82d150cb0,3,2,True,1,1,0,1,3,3,1,3,3,2,1,1,False,True,True,True,True
train,leaf-classification,4368931e5667cbf8446c1f8d4ca8e22b2b8d274f65effca37c6515d9a6ece548,a8b70884f45e6515c7228524ccdf4b3ee156b3e7126995112adc06e83510357f,5,2,True,3,3,0,1,7,7,1,7,7,4,1,1,False,True,True,True,True
train,leaf-classification,dd622d9ce6a375e778366d885dac936b0a0c23a8bf5f07f8bfc18061fa8918ef,b870978067c7a3e6b6392ea6ad8363b230ffb7ad7f8ffa9dae8ca2c6cdd14e92,3,3,True,0,0,0,3,3,3,3,3,3,1,1,1,True,True,True,False,False
train,leaf-classification,86a77376aa282b29714e10299b75a1c2b51ddf89cb5abcdaafd7bb6dcf563712,4ee3f8b746161d6296e1ed36732c9d7b5751e5f47c0e2ac9697daee45e60cfdf,3,3,True,0,0,0,3,3,3,3,3,3,1,1,1,True,True,True,False,False
train,leaf-classification,2acfaf3f197dd784c7a4f9dcbd8e26a9f9c38425459623114cc59fcd6a4587fd,2477b88a3bbc6f8ee02aef5fbbf1ecadedfc554d42b7abfa32323077cf1f7b37,3,3,True,0,0,0,3,3,3,3,3,3,1,1,1,True,True,True,False,False
train,leaf-classification,e052c530661e368efe06a9f19bee0af15951d68ad862e4ef39c66b3e32507532,e67d0f3ad4e5b2228cf9f99b4fac0121bea01cb59cd5b613b8a768b6277ae201,3,3,True,0,0,0,3,3,3,3,3,3,1,1,1,True,True,True,False,False
train,leaf-classification,2acfaf3f197dd784c7a4f9dcbd8e26a9f9c38425459623114cc59fcd6a4587fd,8705cfe9996d00be1467ece5b9562f0a80cc7d2031d56ca72dba03f5d8adcd6c,3,2,True,1,1,0,1,3,3,1,3,3,2,1,1,False,True,True,True,True
train,leaf-classification,202f50abd9b715bc234ec2e7f667634fff73c2bc5cb36fca0cfec4f03c9faf1c,1f31de96a8a74067d7cbf206a218c51fe6cb4254d437c41d6b7f8900cf31748f,3,3,True,0,0,0,3,3,3,3,3,3,1,1,1,True,True,True,False,False
train,leaf-classification,b55b57f9ae8ef161f80f8e85ad21eacc9b224a3e745642b165b9828b4fc41291,09468535169a6c9cc50de479adf143cd06b8f542b062da3aec26568596b45be6,3,2,True,1,1,0,1,3,3,1,3,3,2,1,1,False,True,True,True,True
train,leaf-classification,9fae6334c11ca8048e98bb88f4ff1e4a94c16d923ab8760e225b4ae1587e937c,4e51a6277c55da93e890a844920847c9272f8a71beffcaa1909a1ea64146b89c,3,2,False,,0,1,1,1,1,1,1,1,,,,False,False,False,False,False
train,leaf-classification,e052c530661e368efe06a9f19bee0af15951d68ad862e4ef39c66b3e32507532,5aebb0e78a091fc844f3480e39ce7421632fe88d5571b91f337ab34ab3577e4f,3,2,True,1,1,0,1,3,3,1,3,3,2,1,1,False,True,True,True,True
train,leaf-classification,86a77376aa282b29714e10299b75a1c2b51ddf89cb5abcdaafd7bb6dcf563712,ae54e1740ccfaaba775f59e64bbc75f8402005097d718f057d7a9cce55b96dee,3,3,True,0,0,0,3,3,3,3,3,3,1,1,1,True,True,True,False,False
train,leaf-classification,b55b57f9ae8ef161f80f8e85ad21eacc9b224a3e745642b165b9828b4fc41291,2c1d13814a70c04e3503fd61c2e66dc17bb09211e2f720e67173a80db45a8e23,3,2,True,1,1,0,1,3,3,1,3,3,2,1,1,False,True,True,True,True
train,leaf-classification,c96f3b605d45fc5b4b2e780c4a0f404e362e421c93254dc2a13b761cf12e1681,c52c0aba4bbbebbc7acb1934d7814c75f5cd80b55bffa2708a10d06956787db8,3,2,True,1,1,0,1,3,3,1,3,3,2,1,1,False,True,True,True,True
train,leaf-classification,b55b57f9ae8ef161f80f8e85ad21eacc9b224a3e745642b165b9828b4fc41291,05ba648b7baac278c922e8847c3ccb2a3d799e467fa5dfdb6e26a046e9f8c218,3,3,True,0,0,0,3,3,3,3,3,3,1,1,1,True,True,True,False,False
train,leaf-classification,86a77376aa282b29714e10299b75a1c2b51ddf89cb5abcdaafd7bb6dcf563712,faddf157b195110cb5acbf899260a018a03fb52c553111f1a7b354055d1dd991,3,3,True,0,0,0,3,3,3,3,3,3,1,1,1,True,True,True,False,False
train,leaf-classification,f3129c6ee150227df811e8fe59dbc05d7763410805519de2cbceaf68b8f269d2,8d336ac15fdddd8745aa127966f8f292ad29050717165f96eecbb060cb8c8eff,5,3,False,,0,2,3,3,3,3,3,3,,,,False,False,False,False,False
train,leaf-classification,2acfaf3f197dd784c7a4f9dcbd8e26a9f9c38425459623114cc59fcd6a4587fd,865ea8856ab7190644e94c719c9793f5ec9f519475d6d9486584ab3022d4f2bf,3,3,True,0,0,0,3,3,3,3,3,3,1,1,1,True,True,True,False,False
train,leaf-classification,9fae6334c11ca8048e98bb88f4ff1e4a94c16d923ab8760e225b4ae1587e937c,b1828648016c9cbc94b48a7c5689540d39a0f39b41d4ff97439a7174fc65f04b,3,2,True,1,1,0,1,3,3,1,3,3,2,1,1,False,True,True,True,True
train,leaf-classification,463e2e79aead44b0f6fd0622700e5a33ef44b2464507945f92bcac3b349707bc,84e98dc81e1514ce2ba76542fbd1a4ee0d73e8fb2b49498020f44c4005da7d88,5,4,False,,0,1,6,6,6,6,6,6,,,,False,False,False,False,False
train,leaf-classification,b62bceaa2a780b22d8893e25db93f00923f96516c532918833c3a9c87f2aa4c3,027ac8436a3c63650366763b254abe86e38b720bff3c5ef3717e84b661c756d4,3,3,True,0,0,0,3,3,3,3,3,3,1,1,1,True,True,True,False,False
train,leaf-classification,71c0ae7d8db06a4ac0581268d904433c9b7ad7a682b3da9406aaf0a309493f2c,6cbb184889c050f51788c73195b59ad3c265e44079a8617a8b3998fe50d7474e,3,2,False,,0,1,1,1,1,1,1,1,,,,False,False,False,False,False
train,leaf-classification,fd62b7911262d1c44ca059fb2a0ff038f66a4a14d9ad719e71d8035d9d1720ca,9365824a308931b8361b67388bb324cf5c3977f744a2a677f76481794c4061c3,5,2,False,,0,3,1,1,1,1,1,1,,,,False,False,False,False,False
train,leaf-classification,202f50abd9b715bc234ec2e7f667634fff73c2bc5cb36fca0cfec4f03c9faf1c,f0c2dc50fa29e9f1c07afde156aacd8181fe4f86ad58e1a77cd8d10536e59bd8,3,3,True,0,0,0,3,3,3,3,3,3,1,1,1,True,True,True,False,False
train,leaf-classification,2acfaf3f197dd784c7a4f9dcbd8e26a9f9c38425459623114cc59fcd6a4587fd,448c7a333107936b01d3d1cfc0c49b8cd95af50e256340f70523ac5867bc8fdc,3,3,True,0,0,0,3,3,3,3,3,3,1,1,1,True,True,True,False,False
train,leaf-classification,e052c530661e368efe06a9f19bee0af15951d68ad862e4ef39c66b3e32507532,557910be04b92b54186ca403ab805704502cb6b55f6dee9bad2c8aa6168c7347,3,2,True,1,1,0,1,3,3,1,3,3,2,1,1,False,True,True,True,True
train,leaf-classification,202f50abd9b715bc234ec2e7f667634fff73c2bc5cb36fca0cfec4f03c9faf1c,6280ada098ca87b7e4f35882225e5121638244dfca318187246776a76397a9da,3,3,True,0,0,0,3,3,3,3,3,3,1,1,1,True,True,True,False,False
train,leaf-classification,e052c530661e368efe06a9f19bee0af15951d68ad862e4ef39c66b3e32507532,ba1dd4fad338b5398a5da0239d736946e688bc3706f6208f34c592308728d823,3,3,True,0,0,0,3,3,3,3,3,3,1,1,1,True,True,True,False,False
train,leaf-classification,2acfaf3f197dd784c7a4f9dcbd8e26a9f9c38425459623114cc59fcd6a4587fd,4e3db5e4f41d26b22c0b92f8cc4f3c1f03c4e77586fa19fe6f8aefe26b4ef36d,3,2,True,1,1,0,1,3,3,1,3,3,2,1,1,False,True,True,True,True
train,leaf-classification,dd622d9ce6a375e778366d885dac936b0a0c23a8bf5f07f8bfc18061fa8918ef,2934b435352f81f7217cc40925e19759f9c777685eb222d177c13f305bc3ef1f,3,3,True,0,0,0,3,3,3,3,3,3,1,1,1,True,True,True,False,False
train,leaf-classification,b55b57f9ae8ef161f80f8e85ad21eacc9b224a3e745642b165b9828b4fc41291,32aa4d89443cb02efb58a889774589711d488a6c40d99dc99cb018f59ec04af1,3,3,True,0,0,0,3,3,3,3,3,3,1,1,1,True,True,True,False,False
train,leaf-classification,b55b57f9ae8ef161f80f8e85ad21eacc9b224a3e745642b165b9828b4fc41291,2f639ac881adf77854a5b4abb23a90fd4efcb0492c83c25973040e4d2209f929,3,3,True,0,0,0,3,3,3,3,3,3,1,1,1,True,True,True,False,False
train,leaf-classification,b55b57f9ae8ef161f80f8e85ad21eacc9b224a3e745642b165b9828b4fc41291,e61fffdb515f3ce9f4408a6fc652bcdeecdd6ec763562e8c4c1e9e23cbc76718,3,3,True,0,0,0,3,3,3,3,3,3,1,1,1,True,True,True,False,False
train,leaf-classification,2acfaf3f197dd784c7a4f9dcbd8e26a9f9c38425459623114cc59fcd6a4587fd,893780000ab9aeceaebe215840fe604bbca940dddd88b774c75835cf7522aeb7,3,3,True,0,0,0,3,3,3,3,3,3,1,1,1,True,True,True,False,False
train,leaf-classification,202f50abd9b715bc234ec2e7f667634fff73c2bc5cb36fca0cfec4f03c9faf1c,284d0ff282a55e29147d8ecee1018936518a9dbf26cb781c471a9b48423672fb,3,3,True,0,0,0,3,3,3,3,3,3,1,1,1,True,True,True,False,False
train,leaf-classification,b55b57f9ae8ef161f80f8e85ad21eacc9b224a3e745642b165b9828b4fc41291,477ffb2279045b05046aa39c850458a1abc338230210fd51e8d1b42de6d6fae5,3,3,True,0,0,0,3,3,3,3,3,3,1,1,1,True,True,True,False,False
train,leaf-classification,c96f3b605d45fc5b4b2e780c4a0f404e362e421c93254dc2a13b761cf12e1681,6faac94e3916692dd988ac4e26fc5f4777ef3c5874489623fb98d3c79edcfb9e,3,3,True,0,0,0,3,3,3,3,3,3,1,1,1,True,True,True,False,False
train,leaf-classification,202f50abd9b715bc234ec2e7f667634fff73c2bc5cb36fca0cfec4f03c9faf1c,bfa038feb2e374cc21a9e4e795777a6ae89939f422d711fa52cc20ee7fb1b11a,3,2,True,1,1,0,1,3,3,1,3,3,2,1,1,False,True,True,True,True
train,leaf-classification,b62bceaa2a780b22d8893e25db93f00923f96516c532918833c3a9c87f2aa4c3,6b5d0b5a2e6d66d2857f388aaa4ae3e2a0073eb9387cc69ca91a222dd9fe69ad,3,2,True,1,1,0,1,3,3,1,3,3,2,1,1,False,True,True,True,True
train,leaf-classification,62847432b799b23c4eb94938d97c16b264d53a92cae45879dd46577bc1613e79,785e09bebf8acbeba493f2715549a22fe29d0b7877067499ed87b11d944f7547,3,2,True,1,1,0,1,3,3,1,3,3,2,1,1,False,True,True,True,True
train,leaf-classification,c96f3b605d45fc5b4b2e780c4a0f404e362e421c93254dc2a13b761cf12e1681,421eb95cea43b33d9abcdbf475812fffa94bdd548d38b0da93a656cb298673b5,3,2,True,1,1,0,1,3,3,1,3,3,2,1,1,False,True,True,True,True
train,leaf-classification,202f50abd9b715bc234ec2e7f667634fff73c2bc5cb36fca0cfec4f03c9faf1c,3c422cdee49fd32e77927fcca27d939b21bc4942218c28a66883e99c32c07176,3,3,True,0,0,0,3,3,3,3,3,3,1,1,1,True,True,True,False,False
train,leaf-classification,f8477ad3ae405afab9b5007a3b1275d8df61661bb0b7805c450265f6afed3f6b,306f6df9c1044e1e8901bfc7cfb5926cdc56e1a7ececf48a5f9827fc3781c6bb,5,4,True,1,1,0,6,10,10,6,10,10,2,1,1,False,True,True,True,True
train,leaf-classification,e052c530661e368efe06a9f19bee0af15951d68ad862e4ef39c66b3e32507532,e158f5f2bf69de5e48f671b41026bbb7599b1488a4fd633bdbbff7313c631900,3,3,True,0,0,0,3,3,3,3,3,3,1,1,1,True,True,True,False,False
train,leaf-classification,2acfaf3f197dd784c7a4f9dcbd8e26a9f9c38425459623114cc59fcd6a4587fd,1ca65177d5bdfca2873c4789e1b9d5e84d86d5458be4b633060855397df07090,3,2,True,1,1,0,1,3,3,1,3,3,2,1,1,False,True,True,True,True
train,leaf-classification,b55b57f9ae8ef161f80f8e85ad21eacc9b224a3e745642b165b9828b4fc41291,5facb1cbef7699c45e6bb994eb3963588e68a39913a090cbe4c60da937002b7c,3,2,True,1,1,0,1,3,3,1,3,3,2,1,1,False,True,True,True,True
train,leaf-classification,b55b57f9ae8ef161f80f8e85ad21eacc9b224a3e745642b165b9828b4fc41291,c152e53e66638a643ad219d914d832a9138eb533b4525a31d0ba6a5cde5da4d7,3,2,True,1,1,0,1,3,3,1,3,3,2,1,1,False,True,True,True,True
train,leaf-classification,2acfaf3f197dd784c7a4f9dcbd8e26a9f9c38425459623114cc59fcd6a4587fd,a6bec641140ce70043675e6a26f360288ed52292dbf535cd41f5ca34b0048dae,3,3,True,0,0,0,3,3,3,3,3,3,1,1,1,True,True,True,False,False
train,leaf-classification,e052c530661e368efe06a9f19bee0af15951d68ad862e4ef39c66b3e32507532,573450b2cf881f7d857725d584758ede67dc8994d9d8b684163adaf1c14cd408,3,2,True,1,1,0,1,3,3,1,3,3,2,1,1,False,True,True,True,True
train,leaf-classification,a8a333389e6962a46a3a295d02f4e612a48fefabd05245d65abd83c9df1baac9,17387ceb1ade8ddff379a32233d4f1d183e175b3ef1d9326e172c81d34613c92,5,3,False,,0,2,3,3,3,3,3,3,,,,False,False,False,False,False
train,leaf-classification,2acfaf3f197dd784c7a4f9dcbd8e26a9f9c38425459623114cc59fcd6a4587fd,69ae9875dfb76eac76c98df8b93ee606a14535822a5bdf340f3eb4ec8dc4e558,3,2,True,1,1,0,1,3,3,1,3,3,2,1,1,False,True,True,True,True
train,leaf-classification,8e6c9d48aff7b8f60f677c88119df918dae5c38fdd2ff5112457d6cbc1fa5dde,c70456a2606d9c1363d5d726f06489792f6d4189896cfab4bc8273e44fc7520c,5,3,False,,0,2,3,3,3,3,3,3,,,,False,False,False,False,False
train,leaf-classification,b55b57f9ae8ef161f80f8e85ad21eacc9b224a3e745642b165b9828b4fc41291,00baa2ef9380993a5cb3a22ca5d059d562fba9d8302298f6e567d35dbb967d60,3,3,True,0,0,0,3,3,3,3,3,3,1,1,1,True,True,True,False,False
train,leaf-classification,202f50abd9b715bc234ec2e7f667634fff73c2bc5cb36fca0cfec4f03c9faf1c,e2728d78d0e8437de58dc24d2c5ef0bbb72af5b2815224e4c45c67153e94679b,3,2,True,1,1,0,1,3,3,1,3,3,2,1,1,False,True,True,True,True
train,leaf-classification,b55b57f9ae8ef161f80f8e85ad21eacc9b224a3e745642b165b9828b4fc41291,c1c951f1d90b295c2d685efbcf850dee9e2fe4cdd18aa5f8395f9bab0b15a29a,3,2,True,1,1,0,1,3,3,1,3,3,2,1,1,False,True,True,True,True
train,leaf-classification,2acfaf3f197dd784c7a4f9dcbd8e26a9f9c38425459623114cc59fcd6a4587fd,64f7598c2b30d804f21b174451ced53f133ada17e9148b67ca2be2c2868e8ab0,3,3,True,0,0,0,3,3,3,3,3,3,1,1,1,True,True,True,False,False
train,leaf-classification,b55b57f9ae8ef161f80f8e85ad21eacc9b224a3e745642b165b9828b4fc41291,8e9973186330876d4e3772e63856a6dde2c46072e6373f35387e445983b7c744,3,3,True,0,0,0,3,3,3,3,3,3,1,1,1,True,True,True,False,False
train,leaf-classification,2acfaf3f197dd784c7a4f9dcbd8e26a9f9c38425459623114cc59fcd6a4587fd,ff368b5de36ab563c5ca20e608aa3822def6f7918be632a6969a6fb0a4b9143f,3,3,True,0,0,0,3,3,3,3,3,3,1,1,1,True,True,True,False,False
train,leaf-classification,86a77376aa282b29714e10299b75a1c2b51ddf89cb5abcdaafd7bb6dcf563712,973c96ffdd9217af815f06ed4fe900a47794fcbdda8db6652e01c780d7a9b312,3,2,True,1,1,0,1,3,3,1,3,3,2,1,1,False,True,True,True,True
train,leaf-classification,b55b57f9ae8ef161f80f8e85ad21eacc9b224a3e745642b165b9828b4fc41291,e21a32815e6d63a5ad01ba7ac8a1c41d5fc6af3697f721e3642a147931999dd8,3,3,True,0,0,0,3,3,3,3,3,3,1,1,1,True,True,True,False,False
train,leaf-classification,202f50abd9b715bc234ec2e7f667634fff73c2bc5cb36fca0cfec4f03c9faf1c,3ad7f8839a723db9ee2b0435e7308951e4b9f6be2467eb1a7f455ad6e8dc018c,3,3,True,0,0,0,3,3,3,3,3,3,1,1,1,True,True,True,False,False
train,leaf-classification,a8a333389e6962a46a3a295d02f4e612a48fefabd05245d65abd83c9df1baac9,f568c98e41e3ef1351d9d1d3a8b6f11671f9dc332226519cb39b08f47fd8e20c,4,2,True,2,2,0,1,5,5,1,5,5,3,1,1,False,True,True,True,True
train,leaf-classification,dd622d9ce6a375e778366d885dac936b0a0c23a8bf5f07f8bfc18061fa8918ef,834dfb21710ee4262175463485d40e2f5623861a482c2ed466e70c85071d6601,3,2,True,1,1,0,1,3,3,1,3,3,2,1,1,False,True,True,True,True
train,leaf-classification,2acfaf3f197dd784c7a4f9dcbd8e26a9f9c38425459623114cc59fcd6a4587fd,e5a04e0daccc871d502720534ed9398b1d1b27da3fa315c3b014be0ec8987306,3,3,True,0,0,0,3,3,3,3,3,3,1,1,1,True,True,True,False,False
train,leaf-classification,202f50abd9b715bc234ec2e7f667634fff73c2bc5cb36fca0cfec4f03c9faf1c,c77ae12abb7a4d52e27340a03c4c31ca6a0552c84b71442a011d4683b255065b,3,3,True,0,0,0,3,3,3,3,3,3,1,1,1,True,True,True,False,False
train,leaf-classification,202f50abd9b715bc234ec2e7f667634fff73c2bc5cb36fca0cfec4f03c9faf1c,baf0ac8ad71e00608e2c6a7c095f013a34d5b52220721f22f83005358c34f483,3,3,True,0,0,0,3,3,3,3,3,3,1,1,1,True,True,True,False,False
train,leaf-classification,96408beaaee0ea62fb27cf14a100ec10dbd1d8aedd0cd190eea34b20eedae05d,7c8e774e5f7841a8632744275da74f1056195b10166c07f9a95ee1c812e487d1,5,3,False,,0,2,3,3,3,3,3,3,,,,False,False,False,False,False
train,leaf-classification,2acfaf3f197dd784c7a4f9dcbd8e26a9f9c38425459623114cc59fcd6a4587fd,f991ed98368fd1de4ff4ca67221c30d1743f7a74ea6050a278e3fe0e94cbc3a4,3,3,True,0,0,0,3,3,3,3,3,3,1,1,1,True,True,True,False,False
train,leaf-classification,e052c530661e368efe06a9f19bee0af15951d68ad862e4ef39c66b3e32507532,e8ebab13f14503d49e1976fd1b08ed26eaf6759ea700c7fe52b1aaefba0b6d39,3,3,True,0,0,0,3,3,3,3,3,3,1,1,1,True,True,True,False,False
train,leaf-classification,9fae6334c11ca8048e98bb88f4ff1e4a94c16d923ab8760e225b4ae1587e937c,9bc4c2281f66c96acd2b542fc88326dc92cdf10cb7b5edf8ca218df6d047ddf5,3,3,True,0,0,0,3,3,3,3,3,3,1,1,1,True,True,True,False,False
train,leaf-classification,b55b57f9ae8ef161f80f8e85ad21eacc9b224a3e745642b165b9828b4fc41291,179ac0fe3ed9b94d3e305bb6d72f872b42e7a09dfcb0befa44fbcdbff566d011,3,3,True,0,0,0,3,3,3,3,3,3,1,1,1,True,True,True,False,False
train,leaf-classification,f8477ad3ae405afab9b5007a3b1275d8df61661bb0b7805c450265f6afed3f6b,2b018677affc0b55460e67aaf7bc8e3b8884686df66044acc1ad4b91614ea68d,5,3,False,,0,2,3,3,3,3,3,3,,,,False,False,False,False,False
train,leaf-classification,202f50abd9b715bc234ec2e7f667634fff73c2bc5cb36fca0cfec4f03c9faf1c,1c856df802a05c95b1db91497df7b4566c7dec53de4806c27b513a73bc41cba8,3,3,True,0,0,0,3,3,3,3,3,3,1,1,1,True,True,True,False,False
train,leaf-classification,9fae6334c11ca8048e98bb88f4ff1e4a94c16d923ab8760e225b4ae1587e937c,53b6d016e7644c55b4777c94088bf0ecd8b1df0dc5027efcc712be8ee2a42442,3,3,True,0,0,0,3,3,3,3,3,3,1,1,1,True,True,True,False,False
train,leaf-classification,96408beaaee0ea62fb27cf14a100ec10dbd1d8aedd0cd190eea34b20eedae05d,16067f4e8de6c26772b54c5494a04b69a794e891d62a1841dafbd3bf41ef1db0,3,2,True,1,1,0,1,3,3,1,3,3,2,1,1,False,True,True,True,True
train,leaf-classification,202f50abd9b715bc234ec2e7f667634fff73c2bc5cb36fca0cfec4f03c9faf1c,26e8dcafe66d4242a079ee0482ed345505bb3428db2b3966db3943153ea6e487,3,2,True,1,1,0,1,3,3,1,3,3,2,1,1,False,True,True,True,True
train,leaf-classification,9fae6334c11ca8048e98bb88f4ff1e4a94c16d923ab8760e225b4ae1587e937c,06075729d4a3a993bb9daf897a8a26c093fe4466db7d8e5799935fcb5a74ed04,3,3,True,0,0,0,3,3,3,3,3,3,1,1,1,True,True,True,False,False
train,leaf-classification,9fae6334c11ca8048e98bb88f4ff1e4a94c16d923ab8760e225b4ae1587e937c,f008b5dd0f3532e162136d46666e535ea26e7d374a41dfabd8f4832f97da63e2,3,2,True,1,1,0,1,3,3,1,3,3,2,1,1,False,True,True,True,True
train,leaf-classification,8e6c9d48aff7b8f60f677c88119df918dae5c38fdd2ff5112457d6cbc1fa5dde,3f5936a5ea4e6ae3945f03fb40a450fef2b698680ac5c1e457f38f98f0442ad5,5,3,True,2,2,0,3,9,9,3,9,9,3,1,1,False,True,True,True,True
train,leaf-classification,e052c530661e368efe06a9f19bee0af15951d68ad862e4ef39c66b3e32507532,9d09533147bb38da8381683c5d9616691639f224cee986ec81cbd77ca574aaa8,3,3,True,0,0,0,3,3,3,3,3,3,1,1,1,True,True,True,False,False
train,leaf-classification,202f50abd9b715bc234ec2e7f667634fff73c2bc5cb36fca0cfec4f03c9faf1c,e65f377f22c8472bdaf0ea366d70ec1f958b04e4202224950027010c9cbde378,3,3,True,0,0,0,3,3,3,3,3,3,1,1,1,True,True,True,False,False
train,leaf-classification,202f50abd9b715bc234ec2e7f667634fff73c2bc5cb36fca0cfec4f03c9faf1c,d7fc20dce1491c8edeeb10abfdf9ff697ec604092685e51a54abe85ac7b9575b,3,3,True,0,0,0,3,3,3,3,3,3,1,1,1,True,True,True,False,False
train,leaf-classification,2edba62c504f19999b5c902cf8c34cff5c01d49f222913475a523350e5359be9,81b006bf2d1d698d7316dd9de0aee2ecc26b0740f31b1dc45a58191c38636eed,5,5,True,0,0,0,10,10,10,10,10,10,1,1,1,True,True,True,False,False
train,leaf-classification,9fae6334c11ca8048e98bb88f4ff1e4a94c16d923ab8760e225b4ae1587e937c,f5b3e531f8fb5a4b304444bf73337db859d05d02ff7e519ba5e66657d6e5c385,3,3,True,0,0,0,3,3,3,3,3,3,1,1,1,True,True,True,False,False
train,leaf-classification,86a77376aa282b29714e10299b75a1c2b51ddf89cb5abcdaafd7bb6dcf563712,26c9cd51e3240eb42443c2f9c4a7c6b962d10caf228401579f8add482c4205c0,3,3,True,0,0,0,3,3,3,3,3,3,1,1,1,True,True,True,False,False
train,leaf-classification,e052c530661e368efe06a9f19bee0af15951d68ad862e4ef39c66b3e32507532,ea7928e02ca790e1bab062c15b1867ef95641822050176a1b5611ebbd63626f4,3,2,True,1,1,0,1,3,3,1,3,3,2,1,1,False,True,True,True,True
train,leaf-classification,202f50abd9b715bc234ec2e7f667634fff73c2bc5cb36fca0cfec4f03c9faf1c,a944b3caa798e5de241f114d2a43cc004f828adc2a9cc3be3d3b4556f2e8e2ab,3,2,True,1,1,0,1,3,3,1,3,3,2,1,1,False,True,True,True,True
train,leaf-classification,c96f3b605d45fc5b4b2e780c4a0f404e362e421c93254dc2a13b761cf12e1681,f62367bca2e61ac2c797150d3a969cac39ae89a7b2aff1311cfa976107a2be07,3,2,True,1,1,0,1,3,3,1,3,3,2,1,1,False,True,True,True,True
train,leaf-classification,9fae6334c11ca8048e98bb88f4ff1e4a94c16d923ab8760e225b4ae1587e937c,368d2fb185d737ea8e50dbfcb77a41b27d133cbf24a128dc4c086a27189aaa3c,3,2,True,1,1,0,1,3,3,1,3,3,2,1,1,False,True,True,True,True
train,leaf-classification,2acfaf3f197dd784c7a4f9dcbd8e26a9f9c38425459623114cc59fcd6a4587fd,3fbb1089e6621a6f967205ddc394cf1c87cab3a33296481a493c6b97c9c9f2a3,3,3,True,0,0,0,3,3,3,3,3,3,1,1,1,True,True,True,False,False
train,leaf-classification,0ffba87a56645d00156cf63a839cbb0ec1659e7d0b0c99b4f18ae07e06681057,794de841df39684758a2275f2fe6bc834841d5a8cf6290e78a78ead2d146f134,5,2,False,,0,3,1,1,1,1,1,1,,,,False,False,False,False,False
train,leaf-classification,263ee213ec0b66ee9d169d6e8dfbbcefd226d6e4d0e3cdd334bf74d7b11d4d74,32d1078787f3b28b7609525f6d3b00011d17ebdafbf6e1f39fa416a2539672ec,3,2,True,1,1,0,1,3,3,1,3,3,2,1,1,False,True,True,True,True
train,leaf-classification,263ee213ec0b66ee9d169d6e8dfbbcefd226d6e4d0e3cdd334bf74d7b11d4d74,c8c98a8d8550360020ecce434ead5d378a6d3aafc0ea5fb92d9fb412084f3698,3,3,True,0,0,0,3,3,3,3,3,3,1,1,1,True,True,True,False,False
train,leaf-classification,e052c530661e368efe06a9f19bee0af15951d68ad862e4ef39c66b3e32507532,fb239b9b0e180fcfe2737e93e3c3f3cd82d31c7eabde9936ee85a2fbb1e1f937,3,3,True,0,0,0,3,3,3,3,3,3,1,1,1,True,True,True,False,False
train,leaf-classification,202f50abd9b715bc234ec2e7f667634fff73c2bc5cb36fca0cfec4f03c9faf1c,8915ac528084180724dc695d699f5570c5543a9ef0992840b940903fe7805f68,3,3,True,0,0,0,3,3,3,3,3,3,1,1,1,True,True,True,False,False
train,leaf-classification,9fae6334c11ca8048e98bb88f4ff1e4a94c16d923ab8760e225b4ae1587e937c,15b05be0cae4ce7d7d71dedaea780f529c8ddc1733a22fc3bdbd32db626e3846,3,2,True,1,1,0,1,3,3,1,3,3,2,1,1,False,True,True,True,True
train,leaf-classification,9fae6334c11ca8048e98bb88f4ff1e4a94c16d923ab8760e225b4ae1587e937c,b8896a89edbcb1efe8e4385c12ca24fd94fcf6e92673c829fd28edac2e970659,3,2,True,1,1,0,1,3,3,1,3,3,2,1,1,False,True,True,True,True
train,leaf-classification,dd622d9ce6a375e778366d885dac936b0a0c23a8bf5f07f8bfc18061fa8918ef,7a9f82f22a66d60d6bf01e7d2362bdb75aa0b339cdb8ffcc025c68455be63a14,3,3,True,0,0,0,3,3,3,3,3,3,1,1,1,True,True,True,False,False
train,leaf-classification,e052c530661e368efe06a9f19bee0af15951d68ad862e4ef39c66b3e32507532,bd9d3551c8f6b230885d1b99af6587323b6ce0f7d3d2b25ae7cf640f7956d4d4,3,3,True,0,0,0,3,3,3,3,3,3,1,1,1,True,True,True,False,False
train,leaf-classification,fd62b7911262d1c44ca059fb2a0ff038f66a4a14d9ad719e71d8035d9d1720ca,6f7839bef67156fb63d2464814ac41ff24cbdd0b31ca618ce60dc4b19f80e4b8,5,4,True,1,1,0,6,10,10,6,10,10,2,1,1,False,True,True,True,True
train,leaf-classification,dd622d9ce6a375e778366d885dac936b0a0c23a8bf5f07f8bfc18061fa8918ef,fd0534a6bc84f2d94f93ee79440068409fea12d00d5d1f0cc54d24d7333a0dd6,3,3,True,0,0,0,3,3,3,3,3,3,1,1,1,True,True,True,False,False
train,leaf-classification,e052c530661e368efe06a9f19bee0af15951d68ad862e4ef39c66b3e32507532,44ab9ce32c52a472f202e9ec07b7008f380b4788492bd7076b67cd22faee147d,3,3,True,0,0,0,3,3,3,3,3,3,1,1,1,True,True,True,False,False
train,leaf-classification,b55b57f9ae8ef161f80f8e85ad21eacc9b224a3e745642b165b9828b4fc41291,26506c68241405d43fdb6f253bac845e3e9d411920481c5126af6decea0cedaf,3,3,True,0,0,0,3,3,3,3,3,3,1,1,1,True,True,True,False,False
train,leaf-classification,e052c530661e368efe06a9f19bee0af15951d68ad862e4ef39c66b3e32507532,66d3042fb3e553d0ababaef60dfd9155eb8e9e682de16ad6d534f18b3851352d,3,3,True,0,0,0,3,3,3,3,3,3,1,1,1,True,True,True,False,False
train,leaf-classification,783ccca689247046fafa33b7f2e5fbb3b00c3d2aa9fc5f85331074ed7363660f,48b5c5491802d49cbac3f2dd5625aa0c58751a4216849017d062f36628b9f42e,3,2,True,1,1,0,1,3,3,1,3,3,2,1,1,False,True,True,True,True
train,leaf-classification,b55b57f9ae8ef161f80f8e85ad21eacc9b224a3e745642b165b9828b4fc41291,beaa08360d3938f77aac3c25650d1997fb1f5e1f1a392a7d2f4813b364c1eded,3,3,True,0,0,0,3,3,3,3,3,3,1,1,1,True,True,True,False,False
train,leaf-classification,b55b57f9ae8ef161f80f8e85ad21eacc9b224a3e745642b165b9828b4fc41291,a7f55337782c1c640ef9248c692c909e866583898a8de03cdfa424fd885dd9f6,3,2,True,1,1,0,1,3,3,1,3,3,2,1,1,False,True,True,True,True
train,leaf-classification,202f50abd9b715bc234ec2e7f667634fff73c2bc5cb36fca0cfec4f03c9faf1c,faa84a56bf4401a8fef35e6f62b61e38d70fa4ae3cf49c3aa59a1eae19283671,3,3,True,0,0,0,3,3,3,3,3,3,1,1,1,True,True,True,False,False
train,leaf-classification,b55b57f9ae8ef161f80f8e85ad21eacc9b224a3e745642b165b9828b4fc41291,6b85fc81a2da42c8d184ad41cfc4518036eff6ddb6ac3f29346d82db8643ee80,3,3,True,0,0,0,3,3,3,3,3,3,1,1,1,True,True,True,False,False
train,leaf-classification,e052c530661e368efe06a9f19bee0af15951d68ad862e4ef39c66b3e32507532,37330510e93eeb19e5415bfbce179b3ffb2e6ffb937d72323a4d73510c4b0543,3,3,True,0,0,0,3,3,3,3,3,3,1,1,1,True,True,True,False,False
train,leaf-classification,e052c530661e368efe06a9f19bee0af15951d68ad862e4ef39c66b3e32507532,77783789033da1abdc550a46818f273d53171e6f59ab15eeb5fdfee061ff08c7,3,2,True,1,1,0,1,3,3,1,3,3,2,1,1,False,True,True,True,True
train,leaf-classification,b55b57f9ae8ef161f80f8e85ad21eacc9b224a3e745642b165b9828b4fc41291,a02c82c1c507b451cbdf35754b19b9ff7445a25596b65c6bcdbfce7d2af6dd70,3,2,True,1,1,0,1,3,3,1,3,3,2,1,1,False,True,True,True,True
train,leaf-classification,b55b57f9ae8ef161f80f8e85ad21eacc9b224a3e745642b165b9828b4fc41291,5cdc4381b5b6e44143c1f45d1dfeaf6366e2d78a6b0f48d49984c5895f6bc982,3,3,True,0,0,0,3,3,3,3,3,3,1,1,1,True,True,True,False,False
train,leaf-classification,0ffba87a56645d00156cf63a839cbb0ec1659e7d0b0c99b4f18ae07e06681057,dd9ab9cbee110ea7c549a21084ea5da920780ad664c4c2b502601cf2173cfa35,5,2,True,3,3,0,1,7,7,1,7,7,4,1,1,False,True,True,True,True
train,leaf-classification,2acfaf3f197dd784c7a4f9dcbd8e26a9f9c38425459623114cc59fcd6a4587fd,71fd63a539ea881b288b6dba2adaba4ce11a8716efc51db537d23c66f69da8f1,3,3,True,0,0,0,3,3,3,3,3,3,1,1,1,True,True,True,False,False
train,leaf-classification,86a77376aa282b29714e10299b75a1c2b51ddf89cb5abcdaafd7bb6dcf563712,2cbfccea4f0cc5087dd04dae8d2f1c63370c043e20999a77dfb2085bbf5e39ab,3,3,True,0,0,0,3,3,3,3,3,3,1,1,1,True,True,True,False,False
train,leaf-classification,783ccca689247046fafa33b7f2e5fbb3b00c3d2aa9fc5f85331074ed7363660f,fcb64ec7f84fdc11149d71e754b2bb4fa768c7037a6b0ec26133650b68f446d2,5,3,False,,0,2,3,3,3,3,3,3,,,,False,False,False,False,False
train,leaf-classification,dd622d9ce6a375e778366d885dac936b0a0c23a8bf5f07f8bfc18061fa8918ef,4286af0ed2a3394b6be68b41a2e8fa40e71c49e71df6f4b848970d01ff53d0a2,3,3,True,0,0,0,3,3,3,3,3,3,1,1,1,True,True,True,False,False
train,leaf-classification,b55b57f9ae8ef161f80f8e85ad21eacc9b224a3e745642b165b9828b4fc41291,fd2d455e5f0a50ea08a1bf1acb8552ad2380a8d323888849729dd714fe024389,3,3,True,0,0,0,3,3,3,3,3,3,1,1,1,True,True,True,False,False
train,leaf-classification,dd622d9ce6a375e778366d885dac936b0a0c23a8bf5f07f8bfc18061fa8918ef,3efcd80b14c0cb6f0e31e548d31724af8f7e5c22df91c3227661d7f568f404e2,3,3,True,0,0,0,3,3,3,3,3,3,1,1,1,True,True,True,False,False
train,leaf-classification,86a77376aa282b29714e10299b75a1c2b51ddf89cb5abcdaafd7bb6dcf563712,fd172b58e2b466df81a006e6d09aeeb3d94bf1c03f93ba42918433e83400ac34,3,2,True,1,1,0,1,3,3,1,3,3,2,1,1,False,True,True,True,True
train,leaf-classification,783ccca689247046fafa33b7f2e5fbb3b00c3d2aa9fc5f85331074ed7363660f,528cb0705e26cccee44d912c61c29d68beca67a6252860293f70998ccf1593af,5,3,True,2,2,0,3,9,9,3,9,9,3,1,1,False,True,True,True,True
train,learning-agency-lab-automated-essay-scoring-2,61a194467f1cc92d46ae3627f03a6dec27df60ba21c8e4eb576e8dc7746758a0,d78aa3cef025d28ae833e5449c61349cb9ef462b004f2b8c8a46a7e237c60de6,3,3,True,0,0,0,3,3,3,3,3,3,1,1,1,True,True,True,False,False
train,learning-agency-lab-automated-essay-scoring-2,86742780e08af39e96dd051af7cd0934adfce029992d3229dd248ae8933d84d9,5a5d1a96c3c1fabc41f5ef0274c1fdb3f98ec3aa4f91fd2b1ae92f8ea96348eb,3,2,False,,0,1,1,1,1,1,1,1,,,,False,False,False,False,False
train,learning-agency-lab-automated-essay-scoring-2,86147c0239b4928436e1bff72a27fe1314668e0319c4f22cbd3443e833bc5d2f,c603072fa9e8de876a4b97f3145779b679fbbb87407b55005d1d89741ec0bbe7,2,2,True,0,0,0,1,1,1,1,1,1,1,1,1,True,True,True,False,False
train,learning-agency-lab-automated-essay-scoring-2,484e18733225f6928cc2cc4f8ff90d054039113e1f6a72e17fc9b853c4799064,7a0168f9bdf9fea96025d95270c807fe60fb08ca7f9221d027772593f5201d1a,3,3,True,0,0,0,3,3,3,3,3,3,1,1,1,True,True,True,False,False
train,learning-agency-lab-automated-essay-scoring-2,6c58810c8b6c8cd7c30104ca34b1d6228cf4d3362aa3ee2a101824a8e3fbca48,0655045420e5049cea338a6711f10f9f0f6c69cde6666642d9da455f873bfb3f,3,3,True,0,0,0,3,3,3,3,3,3,1,1,1,True,True,True,False,False
train,learning-agency-lab-automated-essay-scoring-2,86147c0239b4928436e1bff72a27fe1314668e0319c4f22cbd3443e833bc5d2f,ac6fce0907d2483878b0e264bb0fcae323a724bece4b517030c34ea9877fdc9f,2,2,True,0,0,0,1,1,1,1,1,1,1,1,1,True,True,True,False,False
train,learning-agency-lab-automated-essay-scoring-2,b5d78ac2fa1ae9640163db2612f03f6ea14c1ff198b690fee5d0ef631ad8ca51,e9a8158b9cf18b8116013004e0471f964e634f3c31f40c16312e0c329ebda5a0,3,2,False,,0,1,1,1,1,1,1,1,,,,False,False,False,False,False
train,learning-agency-lab-automated-essay-scoring-2,484e18733225f6928cc2cc4f8ff90d054039113e1f6a72e17fc9b853c4799064,5149fc9d1b292e8c8360762523e5de3d9b45497035fd3ea7fef163fa2e4bde1c,3,2,True,1,0,1,1,1,1,1,1,1,2,2,2,False,False,False,False,False
train,learning-agency-lab-automated-essay-scoring-2,b5d78ac2fa1ae9640163db2612f03f6ea14c1ff198b690fee5d0ef631ad8ca51,76928659e7778275d79a6693338f5c74e7d8003640e3028c4e3799a4773ea977,3,2,True,1,0,1,1,1,1,1,1,1,2,2,2,False,False,False,False,False
train,learning-agency-lab-automated-essay-scoring-2,6c58810c8b6c8cd7c30104ca34b1d6228cf4d3362aa3ee2a101824a8e3fbca48,b2de9a03817108b18a7d73c971e4fb36e3334db48d414823093cb6dc0e309beb,3,3,True,0,0,0,3,3,3,3,3,3,1,1,1,True,True,True,False,False
train,learning-agency-lab-automated-essay-scoring-2,3ad23e8338dc45ced3c2a04dd7c1b7207289ed644fc9cfbda37f0f638018f3ec,0136e77575d169b6252544f1661b58847cfbf37dfc1771b7b5b2408e22a82719,3,3,True,0,0,0,3,3,3,3,3,3,1,1,1,True,True,True,False,False
train,learning-agency-lab-automated-essay-scoring-2,6c58810c8b6c8cd7c30104ca34b1d6228cf4d3362aa3ee2a101824a8e3fbca48,172c404b1fe6d7703cf5793d020c82097e328b471b401bed47a9abaf4d7724e4,3,2,True,1,0,1,1,1,1,1,1,1,2,2,2,False,False,False,False,False
train,learning-agency-lab-automated-essay-scoring-2,484e18733225f6928cc2cc4f8ff90d054039113e1f6a72e17fc9b853c4799064,8ccc4e0a6455d477c544f434e15f6dde9c9782478dc3d3ee5c0bda6e14f4d2d8,3,3,True,0,0,0,3,3,3,3,3,3,1,1,1,True,True,True,False,False
train,learning-agency-lab-automated-essay-scoring-2,1e7145dc138a8881ddc5aec001d0a8f208972cab0fd2060c8c9ab06fc45a572f,73013dcd85d6e7bc64798d67a05dd891f55cb107b45f40bd72ee2c6a5e23dc4c,2,2,True,0,0,0,1,1,1,1,1,1,1,1,1,True,True,True,False,False
train,learning-agency-lab-automated-essay-scoring-2,61a194467f1cc92d46ae3627f03a6dec27df60ba21c8e4eb576e8dc7746758a0,5556ad2357a19909d8276e727eec38c65f38e539456e1cb3ff348160d4ed9afa,3,2,True,1,0,1,1,1,1,1,1,1,2,2,2,False,False,False,False,False
train,learning-agency-lab-automated-essay-scoring-2,3ad23e8338dc45ced3c2a04dd7c1b7207289ed644fc9cfbda37f0f638018f3ec,bb5bec853a4efc26dc7df66c37e6e4c329df7eb3052bfec887a46f31527aa729,3,3,True,0,0,0,3,3,3,3,3,3,1,1,1,True,True,True,False,False
train,learning-agency-lab-automated-essay-scoring-2,6c58810c8b6c8cd7c30104ca34b1d6228cf4d3362aa3ee2a101824a8e3fbca48,947820a848641a569662e814e4a6effd441ea93009f5924e744226ad6e82a45c,3,3,True,0,0,0,3,3,3,3,3,3,1,1,1,True,True,True,False,False
train,learning-agency-lab-automated-essay-scoring-2,484e18733225f6928cc2cc4f8ff90d054039113e1f6a72e17fc9b853c4799064,ecbfe90b72fd9efbf594161e416aa5342c1f41602db8d15d46dc6e507370a6f4,3,2,True,1,0,1,1,1,1,1,1,1,2,2,2,False,False,False,False,False
train,learning-agency-lab-automated-essay-scoring-2,81f419bcfbfa3fc574b922859f4942ac8d8abff199f60c3101ec56c30c0b691e,64b5ac5302a1bd62eb898f1287cf7f045a9e7806c4db3f28becd079aca6757fe,3,2,True,1,1,0,1,3,3,1,3,3,2,1,1,False,True,True,True,True
train,learning-agency-lab-automated-essay-scoring-2,61a194467f1cc92d46ae3627f03a6dec27df60ba21c8e4eb576e8dc7746758a0,89a4c7b1405ef354252e56847a4256ca2e742bc6e98798eb486dc0440b54b98e,3,2,True,1,0,1,1,1,1,1,1,1,2,2,2,False,False,False,False,False
train,learning-agency-lab-automated-essay-scoring-2,86742780e08af39e96dd051af7cd0934adfce029992d3229dd248ae8933d84d9,413e3ae8ba72e15697198250e4f8aa0a33021ba67831f5a24a21f4c3bebcfa70,3,3,True,0,0,0,3,3,3,3,3,3,1,1,1,True,True,True,False,False
train,learning-agency-lab-automated-essay-scoring-2,3ad23e8338dc45ced3c2a04dd7c1b7207289ed644fc9cfbda37f0f638018f3ec,22da4782b835a4abf4cb5510226170e3a423910d8b13e70aab75f34f76100e49,3,3,True,0,0,0,3,3,3,3,3,3,1,1,1,True,True,True,False,False
train,learning-agency-lab-automated-essay-scoring-2,86742780e08af39e96dd051af7cd0934adfce029992d3229dd248ae8933d84d9,ba7a98fc5bdc8936a77d716bec8db5345072b1114e6ec99cde497dfef6994993,3,2,True,1,0,1,1,1,1,1,1,1,2,2,2,False,False,False,False,False
train,learning-agency-lab-automated-essay-scoring-2,484e18733225f6928cc2cc4f8ff90d054039113e1f6a72e17fc9b853c4799064,f571f0535549199373147167b4bddd686c12d812c8c6859f59b40564046ced89,3,2,False,,0,1,1,1,1,1,1,1,,,,False,False,False,False,False
train,learning-agency-lab-automated-essay-scoring-2,81f419bcfbfa3fc574b922859f4942ac8d8abff199f60c3101ec56c30c0b691e,1c5ce23950a63e8517f23171f45721d4953505ca2512104e2398c1ae207fca56,3,2,False,,0,1,1,1,1,1,1,1,,,,False,False,False,False,False
train,learning-agency-lab-automated-essay-scoring-2,6c58810c8b6c8cd7c30104ca34b1d6228cf4d3362aa3ee2a101824a8e3fbca48,512db9140c03b141a3eb5b4ac0e889c3caefa94fda6442caf5341736fe811420,3,3,True,0,0,0,3,3,3,3,3,3,1,1,1,True,True,True,False,False
train,learning-agency-lab-automated-essay-scoring-2,b590c85a09fecb3ee36cd7ccf096899d84c2b87dca33e39f417dc07065197f00,46abcf3ad4faa180f3d39182a24c5be57ccc83b65253c03bdf76553aed9b8785,3,2,True,1,1,0,1,3,3,1,3,3,2,1,1,False,True,True,True,True
train,learning-agency-lab-automated-essay-scoring-2,54ed299831e099854168e65db4bd788803623deb949bad70e0f470e0fd3a6141,31f1d2b64935c3cf5233383d81b870222111fcabd73a8d0ce99e07481d34685e,2,2,True,0,0,0,1,1,1,1,1,1,1,1,1,True,True,True,False,False
train,mlsp-2013-birds,82722c504e9741253e986631b7d0655f2d7e6071344bc4ce0589e226b0b46b70,6d5bd0e27a00bb117d178525bc60e29a94d90d3cb7b9e2d187c577d6e0e42b85,5,2,True,3,3,0,1,7,7,1,7,7,4,1,1,False,True,True,True,True
train,mlsp-2013-birds,07b3a618457953a6afdd5646e21f4891cbc52a598b6564ef6c2be4ee01cd1653,b6a281b942bed93c65a2df8f508aad680d8ea653eebbf54916e406924f18bbb0,5,2,True,3,3,0,1,7,7,1,7,7,4,1,1,False,True,True,True,True
train,mlsp-2013-birds,a8adec47556111a56356a6d2294c1a91c6a2e437540dd87575da6b0cf8064297,426fa95d39a819dbf3f6566ea7a9126caa2381b7a5ca474a3ee447466492edd9,5,2,True,3,3,0,1,7,7,1,7,7,4,1,1,False,True,True,True,True
train,mlsp-2013-birds,8563f035d504ed3c304d6aa413d543d8d554faaa0b4ab869927dde970cc1d4c0,910b6f03da79bb579f6f5b2be74dbafccd324f3c112c09fdce95e8cc57e12f32,5,3,True,2,2,0,3,9,9,3,9,9,3,1,1,False,True,True,True,True
train,mlsp-2013-birds,a8adec47556111a56356a6d2294c1a91c6a2e437540dd87575da6b0cf8064297,2eb7f177d93906e5569b8cd4497a0dc1417c1b296ea5d2c8f93b06f8c1ea99da,5,2,True,3,3,0,1,7,7,1,7,7,4,1,1,False,True,True,True,True
train,mlsp-2013-birds,3cb58907d23e544c1edef2cc7f398ca00b509fc098fab392dc58d4b6974eb8dd,02aa903a62eaa0a102b74c4e3cc4f289a22913db887a0cb9ee553caf753999d9,5,5,True,0,0,0,10,10,10,10,10,10,1,1,1,True,True,True,False,False
train,mlsp-2013-birds,230b85332c0301b2615d34746ea9713895628a9413105783bd7fd3f490e929fe,348c8f5eb4902bfe254bafde4ee3eab0085b3c8e74f7b07060493379470b3968,5,2,True,3,3,0,1,7,7,1,7,7,4,1,1,False,True,True,True,True
train,mlsp-2013-birds,8563f035d504ed3c304d6aa413d543d8d554faaa0b4ab869927dde970cc1d4c0,a77378cbb3d8984b9b1b250b3b6f494487db516c3742e22e84818b1e13c5dedb,5,2,True,3,3,0,1,7,7,1,7,7,4,1,1,False,True,True,True,True
train,mlsp-2013-birds,87b6e26c1f0f8caaec0adeac55c220b0f38af39edc8cd7b7f42e16d4ddac8145,e646a1b8366a021895cd29947317a6b4a237a30d22ce6b8a33a3907298499b7e,5,3,True,2,0,2,3,3,3,3,3,3,3,3,3,False,False,False,False,False
train,mlsp-2013-birds,d1697275696be3b7a16678b5f3a56b1976c06a2859c3de766a816f9b5d782860,0fbe3f57707a248f6996920842c8c5d1c077f4826242b0bb79caca6a2bfe5a2e,5,3,True,2,2,0,3,9,9,3,9,9,3,1,1,False,True,True,True,True
train,mlsp-2013-birds,fb679bdfd63e0505d326950cf85f25f2bf61b9db01a09c866d16fd3fbdebb65f,adb51ade90f649b697d0418c9821f8fd23a485e6fa90b4f94e1250dc5a63b043,5,2,True,3,3,0,1,7,3,1,7,3,4,1,3,False,True,False,True,False
train,mlsp-2013-birds,d1697275696be3b7a16678b5f3a56b1976c06a2859c3de766a816f9b5d782860,6c35d5bf0b178c7c50a9ce4d8efe5fed34351209cbe82e4594d3561339d9e6fa,5,2,True,3,3,0,1,7,7,1,7,7,4,1,1,False,True,True,True,True
train,mlsp-2013-birds,7b8a33f04e864a08a4fd06433b2cde10a27801b1ca86762a985796a180a505bc,1383e4eb05e0740cf6b41bcfd8c17d777294d14c91b07d8750848ab445da4a01,5,4,True,1,1,0,6,10,10,6,10,10,2,1,1,False,True,True,True,True
train,mlsp-2013-birds,b4e8f928a997bda1645e58abbaee5c04449052f139890137b144a3caa355d65e,78e84b73526d95ffc85df1b7d1b58e65c87bb564573314690d0c1f5e77529ad2,5,2,True,3,0,3,1,1,1,1,1,1,4,4,4,False,False,False,False,False
train,mlsp-2013-birds,b4e8f928a997bda1645e58abbaee5c04449052f139890137b144a3caa355d65e,95122205751dbdc41331573cee065e4ca0cf6467cf23475627ad47e7c6888376,5,3,True,2,0,2,3,3,3,3,3,3,3,3,3,False,False,False,False,False
train,mlsp-2013-birds,d1697275696be3b7a16678b5f3a56b1976c06a2859c3de766a816f9b5d782860,3037cffc01f8b6633fa0e9727b7aeffbe8c0ae0a7658914998e8bf2ab51a36e6,5,4,True,1,1,0,6,10,10,6,10,10,2,1,1,False,True,True,True,True
train,mlsp-2013-birds,7b8a33f04e864a08a4fd06433b2cde10a27801b1ca86762a985796a180a505bc,448c1f6373a8f0112fead1bcef395ca774cdd694455879f2d3ddb6c58c6b4f86,5,3,True,2,2,0,3,9,9,3,9,9,3,1,1,False,True,True,True,True
train,mlsp-2013-birds,a8adec47556111a56356a6d2294c1a91c6a2e437540dd87575da6b0cf8064297,de4772e9ccc647099fef533f8cd56739a6e52e08ffcc662685639d52a1b7d68a,5,3,True,2,2,0,3,9,9,3,9,9,3,1,1,False,True,True,True,True
train,mlsp-2013-birds,b4e8f928a997bda1645e58abbaee5c04449052f139890137b144a3caa355d65e,87b3c970d00df4abf45675be9bb0d3cd4c3a858947d5367de08c8a6d76f79ac3,5,5,True,0,0,0,10,10,10,10,10,10,1,1,1,True,True,True,False,False
train,mlsp-2013-birds,8563f035d504ed3c304d6aa413d543d8d554faaa0b4ab869927dde970cc1d4c0,62d366dbe3165fb1bdc585aa4e35ad317e11d35d990830d4b097664883ecc3e7,5,4,True,1,1,0,6,10,10,6,10,10,2,1,1,False,True,True,True,True
train,mlsp-2013-birds,a8adec47556111a56356a6d2294c1a91c6a2e437540dd87575da6b0cf8064297,6d59cf2f0305fb2da691cd0117d87b5cda3bf00be706131b91052d73892f1bb4,5,2,True,3,3,0,1,7,7,1,7,7,4,1,1,False,True,True,True,True
train,mlsp-2013-birds,87b6e26c1f0f8caaec0adeac55c220b0f38af39edc8cd7b7f42e16d4ddac8145,ab7dab4061b69ed04052d1c4f39ecf3f521ab185cd41731544c1e813b4612038,5,5,True,0,0,0,10,10,10,10,10,10,1,1,1,True,True,True,False,False
train,mlsp-2013-birds,312f6d6ce729c522bf774b8beb49fd3a9e2a86f6453f76abcbb8989ca9fcc0d0,def17a28cfefad90aa1d3350c791704298001be10b16632b0e1a701e5e1e24ac,3,2,True,1,1,0,1,3,3,1,3,3,2,1,1,False,True,True,True,True
train,mlsp-2013-birds,07b3a618457953a6afdd5646e21f4891cbc52a598b6564ef6c2be4ee01cd1653,1c6583c37825e72522374b5587268a1f5b6d8a24908a288a6e58662e34f0b7a7,5,4,True,1,1,0,6,10,10,6,10,10,2,1,1,False,True,True,True,True
train,mlsp-2013-birds,7bc2f0603b7d70262bf798e24b731cc13fb3bbf10ec3c28d03c8c32187e2d046,6c18bb8b68f555aecf2f386fe5c0683a059071903982ccca40cc7d19e61408f5,3,2,True,1,1,0,1,3,3,1,3,3,2,1,1,False,True,True,True,True
train,mlsp-2013-birds,9788eae3f7b33a2f568cb7f0fdcde2b73fc9926d4ca777202da284c8ef0af8b9,28c3b496998e3fee9498a7502a74be30b2dd163075d16b2c350970c1f1c39b32,3,2,True,1,1,0,1,3,3,1,3,3,2,1,1,False,True,True,True,True
train,mlsp-2013-birds,82722c504e9741253e986631b7d0655f2d7e6071344bc4ce0589e226b0b46b70,027dffc101856c6a43a4d7efe222604982ae944674514e07b060887166677239,5,3,True,2,2,0,3,9,9,3,9,9,3,1,1,False,True,True,True,True
train,mlsp-2013-birds,87b6e26c1f0f8caaec0adeac55c220b0f38af39edc8cd7b7f42e16d4ddac8145,b17d3870f45c5c838e4a3a3881dbbc88a49fa8a47e44a829d3620a2d02396d09,5,2,True,3,0,3,1,1,1,1,1,1,4,4,4,False,False,False,False,False
train,mlsp-2013-birds,b4e8f928a997bda1645e58abbaee5c04449052f139890137b144a3caa355d65e,42d331549afa0189a0a37ae6fb944c87d3503081891f817bbec369fe04ee6db0,5,2,True,3,0,3,1,1,1,1,1,1,4,4,4,False,False,False,False,False
train,mlsp-2013-birds,a8adec47556111a56356a6d2294c1a91c6a2e437540dd87575da6b0cf8064297,7ab489c947af407599c8d3973d5bc2c046ecdfd3d8a607f49faab999c247239a,5,2,True,3,3,0,1,7,7,1,7,7,4,1,1,False,True,True,True,True
train,mlsp-2013-birds,7b8a33f04e864a08a4fd06433b2cde10a27801b1ca86762a985796a180a505bc,5e853b6cbaf03c8e7241eb44f025d93841f3ad06a4a8443fc9dedda1bb01ccaf,5,4,True,1,1,0,6,10,10,6,10,10,2,1,1,False,True,True,True,True
train,mlsp-2013-birds,07b3a618457953a6afdd5646e21f4891cbc52a598b6564ef6c2be4ee01cd1653,a5a2141899e35e73d5e5bc5673024d06f6710ef7f52a2d079e3df94e248ec27f,5,3,True,2,2,0,3,9,9,3,9,9,3,1,1,False,True,True,True,True
train,mlsp-2013-birds,f1975fbd01be0d2746fc3b2f6cfba99b9b8e195f585bcd163da259541f735d0b,dc3233a2274dd1012e448f45ec84141b2c13c558b2e65d8e3ef14a154b4f1747,5,4,True,1,0,1,6,6,6,6,6,6,2,2,2,False,False,False,False,False
train,mlsp-2013-birds,f1975fbd01be0d2746fc3b2f6cfba99b9b8e195f585bcd163da259541f735d0b,2769a36ac340d27997679de9e81693f83aca69cd6a2a39964f82e5288e2d5f6e,5,2,False,,0,3,1,1,1,1,1,1,,,,False,False,False,False,False
train,mlsp-2013-birds,fb679bdfd63e0505d326950cf85f25f2bf61b9db01a09c866d16fd3fbdebb65f,bca49a591d269eae296f84ef8965ade93f184e03e1985e9f3ee652ccbf6c6d12,5,3,True,2,2,0,3,9,9,3,9,9,3,1,1,False,True,True,True,True
train,mlsp-2013-birds,fb679bdfd63e0505d326950cf85f25f2bf61b9db01a09c866d16fd3fbdebb65f,74d882f5e18758d3e16156db90b574f6f0e56da22336cf99760dc956787607b6,5,2,True,3,3,0,1,7,7,1,7,7,4,1,1,False,True,True,True,True
train,mlsp-2013-birds,a8adec47556111a56356a6d2294c1a91c6a2e437540dd87575da6b0cf8064297,e7fbbf4bfb4d3cd7b4ad6daac56ec739f445a23dfe04e56463d3b5ff44ecb58f,5,3,True,2,2,0,3,9,9,3,9,9,3,1,1,False,True,True,True,True
train,mlsp-2013-birds,87b6e26c1f0f8caaec0adeac55c220b0f38af39edc8cd7b7f42e16d4ddac8145,0694121e2c7baf9a863c2bf66ca5c5c3a6903a73f514ad502caeb55114406c32,5,3,True,2,0,2,3,3,3,3,3,3,3,3,3,False,False,False,False,False
train,mlsp-2013-birds,f1975fbd01be0d2746fc3b2f6cfba99b9b8e195f585bcd163da259541f735d0b,b88b3bad170d5f44ffde6e9e1258fa86c861e2b35e20f479925c7788bcc8b5d0,5,4,True,1,0,1,6,6,6,6,6,6,2,2,2,False,False,False,False,False
train,mlsp-2013-birds,7b8a33f04e864a08a4fd06433b2cde10a27801b1ca86762a985796a180a505bc,711b3484c693cd99f53534f4fc9887f49a9af200ff3e6a9d4b05e0d329513714,5,2,True,3,3,0,1,7,7,1,7,7,4,1,1,False,True,True,True,True
train,mlsp-2013-birds,b4e8f928a997bda1645e58abbaee5c04449052f139890137b144a3caa355d65e,daabf176fb567bb4d224c87215dc9b5e1d408e6b872837ae3bb6376e07d751bb,5,3,False,,0,2,3,3,3,3,3,3,,,,False,False,False,False,False
train,mlsp-2013-birds,f1975fbd01be0d2746fc3b2f6cfba99b9b8e195f585bcd163da259541f735d0b,d2891cbfee8972b33ee31923378da5aa923aaa534fa162ec18b168ad8c633761,5,4,True,1,0,1,6,6,6,6,6,6,2,2,2,False,False,False,False,False
train,mlsp-2013-birds,3cb58907d23e544c1edef2cc7f398ca00b509fc098fab392dc58d4b6974eb8dd,18df950944489eb1d96c97c92d85d1c3d8e4016cf68ff0b83f71ad30759acded,5,2,True,3,3,0,1,7,7,1,7,7,4,1,1,False,True,True,True,True
train,mlsp-2013-birds,3cb58907d23e544c1edef2cc7f398ca00b509fc098fab392dc58d4b6974eb8dd,cdb5571c939c1f1d6f1307bd78ce256349e26e660752055701ffe6a89cc2246f,5,3,True,2,2,0,3,9,9,3,9,9,3,1,1,False,True,True,True,True
train,mlsp-2013-birds,3cb58907d23e544c1edef2cc7f398ca00b509fc098fab392dc58d4b6974eb8dd,7f4b09bf50dc0f306ad7e171d5bff3a76cb2187dbee1180f2b451d764be5ba77,5,3,True,2,2,0,3,9,9,3,9,9,3,1,1,False,True,True,True,True
train,mlsp-2013-birds,07b3a618457953a6afdd5646e21f4891cbc52a598b6564ef6c2be4ee01cd1653,2581a8e4e98b35457e5f8bd7456072614247ea3fe9afca7d63b3534bcd5f2f43,5,2,True,3,3,0,1,7,7,1,7,7,4,1,1,False,True,True,True,True
train,mlsp-2013-birds,314633389619840808a85666d88cf8b3c77eae654c99ce503ec2df0635490b7a,c5bfda9d2542714d7c8c1154f615bf9f9aaf070e7451a38ec14072cea8554020,3,2,True,1,1,0,1,3,3,1,3,3,2,1,1,False,True,True,True,True
train,mlsp-2013-birds,7b8a33f04e864a08a4fd06433b2cde10a27801b1ca86762a985796a180a505bc,190bf23af1e6118f1816f8f2bfa8dd3221ceb532b263cca80bb4a8bc1f5a8921,5,4,True,1,1,0,6,10,10,6,10,10,2,1,1,False,True,True,True,True
train,mlsp-2013-birds,87b6e26c1f0f8caaec0adeac55c220b0f38af39edc8cd7b7f42e16d4ddac8145,0c2ad61cd4bfcedfa5d3aebdfc4876f6c05ce94d8f15c1ab792bb430760f3aa3,5,2,True,3,0,3,1,1,1,1,1,1,4,4,4,False,False,False,False,False
train,mlsp-2013-birds,b4e8f928a997bda1645e58abbaee5c04449052f139890137b144a3caa355d65e,724b5f0a1d7582d1ef3adc81733a625184f497eabc55697a3a73df5add02f15a,5,5,True,0,0,0,10,10,10,10,10,10,1,1,1,True,True,True,False,False
train,mlsp-2013-birds,9788eae3f7b33a2f568cb7f0fdcde2b73fc9926d4ca777202da284c8ef0af8b9,6960306c4c30249b09af7eeb9dd385b3119d9967aa79cc2f65fb976022f95adb,3,2,True,1,1,0,1,3,3,1,3,3,2,1,1,False,True,True,True,True
train,mlsp-2013-birds,3cb58907d23e544c1edef2cc7f398ca00b509fc098fab392dc58d4b6974eb8dd,85c0c7ccef38469e8e56d834dbcd42e7c258d9c96b97bfdb7682d7c3969f326f,5,3,True,2,2,0,3,9,9,3,9,9,3,1,1,False,True,True,True,True
train,mlsp-2013-birds,9ec5cd1a3e95230c1fd98e90e64a9cc4268de2a25869c5eb27b36215e3077fbc,bae030fdb14973d2fc7a5b177c304ddeadd917ff0d5ec6ce47bd9b6ed1877e0f,3,2,True,1,0,1,1,1,1,1,1,1,2,2,2,False,False,False,False,False
train,mlsp-2013-birds,d1697275696be3b7a16678b5f3a56b1976c06a2859c3de766a816f9b5d782860,93f2edaf1e3d4c0f4017221411a7affa3564cf56ac35c13363ac5d2b19051892,5,3,True,2,2,0,3,9,9,3,9,9,3,1,1,False,True,True,True,True
train,mlsp-2013-birds,f1975fbd01be0d2746fc3b2f6cfba99b9b8e195f585bcd163da259541f735d0b,f9bd837f718c6d681c799ad93727f23ef1948e1ffd217b0960d97c58c0fae2dc,5,3,True,2,0,2,3,3,3,3,3,3,3,3,3,False,False,False,False,False
train,mlsp-2013-birds,b4e8f928a997bda1645e58abbaee5c04449052f139890137b144a3caa355d65e,c4c87beb69f7979beb7696a443b77741225ccce86e299a198979c235894fad98,5,2,True,3,0,3,1,1,1,1,1,1,4,4,4,False,False,False,False,False
train,mlsp-2013-birds,82722c504e9741253e986631b7d0655f2d7e6071344bc4ce0589e226b0b46b70,d5d4ddba9686e731ba40b62d70cb2aa8e429a2673f849dc3d3832ca6f5e9a298,5,4,True,1,1,0,6,10,10,6,10,10,2,1,1,False,True,True,True,True
train,mlsp-2013-birds,f1975fbd01be0d2746fc3b2f6cfba99b9b8e195f585bcd163da259541f735d0b,196c8d0edc5bfcae4dd90f5f0cb8c22d8747343ebb1c0ca539bb624aae8110db,5,2,True,3,0,3,1,1,1,1,1,1,4,4,4,False,False,False,False,False
train,mlsp-2013-birds,a8adec47556111a56356a6d2294c1a91c6a2e437540dd87575da6b0cf8064297,036e02d4e0088ca0f9441056232c1d28535e0cc02661d1bb5c9f9868de95c508,5,4,True,1,1,0,6,10,10,6,10,10,2,1,1,False,True,True,True,True
train,mlsp-2013-birds,230b85332c0301b2615d34746ea9713895628a9413105783bd7fd3f490e929fe,b6f598a090e5c012340380b3230c3d68d2486ef63fb4562ec7b48a4fa80757b0,5,2,True,3,3,0,1,7,7,1,7,7,4,1,1,False,True,True,True,True
train,mlsp-2013-birds,a8adec47556111a56356a6d2294c1a91c6a2e437540dd87575da6b0cf8064297,f3fcaa239473664d3685c8f2197a6b48f7cd059b32e9a98ed3fcc573b8cd36e9,5,2,True,3,3,0,1,7,7,1,7,7,4,1,1,False,True,True,True,True
train,mlsp-2013-birds,a8adec47556111a56356a6d2294c1a91c6a2e437540dd87575da6b0cf8064297,9afb0de8cf9e09126744afe953db4bbcb2941cf9f8159117edf79a939c9e2ee9,5,2,True,3,3,0,1,7,7,1,7,7,4,1,1,False,True,True,True,True
train,mlsp-2013-birds,f1975fbd01be0d2746fc3b2f6cfba99b9b8e195f585bcd163da259541f735d0b,52398b245e83ad8a54d0ccc7b6286359f8a05c89dedbb9897c78a594ae571195,5,4,True,1,0,1,6,6,6,6,6,6,2,2,2,False,False,False,False,False
train,mlsp-2013-birds,b4e8f928a997bda1645e58abbaee5c04449052f139890137b144a3caa355d65e,baf6b1a4dafc2292bdb0f2a0c418b44e9e79b83d71a509de9c61cc013f239998,5,2,True,3,0,3,1,1,1,1,1,1,4,4,4,False,False,False,False,False
train,mlsp-2013-birds,82722c504e9741253e986631b7d0655f2d7e6071344bc4ce0589e226b0b46b70,a6af8c4a934ada2f26f713c9563175986c1ca5b5bcc2b98021549fb975dd1ba8,5,4,True,1,1,0,6,10,10,6,10,10,2,1,1,False,True,True,True,True
train,mlsp-2013-birds,3cb58907d23e544c1edef2cc7f398ca00b509fc098fab392dc58d4b6974eb8dd,948329a723e037ae57a0d5a40fac732d33441648a31f7ea97b4ace97fac6e05e,5,2,True,3,3,0,1,7,7,1,7,7,4,1,1,False,True,True,True,True
train,mlsp-2013-birds,82722c504e9741253e986631b7d0655f2d7e6071344bc4ce0589e226b0b46b70,8ba15ad9cf13a030ea4d7043e6367ae0adbb588bb59c96914d9232888e55992d,5,2,True,3,3,0,1,7,7,1,7,7,4,1,1,False,True,True,True,True
train,mlsp-2013-birds,7b8a33f04e864a08a4fd06433b2cde10a27801b1ca86762a985796a180a505bc,ee43f4777b8ddce1d9d15242538246a22068301ca057a3a687d76353a877ae09,5,3,True,2,2,0,3,9,9,3,9,9,3,1,1,False,True,True,True,True
train,mlsp-2013-birds,3cb58907d23e544c1edef2cc7f398ca00b509fc098fab392dc58d4b6974eb8dd,5ae820bdae22cf4131c1e616dcbf1d6c8cab5b3426be84969a5b74f5e55b6378,5,2,True,3,3,0,1,7,7,1,7,7,4,1,1,False,True,True,True,True
train,mlsp-2013-birds,f1975fbd01be0d2746fc3b2f6cfba99b9b8e195f585bcd163da259541f735d0b,6896c57e4e6c89a28ddfb038e0d060bb49c730e2b947902705e2659ddc2913f8,5,2,True,3,0,3,1,1,1,1,1,1,4,4,4,False,False,False,False,False
train,mlsp-2013-birds,fb679bdfd63e0505d326950cf85f25f2bf61b9db01a09c866d16fd3fbdebb65f,218c7566d8504f7ed1ea341cdf37dfd4fefe577c6b54ad6296b4921a6dd7b50f,5,2,True,3,3,0,1,7,7,1,7,7,4,1,1,False,True,True,True,True
train,mlsp-2013-birds,b4e8f928a997bda1645e58abbaee5c04449052f139890137b144a3caa355d65e,cd8473ecc4c2bc97246a9d923ac80909904505b68c869c0f62e994dd5ffdd7d9,5,4,True,1,0,1,6,6,6,6,6,6,2,2,2,False,False,False,False,False
train,mlsp-2013-birds,0b35127f08fe90a06492596c1e98a8599321c92abaf63aabe9ccf5549f1171d0,0c4093d25fa42bfa3afc69e8d953b9f8fb00b9f7b41cbc0fd4e953f06d56ea0f,3,2,True,1,1,0,1,3,3,1,3,3,2,1,1,False,True,True,True,True
train,mlsp-2013-birds,3cb58907d23e544c1edef2cc7f398ca00b509fc098fab392dc58d4b6974eb8dd,62318932b1e02ad90d63488cd21a0cdea69a5beccf32c4f50c7cd0f4584617bb,5,5,True,0,0,0,10,10,10,10,10,10,1,1,1,True,True,True,False,False
train,mlsp-2013-birds,3cb58907d23e544c1edef2cc7f398ca00b509fc098fab392dc58d4b6974eb8dd,ce8d64d7f9fa68e8948225641e2f7f7898356205f4f31d92faaa841098939910,5,3,True,2,2,0,3,9,9,3,9,9,3,1,1,False,True,True,True,True
train,mlsp-2013-birds,230b85332c0301b2615d34746ea9713895628a9413105783bd7fd3f490e929fe,1808c3af2450cc3620d5f86cec4f86ba1ac8c777fc496c9cc44fffefab903405,5,3,True,2,2,0,3,9,9,3,9,9,3,1,1,False,True,True,True,True
train,mlsp-2013-birds,b4e8f928a997bda1645e58abbaee5c04449052f139890137b144a3caa355d65e,057f6eca0750dfd4718203b87ee3f9f22564f20aa8347d0a211bbc6da79fa6eb,5,4,True,1,0,1,6,6,6,6,6,6,2,2,2,False,False,False,False,False
train,mlsp-2013-birds,7b8a33f04e864a08a4fd06433b2cde10a27801b1ca86762a985796a180a505bc,3b997f7423e124c99cea15785fc22c6dbb5fa3ca93d4516e5dadf033ee2db9b7,5,2,True,3,3,0,1,7,5,1,7,5,4,1,2,False,True,False,True,False
train,mlsp-2013-birds,87b6e26c1f0f8caaec0adeac55c220b0f38af39edc8cd7b7f42e16d4ddac8145,d183f331c2322d84007100f805e7595d84700fa2252dfde855baed3f69d32c59,5,3,False,,0,2,3,3,3,3,3,3,,,,False,False,False,False,False
train,mlsp-2013-birds,82722c504e9741253e986631b7d0655f2d7e6071344bc4ce0589e226b0b46b70,f33ded8545d8d85dbea8ffa02e199e946e9f9e36b588a8d55ef418b76117ace1,5,2,True,3,3,0,1,7,7,1,7,7,4,1,1,False,True,True,True,True
train,mlsp-2013-birds,62ae98132bcba778f7a8d45f7032d7b647244d479768ab14402e70b4c8729348,e1ec06a3c85af48043db1f2c4111e599a7877755b04adcba6efc0d5e14060466,5,2,True,3,3,0,1,7,7,1,7,7,4,1,1,False,True,True,True,True
train,mlsp-2013-birds,079dba17792a8dcc25c7ab34971ae9940e8a46341381a1fe471d01e4d632462a,70c383b90d3bf521f6567618b24385ffc559e4dad7587f8b6e3a665cf869c3e6,3,2,True,1,0,1,1,1,1,1,1,1,2,2,2,False,False,False,False,False
train,mlsp-2013-birds,fb679bdfd63e0505d326950cf85f25f2bf61b9db01a09c866d16fd3fbdebb65f,486956a35e5577a16a72385e5d6ad03f6b5633123e7fb38297dc3854cebfd693,5,2,True,3,3,0,1,7,7,1,7,7,4,1,1,False,True,True,True,True
train,mlsp-2013-birds,3cb58907d23e544c1edef2cc7f398ca00b509fc098fab392dc58d4b6974eb8dd,4dca71ec48b87a6bcfe8a9f1d8b0d17581137c196f4ebb3e7562020c7a55631c,5,5,True,0,0,0,10,10,10,10,10,10,1,1,1,True,True,True,False,False
train,mlsp-2013-birds,7b8a33f04e864a08a4fd06433b2cde10a27801b1ca86762a985796a180a505bc,96723700676d0bf9c16efa112f39aa8f3e6e6928545037809162b67af649201d,5,2,True,3,3,0,1,7,7,1,7,7,4,1,1,False,True,True,True,True
train,mlsp-2013-birds,fb679bdfd63e0505d326950cf85f25f2bf61b9db01a09c866d16fd3fbdebb65f,fc22e4769f6df51e540b944588c1d6cf9886b322cc93840e1294f137652d26dc,5,2,True,3,3,0,1,7,7,1,7,7,4,1,1,False,True,True,True,True
train,nomad2018-predict-transparent-conductors,6c80e95ff74f4d56de1bb0625320162cdfee03598405b19d6455753ab80f8950,63e4389674ee4148b267c45d3ea26394972af28db685826a3a6d75a1948dae27,5,3,True,2,2,0,3,9,9,3,9,9,3,1,1,False,True,True,True,True
train,nomad2018-predict-transparent-conductors,c209e0b34152a6d3555b8bc673de66230dcd0a957631b1fbd3478a5d06d67b29,0e9bc240378809f53d3ba980f0ebfad128e35af48913d475603e5e7731945300,5,3,True,2,2,0,3,9,9,3,9,9,3,1,1,False,True,True,True,True
train,nomad2018-predict-transparent-conductors,6c80e95ff74f4d56de1bb0625320162cdfee03598405b19d6455753ab80f8950,7ee2c8495196a842d49fda0175d1f0906d4b7350c54456e9695ac4e9e4467742,5,5,True,0,0,0,10,10,10,10,10,10,1,1,1,True,True,True,False,False
train,nomad2018-predict-transparent-conductors,ef24e35cc812dfe4075f55208dbbdb3a4cd16a5dadfca06d45a4d25a9a71232a,2db8f09cbc259707e92d4d08d0aa22459ed25a9745ca8bfd1ecbb15c473fbe8e,5,3,True,2,2,0,3,9,9,3,9,9,3,1,1,False,True,True,True,True
train,nomad2018-predict-transparent-conductors,1691aeef5457df2e12ff7db74c43230f49eb65d37567e304f4688132492e3cd9,063c730bb24fdf181a2c91568d0cc451c813104ce4e1b75cc3244b544a9e825a,2,2,True,0,0,0,1,1,1,1,1,1,1,1,1,True,True,True,False,False
train,nomad2018-predict-transparent-conductors,78ecf6b611fb02bd86a59fb4770bc5fad6b6f337da78b0aab1216364d9fda074,a306fc9e38f83c2ef513072e2f47675aa7a4a1ee1b805a709a731f5115177b61,5,4,True,1,1,0,6,10,10,6,10,10,2,1,1,False,True,True,True,True
train,nomad2018-predict-transparent-conductors,78ecf6b611fb02bd86a59fb4770bc5fad6b6f337da78b0aab1216364d9fda074,ad1c2f3e9acb1655719847c97ea0f9ac759ebd3273875c563fe6f33d5f938ba8,5,3,True,2,2,0,3,9,9,3,9,9,3,1,1,False,True,True,True,True
train,nomad2018-predict-transparent-conductors,03436ec07b02af1724456db45caa7b00f5e2106474c37e3043f072b7dd14c98c,6011b8d0a273756de978cc42cf7c4c0587477d196fc20da128b9677ef0b87b6a,5,2,True,3,3,0,1,7,7,1,7,7,4,1,1,False,True,True,True,True
train,nomad2018-predict-transparent-conductors,78ecf6b611fb02bd86a59fb4770bc5fad6b6f337da78b0aab1216364d9fda074,e3dc6b6a20a07e176a3a537b4bb0add5d927a86ee063ee13063933e59931e09c,5,4,True,1,1,0,6,10,10,6,10,10,2,1,1,False,True,True,True,True
train,nomad2018-predict-transparent-conductors,6c80e95ff74f4d56de1bb0625320162cdfee03598405b19d6455753ab80f8950,a4a8ebd624d1a2af9bed20ef48a36afb2b8ea7b0af962ad6e9c7bb3caca3bbb3,5,3,True,2,2,0,3,9,9,3,9,9,3,1,1,False,True,True,True,True
train,nomad2018-predict-transparent-conductors,f083462f725d22c171697eab69ef06df8e71c864f2c04d75ca67f5ccc4258760,f4860b313121474caa1bb00f38e46e4ba0be1e8422ed00e305fd5c5a5f12b79c,5,2,True,3,3,0,1,7,7,1,7,7,4,1,1,False,True,True,True,True
train,nomad2018-predict-transparent-conductors,c3917ba05f760355ac91acf73e379c335f452b3d1510995a45fd1449d4111593,4390dc41b951f5d9de9f0f59f07ee7af332ec738690ec522732695ee2310753c,5,2,True,3,3,0,1,7,7,1,7,7,4,1,1,False,True,True,True,True
train,nomad2018-predict-transparent-conductors,e24702f26f6f06f173d03d3e8e805f8e2d241fa06dc68ea2a0264fd4023767c1,e6660e9f0f39933e32c412db94f8563b104b92d63bff1ec7547eb67611d41a71,5,2,True,3,3,0,1,7,7,1,7,7,4,1,1,False,True,True,True,True
train,nomad2018-predict-transparent-conductors,78ecf6b611fb02bd86a59fb4770bc5fad6b6f337da78b0aab1216364d9fda074,409ca2402d6f96317a3e5bdc13df1759e481f3560925cfbe9c1185e7e3eaa429,5,3,True,2,2,0,3,9,9,3,9,9,3,1,1,False,True,True,True,True
train,nomad2018-predict-transparent-conductors,cfa7a0fc02a9f77ddb9ce0eb5702a1a2d0c4516b817fce5862c016f6ebd88c0c,ba51a53011de6db1406026b3e2988c8fd5c673c4759a0ef4b51ce4ad9a875d74,5,3,True,2,0,2,3,3,3,3,3,3,3,3,3,False,False,False,False,False
train,nomad2018-predict-transparent-conductors,6c80e95ff74f4d56de1bb0625320162cdfee03598405b19d6455753ab80f8950,c0b147f922463eab5cddd2b297b807fc15762868f11de28f42f70ed1cf072054,5,4,True,1,1,0,6,10,10,6,10,10,2,1,1,False,True,True,True,True
train,nomad2018-predict-transparent-conductors,c3917ba05f760355ac91acf73e379c335f452b3d1510995a45fd1449d4111593,69b713d9f1a27ae3878fecd4cf8cbc7cd5956aeb4aedfc1774dc5c59e7c64cad,5,2,True,3,3,0,1,7,7,1,7,7,4,1,1,False,True,True,True,True
train,nomad2018-predict-transparent-conductors,c209e0b34152a6d3555b8bc673de66230dcd0a957631b1fbd3478a5d06d67b29,68fc18155d1b1d9c7eb29eaefbc9a89d98adb145e5466285f9913e194aeebf6b,5,2,True,3,3,0,1,7,7,1,7,7,4,1,1,False,True,True,True,True
train,nomad2018-predict-transparent-conductors,1691aeef5457df2e12ff7db74c43230f49eb65d37567e304f4688132492e3cd9,3270419621607f50ba219d0b0727a797583193f20dbba91ee0c1c201f9f20d1f,2,2,True,0,0,0,1,1,1,1,1,1,1,1,1,True,True,True,False,False
train,nomad2018-predict-transparent-conductors,cb261e0a47507fe0fa1566e89917b0aedbe5b23f833a4ff06538c416a9586217,9b92100fcb488ebdd104d5b40a2d31889caa1341cbe4a01f33cd037cb61038da,5,2,False,,0,3,1,1,1,1,1,1,,,,False,False,False,False,False
train,nomad2018-predict-transparent-conductors,03436ec07b02af1724456db45caa7b00f5e2106474c37e3043f072b7dd14c98c,fa79bf935ec86902de057792c9c7e16c72f6ec8a2d40977d7abf94d395827bde,5,3,True,2,2,0,2,8,8,2,8,8,3,1,1,False,True,True,True,True
train,nomad2018-predict-transparent-conductors,6c80e95ff74f4d56de1bb0625320162cdfee03598405b19d6455753ab80f8950,0dc8f1f378171f4232cd3d49156b6c07978cf3c4e303e307987bcc88e175a414,5,3,True,2,2,0,3,9,9,3,9,9,3,1,1,False,True,True,True,True
train,nomad2018-predict-transparent-conductors,b2e09cbe31d19d1eb16de55f9a4ad29c2f9b563f4ae9e27db3b78c6335cc1f8a,0c57ef20bd86eaa5a03a2abea8021e69b56dcd3e7bfed425d1e01566fdefd838,5,2,True,3,3,0,1,7,7,1,7,7,4,1,1,False,True,True,True,True
train,nomad2018-predict-transparent-conductors,ef24e35cc812dfe4075f55208dbbdb3a4cd16a5dadfca06d45a4d25a9a71232a,904242a590c87a93cdc9de3c3aa389981de3ee7741c0bbccbce3822f45923097,5,4,True,1,1,0,6,10,10,6,10,10,2,1,1,False,True,True,True,True
train,nomad2018-predict-transparent-conductors,b2e09cbe31d19d1eb16de55f9a4ad29c2f9b563f4ae9e27db3b78c6335cc1f8a,747b84ddc492534b1840dbccb898eea580de4254f0ce578ff200ee0fc07c150d,5,2,True,3,3,0,1,7,7,1,7,7,4,1,1,False,True,True,True,True
train,nomad2018-predict-transparent-conductors,f083462f725d22c171697eab69ef06df8e71c864f2c04d75ca67f5ccc4258760,a88d201bc105721a7a761118c427a2199626c3f1d1b4b641ccb4d207b34060d1,5,3,True,2,2,0,3,9,9,3,9,9,3,1,1,False,True,True,True,True
train,nomad2018-predict-transparent-conductors,31f7902a9e9aebb9ab6725d1fa41f1b688e4ea6c05d0274a2f582eacda8e9d46,cb38873e575bb76d302fba5587c7bc49348cf181f33c58d95d3a7b2e4c0b2e5f,5,4,True,1,0,1,6,6,6,6,6,6,2,2,2,False,False,False,False,False
train,nomad2018-predict-transparent-conductors,6c80e95ff74f4d56de1bb0625320162cdfee03598405b19d6455753ab80f8950,9589293ce491f77fe1879d5a46ca92cf0222a2b4d6bed7cf116c12ef854247fc,5,4,True,1,1,0,6,10,10,6,10,10,2,1,1,False,True,True,True,True
train,nomad2018-predict-transparent-conductors,ef24e35cc812dfe4075f55208dbbdb3a4cd16a5dadfca06d45a4d25a9a71232a,49a4bf668fb82f12c3d12a4a7fb7b5e73c5f0b73718aedb28b3ec7a244494ca9,5,2,True,3,3,0,1,7,7,1,7,7,4,1,1,False,True,True,True,True
train,nomad2018-predict-transparent-conductors,f6686100b5eb9dba0970f7db6b89e6cf722dff5708a159b0c352f73fc699151e,0a8dbd0cfb73ce7a4e798738335d1d499f58bc045789c991378841d8e81b3e21,5,2,True,3,3,0,1,7,7,1,7,7,4,1,1,False,True,True,True,True
train,nomad2018-predict-transparent-conductors,03436ec07b02af1724456db45caa7b00f5e2106474c37e3043f072b7dd14c98c,61255ff8c35688fa21376d31977eb0d0ccd7a82afa3e76ad24b421f512fa1f24,5,4,True,1,1,0,6,10,10,6,10,10,2,1,1,False,True,True,True,True
train,nomad2018-predict-transparent-conductors,6c80e95ff74f4d56de1bb0625320162cdfee03598405b19d6455753ab80f8950,62bee1ba5e1a895b9752cd00096fd854668dd93ffb13e5cc36a28baad374a96c,5,3,True,2,2,0,3,9,9,3,9,9,3,1,1,False,True,True,True,True
train,nomad2018-predict-transparent-conductors,b2e09cbe31d19d1eb16de55f9a4ad29c2f9b563f4ae9e27db3b78c6335cc1f8a,b2e0a6368909c1413f3a8949a6180ced84cf81c588c407ed02666a90e9455f22,5,3,True,2,2,0,2,8,8,2,8,8,4,2,2,False,False,False,False,False
train,nomad2018-predict-transparent-conductors,6c80e95ff74f4d56de1bb0625320162cdfee03598405b19d6455753ab80f8950,d0d64f929fb1ac8c5c58b4cf0e0f6961ae100fe8dba9433c6f905d9117af0dc7,5,5,True,0,0,0,10,10,10,10,10,10,1,1,1,True,True,True,False,False
train,nomad2018-predict-transparent-conductors,78ecf6b611fb02bd86a59fb4770bc5fad6b6f337da78b0aab1216364d9fda074,94942cf3e0bc7547dd3c74df59173a0b1b02c2c66c4ef4224c6700d69115976d,5,3,True,2,2,0,3,9,9,3,9,9,3,1,1,False,True,True,True,True
train,nomad2018-predict-transparent-conductors,1ac0dc97dd80a5fb1b2c5a5babd3cf023f6092c79e919715290fdc51999afd56,1678d9851794548ecbc8f3de2625ab41b9dca70d56365c62097cb22714a33eb8,5,3,True,2,2,0,3,9,9,3,9,9,3,1,1,False,True,True,True,True
train,nomad2018-predict-transparent-conductors,31f7902a9e9aebb9ab6725d1fa41f1b688e4ea6c05d0274a2f582eacda8e9d46,de25c7f1377ca8ac376f3343a3c901d9207dbe33e89b048cf1873aef68d7a204,5,2,True,3,0,3,1,1,1,1,1,1,4,4,4,False,False,False,False,False
train,nomad2018-predict-transparent-conductors,2ab38d3b56478daaaf332d53bcdf6c70533525306bd1130b3e5376a93bbdf312,f49457e41f24f88c173a6f105d18183d081c7fa68f0db5d26e068f641b018146,5,4,True,1,0,1,6,6,6,6,6,6,2,2,2,False,False,False,False,False
train,nomad2018-predict-transparent-conductors,b2e09cbe31d19d1eb16de55f9a4ad29c2f9b563f4ae9e27db3b78c6335cc1f8a,c32e783d5966ac1505d22285eca0947303f8dea77237330cfd8d192d26867c0f,5,5,True,0,0,0,10,10,10,10,10,10,1,1,1,True,True,True,False,False
train,nomad2018-predict-transparent-conductors,6c80e95ff74f4d56de1bb0625320162cdfee03598405b19d6455753ab80f8950,cc501ca96700db9bb115bffa85634de05f5e5d0864bb3d388fe8899c5ae43681,5,2,True,3,3,0,1,7,7,1,7,7,4,1,1,False,True,True,True,True
train,nomad2018-predict-transparent-conductors,1691aeef5457df2e12ff7db74c43230f49eb65d37567e304f4688132492e3cd9,96de7069c173b8f62bff921e89a1201d87cd214de8b1c4d08df46182d1589cb4,2,2,True,0,0,0,1,1,1,1,1,1,1,1,1,True,True,True,False,False
train,nomad2018-predict-transparent-conductors,78ecf6b611fb02bd86a59fb4770bc5fad6b6f337da78b0aab1216364d9fda074,7f4d32eaa19b516f39f3beff10863069fc779f514d64c5d3360bfef67583412f,5,3,True,2,2,0,3,9,9,3,9,9,3,1,1,False,True,True,True,True
train,nomad2018-predict-transparent-conductors,b2e09cbe31d19d1eb16de55f9a4ad29c2f9b563f4ae9e27db3b78c6335cc1f8a,aa0cc667b64beab2070aceef9451ab5d0cdb39dfd4077210a65502d642e6304d,5,2,True,3,3,0,1,7,7,1,7,7,4,1,1,False,True,True,True,True
train,nomad2018-predict-transparent-conductors,6c80e95ff74f4d56de1bb0625320162cdfee03598405b19d6455753ab80f8950,3ec2c03eb0cf2733f961857628e31b88e623c0f5302a320e723934bd751aa4c0,5,3,True,2,2,0,3,9,9,3,9,9,3,1,1,False,True,True,True,True
train,nomad2018-predict-transparent-conductors,b2e09cbe31d19d1eb16de55f9a4ad29c2f9b563f4ae9e27db3b78c6335cc1f8a,2386474b599a9b7135539a20cbea3f45a20c475f1037face0e958194f49711b1,5,2,True,3,3,0,1,7,7,1,7,7,4,1,1,False,True,True,True,True
train,nomad2018-predict-transparent-conductors,cb261e0a47507fe0fa1566e89917b0aedbe5b23f833a4ff06538c416a9586217,3bdf07edb6e0d0e3a00539918051a174bf87e987cbe179cd4d11719207c0b73a,5,5,True,0,0,0,10,10,10,10,10,10,1,1,1,True,True,True,False,False
train,nomad2018-predict-transparent-conductors,571da48702155dc6564df31955475f10ee9320851c3bb78d9b7a59bcf27a4e96,7c50de57366718d0f76cabf388731db6d7ba7dc98183d9045b07e461ad6bbe94,5,3,True,2,2,0,3,9,9,3,9,9,3,1,1,False,True,True,True,True
train,nomad2018-predict-transparent-conductors,1691aeef5457df2e12ff7db74c43230f49eb65d37567e304f4688132492e3cd9,80ffe5a6769382e8d7dfe9036c1f6366cb2ef3fe7f1119e19c27b44837c54e5b,2,2,True,0,0,0,1,1,1,1,1,1,1,1,1,True,True,True,False,False
train,nomad2018-predict-transparent-conductors,c209e0b34152a6d3555b8bc673de66230dcd0a957631b1fbd3478a5d06d67b29,84b284934b8b49a519c8f1ac69a74e1844cd0c45849574a0610b1abbd0fd1e29,5,3,True,2,2,0,3,9,9,3,9,9,3,1,1,False,True,True,True,True
train,nomad2018-predict-transparent-conductors,1691aeef5457df2e12ff7db74c43230f49eb65d37567e304f4688132492e3cd9,dd40bb2d837170cc31ffdef6820de276d2b053f5e52aa23f0c0a3d19bea03aae,2,2,True,0,0,0,1,1,1,1,1,1,1,1,1,True,True,True,False,False
train,nomad2018-predict-transparent-conductors,ef24e35cc812dfe4075f55208dbbdb3a4cd16a5dadfca06d45a4d25a9a71232a,b536c492e06de3d70b79b5ed76ef5c703c1369efb587fe198e1e1ea88e7a7c8a,5,3,True,2,2,0,3,9,9,3,9,9,3,1,1,False,True,True,True,True
train,nomad2018-predict-transparent-conductors,c209e0b34152a6d3555b8bc673de66230dcd0a957631b1fbd3478a5d06d67b29,7da015a42afc6f42be1531d6046a1c11ac948c4799bd81c72e37fdfb5484c570,5,3,True,2,2,0,3,9,9,3,9,9,3,1,1,False,True,True,True,True
train,nomad2018-predict-transparent-conductors,ef24e35cc812dfe4075f55208dbbdb3a4cd16a5dadfca06d45a4d25a9a71232a,3aebde1e6e06a3c5145a729089188588bc5965363b0c24906ba25d8770e62ee7,5,4,True,1,1,0,6,10,10,6,10,10,2,1,1,False,True,True,True,True
train,nomad2018-predict-transparent-conductors,6c80e95ff74f4d56de1bb0625320162cdfee03598405b19d6455753ab80f8950,81fc006e98224726fbc47accbd4271c1d167889113ed7f8d4fae2804a185a0d8,5,5,True,0,0,0,10,10,10,10,10,10,1,1,1,True,True,True,False,False
train,nomad2018-predict-transparent-conductors,cfa7a0fc02a9f77ddb9ce0eb5702a1a2d0c4516b817fce5862c016f6ebd88c0c,e72c8e74ac7021073f75f0900a238ae8267169a866c7233a0063249e178413c6,5,4,True,1,0,1,6,6,6,6,6,6,2,2,2,False,False,False,False,False
train,nomad2018-predict-transparent-conductors,1691aeef5457df2e12ff7db74c43230f49eb65d37567e304f4688132492e3cd9,3c4e698c7857893e175bcb9f3421e1bdb91ffcece750baf797d8a18ae15cc69d,2,2,True,0,0,0,1,1,1,1,1,1,1,1,1,True,True,True,False,False
train,nomad2018-predict-transparent-conductors,78ecf6b611fb02bd86a59fb4770bc5fad6b6f337da78b0aab1216364d9fda074,cd4580a231515b874441f0a5505424e3fcfaea83e385703488f7b66ac376114c,5,4,True,1,1,0,6,10,10,6,10,10,2,1,1,False,True,True,True,True
train,petfinder-pawpularity-score,3202ff43204353a80f75efd6c3aec103e95acbe966e563d177eb1c37816c837e,b0f4433bed302370aaee8a5b16e985ef685ae625316a530527b216cce0772bcd,5,2,True,3,3,0,1,7,7,1,7,7,4,1,1,False,True,True,True,True
train,petfinder-pawpularity-score,065ea3532c8fb3c553e2c8653edda9ef7dc5201dde9957ea8fb35ed5d83a4f76,a10bf1fbc045f9f81d897361e225211953a695ef63d619e15f8104e6634aea8d,3,2,True,1,1,0,1,3,3,1,3,3,2,1,1,False,True,True,True,True
train,petfinder-pawpularity-score,065ea3532c8fb3c553e2c8653edda9ef7dc5201dde9957ea8fb35ed5d83a4f76,0583c3f1dd0db14bd6c5d2f942d8b8ede35e389abe58694a7c1e22888b6ddb8c,3,3,True,0,0,0,3,3,3,3,3,3,1,1,1,True,True,True,False,False
train,petfinder-pawpularity-score,95f267f2774b5bb5a96c8cc2ad1c80bdff662a14fb49a5a707a7255fe522f995,6d4193ccc4540ab68bf736d99f815133b06cadbf1d55b686a604dba3f13c3133,5,2,True,3,3,0,1,7,7,1,7,7,4,1,1,False,True,True,True,True
train,petfinder-pawpularity-score,759553a1bb5cfbc3277de629962e2c3a89246c50bf0dd74877208ef2e6b36d8f,75d91f6c713c5c67047952c315bf3fe01d5d823f5dfdf6324a0f92e362ebb137,2,2,True,0,0,0,1,1,1,1,1,1,1,1,1,True,True,True,False,False
train,petfinder-pawpularity-score,97e48a04574b15bb2af0f23bca146b68a1589a961240a6feb36920e85ee7c33a,44b0212826158643a3d78158e19827fb09d64d8a07c578447072000c928332ed,3,2,False,,0,1,1,1,1,1,1,1,,,,False,False,False,False,False
train,petfinder-pawpularity-score,065ea3532c8fb3c553e2c8653edda9ef7dc5201dde9957ea8fb35ed5d83a4f76,fe54de248b729ec33a130470904fd2ce208b06b681c51e6c36a03ee64a342440,3,2,True,1,1,0,1,3,3,1,3,3,2,1,1,False,True,True,True,True
train,petfinder-pawpularity-score,72066c7ce41bd5b9e2498366afc9c8ab673ab7954a69b414ffc66174be59e8f1,03b36b396e7328bef1c85f8a8a0855809317c3dda11e701c2f3595486cc6740e,3,2,True,1,1,0,1,3,3,1,3,3,2,1,1,False,True,True,True,True
train,petfinder-pawpularity-score,065ea3532c8fb3c553e2c8653edda9ef7dc5201dde9957ea8fb35ed5d83a4f76,beb108f6ed6976364c0dab25a6a9bc2a1e67750998a6eacf004f9b42d8ca33fe,3,3,True,0,0,0,3,3,3,3,3,3,1,1,1,True,True,True,False,False
train,petfinder-pawpularity-score,037466eda0165c4b04382b51d5869e64c40313967c5a1026149d63c75a06e2fc,dca1f05413c26153794e45d4ab3ba11919b15a8496c4e418e45f831b47f8eaaa,5,2,True,3,3,0,1,7,7,1,7,7,4,1,1,False,True,True,True,True
train,petfinder-pawpularity-score,0700ece5d8809925c88ae5dec8084719ac56ffe5a1a58a57d556ff391c6c2361,4b398d1182d453531fd849fd16e92fa550b3dbee858c5a7cbd6f8471084d245b,3,3,True,0,0,0,3,3,3,3,3,3,1,1,1,True,True,True,False,False
train,petfinder-pawpularity-score,d04d2a0c9010c5a57013d733dcfbe65f6bf37cb3b2bc8cfc3a9a87537144e312,8b73a05e9651b434c2a70e17bdd32622fce473270868201eb9ced60ba5fdba8d,3,3,True,0,0,0,3,3,3,3,3,3,1,1,1,True,True,True,False,False
train,petfinder-pawpularity-score,065ea3532c8fb3c553e2c8653edda9ef7dc5201dde9957ea8fb35ed5d83a4f76,e59653db9613f07e2601c679b8781fadc73a362fcf63351beb27b65a4855bd92,3,3,True,0,0,0,3,3,3,3,3,3,1,1,1,True,True,True,False,False
train,petfinder-pawpularity-score,d04d2a0c9010c5a57013d733dcfbe65f6bf37cb3b2bc8cfc3a9a87537144e312,badd975da7c536b07ca761478ea7af2dc21884984c7f3c236868d59f85ae4e3a,3,3,True,0,0,0,3,3,3,3,3,3,1,1,1,True,True,True,False,False
train,petfinder-pawpularity-score,065ea3532c8fb3c553e2c8653edda9ef7dc5201dde9957ea8fb35ed5d83a4f76,1456693fd785c19c5dcf73ae22f108e21c3b6fae4cbf33aa613b092f77717399,3,3,True,0,0,0,3,3,3,3,3,3,1,1,1,True,True,True,False,False
train,petfinder-pawpularity-score,065ea3532c8fb3c553e2c8653edda9ef7dc5201dde9957ea8fb35ed5d83a4f76,08d1db2007d61fde4a4c59a5ef4450fde6bacd5bab009046be75bc718ec1519c,3,2,True,1,1,0,1,3,3,1,3,3,2,1,1,False,True,True,True,True
train,petfinder-pawpularity-score,2e272a3d7d9c525d6c56a59efb6f1eac93496a62d43fd05f9a134f6727f91362,4502203a65aa211cc4aa1364eb436ddfa794aa49b634c3dc7f09303e7291ca6b,3,3,True,0,0,0,3,3,3,3,3,3,1,1,1,True,True,True,False,False
train,petfinder-pawpularity-score,065ea3532c8fb3c553e2c8653edda9ef7dc5201dde9957ea8fb35ed5d83a4f76,903546d37c53ebb20a960a2715fe8ff40116dd09c2ac71fb89e0d5ac7f195d70,3,2,True,1,1,0,1,3,3,1,3,3,2,1,1,False,True,True,True,True
train,petfinder-pawpularity-score,065ea3532c8fb3c553e2c8653edda9ef7dc5201dde9957ea8fb35ed5d83a4f76,6ff608d134f550a5217a4cc3cc3f11955b6543251426dab89f5cd4f4da92bade,3,2,True,1,1,0,1,3,3,1,3,3,2,1,1,False,True,True,True,True
train,petfinder-pawpularity-score,2e272a3d7d9c525d6c56a59efb6f1eac93496a62d43fd05f9a134f6727f91362,6d32a19699aef406b14850fe5a01c2ad3efb29559c6c2a839616e8f749f4e634,3,2,True,1,1,0,1,3,3,1,3,3,2,1,1,False,True,True,True,True
train,petfinder-pawpularity-score,95f267f2774b5bb5a96c8cc2ad1c80bdff662a14fb49a5a707a7255fe522f995,db8161a39ba32cfd7025619b54725068b1bf4aacef2ca51aaccc696e4557c96a,5,3,False,,0,2,3,3,3,3,3,3,,,,False,False,False,False,False
train,petfinder-pawpularity-score,065ea3532c8fb3c553e2c8653edda9ef7dc5201dde9957ea8fb35ed5d83a4f76,f2e5660cb39ec41ed931380d7ae2ef0d8f2d769dc37e2d258d2e20417b886d60,3,3,True,0,0,0,3,3,3,3,3,3,1,1,1,True,True,True,False,False
train,petfinder-pawpularity-score,d04d2a0c9010c5a57013d733dcfbe65f6bf37cb3b2bc8cfc3a9a87537144e312,5a8dad6aac1253b2ae054727fc2edacd22f2ffca45395a20f620f40ac12f767b,3,3,True,0,0,0,3,3,3,3,3,3,1,1,1,True,True,True,False,False
train,petfinder-pawpularity-score,065ea3532c8fb3c553e2c8653edda9ef7dc5201dde9957ea8fb35ed5d83a4f76,83593d6b14254539a478c123eb49e172ac60d68a9a88b655aaf14c4a89c96dd6,3,2,True,1,1,0,1,3,3,1,3,3,2,1,1,False,True,True,True,True
train,petfinder-pawpularity-score,037466eda0165c4b04382b51d5869e64c40313967c5a1026149d63c75a06e2fc,f3b10a4729c5ea34809e0b0d6a8cc232223d1ba7eb75fb4b91dfef6ac6c49934,5,2,False,,0,3,1,1,1,1,1,1,,,,False,False,False,False,False
train,petfinder-pawpularity-score,97e48a04574b15bb2af0f23bca146b68a1589a961240a6feb36920e85ee7c33a,48e36ac8544e881b0bd421b672ad9e69524a9337073b305774d7ad63288b6318,3,2,True,1,0,1,1,1,1,1,1,1,2,2,2,False,False,False,False,False
train,petfinder-pawpularity-score,065ea3532c8fb3c553e2c8653edda9ef7dc5201dde9957ea8fb35ed5d83a4f76,879eb6d4b807f777b628a67349555d9715255e012f8162b57da149bded05a176,3,3,True,0,0,0,3,3,3,3,3,3,1,1,1,True,True,True,False,False
train,petfinder-pawpularity-score,d04d2a0c9010c5a57013d733dcfbe65f6bf37cb3b2bc8cfc3a9a87537144e312,eabebeeccd6f04dab5095d8eebe6b5799c3dbe18294b1c314eed237189494795,3,3,True,0,0,0,3,3,3,3,3,3,1,1,1,True,True,True,False,False
train,petfinder-pawpularity-score,c61bc2a027d6bee3ea1b74666cfd3491d8a5b01b5e430da1069b4467c7ffd7ca,4ac46938a6f47a96f8e0c738c9d66ab9ab84e87f643ca5948bf87d589d73d62b,5,3,False,,0,2,3,3,3,3,3,3,,,,False,False,False,False,False
train,petfinder-pawpularity-score,065ea3532c8fb3c553e2c8653edda9ef7dc5201dde9957ea8fb35ed5d83a4f76,99c5ce0984b0a5da04deff8e3fe60594e36a0c48bb1a24587ecc99b6459e5d56,3,3,True,0,0,0,3,3,3,3,3,3,1,1,1,True,True,True,False,False
train,petfinder-pawpularity-score,2e272a3d7d9c525d6c56a59efb6f1eac93496a62d43fd05f9a134f6727f91362,828d8058c342dddc619fdcc7500a45e6fd46542b150fcc11944301e55a8eacc8,3,2,True,1,1,0,1,3,3,1,3,3,2,1,1,False,True,True,True,True
train,petfinder-pawpularity-score,065ea3532c8fb3c553e2c8653edda9ef7dc5201dde9957ea8fb35ed5d83a4f76,a7d713c2f8aa2d47532477e21666a60237badfa0691514f462a9b0e48a0ad2b6,3,2,True,1,1,0,1,3,3,1,3,3,2,1,1,False,True,True,True,True
train,petfinder-pawpularity-score,d04d2a0c9010c5a57013d733dcfbe65f6bf37cb3b2bc8cfc3a9a87537144e312,c76204455bde1d4efeb8cd95511c0bd58ba9b204dc04ad60962c12386e0e9dd6,3,3,True,0,0,0,3,3,3,3,3,3,1,1,1,True,True,True,False,False
train,petfinder-pawpularity-score,d04d2a0c9010c5a57013d733dcfbe65f6bf37cb3b2bc8cfc3a9a87537144e312,ef1daad1a47130133b8e834e3cc6dedc3155ac5599e1da7c4987eae57fd211e3,3,3,True,0,0,0,3,3,3,3,3,3,1,1,1,True,True,True,False,False
train,petfinder-pawpularity-score,18ed29b0154f7009e2289c8ebfbe183267aa5f190a6dfb18c041e0d3f0a50198,435c597f0389c41cc044f49a7fbcfb25ea8a8164a912d5b5b8a8e7408da13aa9,3,3,True,0,0,0,3,3,3,3,3,3,1,1,1,True,True,True,False,False
train,petfinder-pawpularity-score,065ea3532c8fb3c553e2c8653edda9ef7dc5201dde9957ea8fb35ed5d83a4f76,37387ec2060480d2719beb3a0320029536bcdc9889e7e7a89d381f099ce3128f,3,3,True,0,0,0,3,3,3,3,3,3,1,1,1,True,True,True,False,False
train,petfinder-pawpularity-score,e2069536d5dcc1ab8b2bc9c3df6050a4d35863d836e071f7c02a2e54c2ce21a0,04da87a65fae737170ac457fdce5b8302fbb086d60154dc66e94fd7eb5c8ea24,2,2,True,0,0,0,1,1,1,1,1,1,1,1,1,True,True,True,False,False
train,petfinder-pawpularity-score,e2069536d5dcc1ab8b2bc9c3df6050a4d35863d836e071f7c02a2e54c2ce21a0,fce0d748a00ad31ca6b065c4c4252d93809dd0ab608580014259f987237822e9,2,2,True,0,0,0,1,1,1,1,1,1,1,1,1,True,True,True,False,False
train,petfinder-pawpularity-score,065ea3532c8fb3c553e2c8653edda9ef7dc5201dde9957ea8fb35ed5d83a4f76,30b658fe42851781cf36e00fe5585583e348cf582eca090516ed31355393e118,3,3,True,0,0,0,3,3,3,3,3,3,1,1,1,True,True,True,False,False
train,petfinder-pawpularity-score,d04d2a0c9010c5a57013d733dcfbe65f6bf37cb3b2bc8cfc3a9a87537144e312,156bd6699d72615d8478136740ebe525ae1391c56c92f18416cf758c66512760,3,2,True,1,1,0,1,3,3,1,3,3,2,1,1,False,True,True,True,True
train,petfinder-pawpularity-score,759553a1bb5cfbc3277de629962e2c3a89246c50bf0dd74877208ef2e6b36d8f,5485d6428e59647fe1619f527eb4383c248954f4035d03538055ffc7a3561fed,2,2,True,0,0,0,1,1,1,1,1,1,1,1,1,True,True,True,False,False
train,petfinder-pawpularity-score,e2069536d5dcc1ab8b2bc9c3df6050a4d35863d836e071f7c02a2e54c2ce21a0,f84ce78f5add230c3ba7def93e9debc5afb19d1818f9a393dcb0059ea147114c,2,2,True,0,0,0,1,1,1,1,1,1,1,1,1,True,True,True,False,False
train,petfinder-pawpularity-score,10758a639af9d60a86f6bf0ca1998c9fa12495de538216c9169c7247dc3905e0,3651598579e066661a3b815694f0b8afd316895665caa5e50fd7fb90ba8daa1c,2,2,True,0,0,0,1,1,1,1,1,1,1,1,1,True,True,True,False,False
train,petfinder-pawpularity-score,d04d2a0c9010c5a57013d733dcfbe65f6bf37cb3b2bc8cfc3a9a87537144e312,922ee2d52f12baaf2f605a81edd75701ffc4edc42957db21d43a6d2aceca8445,3,3,True,0,0,0,3,3,3,3,3,3,1,1,1,True,True,True,False,False
train,petfinder-pawpularity-score,0700ece5d8809925c88ae5dec8084719ac56ffe5a1a58a57d556ff391c6c2361,ddbcf7efaa9872d7dc4ce19cb062c4caf59b88af58778ac9c70f464b16c6a287,3,2,True,1,1,0,1,3,3,1,3,3,2,1,1,False,True,True,True,True
train,petfinder-pawpularity-score,e135c3bada5fa3d0409e419bce35835ac6e72570d310226f1aafa4d4cdce8d01,98e0df6ab7d0906fe41221cee68cd20051b42ab484ea2e190396bdc49572631e,5,2,True,3,3,0,1,7,7,1,7,7,4,1,1,False,True,True,True,True
train,petfinder-pawpularity-score,0700ece5d8809925c88ae5dec8084719ac56ffe5a1a58a57d556ff391c6c2361,84c5721a714cc846e8d9a001b9e8a2691f411b73eb21aaee5e843177e4d7c0c6,3,2,True,1,1,0,1,3,3,1,3,3,2,1,1,False,True,True,True,True
train,petfinder-pawpularity-score,065ea3532c8fb3c553e2c8653edda9ef7dc5201dde9957ea8fb35ed5d83a4f76,7e28915b82745663ecf81f244f444c2eef69a9882755f55f884bfd82969190eb,3,3,True,0,0,0,3,3,3,3,3,3,1,1,1,True,True,True,False,False
train,petfinder-pawpularity-score,d04d2a0c9010c5a57013d733dcfbe65f6bf37cb3b2bc8cfc3a9a87537144e312,90e94bd445f1e2bb45ebe946f81d15466c4a5b6f780963e793dcc30c515c598d,3,3,True,0,0,0,3,3,3,3,3,3,1,1,1,True,True,True,False,False
train,petfinder-pawpularity-score,c61bc2a027d6bee3ea1b74666cfd3491d8a5b01b5e430da1069b4467c7ffd7ca,cdfcf48f097780074877441dffb5947ba0960b64bdfe9407c734cdcc5e91995d,5,5,True,0,0,0,10,10,10,10,10,10,1,1,1,True,True,True,False,False
train,petfinder-pawpularity-score,02fb2170bf660ce9661165f48b9ccfb9a581714aa60500339b12b816ca6aa35b,01cdba6ebe0c72f28ea89f6498c75fd97be915e81eb5838f7a010629b945eb3b,3,2,True,1,0,1,1,1,1,1,1,1,2,2,2,False,False,False,False,False
train,petfinder-pawpularity-score,d04d2a0c9010c5a57013d733dcfbe65f6bf37cb3b2bc8cfc3a9a87537144e312,d77b5672a4ebce94537a5df387e7c54b2e1ebfc45aa08510cfdeb026b0204df4,3,3,True,0,0,0,3,3,3,3,3,3,1,1,1,True,True,True,False,False
train,petfinder-pawpularity-score,43db491bc94ef4cd175f3e38d9055865c5ba4fcfe7b7e8ce4a3b00943e72a210,e8286d779b8757db90032c8f0e33b78b4c41554317ca6166d98e19a671671124,2,2,True,0,0,0,1,1,1,1,1,1,1,1,1,True,True,True,False,False
train,petfinder-pawpularity-score,d04d2a0c9010c5a57013d733dcfbe65f6bf37cb3b2bc8cfc3a9a87537144e312,72a925f70db104620c37908aa6a1ec2d80b9a0cd3cc0c070d6b3e05f22b5115f,3,2,True,1,1,0,1,3,3,1,3,3,2,1,1,False,True,True,True,True
train,petfinder-pawpularity-score,065ea3532c8fb3c553e2c8653edda9ef7dc5201dde9957ea8fb35ed5d83a4f76,89215feb8a1aceac1771a6b0dc6db566517022002f19e086b127174329cce40a,3,3,True,0,0,0,3,3,3,3,3,3,1,1,1,True,True,True,False,False
train,petfinder-pawpularity-score,065ea3532c8fb3c553e2c8653edda9ef7dc5201dde9957ea8fb35ed5d83a4f76,7a3a912feae35db420d4932c3dab345c4df674a129cf0a687faa6bb7e36cb758,3,2,True,1,1,0,1,3,3,1,3,3,2,1,1,False,True,True,True,True
train,petfinder-pawpularity-score,18ed29b0154f7009e2289c8ebfbe183267aa5f190a6dfb18c041e0d3f0a50198,0b99f2ba6c681b188059287fb5d91bc597090f44a02a3c2ad3644d560d9fd941,3,2,True,1,1,0,1,3,3,1,3,3,2,1,1,False,True,True,True,True
train,petfinder-pawpularity-score,18ed29b0154f7009e2289c8ebfbe183267aa5f190a6dfb18c041e0d3f0a50198,57cbeb8ce122c7f1e0d7799b1a36fe7cb2627a1033f17b3e1b2a44a0c72aec7f,3,3,True,0,0,0,3,3,3,3,3,3,1,1,1,True,True,True,False,False
train,petfinder-pawpularity-score,065ea3532c8fb3c553e2c8653edda9ef7dc5201dde9957ea8fb35ed5d83a4f76,60787349ff68ccaa040ec0e3d5c35480ea6b2c3cff1e85aba26191fccd43fcfd,3,3,True,0,0,0,3,3,3,3,3,3,1,1,1,True,True,True,False,False
train,petfinder-pawpularity-score,065ea3532c8fb3c553e2c8653edda9ef7dc5201dde9957ea8fb35ed5d83a4f76,f862287c3d70a1d547ec4a1750792a0edf7015e6150a9df559a1d5ed636074b1,3,3,True,0,0,0,3,3,3,3,3,3,1,1,1,True,True,True,False,False
train,petfinder-pawpularity-score,2e272a3d7d9c525d6c56a59efb6f1eac93496a62d43fd05f9a134f6727f91362,8a4a0e572fb31f55ac4ab41d414175f28df75734fba9dc15b6959f864f8200f1,3,3,True,0,0,0,3,3,3,3,3,3,1,1,1,True,True,True,False,False
train,petfinder-pawpularity-score,02fb2170bf660ce9661165f48b9ccfb9a581714aa60500339b12b816ca6aa35b,19a8b1e5cf9c1252fd12ddccad32b9e119208578b46595add5512ceb21f73059,3,3,True,0,0,0,3,3,3,3,3,3,1,1,1,True,True,True,False,False
train,petfinder-pawpularity-score,065ea3532c8fb3c553e2c8653edda9ef7dc5201dde9957ea8fb35ed5d83a4f76,2ea4054a4843fbfe085e85efe7aa03b2cc62323ce00c03defedc2ce7bde459a6,3,3,True,0,0,0,3,3,3,3,3,3,1,1,1,True,True,True,False,False
train,petfinder-pawpularity-score,539526bdd69ef22689f0e9fe5caa1282d047854e1f6570c72b1c05d078c6dd64,9349a07f8222ca9a2e4c937e5ba5a5e4367a573a7b3855843c9d5439861fc8b8,2,2,True,0,0,0,1,1,1,1,1,1,1,1,1,True,True,True,False,False
train,petfinder-pawpularity-score,065ea3532c8fb3c553e2c8653edda9ef7dc5201dde9957ea8fb35ed5d83a4f76,5b0e47db67e079f629bfd474a7daa7a46c2c887fa75151a3b632f6e7fe8c62a3,3,3,True,0,0,0,3,3,3,3,3,3,1,1,1,True,True,True,False,False
train,petfinder-pawpularity-score,d04d2a0c9010c5a57013d733dcfbe65f6bf37cb3b2bc8cfc3a9a87537144e312,ecdce0c5f56e531e62e27f7d21a398aa7da3efd469077e3ca4f39be7718a9e98,3,3,True,0,0,0,3,3,3,3,3,3,1,1,1,True,True,True,False,False
train,petfinder-pawpularity-score,065ea3532c8fb3c553e2c8653edda9ef7dc5201dde9957ea8fb35ed5d83a4f76,9b32caa6f17324a1ccceab6edc95afcb9c1e42c858f46709285fe7109d965096,3,3,True,0,0,0,3,3,3,3,3,3,1,1,1,True,True,True,False,False
train,petfinder-pawpularity-score,065ea3532c8fb3c553e2c8653edda9ef7dc5201dde9957ea8fb35ed5d83a4f76,05b7953e8d4be0a4b5f617033a2df45e0ff044b780532ea1b3046b3c4fd09b7b,3,3,True,0,0,0,3,3,3,3,3,3,1,1,1,True,True,True,False,False
train,petfinder-pawpularity-score,5513b2b6ba61520a44f51e48d20101dc927ae2795e22b13a81fb67802478463a,4e60255f4522ba7afbcbe1c8686ddaeefb672579d9f7712ecd50ff162da62b1e,5,3,True,2,2,0,3,9,9,3,9,9,3,1,1,False,True,True,True,True
train,petfinder-pawpularity-score,9a4b2fc51f5b1fac96e8965b6ca06c24d986fb2b76de5fdeb4bcfc250e255248,3077f042df5f53896329d0b5e985a7d890ac987dfa8fcdc06ff055b0b604a6ba,2,2,True,0,0,0,1,1,1,1,1,1,1,1,1,True,True,True,False,False
train,petfinder-pawpularity-score,065ea3532c8fb3c553e2c8653edda9ef7dc5201dde9957ea8fb35ed5d83a4f76,b7d33d4b5fb72dfc001808046f7bc1cdd058f2326c29b23cd77a512d231c71a3,3,3,True,0,0,0,3,3,3,3,3,3,1,1,1,True,True,True,False,False
train,petfinder-pawpularity-score,d04d2a0c9010c5a57013d733dcfbe65f6bf37cb3b2bc8cfc3a9a87537144e312,a7e278503f7253095c5540d1ca6d370ae33c043838e14742204f53ae343b445e,3,2,True,1,1,0,1,3,3,1,3,3,2,1,1,False,True,True,True,True
train,petfinder-pawpularity-score,759553a1bb5cfbc3277de629962e2c3a89246c50bf0dd74877208ef2e6b36d8f,57c39e3250fbdec4fd825a4ae0c41286222f90a29ae831780ad52f60015b7ec2,2,2,True,0,0,0,1,1,1,1,1,1,1,1,1,True,True,True,False,False
train,petfinder-pawpularity-score,065ea3532c8fb3c553e2c8653edda9ef7dc5201dde9957ea8fb35ed5d83a4f76,a7a6a1e9786bbb92043597fcb4aed042a5510f768a14143ea66af6a3c69ca830,3,3,True,0,0,0,3,3,3,3,3,3,1,1,1,True,True,True,False,False
train,petfinder-pawpularity-score,72066c7ce41bd5b9e2498366afc9c8ab673ab7954a69b414ffc66174be59e8f1,91dc8b77242360b16d7f37a9bb59347711c8bba14604bf811e536b7688cace67,3,2,True,1,1,0,1,3,3,1,3,3,2,1,1,False,True,True,True,True
train,petfinder-pawpularity-score,1aa7fb9b2a0bf942d4fc0fbb71a0ae56d49fcc447905f380c4b92de9c9b1a176,1fae8b0ac62ee61992ba47fe67c1063d00817c9d816cb972e1b96285fe8cfc42,2,2,True,0,0,0,1,1,1,1,1,1,1,1,1,True,True,True,False,False
train,petfinder-pawpularity-score,f3613e54860b8e9284a58cd0ea59cf38d21d81fe7380f4c45e66f5eac9024dc3,80f07ced247cd2e1fc4cade1201affe182971aba7fe69e21d6fbc52badbac32d,5,2,False,,0,3,1,1,1,1,1,1,,,,False,False,False,False,False
train,petfinder-pawpularity-score,065ea3532c8fb3c553e2c8653edda9ef7dc5201dde9957ea8fb35ed5d83a4f76,063f72126ba1b448f43da7a90785195429ae33a39f89a0ec19dce85c75a4b4ad,3,3,True,0,0,0,3,3,3,3,3,3,1,1,1,True,True,True,False,False
train,petfinder-pawpularity-score,065ea3532c8fb3c553e2c8653edda9ef7dc5201dde9957ea8fb35ed5d83a4f76,55ff67fc2a2e4b63fb32763bad8fbffd669caf20e053e06fa090323f03a94d42,3,3,True,0,0,0,3,3,3,3,3,3,1,1,1,True,True,True,False,False
train,petfinder-pawpularity-score,18ed29b0154f7009e2289c8ebfbe183267aa5f190a6dfb18c041e0d3f0a50198,051d23f40fef3a50030e0cbc80ad6115d62b622c6adf8b62b17bc0542f59f601,3,3,True,0,0,0,3,3,3,3,3,3,1,1,1,True,True,True,False,False
train,petfinder-pawpularity-score,2e272a3d7d9c525d6c56a59efb6f1eac93496a62d43fd05f9a134f6727f91362,ffd4c573050a7bd43dad1cdd15203348fbf75f3bf5c707f02bf2f305875e53bd,3,2,False,,0,1,1,1,1,1,1,1,,,,False,False,False,False,False
train,petfinder-pawpularity-score,d04d2a0c9010c5a57013d733dcfbe65f6bf37cb3b2bc8cfc3a9a87537144e312,6bc0520480f59e53f6e5a98c77683eb2d40811094ae3f6be952d1ef023204c86,3,3,True,0,0,0,3,3,3,3,3,3,1,1,1,True,True,True,False,False
train,petfinder-pawpularity-score,759553a1bb5cfbc3277de629962e2c3a89246c50bf0dd74877208ef2e6b36d8f,ef7949cc60d424cf8ca52a822a811314ae5eeb4fb63df4ef504674ff211d5841,2,2,True,0,0,0,1,1,1,1,1,1,1,1,1,True,True,True,False,False
train,petfinder-pawpularity-score,065ea3532c8fb3c553e2c8653edda9ef7dc5201dde9957ea8fb35ed5d83a4f76,84743b611ef8f66eb8106f0c5acf1b3b7bd4b0432ff0edc99b2647ce9f8b991f,3,2,True,1,1,0,1,3,3,1,3,3,2,1,1,False,True,True,True,True
train,petfinder-pawpularity-score,18ed29b0154f7009e2289c8ebfbe183267aa5f190a6dfb18c041e0d3f0a50198,f15e4f8524eb16e54a0ebe84d0f7bea29fa0d4a8cece90ba19eadd4644741b5f,3,2,True,1,1,0,1,3,3,1,3,3,2,1,1,False,True,True,True,True
train,petfinder-pawpularity-score,02fb2170bf660ce9661165f48b9ccfb9a581714aa60500339b12b816ca6aa35b,3559376ea091667fc5b990b46e3381e6093e07a86adcbbeac31ee83740fedb38,3,3,True,0,0,0,3,3,3,3,3,3,1,1,1,True,True,True,False,False
train,petfinder-pawpularity-score,0f16d3128f56f0eeb08f78944cb50b622b2a06919e5a01896687cfac025ff3c9,21fdf8d02429a9bee0e65aceb34872dd4827522d1f93ce09e5bd5b1972aae7a0,3,3,True,0,0,0,3,3,3,3,3,3,1,1,1,True,True,True,False,False
train,petfinder-pawpularity-score,43db491bc94ef4cd175f3e38d9055865c5ba4fcfe7b7e8ce4a3b00943e72a210,b2ba318856a206d6c5986589f8e15f4d4593bf69668684f32fa636452c93d1c8,2,2,True,0,0,0,1,1,1,1,1,1,1,1,1,True,True,True,False,False
train,petfinder-pawpularity-score,18ed29b0154f7009e2289c8ebfbe183267aa5f190a6dfb18c041e0d3f0a50198,6155c168ab781bab7836cfd68d326979102bbc45e31edb815d7f6e7b7aa1d817,3,3,True,0,0,0,3,3,3,3,3,3,1,1,1,True,True,True,False,False
train,petfinder-pawpularity-score,0700ece5d8809925c88ae5dec8084719ac56ffe5a1a58a57d556ff391c6c2361,e62848f50dd5d8854af67edf2b62e5f443f5e9bb08f09819fb60b00a2cf7a9f4,3,3,True,0,0,0,3,3,3,3,3,3,1,1,1,True,True,True,False,False
train,petfinder-pawpularity-score,18ed29b0154f7009e2289c8ebfbe183267aa5f190a6dfb18c041e0d3f0a50198,72c43da83cd7cafd7638ab0b93c9d99e5dc6d2c02f8eef8be9c0ee94c8e90a72,3,3,True,0,0,0,3,3,3,3,3,3,1,1,1,True,True,True,False,False
train,petfinder-pawpularity-score,065ea3532c8fb3c553e2c8653edda9ef7dc5201dde9957ea8fb35ed5d83a4f76,36486e39828410bf451f9fdc554ea6fab0e4908d62bc61823117a06dc0d98acd,3,2,True,1,1,0,1,3,3,1,3,3,2,1,1,False,True,True,True,True
train,petfinder-pawpularity-score,065ea3532c8fb3c553e2c8653edda9ef7dc5201dde9957ea8fb35ed5d83a4f76,867077ce2aa857c353164b9d782af16b41eadac72b857e7add25b8b50b1aa9d5,3,2,True,1,1,0,1,3,3,1,3,3,2,1,1,False,True,True,True,True
train,petfinder-pawpularity-score,e55a15ca3b8d0937df31576cb0d4e34a9ac779094fb132091a20046b57b9850c,db4c70e858a977d4e9a51d7da016d9520c476b944e8f7b9a3a35c74752fa6430,2,2,True,0,0,0,1,1,1,1,1,1,1,1,1,True,True,True,False,False
train,petfinder-pawpularity-score,9a4b2fc51f5b1fac96e8965b6ca06c24d986fb2b76de5fdeb4bcfc250e255248,94d0e2ed6ea60adbd576157803c429fe589e1423fe34c4e0e0ff98c1ae2d1880,2,2,True,0,0,0,1,1,1,1,1,1,1,1,1,True,True,True,False,False
train,petfinder-pawpularity-score,0700ece5d8809925c88ae5dec8084719ac56ffe5a1a58a57d556ff391c6c2361,6f2e0a7746a1cc3d36419084fc288fd308c1dd5704fb1ae2da6b78f1c2c251d9,3,3,True,0,0,0,3,3,3,3,3,3,1,1,1,True,True,True,False,False
train,petfinder-pawpularity-score,43db491bc94ef4cd175f3e38d9055865c5ba4fcfe7b7e8ce4a3b00943e72a210,deeecf11a7fd4091c5a626621bbecb4f451809bd26593a414358a6d37b3312e7,2,2,True,0,0,0,1,1,1,1,1,1,1,1,1,True,True,True,False,False
train,petfinder-pawpularity-score,72066c7ce41bd5b9e2498366afc9c8ab673ab7954a69b414ffc66174be59e8f1,a2caf2fa699aa4d5e478c091ff80e576cac5404976c403fbef8a2dd2f088310a,3,3,True,0,0,0,3,3,3,3,3,3,1,1,1,True,True,True,False,False
train,petfinder-pawpularity-score,065ea3532c8fb3c553e2c8653edda9ef7dc5201dde9957ea8fb35ed5d83a4f76,1b47a645e12b9f4b0d34d1713851b16642fe4c871f96faa4395529d6a211388b,3,3,True,0,0,0,3,3,3,3,3,3,1,1,1,True,True,True,False,False
train,petfinder-pawpularity-score,d04d2a0c9010c5a57013d733dcfbe65f6bf37cb3b2bc8cfc3a9a87537144e312,bced953d7f6b34867cbc2b36a404d9be114a10b84e742ad1d2bec7b996324d8d,3,3,True,0,0,0,3,3,3,3,3,3,1,1,1,True,True,True,False,False
train,petfinder-pawpularity-score,065ea3532c8fb3c553e2c8653edda9ef7dc5201dde9957ea8fb35ed5d83a4f76,4ed18404761851194b1ccd6dc52268507dafb3c3d02ae9cdef802e7c16530f84,3,3,True,0,0,0,3,3,3,3,3,3,1,1,1,True,True,True,False,False
train,petfinder-pawpularity-score,d04d2a0c9010c5a57013d733dcfbe65f6bf37cb3b2bc8cfc3a9a87537144e312,cbef0cdd1aafeacb55282c708cfcffe62e2465c69ee1f3fcc5ffb97994176974,3,3,True,0,0,0,3,3,3,3,3,3,1,1,1,True,True,True,False,False
train,petfinder-pawpularity-score,d04d2a0c9010c5a57013d733dcfbe65f6bf37cb3b2bc8cfc3a9a87537144e312,d955e00e8e1796e08ce1c4df410e69ebe26c313c5950835857c3521d3a9d1777,3,2,True,1,1,0,1,3,3,1,3,3,2,1,1,False,True,True,True,True
train,petfinder-pawpularity-score,d04d2a0c9010c5a57013d733dcfbe65f6bf37cb3b2bc8cfc3a9a87537144e312,ffe84ae892388da421a5da51aea8b20a71a94f95b48fc8e3b42622c6267d6e8d,3,3,True,0,0,0,3,3,3,3,3,3,1,1,1,True,True,True,False,False
train,petfinder-pawpularity-score,065ea3532c8fb3c553e2c8653edda9ef7dc5201dde9957ea8fb35ed5d83a4f76,f4e23643b03a3e47b97e24a2cda85dd94e4a0e2e8717ba3e3596aff29ea51c36,3,2,True,1,1,0,1,3,3,1,3,3,2,1,1,False,True,True,True,True
train,petfinder-pawpularity-score,065ea3532c8fb3c553e2c8653edda9ef7dc5201dde9957ea8fb35ed5d83a4f76,e86ec653f0d16236951595561da4db7122d012c5ef990c546d05d04a5c4a76cd,3,3,True,0,0,0,3,3,3,3,3,3,1,1,1,True,True,True,False,False
train,petfinder-pawpularity-score,065ea3532c8fb3c553e2c8653edda9ef7dc5201dde9957ea8fb35ed5d83a4f76,b764729d2a37dd2d38423331a574c3a9fc04f819f251f07464a996ec70a8ae75,3,3,True,0,0,0,3,3,3,3,3,3,1,1,1,True,True,True,False,False
train,petfinder-pawpularity-score,065ea3532c8fb3c553e2c8653edda9ef7dc5201dde9957ea8fb35ed5d83a4f76,4424d9a9b94190464628696ad8dba7a64b2ef12726fc419633c0821d96b138ff,3,3,True,0,0,0,3,3,3,3,3,3,1,1,1,True,True,True,False,False
train,petfinder-pawpularity-score,759553a1bb5cfbc3277de629962e2c3a89246c50bf0dd74877208ef2e6b36d8f,2218243a1d446737798b64c40620e89f9e95274cd683345fe87db402fd1977af,2,2,True,0,0,0,1,1,1,1,1,1,1,1,1,True,True,True,False,False
train,petfinder-pawpularity-score,43db491bc94ef4cd175f3e38d9055865c5ba4fcfe7b7e8ce4a3b00943e72a210,f4b16c1b1042b256a07f5e329a023907edb4d4b6324496b6c3ef4a1f54b044a7,2,2,True,0,0,0,1,1,1,1,1,1,1,1,1,True,True,True,False,False
train,petfinder-pawpularity-score,0700ece5d8809925c88ae5dec8084719ac56ffe5a1a58a57d556ff391c6c2361,372bc88a9039d8c8686147c58941ed197f76536296a23983e077081bb9c5316c,3,3,True,0,0,0,3,3,3,3,3,3,1,1,1,True,True,True,False,False
train,petfinder-pawpularity-score,18ed29b0154f7009e2289c8ebfbe183267aa5f190a6dfb18c041e0d3f0a50198,159585bc96113784aa782268bb51dca9cf9c83a37ad4dab304da1700cf77ef38,3,3,True,0,0,0,3,3,3,3,3,3,1,1,1,True,True,True,False,False
train,petfinder-pawpularity-score,a1c1a13ce15146b2f93338210fea50c4ad6914be448dc707889ece4e1c2c701f,df8f45366cdf40c7ab8cb9ba443ab7b6751c3c0156cbb6d5aa1c984a668ef96d,3,3,True,0,0,0,3,3,3,3,3,3,1,1,1,True,True,True,False,False
train,petfinder-pawpularity-score,065ea3532c8fb3c553e2c8653edda9ef7dc5201dde9957ea8fb35ed5d83a4f76,b628462f1a91b7a1ac52782e73114a04e67296280e1b413a6a331534e904285d,3,3,True,0,0,0,3,3,3,3,3,3,1,1,1,True,True,True,False,False
train,petfinder-pawpularity-score,065ea3532c8fb3c553e2c8653edda9ef7dc5201dde9957ea8fb35ed5d83a4f76,89dc3044b810e9c1efaedff622c87b08a5ef14b7589b69d46cefe94be80fa855,3,3,True,0,0,0,3,3,3,3,3,3,1,1,1,True,True,True,False,False
train,petfinder-pawpularity-score,539526bdd69ef22689f0e9fe5caa1282d047854e1f6570c72b1c05d078c6dd64,a4954f8ab826167fedea856afd710c54947f21a9cd49c700fdb08395f0057577,2,2,True,0,0,0,1,1,1,1,1,1,1,1,1,True,True,True,False,False
train,petfinder-pawpularity-score,29abcbd4f5aa56f33069e730a4caefa7b1d0ccd86298575f9fd2f533a0ce84b0,d534b794655df5b5d7d5a337da480ad898f1a099089b6b1f7287bf880a6712e8,2,2,True,0,0,0,1,1,1,1,1,1,1,1,1,True,True,True,False,False
train,petfinder-pawpularity-score,97e48a04574b15bb2af0f23bca146b68a1589a961240a6feb36920e85ee7c33a,4c189335b1272cab72fa179eb1a45448f5f3dd3b8d6e190fc7c35ed9fb5bea41,3,3,True,0,0,0,3,3,3,3,3,3,1,1,1,True,True,True,False,False
train,petfinder-pawpularity-score,065ea3532c8fb3c553e2c8653edda9ef7dc5201dde9957ea8fb35ed5d83a4f76,421563c9537fcecd521d884252f9d67f115426927743cca0687124a421c0fec1,3,2,True,1,1,0,1,3,3,1,3,3,2,1,1,False,True,True,True,True
train,petfinder-pawpularity-score,18ed29b0154f7009e2289c8ebfbe183267aa5f190a6dfb18c041e0d3f0a50198,93a8915d4426df74374a3b8d0a99df6a4f48fea83f7df7b091d52e831b7d753b,3,3,True,0,0,0,3,3,3,3,3,3,1,1,1,True,True,True,False,False
train,petfinder-pawpularity-score,18ed29b0154f7009e2289c8ebfbe183267aa5f190a6dfb18c041e0d3f0a50198,8051609661e94d4ad62865d8224b94dba146f29db5a2a2e08f189a752d776b6d,3,3,True,0,0,0,3,3,3,3,3,3,1,1,1,True,True,True,False,False
train,petfinder-pawpularity-score,2e272a3d7d9c525d6c56a59efb6f1eac93496a62d43fd05f9a134f6727f91362,08a661d08f1e0e00b74aedd9be4f1edef51da7e9c63adf9f30cebc101bc30d8c,3,2,True,1,1,0,1,3,3,1,3,3,2,1,1,False,True,True,True,True
train,petfinder-pawpularity-score,065ea3532c8fb3c553e2c8653edda9ef7dc5201dde9957ea8fb35ed5d83a4f76,fbb23e28eb11504a64b7a9c6185920d6ba5f8bcc9069bd66c36cbad6819878d7,3,3,True,0,0,0,2,2,2,2,2,2,1,1,1,True,True,True,False,False
train,petfinder-pawpularity-score,065ea3532c8fb3c553e2c8653edda9ef7dc5201dde9957ea8fb35ed5d83a4f76,16a6194083e8b5031c3feb83bfe66c9eda627c247863474eb7900f6989125609,3,3,True,0,0,0,3,3,3,3,3,3,1,1,1,True,True,True,False,False
train,petfinder-pawpularity-score,0f16d3128f56f0eeb08f78944cb50b622b2a06919e5a01896687cfac025ff3c9,8d4143ccc396b4f38427565db8e0450babab30c13e1cfbe0bc61e954ff38581d,3,2,True,1,1,0,1,3,3,1,3,3,2,1,1,False,True,True,True,True
train,petfinder-pawpularity-score,0f16d3128f56f0eeb08f78944cb50b622b2a06919e5a01896687cfac025ff3c9,c1e7fda8ccb95fba1482151db162d1356de2477ce8b7b31dd5283e02b01134b2,3,2,False,,0,1,1,1,1,1,1,1,,,,False,False,False,False,False
train,petfinder-pawpularity-score,97e48a04574b15bb2af0f23bca146b68a1589a961240a6feb36920e85ee7c33a,d96d3b3ec277ad9b4833f5633c7a26f8e4ec9834ee0948c324f950e48e8d9b2b,3,3,True,0,0,0,3,3,3,3,3,3,1,1,1,True,True,True,False,False
train,petfinder-pawpularity-score,065ea3532c8fb3c553e2c8653edda9ef7dc5201dde9957ea8fb35ed5d83a4f76,d2069f4dfe2f0c47d92f1083145e0562f0aa859fd6066a6c2f0ad95d5d83696e,3,3,True,0,0,0,3,3,3,3,3,3,1,1,1,True,True,True,False,False
train,petfinder-pawpularity-score,d04d2a0c9010c5a57013d733dcfbe65f6bf37cb3b2bc8cfc3a9a87537144e312,963345cc8644309423fe3e66a23c8a7b42d15252b31368c6c8e970e130b7d332,3,3,True,0,0,0,3,3,3,3,3,3,1,1,1,True,True,True,False,False
train,petfinder-pawpularity-score,065ea3532c8fb3c553e2c8653edda9ef7dc5201dde9957ea8fb35ed5d83a4f76,819a4cb17bca58ae9a3161af9000417ed81a3be1122dca4f84c910b082536fe2,3,3,True,0,0,0,3,3,3,3,3,3,1,1,1,True,True,True,False,False
train,petfinder-pawpularity-score,065ea3532c8fb3c553e2c8653edda9ef7dc5201dde9957ea8fb35ed5d83a4f76,3926a1762f4535691a3b7c83853ed0aaf21180e023df9c23e2a128dce878d249,3,3,True,0,0,0,3,3,3,3,3,3,1,1,1,True,True,True,False,False
train,petfinder-pawpularity-score,065ea3532c8fb3c553e2c8653edda9ef7dc5201dde9957ea8fb35ed5d83a4f76,2f616a890d4ffff75a3c9714f713fd6b0d5c954eed759866e73aab03d797a060,3,3,True,0,0,0,3,3,3,3,3,3,1,1,1,True,True,True,False,False
train,petfinder-pawpularity-score,065ea3532c8fb3c553e2c8653edda9ef7dc5201dde9957ea8fb35ed5d83a4f76,c5dc31ad4588b8c42849b2d96bc321dba2d745422d98c12a8a61c6457cb68ae0,3,3,True,0,0,0,3,3,3,3,3,3,1,1,1,True,True,True,False,False
train,petfinder-pawpularity-score,0700ece5d8809925c88ae5dec8084719ac56ffe5a1a58a57d556ff391c6c2361,ab1aabb58a3fbf108184c8dbb091cb9b4f274a88b689b7b59cefe3d884cf5be3,3,2,True,1,1,0,1,3,3,1,3,3,2,1,1,False,True,True,True,True
train,petfinder-pawpularity-score,d04d2a0c9010c5a57013d733dcfbe65f6bf37cb3b2bc8cfc3a9a87537144e312,ef3234a4a784475171717a432356dc4e58b01f5a23203cde5fa6f8f4d5506851,3,3,True,0,0,0,3,3,3,3,3,3,1,1,1,True,True,True,False,False
train,petfinder-pawpularity-score,5f7a7bb859d4d09e20044bbc80e8023434a295a87a6d45034e36a3ad677409ff,0fcdbf05feecf065792d12e9c16cc186e2e4d759a5b491b1d083c2ad4502de0f,2,2,True,0,0,0,1,1,1,1,1,1,1,1,1,True,True,True,False,False
train,petfinder-pawpularity-score,43db491bc94ef4cd175f3e38d9055865c5ba4fcfe7b7e8ce4a3b00943e72a210,1a919b747a7a8de8a9c9380027a9e253377aff4f7123d9e224b03d01bb0c833b,2,2,True,0,0,0,1,1,1,1,1,1,1,1,1,True,True,True,False,False
train,petfinder-pawpularity-score,97e48a04574b15bb2af0f23bca146b68a1589a961240a6feb36920e85ee7c33a,347f239605b4974321ebf3e5589d269ba196cb1f47234f41c6b8c06406d235c9,3,3,True,0,0,0,3,3,3,3,3,3,1,1,1,True,True,True,False,False
train,petfinder-pawpularity-score,cdb97400fed802297a7f64dd2fe67cac15ca4d243ec13f50c2a91a8395727fda,a0573ad00f738a1be4c254ff8800bc64750369731404cef56b47fddaa9c5a39b,2,2,True,0,0,0,1,1,1,1,1,1,1,1,1,True,True,True,False,False
train,petfinder-pawpularity-score,18ed29b0154f7009e2289c8ebfbe183267aa5f190a6dfb18c041e0d3f0a50198,b72b11cec6acf6089fe850452020c0f76443a17f7d35eaf16353c4702fb79c2e,3,3,True,0,0,0,3,3,3,3,3,3,1,1,1,True,True,True,False,False
train,petfinder-pawpularity-score,d04d2a0c9010c5a57013d733dcfbe65f6bf37cb3b2bc8cfc3a9a87537144e312,4acdc3b37e330ede554bf3cd1c5e9326cac4db13bb28d9b3884794b49ede23c7,3,2,True,1,1,0,1,3,3,1,3,3,2,1,1,False,True,True,True,True
train,petfinder-pawpularity-score,a3bc595641a5fb7a06bb3940329925d9734e7f0162d1727e36307e3aaa29d961,252dac738efa87e0c1e4eaaa55f8c89520d6b6b9679a375f5b097daabb0dc196,3,2,False,,0,1,1,1,1,1,1,1,,,,False,False,False,False,False
train,petfinder-pawpularity-score,d04d2a0c9010c5a57013d733dcfbe65f6bf37cb3b2bc8cfc3a9a87537144e312,a8036dc9d3ce08bffe5cf1aa141a6fac8e92b2b2be7bad47ba59adf82ba526c3,3,3,True,0,0,0,3,3,3,3,3,3,1,1,1,True,True,True,False,False
train,petfinder-pawpularity-score,2e272a3d7d9c525d6c56a59efb6f1eac93496a62d43fd05f9a134f6727f91362,9def6e28394d596bb476fc23002806a9dc77d03adbea389da94bdad7e368278a,3,2,True,1,1,0,1,3,3,1,3,3,2,1,1,False,True,True,True,True
train,petfinder-pawpularity-score,0f16d3128f56f0eeb08f78944cb50b622b2a06919e5a01896687cfac025ff3c9,9fddb7acc47c1cc15f3e4de341f8e587ef1d0ddeee36c8cbb0a54d3af6510e62,3,3,True,0,0,0,3,3,3,3,3,3,1,1,1,True,True,True,False,False
train,petfinder-pawpularity-score,065ea3532c8fb3c553e2c8653edda9ef7dc5201dde9957ea8fb35ed5d83a4f76,76f247424f12f90557a8eaa96b44c50055719eec6907e5009073ec67dc2e23af,3,2,True,1,1,0,1,3,3,1,3,3,2,1,1,False,True,True,True,True
train,petfinder-pawpularity-score,43db491bc94ef4cd175f3e38d9055865c5ba4fcfe7b7e8ce4a3b00943e72a210,d4c1ae9412ab6e45ef9c6a686810f2978d36e55a00e10f102a02466c8c56922c,2,2,True,0,0,0,1,1,1,1,1,1,1,1,1,True,True,True,False,False
train,petfinder-pawpularity-score,065ea3532c8fb3c553e2c8653edda9ef7dc5201dde9957ea8fb35ed5d83a4f76,2db05eb47da404e44cd8d69dcae71bb6d98f0d0dfd5cc70077bdd593b437df54,3,3,True,0,0,0,3,3,3,3,3,3,1,1,1,True,True,True,False,False
train,petfinder-pawpularity-score,d04d2a0c9010c5a57013d733dcfbe65f6bf37cb3b2bc8cfc3a9a87537144e312,a27b903dd803789c778fe44d057290662c6be7a8e2e8949641c4660ce314f8da,3,2,True,1,1,0,1,3,3,1,3,3,2,1,1,False,True,True,True,True
train,petfinder-pawpularity-score,d04d2a0c9010c5a57013d733dcfbe65f6bf37cb3b2bc8cfc3a9a87537144e312,86f55a0be70fd6b000f92f50aa95150fbdc6e5f9572cf3616380bd6152698f56,3,3,True,0,0,0,3,3,3,3,3,3,1,1,1,True,True,True,False,False
train,petfinder-pawpularity-score,72066c7ce41bd5b9e2498366afc9c8ab673ab7954a69b414ffc66174be59e8f1,cad39e5dbe5e90663cd267c2c5495d5ce7f6fe0374d6e9973c1d20287cf413da,3,2,False,,0,1,1,1,1,1,1,1,,,,False,False,False,False,False
train,petfinder-pawpularity-score,c61bc2a027d6bee3ea1b74666cfd3491d8a5b01b5e430da1069b4467c7ffd7ca,6742d028c65b6915249f22c5e77cab5d7531c672941e76b8f51bb4f182cf1ac0,5,4,True,1,1,0,6,10,10,6,10,10,2,1,1,False,True,True,True,True
train,petfinder-pawpularity-score,10758a639af9d60a86f6bf0ca1998c9fa12495de538216c9169c7247dc3905e0,7e3d2aacadb8384d148be58e243df0bb669e013d4c086581e4f0cfdb522ced0d,2,2,True,0,0,0,1,1,1,1,1,1,1,1,1,True,True,True,False,False
train,petfinder-pawpularity-score,3202ff43204353a80f75efd6c3aec103e95acbe966e563d177eb1c37816c837e,e3a8649b36d26fcc0f96643dc14ac58225e26617adf0c7f0ccf9394c0a51e5f3,5,3,True,2,2,0,3,9,9,3,9,9,3,1,1,False,True,True,True,True
train,petfinder-pawpularity-score,d04d2a0c9010c5a57013d733dcfbe65f6bf37cb3b2bc8cfc3a9a87537144e312,ace2556642578d3e48e86d3d8175e3f53e47fbbc877b9832dd88cb211ce5ee37,3,3,True,0,0,0,3,3,3,3,3,3,1,1,1,True,True,True,False,False
train,petfinder-pawpularity-score,065ea3532c8fb3c553e2c8653edda9ef7dc5201dde9957ea8fb35ed5d83a4f76,f77eab10f54e17949bb98507a43276e9f4f6ec78d9baec2538ca8b143e052493,3,3,True,0,0,0,3,3,3,3,3,3,1,1,1,True,True,True,False,False
train,petfinder-pawpularity-score,0700ece5d8809925c88ae5dec8084719ac56ffe5a1a58a57d556ff391c6c2361,97b3edaf37bef7aad916ab52244b3841eb7e66d853922a9969cc142b77434ef5,3,3,True,0,0,0,3,3,3,3,3,3,1,1,1,True,True,True,False,False
train,petfinder-pawpularity-score,02fb2170bf660ce9661165f48b9ccfb9a581714aa60500339b12b816ca6aa35b,2bc299bb8ab7d90e49a137d51da6ca1b2f6792752011d1e25394c8ba5c9372aa,3,3,True,0,0,0,3,3,3,3,3,3,1,1,1,True,True,True,False,False
train,petfinder-pawpularity-score,18ed29b0154f7009e2289c8ebfbe183267aa5f190a6dfb18c041e0d3f0a50198,a0b1f37daee14f8a8a520d6b796a5bf0f65b34e81219fdf597e31dfc2415c6fe,3,3,True,0,0,0,3,3,3,3,3,3,1,1,1,True,True,True,False,False
train,petfinder-pawpularity-score,18ed29b0154f7009e2289c8ebfbe183267aa5f190a6dfb18c041e0d3f0a50198,2c917a3678e2b3e313556825b58a08d5643e86881d49bd4bcd63bae22cb52c97,3,2,True,1,1,0,1,3,3,1,3,3,2,1,1,False,True,True,True,True
train,petfinder-pawpularity-score,0700ece5d8809925c88ae5dec8084719ac56ffe5a1a58a57d556ff391c6c2361,8c632a3a4dc42042f119c917a79e21e5cb596daf7bf65468eb38513e6e5ce487,3,2,True,1,1,0,1,3,3,1,3,3,2,1,1,False,True,True,True,True
train,petfinder-pawpularity-score,065ea3532c8fb3c553e2c8653edda9ef7dc5201dde9957ea8fb35ed5d83a4f76,ee1ff3629ab7af681e416aa6b73e2b8d032bf1633ce6a50857b9840310eefff9,3,3,True,0,0,0,3,3,3,3,3,3,1,1,1,True,True,True,False,False
train,petfinder-pawpularity-score,3202ff43204353a80f75efd6c3aec103e95acbe966e563d177eb1c37816c837e,b6c90930007e882e6daed0ac05e7932d2d7ef7298b87f09780ed7320a00c7214,5,3,False,,0,2,3,3,3,3,3,3,,,,False,False,False,False,False
train,petfinder-pawpularity-score,065ea3532c8fb3c553e2c8653edda9ef7dc5201dde9957ea8fb35ed5d83a4f76,3e7d87108a956214d0c3e9875333b217bf17fea5bc2d79bf32153d08824de1f1,3,3,True,0,0,0,3,3,3,3,3,3,1,1,1,True,True,True,False,False
train,petfinder-pawpularity-score,d04d2a0c9010c5a57013d733dcfbe65f6bf37cb3b2bc8cfc3a9a87537144e312,dbf1b8a4666634f80bda01db58e5d8b8857444758d7e3740ead6f40352f64703,3,2,True,1,1,0,1,3,3,1,3,3,2,1,1,False,True,True,True,True
train,petfinder-pawpularity-score,72066c7ce41bd5b9e2498366afc9c8ab673ab7954a69b414ffc66174be59e8f1,57a9d55c497ab28f5c71d655e71ce286e6dc68f884b9a4f2d8657487ca4ebe61,3,3,True,0,0,0,3,3,3,3,3,3,1,1,1,True,True,True,False,False
train,petfinder-pawpularity-score,e2069536d5dcc1ab8b2bc9c3df6050a4d35863d836e071f7c02a2e54c2ce21a0,7e4dd8131b8277cc3967a50e8e37fabc7ae56d1736027e372030e078fc936fa7,2,2,True,0,0,0,1,1,1,1,1,1,1,1,1,True,True,True,False,False
train,petfinder-pawpularity-score,065ea3532c8fb3c553e2c8653edda9ef7dc5201dde9957ea8fb35ed5d83a4f76,d12a799eb0c8a16af816dd0332d470ff8c661c047e5e25bd2da6ddbabb7a6a51,3,2,True,1,1,0,1,3,3,1,3,3,2,1,1,False,True,True,True,True
train,petfinder-pawpularity-score,065ea3532c8fb3c553e2c8653edda9ef7dc5201dde9957ea8fb35ed5d83a4f76,b2d7455ac4d2e6183954b2d7f1fed07be73e9eb385896ff0322818af2d503fe2,3,3,True,0,0,0,3,3,3,3,3,3,1,1,1,True,True,True,False,False
train,petfinder-pawpularity-score,065ea3532c8fb3c553e2c8653edda9ef7dc5201dde9957ea8fb35ed5d83a4f76,600c68ed578487b1418265b12cd5ec5f199c919f189a40565e948ac7d566dedf,3,3,True,0,0,0,3,3,3,3,3,3,1,1,1,True,True,True,False,False
train,petfinder-pawpularity-score,d04d2a0c9010c5a57013d733dcfbe65f6bf37cb3b2bc8cfc3a9a87537144e312,055f1bedf939a7234e6424afd8ec811e8e1fd4738c1165e64ad04a679c480ec4,3,3,True,0,0,0,3,3,3,3,3,3,1,1,1,True,True,True,False,False
train,petfinder-pawpularity-score,18ed29b0154f7009e2289c8ebfbe183267aa5f190a6dfb18c041e0d3f0a50198,85ba0989d9692a1a2edb5a0052159ca6db63db8ceae4643ead91400044d92f02,3,2,True,1,1,0,1,3,3,1,3,3,2,1,1,False,True,True,True,True
train,petfinder-pawpularity-score,065ea3532c8fb3c553e2c8653edda9ef7dc5201dde9957ea8fb35ed5d83a4f76,aab4f4dc4bfadb59d211469aa2d45bb3ee00d92a4674d3dfd2366c193e623084,3,3,True,0,0,0,3,3,3,3,3,3,1,1,1,True,True,True,False,False
train,petfinder-pawpularity-score,97e48a04574b15bb2af0f23bca146b68a1589a961240a6feb36920e85ee7c33a,c21f516890ffe35ea630433b7efaff2c42396afd53e3f214d169ab904c63506a,3,2,True,1,0,1,1,1,1,1,1,1,2,2,2,False,False,False,False,False
train,petfinder-pawpularity-score,065ea3532c8fb3c553e2c8653edda9ef7dc5201dde9957ea8fb35ed5d83a4f76,31937046623dae82a77df4fad67ef43344bc812953a7dca5efe8ec2086c8eb0b,3,2,True,1,1,0,1,3,3,1,3,3,2,1,1,False,True,True,True,True
train,petfinder-pawpularity-score,a3bc595641a5fb7a06bb3940329925d9734e7f0162d1727e36307e3aaa29d961,18f3c9d29dcf3b5bea8bdc8dd33e94998b6dff5e9537db0a4ec04a0d8ab29234,3,2,True,1,1,0,1,3,3,1,3,3,2,1,1,False,True,True,True,True
train,petfinder-pawpularity-score,759553a1bb5cfbc3277de629962e2c3a89246c50bf0dd74877208ef2e6b36d8f,dc1c7ea07959afbbcd43b46f8de4ec28edd2b7f81b3dbca9f89ce3bb8a9c6c23,2,2,True,0,0,0,1,1,1,1,1,1,1,1,1,True,True,True,False,False
train,petfinder-pawpularity-score,97e48a04574b15bb2af0f23bca146b68a1589a961240a6feb36920e85ee7c33a,2807cae6c95cf3b90dc754f213843a7c406fbcd8c1c34d0417306fc4d98b3984,3,2,True,1,0,1,1,1,1,1,1,1,2,2,2,False,False,False,False,False
train,petfinder-pawpularity-score,2e272a3d7d9c525d6c56a59efb6f1eac93496a62d43fd05f9a134f6727f91362,d68e5f92136ff4adb29478b46d31f12dc57d49fcaad6ca9d38538ac2455418cb,3,2,True,1,1,0,1,3,3,1,3,3,2,1,1,False,True,True,True,True
train,petfinder-pawpularity-score,065ea3532c8fb3c553e2c8653edda9ef7dc5201dde9957ea8fb35ed5d83a4f76,3cb8906b7c596d8ff7f4f6eed6d1019a9f50165a68fb5a7a4459a518208a30ac,3,2,True,1,1,0,1,3,3,1,3,3,2,1,1,False,True,True,True,True
train,petfinder-pawpularity-score,065ea3532c8fb3c553e2c8653edda9ef7dc5201dde9957ea8fb35ed5d83a4f76,c0ff746fd6f8eec9fbcd2fc8773976d167d27d2719e14880316e176df2d21382,3,3,True,0,0,0,3,3,3,3,3,3,1,1,1,True,True,True,False,False
train,petfinder-pawpularity-score,065ea3532c8fb3c553e2c8653edda9ef7dc5201dde9957ea8fb35ed5d83a4f76,212a8801e2d8dad76f54664bc0058cbc8bec2060ae4b255ac145d704a9ed5946,3,2,True,1,1,0,1,3,3,1,3,3,2,1,1,False,True,True,True,True
train,petfinder-pawpularity-score,a1c1a13ce15146b2f93338210fea50c4ad6914be448dc707889ece4e1c2c701f,4ed5885a06ddec9ddf53b2f29a76135e32dc4ff9ec3d07bf787f5339cf3781db,3,2,True,1,0,1,1,1,1,1,1,1,2,2,2,False,False,False,False,False
train,petfinder-pawpularity-score,a3bc595641a5fb7a06bb3940329925d9734e7f0162d1727e36307e3aaa29d961,231b58a475dc151fe9cfc34241c1b6019f5d3f2c24db067c4fc919045e36e94b,3,3,True,0,0,0,3,3,3,3,3,3,1,1,1,True,True,True,False,False
train,petfinder-pawpularity-score,065ea3532c8fb3c553e2c8653edda9ef7dc5201dde9957ea8fb35ed5d83a4f76,64c9dc0708b03f48283df9f3f19bf7966b5ca6827672d1304d333fc41b07c2cd,3,3,True,0,0,0,3,3,3,3,3,3,1,1,1,True,True,True,False,False
train,petfinder-pawpularity-score,065ea3532c8fb3c553e2c8653edda9ef7dc5201dde9957ea8fb35ed5d83a4f76,380c09f50a8626051b0a280c939d785570016bec8b14dde53cc29b55b4b9ebdd,3,3,True,0,0,0,3,3,3,3,3,3,1,1,1,True,True,True,False,False
train,petfinder-pawpularity-score,cdb97400fed802297a7f64dd2fe67cac15ca4d243ec13f50c2a91a8395727fda,b113fecc735ca2f3bf4a8fa98bc3cca0a6ee88c16f9069ed5d20123d60fb2421,2,2,True,0,0,0,1,1,1,1,1,1,1,1,1,True,True,True,False,False
train,petfinder-pawpularity-score,065ea3532c8fb3c553e2c8653edda9ef7dc5201dde9957ea8fb35ed5d83a4f76,4e711ccf8662a1d18c6707f67532c34d9b2c0cb99723fb9222bbf6bf516483f5,3,3,True,0,0,0,3,3,3,3,3,3,1,1,1,True,True,True,False,False
train,petfinder-pawpularity-score,5d45ddc3791176f7246a2537a0b1b8b170a3cdf9ef99d7a71c9b134adb0aa1ed,716850211aec28fac7fb6a4ab7ae2aee176ea9c9b92084afe938a25fdf0ee263,2,2,True,0,0,0,1,1,1,1,1,1,1,1,1,True,True,True,False,False
train,petfinder-pawpularity-score,02fb2170bf660ce9661165f48b9ccfb9a581714aa60500339b12b816ca6aa35b,13c28a5d89882f94022bbfb826fe2064cc8f8c94805cea1781b7d3c671bc5fbe,3,2,True,1,0,1,1,1,1,1,1,1,2,2,2,False,False,False,False,False
train,petfinder-pawpularity-score,759553a1bb5cfbc3277de629962e2c3a89246c50bf0dd74877208ef2e6b36d8f,a2bf46a36d91f6fadf259d6097e5e2b3c69860fbb5c332c3d63410f816422d5c,2,2,True,0,0,0,1,1,1,1,1,1,1,1,1,True,True,True,False,False
train,petfinder-pawpularity-score,02fb2170bf660ce9661165f48b9ccfb9a581714aa60500339b12b816ca6aa35b,723ccdf91be8d0caa39fa5767afce37c2f2a0b3adb879472caa0ae3e1fe67b84,3,3,True,0,0,0,3,3,3,3,3,3,1,1,1,True,True,True,False,False
train,petfinder-pawpularity-score,065ea3532c8fb3c553e2c8653edda9ef7dc5201dde9957ea8fb35ed5d83a4f76,b8fc8f47686e1772ca9f098c8ceae6b610c8db1ecbee4ef2f33637206098b2bb,3,3,True,0,0,0,3,3,3,3,3,3,1,1,1,True,True,True,False,False
train,petfinder-pawpularity-score,d04d2a0c9010c5a57013d733dcfbe65f6bf37cb3b2bc8cfc3a9a87537144e312,c8cb9d2ff6c6dfab5337c49434e2698e518680e6de3f427fd6077acd131680e7,3,3,True,0,0,0,3,3,3,3,3,3,1,1,1,True,True,True,False,False
train,petfinder-pawpularity-score,e55a15ca3b8d0937df31576cb0d4e34a9ac779094fb132091a20046b57b9850c,4e84dbdda80de9f321fe91dace55c05369d9e92b713ef3e1712836f08191018d,2,2,True,0,0,0,1,1,1,1,1,1,1,1,1,True,True,True,False,False
train,petfinder-pawpularity-score,065ea3532c8fb3c553e2c8653edda9ef7dc5201dde9957ea8fb35ed5d83a4f76,7c4bdd420fa643128c93d6f5603e70520bf78ddeff425b2bbccb12c21550239c,3,3,True,0,0,0,3,3,3,3,3,3,1,1,1,True,True,True,False,False
train,petfinder-pawpularity-score,065ea3532c8fb3c553e2c8653edda9ef7dc5201dde9957ea8fb35ed5d83a4f76,25e30f4722d15c1a7d89baedf6f1309f5c83879b29cc6e9de74650ac6cd37862,3,3,True,0,0,0,3,3,3,3,3,3,1,1,1,True,True,True,False,False
train,petfinder-pawpularity-score,72066c7ce41bd5b9e2498366afc9c8ab673ab7954a69b414ffc66174be59e8f1,d073aeb138bc0e35388ac45a8c7123efcbed5b391385cd1c5511cea7d508bcbb,3,2,True,1,1,0,1,3,3,1,3,3,2,1,1,False,True,True,True,True
train,petfinder-pawpularity-score,a1c1a13ce15146b2f93338210fea50c4ad6914be448dc707889ece4e1c2c701f,3a055a2129e6d7ff970d3eb47749fcc34936be385d7dbc58646ade14e0025182,3,3,True,0,0,0,3,3,3,3,3,3,1,1,1,True,True,True,False,False
train,petfinder-pawpularity-score,0f16d3128f56f0eeb08f78944cb50b622b2a06919e5a01896687cfac025ff3c9,7f0215ca498a26f68cd6b92b5adb148f285108f4334c68a2b069d54ab4b568e9,3,3,True,0,0,0,3,3,3,3,3,3,1,1,1,True,True,True,False,False
train,petfinder-pawpularity-score,065ea3532c8fb3c553e2c8653edda9ef7dc5201dde9957ea8fb35ed5d83a4f76,8a2bb7e9da94df94af70d4112c50437b00bd8d86cdbe713409b891a0954d5601,3,3,True,0,0,0,3,3,3,3,3,3,1,1,1,True,True,True,False,False
train,petfinder-pawpularity-score,065ea3532c8fb3c553e2c8653edda9ef7dc5201dde9957ea8fb35ed5d83a4f76,119b88aedec7848011b01df1f257f5f9357f1f7eaa482ac7b35c3b0bebbf657a,3,3,True,0,0,0,3,3,3,3,3,3,1,1,1,True,True,True,False,False
train,petfinder-pawpularity-score,298f5bce476532787b4d6e101ce05f5a6926af2b7bd8d709a9b036cfc8fef23d,7309323c3520b66af65e3e28f96da7bdbc706e2efb2fe3647d452f798e42a6c2,2,2,True,0,0,0,1,1,1,1,1,1,1,1,1,True,True,True,False,False
train,petfinder-pawpularity-score,061ac69ff99ca80cb8b61f125f27cc8fe3392046c2700f8c8f6100471f4aa809,8e514d59952f576590a07a1c238404365f966b81295c58b11d9f03e04701f9fd,2,2,True,0,0,0,1,1,1,1,1,1,1,1,1,True,True,True,False,False
train,petfinder-pawpularity-score,065ea3532c8fb3c553e2c8653edda9ef7dc5201dde9957ea8fb35ed5d83a4f76,16156a8e04c0bf26f3364ad272f6b6c4d44e637b7ed5386b155cb1fc39d508f6,3,2,True,1,1,0,1,3,3,1,3,3,2,1,1,False,True,True,True,True
train,petfinder-pawpularity-score,0700ece5d8809925c88ae5dec8084719ac56ffe5a1a58a57d556ff391c6c2361,ac81449bcae48a5169eca360f65b7e341a0b3e3fbac7c49f542dfdde593001fd,3,3,True,0,0,0,3,3,3,3,3,3,1,1,1,True,True,True,False,False
train,petfinder-pawpularity-score,065ea3532c8fb3c553e2c8653edda9ef7dc5201dde9957ea8fb35ed5d83a4f76,f9942980676653df793b324940a97334cb23294c7a0e5754593c24a4cc0e015d,3,3,True,0,0,0,3,3,3,3,3,3,1,1,1,True,True,True,False,False
train,petfinder-pawpularity-score,065ea3532c8fb3c553e2c8653edda9ef7dc5201dde9957ea8fb35ed5d83a4f76,ab18e0cdd5e9285663ec3a7a3cc252f8c70312749c54bb6bf6574bd25a690f24,3,3,True,0,0,0,3,3,3,3,3,3,1,1,1,True,True,True,False,False
train,petfinder-pawpularity-score,065ea3532c8fb3c553e2c8653edda9ef7dc5201dde9957ea8fb35ed5d83a4f76,660c98fb17ed3415717bfe73a46efe52b0e2de18c9d524ae4390ed99412eb48b,3,2,True,1,1,0,1,3,3,1,3,3,2,1,1,False,True,True,True,True
train,petfinder-pawpularity-score,5d45ddc3791176f7246a2537a0b1b8b170a3cdf9ef99d7a71c9b134adb0aa1ed,5d0436151a8fe29f0f3347bceafb1ff4e55edea5721ad2eebb9ab7d7ad557bd6,2,2,True,0,0,0,1,1,1,1,1,1,1,1,1,True,True,True,False,False
train,petfinder-pawpularity-score,065ea3532c8fb3c553e2c8653edda9ef7dc5201dde9957ea8fb35ed5d83a4f76,cc4564f8a3294a83955eb775b2feed4d5da67425f2b8fa9f1fb84a42984591e5,3,2,True,1,1,0,1,3,3,1,3,3,2,1,1,False,True,True,True,True
train,petfinder-pawpularity-score,d04d2a0c9010c5a57013d733dcfbe65f6bf37cb3b2bc8cfc3a9a87537144e312,49f9c2ff9ffa522bfd116a4f16d6c7a7714bd78389bfe7eb455f741cf288c0d8,3,2,True,1,1,0,1,3,3,1,3,3,2,1,1,False,True,True,True,True
train,random-acts-of-pizza,aae8a04c51b578e3cb03742bef4297fb13500ac759a508a8dcb2598d0294b5d7,d03e85a11ca8df4cdfe6d7cf2513c535456a786eae1116cd58e0aa045b3bdee7,2,2,True,0,0,0,1,1,1,1,1,1,1,1,1,True,True,True,False,False
train,random-acts-of-pizza,005434a4398e22cf2362099c9ca68c05f0b677a885ffcdcd2697ff1364f1385f,d496ea1d02314007123e41547d44e0b2b18685ea2fe88c31d5ccb4a0346712f4,2,2,True,0,0,0,1,1,1,1,1,1,1,1,1,True,True,True,False,False
train,random-acts-of-pizza,d4f57a72db8a1e5513cb50ea30e9f1dd8b4f23cf3d87edd5801f0cbac5fa1944,ada8063dfaf5deea4c6772a672c70bc29dd622370299514d8b53145582ea3ccf,5,2,False,,0,3,1,1,1,1,1,1,,,,False,False,False,False,False
train,random-acts-of-pizza,aae8a04c51b578e3cb03742bef4297fb13500ac759a508a8dcb2598d0294b5d7,3f92ecf244492b3423ab54c1edf07abf9aec099dd089f4db6eae01f4f4ba8220,2,2,True,0,0,0,1,1,1,1,1,1,1,1,1,True,True,True,False,False
train,random-acts-of-pizza,005434a4398e22cf2362099c9ca68c05f0b677a885ffcdcd2697ff1364f1385f,f79adee1bf3a0a4441af882537b85a47244d90bcb9707c5c7cd7b81dda154e2c,2,2,True,0,0,0,1,1,1,1,1,1,1,1,1,True,True,True,False,False
train,random-acts-of-pizza,d47dbc9467ed0597dea03427adb048030c72039e11fcee4d2f1395bdaf77043d,0139cd24038fd3b3b821f114f0619cb6e914f5c02982db46a37a5a634609f2ff,2,2,True,0,0,0,1,1,1,1,1,1,1,1,1,True,True,True,False,False
train,random-acts-of-pizza,aae8a04c51b578e3cb03742bef4297fb13500ac759a508a8dcb2598d0294b5d7,d11073d3ceb42591a7fea87e2df6c2af8e575862b91ab81600b6e3a126b67c42,2,2,True,0,0,0,1,1,1,1,1,1,1,1,1,True,True,True,False,False
train,random-acts-of-pizza,005434a4398e22cf2362099c9ca68c05f0b677a885ffcdcd2697ff1364f1385f,94202a1077786af0953c3a6fcdf1e1ecda8a5680fd80c58dc842e403897d1b0a,2,2,True,0,0,0,1,1,1,1,1,1,1,1,1,True,True,True,False,False
train,random-acts-of-pizza,005434a4398e22cf2362099c9ca68c05f0b677a885ffcdcd2697ff1364f1385f,930f21d505e5e112d784d7acc654b34b67bc81d3c2f83d63f7a8b5c09e92cafe,2,2,True,0,0,0,1,1,1,1,1,1,1,1,1,True,True,True,False,False
train,random-acts-of-pizza,4c52117438a449ffb910a43b349995b53831b7e86669226b4434aad31cd082ba,a27f8dcd509558bec23c3dfec7e54a50ec713e05a1f260ab124a9430b007d742,3,3,True,0,0,0,3,3,3,3,3,3,1,1,1,True,True,True,False,False
train,random-acts-of-pizza,51f74279411d66a606470d6c317c3f6514784ca34b2d13ca792c7f8e9fdfc9a1,9888ef3d9313a950a5ad37e2474a17b5e11491d4a5c34280cb0f4038f14273fd,3,2,True,1,1,0,1,3,3,1,3,3,2,1,1,False,True,True,True,True
train,random-acts-of-pizza,fc929e31b3ccd95e2c1c9af5c40e3427573497739f53da9585062e12c3280c7e,6c2751ebc99caf17f1c4fef88503efccaa8e65fb537d3fbff8993af947c04b6c,2,2,True,0,0,0,1,1,1,1,1,1,1,1,1,True,True,True,False,False
train,random-acts-of-pizza,51f74279411d66a606470d6c317c3f6514784ca34b2d13ca792c7f8e9fdfc9a1,7defe3369d53a6b39e16afe7c53bd85febe178ebf4c3430a3618b8787ddf66f2,3,2,True,1,1,0,1,3,3,1,3,3,2,1,1,False,True,True,True,True
train,random-acts-of-pizza,cb381cbea24be3d87ecb375624869a5cd4c17e4dd63b9c4e4903b172de974fb0,7971acd5e22d988e38c22f42a02ab4e69613cb717b5857d900275913c2e039cd,3,3,True,0,0,0,3,3,3,3,3,3,1,1,1,True,True,True,False,False
train,random-acts-of-pizza,005434a4398e22cf2362099c9ca68c05f0b677a885ffcdcd2697ff1364f1385f,af2e19a6b9394dac30ebef6e40c9f368fa27d00d1c95579d35bcbb5135cbea58,2,2,True,0,0,0,1,1,1,1,1,1,1,1,1,True,True,True,False,False
train,random-acts-of-pizza,709f6277bc6fc769626b8b0bcdeaf4ba6cc80d28ec8853a88a83c8c3a5e56ebd,6b38efdf3dc3325e0065ddaa4c394409d4544fea129fb1ecddab8c99e1b45d21,2,2,True,0,0,0,1,1,1,1,1,1,1,1,1,True,True,True,False,False
train,random-acts-of-pizza,51f74279411d66a606470d6c317c3f6514784ca34b2d13ca792c7f8e9fdfc9a1,7571c3c47eb4c71d795e3c7d1daa3888fcc7ef58e67b373cd4e4e2bec9ff898b,3,3,True,0,0,0,3,3,3,3,3,3,1,1,1,True,True,True,False,False
train,random-acts-of-pizza,51f74279411d66a606470d6c317c3f6514784ca34b2d13ca792c7f8e9fdfc9a1,1e38a3566f1137bdeab8bc507a8157ea882eb2ab5d4c9f11f9740359cf606207,3,3,True,0,0,0,3,3,3,3,3,3,1,1,1,True,True,True,False,False
train,random-acts-of-pizza,51f74279411d66a606470d6c317c3f6514784ca34b2d13ca792c7f8e9fdfc9a1,e15305b310063fdcfd99273cc9c517aa19f378c14740b05a3f892f703833ab50,3,2,True,1,1,0,1,3,3,1,3,3,2,1,1,False,True,True,True,True
train,random-acts-of-pizza,51f74279411d66a606470d6c317c3f6514784ca34b2d13ca792c7f8e9fdfc9a1,f42de6d82d378468cd28a4b033149ed57019a56c2b6992e70636be13fe67f114,3,3,True,0,0,0,3,3,3,3,3,3,1,1,1,True,True,True,False,False
train,random-acts-of-pizza,51f74279411d66a606470d6c317c3f6514784ca34b2d13ca792c7f8e9fdfc9a1,6c0bda67285b43a594dd951ba3321d8795d80a0c5007bc742cc1fb5bd521b2eb,3,3,True,0,0,0,3,3,3,3,3,3,1,1,1,True,True,True,False,False
train,random-acts-of-pizza,709f6277bc6fc769626b8b0bcdeaf4ba6cc80d28ec8853a88a83c8c3a5e56ebd,caf5657d6e5a1e8dfd587a1d302e71453b0b8c06a3eb6891d9b0690ceaee80d2,2,2,True,0,0,0,1,1,1,1,1,1,1,1,1,True,True,True,False,False
train,random-acts-of-pizza,fc929e31b3ccd95e2c1c9af5c40e3427573497739f53da9585062e12c3280c7e,0d1befd7b9c50c151d32b5534856c1a1e0396b7d8a737bbd7f079cd4db1abc51,2,2,True,0,0,0,1,1,1,1,1,1,1,1,1,True,True,True,False,False
train,random-acts-of-pizza,4c52117438a449ffb910a43b349995b53831b7e86669226b4434aad31cd082ba,f32b08cdd96d9c03d88d7073e459515f17309939f0def18f7df7760babd02825,3,3,True,0,0,0,3,3,3,3,3,3,1,1,1,True,True,True,False,False
train,random-acts-of-pizza,4c52117438a449ffb910a43b349995b53831b7e86669226b4434aad31cd082ba,c7305dda3d269efe697e24a33cb727804b63549f0cb2730e69a89f0d13901443,3,3,True,0,0,0,3,3,3,3,3,3,1,1,1,True,True,True,False,False
train,random-acts-of-pizza,d47dbc9467ed0597dea03427adb048030c72039e11fcee4d2f1395bdaf77043d,6485e21417969f94056eae0f8e5fd48c131d18b5ea9222ccf2f6e2dd899ff98c,2,2,True,0,0,0,1,1,1,1,1,1,1,1,1,True,True,True,False,False
train,random-acts-of-pizza,51f74279411d66a606470d6c317c3f6514784ca34b2d13ca792c7f8e9fdfc9a1,1dd1106b3ca626acabd69288ad3c838415b9620262aafe7c10f45de2c241ccb0,3,3,True,0,0,0,3,3,3,3,3,3,1,1,1,True,True,True,False,False
train,random-acts-of-pizza,fc929e31b3ccd95e2c1c9af5c40e3427573497739f53da9585062e12c3280c7e,1af80c6cec4ebeeb6b7344dd851310f26e510a8921b9a281ec3b632b71a1b453,2,2,True,0,0,0,1,1,1,1,1,1,1,1,1,True,True,True,False,False
train,random-acts-of-pizza,e13ca08da3eab1e19426578fac97f459d18da21826f1f3b28754c062cb6a26a0,d7ab43580cd40cf964f877d4acfc64e38bf35e40787770d5fd5318772db6f751,2,2,True,0,0,0,1,1,1,1,1,1,1,1,1,True,True,True,False,False
train,random-acts-of-pizza,4c52117438a449ffb910a43b349995b53831b7e86669226b4434aad31cd082ba,6cfeb08696230c5fed05c068f40e3a0b98f3dfb2879e7ffcb44b43e908621e74,3,3,True,0,0,0,3,3,3,3,3,3,1,1,1,True,True,True,False,False
train,random-acts-of-pizza,cb381cbea24be3d87ecb375624869a5cd4c17e4dd63b9c4e4903b172de974fb0,7d12c919eef5660bf2f13cea24cb4f3ab6aefe75e24ddbdddfd4ba80f4edb990,3,3,True,0,0,0,3,3,3,3,3,3,1,1,1,True,True,True,False,False
train,random-acts-of-pizza,6a6390126b8bf7b5532bb60e9779d49562b6506588417580cb044e7fa576a216,61a52271b8d7e9fd9a4b20fc37482bb6fac93eaa716c7f0f5506f6899b366b20,5,2,False,,0,3,1,1,1,1,1,1,,,,False,False,False,False,False
train,random-acts-of-pizza,51f74279411d66a606470d6c317c3f6514784ca34b2d13ca792c7f8e9fdfc9a1,7647337a27559e44b65e82ca2fd5c51001da9ca96fb2b4743f35b615e419af02,3,2,True,1,1,0,1,3,3,1,3,3,2,1,1,False,True,True,True,True
train,random-acts-of-pizza,51f74279411d66a606470d6c317c3f6514784ca34b2d13ca792c7f8e9fdfc9a1,fc6166597f7e211f9aed83e508b7732159a03dbe04274a2a9dca2206434c99a7,3,2,True,1,1,0,1,3,3,1,3,3,2,1,1,False,True,True,True,True
train,random-acts-of-pizza,fc929e31b3ccd95e2c1c9af5c40e3427573497739f53da9585062e12c3280c7e,94e4468931bc4f7001590fb56d9ac76c493ce53d3059b7de87f72c91f63efd35,2,2,True,0,0,0,1,1,1,1,1,1,1,1,1,True,True,True,False,False
train,random-acts-of-pizza,0551d39b176597531fbd290346199c3ac3bb00413902c727812235851f5476e9,deafb4cc17124079dfc3a44090d14aaca2ceea761275b2d8e7a6463c809a52d7,2,2,True,0,0,0,1,1,1,1,1,1,1,1,1,True,True,True,False,False
train,random-acts-of-pizza,c384fae55a758c7aecd382ed20996305998cd0e04048100352369b3c96889a85,0c2e18950baf9cfc012a0103d7223bb9bd00299f9cc614b7e50d77bb8c67f1d4,4,2,True,2,2,0,1,5,5,1,5,5,3,1,1,False,True,True,True,True
train,random-acts-of-pizza,005434a4398e22cf2362099c9ca68c05f0b677a885ffcdcd2697ff1364f1385f,5333b86b7b5e7987449e27c663bd140c0dcb5f05be437c2ca4c650153455227f,2,2,True,0,0,0,1,1,1,1,1,1,1,1,1,True,True,True,False,False
train,random-acts-of-pizza,005434a4398e22cf2362099c9ca68c05f0b677a885ffcdcd2697ff1364f1385f,c6f4bf0d92684ee8e5447bc3bb5d2f54b83284f0ba285b4a29b82da40e843135,2,2,True,0,0,0,1,1,1,1,1,1,1,1,1,True,True,True,False,False
train,random-acts-of-pizza,aae8a04c51b578e3cb03742bef4297fb13500ac759a508a8dcb2598d0294b5d7,cb3fc7541e434fab6cb2e7f173d1689f913146a9783840b9cb43364bc097ef56,2,2,True,0,0,0,1,1,1,1,1,1,1,1,1,True,True,True,False,False
train,random-acts-of-pizza,aae8a04c51b578e3cb03742bef4297fb13500ac759a508a8dcb2598d0294b5d7,85199dd6a48e6572747d5560afad65706e60925e70009cdad6af0d97fbfa86f8,2,2,True,0,0,0,1,1,1,1,1,1,1,1,1,True,True,True,False,False
train,random-acts-of-pizza,4c52117438a449ffb910a43b349995b53831b7e86669226b4434aad31cd082ba,895b6b4df177875d3cda479e74d325ec7edc81ce0e0755ed20043b6286cbf709,3,3,True,0,0,0,3,3,3,3,3,3,1,1,1,True,True,True,False,False
train,random-acts-of-pizza,aae8a04c51b578e3cb03742bef4297fb13500ac759a508a8dcb2598d0294b5d7,66e11164ca2f3663ae05afb6475dc87d67fab1abeed921f9fa26793802dcad19,2,2,True,0,0,0,1,1,1,1,1,1,1,1,1,True,True,True,False,False
train,random-acts-of-pizza,286a332893db4908c4072cf9c02d541dd347f9077620a68b79fd4827d4afaacb,ab073bf2a42f9fc6509f36d41026fc51cd090bcebd16da11c792d32ac8232fbd,4,2,True,2,2,0,1,5,5,1,5,5,3,1,1,False,True,True,True,True
train,random-acts-of-pizza,005434a4398e22cf2362099c9ca68c05f0b677a885ffcdcd2697ff1364f1385f,ed9de29c88ed7ac69e497dc8237425a1412bd60024db47f9a73210d6bf990cea,2,2,True,0,0,0,1,1,1,1,1,1,1,1,1,True,True,True,False,False
train,random-acts-of-pizza,005434a4398e22cf2362099c9ca68c05f0b677a885ffcdcd2697ff1364f1385f,683de90d4324b56e20c4de94e0f5b083b488efba3406cc2a979608fde57b09d1,2,2,True,0,0,0,1,1,1,1,1,1,1,1,1,True,True,True,False,False
train,random-acts-of-pizza,005434a4398e22cf2362099c9ca68c05f0b677a885ffcdcd2697ff1364f1385f,78be03e9698dfa84fb264e0f1b4142dbb6d67badad90e9bc810d109a1b651647,2,2,True,0,0,0,1,1,1,1,1,1,1,1,1,True,True,True,False,False
train,random-acts-of-pizza,e13ca08da3eab1e19426578fac97f459d18da21826f1f3b28754c062cb6a26a0,a620cca17a786ad255f5abd0bfd4898fa38e33dd227f92c8b300bb5ea3030f65,2,2,True,0,0,0,1,1,1,1,1,1,1,1,1,True,True,True,False,False
train,random-acts-of-pizza,d47dbc9467ed0597dea03427adb048030c72039e11fcee4d2f1395bdaf77043d,a8cb4968bfe0b735bb737bbba15ad9735416938ed5fa2e83dc943c15f3411d86,2,2,True,0,0,0,1,1,1,1,1,1,1,1,1,True,True,True,False,False
train,random-acts-of-pizza,cb381cbea24be3d87ecb375624869a5cd4c17e4dd63b9c4e4903b172de974fb0,5af26c7f39cef19d573344cc72c690c1852357256cffd0ac5811fd85d0fc7f54,3,2,False,,0,1,1,1,1,1,1,1,,,,False,False,False,False,False
train,random-acts-of-pizza,005434a4398e22cf2362099c9ca68c05f0b677a885ffcdcd2697ff1364f1385f,c03478cd9cefd535e28f90f96130d9698f0dad4d3fc8445830ffbf5b4f2e52ea,2,2,True,0,0,0,1,1,1,1,1,1,1,1,1,True,True,True,False,False
train,random-acts-of-pizza,51f74279411d66a606470d6c317c3f6514784ca34b2d13ca792c7f8e9fdfc9a1,9b7369ced050766e59d4ae95698e091f2779352e7e07d4e77e9dccf2113b5af2,3,3,True,0,0,0,3,3,3,3,3,3,1,1,1,True,True,True,False,False
train,random-acts-of-pizza,e13ca08da3eab1e19426578fac97f459d18da21826f1f3b28754c062cb6a26a0,e91a3d05a11b2bc9354ae2b401da3a2f7f1b92eab339ff4bd0b1e8eee12748ff,2,2,True,0,0,0,1,1,1,1,1,1,1,1,1,True,True,True,False,False
train,random-acts-of-pizza,4c52117438a449ffb910a43b349995b53831b7e86669226b4434aad31cd082ba,7dd52c47c9d5091556c44dd72be83289184f64709323d5ead68cad24646fbd95,3,2,True,1,1,0,1,3,3,1,3,3,2,1,1,False,True,True,True,True
train,random-acts-of-pizza,e13ca08da3eab1e19426578fac97f459d18da21826f1f3b28754c062cb6a26a0,2c68389efb9dd1904c6f3d3641735f47a4323bfbd0bed076290ee8c0c54fe5db,2,2,True,0,0,0,1,1,1,1,1,1,1,1,1,True,True,True,False,False
train,random-acts-of-pizza,aae8a04c51b578e3cb03742bef4297fb13500ac759a508a8dcb2598d0294b5d7,5c9f35717df111ba95602fa6381b746fb76c07b251cd8a9939b206601bbdec06,2,2,True,0,0,0,1,1,1,1,1,1,1,1,1,True,True,True,False,False
train,random-acts-of-pizza,51f74279411d66a606470d6c317c3f6514784ca34b2d13ca792c7f8e9fdfc9a1,eb36b7abb35ab5f11ba7b548fd06b579014271350fd828535e5a021b4aeffa0c,3,2,True,1,1,0,1,3,3,1,3,3,2,1,1,False,True,True,True,True
train,random-acts-of-pizza,51f74279411d66a606470d6c317c3f6514784ca34b2d13ca792c7f8e9fdfc9a1,ff41569728f2d3f4fae2f8fcefa7798cb30fc7842e52b0da057dcbac3a30e40a,3,2,True,1,1,0,1,3,3,1,3,3,2,1,1,False,True,True,True,True
train,random-acts-of-pizza,cb381cbea24be3d87ecb375624869a5cd4c17e4dd63b9c4e4903b172de974fb0,0e6dced57ec73a88cc73744c10d501b7d9ecbafaa76c23753e6a66e35caee3f0,3,2,True,1,1,0,1,3,1,1,3,1,2,1,2,False,True,False,True,False
train,random-acts-of-pizza,aae8a04c51b578e3cb03742bef4297fb13500ac759a508a8dcb2598d0294b5d7,3bd433ffc20fff1206374aefebda95a9561cde3d38576d1567500e0d183ab4cd,2,2,True,0,0,0,1,1,1,1,1,1,1,1,1,True,True,True,False,False
train,random-acts-of-pizza,5a62cddd93018ac539644e28e1a296a18560ee98b9687c1ab02d5a7734af1c0c,50a3f61ab0201348b18e8fd7f935a9f6532d2d7c288c1e40ea5469da3cdb5730,3,3,True,0,0,0,3,3,3,3,3,3,1,1,1,True,True,True,False,False
train,random-acts-of-pizza,4c52117438a449ffb910a43b349995b53831b7e86669226b4434aad31cd082ba,254a0f270d1a927e80aec361df0d8715b8932b53cfc8abc29a4e450a00bffc44,3,2,True,1,1,0,1,3,3,1,3,3,2,1,1,False,True,True,True,True
train,random-acts-of-pizza,aae8a04c51b578e3cb03742bef4297fb13500ac759a508a8dcb2598d0294b5d7,08b1940a94fb5c2664bcd7d9a767d208a402cc17f8fdbe2e4516e749d91afa6d,2,2,True,0,0,0,1,1,1,1,1,1,1,1,1,True,True,True,False,False
train,random-acts-of-pizza,51f74279411d66a606470d6c317c3f6514784ca34b2d13ca792c7f8e9fdfc9a1,26fd116100b5025039168adb6a01bd8880e5e471c1181e7bc23faddd9217fdb9,3,2,True,1,1,0,1,3,3,1,3,3,2,1,1,False,True,True,True,True
train,random-acts-of-pizza,5a62cddd93018ac539644e28e1a296a18560ee98b9687c1ab02d5a7734af1c0c,3032b87f4c665197c77adf4e4b6936f74b7ecd83627dfb4f06bffdc769ad1f99,3,2,True,1,1,0,1,3,3,1,3,3,2,1,1,False,True,True,True,True
train,random-acts-of-pizza,51f74279411d66a606470d6c317c3f6514784ca34b2d13ca792c7f8e9fdfc9a1,d2a1810ff9ff02f6e85d0266b4010c86a3c97c8d0784de07b7225128e40409b9,3,3,True,0,0,0,3,3,3,3,3,3,1,1,1,True,True,True,False,False
train,random-acts-of-pizza,cb381cbea24be3d87ecb375624869a5cd4c17e4dd63b9c4e4903b172de974fb0,86452adbc622674a6399991c305406843854f00defdece350ce136a43304c6f1,3,3,True,0,0,0,3,3,3,3,3,3,1,1,1,True,True,True,False,False
train,random-acts-of-pizza,51f74279411d66a606470d6c317c3f6514784ca34b2d13ca792c7f8e9fdfc9a1,b240b9baafd8c80beb6a75af5259b2f1a4d925b8b83e3e4743da67991dcc0c36,3,2,False,,0,1,1,1,1,1,1,1,,,,False,False,False,False,False
train,random-acts-of-pizza,d47dbc9467ed0597dea03427adb048030c72039e11fcee4d2f1395bdaf77043d,cff99751588f8cb9a8455e50a7c48006a8959d05326d9732cba2b6230f189bb8,2,2,True,0,0,0,1,1,1,1,1,1,1,1,1,True,True,True,False,False
train,random-acts-of-pizza,fc929e31b3ccd95e2c1c9af5c40e3427573497739f53da9585062e12c3280c7e,efb98b32da76f98b9569b290c74732152b201f1b7ab9c62bb09480aca8ce4b70,2,2,True,0,0,0,1,1,1,1,1,1,1,1,1,True,True,True,False,False
train,random-acts-of-pizza,fc929e31b3ccd95e2c1c9af5c40e3427573497739f53da9585062e12c3280c7e,96068265ada97d10f887d322efe8f93bf309b0a53391909d94f601351f4d0b8d,2,2,True,0,0,0,1,1,1,1,1,1,1,1,1,True,True,True,False,False
train,random-acts-of-pizza,005434a4398e22cf2362099c9ca68c05f0b677a885ffcdcd2697ff1364f1385f,f3033d63306200f010e01c97b973369c73982d6edd11bda86ad9ad1e6b70d7ed,2,2,True,0,0,0,1,1,1,1,1,1,1,1,1,True,True,True,False,False
train,random-acts-of-pizza,51f74279411d66a606470d6c317c3f6514784ca34b2d13ca792c7f8e9fdfc9a1,ec1ebde519712ed1fdf894799aa490ae20392ce66de19e93e4b134dcca0d7d26,3,2,True,1,1,0,1,3,3,1,3,3,2,1,1,False,True,True,True,True
train,random-acts-of-pizza,4c52117438a449ffb910a43b349995b53831b7e86669226b4434aad31cd082ba,7612e969b3ec2c41c54ca5464043c31bac059ca132307a73af0a5932774d13d2,3,3,True,0,0,0,3,3,3,3,3,3,1,1,1,True,True,True,False,False
train,random-acts-of-pizza,4c52117438a449ffb910a43b349995b53831b7e86669226b4434aad31cd082ba,ed4f974a7800e5fa060052e5459b41f4e2fd00e3867148855bca08094bf3cc20,3,3,True,0,0,0,3,3,3,3,3,3,1,1,1,True,True,True,False,False
train,random-acts-of-pizza,e13ca08da3eab1e19426578fac97f459d18da21826f1f3b28754c062cb6a26a0,3218b0f68b64de85ac676ebd941e43bc12ea783416c5f855baba03e64dcbb256,2,2,True,0,0,0,1,1,1,1,1,1,1,1,1,True,True,True,False,False
train,random-acts-of-pizza,5a62cddd93018ac539644e28e1a296a18560ee98b9687c1ab02d5a7734af1c0c,34e802461b68652785be97c25fd2d6dc63e29ed40716c2259183ea47b4a2e092,3,3,True,0,0,0,3,3,3,3,3,3,1,1,1,True,True,True,False,False
train,random-acts-of-pizza,5a62cddd93018ac539644e28e1a296a18560ee98b9687c1ab02d5a7734af1c0c,e01ed14fd360f20af60dd0731c8d28f12673612353cdf201a6c640834760176c,3,3,True,0,0,0,3,3,3,3,3,3,1,1,1,True,True,True,False,False
train,random-acts-of-pizza,51f74279411d66a606470d6c317c3f6514784ca34b2d13ca792c7f8e9fdfc9a1,0a05b838ce918bd20bef922d3c0a93ed59a4c1e7c05b397ae2a630d77e6f6c5b,3,3,True,0,0,0,3,3,3,3,3,3,1,1,1,True,True,True,False,False
train,random-acts-of-pizza,aae8a04c51b578e3cb03742bef4297fb13500ac759a508a8dcb2598d0294b5d7,3ebeb398c0cce89aeee7ab43803f94a6fcdfa23c6d374f438f6f31109f1edf6b,2,2,True,0,0,0,1,1,1,1,1,1,1,1,1,True,True,True,False,False
train,random-acts-of-pizza,51f74279411d66a606470d6c317c3f6514784ca34b2d13ca792c7f8e9fdfc9a1,1063d4123196ffb3fc23e8d452543b78e109b0423874c446423cb1719796b7f5,3,3,True,0,0,0,3,3,3,3,3,3,1,1,1,True,True,True,False,False
train,random-acts-of-pizza,aae8a04c51b578e3cb03742bef4297fb13500ac759a508a8dcb2598d0294b5d7,70cf30d42874021ff8dc6d96a3667b5907783906d3d34fa11ee70833eedeb116,2,2,True,0,0,0,1,1,1,1,1,1,1,1,1,True,True,True,False,False
train,random-acts-of-pizza,cb381cbea24be3d87ecb375624869a5cd4c17e4dd63b9c4e4903b172de974fb0,2d2e37e5e520401f0a15eb27c80d2dcb15fbb43477320f0a39d8e43730289fb8,3,3,True,0,0,0,3,3,3,3,3,3,1,1,1,True,True,True,False,False
train,random-acts-of-pizza,cb381cbea24be3d87ecb375624869a5cd4c17e4dd63b9c4e4903b172de974fb0,c2bf3aeb25cd9dd2c5cc03e7306c07c4e973f1f77ae0298e9afcd61e359b7d4e,3,3,True,0,0,0,3,3,3,3,3,3,1,1,1,True,True,True,False,False
train,random-acts-of-pizza,fc929e31b3ccd95e2c1c9af5c40e3427573497739f53da9585062e12c3280c7e,ae8ceeabc64508e6e2e669341783d22061c16a62b41ca82a28fec0cced9a0cc2,2,2,True,0,0,0,1,1,1,1,1,1,1,1,1,True,True,True,False,False
train,random-acts-of-pizza,e13ca08da3eab1e19426578fac97f459d18da21826f1f3b28754c062cb6a26a0,7e40a1ea7fd22d696bfc2a9cecbfbabeb02556170a44952e455fb277db2a1b60,2,2,True,0,0,0,1,1,1,1,1,1,1,1,1,True,True,True,False,False
train,random-acts-of-pizza,aae8a04c51b578e3cb03742bef4297fb13500ac759a508a8dcb2598d0294b5d7,9b03399fa1edd300e8a4b6acbb8aa3519fe2efd72e5843dc7433843d9df3e4d4,2,2,True,0,0,0,1,1,1,1,1,1,1,1,1,True,True,True,False,False
train,random-acts-of-pizza,4c52117438a449ffb910a43b349995b53831b7e86669226b4434aad31cd082ba,d84090f4ef8b64b52b3de5bb06680cab7059a9750a7355f33850c7aacec88682,3,3,True,0,0,0,3,3,3,3,3,3,1,1,1,True,True,True,False,False
train,random-acts-of-pizza,e13ca08da3eab1e19426578fac97f459d18da21826f1f3b28754c062cb6a26a0,3fc6802a0efb67b54e92748a959b19b29bf12524311b12f1883ab79df7985085,2,2,True,0,0,0,1,1,1,1,1,1,1,1,1,True,True,True,False,False
train,random-acts-of-pizza,e13ca08da3eab1e19426578fac97f459d18da21826f1f3b28754c062cb6a26a0,c0e5d2abcda41bf7201c73c2d91b7b04794112204b9200e822956773b64e99a4,2,2,True,0,0,0,1,1,1,1,1,1,1,1,1,True,True,True,False,False
train,random-acts-of-pizza,709f6277bc6fc769626b8b0bcdeaf4ba6cc80d28ec8853a88a83c8c3a5e56ebd,39f66a19820cdacc5b00ff560774facbb8c3a81b068e73b5e52d3f186b7b618f,2,2,True,0,0,0,1,1,1,1,1,1,1,1,1,True,True,True,False,False
train,random-acts-of-pizza,4c52117438a449ffb910a43b349995b53831b7e86669226b4434aad31cd082ba,cbf50d93add713673a4c4ca36596f7c07ab156d2d112708e59f63e46b86068a4,3,3,True,0,0,0,3,3,3,3,3,3,1,1,1,True,True,True,False,False
train,random-acts-of-pizza,4c52117438a449ffb910a43b349995b53831b7e86669226b4434aad31cd082ba,fcd695e1966c35c94655055e5a0349ae08dffaab18203888c1eda646ba201170,3,2,True,1,1,0,1,3,3,1,3,3,2,1,1,False,True,True,True,True
train,random-acts-of-pizza,0551d39b176597531fbd290346199c3ac3bb00413902c727812235851f5476e9,495ecab57cbc9722e2e946d7369aa4c181c04d7b668d89f250cba8c705c2cd80,5,2,False,,0,3,1,1,1,1,1,1,,,,False,False,False,False,False
train,random-acts-of-pizza,286a332893db4908c4072cf9c02d541dd347f9077620a68b79fd4827d4afaacb,e8db69af6cd1d34a28197d6f2b4a98e7e70c68d4570460f6a6cac0a9429570e9,5,2,False,,0,3,1,1,1,1,1,1,,,,False,False,False,False,False
train,random-acts-of-pizza,cb381cbea24be3d87ecb375624869a5cd4c17e4dd63b9c4e4903b172de974fb0,91933a8fd82648191ee5ce8a065df46d872eb1e592ff53b0e035deda34102a56,3,3,True,0,0,0,3,3,3,3,3,3,1,1,1,True,True,True,False,False
train,random-acts-of-pizza,005434a4398e22cf2362099c9ca68c05f0b677a885ffcdcd2697ff1364f1385f,ea6f78679c808833dcd455731da0604e8e44f1caec4eaa45b40bf5e88745e1e5,2,2,True,0,0,0,1,1,1,1,1,1,1,1,1,True,True,True,False,False
train,random-acts-of-pizza,4c52117438a449ffb910a43b349995b53831b7e86669226b4434aad31cd082ba,9aa4144139f8d37ce92a1accfa635b9229f7f2121c72bb537decb7bc7e50b6f1,3,2,True,1,1,0,1,3,3,1,3,3,2,1,1,False,True,True,True,True
train,random-acts-of-pizza,cb381cbea24be3d87ecb375624869a5cd4c17e4dd63b9c4e4903b172de974fb0,252e523e9cc4a0028024a8858542063be47fa1d2e0ed547a7ba2c177fd4c2784,3,3,True,0,0,0,3,3,3,3,3,3,1,1,1,True,True,True,False,False
train,random-acts-of-pizza,cb381cbea24be3d87ecb375624869a5cd4c17e4dd63b9c4e4903b172de974fb0,026de556a900df32ec65693147e08e22c9ee98d71da0d5424598b826eca1f327,3,3,True,0,0,0,3,3,3,3,3,3,1,1,1,True,True,True,False,False
train,random-acts-of-pizza,4c52117438a449ffb910a43b349995b53831b7e86669226b4434aad31cd082ba,87c397430ee43098cc66d117a5199e7b87760d8f3445316108a67d44a3c582dd,3,3,True,0,0,0,3,3,3,3,3,3,1,1,1,True,True,True,False,False
train,random-acts-of-pizza,51f74279411d66a606470d6c317c3f6514784ca34b2d13ca792c7f8e9fdfc9a1,6db52863ec852dd7636bf24a6f6cc756f4c19ddd456b9c7f50fb6d0200112f6b,3,2,True,1,1,0,1,3,3,1,3,3,2,1,1,False,True,True,True,True
train,random-acts-of-pizza,cb381cbea24be3d87ecb375624869a5cd4c17e4dd63b9c4e4903b172de974fb0,2f60faa05f0efdd9832fdab4963b7ae2884a8fabfb4a6d9fb94870f04dda9b6c,3,3,True,0,0,0,3,3,3,3,3,3,1,1,1,True,True,True,False,False
train,random-acts-of-pizza,c384fae55a758c7aecd382ed20996305998cd0e04048100352369b3c96889a85,433462ce98be894ce6b38beaaf4a123ca5589273da803161ba285e0543055a25,5,4,True,1,1,0,6,10,10,6,10,10,2,1,1,False,True,True,True,True
train,random-acts-of-pizza,51f74279411d66a606470d6c317c3f6514784ca34b2d13ca792c7f8e9fdfc9a1,0faaa9500f5238b2c11cad0b3cbc9ce9f91174dc056fbd5c5f7adffc76551088,3,3,True,0,0,0,3,3,3,3,3,3,1,1,1,True,True,True,False,False
train,random-acts-of-pizza,5a62cddd93018ac539644e28e1a296a18560ee98b9687c1ab02d5a7734af1c0c,0a4a1f343a6015e76fbea37ea4f719d15d34415bead56b16cd15c88b4dd8a836,3,3,True,0,0,0,3,3,3,3,3,3,1,1,1,True,True,True,False,False
train,random-acts-of-pizza,4c52117438a449ffb910a43b349995b53831b7e86669226b4434aad31cd082ba,ccd1561fc0b46cb28db2edd4da6fc6c8684bfa3d5a01d171703b4e4be7613e03,3,3,True,0,0,0,3,3,3,3,3,3,1,1,1,True,True,True,False,False
train,random-acts-of-pizza,cb381cbea24be3d87ecb375624869a5cd4c17e4dd63b9c4e4903b172de974fb0,5eacd7e34b7f8553ad8b285fcb778bcdc8da34350fe7eca5a51bc0612e0e915c,3,3,True,0,0,0,3,3,3,3,3,3,1,1,1,True,True,True,False,False
train,random-acts-of-pizza,aae8a04c51b578e3cb03742bef4297fb13500ac759a508a8dcb2598d0294b5d7,07e356a1866433157106480179e7a5ab53fbeeedc94ca38dbf1572f891e9325a,2,2,True,0,0,0,1,1,1,1,1,1,1,1,1,True,True,True,False,False
train,random-acts-of-pizza,5a62cddd93018ac539644e28e1a296a18560ee98b9687c1ab02d5a7734af1c0c,271e41514e5a43e1a7d9caf97a8cb93554a4c1910bb5eaa3545994c7956d8a4e,3,2,True,1,1,0,1,3,3,1,3,3,2,1,1,False,True,True,True,True
train,random-acts-of-pizza,cb381cbea24be3d87ecb375624869a5cd4c17e4dd63b9c4e4903b172de974fb0,6c3dcd4cdd14fd12f8080cc8e47bb14d125239f7d372545acf117855da551a2c,3,3,True,0,0,0,3,3,3,3,3,3,1,1,1,True,True,True,False,False
train,random-acts-of-pizza,51f74279411d66a606470d6c317c3f6514784ca34b2d13ca792c7f8e9fdfc9a1,df08b40b7765ca118bc9be2f4a8808ed2baed0faae10fde00b86d4d158dc84f3,3,3,True,0,0,0,3,3,3,3,3,3,1,1,1,True,True,True,False,False
train,random-acts-of-pizza,51f74279411d66a606470d6c317c3f6514784ca34b2d13ca792c7f8e9fdfc9a1,f0cdbc0be0778eed92040951cf477ecb90868c7cc23416eeebe1a656f41986fc,3,3,True,0,0,0,3,3,3,3,3,3,1,1,1,True,True,True,False,False
train,random-acts-of-pizza,4c52117438a449ffb910a43b349995b53831b7e86669226b4434aad31cd082ba,b33a143274da04a07afb229644762b180ea22c982e8a1a54920574ab7aa0961c,3,3,True,0,0,0,3,3,3,3,3,3,1,1,1,True,True,True,False,False
train,random-acts-of-pizza,005434a4398e22cf2362099c9ca68c05f0b677a885ffcdcd2697ff1364f1385f,582aa37da879dfcbd48f0973ff1a44d6e92ed6c7a6cb17bc6f1ef95efdb2e11e,2,2,True,0,0,0,1,1,1,1,1,1,1,1,1,True,True,True,False,False
train,random-acts-of-pizza,4c52117438a449ffb910a43b349995b53831b7e86669226b4434aad31cd082ba,0611631df2abccf268fe363bd8c90f15fef1caaaf819e99e1b4d65aa9a239a16,3,3,True,0,0,0,3,3,3,3,3,3,1,1,1,True,True,True,False,False
train,random-acts-of-pizza,4c52117438a449ffb910a43b349995b53831b7e86669226b4434aad31cd082ba,63945b9b092e09deeb2e51163c972b90a19dc79878f52855c22ec06696cc12ef,3,2,True,1,1,0,1,3,3,1,3,3,2,1,1,False,True,True,True,True
train,random-acts-of-pizza,4c52117438a449ffb910a43b349995b53831b7e86669226b4434aad31cd082ba,e0ca5539042cfc604c14a6c0c83956ce46502fc1dfd80ef34b839a1ab3fb585c,3,2,True,1,1,0,1,3,3,1,3,3,2,1,1,False,True,True,True,True
train,random-acts-of-pizza,4c52117438a449ffb910a43b349995b53831b7e86669226b4434aad31cd082ba,ecadf89432682557bda65a7787b74f4779357d7dfc4e4e58f27d7652d1f0a607,3,2,False,,0,1,1,1,1,1,1,1,,,,False,False,False,False,False
train,random-acts-of-pizza,aae8a04c51b578e3cb03742bef4297fb13500ac759a508a8dcb2598d0294b5d7,6d44be607f7fe2eca830e8ed1bc30fe35cfcb7d97b45cf5e79896215578ba66b,2,2,True,0,0,0,1,1,1,1,1,1,1,1,1,True,True,True,False,False
train,random-acts-of-pizza,aae8a04c51b578e3cb03742bef4297fb13500ac759a508a8dcb2598d0294b5d7,7f15644ce35a86c95b4023f9d29205ad28d11fea48e704941b72fc2b0bbfc4c4,2,2,True,0,0,0,1,1,1,1,1,1,1,1,1,True,True,True,False,False
train,random-acts-of-pizza,005434a4398e22cf2362099c9ca68c05f0b677a885ffcdcd2697ff1364f1385f,4930a6842a7f0c2dfb735c3470c5b670a62db6739820d41655e5c6d024857cf9,2,2,True,0,0,0,1,1,1,1,1,1,1,1,1,True,True,True,False,False
train,random-acts-of-pizza,aae8a04c51b578e3cb03742bef4297fb13500ac759a508a8dcb2598d0294b5d7,249259a7060e7b16ede7c6f75c77f867eeb8a10398f83e9ec9863742f030bbb9,2,2,True,0,0,0,1,1,1,1,1,1,1,1,1,True,True,True,False,False
train,random-acts-of-pizza,005434a4398e22cf2362099c9ca68c05f0b677a885ffcdcd2697ff1364f1385f,16dfd6c7c3f394900131b5bde91310f44fc8a96e85786bedd8921b50869fd43d,2,2,True,0,0,0,1,1,1,1,1,1,1,1,1,True,True,True,False,False
train,random-acts-of-pizza,005434a4398e22cf2362099c9ca68c05f0b677a885ffcdcd2697ff1364f1385f,d8dc7f1cb091fa905d48f557f528a3f91a7a3b06797b1b0bde7bbc852c4e2026,2,2,True,0,0,0,1,1,1,1,1,1,1,1,1,True,True,True,False,False
train,random-acts-of-pizza,e13ca08da3eab1e19426578fac97f459d18da21826f1f3b28754c062cb6a26a0,1431fc89e78fc9af69e272c0a74555869f65b43671812b3b33f17ac860752356,2,2,True,0,0,0,1,1,1,1,1,1,1,1,1,True,True,True,False,False
train,random-acts-of-pizza,aae8a04c51b578e3cb03742bef4297fb13500ac759a508a8dcb2598d0294b5d7,3d2df1b76f35cada5d5fb97be6eaaa712c070aa4985c069ec60d8b8230ceae20,2,2,True,0,0,0,1,1,1,1,1,1,1,1,1,True,True,True,False,False
train,random-acts-of-pizza,5a62cddd93018ac539644e28e1a296a18560ee98b9687c1ab02d5a7734af1c0c,bbf8b77c6588edf9579fc31b88245999455b210bcdf8fd8c79ac5bb37f5b60ec,3,3,True,0,0,0,3,3,3,3,3,3,1,1,1,True,True,True,False,False
train,random-acts-of-pizza,709f6277bc6fc769626b8b0bcdeaf4ba6cc80d28ec8853a88a83c8c3a5e56ebd,f2cc1b6886385606cf053ff3786a289542c53cca311fc9c72997a350f547d91c,2,2,True,0,0,0,1,1,1,1,1,1,1,1,1,True,True,True,False,False
train,random-acts-of-pizza,51f74279411d66a606470d6c317c3f6514784ca34b2d13ca792c7f8e9fdfc9a1,b98a65efa81df6eed5039436cdc252cf8a7e3e22dd481eef5ef8d3091e105425,3,2,True,1,1,0,1,3,3,1,3,3,2,1,1,False,True,True,True,True
train,random-acts-of-pizza,005434a4398e22cf2362099c9ca68c05f0b677a885ffcdcd2697ff1364f1385f,a025adcf0cfd1e54a538eff61a4f5481fa7f853aa134f11ad1cc6ac94fcb01bf,2,2,True,0,0,0,1,1,1,1,1,1,1,1,1,True,True,True,False,False
train,random-acts-of-pizza,5a62cddd93018ac539644e28e1a296a18560ee98b9687c1ab02d5a7734af1c0c,e2e21805cd888bcd5289a80276fb624bb3e16d3ab168816fc8cd963d70d4f554,3,2,True,1,1,0,1,3,3,1,3,3,2,1,1,False,True,True,True,True
train,random-acts-of-pizza,51f74279411d66a606470d6c317c3f6514784ca34b2d13ca792c7f8e9fdfc9a1,8808337f8ea1b561050621a4dbb4230c27cedd93938640b146bdd262ea8eaa55,3,2,True,1,1,0,1,3,3,1,3,3,2,1,1,False,True,True,True,True
train,random-acts-of-pizza,4c52117438a449ffb910a43b349995b53831b7e86669226b4434aad31cd082ba,1c26d6b188411dd8d22f0e17f24432e02cd6c6202b7b3c5e0c4d4316cdbcd046,3,3,True,0,0,0,3,3,3,3,3,3,1,1,1,True,True,True,False,False
train,random-acts-of-pizza,cb381cbea24be3d87ecb375624869a5cd4c17e4dd63b9c4e4903b172de974fb0,b886561021c51fb2bd9c3a0c15c117644110b29ef1e83090e786b00601ff95ae,3,3,True,0,0,0,3,3,3,3,3,3,1,1,1,True,True,True,False,False
train,random-acts-of-pizza,88ea0622886efaf03773a661c2858d999b33d4e68af2995146cc7b565aa3ec2e,f5550381c8e4f0e5bfc1abd278e591f1091344c66c1c1b4433f7464c9f47334b,5,4,True,1,1,0,6,10,10,6,10,10,2,1,1,False,True,True,True,True
train,random-acts-of-pizza,51f74279411d66a606470d6c317c3f6514784ca34b2d13ca792c7f8e9fdfc9a1,d1069f9844a03dd9340c9a54d299cce031e05c8601421b2cde05db40f6eb9451,3,3,True,0,0,0,3,3,3,3,3,3,1,1,1,True,True,True,False,False
train,random-acts-of-pizza,4c52117438a449ffb910a43b349995b53831b7e86669226b4434aad31cd082ba,a00cb6501769f0be747a705d926c6ef4a04fbc38558c2b4e9eeed9a6823a71ee,3,2,True,1,1,0,1,3,3,1,3,3,2,1,1,False,True,True,True,True
train,random-acts-of-pizza,4c52117438a449ffb910a43b349995b53831b7e86669226b4434aad31cd082ba,5d3c4abcfc347aeff5008061a4fb04103267dad4cb21fd1f955db4012dc455e0,3,2,True,1,1,0,1,3,3,1,3,3,2,1,1,False,True,True,True,True
train,random-acts-of-pizza,cb381cbea24be3d87ecb375624869a5cd4c17e4dd63b9c4e4903b172de974fb0,72a1c625e2af420c8bdd73106a9ae098f7e8f031fbcc93f9dcd1e0167f981d6f,3,3,True,0,0,0,3,3,3,3,3,3,1,1,1,True,True,True,False,False
train,random-acts-of-pizza,51f74279411d66a606470d6c317c3f6514784ca34b2d13ca792c7f8e9fdfc9a1,5a9b7c2f85617bbe2af67329ad26ad5493c1f1397f4ec89d3edbe22dfa2b94fa,3,3,True,0,0,0,3,3,3,3,3,3,1,1,1,True,True,True,False,False
train,random-acts-of-pizza,4c52117438a449ffb910a43b349995b53831b7e86669226b4434aad31cd082ba,55126e80f8f714f9db890e49ec02b0646c15a4edae4a1afd609d68906afb6530,3,3,True,0,0,0,3,3,3,3,3,3,1,1,1,True,True,True,False,False
train,random-acts-of-pizza,51f74279411d66a606470d6c317c3f6514784ca34b2d13ca792c7f8e9fdfc9a1,6587abaad8a82f3b3e8ceba81d7bb73c3946df37187f8653099b163e2ae5d067,3,3,True,0,0,0,3,3,3,3,3,3,1,1,1,True,True,True,False,False
train,random-acts-of-pizza,4c52117438a449ffb910a43b349995b53831b7e86669226b4434aad31cd082ba,11d1a17ec7bd9fd7c2c3ed5becb2cadfbf51e40112c33d9978d461dbfca40081,3,3,True,0,0,0,3,3,3,3,3,3,1,1,1,True,True,True,False,False
train,random-acts-of-pizza,087ba7c863b44200d9ee1488bb6f0a9a840890696b9759798c3cd53f58435f74,9b6a17c62111bdc272e272ef75d535c637a57e8a8c28939d00027c518be3cdcb,5,3,False,,0,2,3,3,3,3,3,3,,,,False,False,False,False,False
train,random-acts-of-pizza,4c52117438a449ffb910a43b349995b53831b7e86669226b4434aad31cd082ba,23b3670301ee0bc555b8ea9bac28678b9d3aa1be40f3b8301453cad3cfbba14f,3,3,True,0,0,0,3,3,3,3,3,3,1,1,1,True,True,True,False,False
train,random-acts-of-pizza,4c52117438a449ffb910a43b349995b53831b7e86669226b4434aad31cd082ba,c320d7339d4726c411d41714b01e98c8df0ff7c7cf145460569dc92cf7f5b9ba,3,3,True,0,0,0,3,3,3,3,3,3,1,1,1,True,True,True,False,False
train,random-acts-of-pizza,cb381cbea24be3d87ecb375624869a5cd4c17e4dd63b9c4e4903b172de974fb0,77d30dad19430743fcfa1c79e60e2841fdc3d6a713baecf5612a11f45485bb85,3,3,True,0,0,0,3,3,3,3,3,3,1,1,1,True,True,True,False,False
train,random-acts-of-pizza,0551d39b176597531fbd290346199c3ac3bb00413902c727812235851f5476e9,329d46934cea82e89ea34348a27053c7131e6fa7d58c36d208077931e14cb91a,5,2,True,3,3,0,1,7,7,1,7,7,4,1,1,False,True,True,True,True
train,random-acts-of-pizza,51f74279411d66a606470d6c317c3f6514784ca34b2d13ca792c7f8e9fdfc9a1,038b3a5ac0a1e59668aa5f9781ff54782073d8ce999f1da4a0e00da3cfc494f3,3,3,True,0,0,0,3,3,3,3,3,3,1,1,1,True,True,True,False,False
train,random-acts-of-pizza,93ad234e9dc432d82836dbf67e39cf6f8c987eb22611aa553417b2133d24d9a6,d051dc75d059f8970823e79a880f925ebff0217a84146f8ccb07fc4deaa1628e,3,2,False,,0,1,1,1,1,1,1,1,,,,False,False,False,False,False
train,random-acts-of-pizza,aae8a04c51b578e3cb03742bef4297fb13500ac759a508a8dcb2598d0294b5d7,6d17e5d9ee61b144b7770392d414eac8541717a37ce2e0d1bd4342762c31b161,2,2,True,0,0,0,1,1,1,1,1,1,1,1,1,True,True,True,False,False
train,random-acts-of-pizza,88ea0622886efaf03773a661c2858d999b33d4e68af2995146cc7b565aa3ec2e,1a97713f64670c6a91a09b5e79b6d51784c6f91f215a680190e2166baa399fea,5,3,False,,0,2,3,3,3,3,3,3,,,,False,False,False,False,False
train,random-acts-of-pizza,88ea0622886efaf03773a661c2858d999b33d4e68af2995146cc7b565aa3ec2e,07f895bee3fdb7f6d4a2277008a648bc8e0ecdbd630660f7748ebbea61fa45d2,5,5,True,0,0,0,10,10,10,10,10,10,1,1,1,True,True,True,False,False
train,random-acts-of-pizza,4c52117438a449ffb910a43b349995b53831b7e86669226b4434aad31cd082ba,594904fe5178f89200a06e73cad5d135872f8e2ea8105b7eb7e3e8b7857d689f,3,3,True,0,0,0,3,3,3,3,3,3,1,1,1,True,True,True,False,False
train,random-acts-of-pizza,4c52117438a449ffb910a43b349995b53831b7e86669226b4434aad31cd082ba,13c8f4af178f72b14a3c9d213b618263a45c00d8270868d48d63a631ce60081b,3,3,True,0,0,0,3,3,3,3,3,3,1,1,1,True,True,True,False,False
train,random-acts-of-pizza,4c52117438a449ffb910a43b349995b53831b7e86669226b4434aad31cd082ba,12f3463fc586284ae0a007b952640f22c59d24ad67474ee58dd66fe844bce5b1,3,3,True,0,0,0,3,3,3,3,3,3,1,1,1,True,True,True,False,False
train,random-acts-of-pizza,5a62cddd93018ac539644e28e1a296a18560ee98b9687c1ab02d5a7734af1c0c,e736430e27cf5264e0de15d64119d7a367723819ba4c8aa0fce81699a3d70bf6,3,2,True,1,1,0,1,3,1,1,3,1,2,1,2,False,True,False,True,False
train,random-acts-of-pizza,fc929e31b3ccd95e2c1c9af5c40e3427573497739f53da9585062e12c3280c7e,39566f6bea436037d322bf15a5093047abf8505f0be109de4ed3d0b9b97579f0,2,2,True,0,0,0,1,1,1,1,1,1,1,1,1,True,True,True,False,False
train,random-acts-of-pizza,709f6277bc6fc769626b8b0bcdeaf4ba6cc80d28ec8853a88a83c8c3a5e56ebd,108a5b31672234c01cb07ecd80cfc9d8e1c5f207fdaf2e65cb967a33804eb583,2,2,True,0,0,0,1,1,1,1,1,1,1,1,1,True,True,True,False,False
train,random-acts-of-pizza,a02e2c3a56025a46986ec2c549d5662c4ecd39d8c60caa6abba86712d068af2f,3555bc384df565696970cfe4d25d9fc96268826ade5e6c5e6156eb9fc23b9789,5,3,False,,0,2,3,3,3,3,3,3,,,,False,False,False,False,False
train,random-acts-of-pizza,005434a4398e22cf2362099c9ca68c05f0b677a885ffcdcd2697ff1364f1385f,af6cf8f5fc7f94ff4ae475740cdda3a62ddb68eeddf050bc2767e1562df1b77f,2,2,True,0,0,0,1,1,1,1,1,1,1,1,1,True,True,True,False,False
train,random-acts-of-pizza,cb381cbea24be3d87ecb375624869a5cd4c17e4dd63b9c4e4903b172de974fb0,beb7f67bded7f4c6c4943f0e00ab7045c759a7458089697ef9dce6eb17d43384,3,3,True,0,0,0,3,3,3,3,3,3,1,1,1,True,True,True,False,False
train,random-acts-of-pizza,005434a4398e22cf2362099c9ca68c05f0b677a885ffcdcd2697ff1364f1385f,be9f623f46ae8e6a025fb354cbbd34be0431adc17a4db92f66a0668736d97b3f,2,2,True,0,0,0,1,1,1,1,1,1,1,1,1,True,True,True,False,False
train,random-acts-of-pizza,51f74279411d66a606470d6c317c3f6514784ca34b2d13ca792c7f8e9fdfc9a1,e71d46f17b76df5e7e493cd00ca64f2a91914356a109a993b05620d762295124,3,3,True,0,0,0,3,3,3,3,3,3,1,1,1,True,True,True,False,False
train,random-acts-of-pizza,005434a4398e22cf2362099c9ca68c05f0b677a885ffcdcd2697ff1364f1385f,35af8b2d828d5420f791ed1ff875311eff0f5ad0119dc7f48c436bf932d8b106,2,2,True,0,0,0,1,1,1,1,1,1,1,1,1,True,True,True,False,False
train,random-acts-of-pizza,005434a4398e22cf2362099c9ca68c05f0b677a885ffcdcd2697ff1364f1385f,e29fc182ba4bd0c1a3280ba26714f895daab2be1252e4305e340affe577b584c,2,2,True,0,0,0,1,1,1,1,1,1,1,1,1,True,True,True,False,False
train,random-acts-of-pizza,4c52117438a449ffb910a43b349995b53831b7e86669226b4434aad31cd082ba,398a92ae65e04ee210efeb3f4dffddf7f75f5db822c437b8598eb7de66887ec9,3,3,True,0,0,0,3,3,3,3,3,3,1,1,1,True,True,True,False,False
train,random-acts-of-pizza,005434a4398e22cf2362099c9ca68c05f0b677a885ffcdcd2697ff1364f1385f,14381fc2d5a135b98521e95d4f1c7286b53d3348ce512d3dde36ef2cad376b00,2,2,True,0,0,0,1,1,1,1,1,1,1,1,1,True,True,True,False,False
train,random-acts-of-pizza,005434a4398e22cf2362099c9ca68c05f0b677a885ffcdcd2697ff1364f1385f,a281e3d472066d04d58248fdcd93d67ebdba41ed50a6954643149b79363e57d2,2,2,True,0,0,0,1,1,1,1,1,1,1,1,1,True,True,True,False,False
train,random-acts-of-pizza,005434a4398e22cf2362099c9ca68c05f0b677a885ffcdcd2697ff1364f1385f,c22e0e7a970844f7d381613ae2fadece8093ab808c0df7e72eb3d328255a0001,2,2,True,0,0,0,1,1,1,1,1,1,1,1,1,True,True,True,False,False
train,random-acts-of-pizza,cb381cbea24be3d87ecb375624869a5cd4c17e4dd63b9c4e4903b172de974fb0,4a556e6888d916bab5812fac3b5705a3c90858f3e358e4425b28fa4dd8a0d77d,3,3,True,0,0,0,3,3,3,3,3,3,1,1,1,True,True,True,False,False
train,random-acts-of-pizza,51f74279411d66a606470d6c317c3f6514784ca34b2d13ca792c7f8e9fdfc9a1,5e354fe7a8b075086b4333126c1db93fbb8b0eb556f4aa33eafab9db195e288e,3,3,True,0,0,0,3,3,3,3,3,3,1,1,1,True,True,True,False,False
train,random-acts-of-pizza,cb381cbea24be3d87ecb375624869a5cd4c17e4dd63b9c4e4903b172de974fb0,5ef64ca097400ad313bf37235127deefdb35cfefb57319c0dcc4850f0b0ee87c,3,3,True,0,0,0,3,3,3,3,3,3,1,1,1,True,True,True,False,False
train,random-acts-of-pizza,aae8a04c51b578e3cb03742bef4297fb13500ac759a508a8dcb2598d0294b5d7,69a918ba7eb4dce57ab5f93ef3adb6110222c480a39b7cee17d2437c742946ad,2,2,True,0,0,0,1,1,1,1,1,1,1,1,1,True,True,True,False,False
train,random-acts-of-pizza,5a62cddd93018ac539644e28e1a296a18560ee98b9687c1ab02d5a7734af1c0c,f71aef40d9990f1822117d7795fbae9a6d780a0ca99e7ce0d06cb3f4e2ce8a19,3,2,True,1,1,0,1,3,3,1,3,3,2,1,1,False,True,True,True,True
train,random-acts-of-pizza,005434a4398e22cf2362099c9ca68c05f0b677a885ffcdcd2697ff1364f1385f,fca6679c661020551a605e5a3ec507e1914e0c842b4c20395152d53aba32436f,2,2,True,0,0,0,1,1,1,1,1,1,1,1,1,True,True,True,False,False
train,random-acts-of-pizza,4c52117438a449ffb910a43b349995b53831b7e86669226b4434aad31cd082ba,a66c065e77ee58dc89f7d128c7581e5521e694f27ac7354a098ea710e71d9b79,3,3,True,0,0,0,3,3,3,3,3,3,1,1,1,True,True,True,False,False
train,random-acts-of-pizza,005434a4398e22cf2362099c9ca68c05f0b677a885ffcdcd2697ff1364f1385f,bec6deea512e0267c9626f225ba8032c4e62e7be08459703a80aaa7df366e4ee,2,2,True,0,0,0,1,1,1,1,1,1,1,1,1,True,True,True,False,False
train,random-acts-of-pizza,aae8a04c51b578e3cb03742bef4297fb13500ac759a508a8dcb2598d0294b5d7,41f5c95c072ec46f8eb83f5b20562441fe7a501eefd079b9ec885e30ff0627d7,2,2,True,0,0,0,1,1,1,1,1,1,1,1,1,True,True,True,False,False
train,random-acts-of-pizza,5a62cddd93018ac539644e28e1a296a18560ee98b9687c1ab02d5a7734af1c0c,36792358f377c5100d1c58e216bfa5adf4a361955819dd978e755af5ed57c5bb,3,2,False,,0,1,1,1,1,1,1,1,,,,False,False,False,False,False
train,random-acts-of-pizza,fc929e31b3ccd95e2c1c9af5c40e3427573497739f53da9585062e12c3280c7e,ec43a5288878b053da0ee20e174336af54ab2b1a50b48508ed9d489420d300a3,2,2,True,0,0,0,1,1,1,1,1,1,1,1,1,True,True,True,False,False
train,random-acts-of-pizza,fc929e31b3ccd95e2c1c9af5c40e3427573497739f53da9585062e12c3280c7e,b8518adcdf9c8504325647fdd83eb954788ed2861e1bb069a4a9a4ca7863d8d6,2,2,True,0,0,0,1,1,1,1,1,1,1,1,1,True,True,True,False,False
train,random-acts-of-pizza,fc929e31b3ccd95e2c1c9af5c40e3427573497739f53da9585062e12c3280c7e,dfc33b08bb71acb660d7b6a405bd256d7146ae4c2485dab68eec94a34440a1d2,2,2,True,0,0,0,1,1,1,1,1,1,1,1,1,True,True,True,False,False
train,random-acts-of-pizza,51f74279411d66a606470d6c317c3f6514784ca34b2d13ca792c7f8e9fdfc9a1,1d5291fdc2dce3e9b68dc318e79d989c5cab3af729c3b4698569557eb5c25e45,3,2,True,1,1,0,1,3,3,1,3,3,2,1,1,False,True,True,True,True
train,random-acts-of-pizza,fc929e31b3ccd95e2c1c9af5c40e3427573497739f53da9585062e12c3280c7e,5ad01d062b25b7185de9595e39cb9d1880bd442028908c16bb666de19375cb29,2,2,True,0,0,0,1,1,1,1,1,1,1,1,1,True,True,True,False,False
train,random-acts-of-pizza,005434a4398e22cf2362099c9ca68c05f0b677a885ffcdcd2697ff1364f1385f,8b6caa8f866cdda8664c0ca25dddc40610389b65b6b96733e8be99b2b8a9e9d5,2,2,True,0,0,0,1,1,1,1,1,1,1,1,1,True,True,True,False,False
train,random-acts-of-pizza,5a62cddd93018ac539644e28e1a296a18560ee98b9687c1ab02d5a7734af1c0c,d1b89734cfdd8e2f3b1f49ca843a48e4cea92c19b5b68fb4ade98272875ab75d,3,3,True,0,0,0,3,3,3,3,3,3,1,1,1,True,True,True,False,False
train,random-acts-of-pizza,4c52117438a449ffb910a43b349995b53831b7e86669226b4434aad31cd082ba,9b4ddeb04b43a7c66a44e33d7d7055b92cb739eaf101bedd7f419ac07d72d7b3,3,2,True,1,1,0,1,3,3,1,3,3,2,1,1,False,True,True,True,True
train,random-acts-of-pizza,d47dbc9467ed0597dea03427adb048030c72039e11fcee4d2f1395bdaf77043d,7588452865c37ed9a7f4ce854f2c38d2da5560cbf66e9523244f0b67e513c162,2,2,True,0,0,0,1,1,1,1,1,1,1,1,1,True,True,True,False,False
train,random-acts-of-pizza,4c52117438a449ffb910a43b349995b53831b7e86669226b4434aad31cd082ba,0a9f69b3051c1b18d77f4aa4323c4cfed5f6b0a7bbe167d9f36575b4d2f8ed2a,3,3,True,0,0,0,3,3,3,3,3,3,1,1,1,True,True,True,False,False
train,random-acts-of-pizza,4c52117438a449ffb910a43b349995b53831b7e86669226b4434aad31cd082ba,85de92d3eaa5b9b0adfb63e7b9305b2d0a67f34d7806250f2d4ddbb301e727cd,3,2,True,1,1,0,1,3,3,1,3,3,2,1,1,False,True,True,True,True
train,random-acts-of-pizza,005434a4398e22cf2362099c9ca68c05f0b677a885ffcdcd2697ff1364f1385f,e83fcfac1c2531db0e167ecf110823fe92efec61296b600a735178f23b454818,2,2,True,0,0,0,1,1,1,1,1,1,1,1,1,True,True,True,False,False
train,random-acts-of-pizza,378e0f0a6564346709e64c44cda5c599d78b715153068979ee18512351b0b2d4,14850c6b003e89b885f6d6612aac7627947036457a8656791581ce6ea4cd1aa4,5,3,False,,0,2,3,3,3,3,3,3,,,,False,False,False,False,False
train,random-acts-of-pizza,709f6277bc6fc769626b8b0bcdeaf4ba6cc80d28ec8853a88a83c8c3a5e56ebd,8747be612fb8be8982084c3ba3772c5699cb992c7f34ad26afde1cc13b94d9d8,2,2,True,0,0,0,1,1,1,1,1,1,1,1,1,True,True,True,False,False
train,random-acts-of-pizza,3934dc66cc208b73bd295d6be73ad64d997de677a65589a26fb27e80fa03e59e,6e9548b08a85d2b4217a8139843ad0f7ef0df551fbc3095e241e840c8dfce83d,5,2,False,,0,3,1,1,1,1,1,1,,,,False,False,False,False,False
train,random-acts-of-pizza,005434a4398e22cf2362099c9ca68c05f0b677a885ffcdcd2697ff1364f1385f,202218dae6fc9aac6e0d0ddb1d27e9778083882d8e04ad80f67141fdf184f4f3,2,2,True,0,0,0,1,1,1,1,1,1,1,1,1,True,True,True,False,False
train,random-acts-of-pizza,cb381cbea24be3d87ecb375624869a5cd4c17e4dd63b9c4e4903b172de974fb0,461ba7d1313eb73c5f59cd062f2638f27b4861c270c8609142c5ffbd4ab5a488,3,2,True,1,1,0,1,3,3,1,3,3,2,1,1,False,True,True,True,True
train,random-acts-of-pizza,d47dbc9467ed0597dea03427adb048030c72039e11fcee4d2f1395bdaf77043d,4b851fe08500b1509d94b9e7851d1e0317510cf9f58adb21dd1d649d9100f955,2,2,True,0,0,0,1,1,1,1,1,1,1,1,1,True,True,True,False,False
train,random-acts-of-pizza,005434a4398e22cf2362099c9ca68c05f0b677a885ffcdcd2697ff1364f1385f,d2e7f11116a95b6d27320e0d8481c131a4b93eca6327f780f583c102b2c6458e,2,2,True,0,0,0,1,1,1,1,1,1,1,1,1,True,True,True,False,False
train,random-acts-of-pizza,4c52117438a449ffb910a43b349995b53831b7e86669226b4434aad31cd082ba,429032ce541bffd7a77478ea90aac620f9dfe6e8537b8c959a1b19b282e23f84,3,3,True,0,0,0,3,3,3,3,3,3,1,1,1,True,True,True,False,False
train,random-acts-of-pizza,26854e91702d86baab473c8ff972222540c13659b289911fe4954295f74b8097,f6bf4c8038534ebcc2f6775b0e3d67cd5c00ebe27e90f81582e1a44ca675e793,5,3,False,,0,2,3,3,3,3,3,3,,,,False,False,False,False,False
train,random-acts-of-pizza,cb381cbea24be3d87ecb375624869a5cd4c17e4dd63b9c4e4903b172de974fb0,3ab4f6904675b51e4d51760e3b90eab7687e0ceead7469d2ebdf427c6590b4ab,3,3,True,0,0,0,3,3,3,3,3,3,1,1,1,True,True,True,False,False
train,random-acts-of-pizza,5a62cddd93018ac539644e28e1a296a18560ee98b9687c1ab02d5a7734af1c0c,04d099ff70f06473c956273ad24f225dd924f461c53089dc2c6f692768655e7b,3,3,True,0,0,0,3,3,3,3,3,3,1,1,1,True,True,True,False,False
train,random-acts-of-pizza,e13ca08da3eab1e19426578fac97f459d18da21826f1f3b28754c062cb6a26a0,ba651ee15f74b8534db875e7f5e642005581c378c4190f57a385951e92fb895a,2,2,True,0,0,0,1,1,1,1,1,1,1,1,1,True,True,True,False,False
train,random-acts-of-pizza,aae8a04c51b578e3cb03742bef4297fb13500ac759a508a8dcb2598d0294b5d7,3b1dea05bdd664550ef39b78c5bf223696734c030e25d23c888df47840368245,2,2,True,0,0,0,1,1,1,1,1,1,1,1,1,True,True,True,False,False
train,random-acts-of-pizza,51f74279411d66a606470d6c317c3f6514784ca34b2d13ca792c7f8e9fdfc9a1,438e6a3a484026a522add11be8a1757d317439ac1596867ec1b8ba47cb9dabe6,3,2,True,1,1,0,1,3,3,1,3,3,2,1,1,False,True,True,True,True
train,random-acts-of-pizza,5a62cddd93018ac539644e28e1a296a18560ee98b9687c1ab02d5a7734af1c0c,2bac366b85b7bcba3c07f4ec36ff8b1ca1a4124ac470c512162a9d1e8fe4926a,3,2,True,1,1,0,1,3,3,1,3,3,2,1,1,False,True,True,True,True
train,random-acts-of-pizza,4c52117438a449ffb910a43b349995b53831b7e86669226b4434aad31cd082ba,2aafe07d9f811b6d70ad3eb25d5e9e55e9289e00cb4480c8a7ca4d2160bc1f55,3,2,True,1,1,0,1,3,3,1,3,3,2,1,1,False,True,True,True,True
train,random-acts-of-pizza,d47dbc9467ed0597dea03427adb048030c72039e11fcee4d2f1395bdaf77043d,3bc1b66e3c5cac2a7e6361e2254dce391a0be148067c41970483bd864d283fc9,2,2,True,0,0,0,1,1,1,1,1,1,1,1,1,True,True,True,False,False
train,random-acts-of-pizza,7a4bee82ec1443ba98262a004d4cee533ff33fcd08da769494f7af3c81141521,491039fa05a17ee63ced65ddd1bbface206fdf0e1a22c155a3893e8f351bfcbd,3,2,False,,0,1,1,1,1,1,1,1,,,,False,False,False,False,False
train,random-acts-of-pizza,aae8a04c51b578e3cb03742bef4297fb13500ac759a508a8dcb2598d0294b5d7,9c9cff7d510dec9d9eb9882f95e86dd98587e1012956644857997c681b4e6f3e,2,2,True,0,0,0,1,1,1,1,1,1,1,1,1,True,True,True,False,False
train,random-acts-of-pizza,e13ca08da3eab1e19426578fac97f459d18da21826f1f3b28754c062cb6a26a0,1801af042993efcab2d2158cce4c8d5975eed616d7b7ad7ed4d648e382a1e16d,2,2,True,0,0,0,1,1,1,1,1,1,1,1,1,True,True,True,False,False
train,random-acts-of-pizza,005434a4398e22cf2362099c9ca68c05f0b677a885ffcdcd2697ff1364f1385f,8fc756f0c3700744ddb770f286caf96a94241e37760b6b2981fad04f0664d127,2,2,True,0,0,0,1,1,1,1,1,1,1,1,1,True,True,True,False,False
train,random-acts-of-pizza,709f6277bc6fc769626b8b0bcdeaf4ba6cc80d28ec8853a88a83c8c3a5e56ebd,4b0e95864cba6c3b9346e75c799682916d27e88ed4e3cfbe059f3d5191e53d8e,2,2,True,0,0,0,1,1,1,1,1,1,1,1,1,True,True,True,False,False
train,random-acts-of-pizza,51f74279411d66a606470d6c317c3f6514784ca34b2d13ca792c7f8e9fdfc9a1,124952f15c43430bae4463478994da3217dd6817f99922f1bd2b7e0d6b4f0846,3,3,True,0,0,0,3,3,3,3,3,3,1,1,1,True,True,True,False,False
train,random-acts-of-pizza,4c52117438a449ffb910a43b349995b53831b7e86669226b4434aad31cd082ba,a939b08c0a875e3d0848e471681bfe3155f8af38b33e3e4de2c4488184bac199,3,2,True,1,1,0,1,3,3,1,3,3,2,1,1,False,True,True,True,True
train,random-acts-of-pizza,d47dbc9467ed0597dea03427adb048030c72039e11fcee4d2f1395bdaf77043d,17e865497bc01684ec7ac03bc412050ffcd736fa91ab0f30e589a7e32cf5a8c0,2,2,True,0,0,0,1,1,1,1,1,1,1,1,1,True,True,True,False,False
train,random-acts-of-pizza,aae8a04c51b578e3cb03742bef4297fb13500ac759a508a8dcb2598d0294b5d7,e0cbde2c67e289e733fb0ba042b4b3b307b0910d284a71cf89ddb1c131d2b052,2,2,True,0,0,0,1,1,1,1,1,1,1,1,1,True,True,True,False,False
train,random-acts-of-pizza,e13ca08da3eab1e19426578fac97f459d18da21826f1f3b28754c062cb6a26a0,7641f235c9ffda7dde00b12fffa9c57f3de28a9b51631f13c1f87c4a83c15bbd,2,2,True,0,0,0,1,1,1,1,1,1,1,1,1,True,True,True,False,False
train,random-acts-of-pizza,51f74279411d66a606470d6c317c3f6514784ca34b2d13ca792c7f8e9fdfc9a1,dfed754d28377711794d4cbea79c03139c145b1399f11d846b6d52161161fb07,3,3,True,0,0,0,3,3,3,3,3,3,1,1,1,True,True,True,False,False
train,random-acts-of-pizza,005434a4398e22cf2362099c9ca68c05f0b677a885ffcdcd2697ff1364f1385f,0235361dc789069ab625b7e09b82ea6941b64c278992b26f359660fb286b099b,2,2,True,0,0,0,1,1,1,1,1,1,1,1,1,True,True,True,False,False
train,random-acts-of-pizza,cb381cbea24be3d87ecb375624869a5cd4c17e4dd63b9c4e4903b172de974fb0,65ba3615a124752ba48078325b813f010f06012c27aa89851888da32d9bcd010,3,3,True,0,0,0,3,3,3,3,3,3,1,1,1,True,True,True,False,False
train,random-acts-of-pizza,cb381cbea24be3d87ecb375624869a5cd4c17e4dd63b9c4e4903b172de974fb0,b711302a2348195908cb07cee362fe324a4e6a624406fa67506655a9f587f725,3,2,True,1,1,0,1,3,3,1,3,3,2,1,1,False,True,True,True,True
train,random-acts-of-pizza,cb381cbea24be3d87ecb375624869a5cd4c17e4dd63b9c4e4903b172de974fb0,a2f616ea71c351b95ef84589f9ee93bd9f0c4e8e91c4c33164d7996e2bd7ec60,3,3,True,0,0,0,3,3,3,3,3,3,1,1,1,True,True,True,False,False
train,random-acts-of-pizza,709f6277bc6fc769626b8b0bcdeaf4ba6cc80d28ec8853a88a83c8c3a5e56ebd,3c14ea20dac5eae728fcb71b8b4919c311df54369aa28784b787ffa1e7f550c2,2,2,True,0,0,0,1,1,1,1,1,1,1,1,1,True,True,True,False,False
train,random-acts-of-pizza,51f74279411d66a606470d6c317c3f6514784ca34b2d13ca792c7f8e9fdfc9a1,7338710fc3531ab04919f907a8007a294fc7629bc0dbfba50d06e5a8077a9104,3,2,True,1,1,0,1,3,3,1,3,3,2,1,1,False,True,True,True,True
train,random-acts-of-pizza,51f74279411d66a606470d6c317c3f6514784ca34b2d13ca792c7f8e9fdfc9a1,1de0fcb497168c942c253fed5284fe7aca244d1f177ec0766c680ceb18bb23f3,3,2,True,1,1,0,1,3,3,1,3,3,2,1,1,False,True,True,True,True
train,random-acts-of-pizza,fc929e31b3ccd95e2c1c9af5c40e3427573497739f53da9585062e12c3280c7e,e1ae948c97d50f66c3886c11b9804f067f717d653f8eb3706089561bd572ecce,2,2,True,0,0,0,1,1,1,1,1,1,1,1,1,True,True,True,False,False
train,random-acts-of-pizza,cb381cbea24be3d87ecb375624869a5cd4c17e4dd63b9c4e4903b172de974fb0,4f84d9e3e1abf713a9adb5f92500d7a809c068cbb59ec919d54cf4f50bf34267,3,3,True,0,0,0,3,3,3,3,3,3,1,1,1,True,True,True,False,False
train,random-acts-of-pizza,5a62cddd93018ac539644e28e1a296a18560ee98b9687c1ab02d5a7734af1c0c,1bddecd72e7f1bc4b90aa444451832e0569857aba1a63c7e48bf9f9b17995062,3,3,True,0,0,0,3,3,3,3,3,3,1,1,1,True,True,True,False,False
train,random-acts-of-pizza,51f74279411d66a606470d6c317c3f6514784ca34b2d13ca792c7f8e9fdfc9a1,e4dff5e8096a5fb13a4caa9131dc8acbf7424350f659a5104a4140ee6707b9b8,3,2,True,1,1,0,1,3,3,1,3,3,2,1,1,False,True,True,True,True
train,random-acts-of-pizza,51f74279411d66a606470d6c317c3f6514784ca34b2d13ca792c7f8e9fdfc9a1,25367ba4ad37f7a2d9aaf1347afbae62fe1994fed2e628c3c17a877e1098bfef,3,3,True,0,0,0,3,3,3,3,3,3,1,1,1,True,True,True,False,False
train,random-acts-of-pizza,4c52117438a449ffb910a43b349995b53831b7e86669226b4434aad31cd082ba,e9de28ed00e73cf275c056a51c45c64c2dcea810fcf86115aed72067c21cbfe4,3,2,True,1,1,0,1,3,3,1,3,3,2,1,1,False,True,True,True,True
train,random-acts-of-pizza,005434a4398e22cf2362099c9ca68c05f0b677a885ffcdcd2697ff1364f1385f,c3db25c49cf37f9a815f8a4e4db463c5b68004ab2bab00ac95f6a4c139feff3d,2,2,True,0,0,0,1,1,1,1,1,1,1,1,1,True,True,True,False,False
train,random-acts-of-pizza,fc929e31b3ccd95e2c1c9af5c40e3427573497739f53da9585062e12c3280c7e,5089b29adf8b2189c00ec70f83182578f1318a6623681e1f50ce5c87f1a119ba,2,2,True,0,0,0,1,1,1,1,1,1,1,1,1,True,True,True,False,False
train,random-acts-of-pizza,51f74279411d66a606470d6c317c3f6514784ca34b2d13ca792c7f8e9fdfc9a1,f3af65db8f6d503e406429695c01fe89979dfcc8e505653051b2fe33421662cb,3,3,True,0,0,0,3,3,3,3,3,3,1,1,1,True,True,True,False,False
train,random-acts-of-pizza,aae8a04c51b578e3cb03742bef4297fb13500ac759a508a8dcb2598d0294b5d7,74fe96e51d661f15a9dc52df4a3de34ecd3be25e812044e29746205782bb5928,2,2,True,0,0,0,1,1,1,1,1,1,1,1,1,True,True,True,False,False
train,random-acts-of-pizza,005434a4398e22cf2362099c9ca68c05f0b677a885ffcdcd2697ff1364f1385f,67aaa37374b16d7522517f0bccd7c63acf31eae14dd37b8e48f3d2760c2b89ad,2,2,True,0,0,0,1,1,1,1,1,1,1,1,1,True,True,True,False,False
train,random-acts-of-pizza,aae8a04c51b578e3cb03742bef4297fb13500ac759a508a8dcb2598d0294b5d7,2e4ee96d3b8c202fd04a513a28f268f403a1f85b0b7d1839721bdc49596d0282,2,2,True,0,0,0,1,1,1,1,1,1,1,1,1,True,True,True,False,False
train,random-acts-of-pizza,005434a4398e22cf2362099c9ca68c05f0b677a885ffcdcd2697ff1364f1385f,e9536ea266fe4635059239cb200dbb5669473db9e25b8b360c3d6b721bf5f097,2,2,True,0,0,0,1,1,1,1,1,1,1,1,1,True,True,True,False,False
train,random-acts-of-pizza,51f74279411d66a606470d6c317c3f6514784ca34b2d13ca792c7f8e9fdfc9a1,62750e2d84b086b390aeb250c8022a9e686f7e06d39ae4f40658e97eac30acae,3,3,True,0,0,0,3,3,3,3,3,3,1,1,1,True,True,True,False,False
train,random-acts-of-pizza,cb381cbea24be3d87ecb375624869a5cd4c17e4dd63b9c4e4903b172de974fb0,2b3269efc4e035399d625b1bcca34f6e25b33556622f7de4ef0d5093153a15e1,3,3,True,0,0,0,3,3,3,3,3,3,1,1,1,True,True,True,False,False
train,random-acts-of-pizza,51f74279411d66a606470d6c317c3f6514784ca34b2d13ca792c7f8e9fdfc9a1,6d89a0a894ca40ea8f5e6dbeaa5a886f87105eb62a976f42105204ba02b36e66,3,2,True,1,1,0,1,3,3,1,3,3,2,1,1,False,True,True,True,True
train,random-acts-of-pizza,c384fae55a758c7aecd382ed20996305998cd0e04048100352369b3c96889a85,fca4b407c3131a5fa64e0b49fada12357997757ef1b141a269e49d53960e8636,5,4,False,,0,1,6,6,6,6,6,6,,,,False,False,False,False,False
train,random-acts-of-pizza,aae8a04c51b578e3cb03742bef4297fb13500ac759a508a8dcb2598d0294b5d7,230c6edc400fda3fb64bd854c6aaeeddf1bcba9edfc7e00a51cca8a1d6456bc4,2,2,True,0,0,0,1,1,1,1,1,1,1,1,1,True,True,True,False,False
train,random-acts-of-pizza,fc929e31b3ccd95e2c1c9af5c40e3427573497739f53da9585062e12c3280c7e,53fe86c8cdf1ad8e93fcd8ddb62efeeddd19c52c78f61b662f12e40a0738edb6,2,2,True,0,0,0,1,1,1,1,1,1,1,1,1,True,True,True,False,False
train,random-acts-of-pizza,cb381cbea24be3d87ecb375624869a5cd4c17e4dd63b9c4e4903b172de974fb0,ec5c979921e78f4f1b3e8915f49c2ee6262c18e74c5b474aba1230c12e4974bd,3,3,True,0,0,0,3,3,3,3,3,3,1,1,1,True,True,True,False,False
train,random-acts-of-pizza,cb381cbea24be3d87ecb375624869a5cd4c17e4dd63b9c4e4903b172de974fb0,320464d0bcd379c0e9e7d88ae251f036dfb4d6e5439c747d1d5f42194379651a,3,2,True,1,1,0,1,3,3,1,3,3,2,1,1,False,True,True,True,True
train,random-acts-of-pizza,aae8a04c51b578e3cb03742bef4297fb13500ac759a508a8dcb2598d0294b5d7,eb7a6bb09e4a106c3b8e2c8d4804085fe02b8f3faf49a64ff850434cf02aed59,2,2,True,0,0,0,1,1,1,1,1,1,1,1,1,True,True,True,False,False
train,random-acts-of-pizza,cb381cbea24be3d87ecb375624869a5cd4c17e4dd63b9c4e4903b172de974fb0,1b875a428c5e1f5dd71a2843f788bb2959ab6addf9fecc5bd296e68f0432c6e3,3,3,True,0,0,0,3,3,3,3,3,3,1,1,1,True,True,True,False,False
train,random-acts-of-pizza,5a62cddd93018ac539644e28e1a296a18560ee98b9687c1ab02d5a7734af1c0c,86b63fb37456eeafb6739cfb3cbefcc72346a1c15b4830eaeeba3794c688d2d1,3,3,True,0,0,0,3,3,3,3,3,3,1,1,1,True,True,True,False,False
train,random-acts-of-pizza,709f6277bc6fc769626b8b0bcdeaf4ba6cc80d28ec8853a88a83c8c3a5e56ebd,f76921f72850635a488350fe9c3a247963b5c6a4017bfdc9756ff51c463e82a9,2,2,True,0,0,0,1,1,1,1,1,1,1,1,1,True,True,True,False,False
train,random-acts-of-pizza,fc929e31b3ccd95e2c1c9af5c40e3427573497739f53da9585062e12c3280c7e,a4292c39e58e5e89422d8a33962bb076487f872a3efb8cb21ad86281f0f22af1,2,2,True,0,0,0,1,1,1,1,1,1,1,1,1,True,True,True,False,False
train,random-acts-of-pizza,aae8a04c51b578e3cb03742bef4297fb13500ac759a508a8dcb2598d0294b5d7,2ddae2007f4f0fba9093607a8b093a3edc9b2c5950be400b2be1275521ce65d7,2,2,True,0,0,0,1,1,1,1,1,1,1,1,1,True,True,True,False,False
train,random-acts-of-pizza,cb381cbea24be3d87ecb375624869a5cd4c17e4dd63b9c4e4903b172de974fb0,edcc5192de3d647cd93f5742a3f84466f25a2e8d3c2011494e96aa639e6eeb92,3,3,True,0,0,0,3,3,3,3,3,3,1,1,1,True,True,True,False,False
train,random-acts-of-pizza,aae8a04c51b578e3cb03742bef4297fb13500ac759a508a8dcb2598d0294b5d7,80d235f1c1b06abec0d4fca825a818d91ea5c78bc98bb6c85f5205e58990c1f0,2,2,True,0,0,0,1,1,1,1,1,1,1,1,1,True,True,True,False,False
train,random-acts-of-pizza,d47dbc9467ed0597dea03427adb048030c72039e11fcee4d2f1395bdaf77043d,e729d6211d53c50650941edfaeb091dcc60aab4b079be9037acb3522e4c694a1,2,2,True,0,0,0,1,1,1,1,1,1,1,1,1,True,True,True,False,False
train,random-acts-of-pizza,51f74279411d66a606470d6c317c3f6514784ca34b2d13ca792c7f8e9fdfc9a1,d26195929b7078899ec6c43cda6a9aa27738744fba52bf127c1669448fbaee95,3,2,True,1,1,0,1,3,3,1,3,3,2,1,1,False,True,True,True,True
train,random-acts-of-pizza,4c52117438a449ffb910a43b349995b53831b7e86669226b4434aad31cd082ba,2ebf98b90b5fcd728da7f639b2fe4c9f5246388bf4af43c48dfdb620a041b0a0,3,3,True,0,0,0,3,3,3,3,3,3,1,1,1,True,True,True,False,False
train,random-acts-of-pizza,cb381cbea24be3d87ecb375624869a5cd4c17e4dd63b9c4e4903b172de974fb0,d6a601dc09bd5fdc3d390e02aa228018ef48bbf5a1f4f0569d34701c52c163d9,3,2,True,1,1,0,1,3,3,1,3,3,2,1,1,False,True,True,True,True
train,spaceship-titanic,339fbec1a62e4a0ef0f076038bb58370c1a705649881a74641b45c0f45afb229,37cc8c19b40ae9f9ec1e8936cbe0be7c4765bbc669bfabccba3e1f436a495894,6,2,False,,0,4,1,1,1,1,1,1,,,,False,False,False,False,False
train,spaceship-titanic,339fbec1a62e4a0ef0f076038bb58370c1a705649881a74641b45c0f45afb229,b5c38c71ed84efcfe10f8995ecbf0eeb175a4991c48b3e82494fe1dfc06f5ecd,12,11,False,,0,1,33,33,33,33,33,33,,,,False,False,False,False,False
train,spaceship-titanic,aabde4e309b0e3bd8d4deb0404ee69729b4018398e74f0fb91855a1c985054f4,ec3ce2106a8419cca49022920c252b2065cf31b6b08581f425bb44e39a1a6ae1,5,3,False,,0,2,3,3,3,3,3,3,,,,False,False,False,False,False
train,spaceship-titanic,0df783783a01ecb5876c432e0d816de2b724526457920558ef07e8064f8942c1,0bb7041c2c21608bc560407cd31e28a42a9593d7adf3ed2ab858f5eb8ef26e4d,5,2,True,3,3,0,1,7,7,1,7,7,4,1,1,False,True,True,True,True
train,spaceship-titanic,7748cf1591f60ae650b1c32e2b89678af527384f2fd8a825d4061b2d5968e736,ad534be5c17b36412e9f08a72258576458cfd92f0bb091e24803242b7ec54fdc,6,3,False,,0,3,3,3,3,3,3,3,,,,False,False,False,False,False
train,spaceship-titanic,ffba0fbe639974de942d48650bea51abe5a208f3be2a68458c2b8b5210d4e2b2,cf8d76fd7e21055017f08e34c750a513ffe1bc6c22a13fe32704dbb68dc7fb5c,8,2,False,,0,6,1,1,1,1,1,1,,,,False,False,False,False,False
train,spaceship-titanic,66433d4d5415622348e37fcfef7263ae7c7a67196b2dd052efe1146335769099,4917868f278c03a96d1bb7cecacdd296fed428633c42b7865af517663a704e06,4,2,True,2,2,0,1,5,5,1,5,5,3,1,1,False,True,True,True,True
train,spaceship-titanic,2764e3499fb49918199cf543700806f6424c0d764eca50bd7788a4daabd29539,0456fb12c1ef1a403c1538e610ee49a994608e9d592c4cad14d3766e78d8db93,5,2,False,,0,3,1,1,1,1,1,1,,,,False,False,False,False,False
train,spaceship-titanic,26927e2b12ce807769d7495b092b4f7011da37caef9e0376add4a419f05e70be,3537402186211a4cf26fe9a1f6fe943c6dee6f3297876777847d8494c0584442,5,2,False,,0,3,1,1,1,1,1,1,,,,False,False,False,False,False
train,spaceship-titanic,bf71514e07fbebd538c0e8e2fb50b488ecb42048c20f164cf6a503aa533b77d2,8805ef11dca483a213145b09abf2749c2dc9fbb921499e4c2b38d053e270007a,4,2,False,,0,2,1,1,1,1,1,1,,,,False,False,False,False,False
train,spaceship-titanic,8fd0ad3014440a2e3ac4ccef34a7933dd9d05c8a0057dd09ed10960082984373,90a4ab9c43b7896fe38a813f4397777e99ef101cf3569fc4ad3dd7f2d583f22f,8,2,False,,0,6,1,1,1,1,1,1,,,,False,False,False,False,False
train,spaceship-titanic,26927e2b12ce807769d7495b092b4f7011da37caef9e0376add4a419f05e70be,4bb63b87f206c2bde894dfd288834bdeeeffdd2e42a964953e20b2802db0cd30,5,3,True,2,2,0,3,9,9,3,9,9,3,1,1,False,True,True,True,True
train,spaceship-titanic,b0c59e727a3f9165fb01f9b783b3fd868f557c47d8cdd103cc47bb9d2b12d75d,d92c904b07d009209be39344e8718c168781f553f8b962d331f20e816efb5a62,5,3,True,2,2,0,3,9,9,3,9,9,3,1,1,False,True,True,True,True
train,spaceship-titanic,6db477418e4ee20920820ef0550e57f67db62bb334cf85bfe2cff374d6ff5856,9a01d81c61f2ecbaa70bc6753a8a0f5d5e3eaa467928edf075757593a9419f3e,8,2,False,,0,6,1,1,1,1,1,1,,,,False,False,False,False,False
train,spaceship-titanic,339fbec1a62e4a0ef0f076038bb58370c1a705649881a74641b45c0f45afb229,237097b6fc3527b2a96d7f054dcde070650dc3be9ecad5b5a9da2aab571f7050,12,6,False,,0,6,8,8,8,8,8,8,,,,False,False,False,False,False
train,spaceship-titanic,accd92aceb1f44b66a97993d4299857007cadaf2da921239af1dc376bfad0f99,f2c6bfc627e841dbe6721f4f1099e978c7547f224e582ae57f9ad017cab639ef,5,2,False,,0,3,1,1,1,1,1,1,,,,False,False,False,False,False
train,spaceship-titanic,aabde4e309b0e3bd8d4deb0404ee69729b4018398e74f0fb91855a1c985054f4,aa82365954f09de9728828cee716621c66568aa154b0c2e56f390ad6bf51756e,5,4,True,1,1,0,6,10,10,6,10,10,2,1,1,False,True,True,True,True
train,spaceship-titanic,accd92aceb1f44b66a97993d4299857007cadaf2da921239af1dc376bfad0f99,22c3c00d06731f4c1e213379f16e1d1320e6742bdf7d60c3729e2295182dd540,11,3,True,8,8,0,3,27,27,3,27,27,9,1,1,False,True,True,True,True
train,spaceship-titanic,2764e3499fb49918199cf543700806f6424c0d764eca50bd7788a4daabd29539,1be06402e0de02ef4843988804e284dd02f2d3e209a87a8ab42a3f485055b441,3,3,True,0,0,0,3,3,3,3,3,3,1,1,1,True,True,True,False,False
train,spaceship-titanic,ffba0fbe639974de942d48650bea51abe5a208f3be2a68458c2b8b5210d4e2b2,7cf4b941a3f5b11d894af43d99baf5a5b3e9d04f4c7b2f4355aff86712a84be4,3,2,True,1,1,0,1,3,3,1,3,3,2,1,1,False,True,True,True,True
train,spaceship-titanic,60a9e505a1b753aea33ccb1ca73a28db982a9146395790676bca905fa89a8b91,584ba4612e290a26fdd69c422ce7a7800192bd44706b2dd6d776fa8c84dcf97e,3,2,False,,0,1,1,1,1,1,1,1,,,,False,False,False,False,False
train,spaceship-titanic,6e7f933eb022c170778b05528419b06392fb85e3ede3d145ef20c445c4d95779,56d5bf49384d688c025a9fc246651d85d685ac46ec8d99ce4a2bd111bd035030,5,2,False,,0,3,1,1,1,1,1,1,,,,False,False,False,False,False
train,spaceship-titanic,66433d4d5415622348e37fcfef7263ae7c7a67196b2dd052efe1146335769099,050e05069400771e17f25b69595dd887e0648a0be02d63d5727937af72832174,7,2,True,5,5,0,1,11,11,1,11,11,6,1,1,False,True,True,True,True
train,spaceship-titanic,6db477418e4ee20920820ef0550e57f67db62bb334cf85bfe2cff374d6ff5856,f289e7ccb4e9ad35295cecbf874e68fbac7d3f309dd3ff40184e06911b6489f1,8,4,True,4,4,0,6,22,22,6,22,22,5,1,1,False,True,True,True,True
train,spaceship-titanic,8fd0ad3014440a2e3ac4ccef34a7933dd9d05c8a0057dd09ed10960082984373,d83f71ac0128f3784c6827ba8d174d5094f93efb9378ff9ef252986c8c55545d,4,2,True,2,2,0,1,5,5,1,5,5,3,1,1,False,True,True,True,True
train,spooky-author-identification,b8168eb1b4ba6dd08f07d1f3b49119f1ba21d8d254e22bf74474e42c98d55784,cccded9cff92871b23583c57f0ea966e1a68604c6f890417f1f00625ca2852f4,3,2,True,1,1,0,1,3,3,1,3,3,2,1,1,False,True,True,True,True
train,spooky-author-identification,df2a819b7bc4183a71f9dc22bb3b5b78e623e1119564b99cf57dcf59d157f324,ad7729b35a47383a40785a594aa84cc66026e99ae29797c669b784654b4c17a3,3,3,True,0,0,0,2,2,2,2,2,2,2,2,2,False,False,False,False,False
train,spooky-author-identification,40214dabbf23f4591fa5c2682e2aa384752b236e965b855fada0a6846b69b26d,2deed33e3254816bcfab4729c4512dc5e58bbd32332b23fc313dd04d636facc1,3,3,True,0,0,0,3,3,3,3,3,3,1,1,1,True,True,True,False,False
train,spooky-author-identification,ebe2468f5ad9b55560cb94ebcf7e8897cf30a913caa3d635dd591840e8b42996,4e3563da1f54940a9ce04e73c0a573f22b7de47ea895450bb241dec5138f5ad1,3,3,True,0,0,0,3,3,3,3,3,3,1,1,1,True,True,True,False,False
train,spooky-author-identification,ebe2468f5ad9b55560cb94ebcf7e8897cf30a913caa3d635dd591840e8b42996,02cf6cb56596eb58e9b4e8339812c1a2973f2fee42a9c1a3a93474cd689a7821,3,3,True,0,0,0,3,3,3,3,3,3,1,1,1,True,True,True,False,False
train,spooky-author-identification,ebe2468f5ad9b55560cb94ebcf7e8897cf30a913caa3d635dd591840e8b42996,d7910127d5748edc6fed9616d3b434eac82fd3509011b8a099874f72bb5acbaf,3,3,True,0,0,0,2,2,2,2,2,2,1,1,1,True,True,True,False,False
train,spooky-author-identification,40214dabbf23f4591fa5c2682e2aa384752b236e965b855fada0a6846b69b26d,3da17e3a9c6f5c0bccb723e8984b7ab83961dac2fc75fe25cdf44075a9e086cb,3,3,True,0,0,0,3,3,3,3,3,3,1,1,1,True,True,True,False,False
train,spooky-author-identification,40214dabbf23f4591fa5c2682e2aa384752b236e965b855fada0a6846b69b26d,2c61d29ff8ce1542722da0d806b8a9e0c733a5c85790bffba6941d4efbb5fcb6,3,2,True,1,1,0,1,3,3,1,3,3,2,1,1,False,True,True,True,True
train,spooky-author-identification,df2a819b7bc4183a71f9dc22bb3b5b78e623e1119564b99cf57dcf59d157f324,78d9a95fa50c88b8af3bced8af977f81e92781189a07766a5877ac3c157b5ea8,3,3,True,0,0,0,3,3,3,3,3,3,1,1,1,True,True,True,False,False
train,spooky-author-identification,bb6e1afdfdfbc2a0fde026b0a547ce2242fce1caa00031963284b2c2a02dc3ea,766cf0f93eafcde9fc59d218f33245f60b24bf2286a4f748dff4fa72fdff2383,5,2,False,,0,3,1,1,1,1,1,1,,,,False,False,False,False,False
train,spooky-author-identification,df2a819b7bc4183a71f9dc22bb3b5b78e623e1119564b99cf57dcf59d157f324,30d8b31bd3c539ec995a5525252e2644300cc0db8bcabd26ebcf0b31ec0889f5,3,3,True,0,0,0,2,2,2,2,2,2,2,2,2,False,False,False,False,False
train,spooky-author-identification,9958a04c70cfdaf7ab68c78878b403669a85cd4c30a08f14d05b77de631bf9b3,eaface8a965e87ce1a022cfb3e16b8c8b9502fba6a4e34c1253847d2110983a0,3,3,True,0,0,0,3,3,3,3,3,3,1,1,1,True,True,True,False,False
train,spooky-author-identification,ebe2468f5ad9b55560cb94ebcf7e8897cf30a913caa3d635dd591840e8b42996,91f2def1967a1678913f48209f7104f4a0c976ec34d8e4f36023ef52b69ca595,3,3,True,0,0,0,3,3,3,3,3,3,1,1,1,True,True,True,False,False
train,spooky-author-identification,ebe2468f5ad9b55560cb94ebcf7e8897cf30a913caa3d635dd591840e8b42996,e4f5f026cec2a26af1562e0ee82f7701c40b495d66f71530c43e4dcbf00f5cdb,3,2,True,1,1,0,1,3,3,1,3,3,2,1,1,False,True,True,True,True
train,spooky-author-identification,40214dabbf23f4591fa5c2682e2aa384752b236e965b855fada0a6846b69b26d,4821d856a5659e63b84c7163b10eedfd617b7886ca17406adf07076ccaedd0f0,3,3,True,0,0,0,3,3,3,3,3,3,1,1,1,True,True,True,False,False
train,spooky-author-identification,df2a819b7bc4183a71f9dc22bb3b5b78e623e1119564b99cf57dcf59d157f324,a83929b0e805172ede7c13bfe4c20abdfc87b5244d21e9c723d3424b4ce94a01,3,3,True,0,0,0,3,3,3,3,3,3,1,1,1,True,True,True,False,False
train,spooky-author-identification,ebe2468f5ad9b55560cb94ebcf7e8897cf30a913caa3d635dd591840e8b42996,3657bad20a55e5889d1607cc83013422ab0dee3cc4c2585dcf93ac7928ceca09,3,3,True,0,0,0,3,3,3,3,3,3,1,1,1,True,True,True,False,False
train,spooky-author-identification,ebe2468f5ad9b55560cb94ebcf7e8897cf30a913caa3d635dd591840e8b42996,3063f0ac8fab10ea32d1e88773c69b60517c4d46e8e0b97018ea0826f4079501,3,3,True,0,0,0,3,3,3,3,3,3,1,1,1,True,True,True,False,False
train,spooky-author-identification,2d148ddd1a287fcae59bf7d2af9ab79621d679abda59603963134bef97c968c6,4cbd0b21cc88e3d59b4ac7cff73be2cdb413791c7be370237e3ea8702b6cef5d,2,2,True,0,0,0,1,1,1,1,1,1,1,1,1,True,True,True,False,False
train,spooky-author-identification,ebe2468f5ad9b55560cb94ebcf7e8897cf30a913caa3d635dd591840e8b42996,03bcc0702fa33609d08e670372ea73a96e65e5d42c104aebc6a2703c3c3e330d,3,2,True,1,1,0,1,3,3,1,3,3,2,1,1,False,True,True,True,True
train,spooky-author-identification,df2a819b7bc4183a71f9dc22bb3b5b78e623e1119564b99cf57dcf59d157f324,8013d5fb38dec689ac48bcf5e4eae8ffec8879b005d1db8634a2a5ce32b2b0ff,3,3,True,0,0,0,2,2,2,2,2,2,1,1,1,True,True,True,False,False
train,spooky-author-identification,df2a819b7bc4183a71f9dc22bb3b5b78e623e1119564b99cf57dcf59d157f324,9417ebd0a31b95bab3b1c16016881762de2ebde1ea5152753c16785dc8692ab7,3,2,True,1,1,0,1,3,3,1,3,3,2,1,1,False,True,True,True,True
train,spooky-author-identification,df2a819b7bc4183a71f9dc22bb3b5b78e623e1119564b99cf57dcf59d157f324,04564574774534bf555338c61807b1b4ac48791d711597cc10f9176f22f65811,3,2,True,1,1,0,1,3,3,1,3,3,2,1,1,False,True,True,True,True
train,spooky-author-identification,df2a819b7bc4183a71f9dc22bb3b5b78e623e1119564b99cf57dcf59d157f324,17ef639d667b813d7fe67e2fe3e13667403eeadfdcdf216a23eac0b2ef8516fb,3,3,True,0,0,0,3,3,3,3,3,3,1,1,1,True,True,True,False,False
train,spooky-author-identification,b8168eb1b4ba6dd08f07d1f3b49119f1ba21d8d254e22bf74474e42c98d55784,21f03a2eb72234dd6cc1cec8883b471669a560cf29d8eab96420a18710482aad,3,3,True,0,0,0,3,3,3,3,3,3,1,1,1,True,True,True,False,False
train,spooky-author-identification,df2a819b7bc4183a71f9dc22bb3b5b78e623e1119564b99cf57dcf59d157f324,d38b568949c99454061d6a8618fc69eb31716a1fb9d254e837762a9d88ffb4d5,3,3,True,0,0,0,2,2,2,2,2,2,1,1,1,True,True,True,False,False
train,spooky-author-identification,ebe2468f5ad9b55560cb94ebcf7e8897cf30a913caa3d635dd591840e8b42996,72eb30644f8dfda2d278f1cad700319fe117cd19994bb00925e0a8438b8dbf45,3,3,True,0,0,0,2,2,2,2,2,2,2,2,2,False,False,False,False,False
train,spooky-author-identification,9958a04c70cfdaf7ab68c78878b403669a85cd4c30a08f14d05b77de631bf9b3,8b7496df80f17e1f1bdda158dc6ea2ebb2b5cf3f54290cc1ec6e6cbef4e0d5bb,3,3,True,0,0,0,3,3,3,3,3,3,1,1,1,True,True,True,False,False
train,spooky-author-identification,40214dabbf23f4591fa5c2682e2aa384752b236e965b855fada0a6846b69b26d,1eaa69e73b78301b201ec0a6b14c98b285c519af900923eda9e06e5cd76d4f97,3,2,True,1,1,0,1,3,3,1,3,3,2,1,1,False,True,True,True,True
train,spooky-author-identification,ebe2468f5ad9b55560cb94ebcf7e8897cf30a913caa3d635dd591840e8b42996,0af63cce22e788d87f9be49e924c5147b3beebf779e5079a92d690ba80feee05,3,3,True,0,0,0,2,2,2,2,2,2,1,1,1,True,True,True,False,False
train,spooky-author-identification,40214dabbf23f4591fa5c2682e2aa384752b236e965b855fada0a6846b69b26d,decc30d8d4fec7ec1097310a740cf33517a6bc500de4366b866e756e592a2420,3,3,True,0,0,0,3,3,3,3,3,3,1,1,1,True,True,True,False,False
train,spooky-author-identification,40214dabbf23f4591fa5c2682e2aa384752b236e965b855fada0a6846b69b26d,53fdd23f3c00e409da4ec36376c6f973d42f1246bb8cab3d7b94d2f02ede7c6b,3,3,True,0,0,0,3,3,3,3,3,3,1,1,1,True,True,True,False,False
train,spooky-author-identification,051c85b0a0c34627e90f92f78ecb96a3bb17b6902445f1a091f57b1eb403c00c,019cd710264c2da9a4d4f5ca7f7134b390262cacff5a099fb0217803a1716311,3,2,True,1,0,1,1,1,1,1,1,1,2,2,2,False,False,False,False,False
train,spooky-author-identification,df2a819b7bc4183a71f9dc22bb3b5b78e623e1119564b99cf57dcf59d157f324,047f0cc02e64ce9a0f8283b3dfda49b671e55c7a96c44f7e8b1c7bd0f5acc281,3,3,True,0,0,0,3,3,3,3,3,3,1,1,1,True,True,True,False,False
train,spooky-author-identification,b8168eb1b4ba6dd08f07d1f3b49119f1ba21d8d254e22bf74474e42c98d55784,fbc3b766f89c72952eeca24101f07d91859025b130da87b71b19de1332fe3368,3,2,True,1,1,0,1,3,3,1,3,3,2,1,1,False,True,True,True,True
train,spooky-author-identification,40214dabbf23f4591fa5c2682e2aa384752b236e965b855fada0a6846b69b26d,458fe5a756ecf160f86bdb93449a6d3e7d383c011a3d41f53b997392ce4a4502,3,2,True,1,1,0,1,3,3,1,3,3,2,1,1,False,True,True,True,True
train,spooky-author-identification,ebe2468f5ad9b55560cb94ebcf7e8897cf30a913caa3d635dd591840e8b42996,eb7a6f43eead174f10631b63c81cfe37d17d0c476a0772c8685039ffed8ee276,3,2,True,1,1,0,1,3,3,1,3,3,2,1,1,False,True,True,True,True
train,spooky-author-identification,9958a04c70cfdaf7ab68c78878b403669a85cd4c30a08f14d05b77de631bf9b3,d300bf007bd96e1ef244691768ae7a214281d2d5fb1c9eec677b021bb281d3ec,3,2,True,1,1,0,1,3,3,1,3,3,2,1,1,False,True,True,True,True
train,spooky-author-identification,b8168eb1b4ba6dd08f07d1f3b49119f1ba21d8d254e22bf74474e42c98d55784,b6caac1cd5b984cdd2562f22dab1f37ff7ef95d5faf94ef333a3abac2f896821,3,3,True,0,0,0,3,3,3,3,3,3,1,1,1,True,True,True,False,False
train,spooky-author-identification,40214dabbf23f4591fa5c2682e2aa384752b236e965b855fada0a6846b69b26d,3235cfcf27bdd9eaea17c086e4fb97b631765f577a82e833e2f584bfcff1a5d1,3,2,True,1,1,0,1,3,3,1,3,3,2,1,1,False,True,True,True,True
train,spooky-author-identification,df2a819b7bc4183a71f9dc22bb3b5b78e623e1119564b99cf57dcf59d157f324,0da7935def3bcc0eccf3fe25e6dfb994d346a575e4dafc11daa17e7e42fe6dd9,3,3,True,0,0,0,3,3,3,3,3,3,1,1,1,True,True,True,False,False
train,spooky-author-identification,df2a819b7bc4183a71f9dc22bb3b5b78e623e1119564b99cf57dcf59d157f324,44b5a142aabd0a20dba6b62d00fc6ccd2c0a61c39a23d2686b776a3e2e005395,3,3,True,0,0,0,3,3,3,3,3,3,1,1,1,True,True,True,False,False
train,spooky-author-identification,936733133a12c123bc9a397ed75df6db5ec02be3c7b551af0d63df9180785cce,790f446a12ec2ac0aede0facf56fdbae733995208aa6949d6fad90f741d49f77,3,3,True,0,0,0,3,3,3,3,3,3,1,1,1,True,True,True,False,False
train,spooky-author-identification,28d285db862cb9053086875b04a7843a0dd34a6e715b69701529ff3069f37a3f,a7e20857d5720ea1ddfa867fc5f42c6a4d1b74a39e32c2b3d166770b820bdc26,3,2,True,1,0,1,1,1,1,1,1,1,2,2,2,False,False,False,False,False
train,spooky-author-identification,40214dabbf23f4591fa5c2682e2aa384752b236e965b855fada0a6846b69b26d,f229abfdb55f1551080629e93b3a67b2acb2c03d2aa0b7d038a1b4560930c089,3,3,True,0,0,0,3,3,3,3,3,3,1,1,1,True,True,True,False,False
train,spooky-author-identification,df2a819b7bc4183a71f9dc22bb3b5b78e623e1119564b99cf57dcf59d157f324,20b9fcbd6d6e26143924b65c88af77f647c092a7711263d0229c8147bcb431e6,3,3,True,0,0,0,3,3,3,3,3,3,1,1,1,True,True,True,False,False
train,spooky-author-identification,ebe2468f5ad9b55560cb94ebcf7e8897cf30a913caa3d635dd591840e8b42996,bef6dd1d4ae37f55ffbd2d9c22831dd30055b637a82a209f708519edb14524d3,3,3,True,0,0,0,3,3,3,3,3,3,1,1,1,True,True,True,False,False
train,spooky-author-identification,df2a819b7bc4183a71f9dc22bb3b5b78e623e1119564b99cf57dcf59d157f324,9fe7392b920f4a2791a390ab744dee3a42366386244d23cd60b5226caffe125f,3,3,True,0,0,0,3,3,3,3,3,3,1,1,1,True,True,True,False,False
train,spooky-author-identification,df2a819b7bc4183a71f9dc22bb3b5b78e623e1119564b99cf57dcf59d157f324,9ccecac48e150ce87de064b9bc8a5d06daa4701325f34cc5538fcd48b5d83daf,3,3,True,0,0,0,2,2,2,2,2,2,1,1,1,True,True,True,False,False
train,spooky-author-identification,b8168eb1b4ba6dd08f07d1f3b49119f1ba21d8d254e22bf74474e42c98d55784,0a35f8ceeef96709cb629e9bc89a961a669b6c898c5a9ab3d4bd84d45e107a3e,3,3,True,0,0,0,3,3,3,3,3,3,1,1,1,True,True,True,False,False
train,spooky-author-identification,40214dabbf23f4591fa5c2682e2aa384752b236e965b855fada0a6846b69b26d,40bb7e5ea539f5ee7b1ab4e335703eb5cb37ab6b81c0d8e845bc0f782da1d1cc,3,3,True,0,0,0,3,3,3,3,3,3,1,1,1,True,True,True,False,False
train,spooky-author-identification,df2a819b7bc4183a71f9dc22bb3b5b78e623e1119564b99cf57dcf59d157f324,a6c4c8ce751b84f26ce33ce69b5876de637a600b5e546ba33f9fa3b1abf4d672,3,2,True,1,1,0,1,3,3,1,3,3,2,1,1,False,True,True,True,True
train,spooky-author-identification,f521bcc6aa9189e7deab864be9902c17144871a12c8d06861209f02679623fe4,21ffa14c7f659647d53dd895cbe3f9c165ef1de89246b0a76b755419d8815cd9,3,2,True,1,1,0,1,3,3,1,3,3,2,1,1,False,True,True,True,True
train,spooky-author-identification,b8168eb1b4ba6dd08f07d1f3b49119f1ba21d8d254e22bf74474e42c98d55784,4d850696c0cd54f44fc759bc1c87d6927262c2f2bd65390274102ed2c05ab082,3,2,True,1,1,0,1,3,3,1,3,3,2,1,1,False,True,True,True,True
train,spooky-author-identification,051c85b0a0c34627e90f92f78ecb96a3bb17b6902445f1a091f57b1eb403c00c,b368bb64d353d6955abc9bbb3d4995dff190e0a9e9c9b58333ab1addbed4aaf8,3,2,True,1,0,1,1,1,1,1,1,1,2,2,2,False,False,False,False,False
train,spooky-author-identification,ebe2468f5ad9b55560cb94ebcf7e8897cf30a913caa3d635dd591840e8b42996,c400b5ff259bab7aedbb56bef3b217a3f5295d4c7de35f28babd0048254be600,3,3,True,0,0,0,3,3,3,3,3,3,1,1,1,True,True,True,False,False
train,spooky-author-identification,df2a819b7bc4183a71f9dc22bb3b5b78e623e1119564b99cf57dcf59d157f324,ca08b308a8dd544d08d9246738d89d09f0e549632ed9986c9b36c9df81a82eb0,3,3,True,0,0,0,3,3,3,3,3,3,1,1,1,True,True,True,False,False
train,spooky-author-identification,b8168eb1b4ba6dd08f07d1f3b49119f1ba21d8d254e22bf74474e42c98d55784,52c3aa303a69ceabb64dfef101f8a02fc621b3983fc6161f8ff760322961541d,3,2,True,1,1,0,1,3,3,1,3,3,2,1,1,False,True,True,True,True
train,spooky-author-identification,df2a819b7bc4183a71f9dc22bb3b5b78e623e1119564b99cf57dcf59d157f324,5e1738fe96e735b5e9b3c48a2a851d46550ff05fd7a9abd928b661652209f236,3,3,True,0,0,0,2,2,2,2,2,2,2,2,2,False,False,False,False,False
train,spooky-author-identification,ebe2468f5ad9b55560cb94ebcf7e8897cf30a913caa3d635dd591840e8b42996,4e9a6fe4cb4386d0e7670c8a8ea38f0b8e45505e32a49fd5dfb481fed46cae6a,3,3,True,0,0,0,3,3,3,3,3,3,1,1,1,True,True,True,False,False
train,spooky-author-identification,2af2eea279dde78386fff3209833b02d9d90e4db6b04d3e8274d876ed5f5c2c0,d22ec80654d7e93f7a40b922f2daf9a0d5a745651b0cedade10cd8217372022b,2,2,True,0,0,0,1,1,1,1,1,1,1,1,1,True,True,True,False,False
train,spooky-author-identification,df2a819b7bc4183a71f9dc22bb3b5b78e623e1119564b99cf57dcf59d157f324,a23d5bd7e9c3c413c3f79d74406f52832374ee24fa7f565193c097ff0f8cd1b2,3,2,True,1,1,0,1,3,3,1,3,3,2,1,1,False,True,True,True,True
train,spooky-author-identification,ebe2468f5ad9b55560cb94ebcf7e8897cf30a913caa3d635dd591840e8b42996,5532d47d715f49cf2bca2a00f6b29688c1e832ba75285915ea90a12f29506280,3,2,True,1,1,0,1,3,3,1,3,3,2,1,1,False,True,True,True,True
train,spooky-author-identification,b8168eb1b4ba6dd08f07d1f3b49119f1ba21d8d254e22bf74474e42c98d55784,e1bde002f822c2e5857b22b7d6e2eec91e641fd5690d29a6aad449909edabc45,3,2,True,1,1,0,1,3,3,1,3,3,2,1,1,False,True,True,True,True
train,spooky-author-identification,ebe2468f5ad9b55560cb94ebcf7e8897cf30a913caa3d635dd591840e8b42996,b412eedcf028a7cfca2539058cdd0b4789ddde18a78501a9c4726735e071ecb9,3,3,True,0,0,0,2,2,2,2,2,2,1,1,1,True,True,True,False,False
train,spooky-author-identification,df2a819b7bc4183a71f9dc22bb3b5b78e623e1119564b99cf57dcf59d157f324,e00b0a7e70b567672670d6120694e6dbb0ef34ee903f740cc3ebaa2fa9b3505d,3,3,True,0,0,0,3,3,3,3,3,3,1,1,1,True,True,True,False,False
train,spooky-author-identification,1c680d7b80e80ad0f93e4019da9f6604a18ef6fc6e9f894ba208ec6732758f37,4fbda0959264cf3b50083d6ccfa0d3b2452f351b2c25b5b3d2c75220c0b43e68,3,2,True,1,0,1,1,1,1,1,1,1,2,2,2,False,False,False,False,False
train,spooky-author-identification,ebe2468f5ad9b55560cb94ebcf7e8897cf30a913caa3d635dd591840e8b42996,52630202ca64096bebb5b49da812820d8f340d65336745bfbb7ec832b57b7cc5,3,2,True,1,1,0,1,3,3,1,3,3,2,1,1,False,True,True,True,True
train,spooky-author-identification,ebe2468f5ad9b55560cb94ebcf7e8897cf30a913caa3d635dd591840e8b42996,5ab2d6119c68e7a9801ab703a4a0b7882557557fc2a2bd2fc16c40ecbaf1ddea,3,3,True,0,0,0,3,3,3,3,3,3,1,1,1,True,True,True,False,False
train,spooky-author-identification,40214dabbf23f4591fa5c2682e2aa384752b236e965b855fada0a6846b69b26d,fc1ddeac55fad2148cadc956835af9ecf22067ee642643938672b8d13fa9d0e9,3,2,True,1,1,0,1,3,3,1,3,3,2,1,1,False,True,True,True,True
train,spooky-author-identification,ebe2468f5ad9b55560cb94ebcf7e8897cf30a913caa3d635dd591840e8b42996,5d693f5395fd23204afdd3dcd72a716773e0db6b12ad10eae080fb421d849893,3,3,True,0,0,0,3,3,3,3,3,3,1,1,1,True,True,True,False,False
train,spooky-author-identification,936733133a12c123bc9a397ed75df6db5ec02be3c7b551af0d63df9180785cce,816dcfc81433299e15ac96523129364c5b35fc3bb49bddcb3809c7470800b012,3,2,True,1,1,0,1,3,3,1,3,3,2,1,1,False,True,True,True,True
train,spooky-author-identification,ebe2468f5ad9b55560cb94ebcf7e8897cf30a913caa3d635dd591840e8b42996,07d067f532ad6c027ac3e5f75c19883eac0e8e3dbc040b1a4c000ee4e1fae2a9,3,3,True,0,0,0,3,3,3,3,3,3,1,1,1,True,True,True,False,False
train,spooky-author-identification,936733133a12c123bc9a397ed75df6db5ec02be3c7b551af0d63df9180785cce,d3aae8662d5e176f6243d9862caa769510256e3691c4bf0bdbaa69af6214b2fe,3,3,True,0,0,0,3,3,3,3,3,3,1,1,1,True,True,True,False,False
train,spooky-author-identification,9958a04c70cfdaf7ab68c78878b403669a85cd4c30a08f14d05b77de631bf9b3,b27c519d59ca2c0c72ff13697cd48b0102c2def72eb5e2c7a197ac48682af695,3,3,True,0,0,0,3,3,3,3,3,3,1,1,1,True,True,True,False,False
train,spooky-author-identification,ebe2468f5ad9b55560cb94ebcf7e8897cf30a913caa3d635dd591840e8b42996,964e2cb5e28521bc0354a2869618d718f694d7df8b253acc18a4a3940100b2c9,3,2,True,1,1,0,1,3,3,1,3,3,2,1,1,False,True,True,True,True
train,spooky-author-identification,9958a04c70cfdaf7ab68c78878b403669a85cd4c30a08f14d05b77de631bf9b3,8d0fb80d4e8bae61bb0fa7a08617be988c404d2b0f1520069bfa7a4571557819,3,2,True,1,1,0,1,3,3,1,3,3,2,1,1,False,True,True,True,True
train,spooky-author-identification,df2a819b7bc4183a71f9dc22bb3b5b78e623e1119564b99cf57dcf59d157f324,082c0b620850b2e84b68ce566bfa5f85062f86ca750c219e57c37b4565248bda,3,3,True,0,0,0,3,3,3,3,3,3,1,1,1,True,True,True,False,False
train,spooky-author-identification,ebe2468f5ad9b55560cb94ebcf7e8897cf30a913caa3d635dd591840e8b42996,eb828a15fb2aaad73a6ffbbc07641f640edc3d8c5aa6f7866b19446d31fd1b52,3,3,True,0,0,0,3,3,3,3,3,3,1,1,1,True,True,True,False,False
train,spooky-author-identification,936733133a12c123bc9a397ed75df6db5ec02be3c7b551af0d63df9180785cce,ef78b7a07c9f3253f531e3f8b29ef827642e62d1192a85e48fdd6031a88df7e5,3,2,True,1,1,0,1,3,3,1,3,3,2,1,1,False,True,True,True,True
train,spooky-author-identification,ebe2468f5ad9b55560cb94ebcf7e8897cf30a913caa3d635dd591840e8b42996,22d53326ff541e179d747b1cbb564a549e194c60b90c22bd5cc3aedcbaa11960,3,3,True,0,0,0,3,3,3,3,3,3,1,1,1,True,True,True,False,False
train,spooky-author-identification,df2a819b7bc4183a71f9dc22bb3b5b78e623e1119564b99cf57dcf59d157f324,6cfa0456790ede11bfba84f546fde226f7414a6b4b5b16e40958e08b9e819b41,3,3,True,0,0,0,3,3,3,3,3,3,1,1,1,True,True,True,False,False
train,spooky-author-identification,b8168eb1b4ba6dd08f07d1f3b49119f1ba21d8d254e22bf74474e42c98d55784,a856b22f86f2c68c6a5046a9646bb9c2932f9583a14c9d72e033db2420f50dd6,3,2,True,1,1,0,1,3,3,1,3,3,2,1,1,False,True,True,True,True
train,spooky-author-identification,9958a04c70cfdaf7ab68c78878b403669a85cd4c30a08f14d05b77de631bf9b3,08b8ae3de610c9812ff8a45ad6b374652fcefb0caaebf41349cec8c608651bc1,3,2,True,1,1,0,1,3,3,1,3,3,2,1,1,False,True,True,True,True
train,spooky-author-identification,ebe2468f5ad9b55560cb94ebcf7e8897cf30a913caa3d635dd591840e8b42996,b07009d3b72e510d46db007b1ffecb3d3f6dc048a8cece9ea1e297561d706cd4,3,3,True,0,0,0,3,3,3,3,3,3,1,1,1,True,True,True,False,False
train,spooky-author-identification,ebe2468f5ad9b55560cb94ebcf7e8897cf30a913caa3d635dd591840e8b42996,bb1558ccfc6befa674d74d806d5d3777c84134dc9be55bbff3c03a2a92b25002,3,3,True,0,0,0,3,3,3,3,3,3,1,1,1,True,True,True,False,False
train,spooky-author-identification,e4f1553fdb18b3b46ac41599a7b917df9b78a3b5fc050a50e1ea3807d43d856d,7e4ecb65ae520b4666afb948587a3d1a7198e17e6361a9336be99fdf1543ee6e,3,3,True,0,0,0,3,3,3,3,3,3,1,1,1,True,True,True,False,False
train,spooky-author-identification,936733133a12c123bc9a397ed75df6db5ec02be3c7b551af0d63df9180785cce,50d661709f45f2d4a70a7fccff4164c395338306f4736291efccb76eafd757bd,3,3,True,0,0,0,3,3,3,3,3,3,1,1,1,True,True,True,False,False
train,spooky-author-identification,df2a819b7bc4183a71f9dc22bb3b5b78e623e1119564b99cf57dcf59d157f324,3508f648a10c53f6ce2c4bdd87fc743bb70e91c81331b7f14d440395ed91550d,3,3,True,0,0,0,3,3,3,3,3,3,1,1,1,True,True,True,False,False
train,spooky-author-identification,40214dabbf23f4591fa5c2682e2aa384752b236e965b855fada0a6846b69b26d,5e754d63a1212496f50ffdcccf0f2d91d7f98c21fe8a0516c2f5aabb11be0c03,3,2,True,1,1,0,1,3,3,1,3,3,2,1,1,False,True,True,True,True
train,spooky-author-identification,b8168eb1b4ba6dd08f07d1f3b49119f1ba21d8d254e22bf74474e42c98d55784,03047b76b5e153acfa78946c97f48a1cbecc71e24909776de467f729d969ab84,3,2,True,1,1,0,1,3,3,1,3,3,2,1,1,False,True,True,True,True
train,spooky-author-identification,ebe2468f5ad9b55560cb94ebcf7e8897cf30a913caa3d635dd591840e8b42996,0663e86323ab1b2598e4f56227c8fe84368172a07a31dee0b09e98609657e5a2,3,2,True,1,1,0,1,3,3,1,3,3,2,1,1,False,True,True,True,True
train,spooky-author-identification,df2a819b7bc4183a71f9dc22bb3b5b78e623e1119564b99cf57dcf59d157f324,82a1c9d557090837a4e1c152e8ac4a74337760161b1f3648e3692e479c332da3,3,3,True,0,0,0,2,2,2,2,2,2,1,1,1,True,True,True,False,False
train,spooky-author-identification,ebe2468f5ad9b55560cb94ebcf7e8897cf30a913caa3d635dd591840e8b42996,749d9a3207f7ee4b2ad89127609988db45ea92d8e9486d04da24761002356a32,3,3,True,0,0,0,2,2,2,2,2,2,1,1,1,True,True,True,False,False
train,spooky-author-identification,b8168eb1b4ba6dd08f07d1f3b49119f1ba21d8d254e22bf74474e42c98d55784,badbb5880514477a384f5fc9d6711b8782101ffa5e3cfa6b74bf0c6d02f19500,3,2,True,1,1,0,1,3,3,1,3,3,2,1,1,False,True,True,True,True
train,spooky-author-identification,2d148ddd1a287fcae59bf7d2af9ab79621d679abda59603963134bef97c968c6,5783f3505781d951d966c4cd4b200b1000964be541452ef9415b1d6785991d3e,2,2,True,0,0,0,1,1,1,1,1,1,1,1,1,True,True,True,False,False
train,spooky-author-identification,9958a04c70cfdaf7ab68c78878b403669a85cd4c30a08f14d05b77de631bf9b3,c1c33141ace894e19b971202bb63ea9a60a6f7c40f775bef75c82c241f816192,3,3,True,0,0,0,3,3,3,3,3,3,1,1,1,True,True,True,False,False
train,spooky-author-identification,1c680d7b80e80ad0f93e4019da9f6604a18ef6fc6e9f894ba208ec6732758f37,f67b6e14c691b07fb2082b69ac935b1d3858eba9347d6c53453df2cc66db1696,3,3,True,0,0,0,3,3,3,3,3,3,1,1,1,True,True,True,False,False
train,spooky-author-identification,b8168eb1b4ba6dd08f07d1f3b49119f1ba21d8d254e22bf74474e42c98d55784,d5ff3cf28cdde21099ed3be7233848525e77bd6e4f53f810113530f3e7a919d5,3,2,True,1,1,0,1,3,3,1,3,3,2,1,1,False,True,True,True,True
train,spooky-author-identification,ebe2468f5ad9b55560cb94ebcf7e8897cf30a913caa3d635dd591840e8b42996,fc80596f19f0e541f778cd068f78f92d10848db3612254f5cb344a94d60087ac,3,3,True,0,0,0,3,3,3,3,3,3,1,1,1,True,True,True,False,False
train,spooky-author-identification,ebe2468f5ad9b55560cb94ebcf7e8897cf30a913caa3d635dd591840e8b42996,3469c1481633a9682d3932e3aa239109bebc53fa6e6ca397c15db8d95a9c849e,3,3,True,0,0,0,3,3,3,3,3,3,1,1,1,True,True,True,False,False
train,spooky-author-identification,df2a819b7bc4183a71f9dc22bb3b5b78e623e1119564b99cf57dcf59d157f324,4b5dd3a851b786b1fe3c5c84735b191c7f02494d9bb71bade85c455d371649c1,3,2,True,1,1,0,1,3,3,1,3,3,2,1,1,False,True,True,True,True
train,spooky-author-identification,df2a819b7bc4183a71f9dc22bb3b5b78e623e1119564b99cf57dcf59d157f324,9803db73e206b7184832f911b1dc4613a32aeb8f9379108e7a7246d8993231bb,3,3,True,0,0,0,3,3,3,3,3,3,1,1,1,True,True,True,False,False
train,spooky-author-identification,ebe2468f5ad9b55560cb94ebcf7e8897cf30a913caa3d635dd591840e8b42996,bd69911116e1ae5954771642402ed8c79c033c083888a40d0fca6da9a6e42971,3,3,True,0,0,0,3,3,3,3,3,3,1,1,1,True,True,True,False,False
train,spooky-author-identification,051c85b0a0c34627e90f92f78ecb96a3bb17b6902445f1a091f57b1eb403c00c,ff6f2a7ba9351b2c590c6e52a6654a81c0a724ca2ebadeee1c5552b2f7744531,3,2,False,,0,1,1,1,1,1,1,1,,,,False,False,False,False,False
train,spooky-author-identification,df2a819b7bc4183a71f9dc22bb3b5b78e623e1119564b99cf57dcf59d157f324,2de90d6dadf54eeab5d0f282c6ca1c63c12faa6384c26372eb15dc1ff18dfa84,3,3,True,0,0,0,3,3,3,3,3,3,1,1,1,True,True,True,False,False
train,spooky-author-identification,ebe2468f5ad9b55560cb94ebcf7e8897cf30a913caa3d635dd591840e8b42996,ddfe3e637ea77bbfaa5a95945acb037276b490e5f639c6d293a6a91bb8b10382,3,3,True,0,0,0,2,2,2,2,2,2,2,2,2,False,False,False,False,False
train,spooky-author-identification,ebe2468f5ad9b55560cb94ebcf7e8897cf30a913caa3d635dd591840e8b42996,a62f6bb478c4cd3f9e3651824132b1d754b171fc9e540d57b7ee019807bdd6cb,3,3,True,0,0,0,2,2,2,2,2,2,2,2,2,False,False,False,False,False
train,spooky-author-identification,c0a4a2afbee71eb0ff70a4dbedbe24f82cec6d81dd8d945ca586c796a4337a06,5b79b5e62dfc11ab919ff97009de49dfe2dab98526a930638f40a5af965f33eb,3,3,True,0,0,0,3,3,3,3,3,3,1,1,1,True,True,True,False,False
train,spooky-author-identification,936733133a12c123bc9a397ed75df6db5ec02be3c7b551af0d63df9180785cce,28b434e646ddd018c442043001c1f018d7839218dd8383f8cfa73004068abe5a,3,2,True,1,1,0,1,3,3,1,3,3,2,1,1,False,True,True,True,True
train,spooky-author-identification,df2a819b7bc4183a71f9dc22bb3b5b78e623e1119564b99cf57dcf59d157f324,5491cbb5a52259709577674af61f8ea00b039fb1b73c613cd8a8d1d7f00360a9,3,3,True,0,0,0,3,3,3,3,3,3,1,1,1,True,True,True,False,False
train,spooky-author-identification,40214dabbf23f4591fa5c2682e2aa384752b236e965b855fada0a6846b69b26d,716b64fff83cee63edd2a8b9d18f67f29f2420b7505e3678cc1a77d0a8fdc5df,3,2,True,1,1,0,1,3,3,1,3,3,2,1,1,False,True,True,True,True
train,spooky-author-identification,9958a04c70cfdaf7ab68c78878b403669a85cd4c30a08f14d05b77de631bf9b3,0d5059d693313d7fa6304ab6db404d18ffab3afe6d00fe049c7c24dedca83625,3,2,True,1,1,0,1,3,3,1,3,3,2,1,1,False,True,True,True,True
train,spooky-author-identification,ebe2468f5ad9b55560cb94ebcf7e8897cf30a913caa3d635dd591840e8b42996,9ea3fa17a7560437466c525959970058ed8419ac6e2ce3bfa302157a63f516fe,3,3,True,0,0,0,3,3,3,3,3,3,1,1,1,True,True,True,False,False
train,spooky-author-identification,9958a04c70cfdaf7ab68c78878b403669a85cd4c30a08f14d05b77de631bf9b3,a35b3a405360d20dff3f278061944f4a339faeeb1c290da019769f31a24dee3e,3,3,True,0,0,0,3,3,3,3,3,3,1,1,1,True,True,True,False,False
train,spooky-author-identification,df2a819b7bc4183a71f9dc22bb3b5b78e623e1119564b99cf57dcf59d157f324,5dcc54e40664ed0ab088958ea2018a4f3c5c21a6ed153d1cc320dcc146e06154,3,3,True,0,0,0,3,3,3,3,3,3,1,1,1,True,True,True,False,False
train,spooky-author-identification,df2a819b7bc4183a71f9dc22bb3b5b78e623e1119564b99cf57dcf59d157f324,a22c5b2c792020a07f4b7b196e86845a02a94261296e89706f4e87d14a0f371a,3,3,True,0,0,0,3,3,3,3,3,3,1,1,1,True,True,True,False,False
train,spooky-author-identification,936733133a12c123bc9a397ed75df6db5ec02be3c7b551af0d63df9180785cce,ed9ad9f5a6aa5f15a7ceb33925fc2d47195f21e8c4dfa3a53612131f0cc57a8e,3,2,True,1,1,0,1,3,3,1,3,3,2,1,1,False,True,True,True,True
train,spooky-author-identification,40214dabbf23f4591fa5c2682e2aa384752b236e965b855fada0a6846b69b26d,30d0e155b0ffd2ce9cc9cb5a3c32182c6816a7f43a5d7eecda11967e4afc0488,3,3,True,0,0,0,3,3,3,3,3,3,1,1,1,True,True,True,False,False
train,spooky-author-identification,29e5a67adc6a82a9621a973385dd4ecc927a9812ae290c259ce35510dd8332f5,9ea9a434abbdada5b3a2c13ca41caa55d3301078e8d2bce5ad07baba169df238,5,4,False,,0,1,6,6,6,6,6,6,,,,False,False,False,False,False
train,spooky-author-identification,ebe2468f5ad9b55560cb94ebcf7e8897cf30a913caa3d635dd591840e8b42996,906efc5af25f6f718451b6069916b8cc30969f443d34efb7f11b86f7399358e9,3,3,True,0,0,0,3,3,3,3,3,3,1,1,1,True,True,True,False,False
train,spooky-author-identification,df2a819b7bc4183a71f9dc22bb3b5b78e623e1119564b99cf57dcf59d157f324,481c134f546612f860baf31544edae582d01180d74e9413ea96ba08627f142db,3,3,True,0,0,0,3,3,3,3,3,3,1,1,1,True,True,True,False,False
train,spooky-author-identification,28d285db862cb9053086875b04a7843a0dd34a6e715b69701529ff3069f37a3f,88f7e344e87a1d7ff7244055909bac533b72e70d7830e43cccd54c7ef58d8b3a,3,3,True,0,0,0,3,3,3,3,3,3,1,1,1,True,True,True,False,False
train,spooky-author-identification,df2a819b7bc4183a71f9dc22bb3b5b78e623e1119564b99cf57dcf59d157f324,2a94a003b3e7869fbffbdcb7d1c936f5a01f87e75af0baf25199d3512290c937,3,3,True,0,0,0,3,3,3,3,3,3,1,1,1,True,True,True,False,False
train,spooky-author-identification,9958a04c70cfdaf7ab68c78878b403669a85cd4c30a08f14d05b77de631bf9b3,1b112e100abeb781a2aee418fab4006d5141ab6495d5645a3217639f34ebbba8,3,2,True,1,1,0,1,3,3,1,3,3,2,1,1,False,True,True,True,True
train,spooky-author-identification,ebe2468f5ad9b55560cb94ebcf7e8897cf30a913caa3d635dd591840e8b42996,ae4ec8a604c559049d5a5d9e95ddabf6162c808a86085a824c609f238d2083c2,3,3,True,0,0,0,3,3,3,3,3,3,1,1,1,True,True,True,False,False
train,spooky-author-identification,40214dabbf23f4591fa5c2682e2aa384752b236e965b855fada0a6846b69b26d,0a7d92bc0012b1e3fc64286bddd4a560fd9761a365a34a57a081b95be685bca7,3,3,True,0,0,0,3,3,3,3,3,3,1,1,1,True,True,True,False,False
train,spooky-author-identification,df2a819b7bc4183a71f9dc22bb3b5b78e623e1119564b99cf57dcf59d157f324,036a10332ec8aa13e40d5814c5a99cf6a77f9fea466bf17a578dfa48fa0a1522,3,3,True,0,0,0,3,3,3,3,3,3,1,1,1,True,True,True,False,False
train,spooky-author-identification,ebe2468f5ad9b55560cb94ebcf7e8897cf30a913caa3d635dd591840e8b42996,1654e2dd86416c915b2c73c491f36750466a028a7447fbd24a7c2e351c8c4b68,3,3,True,0,0,0,3,3,3,3,3,3,1,1,1,True,True,True,False,False
train,spooky-author-identification,ebe2468f5ad9b55560cb94ebcf7e8897cf30a913caa3d635dd591840e8b42996,05194dec8442895b170e2c1a448ef3fafedb7b81115d54441811f754ccf42a9a,3,3,True,0,0,0,2,2,2,2,2,2,1,1,1,True,True,True,False,False
train,spooky-author-identification,e4f1553fdb18b3b46ac41599a7b917df9b78a3b5fc050a50e1ea3807d43d856d,0fc350cc285bd27299f84cb61f23d0fcc2b996b34b98fcddd4eabff7c11c3099,3,3,True,0,0,0,3,3,3,3,3,3,1,1,1,True,True,True,False,False
train,spooky-author-identification,936733133a12c123bc9a397ed75df6db5ec02be3c7b551af0d63df9180785cce,ab7a28608b402bcb03f1381fcc014c7bfe454ffd86ac440a616de8166f05c3a8,3,3,True,0,0,0,3,3,3,3,3,3,1,1,1,True,True,True,False,False
train,spooky-author-identification,df2a819b7bc4183a71f9dc22bb3b5b78e623e1119564b99cf57dcf59d157f324,63c4b28a8dbf534f4660ebaf26ed4166ce865e13bd3e5ffc517f58b8b582b42a,3,2,True,1,1,0,1,3,3,1,3,3,2,1,1,False,True,True,True,True
train,spooky-author-identification,9958a04c70cfdaf7ab68c78878b403669a85cd4c30a08f14d05b77de631bf9b3,44fcc07cfbdab85bc152685917c39459ea943f7ac0e4ec2f6104f98ffafd40cb,3,2,True,1,1,0,1,3,3,1,3,3,2,1,1,False,True,True,True,True
train,spooky-author-identification,40214dabbf23f4591fa5c2682e2aa384752b236e965b855fada0a6846b69b26d,0c789182baa4ccfb5f30830dd6f3753fbcfc7d69eeca24f53078735d8e418044,3,3,True,0,0,0,3,3,3,3,3,3,1,1,1,True,True,True,False,False
train,spooky-author-identification,9958a04c70cfdaf7ab68c78878b403669a85cd4c30a08f14d05b77de631bf9b3,8418f16a90d00e5fa59e5d1167a86207136007b441c7a841ef730751d7d08de3,3,2,True,1,1,0,1,3,3,1,3,3,2,1,1,False,True,True,True,True
train,spooky-author-identification,df2a819b7bc4183a71f9dc22bb3b5b78e623e1119564b99cf57dcf59d157f324,744dce4f95bbb11cfa23bcb4ffe421c8acd5fe11ca3fad378915ac574543df8e,3,2,True,1,1,0,1,3,3,1,3,3,2,1,1,False,True,True,True,True
train,spooky-author-identification,d6c2a12d8382fcefd9dcc5f79f177928d4db0dbef066cf3985a6d69719a57fbe,7437f3f09c26ea65e237300cf959446d10207071f3304cd42d002c5cfc5e1c00,5,2,False,,0,3,1,1,1,1,1,1,,,,False,False,False,False,False
train,spooky-author-identification,051c85b0a0c34627e90f92f78ecb96a3bb17b6902445f1a091f57b1eb403c00c,d55e8d17664fc6150c1ed42c8b3206e06f2c794e269a2b6e8e56a3fd8713cdf8,3,3,True,0,0,0,3,3,3,3,3,3,1,1,1,True,True,True,False,False
train,spooky-author-identification,df2a819b7bc4183a71f9dc22bb3b5b78e623e1119564b99cf57dcf59d157f324,085eec762392ab700871d8b7ee17d51b6da2f8568bbf431bce647ecba7ea5285,3,3,True,0,0,0,3,3,3,3,3,3,1,1,1,True,True,True,False,False
train,spooky-author-identification,40214dabbf23f4591fa5c2682e2aa384752b236e965b855fada0a6846b69b26d,86fae6600f9f0ad77f9955b34134ee7b4e3c0c458ea74ab0eaa14166ad855043,3,2,True,1,1,0,1,3,3,1,3,3,2,1,1,False,True,True,True,True
train,spooky-author-identification,d68360deb22cfc25267648bece608acb0eb544b611162cd5444c00dfa9c22b51,da7598856177287b6e29ff9a1edf63da4d10dc827de6545a34f58ac83ab28ee5,3,2,False,,0,1,1,1,1,1,1,1,,,,False,False,False,False,False
train,spooky-author-identification,df2a819b7bc4183a71f9dc22bb3b5b78e623e1119564b99cf57dcf59d157f324,1493d02e4cd95a3565383d21acfbc23251aba82898fb1f41206125ab93850c79,3,3,True,0,0,0,3,3,3,3,3,3,1,1,1,True,True,True,False,False
train,spooky-author-identification,b8168eb1b4ba6dd08f07d1f3b49119f1ba21d8d254e22bf74474e42c98d55784,19f47390c3fd246f887ae0c23a19c34b58ae4a9295d14523099adc6ef6318ed5,3,2,True,1,1,0,1,3,3,1,3,3,2,1,1,False,True,True,True,True
train,spooky-author-identification,df2a819b7bc4183a71f9dc22bb3b5b78e623e1119564b99cf57dcf59d157f324,82bcaf5dc7d9c5d9c03a3009799fe3c7e5209b7a8f75192c82959670416c0866,3,2,True,1,1,0,1,3,3,1,3,3,2,1,1,False,True,True,True,True
train,spooky-author-identification,ebe2468f5ad9b55560cb94ebcf7e8897cf30a913caa3d635dd591840e8b42996,86c1248c5c6ec6fc78ccf45a3cce40e27c78c872c313752753841949d89a98c4,3,2,True,1,1,0,1,3,3,1,3,3,2,1,1,False,True,True,True,True
train,spooky-author-identification,40214dabbf23f4591fa5c2682e2aa384752b236e965b855fada0a6846b69b26d,e15857751a4c58a03b8c06565e31289e097cbe6f6eff410d59dfaa3e65d06447,3,3,True,0,0,0,3,3,3,3,3,3,1,1,1,True,True,True,False,False
train,spooky-author-identification,ebe2468f5ad9b55560cb94ebcf7e8897cf30a913caa3d635dd591840e8b42996,cd3ef305ee48a49824fefc8d28409164c216da9fbd0a073cabd74fcb076eba72,3,2,True,1,1,0,1,3,3,1,3,3,2,1,1,False,True,True,True,True
train,spooky-author-identification,40214dabbf23f4591fa5c2682e2aa384752b236e965b855fada0a6846b69b26d,6e63f0d6e0dd19a9a4b378b0f3b5e562b83e641e7ccb8804f696b6833a67e3a4,3,3,True,0,0,0,3,3,3,3,3,3,1,1,1,True,True,True,False,False
train,spooky-author-identification,40214dabbf23f4591fa5c2682e2aa384752b236e965b855fada0a6846b69b26d,fcf358e4c8559525250c20cbcd4555c4ea3157ff4a56b9b65d3876058b1cb214,3,2,False,,0,1,1,1,1,1,1,1,,,,False,False,False,False,False
train,spooky-author-identification,40214dabbf23f4591fa5c2682e2aa384752b236e965b855fada0a6846b69b26d,fdc48fb7ee347522323e2f2e526baf7a4b03862d84c664b78e83aa9c9325190f,3,2,True,1,1,0,1,3,3,1,3,3,2,1,1,False,True,True,True,True
train,spooky-author-identification,ebe2468f5ad9b55560cb94ebcf7e8897cf30a913caa3d635dd591840e8b42996,7d55ef97ea28188f11d0b1e700ec1cc2da9b35e8bda0fbe63d681a40f70dc41d,3,3,True,0,0,0,3,3,3,3,3,3,1,1,1,True,True,True,False,False
train,spooky-author-identification,df2a819b7bc4183a71f9dc22bb3b5b78e623e1119564b99cf57dcf59d157f324,3e56e47cc9696b5d5b4bf05d71d86e39249ca8fa1b75e4263b87a6d0b7687928,3,3,True,0,0,0,3,3,3,3,3,3,1,1,1,True,True,True,False,False
train,spooky-author-identification,ebe2468f5ad9b55560cb94ebcf7e8897cf30a913caa3d635dd591840e8b42996,e8f49bc64a6c91a5b540bb06731da12fd50ac7fb5f719b4208e622cc402bdbce,3,3,True,0,0,0,3,3,3,3,3,3,1,1,1,True,True,True,False,False
train,spooky-author-identification,9958a04c70cfdaf7ab68c78878b403669a85cd4c30a08f14d05b77de631bf9b3,42f9c8c70018e0e94d30dc8eaf41db86231fbeb34bfb5e42a0ed82b841caff2d,3,3,True,0,0,0,3,3,3,3,3,3,1,1,1,True,True,True,False,False
train,spooky-author-identification,b8168eb1b4ba6dd08f07d1f3b49119f1ba21d8d254e22bf74474e42c98d55784,8964c6872c4ae3b470ce1f5f5bf306c55c0abafce8bf6eece1d315a3c00d40eb,3,2,True,1,1,0,1,3,3,1,3,3,2,1,1,False,True,True,True,True
train,spooky-author-identification,936733133a12c123bc9a397ed75df6db5ec02be3c7b551af0d63df9180785cce,530b658c297cf94a7c9ae107f5e5ef9d908c2eae6af074f90bc69914891d7b83,3,2,True,1,1,0,1,3,3,1,3,3,2,1,1,False,True,True,True,True
train,spooky-author-identification,df2a819b7bc4183a71f9dc22bb3b5b78e623e1119564b99cf57dcf59d157f324,86113f8cf0682e95ba73c07e90f949c15aa07106c181a06b0e9545e67f037192,3,3,True,0,0,0,3,3,3,3,3,3,1,1,1,True,True,True,False,False
train,spooky-author-identification,df2a819b7bc4183a71f9dc22bb3b5b78e623e1119564b99cf57dcf59d157f324,ef8311a815ebc88264bf37a1d88cf2e927da89bf1ef823b40e139b3aec05d11c,3,2,True,1,1,0,1,3,3,1,3,3,2,1,1,False,True,True,True,True
train,spooky-author-identification,9d053ba56181f5818c078af148a7bad90ca191fbe18575f607dc358723dd9066,cc64970cb1bb2da36afee71b9e923cb1a9a9ae40af529b26e6d5998d97768f8d,5,2,True,3,3,0,1,7,5,1,7,5,4,1,2,False,True,False,True,False
train,spooky-author-identification,df2a819b7bc4183a71f9dc22bb3b5b78e623e1119564b99cf57dcf59d157f324,e14e11a326c3a36cfc54ad8a84b7e7e32c9285bb7b1b34d9a6e01bc9bc6d17f6,3,3,True,0,0,0,3,3,3,3,3,3,1,1,1,True,True,True,False,False
train,spooky-author-identification,ebe2468f5ad9b55560cb94ebcf7e8897cf30a913caa3d635dd591840e8b42996,2512667235583df2429ae15feb44fb00e316d3022de57de791c21b4b9b658072,3,3,True,0,0,0,3,3,3,3,3,3,1,1,1,True,True,True,False,False
train,spooky-author-identification,40214dabbf23f4591fa5c2682e2aa384752b236e965b855fada0a6846b69b26d,4698634a7168db1231da40ba7cfd3a26d40d69668435e8704cd1615cbcde6eae,3,3,True,0,0,0,3,3,3,3,3,3,1,1,1,True,True,True,False,False
train,spooky-author-identification,b6789ebe900915bc09b043a11216518df66cf29de5251b70420c51bd78baeb7b,bd69ec5b30a78edbf220554ff0099e83b5ccd5a52529c71bd51e6113f4418476,3,2,True,1,1,0,1,3,3,1,3,3,2,1,1,False,True,True,True,True
train,spooky-author-identification,338a6291b66526766615ca6e19149613ef2fe7a4f8593f0d557de0f3574bfd62,99f814a83b69835a027f48ec222fdb71a620ab57672e72030ac92df189661a71,5,2,False,,0,3,1,1,1,1,1,1,,,,False,False,False,False,False
train,spooky-author-identification,ebe2468f5ad9b55560cb94ebcf7e8897cf30a913caa3d635dd591840e8b42996,1edc396454970f6290afc1c3ebb156fafdcf1fe7e47de347f1adfa6d2e6fa72a,3,3,True,0,0,0,3,3,3,3,3,3,1,1,1,True,True,True,False,False
train,spooky-author-identification,40214dabbf23f4591fa5c2682e2aa384752b236e965b855fada0a6846b69b26d,d07dab57e5465e0081c7cecb4d6ffb82faf1bca2d49571f8cc15878017462b0c,3,2,True,1,1,0,1,3,3,1,3,3,2,1,1,False,True,True,True,True
train,spooky-author-identification,40214dabbf23f4591fa5c2682e2aa384752b236e965b855fada0a6846b69b26d,a98d417b3e53df25e2e67337e2680820c9deb6fa73063690e817f3769a40bb42,3,2,True,1,1,0,1,3,3,1,3,3,2,1,1,False,True,True,True,True
train,spooky-author-identification,ebe2468f5ad9b55560cb94ebcf7e8897cf30a913caa3d635dd591840e8b42996,33a4399cf68087e05cb05dfe1e1ec550a278a1e813002546650f7e4cac4b1b14,3,3,True,0,0,0,3,3,3,3,3,3,1,1,1,True,True,True,False,False
train,spooky-author-identification,df2a819b7bc4183a71f9dc22bb3b5b78e623e1119564b99cf57dcf59d157f324,cff139b85ae6d77c8403bd4bcfc19638a8390f34fdc123b87166b73ec4748ed4,3,3,True,0,0,0,3,3,3,3,3,3,1,1,1,True,True,True,False,False
train,spooky-author-identification,b8168eb1b4ba6dd08f07d1f3b49119f1ba21d8d254e22bf74474e42c98d55784,8e41047e2135a7aeb1abdbac6fcc91677d979db80f6cba956a042d987ace5981,3,3,True,0,0,0,3,3,3,3,3,3,1,1,1,True,True,True,False,False
train,spooky-author-identification,b8168eb1b4ba6dd08f07d1f3b49119f1ba21d8d254e22bf74474e42c98d55784,14191f05bff7d16bb6267111f2d4bec5aadbdadf42cd90f0fb2773d46a11778d,3,2,True,1,1,0,1,3,3,1,3,3,2,1,1,False,True,True,True,True
train,spooky-author-identification,ebe2468f5ad9b55560cb94ebcf7e8897cf30a913caa3d635dd591840e8b42996,3f645a83a6005c04154df94cce9f0e0a4c37ff276a9eb40a6964bf0f812d69ee,3,3,True,0,0,0,3,3,3,3,3,3,1,1,1,True,True,True,False,False
train,spooky-author-identification,ebe2468f5ad9b55560cb94ebcf7e8897cf30a913caa3d635dd591840e8b42996,090b26c76bfa986ac04a683b7bb4f5f1099a37e831193c8d72ce4ab7650c8f48,3,3,True,0,0,0,3,3,3,3,3,3,1,1,1,True,True,True,False,False
train,spooky-author-identification,df2a819b7bc4183a71f9dc22bb3b5b78e623e1119564b99cf57dcf59d157f324,2b1268a24a2e3ea7729b6dc38ea75d0f52e7b8faaf0d03523b312e9d9ff1fb23,3,3,True,0,0,0,2,2,2,2,2,2,2,2,2,False,False,False,False,False
train,spooky-author-identification,ebe2468f5ad9b55560cb94ebcf7e8897cf30a913caa3d635dd591840e8b42996,1e3738ad5a266d21578be8887a0e2a840d32e7e20fa142e86e5f96d6a9d3b25d,3,3,True,0,0,0,3,3,3,3,3,3,1,1,1,True,True,True,False,False
train,spooky-author-identification,df2a819b7bc4183a71f9dc22bb3b5b78e623e1119564b99cf57dcf59d157f324,3ecbc09553c070a3f14474bb69014b59b10c626a471690db0ed75e8c81603f9f,3,2,True,1,1,0,1,3,3,1,3,3,2,1,1,False,True,True,True,True
train,spooky-author-identification,b8168eb1b4ba6dd08f07d1f3b49119f1ba21d8d254e22bf74474e42c98d55784,a01396c2107296ad70b569d931f83d2a34e34cc7a352ad544fa6cacf744896ed,3,3,True,0,0,0,3,3,3,3,3,3,1,1,1,True,True,True,False,False
train,spooky-author-identification,ebe2468f5ad9b55560cb94ebcf7e8897cf30a913caa3d635dd591840e8b42996,674a7569d5364dd4b722185be8f5aacc0c551d90ea903832350a536988e9d52e,3,3,True,0,0,0,3,3,3,3,3,3,1,1,1,True,True,True,False,False
train,spooky-author-identification,ebe2468f5ad9b55560cb94ebcf7e8897cf30a913caa3d635dd591840e8b42996,d6c7efed1569e328439470fe1f0ffbf3cb246e08060502544bb5482663805be3,3,3,True,0,0,0,3,3,3,3,3,3,1,1,1,True,True,True,False,False
train,spooky-author-identification,df2a819b7bc4183a71f9dc22bb3b5b78e623e1119564b99cf57dcf59d157f324,913fba190f55abec4391e2f7df962fbcd125b5f25b09bb85e09a2e9df9f0dd83,3,3,True,0,0,0,3,3,3,3,3,3,1,1,1,True,True,True,False,False
train,spooky-author-identification,df2a819b7bc4183a71f9dc22bb3b5b78e623e1119564b99cf57dcf59d157f324,209bf7694ffce84e896dbc83688fc34bddf5e001ff43032c4df4568664353f23,3,2,True,1,1,0,1,3,3,1,3,3,2,1,1,False,True,True,True,True
train,spooky-author-identification,3219607b7792d66e42bb597e63b3ab7d50b9a65981d3101f9e34878f633ac102,c41e20ed89b25b136f26896512c9bb8d3d051ea46b4fadf43c63445e2d3950f2,5,2,False,,0,3,1,1,1,1,1,1,,,,False,False,False,False,False
train,spooky-author-identification,ebe2468f5ad9b55560cb94ebcf7e8897cf30a913caa3d635dd591840e8b42996,0fe5d487b27afe1ba1cc066adfe7fc43ad2b3a23cdd8d9c112b045246c1b9cf4,3,3,True,0,0,0,3,3,3,3,3,3,1,1,1,True,True,True,False,False
train,spooky-author-identification,ebe2468f5ad9b55560cb94ebcf7e8897cf30a913caa3d635dd591840e8b42996,61ac9514d4691163aceaff0696662d6eb63114df5da655fdc0f6de18534b971c,3,3,True,0,0,0,3,3,3,3,3,3,1,1,1,True,True,True,False,False
train,spooky-author-identification,b8168eb1b4ba6dd08f07d1f3b49119f1ba21d8d254e22bf74474e42c98d55784,894ecc2eedc672d99d05fc34b72d94b19cd25196c4dd454b4dd643a23b0322c5,3,2,True,1,1,0,1,3,3,1,3,3,2,1,1,False,True,True,True,True
train,spooky-author-identification,1c680d7b80e80ad0f93e4019da9f6604a18ef6fc6e9f894ba208ec6732758f37,bbeadcb91bafa101aaa1604ec5fb9d49b95f8c7682b3563fe242429abf2757da,3,2,True,1,0,1,1,1,1,1,1,1,2,2,2,False,False,False,False,False
train,spooky-author-identification,2167011ada30c3778aff5ce6f101ea3c8dadbc66052319ebfbc1f5fd5886aab2,e19139ef80cecb4ae2e58bbbff765cf9e1651362da0cf452a3443890596244c5,5,2,False,,0,3,1,1,1,1,1,1,,,,False,False,False,False,False
train,spooky-author-identification,b8168eb1b4ba6dd08f07d1f3b49119f1ba21d8d254e22bf74474e42c98d55784,25048896f5e0a53735b4c9ba7c044bdded45149f1b561d6878fc819d3acc0fcc,3,2,True,1,1,0,1,3,3,1,3,3,2,1,1,False,True,True,True,True
train,spooky-author-identification,40214dabbf23f4591fa5c2682e2aa384752b236e965b855fada0a6846b69b26d,b28a4eccd1a083ee2fa80ba66040d518c8d171d291b690ec5decdc319cb05e2b,3,3,True,0,0,0,3,3,3,3,3,3,1,1,1,True,True,True,False,False
train,spooky-author-identification,40214dabbf23f4591fa5c2682e2aa384752b236e965b855fada0a6846b69b26d,4efffda2c2daf8b1fffde1050beb8e5f94273382da784109a9143236c88f3a77,3,3,True,0,0,0,3,3,3,3,3,3,1,1,1,True,True,True,False,False
train,spooky-author-identification,ebe2468f5ad9b55560cb94ebcf7e8897cf30a913caa3d635dd591840e8b42996,2fe797d1699de77b6cdd2632714ec9a00b60efb7473c0214ad7916d1e656762d,3,3,True,0,0,0,3,3,3,3,3,3,1,1,1,True,True,True,False,False
train,spooky-author-identification,ebe2468f5ad9b55560cb94ebcf7e8897cf30a913caa3d635dd591840e8b42996,10c9c5cdeb4835bfc5f2312cc248ec3cdfcf7e9313cd80a937c81c306dd68e57,3,2,True,1,1,0,1,3,3,1,3,3,2,1,1,False,True,True,True,True
train,spooky-author-identification,40214dabbf23f4591fa5c2682e2aa384752b236e965b855fada0a6846b69b26d,87e0b8f59a4a4e7a23e7bf5ff9b1e946ae11815047104a16f9a1ffbb96b509d3,3,2,True,1,1,0,1,3,3,1,3,3,2,1,1,False,True,True,True,True
train,spooky-author-identification,936733133a12c123bc9a397ed75df6db5ec02be3c7b551af0d63df9180785cce,952489db405747b2528d1b01891d7bc6201c818da89cfac67530291a223e3178,3,2,True,1,1,0,1,3,3,1,3,3,2,1,1,False,True,True,True,True
train,spooky-author-identification,df2a819b7bc4183a71f9dc22bb3b5b78e623e1119564b99cf57dcf59d157f324,4a9caec2bcda58a74362830c336fa146c06249134ae4e157750660dd9bf96c34,3,3,True,0,0,0,3,3,3,3,3,3,1,1,1,True,True,True,False,False
train,spooky-author-identification,40214dabbf23f4591fa5c2682e2aa384752b236e965b855fada0a6846b69b26d,e0f4a67769e89ec62794e75093ca80f7aa3bea1f424c7020ebb92653160073a3,3,2,True,1,1,0,1,3,3,1,3,3,2,1,1,False,True,True,True,True
train,spooky-author-identification,ebe2468f5ad9b55560cb94ebcf7e8897cf30a913caa3d635dd591840e8b42996,a8c532c60182fd242c037e246da85e5ccd996ba3c736403e2bdbe333f1a8b7e9,3,3,True,0,0,0,3,3,3,3,3,3,1,1,1,True,True,True,False,False
train,spooky-author-identification,936733133a12c123bc9a397ed75df6db5ec02be3c7b551af0d63df9180785cce,e3d57c2d71678de3649d349886a09d1b792b95ad5226d5fb972709782b7935d3,3,2,True,1,1,0,1,3,3,1,3,3,2,1,1,False,True,True,True,True
train,spooky-author-identification,df2a819b7bc4183a71f9dc22bb3b5b78e623e1119564b99cf57dcf59d157f324,49e459b492209ab26db24abba9c08ed9a33c451feeb6d75ae276dfba83557b23,3,3,True,0,0,0,2,2,2,2,2,2,2,2,2,False,False,False,False,False
train,spooky-author-identification,ebe2468f5ad9b55560cb94ebcf7e8897cf30a913caa3d635dd591840e8b42996,0d9f4771c1391b3f92d5f0371a8d6b5e48d007573f79b2fbec01c78d50f29871,3,2,True,1,1,0,1,3,3,1,3,3,2,1,1,False,True,True,True,True
train,spooky-author-identification,ebe2468f5ad9b55560cb94ebcf7e8897cf30a913caa3d635dd591840e8b42996,1b308fbc36e77768a0f5145bcdb1725f39ef37e11b3827d9fb5d107c0b9bc26c,3,3,True,0,0,0,3,3,3,3,3,3,1,1,1,True,True,True,False,False
train,spooky-author-identification,df2a819b7bc4183a71f9dc22bb3b5b78e623e1119564b99cf57dcf59d157f324,a9d08477901c59e50dad4272a0a4d9381dae1ce45922974c5b7945c80d88b741,3,3,True,0,0,0,3,3,3,3,3,3,1,1,1,True,True,True,False,False
train,spooky-author-identification,b8168eb1b4ba6dd08f07d1f3b49119f1ba21d8d254e22bf74474e42c98d55784,c7a4ad345678ed201282255a9e593ea7f0aa0aa032f1062fe69d987873f9e848,3,3,True,0,0,0,3,3,3,3,3,3,1,1,1,True,True,True,False,False
train,spooky-author-identification,ebe2468f5ad9b55560cb94ebcf7e8897cf30a913caa3d635dd591840e8b42996,7e47dc37262dea366aa41f5877eeaad22037d5f8a54d19fb5b2f730037560829,3,2,True,1,1,0,1,3,3,1,3,3,2,1,1,False,True,True,True,True
train,spooky-author-identification,df2a819b7bc4183a71f9dc22bb3b5b78e623e1119564b99cf57dcf59d157f324,815479656b576c2f7b4f985e87ea31cf41c4ec0df91e98cb1e7016ca8252b938,3,3,True,0,0,0,3,3,3,3,3,3,1,1,1,True,True,True,False,False
train,spooky-author-identification,d6c2a12d8382fcefd9dcc5f79f177928d4db0dbef066cf3985a6d69719a57fbe,806401ab1cb438b8912e79bd2406e4d015cf095490a852492431e03c3baa0306,5,3,True,2,2,0,3,9,9,3,9,9,3,1,1,False,True,True,True,True
train,spooky-author-identification,ebe2468f5ad9b55560cb94ebcf7e8897cf30a913caa3d635dd591840e8b42996,0afdab00b1b027ca485f6dd6395e5e3e7ccd40bc1c2a10b2af0fa8bf20faffad,3,3,True,0,0,0,3,3,3,3,3,3,1,1,1,True,True,True,False,False
train,spooky-author-identification,40214dabbf23f4591fa5c2682e2aa384752b236e965b855fada0a6846b69b26d,3e81a0a5a7647866ff6359ec18fd1990cb4522351e600822229e0e33b254eeb2,3,3,True,0,0,0,3,3,3,3,3,3,1,1,1,True,True,True,False,False
train,spooky-author-identification,b8168eb1b4ba6dd08f07d1f3b49119f1ba21d8d254e22bf74474e42c98d55784,fdf422e1cf7eded5a0cfb82f5aa9b09aec305e79853242aff8e1e8fd66bde01b,3,3,True,0,0,0,3,3,3,3,3,3,1,1,1,True,True,True,False,False
train,spooky-author-identification,9958a04c70cfdaf7ab68c78878b403669a85cd4c30a08f14d05b77de631bf9b3,45697605c6fa85ed71698bc9391fb1aaf74cd05948bb1638fe685190638a2115,3,3,True,0,0,0,3,3,3,3,3,3,1,1,1,True,True,True,False,False
train,spooky-author-identification,b6789ebe900915bc09b043a11216518df66cf29de5251b70420c51bd78baeb7b,63df17f1a39c1d7f7d2b00be849998080332772bde3ba24460f8f5f7f429cfea,3,3,True,0,0,0,3,3,3,3,3,3,1,1,1,True,True,True,False,False
train,spooky-author-identification,ebe2468f5ad9b55560cb94ebcf7e8897cf30a913caa3d635dd591840e8b42996,da9b13a9f4a551cd3ce2e57f15bd70b6a567ba4678c310ecf3646475c5d6969a,3,3,True,0,0,0,3,3,3,3,3,3,1,1,1,True,True,True,False,False
train,spooky-author-identification,df2a819b7bc4183a71f9dc22bb3b5b78e623e1119564b99cf57dcf59d157f324,6e8b36d13d80eff9e8f781e0dc205c9c4b3119fbe991f18517e9aaf8c15bbf7d,3,3,True,0,0,0,3,3,3,3,3,3,1,1,1,True,True,True,False,False
train,spooky-author-identification,b8168eb1b4ba6dd08f07d1f3b49119f1ba21d8d254e22bf74474e42c98d55784,22d88b290a89b00f5e80eae4d78730b489e6d5b3adbd201e042dcf1a6fc8bbb2,3,3,True,0,0,0,3,3,3,3,3,3,1,1,1,True,True,True,False,False
train,spooky-author-identification,b8168eb1b4ba6dd08f07d1f3b49119f1ba21d8d254e22bf74474e42c98d55784,8851f4565e87365f9d0ca2e448f794c5268edb5a21718114ecf722ba75e3d7ab,3,3,True,0,0,0,3,3,3,3,3,3,1,1,1,True,True,True,False,False
train,spooky-author-identification,46c1e42b47fab038a22246af26214799b32c8d64ce00636b9c39f1ec21c0a07e,a80efd460a6bb80958c3d9ad7774febe59ee1aba57588fec2f76e50b8c65930b,5,3,False,,0,2,3,3,3,3,3,3,,,,False,False,False,False,False
train,spooky-author-identification,df2a819b7bc4183a71f9dc22bb3b5b78e623e1119564b99cf57dcf59d157f324,84b72a7613a06de049e2019bf6f707810d355086ae5fdbfead255ab091f792c5,3,3,True,0,0,0,3,3,3,3,3,3,1,1,1,True,True,True,False,False
train,spooky-author-identification,b6789ebe900915bc09b043a11216518df66cf29de5251b70420c51bd78baeb7b,93482c8d244464e544a61b49d05cbf7de4069456354bcfea42bd816b851e6548,3,2,False,,0,1,1,1,1,1,1,1,,,,False,False,False,False,False
train,spooky-author-identification,40214dabbf23f4591fa5c2682e2aa384752b236e965b855fada0a6846b69b26d,3e7673789d66bd36b66ddd36135ba54061e084add34150417dd2e8670d417652,3,2,True,1,1,0,1,3,3,1,3,3,2,1,1,False,True,True,True,True
train,spooky-author-identification,df2a819b7bc4183a71f9dc22bb3b5b78e623e1119564b99cf57dcf59d157f324,55c871118dc3c3ccf34b9b7375964f880b1bdc1a20a63216244bf1a06038cb76,3,2,True,1,1,0,1,3,3,1,3,3,2,1,1,False,True,True,True,True
train,spooky-author-identification,ebe2468f5ad9b55560cb94ebcf7e8897cf30a913caa3d635dd591840e8b42996,e4bc749f1d89c46beda4bf89b635da5cecb729cf64fa1208fd98600a3b350382,3,3,True,0,0,0,3,3,3,3,3,3,1,1,1,True,True,True,False,False
train,spooky-author-identification,ebe2468f5ad9b55560cb94ebcf7e8897cf30a913caa3d635dd591840e8b42996,ecb543f305c26d87f566fed680613f3631c6653de3f3ef1da5b42fa4ae44d872,3,3,True,0,0,0,2,2,2,2,2,2,1,1,1,True,True,True,False,False
train,spooky-author-identification,ebe2468f5ad9b55560cb94ebcf7e8897cf30a913caa3d635dd591840e8b42996,9b713b676fb9c03d664dd10b22acdb091f74ccfe9ff71ad92e13cf420a0b10db,3,3,True,0,0,0,3,3,3,3,3,3,1,1,1,True,True,True,False,False
train,spooky-author-identification,df2a819b7bc4183a71f9dc22bb3b5b78e623e1119564b99cf57dcf59d157f324,b035f3ae1b01e071cc7c371851c0a0db27add3407a8cf58c8589e384d44be906,3,3,True,0,0,0,3,3,3,3,3,3,1,1,1,True,True,True,False,False
train,spooky-author-identification,ebe2468f5ad9b55560cb94ebcf7e8897cf30a913caa3d635dd591840e8b42996,0ab52cd39ad440ea35dadaaac37dfa03ed18a98d1d62a81326b520913e2a0d5a,3,3,True,0,0,0,3,3,3,3,3,3,1,1,1,True,True,True,False,False
train,spooky-author-identification,b3bd5fd623176541206244c10f03fbc91dd0f1c83aaab9e84a8dc7ad96f85393,410278680ce2d20e8d93be1a6b5d3ae3d891fcacd055bce5b16c0f3d4168745a,2,2,True,0,0,0,1,1,1,1,1,1,1,1,1,True,True,True,False,False
train,spooky-author-identification,40214dabbf23f4591fa5c2682e2aa384752b236e965b855fada0a6846b69b26d,1b752862cfa1fb646a6054da519c5848c9d5e1afec4e60435439a213b71b998e,3,2,True,1,1,0,1,3,3,1,3,3,2,1,1,False,True,True,True,True
train,spooky-author-identification,b8168eb1b4ba6dd08f07d1f3b49119f1ba21d8d254e22bf74474e42c98d55784,2cb33cf43f40bd95dad779ba9cd6ef733518cfffc2928f2a7ba022518c19ac41,3,2,True,1,1,0,1,3,3,1,3,3,2,1,1,False,True,True,True,True
train,spooky-author-identification,335e3b80b6c8de8dbad9deb49625d21f30e6dc01b6ac7212731cd90bd4035028,fdbf0942cd4a832cb0483787804d05afa0d6332ca66c57b895dd203d3e6a1e31,5,2,False,,0,3,1,1,1,1,1,1,,,,False,False,False,False,False
train,spooky-author-identification,df2a819b7bc4183a71f9dc22bb3b5b78e623e1119564b99cf57dcf59d157f324,50dd98aad4610242c6e10f85065b32920c6f918d038bf0afd4331a324d6d264b,3,2,True,1,1,0,1,3,3,1,3,3,2,1,1,False,True,True,True,True
train,spooky-author-identification,df2a819b7bc4183a71f9dc22bb3b5b78e623e1119564b99cf57dcf59d157f324,a1426727f2566807c801f7ba3da06b0f778575831231f17a6fb84c8a5f3a1d96,3,3,True,0,0,0,2,2,2,2,2,2,1,1,1,True,True,True,False,False
train,spooky-author-identification,df2a819b7bc4183a71f9dc22bb3b5b78e623e1119564b99cf57dcf59d157f324,41e0382bc9158911ad3d31569943dcfc5d7fe9c3feca664e2c4c63595d26489b,3,3,True,0,0,0,3,3,3,3,3,3,1,1,1,True,True,True,False,False
train,spooky-author-identification,df2a819b7bc4183a71f9dc22bb3b5b78e623e1119564b99cf57dcf59d157f324,f1c6477204d32dd019699858fe438fd54a85aeb1d3574774d48e6c33cc497e6e,3,3,True,0,0,0,3,3,3,3,3,3,1,1,1,True,True,True,False,False
train,spooky-author-identification,b8168eb1b4ba6dd08f07d1f3b49119f1ba21d8d254e22bf74474e42c98d55784,d30c62f166e8b7370366257c5b8e4b2eac14a2c785c99604592121b6a2804e12,3,2,True,1,1,0,1,3,3,1,3,3,2,1,1,False,True,True,True,True
train,spooky-author-identification,df2a819b7bc4183a71f9dc22bb3b5b78e623e1119564b99cf57dcf59d157f324,c67498bc841b9c6ba0dfd8e5267d38ce345d37db0590af23755cad9e25cc9d23,3,3,True,0,0,0,3,3,3,3,3,3,1,1,1,True,True,True,False,False
train,spooky-author-identification,ebe2468f5ad9b55560cb94ebcf7e8897cf30a913caa3d635dd591840e8b42996,c3a75836aacd24343de3593cad63c47db58090932c921b0ba69563176fa196de,3,3,True,0,0,0,3,3,3,3,3,3,1,1,1,True,True,True,False,False
train,spooky-author-identification,f521bcc6aa9189e7deab864be9902c17144871a12c8d06861209f02679623fe4,5de252163452023d4725301cec72a5864eb5834e93efb323f5db6240b5e7d353,3,2,True,1,1,0,1,3,3,1,3,3,2,1,1,False,True,True,True,True
train,spooky-author-identification,ebe2468f5ad9b55560cb94ebcf7e8897cf30a913caa3d635dd591840e8b42996,4bf5031296e18bbfc68efe59f3bde4ad480dabc80c9358441c78663c63e36a24,3,3,True,0,0,0,3,3,3,3,3,3,1,1,1,True,True,True,False,False
train,spooky-author-identification,936733133a12c123bc9a397ed75df6db5ec02be3c7b551af0d63df9180785cce,362ba02bdc2b6b5395a8beb320dbfc5bf273973e38f2a86dfd4ed692df8dc199,3,2,True,1,1,0,1,3,3,1,3,3,2,1,1,False,True,True,True,True
train,spooky-author-identification,f521bcc6aa9189e7deab864be9902c17144871a12c8d06861209f02679623fe4,ff16f2e653b0240bb01bdfb64111b38b13f565caa2c3eff47cbe76ab68966f62,3,2,True,1,1,0,1,3,3,1,3,3,2,1,1,False,True,True,True,True
train,spooky-author-identification,936733133a12c123bc9a397ed75df6db5ec02be3c7b551af0d63df9180785cce,ca5e72a83a92d4ec85c58f935b5128efddb8afdcbdf7949b1cf9d49019d746ad,3,3,True,0,0,0,3,3,3,3,3,3,1,1,1,True,True,True,False,False
train,spooky-author-identification,ebe2468f5ad9b55560cb94ebcf7e8897cf30a913caa3d635dd591840e8b42996,56c6ba29a9688e14bc4d5c626a653c64c06ed724744a54a1d959424ebf33763e,3,3,True,0,0,0,3,3,3,3,3,3,1,1,1,True,True,True,False,False
train,spooky-author-identification,40214dabbf23f4591fa5c2682e2aa384752b236e965b855fada0a6846b69b26d,b08316ce627acb5ea19da4a7c9a97e7f8abab409f10d39b3be4b3ec9aea9ce28,3,3,True,0,0,0,3,3,3,3,3,3,1,1,1,True,True,True,False,False
train,spooky-author-identification,b8168eb1b4ba6dd08f07d1f3b49119f1ba21d8d254e22bf74474e42c98d55784,704670013ea9eed08bdd276583f56c8e38afd6dfaf5ec189781226fdf86e731c,3,3,True,0,0,0,3,3,3,3,3,3,1,1,1,True,True,True,False,False
train,spooky-author-identification,df2a819b7bc4183a71f9dc22bb3b5b78e623e1119564b99cf57dcf59d157f324,3b7c88157ddc5cb41ab985516a787d7cbc89f5ef9fe764dcb26c606bb9801a50,3,2,True,1,1,0,1,3,3,1,3,3,2,1,1,False,True,True,True,True
train,spooky-author-identification,ebe2468f5ad9b55560cb94ebcf7e8897cf30a913caa3d635dd591840e8b42996,859cb26d4e6819e0969eb56479673b2d1ce5c77bc4f2e650c4412e714211f279,3,3,True,0,0,0,2,2,2,2,2,2,2,2,2,False,False,False,False,False
train,spooky-author-identification,9958a04c70cfdaf7ab68c78878b403669a85cd4c30a08f14d05b77de631bf9b3,37fa9c674691f811c79c5acb845e3c9f84e04b7e3edeb845a1ff8fb28dbc4fb1,3,3,True,0,0,0,3,3,3,3,3,3,1,1,1,True,True,True,False,False
train,spooky-author-identification,df2a819b7bc4183a71f9dc22bb3b5b78e623e1119564b99cf57dcf59d157f324,6a133bc882bca1bb37e5af7c45b22f1aada863a724626d9531a848368ab9d74c,3,2,True,1,1,0,1,3,3,1,3,3,2,1,1,False,True,True,True,True
train,spooky-author-identification,d68360deb22cfc25267648bece608acb0eb544b611162cd5444c00dfa9c22b51,8de41a34d2bf95a2b4423d33915f34bafe2aae9b57c48d592d7a344cdf37f4c6,3,2,True,1,1,0,1,3,3,1,3,3,2,1,1,False,True,True,True,True
train,spooky-author-identification,e4f1553fdb18b3b46ac41599a7b917df9b78a3b5fc050a50e1ea3807d43d856d,e1c4d5cbf75b94ec78c9d57d06a594a999fa0a075f92a6557595d141c5efa72d,3,2,False,,0,1,1,1,1,1,1,1,,,,False,False,False,False,False
train,spooky-author-identification,df2a819b7bc4183a71f9dc22bb3b5b78e623e1119564b99cf57dcf59d157f324,ac1392d04cc67df8891626415afab641c6227af5f7adc79001167d80b98b6e73,3,3,True,0,0,0,3,3,3,3,3,3,1,1,1,True,True,True,False,False
train,spooky-author-identification,936733133a12c123bc9a397ed75df6db5ec02be3c7b551af0d63df9180785cce,6636b2afd71a0e0d60542eabe6feff218af4014a18947c8e6779e5d84073433b,3,3,True,0,0,0,3,3,3,3,3,3,1,1,1,True,True,True,False,False
train,spooky-author-identification,ebe2468f5ad9b55560cb94ebcf7e8897cf30a913caa3d635dd591840e8b42996,d597f4e6913776484424b26cb93083c8377ce22ca2682dd6fcca76a245155050,3,3,True,0,0,0,3,3,3,3,3,3,1,1,1,True,True,True,False,False
train,spooky-author-identification,ebe2468f5ad9b55560cb94ebcf7e8897cf30a913caa3d635dd591840e8b42996,332f3811e04ad1145636d8e1ef517f05456ef7a727f0d680f8b185619e234a48,3,3,True,0,0,0,3,3,3,3,3,3,1,1,1,True,True,True,False,False
train,spooky-author-identification,df2a819b7bc4183a71f9dc22bb3b5b78e623e1119564b99cf57dcf59d157f324,dc3ad442251ea22c5ba8b5d69a9db0e2aaf40991ee262e5088b4cca0c3695f3e,3,3,True,0,0,0,3,3,3,3,3,3,1,1,1,True,True,True,False,False
train,spooky-author-identification,936733133a12c123bc9a397ed75df6db5ec02be3c7b551af0d63df9180785cce,7a8d900795f4b8f633ac1abee40056d98ac5f38215eb16ef47f1c90981d2c5f7,3,3,True,0,0,0,3,3,3,3,3,3,1,1,1,True,True,True,False,False
train,spooky-author-identification,df2a819b7bc4183a71f9dc22bb3b5b78e623e1119564b99cf57dcf59d157f324,e19ab1a4497fb22682e1154f344b5ec56591d6486cfdfa18eeb542cd2a7038b7,3,2,True,1,1,0,1,3,3,1,3,3,2,1,1,False,True,True,True,True
train,spooky-author-identification,40214dabbf23f4591fa5c2682e2aa384752b236e965b855fada0a6846b69b26d,b8681e88e1eb21752dda5bbe851fe8ef3062bffbe0c2d831717d2b27c89460eb,3,3,True,0,0,0,3,3,3,3,3,3,1,1,1,True,True,True,False,False
train,spooky-author-identification,ebe2468f5ad9b55560cb94ebcf7e8897cf30a913caa3d635dd591840e8b42996,3d824c5bead25512d1535c7440ee74ebc0a0190f200abe483f962317ae1c1bf1,3,3,True,0,0,0,3,3,3,3,3,3,1,1,1,True,True,True,False,False
train,spooky-author-identification,df2a819b7bc4183a71f9dc22bb3b5b78e623e1119564b99cf57dcf59d157f324,0a268b403ec5281f5f1a701fb45f9619285bfb15171eb204da7a669fdd0e2bb3,3,2,True,1,1,0,1,3,3,1,3,3,2,1,1,False,True,True,True,True
train,spooky-author-identification,df2a819b7bc4183a71f9dc22bb3b5b78e623e1119564b99cf57dcf59d157f324,4341f30b2c3fedd8a6735006a9f859a952f6e9e9a17d3d6cc3234823504cf825,3,3,True,0,0,0,3,3,3,3,3,3,1,1,1,True,True,True,False,False
train,spooky-author-identification,936733133a12c123bc9a397ed75df6db5ec02be3c7b551af0d63df9180785cce,796f433d204d719b5393d07cce4769261ea66737998271ea020e58cfc0b62699,3,2,True,1,1,0,1,3,3,1,3,3,2,1,1,False,True,True,True,True
train,spooky-author-identification,936733133a12c123bc9a397ed75df6db5ec02be3c7b551af0d63df9180785cce,0325f6c5eece0ea28d0b7cd5b79ed86a0bd93031f78f103e6da67115562c92b5,3,3,True,0,0,0,3,3,3,3,3,3,1,1,1,True,True,True,False,False
train,spooky-author-identification,df2a819b7bc4183a71f9dc22bb3b5b78e623e1119564b99cf57dcf59d157f324,18e56e654738c6d8765be271ede1d8e77f09ec8b3f3db3eff404faafb4600185,3,2,True,1,1,0,1,3,3,1,3,3,2,1,1,False,True,True,True,True
train,spooky-author-identification,40214dabbf23f4591fa5c2682e2aa384752b236e965b855fada0a6846b69b26d,61a711319fc93059fa8002ca874ea456b1617e390ccd26d1e5fa43eabcb38c12,3,2,True,1,1,0,1,3,3,1,3,3,2,1,1,False,True,True,True,True
train,spooky-author-identification,b8168eb1b4ba6dd08f07d1f3b49119f1ba21d8d254e22bf74474e42c98d55784,c1be13c6a96e47c49339f59630d629a3afe0853262e7c75b51df6fa6f12404a8,3,2,True,1,1,0,1,3,3,1,3,3,2,1,1,False,True,True,True,True
train,spooky-author-identification,9958a04c70cfdaf7ab68c78878b403669a85cd4c30a08f14d05b77de631bf9b3,0d16e39644b4e1a945d2a42a5de533f71a8e3e13881fc743bb17ea085bce9428,3,2,True,1,1,0,1,3,3,1,3,3,2,1,1,False,True,True,True,True
train,spooky-author-identification,b8168eb1b4ba6dd08f07d1f3b49119f1ba21d8d254e22bf74474e42c98d55784,3e21bbe763dae9f8e70e55d3fcf9533b932febc1b4a5fad3bb490449c28f09a0,3,2,True,1,1,0,1,3,3,1,3,3,2,1,1,False,True,True,True,True
train,spooky-author-identification,ebe2468f5ad9b55560cb94ebcf7e8897cf30a913caa3d635dd591840e8b42996,189d09f6aad28bbeadce54f1f4315fb97838e78df608a083fe397b34882a7231,3,3,True,0,0,0,3,3,3,3,3,3,1,1,1,True,True,True,False,False
train,spooky-author-identification,ebe2468f5ad9b55560cb94ebcf7e8897cf30a913caa3d635dd591840e8b42996,e70e2195ed50e19dfe7462216b3207f0ac60970de563f3fd2d8903ffb3adc697,3,3,True,0,0,0,3,3,3,3,3,3,1,1,1,True,True,True,False,False
train,spooky-author-identification,ebe2468f5ad9b55560cb94ebcf7e8897cf30a913caa3d635dd591840e8b42996,b0fab0f5a5978c91b0b0c3a09696f414b3fe708df935f586090a285cc5b4c8f7,3,3,True,0,0,0,3,3,3,3,3,3,1,1,1,True,True,True,False,False
train,spooky-author-identification,40214dabbf23f4591fa5c2682e2aa384752b236e965b855fada0a6846b69b26d,79639bfc6aaaf3ca20062b0e2535dd6b942fa103759bf06d9370d27215195e29,3,2,True,1,1,0,1,3,3,1,3,3,2,1,1,False,True,True,True,True
train,spooky-author-identification,b8168eb1b4ba6dd08f07d1f3b49119f1ba21d8d254e22bf74474e42c98d55784,62402b4bd606c0ec3fc67fbce64ed68275f315d80a77b8fdb4ccf6fefcd6439a,3,2,True,1,1,0,1,3,3,1,3,3,2,1,1,False,True,True,True,True
train,spooky-author-identification,ebe2468f5ad9b55560cb94ebcf7e8897cf30a913caa3d635dd591840e8b42996,e54a07367be475313380e18878342ed6a396ef2f10c83cfdbd1e9fcae39f5bf5,3,3,True,0,0,0,3,3,3,3,3,3,1,1,1,True,True,True,False,False
train,spooky-author-identification,ebe2468f5ad9b55560cb94ebcf7e8897cf30a913caa3d635dd591840e8b42996,3e573dbfa8ded82e16586db00bfa7cd172a9bf76ebc491d6886701d9ad331195,3,3,True,0,0,0,3,3,3,3,3,3,1,1,1,True,True,True,False,False
train,spooky-author-identification,1c680d7b80e80ad0f93e4019da9f6604a18ef6fc6e9f894ba208ec6732758f37,0827d8c6b14650ae2e4de47de88fe3cc29ff156d3fd25c4368e101d3a1ec14b0,3,3,True,0,0,0,3,3,3,3,3,3,1,1,1,True,True,True,False,False
train,spooky-author-identification,df2a819b7bc4183a71f9dc22bb3b5b78e623e1119564b99cf57dcf59d157f324,80663c98db074d39be060ce914a2c8b5c773c740dbfe1f3a12fb157f2f29413d,3,3,True,0,0,0,3,3,3,3,3,3,1,1,1,True,True,True,False,False
train,spooky-author-identification,936733133a12c123bc9a397ed75df6db5ec02be3c7b551af0d63df9180785cce,f52097d7bf1d41c6e54077cea8f5e974253243e88927cac1b887b0b9a3917569,3,2,True,1,1,0,1,3,3,1,3,3,2,1,1,False,True,True,True,True
train,spooky-author-identification,ebe2468f5ad9b55560cb94ebcf7e8897cf30a913caa3d635dd591840e8b42996,f81c6ef2c187b22dab4813df46e2ba7628d04f2fb3ae6d329eaa91384a7a3eaa,3,3,True,0,0,0,3,3,3,3,3,3,1,1,1,True,True,True,False,False
train,spooky-author-identification,df2a819b7bc4183a71f9dc22bb3b5b78e623e1119564b99cf57dcf59d157f324,63fbb62f4781c9d6aa2882e797036727856bd0266f9bcacf3508bc908c48046f,3,3,True,0,0,0,3,3,3,3,3,3,1,1,1,True,True,True,False,False
train,spooky-author-identification,ebe2468f5ad9b55560cb94ebcf7e8897cf30a913caa3d635dd591840e8b42996,eda1dfb9b0c8889df4e2ca1c13a1253f9a29619dd283a43f96131ecea169a811,3,3,True,0,0,0,2,2,2,2,2,2,1,1,1,True,True,True,False,False
train,spooky-author-identification,ebe2468f5ad9b55560cb94ebcf7e8897cf30a913caa3d635dd591840e8b42996,796451f6b079a3d724a4cfc5b44c894b2ba8b56bf41f4a035dfe5d55778e435e,3,2,True,1,1,0,1,3,3,1,3,3,2,1,1,False,True,True,True,True
train,spooky-author-identification,df2a819b7bc4183a71f9dc22bb3b5b78e623e1119564b99cf57dcf59d157f324,59c1542000422456702791ff04d635525eea856f3a41e3bb2d328e0ddcf2b4a1,3,3,True,0,0,0,3,3,3,3,3,3,1,1,1,True,True,True,False,False
train,spooky-author-identification,df2a819b7bc4183a71f9dc22bb3b5b78e623e1119564b99cf57dcf59d157f324,72e3ff559e4c64a545aa633228040a9085461714119406fb5fe75ed256ca10ca,3,3,True,0,0,0,2,2,2,2,2,2,2,2,2,False,False,False,False,False
train,spooky-author-identification,2d148ddd1a287fcae59bf7d2af9ab79621d679abda59603963134bef97c968c6,5e5ef9c0815e0dda9ff9ab07d498cc53f529feaa1dc9f0035957400b2780d544,2,2,True,0,0,0,1,1,1,1,1,1,1,1,1,True,True,True,False,False
train,spooky-author-identification,40214dabbf23f4591fa5c2682e2aa384752b236e965b855fada0a6846b69b26d,a27f57e13deb73b0b450be6586d8def899a5bd0b3740126f79814d1ffc2c1992,3,3,True,0,0,0,3,3,3,3,3,3,1,1,1,True,True,True,False,False
train,spooky-author-identification,1c680d7b80e80ad0f93e4019da9f6604a18ef6fc6e9f894ba208ec6732758f37,c90b560f6a4f54e160e9e674d150eb2729ffa016aa7a93dfd2fec8f6c93e0df2,3,3,True,0,0,0,3,3,3,3,3,3,1,1,1,True,True,True,False,False
train,spooky-author-identification,df2a819b7bc4183a71f9dc22bb3b5b78e623e1119564b99cf57dcf59d157f324,185bb8467448eeee5b442353b3827c9f8111b24ad2f976511ae811545d0849e8,3,3,True,0,0,0,3,3,3,3,3,3,1,1,1,True,True,True,False,False
train,spooky-author-identification,ebe2468f5ad9b55560cb94ebcf7e8897cf30a913caa3d635dd591840e8b42996,e41453dc31d3a92ca666835e60366f8544758bd9e0bf453f82564692dc300878,3,3,True,0,0,0,3,3,3,3,3,3,1,1,1,True,True,True,False,False
train,spooky-author-identification,ebe2468f5ad9b55560cb94ebcf7e8897cf30a913caa3d635dd591840e8b42996,f4127a03560fd9e8c763202e92743912322b87c22a705740c699a1f22dadc444,3,3,True,0,0,0,2,2,2,2,2,2,1,1,1,True,True,True,False,False
train,spooky-author-identification,df2a819b7bc4183a71f9dc22bb3b5b78e623e1119564b99cf57dcf59d157f324,dc7377a8ea4980aeb3bb79337ccda76a2f8fcfe2744bb491ae35d6befb8d30cc,3,2,True,1,1,0,1,3,3,1,3,3,2,1,1,False,True,True,True,True
train,spooky-author-identification,ebe2468f5ad9b55560cb94ebcf7e8897cf30a913caa3d635dd591840e8b42996,6eb773ba7b430ae6aa98d5fcfbb520eaaefbffebc373c1b3f49c4d6609e9dd5f,3,2,True,1,1,0,1,3,3,1,3,3,2,1,1,False,True,True,True,True
train,spooky-author-identification,f521bcc6aa9189e7deab864be9902c17144871a12c8d06861209f02679623fe4,3a9a9b7baef8898b9eff2ce26b73d0fde2aa9bf013ad3a9b4ffb91f937e4c863,3,2,False,,0,1,1,1,1,1,1,1,,,,False,False,False,False,False
train,spooky-author-identification,df2a819b7bc4183a71f9dc22bb3b5b78e623e1119564b99cf57dcf59d157f324,e7b3fd36214e2be5d2868026da92d5400f5405ab15bfd1dedb7596047a4175e6,3,2,True,1,1,0,1,3,3,1,3,3,2,1,1,False,True,True,True,True
train,spooky-author-identification,df2a819b7bc4183a71f9dc22bb3b5b78e623e1119564b99cf57dcf59d157f324,bff167d48ae9b7ad6892f95a63b251f0180393f7fc18096d4cd4a3ca55854ab6,3,3,True,0,0,0,3,3,3,3,3,3,1,1,1,True,True,True,False,False
train,spooky-author-identification,df2a819b7bc4183a71f9dc22bb3b5b78e623e1119564b99cf57dcf59d157f324,796cb17aacefe1feba7f54d680deb204093c934184c6426100776637f0e6abc6,3,3,True,0,0,0,3,3,3,3,3,3,1,1,1,True,True,True,False,False
train,spooky-author-identification,df2a819b7bc4183a71f9dc22bb3b5b78e623e1119564b99cf57dcf59d157f324,374d262330cff6bfaa777402a3f52166083eb766b9605139ad5f55dad7df7aaa,3,3,True,0,0,0,3,3,3,3,3,3,1,1,1,True,True,True,False,False
train,spooky-author-identification,ebe2468f5ad9b55560cb94ebcf7e8897cf30a913caa3d635dd591840e8b42996,3422a748d53fcc48371a04666ef7e5fe55fcf65ed78361c94fb4f63bbe249f77,3,3,True,0,0,0,3,3,3,3,3,3,1,1,1,True,True,True,False,False
train,spooky-author-identification,ebe2468f5ad9b55560cb94ebcf7e8897cf30a913caa3d635dd591840e8b42996,6c51dd7e0a9e488a674fbaca6b0a1312b3410c43b399f463cc2be5351715d6b9,3,3,True,0,0,0,3,3,3,3,3,3,1,1,1,True,True,True,False,False
train,spooky-author-identification,40214dabbf23f4591fa5c2682e2aa384752b236e965b855fada0a6846b69b26d,735dd35dd8bed5839137e3cbe0b58635e91eb2a50e9e8c151217cfabe03c5a6d,3,2,True,1,1,0,1,3,3,1,3,3,2,1,1,False,True,True,True,True
train,spooky-author-identification,ebe2468f5ad9b55560cb94ebcf7e8897cf30a913caa3d635dd591840e8b42996,7675437a03dbfa6dd8ca53192cbb8a0b0cd67f33f22093c4da5b65e8cdf737f9,3,3,True,0,0,0,3,3,3,3,3,3,1,1,1,True,True,True,False,False
train,spooky-author-identification,9958a04c70cfdaf7ab68c78878b403669a85cd4c30a08f14d05b77de631bf9b3,7488c55557912ae80f3a9925d2fd58d15f8851e738b6f49aeeb2cf6682f43127,3,3,True,0,0,0,3,3,3,3,3,3,1,1,1,True,True,True,False,False
train,spooky-author-identification,b8168eb1b4ba6dd08f07d1f3b49119f1ba21d8d254e22bf74474e42c98d55784,ee95505d415710c4a567afa7ef7a31ed08acf363c47cbc598950492c65c32a64,3,2,True,1,1,0,1,3,3,1,3,3,2,1,1,False,True,True,True,True
train,spooky-author-identification,df2a819b7bc4183a71f9dc22bb3b5b78e623e1119564b99cf57dcf59d157f324,f7275ce9e9f64eac69080530d035e2ceea73431e0d64ea9049a3a5aff94ff713,3,3,True,0,0,0,3,3,3,3,3,3,1,1,1,True,True,True,False,False
train,spooky-author-identification,df2a819b7bc4183a71f9dc22bb3b5b78e623e1119564b99cf57dcf59d157f324,eb403ccb1dff4781356d25ab8470f538667a08e8ad246a935d7ec9dd1cdb96e0,3,2,True,1,1,0,1,3,3,1,3,3,2,1,1,False,True,True,True,True
train,spooky-author-identification,df2a819b7bc4183a71f9dc22bb3b5b78e623e1119564b99cf57dcf59d157f324,81da79ddfd57051fd219434979e8f3b2492d13c7e634859e06a8fa0c368b7c83,3,3,True,0,0,0,2,2,2,2,2,2,2,2,2,False,False,False,False,False
train,spooky-author-identification,df2a819b7bc4183a71f9dc22bb3b5b78e623e1119564b99cf57dcf59d157f324,130229f1911f3a7dc7bc130b850d4d19d53cdb609a9cbc72e15c22e3c71aeaed,3,2,False,,0,1,1,1,1,1,1,1,,,,False,False,False,False,False
train,spooky-author-identification,29e5a67adc6a82a9621a973385dd4ecc927a9812ae290c259ce35510dd8332f5,08647bb21668872733d838334f26dcade53239c6ca7690086821a736784e2fc4,5,2,True,3,3,0,1,7,7,1,7,7,4,1,1,False,True,True,True,True
train,spooky-author-identification,e4f1553fdb18b3b46ac41599a7b917df9b78a3b5fc050a50e1ea3807d43d856d,6193b0b01e5c41c06a2a8fd416928a7eb79547f312d4467b6bc9d3d3ff255f8b,3,2,True,1,0,1,1,1,1,1,1,1,2,2,2,False,False,False,False,False
train,spooky-author-identification,9958a04c70cfdaf7ab68c78878b403669a85cd4c30a08f14d05b77de631bf9b3,dcb34d74c6dd3bba8b1751124641554352f0905ba60420646f19094f1070d031,3,2,True,1,1,0,1,3,3,1,3,3,2,1,1,False,True,True,True,True
train,spooky-author-identification,df2a819b7bc4183a71f9dc22bb3b5b78e623e1119564b99cf57dcf59d157f324,451de7824b9393b9c487fa02b19e6bc3a281bbc9b01943ffc3e382aea5975674,3,2,True,1,1,0,1,3,3,1,3,3,2,1,1,False,True,True,True,True
train,spooky-author-identification,40214dabbf23f4591fa5c2682e2aa384752b236e965b855fada0a6846b69b26d,6135bc916c33cba4bdcd3b6c1383bf12ae87acda30be7114a137e05736d07293,3,3,True,0,0,0,3,3,3,3,3,3,1,1,1,True,True,True,False,False
train,spooky-author-identification,b3bd5fd623176541206244c10f03fbc91dd0f1c83aaab9e84a8dc7ad96f85393,d557c211d5893deb6fae67aa2b89befa13438ee4bd22c345628350e6ca334f06,2,2,True,0,0,0,1,1,1,1,1,1,1,1,1,True,True,True,False,False
train,spooky-author-identification,df2a819b7bc4183a71f9dc22bb3b5b78e623e1119564b99cf57dcf59d157f324,997a783d7c1adc127d8ca0199aabb49bba647f424ac7e1d5847b4c51cfba726b,3,2,True,1,1,0,1,3,3,1,3,3,2,1,1,False,True,True,True,True
train,spooky-author-identification,40214dabbf23f4591fa5c2682e2aa384752b236e965b855fada0a6846b69b26d,79a1c7d5017d2d5c659e7271ec1a5bce43fc5f39b7e127d8dfe6bc22f4a7b8f0,3,2,True,1,1,0,1,3,3,1,3,3,2,1,1,False,True,True,True,True
train,spooky-author-identification,ebe2468f5ad9b55560cb94ebcf7e8897cf30a913caa3d635dd591840e8b42996,6b0f56e9635c3da000f03ece705c4be553be742c6d4766a513430c5b908cf04e,3,2,True,1,1,0,1,3,3,1,3,3,2,1,1,False,True,True,True,True
train,spooky-author-identification,936733133a12c123bc9a397ed75df6db5ec02be3c7b551af0d63df9180785cce,1903b222738dfd71466bd4641af83d9b47a5ca64bbaa54e44c0d77f659d143ff,3,2,True,1,1,0,1,3,3,1,3,3,2,1,1,False,True,True,True,True
train,spooky-author-identification,40214dabbf23f4591fa5c2682e2aa384752b236e965b855fada0a6846b69b26d,7d92fe5c6ae25693491db8c99f97ffc6367e673777df09d1b849edef490d7d67,3,2,True,1,1,0,1,3,3,1,3,3,2,1,1,False,True,True,True,True
train,spooky-author-identification,df2a819b7bc4183a71f9dc22bb3b5b78e623e1119564b99cf57dcf59d157f324,c786ac60a93f23b8b1c99977e401c2b642438bb08917c6655802ed6a9c714219,3,3,True,0,0,0,3,3,3,3,3,3,1,1,1,True,True,True,False,False
train,spooky-author-identification,df2a819b7bc4183a71f9dc22bb3b5b78e623e1119564b99cf57dcf59d157f324,e4585f0a0700cf6b1c6d241cb51ec74364bc1db6baabceac3691337b68a9c732,3,3,True,0,0,0,3,3,3,3,3,3,1,1,1,True,True,True,False,False
train,spooky-author-identification,40214dabbf23f4591fa5c2682e2aa384752b236e965b855fada0a6846b69b26d,02142a4c94020441707b5635403da1fe6969af09dd9d6b18a80c66ed3139b089,3,3,True,0,0,0,3,3,3,3,3,3,1,1,1,True,True,True,False,False
train,spooky-author-identification,936733133a12c123bc9a397ed75df6db5ec02be3c7b551af0d63df9180785cce,444e29f9668ace4eee10d1f9ee2cd629dc99dfdac7c8f133c021c35fc1496213,3,2,True,1,1,0,1,3,3,1,3,3,2,1,1,False,True,True,True,True
train,spooky-author-identification,ebe2468f5ad9b55560cb94ebcf7e8897cf30a913caa3d635dd591840e8b42996,aa1f6f28f17dffa7b33485a2f19d42efdf26fd79a50cd761d8608bf4f5dc7892,3,3,True,0,0,0,3,3,3,3,3,3,1,1,1,True,True,True,False,False
train,spooky-author-identification,ebe2468f5ad9b55560cb94ebcf7e8897cf30a913caa3d635dd591840e8b42996,cafb33ab3954cb3dbb8b214d6d280cfd4a0c740f7ef16253ca9d41f4444bfc22,3,2,True,1,1,0,1,3,3,1,3,3,2,1,1,False,True,True,True,True
train,spooky-author-identification,40214dabbf23f4591fa5c2682e2aa384752b236e965b855fada0a6846b69b26d,aa9e2c0d54af0cf873af35f1150f0f1961d9b4f1b79dea8fe77ce296dd5dca5d,3,2,True,1,1,0,1,3,3,1,3,3,2,1,1,False,True,True,True,True
train,spooky-author-identification,b8168eb1b4ba6dd08f07d1f3b49119f1ba21d8d254e22bf74474e42c98d55784,19caef5874343b881568b8c8d82e5de7aa87583a4fd75cff76eaef4825fb2a38,3,3,True,0,0,0,3,3,3,3,3,3,1,1,1,True,True,True,False,False
train,spooky-author-identification,b8168eb1b4ba6dd08f07d1f3b49119f1ba21d8d254e22bf74474e42c98d55784,595161466863d65c236ec395443d0baabaa90d737b41d0fe73ff37058d8a6e05,3,3,True,0,0,0,3,3,3,3,3,3,1,1,1,True,True,True,False,False
train,spooky-author-identification,df2a819b7bc4183a71f9dc22bb3b5b78e623e1119564b99cf57dcf59d157f324,a98ea9b817fa222043e078bfa78ad12dd9696da0f48d82e116f148fa28ee7428,3,3,True,0,0,0,3,3,3,3,3,3,1,1,1,True,True,True,False,False
train,spooky-author-identification,ebe2468f5ad9b55560cb94ebcf7e8897cf30a913caa3d635dd591840e8b42996,a9ba36b0529e25a78d7a9cbd98bdc178153442920f1a09fc12205442e58f89b1,3,3,True,0,0,0,3,3,3,3,3,3,1,1,1,True,True,True,False,False
train,spooky-author-identification,7a46b051e74c92b5453fb750a1e5ceaa1755e3a267e5af019200a13276e3f28d,1b2d1c334f7f9d1b8e618f4489fc8a3339ce6ed9519a2836db9d782bab69db39,3,2,True,1,1,0,1,3,3,1,3,3,2,1,1,False,True,True,True,True
train,spooky-author-identification,df2a819b7bc4183a71f9dc22bb3b5b78e623e1119564b99cf57dcf59d157f324,bb10465613e9f892a5bb8aac9df1c7741835d72337d225f3e0c3a3d32b7f530d,3,2,True,1,1,0,1,3,3,1,3,3,2,1,1,False,True,True,True,True
train,spooky-author-identification,26a39aebf824d2bee8d56701ff49561061ad70443cc2f7c4a8efa16444c9e9a6,95e1819a4f55f90d82fccfd402a8eb675d3d85895206229ec18ebd29864308d8,3,3,True,0,0,0,3,3,3,3,3,3,1,1,1,True,True,True,False,False
train,spooky-author-identification,ebe2468f5ad9b55560cb94ebcf7e8897cf30a913caa3d635dd591840e8b42996,458cc66044bd1a9bc1f4a62d36bdfe5af18919e2fc4435363ca30140369df27e,3,3,True,0,0,0,3,3,3,3,3,3,1,1,1,True,True,True,False,False
train,spooky-author-identification,df2a819b7bc4183a71f9dc22bb3b5b78e623e1119564b99cf57dcf59d157f324,5b847ee4f1176ad9c0b2da7d49e9619b130841a1a74bb0caa45521e1d9e4ae82,3,2,True,1,1,0,1,3,3,1,3,3,2,1,1,False,True,True,True,True
train,spooky-author-identification,b6789ebe900915bc09b043a11216518df66cf29de5251b70420c51bd78baeb7b,2cefa12c30a45581f98ab0a40f06149dfc5ecc63e0885e6f27b6672da767552e,3,2,True,1,1,0,1,3,3,1,3,3,2,1,1,False,True,True,True,True
train,spooky-author-identification,28d285db862cb9053086875b04a7843a0dd34a6e715b69701529ff3069f37a3f,552b801fe69a76f8f8ad0d1ed5d1907abe1ee278621929f3f56a924e0d61601a,3,2,True,1,0,1,1,1,1,1,1,1,2,2,2,False,False,False,False,False
train,spooky-author-identification,9958a04c70cfdaf7ab68c78878b403669a85cd4c30a08f14d05b77de631bf9b3,ee926ae564622d2c2cd564efb0e579345c4236ba80014e47479dc485998ff1a9,3,3,True,0,0,0,3,3,3,3,3,3,1,1,1,True,True,True,False,False
train,spooky-author-identification,936733133a12c123bc9a397ed75df6db5ec02be3c7b551af0d63df9180785cce,0e5eafdee5d3432125a463528716a3578a6eb087f4954ae5ea8bb21a2f159b8e,3,3,True,0,0,0,3,3,3,3,3,3,1,1,1,True,True,True,False,False
train,spooky-author-identification,b8168eb1b4ba6dd08f07d1f3b49119f1ba21d8d254e22bf74474e42c98d55784,0082cd09ec3919d00b1ac09504d67c47662410135c72f4ff49f1d26afc22744f,3,3,True,0,0,0,3,3,3,3,3,3,1,1,1,True,True,True,False,False
train,spooky-author-identification,df2a819b7bc4183a71f9dc22bb3b5b78e623e1119564b99cf57dcf59d157f324,fa2fd6d6b975caf590de3bfe827357690f70ea4e32ef39ffe536d6267d079134,3,3,True,0,0,0,3,3,3,3,3,3,1,1,1,True,True,True,False,False
train,spooky-author-identification,d68360deb22cfc25267648bece608acb0eb544b611162cd5444c00dfa9c22b51,e09930cb4f76990dce0747607ec0767aaf38b9457adcc6607e95a2ce159aab78,3,2,True,1,1,0,1,3,3,1,3,3,2,1,1,False,True,True,True,True
train,spooky-author-identification,1c680d7b80e80ad0f93e4019da9f6604a18ef6fc6e9f894ba208ec6732758f37,8c487226440048fc3433c59f35932663457dca953a6a2b26d33fc3966a5f6b9c,3,2,True,1,0,1,1,1,1,1,1,1,2,2,2,False,False,False,False,False
train,spooky-author-identification,df2a819b7bc4183a71f9dc22bb3b5b78e623e1119564b99cf57dcf59d157f324,ca9ea51721b792d1fd5dabedd6983171eeced24fb458e93e35a24cfce7d31762,3,2,True,1,1,0,1,3,3,1,3,3,2,1,1,False,True,True,True,True
train,spooky-author-identification,40214dabbf23f4591fa5c2682e2aa384752b236e965b855fada0a6846b69b26d,a6fd1736c2515afd8e95caba1fdfeed5590e86ba62dab8c4af9ba3c35ca1ce95,3,2,True,1,1,0,1,3,3,1,3,3,2,1,1,False,True,True,True,True
train,spooky-author-identification,df2a819b7bc4183a71f9dc22bb3b5b78e623e1119564b99cf57dcf59d157f324,1adf818cf8ed8daf0842c9263430b8d5fc041dee9709655158449e3db1699044,3,2,True,1,1,0,1,3,3,1,3,3,2,1,1,False,True,True,True,True
train,spooky-author-identification,5525f3a8aa63875ad984b4f480490d62ff62b4d4f726cf97c800cc393a61c609,3a1496813419aeb12d6a95c77e81d5325479e32122461792ef44a32ac34c03e1,5,2,False,,0,3,1,1,1,1,1,1,,,,False,False,False,False,False
train,spooky-author-identification,df2a819b7bc4183a71f9dc22bb3b5b78e623e1119564b99cf57dcf59d157f324,090a854d898cf7374e833156db72b8308af97099677a841cb1e9ff8c4fc97878,3,3,True,0,0,0,3,3,3,3,3,3,1,1,1,True,True,True,False,False
train,spooky-author-identification,df2a819b7bc4183a71f9dc22bb3b5b78e623e1119564b99cf57dcf59d157f324,3e237197ab3b86d36b5878e318af5c5680f0f8ba3b0275dfbfac7e052928dcbd,3,3,True,0,0,0,3,3,3,3,3,3,1,1,1,True,True,True,False,False
train,spooky-author-identification,df2a819b7bc4183a71f9dc22bb3b5b78e623e1119564b99cf57dcf59d157f324,bb8aeabfbfe74ace0b3073d05a6788a5bed9b6b1a85f0716a3505c991a55c924,3,3,True,0,0,0,3,3,3,3,3,3,1,1,1,True,True,True,False,False
train,spooky-author-identification,5525f3a8aa63875ad984b4f480490d62ff62b4d4f726cf97c800cc393a61c609,45769cb47b08cdc2aea147cafe9f8586b4a2bc65ae7eee991cd55cb2d46bcb86,5,3,True,2,2,0,3,9,9,3,9,9,3,1,1,False,True,True,True,True
train,spooky-author-identification,40214dabbf23f4591fa5c2682e2aa384752b236e965b855fada0a6846b69b26d,5562cf28499fc2af57a84298054d7a875c927329a0ec25373a632b0ef9f70de0,3,3,True,0,0,0,3,3,3,3,3,3,1,1,1,True,True,True,False,False
train,spooky-author-identification,df2a819b7bc4183a71f9dc22bb3b5b78e623e1119564b99cf57dcf59d157f324,f4c0669c8566ca600331de12719e717f859e40e5fb792b6feb228ba584c0d179,3,2,True,1,1,0,1,3,3,1,3,3,2,1,1,False,True,True,True,True
train,spooky-author-identification,40214dabbf23f4591fa5c2682e2aa384752b236e965b855fada0a6846b69b26d,9b459da7640146d38da55e27303bb1269f097ec34afadb95cf7a79e87ed07d07,3,2,True,1,1,0,1,3,3,1,3,3,2,1,1,False,True,True,True,True
train,spooky-author-identification,ebe2468f5ad9b55560cb94ebcf7e8897cf30a913caa3d635dd591840e8b42996,dd3020f5ba3b05f41ef6e63952bcc254051135a22faf69e00a01f8bb7c26d9b0,3,2,True,1,1,0,1,3,3,1,3,3,2,1,1,False,True,True,True,True
train,spooky-author-identification,df2a819b7bc4183a71f9dc22bb3b5b78e623e1119564b99cf57dcf59d157f324,8666c8ceae423f650e707c7009cf62f80a63623c51c9e6631b4800778ff3a8cb,3,2,True,1,1,0,1,3,3,1,3,3,2,1,1,False,True,True,True,True
train,spooky-author-identification,f521bcc6aa9189e7deab864be9902c17144871a12c8d06861209f02679623fe4,7afe684c62ea5468204d82df741f632d2b7213a76c944cb49aaca5437d5573c6,3,3,True,0,0,0,3,3,3,3,3,3,1,1,1,True,True,True,False,False
train,spooky-author-identification,ebe2468f5ad9b55560cb94ebcf7e8897cf30a913caa3d635dd591840e8b42996,56933a24777c091139c50f3287de091b29e60013bf89985421219e71166f10c3,3,3,True,0,0,0,3,3,3,3,3,3,1,1,1,True,True,True,False,False
train,spooky-author-identification,ebe2468f5ad9b55560cb94ebcf7e8897cf30a913caa3d635dd591840e8b42996,8058b6ffd6f251cfe6ab5d44ae1c8286af39fac0d791a54bfe3f55d73f3d1e5f,3,3,True,0,0,0,2,2,2,2,2,2,1,1,1,True,True,True,False,False
train,spooky-author-identification,9958a04c70cfdaf7ab68c78878b403669a85cd4c30a08f14d05b77de631bf9b3,5b7b83c84d86a240ed785a8880a3a2b541b2e6f0ae90779a2db8291fc69cc8f3,3,2,True,1,1,0,1,3,3,1,3,3,2,1,1,False,True,True,True,True
train,spooky-author-identification,b8168eb1b4ba6dd08f07d1f3b49119f1ba21d8d254e22bf74474e42c98d55784,b01207c4e95436208decfdbc75edf31dc5b0d3982bb8f4b3dd6c35d50aba64b3,3,3,True,0,0,0,3,3,3,3,3,3,1,1,1,True,True,True,False,False
train,spooky-author-identification,ebe2468f5ad9b55560cb94ebcf7e8897cf30a913caa3d635dd591840e8b42996,3bfa4c59a9c8e44516ee1baa04c83071254f759f9e451633b0bb54c1c3146b00,3,3,True,0,0,0,2,2,2,2,2,2,2,2,2,False,False,False,False,False
train,spooky-author-identification,9958a04c70cfdaf7ab68c78878b403669a85cd4c30a08f14d05b77de631bf9b3,0cfb1dfd805e5239f01f287698ea07ba3e7de909946bfde8b067d31c5861d014,3,3,True,0,0,0,3,3,3,3,3,3,1,1,1,True,True,True,False,False
train,spooky-author-identification,b8168eb1b4ba6dd08f07d1f3b49119f1ba21d8d254e22bf74474e42c98d55784,675f228b7494ebd09c1a427da32cea743a01a6e648c4524dc076f3645f64c402,3,3,True,0,0,0,3,3,3,3,3,3,1,1,1,True,True,True,False,False
train,spooky-author-identification,ebe2468f5ad9b55560cb94ebcf7e8897cf30a913caa3d635dd591840e8b42996,130d4ef82e3faf14ed047cbe5917c7146f62a397a9023f42a4018ef5e2a7b2e7,3,3,True,0,0,0,3,3,3,3,3,3,1,1,1,True,True,True,False,False
train,spooky-author-identification,ebe2468f5ad9b55560cb94ebcf7e8897cf30a913caa3d635dd591840e8b42996,f1cd1035d3b3af6c5488e1d464badc65645fd13bc4fcfa1689b385fe672e667a,3,3,True,0,0,0,3,3,3,3,3,3,1,1,1,True,True,True,False,False
train,spooky-author-identification,ebe2468f5ad9b55560cb94ebcf7e8897cf30a913caa3d635dd591840e8b42996,fa9ef0605658d77baa07d477ee42c5d6d495debb3e97d489bd1a83ad0e7fb2bf,3,3,True,0,0,0,3,3,3,3,3,3,1,1,1,True,True,True,False,False
train,spooky-author-identification,ebe2468f5ad9b55560cb94ebcf7e8897cf30a913caa3d635dd591840e8b42996,d1afe4fd4ba94e1f82e2dd5ceb4f85f2dc02e4ae76656c2c356c69a03102604e,3,2,True,1,1,0,1,3,3,1,3,3,2,1,1,False,True,True,True,True
train,spooky-author-identification,ebe2468f5ad9b55560cb94ebcf7e8897cf30a913caa3d635dd591840e8b42996,7a6ccad8f2a8833a1f78fea58a0804894c638f6f3a3042de1e9d1712a84ce0f7,3,3,True,0,0,0,3,3,3,3,3,3,1,1,1,True,True,True,False,False
train,spooky-author-identification,40214dabbf23f4591fa5c2682e2aa384752b236e965b855fada0a6846b69b26d,5fd2ecd6731e58519fef69afff70c89d49bd0b7fb3b556a1b719112643eb47f3,3,2,True,1,1,0,1,3,3,1,3,3,2,1,1,False,True,True,True,True
train,spooky-author-identification,ebe2468f5ad9b55560cb94ebcf7e8897cf30a913caa3d635dd591840e8b42996,2f8991bfc62772d05b2ecbf0eb0aaeebf1af1265f99c079489572b1153a3135a,3,3,True,0,0,0,3,3,3,3,3,3,1,1,1,True,True,True,False,False
train,spooky-author-identification,9958a04c70cfdaf7ab68c78878b403669a85cd4c30a08f14d05b77de631bf9b3,4ee9b40dbf92068a9e3cc244f47590d89e971be87702f54b7c0c65dee6bdd2f2,3,3,True,0,0,0,3,3,3,3,3,3,1,1,1,True,True,True,False,False
train,spooky-author-identification,ebe2468f5ad9b55560cb94ebcf7e8897cf30a913caa3d635dd591840e8b42996,6f76402c44ed4c030f5427a5f374f781bd2c7511315e1ec16da1df5a3ae37b16,3,3,True,0,0,0,3,3,3,3,3,3,1,1,1,True,True,True,False,False
train,spooky-author-identification,9958a04c70cfdaf7ab68c78878b403669a85cd4c30a08f14d05b77de631bf9b3,650d8322fefe57612926bda301441e0ee00638d9cc5d35e4635d8e42b830be8f,3,2,True,1,1,0,1,3,3,1,3,3,2,1,1,False,True,True,True,True
train,spooky-author-identification,ebe2468f5ad9b55560cb94ebcf7e8897cf30a913caa3d635dd591840e8b42996,5a3f217eb35cdd63aa95f2d6895929984f59bf6d5f8360300dff3895ffb99299,3,3,True,0,0,0,3,3,3,3,3,3,1,1,1,True,True,True,False,False
train,spooky-author-identification,9958a04c70cfdaf7ab68c78878b403669a85cd4c30a08f14d05b77de631bf9b3,8dcbfaf458bbfeb22931f8834a8590695b5dd07408506786007b2c6056c68c9d,3,3,True,0,0,0,3,3,3,3,3,3,1,1,1,True,True,True,False,False
train,spooky-author-identification,b3bd5fd623176541206244c10f03fbc91dd0f1c83aaab9e84a8dc7ad96f85393,6556733d163fd9761df09f4d44c6000f59c83a343bd5d35f9114778813d68467,2,2,True,0,0,0,1,1,1,1,1,1,1,1,1,True,True,True,False,False
train,spooky-author-identification,b8168eb1b4ba6dd08f07d1f3b49119f1ba21d8d254e22bf74474e42c98d55784,f65c64e0669000d414996895c24b233dd3fdbd442468cbe1968e30afbba12f5c,3,2,True,1,1,0,1,3,3,1,3,3,2,1,1,False,True,True,True,True
train,spooky-author-identification,b8168eb1b4ba6dd08f07d1f3b49119f1ba21d8d254e22bf74474e42c98d55784,96d1d25bc94b570332bad1f17447b159f5f46fff3db625083fd0ff36821370c6,3,3,True,0,0,0,3,3,3,3,3,3,1,1,1,True,True,True,False,False
train,spooky-author-identification,ebe2468f5ad9b55560cb94ebcf7e8897cf30a913caa3d635dd591840e8b42996,dd05f613e2bbd053c1ad1068e87a6743838c44fb9bd83bf03e8f07216a103bfe,3,3,True,0,0,0,3,3,3,3,3,3,1,1,1,True,True,True,False,False
train,spooky-author-identification,40214dabbf23f4591fa5c2682e2aa384752b236e965b855fada0a6846b69b26d,88e5e949bd3b6d0dec9db895fcc788da1c88ef551a98ebd2176f404a2bfa3aa1,3,2,True,1,1,0,1,3,3,1,3,3,2,1,1,False,True,True,True,True
train,spooky-author-identification,df2a819b7bc4183a71f9dc22bb3b5b78e623e1119564b99cf57dcf59d157f324,7ce0c6c5e621f175c81d32a351f5f8dd6e42d60374ef816416084ffabbb62b8e,3,3,True,0,0,0,3,3,3,3,3,3,1,1,1,True,True,True,False,False
train,spooky-author-identification,ebe2468f5ad9b55560cb94ebcf7e8897cf30a913caa3d635dd591840e8b42996,2432ec9042c24bce2c90861e837a2cf2fabaf37bcdacb0a4b1e7ebcdcd229b95,3,3,True,0,0,0,3,3,3,3,3,3,1,1,1,True,True,True,False,False
train,spooky-author-identification,936733133a12c123bc9a397ed75df6db5ec02be3c7b551af0d63df9180785cce,79a6b993ba73c8a125ec033db972f6ba567a11de96d1d8fdc920ff9b1ed5c4cb,3,2,True,1,1,0,1,3,3,1,3,3,2,1,1,False,True,True,True,True
train,spooky-author-identification,b8168eb1b4ba6dd08f07d1f3b49119f1ba21d8d254e22bf74474e42c98d55784,8864f3303141cb6a2a81f97828fe255b017cff7a5ca8e61032a95a1bf3933239,3,3,True,0,0,0,3,3,3,3,3,3,1,1,1,True,True,True,False,False
train,spooky-author-identification,9958a04c70cfdaf7ab68c78878b403669a85cd4c30a08f14d05b77de631bf9b3,146b72c695fa58a96fcb7eb820376a8fb4998ac1eddcc862ae3f0d263b950535,3,3,True,0,0,0,3,3,3,3,3,3,1,1,1,True,True,True,False,False
train,spooky-author-identification,8c73fbcadd1e5182c4053598c638705ab9f6d8e1414d19addc60f71ca26cc69d,e5eb415cc60431b9936e3aa7a7d10b9be7e0bf6ceb3cf4f798b6ba118072c0ec,5,2,False,,0,3,1,1,1,1,1,1,,,,False,False,False,False,False
train,spooky-author-identification,ebe2468f5ad9b55560cb94ebcf7e8897cf30a913caa3d635dd591840e8b42996,14a8c60b6b929758816cc1aa399f5097e7201ed574fea14eeca797a17e50f147,3,3,True,0,0,0,3,3,3,3,3,3,1,1,1,True,True,True,False,False
train,spooky-author-identification,40214dabbf23f4591fa5c2682e2aa384752b236e965b855fada0a6846b69b26d,387e716b84ddd863ced37f87632e3ebe2825770252ff79696165ed09cd6a44e6,3,3,True,0,0,0,3,3,3,3,3,3,1,1,1,True,True,True,False,False
train,spooky-author-identification,ebe2468f5ad9b55560cb94ebcf7e8897cf30a913caa3d635dd591840e8b42996,81e2f2557b0f0602d1ad3e5e613a9a7b4021ddd97f8f7dcd9fd6bcfbc5a90d2f,3,3,True,0,0,0,3,3,3,3,3,3,1,1,1,True,True,True,False,False
train,spooky-author-identification,9958a04c70cfdaf7ab68c78878b403669a85cd4c30a08f14d05b77de631bf9b3,6d91cec7cae54c7f6aef7cf9d0d51efadd6e2c4eef54c930eb11b731ce534d03,3,3,True,0,0,0,3,3,3,3,3,3,1,1,1,True,True,True,False,False
train,spooky-author-identification,a95829747cbff14bc881bdf29610eeb1c63f250d02430d5cf06d6a9bfbfb0dad,4a76cbd39b39aec8c29d16c2ed4633fb900c0117b4b058d777799b24cc742074,5,2,False,,0,3,1,1,1,1,1,1,,,,False,False,False,False,False
train,spooky-author-identification,b8168eb1b4ba6dd08f07d1f3b49119f1ba21d8d254e22bf74474e42c98d55784,e479271dadb0d38ac68bbbec66d286c834d914c98c7645ae2af55e1554950488,3,2,True,1,1,0,1,3,3,1,3,3,2,1,1,False,True,True,True,True
train,spooky-author-identification,b6789ebe900915bc09b043a11216518df66cf29de5251b70420c51bd78baeb7b,384fba1ad6ef36f025e297c883cf8b64dcc058ce363c39f63811a7c27e271463,3,2,True,1,1,0,1,3,3,1,3,3,2,1,1,False,True,True,True,True
train,spooky-author-identification,40214dabbf23f4591fa5c2682e2aa384752b236e965b855fada0a6846b69b26d,fc9163781559f5618ffeb94d85be88814cdae30a72294faea5ea34b9be871be6,3,2,True,1,1,0,1,3,3,1,3,3,2,1,1,False,True,True,True,True
train,spooky-author-identification,40214dabbf23f4591fa5c2682e2aa384752b236e965b855fada0a6846b69b26d,c6efdb038876556576b6f8b0b8ca891eab6dce513259ece22ee570230903ad15,3,3,True,0,0,0,3,3,3,3,3,3,1,1,1,True,True,True,False,False
train,spooky-author-identification,ebe2468f5ad9b55560cb94ebcf7e8897cf30a913caa3d635dd591840e8b42996,e8de1d7cf43980f9fd67d1be5d29413556924c441f85791b3eb29ff76761dd3f,3,3,True,0,0,0,3,3,3,3,3,3,1,1,1,True,True,True,False,False
train,spooky-author-identification,f521bcc6aa9189e7deab864be9902c17144871a12c8d06861209f02679623fe4,47d081daff82bf60409836ad2bde679964c74167c9cb45957b162adeec873abe,3,3,True,0,0,0,3,3,3,3,3,3,1,1,1,True,True,True,False,False
train,spooky-author-identification,df2a819b7bc4183a71f9dc22bb3b5b78e623e1119564b99cf57dcf59d157f324,4538112534b44b2ce97b1f42ead3c70384f73c97fb32f2d55d88047d51a7e4dc,3,2,True,1,1,0,1,3,3,1,3,3,2,1,1,False,True,True,True,True
train,spooky-author-identification,ebe2468f5ad9b55560cb94ebcf7e8897cf30a913caa3d635dd591840e8b42996,31c2337f1223c3dcebc81e13d32255c3e8e43fd9fda3c00c804947fb3fbddade,3,3,True,0,0,0,2,2,2,2,2,2,2,2,2,False,False,False,False,False
train,spooky-author-identification,051c85b0a0c34627e90f92f78ecb96a3bb17b6902445f1a091f57b1eb403c00c,13f1e7d14ff07e4ce162a914c99807e0ac169991475ffb6d072e521682112aee,3,2,True,1,0,1,1,1,1,1,1,1,2,2,2,False,False,False,False,False
train,spooky-author-identification,ebe2468f5ad9b55560cb94ebcf7e8897cf30a913caa3d635dd591840e8b42996,c98e8e94e4cce795c7bec751c2635f72a9b2813aa1e35778bf0b3133a078e601,3,3,True,0,0,0,3,3,3,3,3,3,1,1,1,True,True,True,False,False
train,spooky-author-identification,b8168eb1b4ba6dd08f07d1f3b49119f1ba21d8d254e22bf74474e42c98d55784,72011936b2e7501b8068f3f249f7564f394d4f5646ae861349c2eeaacd21d8da,3,3,True,0,0,0,3,3,3,3,3,3,1,1,1,True,True,True,False,False
train,spooky-author-identification,9d053ba56181f5818c078af148a7bad90ca191fbe18575f607dc358723dd9066,d34db7d455dbc25d6b6f0b88204db3aea0fb54b988bf2f1b4a99c1dbfd92bdf3,5,2,False,,0,3,1,1,1,1,1,1,,,,False,False,False,False,False
train,spooky-author-identification,b8168eb1b4ba6dd08f07d1f3b49119f1ba21d8d254e22bf74474e42c98d55784,d96f74d9001d036be88cff329e484765d5697db1fe924fc943537095afa7e40b,3,2,True,1,1,0,1,3,3,1,3,3,2,1,1,False,True,True,True,True
train,spooky-author-identification,ebe2468f5ad9b55560cb94ebcf7e8897cf30a913caa3d635dd591840e8b42996,e40d96029992dbcdd7afb97dda0adb8e705546bc7fe160726730ce1cf6ea1252,3,3,True,0,0,0,3,3,3,3,3,3,1,1,1,True,True,True,False,False
train,spooky-author-identification,df2a819b7bc4183a71f9dc22bb3b5b78e623e1119564b99cf57dcf59d157f324,7e84b54838e4b872610f16db699751ffc4962be09aea84f90a678f468e43d583,3,3,True,0,0,0,3,3,3,3,3,3,1,1,1,True,True,True,False,False
train,spooky-author-identification,ebe2468f5ad9b55560cb94ebcf7e8897cf30a913caa3d635dd591840e8b42996,ac38e2b169d3ccb166f24815d3ecec3a4d3d3b8467404ce2923c33011059c7c5,3,3,True,0,0,0,3,3,3,3,3,3,1,1,1,True,True,True,False,False
train,spooky-author-identification,40214dabbf23f4591fa5c2682e2aa384752b236e965b855fada0a6846b69b26d,c183855067b656c24a9d607affd115be824d4cb9090e2bae868c4a8f731a0093,3,3,True,0,0,0,3,3,3,3,3,3,1,1,1,True,True,True,False,False
train,spooky-author-identification,df2a819b7bc4183a71f9dc22bb3b5b78e623e1119564b99cf57dcf59d157f324,97a52399ea238476e9fc4fd819dae999e39191777b3ac8631729a72c43dab907,3,3,True,0,0,0,3,3,3,3,3,3,1,1,1,True,True,True,False,False
train,spooky-author-identification,40214dabbf23f4591fa5c2682e2aa384752b236e965b855fada0a6846b69b26d,d53ae9b7b487637512f70299bca32bc2721ecc084394d733e70229b032236642,3,3,True,0,0,0,3,3,3,3,3,3,1,1,1,True,True,True,False,False
train,spooky-author-identification,df2a819b7bc4183a71f9dc22bb3b5b78e623e1119564b99cf57dcf59d157f324,38b602fb86cf5acea8cf533d681156f140cd9e966f13431b3d648ad2341c0159,3,3,True,0,0,0,3,3,3,3,3,3,1,1,1,True,True,True,False,False
train,spooky-author-identification,ebe2468f5ad9b55560cb94ebcf7e8897cf30a913caa3d635dd591840e8b42996,85760c0a3388b52b8594bbda5ac47dc905abfd0c177ea69a1d9b27dbf1458dfe,3,3,True,0,0,0,3,3,3,3,3,3,1,1,1,True,True,True,False,False
train,spooky-author-identification,ebe2468f5ad9b55560cb94ebcf7e8897cf30a913caa3d635dd591840e8b42996,3aa97f4c11e4a1e05a70c02583845a760d9c8cfcdf6cfc0b316ff0f5ede6bf2b,3,3,True,0,0,0,3,3,3,3,3,3,1,1,1,True,True,True,False,False
train,spooky-author-identification,3fea69043146a4e8f09f12e35f779f9934f66d70cdad6e06749c1b5780d8679a,2880cfbed86297b93f1fa0940cd1d7ace0923c1cc141b3bfea013c1fa7f77040,3,2,False,,0,1,1,1,1,1,1,1,,,,False,False,False,False,False
train,spooky-author-identification,ebe2468f5ad9b55560cb94ebcf7e8897cf30a913caa3d635dd591840e8b42996,f443da6347fd614cc14cd9ae43d8b363752742113a4f536d03f791c81f491f51,3,3,True,0,0,0,2,2,2,2,2,2,2,2,2,False,False,False,False,False
train,spooky-author-identification,ebe2468f5ad9b55560cb94ebcf7e8897cf30a913caa3d635dd591840e8b42996,d2b4b3d5ba2c429fba77a0d3cdec778fddedb87943c256f81d641e24e4629a53,3,3,True,0,0,0,3,3,3,3,3,3,1,1,1,True,True,True,False,False
train,spooky-author-identification,df2a819b7bc4183a71f9dc22bb3b5b78e623e1119564b99cf57dcf59d157f324,38d0641f7abcf93f60b359c5bfabc2fc108f046376ec7833b7ac172db99347ab,3,3,True,0,0,0,3,3,3,3,3,3,1,1,1,True,True,True,False,False
train,spooky-author-identification,b8168eb1b4ba6dd08f07d1f3b49119f1ba21d8d254e22bf74474e42c98d55784,c977d379c00695c97e5b2d969a55ace18b0798f086e89e4719165ecc37176315,3,3,True,0,0,0,3,3,3,3,3,3,1,1,1,True,True,True,False,False
train,tabular-playground-series-dec-2021,03aae9a14e5e9f93e79accce0ebad5413ebe12d2c4b1c40f7e93bb8dc70364c1,5edb42428e7d5f1509d813296413dd8508a8873fb0060d8c54e9beb789950e62,2,2,True,0,0,0,1,1,1,1,1,1,1,1,1,True,True,True,False,False
train,tabular-playground-series-dec-2021,978b8f2e0046fa893f37dbda53deb8f6b10ffdbd885c2a1279e6e41c1cc19a4f,9a8cf18adf7dd6e1efa7c76d7ea0f1adec5340e80c0f338acab6fa486193515a,3,2,True,1,1,0,1,3,3,1,3,3,2,1,1,False,True,True,True,True
train,tabular-playground-series-dec-2021,151a905b485c44a22e90594229699e9e19814ed863bb0611cac20de36806d9f1,cd440eb53e9da54363bf2fca5be3f43a09c9572d5850775ca9b5c831286f9ee0,3,2,True,1,1,0,1,3,3,1,3,3,2,1,1,False,True,True,True,True
train,tabular-playground-series-dec-2021,6f39e4559a98e173a4b5a8e73addd96428d66df6281eb204cc6e0cd2e43330d2,82cf5a7c5429d9db8c38029f33914723013912d8cac51016caa9e1c6af9fa323,3,2,True,1,1,0,1,3,3,1,3,3,2,1,1,False,True,True,True,True
train,tabular-playground-series-dec-2021,978b8f2e0046fa893f37dbda53deb8f6b10ffdbd885c2a1279e6e41c1cc19a4f,f6445a8f6a7af2494a62470f730130d5d1fe1e098ddb2ca36410e2a60c3f605a,3,2,True,1,1,0,1,3,3,1,3,3,2,1,1,False,True,True,True,True
train,tabular-playground-series-dec-2021,b38692ea6ba14089c3b729184107c03317dbb740726249609438d9f44b00cd7f,a36aabcdc6f80da1b6b359bf6e7874e3ecc93faca5149c2e39ece5a017835525,3,2,True,1,1,0,1,3,3,1,3,3,2,1,1,False,True,True,True,True
train,tabular-playground-series-dec-2021,b379de269d38226a7b05cd654ba210ffece75e1da2585ecdfd62b62c2c3ac6b0,1dd92b399000ca192230f9a2e29776437b348016805c0e408f18a611c37532c1,3,3,True,0,0,0,3,3,3,3,3,3,1,1,1,True,True,True,False,False
train,tabular-playground-series-dec-2021,0a091e6a0fc99c4f30833b47c567a88a4a84dc437b7439bdeb5240680017f6e1,ddf14c883ab5d65b48109011a7ae9b9cd730f461aadab89f79c095d2928b3681,2,2,True,0,0,0,1,1,1,1,1,1,1,1,1,True,True,True,False,False
train,tabular-playground-series-dec-2021,2e5536ea3fde6cc956f3e1f50f8bf16336ea02e3cd43e2073b625dcaa171c1cd,998489e179d0489b2ecd5802ed246559fc646a1462d26bcda2987ea1d654a747,2,2,True,0,0,0,1,1,1,1,1,1,1,1,1,True,True,True,False,False
train,tabular-playground-series-dec-2021,1b83e109ad31fe487f3a9a4ec3197b72a256946db2deed05d80b5eac5c1d041d,c299a1da50c7935d1f54eaa7d2654ab7fedda70b89c72982f01d13925b807cbd,3,2,True,1,1,0,1,3,3,1,3,3,2,1,1,False,True,True,True,True
train,tabular-playground-series-dec-2021,b38692ea6ba14089c3b729184107c03317dbb740726249609438d9f44b00cd7f,513354c6309249ca2f73f7893c9d23400025b32950a7e283809a5dce64b620a1,3,2,True,1,1,0,1,3,3,1,3,3,2,1,1,False,True,True,True,True
train,tabular-playground-series-dec-2021,978b8f2e0046fa893f37dbda53deb8f6b10ffdbd885c2a1279e6e41c1cc19a4f,da66a46e84d3ad5856e731457833551fbfe6e805fd2a21c53c8f556f8e4ab851,3,3,True,0,0,0,3,3,3,3,3,3,1,1,1,True,True,True,False,False
train,tabular-playground-series-dec-2021,03aae9a14e5e9f93e79accce0ebad5413ebe12d2c4b1c40f7e93bb8dc70364c1,f75f11ab2e00b9aa023e5eaa911c58f03b7fd7c46b7237ac2d2966b8fa37c5a1,2,2,True,0,0,0,1,1,1,1,1,1,1,1,1,True,True,True,False,False
train,tabular-playground-series-dec-2021,2e5536ea3fde6cc956f3e1f50f8bf16336ea02e3cd43e2073b625dcaa171c1cd,bab7dc41bac119448cfc759b948015c9d6ab502c3a39c9d018ab90e68fdf2cda,2,2,True,0,0,0,1,1,1,1,1,1,1,1,1,True,True,True,False,False
train,tabular-playground-series-dec-2021,707a5eb9ceeabc9fadb689f640583f58ff4998bd87d0eab7ccf7d07bf3ab3392,95b0a1561d6c295737fafe7b346b68ec8ef54f23a5dd1e7f812eaf167f7ab2a1,2,2,True,0,0,0,1,1,1,1,1,1,1,1,1,True,True,True,False,False
train,tabular-playground-series-dec-2021,d3796d73b09376ca5f4b8d8bd094aa44c8f0cae8f028dd07bb36cadd7bc92992,5d44208dfacbf8283aaaae4c1cf6f98801df4d544deed4361d3b79af17948532,2,2,True,0,0,0,1,1,1,1,1,1,1,1,1,True,True,True,False,False
train,tabular-playground-series-dec-2021,d3796d73b09376ca5f4b8d8bd094aa44c8f0cae8f028dd07bb36cadd7bc92992,94a4204477cf98520015c368647abf452f55305ad52d9628cf2866e59f493748,2,2,True,0,0,0,1,1,1,1,1,1,1,1,1,True,True,True,False,False
train,tabular-playground-series-dec-2021,aed2b2bf6337bac2516a3a41ace54058bb9fa4546857696edbd40d00813a06d0,db79321e778b28fe50ad63346aa4b212f955d1788c93aeec7b421e8b668a3533,2,2,True,0,0,0,1,1,1,1,1,1,1,1,1,True,True,True,False,False
train,tabular-playground-series-dec-2021,86f92e338d58dedfbe1a795ac560a9cebb3b068806918123635f6c2d87cbc6f7,4ee3d8753fa07c1d13a624f438cfdd4728a8f0d1e0496f724966ed7f30502449,5,2,False,,0,3,1,1,1,1,1,1,,,,False,False,False,False,False
train,tabular-playground-series-dec-2021,14192a8f5e66fb6f0c6d415b21597519d89257cdd58f420239e33ab8d05979fe,827e7017a1b2395d4f8217c06d3d3d6038f8ce5c1a0b851f2a5ccf1421a81f74,2,2,True,0,0,0,1,1,1,1,1,1,1,1,1,True,True,True,False,False
train,tabular-playground-series-dec-2021,5d3ae7d11f98361f0abccb89fae66d2d61cadfd1562324331e76e449241378a0,7ccdfcf6ab0deacf86c7f4be581b36750f317dd7f88980f4b8157644bdae0d68,5,2,False,,0,3,1,1,1,1,1,1,,,,False,False,False,False,False
train,tabular-playground-series-dec-2021,9d9b1a24d1c545649a9e66a37cf71812a229a872114b3a4d57a712205c2a17b3,f79169c04aed0a48156d3e65d77fc04adbf2f3b692330cf66f4cc0482d260ed7,3,2,True,1,1,0,1,3,3,1,3,3,2,1,1,False,True,True,True,True
train,tabular-playground-series-dec-2021,2e5536ea3fde6cc956f3e1f50f8bf16336ea02e3cd43e2073b625dcaa171c1cd,c974a477112e16aeac39fb1234084533bc23c33bcf636141edaac60365072a69,2,2,True,0,0,0,1,1,1,1,1,1,1,1,1,True,True,True,False,False
train,tabular-playground-series-dec-2021,e8d348b78efdc64ee20a21df9c86c66b0cd7d0100d699379936275797b2fe160,1a651706f0a1526a200b39439bc289c34762317edcd750f726465d594ffc30f1,5,2,False,,0,3,1,1,1,1,1,1,,,,False,False,False,False,False
train,tabular-playground-series-dec-2021,707a5eb9ceeabc9fadb689f640583f58ff4998bd87d0eab7ccf7d07bf3ab3392,ec5bd6dc085453604878c11a50fb1847063a266f7c318712d6901310b1f51c6e,2,2,True,0,0,0,1,1,1,1,1,1,1,1,1,True,True,True,False,False
train,tabular-playground-series-may-2022,bf72e685bcff59aa8a269f0eda02213fa33899a5d304a118e1e69d5a02ed5918,e8a5720346ab462e2e12131cd7c2b0da59a9831cfd3c665cea49936d7406ea4a,5,2,False,,0,3,1,1,1,1,1,1,,,,False,False,False,False,False
train,tabular-playground-series-may-2022,23c579dec88d9d3c8028718557d027aa166f4fdcc4a226020f54c48da3847b97,c1ca24076aa34f9b4f783b539f17947aab8b407455fef2cd2140c03a89d2dbfd,5,2,False,,0,3,1,1,1,1,1,1,,,,False,False,False,False,False
train,tabular-playground-series-may-2022,88cbcf1eb9cad4753f2376118150da99b9fa2d322c03e43a4fcdf6ce3f2583cc,041061f25a31856ba46d7cfb6c20db6ee4135743b21d8e42b383c0d2d5daba84,5,2,False,,0,3,1,1,1,1,1,1,,,,False,False,False,False,False
train,tabular-playground-series-may-2022,93d98cb4300b302efda9aa3d56e352c2db8ab56157ef49d3c86d97051479f90e,14a4f97ef94ebb5633a5c6a0ccd3bacdc094728ec28a42f4c1a299d66ef4d854,2,2,True,0,0,0,1,1,1,1,1,1,1,1,1,True,True,True,False,False
train,tabular-playground-series-may-2022,0a22c3ff507f14cd4a9668544740bc7ff534d2a6d941fbd179501f01b12450c8,3b855d67c05d0e979c7098ba51ff61e67687e8b6189d2ea2103f738211c478d3,2,2,True,0,0,0,1,1,1,1,1,1,1,1,1,True,True,True,False,False
train,tabular-playground-series-may-2022,7943864b6277b4abc9a4f3238b16025bc023a57faa0c1424faff98a083a5d52c,6bd45cdbd9597bdf742c0021adb0f8b12a156c854c461b2240556d21b6dd340c,2,2,True,0,0,0,1,1,1,1,1,1,1,1,1,True,True,True,False,False
train,tabular-playground-series-may-2022,aa5f9db640f560afab431a129586eedc94eb106af94b0f880acd6f326039ddfc,b672b1b7d60a18df2fb8129afdec9dcdb2592304f5f93720c9bbefc605b55e04,2,2,True,0,0,0,1,1,1,1,1,1,1,1,1,True,True,True,False,False
train,tabular-playground-series-may-2022,f945978a1b7d00f65659ba48efa0112bbc078c8f9b416da64d74ed7662527bbc,3d0c2ffcca5a8fbbde2c7f56ab760f5c3fc915ee6ff84022708f484cc3b89102,5,2,False,,0,3,1,1,1,1,1,1,,,,False,False,False,False,False
train,tabular-playground-series-may-2022,7860e1246ba76115080baee554d193814edec60dbd3c75b9c36284c2d51acf7d,bd1ce5390b4145c6fe54410b0e8618c2e9e4a16c0e2c3ca04bbc02e7a53d3a74,3,2,True,1,1,0,1,3,3,1,3,3,2,1,1,False,True,True,True,True
train,tabular-playground-series-may-2022,ac3152889c787f3e42dda309315f934daa0c237aaff10736db587070a3f95942,077c50f2cfe44b51fbebacc84a60a913806675644a6492f4c837debb418ebe1f,2,2,True,0,0,0,1,1,1,1,1,1,1,1,1,True,True,True,False,False
train,tabular-playground-series-may-2022,c6e903e174b71823418f72c293e6eb0f515433036d3cb63bc1dda0c2f60d70e3,344c675a5fab968266f8521f1af72e040e3dec0edaf266cf70eb5f12c875b6e7,5,3,False,,0,2,3,3,3,3,3,3,,,,False,False,False,False,False
train,tabular-playground-series-may-2022,a4972fee564775b89d37be4c349cde189f6a8257f8624a8888c0910630542410,cbe96f6dfc7a07c577a51bb04215863532d435d036c40fac153aa80b39efeecc,5,2,True,3,3,0,1,7,7,1,7,7,4,1,1,False,True,True,True,True
train,tabular-playground-series-may-2022,34bf8969e7476505d7fc834f3669a21107f9a466766f3f2f89d30c3a9501163c,198dfee794d686eeec0171e5e742142a7f298fe3f005f5ed4d8738ac29d5ea7a,5,2,False,,0,3,1,1,1,1,1,1,,,,False,False,False,False,False
train,tabular-playground-series-may-2022,96253f96c80b73eeafe2504eb51fdd1880cb1c39c394e3efb58677ede8306419,bd3796c825c4ad9cf6445571531c8024205a78087e115c505b7d90fc7de08256,5,2,False,,0,3,1,1,1,1,1,1,,,,False,False,False,False,False
train,tabular-playground-series-may-2022,68b2ca95273f1927757f1be5a5e35fd88fe778b36800ab11513303f1282d75ea,83fc480d5b1dbbe90f74f9a5281d2bef59e08cea6798c6b6a65c69000253df70,5,2,True,3,3,0,1,7,7,1,7,7,4,1,1,False,True,True,True,True
train,tabular-playground-series-may-2022,96d82c1553706e441d9074a9011e00eff54ab6d7b9a33fcd63c10356fbfbe771,304d6235dc77df24da8bf43106f001fe509c29dd8160a413bb9ba2f4382d30d0,5,4,True,1,1,0,6,10,10,6,10,10,2,1,1,False,True,True,True,True
train,tabular-playground-series-may-2022,0a22c3ff507f14cd4a9668544740bc7ff534d2a6d941fbd179501f01b12450c8,cacab76aeddb455dfc5d4b4bb5baa4900649327b50c1ecc91ac6e2238bc8b75c,2,2,True,0,0,0,1,1,1,1,1,1,1,1,1,True,True,True,False,False
train,tabular-playground-series-may-2022,aa5f9db640f560afab431a129586eedc94eb106af94b0f880acd6f326039ddfc,6ca88b038c82e6eab387eb080727a638272b2fad42ca5abd0321dd2165957390,2,2,True,0,0,0,1,1,1,1,1,1,1,1,1,True,True,True,False,False
train,tabular-playground-series-may-2022,7943864b6277b4abc9a4f3238b16025bc023a57faa0c1424faff98a083a5d52c,0be152323640ec24a4e9a56d49250b7d03d458d20de73d65cdf334ebd697c5f9,2,2,True,0,0,0,1,1,1,1,1,1,1,1,1,True,True,True,False,False
train,tabular-playground-series-may-2022,a3120576d20a015c2be898d1f852b54b7236f9e7dfd0420c97eec1ac591599a2,788ccfa4eb3776f71cb0831a56e7d044bedae03c3d8fef83f4ffc18b029a0a1e,5,2,False,,0,3,1,1,1,1,1,1,,,,False,False,False,False,False
train,tabular-playground-series-may-2022,bec25d272867fb37ccb3e44887ee1bb69f3234b6e150105dc184c15b78ebe944,b398c63b2849f2c02c8e2f1c6fa4c75650f58f5136c5cdf86f0eff77010cf705,4,3,True,1,1,0,3,6,6,3,6,6,2,1,1,False,True,True,True,True
train,tabular-playground-series-may-2022,bee5ae17e8db567fea479184141d4c88309b2c53d41fdf5e9d568b23a64f1ebc,78cac5ecfee9d99c9ddde8ccacccd973c51bcb6840c9e63ca0be571a99ab5bad,5,4,True,1,1,0,6,10,10,6,10,10,2,1,1,False,True,True,True,True
train,tabular-playground-series-may-2022,0a22c3ff507f14cd4a9668544740bc7ff534d2a6d941fbd179501f01b12450c8,9972502b425bde3f8030f377a6e91e3e4943fee25765cbeee2bcb3fb86d2fd29,2,2,True,0,0,0,1,1,1,1,1,1,1,1,1,True,True,True,False,False
train,tabular-playground-series-may-2022,b5e9937115aab29a0f2892d0f9d9c721d849995ba93792ecadde2ed71fb076af,dfd4971e32e989ba961ecaff575aec0ea3d19caecd1b1f5850d0211ec2baf54c,5,2,False,,0,3,1,1,1,1,1,1,,,,False,False,False,False,False
train,tabular-playground-series-may-2022,0b53c74e8a640adfd77cc416f55273ea26b7bc8e63bf7203a5774310def7ac91,198e8f8b6b6675c198d202d63f3986325ba7869e4c2d84e7cbb613029ed0d178,5,2,False,,0,3,1,1,1,1,1,1,,,,False,False,False,False,False
train,tabular-playground-series-may-2022,fac5099fdfe26ebdce05ec3c2b4a79026d66dd937cbba5937f9c7ff4e38777f8,265a594ff4b037c81880598f9d7f5dbdabb87201369931fb8da3bcab87edfd72,5,2,False,,0,3,1,1,1,1,1,1,,,,False,False,False,False,False
train,tabular-playground-series-may-2022,0b53c74e8a640adfd77cc416f55273ea26b7bc8e63bf7203a5774310def7ac91,fe98198feb7d12ee8972d3ec6af18b5c16fa4c47ab1dc56d9d331b12166f9a34,5,2,True,3,3,0,1,7,7,1,7,7,4,1,1,False,True,True,True,True
train,tabular-playground-series-may-2022,9591c1ff1e01990fd9b806a8b891d23aaeef231036dc876e477a14ad12b9fc1e,a184011f4f5eab78034012f4155a4a4ea6fe5c852e21b571bd02c4669176972e,5,3,True,2,2,0,3,9,9,3,9,9,3,1,1,False,True,True,True,True
train,tabular-playground-series-may-2022,bee5ae17e8db567fea479184141d4c88309b2c53d41fdf5e9d568b23a64f1ebc,a038f3013d0616288149ed8d6a8ee7aa78e57c16137ff4f42a0d8db1cbdc0f2d,5,3,True,2,2,0,3,9,9,3,9,9,3,1,1,False,True,True,True,True
train,tabular-playground-series-may-2022,bee5ae17e8db567fea479184141d4c88309b2c53d41fdf5e9d568b23a64f1ebc,01c7192952cb94abfbf5f605ff12add19cee4a96c50abe7c465ba84b3a456e5f,5,2,False,,0,3,1,1,1,1,1,1,,,,False,False,False,False,False
train,tabular-playground-series-may-2022,873bcd8e2b729219776c1e6072a1687cdc2317f40206ad12a8412f937839cadd,96a851bd020a8a12012bb2ba6e075ceb76b2cdccabbab15cd8812be95b1b9bff,5,2,False,,0,3,1,1,1,1,1,1,,,,False,False,False,False,False
train,tabular-playground-series-may-2022,ead77db72372277e7eb95b6ff4893c8b06fd3f4cf2a89d661476f6ba91833dbd,7c0146870c38c50aa3c00c5832a8c5f0f0c488ae05f1baf690c747022046e027,5,2,False,,0,3,1,1,1,1,1,1,,,,False,False,False,False,False
train,tabular-playground-series-may-2022,a4972fee564775b89d37be4c349cde189f6a8257f8624a8888c0910630542410,eb95a58dba070a51f1a89f3333f15d83cb2f12f9da9ba345a800591ecfe1b485,5,2,False,,0,3,1,1,1,1,1,1,,,,False,False,False,False,False
train,tabular-playground-series-may-2022,2c8d44737996b77a9d0dbc425c936cdf6c32bcc75ab143a28cd1fc35d51914b4,f1458402abbda26c402a2aded788078e24a91b898d00bf1e1bf0a08bee0692fa,5,2,False,,0,3,1,1,1,1,1,1,,,,False,False,False,False,False
train,tabular-playground-series-may-2022,9591c1ff1e01990fd9b806a8b891d23aaeef231036dc876e477a14ad12b9fc1e,5a1a43cd6447fc7fcf1f2c5720725fbe31e358c495354fcf3d82c5347535a06e,5,3,False,,0,2,3,3,3,3,3,3,,,,False,False,False,False,False
train,tabular-playground-series-may-2022,4fb7e4e2b57372fe34323e139e3393e34a529c1ccda2d47790b467ad1a0791d0,51ede04789816aec1f9a31abfc878bcd6997d520c27d86571e4e40f12ba83bfd,4,2,True,2,2,0,1,5,5,1,5,5,3,1,1,False,True,True,True,True
train,tabular-playground-series-may-2022,be9b13ba981f36e535902df1089387d18b75101be5e2095de4917934f0d5c5de,6670d14d535b05c54f5f9f115e97f280e1430c6cac652e6204c74cefd3821503,5,3,True,2,2,0,3,9,9,3,9,9,3,1,1,False,True,True,True,True
train,tabular-playground-series-may-2022,a3120576d20a015c2be898d1f852b54b7236f9e7dfd0420c97eec1ac591599a2,08fbe0c08bf964c62255522fec4d557c0e799b1fc07b36621f00f05166566f80,5,5,True,0,0,0,10,10,10,10,10,10,1,1,1,True,True,True,False,False
train,tabular-playground-series-may-2022,bee5ae17e8db567fea479184141d4c88309b2c53d41fdf5e9d568b23a64f1ebc,9d64cf79a9effaa3424939a87b6d56a5e6d9d4e6210b26298769c48d0e563e85,5,4,True,1,1,0,6,10,10,6,10,10,2,1,1,False,True,True,True,True
train,tabular-playground-series-may-2022,79b8c579bd5f08e1a46f6462db3d2dd969527fce1ce47802d7fc6cedfd4b8100,5d349b1771925e82b8767482f3fefabbf41f30d76fd4e13dd9bc8d88c0391c86,5,2,False,,0,3,1,1,1,1,1,1,,,,False,False,False,False,False
train,tabular-playground-series-may-2022,ac3152889c787f3e42dda309315f934daa0c237aaff10736db587070a3f95942,00d1f9620e02f2431f6a3c5af53ccd38b57f4c71f0780b34f75cbec054ad16ac,2,2,True,0,0,0,1,1,1,1,1,1,1,1,1,True,True,True,False,False
train,tabular-playground-series-may-2022,dfe0fbf402733933163ee7fb2e81e77b386f97afd777b483dc3132158d4e19f8,c7b864ad296738455ad305af3078675124bf2a45ba541370910266bdbf7c780e,5,2,False,,0,3,1,1,1,1,1,1,,,,False,False,False,False,False
train,tabular-playground-series-may-2022,93d98cb4300b302efda9aa3d56e352c2db8ab56157ef49d3c86d97051479f90e,87bd26376dc614886f3707aaa5252de38025f1dc40dc932e5a2eab07b38026ff,2,2,True,0,0,0,1,1,1,1,1,1,1,1,1,True,True,True,False,False
train,tabular-playground-series-may-2022,be9b13ba981f36e535902df1089387d18b75101be5e2095de4917934f0d5c5de,bd1223174f22c7c6cd78952d34f88e7b1cfe503e56dedb0e1bc5e886762afa03,5,2,True,3,3,0,1,7,7,1,7,7,4,1,1,False,True,True,True,True
train,tabular-playground-series-may-2022,ac3152889c787f3e42dda309315f934daa0c237aaff10736db587070a3f95942,b83d4f9005b40b16c8c4736479df5eff3d329906f74a5038158bf27bb0fdc791,2,2,True,0,0,0,1,1,1,1,1,1,1,1,1,True,True,True,False,False
train,tabular-playground-series-may-2022,be9b13ba981f36e535902df1089387d18b75101be5e2095de4917934f0d5c5de,fff6008ba5fe0da869e2e64c3f165940c29d9f336c03a3e65c385005fa7a1c08,5,3,True,2,2,0,3,9,9,3,9,9,3,1,1,False,True,True,True,True
train,tabular-playground-series-may-2022,0af70c10aa2f28ac32b516ff9366451a20026ac77bf90292418165074a2d1315,773ee95142ef63739d2238d7907784ed9baa414e4e04d31b84a0afa5830f00d9,5,3,True,2,2,0,3,9,9,3,9,9,3,1,1,False,True,True,True,True
train,tabular-playground-series-may-2022,0a22c3ff507f14cd4a9668544740bc7ff534d2a6d941fbd179501f01b12450c8,1dbedf7371ef7abed5bedcf4bc598251e13ddae172567311342cb44084872f8c,2,2,True,0,0,0,1,1,1,1,1,1,1,1,1,True,True,True,False,False
train,tabular-playground-series-may-2022,6fd21a2f85f50291ae4f63e6b6459b5e545e7e6ccc74d1b292e6bebd05b6165a,73473844a72a0065e806f67d8b8d9e7c807ff99e69851c003ac06dfcdb9c5678,5,2,False,,0,3,1,1,1,1,1,1,,,,False,False,False,False,False
train,tabular-playground-series-may-2022,7943864b6277b4abc9a4f3238b16025bc023a57faa0c1424faff98a083a5d52c,6c7540261437645df8c85ff2c11983cc486ae8d7c364612479229148003720c0,2,2,True,0,0,0,1,1,1,1,1,1,1,1,1,True,True,True,False,False
train,tabular-playground-series-may-2022,0a22c3ff507f14cd4a9668544740bc7ff534d2a6d941fbd179501f01b12450c8,402dbf9ed6f4c3b4f4e1fc96055aae88a486058eff85c6dc6aa928ce0bf9689e,2,2,True,0,0,0,1,1,1,1,1,1,1,1,1,True,True,True,False,False
train,tabular-playground-series-may-2022,93d98cb4300b302efda9aa3d56e352c2db8ab56157ef49d3c86d97051479f90e,cc19b214e57fdbdf18e3dceaf36059bb8521b74b90df7e019d64385d6e08c9ba,2,2,True,0,0,0,1,1,1,1,1,1,1,1,1,True,True,True,False,False
train,tabular-playground-series-may-2022,6d8ce08a2efe427fe09071fec4f19ef3ea8fbdea4c56dc52bb34a45a3de3922f,a510b6ae394625d3536f1b889015b59c3fc7c4258eca7ec2c20231f74fad30c9,5,2,False,,0,3,1,1,1,1,1,1,,,,False,False,False,False,False
train,tabular-playground-series-may-2022,f945978a1b7d00f65659ba48efa0112bbc078c8f9b416da64d74ed7662527bbc,244644bc254c1e4d37d1e7e011983cb51ee392a2e9df731ed303a7396961a08f,5,2,True,3,3,0,1,7,7,1,7,7,4,1,1,False,True,True,True,True
train,tabular-playground-series-may-2022,5d93e2b56a0459667d9229e6d8ea24d38d16fd6b32024fa817563d7b6f6d1411,9287d02461eac79c7a8d7f885d81823aea5e349c5b30b65428d542a7a1338f32,5,5,True,0,0,0,10,10,10,10,10,10,1,1,1,True,True,True,False,False
train,tabular-playground-series-may-2022,b0631cdc9cb572a4fc43dbed8f942dc061f64dd7e7be3908b0510916e0e0a63a,32f248d8a7b3517586e846f5c98c53b637d5d209df8853121aeb0f2ea17a6f96,5,3,False,,0,2,3,3,3,3,3,3,,,,False,False,False,False,False
train,tabular-playground-series-may-2022,c1921b5616180d4f9f3696e9c0bca49772f0cff8829d14d9302b5c258c229d52,885cfe13be218e5d1411fb6e96c0898b7ad5c1cd8386bd212a1522ead92d4ddb,5,2,False,,0,3,1,1,1,1,1,1,,,,False,False,False,False,False
train,tabular-playground-series-may-2022,bee5ae17e8db567fea479184141d4c88309b2c53d41fdf5e9d568b23a64f1ebc,9f5f7a8d232243251a60fca7085eca36c58d32b3440ddaca622cac1b0ad6d3b4,5,3,True,2,2,0,3,9,6,3,9,6,3,1,2,False,True,False,True,False
train,tabular-playground-series-may-2022,a3120576d20a015c2be898d1f852b54b7236f9e7dfd0420c97eec1ac591599a2,a122c42dc934dbc9175400d70130e8ec41e32b2972d39266ee64323a8410d096,5,4,True,1,1,0,6,10,10,6,10,10,2,1,1,False,True,True,True,True
train,tabular-playground-series-may-2022,7943864b6277b4abc9a4f3238b16025bc023a57faa0c1424faff98a083a5d52c,ff6e1bdb6d7df0b75f100ae39006782bd4302fe367ca3d642de5bfd83a445f3b,2,2,True,0,0,0,1,1,1,1,1,1,1,1,1,True,True,True,False,False
train,tabular-playground-series-may-2022,0a22c3ff507f14cd4a9668544740bc7ff534d2a6d941fbd179501f01b12450c8,8f4e7ed2d58ba9b6766da2f9fc7eb711b7a67e2f02790a064800e324e8755fdd,2,2,True,0,0,0,1,1,1,1,1,1,1,1,1,True,True,True,False,False
train,tabular-playground-series-may-2022,bee5ae17e8db567fea479184141d4c88309b2c53d41fdf5e9d568b23a64f1ebc,3e910992f05bafa9dec23ce6d2a78cb009d3085c88c990e4ac935304fa5ffa49,5,2,True,3,3,0,1,7,7,1,7,7,4,1,1,False,True,True,True,True
train,tabular-playground-series-may-2022,bee5ae17e8db567fea479184141d4c88309b2c53d41fdf5e9d568b23a64f1ebc,a2070c4e00d7c4e649ff2a60d83c8acd96b3483d9967d93e2a8d04344aca44b4,5,3,True,2,2,0,3,9,9,3,9,9,3,1,1,False,True,True,True,True
train,tabular-playground-series-may-2022,0a22c3ff507f14cd4a9668544740bc7ff534d2a6d941fbd179501f01b12450c8,f0768b6caa09c031782ce85092fc24e96425de2c2661f11d899cf976342a9baa,2,2,True,0,0,0,1,1,1,1,1,1,1,1,1,True,True,True,False,False
train,text-normalization-challenge-english-language,666cc26300f90e9486259d921f69e825444c97984e80ece241a5573f36700a6a,dd5f9bc86ebb4422d026bcb4146724840609c95a36b36bc32f4e68a98fae6464,2,2,True,0,0,0,1,1,1,1,1,1,1,1,1,True,True,True,False,False
train,text-normalization-challenge-english-language,536aa15a0270b1dfede5faa2867132f7ef8d73e380602f0859f0820d50e2421d,59010cefc41a602bdcf654cae7eafe3d588af283959b933918789d4be6052796,2,2,True,0,0,0,1,1,1,1,1,1,1,1,1,True,True,True,False,False
train,text-normalization-challenge-english-language,536aa15a0270b1dfede5faa2867132f7ef8d73e380602f0859f0820d50e2421d,27d79c82942354f0d902381e765daa49adf67fdc41980b058329f63df5189310,2,2,True,0,0,0,1,1,1,1,1,1,1,1,1,True,True,True,False,False
train,text-normalization-challenge-english-language,666cc26300f90e9486259d921f69e825444c97984e80ece241a5573f36700a6a,2d8442ce5546207af72ca5f143af8ca76ad34aa89ce8613a3e7566122137401e,2,2,True,0,0,0,1,1,1,1,1,1,1,1,1,True,True,True,False,False
train,text-normalization-challenge-english-language,536aa15a0270b1dfede5faa2867132f7ef8d73e380602f0859f0820d50e2421d,1b91c26935b1a3fcfb66c96709cace067cfbd2362aa2f1e6119061727cbf86d9,2,2,True,0,0,0,1,1,1,1,1,1,1,1,1,True,True,True,False,False
train,text-normalization-challenge-english-language,536aa15a0270b1dfede5faa2867132f7ef8d73e380602f0859f0820d50e2421d,7da07aa2fb572ddb2d4c268c80d0b9ba6f5488148647e838593db326a8ab9b1f,2,2,True,0,0,0,1,1,1,1,1,1,1,1,1,True,True,True,False,False
train,text-normalization-challenge-english-language,536aa15a0270b1dfede5faa2867132f7ef8d73e380602f0859f0820d50e2421d,d0dc2d7a960c8451b7a7277af576ec93fd4a5c4401b3209506eabebf0a822df2,2,2,True,0,0,0,1,1,1,1,1,1,1,1,1,True,True,True,False,False
train,text-normalization-challenge-english-language,666cc26300f90e9486259d921f69e825444c97984e80ece241a5573f36700a6a,b56c7fe0abaf0732d33304c9946a4e8a63305b2c343d3202da8b0339977f97e1,2,2,True,0,0,0,1,1,1,1,1,1,1,1,1,True,True,True,False,False
train,text-normalization-challenge-english-language,536aa15a0270b1dfede5faa2867132f7ef8d73e380602f0859f0820d50e2421d,5ac92eefd10db55dde655ec5b76b03773917b9bee26ea137ca36ca9cacbc27b9,2,2,True,0,0,0,1,1,1,1,1,1,1,1,1,True,True,True,False,False
train,text-normalization-challenge-english-language,666cc26300f90e9486259d921f69e825444c97984e80ece241a5573f36700a6a,99e03569ea1526680073edd48ee1c63579c089b0b08e3f40bb0379ae270881b3,2,2,True,0,0,0,1,1,1,1,1,1,1,1,1,True,True,True,False,False
train,text-normalization-challenge-english-language,536aa15a0270b1dfede5faa2867132f7ef8d73e380602f0859f0820d50e2421d,535000043b4fa86aed7d318b6c13a67f143bb42c7a6b164ae7e2cfed3d2818e6,2,2,True,0,0,0,1,1,1,1,1,1,1,1,1,True,True,True,False,False
train,text-normalization-challenge-english-language,536aa15a0270b1dfede5faa2867132f7ef8d73e380602f0859f0820d50e2421d,f1b331f5bf5d72f324b6e5611453ca4889482566d5842dca011e781a59a43789,2,2,True,0,0,0,1,1,1,1,1,1,1,1,1,True,True,True,False,False
train,text-normalization-challenge-english-language,666cc26300f90e9486259d921f69e825444c97984e80ece241a5573f36700a6a,a8746fbcbfa5ddeaa2f32eca0843b03d81af511ffafa50cd42ddb58b5f37a63b,2,2,True,0,0,0,1,1,1,1,1,1,1,1,1,True,True,True,False,False
train,text-normalization-challenge-english-language,536aa15a0270b1dfede5faa2867132f7ef8d73e380602f0859f0820d50e2421d,a3765c5efa176af9886f3ff6676b9980370849e3f0d5a9cbeca3f2208744f892,2,2,True,0,0,0,1,1,1,1,1,1,1,1,1,True,True,True,False,False
train,text-normalization-challenge-english-language,666cc26300f90e9486259d921f69e825444c97984e80ece241a5573f36700a6a,a4d4bf54905bb5770dcd17553c3a886a3f4625934ca693552154215bacde3ee5,2,2,True,0,0,0,1,1,1,1,1,1,1,1,1,True,True,True,False,False
train,text-normalization-challenge-english-language,666cc26300f90e9486259d921f69e825444c97984e80ece241a5573f36700a6a,cdd3ba045de8f39220c1ac3a9cb312b497af859afc8a3b3eadedbd21dfda8bc3,2,2,True,0,0,0,1,1,1,1,1,1,1,1,1,True,True,True,False,False
train,text-normalization-challenge-english-language,536aa15a0270b1dfede5faa2867132f7ef8d73e380602f0859f0820d50e2421d,f2b31a79b4716dc4adce522e80bb23460d8ca505a5cff59073ef097f359c851b,2,2,True,0,0,0,1,1,1,1,1,1,1,1,1,True,True,True,False,False
train,text-normalization-challenge-russian-language,7b1eea606b38309da2d31819ad71d29e96311fb613dee9cff9b4ea38f6cc6bf0,b977fb85f819bfc8c15555a5f461014a4245204cb5864691f530298476540fb3,2,2,True,0,0,0,1,1,1,1,1,1,1,1,1,True,True,True,False,False
train,text-normalization-challenge-russian-language,c044a2afdd32c678a28ca79ab9337c48597b476975bfd6b0012cd6a091fa2a02,79067f919da77aca5094c649efc99f6014dd6a724fa5a6094f49f233a075472c,2,2,True,0,0,0,1,1,1,1,1,1,1,1,1,True,True,True,False,False
train,text-normalization-challenge-russian-language,c044a2afdd32c678a28ca79ab9337c48597b476975bfd6b0012cd6a091fa2a02,2d8c942acd1f89e0e21a27057413ba9177c45c026dce0e96c99c9745427b1b55,2,2,True,0,0,0,1,1,1,1,1,1,1,1,1,True,True,True,False,False
train,text-normalization-challenge-russian-language,fded7e9dc1a527dc2c97d73a28477250423a1b13bfaa8cf6a6ed9c984be5c04b,8a2df9235f756c292f4c406fb15203b477cf99ea3dac26440cd0e24725d9c6f9,2,2,True,0,0,0,1,1,1,1,1,1,1,1,1,True,True,True,False,False
train,text-normalization-challenge-russian-language,fded7e9dc1a527dc2c97d73a28477250423a1b13bfaa8cf6a6ed9c984be5c04b,d2f3625252b8c33d052198745f468f8bc1b8f8bcf8f9f439075d504d08918c66,2,2,True,0,0,0,1,1,1,1,1,1,1,1,1,True,True,True,False,False
train,text-normalization-challenge-russian-language,3bef012acc135f75bced8b9ed9586015aac9b2811db20330e21980183627547c,b0592ac200e4d96141b935c7a2f5b763973e8ee7e57009223acaa95eed7470a0,2,2,True,0,0,0,1,1,1,1,1,1,1,1,1,True,True,True,False,False
train,text-normalization-challenge-russian-language,3bef012acc135f75bced8b9ed9586015aac9b2811db20330e21980183627547c,ceb81df77fb157e06b321f26c1e98f5a7695796b3942c2e2d5ae90feefdac4c6,2,2,True,0,0,0,1,1,1,1,1,1,1,1,1,True,True,True,False,False
train,text-normalization-challenge-russian-language,fded7e9dc1a527dc2c97d73a28477250423a1b13bfaa8cf6a6ed9c984be5c04b,da44678e8833e8cf2642f0e238e63ece9323d856cb882fd68f9288b6f7122578,2,2,True,0,0,0,1,1,1,1,1,1,1,1,1,True,True,True,False,False
train,text-normalization-challenge-russian-language,c044a2afdd32c678a28ca79ab9337c48597b476975bfd6b0012cd6a091fa2a02,ec4e433177d1e0148f4f8f026d0cc860a96c5b84dc1bd485633a0bee867804f3,2,2,True,0,0,0,1,1,1,1,1,1,1,1,1,True,True,True,False,False
train,text-normalization-challenge-russian-language,a8dcda4a4b818302f346a2988e0ca8ef468a305e52147f4f17d3724fe5235a67,a22c1445b46a56d6ede32d296eee31298ebbc7cc7f2516f0b2b0e1ef837d0931,2,2,True,0,0,0,1,1,1,1,1,1,1,1,1,True,True,True,False,False
train,text-normalization-challenge-russian-language,a8dcda4a4b818302f346a2988e0ca8ef468a305e52147f4f17d3724fe5235a67,4abd63a7516c88346c96e6e67f62c5039848fe4ffff9c908790dbd9fa51ce1c0,2,2,True,0,0,0,1,1,1,1,1,1,1,1,1,True,True,True,False,False
train,text-normalization-challenge-russian-language,fded7e9dc1a527dc2c97d73a28477250423a1b13bfaa8cf6a6ed9c984be5c04b,468830aa0616017f41efed7519b33f75e4eb99e878d06b5e43ec47616feac456,2,2,True,0,0,0,1,1,1,1,1,1,1,1,1,True,True,True,False,False
train,text-normalization-challenge-russian-language,c044a2afdd32c678a28ca79ab9337c48597b476975bfd6b0012cd6a091fa2a02,ef39633cf8aeddf569a99c042b17253416f3a437dff55b4ecc3229dba18f8cdc,2,2,True,0,0,0,1,1,1,1,1,1,1,1,1,True,True,True,False,False
train,text-normalization-challenge-russian-language,fded7e9dc1a527dc2c97d73a28477250423a1b13bfaa8cf6a6ed9c984be5c04b,2db8297fa75f6c306e1adeb419bc486cc611e8d84131f7f716bc4469ad92718d,2,2,True,0,0,0,1,1,1,1,1,1,1,1,1,True,True,True,False,False
train,text-normalization-challenge-russian-language,3bef012acc135f75bced8b9ed9586015aac9b2811db20330e21980183627547c,bae10d8be15e68438a9a21860daca8549b467363a9a5edd55c40e7edc6a5c9e9,2,2,True,0,0,0,1,1,1,1,1,1,1,1,1,True,True,True,False,False
train,text-normalization-challenge-russian-language,fded7e9dc1a527dc2c97d73a28477250423a1b13bfaa8cf6a6ed9c984be5c04b,23ad563934fc260ec44052a79b07bae52a0a433adf2151fcd7a00550a5583cbb,2,2,True,0,0,0,1,1,1,1,1,1,1,1,1,True,True,True,False,False
train,text-normalization-challenge-russian-language,7b1eea606b38309da2d31819ad71d29e96311fb613dee9cff9b4ea38f6cc6bf0,c97f99abaf2674ff38605cbc4b35c341671b011a91c80b7cd8b4f06dd8155bed,2,2,True,0,0,0,1,1,1,1,1,1,1,1,1,True,True,True,False,False
train,text-normalization-challenge-russian-language,c044a2afdd32c678a28ca79ab9337c48597b476975bfd6b0012cd6a091fa2a02,28437bd4de6eb29ed45c7626d5b9cf72fa332b7d28c6186a94de1a6c469f5a1f,2,2,True,0,0,0,1,1,1,1,1,1,1,1,1,True,True,True,False,False
train,text-normalization-challenge-russian-language,c044a2afdd32c678a28ca79ab9337c48597b476975bfd6b0012cd6a091fa2a02,0fb55019b174f1b7171e5495b3c2d7f6665ad3e18c7002bd911b3ebf2c46a09e,2,2,True,0,0,0,1,1,1,1,1,1,1,1,1,True,True,True,False,False
train,text-normalization-challenge-russian-language,a8dcda4a4b818302f346a2988e0ca8ef468a305e52147f4f17d3724fe5235a67,10c3078f555a10f46028bbcb7597866f160eaf1ee1476133b36d4571e496fa6b,2,2,True,0,0,0,1,1,1,1,1,1,1,1,1,True,True,True,False,False
train,text-normalization-challenge-russian-language,fded7e9dc1a527dc2c97d73a28477250423a1b13bfaa8cf6a6ed9c984be5c04b,04296be91a37ebf6000efd16d274a97ef5570076dfc955d2ebda7d58fa2914cb,2,2,True,0,0,0,1,1,1,1,1,1,1,1,1,True,True,True,False,False
train,text-normalization-challenge-russian-language,9e2b62b8f5e8e7381977ab9cdc53acaa30809475f65071b6f566d1a556a2b3b8,09d1aca93dc64f2c8bf5fb1fc90d31be1c119354d8e5be8d9aacd65953750d19,2,2,True,0,0,0,1,1,1,1,1,1,1,1,1,True,True,True,False,False
train,text-normalization-challenge-russian-language,c044a2afdd32c678a28ca79ab9337c48597b476975bfd6b0012cd6a091fa2a02,d2081266c5ecd7fcbef1c07ec0eb073afe94e5cbc01a1dbe6e72ab5fc9b04fa3,2,2,True,0,0,0,1,1,1,1,1,1,1,1,1,True,True,True,False,False
train,text-normalization-challenge-russian-language,a8dcda4a4b818302f346a2988e0ca8ef468a305e52147f4f17d3724fe5235a67,e6ebb6818518f0aebdec1de153a5f47db6712c7f14a4f65b48b3458719bf3ff3,2,2,True,0,0,0,1,1,1,1,1,1,1,1,1,True,True,True,False,False
train,text-normalization-challenge-russian-language,fded7e9dc1a527dc2c97d73a28477250423a1b13bfaa8cf6a6ed9c984be5c04b,32c62866b51986865136c5dfe690e776cb46fc047461b06f46e7118cdbbceb6a,2,2,True,0,0,0,1,1,1,1,1,1,1,1,1,True,True,True,False,False
train,text-normalization-challenge-russian-language,a8dcda4a4b818302f346a2988e0ca8ef468a305e52147f4f17d3724fe5235a67,eaf41126f58345665be3316fcf86d15d764e4d7369ae9ea7f880ddfe72a71d03,2,2,True,0,0,0,1,1,1,1,1,1,1,1,1,True,True,True,False,False
train,text-normalization-challenge-russian-language,fded7e9dc1a527dc2c97d73a28477250423a1b13bfaa8cf6a6ed9c984be5c04b,22b8cfc42757fe9ce1b460c930ffbe2fa6b3aef5de0669991a0f318f2f681004,2,2,True,0,0,0,1,1,1,1,1,1,1,1,1,True,True,True,False,False
train,text-normalization-challenge-russian-language,c044a2afdd32c678a28ca79ab9337c48597b476975bfd6b0012cd6a091fa2a02,8b8bc3f7a3b01ad7614c7cc9f14feba2b903e336df6e27de6baaa389612fb6d2,2,2,True,0,0,0,1,1,1,1,1,1,1,1,1,True,True,True,False,False
train,text-normalization-challenge-russian-language,9e2b62b8f5e8e7381977ab9cdc53acaa30809475f65071b6f566d1a556a2b3b8,96cf6cecbd841aaa242253e49cd881b8d6117c64337426944a16191d00047c6b,2,2,True,0,0,0,1,1,1,1,1,1,1,1,1,True,True,True,False,False
train,text-normalization-challenge-russian-language,3bef012acc135f75bced8b9ed9586015aac9b2811db20330e21980183627547c,d264faa8cc91fbb718ad632d7d88aaf8c8ccd2c7823ad57ee9a3cc02391282c2,2,2,True,0,0,0,1,1,1,1,1,1,1,1,1,True,True,True,False,False
train,text-normalization-challenge-russian-language,a8dcda4a4b818302f346a2988e0ca8ef468a305e52147f4f17d3724fe5235a67,5f9ad67e1b4be66a797038806acd7c23d2c3e40f06f14643d53f963706359308,2,2,True,0,0,0,1,1,1,1,1,1,1,1,1,True,True,True,False,False
train,text-normalization-challenge-russian-language,c044a2afdd32c678a28ca79ab9337c48597b476975bfd6b0012cd6a091fa2a02,db9ca95c3f255d0c2923b0aa1465f1bff98e111c00a182c510b66c8374c7a7db,2,2,True,0,0,0,1,1,1,1,1,1,1,1,1,True,True,True,False,False
train,text-normalization-challenge-russian-language,9e2b62b8f5e8e7381977ab9cdc53acaa30809475f65071b6f566d1a556a2b3b8,b321ac76c43daaf51e91efbe64ed36f19499030fd640588157481167db7782c0,2,2,True,0,0,0,1,1,1,1,1,1,1,1,1,True,True,True,False,False
train,text-normalization-challenge-russian-language,7bdaa095741e19d5cec1577a288765082ffd8e74320ff959206e627ad7e04a61,da334b8d050c9c2b30050f056c98a7050ed1a8e433272c5fab30094108fd6b13,2,2,True,0,0,0,1,1,1,1,1,1,1,1,1,True,True,True,False,False
train,text-normalization-challenge-russian-language,c044a2afdd32c678a28ca79ab9337c48597b476975bfd6b0012cd6a091fa2a02,b0071c72a61146fa6261b4b18a29b869efd99c44f59078498a17c3469c7301eb,2,2,True,0,0,0,1,1,1,1,1,1,1,1,1,True,True,True,False,False
train,text-normalization-challenge-russian-language,fded7e9dc1a527dc2c97d73a28477250423a1b13bfaa8cf6a6ed9c984be5c04b,894e801e74922afdea1e5cfb5afd9375425630a44dd3e7183769ca9730f9802d,2,2,True,0,0,0,1,1,1,1,1,1,1,1,1,True,True,True,False,False
train,text-normalization-challenge-russian-language,7bdaa095741e19d5cec1577a288765082ffd8e74320ff959206e627ad7e04a61,90e64509e4141817f4475968eae16dc9602f896eb52092a1be1e66177936250c,2,2,True,0,0,0,1,1,1,1,1,1,1,1,1,True,True,True,False,False
train,text-normalization-challenge-russian-language,fded7e9dc1a527dc2c97d73a28477250423a1b13bfaa8cf6a6ed9c984be5c04b,dac3896e39ada6e1bb1a05fe17d0564f3c455e7440ad7deccd465d9ff09ed899,2,2,True,0,0,0,1,1,1,1,1,1,1,1,1,True,True,True,False,False
train,text-normalization-challenge-russian-language,fded7e9dc1a527dc2c97d73a28477250423a1b13bfaa8cf6a6ed9c984be5c04b,23ef4a3dfc31b5568e003584f00984dd8481c7d52ad8c8e344ba8a4a8ef68507,2,2,True,0,0,0,1,1,1,1,1,1,1,1,1,True,True,True,False,False
train,text-normalization-challenge-russian-language,c044a2afdd32c678a28ca79ab9337c48597b476975bfd6b0012cd6a091fa2a02,22607b37c163121d8ebbbac80b939a7117e4365a56aba831c84a36c59d2d6d06,2,2,True,0,0,0,1,1,1,1,1,1,1,1,1,True,True,True,False,False
train,text-normalization-challenge-russian-language,3bef012acc135f75bced8b9ed9586015aac9b2811db20330e21980183627547c,ee3505ff77b66753f113ff94c06198919bfeb20c7fc705b0c07d424ee02e8662,2,2,True,0,0,0,1,1,1,1,1,1,1,1,1,True,True,True,False,False
train,text-normalization-challenge-russian-language,c044a2afdd32c678a28ca79ab9337c48597b476975bfd6b0012cd6a091fa2a02,fc4644fade61859abbac79bce64458d89aec306f3fa8f65830c7d7dfe7de562f,2,2,True,0,0,0,1,1,1,1,1,1,1,1,1,True,True,True,False,False
train,text-normalization-challenge-russian-language,3bef012acc135f75bced8b9ed9586015aac9b2811db20330e21980183627547c,2926f31096992ba7a2f640bb0bb6d5c2abafd2bacf3ca8831a0eebebfeb77dfc,2,2,True,0,0,0,1,1,1,1,1,1,1,1,1,True,True,True,False,False
train,text-normalization-challenge-russian-language,9e2b62b8f5e8e7381977ab9cdc53acaa30809475f65071b6f566d1a556a2b3b8,73549968538237a2275fdb1b0fbcaa6a5ce9f2d891cafff675257bcd6cc86984,2,2,True,0,0,0,1,1,1,1,1,1,1,1,1,True,True,True,False,False
train,text-normalization-challenge-russian-language,fded7e9dc1a527dc2c97d73a28477250423a1b13bfaa8cf6a6ed9c984be5c04b,891a1094d59a16a3ebeb0c506d92b0880080c155ba9baf6cf041ce89285904f9,2,2,True,0,0,0,1,1,1,1,1,1,1,1,1,True,True,True,False,False
train,text-normalization-challenge-russian-language,c044a2afdd32c678a28ca79ab9337c48597b476975bfd6b0012cd6a091fa2a02,6336f1a7c471ccde4403dc34394196e10cdbdd083ed7994024ed20212f78fc29,2,2,True,0,0,0,1,1,1,1,1,1,1,1,1,True,True,True,False,False
train,text-normalization-challenge-russian-language,a8dcda4a4b818302f346a2988e0ca8ef468a305e52147f4f17d3724fe5235a67,98df1d3a496cf749eabf895ca68f49083ac8ad44c9877a480959b99967beb337,2,2,True,0,0,0,1,1,1,1,1,1,1,1,1,True,True,True,False,False
train,text-normalization-challenge-russian-language,fded7e9dc1a527dc2c97d73a28477250423a1b13bfaa8cf6a6ed9c984be5c04b,0805f048882f396543d1eed539194634f524c4823eb4f03e8b0b78a2383b0b67,2,2,True,0,0,0,1,1,1,1,1,1,1,1,1,True,True,True,False,False
train,text-normalization-challenge-russian-language,9e2b62b8f5e8e7381977ab9cdc53acaa30809475f65071b6f566d1a556a2b3b8,395d440cb95c447684a25838da622399d05d908ad864b2611ff7e91188fe4f35,2,2,True,0,0,0,1,1,1,1,1,1,1,1,1,True,True,True,False,False
train,text-normalization-challenge-russian-language,fded7e9dc1a527dc2c97d73a28477250423a1b13bfaa8cf6a6ed9c984be5c04b,57648fc0025e8d21e2e9c6ab474ef6d71941bd8b08247761fa7cb72b11071ede,2,2,True,0,0,0,1,1,1,1,1,1,1,1,1,True,True,True,False,False
train,text-normalization-challenge-russian-language,9e2b62b8f5e8e7381977ab9cdc53acaa30809475f65071b6f566d1a556a2b3b8,eb23e74de2acc60f345ac69e86c4d6becae87f3b3feb8b0a95bf498978ee216f,2,2,True,0,0,0,1,1,1,1,1,1,1,1,1,True,True,True,False,False
train,text-normalization-challenge-russian-language,fded7e9dc1a527dc2c97d73a28477250423a1b13bfaa8cf6a6ed9c984be5c04b,71adc1075e0fa7786b28a5c0b985354537197cb3f26d3032018d7b5aad96da69,2,2,True,0,0,0,1,1,1,1,1,1,1,1,1,True,True,True,False,False
train,text-normalization-challenge-russian-language,c044a2afdd32c678a28ca79ab9337c48597b476975bfd6b0012cd6a091fa2a02,81fe4d5eeb29ce7a95fb9a2fe101f49bfe6f2750dd414e75d8bdf64dc80078d6,2,2,True,0,0,0,1,1,1,1,1,1,1,1,1,True,True,True,False,False
train,text-normalization-challenge-russian-language,a8dcda4a4b818302f346a2988e0ca8ef468a305e52147f4f17d3724fe5235a67,fa6bd4ee3445d8f61297d9944e72f21ddec52e41e83327b66527d048a758c67e,2,2,True,0,0,0,1,1,1,1,1,1,1,1,1,True,True,True,False,False
train,text-normalization-challenge-russian-language,7b1eea606b38309da2d31819ad71d29e96311fb613dee9cff9b4ea38f6cc6bf0,faa8ced2c91943faa00d1247a655ed506f2553b6f883fd3885be8a46f83b07a4,2,2,True,0,0,0,1,1,1,1,1,1,1,1,1,True,True,True,False,False
train,text-normalization-challenge-russian-language,7b1eea606b38309da2d31819ad71d29e96311fb613dee9cff9b4ea38f6cc6bf0,069c651b8ce498d47ede3965cbe1566b24f0fdb4206faf2087c6bebf138025f9,2,2,True,0,0,0,1,1,1,1,1,1,1,1,1,True,True,True,False,False
train,text-normalization-challenge-russian-language,c044a2afdd32c678a28ca79ab9337c48597b476975bfd6b0012cd6a091fa2a02,3f4b60b7e51aa160bdc1fd68c24bda4c6fef48e6b9ce80a687c65a7d2c126be7,2,2,True,0,0,0,1,1,1,1,1,1,1,1,1,True,True,True,False,False
train,text-normalization-challenge-russian-language,c044a2afdd32c678a28ca79ab9337c48597b476975bfd6b0012cd6a091fa2a02,cb800eafceddc2c49cc12a28c5454d6236f36c81bdef9efbe2753d08167a70e4,2,2,True,0,0,0,1,1,1,1,1,1,1,1,1,True,True,True,False,False
train,text-normalization-challenge-russian-language,c044a2afdd32c678a28ca79ab9337c48597b476975bfd6b0012cd6a091fa2a02,95f051febdbf60ff92959842858ab593f6e0b2a32a021accb8a5b29b75d5debd,2,2,True,0,0,0,1,1,1,1,1,1,1,1,1,True,True,True,False,False
train,text-normalization-challenge-russian-language,7b1eea606b38309da2d31819ad71d29e96311fb613dee9cff9b4ea38f6cc6bf0,df857658024dcf855ea94de7bd38b841565403292cb7acb1ce64fc181cb447cd,2,2,True,0,0,0,1,1,1,1,1,1,1,1,1,True,True,True,False,False
train,text-normalization-challenge-russian-language,3bef012acc135f75bced8b9ed9586015aac9b2811db20330e21980183627547c,d2d161b3c417000926374b70372b3b5b8ce9e7e8df3e9e54446ce01aedd27e36,2,2,True,0,0,0,1,1,1,1,1,1,1,1,1,True,True,True,False,False
train,text-normalization-challenge-russian-language,c044a2afdd32c678a28ca79ab9337c48597b476975bfd6b0012cd6a091fa2a02,e8f42e5abde7df7a137c5ed1ec419515107f76a4c87df1526c7281de654f7a31,2,2,True,0,0,0,1,1,1,1,1,1,1,1,1,True,True,True,False,False
train,text-normalization-challenge-russian-language,3bef012acc135f75bced8b9ed9586015aac9b2811db20330e21980183627547c,d69048acebfa7cfaca85bae9a6d9b14708b64f8a4cf4dcab734c8539015baf0d,2,2,True,0,0,0,1,1,1,1,1,1,1,1,1,True,True,True,False,False
train,text-normalization-challenge-russian-language,a8dcda4a4b818302f346a2988e0ca8ef468a305e52147f4f17d3724fe5235a67,256bcf04a360662e0463835f545877d88b287a20bc1129646d11917c67c0e2f1,2,2,True,0,0,0,1,1,1,1,1,1,1,1,1,True,True,True,False,False
train,text-normalization-challenge-russian-language,3bef012acc135f75bced8b9ed9586015aac9b2811db20330e21980183627547c,04aa3b330ed69d55c6773c56c82e1859816372f14b44617a87314b9070d1f07a,2,2,True,0,0,0,1,1,1,1,1,1,1,1,1,True,True,True,False,False
train,text-normalization-challenge-russian-language,3bef012acc135f75bced8b9ed9586015aac9b2811db20330e21980183627547c,380fe2bb7186803ca0da605528d4389fcf4336321664d4a1d86d05f48f8b1176,2,2,True,0,0,0,1,1,1,1,1,1,1,1,1,True,True,True,False,False
train,text-normalization-challenge-russian-language,fded7e9dc1a527dc2c97d73a28477250423a1b13bfaa8cf6a6ed9c984be5c04b,1b4690cfa654f5bb8883d79b0eac3f32268cf09a2a7eda1994df0cb0290dd146,2,2,True,0,0,0,1,1,1,1,1,1,1,1,1,True,True,True,False,False
train,text-normalization-challenge-russian-language,3476a3771d57da9ed03e1232f6a69b9724f37ff475e1b2e362d471cbcb4b1812,261bf4e4c002e2c927bb93f3ee23c0971792cfb2c6bfb160f3f659f7d4de5a5b,2,2,True,0,0,0,1,1,1,1,1,1,1,1,1,True,True,True,False,False
train,text-normalization-challenge-russian-language,fded7e9dc1a527dc2c97d73a28477250423a1b13bfaa8cf6a6ed9c984be5c04b,66d530a770895a4f47ea6e4c1d993352143b21b1bcb99b467ac1ff7bd06a90c5,2,2,True,0,0,0,1,1,1,1,1,1,1,1,1,True,True,True,False,False
train,text-normalization-challenge-russian-language,c044a2afdd32c678a28ca79ab9337c48597b476975bfd6b0012cd6a091fa2a02,0e800fdaa6cbbd18062aa905f4e7b0af63e20c496a6ddb51f0746c432bc52448,2,2,True,0,0,0,1,1,1,1,1,1,1,1,1,True,True,True,False,False
train,text-normalization-challenge-russian-language,c044a2afdd32c678a28ca79ab9337c48597b476975bfd6b0012cd6a091fa2a02,a1490314caddc12b2e9c7cf073bbadc8c0df9be6621e8382ee62e8dc3d9b22a8,2,2,True,0,0,0,1,1,1,1,1,1,1,1,1,True,True,True,False,False
train,text-normalization-challenge-russian-language,c044a2afdd32c678a28ca79ab9337c48597b476975bfd6b0012cd6a091fa2a02,8e78652133056fcef5d8c1310d9324cb2418a180f8c62286a4dabbdae1b7e6a0,2,2,True,0,0,0,1,1,1,1,1,1,1,1,1,True,True,True,False,False
train,text-normalization-challenge-russian-language,a8dcda4a4b818302f346a2988e0ca8ef468a305e52147f4f17d3724fe5235a67,6589a03d3080d94684f1c6df13ceb8475906c555e5fae26cafb91077e6d1926d,2,2,True,0,0,0,1,1,1,1,1,1,1,1,1,True,True,True,False,False
train,text-normalization-challenge-russian-language,fded7e9dc1a527dc2c97d73a28477250423a1b13bfaa8cf6a6ed9c984be5c04b,2c7327ccce791f006fa18615bd8bedd6508111d01d833147c5fee678fa3fb3e7,2,2,True,0,0,0,1,1,1,1,1,1,1,1,1,True,True,True,False,False
train,text-normalization-challenge-russian-language,9e2b62b8f5e8e7381977ab9cdc53acaa30809475f65071b6f566d1a556a2b3b8,d950a9988abe5ca1b3e9b3f383d7ad6988d347643d8d91d18b37ab61aec72352,2,2,True,0,0,0,1,1,1,1,1,1,1,1,1,True,True,True,False,False
train,text-normalization-challenge-russian-language,3bef012acc135f75bced8b9ed9586015aac9b2811db20330e21980183627547c,dd31225126cd4d68ff4892dbe97b251b3177b446223c49b585cc4957ac00f80c,2,2,True,0,0,0,1,1,1,1,1,1,1,1,1,True,True,True,False,False
train,text-normalization-challenge-russian-language,c044a2afdd32c678a28ca79ab9337c48597b476975bfd6b0012cd6a091fa2a02,4efaa7cebac9f2077d0dc2a5cca94c9e47c1ca624f5183b1649af407b5d242a2,2,2,True,0,0,0,1,1,1,1,1,1,1,1,1,True,True,True,False,False
train,text-normalization-challenge-russian-language,9e2b62b8f5e8e7381977ab9cdc53acaa30809475f65071b6f566d1a556a2b3b8,35244709bb7714d9657ae713a89b5d87ae03e8e9260e877c4531e290c1ca2384,2,2,True,0,0,0,1,1,1,1,1,1,1,1,1,True,True,True,False,False
train,text-normalization-challenge-russian-language,c044a2afdd32c678a28ca79ab9337c48597b476975bfd6b0012cd6a091fa2a02,09c6f6b5cdc54a0c391e7ef2964e7d8546770f4fada1ea6ce75faae553cd7d35,2,2,True,0,0,0,1,1,1,1,1,1,1,1,1,True,True,True,False,False
train,text-normalization-challenge-russian-language,7bdaa095741e19d5cec1577a288765082ffd8e74320ff959206e627ad7e04a61,20b69790b80dd71937982f5e59e6143fb4b2032fadb28c581faca91060061693,2,2,True,0,0,0,1,1,1,1,1,1,1,1,1,True,True,True,False,False
train,text-normalization-challenge-russian-language,c044a2afdd32c678a28ca79ab9337c48597b476975bfd6b0012cd6a091fa2a02,e42015b73d844b1331a58097773af88ef08e95b09b3e28d24c5e5074c6285a0f,2,2,True,0,0,0,1,1,1,1,1,1,1,1,1,True,True,True,False,False
train,text-normalization-challenge-russian-language,fded7e9dc1a527dc2c97d73a28477250423a1b13bfaa8cf6a6ed9c984be5c04b,313636a241a05f67acdcaaa1004e2b512710606a46187d4cb05e60ef4fe9f164,2,2,True,0,0,0,1,1,1,1,1,1,1,1,1,True,True,True,False,False
train,text-normalization-challenge-russian-language,c044a2afdd32c678a28ca79ab9337c48597b476975bfd6b0012cd6a091fa2a02,8f5633f526cc1b19ba6e850ae3e3a3de07f50795f786b3cd86fe35307c699462,2,2,True,0,0,0,1,1,1,1,1,1,1,1,1,True,True,True,False,False
train,text-normalization-challenge-russian-language,fded7e9dc1a527dc2c97d73a28477250423a1b13bfaa8cf6a6ed9c984be5c04b,400fb24d2d2f0d9ba251dcb411d0b0926710385b57051bccd0e357fe3b64c142,2,2,True,0,0,0,1,1,1,1,1,1,1,1,1,True,True,True,False,False
train,text-normalization-challenge-russian-language,9e2b62b8f5e8e7381977ab9cdc53acaa30809475f65071b6f566d1a556a2b3b8,1ac505b83b1f261988cd1006c7e3b5e985684eac72f32f76a66cd530422b5a95,2,2,True,0,0,0,1,1,1,1,1,1,1,1,1,True,True,True,False,False
train,text-normalization-challenge-russian-language,c044a2afdd32c678a28ca79ab9337c48597b476975bfd6b0012cd6a091fa2a02,87d60f6dd5098aea3586600189b0f10db86ee8df8d2db2007362247fb25c742c,2,2,True,0,0,0,1,1,1,1,1,1,1,1,1,True,True,True,False,False
train,text-normalization-challenge-russian-language,a8dcda4a4b818302f346a2988e0ca8ef468a305e52147f4f17d3724fe5235a67,4b282768748c70d5817098a0d321d850a4f58b3041aa9f767da5a2a53d11f5e6,2,2,True,0,0,0,1,1,1,1,1,1,1,1,1,True,True,True,False,False
train,text-normalization-challenge-russian-language,c044a2afdd32c678a28ca79ab9337c48597b476975bfd6b0012cd6a091fa2a02,0eef869250ffb25e9a8712a2237aed098c893234ee633042d459e6b9a6fc9c37,2,2,True,0,0,0,1,1,1,1,1,1,1,1,1,True,True,True,False,False
train,text-normalization-challenge-russian-language,a8dcda4a4b818302f346a2988e0ca8ef468a305e52147f4f17d3724fe5235a67,54dbf1845ca55e4267d8474c57f103b10198c90f5c130de68a998abe16262da5,2,2,True,0,0,0,1,1,1,1,1,1,1,1,1,True,True,True,False,False
train,text-normalization-challenge-russian-language,c044a2afdd32c678a28ca79ab9337c48597b476975bfd6b0012cd6a091fa2a02,649813f07cc80a04258cd6e8b1a9f2356959359b0c95381c4421a686ee5e4c1a,2,2,True,0,0,0,1,1,1,1,1,1,1,1,1,True,True,True,False,False
train,text-normalization-challenge-russian-language,fded7e9dc1a527dc2c97d73a28477250423a1b13bfaa8cf6a6ed9c984be5c04b,f6c3dab341d3f954a62bf3193795ab5bcd6491097c12a26db570faa7465489df,2,2,True,0,0,0,1,1,1,1,1,1,1,1,1,True,True,True,False,False
train,text-normalization-challenge-russian-language,c044a2afdd32c678a28ca79ab9337c48597b476975bfd6b0012cd6a091fa2a02,0c075166ea7222549eae31375b3d36173cd56ba2f479186f7a74de5162b329a3,2,2,True,0,0,0,1,1,1,1,1,1,1,1,1,True,True,True,False,False
train,text-normalization-challenge-russian-language,fded7e9dc1a527dc2c97d73a28477250423a1b13bfaa8cf6a6ed9c984be5c04b,386c49f6dd1c51dfa0b9c2944b6076480edc32db0f3aaa4c330a7674387645a8,2,2,True,0,0,0,1,1,1,1,1,1,1,1,1,True,True,True,False,False
train,text-normalization-challenge-russian-language,fded7e9dc1a527dc2c97d73a28477250423a1b13bfaa8cf6a6ed9c984be5c04b,af89f3f457e0423600415cfd4036460f4ede3640accfacf70da2cad6cda3086c,2,2,True,0,0,0,1,1,1,1,1,1,1,1,1,True,True,True,False,False
train,text-normalization-challenge-russian-language,c044a2afdd32c678a28ca79ab9337c48597b476975bfd6b0012cd6a091fa2a02,e21fc9c5c6080cdbd725f5e074925a02b51e5da6c12d3ef2d2efd5dc4b8ebfbd,2,2,True,0,0,0,1,1,1,1,1,1,1,1,1,True,True,True,False,False
train,text-normalization-challenge-russian-language,3bef012acc135f75bced8b9ed9586015aac9b2811db20330e21980183627547c,6ac1b21c0fb12bf80edffccd698ba53149c9cd6659598ed09d482bc0408f5631,2,2,True,0,0,0,1,1,1,1,1,1,1,1,1,True,True,True,False,False
train,tweet-sentiment-extraction,7a4a9aa40acb79c26346b26780e8f7a73918fa36d0f6046de04c80543b27dbf5,0b6dc6e97dbedcd0b59459df791f8fac1f48150efb6acb64ecab90df71b662d4,2,2,True,0,0,0,1,1,1,1,1,1,1,1,1,True,True,True,False,False
train,tweet-sentiment-extraction,32c88a95bb4731508a120e8bbf4333b5872aed078f93c6d5725863cb67b46508,47bdd7788fc68e2fe08ff3d667c7e9d74b5f424693750f93d8c549f3db1f79f6,2,2,True,0,0,0,1,1,1,1,1,1,1,1,1,True,True,True,False,False
train,tweet-sentiment-extraction,32c88a95bb4731508a120e8bbf4333b5872aed078f93c6d5725863cb67b46508,9733bbe06cc00cd739e16a8ab6a4353e4271a9518dbcf282f41090f863f72498,2,2,True,0,0,0,1,1,1,1,1,1,1,1,1,True,True,True,False,False
train,tweet-sentiment-extraction,7a4a9aa40acb79c26346b26780e8f7a73918fa36d0f6046de04c80543b27dbf5,0fdd4f142b63fa9e461fa58948ab9acf0dbe4d64d0f980f2567601f28f8e97f4,2,2,True,0,0,0,1,1,1,1,1,1,1,1,1,True,True,True,False,False
train,tweet-sentiment-extraction,7a4a9aa40acb79c26346b26780e8f7a73918fa36d0f6046de04c80543b27dbf5,efef8127f19c4b47174424d9ce7b0e46a5592b6c86be5c2f8a5dc96c230ae12a,2,2,True,0,0,0,1,1,1,1,1,1,1,1,1,True,True,True,False,False
train,tweet-sentiment-extraction,32c88a95bb4731508a120e8bbf4333b5872aed078f93c6d5725863cb67b46508,708181d14ab743fc9a4ae0e3f9ef2f5541f3e11a7947cac34bb6ea77bab0a5bd,2,2,True,0,0,0,1,1,1,1,1,1,1,1,1,True,True,True,False,False
train,tweet-sentiment-extraction,32c88a95bb4731508a120e8bbf4333b5872aed078f93c6d5725863cb67b46508,e1bdd3d502b14f01facc11f51a91e4367e3409918553d24fe8b4745e535bee4b,2,2,True,0,0,0,1,1,1,1,1,1,1,1,1,True,True,True,False,False
train,tweet-sentiment-extraction,32c88a95bb4731508a120e8bbf4333b5872aed078f93c6d5725863cb67b46508,093b719098873c73fa59e03c3df47ae85be469fed7ed62f3b66789a775bf5bd0,2,2,True,0,0,0,1,1,1,1,1,1,1,1,1,True,True,True,False,False
train,tweet-sentiment-extraction,7a4a9aa40acb79c26346b26780e8f7a73918fa36d0f6046de04c80543b27dbf5,6e6738ec3cabf6cba9db6fd2d5e993a6f4db5d614ab6d620f5851823a153d75f,2,2,True,0,0,0,1,1,1,1,1,1,1,1,1,True,True,True,False,False
train,tweet-sentiment-extraction,7a4a9aa40acb79c26346b26780e8f7a73918fa36d0f6046de04c80543b27dbf5,b9c4cbc1f674ee240711d4ed7ca1b046d8242cf92b165261ce2088b69f007938,2,2,True,0,0,0,1,1,1,1,1,1,1,1,1,True,True,True,False,False
train,tweet-sentiment-extraction,d93f14de70f815dd9774d2af1074dd75ab9c09c3212f1fa1e81cda9e3fe9c8d7,0a38e30dddeacc4ca565822a678375635f0044826e62ee435c0e9dbf748ce0af,2,2,True,0,0,0,1,1,1,1,1,1,1,1,1,True,True,True,False,False
train,tweet-sentiment-extraction,32c88a95bb4731508a120e8bbf4333b5872aed078f93c6d5725863cb67b46508,c5839335e8a6e14abdc2967cf85561b49c21a0ff94678be6317a822fd29c2226,2,2,True,0,0,0,1,1,1,1,1,1,1,1,1,True,True,True,False,False
train,tweet-sentiment-extraction,7a4a9aa40acb79c26346b26780e8f7a73918fa36d0f6046de04c80543b27dbf5,24592002ae5eb16cf6b163dec8157c8081314ecbe4163a84e81088c91221f679,2,2,True,0,0,0,1,1,1,1,1,1,1,1,1,True,True,True,False,False
train,tweet-sentiment-extraction,32c88a95bb4731508a120e8bbf4333b5872aed078f93c6d5725863cb67b46508,8c932997433cbff833b604d241927c005abf1c0262c22d5f1439725ab381a91a,2,2,True,0,0,0,1,1,1,1,1,1,1,1,1,True,True,True,False,False
train,tweet-sentiment-extraction,7a4a9aa40acb79c26346b26780e8f7a73918fa36d0f6046de04c80543b27dbf5,7e9a8d8961bd6f47b32be1a04a8d294331d862b7c4872b2a9216921741201d24,2,2,True,0,0,0,1,1,1,1,1,1,1,1,1,True,True,True,False,False
train,tweet-sentiment-extraction,7a4a9aa40acb79c26346b26780e8f7a73918fa36d0f6046de04c80543b27dbf5,2aace9f79f3d544611e7a92f1363190bcdb0298c238c1f78e3ddd20215dc2b59,2,2,True,0,0,0,1,1,1,1,1,1,1,1,1,True,True,True,False,False
train,tweet-sentiment-extraction,7a4a9aa40acb79c26346b26780e8f7a73918fa36d0f6046de04c80543b27dbf5,1a3fe37b3ee015a55936cc5d888631ba88bf625c0a59fa3f533b7c4171626deb,2,2,True,0,0,0,1,1,1,1,1,1,1,1,1,True,True,True,False,False
train,tweet-sentiment-extraction,32c88a95bb4731508a120e8bbf4333b5872aed078f93c6d5725863cb67b46508,f533170c6ef87bdbf2fbe278ba82cb39a72ccdac679a35c0a7229326449303bf,2,2,True,0,0,0,1,1,1,1,1,1,1,1,1,True,True,True,False,False
train,tweet-sentiment-extraction,32c88a95bb4731508a120e8bbf4333b5872aed078f93c6d5725863cb67b46508,8f37e766686da7ce8089bf8e98aa97691c3938ee6a4651b376a16e67dbdf29dd,2,2,True,0,0,0,1,1,1,1,1,1,1,1,1,True,True,True,False,False
train,tweet-sentiment-extraction,7a4a9aa40acb79c26346b26780e8f7a73918fa36d0f6046de04c80543b27dbf5,8fa56c02ee5ecdfe6cf1cab893d3057a43ba82a0bf88314f11204e9ae2ffbe45,2,2,True,0,0,0,1,1,1,1,1,1,1,1,1,True,True,True,False,False
train,tweet-sentiment-extraction,7a4a9aa40acb79c26346b26780e8f7a73918fa36d0f6046de04c80543b27dbf5,271b22712574af013a704277764bdf5df3f5ef64b568dc7fe42c403fd9f65685,2,2,True,0,0,0,1,1,1,1,1,1,1,1,1,True,True,True,False,False
train,tweet-sentiment-extraction,32c88a95bb4731508a120e8bbf4333b5872aed078f93c6d5725863cb67b46508,dc43dd831d6f827447e553f5078785fc428ac3befa5565862cca4e07dad12d54,2,2,True,0,0,0,1,1,1,1,1,1,1,1,1,True,True,True,False,False
train,tweet-sentiment-extraction,7a4a9aa40acb79c26346b26780e8f7a73918fa36d0f6046de04c80543b27dbf5,bf88276b5ad79be896062dd407ccbef59d7f00ecae71c20b8ebd1eee175672f6,2,2,True,0,0,0,1,1,1,1,1,1,1,1,1,True,True,True,False,False
train,tweet-sentiment-extraction,32c88a95bb4731508a120e8bbf4333b5872aed078f93c6d5725863cb67b46508,bf58981129d374b28a4f8d2bc5b02b6ef4fe99ca0ab875f6f0fafcea6f9f281e,2,2,True,0,0,0,1,1,1,1,1,1,1,1,1,True,True,True,False,False
train,tweet-sentiment-extraction,32c88a95bb4731508a120e8bbf4333b5872aed078f93c6d5725863cb67b46508,c73e67006a1a138364af1069a1a7356a05442ce9786573d288802cebddc76bc7,2,2,True,0,0,0,1,1,1,1,1,1,1,1,1,True,True,True,False,False
train,tweet-sentiment-extraction,32c88a95bb4731508a120e8bbf4333b5872aed078f93c6d5725863cb67b46508,59604977b0a4839ad6556f901c02dcd14d5b6983f71eda3cfab4b8ecab7c0aa0,2,2,True,0,0,0,1,1,1,1,1,1,1,1,1,True,True,True,False,False
train,tweet-sentiment-extraction,7a4a9aa40acb79c26346b26780e8f7a73918fa36d0f6046de04c80543b27dbf5,50933fc7471fbe0268555af0a06597bbae6970d582bd5470139942619cd2f95e,2,2,True,0,0,0,1,1,1,1,1,1,1,1,1,True,True,True,False,False
train,tweet-sentiment-extraction,7a4a9aa40acb79c26346b26780e8f7a73918fa36d0f6046de04c80543b27dbf5,df054bb9bfa955db20a9c99a69acf8afdf6be142881200a46edcba2212c5403c,2,2,True,0,0,0,1,1,1,1,1,1,1,1,1,True,True,True,False,False
train,tweet-sentiment-extraction,32c88a95bb4731508a120e8bbf4333b5872aed078f93c6d5725863cb67b46508,a210a4890b95d059f5726b2c3e81e9338a826e0e0b922b1d7318eca9a44495db,2,2,True,0,0,0,1,1,1,1,1,1,1,1,1,True,True,True,False,False
train,tweet-sentiment-extraction,32c88a95bb4731508a120e8bbf4333b5872aed078f93c6d5725863cb67b46508,9a611a9cb020ee4e90b639a178598b1b1e3f30971f09f793bc6922e6342be59c,2,2,True,0,0,0,1,1,1,1,1,1,1,1,1,True,True,True,False,False
train,tweet-sentiment-extraction,7a4a9aa40acb79c26346b26780e8f7a73918fa36d0f6046de04c80543b27dbf5,f2d5a9805c7ca0c9666bd9742b4e68fbf0cec265a80c5091bdd2377d3459d118,2,2,True,0,0,0,1,1,1,1,1,1,1,1,1,True,True,True,False,False
train,tweet-sentiment-extraction,32c88a95bb4731508a120e8bbf4333b5872aed078f93c6d5725863cb67b46508,a1a9fcbe548de062b483c837b8ee9367e806c3aeaf483a1d02a56517f96cbf34,2,2,True,0,0,0,1,1,1,1,1,1,1,1,1,True,True,True,False,False
train,tweet-sentiment-extraction,32c88a95bb4731508a120e8bbf4333b5872aed078f93c6d5725863cb67b46508,d0cf966e78bedbda309143e62251d3336a6d76affe703e07afb2a4872a2f0e42,2,2,True,0,0,0,1,1,1,1,1,1,1,1,1,True,True,True,False,False
train,tweet-sentiment-extraction,32c88a95bb4731508a120e8bbf4333b5872aed078f93c6d5725863cb67b46508,1bb71e2d210379f8b2e6514dcd56e3f7ac3769ed62b59bd041ca7145e9a6ca58,2,2,True,0,0,0,1,1,1,1,1,1,1,1,1,True,True,True,False,False
train,tweet-sentiment-extraction,7a4a9aa40acb79c26346b26780e8f7a73918fa36d0f6046de04c80543b27dbf5,975e9c4ca5c33799e1b815577b728e90b310c11dd981f2720003b595b86d6706,2,2,True,0,0,0,1,1,1,1,1,1,1,1,1,True,True,True,False,False
train,tweet-sentiment-extraction,7a4a9aa40acb79c26346b26780e8f7a73918fa36d0f6046de04c80543b27dbf5,057a6357249390fb926078d6ce2daef0d79cf10f8444de723513cdc606b26edb,2,2,True,0,0,0,1,1,1,1,1,1,1,1,1,True,True,True,False,False
train,tweet-sentiment-extraction,32c88a95bb4731508a120e8bbf4333b5872aed078f93c6d5725863cb67b46508,87af638c35d4e1bbb85db2a083201cd2999f919b4a14d57c41489c43c0d50a05,2,2,True,0,0,0,1,1,1,1,1,1,1,1,1,True,True,True,False,False
train,tweet-sentiment-extraction,d93f14de70f815dd9774d2af1074dd75ab9c09c3212f1fa1e81cda9e3fe9c8d7,245f64de5d94027b21e3e6f153d96f684434f7046565ea7ed9714f36b5bb8db9,2,2,True,0,0,0,1,1,1,1,1,1,1,1,1,True,True,True,False,False
train,tweet-sentiment-extraction,7a4a9aa40acb79c26346b26780e8f7a73918fa36d0f6046de04c80543b27dbf5,8b3e3e4b42d6dbd486153700429d1c32f0d5ec82c88994f34cb9f4959c8e2db0,2,2,True,0,0,0,1,1,1,1,1,1,1,1,1,True,True,True,False,False
train,tweet-sentiment-extraction,32c88a95bb4731508a120e8bbf4333b5872aed078f93c6d5725863cb67b46508,049093af28b3429fd1a5f5c773b0c29027ffd0c9773265f7adbc682122947254,2,2,True,0,0,0,1,1,1,1,1,1,1,1,1,True,True,True,False,False
train,us-patent-phrase-to-phrase-matching,a6022e38a5a7898a18cf0a099bc7a48f4c210ba6e8089fe7ccf609de7b363ab5,49667c139f23da0a7ef0ed29005fe214225b4cdf90bae7a0c00b1d7bc4f9e847,2,2,True,0,0,0,1,1,1,1,1,1,1,1,1,True,True,True,False,False
train,us-patent-phrase-to-phrase-matching,a6022e38a5a7898a18cf0a099bc7a48f4c210ba6e8089fe7ccf609de7b363ab5,0569fc850cff3cc578b73485030740a9c9476f0e5a8d798c98716b7af94f9dfd,2,2,True,0,0,0,1,1,1,1,1,1,1,1,1,True,True,True,False,False
train,us-patent-phrase-to-phrase-matching,398a2d606c8b01b77413c33257f2a39a677c6a41f525a84b4f7e5a27fd04e8ce,1f5b196683e3a09e0c7cedc14f9d25a53a42ea7a7a3aa86bb1f39a0b743db404,2,2,True,0,0,0,1,1,1,1,1,1,1,1,1,True,True,True,False,False
train,us-patent-phrase-to-phrase-matching,a6022e38a5a7898a18cf0a099bc7a48f4c210ba6e8089fe7ccf609de7b363ab5,1fec1d859b2a94ec3a632f29abf025cfc611ff923dbb365e78e784dde4dd96d2,2,2,True,0,0,0,1,1,1,1,1,1,1,1,1,True,True,True,False,False
train,us-patent-phrase-to-phrase-matching,a6022e38a5a7898a18cf0a099bc7a48f4c210ba6e8089fe7ccf609de7b363ab5,9e1bda402e0752aaad80acac2adbb676c2bd6c10b80d71e6c91b7620a0f8a9d3,2,2,True,0,0,0,1,1,1,1,1,1,1,1,1,True,True,True,False,False
train,us-patent-phrase-to-phrase-matching,398a2d606c8b01b77413c33257f2a39a677c6a41f525a84b4f7e5a27fd04e8ce,aea27951506aae3618e5d31e7c022fc226cc6866849626ecc30ec44bd41995c0,2,2,True,0,0,0,1,1,1,1,1,1,1,1,1,True,True,True,False,False
train,us-patent-phrase-to-phrase-matching,a6022e38a5a7898a18cf0a099bc7a48f4c210ba6e8089fe7ccf609de7b363ab5,ba02c3b38c971c7c121fb6e2a924a779c4115299fdf4fdd24e5c79250464f9ff,2,2,True,0,0,0,1,1,1,1,1,1,1,1,1,True,True,True,False,False
train,us-patent-phrase-to-phrase-matching,398a2d606c8b01b77413c33257f2a39a677c6a41f525a84b4f7e5a27fd04e8ce,7e58ac0a2602c19a1627a96dd5cd72947493e1fabd158a28c26230dfe16e5f83,2,2,True,0,0,0,1,1,1,1,1,1,1,1,1,True,True,True,False,False
train,us-patent-phrase-to-phrase-matching,a9064e39e12675222b4f44a5f9943ac17caf80b1ef4b0eb60d2cfefc277a1caf,3056f95549f22f02c8f31208d8dbd10b7c324920f49b3e1b2e08306221fc6563,2,2,True,0,0,0,1,1,1,1,1,1,1,1,1,True,True,True,False,False
train,us-patent-phrase-to-phrase-matching,e942353c22a4959d6087d7781ccace646e16d4eeb0e4c9e125ecb2c0c05eccc8,3123b32232ab78bea2c6fbbb2f0c4b5b15422d693e5122a18e850a77ae6a1e3b,2,2,True,0,0,0,1,1,1,1,1,1,1,1,1,True,True,True,False,False
train,us-patent-phrase-to-phrase-matching,398a2d606c8b01b77413c33257f2a39a677c6a41f525a84b4f7e5a27fd04e8ce,e25a8d5d436afb7d02605d00e2815dd5428956fd3c7ebf2826f950692d0b4277,2,2,True,0,0,0,1,1,1,1,1,1,1,1,1,True,True,True,False,False
train,us-patent-phrase-to-phrase-matching,a6022e38a5a7898a18cf0a099bc7a48f4c210ba6e8089fe7ccf609de7b363ab5,5259c4d0cb1f842a6d4a82b5531ec1adc017cdd0cc3d3d2f9663a8e69a4348c5,2,2,True,0,0,0,1,1,1,1,1,1,1,1,1,True,True,True,False,False
train,us-patent-phrase-to-phrase-matching,a6022e38a5a7898a18cf0a099bc7a48f4c210ba6e8089fe7ccf609de7b363ab5,affcc2a94cfdb99d4b9557b182e3a11ec338921f0cde5db011ba2d524932cd25,2,2,True,0,0,0,1,1,1,1,1,1,1,1,1,True,True,True,False,False
train,us-patent-phrase-to-phrase-matching,a6022e38a5a7898a18cf0a099bc7a48f4c210ba6e8089fe7ccf609de7b363ab5,f9b527b3cf1c1d6c531b5ce323b792527f03886ffe6d3743c5915453047410f9,2,2,True,0,0,0,1,1,1,1,1,1,1,1,1,True,True,True,False,False
train,us-patent-phrase-to-phrase-matching,a6022e38a5a7898a18cf0a099bc7a48f4c210ba6e8089fe7ccf609de7b363ab5,ff8ab6f015868e883260680354cd1cf6fa4e80fb10efa5079c62e8e285baf38d,2,2,True,0,0,0,1,1,1,1,1,1,1,1,1,True,True,True,False,False
train,us-patent-phrase-to-phrase-matching,390ad41caca8f76963ad811ab94301281295fb64fdc192ddb94e72ad99e1150c,b153c510320a87c60c0356ed64a89183559d7f4a1a2cc64e515160757e80fd37,2,2,True,0,0,0,1,1,1,1,1,1,1,1,1,True,True,True,False,False
train,us-patent-phrase-to-phrase-matching,a9064e39e12675222b4f44a5f9943ac17caf80b1ef4b0eb60d2cfefc277a1caf,d6dbb4fc1bdf5f9411db8316889a2f13b055a11f9ddbd6d230a6a557ba959c5d,2,2,True,0,0,0,1,1,1,1,1,1,1,1,1,True,True,True,False,False
train,us-patent-phrase-to-phrase-matching,398a2d606c8b01b77413c33257f2a39a677c6a41f525a84b4f7e5a27fd04e8ce,c2fc7db9d21fef42ea70390acc5c8b5ee2a658114516cb81c3a08a3b98ca6c4a,2,2,True,0,0,0,1,1,1,1,1,1,1,1,1,True,True,True,False,False
train,us-patent-phrase-to-phrase-matching,a6022e38a5a7898a18cf0a099bc7a48f4c210ba6e8089fe7ccf609de7b363ab5,f3a651049e9a99aee30ae5cad5bec4e895209a92788d94ce2efa1b9fab46ec99,2,2,True,0,0,0,1,1,1,1,1,1,1,1,1,True,True,True,False,False
train,us-patent-phrase-to-phrase-matching,398a2d606c8b01b77413c33257f2a39a677c6a41f525a84b4f7e5a27fd04e8ce,7666294a2c1e926304fd21a12e5f3b463ac65b7d83484573ed26cc02668a4fd5,2,2,True,0,0,0,1,1,1,1,1,1,1,1,1,True,True,True,False,False
train,us-patent-phrase-to-phrase-matching,3a77b6065043f978e6a4bb4dc710240b64907a25598febd484a6c78b79e26f94,0bb07f0c46613979efdfd7703e21caf231d108bb37bad6266c6f7ca866db1674,2,2,True,0,0,0,1,1,1,1,1,1,1,1,1,True,True,True,False,False
train,us-patent-phrase-to-phrase-matching,398a2d606c8b01b77413c33257f2a39a677c6a41f525a84b4f7e5a27fd04e8ce,62243e05e8b05065818b0faf1b98ab63bc3a8fcccacebdada251bc5c858ce941,2,2,True,0,0,0,1,1,1,1,1,1,1,1,1,True,True,True,False,False
train,us-patent-phrase-to-phrase-matching,a6022e38a5a7898a18cf0a099bc7a48f4c210ba6e8089fe7ccf609de7b363ab5,35ef93369b8a246d8453a3aa921d1136475f573cdd1e3a138ec7713024f8ae04,2,2,True,0,0,0,1,1,1,1,1,1,1,1,1,True,True,True,False,False
train,us-patent-phrase-to-phrase-matching,a6022e38a5a7898a18cf0a099bc7a48f4c210ba6e8089fe7ccf609de7b363ab5,bee6b6cff566a98f438b2b4a503ea1793a32144bdc00b2c1d2f5938d29db97d9,2,2,True,0,0,0,1,1,1,1,1,1,1,1,1,True,True,True,False,False
train,us-patent-phrase-to-phrase-matching,398a2d606c8b01b77413c33257f2a39a677c6a41f525a84b4f7e5a27fd04e8ce,1b20198b135881de7c76a0a29d1e6d2e2554f1b4c56cd2d9f57c137895e34300,2,2,True,0,0,0,1,1,1,1,1,1,1,1,1,True,True,True,False,False
train,us-patent-phrase-to-phrase-matching,e5e2e68365d3694856ad7efd844bf9de2ee798ec97c0c12fa53cc9b2a3ed24a0,0bd44ac108c0ebf45172b46f64e102544cf73dabdc18a7ea9f2f33502ae9ce1b,2,2,True,0,0,0,1,1,1,1,1,1,1,1,1,True,True,True,False,False
train,us-patent-phrase-to-phrase-matching,398a2d606c8b01b77413c33257f2a39a677c6a41f525a84b4f7e5a27fd04e8ce,9e3fc0a2588befb92037ee1e0013ce611be4b6c59c87dc6d1bb47313392d5733,2,2,True,0,0,0,1,1,1,1,1,1,1,1,1,True,True,True,False,False
train,us-patent-phrase-to-phrase-matching,a6022e38a5a7898a18cf0a099bc7a48f4c210ba6e8089fe7ccf609de7b363ab5,6345dc5d694ecd1685d96531c56f19d33a8cd5c68ca4c453c322b364dea1baec,2,2,True,0,0,0,1,1,1,1,1,1,1,1,1,True,True,True,False,False
train,us-patent-phrase-to-phrase-matching,398a2d606c8b01b77413c33257f2a39a677c6a41f525a84b4f7e5a27fd04e8ce,b9e5aab1c7bb6d42967633edacf160ca5b5c940357dd130a80f9ffe4c5c8b7b8,2,2,True,0,0,0,1,1,1,1,1,1,1,1,1,True,True,True,False,False
train,us-patent-phrase-to-phrase-matching,398a2d606c8b01b77413c33257f2a39a677c6a41f525a84b4f7e5a27fd04e8ce,9b406db659921b276af54db33eda5038ddada254ec0dc22596a101f1c353c0ad,2,2,True,0,0,0,1,1,1,1,1,1,1,1,1,True,True,True,False,False
train,us-patent-phrase-to-phrase-matching,4bfc716fb7521a41bf4bf4d348bd0a8947d7e8ca81ad9fcae5cb4bf027366d64,5574927b0a7e65efcf44ba16b1c4004fd41f9db55e2bf11a182b01ecef9a7bd5,2,2,True,0,0,0,1,1,1,1,1,1,1,1,1,True,True,True,False,False
train,us-patent-phrase-to-phrase-matching,a9064e39e12675222b4f44a5f9943ac17caf80b1ef4b0eb60d2cfefc277a1caf,a51f6661d6a497d98b64dbf63ffd3a2efe9dcf65d4c3fa53249fadd09ca62b80,2,2,True,0,0,0,1,1,1,1,1,1,1,1,1,True,True,True,False,False
train,us-patent-phrase-to-phrase-matching,e942353c22a4959d6087d7781ccace646e16d4eeb0e4c9e125ecb2c0c05eccc8,06dfb71baf14ec9d6781ee5bae75c19ca20a5ed28f00a2bd316bb7f3c75cf9da,2,2,True,0,0,0,1,1,1,1,1,1,1,1,1,True,True,True,False,False
train,us-patent-phrase-to-phrase-matching,213340818872cd9ab976e5e392aa1fc64c8926bbca5557ff8bff73f6eba2f603,42b0154aa0e908669878756740bc57e3b30371fd8badea2822ede053bee771e7,2,2,True,0,0,0,1,1,1,1,1,1,1,1,1,True,True,True,False,False
train,us-patent-phrase-to-phrase-matching,398a2d606c8b01b77413c33257f2a39a677c6a41f525a84b4f7e5a27fd04e8ce,0106a1f2df2ca8d1389ae67a4a8f94223345486f36aa7f7673185555f98092ff,2,2,True,0,0,0,1,1,1,1,1,1,1,1,1,True,True,True,False,False
train,us-patent-phrase-to-phrase-matching,a6022e38a5a7898a18cf0a099bc7a48f4c210ba6e8089fe7ccf609de7b363ab5,4695f081e9dc8b61397077ce38292a62cfe0f959a45605cb90ef7a52cde40590,2,2,True,0,0,0,1,1,1,1,1,1,1,1,1,True,True,True,False,False
train,us-patent-phrase-to-phrase-matching,398a2d606c8b01b77413c33257f2a39a677c6a41f525a84b4f7e5a27fd04e8ce,db26b65a3ad61a85eefa76597b2bf436287e8fd00f3c027a49af19557a553d9b,2,2,True,0,0,0,1,1,1,1,1,1,1,1,1,True,True,True,False,False
train,us-patent-phrase-to-phrase-matching,a6022e38a5a7898a18cf0a099bc7a48f4c210ba6e8089fe7ccf609de7b363ab5,28045cf9d4eeffaaf88de514ca0317c964b75948bb2132cb2b52fef518eb1a52,2,2,True,0,0,0,1,1,1,1,1,1,1,1,1,True,True,True,False,False
train,us-patent-phrase-to-phrase-matching,213340818872cd9ab976e5e392aa1fc64c8926bbca5557ff8bff73f6eba2f603,1946811b8cfd6a2e2668ec03edb6cc46724f508ea821a9931e67a49311ae98ab,2,2,True,0,0,0,1,1,1,1,1,1,1,1,1,True,True,True,False,False
train,us-patent-phrase-to-phrase-matching,a6022e38a5a7898a18cf0a099bc7a48f4c210ba6e8089fe7ccf609de7b363ab5,364bca05b8407b23b92bebb856a57b9327ca66d4b5a6983f6c0231053cda5dd9,2,2,True,0,0,0,1,1,1,1,1,1,1,1,1,True,True,True,False,False
train,us-patent-phrase-to-phrase-matching,398a2d606c8b01b77413c33257f2a39a677c6a41f525a84b4f7e5a27fd04e8ce,99f2c00a826e28143c2ee7b2b8c1fd852674210434a0176c789be456dd0effda,2,2,True,0,0,0,1,1,1,1,1,1,1,1,1,True,True,True,False,False
train,us-patent-phrase-to-phrase-matching,a6022e38a5a7898a18cf0a099bc7a48f4c210ba6e8089fe7ccf609de7b363ab5,cdaa4f613b25c380943890fc8bcf9b23940f10b3c70d33e6c8482946aa32b9cd,2,2,True,0,0,0,1,1,1,1,1,1,1,1,1,True,True,True,False,False
train,us-patent-phrase-to-phrase-matching,390ad41caca8f76963ad811ab94301281295fb64fdc192ddb94e72ad99e1150c,df41f68248db7529b7d8e7221f38439ff14cdc24f94bfa6e0a8d158d387374df,2,2,True,0,0,0,1,1,1,1,1,1,1,1,1,True,True,True,False,False
train,us-patent-phrase-to-phrase-matching,e5e2e68365d3694856ad7efd844bf9de2ee798ec97c0c12fa53cc9b2a3ed24a0,812378e1431b7698feabb170f004710b0529d6b987db7d6650fe692ce76f2ee9,2,2,True,0,0,0,1,1,1,1,1,1,1,1,1,True,True,True,False,False
train,us-patent-phrase-to-phrase-matching,a6022e38a5a7898a18cf0a099bc7a48f4c210ba6e8089fe7ccf609de7b363ab5,682f51b62d0344c010060afcd626e72dcdbf6472e74a9a74c73c2b78a85dcdee,2,2,True,0,0,0,1,1,1,1,1,1,1,1,1,True,True,True,False,False
train,us-patent-phrase-to-phrase-matching,398a2d606c8b01b77413c33257f2a39a677c6a41f525a84b4f7e5a27fd04e8ce,2bdef1bafd09d6614bb17d2e4698a21f179cbee58d8dc46a263e4c4b0d99eb39,2,2,True,0,0,0,1,1,1,1,1,1,1,1,1,True,True,True,False,False
train,us-patent-phrase-to-phrase-matching,398a2d606c8b01b77413c33257f2a39a677c6a41f525a84b4f7e5a27fd04e8ce,e888dc1def60809ec2a7afc8a8d5a54321986d17ee87df98af02de1b1e194e7b,2,2,True,0,0,0,1,1,1,1,1,1,1,1,1,True,True,True,False,False
train,us-patent-phrase-to-phrase-matching,4bfc716fb7521a41bf4bf4d348bd0a8947d7e8ca81ad9fcae5cb4bf027366d64,0224c4ac21cbfa1b7e2a73c35a42b7b7c423caeb2c468c56aaac8e72726c9d2e,2,2,True,0,0,0,1,1,1,1,1,1,1,1,1,True,True,True,False,False
train,us-patent-phrase-to-phrase-matching,398a2d606c8b01b77413c33257f2a39a677c6a41f525a84b4f7e5a27fd04e8ce,5943984170f1274694b4132e230c30382606daa2ac768f3fde817dce531b3c7d,2,2,True,0,0,0,1,1,1,1,1,1,1,1,1,True,True,True,False,False
train,us-patent-phrase-to-phrase-matching,a6022e38a5a7898a18cf0a099bc7a48f4c210ba6e8089fe7ccf609de7b363ab5,588b2e817a351e9ff10b2eb15040c3caba0d8e5e5701caf92696a60ecc3cf7de,2,2,True,0,0,0,1,1,1,1,1,1,1,1,1,True,True,True,False,False
train,us-patent-phrase-to-phrase-matching,398a2d606c8b01b77413c33257f2a39a677c6a41f525a84b4f7e5a27fd04e8ce,5e7dcf00f97b067278c59ea5419cd7f48e7c6f3c2d3a02b1010d7ee3fabf883f,2,2,True,0,0,0,1,1,1,1,1,1,1,1,1,True,True,True,False,False
train,us-patent-phrase-to-phrase-matching,a6022e38a5a7898a18cf0a099bc7a48f4c210ba6e8089fe7ccf609de7b363ab5,920cabb3964d74fb4b451dcaf5dd5c5a64b585c8cf57e23568cf1a71655f9b11,2,2,True,0,0,0,1,1,1,1,1,1,1,1,1,True,True,True,False,False
train,us-patent-phrase-to-phrase-matching,a6022e38a5a7898a18cf0a099bc7a48f4c210ba6e8089fe7ccf609de7b363ab5,18b926138c7a9a9866c45b8bbd219153832f2a5820817ec155355dd6125618d7,2,2,True,0,0,0,1,1,1,1,1,1,1,1,1,True,True,True,False,False
train,us-patent-phrase-to-phrase-matching,398a2d606c8b01b77413c33257f2a39a677c6a41f525a84b4f7e5a27fd04e8ce,875ef81da77fbcb37068b24a4c3fea9b847c81e28eb9928bf7373d72b8596b18,2,2,True,0,0,0,1,1,1,1,1,1,1,1,1,True,True,True,False,False
train,us-patent-phrase-to-phrase-matching,a6022e38a5a7898a18cf0a099bc7a48f4c210ba6e8089fe7ccf609de7b363ab5,0bfa43780e16ad10c9d2b92da6781a7f7314daf89a3415db4f021895ea4404e8,2,2,True,0,0,0,1,1,1,1,1,1,1,1,1,True,True,True,False,False
train,us-patent-phrase-to-phrase-matching,398a2d606c8b01b77413c33257f2a39a677c6a41f525a84b4f7e5a27fd04e8ce,08a29201b5c90b37dc9524dc6fafdb934d98c6c43bbd5184458eab2a2ebaef71,2,2,True,0,0,0,1,1,1,1,1,1,1,1,1,True,True,True,False,False
train,us-patent-phrase-to-phrase-matching,a6022e38a5a7898a18cf0a099bc7a48f4c210ba6e8089fe7ccf609de7b363ab5,081986cbdbd283cc51c7e8dc70b0c38858f422284c3c37e16e96bb8168fb1809,2,2,True,0,0,0,1,1,1,1,1,1,1,1,1,True,True,True,False,False
train,us-patent-phrase-to-phrase-matching,398a2d606c8b01b77413c33257f2a39a677c6a41f525a84b4f7e5a27fd04e8ce,31fb049ff85ab5d30e49ecb0f18fd397edb55374cb971e5197a5273b8195406f,2,2,True,0,0,0,1,1,1,1,1,1,1,1,1,True,True,True,False,False
train,us-patent-phrase-to-phrase-matching,a6022e38a5a7898a18cf0a099bc7a48f4c210ba6e8089fe7ccf609de7b363ab5,00953ce700fae11ec15fbe7b26e4046bfca568425057466ae8900ecd279d5419,2,2,True,0,0,0,1,1,1,1,1,1,1,1,1,True,True,True,False,False
train,us-patent-phrase-to-phrase-matching,a6022e38a5a7898a18cf0a099bc7a48f4c210ba6e8089fe7ccf609de7b363ab5,3ca7c275f421834cf19385efe928862ecb2633fcbba443e0f526bb2635a665b9,2,2,True,0,0,0,1,1,1,1,1,1,1,1,1,True,True,True,False,False
train,us-patent-phrase-to-phrase-matching,398a2d606c8b01b77413c33257f2a39a677c6a41f525a84b4f7e5a27fd04e8ce,66bf5f96423433960c8d64fcb0de2ce9a86bf337e2c475e08b621e3c642101aa,2,2,True,0,0,0,1,1,1,1,1,1,1,1,1,True,True,True,False,False
train,us-patent-phrase-to-phrase-matching,e942353c22a4959d6087d7781ccace646e16d4eeb0e4c9e125ecb2c0c05eccc8,53cbf0b243cb8b48d89eac9f7d4df02253b9d581cd26713b2d800b155f11f35e,2,2,True,0,0,0,1,1,1,1,1,1,1,1,1,True,True,True,False,False
train,us-patent-phrase-to-phrase-matching,a6022e38a5a7898a18cf0a099bc7a48f4c210ba6e8089fe7ccf609de7b363ab5,5891535a36284fb24abaa1fc6753fa47bd8660761e0f692c80ba86df0c5c668d,2,2,True,0,0,0,1,1,1,1,1,1,1,1,1,True,True,True,False,False
train,us-patent-phrase-to-phrase-matching,398a2d606c8b01b77413c33257f2a39a677c6a41f525a84b4f7e5a27fd04e8ce,c4e5b9b22a5b828e80b1ea69299be3bd57cbaffb875acce1275b2eb3f5bde56a,2,2,True,0,0,0,1,1,1,1,1,1,1,1,1,True,True,True,False,False
train,us-patent-phrase-to-phrase-matching,398a2d606c8b01b77413c33257f2a39a677c6a41f525a84b4f7e5a27fd04e8ce,ccbcc0ed71ce3e6781a6234127c5085cf4f27f7845b3ad9578a27cf5a243fd37,2,2,True,0,0,0,1,1,1,1,1,1,1,1,1,True,True,True,False,False
train,us-patent-phrase-to-phrase-matching,398a2d606c8b01b77413c33257f2a39a677c6a41f525a84b4f7e5a27fd04e8ce,6eba658a5ee92b50efd899344ac12b04dd35fa46af9fe11bbf2b7c8e4dfe37e5,2,2,True,0,0,0,1,1,1,1,1,1,1,1,1,True,True,True,False,False
train,us-patent-phrase-to-phrase-matching,398a2d606c8b01b77413c33257f2a39a677c6a41f525a84b4f7e5a27fd04e8ce,a8aee94df6af14369fea689b1b54b180dc2a4fb7c34759a2807189f6f16fe089,2,2,True,0,0,0,1,1,1,1,1,1,1,1,1,True,True,True,False,False
train,us-patent-phrase-to-phrase-matching,a6022e38a5a7898a18cf0a099bc7a48f4c210ba6e8089fe7ccf609de7b363ab5,12ad28b500be817aac40661f9fd9790ad1ce868b164e49cac2a05f9c9953694a,2,2,True,0,0,0,1,1,1,1,1,1,1,1,1,True,True,True,False,False
train,us-patent-phrase-to-phrase-matching,a6022e38a5a7898a18cf0a099bc7a48f4c210ba6e8089fe7ccf609de7b363ab5,2b86d4741add979a59bec9930b20b00fc1648138b670a11c4b4467b6ab8fb341,2,2,True,0,0,0,1,1,1,1,1,1,1,1,1,True,True,True,False,False
train,us-patent-phrase-to-phrase-matching,398a2d606c8b01b77413c33257f2a39a677c6a41f525a84b4f7e5a27fd04e8ce,f858ae7dfeedb2d57cbb52d9b9cdb7c2603ad592281a6464489f6e4f0203be99,2,2,True,0,0,0,1,1,1,1,1,1,1,1,1,True,True,True,False,False
train,us-patent-phrase-to-phrase-matching,3a77b6065043f978e6a4bb4dc710240b64907a25598febd484a6c78b79e26f94,35090d8bd9ec3ee7f542c2c6725012beca7bb9023d0902c310bba45939e4547c,2,2,True,0,0,0,1,1,1,1,1,1,1,1,1,True,True,True,False,False
train,us-patent-phrase-to-phrase-matching,e5e2e68365d3694856ad7efd844bf9de2ee798ec97c0c12fa53cc9b2a3ed24a0,1e361e50a5581d79babd2a92cea542a68f47a2a09f4c28a6903449c877356f23,2,2,True,0,0,0,1,1,1,1,1,1,1,1,1,True,True,True,False,False
train,us-patent-phrase-to-phrase-matching,a6022e38a5a7898a18cf0a099bc7a48f4c210ba6e8089fe7ccf609de7b363ab5,68d574951a849aeeda5ea66fea0213473df58fd0e8f83e9205c192bbab001510,2,2,True,0,0,0,1,1,1,1,1,1,1,1,1,True,True,True,False,False
train,us-patent-phrase-to-phrase-matching,a6022e38a5a7898a18cf0a099bc7a48f4c210ba6e8089fe7ccf609de7b363ab5,64ab6bb9787c6fa40054189fb27e5beb0a6ce8be03eabeb98c17d66e87407646,2,2,True,0,0,0,1,1,1,1,1,1,1,1,1,True,True,True,False,False
train,us-patent-phrase-to-phrase-matching,a6022e38a5a7898a18cf0a099bc7a48f4c210ba6e8089fe7ccf609de7b363ab5,65db63e0b5354f775da4ff4acf63e171215166bea3a30bd2291968ab44a2454a,2,2,True,0,0,0,1,1,1,1,1,1,1,1,1,True,True,True,False,False
train,us-patent-phrase-to-phrase-matching,a6022e38a5a7898a18cf0a099bc7a48f4c210ba6e8089fe7ccf609de7b363ab5,033303650689574f92806cb541bcdf12d19fb6bd350f0a4356e8ef9819155ff4,2,2,True,0,0,0,1,1,1,1,1,1,1,1,1,True,True,True,False,False
train,us-patent-phrase-to-phrase-matching,398a2d606c8b01b77413c33257f2a39a677c6a41f525a84b4f7e5a27fd04e8ce,49945670f82ee46563794d541c9f675bf969927ec67a141daf6d2350aa781503,2,2,True,0,0,0,1,1,1,1,1,1,1,1,1,True,True,True,False,False
train,us-patent-phrase-to-phrase-matching,a6022e38a5a7898a18cf0a099bc7a48f4c210ba6e8089fe7ccf609de7b363ab5,214e6572ecf4da3a2e45f9701fe1b39964adcb5c4efe6a8936aa0e701d7231fb,2,2,True,0,0,0,1,1,1,1,1,1,1,1,1,True,True,True,False,False
train,us-patent-phrase-to-phrase-matching,e5e2e68365d3694856ad7efd844bf9de2ee798ec97c0c12fa53cc9b2a3ed24a0,39569ef8b3cb792ab9dfbda3eaec6bf874252710635c1080e09bc1957910673d,2,2,True,0,0,0,1,1,1,1,1,1,1,1,1,True,True,True,False,False
train,us-patent-phrase-to-phrase-matching,398a2d606c8b01b77413c33257f2a39a677c6a41f525a84b4f7e5a27fd04e8ce,c840b85a3bac8de02f77e71f1fad712f9fdd8390e61fd3dead79a7b4df7395b7,2,2,True,0,0,0,1,1,1,1,1,1,1,1,1,True,True,True,False,False
train,us-patent-phrase-to-phrase-matching,398a2d606c8b01b77413c33257f2a39a677c6a41f525a84b4f7e5a27fd04e8ce,8704bd4cf025f48dfb4b92b5d8f0284a639c0e753158cfca33a77c506b887b57,2,2,True,0,0,0,1,1,1,1,1,1,1,1,1,True,True,True,False,False
train,us-patent-phrase-to-phrase-matching,a6022e38a5a7898a18cf0a099bc7a48f4c210ba6e8089fe7ccf609de7b363ab5,97487a8f310e9e5da92db3977a79012af694b0c7b2316e3ff5fe86867b802a6d,2,2,True,0,0,0,1,1,1,1,1,1,1,1,1,True,True,True,False,False
train,us-patent-phrase-to-phrase-matching,398a2d606c8b01b77413c33257f2a39a677c6a41f525a84b4f7e5a27fd04e8ce,7025ae12e4707638e7b3602ebe68763cda7dd7b76bc87d589b95e26250113a7c,2,2,True,0,0,0,1,1,1,1,1,1,1,1,1,True,True,True,False,False
train,us-patent-phrase-to-phrase-matching,398a2d606c8b01b77413c33257f2a39a677c6a41f525a84b4f7e5a27fd04e8ce,0afaf05987f94ca60487a2faadd87be9bfe6f7516393097e12341c822d3199b5,2,2,True,0,0,0,1,1,1,1,1,1,1,1,1,True,True,True,False,False
train,us-patent-phrase-to-phrase-matching,a6022e38a5a7898a18cf0a099bc7a48f4c210ba6e8089fe7ccf609de7b363ab5,6464335a4c531407a5a841a7869e845098e15b49ce86e5c4247e3a89fca975b2,2,2,True,0,0,0,1,1,1,1,1,1,1,1,1,True,True,True,False,False
train,us-patent-phrase-to-phrase-matching,398a2d606c8b01b77413c33257f2a39a677c6a41f525a84b4f7e5a27fd04e8ce,c4673acc19b046a13207980ee38e79c82b8e7978029639b1effc6cf81174e243,2,2,True,0,0,0,1,1,1,1,1,1,1,1,1,True,True,True,False,False
train,us-patent-phrase-to-phrase-matching,390ad41caca8f76963ad811ab94301281295fb64fdc192ddb94e72ad99e1150c,9f6a21d22a5cb5724b72cc27aec8f02c4a9c53043e15bdbfec8d2afa3dd56045,2,2,True,0,0,0,1,1,1,1,1,1,1,1,1,True,True,True,False,False
train,us-patent-phrase-to-phrase-matching,a6022e38a5a7898a18cf0a099bc7a48f4c210ba6e8089fe7ccf609de7b363ab5,55354eb058d090c962169f9352d563fe17099643463669251287a8c516d32321,2,2,True,0,0,0,1,1,1,1,1,1,1,1,1,True,True,True,False,False
train,us-patent-phrase-to-phrase-matching,a6022e38a5a7898a18cf0a099bc7a48f4c210ba6e8089fe7ccf609de7b363ab5,f060b41cf409b7057602a1e5c2526e99d27ae82ca0fcdfc327fac334f2c76521,2,2,True,0,0,0,1,1,1,1,1,1,1,1,1,True,True,True,False,False
train,us-patent-phrase-to-phrase-matching,398a2d606c8b01b77413c33257f2a39a677c6a41f525a84b4f7e5a27fd04e8ce,a58f12b5f189087ea3b3079aadffffca7455e7599bb9006bdf1d88f7849896c7,2,2,True,0,0,0,1,1,1,1,1,1,1,1,1,True,True,True,False,False
train,us-patent-phrase-to-phrase-matching,a6022e38a5a7898a18cf0a099bc7a48f4c210ba6e8089fe7ccf609de7b363ab5,74cbc71d4449dee4b5d886e0998fcb0f665a76f342fc342147f0a8a2038bc89d,2,2,True,0,0,0,1,1,1,1,1,1,1,1,1,True,True,True,False,False
train,us-patent-phrase-to-phrase-matching,398a2d606c8b01b77413c33257f2a39a677c6a41f525a84b4f7e5a27fd04e8ce,5ae5e003454aed87f6b847c5519b831b517a3e834fac6e0b91480a80ad11e615,2,2,True,0,0,0,1,1,1,1,1,1,1,1,1,True,True,True,False,False
train,us-patent-phrase-to-phrase-matching,398a2d606c8b01b77413c33257f2a39a677c6a41f525a84b4f7e5a27fd04e8ce,d7bda284ca917e1363c9e0c46317e8ab5e85fc6ed5d6eae82a94597d7e095639,2,2,True,0,0,0,1,1,1,1,1,1,1,1,1,True,True,True,False,False
train,us-patent-phrase-to-phrase-matching,398a2d606c8b01b77413c33257f2a39a677c6a41f525a84b4f7e5a27fd04e8ce,933e16af95acb4fb4e308cde1ee7035c900218d0d092d3f2e2816bdbab258ab7,2,2,True,0,0,0,1,1,1,1,1,1,1,1,1,True,True,True,False,False
train,us-patent-phrase-to-phrase-matching,398a2d606c8b01b77413c33257f2a39a677c6a41f525a84b4f7e5a27fd04e8ce,6f42c1c3afa04130d060a5cbcf9e6bee6b2adb78cce51b1e3c34d88b870f9773,2,2,True,0,0,0,1,1,1,1,1,1,1,1,1,True,True,True,False,False
train,us-patent-phrase-to-phrase-matching,e5e2e68365d3694856ad7efd844bf9de2ee798ec97c0c12fa53cc9b2a3ed24a0,a35ed6ed814f15f071495096f86c0ecf21728f57cac25dd6b9402380822bb7fb,2,2,True,0,0,0,1,1,1,1,1,1,1,1,1,True,True,True,False,False
train,us-patent-phrase-to-phrase-matching,398a2d606c8b01b77413c33257f2a39a677c6a41f525a84b4f7e5a27fd04e8ce,c56a8cb73f36441793cce4d9e3c6c877812443cf86226a12cb02adfc6c7e7e57,2,2,True,0,0,0,1,1,1,1,1,1,1,1,1,True,True,True,False,False
train,us-patent-phrase-to-phrase-matching,a6022e38a5a7898a18cf0a099bc7a48f4c210ba6e8089fe7ccf609de7b363ab5,872002de1fac5b81800b47a6d585eb1be453579891a1d9204138fcf9534e4bd3,2,2,True,0,0,0,1,1,1,1,1,1,1,1,1,True,True,True,False,False
train,us-patent-phrase-to-phrase-matching,398a2d606c8b01b77413c33257f2a39a677c6a41f525a84b4f7e5a27fd04e8ce,598aaae750c064704c2153a9b8b82c2e42344705fa9195d0f2ee06ff352feaea,2,2,True,0,0,0,1,1,1,1,1,1,1,1,1,True,True,True,False,False
train,us-patent-phrase-to-phrase-matching,a6022e38a5a7898a18cf0a099bc7a48f4c210ba6e8089fe7ccf609de7b363ab5,8a2095f0e11e965b05310e3ccf21c3786cde4035ba40a3fc91ca80c5860624f8,2,2,True,0,0,0,1,1,1,1,1,1,1,1,1,True,True,True,False,False
train,us-patent-phrase-to-phrase-matching,a6022e38a5a7898a18cf0a099bc7a48f4c210ba6e8089fe7ccf609de7b363ab5,322426ed4361f429b4dc75a9a6b56b14ba68693fed8de98ba67e2b4d9ed0e339,2,2,True,0,0,0,1,1,1,1,1,1,1,1,1,True,True,True,False,False
train,us-patent-phrase-to-phrase-matching,a6022e38a5a7898a18cf0a099bc7a48f4c210ba6e8089fe7ccf609de7b363ab5,f2b6b2a6140f1c07139a0b127f34133209520bdb7fda8cf37d6abacb4d9d2f52,2,2,True,0,0,0,1,1,1,1,1,1,1,1,1,True,True,True,False,False
train,us-patent-phrase-to-phrase-matching,398a2d606c8b01b77413c33257f2a39a677c6a41f525a84b4f7e5a27fd04e8ce,46b38762fcef80f1f6750b760848de8ca1008e2780df22146b75b06ba4f6805b,2,2,True,0,0,0,1,1,1,1,1,1,1,1,1,True,True,True,False,False
train,us-patent-phrase-to-phrase-matching,398a2d606c8b01b77413c33257f2a39a677c6a41f525a84b4f7e5a27fd04e8ce,ccc9bb983cdba90bd428c9543e05630d6c6d57f19839e8dbd7093958de15cd9e,2,2,True,0,0,0,1,1,1,1,1,1,1,1,1,True,True,True,False,False
train,us-patent-phrase-to-phrase-matching,a6022e38a5a7898a18cf0a099bc7a48f4c210ba6e8089fe7ccf609de7b363ab5,85c7401efd28eef1afbc535ed25e7587e35e44301a38cb2b0e0487419cfe56d7,2,2,True,0,0,0,1,1,1,1,1,1,1,1,1,True,True,True,False,False
train,us-patent-phrase-to-phrase-matching,398a2d606c8b01b77413c33257f2a39a677c6a41f525a84b4f7e5a27fd04e8ce,2e9dec8da722ba576773050e5b9cc336cd094ec509a73b8fd90e8dfb2c623238,2,2,True,0,0,0,1,1,1,1,1,1,1,1,1,True,True,True,False,False
train,us-patent-phrase-to-phrase-matching,a6022e38a5a7898a18cf0a099bc7a48f4c210ba6e8089fe7ccf609de7b363ab5,0ba8c5ebd4b3dee05f01de5e55f1b7f6c70a7cec5b0729ea21621ff6e18cd0d6,2,2,True,0,0,0,1,1,1,1,1,1,1,1,1,True,True,True,False,False
train,us-patent-phrase-to-phrase-matching,398a2d606c8b01b77413c33257f2a39a677c6a41f525a84b4f7e5a27fd04e8ce,b009e12a644391a8a84dae1d34421b87e2e9539f70a98b9269ed7a5493381de1,2,2,True,0,0,0,1,1,1,1,1,1,1,1,1,True,True,True,False,False
train,us-patent-phrase-to-phrase-matching,398a2d606c8b01b77413c33257f2a39a677c6a41f525a84b4f7e5a27fd04e8ce,8a304fd918098b3c4efc3798734cd9a1e0bf828062283b32b852a8ec018763c7,2,2,True,0,0,0,1,1,1,1,1,1,1,1,1,True,True,True,False,False
train,us-patent-phrase-to-phrase-matching,a6022e38a5a7898a18cf0a099bc7a48f4c210ba6e8089fe7ccf609de7b363ab5,21c2c9407ebaa624970654373619109484f1f35dd623a430f4598656115c6e91,2,2,True,0,0,0,1,1,1,1,1,1,1,1,1,True,True,True,False,False
train,us-patent-phrase-to-phrase-matching,398a2d606c8b01b77413c33257f2a39a677c6a41f525a84b4f7e5a27fd04e8ce,8a6848b7f40abb7d8f26e64271d7bf194991af24b1ca61ff12387de90e058420,2,2,True,0,0,0,1,1,1,1,1,1,1,1,1,True,True,True,False,False
train,us-patent-phrase-to-phrase-matching,a6022e38a5a7898a18cf0a099bc7a48f4c210ba6e8089fe7ccf609de7b363ab5,7035668303e4ab9edc252af706b36d49ecf9316ef52d23fa58cd59667e0cb29f,2,2,True,0,0,0,1,1,1,1,1,1,1,1,1,True,True,True,False,False
train,us-patent-phrase-to-phrase-matching,3a77b6065043f978e6a4bb4dc710240b64907a25598febd484a6c78b79e26f94,f5de0e2519b5af1b921316d16c9fa4039723ecab0667d8b9a00c5da4e7073f82,2,2,True,0,0,0,1,1,1,1,1,1,1,1,1,True,True,True,False,False
train,us-patent-phrase-to-phrase-matching,398a2d606c8b01b77413c33257f2a39a677c6a41f525a84b4f7e5a27fd04e8ce,20e7813693dff1e74cc424bf06507eec098a5726d62c96db799aeed346b6e4a9,2,2,True,0,0,0,1,1,1,1,1,1,1,1,1,True,True,True,False,False
train,us-patent-phrase-to-phrase-matching,3a77b6065043f978e6a4bb4dc710240b64907a25598febd484a6c78b79e26f94,22325b650420d546da49ca07763f4c23383fbc8f977da097cfe45490872fa30f,2,2,True,0,0,0,1,1,1,1,1,1,1,1,1,True,True,True,False,False
train,us-patent-phrase-to-phrase-matching,213340818872cd9ab976e5e392aa1fc64c8926bbca5557ff8bff73f6eba2f603,cfa14991606efbc789db041cd34a9618b8fb19646650188634c7683d2052bd03,2,2,True,0,0,0,1,1,1,1,1,1,1,1,1,True,True,True,False,False
train,us-patent-phrase-to-phrase-matching,398a2d606c8b01b77413c33257f2a39a677c6a41f525a84b4f7e5a27fd04e8ce,14519230d1603d180a243f3464e642448e1ec94e682836a3f80c8b9df0c953d7,2,2,True,0,0,0,1,1,1,1,1,1,1,1,1,True,True,True,False,False
train,us-patent-phrase-to-phrase-matching,398a2d606c8b01b77413c33257f2a39a677c6a41f525a84b4f7e5a27fd04e8ce,a061a39b99dd4fe006a273e19a67e84bad5f6616cefac8eb835b7cf2a08b0b1b,2,2,True,0,0,0,1,1,1,1,1,1,1,1,1,True,True,True,False,False
train,us-patent-phrase-to-phrase-matching,a6022e38a5a7898a18cf0a099bc7a48f4c210ba6e8089fe7ccf609de7b363ab5,71321474ffa04fe1ce7b76ebf45671d322cffbaed5576b1de1596d499744b99d,2,2,True,0,0,0,1,1,1,1,1,1,1,1,1,True,True,True,False,False
train,us-patent-phrase-to-phrase-matching,a6022e38a5a7898a18cf0a099bc7a48f4c210ba6e8089fe7ccf609de7b363ab5,a1b278a7d821a47d3cc9bbf6e5cb45857e1b7162310f6af434745684a3ed0f56,2,2,True,0,0,0,1,1,1,1,1,1,1,1,1,True,True,True,False,False
train,us-patent-phrase-to-phrase-matching,398a2d606c8b01b77413c33257f2a39a677c6a41f525a84b4f7e5a27fd04e8ce,b8f2025c27edebdd988add8f3ecde22cfcc954598ba852969c0183110c63f04e,2,2,True,0,0,0,1,1,1,1,1,1,1,1,1,True,True,True,False,False
train,us-patent-phrase-to-phrase-matching,a6022e38a5a7898a18cf0a099bc7a48f4c210ba6e8089fe7ccf609de7b363ab5,8b2c31e9a9cc71f01aab7beb644eda111638d4cccff5d0cd80410fe87a980d7d,2,2,True,0,0,0,1,1,1,1,1,1,1,1,1,True,True,True,False,False
train,us-patent-phrase-to-phrase-matching,398a2d606c8b01b77413c33257f2a39a677c6a41f525a84b4f7e5a27fd04e8ce,22cd4c13be9ac0b29bbdcd7a009b04e5046a3488a1d56191a362c7028aacc73c,2,2,True,0,0,0,1,1,1,1,1,1,1,1,1,True,True,True,False,False
train,us-patent-phrase-to-phrase-matching,398a2d606c8b01b77413c33257f2a39a677c6a41f525a84b4f7e5a27fd04e8ce,a281c401b2bf8c382ead6934bbb791a54201ec5aa974a74cb6a3cf990d810395,2,2,True,0,0,0,1,1,1,1,1,1,1,1,1,True,True,True,False,False
train,us-patent-phrase-to-phrase-matching,398a2d606c8b01b77413c33257f2a39a677c6a41f525a84b4f7e5a27fd04e8ce,e14ddcc9c89ed951c279b78908c97da8daaa84b6e19b9494cbaadef27e23505e,2,2,True,0,0,0,1,1,1,1,1,1,1,1,1,True,True,True,False,False
train,us-patent-phrase-to-phrase-matching,a6022e38a5a7898a18cf0a099bc7a48f4c210ba6e8089fe7ccf609de7b363ab5,a877ef26a331211bef3761ab64c64263c1681a8ba9edf43d42a9182bc8fd4f72,2,2,True,0,0,0,1,1,1,1,1,1,1,1,1,True,True,True,False,False
train,us-patent-phrase-to-phrase-matching,398a2d606c8b01b77413c33257f2a39a677c6a41f525a84b4f7e5a27fd04e8ce,bb335be8fba7c2071c5dc8673e4e41a2912a5836724e1a9048d08ac2e56cb58c,2,2,True,0,0,0,1,1,1,1,1,1,1,1,1,True,True,True,False,False
train,us-patent-phrase-to-phrase-matching,398a2d606c8b01b77413c33257f2a39a677c6a41f525a84b4f7e5a27fd04e8ce,f913b156ed45770d6bb02b17b7020b93a9ce457d0376511353996b0fc9be6341,2,2,True,0,0,0,1,1,1,1,1,1,1,1,1,True,True,True,False,False
train,us-patent-phrase-to-phrase-matching,1ca2e8029f50618300b3d047cdafa337af643b01756988d8e8f6c70386f3798d,887234e6ea8663d52846f1892e6e43e0e63c7fdd30542656f0b4118512823b30,2,2,True,0,0,0,1,1,1,1,1,1,1,1,1,True,True,True,False,False
train,us-patent-phrase-to-phrase-matching,a6022e38a5a7898a18cf0a099bc7a48f4c210ba6e8089fe7ccf609de7b363ab5,a27707b2dd41acfaada2f097686aa6852079c2c3303d6f485c35445d05721570,2,2,True,0,0,0,1,1,1,1,1,1,1,1,1,True,True,True,False,False
train,us-patent-phrase-to-phrase-matching,a6022e38a5a7898a18cf0a099bc7a48f4c210ba6e8089fe7ccf609de7b363ab5,c34bb173419408beafc4850b3857d5a87ca9d3e35ecc132f983cd7179bc453a6,2,2,True,0,0,0,1,1,1,1,1,1,1,1,1,True,True,True,False,False
train,us-patent-phrase-to-phrase-matching,a6022e38a5a7898a18cf0a099bc7a48f4c210ba6e8089fe7ccf609de7b363ab5,db0c91c2c4c2179f85f8332f0cf930bdb4a6ebfcc87752bdeda51e3e5e32c750,2,2,True,0,0,0,1,1,1,1,1,1,1,1,1,True,True,True,False,False
train,us-patent-phrase-to-phrase-matching,398a2d606c8b01b77413c33257f2a39a677c6a41f525a84b4f7e5a27fd04e8ce,eaf920424a498d53f3e8b5565d0ac3ca69c6f7e2f6ca445602cd7062bda5ecb1,2,2,True,0,0,0,1,1,1,1,1,1,1,1,1,True,True,True,False,False
train,us-patent-phrase-to-phrase-matching,398a2d606c8b01b77413c33257f2a39a677c6a41f525a84b4f7e5a27fd04e8ce,25ea395ebafd3bf5e15c74c75eac637571f282c8acd8b04e6482891ae6df6b06,2,2,True,0,0,0,1,1,1,1,1,1,1,1,1,True,True,True,False,False
train,us-patent-phrase-to-phrase-matching,a6022e38a5a7898a18cf0a099bc7a48f4c210ba6e8089fe7ccf609de7b363ab5,00cc10d0d879ec3b0112ccb5e5f1f4f41266ca081ab699e2f6f74170c4739079,2,2,True,0,0,0,1,1,1,1,1,1,1,1,1,True,True,True,False,False
train,us-patent-phrase-to-phrase-matching,398a2d606c8b01b77413c33257f2a39a677c6a41f525a84b4f7e5a27fd04e8ce,5c742d4bf8732bac9b47c13ca1cd558c7683d2844f8328904c8dfeb111c5068f,2,2,True,0,0,0,1,1,1,1,1,1,1,1,1,True,True,True,False,False
train,us-patent-phrase-to-phrase-matching,a6022e38a5a7898a18cf0a099bc7a48f4c210ba6e8089fe7ccf609de7b363ab5,1ae019372c8d9f93ed6722025ec01f6ba6181406ba560b87ffe7a9870c91ffb9,2,2,True,0,0,0,1,1,1,1,1,1,1,1,1,True,True,True,False,False
train,us-patent-phrase-to-phrase-matching,398a2d606c8b01b77413c33257f2a39a677c6a41f525a84b4f7e5a27fd04e8ce,eef01e02aa92a5b348337e377d70f6030b15ed5713e2694fe1286d32abc291a1,2,2,True,0,0,0,1,1,1,1,1,1,1,1,1,True,True,True,False,False
train,us-patent-phrase-to-phrase-matching,398a2d606c8b01b77413c33257f2a39a677c6a41f525a84b4f7e5a27fd04e8ce,4d2abf9f5987c94c712b679796b7f3d3b74066a2aa3023c3d11b3c59353cb609,2,2,True,0,0,0,1,1,1,1,1,1,1,1,1,True,True,True,False,False
train,us-patent-phrase-to-phrase-matching,398a2d606c8b01b77413c33257f2a39a677c6a41f525a84b4f7e5a27fd04e8ce,6f38a05e455a68ca84b9189947e7666a86dfeda7ea929b28ea7468d511943390,2,2,True,0,0,0,1,1,1,1,1,1,1,1,1,True,True,True,False,False
train,us-patent-phrase-to-phrase-matching,e942353c22a4959d6087d7781ccace646e16d4eeb0e4c9e125ecb2c0c05eccc8,dc8b272e6a7babe3227f8a6e95da11cfe9beee10e731b2e30375271045a0c840,2,2,True,0,0,0,1,1,1,1,1,1,1,1,1,True,True,True,False,False
train,us-patent-phrase-to-phrase-matching,e942353c22a4959d6087d7781ccace646e16d4eeb0e4c9e125ecb2c0c05eccc8,71e27d7f6b0955f1afdc03c575451e945d54bda12cb29cc976da851301ff09c6,2,2,True,0,0,0,1,1,1,1,1,1,1,1,1,True,True,True,False,False
train,us-patent-phrase-to-phrase-matching,398a2d606c8b01b77413c33257f2a39a677c6a41f525a84b4f7e5a27fd04e8ce,dabaea02dda1bf956a8fa7985d446a3b0d863b91fc1e9fac21382e787033425f,2,2,True,0,0,0,1,1,1,1,1,1,1,1,1,True,True,True,False,False
train,us-patent-phrase-to-phrase-matching,398a2d606c8b01b77413c33257f2a39a677c6a41f525a84b4f7e5a27fd04e8ce,5128b6757f8b20ffe134f43d34df25089b5da9605f34cfb344e816c2ed3210ff,2,2,True,0,0,0,1,1,1,1,1,1,1,1,1,True,True,True,False,False
train,us-patent-phrase-to-phrase-matching,398a2d606c8b01b77413c33257f2a39a677c6a41f525a84b4f7e5a27fd04e8ce,dc2da3c1f1309a9df5d0db28115f4d08b185083b0bc5c30b2d96b9b8e6c75359,2,2,True,0,0,0,1,1,1,1,1,1,1,1,1,True,True,True,False,False
train,us-patent-phrase-to-phrase-matching,398a2d606c8b01b77413c33257f2a39a677c6a41f525a84b4f7e5a27fd04e8ce,756a018d5e7c54486cccf7504372c8ae20d5f420c77a6bda55201229f896d98a,2,2,True,0,0,0,1,1,1,1,1,1,1,1,1,True,True,True,False,False
train,us-patent-phrase-to-phrase-matching,a6022e38a5a7898a18cf0a099bc7a48f4c210ba6e8089fe7ccf609de7b363ab5,45c3587e282a50b9591ce574cba9d0e78663e5ac92f263e9880c97e1736676d2,2,2,True,0,0,0,1,1,1,1,1,1,1,1,1,True,True,True,False,False
train,us-patent-phrase-to-phrase-matching,a6022e38a5a7898a18cf0a099bc7a48f4c210ba6e8089fe7ccf609de7b363ab5,1d0b178f0c3369528278c223147542af37c447976adc055e92b22d2c6edf0eb6,2,2,True,0,0,0,1,1,1,1,1,1,1,1,1,True,True,True,False,False
train,us-patent-phrase-to-phrase-matching,398a2d606c8b01b77413c33257f2a39a677c6a41f525a84b4f7e5a27fd04e8ce,5e6aa7ac8b6205fcb1904a38d64627945b75177fdf501ef4808b946df81a08e6,2,2,True,0,0,0,1,1,1,1,1,1,1,1,1,True,True,True,False,False
train,us-patent-phrase-to-phrase-matching,a6022e38a5a7898a18cf0a099bc7a48f4c210ba6e8089fe7ccf609de7b363ab5,6de930c8d34ef4499b2d4df501574b1daad9cc252fcd61f83d128bf112ece2be,2,2,True,0,0,0,1,1,1,1,1,1,1,1,1,True,True,True,False,False
train,us-patent-phrase-to-phrase-matching,398a2d606c8b01b77413c33257f2a39a677c6a41f525a84b4f7e5a27fd04e8ce,da91f9193a01e3ff8374971d560de92dab2e398bd6f3f7cb7329d37e855a16b1,2,2,True,0,0,0,1,1,1,1,1,1,1,1,1,True,True,True,False,False
train,us-patent-phrase-to-phrase-matching,398a2d606c8b01b77413c33257f2a39a677c6a41f525a84b4f7e5a27fd04e8ce,9d923349c6278ccbee853569ec36097c7e66ed747a0cdeb62575e452a1c6d705,2,2,True,0,0,0,1,1,1,1,1,1,1,1,1,True,True,True,False,False
train,us-patent-phrase-to-phrase-matching,398a2d606c8b01b77413c33257f2a39a677c6a41f525a84b4f7e5a27fd04e8ce,d29fdde0bc00894fb5ac1d70f60941d3852a74f7ffb629ff9927d1beca63345d,2,2,True,0,0,0,1,1,1,1,1,1,1,1,1,True,True,True,False,False
train,us-patent-phrase-to-phrase-matching,398a2d606c8b01b77413c33257f2a39a677c6a41f525a84b4f7e5a27fd04e8ce,9c01de411968ba60e7cf0f77180459404ba39af31856e2a3ea40751748a6bfad,2,2,True,0,0,0,1,1,1,1,1,1,1,1,1,True,True,True,False,False
train,us-patent-phrase-to-phrase-matching,398a2d606c8b01b77413c33257f2a39a677c6a41f525a84b4f7e5a27fd04e8ce,36cfe3c806b5fd9e26506dfabbe51a7d1337813f0f69842858078faf66f2d4f8,2,2,True,0,0,0,1,1,1,1,1,1,1,1,1,True,True,True,False,False
train,us-patent-phrase-to-phrase-matching,a6022e38a5a7898a18cf0a099bc7a48f4c210ba6e8089fe7ccf609de7b363ab5,afff1a9a446873d28bd624d540c225b742cb0184b62e567df50d8e6fdf2352ce,2,2,True,0,0,0,1,1,1,1,1,1,1,1,1,True,True,True,False,False
train,us-patent-phrase-to-phrase-matching,398a2d606c8b01b77413c33257f2a39a677c6a41f525a84b4f7e5a27fd04e8ce,aa96a0dce9b913fe6b0725175a81ee157bfeb9218d75754384b6cfb63950a48b,2,2,True,0,0,0,1,1,1,1,1,1,1,1,1,True,True,True,False,False
train,us-patent-phrase-to-phrase-matching,398a2d606c8b01b77413c33257f2a39a677c6a41f525a84b4f7e5a27fd04e8ce,6837e65802955d28b9a149c552cc10f1e8e626c9c7d9384b596eb681ffb32896,2,2,True,0,0,0,1,1,1,1,1,1,1,1,1,True,True,True,False,False
train,us-patent-phrase-to-phrase-matching,398a2d606c8b01b77413c33257f2a39a677c6a41f525a84b4f7e5a27fd04e8ce,98b0e0d11850f56595dcb5cb3df403dfc24b2ff49b85e4edc31158ada56846c6,2,2,True,0,0,0,1,1,1,1,1,1,1,1,1,True,True,True,False,False
train,us-patent-phrase-to-phrase-matching,398a2d606c8b01b77413c33257f2a39a677c6a41f525a84b4f7e5a27fd04e8ce,c22d1a4852f6badbb7ec6e607ab79a913fda326b8c17f3bee478a4e42c749304,2,2,True,0,0,0,1,1,1,1,1,1,1,1,1,True,True,True,False,False
train,us-patent-phrase-to-phrase-matching,a6022e38a5a7898a18cf0a099bc7a48f4c210ba6e8089fe7ccf609de7b363ab5,67e2d472a67a74c51316f53f79903132823d4795460e8efc91ecfb02a5315a21,2,2,True,0,0,0,1,1,1,1,1,1,1,1,1,True,True,True,False,False
train,us-patent-phrase-to-phrase-matching,398a2d606c8b01b77413c33257f2a39a677c6a41f525a84b4f7e5a27fd04e8ce,740a3f674e24bfa830e9d765d64d279b679170e46ad5287829e61c886a5e0934,2,2,True,0,0,0,1,1,1,1,1,1,1,1,1,True,True,True,False,False
train,us-patent-phrase-to-phrase-matching,a6022e38a5a7898a18cf0a099bc7a48f4c210ba6e8089fe7ccf609de7b363ab5,ec876a387d05fa73f36497e259018aecec769f8d2deef7381b4e5b9abe6e47da,2,2,True,0,0,0,1,1,1,1,1,1,1,1,1,True,True,True,False,False
train,us-patent-phrase-to-phrase-matching,398a2d606c8b01b77413c33257f2a39a677c6a41f525a84b4f7e5a27fd04e8ce,5478f5885ee60bc4986a4c5d8af9aa34340cb007c46c9197fa4a8233f05989ea,2,2,True,0,0,0,1,1,1,1,1,1,1,1,1,True,True,True,False,False
train,us-patent-phrase-to-phrase-matching,398a2d606c8b01b77413c33257f2a39a677c6a41f525a84b4f7e5a27fd04e8ce,7069b88b6f87649a75cc3c6ed7f9b2bb9ab5ec2ab6e009e778fe0574dd1e2975,2,2,True,0,0,0,1,1,1,1,1,1,1,1,1,True,True,True,False,False
train,us-patent-phrase-to-phrase-matching,a6022e38a5a7898a18cf0a099bc7a48f4c210ba6e8089fe7ccf609de7b363ab5,bf95181c611c275afe011c5df874e09afe5440279038c0e6f85d02e448b412b6,2,2,True,0,0,0,1,1,1,1,1,1,1,1,1,True,True,True,False,False
train,us-patent-phrase-to-phrase-matching,398a2d606c8b01b77413c33257f2a39a677c6a41f525a84b4f7e5a27fd04e8ce,4ae3f3049a1d79eedb6c6f2e746a6d55e2dd0a31f4b1a8debc9e47640cd7f6cc,2,2,True,0,0,0,1,1,1,1,1,1,1,1,1,True,True,True,False,False
train,us-patent-phrase-to-phrase-matching,390ad41caca8f76963ad811ab94301281295fb64fdc192ddb94e72ad99e1150c,cfe5e92be01794ba153106c79fe8d7603421d0f9feaf8810aa92d8a0b1311ee7,2,2,True,0,0,0,1,1,1,1,1,1,1,1,1,True,True,True,False,False
train,us-patent-phrase-to-phrase-matching,398a2d606c8b01b77413c33257f2a39a677c6a41f525a84b4f7e5a27fd04e8ce,def1c58e9d604b05b81f8a3c8c3f91a0a05ba573b8e7ec9ef2e4806ed397b52e,2,2,True,0,0,0,1,1,1,1,1,1,1,1,1,True,True,True,False,False
train,us-patent-phrase-to-phrase-matching,e5e2e68365d3694856ad7efd844bf9de2ee798ec97c0c12fa53cc9b2a3ed24a0,699f312970772f899d4c652544f16f83e1cf51ce7e0b45501a756860cec68a04,2,2,True,0,0,0,1,1,1,1,1,1,1,1,1,True,True,True,False,False
train,us-patent-phrase-to-phrase-matching,398a2d606c8b01b77413c33257f2a39a677c6a41f525a84b4f7e5a27fd04e8ce,7c30a087dd84030f08756f3048d72b174e4ddea07722adad668964460b592005,2,2,True,0,0,0,1,1,1,1,1,1,1,1,1,True,True,True,False,False
train,us-patent-phrase-to-phrase-matching,398a2d606c8b01b77413c33257f2a39a677c6a41f525a84b4f7e5a27fd04e8ce,df71b55b404fff351bc2b8d4e2f1eb24668af40563d0d9d7ecf1436f15bfac04,2,2,True,0,0,0,1,1,1,1,1,1,1,1,1,True,True,True,False,False
train,us-patent-phrase-to-phrase-matching,398a2d606c8b01b77413c33257f2a39a677c6a41f525a84b4f7e5a27fd04e8ce,6444582648b15b9a2ae1321e1623194305c36ca071c983d510f978f274dd23b0,2,2,True,0,0,0,1,1,1,1,1,1,1,1,1,True,True,True,False,False
train,us-patent-phrase-to-phrase-matching,a6022e38a5a7898a18cf0a099bc7a48f4c210ba6e8089fe7ccf609de7b363ab5,c5b74679ea2b51a0672578b0f5ea7ae00b8a0be1cad00b1ca522cbcf53ce9392,2,2,True,0,0,0,1,1,1,1,1,1,1,1,1,True,True,True,False,False
train,us-patent-phrase-to-phrase-matching,398a2d606c8b01b77413c33257f2a39a677c6a41f525a84b4f7e5a27fd04e8ce,e2785b2f369ee5db7e328383a38bed5540edf670a397aa3351f6d6aabcc1a6b6,2,2,True,0,0,0,1,1,1,1,1,1,1,1,1,True,True,True,False,False
train,us-patent-phrase-to-phrase-matching,398a2d606c8b01b77413c33257f2a39a677c6a41f525a84b4f7e5a27fd04e8ce,1b3468d72d7ad6ea8b1f99c4db119c170d88c1ad9465c8820e29fa03c2e88f45,2,2,True,0,0,0,1,1,1,1,1,1,1,1,1,True,True,True,False,False
train,us-patent-phrase-to-phrase-matching,a6022e38a5a7898a18cf0a099bc7a48f4c210ba6e8089fe7ccf609de7b363ab5,92cde60872ec8446fb2f4aec7aab1eaad5a56090fa21f5c260298b403752c763,2,2,True,0,0,0,1,1,1,1,1,1,1,1,1,True,True,True,False,False
train,us-patent-phrase-to-phrase-matching,398a2d606c8b01b77413c33257f2a39a677c6a41f525a84b4f7e5a27fd04e8ce,37758f43415d40ec12d57d2f08afbffef8921965e154d881cd045403b3ce6713,2,2,True,0,0,0,1,1,1,1,1,1,1,1,1,True,True,True,False,False
train,us-patent-phrase-to-phrase-matching,a6022e38a5a7898a18cf0a099bc7a48f4c210ba6e8089fe7ccf609de7b363ab5,9851dc90734e87e65a65a5902d05c4ea5ff7a9952ea9a44ddccdf65d742c9317,2,2,True,0,0,0,1,1,1,1,1,1,1,1,1,True,True,True,False,False
train,us-patent-phrase-to-phrase-matching,a6022e38a5a7898a18cf0a099bc7a48f4c210ba6e8089fe7ccf609de7b363ab5,6cb320e48f168ad356bebba1f8cc5dc9ccfab931594cd340e999a5fe4fc1694c,2,2,True,0,0,0,1,1,1,1,1,1,1,1,1,True,True,True,False,False
train,us-patent-phrase-to-phrase-matching,398a2d606c8b01b77413c33257f2a39a677c6a41f525a84b4f7e5a27fd04e8ce,1dd56ef8dac8494b2ffd6ae0c295a7cf6a86bfbf82a1412af3386d99ff672aa2,2,2,True,0,0,0,1,1,1,1,1,1,1,1,1,True,True,True,False,False
train,us-patent-phrase-to-phrase-matching,398a2d606c8b01b77413c33257f2a39a677c6a41f525a84b4f7e5a27fd04e8ce,24e2ab4ccbe6a03f5921b4b51ab20b3af934d3ff9683b0ecf67e93c1b87937ff,2,2,True,0,0,0,1,1,1,1,1,1,1,1,1,True,True,True,False,False
train,us-patent-phrase-to-phrase-matching,398a2d606c8b01b77413c33257f2a39a677c6a41f525a84b4f7e5a27fd04e8ce,e1fd88ca98e35f4893ec1b06b35f142b30286eaf38926526b185096b765cf24a,2,2,True,0,0,0,1,1,1,1,1,1,1,1,1,True,True,True,False,False
train,us-patent-phrase-to-phrase-matching,a6022e38a5a7898a18cf0a099bc7a48f4c210ba6e8089fe7ccf609de7b363ab5,ba6809ab57ed62489b6ff8de3b3554d8e94adaf84afebbeead45543d5927f367,2,2,True,0,0,0,1,1,1,1,1,1,1,1,1,True,True,True,False,False
train,us-patent-phrase-to-phrase-matching,398a2d606c8b01b77413c33257f2a39a677c6a41f525a84b4f7e5a27fd04e8ce,741d82cb7bc45d5aa95837b5930deeb70ecb47b29b78505c1563e54ca05446c3,2,2,True,0,0,0,1,1,1,1,1,1,1,1,1,True,True,True,False,False
train,us-patent-phrase-to-phrase-matching,a6022e38a5a7898a18cf0a099bc7a48f4c210ba6e8089fe7ccf609de7b363ab5,acd771df3fccb627a57243504e9275b72b15e40ebfac60a271894f8464884cb3,2,2,True,0,0,0,1,1,1,1,1,1,1,1,1,True,True,True,False,False
train,us-patent-phrase-to-phrase-matching,a6022e38a5a7898a18cf0a099bc7a48f4c210ba6e8089fe7ccf609de7b363ab5,04826a6fb0287d9a8de7af221fee91a214f02d5fc7d0555a85aeafd6e28a9221,2,2,True,0,0,0,1,1,1,1,1,1,1,1,1,True,True,True,False,False
train,us-patent-phrase-to-phrase-matching,398a2d606c8b01b77413c33257f2a39a677c6a41f525a84b4f7e5a27fd04e8ce,e3fa1fb6b36d12ba4f0655becf8991ee817aefa724f48c1ac7e137f85f2cfe11,2,2,True,0,0,0,1,1,1,1,1,1,1,1,1,True,True,True,False,False
train,us-patent-phrase-to-phrase-matching,a6022e38a5a7898a18cf0a099bc7a48f4c210ba6e8089fe7ccf609de7b363ab5,8599145558792cf79425b17d152180284dceeeff909da72a5868fb7aba894814,2,2,True,0,0,0,1,1,1,1,1,1,1,1,1,True,True,True,False,False
train,us-patent-phrase-to-phrase-matching,398a2d606c8b01b77413c33257f2a39a677c6a41f525a84b4f7e5a27fd04e8ce,a0a863ac998e38dcef771247e136ef47395d00500c9c8a09a37b58722b0a63ba,2,2,True,0,0,0,1,1,1,1,1,1,1,1,1,True,True,True,False,False
train,us-patent-phrase-to-phrase-matching,a6022e38a5a7898a18cf0a099bc7a48f4c210ba6e8089fe7ccf609de7b363ab5,f331681873e793f805e3bbc2f364bc177212c50c129533728846522b424b35af,2,2,True,0,0,0,1,1,1,1,1,1,1,1,1,True,True,True,False,False
train,us-patent-phrase-to-phrase-matching,398a2d606c8b01b77413c33257f2a39a677c6a41f525a84b4f7e5a27fd04e8ce,6ec1e9ff039fbf5a8ea9076170dfe8fcbf8f2e89c4570aa1f928b49ada0e98b5,2,2,True,0,0,0,1,1,1,1,1,1,1,1,1,True,True,True,False,False
train,us-patent-phrase-to-phrase-matching,a6022e38a5a7898a18cf0a099bc7a48f4c210ba6e8089fe7ccf609de7b363ab5,fdf46d0ec6b946ca4b4fa75a756f7b414eb31af200a9a03aae392ae2fa92276b,2,2,True,0,0,0,1,1,1,1,1,1,1,1,1,True,True,True,False,False
train,us-patent-phrase-to-phrase-matching,398a2d606c8b01b77413c33257f2a39a677c6a41f525a84b4f7e5a27fd04e8ce,1b11964d4fa3868a321eb5bf41086edbfb53bc4bf87ac38f9f50866499120d21,2,2,True,0,0,0,1,1,1,1,1,1,1,1,1,True,True,True,False,False
train,us-patent-phrase-to-phrase-matching,398a2d606c8b01b77413c33257f2a39a677c6a41f525a84b4f7e5a27fd04e8ce,c2119c5283dda02777c7d68b1a1073b2a74a7f3cc8f64c96716c2ca5ce1d576d,2,2,True,0,0,0,1,1,1,1,1,1,1,1,1,True,True,True,False,False
train,us-patent-phrase-to-phrase-matching,398a2d606c8b01b77413c33257f2a39a677c6a41f525a84b4f7e5a27fd04e8ce,a2b8b16c446452345cf5049a0d868910d5647a3a500b7f8bf23848759abd8591,2,2,True,0,0,0,1,1,1,1,1,1,1,1,1,True,True,True,False,False
train,us-patent-phrase-to-phrase-matching,398a2d606c8b01b77413c33257f2a39a677c6a41f525a84b4f7e5a27fd04e8ce,437f1c6c5775ce7155e2600aa1b9be197a67fb1d619b08f61f730eb3638afed9,2,2,True,0,0,0,1,1,1,1,1,1,1,1,1,True,True,True,False,False
train,us-patent-phrase-to-phrase-matching,398a2d606c8b01b77413c33257f2a39a677c6a41f525a84b4f7e5a27fd04e8ce,4788a0f89b7ead3504ffeaba60d3cd08d3e6d78793724f0a07d833f3bca7b707,2,2,True,0,0,0,1,1,1,1,1,1,1,1,1,True,True,True,False,False
train,us-patent-phrase-to-phrase-matching,a6022e38a5a7898a18cf0a099bc7a48f4c210ba6e8089fe7ccf609de7b363ab5,92c46e34064acac15944153395a728950d31131938ee28c5306ceddcd8bb9f21,2,2,True,0,0,0,1,1,1,1,1,1,1,1,1,True,True,True,False,False
train,us-patent-phrase-to-phrase-matching,a6022e38a5a7898a18cf0a099bc7a48f4c210ba6e8089fe7ccf609de7b363ab5,f8d5e2ac736752a2fc21afe1343c09320b55c017c70e7619e3cf84c1c616d2e5,2,2,True,0,0,0,1,1,1,1,1,1,1,1,1,True,True,True,False,False
train,us-patent-phrase-to-phrase-matching,398a2d606c8b01b77413c33257f2a39a677c6a41f525a84b4f7e5a27fd04e8ce,95024d0a9c5c6351d5952d782dab950452971d91635f20af2808ae320ac3e480,2,2,True,0,0,0,1,1,1,1,1,1,1,1,1,True,True,True,False,False
train,us-patent-phrase-to-phrase-matching,398a2d606c8b01b77413c33257f2a39a677c6a41f525a84b4f7e5a27fd04e8ce,b05550343d49be0bcf28ec150357133c0289b87ed7d01c0ce20e61a844d323f4,2,2,True,0,0,0,1,1,1,1,1,1,1,1,1,True,True,True,False,False
train,us-patent-phrase-to-phrase-matching,398a2d606c8b01b77413c33257f2a39a677c6a41f525a84b4f7e5a27fd04e8ce,52e6b0891389cae373a0ca897fbf4703a6977773756368b86c6f2d1a7e24f555,2,2,True,0,0,0,1,1,1,1,1,1,1,1,1,True,True,True,False,False
train,us-patent-phrase-to-phrase-matching,a6022e38a5a7898a18cf0a099bc7a48f4c210ba6e8089fe7ccf609de7b363ab5,57851b4874763722bd4e21092b4d053f227bdd40d784309a9a594ca90e27c7c6,2,2,True,0,0,0,1,1,1,1,1,1,1,1,1,True,True,True,False,False
train,us-patent-phrase-to-phrase-matching,398a2d606c8b01b77413c33257f2a39a677c6a41f525a84b4f7e5a27fd04e8ce,db95aacaeff617723a7aebf168a15e4af333a8e997bc0bf9bc3ddfac32c00dcb,2,2,True,0,0,0,1,1,1,1,1,1,1,1,1,True,True,True,False,False
train,us-patent-phrase-to-phrase-matching,398a2d606c8b01b77413c33257f2a39a677c6a41f525a84b4f7e5a27fd04e8ce,d6428badd749437ce66d369fb0d3b594304a5e1bd2ccd9b68df432c85d67b214,2,2,True,0,0,0,1,1,1,1,1,1,1,1,1,True,True,True,False,False
train,us-patent-phrase-to-phrase-matching,398a2d606c8b01b77413c33257f2a39a677c6a41f525a84b4f7e5a27fd04e8ce,28d2a415aa35859e1979514fe0fc5ccbc75757ef3699eb383a2fa39b192dd08d,2,2,True,0,0,0,1,1,1,1,1,1,1,1,1,True,True,True,False,False
train,us-patent-phrase-to-phrase-matching,a6022e38a5a7898a18cf0a099bc7a48f4c210ba6e8089fe7ccf609de7b363ab5,30c716ae9199e1ea1b296e719e487b384cfcb483bc9060acca7bedfbb291c439,2,2,True,0,0,0,1,1,1,1,1,1,1,1,1,True,True,True,False,False
train,us-patent-phrase-to-phrase-matching,a6022e38a5a7898a18cf0a099bc7a48f4c210ba6e8089fe7ccf609de7b363ab5,f674605d59ad0471c054c4bec69f85127b123170481271b1f1cad4e5aeb93701,2,2,True,0,0,0,1,1,1,1,1,1,1,1,1,True,True,True,False,False
train,us-patent-phrase-to-phrase-matching,398a2d606c8b01b77413c33257f2a39a677c6a41f525a84b4f7e5a27fd04e8ce,17a6ce9b682fdda54f2a2a05be97868e2ac9a920be23077bc5e198b69e3a2a0b,2,2,True,0,0,0,1,1,1,1,1,1,1,1,1,True,True,True,False,False
train,us-patent-phrase-to-phrase-matching,398a2d606c8b01b77413c33257f2a39a677c6a41f525a84b4f7e5a27fd04e8ce,8ab202a2f1f512696112efea8c06d3a5ed8678a70042fcbd45efbde96e62463d,2,2,True,0,0,0,1,1,1,1,1,1,1,1,1,True,True,True,False,False
train,us-patent-phrase-to-phrase-matching,398a2d606c8b01b77413c33257f2a39a677c6a41f525a84b4f7e5a27fd04e8ce,8c057f0507856dc686418b2a72b8b0704bddcf318ee7ef2a25444e204cf25906,2,2,True,0,0,0,1,1,1,1,1,1,1,1,1,True,True,True,False,False
train,us-patent-phrase-to-phrase-matching,398a2d606c8b01b77413c33257f2a39a677c6a41f525a84b4f7e5a27fd04e8ce,3d181231b975452eec5d98c3e6f044a07cf3aa0fb82d4e431b7d3d2d7c1e0a4f,2,2,True,0,0,0,1,1,1,1,1,1,1,1,1,True,True,True,False,False
train,us-patent-phrase-to-phrase-matching,a6022e38a5a7898a18cf0a099bc7a48f4c210ba6e8089fe7ccf609de7b363ab5,08031599d9178a354778412eef0e938f8b25711693078f125b8678c0ce1d3bd2,2,2,True,0,0,0,1,1,1,1,1,1,1,1,1,True,True,True,False,False
train,us-patent-phrase-to-phrase-matching,398a2d606c8b01b77413c33257f2a39a677c6a41f525a84b4f7e5a27fd04e8ce,14a6a8116c6dabe1724779467ca9f8d54781904009785f40daa5c79489f9d3a4,2,2,True,0,0,0,1,1,1,1,1,1,1,1,1,True,True,True,False,False
train,us-patent-phrase-to-phrase-matching,a6022e38a5a7898a18cf0a099bc7a48f4c210ba6e8089fe7ccf609de7b363ab5,6662fa58670c5320025e68ca6f987ce2066b1d2ff8d817fcd0c576995e152888,2,2,True,0,0,0,1,1,1,1,1,1,1,1,1,True,True,True,False,False
train,us-patent-phrase-to-phrase-matching,398a2d606c8b01b77413c33257f2a39a677c6a41f525a84b4f7e5a27fd04e8ce,d592b26a07d577eb862ea0fd2203129c5f30aec7a569e6bdd3d3534758146611,2,2,True,0,0,0,1,1,1,1,1,1,1,1,1,True,True,True,False,False
train,us-patent-phrase-to-phrase-matching,a6022e38a5a7898a18cf0a099bc7a48f4c210ba6e8089fe7ccf609de7b363ab5,5bbb5ef55c3b0c6cf45d47547b1f459611c702899e0bd16aba871cfe4f30df44,2,2,True,0,0,0,1,1,1,1,1,1,1,1,1,True,True,True,False,False
train,us-patent-phrase-to-phrase-matching,a6022e38a5a7898a18cf0a099bc7a48f4c210ba6e8089fe7ccf609de7b363ab5,3d94b7920609a32dd9368885a8cdb3fd7e5fa5ac5052ae7addb82734df6d1a00,2,2,True,0,0,0,1,1,1,1,1,1,1,1,1,True,True,True,False,False
train,us-patent-phrase-to-phrase-matching,398a2d606c8b01b77413c33257f2a39a677c6a41f525a84b4f7e5a27fd04e8ce,9516c7caa4f5b9b2ad71de0cfd1ce99f73a30f8513ffc88efc8ca1ce93a3ed41,2,2,True,0,0,0,1,1,1,1,1,1,1,1,1,True,True,True,False,False
train,us-patent-phrase-to-phrase-matching,e5e2e68365d3694856ad7efd844bf9de2ee798ec97c0c12fa53cc9b2a3ed24a0,95520dd126947237db8c42f4d8433453b0a756d59042dbff62ef3d888bfd81f7,2,2,True,0,0,0,1,1,1,1,1,1,1,1,1,True,True,True,False,False
train,us-patent-phrase-to-phrase-matching,398a2d606c8b01b77413c33257f2a39a677c6a41f525a84b4f7e5a27fd04e8ce,829b648c2bac034ac7c0ed186a72a14864e71c1d0acd42f71c979ac4557df4a6,2,2,True,0,0,0,1,1,1,1,1,1,1,1,1,True,True,True,False,False
train,us-patent-phrase-to-phrase-matching,398a2d606c8b01b77413c33257f2a39a677c6a41f525a84b4f7e5a27fd04e8ce,829568d6bf64902ad4f1814cf11f1577b1041a6e576ff813875265df62035ef5,2,2,True,0,0,0,1,1,1,1,1,1,1,1,1,True,True,True,False,False
train,us-patent-phrase-to-phrase-matching,398a2d606c8b01b77413c33257f2a39a677c6a41f525a84b4f7e5a27fd04e8ce,9a882c780c32e6a9fed8954aeb79fbaf8a16987a118319d73db805bd1c737d3e,2,2,True,0,0,0,1,1,1,1,1,1,1,1,1,True,True,True,False,False
train,us-patent-phrase-to-phrase-matching,a6022e38a5a7898a18cf0a099bc7a48f4c210ba6e8089fe7ccf609de7b363ab5,e7f4e2590a0bf697bf8ecb4f30948e58dd2f8e28f24199ae0fa668d186d4cb92,2,2,True,0,0,0,1,1,1,1,1,1,1,1,1,True,True,True,False,False
train,us-patent-phrase-to-phrase-matching,a6022e38a5a7898a18cf0a099bc7a48f4c210ba6e8089fe7ccf609de7b363ab5,a7d8710836d058dca385e1228fc3399bd1c650efcc26a194d4ae4e0eb12c3e27,2,2,True,0,0,0,1,1,1,1,1,1,1,1,1,True,True,True,False,False
train,us-patent-phrase-to-phrase-matching,a6022e38a5a7898a18cf0a099bc7a48f4c210ba6e8089fe7ccf609de7b363ab5,986b2a3e51bbb949a5db8ff1aaf2de082bee0d011423a384cc14409f61841a37,2,2,True,0,0,0,1,1,1,1,1,1,1,1,1,True,True,True,False,False
train,us-patent-phrase-to-phrase-matching,398a2d606c8b01b77413c33257f2a39a677c6a41f525a84b4f7e5a27fd04e8ce,1ae2d6aa0ddb4727b80e73068fcee61962e62d8da5d960f261479ab259003f79,2,2,True,0,0,0,1,1,1,1,1,1,1,1,1,True,True,True,False,False
train,us-patent-phrase-to-phrase-matching,398a2d606c8b01b77413c33257f2a39a677c6a41f525a84b4f7e5a27fd04e8ce,634e5753c95e9996bf29bfc97e9b9e16f6caabc0077c95e226b2d32c73adc815,2,2,True,0,0,0,1,1,1,1,1,1,1,1,1,True,True,True,False,False
train,us-patent-phrase-to-phrase-matching,a6022e38a5a7898a18cf0a099bc7a48f4c210ba6e8089fe7ccf609de7b363ab5,d780714e9e1bba9ff94c435863da546f6b900e2ac9a1a874b77a14814ffff95d,2,2,True,0,0,0,1,1,1,1,1,1,1,1,1,True,True,True,False,False
train,us-patent-phrase-to-phrase-matching,a6022e38a5a7898a18cf0a099bc7a48f4c210ba6e8089fe7ccf609de7b363ab5,bf42e9cd4e72c38ae8f5dabf36cdc1351e5fb4823fbe66133538f34729e18e58,2,2,True,0,0,0,1,1,1,1,1,1,1,1,1,True,True,True,False,False
train,us-patent-phrase-to-phrase-matching,398a2d606c8b01b77413c33257f2a39a677c6a41f525a84b4f7e5a27fd04e8ce,d747d6af83eb0ec250d788b65408e2fa78a9ebb4a3d61130eb6dacdf7121f72c,2,2,True,0,0,0,1,1,1,1,1,1,1,1,1,True,True,True,False,False
train,us-patent-phrase-to-phrase-matching,a6022e38a5a7898a18cf0a099bc7a48f4c210ba6e8089fe7ccf609de7b363ab5,99baa4348f39024075a07f4fcf47125cf02c5489bd6fc4c2c28a4f50a49ffc64,2,2,True,0,0,0,1,1,1,1,1,1,1,1,1,True,True,True,False,False
train,us-patent-phrase-to-phrase-matching,398a2d606c8b01b77413c33257f2a39a677c6a41f525a84b4f7e5a27fd04e8ce,05498839517c95a6d064304e16507e625c64c167e6b69e07d164e5697f37f467,2,2,True,0,0,0,1,1,1,1,1,1,1,1,1,True,True,True,False,False
train,us-patent-phrase-to-phrase-matching,398a2d606c8b01b77413c33257f2a39a677c6a41f525a84b4f7e5a27fd04e8ce,776112af038d61009b7ced2e9019c18cb26771c94ba1d49fed63eeacdf586d41,2,2,True,0,0,0,1,1,1,1,1,1,1,1,1,True,True,True,False,False
train,us-patent-phrase-to-phrase-matching,398a2d606c8b01b77413c33257f2a39a677c6a41f525a84b4f7e5a27fd04e8ce,8fbb292c71f76216a24cd2636af0e0fe868c623dfa116c647891cf719e0c7e40,2,2,True,0,0,0,1,1,1,1,1,1,1,1,1,True,True,True,False,False
train,us-patent-phrase-to-phrase-matching,a6022e38a5a7898a18cf0a099bc7a48f4c210ba6e8089fe7ccf609de7b363ab5,c082a56364bd3bb8f4e7eab64d9c48bc69b89878bbc5fee9c255142ea3913411,2,2,True,0,0,0,1,1,1,1,1,1,1,1,1,True,True,True,False,False
train,us-patent-phrase-to-phrase-matching,398a2d606c8b01b77413c33257f2a39a677c6a41f525a84b4f7e5a27fd04e8ce,40a5ef9f8f9a0c2651be09254efac14b7aee0adb659273e6cb668fe00ea1eeb8,2,2,True,0,0,0,1,1,1,1,1,1,1,1,1,True,True,True,False,False
train,us-patent-phrase-to-phrase-matching,a6022e38a5a7898a18cf0a099bc7a48f4c210ba6e8089fe7ccf609de7b363ab5,3b453cb82cf580e498f7a45c986b352dd5097a45da03d5d60d33a692736b0d18,2,2,True,0,0,0,1,1,1,1,1,1,1,1,1,True,True,True,False,False
train,us-patent-phrase-to-phrase-matching,398a2d606c8b01b77413c33257f2a39a677c6a41f525a84b4f7e5a27fd04e8ce,5aeefd04fba65b9e16c70027d9693d501768bf7b9ad00949f77879ee600b80fd,2,2,True,0,0,0,1,1,1,1,1,1,1,1,1,True,True,True,False,False
train,us-patent-phrase-to-phrase-matching,a6022e38a5a7898a18cf0a099bc7a48f4c210ba6e8089fe7ccf609de7b363ab5,53434e44e7ebc585f8eff8caa0eb225acc1dab0a00d3c2c90e04f47480ea09b0,2,2,True,0,0,0,1,1,1,1,1,1,1,1,1,True,True,True,False,False
train,us-patent-phrase-to-phrase-matching,398a2d606c8b01b77413c33257f2a39a677c6a41f525a84b4f7e5a27fd04e8ce,aefe696752f1b7706c82b6cd40f643f0197ddb21565af4872a42595062c29ceb,2,2,True,0,0,0,1,1,1,1,1,1,1,1,1,True,True,True,False,False
train,us-patent-phrase-to-phrase-matching,a6022e38a5a7898a18cf0a099bc7a48f4c210ba6e8089fe7ccf609de7b363ab5,0523bb7a2d7d0e90428eab5228837430e5ef4fbcf3e46e5e1c610ea78b0990c0,2,2,True,0,0,0,1,1,1,1,1,1,1,1,1,True,True,True,False,False
train,us-patent-phrase-to-phrase-matching,398a2d606c8b01b77413c33257f2a39a677c6a41f525a84b4f7e5a27fd04e8ce,52463d8214152986152853da66f850935d7bfce0825c33b5b0c36a9209b38083,2,2,True,0,0,0,1,1,1,1,1,1,1,1,1,True,True,True,False,False
train,us-patent-phrase-to-phrase-matching,a6022e38a5a7898a18cf0a099bc7a48f4c210ba6e8089fe7ccf609de7b363ab5,054cb9400c4b0cab1c1c8ee3583742ac3bacf6fea16cf4025d057ccefce82c6d,2,2,True,0,0,0,1,1,1,1,1,1,1,1,1,True,True,True,False,False
train,us-patent-phrase-to-phrase-matching,398a2d606c8b01b77413c33257f2a39a677c6a41f525a84b4f7e5a27fd04e8ce,dc946e82bcefae4dbd0feb0d84a84eb0800470aa2c0089e565c3800ea5874cfe,2,2,True,0,0,0,1,1,1,1,1,1,1,1,1,True,True,True,False,False
train,us-patent-phrase-to-phrase-matching,a6022e38a5a7898a18cf0a099bc7a48f4c210ba6e8089fe7ccf609de7b363ab5,d9e2c4b258e4dc7310a66e35cb9646d668631bd9fd2c7b3314d2fb77aff0bdea,2,2,True,0,0,0,1,1,1,1,1,1,1,1,1,True,True,True,False,False
train,us-patent-phrase-to-phrase-matching,398a2d606c8b01b77413c33257f2a39a677c6a41f525a84b4f7e5a27fd04e8ce,b84a003af4517f5a96d001b721fe31a67ef02bcb62d63208a5f2ee3fda6125b5,2,2,True,0,0,0,1,1,1,1,1,1,1,1,1,True,True,True,False,False
train,us-patent-phrase-to-phrase-matching,a9064e39e12675222b4f44a5f9943ac17caf80b1ef4b0eb60d2cfefc277a1caf,8ab08597787533ce568a83cac776f7d51459dfe6c9f3b21327f9c5d03b74e97b,2,2,True,0,0,0,1,1,1,1,1,1,1,1,1,True,True,True,False,False
train,us-patent-phrase-to-phrase-matching,398a2d606c8b01b77413c33257f2a39a677c6a41f525a84b4f7e5a27fd04e8ce,3523dbb7754e46e788df9a5986e67b68dd8fa030c98a4c4941d2ffdd5b863288,2,2,True,0,0,0,1,1,1,1,1,1,1,1,1,True,True,True,False,False
train,us-patent-phrase-to-phrase-matching,398a2d606c8b01b77413c33257f2a39a677c6a41f525a84b4f7e5a27fd04e8ce,31c940297ef0645458b3ccd6914b9bb48575f706cc4ac8501ecf293d48a16113,2,2,True,0,0,0,1,1,1,1,1,1,1,1,1,True,True,True,False,False
train,us-patent-phrase-to-phrase-matching,398a2d606c8b01b77413c33257f2a39a677c6a41f525a84b4f7e5a27fd04e8ce,332c072feb7d2a0b5b15434693304aacd83e7873bffa16da82c6e52c6d92e6d1,2,2,True,0,0,0,1,1,1,1,1,1,1,1,1,True,True,True,False,False
train,us-patent-phrase-to-phrase-matching,3a77b6065043f978e6a4bb4dc710240b64907a25598febd484a6c78b79e26f94,33074606e44c724285676069116ae0457303307520a8c78ebcafadea11fd0603,2,2,True,0,0,0,1,1,1,1,1,1,1,1,1,True,True,True,False,False
train,us-patent-phrase-to-phrase-matching,398a2d606c8b01b77413c33257f2a39a677c6a41f525a84b4f7e5a27fd04e8ce,14d3040a49b210d24674a5bf7312b67e2d2ea698256fdb2048098bfae4585071,2,2,True,0,0,0,1,1,1,1,1,1,1,1,1,True,True,True,False,False
train,us-patent-phrase-to-phrase-matching,a6022e38a5a7898a18cf0a099bc7a48f4c210ba6e8089fe7ccf609de7b363ab5,84a5e7d36b0e4dd44ca3da9d0db4f0cdfb95f828ae722285cc6eac9d7aa48b30,2,2,True,0,0,0,1,1,1,1,1,1,1,1,1,True,True,True,False,False
train,us-patent-phrase-to-phrase-matching,398a2d606c8b01b77413c33257f2a39a677c6a41f525a84b4f7e5a27fd04e8ce,70d9212e5936e6b0089ad16ca7d410ffcbcd7613d7d44474f2c13c9f4524da76,2,2,True,0,0,0,1,1,1,1,1,1,1,1,1,True,True,True,False,False
train,us-patent-phrase-to-phrase-matching,a6022e38a5a7898a18cf0a099bc7a48f4c210ba6e8089fe7ccf609de7b363ab5,f3be9e9d987330be45b68ffcf579c58004139e5c79171a45390dc073ad53ce79,2,2,True,0,0,0,1,1,1,1,1,1,1,1,1,True,True,True,False,False
train,us-patent-phrase-to-phrase-matching,398a2d606c8b01b77413c33257f2a39a677c6a41f525a84b4f7e5a27fd04e8ce,df678d9cc586276a318a88934030d04f029fb6d2350729be44dbab2541b48bf4,2,2,True,0,0,0,1,1,1,1,1,1,1,1,1,True,True,True,False,False
train,us-patent-phrase-to-phrase-matching,a6022e38a5a7898a18cf0a099bc7a48f4c210ba6e8089fe7ccf609de7b363ab5,4edc12b0e4f95cb9da8530df8697eface26dbaf76d65db4f5db3534334ea5744,2,2,True,0,0,0,1,1,1,1,1,1,1,1,1,True,True,True,False,False
train,us-patent-phrase-to-phrase-matching,398a2d606c8b01b77413c33257f2a39a677c6a41f525a84b4f7e5a27fd04e8ce,ad6e0d98abd2e55581d563b71b88df517dd62fe0aa775399a791ed1e67ed2817,2,2,True,0,0,0,1,1,1,1,1,1,1,1,1,True,True,True,False,False
train,us-patent-phrase-to-phrase-matching,398a2d606c8b01b77413c33257f2a39a677c6a41f525a84b4f7e5a27fd04e8ce,417b9c47973d24c27a00157b7a213ae2955b45df23bdff0d1431a4f737376b08,2,2,True,0,0,0,1,1,1,1,1,1,1,1,1,True,True,True,False,False
train,us-patent-phrase-to-phrase-matching,a6022e38a5a7898a18cf0a099bc7a48f4c210ba6e8089fe7ccf609de7b363ab5,440559bd0dd2a89c0bd9b44d6a9fdc96b36bde544c115bb4c67202a006d4954a,2,2,True,0,0,0,1,1,1,1,1,1,1,1,1,True,True,True,False,False
train,us-patent-phrase-to-phrase-matching,398a2d606c8b01b77413c33257f2a39a677c6a41f525a84b4f7e5a27fd04e8ce,92d305be31589a15df53df54f3fac1ead18278e2339a672a727943b4a7b1febc,2,2,True,0,0,0,1,1,1,1,1,1,1,1,1,True,True,True,False,False
train,us-patent-phrase-to-phrase-matching,398a2d606c8b01b77413c33257f2a39a677c6a41f525a84b4f7e5a27fd04e8ce,6c8f7bc1f8ad70af7f7bce1e5072335d0754d8646a9fa232e4f21c8456764785,2,2,True,0,0,0,1,1,1,1,1,1,1,1,1,True,True,True,False,False
train,us-patent-phrase-to-phrase-matching,398a2d606c8b01b77413c33257f2a39a677c6a41f525a84b4f7e5a27fd04e8ce,f6454f3297d500e6ba574c9f07e09ed37da852661075f540de8aaff59eb0a7e5,2,2,True,0,0,0,1,1,1,1,1,1,1,1,1,True,True,True,False,False
train,us-patent-phrase-to-phrase-matching,a6022e38a5a7898a18cf0a099bc7a48f4c210ba6e8089fe7ccf609de7b363ab5,053fc770a9d1d95bdb7b07b81060b957d2a45cf1f1cee295cf105a095696ea98,2,2,True,0,0,0,1,1,1,1,1,1,1,1,1,True,True,True,False,False
train,us-patent-phrase-to-phrase-matching,398a2d606c8b01b77413c33257f2a39a677c6a41f525a84b4f7e5a27fd04e8ce,e14aff584dd4c09dab82330564b3abe90b26d4a47abcecc3779068c086a4d676,2,2,True,0,0,0,1,1,1,1,1,1,1,1,1,True,True,True,False,False
train,us-patent-phrase-to-phrase-matching,a6022e38a5a7898a18cf0a099bc7a48f4c210ba6e8089fe7ccf609de7b363ab5,c1e6afe546c66d9307d6d80333859bd1413074d119611810fe028959f8825708,2,2,True,0,0,0,1,1,1,1,1,1,1,1,1,True,True,True,False,False
train,us-patent-phrase-to-phrase-matching,a6022e38a5a7898a18cf0a099bc7a48f4c210ba6e8089fe7ccf609de7b363ab5,95d1969ddff34a5c856ff3ba41b827564dbd2b295c19f0d9b2e3505867b25e1e,2,2,True,0,0,0,1,1,1,1,1,1,1,1,1,True,True,True,False,False
train,us-patent-phrase-to-phrase-matching,398a2d606c8b01b77413c33257f2a39a677c6a41f525a84b4f7e5a27fd04e8ce,4054d709501ff171b65ce95e00cccbd421587be9a7698488433ce007de10be9b,2,2,True,0,0,0,1,1,1,1,1,1,1,1,1,True,True,True,False,False
train,us-patent-phrase-to-phrase-matching,398a2d606c8b01b77413c33257f2a39a677c6a41f525a84b4f7e5a27fd04e8ce,f2b21f902fcb8de750fbc8d9ab5e6acc73b87151a8277f736b6bfb57dd21af96,2,2,True,0,0,0,1,1,1,1,1,1,1,1,1,True,True,True,False,False
train,us-patent-phrase-to-phrase-matching,398a2d606c8b01b77413c33257f2a39a677c6a41f525a84b4f7e5a27fd04e8ce,4a991b1d3045c870f0b90ed35f314654b4424950069e64139c14778b76f9c807,2,2,True,0,0,0,1,1,1,1,1,1,1,1,1,True,True,True,False,False
train,us-patent-phrase-to-phrase-matching,a6022e38a5a7898a18cf0a099bc7a48f4c210ba6e8089fe7ccf609de7b363ab5,03806c022bba713987e67bb63373a131dc0e730777dc115510680f7864ca6557,2,2,True,0,0,0,1,1,1,1,1,1,1,1,1,True,True,True,False,False
train,us-patent-phrase-to-phrase-matching,a6022e38a5a7898a18cf0a099bc7a48f4c210ba6e8089fe7ccf609de7b363ab5,6a74cf21be8d2f9427ee7febe12fa45ecfe0cc9db5689581bcccf62b70d7dd00,2,2,True,0,0,0,1,1,1,1,1,1,1,1,1,True,True,True,False,False
train,us-patent-phrase-to-phrase-matching,a6022e38a5a7898a18cf0a099bc7a48f4c210ba6e8089fe7ccf609de7b363ab5,c02459df8f6af5d7914281aff94bd30c94f30442cdd80e10157015af41855a2c,2,2,True,0,0,0,1,1,1,1,1,1,1,1,1,True,True,True,False,False
train,us-patent-phrase-to-phrase-matching,a6022e38a5a7898a18cf0a099bc7a48f4c210ba6e8089fe7ccf609de7b363ab5,fadb24e5523dfe6005fadd11070173852b0c6dabbc7be6cd9c55a31d71fd2341,2,2,True,0,0,0,1,1,1,1,1,1,1,1,1,True,True,True,False,False
train,us-patent-phrase-to-phrase-matching,a6022e38a5a7898a18cf0a099bc7a48f4c210ba6e8089fe7ccf609de7b363ab5,dddd3aade787ab030b7f6f7f0c5cdfae8842fbd6b80dff55a74ad75067b073ad,2,2,True,0,0,0,1,1,1,1,1,1,1,1,1,True,True,True,False,False
train,us-patent-phrase-to-phrase-matching,398a2d606c8b01b77413c33257f2a39a677c6a41f525a84b4f7e5a27fd04e8ce,9a00dd39868450264fbf274d00d6c9529126739abf756cc225313b9a4ac010fc,2,2,True,0,0,0,1,1,1,1,1,1,1,1,1,True,True,True,False,False
train,us-patent-phrase-to-phrase-matching,a6022e38a5a7898a18cf0a099bc7a48f4c210ba6e8089fe7ccf609de7b363ab5,478ab4710dbb8c8dc86f7a635b9636e906355b711c7ee873405fb1633b0aa4c7,2,2,True,0,0,0,1,1,1,1,1,1,1,1,1,True,True,True,False,False
train,us-patent-phrase-to-phrase-matching,398a2d606c8b01b77413c33257f2a39a677c6a41f525a84b4f7e5a27fd04e8ce,7f0def54ceb26d0f4b2db8ca1e8681577561d4e01ca750230306fd08c4bb8443,2,2,True,0,0,0,1,1,1,1,1,1,1,1,1,True,True,True,False,False
train,us-patent-phrase-to-phrase-matching,398a2d606c8b01b77413c33257f2a39a677c6a41f525a84b4f7e5a27fd04e8ce,9b52a95786fa938c3d5ef1f2a40c402f327765b2b74ca143c16c13b11a7bfe01,2,2,True,0,0,0,1,1,1,1,1,1,1,1,1,True,True,True,False,False
train,us-patent-phrase-to-phrase-matching,213340818872cd9ab976e5e392aa1fc64c8926bbca5557ff8bff73f6eba2f603,1ad18ba49e33250bf344ccc19536cf4dea2da37d3404c2f69a9e975312e54b2d,2,2,True,0,0,0,1,1,1,1,1,1,1,1,1,True,True,True,False,False
train,us-patent-phrase-to-phrase-matching,213340818872cd9ab976e5e392aa1fc64c8926bbca5557ff8bff73f6eba2f603,bbfe6d9b75dc00b66029bc2b29e5742ddc689dd41173630654869f98e777c7ac,2,2,True,0,0,0,1,1,1,1,1,1,1,1,1,True,True,True,False,False
train,us-patent-phrase-to-phrase-matching,a6022e38a5a7898a18cf0a099bc7a48f4c210ba6e8089fe7ccf609de7b363ab5,5c013c9307fbc5f040a74d4cb486858ae9bdeb9fc6a49ae6f57f5c1870b32352,2,2,True,0,0,0,1,1,1,1,1,1,1,1,1,True,True,True,False,False
train,us-patent-phrase-to-phrase-matching,e5e2e68365d3694856ad7efd844bf9de2ee798ec97c0c12fa53cc9b2a3ed24a0,4776180cd2ce029a4d3dd3778bca901d5815a4e25c2109d6fabbdf40b7e45e57,2,2,True,0,0,0,1,1,1,1,1,1,1,1,1,True,True,True,False,False
train,us-patent-phrase-to-phrase-matching,398a2d606c8b01b77413c33257f2a39a677c6a41f525a84b4f7e5a27fd04e8ce,b41f80285453a64e01063ff8c5eca502241f8cec5c78b6230c246d69a9db1284,2,2,True,0,0,0,1,1,1,1,1,1,1,1,1,True,True,True,False,False
train,us-patent-phrase-to-phrase-matching,398a2d606c8b01b77413c33257f2a39a677c6a41f525a84b4f7e5a27fd04e8ce,5f78d08ddaf63d1c53726c9be57cc5be734f4ee4ff5efe8d45e6084123589d86,2,2,True,0,0,0,1,1,1,1,1,1,1,1,1,True,True,True,False,False
train,us-patent-phrase-to-phrase-matching,a9064e39e12675222b4f44a5f9943ac17caf80b1ef4b0eb60d2cfefc277a1caf,d47de888718fb952139a66fcc457456bf9e09e2d6e49e3b69ff5195500ab7353,2,2,True,0,0,0,1,1,1,1,1,1,1,1,1,True,True,True,False,False
train,us-patent-phrase-to-phrase-matching,398a2d606c8b01b77413c33257f2a39a677c6a41f525a84b4f7e5a27fd04e8ce,d8af7355b936f1c9b9c17058289046f68e80cc9a04ff4fda562eae3de3b60382,2,2,True,0,0,0,1,1,1,1,1,1,1,1,1,True,True,True,False,False
train,us-patent-phrase-to-phrase-matching,a6022e38a5a7898a18cf0a099bc7a48f4c210ba6e8089fe7ccf609de7b363ab5,73749148ff55e68d9965876cbc011a53fe7f5cee866f19579b713a007904a391,2,2,True,0,0,0,1,1,1,1,1,1,1,1,1,True,True,True,False,False
train,us-patent-phrase-to-phrase-matching,398a2d606c8b01b77413c33257f2a39a677c6a41f525a84b4f7e5a27fd04e8ce,2d69e85b6748da1eb9c3b5292c02be5af32b11cb17d7f70194b72000d5df648b,2,2,True,0,0,0,1,1,1,1,1,1,1,1,1,True,True,True,False,False
train,us-patent-phrase-to-phrase-matching,398a2d606c8b01b77413c33257f2a39a677c6a41f525a84b4f7e5a27fd04e8ce,ab87733ee730a029334404e46ef76bac686ef8f6b0d32aeaac6fc3cf6eb83aac,2,2,True,0,0,0,1,1,1,1,1,1,1,1,1,True,True,True,False,False
train,us-patent-phrase-to-phrase-matching,398a2d606c8b01b77413c33257f2a39a677c6a41f525a84b4f7e5a27fd04e8ce,fad6913631a06b2965a01445720a99d18c29ddb9962771e360aa8e5b42568caa,2,2,True,0,0,0,1,1,1,1,1,1,1,1,1,True,True,True,False,False
train,us-patent-phrase-to-phrase-matching,398a2d606c8b01b77413c33257f2a39a677c6a41f525a84b4f7e5a27fd04e8ce,de6bb1a1ab63fdd3c2a34202637f6461c0e81fff0908599fa8ba431dc1d6eab9,2,2,True,0,0,0,1,1,1,1,1,1,1,1,1,True,True,True,False,False
train,us-patent-phrase-to-phrase-matching,a6022e38a5a7898a18cf0a099bc7a48f4c210ba6e8089fe7ccf609de7b363ab5,5ff8c7fa3029a1ccd5e697e91d0291cd18a95702601d66f97aaeaf4a8447f3c7,2,2,True,0,0,0,1,1,1,1,1,1,1,1,1,True,True,True,False,False
train,us-patent-phrase-to-phrase-matching,398a2d606c8b01b77413c33257f2a39a677c6a41f525a84b4f7e5a27fd04e8ce,47d50405fd313267785cc7e894c7487118ba22cbd2131665a913bae545fe4b30,2,2,True,0,0,0,1,1,1,1,1,1,1,1,1,True,True,True,False,False
train,us-patent-phrase-to-phrase-matching,a6022e38a5a7898a18cf0a099bc7a48f4c210ba6e8089fe7ccf609de7b363ab5,1056b82816a7320cec7e9962fa31df8c66861df0cce40ae6a2fb8461461f1ede,2,2,True,0,0,0,1,1,1,1,1,1,1,1,1,True,True,True,False,False
train,us-patent-phrase-to-phrase-matching,a6022e38a5a7898a18cf0a099bc7a48f4c210ba6e8089fe7ccf609de7b363ab5,06d17152b1cb6c94fadd9577587f2048efc9f642d60a81fbfdcff186314697dd,2,2,True,0,0,0,1,1,1,1,1,1,1,1,1,True,True,True,False,False
train,us-patent-phrase-to-phrase-matching,398a2d606c8b01b77413c33257f2a39a677c6a41f525a84b4f7e5a27fd04e8ce,ff7582371c6451666d0d327f7b7f92a2f5d0dfb1ebfb1036246cc91b49f3fd5f,2,2,True,0,0,0,1,1,1,1,1,1,1,1,1,True,True,True,False,False
train,us-patent-phrase-to-phrase-matching,a6022e38a5a7898a18cf0a099bc7a48f4c210ba6e8089fe7ccf609de7b363ab5,b8e14a0c999015c0d5d1d7e675905c76e4f37fd6823f2fd1618c952893da263e,2,2,True,0,0,0,1,1,1,1,1,1,1,1,1,True,True,True,False,False
train,us-patent-phrase-to-phrase-matching,a6022e38a5a7898a18cf0a099bc7a48f4c210ba6e8089fe7ccf609de7b363ab5,a820b0d36435a5b1e2611eced2e2d9eacf421b2140972c57499b03d14450211d,2,2,True,0,0,0,1,1,1,1,1,1,1,1,1,True,True,True,False,False
train,us-patent-phrase-to-phrase-matching,a6022e38a5a7898a18cf0a099bc7a48f4c210ba6e8089fe7ccf609de7b363ab5,4404bcd9913cc73e7efa221ed1b2d328fc2924759e92adc030a675309138b589,2,2,True,0,0,0,1,1,1,1,1,1,1,1,1,True,True,True,False,False
train,us-patent-phrase-to-phrase-matching,398a2d606c8b01b77413c33257f2a39a677c6a41f525a84b4f7e5a27fd04e8ce,a63afdb7e489701bdcdeb2e69c56205baac7f4bd8c053a35bc3d3445eab3085e,2,2,True,0,0,0,1,1,1,1,1,1,1,1,1,True,True,True,False,False
train,us-patent-phrase-to-phrase-matching,e942353c22a4959d6087d7781ccace646e16d4eeb0e4c9e125ecb2c0c05eccc8,db40d1848ba8506ac23656cee14a66cbf8e766be63234780cc8635334041e7e6,2,2,True,0,0,0,1,1,1,1,1,1,1,1,1,True,True,True,False,False
train,us-patent-phrase-to-phrase-matching,a6022e38a5a7898a18cf0a099bc7a48f4c210ba6e8089fe7ccf609de7b363ab5,c226d20c2f2b2c8760241855a5328ff48c8adca39b739236bdedf99178c307ce,2,2,True,0,0,0,1,1,1,1,1,1,1,1,1,True,True,True,False,False
train,us-patent-phrase-to-phrase-matching,a6022e38a5a7898a18cf0a099bc7a48f4c210ba6e8089fe7ccf609de7b363ab5,cb41d6602bbd8f2d783c824c24c3ea0b13bbe491e0eddfbd13b934b08ee3fd4c,2,2,True,0,0,0,1,1,1,1,1,1,1,1,1,True,True,True,False,False
train,us-patent-phrase-to-phrase-matching,a6022e38a5a7898a18cf0a099bc7a48f4c210ba6e8089fe7ccf609de7b363ab5,d3c6239f2500d3805f2c43feda858a9aecb333912b43931e5887e632a1ff348d,2,2,True,0,0,0,1,1,1,1,1,1,1,1,1,True,True,True,False,False
train,us-patent-phrase-to-phrase-matching,a6022e38a5a7898a18cf0a099bc7a48f4c210ba6e8089fe7ccf609de7b363ab5,5d9ecc521ac1787668308d6185a18b602e454aa35470277608c2a2449bb7b6ec,2,2,True,0,0,0,1,1,1,1,1,1,1,1,1,True,True,True,False,False
train,us-patent-phrase-to-phrase-matching,a6022e38a5a7898a18cf0a099bc7a48f4c210ba6e8089fe7ccf609de7b363ab5,16d3c5be615f09222346c8dfb61e96b9baa456fa104c29bc827136ceea7fbed7,2,2,True,0,0,0,1,1,1,1,1,1,1,1,1,True,True,True,False,False
train,us-patent-phrase-to-phrase-matching,398a2d606c8b01b77413c33257f2a39a677c6a41f525a84b4f7e5a27fd04e8ce,bd925c7228ff6122f825fe6bf4142fe937d4249dd1f7f1bb1e79958c8f67092b,2,2,True,0,0,0,1,1,1,1,1,1,1,1,1,True,True,True,False,False
train,us-patent-phrase-to-phrase-matching,398a2d606c8b01b77413c33257f2a39a677c6a41f525a84b4f7e5a27fd04e8ce,c550aa8cad93084051e7f5bacf81d698c6e8bf8b9b2d6f3e747783502ed94230,2,2,True,0,0,0,1,1,1,1,1,1,1,1,1,True,True,True,False,False
train,us-patent-phrase-to-phrase-matching,a6022e38a5a7898a18cf0a099bc7a48f4c210ba6e8089fe7ccf609de7b363ab5,f1e50ae41767e958f2daca8def855a08e9095910be4156dff48896310aebf528,2,2,True,0,0,0,1,1,1,1,1,1,1,1,1,True,True,True,False,False
train,us-patent-phrase-to-phrase-matching,a6022e38a5a7898a18cf0a099bc7a48f4c210ba6e8089fe7ccf609de7b363ab5,86e93d6b41dc6159de4b02f3ebd5636ab1db8a1047fdf3646713d3e189b38ddb,2,2,True,0,0,0,1,1,1,1,1,1,1,1,1,True,True,True,False,False
train,us-patent-phrase-to-phrase-matching,398a2d606c8b01b77413c33257f2a39a677c6a41f525a84b4f7e5a27fd04e8ce,88b3b0bca09e4f7a7859d736be91143ed3847a029c2abd293b9bbb749ec18caf,2,2,True,0,0,0,1,1,1,1,1,1,1,1,1,True,True,True,False,False
train,us-patent-phrase-to-phrase-matching,a6022e38a5a7898a18cf0a099bc7a48f4c210ba6e8089fe7ccf609de7b363ab5,2cdcfa0b4419ae8d785c6b0ba0bf9f1c10d6581f41f685ce44364b0968cc5d47,2,2,True,0,0,0,1,1,1,1,1,1,1,1,1,True,True,True,False,False
train,us-patent-phrase-to-phrase-matching,398a2d606c8b01b77413c33257f2a39a677c6a41f525a84b4f7e5a27fd04e8ce,d1ee554a672a0e520d46abb98e8e362094e7adc241c9964a18c88c1b9d6c96f3,2,2,True,0,0,0,1,1,1,1,1,1,1,1,1,True,True,True,False,False
train,us-patent-phrase-to-phrase-matching,a9064e39e12675222b4f44a5f9943ac17caf80b1ef4b0eb60d2cfefc277a1caf,3aa1ae6c8192fd8f36fd822a41636793fc3b65e1e8fd731e8ce3c44bb6e44292,2,2,True,0,0,0,1,1,1,1,1,1,1,1,1,True,True,True,False,False
train,us-patent-phrase-to-phrase-matching,398a2d606c8b01b77413c33257f2a39a677c6a41f525a84b4f7e5a27fd04e8ce,a6dbe856e9dc60a3b26fe7715f602cf6736bf97d13698f0a882b43a9658d134c,2,2,True,0,0,0,1,1,1,1,1,1,1,1,1,True,True,True,False,False
train,us-patent-phrase-to-phrase-matching,e942353c22a4959d6087d7781ccace646e16d4eeb0e4c9e125ecb2c0c05eccc8,fe86f604c340424934de94f257d9fb72e426143843b86a69f4df2dd84377cb0b,2,2,True,0,0,0,1,1,1,1,1,1,1,1,1,True,True,True,False,False
train,us-patent-phrase-to-phrase-matching,a6022e38a5a7898a18cf0a099bc7a48f4c210ba6e8089fe7ccf609de7b363ab5,8bb76186fc7f60751cbad2e7c1a12f7556703ac68b9c7e46a33546b212521ba4,2,2,True,0,0,0,1,1,1,1,1,1,1,1,1,True,True,True,False,False
train,us-patent-phrase-to-phrase-matching,398a2d606c8b01b77413c33257f2a39a677c6a41f525a84b4f7e5a27fd04e8ce,7a5ccd31681de292491e4b424abcc6a7c4c634bbe3ffedb7b8004f55202410b8,2,2,True,0,0,0,1,1,1,1,1,1,1,1,1,True,True,True,False,False
train,us-patent-phrase-to-phrase-matching,398a2d606c8b01b77413c33257f2a39a677c6a41f525a84b4f7e5a27fd04e8ce,07169bddc8a0d8a17c199e4c8853760698dc3cf7aff26991e63df24856e00d33,2,2,True,0,0,0,1,1,1,1,1,1,1,1,1,True,True,True,False,False
train,us-patent-phrase-to-phrase-matching,398a2d606c8b01b77413c33257f2a39a677c6a41f525a84b4f7e5a27fd04e8ce,b3c3574f88b375bd5976b2ee70b8cf98c96f46574c9c5d046eb64f3ed20ed412,2,2,True,0,0,0,1,1,1,1,1,1,1,1,1,True,True,True,False,False
train,us-patent-phrase-to-phrase-matching,398a2d606c8b01b77413c33257f2a39a677c6a41f525a84b4f7e5a27fd04e8ce,5d9e6111968ee07a3cddfb80b368aa2635ed2dc1c3d7acf33985e1734b375eb5,2,2,True,0,0,0,1,1,1,1,1,1,1,1,1,True,True,True,False,False
train,us-patent-phrase-to-phrase-matching,398a2d606c8b01b77413c33257f2a39a677c6a41f525a84b4f7e5a27fd04e8ce,89be7b009ef805595cb317ee5d39a7e35d6ed0f7ab52a2a3ac146fc32e0ca73a,2,2,True,0,0,0,1,1,1,1,1,1,1,1,1,True,True,True,False,False
train,us-patent-phrase-to-phrase-matching,a6022e38a5a7898a18cf0a099bc7a48f4c210ba6e8089fe7ccf609de7b363ab5,0aadfeedc32b333539d4ee128382ac023313eec0750c015769f5f3358260702d,2,2,True,0,0,0,1,1,1,1,1,1,1,1,1,True,True,True,False,False
train,us-patent-phrase-to-phrase-matching,a6022e38a5a7898a18cf0a099bc7a48f4c210ba6e8089fe7ccf609de7b363ab5,ae04ca9d1af791b57d34243fdc5fa2b8f9dc9c2829226870f96b2f9f3f34b9af,2,2,True,0,0,0,1,1,1,1,1,1,1,1,1,True,True,True,False,False
train,us-patent-phrase-to-phrase-matching,a6022e38a5a7898a18cf0a099bc7a48f4c210ba6e8089fe7ccf609de7b363ab5,c363b1518b71c26d288a868380fb7c246a3aec47e77ec32d10d28d546da6972b,2,2,True,0,0,0,1,1,1,1,1,1,1,1,1,True,True,True,False,False
train,us-patent-phrase-to-phrase-matching,a6022e38a5a7898a18cf0a099bc7a48f4c210ba6e8089fe7ccf609de7b363ab5,6656d41ee31002b79376e5ca56b3a21851f31a9d386f2bb9215fc08a80b5fc0e,2,2,True,0,0,0,1,1,1,1,1,1,1,1,1,True,True,True,False,False
train,us-patent-phrase-to-phrase-matching,a6022e38a5a7898a18cf0a099bc7a48f4c210ba6e8089fe7ccf609de7b363ab5,dc32b0bc1b1e18d2e6c95057fab73ec348f27b18fd454f3cacfbe7afadffb150,2,2,True,0,0,0,1,1,1,1,1,1,1,1,1,True,True,True,False,False
train,us-patent-phrase-to-phrase-matching,a6022e38a5a7898a18cf0a099bc7a48f4c210ba6e8089fe7ccf609de7b363ab5,1654e20244a8d7b7d608b436bbe168eda7f78bc77301e1197ea87b65983a1077,2,2,True,0,0,0,1,1,1,1,1,1,1,1,1,True,True,True,False,False
train,us-patent-phrase-to-phrase-matching,398a2d606c8b01b77413c33257f2a39a677c6a41f525a84b4f7e5a27fd04e8ce,8e6ab371a926b058a1bc9037c43d57f7a24901bb0e835bd414791bd3ebad5994,2,2,True,0,0,0,1,1,1,1,1,1,1,1,1,True,True,True,False,False
train,us-patent-phrase-to-phrase-matching,e5e2e68365d3694856ad7efd844bf9de2ee798ec97c0c12fa53cc9b2a3ed24a0,00d1ac0294a474430779971deb1455162d75b6702c2d6c4c9ed5936ab5ed4a70,2,2,True,0,0,0,1,1,1,1,1,1,1,1,1,True,True,True,False,False
train,us-patent-phrase-to-phrase-matching,398a2d606c8b01b77413c33257f2a39a677c6a41f525a84b4f7e5a27fd04e8ce,bff86a2a280303532500e142d854a9129d531d1917b9e71e9caf36bebef1e941,2,2,True,0,0,0,1,1,1,1,1,1,1,1,1,True,True,True,False,False
train,us-patent-phrase-to-phrase-matching,398a2d606c8b01b77413c33257f2a39a677c6a41f525a84b4f7e5a27fd04e8ce,a320d824ee0043e49aebc9c63ea73d58b37cd226e44d999b068fc37b27c9752e,2,2,True,0,0,0,1,1,1,1,1,1,1,1,1,True,True,True,False,False
train,us-patent-phrase-to-phrase-matching,398a2d606c8b01b77413c33257f2a39a677c6a41f525a84b4f7e5a27fd04e8ce,8cd3fc6efcb3dadae3a96712ec462c3f4b03c4b37f28a48f02201e15d6e91be3,2,2,True,0,0,0,1,1,1,1,1,1,1,1,1,True,True,True,False,False
train,whale-categorization-playground,b7d8429673c2d4783925cda4257b2b8c8ed8a56b4a00aa4c53bfc9950ad9db3f,19e06edd7b7fb394a95cee4a7b616c7d08e17d9ac73c98976aea932537593cc8,2,2,True,0,0,0,1,1,1,1,1,1,1,1,1,True,True,True,False,False
train,whale-categorization-playground,b7d8429673c2d4783925cda4257b2b8c8ed8a56b4a00aa4c53bfc9950ad9db3f,0085880a9e7e0ea4084971b5f611f288cb1fec8a1d2a9f2bef66f5db5707d543,2,2,True,0,0,0,1,1,1,1,1,1,1,1,1,True,True,True,False,False
train,whale-categorization-playground,b7d8429673c2d4783925cda4257b2b8c8ed8a56b4a00aa4c53bfc9950ad9db3f,9667e002141e7ad51b3e5815cb22231c50a7959ca4faa5db98856969364e79ee,2,2,True,0,0,0,1,1,1,1,1,1,1,1,1,True,True,True,False,False
train,whale-categorization-playground,604f3f7107f8ec0ce981500f0f2b0b0af02d29e501a68e9aa1d53ce3e8003bf0,a54f04fe929be6fac6aa08ab5a3f205f49a69407524755cc546929e8d6f8a63d,2,2,True,0,0,0,1,1,1,1,1,1,1,1,1,True,True,True,False,False
train,whale-categorization-playground,b7d8429673c2d4783925cda4257b2b8c8ed8a56b4a00aa4c53bfc9950ad9db3f,08482f58ba4e2677eb0487eebb396835cfe0d4581575011f4ce30e70f0fc40e1,2,2,True,0,0,0,1,1,1,1,1,1,1,1,1,True,True,True,False,False
train,whale-categorization-playground,e74f516480a8f431776a4c864ad1bc0e4c73dba55e3da72a8103437b89fa05ce,7b8c7decc36a41c5949a231900dc62b9b5c128ac617d78151b6f3e3f5bbfcd23,5,3,False,,0,2,3,3,3,3,3,3,,,,False,False,False,False,False
train,whale-categorization-playground,b7d8429673c2d4783925cda4257b2b8c8ed8a56b4a00aa4c53bfc9950ad9db3f,95abe0b5269ddd6c0babb72ea2c08b69982fc4103b09b15565d44b19b46c3662,2,2,True,0,0,0,1,1,1,1,1,1,1,1,1,True,True,True,False,False
train,whale-categorization-playground,2b7ac1b56275c3ab7142dfad947b36aedb76dea0a158b637960687f2e941373c,1af4fa348a36bb67346b0f37b0e60f12e65f4b5f1b5ba97be5645e06234222ae,2,2,True,0,0,0,1,1,1,1,1,1,1,1,1,True,True,True,False,False
train,whale-categorization-playground,b7d8429673c2d4783925cda4257b2b8c8ed8a56b4a00aa4c53bfc9950ad9db3f,b5c5918eee443fbebae009d624502881577198e1861dd39dabecb7a0343231f2,2,2,True,0,0,0,1,1,1,1,1,1,1,1,1,True,True,True,False,False
train,whale-categorization-playground,d9e6aced477e2c36a4404ba5638e6ae71b236e4e8341b91b353df2396f63ead9,d1197bba7c42aaea646fa257a975e98ca604f3da0746f92090ed13727303db8e,2,2,True,0,0,0,1,1,1,1,1,1,1,1,1,True,True,True,False,False
train,whale-categorization-playground,b7d8429673c2d4783925cda4257b2b8c8ed8a56b4a00aa4c53bfc9950ad9db3f,f9063321059dfc53e0bbef9b5b51e59f775c18925a29aa94dd96d6a0b47f24d0,2,2,True,0,0,0,1,1,1,1,1,1,1,1,1,True,True,True,False,False
train,whale-categorization-playground,68515025f24eecc50ed1dc47cb7355e0e9ecea6b111955a9403befee11e500f1,eaaa334c5f6f2615ffad996d8f809402cb21fa99e1cce068b16f0582e192b4cc,2,2,True,0,0,0,1,1,1,1,1,1,1,1,1,True,True,True,False,False
train,whale-categorization-playground,dc98ce1cea450e2ab8ef5282a7c6575cbcc3a025ac13eb8da4946e0566316e71,5539bedef26810e970a3277b5f96c8b7d06eae9857b70deea1c3618ad2dcc322,2,2,True,0,0,0,1,1,1,1,1,1,1,1,1,True,True,True,False,False
train,whale-categorization-playground,dc98ce1cea450e2ab8ef5282a7c6575cbcc3a025ac13eb8da4946e0566316e71,16cf2d7461dd05969549ec61a9521ba8128ba6b656f45f63b3e4fd67713150c3,2,2,True,0,0,0,1,1,1,1,1,1,1,1,1,True,True,True,False,False
train,whale-categorization-playground,b7d8429673c2d4783925cda4257b2b8c8ed8a56b4a00aa4c53bfc9950ad9db3f,7acd9537ec08889dc27c5453c984643b0dd1b3f7d053d358e1ea3907b75ca06b,2,2,True,0,0,0,1,1,1,1,1,1,1,1,1,True,True,True,False,False
train,whale-categorization-playground,2b7ac1b56275c3ab7142dfad947b36aedb76dea0a158b637960687f2e941373c,8cc994ed69f37382652eaa96d6f2b28200d4454c480cf738020ea0f4da28d6cc,2,2,True,0,0,0,1,1,1,1,1,1,1,1,1,True,True,True,False,False
train,whale-categorization-playground,604f3f7107f8ec0ce981500f0f2b0b0af02d29e501a68e9aa1d53ce3e8003bf0,7c1d52d23582a5b2d2d4677e45e73dacf62c4aa9c44f05b76348a867780a39e8,2,2,True,0,0,0,1,1,1,1,1,1,1,1,1,True,True,True,False,False
train,whale-categorization-playground,b7d8429673c2d4783925cda4257b2b8c8ed8a56b4a00aa4c53bfc9950ad9db3f,e6053f2e4955b3577d75e7fc39cb4bd9ff36ce648c0b87e47eb9865d76661b55,2,2,True,0,0,0,1,1,1,1,1,1,1,1,1,True,True,True,False,False
train,whale-categorization-playground,2b7ac1b56275c3ab7142dfad947b36aedb76dea0a158b637960687f2e941373c,4d2decf4635b192722a9e0057d86f35ecab87b37b2a2766e2dff1c7499affd74,2,2,True,0,0,0,1,1,1,1,1,1,1,1,1,True,True,True,False,False
train,whale-categorization-playground,b7d8429673c2d4783925cda4257b2b8c8ed8a56b4a00aa4c53bfc9950ad9db3f,323d6a577cbbc0a420fca13e4e98e9c8553ae90e0411a24e377d92708104497c,2,2,True,0,0,0,1,1,1,1,1,1,1,1,1,True,True,True,False,False
train,whale-categorization-playground,4004ddebe72934e7be4ac5950dc8e1fc7f3f5a08d380bff8847ffd4773726dbf,73ed231c9b9cfd4d7e4d185de3a0272de33b58ee9425a46f5d1832b95c9376dd,2,2,True,0,0,0,1,1,1,1,1,1,1,1,1,True,True,True,False,False
train,whale-categorization-playground,b7d8429673c2d4783925cda4257b2b8c8ed8a56b4a00aa4c53bfc9950ad9db3f,d58a1978c8c1e80a1f372ca60e444217ddebe909344e1f32e9d27761747a4245,2,2,True,0,0,0,1,1,1,1,1,1,1,1,1,True,True,True,False,False
train,whale-categorization-playground,10309b92c3656bfef4e8baf86f92bc3f5e6cab88fc1520a1d6d7a93db1565aba,3bf0e2e13532debcd8d76e0175eb2708c31cb466024c29ce9c28a367489e74a6,2,2,True,0,0,0,1,1,1,1,1,1,1,1,1,True,True,True,False,False
train,whale-categorization-playground,b7d8429673c2d4783925cda4257b2b8c8ed8a56b4a00aa4c53bfc9950ad9db3f,afa974b8294c5d2b2b9be120a52c8c549393e52c8131eb385fc19d4edf669740,2,2,True,0,0,0,1,1,1,1,1,1,1,1,1,True,True,True,False,False
train,whale-categorization-playground,10309b92c3656bfef4e8baf86f92bc3f5e6cab88fc1520a1d6d7a93db1565aba,8dd80dfdb644236ccd124e69525cff31786b8a9d047c8f1d0a2ec3b2589100a2,2,2,True,0,0,0,1,1,1,1,1,1,1,1,1,True,True,True,False,False
train,whale-categorization-playground,b7d8429673c2d4783925cda4257b2b8c8ed8a56b4a00aa4c53bfc9950ad9db3f,8f90fac65f2800d65d42a54ee5cf965ab588afb444cbb53aac2e7da866e9eeb2,2,2,True,0,0,0,1,1,1,1,1,1,1,1,1,True,True,True,False,False
train,whale-categorization-playground,b7d8429673c2d4783925cda4257b2b8c8ed8a56b4a00aa4c53bfc9950ad9db3f,8693615f0fc9b0504e71108861289ee6eb53cb72cebb2b9d41b02518a63ab233,2,2,True,0,0,0,1,1,1,1,1,1,1,1,1,True,True,True,False,False
train,whale-categorization-playground,d9e6aced477e2c36a4404ba5638e6ae71b236e4e8341b91b353df2396f63ead9,98e498434234593746d960d5d2097bb08208aabeb53c45aead0371eb431f4d1c,2,2,True,0,0,0,1,1,1,1,1,1,1,1,1,True,True,True,False,False
train,whale-categorization-playground,b7d8429673c2d4783925cda4257b2b8c8ed8a56b4a00aa4c53bfc9950ad9db3f,dac061b733818086c7bcca91b54dc2a83b6c87b53cd9208577abba882972634b,2,2,True,0,0,0,1,1,1,1,1,1,1,1,1,True,True,True,False,False
train,whale-categorization-playground,ffde61c25ceb224289cb522106af5f6fc5c02762db48b5ffdc2ef78e73057895,7a38385b10708c4ddab6c720001f4cad32ec00a7676fe0a8077529625d8b59dd,2,2,True,0,0,0,1,1,1,1,1,1,1,1,1,True,True,True,False,False
train,whale-categorization-playground,68515025f24eecc50ed1dc47cb7355e0e9ecea6b111955a9403befee11e500f1,7099dd5f49659375a152d80af6a8ad069b183ca574189fcc2d6b10988fc0108f,2,2,True,0,0,0,1,1,1,1,1,1,1,1,1,True,True,True,False,False
train,whale-categorization-playground,10309b92c3656bfef4e8baf86f92bc3f5e6cab88fc1520a1d6d7a93db1565aba,23d0dbb9272187fc936d01252003374823cd72ad5bbc3641c4e6ec6a0bfa5157,2,2,True,0,0,0,1,1,1,1,1,1,1,1,1,True,True,True,False,False
train,whale-categorization-playground,4004ddebe72934e7be4ac5950dc8e1fc7f3f5a08d380bff8847ffd4773726dbf,e6f3b415eee4f2bf97dec14618eb451cf19bd78094af300df4313ec0f1922648,2,2,True,0,0,0,1,1,1,1,1,1,1,1,1,True,True,True,False,False
train,whale-categorization-playground,dc98ce1cea450e2ab8ef5282a7c6575cbcc3a025ac13eb8da4946e0566316e71,26f41a6f4ee60d0e0af3bab9c1615fedfb92f7827fd936c9f7f7b8bf1e6d2a75,2,2,True,0,0,0,1,1,1,1,1,1,1,1,1,True,True,True,False,False
train,whale-categorization-playground,2b7ac1b56275c3ab7142dfad947b36aedb76dea0a158b637960687f2e941373c,57bef158050248aeeede11342995d9f7aacc333ddda89fcf1b7b6fed9b9e2616,2,2,True,0,0,0,1,1,1,1,1,1,1,1,1,True,True,True,False,False
train,whale-categorization-playground,4004ddebe72934e7be4ac5950dc8e1fc7f3f5a08d380bff8847ffd4773726dbf,883204067b4fbc820c960751ad8e961d2d7d28dd796e0c7d8e2dace4724c5d02,2,2,True,0,0,0,1,1,1,1,1,1,1,1,1,True,True,True,False,False
train,whale-categorization-playground,08c4ee4146b598c2f02fa1de3acd060675d5018c0f9532c423b9612afa518206,82316c7a605494b8c9f0ba539a98050962bff17eaa4b87508871981b01d474a9,2,2,True,0,0,0,1,1,1,1,1,1,1,1,1,True,True,True,False,False
train,whale-categorization-playground,2b7ac1b56275c3ab7142dfad947b36aedb76dea0a158b637960687f2e941373c,27381b4b38e663ed2787f6e5f43076c7f03a350aec5003b966e7476e58c521f8,2,2,True,0,0,0,1,1,1,1,1,1,1,1,1,True,True,True,False,False
train,whale-categorization-playground,ffde61c25ceb224289cb522106af5f6fc5c02762db48b5ffdc2ef78e73057895,2c6d6e381f5c01376f10c53e59bf72111753baaf9190bbd027e471a0d62be471,2,2,True,0,0,0,1,1,1,1,1,1,1,1,1,True,True,True,False,False
train,whale-categorization-playground,b7d8429673c2d4783925cda4257b2b8c8ed8a56b4a00aa4c53bfc9950ad9db3f,30b55f79a3199a15104b53510660e3a143682f7688142cbaa2f88f1ec9c7cebc,2,2,True,0,0,0,1,1,1,1,1,1,1,1,1,True,True,True,False,False
train,whale-categorization-playground,b7d8429673c2d4783925cda4257b2b8c8ed8a56b4a00aa4c53bfc9950ad9db3f,b958abd55ec8b3732fdb82825c295c957c64e7c675079878518280448097caf4,2,2,True,0,0,0,1,1,1,1,1,1,1,1,1,True,True,True,False,False
train,whale-categorization-playground,08c4ee4146b598c2f02fa1de3acd060675d5018c0f9532c423b9612afa518206,756747b1e48ed7b1c16119b94e2def97fbbb30cfb4dfa5171ce17699b694670a,2,2,True,0,0,0,1,1,1,1,1,1,1,1,1,True,True,True,False,False
train,whale-categorization-playground,10309b92c3656bfef4e8baf86f92bc3f5e6cab88fc1520a1d6d7a93db1565aba,1add00fbba4454af7c2ac6bfcc0c32bfe0ef1224a2cc47790672958e9b58909f,2,2,True,0,0,0,1,1,1,1,1,1,1,1,1,True,True,True,False,False
train,whale-categorization-playground,4004ddebe72934e7be4ac5950dc8e1fc7f3f5a08d380bff8847ffd4773726dbf,c732b7acb7de90e0e5864ac55d52678801a33be78ec6edc2e5839ac82c10db13,2,2,True,0,0,0,1,1,1,1,1,1,1,1,1,True,True,True,False,False
train,whale-categorization-playground,b7d8429673c2d4783925cda4257b2b8c8ed8a56b4a00aa4c53bfc9950ad9db3f,ef8a33e4933cb03e61797cdf49143978bbaa292c94b2708d3ac6da64d61a4d67,2,2,True,0,0,0,1,1,1,1,1,1,1,1,1,True,True,True,False,False
train,whale-categorization-playground,dc98ce1cea450e2ab8ef5282a7c6575cbcc3a025ac13eb8da4946e0566316e71,743b1645a8b4f03526fe7e5682fb37258ff10ba66007ca3263a71958a09ef10a,2,2,True,0,0,0,1,1,1,1,1,1,1,1,1,True,True,True,False,False
train,whale-categorization-playground,b7d8429673c2d4783925cda4257b2b8c8ed8a56b4a00aa4c53bfc9950ad9db3f,5b4dc042b48565e66602e2ed616c6aadcda0283d5507a9aa97bb42cb81632dd5,2,2,True,0,0,0,1,1,1,1,1,1,1,1,1,True,True,True,False,False
train,whale-categorization-playground,35752ac62ea004ff8b9ff4ae6738e9d13e1d31af47d038212d675706949ceb79,93c29916360ab91f4f33ba1b7b13ffac1220e18af010f4815aaf96b4d1f98d9a,2,2,True,0,0,0,1,1,1,1,1,1,1,1,1,True,True,True,False,False
train,whale-categorization-playground,4004ddebe72934e7be4ac5950dc8e1fc7f3f5a08d380bff8847ffd4773726dbf,888666c735f23f9a64492dde66ff1c9c70e9786bcc3758582d937e48371a77e6,2,2,True,0,0,0,1,1,1,1,1,1,1,1,1,True,True,True,False,False
train,whale-categorization-playground,35752ac62ea004ff8b9ff4ae6738e9d13e1d31af47d038212d675706949ceb79,5ad8673c1a70b27300b0b4a1e139a51b67c8d1ad6fedceee68e19239e3539635,2,2,True,0,0,0,1,1,1,1,1,1,1,1,1,True,True,True,False,False
train,whale-categorization-playground,2b7ac1b56275c3ab7142dfad947b36aedb76dea0a158b637960687f2e941373c,8d39b0cc1f46905dda3f7135602d64dcd327746c361c7419757afed4ceaf58da,2,2,True,0,0,0,1,1,1,1,1,1,1,1,1,True,True,True,False,False
train,whale-categorization-playground,b7d8429673c2d4783925cda4257b2b8c8ed8a56b4a00aa4c53bfc9950ad9db3f,b925110938885e3df210aed83f6adb18ae091192cca60e51fa50c5c5f5389dfc,2,2,True,0,0,0,1,1,1,1,1,1,1,1,1,True,True,True,False,False
train,whale-categorization-playground,b7d8429673c2d4783925cda4257b2b8c8ed8a56b4a00aa4c53bfc9950ad9db3f,b482c182c76a0f21479f4552b72afac7265a62d20deadb996fdd99873177d16b,2,2,True,0,0,0,1,1,1,1,1,1,1,1,1,True,True,True,False,False
train,whale-categorization-playground,2b7ac1b56275c3ab7142dfad947b36aedb76dea0a158b637960687f2e941373c,811b001a8676dc0f4578607e368f0afa4db0dcc16487d84cd2948fa8f205df08,2,2,True,0,0,0,1,1,1,1,1,1,1,1,1,True,True,True,False,False
train,whale-categorization-playground,b7d8429673c2d4783925cda4257b2b8c8ed8a56b4a00aa4c53bfc9950ad9db3f,f6a20d74bcbb810209d857bd8c7bbc8d97608b8575d7eacd9ab5886b7772e8e9,2,2,True,0,0,0,1,1,1,1,1,1,1,1,1,True,True,True,False,False
train,whale-categorization-playground,10309b92c3656bfef4e8baf86f92bc3f5e6cab88fc1520a1d6d7a93db1565aba,49411987550f5b95cbaed7e381051598ffe91a95b147e4929e880b5a47572c3c,2,2,True,0,0,0,1,1,1,1,1,1,1,1,1,True,True,True,False,False
train,whale-categorization-playground,2b7ac1b56275c3ab7142dfad947b36aedb76dea0a158b637960687f2e941373c,8b1b1fe7b7d53af915f3f64ef39ff39a7216d2fd6ad92d7a8ccadc11f9dbc713,2,2,True,0,0,0,1,1,1,1,1,1,1,1,1,True,True,True,False,False
train,whale-categorization-playground,10309b92c3656bfef4e8baf86f92bc3f5e6cab88fc1520a1d6d7a93db1565aba,4f149216d16e2fad7f84015b7225b283373ecdcecd5a548a77436cfa16040fee,2,2,True,0,0,0,1,1,1,1,1,1,1,1,1,True,True,True,False,False
train,whale-categorization-playground,35752ac62ea004ff8b9ff4ae6738e9d13e1d31af47d038212d675706949ceb79,eaf926a6a0e594200f0ae3f8ce211dc8f52f17d5ba6999e52c1a4e9505237fb5,2,2,True,0,0,0,1,1,1,1,1,1,1,1,1,True,True,True,False,False
train,whale-categorization-playground,b7d8429673c2d4783925cda4257b2b8c8ed8a56b4a00aa4c53bfc9950ad9db3f,d95e18a5a33c1c16556eb39afc0dfbdc9239a68609f94cd18c2b1e7d70821a70,2,2,True,0,0,0,1,1,1,1,1,1,1,1,1,True,True,True,False,False
train,whale-categorization-playground,68515025f24eecc50ed1dc47cb7355e0e9ecea6b111955a9403befee11e500f1,0a7ba5e958677b45a78b36a2990206a3fb330fa01a2da909f501c2a613bb7913,2,2,True,0,0,0,1,1,1,1,1,1,1,1,1,True,True,True,False,False
train,whale-categorization-playground,10309b92c3656bfef4e8baf86f92bc3f5e6cab88fc1520a1d6d7a93db1565aba,546a7b2fd9f5a05d2a7d2924c204939b1f378d197e6ea8a6eb603895284d0925,2,2,True,0,0,0,1,1,1,1,1,1,1,1,1,True,True,True,False,False
train,whale-categorization-playground,b7d8429673c2d4783925cda4257b2b8c8ed8a56b4a00aa4c53bfc9950ad9db3f,16b8861c1bbf4d203a2bfbeabfbf2ba1d0dc9207757784e43353a1be211a6aea,2,2,True,0,0,0,1,1,1,1,1,1,1,1,1,True,True,True,False,False
train,whale-categorization-playground,b7d8429673c2d4783925cda4257b2b8c8ed8a56b4a00aa4c53bfc9950ad9db3f,47994e290b76206a36b291aa677ee661ab61e9d89acb51daca4a01b625119a6b,2,2,True,0,0,0,1,1,1,1,1,1,1,1,1,True,True,True,False,False
train,whale-categorization-playground,10309b92c3656bfef4e8baf86f92bc3f5e6cab88fc1520a1d6d7a93db1565aba,65cbc90d69fd9269e890e5ac1c85619b32bd021123e1570af27787ab5baf2514,2,2,True,0,0,0,1,1,1,1,1,1,1,1,1,True,True,True,False,False
train,whale-categorization-playground,4004ddebe72934e7be4ac5950dc8e1fc7f3f5a08d380bff8847ffd4773726dbf,e8d3b4aef4e590725ec52c3564f257687eccfdd28668db6fc7cf6044c4c7bc9b,2,2,True,0,0,0,1,1,1,1,1,1,1,1,1,True,True,True,False,False
train,whale-categorization-playground,2b7ac1b56275c3ab7142dfad947b36aedb76dea0a158b637960687f2e941373c,55b2d913d284767a8a769e02e657d31331f884e46fbd0e243269446f4229544a,2,2,True,0,0,0,1,1,1,1,1,1,1,1,1,True,True,True,False,False
train,whale-categorization-playground,10309b92c3656bfef4e8baf86f92bc3f5e6cab88fc1520a1d6d7a93db1565aba,c244b617ad40589739a79f4c5d864ecd2edccc94a2fb8a22467980b3a1b18161,2,2,True,0,0,0,1,1,1,1,1,1,1,1,1,True,True,True,False,False
train,whale-categorization-playground,604f3f7107f8ec0ce981500f0f2b0b0af02d29e501a68e9aa1d53ce3e8003bf0,be233e8229b0761680a59528d1ca846a128b7fb0f2fe4937aafc6ea519105529,2,2,True,0,0,0,1,1,1,1,1,1,1,1,1,True,True,True,False,False
train,whale-categorization-playground,35752ac62ea004ff8b9ff4ae6738e9d13e1d31af47d038212d675706949ceb79,0b860f75db7047278a8721f687a4c92414c59980129acf898a0ab68f77c5493e,2,2,True,0,0,0,1,1,1,1,1,1,1,1,1,True,True,True,False,False
train,whale-categorization-playground,10309b92c3656bfef4e8baf86f92bc3f5e6cab88fc1520a1d6d7a93db1565aba,76caefb8df85d3c6d929765b9b1111bf019414507d43ede07bde7841478b915e,2,2,True,0,0,0,1,1,1,1,1,1,1,1,1,True,True,True,False,False
train,whale-categorization-playground,4004ddebe72934e7be4ac5950dc8e1fc7f3f5a08d380bff8847ffd4773726dbf,f279616224bd10e4cfce4fecb9c0b459d6abadce22666c3cb1e5c33c221d4657,2,2,True,0,0,0,1,1,1,1,1,1,1,1,1,True,True,True,False,False
train,whale-categorization-playground,2b7ac1b56275c3ab7142dfad947b36aedb76dea0a158b637960687f2e941373c,05b8376f1caeb23cc14a0de1c97390a64a7df42ec5fc9d4e8fd55a6c3a205a0c,2,2,True,0,0,0,1,1,1,1,1,1,1,1,1,True,True,True,False,False
train,whale-categorization-playground,2b7ac1b56275c3ab7142dfad947b36aedb76dea0a158b637960687f2e941373c,dfb422ed63d06f70f15dfb179de5d635fc3d79ce688f0691f44bc62c7321c8f6,2,2,True,0,0,0,1,1,1,1,1,1,1,1,1,True,True,True,False,False
