4039431 openat(AT_FDCWD, "/usr/local/cuda-12.8/lib64/glibc-hwcaps/x86-64-v4/libc.so.6", O_RDONLY|O_CLOEXEC) = -1 ENOENT (No such file or directory)
4039431 openat(AT_FDCWD, "/usr/local/cuda-12.8/lib64/glibc-hwcaps/x86-64-v3/libc.so.6", O_RDONLY|O_CLOEXEC) = -1 ENOENT (No such file or directory)
4039431 openat(AT_FDCWD, "/usr/local/cuda-12.8/lib64/glibc-hwcaps/x86-64-v2/libc.so.6", O_RDONLY|O_CLOEXEC) = -1 ENOENT (No such file or directory)
4039431 openat(AT_FDCWD, "/usr/local/cuda-12.8/lib64/libc.so.6", O_RDONLY|O_CLOEXEC) = -1 ENOENT (No such file or directory)
4039431 openat(AT_FDCWD, "glibc-hwcaps/x86-64-v4/libc.so.6", O_RDONLY|O_CLOEXEC) = -1 ENOENT (No such file or directory)
4039431 openat(AT_FDCWD, "glibc-hwcaps/x86-64-v3/libc.so.6", O_RDONLY|O_CLOEXEC) = -1 ENOENT (No such file or directory)
4039431 openat(AT_FDCWD, "glibc-hwcaps/x86-64-v2/libc.so.6", O_RDONLY|O_CLOEXEC) = -1 ENOENT (No such file or directory)
4039431 openat(AT_FDCWD, "libc.so.6", O_RDONLY|O_CLOEXEC) = -1 ENOENT (No such file or directory)
4039431 openat(AT_FDCWD, "/etc/ld.so.cache", O_RDONLY|O_CLOEXEC) = 3
4039431 openat(AT_FDCWD, "/lib/x86_64-linux-gnu/libc.so.6", O_RDONLY|O_CLOEXEC) = 3
4039431 openat(AT_FDCWD, "/usr/lib/locale/locale-archive", O_RDONLY|O_CLOEXEC) = 3
4039432 openat(AT_FDCWD, "/data/d0/y24/yzyang4/.local/share/uv/python/cpython-3.11.15-linux-x86_64-gnu/bin/../lib/glibc-hwcaps/x86-64-v4/libpthread.so.0", O_RDONLY|O_CLOEXEC) = -1 ENOENT (No such file or directory)
4039432 openat(AT_FDCWD, "/data/d0/y24/yzyang4/.local/share/uv/python/cpython-3.11.15-linux-x86_64-gnu/bin/../lib/glibc-hwcaps/x86-64-v3/libpthread.so.0", O_RDONLY|O_CLOEXEC) = -1 ENOENT (No such file or directory)
4039432 openat(AT_FDCWD, "/data/d0/y24/yzyang4/.local/share/uv/python/cpython-3.11.15-linux-x86_64-gnu/bin/../lib/glibc-hwcaps/x86-64-v2/libpthread.so.0", O_RDONLY|O_CLOEXEC) = -1 ENOENT (No such file or directory)
4039432 openat(AT_FDCWD, "/data/d0/y24/yzyang4/.local/share/uv/python/cpython-3.11.15-linux-x86_64-gnu/bin/../lib/libpthread.so.0", O_RDONLY|O_CLOEXEC) = -1 ENOENT (No such file or directory)
4039432 openat(AT_FDCWD, "/usr/local/cuda-12.8/lib64/glibc-hwcaps/x86-64-v4/libpthread.so.0", O_RDONLY|O_CLOEXEC) = -1 ENOENT (No such file or directory)
4039432 openat(AT_FDCWD, "/usr/local/cuda-12.8/lib64/glibc-hwcaps/x86-64-v3/libpthread.so.0", O_RDONLY|O_CLOEXEC) = -1 ENOENT (No such file or directory)
4039432 openat(AT_FDCWD, "/usr/local/cuda-12.8/lib64/glibc-hwcaps/x86-64-v2/libpthread.so.0", O_RDONLY|O_CLOEXEC) = -1 ENOENT (No such file or directory)
4039432 openat(AT_FDCWD, "/usr/local/cuda-12.8/lib64/libpthread.so.0", O_RDONLY|O_CLOEXEC) = -1 ENOENT (No such file or directory)
4039432 openat(AT_FDCWD, "glibc-hwcaps/x86-64-v4/libpthread.so.0", O_RDONLY|O_CLOEXEC) = -1 ENOENT (No such file or directory)
4039432 openat(AT_FDCWD, "glibc-hwcaps/x86-64-v3/libpthread.so.0", O_RDONLY|O_CLOEXEC) = -1 ENOENT (No such file or directory)
4039432 openat(AT_FDCWD, "glibc-hwcaps/x86-64-v2/libpthread.so.0", O_RDONLY|O_CLOEXEC) = -1 ENOENT (No such file or directory)
4039432 openat(AT_FDCWD, "libpthread.so.0", O_RDONLY|O_CLOEXEC) = -1 ENOENT (No such file or directory)
4039432 openat(AT_FDCWD, "/etc/ld.so.cache", O_RDONLY|O_CLOEXEC) = 3
4039432 openat(AT_FDCWD, "/lib/x86_64-linux-gnu/libpthread.so.0", O_RDONLY|O_CLOEXEC) = 3
4039432 openat(AT_FDCWD, "/data/d0/y24/yzyang4/.local/share/uv/python/cpython-3.11.15-linux-x86_64-gnu/bin/../lib/libdl.so.2", O_RDONLY|O_CLOEXEC) = -1 ENOENT (No such file or directory)
4039432 openat(AT_FDCWD, "glibc-hwcaps/x86-64-v4/libdl.so.2", O_RDONLY|O_CLOEXEC) = -1 ENOENT (No such file or directory)
4039432 openat(AT_FDCWD, "glibc-hwcaps/x86-64-v3/libdl.so.2", O_RDONLY|O_CLOEXEC) = -1 ENOENT (No such file or directory)
4039432 openat(AT_FDCWD, "glibc-hwcaps/x86-64-v2/libdl.so.2", O_RDONLY|O_CLOEXEC) = -1 ENOENT (No such file or directory)
4039432 openat(AT_FDCWD, "libdl.so.2", O_RDONLY|O_CLOEXEC) = -1 ENOENT (No such file or directory)
4039432 openat(AT_FDCWD, "/lib/x86_64-linux-gnu/libdl.so.2", O_RDONLY|O_CLOEXEC) = 3
4039432 openat(AT_FDCWD, "/data/d0/y24/yzyang4/.local/share/uv/python/cpython-3.11.15-linux-x86_64-gnu/bin/../lib/libutil.so.1", O_RDONLY|O_CLOEXEC) = -1 ENOENT (No such file or directory)
4039432 openat(AT_FDCWD, "glibc-hwcaps/x86-64-v4/libutil.so.1", O_RDONLY|O_CLOEXEC) = -1 ENOENT (No such file or directory)
4039432 openat(AT_FDCWD, "glibc-hwcaps/x86-64-v3/libutil.so.1", O_RDONLY|O_CLOEXEC) = -1 ENOENT (No such file or directory)
4039432 openat(AT_FDCWD, "glibc-hwcaps/x86-64-v2/libutil.so.1", O_RDONLY|O_CLOEXEC) = -1 ENOENT (No such file or directory)
4039432 openat(AT_FDCWD, "libutil.so.1", O_RDONLY|O_CLOEXEC) = -1 ENOENT (No such file or directory)
4039432 openat(AT_FDCWD, "/lib/x86_64-linux-gnu/libutil.so.1", O_RDONLY|O_CLOEXEC) = 3
4039432 openat(AT_FDCWD, "/data/d0/y24/yzyang4/.local/share/uv/python/cpython-3.11.15-linux-x86_64-gnu/bin/../lib/librt.so.1", O_RDONLY|O_CLOEXEC) = -1 ENOENT (No such file or directory)
4039432 openat(AT_FDCWD, "glibc-hwcaps/x86-64-v4/librt.so.1", O_RDONLY|O_CLOEXEC) = -1 ENOENT (No such file or directory)
4039432 openat(AT_FDCWD, "glibc-hwcaps/x86-64-v3/librt.so.1", O_RDONLY|O_CLOEXEC) = -1 ENOENT (No such file or directory)
4039432 openat(AT_FDCWD, "glibc-hwcaps/x86-64-v2/librt.so.1", O_RDONLY|O_CLOEXEC) = -1 ENOENT (No such file or directory)
4039432 openat(AT_FDCWD, "librt.so.1", O_RDONLY|O_CLOEXEC) = -1 ENOENT (No such file or directory)
4039432 openat(AT_FDCWD, "/lib/x86_64-linux-gnu/librt.so.1", O_RDONLY|O_CLOEXEC) = 3
4039432 openat(AT_FDCWD, "/data/d0/y24/yzyang4/.local/share/uv/python/cpython-3.11.15-linux-x86_64-gnu/bin/../lib/libm.so.6", O_RDONLY|O_CLOEXEC) = -1 ENOENT (No such file or directory)
4039432 openat(AT_FDCWD, "glibc-hwcaps/x86-64-v4/libm.so.6", O_RDONLY|O_CLOEXEC) = -1 ENOENT (No such file or directory)
4039432 openat(AT_FDCWD, "glibc-hwcaps/x86-64-v3/libm.so.6", O_RDONLY|O_CLOEXEC) = -1 ENOENT (No such file or directory)
4039432 openat(AT_FDCWD, "glibc-hwcaps/x86-64-v2/libm.so.6", O_RDONLY|O_CLOEXEC) = -1 ENOENT (No such file or directory)
4039432 openat(AT_FDCWD, "libm.so.6", O_RDONLY|O_CLOEXEC) = -1 ENOENT (No such file or directory)
4039432 openat(AT_FDCWD, "/lib/x86_64-linux-gnu/libm.so.6", O_RDONLY|O_CLOEXEC) = 3
4039432 openat(AT_FDCWD, "/data/d0/y24/yzyang4/.local/share/uv/python/cpython-3.11.15-linux-x86_64-gnu/bin/../lib/libc.so.6", O_RDONLY|O_CLOEXEC) = -1 ENOENT (No such file or directory)
4039432 openat(AT_FDCWD, "glibc-hwcaps/x86-64-v4/libc.so.6", O_RDONLY|O_CLOEXEC) = -1 ENOENT (No such file or directory)
4039432 openat(AT_FDCWD, "glibc-hwcaps/x86-64-v3/libc.so.6", O_RDONLY|O_CLOEXEC) = -1 ENOENT (No such file or directory)
4039432 openat(AT_FDCWD, "glibc-hwcaps/x86-64-v2/libc.so.6", O_RDONLY|O_CLOEXEC) = -1 ENOENT (No such file or directory)
4039432 openat(AT_FDCWD, "libc.so.6", O_RDONLY|O_CLOEXEC) = -1 ENOENT (No such file or directory)
4039432 openat(AT_FDCWD, "/lib/x86_64-linux-gnu/libc.so.6", O_RDONLY|O_CLOEXEC) = 3
4039432 openat(AT_FDCWD, "/usr/lib/locale/locale-archive", O_RDONLY|O_CLOEXEC) = 3
4039432 openat(AT_FDCWD, "/usr/lib/x86_64-linux-gnu/gconv/gconv-modules.cache", O_RDONLY|O_CLOEXEC) = 3
4039432 openat(AT_FDCWD, "/proc/self/maps", O_RDONLY) = 3
4039432 openat(AT_FDCWD, "/research/d7/spc/yzyang4/venvs/exp/pyvenv.cfg", O_RDONLY) = 3
4039432 openat(AT_FDCWD, "/data/d0/y24/yzyang4/.local/share/uv/python/cpython-3.11.15-linux-x86_64-gnu/bin/python3.11\n._pth", O_RDONLY) = -1 ENOENT (No such file or directory)
4039432 openat(AT_FDCWD, "/research/d7/spc/yzyang4/venvs/exp/bin/python._pth", O_RDONLY) = -1 ENOENT (No such file or directory)
4039432 openat(AT_FDCWD, "/uac/y24/yzyang4/.local/share/uv/python/cpython-3.11.15-linux-x86_64-gnu/bin/python3.11._pth", O_RDONLY) = -1 ENOENT (No such file or directory)
4039432 openat(AT_FDCWD, "/uac/y24/yzyang4/.local/share/uv/python/cpython-3.11.15-linux-x86_64-gnu/bin/pybuilddir.txt", O_RDONLY) = -1 ENOENT (No such file or directory)
4039432 openat(AT_FDCWD, "/etc/localtime", O_RDONLY|O_CLOEXEC) = 3
4039432 openat(AT_FDCWD, "/data/d0/y24/yzyang4/.local/share/uv/python/cpython-3.11.15-linux-x86_64-gnu/lib/python3.11", O_RDONLY|O_NONBLOCK|O_CLOEXEC|O_DIRECTORY) = 3
4039432 openat(AT_FDCWD, "/data/d0/y24/yzyang4/.local/share/uv/python/cpython-3.11.15-linux-x86_64-gnu/lib/python3.11/encodings/__pycache__/__init__.cpython-311.pyc", O_RDONLY|O_CLOEXEC) = 3
4039432 openat(AT_FDCWD, "/data/d0/y24/yzyang4/.local/share/uv/python/cpython-3.11.15-linux-x86_64-gnu/lib/python3.11/encodings", O_RDONLY|O_NONBLOCK|O_CLOEXEC|O_DIRECTORY) = 3
4039432 openat(AT_FDCWD, "/data/d0/y24/yzyang4/.local/share/uv/python/cpython-3.11.15-linux-x86_64-gnu/lib/python3.11/encodings/__pycache__/aliases.cpython-311.pyc", O_RDONLY|O_CLOEXEC) = 3
4039432 openat(AT_FDCWD, "/data/d0/y24/yzyang4/.local/share/uv/python/cpython-3.11.15-linux-x86_64-gnu/lib/python3.11/encodings/__pycache__/utf_8.cpython-311.pyc", O_RDONLY|O_CLOEXEC) = 3
4039432 openat(AT_FDCWD, "/research/d7/spc/yzyang4/venvs/exp/pyvenv.cfg", O_RDONLY|O_CLOEXEC) = 3
4039432 openat(AT_FDCWD, "/research/d7/spc/yzyang4/venvs/exp/lib/python3.11/site-packages", O_RDONLY|O_NONBLOCK|O_CLOEXEC|O_DIRECTORY) = 3
4039432 openat(AT_FDCWD, "/research/d7/spc/yzyang4/venvs/exp/lib/python3.11/site-packages/__editable__.mlebench-1.0.0.pth", O_RDONLY|O_CLOEXEC) = 3
4039432 openat(AT_FDCWD, "/uac/y24/yzyang4/.local/share/uv/python/cpython-3.11.15-linux-x86_64-gnu/lib/python3.11/lib-dynload", O_RDONLY|O_NONBLOCK|O_CLOEXEC|O_DIRECTORY) = 4
4039432 openat(AT_FDCWD, "/research/d7/spc/yzyang4/venvs/exp/lib/python3.11/site-packages", O_RDONLY|O_NONBLOCK|O_CLOEXEC|O_DIRECTORY) = 4
4039432 openat(AT_FDCWD, "/research/d7/spc/yzyang4/venvs/exp/lib/python3.11/site-packages/__pycache__/__editable___mlebench_1_0_0_finder.cpython-311.pyc", O_RDONLY|O_CLOEXEC) = 4
4039432 openat(AT_FDCWD, "/data/d0/y24/yzyang4/.local/share/uv/python/cpython-3.11.15-linux-x86_64-gnu/lib/python3.11/__pycache__/__future__.cpython-311.pyc", O_RDONLY|O_CLOEXEC) = 4
4039432 openat(AT_FDCWD, "/data/d0/y24/yzyang4/.local/share/uv/python/cpython-3.11.15-linux-x86_64-gnu/lib/python3.11/importlib/__pycache__/__init__.cpython-311.pyc", O_RDONLY|O_CLOEXEC) = 4
4039432 openat(AT_FDCWD, "/data/d0/y24/yzyang4/.local/share/uv/python/cpython-3.11.15-linux-x86_64-gnu/lib/python3.11/__pycache__/warnings.cpython-311.pyc", O_RDONLY|O_CLOEXEC) = 4
4039432 openat(AT_FDCWD, "/data/d0/y24/yzyang4/.local/share/uv/python/cpython-3.11.15-linux-x86_64-gnu/lib/python3.11/importlib", O_RDONLY|O_NONBLOCK|O_CLOEXEC|O_DIRECTORY) = 4
4039432 openat(AT_FDCWD, "/data/d0/y24/yzyang4/.local/share/uv/python/cpython-3.11.15-linux-x86_64-gnu/lib/python3.11/importlib/__pycache__/_abc.cpython-311.pyc", O_RDONLY|O_CLOEXEC) = 4
4039432 openat(AT_FDCWD, "/data/d0/y24/yzyang4/.local/share/uv/python/cpython-3.11.15-linux-x86_64-gnu/lib/python3.11/__pycache__/contextlib.cpython-311.pyc", O_RDONLY|O_CLOEXEC) = 4
4039432 openat(AT_FDCWD, "/data/d0/y24/yzyang4/.local/share/uv/python/cpython-3.11.15-linux-x86_64-gnu/lib/python3.11/collections/__pycache__/__init__.cpython-311.pyc", O_RDONLY|O_CLOEXEC) = 4
4039432 openat(AT_FDCWD, "/data/d0/y24/yzyang4/.local/share/uv/python/cpython-3.11.15-linux-x86_64-gnu/lib/python3.11/__pycache__/keyword.cpython-311.pyc", O_RDONLY|O_CLOEXEC) = 4
4039432 openat(AT_FDCWD, "/data/d0/y24/yzyang4/.local/share/uv/python/cpython-3.11.15-linux-x86_64-gnu/lib/python3.11/__pycache__/operator.cpython-311.pyc", O_RDONLY|O_CLOEXEC) = 4
4039432 openat(AT_FDCWD, "/data/d0/y24/yzyang4/.local/share/uv/python/cpython-3.11.15-linux-x86_64-gnu/lib/python3.11/__pycache__/reprlib.cpython-311.pyc", O_RDONLY|O_CLOEXEC) = 4
4039432 openat(AT_FDCWD, "/data/d0/y24/yzyang4/.local/share/uv/python/cpython-3.11.15-linux-x86_64-gnu/lib/python3.11/__pycache__/functools.cpython-311.pyc", O_RDONLY|O_CLOEXEC) = 4
4039432 openat(AT_FDCWD, "/data/d0/y24/yzyang4/.local/share/uv/python/cpython-3.11.15-linux-x86_64-gnu/lib/python3.11/__pycache__/types.cpython-311.pyc", O_RDONLY|O_CLOEXEC) = 4
4039432 openat(AT_FDCWD, "/data/d0/y24/yzyang4/.local/share/uv/python/cpython-3.11.15-linux-x86_64-gnu/lib/python3.11/__pycache__/threading.cpython-311.pyc", O_RDONLY|O_CLOEXEC) = 4
4039432 openat(AT_FDCWD, "/data/d0/y24/yzyang4/.local/share/uv/python/cpython-3.11.15-linux-x86_64-gnu/lib/python3.11/__pycache__/_weakrefset.cpython-311.pyc", O_RDONLY|O_CLOEXEC) = 4
4039432 openat(AT_FDCWD, "/data/d0/y24/yzyang4/.local/share/uv/python/cpython-3.11.15-linux-x86_64-gnu/lib/python3.11/__pycache__/pathlib.cpython-311.pyc", O_RDONLY|O_CLOEXEC) = 4
4039432 openat(AT_FDCWD, "/data/d0/y24/yzyang4/.local/share/uv/python/cpython-3.11.15-linux-x86_64-gnu/lib/python3.11/__pycache__/fnmatch.cpython-311.pyc", O_RDONLY|O_CLOEXEC) = 4
4039432 openat(AT_FDCWD, "/data/d0/y24/yzyang4/.local/share/uv/python/cpython-3.11.15-linux-x86_64-gnu/lib/python3.11/re/__pycache__/__init__.cpython-311.pyc", O_RDONLY|O_CLOEXEC) = 4
4039432 openat(AT_FDCWD, "/data/d0/y24/yzyang4/.local/share/uv/python/cpython-3.11.15-linux-x86_64-gnu/lib/python3.11/__pycache__/enum.cpython-311.pyc", O_RDONLY|O_CLOEXEC) = 4
4039432 openat(AT_FDCWD, "/data/d0/y24/yzyang4/.local/share/uv/python/cpython-3.11.15-linux-x86_64-gnu/lib/python3.11/re", O_RDONLY|O_NONBLOCK|O_CLOEXEC|O_DIRECTORY) = 4
4039432 openat(AT_FDCWD, "/data/d0/y24/yzyang4/.local/share/uv/python/cpython-3.11.15-linux-x86_64-gnu/lib/python3.11/re/__pycache__/_compiler.cpython-311.pyc", O_RDONLY|O_CLOEXEC) = 4
4039432 openat(AT_FDCWD, "/data/d0/y24/yzyang4/.local/share/uv/python/cpython-3.11.15-linux-x86_64-gnu/lib/python3.11/re/__pycache__/_parser.cpython-311.pyc", O_RDONLY|O_CLOEXEC) = 4
4039432 openat(AT_FDCWD, "/data/d0/y24/yzyang4/.local/share/uv/python/cpython-3.11.15-linux-x86_64-gnu/lib/python3.11/re/__pycache__/_constants.cpython-311.pyc", O_RDONLY|O_CLOEXEC) = 4
4039432 openat(AT_FDCWD, "/data/d0/y24/yzyang4/.local/share/uv/python/cpython-3.11.15-linux-x86_64-gnu/lib/python3.11/re/__pycache__/_casefix.cpython-311.pyc", O_RDONLY|O_CLOEXEC) = 4
4039432 openat(AT_FDCWD, "/data/d0/y24/yzyang4/.local/share/uv/python/cpython-3.11.15-linux-x86_64-gnu/lib/python3.11/__pycache__/copyreg.cpython-311.pyc", O_RDONLY|O_CLOEXEC) = 4
4039432 openat(AT_FDCWD, "/data/d0/y24/yzyang4/.local/share/uv/python/cpython-3.11.15-linux-x86_64-gnu/lib/python3.11/urllib/__pycache__/__init__.cpython-311.pyc", O_RDONLY|O_CLOEXEC) = 4
4039432 openat(AT_FDCWD, "/data/d0/y24/yzyang4/.local/share/uv/python/cpython-3.11.15-linux-x86_64-gnu/lib/python3.11/urllib", O_RDONLY|O_NONBLOCK|O_CLOEXEC|O_DIRECTORY) = 4
4039432 openat(AT_FDCWD, "/data/d0/y24/yzyang4/.local/share/uv/python/cpython-3.11.15-linux-x86_64-gnu/lib/python3.11/urllib/__pycache__/parse.cpython-311.pyc", O_RDONLY|O_CLOEXEC) = 4
4039432 openat(AT_FDCWD, "/data/d0/y24/yzyang4/.local/share/uv/python/cpython-3.11.15-linux-x86_64-gnu/lib/python3.11/__pycache__/ipaddress.cpython-311.pyc", O_RDONLY|O_CLOEXEC) = 4
4039432 openat(AT_FDCWD, "/research/d7/spc/yzyang4/venvs/exp/lib/python3.11/site-packages/_cuda_bindings_redirector.pth", O_RDONLY|O_CLOEXEC) = 3
4039432 openat(AT_FDCWD, "/research/d7/spc/yzyang4/venvs/exp/lib/python3.11/site-packages/__pycache__/_cuda_bindings_redirector.cpython-311.pyc", O_RDONLY|O_CLOEXEC) = 4
4039432 openat(AT_FDCWD, "/research/d7/spc/yzyang4/venvs/exp/lib/python3.11/site-packages/_virtualenv.pth", O_RDONLY|O_CLOEXEC) = 3
4039432 openat(AT_FDCWD, "/research/d7/spc/yzyang4/venvs/exp/lib/python3.11/site-packages/__pycache__/_virtualenv.cpython-311.pyc", O_RDONLY|O_CLOEXEC) = 4
4039432 openat(AT_FDCWD, "/research/d7/spc/yzyang4/venvs/exp/lib/python3.11/site-packages/autogluon-1.4.0-py3.9-nspkg.pth", O_RDONLY|O_CLOEXEC) = 3
4039432 openat(AT_FDCWD, "/research/d7/spc/yzyang4/venvs/exp/lib/python3.11/site-packages/autogluon.common-1.4.0-py3.9-nspkg.pth", O_RDONLY|O_CLOEXEC) = 3
4039432 openat(AT_FDCWD, "/research/d7/spc/yzyang4/venvs/exp/lib/python3.11/site-packages/autogluon.core-1.4.0-py3.9-nspkg.pth", O_RDONLY|O_CLOEXEC) = 3
4039432 openat(AT_FDCWD, "/research/d7/spc/yzyang4/venvs/exp/lib/python3.11/site-packages/autogluon.features-1.4.0-py3.9-nspkg.pth", O_RDONLY|O_CLOEXEC) = 3
4039432 openat(AT_FDCWD, "/research/d7/spc/yzyang4/venvs/exp/lib/python3.11/site-packages/autogluon.multimodal-1.4.0-py3.9-nspkg.pth", O_RDONLY|O_CLOEXEC) = 3
4039432 openat(AT_FDCWD, "/research/d7/spc/yzyang4/venvs/exp/lib/python3.11/site-packages/autogluon.tabular-1.4.0-py3.9-nspkg.pth", O_RDONLY|O_CLOEXEC) = 3
4039432 openat(AT_FDCWD, "/research/d7/spc/yzyang4/venvs/exp/lib/python3.11/site-packages/autogluon.timeseries-1.4.0-py3.9-nspkg.pth", O_RDONLY|O_CLOEXEC) = 3
4039432 openat(AT_FDCWD, "/research/d7/spc/yzyang4/venvs/exp/lib/python3.11/site-packages/coloredlogs.pth", O_RDONLY|O_CLOEXEC) = 3
4039432 openat(AT_FDCWD, "/research/d7/spc/yzyang4/venvs/exp/lib/python3.11/site-packages/distutils-precedence.pth", O_RDONLY|O_CLOEXEC) = 3
4039432 openat(AT_FDCWD, "/research/d7/spc/yzyang4/venvs/exp/lib/python3.11/site-packages/_distutils_hack/__pycache__/__init__.cpython-311.pyc", O_RDONLY|O_CLOEXEC) = 4
4039432 openat(AT_FDCWD, "/research/d7/spc/yzyang4/venvs/exp/lib/python3.11/site-packages/google_generativeai-0.8.4-py3.12-nspkg.pth", O_RDONLY|O_CLOEXEC) = 3
4039432 openat(AT_FDCWD, "/research/d7/spc/yzyang4/venvs/exp/lib/python3.11/site-packages", O_RDONLY|O_NONBLOCK|O_CLOEXEC|O_DIRECTORY) = 3
4039432 openat(AT_FDCWD, "/research/d7/spc/yzyang4/venvs/exp/lib/python3.11/site-packages/__editable__.mlebench-1.0.0.pth", O_RDONLY|O_CLOEXEC) = 3
4039432 openat(AT_FDCWD, "/research/d7/spc/yzyang4/venvs/exp/lib/python3.11/site-packages/_cuda_bindings_redirector.pth", O_RDONLY|O_CLOEXEC) = 3
4039432 openat(AT_FDCWD, "/research/d7/spc/yzyang4/venvs/exp/lib/python3.11/site-packages/_virtualenv.pth", O_RDONLY|O_CLOEXEC) = 3
4039432 openat(AT_FDCWD, "/research/d7/spc/yzyang4/venvs/exp/lib/python3.11/site-packages/autogluon-1.4.0-py3.9-nspkg.pth", O_RDONLY|O_CLOEXEC) = 3
4039432 openat(AT_FDCWD, "/research/d7/spc/yzyang4/venvs/exp/lib/python3.11/site-packages/autogluon.common-1.4.0-py3.9-nspkg.pth", O_RDONLY|O_CLOEXEC) = 3
4039432 openat(AT_FDCWD, "/research/d7/spc/yzyang4/venvs/exp/lib/python3.11/site-packages/autogluon.core-1.4.0-py3.9-nspkg.pth", O_RDONLY|O_CLOEXEC) = 3
4039432 openat(AT_FDCWD, "/research/d7/spc/yzyang4/venvs/exp/lib/python3.11/site-packages/autogluon.features-1.4.0-py3.9-nspkg.pth", O_RDONLY|O_CLOEXEC) = 3
4039432 openat(AT_FDCWD, "/research/d7/spc/yzyang4/venvs/exp/lib/python3.11/site-packages/autogluon.multimodal-1.4.0-py3.9-nspkg.pth", O_RDONLY|O_CLOEXEC) = 3
4039432 openat(AT_FDCWD, "/research/d7/spc/yzyang4/venvs/exp/lib/python3.11/site-packages/autogluon.tabular-1.4.0-py3.9-nspkg.pth", O_RDONLY|O_CLOEXEC) = 3
4039432 openat(AT_FDCWD, "/research/d7/spc/yzyang4/venvs/exp/lib/python3.11/site-packages/autogluon.timeseries-1.4.0-py3.9-nspkg.pth", O_RDONLY|O_CLOEXEC) = 3
4039432 openat(AT_FDCWD, "/research/d7/spc/yzyang4/venvs/exp/lib/python3.11/site-packages/coloredlogs.pth", O_RDONLY|O_CLOEXEC) = 3
4039432 openat(AT_FDCWD, "/research/d7/spc/yzyang4/venvs/exp/lib/python3.11/site-packages/distutils-precedence.pth", O_RDONLY|O_CLOEXEC) = 3
4039432 openat(AT_FDCWD, "/research/d7/spc/yzyang4/venvs/exp/lib/python3.11/site-packages/google_generativeai-0.8.4-py3.12-nspkg.pth", O_RDONLY|O_CLOEXEC) = 3
4039432 openat(AT_FDCWD, "/research/d7/spc/yzyang4/tree-linearization-within-stratum/worktree-2363b68-v1", O_RDONLY|O_NONBLOCK|O_CLOEXEC|O_DIRECTORY) = 3
4039432 openat(AT_FDCWD, "/research/d7/spc/yzyang4/tree-linearization-within-stratum/worktree-2363b68-v1/phase1/__pycache__/__init__.cpython-311.pyc", O_RDONLY|O_CLOEXEC) = 3
4039432 openat(AT_FDCWD, "/research/d7/spc/yzyang4/tree-linearization-within-stratum/worktree-2363b68-v1/phase1", O_RDONLY|O_NONBLOCK|O_CLOEXEC|O_DIRECTORY) = 3
4039432 openat(AT_FDCWD, "/research/d7/spc/yzyang4/tree-linearization-within-stratum/worktree-2363b68-v1/phase1/__pycache__/decompose_tree_linearization_within_strata.cpython-311.pyc", O_RDONLY|O_CLOEXEC) = -1 ENOENT (No such file or directory)
4039432 openat(AT_FDCWD, "/research/d7/spc/yzyang4/tree-linearization-within-stratum/worktree-2363b68-v1/phase1/decompose_tree_linearization_within_strata.py", O_RDONLY|O_CLOEXEC) = 3
4039432 openat(AT_FDCWD, "/data/d0/y24/yzyang4/.local/share/uv/python/cpython-3.11.15-linux-x86_64-gnu/lib/python3.11/__pycache__/argparse.cpython-311.pyc", O_RDONLY|O_CLOEXEC) = 3
4039432 openat(AT_FDCWD, "/data/d0/y24/yzyang4/.local/share/uv/python/cpython-3.11.15-linux-x86_64-gnu/lib/python3.11/__pycache__/gettext.cpython-311.pyc", O_RDONLY|O_CLOEXEC) = 3
4039432 openat(AT_FDCWD, "/data/d0/y24/yzyang4/.local/share/uv/python/cpython-3.11.15-linux-x86_64-gnu/lib/python3.11/__pycache__/hashlib.cpython-311.pyc", O_RDONLY|O_CLOEXEC) = 3
4039432 openat(AT_FDCWD, "/etc/ssl/openssl.cnf", O_RDONLY) = 3
4039432 openat(AT_FDCWD, "/data/d0/y24/yzyang4/.local/share/uv/python/cpython-3.11.15-linux-x86_64-gnu/lib/python3.11/json/__pycache__/__init__.cpython-311.pyc", O_RDONLY|O_CLOEXEC) = 3
4039432 openat(AT_FDCWD, "/data/d0/y24/yzyang4/.local/share/uv/python/cpython-3.11.15-linux-x86_64-gnu/lib/python3.11/json", O_RDONLY|O_NONBLOCK|O_CLOEXEC|O_DIRECTORY) = 3
4039432 openat(AT_FDCWD, "/data/d0/y24/yzyang4/.local/share/uv/python/cpython-3.11.15-linux-x86_64-gnu/lib/python3.11/json/__pycache__/decoder.cpython-311.pyc", O_RDONLY|O_CLOEXEC) = 3
4039432 openat(AT_FDCWD, "/data/d0/y24/yzyang4/.local/share/uv/python/cpython-3.11.15-linux-x86_64-gnu/lib/python3.11/json/__pycache__/scanner.cpython-311.pyc", O_RDONLY|O_CLOEXEC) = 3
4039432 openat(AT_FDCWD, "/data/d0/y24/yzyang4/.local/share/uv/python/cpython-3.11.15-linux-x86_64-gnu/lib/python3.11/json/__pycache__/encoder.cpython-311.pyc", O_RDONLY|O_CLOEXEC) = 3
4039432 openat(AT_FDCWD, "/data/d0/y24/yzyang4/.local/share/uv/python/cpython-3.11.15-linux-x86_64-gnu/lib/python3.11/__pycache__/platform.cpython-311.pyc", O_RDONLY|O_CLOEXEC) = 3
4039432 openat(AT_FDCWD, "/data/d0/y24/yzyang4/.local/share/uv/python/cpython-3.11.15-linux-x86_64-gnu/lib/python3.11/__pycache__/fractions.cpython-311.pyc", O_RDONLY|O_CLOEXEC) = 3
4039432 openat(AT_FDCWD, "/data/d0/y24/yzyang4/.local/share/uv/python/cpython-3.11.15-linux-x86_64-gnu/lib/python3.11/__pycache__/decimal.cpython-311.pyc", O_RDONLY|O_CLOEXEC) = 3
4039432 openat(AT_FDCWD, "/data/d0/y24/yzyang4/.local/share/uv/python/cpython-3.11.15-linux-x86_64-gnu/lib/python3.11/__pycache__/numbers.cpython-311.pyc", O_RDONLY|O_CLOEXEC) = 3
4039432 openat(AT_FDCWD, "/data/d0/y24/yzyang4/.local/share/uv/python/cpython-3.11.15-linux-x86_64-gnu/lib/python3.11/collections", O_RDONLY|O_NONBLOCK|O_CLOEXEC|O_DIRECTORY) = 3
4039432 openat(AT_FDCWD, "/data/d0/y24/yzyang4/.local/share/uv/python/cpython-3.11.15-linux-x86_64-gnu/lib/python3.11/collections/__pycache__/abc.cpython-311.pyc", O_RDONLY|O_CLOEXEC) = 3
4039432 openat(AT_FDCWD, "/data/d0/y24/yzyang4/.local/share/uv/python/cpython-3.11.15-linux-x86_64-gnu/lib/python3.11/__pycache__/typing.cpython-311.pyc", O_RDONLY|O_CLOEXEC) = 3
4039432 openat(AT_FDCWD, "/research/d7/spc/yzyang4/tree-linearization-within-stratum/worktree-2363b68-v1/phase1/__pycache__/audit_prospective_tree_linearization_weights.cpython-311.pyc", O_RDONLY|O_CLOEXEC) = -1 ENOENT (No such file or directory)
4039432 openat(AT_FDCWD, "/research/d7/spc/yzyang4/tree-linearization-within-stratum/worktree-2363b68-v1/phase1/audit_prospective_tree_linearization_weights.py", O_RDONLY|O_CLOEXEC) = 3
4039432 openat(AT_FDCWD, "/data/d0/y24/yzyang4/.local/share/uv/python/cpython-3.11.15-linux-x86_64-gnu/lib/python3.11/__pycache__/statistics.cpython-311.pyc", O_RDONLY|O_CLOEXEC) = 3
4039432 openat(AT_FDCWD, "/data/d0/y24/yzyang4/.local/share/uv/python/cpython-3.11.15-linux-x86_64-gnu/lib/python3.11/__pycache__/random.cpython-311.pyc", O_RDONLY|O_CLOEXEC) = 3
4039432 openat(AT_FDCWD, "/data/d0/y24/yzyang4/.local/share/uv/python/cpython-3.11.15-linux-x86_64-gnu/lib/python3.11/__pycache__/bisect.cpython-311.pyc", O_RDONLY|O_CLOEXEC) = 3
4039432 openat(AT_FDCWD, "/dev/urandom", O_RDONLY|O_CLOEXEC) = 3
4039432 openat(AT_FDCWD, "/data/d0/y24/yzyang4/.local/share/uv/python/cpython-3.11.15-linux-x86_64-gnu/lib/python3.11/__pycache__/locale.cpython-311.pyc", O_RDONLY|O_CLOEXEC) = 4
4039432 openat(AT_FDCWD, "/data/d0/y24/yzyang4/.local/share/uv/python/cpython-3.11.15-linux-x86_64-gnu/lib/python3.11/__pycache__/shutil.cpython-311.pyc", O_RDONLY|O_CLOEXEC) = 4
4039432 openat(AT_FDCWD, "/data/d0/y24/yzyang4/.local/share/uv/python/cpython-3.11.15-linux-x86_64-gnu/lib/python3.11/__pycache__/bz2.cpython-311.pyc", O_RDONLY|O_CLOEXEC) = 4
4039432 openat(AT_FDCWD, "/data/d0/y24/yzyang4/.local/share/uv/python/cpython-3.11.15-linux-x86_64-gnu/lib/python3.11/__pycache__/_compression.cpython-311.pyc", O_RDONLY|O_CLOEXEC) = 4
4039432 openat(AT_FDCWD, "/data/d0/y24/yzyang4/.local/share/uv/python/cpython-3.11.15-linux-x86_64-gnu/lib/python3.11/__pycache__/lzma.cpython-311.pyc", O_RDONLY|O_CLOEXEC) = 4
4039432 openat(AT_FDCWD, "/research/d7/spc/yzyang4/tree-linearization-within-stratum/worktree-2363b68-v1/phase1/tree_linearization_within_stratum_decomposition_v1.json", O_RDONLY|O_CLOEXEC) = 4
4039432 openat(AT_FDCWD, "/research/d7/spc/yzyang4/tree-linearization-within-stratum/worktree-2363b68-v1/phase1/tree_linearization_within_stratum_decomposition_v1.json", O_RDONLY|O_CLOEXEC) = 4
4039432 openat(AT_FDCWD, "/research/d7/spc/yzyang4/tree-linearization-within-stratum/worktree-2363b68-v1/phase1/prospective_tree_linearization_weight_audit_v1.json", O_RDONLY|O_CLOEXEC) = 4
4039432 openat(AT_FDCWD, "/research/d7/spc/yzyang4/tree-linearization-within-stratum/worktree-2363b68-v1/phase1/prospective_tree_linearization_weight_audit_v1.json", O_RDONLY|O_CLOEXEC) = 4
4039432 openat(AT_FDCWD, "/research/d7/spc/yzyang4/tree-linearization-within-stratum/worktree-2363b68-v1/phase1/results/tree_linearization_weight_887_20260828_e9f4fb9/formal/final_receipt.json", O_RDONLY|O_CLOEXEC) = 4
4039432 openat(AT_FDCWD, "/research/d7/spc/yzyang4/tree-linearization-within-stratum/worktree-2363b68-v1/phase1/results/tree_linearization_weight_887_20260828_e9f4fb9/formal/final_receipt.json", O_RDONLY|O_CLOEXEC) = 4
4039432 openat(AT_FDCWD, "/research/d7/spc/yzyang4/tree-linearization-within-stratum/worktree-2363b68-v1/phase1/results/tree_linearization_estimand_sensitivity_887_20260828_5a96d92/formal/final_receipt.json", O_RDONLY|O_CLOEXEC) = 4
4039432 openat(AT_FDCWD, "/research/d7/spc/yzyang4/tree-linearization-within-stratum/worktree-2363b68-v1/phase1/results/tree_linearization_estimand_sensitivity_887_20260828_5a96d92/formal/final_receipt.json", O_RDONLY|O_CLOEXEC) = 4
4039432 openat(AT_FDCWD, "/research/d7/spc/yzyang4/tree-linearization-within-stratum/worktree-2363b68-v1/phase1/prospective_tree_linearization_weight_audit_v1.json", O_RDONLY|O_CLOEXEC) = 4
4039432 openat(AT_FDCWD, "/research/d7/spc/yzyang4/tree-linearization-within-stratum/worktree-2363b68-v1/phase1/results/tree_linearization_weight_887_20260828_e9f4fb9/formal/final_receipt.json", O_RDONLY|O_CLOEXEC) = 4
4039432 openat(AT_FDCWD, "/research/d7/spc/yzyang4/tree-linearization-within-stratum/worktree-2363b68-v1/phase1/results/tree_linearization_estimand_sensitivity_887_20260828_5a96d92/formal/final_receipt.json", O_RDONLY|O_CLOEXEC) = 4
4039432 openat(AT_FDCWD, "/research/d7/spc/yzyang4/prospective_decision_v1/LATEST", O_RDONLY|O_CLOEXEC) = 4
4039432 openat(AT_FDCWD, "/research/d7/spc/yzyang4/prospective_decision_v1/snapshots/887491a021d75d889c00a5af672a11b8b06e249d98e84fd91288534080f62697/accumulator/summary.json", O_RDONLY|O_CLOEXEC) = 4
4039432 openat(AT_FDCWD, "/research/d7/spc/yzyang4/prospective_decision_v1/snapshots/887491a021d75d889c00a5af672a11b8b06e249d98e84fd91288534080f62697/intake_registry.jsonl", O_RDONLY|O_CLOEXEC) = 4
4039432 openat(AT_FDCWD, "/research/d7/spc/yzyang4/prospective_decision_v1/snapshots/887491a021d75d889c00a5af672a11b8b06e249d98e84fd91288534080f62697/accumulator/provisional_runs.jsonl", O_RDONLY|O_CLOEXEC) = 4
4039432 openat(AT_FDCWD, "/research/d7/spc/yzyang4/prospective_decision_v1/snapshots/887491a021d75d889c00a5af672a11b8b06e249d98e84fd91288534080f62697/intake_registry.jsonl", O_RDONLY|O_CLOEXEC) = 4
4039432 openat(AT_FDCWD, "/research/d7/spc/yzyang4/prospective_decision_v1/intakes/0813-random-acts-of-pizza-4seeds-a11523c1909d117b/summary.json", O_RDONLY|O_CLOEXEC) = 4
4039432 openat(AT_FDCWD, "/research/d7/spc/yzyang4/prospective_decision_v1/intakes/0813-random-acts-of-pizza-4seeds-a11523c1909d117b/summary.json", O_RDONLY|O_CLOEXEC) = 4
4039432 openat(AT_FDCWD, "/research/d7/spc/yzyang4/prospective_decision_v1/intakes/0813-random-acts-of-pizza-4seeds-a11523c1909d117b/eligible_blind_manifest.jsonl", O_RDONLY|O_CLOEXEC) = 4
4039432 openat(AT_FDCWD, "/research/d7/spc/yzyang4/prospective_decision_v1/intakes/0813-random-acts-of-pizza-4seeds-a11523c1909d117b/eligible_blind_manifest.jsonl", O_RDONLY|O_CLOEXEC) = 4
4039432 openat(AT_FDCWD, "/research/d7/spc/yzyang4/prospective_decision_v1/intakes/0813-ranzcr-clip-catheter-line-classification-8seeds-78f98338d3164f83/summary.json", O_RDONLY|O_CLOEXEC) = 4
4039432 openat(AT_FDCWD, "/research/d7/spc/yzyang4/prospective_decision_v1/intakes/0813-ranzcr-clip-catheter-line-classification-8seeds-78f98338d3164f83/summary.json", O_RDONLY|O_CLOEXEC) = 4
4039432 openat(AT_FDCWD, "/research/d7/spc/yzyang4/prospective_decision_v1/intakes/0813-ranzcr-clip-catheter-line-classification-8seeds-78f98338d3164f83/eligible_blind_manifest.jsonl", O_RDONLY|O_CLOEXEC) = 4
4039432 openat(AT_FDCWD, "/research/d7/spc/yzyang4/prospective_decision_v1/intakes/0813-ranzcr-clip-catheter-line-classification-8seeds-78f98338d3164f83/eligible_blind_manifest.jsonl", O_RDONLY|O_CLOEXEC) = 4
4039432 openat(AT_FDCWD, "/research/d7/spc/yzyang4/prospective_decision_v1/intakes/0813-whale-categorization-playground-8seeds-cb7c2a72fbfe99e3/summary.json", O_RDONLY|O_CLOEXEC) = 4
4039432 openat(AT_FDCWD, "/research/d7/spc/yzyang4/prospective_decision_v1/intakes/0813-whale-categorization-playground-8seeds-cb7c2a72fbfe99e3/summary.json", O_RDONLY|O_CLOEXEC) = 4
4039432 openat(AT_FDCWD, "/research/d7/spc/yzyang4/prospective_decision_v1/intakes/0813-whale-categorization-playground-8seeds-cb7c2a72fbfe99e3/eligible_blind_manifest.jsonl", O_RDONLY|O_CLOEXEC) = 4
4039432 openat(AT_FDCWD, "/research/d7/spc/yzyang4/prospective_decision_v1/intakes/0813-whale-categorization-playground-8seeds-cb7c2a72fbfe99e3/eligible_blind_manifest.jsonl", O_RDONLY|O_CLOEXEC) = 4
4039432 openat(AT_FDCWD, "/research/d7/spc/yzyang4/prospective_decision_v1/intakes/0813-ventilator-pressure-prediction-8seeds-161b32161451e4d7/summary.json", O_RDONLY|O_CLOEXEC) = 4
4039432 openat(AT_FDCWD, "/research/d7/spc/yzyang4/prospective_decision_v1/intakes/0813-ventilator-pressure-prediction-8seeds-161b32161451e4d7/summary.json", O_RDONLY|O_CLOEXEC) = 4
4039432 openat(AT_FDCWD, "/research/d7/spc/yzyang4/prospective_decision_v1/intakes/0813-ventilator-pressure-prediction-8seeds-161b32161451e4d7/eligible_blind_manifest.jsonl", O_RDONLY|O_CLOEXEC) = 4
4039432 openat(AT_FDCWD, "/research/d7/spc/yzyang4/prospective_decision_v1/intakes/0813-ventilator-pressure-prediction-8seeds-161b32161451e4d7/eligible_blind_manifest.jsonl", O_RDONLY|O_CLOEXEC) = 4
4039432 openat(AT_FDCWD, "/research/d7/spc/yzyang4/prospective_decision_v1/intakes/0813-dog-breed-identification-8seeds-7a5169e34e1c6ec4/summary.json", O_RDONLY|O_CLOEXEC) = 4
4039432 openat(AT_FDCWD, "/research/d7/spc/yzyang4/prospective_decision_v1/intakes/0813-dog-breed-identification-8seeds-7a5169e34e1c6ec4/summary.json", O_RDONLY|O_CLOEXEC) = 4
4039432 openat(AT_FDCWD, "/research/d7/spc/yzyang4/prospective_decision_v1/intakes/0813-dog-breed-identification-8seeds-7a5169e34e1c6ec4/eligible_blind_manifest.jsonl", O_RDONLY|O_CLOEXEC) = 4
4039432 openat(AT_FDCWD, "/research/d7/spc/yzyang4/prospective_decision_v1/intakes/0813-dog-breed-identification-8seeds-7a5169e34e1c6ec4/eligible_blind_manifest.jsonl", O_RDONLY|O_CLOEXEC) = 4
4039432 openat(AT_FDCWD, "/research/d7/spc/yzyang4/prospective_decision_v1/intakes/0813-learning-agency-lab-automated-essay-scoring-2-4seeds-5216bf4b0b13310a/summary.json", O_RDONLY|O_CLOEXEC) = 4
4039432 openat(AT_FDCWD, "/research/d7/spc/yzyang4/prospective_decision_v1/intakes/0813-learning-agency-lab-automated-essay-scoring-2-4seeds-5216bf4b0b13310a/summary.json", O_RDONLY|O_CLOEXEC) = 4
4039432 openat(AT_FDCWD, "/research/d7/spc/yzyang4/prospective_decision_v1/intakes/0813-learning-agency-lab-automated-essay-scoring-2-4seeds-5216bf4b0b13310a/eligible_blind_manifest.jsonl", O_RDONLY|O_CLOEXEC) = 4
4039432 openat(AT_FDCWD, "/research/d7/spc/yzyang4/prospective_decision_v1/intakes/0813-learning-agency-lab-automated-essay-scoring-2-4seeds-5216bf4b0b13310a/eligible_blind_manifest.jsonl", O_RDONLY|O_CLOEXEC) = 4
4039432 openat(AT_FDCWD, "/research/d7/spc/yzyang4/prospective_decision_v1/intakes/0813-tweet-sentiment-extraction-4seeds-845ce54212b32c11/summary.json", O_RDONLY|O_CLOEXEC) = 4
4039432 openat(AT_FDCWD, "/research/d7/spc/yzyang4/prospective_decision_v1/intakes/0813-tweet-sentiment-extraction-4seeds-845ce54212b32c11/summary.json", O_RDONLY|O_CLOEXEC) = 4
4039432 openat(AT_FDCWD, "/research/d7/spc/yzyang4/prospective_decision_v1/intakes/0813-tweet-sentiment-extraction-4seeds-845ce54212b32c11/eligible_blind_manifest.jsonl", O_RDONLY|O_CLOEXEC) = 4
4039432 openat(AT_FDCWD, "/research/d7/spc/yzyang4/prospective_decision_v1/intakes/0813-tweet-sentiment-extraction-4seeds-845ce54212b32c11/eligible_blind_manifest.jsonl", O_RDONLY|O_CLOEXEC) = 4
4039432 openat(AT_FDCWD, "/research/d7/spc/yzyang4/prospective_decision_v1/intakes/0813-dogs-vs-cats-redux-kernels-edition-8seeds-9585d47f209d5359/summary.json", O_RDONLY|O_CLOEXEC) = 4
4039432 openat(AT_FDCWD, "/research/d7/spc/yzyang4/prospective_decision_v1/intakes/0813-dogs-vs-cats-redux-kernels-edition-8seeds-9585d47f209d5359/summary.json", O_RDONLY|O_CLOEXEC) = 4
4039432 openat(AT_FDCWD, "/research/d7/spc/yzyang4/prospective_decision_v1/intakes/0813-dogs-vs-cats-redux-kernels-edition-8seeds-9585d47f209d5359/eligible_blind_manifest.jsonl", O_RDONLY|O_CLOEXEC) = 4
4039432 openat(AT_FDCWD, "/research/d7/spc/yzyang4/prospective_decision_v1/intakes/0813-dogs-vs-cats-redux-kernels-edition-8seeds-9585d47f209d5359/eligible_blind_manifest.jsonl", O_RDONLY|O_CLOEXEC) = 4
4039432 openat(AT_FDCWD, "/research/d7/spc/yzyang4/prospective_decision_v1/intakes/0814-us-patent-phrase-to-phrase-matching-8seeds-32a5ed6de015b6cb/summary.json", O_RDONLY|O_CLOEXEC) = 4
4039432 openat(AT_FDCWD, "/research/d7/spc/yzyang4/prospective_decision_v1/intakes/0814-us-patent-phrase-to-phrase-matching-8seeds-32a5ed6de015b6cb/summary.json", O_RDONLY|O_CLOEXEC) = 4
4039432 openat(AT_FDCWD, "/research/d7/spc/yzyang4/prospective_decision_v1/intakes/0814-us-patent-phrase-to-phrase-matching-8seeds-32a5ed6de015b6cb/eligible_blind_manifest.jsonl", O_RDONLY|O_CLOEXEC) = 4
4039432 openat(AT_FDCWD, "/research/d7/spc/yzyang4/prospective_decision_v1/intakes/0814-us-patent-phrase-to-phrase-matching-8seeds-32a5ed6de015b6cb/eligible_blind_manifest.jsonl", O_RDONLY|O_CLOEXEC) = 4
4039432 openat(AT_FDCWD, "/research/d7/spc/yzyang4/prospective_decision_v1/intakes/0814-tgs-salt-identification-challenge-8seeds-8cda2edb1c55df91/summary.json", O_RDONLY|O_CLOEXEC) = 4
4039432 openat(AT_FDCWD, "/research/d7/spc/yzyang4/prospective_decision_v1/intakes/0814-tgs-salt-identification-challenge-8seeds-8cda2edb1c55df91/summary.json", O_RDONLY|O_CLOEXEC) = 4
4039432 openat(AT_FDCWD, "/research/d7/spc/yzyang4/prospective_decision_v1/intakes/0814-tgs-salt-identification-challenge-8seeds-8cda2edb1c55df91/eligible_blind_manifest.jsonl", O_RDONLY|O_CLOEXEC) = 4
4039432 openat(AT_FDCWD, "/research/d7/spc/yzyang4/prospective_decision_v1/intakes/0814-tgs-salt-identification-challenge-8seeds-8cda2edb1c55df91/eligible_blind_manifest.jsonl", O_RDONLY|O_CLOEXEC) = 4
4039432 openat(AT_FDCWD, "/research/d7/spc/yzyang4/prospective_decision_v1/intakes/0814-learning-agency-lab-automated-essay-scoring-2-4seeds-5f163e761acf09cd/summary.json", O_RDONLY|O_CLOEXEC) = 4
4039432 openat(AT_FDCWD, "/research/d7/spc/yzyang4/prospective_decision_v1/intakes/0814-learning-agency-lab-automated-essay-scoring-2-4seeds-5f163e761acf09cd/summary.json", O_RDONLY|O_CLOEXEC) = 4
4039432 openat(AT_FDCWD, "/research/d7/spc/yzyang4/prospective_decision_v1/intakes/0814-learning-agency-lab-automated-essay-scoring-2-4seeds-5f163e761acf09cd/eligible_blind_manifest.jsonl", O_RDONLY|O_CLOEXEC) = 4
4039432 openat(AT_FDCWD, "/research/d7/spc/yzyang4/prospective_decision_v1/intakes/0814-learning-agency-lab-automated-essay-scoring-2-4seeds-5f163e761acf09cd/eligible_blind_manifest.jsonl", O_RDONLY|O_CLOEXEC) = 4
4039432 openat(AT_FDCWD, "/research/d7/spc/yzyang4/prospective_decision_v1/intakes/0814-ranzcr-clip-catheter-line-classification-8seeds-4d6cd699417d7e6e/summary.json", O_RDONLY|O_CLOEXEC) = 4
4039432 openat(AT_FDCWD, "/research/d7/spc/yzyang4/prospective_decision_v1/intakes/0814-ranzcr-clip-catheter-line-classification-8seeds-4d6cd699417d7e6e/summary.json", O_RDONLY|O_CLOEXEC) = 4
4039432 openat(AT_FDCWD, "/research/d7/spc/yzyang4/prospective_decision_v1/intakes/0814-ranzcr-clip-catheter-line-classification-8seeds-4d6cd699417d7e6e/eligible_blind_manifest.jsonl", O_RDONLY|O_CLOEXEC) = 4
4039432 openat(AT_FDCWD, "/research/d7/spc/yzyang4/prospective_decision_v1/intakes/0814-ranzcr-clip-catheter-line-classification-8seeds-4d6cd699417d7e6e/eligible_blind_manifest.jsonl", O_RDONLY|O_CLOEXEC) = 4
4039432 openat(AT_FDCWD, "/research/d7/spc/yzyang4/prospective_decision_v1/intakes/0814-text-normalization-challenge-russian-language-8seeds-e8f95c39c48e5c93/summary.json", O_RDONLY|O_CLOEXEC) = 4
4039432 openat(AT_FDCWD, "/research/d7/spc/yzyang4/prospective_decision_v1/intakes/0814-text-normalization-challenge-russian-language-8seeds-e8f95c39c48e5c93/summary.json", O_RDONLY|O_CLOEXEC) = 4
4039432 openat(AT_FDCWD, "/research/d7/spc/yzyang4/prospective_decision_v1/intakes/0814-text-normalization-challenge-russian-language-8seeds-e8f95c39c48e5c93/eligible_blind_manifest.jsonl", O_RDONLY|O_CLOEXEC) = 4
4039432 openat(AT_FDCWD, "/research/d7/spc/yzyang4/prospective_decision_v1/intakes/0814-text-normalization-challenge-russian-language-8seeds-e8f95c39c48e5c93/eligible_blind_manifest.jsonl", O_RDONLY|O_CLOEXEC) = 4
4039432 openat(AT_FDCWD, "/research/d7/spc/yzyang4/prospective_decision_v1/intakes/0814-dogs-vs-cats-redux-kernels-edition-8seeds-68638d0628837b62/summary.json", O_RDONLY|O_CLOEXEC) = 4
4039432 openat(AT_FDCWD, "/research/d7/spc/yzyang4/prospective_decision_v1/intakes/0814-dogs-vs-cats-redux-kernels-edition-8seeds-68638d0628837b62/summary.json", O_RDONLY|O_CLOEXEC) = 4
4039432 openat(AT_FDCWD, "/research/d7/spc/yzyang4/prospective_decision_v1/intakes/0814-dogs-vs-cats-redux-kernels-edition-8seeds-68638d0628837b62/eligible_blind_manifest.jsonl", O_RDONLY|O_CLOEXEC) = 4
4039432 openat(AT_FDCWD, "/research/d7/spc/yzyang4/prospective_decision_v1/intakes/0814-dogs-vs-cats-redux-kernels-edition-8seeds-68638d0628837b62/eligible_blind_manifest.jsonl", O_RDONLY|O_CLOEXEC) = 4
4039432 openat(AT_FDCWD, "/research/d7/spc/yzyang4/prospective_decision_v1/intakes/0814-new-york-city-taxi-fare-prediction-8seeds-cd3d8503bcccdfd5/summary.json", O_RDONLY|O_CLOEXEC) = 4
4039432 openat(AT_FDCWD, "/research/d7/spc/yzyang4/prospective_decision_v1/intakes/0814-new-york-city-taxi-fare-prediction-8seeds-cd3d8503bcccdfd5/summary.json", O_RDONLY|O_CLOEXEC) = 4
4039432 openat(AT_FDCWD, "/research/d7/spc/yzyang4/prospective_decision_v1/intakes/0814-new-york-city-taxi-fare-prediction-8seeds-cd3d8503bcccdfd5/eligible_blind_manifest.jsonl", O_RDONLY|O_CLOEXEC) = 4
4039432 openat(AT_FDCWD, "/research/d7/spc/yzyang4/prospective_decision_v1/intakes/0814-new-york-city-taxi-fare-prediction-8seeds-cd3d8503bcccdfd5/eligible_blind_manifest.jsonl", O_RDONLY|O_CLOEXEC) = 4
4039432 openat(AT_FDCWD, "/research/d7/spc/yzyang4/prospective_decision_v1/intakes/0814-aptos2019-blindness-detection-4seeds-f86f018e7a687f91/summary.json", O_RDONLY|O_CLOEXEC) = 4
4039432 openat(AT_FDCWD, "/research/d7/spc/yzyang4/prospective_decision_v1/intakes/0814-aptos2019-blindness-detection-4seeds-f86f018e7a687f91/summary.json", O_RDONLY|O_CLOEXEC) = 4
4039432 openat(AT_FDCWD, "/research/d7/spc/yzyang4/prospective_decision_v1/intakes/0814-aptos2019-blindness-detection-4seeds-f86f018e7a687f91/eligible_blind_manifest.jsonl", O_RDONLY|O_CLOEXEC) = 4
4039432 openat(AT_FDCWD, "/research/d7/spc/yzyang4/prospective_decision_v1/intakes/0814-aptos2019-blindness-detection-4seeds-f86f018e7a687f91/eligible_blind_manifest.jsonl", O_RDONLY|O_CLOEXEC) = 4
4039432 openat(AT_FDCWD, "/research/d7/spc/yzyang4/prospective_decision_v1/intakes/0815-ranzcr-clip-catheter-line-classification-8seeds-533f67332122197a/summary.json", O_RDONLY|O_CLOEXEC) = 4
4039432 openat(AT_FDCWD, "/research/d7/spc/yzyang4/prospective_decision_v1/intakes/0815-ranzcr-clip-catheter-line-classification-8seeds-533f67332122197a/summary.json", O_RDONLY|O_CLOEXEC) = 4
4039432 openat(AT_FDCWD, "/research/d7/spc/yzyang4/prospective_decision_v1/intakes/0815-ranzcr-clip-catheter-line-classification-8seeds-533f67332122197a/eligible_blind_manifest.jsonl", O_RDONLY|O_CLOEXEC) = 4
4039432 openat(AT_FDCWD, "/research/d7/spc/yzyang4/prospective_decision_v1/intakes/0815-ranzcr-clip-catheter-line-classification-8seeds-533f67332122197a/eligible_blind_manifest.jsonl", O_RDONLY|O_CLOEXEC) = 4
4039432 openat(AT_FDCWD, "/research/d7/spc/yzyang4/prospective_decision_v1/intakes/0815-ventilator-pressure-prediction-8seeds-e0e5c160f5ddb16a/summary.json", O_RDONLY|O_CLOEXEC) = 4
4039432 openat(AT_FDCWD, "/research/d7/spc/yzyang4/prospective_decision_v1/intakes/0815-ventilator-pressure-prediction-8seeds-e0e5c160f5ddb16a/summary.json", O_RDONLY|O_CLOEXEC) = 4
4039432 openat(AT_FDCWD, "/research/d7/spc/yzyang4/prospective_decision_v1/intakes/0815-ventilator-pressure-prediction-8seeds-e0e5c160f5ddb16a/eligible_blind_manifest.jsonl", O_RDONLY|O_CLOEXEC) = 4
4039432 openat(AT_FDCWD, "/research/d7/spc/yzyang4/prospective_decision_v1/intakes/0815-ventilator-pressure-prediction-8seeds-e0e5c160f5ddb16a/eligible_blind_manifest.jsonl", O_RDONLY|O_CLOEXEC) = 4
4039432 openat(AT_FDCWD, "/research/d7/spc/yzyang4/prospective_decision_v1/intakes/0815-google-quest-challenge-8seeds-d31a4f411deaec46/summary.json", O_RDONLY|O_CLOEXEC) = 4
4039432 openat(AT_FDCWD, "/research/d7/spc/yzyang4/prospective_decision_v1/intakes/0815-google-quest-challenge-8seeds-d31a4f411deaec46/summary.json", O_RDONLY|O_CLOEXEC) = 4
4039432 openat(AT_FDCWD, "/research/d7/spc/yzyang4/prospective_decision_v1/intakes/0815-google-quest-challenge-8seeds-d31a4f411deaec46/eligible_blind_manifest.jsonl", O_RDONLY|O_CLOEXEC) = 4
4039432 openat(AT_FDCWD, "/research/d7/spc/yzyang4/prospective_decision_v1/intakes/0815-google-quest-challenge-8seeds-d31a4f411deaec46/eligible_blind_manifest.jsonl", O_RDONLY|O_CLOEXEC) = 4
4039432 openat(AT_FDCWD, "/research/d7/spc/yzyang4/prospective_decision_v1/intakes/0815-dog-breed-identification-8seeds-a8e2b7892a7ea698/summary.json", O_RDONLY|O_CLOEXEC) = 4
4039432 openat(AT_FDCWD, "/research/d7/spc/yzyang4/prospective_decision_v1/intakes/0815-dog-breed-identification-8seeds-a8e2b7892a7ea698/summary.json", O_RDONLY|O_CLOEXEC) = 4
4039432 openat(AT_FDCWD, "/research/d7/spc/yzyang4/prospective_decision_v1/intakes/0815-dog-breed-identification-8seeds-a8e2b7892a7ea698/eligible_blind_manifest.jsonl", O_RDONLY|O_CLOEXEC) = 4
4039432 openat(AT_FDCWD, "/research/d7/spc/yzyang4/prospective_decision_v1/intakes/0815-dog-breed-identification-8seeds-a8e2b7892a7ea698/eligible_blind_manifest.jsonl", O_RDONLY|O_CLOEXEC) = 4
4039432 openat(AT_FDCWD, "/research/d7/spc/yzyang4/prospective_decision_v1/intakes/0815-facebook-recruiting-iii-keyword-extraction-4seeds-e5cca2e640a0ad78/summary.json", O_RDONLY|O_CLOEXEC) = 4
4039432 openat(AT_FDCWD, "/research/d7/spc/yzyang4/prospective_decision_v1/intakes/0815-facebook-recruiting-iii-keyword-extraction-4seeds-e5cca2e640a0ad78/summary.json", O_RDONLY|O_CLOEXEC) = 4
4039432 openat(AT_FDCWD, "/research/d7/spc/yzyang4/prospective_decision_v1/intakes/0815-facebook-recruiting-iii-keyword-extraction-4seeds-e5cca2e640a0ad78/eligible_blind_manifest.jsonl", O_RDONLY|O_CLOEXEC) = 4
4039432 openat(AT_FDCWD, "/research/d7/spc/yzyang4/prospective_decision_v1/intakes/0815-facebook-recruiting-iii-keyword-extraction-4seeds-e5cca2e640a0ad78/eligible_blind_manifest.jsonl", O_RDONLY|O_CLOEXEC) = 4
4039432 openat(AT_FDCWD, "/research/d7/spc/yzyang4/prospective_decision_v1/intakes/0815-cassava-leaf-disease-classification-4seeds-ce188bec50864994/summary.json", O_RDONLY|O_CLOEXEC) = 4
4039432 openat(AT_FDCWD, "/research/d7/spc/yzyang4/prospective_decision_v1/intakes/0815-cassava-leaf-disease-classification-4seeds-ce188bec50864994/summary.json", O_RDONLY|O_CLOEXEC) = 4
4039432 openat(AT_FDCWD, "/research/d7/spc/yzyang4/prospective_decision_v1/intakes/0815-cassava-leaf-disease-classification-4seeds-ce188bec50864994/eligible_blind_manifest.jsonl", O_RDONLY|O_CLOEXEC) = 4
4039432 openat(AT_FDCWD, "/research/d7/spc/yzyang4/prospective_decision_v1/intakes/0815-cassava-leaf-disease-classification-4seeds-ce188bec50864994/eligible_blind_manifest.jsonl", O_RDONLY|O_CLOEXEC) = 4
4039432 openat(AT_FDCWD, "/research/d7/spc/yzyang4/prospective_decision_v1/intakes/0816-AI4Code-8seeds-c93b374b36371b4e/summary.json", O_RDONLY|O_CLOEXEC) = 4
4039432 openat(AT_FDCWD, "/research/d7/spc/yzyang4/prospective_decision_v1/intakes/0816-AI4Code-8seeds-c93b374b36371b4e/summary.json", O_RDONLY|O_CLOEXEC) = 4
4039432 openat(AT_FDCWD, "/research/d7/spc/yzyang4/prospective_decision_v1/intakes/0816-AI4Code-8seeds-c93b374b36371b4e/eligible_blind_manifest.jsonl", O_RDONLY|O_CLOEXEC) = 4
4039432 openat(AT_FDCWD, "/research/d7/spc/yzyang4/prospective_decision_v1/intakes/0816-AI4Code-8seeds-c93b374b36371b4e/eligible_blind_manifest.jsonl", O_RDONLY|O_CLOEXEC) = 4
4039432 openat(AT_FDCWD, "/research/d7/spc/yzyang4/prospective_decision_v1/intakes/0816-tgs-salt-identification-challenge-4seeds-a5d49d93917af987/summary.json", O_RDONLY|O_CLOEXEC) = 4
4039432 openat(AT_FDCWD, "/research/d7/spc/yzyang4/prospective_decision_v1/intakes/0816-tgs-salt-identification-challenge-4seeds-a5d49d93917af987/summary.json", O_RDONLY|O_CLOEXEC) = 4
4039432 openat(AT_FDCWD, "/research/d7/spc/yzyang4/prospective_decision_v1/intakes/0816-tgs-salt-identification-challenge-4seeds-a5d49d93917af987/eligible_blind_manifest.jsonl", O_RDONLY|O_CLOEXEC) = 4
4039432 openat(AT_FDCWD, "/research/d7/spc/yzyang4/prospective_decision_v1/intakes/0816-tgs-salt-identification-challenge-4seeds-a5d49d93917af987/eligible_blind_manifest.jsonl", O_RDONLY|O_CLOEXEC) = 4
4039432 openat(AT_FDCWD, "/research/d7/spc/yzyang4/prospective_decision_v1/intakes/0816-tensorflow-speech-recognition-challenge-8seeds-c52b8aada76252ea/summary.json", O_RDONLY|O_CLOEXEC) = 4
4039432 openat(AT_FDCWD, "/research/d7/spc/yzyang4/prospective_decision_v1/intakes/0816-tensorflow-speech-recognition-challenge-8seeds-c52b8aada76252ea/summary.json", O_RDONLY|O_CLOEXEC) = 4
4039432 openat(AT_FDCWD, "/research/d7/spc/yzyang4/prospective_decision_v1/intakes/0816-tensorflow-speech-recognition-challenge-8seeds-c52b8aada76252ea/eligible_blind_manifest.jsonl", O_RDONLY|O_CLOEXEC) = 4
4039432 openat(AT_FDCWD, "/research/d7/spc/yzyang4/prospective_decision_v1/intakes/0816-tensorflow-speech-recognition-challenge-8seeds-c52b8aada76252ea/eligible_blind_manifest.jsonl", O_RDONLY|O_CLOEXEC) = 4
4039432 openat(AT_FDCWD, "/research/d7/spc/yzyang4/prospective_decision_v1/intakes/0816-ranzcr-clip-catheter-line-classification-8seeds-d9955e8b7ae626ea/summary.json", O_RDONLY|O_CLOEXEC) = 4
4039432 openat(AT_FDCWD, "/research/d7/spc/yzyang4/prospective_decision_v1/intakes/0816-ranzcr-clip-catheter-line-classification-8seeds-d9955e8b7ae626ea/summary.json", O_RDONLY|O_CLOEXEC) = 4
4039432 openat(AT_FDCWD, "/research/d7/spc/yzyang4/prospective_decision_v1/intakes/0816-ranzcr-clip-catheter-line-classification-8seeds-d9955e8b7ae626ea/eligible_blind_manifest.jsonl", O_RDONLY|O_CLOEXEC) = 4
4039432 openat(AT_FDCWD, "/research/d7/spc/yzyang4/prospective_decision_v1/intakes/0816-ranzcr-clip-catheter-line-classification-8seeds-d9955e8b7ae626ea/eligible_blind_manifest.jsonl", O_RDONLY|O_CLOEXEC) = 4
4039432 openat(AT_FDCWD, "/research/d7/spc/yzyang4/prospective_decision_v1/intakes/0816-osic-pulmonary-fibrosis-progression-8seeds-bfc713bdeeeaac9a/summary.json", O_RDONLY|O_CLOEXEC) = 4
4039432 openat(AT_FDCWD, "/research/d7/spc/yzyang4/prospective_decision_v1/intakes/0816-osic-pulmonary-fibrosis-progression-8seeds-bfc713bdeeeaac9a/summary.json", O_RDONLY|O_CLOEXEC) = 4
4039432 openat(AT_FDCWD, "/research/d7/spc/yzyang4/prospective_decision_v1/intakes/0816-osic-pulmonary-fibrosis-progression-8seeds-bfc713bdeeeaac9a/eligible_blind_manifest.jsonl", O_RDONLY|O_CLOEXEC) = 4
4039432 openat(AT_FDCWD, "/research/d7/spc/yzyang4/prospective_decision_v1/intakes/0816-osic-pulmonary-fibrosis-progression-8seeds-bfc713bdeeeaac9a/eligible_blind_manifest.jsonl", O_RDONLY|O_CLOEXEC) = 4
4039432 openat(AT_FDCWD, "/research/d7/spc/yzyang4/prospective_decision_v1/intakes/0816-cassava-leaf-disease-classification-4seeds-0cbdca844293f3ff/summary.json", O_RDONLY|O_CLOEXEC) = 4
4039432 openat(AT_FDCWD, "/research/d7/spc/yzyang4/prospective_decision_v1/intakes/0816-cassava-leaf-disease-classification-4seeds-0cbdca844293f3ff/summary.json", O_RDONLY|O_CLOEXEC) = 4
4039432 openat(AT_FDCWD, "/research/d7/spc/yzyang4/prospective_decision_v1/intakes/0816-cassava-leaf-disease-classification-4seeds-0cbdca844293f3ff/eligible_blind_manifest.jsonl", O_RDONLY|O_CLOEXEC) = 4
4039432 openat(AT_FDCWD, "/research/d7/spc/yzyang4/prospective_decision_v1/intakes/0816-cassava-leaf-disease-classification-4seeds-0cbdca844293f3ff/eligible_blind_manifest.jsonl", O_RDONLY|O_CLOEXEC) = 4
4039432 openat(AT_FDCWD, "/research/d7/spc/yzyang4/prospective_decision_v1/intakes/0817-uw-madison-gi-tract-image-segmentation-8seeds-bcb544adfae80b24/summary.json", O_RDONLY|O_CLOEXEC) = 4
4039432 openat(AT_FDCWD, "/research/d7/spc/yzyang4/prospective_decision_v1/intakes/0817-uw-madison-gi-tract-image-segmentation-8seeds-bcb544adfae80b24/summary.json", O_RDONLY|O_CLOEXEC) = 4
4039432 openat(AT_FDCWD, "/research/d7/spc/yzyang4/prospective_decision_v1/intakes/0817-uw-madison-gi-tract-image-segmentation-8seeds-bcb544adfae80b24/eligible_blind_manifest.jsonl", O_RDONLY|O_CLOEXEC) = 4
4039432 openat(AT_FDCWD, "/research/d7/spc/yzyang4/prospective_decision_v1/intakes/0817-uw-madison-gi-tract-image-segmentation-8seeds-bcb544adfae80b24/eligible_blind_manifest.jsonl", O_RDONLY|O_CLOEXEC) = 4
4039432 openat(AT_FDCWD, "/research/d7/spc/yzyang4/prospective_decision_v1/intakes/0817-tensorflow-speech-recognition-challenge-8seeds-7aa7a853bcd24bd0/summary.json", O_RDONLY|O_CLOEXEC) = 4
4039432 openat(AT_FDCWD, "/research/d7/spc/yzyang4/prospective_decision_v1/intakes/0817-tensorflow-speech-recognition-challenge-8seeds-7aa7a853bcd24bd0/summary.json", O_RDONLY|O_CLOEXEC) = 4
4039432 openat(AT_FDCWD, "/research/d7/spc/yzyang4/prospective_decision_v1/intakes/0817-tensorflow-speech-recognition-challenge-8seeds-7aa7a853bcd24bd0/eligible_blind_manifest.jsonl", O_RDONLY|O_CLOEXEC) = 4
4039432 openat(AT_FDCWD, "/research/d7/spc/yzyang4/prospective_decision_v1/intakes/0817-tensorflow-speech-recognition-challenge-8seeds-7aa7a853bcd24bd0/eligible_blind_manifest.jsonl", O_RDONLY|O_CLOEXEC) = 4
4039432 openat(AT_FDCWD, "/research/d7/spc/yzyang4/prospective_decision_v1/intakes/0817-AI4Code-8seeds-1aa55cd889a620f8/summary.json", O_RDONLY|O_CLOEXEC) = 4
4039432 openat(AT_FDCWD, "/research/d7/spc/yzyang4/prospective_decision_v1/intakes/0817-AI4Code-8seeds-1aa55cd889a620f8/summary.json", O_RDONLY|O_CLOEXEC) = 4
4039432 openat(AT_FDCWD, "/research/d7/spc/yzyang4/prospective_decision_v1/intakes/0817-AI4Code-8seeds-1aa55cd889a620f8/eligible_blind_manifest.jsonl", O_RDONLY|O_CLOEXEC) = 4
4039432 openat(AT_FDCWD, "/research/d7/spc/yzyang4/prospective_decision_v1/intakes/0817-AI4Code-8seeds-1aa55cd889a620f8/eligible_blind_manifest.jsonl", O_RDONLY|O_CLOEXEC) = 4
4039432 openat(AT_FDCWD, "/research/d7/spc/yzyang4/prospective_decision_v1/intakes/0817-alaska2-image-steganalysis-4seeds-1f49ca08fe46cf7b/summary.json", O_RDONLY|O_CLOEXEC) = 4
4039432 openat(AT_FDCWD, "/research/d7/spc/yzyang4/prospective_decision_v1/intakes/0817-alaska2-image-steganalysis-4seeds-1f49ca08fe46cf7b/summary.json", O_RDONLY|O_CLOEXEC) = 4
4039432 openat(AT_FDCWD, "/research/d7/spc/yzyang4/prospective_decision_v1/intakes/0817-alaska2-image-steganalysis-4seeds-1f49ca08fe46cf7b/eligible_blind_manifest.jsonl", O_RDONLY|O_CLOEXEC) = 4
4039432 openat(AT_FDCWD, "/research/d7/spc/yzyang4/prospective_decision_v1/intakes/0817-alaska2-image-steganalysis-4seeds-1f49ca08fe46cf7b/eligible_blind_manifest.jsonl", O_RDONLY|O_CLOEXEC) = 4
4039432 openat(AT_FDCWD, "/research/d7/spc/yzyang4/prospective_decision_v1/intakes/0817-multi-modal-gesture-recognition-8seeds-d322395184d9a42c/summary.json", O_RDONLY|O_CLOEXEC) = 4
4039432 openat(AT_FDCWD, "/research/d7/spc/yzyang4/prospective_decision_v1/intakes/0817-multi-modal-gesture-recognition-8seeds-d322395184d9a42c/summary.json", O_RDONLY|O_CLOEXEC) = 4
4039432 openat(AT_FDCWD, "/research/d7/spc/yzyang4/prospective_decision_v1/intakes/0817-multi-modal-gesture-recognition-8seeds-d322395184d9a42c/eligible_blind_manifest.jsonl", O_RDONLY|O_CLOEXEC) = 4
4039432 openat(AT_FDCWD, "/research/d7/spc/yzyang4/prospective_decision_v1/intakes/0817-multi-modal-gesture-recognition-8seeds-d322395184d9a42c/eligible_blind_manifest.jsonl", O_RDONLY|O_CLOEXEC) = 4
4039432 openat(AT_FDCWD, "/research/d7/spc/yzyang4/prospective_decision_v1/intakes/0817-new-york-city-taxi-fare-prediction-8seeds-e75cfe484cfab783/summary.json", O_RDONLY|O_CLOEXEC) = 4
4039432 openat(AT_FDCWD, "/research/d7/spc/yzyang4/prospective_decision_v1/intakes/0817-new-york-city-taxi-fare-prediction-8seeds-e75cfe484cfab783/summary.json", O_RDONLY|O_CLOEXEC) = 4
4039432 openat(AT_FDCWD, "/research/d7/spc/yzyang4/prospective_decision_v1/intakes/0817-new-york-city-taxi-fare-prediction-8seeds-e75cfe484cfab783/eligible_blind_manifest.jsonl", O_RDONLY|O_CLOEXEC) = 4
4039432 openat(AT_FDCWD, "/research/d7/spc/yzyang4/prospective_decision_v1/intakes/0817-new-york-city-taxi-fare-prediction-8seeds-e75cfe484cfab783/eligible_blind_manifest.jsonl", O_RDONLY|O_CLOEXEC) = 4
4039432 openat(AT_FDCWD, "/research/d7/spc/yzyang4/prospective_decision_v1/intakes/0817-hubmap-kidney-segmentation-8seeds-0e6d42570dfd37bd/summary.json", O_RDONLY|O_CLOEXEC) = 4
4039432 openat(AT_FDCWD, "/research/d7/spc/yzyang4/prospective_decision_v1/intakes/0817-hubmap-kidney-segmentation-8seeds-0e6d42570dfd37bd/summary.json", O_RDONLY|O_CLOEXEC) = 4
4039432 openat(AT_FDCWD, "/research/d7/spc/yzyang4/prospective_decision_v1/intakes/0817-hubmap-kidney-segmentation-8seeds-0e6d42570dfd37bd/eligible_blind_manifest.jsonl", O_RDONLY|O_CLOEXEC) = 4
4039432 openat(AT_FDCWD, "/research/d7/spc/yzyang4/prospective_decision_v1/intakes/0817-hubmap-kidney-segmentation-8seeds-0e6d42570dfd37bd/eligible_blind_manifest.jsonl", O_RDONLY|O_CLOEXEC) = 4
4039432 openat(AT_FDCWD, "/research/d7/spc/yzyang4/prospective_decision_v1/intakes/0818-cdiscount-image-classification-challenge-8seeds-5dde7db0e56ba183/summary.json", O_RDONLY|O_CLOEXEC) = 4
4039432 openat(AT_FDCWD, "/research/d7/spc/yzyang4/prospective_decision_v1/intakes/0818-cdiscount-image-classification-challenge-8seeds-5dde7db0e56ba183/summary.json", O_RDONLY|O_CLOEXEC) = 4
4039432 openat(AT_FDCWD, "/research/d7/spc/yzyang4/prospective_decision_v1/intakes/0818-cdiscount-image-classification-challenge-8seeds-5dde7db0e56ba183/eligible_blind_manifest.jsonl", O_RDONLY|O_CLOEXEC) = 4
4039432 openat(AT_FDCWD, "/research/d7/spc/yzyang4/prospective_decision_v1/intakes/0818-cdiscount-image-classification-challenge-8seeds-5dde7db0e56ba183/eligible_blind_manifest.jsonl", O_RDONLY|O_CLOEXEC) = 4
4039432 openat(AT_FDCWD, "/research/d7/spc/yzyang4/prospective_decision_v1/intakes/0818-tensorflow-speech-recognition-challenge-8seeds-6ebf711ee2e79bc1/summary.json", O_RDONLY|O_CLOEXEC) = 4
4039432 openat(AT_FDCWD, "/research/d7/spc/yzyang4/prospective_decision_v1/intakes/0818-tensorflow-speech-recognition-challenge-8seeds-6ebf711ee2e79bc1/summary.json", O_RDONLY|O_CLOEXEC) = 4
4039432 openat(AT_FDCWD, "/research/d7/spc/yzyang4/prospective_decision_v1/intakes/0818-tensorflow-speech-recognition-challenge-8seeds-6ebf711ee2e79bc1/eligible_blind_manifest.jsonl", O_RDONLY|O_CLOEXEC) = 4
4039432 openat(AT_FDCWD, "/research/d7/spc/yzyang4/prospective_decision_v1/intakes/0818-tensorflow-speech-recognition-challenge-8seeds-6ebf711ee2e79bc1/eligible_blind_manifest.jsonl", O_RDONLY|O_CLOEXEC) = 4
4039432 openat(AT_FDCWD, "/research/d7/spc/yzyang4/prospective_decision_v1/intakes/0818-lmsys-chatbot-arena-8seeds-1b16ada7e14af4e2/summary.json", O_RDONLY|O_CLOEXEC) = 4
4039432 openat(AT_FDCWD, "/research/d7/spc/yzyang4/prospective_decision_v1/intakes/0818-lmsys-chatbot-arena-8seeds-1b16ada7e14af4e2/summary.json", O_RDONLY|O_CLOEXEC) = 4
4039432 openat(AT_FDCWD, "/research/d7/spc/yzyang4/prospective_decision_v1/intakes/0818-lmsys-chatbot-arena-8seeds-1b16ada7e14af4e2/eligible_blind_manifest.jsonl", O_RDONLY|O_CLOEXEC) = 4
4039432 openat(AT_FDCWD, "/research/d7/spc/yzyang4/prospective_decision_v1/intakes/0818-lmsys-chatbot-arena-8seeds-1b16ada7e14af4e2/eligible_blind_manifest.jsonl", O_RDONLY|O_CLOEXEC) = 4
4039432 openat(AT_FDCWD, "/research/d7/spc/yzyang4/prospective_decision_v1/intakes/0818-tgs-salt-identification-challenge-4seeds-183fd3018b598104/summary.json", O_RDONLY|O_CLOEXEC) = 4
4039432 openat(AT_FDCWD, "/research/d7/spc/yzyang4/prospective_decision_v1/intakes/0818-tgs-salt-identification-challenge-4seeds-183fd3018b598104/summary.json", O_RDONLY|O_CLOEXEC) = 4
4039432 openat(AT_FDCWD, "/research/d7/spc/yzyang4/prospective_decision_v1/intakes/0818-tgs-salt-identification-challenge-4seeds-183fd3018b598104/eligible_blind_manifest.jsonl", O_RDONLY|O_CLOEXEC) = 4
4039432 openat(AT_FDCWD, "/research/d7/spc/yzyang4/prospective_decision_v1/intakes/0818-tgs-salt-identification-challenge-4seeds-183fd3018b598104/eligible_blind_manifest.jsonl", O_RDONLY|O_CLOEXEC) = 4
4039432 openat(AT_FDCWD, "/research/d7/spc/yzyang4/prospective_decision_v1/intakes/0818-ventilator-pressure-prediction-8seeds-16d4d7c610d381d1/summary.json", O_RDONLY|O_CLOEXEC) = 4
4039432 openat(AT_FDCWD, "/research/d7/spc/yzyang4/prospective_decision_v1/intakes/0818-ventilator-pressure-prediction-8seeds-16d4d7c610d381d1/summary.json", O_RDONLY|O_CLOEXEC) = 4
4039432 openat(AT_FDCWD, "/research/d7/spc/yzyang4/prospective_decision_v1/intakes/0818-ventilator-pressure-prediction-8seeds-16d4d7c610d381d1/eligible_blind_manifest.jsonl", O_RDONLY|O_CLOEXEC) = 4
4039432 openat(AT_FDCWD, "/research/d7/spc/yzyang4/prospective_decision_v1/intakes/0818-ventilator-pressure-prediction-8seeds-16d4d7c610d381d1/eligible_blind_manifest.jsonl", O_RDONLY|O_CLOEXEC) = 4
4039432 openat(AT_FDCWD, "/research/d7/spc/yzyang4/prospective_decision_v1/intakes/0818-cassava-leaf-disease-classification-4seeds-5cc71e7fb0d67544/summary.json", O_RDONLY|O_CLOEXEC) = 4
4039432 openat(AT_FDCWD, "/research/d7/spc/yzyang4/prospective_decision_v1/intakes/0818-cassava-leaf-disease-classification-4seeds-5cc71e7fb0d67544/summary.json", O_RDONLY|O_CLOEXEC) = 4
4039432 openat(AT_FDCWD, "/research/d7/spc/yzyang4/prospective_decision_v1/intakes/0818-cassava-leaf-disease-classification-4seeds-5cc71e7fb0d67544/eligible_blind_manifest.jsonl", O_RDONLY|O_CLOEXEC) = 4
4039432 openat(AT_FDCWD, "/research/d7/spc/yzyang4/prospective_decision_v1/intakes/0818-cassava-leaf-disease-classification-4seeds-5cc71e7fb0d67544/eligible_blind_manifest.jsonl", O_RDONLY|O_CLOEXEC) = 4
4039432 openat(AT_FDCWD, "/research/d7/spc/yzyang4/prospective_decision_v1/intakes/0818-osic-pulmonary-fibrosis-progression-8seeds-4f379574c2a64b7c/summary.json", O_RDONLY|O_CLOEXEC) = 4
4039432 openat(AT_FDCWD, "/research/d7/spc/yzyang4/prospective_decision_v1/intakes/0818-osic-pulmonary-fibrosis-progression-8seeds-4f379574c2a64b7c/summary.json", O_RDONLY|O_CLOEXEC) = 4
4039432 openat(AT_FDCWD, "/research/d7/spc/yzyang4/prospective_decision_v1/intakes/0818-osic-pulmonary-fibrosis-progression-8seeds-4f379574c2a64b7c/eligible_blind_manifest.jsonl", O_RDONLY|O_CLOEXEC) = 4
4039432 openat(AT_FDCWD, "/research/d7/spc/yzyang4/prospective_decision_v1/intakes/0818-osic-pulmonary-fibrosis-progression-8seeds-4f379574c2a64b7c/eligible_blind_manifest.jsonl", O_RDONLY|O_CLOEXEC) = 4
4039432 openat(AT_FDCWD, "/research/d7/spc/yzyang4/prospective_decision_v1/intakes/0819-ranzcr-clip-catheter-line-classification-8seeds-11f9a984df3804d2/summary.json", O_RDONLY|O_CLOEXEC) = 4
4039432 openat(AT_FDCWD, "/research/d7/spc/yzyang4/prospective_decision_v1/intakes/0819-ranzcr-clip-catheter-line-classification-8seeds-11f9a984df3804d2/summary.json", O_RDONLY|O_CLOEXEC) = 4
4039432 openat(AT_FDCWD, "/research/d7/spc/yzyang4/prospective_decision_v1/intakes/0819-ranzcr-clip-catheter-line-classification-8seeds-11f9a984df3804d2/eligible_blind_manifest.jsonl", O_RDONLY|O_CLOEXEC) = 4
4039432 openat(AT_FDCWD, "/research/d7/spc/yzyang4/prospective_decision_v1/intakes/0819-ranzcr-clip-catheter-line-classification-8seeds-11f9a984df3804d2/eligible_blind_manifest.jsonl", O_RDONLY|O_CLOEXEC) = 4
4039432 openat(AT_FDCWD, "/research/d7/spc/yzyang4/prospective_decision_v1/intakes/0819-multi-modal-gesture-recognition-8seeds-c0eee1bcae61ca31/summary.json", O_RDONLY|O_CLOEXEC) = 4
4039432 openat(AT_FDCWD, "/research/d7/spc/yzyang4/prospective_decision_v1/intakes/0819-multi-modal-gesture-recognition-8seeds-c0eee1bcae61ca31/summary.json", O_RDONLY|O_CLOEXEC) = 4
4039432 openat(AT_FDCWD, "/research/d7/spc/yzyang4/prospective_decision_v1/intakes/0819-multi-modal-gesture-recognition-8seeds-c0eee1bcae61ca31/eligible_blind_manifest.jsonl", O_RDONLY|O_CLOEXEC) = 4
4039432 openat(AT_FDCWD, "/research/d7/spc/yzyang4/prospective_decision_v1/intakes/0819-multi-modal-gesture-recognition-8seeds-c0eee1bcae61ca31/eligible_blind_manifest.jsonl", O_RDONLY|O_CLOEXEC) = 4
4039432 openat(AT_FDCWD, "/research/d7/spc/yzyang4/prospective_decision_v1/intakes/0819-alaska2-image-steganalysis-4seeds-6c692a6a4855419b/summary.json", O_RDONLY|O_CLOEXEC) = 4
4039432 openat(AT_FDCWD, "/research/d7/spc/yzyang4/prospective_decision_v1/intakes/0819-alaska2-image-steganalysis-4seeds-6c692a6a4855419b/summary.json", O_RDONLY|O_CLOEXEC) = 4
4039432 openat(AT_FDCWD, "/research/d7/spc/yzyang4/prospective_decision_v1/intakes/0819-alaska2-image-steganalysis-4seeds-6c692a6a4855419b/eligible_blind_manifest.jsonl", O_RDONLY|O_CLOEXEC) = 4
4039432 openat(AT_FDCWD, "/research/d7/spc/yzyang4/prospective_decision_v1/intakes/0819-alaska2-image-steganalysis-4seeds-6c692a6a4855419b/eligible_blind_manifest.jsonl", O_RDONLY|O_CLOEXEC) = 4
4039432 openat(AT_FDCWD, "/research/d7/spc/yzyang4/prospective_decision_v1/intakes/0819-uw-madison-gi-tract-image-segmentation-8seeds-9422b05b52cbdb3f/summary.json", O_RDONLY|O_CLOEXEC) = 4
4039432 openat(AT_FDCWD, "/research/d7/spc/yzyang4/prospective_decision_v1/intakes/0819-uw-madison-gi-tract-image-segmentation-8seeds-9422b05b52cbdb3f/summary.json", O_RDONLY|O_CLOEXEC) = 4
4039432 openat(AT_FDCWD, "/research/d7/spc/yzyang4/prospective_decision_v1/intakes/0819-uw-madison-gi-tract-image-segmentation-8seeds-9422b05b52cbdb3f/eligible_blind_manifest.jsonl", O_RDONLY|O_CLOEXEC) = 4
4039432 openat(AT_FDCWD, "/research/d7/spc/yzyang4/prospective_decision_v1/intakes/0819-uw-madison-gi-tract-image-segmentation-8seeds-9422b05b52cbdb3f/eligible_blind_manifest.jsonl", O_RDONLY|O_CLOEXEC) = 4
4039432 openat(AT_FDCWD, "/research/d7/spc/yzyang4/prospective_decision_v1/intakes/0819-AI4Code-8seeds-5ec7b1eb457a6ccb/summary.json", O_RDONLY|O_CLOEXEC) = 4
4039432 openat(AT_FDCWD, "/research/d7/spc/yzyang4/prospective_decision_v1/intakes/0819-AI4Code-8seeds-5ec7b1eb457a6ccb/summary.json", O_RDONLY|O_CLOEXEC) = 4
4039432 openat(AT_FDCWD, "/research/d7/spc/yzyang4/prospective_decision_v1/intakes/0819-AI4Code-8seeds-5ec7b1eb457a6ccb/eligible_blind_manifest.jsonl", O_RDONLY|O_CLOEXEC) = 4
4039432 openat(AT_FDCWD, "/research/d7/spc/yzyang4/prospective_decision_v1/intakes/0819-AI4Code-8seeds-5ec7b1eb457a6ccb/eligible_blind_manifest.jsonl", O_RDONLY|O_CLOEXEC) = 4
4039432 openat(AT_FDCWD, "/research/d7/spc/yzyang4/prospective_decision_v1/intakes/0819-imet-2020-fgvc7-8seeds-4ead366a99920284/summary.json", O_RDONLY|O_CLOEXEC) = 4
4039432 openat(AT_FDCWD, "/research/d7/spc/yzyang4/prospective_decision_v1/intakes/0819-imet-2020-fgvc7-8seeds-4ead366a99920284/summary.json", O_RDONLY|O_CLOEXEC) = 4
4039432 openat(AT_FDCWD, "/research/d7/spc/yzyang4/prospective_decision_v1/intakes/0819-imet-2020-fgvc7-8seeds-4ead366a99920284/eligible_blind_manifest.jsonl", O_RDONLY|O_CLOEXEC) = 4
4039432 openat(AT_FDCWD, "/research/d7/spc/yzyang4/prospective_decision_v1/intakes/0819-imet-2020-fgvc7-8seeds-4ead366a99920284/eligible_blind_manifest.jsonl", O_RDONLY|O_CLOEXEC) = 4
4039432 openat(AT_FDCWD, "/research/d7/spc/yzyang4/prospective_decision_v1/intakes/0819-new-york-city-taxi-fare-prediction-8seeds-a435a64aadf473da/summary.json", O_RDONLY|O_CLOEXEC) = 4
4039432 openat(AT_FDCWD, "/research/d7/spc/yzyang4/prospective_decision_v1/intakes/0819-new-york-city-taxi-fare-prediction-8seeds-a435a64aadf473da/summary.json", O_RDONLY|O_CLOEXEC) = 4
4039432 openat(AT_FDCWD, "/research/d7/spc/yzyang4/prospective_decision_v1/intakes/0819-new-york-city-taxi-fare-prediction-8seeds-a435a64aadf473da/eligible_blind_manifest.jsonl", O_RDONLY|O_CLOEXEC) = 4
4039432 openat(AT_FDCWD, "/research/d7/spc/yzyang4/prospective_decision_v1/intakes/0819-new-york-city-taxi-fare-prediction-8seeds-a435a64aadf473da/eligible_blind_manifest.jsonl", O_RDONLY|O_CLOEXEC) = 4
4039432 openat(AT_FDCWD, "/research/d7/spc/yzyang4/prospective_decision_v1/intakes/0820-cdiscount-image-classification-challenge-8seeds-0f27471dbcc89795/summary.json", O_RDONLY|O_CLOEXEC) = 4
4039432 openat(AT_FDCWD, "/research/d7/spc/yzyang4/prospective_decision_v1/intakes/0820-cdiscount-image-classification-challenge-8seeds-0f27471dbcc89795/summary.json", O_RDONLY|O_CLOEXEC) = 4
4039432 openat(AT_FDCWD, "/research/d7/spc/yzyang4/prospective_decision_v1/intakes/0820-cdiscount-image-classification-challenge-8seeds-0f27471dbcc89795/eligible_blind_manifest.jsonl", O_RDONLY|O_CLOEXEC) = 4
4039432 openat(AT_FDCWD, "/research/d7/spc/yzyang4/prospective_decision_v1/intakes/0820-cdiscount-image-classification-challenge-8seeds-0f27471dbcc89795/eligible_blind_manifest.jsonl", O_RDONLY|O_CLOEXEC) = 4
4039432 openat(AT_FDCWD, "/research/d7/spc/yzyang4/prospective_decision_v1/intakes/0820-tensorflow-speech-recognition-challenge-8seeds-d7178c1565f70a88/summary.json", O_RDONLY|O_CLOEXEC) = 4
4039432 openat(AT_FDCWD, "/research/d7/spc/yzyang4/prospective_decision_v1/intakes/0820-tensorflow-speech-recognition-challenge-8seeds-d7178c1565f70a88/summary.json", O_RDONLY|O_CLOEXEC) = 4
4039432 openat(AT_FDCWD, "/research/d7/spc/yzyang4/prospective_decision_v1/intakes/0820-tensorflow-speech-recognition-challenge-8seeds-d7178c1565f70a88/eligible_blind_manifest.jsonl", O_RDONLY|O_CLOEXEC) = 4
4039432 openat(AT_FDCWD, "/research/d7/spc/yzyang4/prospective_decision_v1/intakes/0820-tensorflow-speech-recognition-challenge-8seeds-d7178c1565f70a88/eligible_blind_manifest.jsonl", O_RDONLY|O_CLOEXEC) = 4
4039432 openat(AT_FDCWD, "/research/d7/spc/yzyang4/prospective_decision_v1/intakes/0820-ventilator-pressure-prediction-8seeds-969d96d511c6dcad/summary.json", O_RDONLY|O_CLOEXEC) = 4
4039432 openat(AT_FDCWD, "/research/d7/spc/yzyang4/prospective_decision_v1/intakes/0820-ventilator-pressure-prediction-8seeds-969d96d511c6dcad/summary.json", O_RDONLY|O_CLOEXEC) = 4
4039432 openat(AT_FDCWD, "/research/d7/spc/yzyang4/prospective_decision_v1/intakes/0820-ventilator-pressure-prediction-8seeds-969d96d511c6dcad/eligible_blind_manifest.jsonl", O_RDONLY|O_CLOEXEC) = 4
4039432 openat(AT_FDCWD, "/research/d7/spc/yzyang4/prospective_decision_v1/intakes/0820-ventilator-pressure-prediction-8seeds-969d96d511c6dcad/eligible_blind_manifest.jsonl", O_RDONLY|O_CLOEXEC) = 4
4039432 openat(AT_FDCWD, "/research/d7/spc/yzyang4/prospective_decision_v1/intakes/0820-tgs-salt-identification-challenge-4seeds-a7d6c83a65479ccd/summary.json", O_RDONLY|O_CLOEXEC) = 4
4039432 openat(AT_FDCWD, "/research/d7/spc/yzyang4/prospective_decision_v1/intakes/0820-tgs-salt-identification-challenge-4seeds-a7d6c83a65479ccd/summary.json", O_RDONLY|O_CLOEXEC) = 4
4039432 openat(AT_FDCWD, "/research/d7/spc/yzyang4/prospective_decision_v1/intakes/0820-tgs-salt-identification-challenge-4seeds-a7d6c83a65479ccd/eligible_blind_manifest.jsonl", O_RDONLY|O_CLOEXEC) = 4
4039432 openat(AT_FDCWD, "/research/d7/spc/yzyang4/prospective_decision_v1/intakes/0820-tgs-salt-identification-challenge-4seeds-a7d6c83a65479ccd/eligible_blind_manifest.jsonl", O_RDONLY|O_CLOEXEC) = 4
4039432 openat(AT_FDCWD, "/research/d7/spc/yzyang4/prospective_decision_v1/intakes/0820-text-normalization-challenge-russian-language-8seeds-6a58bd79f59573a0/summary.json", O_RDONLY|O_CLOEXEC) = 4
4039432 openat(AT_FDCWD, "/research/d7/spc/yzyang4/prospective_decision_v1/intakes/0820-text-normalization-challenge-russian-language-8seeds-6a58bd79f59573a0/summary.json", O_RDONLY|O_CLOEXEC) = 4
4039432 openat(AT_FDCWD, "/research/d7/spc/yzyang4/prospective_decision_v1/intakes/0820-text-normalization-challenge-russian-language-8seeds-6a58bd79f59573a0/eligible_blind_manifest.jsonl", O_RDONLY|O_CLOEXEC) = 4
4039432 openat(AT_FDCWD, "/research/d7/spc/yzyang4/prospective_decision_v1/intakes/0820-text-normalization-challenge-russian-language-8seeds-6a58bd79f59573a0/eligible_blind_manifest.jsonl", O_RDONLY|O_CLOEXEC) = 4
4039432 openat(AT_FDCWD, "/research/d7/spc/yzyang4/prospective_decision_v1/intakes/0820-tensorflow2-question-answering-4seeds-8f59fc9bab825271/summary.json", O_RDONLY|O_CLOEXEC) = 4
4039432 openat(AT_FDCWD, "/research/d7/spc/yzyang4/prospective_decision_v1/intakes/0820-tensorflow2-question-answering-4seeds-8f59fc9bab825271/summary.json", O_RDONLY|O_CLOEXEC) = 4
4039432 openat(AT_FDCWD, "/research/d7/spc/yzyang4/prospective_decision_v1/intakes/0820-tensorflow2-question-answering-4seeds-8f59fc9bab825271/eligible_blind_manifest.jsonl", O_RDONLY|O_CLOEXEC) = 4
4039432 openat(AT_FDCWD, "/research/d7/spc/yzyang4/prospective_decision_v1/intakes/0820-tensorflow2-question-answering-4seeds-8f59fc9bab825271/eligible_blind_manifest.jsonl", O_RDONLY|O_CLOEXEC) = 4
4039432 openat(AT_FDCWD, "/research/d7/spc/yzyang4/prospective_decision_v1/intakes/0820-facebook-recruiting-iii-keyword-extraction-4seeds-781f01fd39609d0b/summary.json", O_RDONLY|O_CLOEXEC) = 4
4039432 openat(AT_FDCWD, "/research/d7/spc/yzyang4/prospective_decision_v1/intakes/0820-facebook-recruiting-iii-keyword-extraction-4seeds-781f01fd39609d0b/summary.json", O_RDONLY|O_CLOEXEC) = 4
4039432 openat(AT_FDCWD, "/research/d7/spc/yzyang4/prospective_decision_v1/intakes/0820-facebook-recruiting-iii-keyword-extraction-4seeds-781f01fd39609d0b/eligible_blind_manifest.jsonl", O_RDONLY|O_CLOEXEC) = 4
4039432 openat(AT_FDCWD, "/research/d7/spc/yzyang4/prospective_decision_v1/intakes/0820-facebook-recruiting-iii-keyword-extraction-4seeds-781f01fd39609d0b/eligible_blind_manifest.jsonl", O_RDONLY|O_CLOEXEC) = 4
4039432 openat(AT_FDCWD, "/research/d7/spc/yzyang4/prospective_decision_v1/intakes/0820-osic-pulmonary-fibrosis-progression-8seeds-4c1127356fce21d7/summary.json", O_RDONLY|O_CLOEXEC) = 4
4039432 openat(AT_FDCWD, "/research/d7/spc/yzyang4/prospective_decision_v1/intakes/0820-osic-pulmonary-fibrosis-progression-8seeds-4c1127356fce21d7/summary.json", O_RDONLY|O_CLOEXEC) = 4
4039432 openat(AT_FDCWD, "/research/d7/spc/yzyang4/prospective_decision_v1/intakes/0820-osic-pulmonary-fibrosis-progression-8seeds-4c1127356fce21d7/eligible_blind_manifest.jsonl", O_RDONLY|O_CLOEXEC) = 4
4039432 openat(AT_FDCWD, "/research/d7/spc/yzyang4/prospective_decision_v1/intakes/0820-osic-pulmonary-fibrosis-progression-8seeds-4c1127356fce21d7/eligible_blind_manifest.jsonl", O_RDONLY|O_CLOEXEC) = 4
4039432 openat(AT_FDCWD, "/research/d7/spc/yzyang4/prospective_decision_v1/intakes/0821-ranzcr-clip-catheter-line-classification-8seeds-a875557a143f261a/summary.json", O_RDONLY|O_CLOEXEC) = 4
4039432 openat(AT_FDCWD, "/research/d7/spc/yzyang4/prospective_decision_v1/intakes/0821-ranzcr-clip-catheter-line-classification-8seeds-a875557a143f261a/summary.json", O_RDONLY|O_CLOEXEC) = 4
4039432 openat(AT_FDCWD, "/research/d7/spc/yzyang4/prospective_decision_v1/intakes/0821-ranzcr-clip-catheter-line-classification-8seeds-a875557a143f261a/eligible_blind_manifest.jsonl", O_RDONLY|O_CLOEXEC) = 4
4039432 openat(AT_FDCWD, "/research/d7/spc/yzyang4/prospective_decision_v1/intakes/0821-ranzcr-clip-catheter-line-classification-8seeds-a875557a143f261a/eligible_blind_manifest.jsonl", O_RDONLY|O_CLOEXEC) = 4
4039432 openat(AT_FDCWD, "/research/d7/spc/yzyang4/prospective_decision_v1/intakes/0821-tgs-salt-identification-challenge-4seeds-74228c81dfd61f4a/summary.json", O_RDONLY|O_CLOEXEC) = 4
4039432 openat(AT_FDCWD, "/research/d7/spc/yzyang4/prospective_decision_v1/intakes/0821-tgs-salt-identification-challenge-4seeds-74228c81dfd61f4a/summary.json", O_RDONLY|O_CLOEXEC) = 4
4039432 openat(AT_FDCWD, "/research/d7/spc/yzyang4/prospective_decision_v1/intakes/0821-tgs-salt-identification-challenge-4seeds-74228c81dfd61f4a/eligible_blind_manifest.jsonl", O_RDONLY|O_CLOEXEC) = 4
4039432 openat(AT_FDCWD, "/research/d7/spc/yzyang4/prospective_decision_v1/intakes/0821-tgs-salt-identification-challenge-4seeds-74228c81dfd61f4a/eligible_blind_manifest.jsonl", O_RDONLY|O_CLOEXEC) = 4
4039432 openat(AT_FDCWD, "/research/d7/spc/yzyang4/prospective_decision_v1/intakes/0821-ventilator-pressure-prediction-8seeds-de502e7fafa7900e/summary.json", O_RDONLY|O_CLOEXEC) = 4
4039432 openat(AT_FDCWD, "/research/d7/spc/yzyang4/prospective_decision_v1/intakes/0821-ventilator-pressure-prediction-8seeds-de502e7fafa7900e/summary.json", O_RDONLY|O_CLOEXEC) = 4
4039432 openat(AT_FDCWD, "/research/d7/spc/yzyang4/prospective_decision_v1/intakes/0821-ventilator-pressure-prediction-8seeds-de502e7fafa7900e/eligible_blind_manifest.jsonl", O_RDONLY|O_CLOEXEC) = 4
4039432 openat(AT_FDCWD, "/research/d7/spc/yzyang4/prospective_decision_v1/intakes/0821-ventilator-pressure-prediction-8seeds-de502e7fafa7900e/eligible_blind_manifest.jsonl", O_RDONLY|O_CLOEXEC) = 4
4039432 openat(AT_FDCWD, "/research/d7/spc/yzyang4/prospective_decision_v1/intakes/0821-tensorflow-speech-recognition-challenge-8seeds-bb08618dfa0d5d2d/summary.json", O_RDONLY|O_CLOEXEC) = 4
4039432 openat(AT_FDCWD, "/research/d7/spc/yzyang4/prospective_decision_v1/intakes/0821-tensorflow-speech-recognition-challenge-8seeds-bb08618dfa0d5d2d/summary.json", O_RDONLY|O_CLOEXEC) = 4
4039432 openat(AT_FDCWD, "/research/d7/spc/yzyang4/prospective_decision_v1/intakes/0821-tensorflow-speech-recognition-challenge-8seeds-bb08618dfa0d5d2d/eligible_blind_manifest.jsonl", O_RDONLY|O_CLOEXEC) = 4
4039432 openat(AT_FDCWD, "/research/d7/spc/yzyang4/prospective_decision_v1/intakes/0821-tensorflow-speech-recognition-challenge-8seeds-bb08618dfa0d5d2d/eligible_blind_manifest.jsonl", O_RDONLY|O_CLOEXEC) = 4
4039432 openat(AT_FDCWD, "/research/d7/spc/yzyang4/prospective_decision_v1/intakes/0821-multi-modal-gesture-recognition-8seeds-509932f120f7c5de/summary.json", O_RDONLY|O_CLOEXEC) = 4
4039432 openat(AT_FDCWD, "/research/d7/spc/yzyang4/prospective_decision_v1/intakes/0821-multi-modal-gesture-recognition-8seeds-509932f120f7c5de/summary.json", O_RDONLY|O_CLOEXEC) = 4
4039432 openat(AT_FDCWD, "/research/d7/spc/yzyang4/prospective_decision_v1/intakes/0821-multi-modal-gesture-recognition-8seeds-509932f120f7c5de/eligible_blind_manifest.jsonl", O_RDONLY|O_CLOEXEC) = 4
4039432 openat(AT_FDCWD, "/research/d7/spc/yzyang4/prospective_decision_v1/intakes/0821-multi-modal-gesture-recognition-8seeds-509932f120f7c5de/eligible_blind_manifest.jsonl", O_RDONLY|O_CLOEXEC) = 4
4039432 openat(AT_FDCWD, "/research/d7/spc/yzyang4/prospective_decision_v1/intakes/0821-aptos2019-blindness-detection-4seeds-105cba8d3e13a1a1/summary.json", O_RDONLY|O_CLOEXEC) = 4
4039432 openat(AT_FDCWD, "/research/d7/spc/yzyang4/prospective_decision_v1/intakes/0821-aptos2019-blindness-detection-4seeds-105cba8d3e13a1a1/summary.json", O_RDONLY|O_CLOEXEC) = 4
4039432 openat(AT_FDCWD, "/research/d7/spc/yzyang4/prospective_decision_v1/intakes/0821-aptos2019-blindness-detection-4seeds-105cba8d3e13a1a1/eligible_blind_manifest.jsonl", O_RDONLY|O_CLOEXEC) = 4
4039432 openat(AT_FDCWD, "/research/d7/spc/yzyang4/prospective_decision_v1/intakes/0821-aptos2019-blindness-detection-4seeds-105cba8d3e13a1a1/eligible_blind_manifest.jsonl", O_RDONLY|O_CLOEXEC) = 4
4039432 openat(AT_FDCWD, "/research/d7/spc/yzyang4/prospective_decision_v1/intakes/0821-facebook-recruiting-iii-keyword-extraction-4seeds-81e7dc0390552437/summary.json", O_RDONLY|O_CLOEXEC) = 4
4039432 openat(AT_FDCWD, "/research/d7/spc/yzyang4/prospective_decision_v1/intakes/0821-facebook-recruiting-iii-keyword-extraction-4seeds-81e7dc0390552437/summary.json", O_RDONLY|O_CLOEXEC) = 4
4039432 openat(AT_FDCWD, "/research/d7/spc/yzyang4/prospective_decision_v1/intakes/0821-facebook-recruiting-iii-keyword-extraction-4seeds-81e7dc0390552437/eligible_blind_manifest.jsonl", O_RDONLY|O_CLOEXEC) = 4
4039432 openat(AT_FDCWD, "/research/d7/spc/yzyang4/prospective_decision_v1/intakes/0821-facebook-recruiting-iii-keyword-extraction-4seeds-81e7dc0390552437/eligible_blind_manifest.jsonl", O_RDONLY|O_CLOEXEC) = 4
4039432 openat(AT_FDCWD, "/research/d7/spc/yzyang4/prospective_decision_v1/intakes/0821-tensorflow2-question-answering-4seeds-9b53db974e54c50f/summary.json", O_RDONLY|O_CLOEXEC) = 4
4039432 openat(AT_FDCWD, "/research/d7/spc/yzyang4/prospective_decision_v1/intakes/0821-tensorflow2-question-answering-4seeds-9b53db974e54c50f/summary.json", O_RDONLY|O_CLOEXEC) = 4
4039432 openat(AT_FDCWD, "/research/d7/spc/yzyang4/prospective_decision_v1/intakes/0821-tensorflow2-question-answering-4seeds-9b53db974e54c50f/eligible_blind_manifest.jsonl", O_RDONLY|O_CLOEXEC) = 4
4039432 openat(AT_FDCWD, "/research/d7/spc/yzyang4/prospective_decision_v1/intakes/0821-tensorflow2-question-answering-4seeds-9b53db974e54c50f/eligible_blind_manifest.jsonl", O_RDONLY|O_CLOEXEC) = 4
4039432 openat(AT_FDCWD, "/research/d7/spc/yzyang4/prospective_decision_v1/intakes/0821-billion-word-imputation-4seeds-e9268b7366f1570f/summary.json", O_RDONLY|O_CLOEXEC) = 4
4039432 openat(AT_FDCWD, "/research/d7/spc/yzyang4/prospective_decision_v1/intakes/0821-billion-word-imputation-4seeds-e9268b7366f1570f/summary.json", O_RDONLY|O_CLOEXEC) = 4
4039432 openat(AT_FDCWD, "/research/d7/spc/yzyang4/prospective_decision_v1/intakes/0821-billion-word-imputation-4seeds-e9268b7366f1570f/eligible_blind_manifest.jsonl", O_RDONLY|O_CLOEXEC) = 4
4039432 openat(AT_FDCWD, "/research/d7/spc/yzyang4/prospective_decision_v1/intakes/0821-billion-word-imputation-4seeds-e9268b7366f1570f/eligible_blind_manifest.jsonl", O_RDONLY|O_CLOEXEC) = 4
4039432 openat(AT_FDCWD, "/research/d7/spc/yzyang4/prospective_decision_v1/intakes/0821-imet-2020-fgvc7-8seeds-f34c488528e3c199/summary.json", O_RDONLY|O_CLOEXEC) = 4
4039432 openat(AT_FDCWD, "/research/d7/spc/yzyang4/prospective_decision_v1/intakes/0821-imet-2020-fgvc7-8seeds-f34c488528e3c199/summary.json", O_RDONLY|O_CLOEXEC) = 4
4039432 openat(AT_FDCWD, "/research/d7/spc/yzyang4/prospective_decision_v1/intakes/0821-imet-2020-fgvc7-8seeds-f34c488528e3c199/eligible_blind_manifest.jsonl", O_RDONLY|O_CLOEXEC) = 4
4039432 openat(AT_FDCWD, "/research/d7/spc/yzyang4/prospective_decision_v1/intakes/0821-imet-2020-fgvc7-8seeds-f34c488528e3c199/eligible_blind_manifest.jsonl", O_RDONLY|O_CLOEXEC) = 4
4039432 openat(AT_FDCWD, "/research/d7/spc/yzyang4/prospective_decision_v1/intakes/0821-kuzushiji-recognition-4seeds-482b66ac5e31154e/summary.json", O_RDONLY|O_CLOEXEC) = 4
4039432 openat(AT_FDCWD, "/research/d7/spc/yzyang4/prospective_decision_v1/intakes/0821-kuzushiji-recognition-4seeds-482b66ac5e31154e/summary.json", O_RDONLY|O_CLOEXEC) = 4
4039432 openat(AT_FDCWD, "/research/d7/spc/yzyang4/prospective_decision_v1/intakes/0821-kuzushiji-recognition-4seeds-482b66ac5e31154e/eligible_blind_manifest.jsonl", O_RDONLY|O_CLOEXEC) = 4
4039432 openat(AT_FDCWD, "/research/d7/spc/yzyang4/prospective_decision_v1/intakes/0821-kuzushiji-recognition-4seeds-482b66ac5e31154e/eligible_blind_manifest.jsonl", O_RDONLY|O_CLOEXEC) = 4
4039432 openat(AT_FDCWD, "/research/d7/spc/yzyang4/prospective_decision_v1/intakes/0822-cdiscount-image-classification-challenge-8seeds-b622511a542f559c/summary.json", O_RDONLY|O_CLOEXEC) = 4
4039432 openat(AT_FDCWD, "/research/d7/spc/yzyang4/prospective_decision_v1/intakes/0822-cdiscount-image-classification-challenge-8seeds-b622511a542f559c/summary.json", O_RDONLY|O_CLOEXEC) = 4
4039432 openat(AT_FDCWD, "/research/d7/spc/yzyang4/prospective_decision_v1/intakes/0822-cdiscount-image-classification-challenge-8seeds-b622511a542f559c/eligible_blind_manifest.jsonl", O_RDONLY|O_CLOEXEC) = 4
4039432 openat(AT_FDCWD, "/research/d7/spc/yzyang4/prospective_decision_v1/intakes/0822-cdiscount-image-classification-challenge-8seeds-b622511a542f559c/eligible_blind_manifest.jsonl", O_RDONLY|O_CLOEXEC) = 4
4039432 openat(AT_FDCWD, "/research/d7/spc/yzyang4/prospective_decision_v1/intakes/0822-lmsys-chatbot-arena-8seeds-4f4a3167e945e115/summary.json", O_RDONLY|O_CLOEXEC) = 4
4039432 openat(AT_FDCWD, "/research/d7/spc/yzyang4/prospective_decision_v1/intakes/0822-lmsys-chatbot-arena-8seeds-4f4a3167e945e115/summary.json", O_RDONLY|O_CLOEXEC) = 4
4039432 openat(AT_FDCWD, "/research/d7/spc/yzyang4/prospective_decision_v1/intakes/0822-lmsys-chatbot-arena-8seeds-4f4a3167e945e115/eligible_blind_manifest.jsonl", O_RDONLY|O_CLOEXEC) = 4
4039432 openat(AT_FDCWD, "/research/d7/spc/yzyang4/prospective_decision_v1/intakes/0822-lmsys-chatbot-arena-8seeds-4f4a3167e945e115/eligible_blind_manifest.jsonl", O_RDONLY|O_CLOEXEC) = 4
4039432 openat(AT_FDCWD, "/research/d7/spc/yzyang4/prospective_decision_v1/intakes/0822-alaska2-image-steganalysis-4seeds-79cc74cf20286225/summary.json", O_RDONLY|O_CLOEXEC) = 4
4039432 openat(AT_FDCWD, "/research/d7/spc/yzyang4/prospective_decision_v1/intakes/0822-alaska2-image-steganalysis-4seeds-79cc74cf20286225/summary.json", O_RDONLY|O_CLOEXEC) = 4
4039432 openat(AT_FDCWD, "/research/d7/spc/yzyang4/prospective_decision_v1/intakes/0822-alaska2-image-steganalysis-4seeds-79cc74cf20286225/eligible_blind_manifest.jsonl", O_RDONLY|O_CLOEXEC) = 4
4039432 openat(AT_FDCWD, "/research/d7/spc/yzyang4/prospective_decision_v1/intakes/0822-alaska2-image-steganalysis-4seeds-79cc74cf20286225/eligible_blind_manifest.jsonl", O_RDONLY|O_CLOEXEC) = 4
4039432 openat(AT_FDCWD, "/research/d7/spc/yzyang4/prospective_decision_v1/intakes/0822-osic-pulmonary-fibrosis-progression-8seeds-e84786a5471efed6/summary.json", O_RDONLY|O_CLOEXEC) = 4
4039432 openat(AT_FDCWD, "/research/d7/spc/yzyang4/prospective_decision_v1/intakes/0822-osic-pulmonary-fibrosis-progression-8seeds-e84786a5471efed6/summary.json", O_RDONLY|O_CLOEXEC) = 4
4039432 openat(AT_FDCWD, "/research/d7/spc/yzyang4/prospective_decision_v1/intakes/0822-osic-pulmonary-fibrosis-progression-8seeds-e84786a5471efed6/eligible_blind_manifest.jsonl", O_RDONLY|O_CLOEXEC) = 4
4039432 openat(AT_FDCWD, "/research/d7/spc/yzyang4/prospective_decision_v1/intakes/0822-osic-pulmonary-fibrosis-progression-8seeds-e84786a5471efed6/eligible_blind_manifest.jsonl", O_RDONLY|O_CLOEXEC) = 4
4039432 openat(AT_FDCWD, "/research/d7/spc/yzyang4/prospective_decision_v1/intakes/0822-billion-word-imputation-4seeds-cf6cbce7a1e2b99c/summary.json", O_RDONLY|O_CLOEXEC) = 4
4039432 openat(AT_FDCWD, "/research/d7/spc/yzyang4/prospective_decision_v1/intakes/0822-billion-word-imputation-4seeds-cf6cbce7a1e2b99c/summary.json", O_RDONLY|O_CLOEXEC) = 4
4039432 openat(AT_FDCWD, "/research/d7/spc/yzyang4/prospective_decision_v1/intakes/0822-billion-word-imputation-4seeds-cf6cbce7a1e2b99c/eligible_blind_manifest.jsonl", O_RDONLY|O_CLOEXEC) = 4
4039432 openat(AT_FDCWD, "/research/d7/spc/yzyang4/prospective_decision_v1/intakes/0822-billion-word-imputation-4seeds-cf6cbce7a1e2b99c/eligible_blind_manifest.jsonl", O_RDONLY|O_CLOEXEC) = 4
4039432 openat(AT_FDCWD, "/research/d7/spc/yzyang4/prospective_decision_v1/intakes/0822-uw-madison-gi-tract-image-segmentation-8seeds-10d21ac1200e55c7/summary.json", O_RDONLY|O_CLOEXEC) = 4
4039432 openat(AT_FDCWD, "/research/d7/spc/yzyang4/prospective_decision_v1/intakes/0822-uw-madison-gi-tract-image-segmentation-8seeds-10d21ac1200e55c7/summary.json", O_RDONLY|O_CLOEXEC) = 4
4039432 openat(AT_FDCWD, "/research/d7/spc/yzyang4/prospective_decision_v1/intakes/0822-uw-madison-gi-tract-image-segmentation-8seeds-10d21ac1200e55c7/eligible_blind_manifest.jsonl", O_RDONLY|O_CLOEXEC) = 4
4039432 openat(AT_FDCWD, "/research/d7/spc/yzyang4/prospective_decision_v1/intakes/0822-uw-madison-gi-tract-image-segmentation-8seeds-10d21ac1200e55c7/eligible_blind_manifest.jsonl", O_RDONLY|O_CLOEXEC) = 4
4039432 openat(AT_FDCWD, "/research/d7/spc/yzyang4/prospective_decision_v1/intakes/0823-plant-pathology-2021-fgvc8-8seeds-a2e98469064d4a5d/summary.json", O_RDONLY|O_CLOEXEC) = 4
4039432 openat(AT_FDCWD, "/research/d7/spc/yzyang4/prospective_decision_v1/intakes/0823-plant-pathology-2021-fgvc8-8seeds-a2e98469064d4a5d/summary.json", O_RDONLY|O_CLOEXEC) = 4
4039432 openat(AT_FDCWD, "/research/d7/spc/yzyang4/prospective_decision_v1/intakes/0823-plant-pathology-2021-fgvc8-8seeds-a2e98469064d4a5d/eligible_blind_manifest.jsonl", O_RDONLY|O_CLOEXEC) = 4
4039432 openat(AT_FDCWD, "/research/d7/spc/yzyang4/prospective_decision_v1/intakes/0823-plant-pathology-2021-fgvc8-8seeds-a2e98469064d4a5d/eligible_blind_manifest.jsonl", O_RDONLY|O_CLOEXEC) = 4
4039432 openat(AT_FDCWD, "/research/d7/spc/yzyang4/prospective_decision_v1/intakes/0823-tensorflow-speech-recognition-challenge-8seeds-3fb4b575a92a5dd8/summary.json", O_RDONLY|O_CLOEXEC) = 4
4039432 openat(AT_FDCWD, "/research/d7/spc/yzyang4/prospective_decision_v1/intakes/0823-tensorflow-speech-recognition-challenge-8seeds-3fb4b575a92a5dd8/summary.json", O_RDONLY|O_CLOEXEC) = 4
4039432 openat(AT_FDCWD, "/research/d7/spc/yzyang4/prospective_decision_v1/intakes/0823-tensorflow-speech-recognition-challenge-8seeds-3fb4b575a92a5dd8/eligible_blind_manifest.jsonl", O_RDONLY|O_CLOEXEC) = 4
4039432 openat(AT_FDCWD, "/research/d7/spc/yzyang4/prospective_decision_v1/intakes/0823-tensorflow-speech-recognition-challenge-8seeds-3fb4b575a92a5dd8/eligible_blind_manifest.jsonl", O_RDONLY|O_CLOEXEC) = 4
4039432 openat(AT_FDCWD, "/research/d7/spc/yzyang4/prospective_decision_v1/intakes/0823-ranzcr-clip-catheter-line-classification-8seeds-c02f637e18ea37f7/summary.json", O_RDONLY|O_CLOEXEC) = 4
4039432 openat(AT_FDCWD, "/research/d7/spc/yzyang4/prospective_decision_v1/intakes/0823-ranzcr-clip-catheter-line-classification-8seeds-c02f637e18ea37f7/summary.json", O_RDONLY|O_CLOEXEC) = 4
4039432 openat(AT_FDCWD, "/research/d7/spc/yzyang4/prospective_decision_v1/intakes/0823-ranzcr-clip-catheter-line-classification-8seeds-c02f637e18ea37f7/eligible_blind_manifest.jsonl", O_RDONLY|O_CLOEXEC) = 4
4039432 openat(AT_FDCWD, "/research/d7/spc/yzyang4/prospective_decision_v1/intakes/0823-ranzcr-clip-catheter-line-classification-8seeds-c02f637e18ea37f7/eligible_blind_manifest.jsonl", O_RDONLY|O_CLOEXEC) = 4
4039432 openat(AT_FDCWD, "/research/d7/spc/yzyang4/prospective_decision_v1/intakes/0823-alaska2-image-steganalysis-4seeds-f2f643319859c4c8/summary.json", O_RDONLY|O_CLOEXEC) = 4
4039432 openat(AT_FDCWD, "/research/d7/spc/yzyang4/prospective_decision_v1/intakes/0823-alaska2-image-steganalysis-4seeds-f2f643319859c4c8/summary.json", O_RDONLY|O_CLOEXEC) = 4
4039432 openat(AT_FDCWD, "/research/d7/spc/yzyang4/prospective_decision_v1/intakes/0823-alaska2-image-steganalysis-4seeds-f2f643319859c4c8/eligible_blind_manifest.jsonl", O_RDONLY|O_CLOEXEC) = 4
4039432 openat(AT_FDCWD, "/research/d7/spc/yzyang4/prospective_decision_v1/intakes/0823-alaska2-image-steganalysis-4seeds-f2f643319859c4c8/eligible_blind_manifest.jsonl", O_RDONLY|O_CLOEXEC) = 4
4039432 openat(AT_FDCWD, "/research/d7/spc/yzyang4/prospective_decision_v1/intakes/0824-uw-madison-gi-tract-image-segmentation-8seeds-56661a42b96b3a7e/summary.json", O_RDONLY|O_CLOEXEC) = 4
4039432 openat(AT_FDCWD, "/research/d7/spc/yzyang4/prospective_decision_v1/intakes/0824-uw-madison-gi-tract-image-segmentation-8seeds-56661a42b96b3a7e/summary.json", O_RDONLY|O_CLOEXEC) = 4
4039432 openat(AT_FDCWD, "/research/d7/spc/yzyang4/prospective_decision_v1/intakes/0824-uw-madison-gi-tract-image-segmentation-8seeds-56661a42b96b3a7e/eligible_blind_manifest.jsonl", O_RDONLY|O_CLOEXEC) = 4
4039432 openat(AT_FDCWD, "/research/d7/spc/yzyang4/prospective_decision_v1/intakes/0824-uw-madison-gi-tract-image-segmentation-8seeds-56661a42b96b3a7e/eligible_blind_manifest.jsonl", O_RDONLY|O_CLOEXEC) = 4
4039432 openat(AT_FDCWD, "/research/d7/spc/yzyang4/prospective_decision_v1/intakes/0824-lmsys-chatbot-arena-8seeds-5bf8b84a6dc1107d/summary.json", O_RDONLY|O_CLOEXEC) = 4
4039432 openat(AT_FDCWD, "/research/d7/spc/yzyang4/prospective_decision_v1/intakes/0824-lmsys-chatbot-arena-8seeds-5bf8b84a6dc1107d/summary.json", O_RDONLY|O_CLOEXEC) = 4
4039432 openat(AT_FDCWD, "/research/d7/spc/yzyang4/prospective_decision_v1/intakes/0824-lmsys-chatbot-arena-8seeds-5bf8b84a6dc1107d/eligible_blind_manifest.jsonl", O_RDONLY|O_CLOEXEC) = 4
4039432 openat(AT_FDCWD, "/research/d7/spc/yzyang4/prospective_decision_v1/intakes/0824-lmsys-chatbot-arena-8seeds-5bf8b84a6dc1107d/eligible_blind_manifest.jsonl", O_RDONLY|O_CLOEXEC) = 4
4039432 openat(AT_FDCWD, "/research/d7/spc/yzyang4/prospective_decision_v1/intakes/0824-cdiscount-image-classification-challenge-8seeds-6db50da8594c718b/summary.json", O_RDONLY|O_CLOEXEC) = 4
4039432 openat(AT_FDCWD, "/research/d7/spc/yzyang4/prospective_decision_v1/intakes/0824-cdiscount-image-classification-challenge-8seeds-6db50da8594c718b/summary.json", O_RDONLY|O_CLOEXEC) = 4
4039432 openat(AT_FDCWD, "/research/d7/spc/yzyang4/prospective_decision_v1/intakes/0824-cdiscount-image-classification-challenge-8seeds-6db50da8594c718b/eligible_blind_manifest.jsonl", O_RDONLY|O_CLOEXEC) = 4
4039432 openat(AT_FDCWD, "/research/d7/spc/yzyang4/prospective_decision_v1/intakes/0824-cdiscount-image-classification-challenge-8seeds-6db50da8594c718b/eligible_blind_manifest.jsonl", O_RDONLY|O_CLOEXEC) = 4
4039432 openat(AT_FDCWD, "/research/d7/spc/yzyang4/prospective_decision_v1/intakes/0824-tgs-salt-identification-challenge-4seeds-3bfb3b0a0df97534/summary.json", O_RDONLY|O_CLOEXEC) = 4
4039432 openat(AT_FDCWD, "/research/d7/spc/yzyang4/prospective_decision_v1/intakes/0824-tgs-salt-identification-challenge-4seeds-3bfb3b0a0df97534/summary.json", O_RDONLY|O_CLOEXEC) = 4
4039432 openat(AT_FDCWD, "/research/d7/spc/yzyang4/prospective_decision_v1/intakes/0824-tgs-salt-identification-challenge-4seeds-3bfb3b0a0df97534/eligible_blind_manifest.jsonl", O_RDONLY|O_CLOEXEC) = 4
4039432 openat(AT_FDCWD, "/research/d7/spc/yzyang4/prospective_decision_v1/intakes/0824-tgs-salt-identification-challenge-4seeds-3bfb3b0a0df97534/eligible_blind_manifest.jsonl", O_RDONLY|O_CLOEXEC) = 4
4039432 openat(AT_FDCWD, "/research/d7/spc/yzyang4/prospective_decision_v1/intakes/0824-ventilator-pressure-prediction-8seeds-a3082456a6cd1cf1/summary.json", O_RDONLY|O_CLOEXEC) = 4
4039432 openat(AT_FDCWD, "/research/d7/spc/yzyang4/prospective_decision_v1/intakes/0824-ventilator-pressure-prediction-8seeds-a3082456a6cd1cf1/summary.json", O_RDONLY|O_CLOEXEC) = 4
4039432 openat(AT_FDCWD, "/research/d7/spc/yzyang4/prospective_decision_v1/intakes/0824-ventilator-pressure-prediction-8seeds-a3082456a6cd1cf1/eligible_blind_manifest.jsonl", O_RDONLY|O_CLOEXEC) = 4
4039432 openat(AT_FDCWD, "/research/d7/spc/yzyang4/prospective_decision_v1/intakes/0824-ventilator-pressure-prediction-8seeds-a3082456a6cd1cf1/eligible_blind_manifest.jsonl", O_RDONLY|O_CLOEXEC) = 4
4039432 openat(AT_FDCWD, "/research/d7/spc/yzyang4/prospective_decision_v1/intakes/0824-tensorflow2-question-answering-4seeds-bdd618915d3279c7/summary.json", O_RDONLY|O_CLOEXEC) = 4
4039432 openat(AT_FDCWD, "/research/d7/spc/yzyang4/prospective_decision_v1/intakes/0824-tensorflow2-question-answering-4seeds-bdd618915d3279c7/summary.json", O_RDONLY|O_CLOEXEC) = 4
4039432 openat(AT_FDCWD, "/research/d7/spc/yzyang4/prospective_decision_v1/intakes/0824-tensorflow2-question-answering-4seeds-bdd618915d3279c7/eligible_blind_manifest.jsonl", O_RDONLY|O_CLOEXEC) = 4
4039432 openat(AT_FDCWD, "/research/d7/spc/yzyang4/prospective_decision_v1/intakes/0824-tensorflow2-question-answering-4seeds-bdd618915d3279c7/eligible_blind_manifest.jsonl", O_RDONLY|O_CLOEXEC) = 4
4039432 openat(AT_FDCWD, "/research/d7/spc/yzyang4/prospective_decision_v1/intakes/0824-new-york-city-taxi-fare-prediction-8seeds-a6b9b6f84d9a92f2/summary.json", O_RDONLY|O_CLOEXEC) = 4
4039432 openat(AT_FDCWD, "/research/d7/spc/yzyang4/prospective_decision_v1/intakes/0824-new-york-city-taxi-fare-prediction-8seeds-a6b9b6f84d9a92f2/summary.json", O_RDONLY|O_CLOEXEC) = 4
4039432 openat(AT_FDCWD, "/research/d7/spc/yzyang4/prospective_decision_v1/intakes/0824-new-york-city-taxi-fare-prediction-8seeds-a6b9b6f84d9a92f2/eligible_blind_manifest.jsonl", O_RDONLY|O_CLOEXEC) = 4
4039432 openat(AT_FDCWD, "/research/d7/spc/yzyang4/prospective_decision_v1/intakes/0824-new-york-city-taxi-fare-prediction-8seeds-a6b9b6f84d9a92f2/eligible_blind_manifest.jsonl", O_RDONLY|O_CLOEXEC) = 4
4039432 openat(AT_FDCWD, "/research/d7/spc/yzyang4/prospective_decision_v1/intakes/0824-osic-pulmonary-fibrosis-progression-8seeds-e7d0306b905c9784/summary.json", O_RDONLY|O_CLOEXEC) = 4
4039432 openat(AT_FDCWD, "/research/d7/spc/yzyang4/prospective_decision_v1/intakes/0824-osic-pulmonary-fibrosis-progression-8seeds-e7d0306b905c9784/summary.json", O_RDONLY|O_CLOEXEC) = 4
4039432 openat(AT_FDCWD, "/research/d7/spc/yzyang4/prospective_decision_v1/intakes/0824-osic-pulmonary-fibrosis-progression-8seeds-e7d0306b905c9784/eligible_blind_manifest.jsonl", O_RDONLY|O_CLOEXEC) = 4
4039432 openat(AT_FDCWD, "/research/d7/spc/yzyang4/prospective_decision_v1/intakes/0824-osic-pulmonary-fibrosis-progression-8seeds-e7d0306b905c9784/eligible_blind_manifest.jsonl", O_RDONLY|O_CLOEXEC) = 4
4039432 openat(AT_FDCWD, "/research/d7/spc/yzyang4/prospective_decision_v1/intakes/0825-AI4Code-8seeds-0dbf8bad59d13677/summary.json", O_RDONLY|O_CLOEXEC) = 4
4039432 openat(AT_FDCWD, "/research/d7/spc/yzyang4/prospective_decision_v1/intakes/0825-AI4Code-8seeds-0dbf8bad59d13677/summary.json", O_RDONLY|O_CLOEXEC) = 4
4039432 openat(AT_FDCWD, "/research/d7/spc/yzyang4/prospective_decision_v1/intakes/0825-AI4Code-8seeds-0dbf8bad59d13677/eligible_blind_manifest.jsonl", O_RDONLY|O_CLOEXEC) = 4
4039432 openat(AT_FDCWD, "/research/d7/spc/yzyang4/prospective_decision_v1/intakes/0825-AI4Code-8seeds-0dbf8bad59d13677/eligible_blind_manifest.jsonl", O_RDONLY|O_CLOEXEC) = 4
4039432 openat(AT_FDCWD, "/research/d7/spc/yzyang4/prospective_decision_v1/intakes/0825-tensorflow-speech-recognition-challenge-8seeds-708ff5508736b017/summary.json", O_RDONLY|O_CLOEXEC) = 4
4039432 openat(AT_FDCWD, "/research/d7/spc/yzyang4/prospective_decision_v1/intakes/0825-tensorflow-speech-recognition-challenge-8seeds-708ff5508736b017/summary.json", O_RDONLY|O_CLOEXEC) = 4
4039432 openat(AT_FDCWD, "/research/d7/spc/yzyang4/prospective_decision_v1/intakes/0825-tensorflow-speech-recognition-challenge-8seeds-708ff5508736b017/eligible_blind_manifest.jsonl", O_RDONLY|O_CLOEXEC) = 4
4039432 openat(AT_FDCWD, "/research/d7/spc/yzyang4/prospective_decision_v1/intakes/0825-tensorflow-speech-recognition-challenge-8seeds-708ff5508736b017/eligible_blind_manifest.jsonl", O_RDONLY|O_CLOEXEC) = 4
4039432 openat(AT_FDCWD, "/research/d7/spc/yzyang4/prospective_decision_v1/intakes/0825-text-normalization-challenge-russian-language-8seeds-e46e98035a6dd5ee/summary.json", O_RDONLY|O_CLOEXEC) = 4
4039432 openat(AT_FDCWD, "/research/d7/spc/yzyang4/prospective_decision_v1/intakes/0825-text-normalization-challenge-russian-language-8seeds-e46e98035a6dd5ee/summary.json", O_RDONLY|O_CLOEXEC) = 4
4039432 openat(AT_FDCWD, "/research/d7/spc/yzyang4/prospective_decision_v1/intakes/0825-text-normalization-challenge-russian-language-8seeds-e46e98035a6dd5ee/eligible_blind_manifest.jsonl", O_RDONLY|O_CLOEXEC) = 4
4039432 openat(AT_FDCWD, "/research/d7/spc/yzyang4/prospective_decision_v1/intakes/0825-text-normalization-challenge-russian-language-8seeds-e46e98035a6dd5ee/eligible_blind_manifest.jsonl", O_RDONLY|O_CLOEXEC) = 4
4039432 openat(AT_FDCWD, "/research/d7/spc/yzyang4/prospective_decision_v1/intakes/0825-ranzcr-clip-catheter-line-classification-8seeds-99cc5abde70c3c68/summary.json", O_RDONLY|O_CLOEXEC) = 4
4039432 openat(AT_FDCWD, "/research/d7/spc/yzyang4/prospective_decision_v1/intakes/0825-ranzcr-clip-catheter-line-classification-8seeds-99cc5abde70c3c68/summary.json", O_RDONLY|O_CLOEXEC) = 4
4039432 openat(AT_FDCWD, "/research/d7/spc/yzyang4/prospective_decision_v1/intakes/0825-ranzcr-clip-catheter-line-classification-8seeds-99cc5abde70c3c68/eligible_blind_manifest.jsonl", O_RDONLY|O_CLOEXEC) = 4
4039432 openat(AT_FDCWD, "/research/d7/spc/yzyang4/prospective_decision_v1/intakes/0825-ranzcr-clip-catheter-line-classification-8seeds-99cc5abde70c3c68/eligible_blind_manifest.jsonl", O_RDONLY|O_CLOEXEC) = 4
4039432 openat(AT_FDCWD, "/research/d7/spc/yzyang4/prospective_decision_v1/intakes/0825-multi-modal-gesture-recognition-8seeds-b013071debfddfa7/summary.json", O_RDONLY|O_CLOEXEC) = 4
4039432 openat(AT_FDCWD, "/research/d7/spc/yzyang4/prospective_decision_v1/intakes/0825-multi-modal-gesture-recognition-8seeds-b013071debfddfa7/summary.json", O_RDONLY|O_CLOEXEC) = 4
4039432 openat(AT_FDCWD, "/research/d7/spc/yzyang4/prospective_decision_v1/intakes/0825-multi-modal-gesture-recognition-8seeds-b013071debfddfa7/eligible_blind_manifest.jsonl", O_RDONLY|O_CLOEXEC) = 4
4039432 openat(AT_FDCWD, "/research/d7/spc/yzyang4/prospective_decision_v1/intakes/0825-multi-modal-gesture-recognition-8seeds-b013071debfddfa7/eligible_blind_manifest.jsonl", O_RDONLY|O_CLOEXEC) = 4
4039432 openat(AT_FDCWD, "/research/d7/spc/yzyang4/prospective_decision_v1/intakes/0825-alaska2-image-steganalysis-4seeds-ef349f31fa2925dc/summary.json", O_RDONLY|O_CLOEXEC) = 4
4039432 openat(AT_FDCWD, "/research/d7/spc/yzyang4/prospective_decision_v1/intakes/0825-alaska2-image-steganalysis-4seeds-ef349f31fa2925dc/summary.json", O_RDONLY|O_CLOEXEC) = 4
4039432 openat(AT_FDCWD, "/research/d7/spc/yzyang4/prospective_decision_v1/intakes/0825-alaska2-image-steganalysis-4seeds-ef349f31fa2925dc/eligible_blind_manifest.jsonl", O_RDONLY|O_CLOEXEC) = 4
4039432 openat(AT_FDCWD, "/research/d7/spc/yzyang4/prospective_decision_v1/intakes/0825-alaska2-image-steganalysis-4seeds-ef349f31fa2925dc/eligible_blind_manifest.jsonl", O_RDONLY|O_CLOEXEC) = 4
4039432 openat(AT_FDCWD, "/research/d7/spc/yzyang4/prospective_decision_v1/intakes/0825-herbarium-2020-fgvc7-900d868540ee66cc/summary.json", O_RDONLY|O_CLOEXEC) = 4
4039432 openat(AT_FDCWD, "/research/d7/spc/yzyang4/prospective_decision_v1/intakes/0825-herbarium-2020-fgvc7-900d868540ee66cc/summary.json", O_RDONLY|O_CLOEXEC) = 4
4039432 openat(AT_FDCWD, "/research/d7/spc/yzyang4/prospective_decision_v1/intakes/0825-herbarium-2020-fgvc7-900d868540ee66cc/eligible_blind_manifest.jsonl", O_RDONLY|O_CLOEXEC) = 4
4039432 openat(AT_FDCWD, "/research/d7/spc/yzyang4/prospective_decision_v1/intakes/0825-herbarium-2020-fgvc7-900d868540ee66cc/eligible_blind_manifest.jsonl", O_RDONLY|O_CLOEXEC) = 4
4039432 openat(AT_FDCWD, "/research/d7/spc/yzyang4/prospective_decision_v1/intakes/0825-imet-2020-fgvc7-8seeds-e1259b8be5bdffeb/summary.json", O_RDONLY|O_CLOEXEC) = 4
4039432 openat(AT_FDCWD, "/research/d7/spc/yzyang4/prospective_decision_v1/intakes/0825-imet-2020-fgvc7-8seeds-e1259b8be5bdffeb/summary.json", O_RDONLY|O_CLOEXEC) = 4
4039432 openat(AT_FDCWD, "/research/d7/spc/yzyang4/prospective_decision_v1/intakes/0825-imet-2020-fgvc7-8seeds-e1259b8be5bdffeb/eligible_blind_manifest.jsonl", O_RDONLY|O_CLOEXEC) = 4
4039432 openat(AT_FDCWD, "/research/d7/spc/yzyang4/prospective_decision_v1/intakes/0825-imet-2020-fgvc7-8seeds-e1259b8be5bdffeb/eligible_blind_manifest.jsonl", O_RDONLY|O_CLOEXEC) = 4
4039432 openat(AT_FDCWD, "/research/d7/spc/yzyang4/prospective_decision_v1/intakes/0825-facebook-recruiting-iii-keyword-extraction-4seeds-5d2ae4de7a1ad727/summary.json", O_RDONLY|O_CLOEXEC) = 4
4039432 openat(AT_FDCWD, "/research/d7/spc/yzyang4/prospective_decision_v1/intakes/0825-facebook-recruiting-iii-keyword-extraction-4seeds-5d2ae4de7a1ad727/summary.json", O_RDONLY|O_CLOEXEC) = 4
4039432 openat(AT_FDCWD, "/research/d7/spc/yzyang4/prospective_decision_v1/intakes/0825-facebook-recruiting-iii-keyword-extraction-4seeds-5d2ae4de7a1ad727/eligible_blind_manifest.jsonl", O_RDONLY|O_CLOEXEC) = 4
4039432 openat(AT_FDCWD, "/research/d7/spc/yzyang4/prospective_decision_v1/intakes/0825-facebook-recruiting-iii-keyword-extraction-4seeds-5d2ae4de7a1ad727/eligible_blind_manifest.jsonl", O_RDONLY|O_CLOEXEC) = 4
4039432 openat(AT_FDCWD, "/research/d7/spc/yzyang4/prospective_decision_v1/intakes/0825-tensorflow2-question-answering-4seeds-4bfed8b9787cecf5/summary.json", O_RDONLY|O_CLOEXEC) = 4
4039432 openat(AT_FDCWD, "/research/d7/spc/yzyang4/prospective_decision_v1/intakes/0825-tensorflow2-question-answering-4seeds-4bfed8b9787cecf5/summary.json", O_RDONLY|O_CLOEXEC) = 4
4039432 openat(AT_FDCWD, "/research/d7/spc/yzyang4/prospective_decision_v1/intakes/0825-tensorflow2-question-answering-4seeds-4bfed8b9787cecf5/eligible_blind_manifest.jsonl", O_RDONLY|O_CLOEXEC) = 4
4039432 openat(AT_FDCWD, "/research/d7/spc/yzyang4/prospective_decision_v1/intakes/0825-tensorflow2-question-answering-4seeds-4bfed8b9787cecf5/eligible_blind_manifest.jsonl", O_RDONLY|O_CLOEXEC) = 4
4039432 openat(AT_FDCWD, "/research/d7/spc/yzyang4/prospective_decision_v1/intakes/0825-billion-word-imputation-4seeds-7ced7f8f0d742ba3/summary.json", O_RDONLY|O_CLOEXEC) = 4
4039432 openat(AT_FDCWD, "/research/d7/spc/yzyang4/prospective_decision_v1/intakes/0825-billion-word-imputation-4seeds-7ced7f8f0d742ba3/summary.json", O_RDONLY|O_CLOEXEC) = 4
4039432 openat(AT_FDCWD, "/research/d7/spc/yzyang4/prospective_decision_v1/intakes/0825-billion-word-imputation-4seeds-7ced7f8f0d742ba3/eligible_blind_manifest.jsonl", O_RDONLY|O_CLOEXEC) = 4
4039432 openat(AT_FDCWD, "/research/d7/spc/yzyang4/prospective_decision_v1/intakes/0825-billion-word-imputation-4seeds-7ced7f8f0d742ba3/eligible_blind_manifest.jsonl", O_RDONLY|O_CLOEXEC) = 4
4039432 openat(AT_FDCWD, "/research/d7/spc/yzyang4/prospective_decision_v1/intakes/0825-kuzushiji-recognition-4seeds-4e961684f68d1fc4/summary.json", O_RDONLY|O_CLOEXEC) = 4
4039432 openat(AT_FDCWD, "/research/d7/spc/yzyang4/prospective_decision_v1/intakes/0825-kuzushiji-recognition-4seeds-4e961684f68d1fc4/summary.json", O_RDONLY|O_CLOEXEC) = 4
4039432 openat(AT_FDCWD, "/research/d7/spc/yzyang4/prospective_decision_v1/intakes/0825-kuzushiji-recognition-4seeds-4e961684f68d1fc4/eligible_blind_manifest.jsonl", O_RDONLY|O_CLOEXEC) = 4
4039432 openat(AT_FDCWD, "/research/d7/spc/yzyang4/prospective_decision_v1/intakes/0825-kuzushiji-recognition-4seeds-4e961684f68d1fc4/eligible_blind_manifest.jsonl", O_RDONLY|O_CLOEXEC) = 4
4039432 openat(AT_FDCWD, "/research/d7/spc/yzyang4/prospective_decision_v1/intakes/0826-us-patent-phrase-to-phrase-matching-8seeds-213da5e8c9c6b26a/summary.json", O_RDONLY|O_CLOEXEC) = 4
4039432 openat(AT_FDCWD, "/research/d7/spc/yzyang4/prospective_decision_v1/intakes/0826-us-patent-phrase-to-phrase-matching-8seeds-213da5e8c9c6b26a/summary.json", O_RDONLY|O_CLOEXEC) = 4
4039432 openat(AT_FDCWD, "/research/d7/spc/yzyang4/prospective_decision_v1/intakes/0826-us-patent-phrase-to-phrase-matching-8seeds-213da5e8c9c6b26a/eligible_blind_manifest.jsonl", O_RDONLY|O_CLOEXEC) = 4
4039432 openat(AT_FDCWD, "/research/d7/spc/yzyang4/prospective_decision_v1/intakes/0826-us-patent-phrase-to-phrase-matching-8seeds-213da5e8c9c6b26a/eligible_blind_manifest.jsonl", O_RDONLY|O_CLOEXEC) = 4
4039432 openat(AT_FDCWD, "/research/d7/spc/yzyang4/prospective_decision_v1/intakes/0826-google-quest-challenge-8seeds-336d327effe92281/summary.json", O_RDONLY|O_CLOEXEC) = 4
4039432 openat(AT_FDCWD, "/research/d7/spc/yzyang4/prospective_decision_v1/intakes/0826-google-quest-challenge-8seeds-336d327effe92281/summary.json", O_RDONLY|O_CLOEXEC) = 4
4039432 openat(AT_FDCWD, "/research/d7/spc/yzyang4/prospective_decision_v1/intakes/0826-google-quest-challenge-8seeds-336d327effe92281/eligible_blind_manifest.jsonl", O_RDONLY|O_CLOEXEC) = 4
4039432 openat(AT_FDCWD, "/research/d7/spc/yzyang4/prospective_decision_v1/intakes/0826-google-quest-challenge-8seeds-336d327effe92281/eligible_blind_manifest.jsonl", O_RDONLY|O_CLOEXEC) = 4
4039432 openat(AT_FDCWD, "/research/d7/spc/yzyang4/prospective_decision_v1/intakes/0826-tweet-sentiment-extraction-8seeds-a359a6fd76a099d5/summary.json", O_RDONLY|O_CLOEXEC) = 4
4039432 openat(AT_FDCWD, "/research/d7/spc/yzyang4/prospective_decision_v1/intakes/0826-tweet-sentiment-extraction-8seeds-a359a6fd76a099d5/summary.json", O_RDONLY|O_CLOEXEC) = 4
4039432 openat(AT_FDCWD, "/research/d7/spc/yzyang4/prospective_decision_v1/intakes/0826-tweet-sentiment-extraction-8seeds-a359a6fd76a099d5/eligible_blind_manifest.jsonl", O_RDONLY|O_CLOEXEC) = 4
4039432 openat(AT_FDCWD, "/research/d7/spc/yzyang4/prospective_decision_v1/intakes/0826-tweet-sentiment-extraction-8seeds-a359a6fd76a099d5/eligible_blind_manifest.jsonl", O_RDONLY|O_CLOEXEC) = 4
4039432 openat(AT_FDCWD, "/research/d7/spc/yzyang4/prospective_decision_v1/intakes/0826-tabular-playground-series-may-2022-8seeds-ac57ec8f871c631f/summary.json", O_RDONLY|O_CLOEXEC) = 4
4039432 openat(AT_FDCWD, "/research/d7/spc/yzyang4/prospective_decision_v1/intakes/0826-tabular-playground-series-may-2022-8seeds-ac57ec8f871c631f/summary.json", O_RDONLY|O_CLOEXEC) = 4
4039432 openat(AT_FDCWD, "/research/d7/spc/yzyang4/prospective_decision_v1/intakes/0826-tabular-playground-series-may-2022-8seeds-ac57ec8f871c631f/eligible_blind_manifest.jsonl", O_RDONLY|O_CLOEXEC) = 4
4039432 openat(AT_FDCWD, "/research/d7/spc/yzyang4/prospective_decision_v1/intakes/0826-tabular-playground-series-may-2022-8seeds-ac57ec8f871c631f/eligible_blind_manifest.jsonl", O_RDONLY|O_CLOEXEC) = 4
4039432 openat(AT_FDCWD, "/research/d7/spc/yzyang4/prospective_decision_v1/intakes/0826-dog-breed-identification-8seeds-02cb12338d07225a/summary.json", O_RDONLY|O_CLOEXEC) = 4
4039432 openat(AT_FDCWD, "/research/d7/spc/yzyang4/prospective_decision_v1/intakes/0826-dog-breed-identification-8seeds-02cb12338d07225a/summary.json", O_RDONLY|O_CLOEXEC) = 4
4039432 openat(AT_FDCWD, "/research/d7/spc/yzyang4/prospective_decision_v1/intakes/0826-dog-breed-identification-8seeds-02cb12338d07225a/eligible_blind_manifest.jsonl", O_RDONLY|O_CLOEXEC) = 4
4039432 openat(AT_FDCWD, "/research/d7/spc/yzyang4/prospective_decision_v1/intakes/0826-dog-breed-identification-8seeds-02cb12338d07225a/eligible_blind_manifest.jsonl", O_RDONLY|O_CLOEXEC) = 4
4039432 openat(AT_FDCWD, "/research/d7/spc/yzyang4/prospective_decision_v1/intakes/0826-jigsaw-toxic-comment-classification-challenge-8seeds-94eec7fba005c5a5/summary.json", O_RDONLY|O_CLOEXEC) = 4
4039432 openat(AT_FDCWD, "/research/d7/spc/yzyang4/prospective_decision_v1/intakes/0826-jigsaw-toxic-comment-classification-challenge-8seeds-94eec7fba005c5a5/summary.json", O_RDONLY|O_CLOEXEC) = 4
4039432 openat(AT_FDCWD, "/research/d7/spc/yzyang4/prospective_decision_v1/intakes/0826-jigsaw-toxic-comment-classification-challenge-8seeds-94eec7fba005c5a5/eligible_blind_manifest.jsonl", O_RDONLY|O_CLOEXEC) = 4
4039432 openat(AT_FDCWD, "/research/d7/spc/yzyang4/prospective_decision_v1/intakes/0826-jigsaw-toxic-comment-classification-challenge-8seeds-94eec7fba005c5a5/eligible_blind_manifest.jsonl", O_RDONLY|O_CLOEXEC) = 4
4039432 openat(AT_FDCWD, "/research/d7/spc/yzyang4/prospective_decision_v1/intakes/0826-tabular-playground-series-dec-2021-4seeds-df2392f1f0d9ba29/summary.json", O_RDONLY|O_CLOEXEC) = 4
4039432 openat(AT_FDCWD, "/research/d7/spc/yzyang4/prospective_decision_v1/intakes/0826-tabular-playground-series-dec-2021-4seeds-df2392f1f0d9ba29/summary.json", O_RDONLY|O_CLOEXEC) = 4
4039432 openat(AT_FDCWD, "/research/d7/spc/yzyang4/prospective_decision_v1/intakes/0826-tabular-playground-series-dec-2021-4seeds-df2392f1f0d9ba29/eligible_blind_manifest.jsonl", O_RDONLY|O_CLOEXEC) = 4
4039432 openat(AT_FDCWD, "/research/d7/spc/yzyang4/prospective_decision_v1/intakes/0826-tabular-playground-series-dec-2021-4seeds-df2392f1f0d9ba29/eligible_blind_manifest.jsonl", O_RDONLY|O_CLOEXEC) = 4
4039432 openat(AT_FDCWD, "/research/d7/spc/yzyang4/prospective_decision_v1/intakes/0826-AI4Code-8seeds-af3295c12ace387a/summary.json", O_RDONLY|O_CLOEXEC) = 4
4039432 openat(AT_FDCWD, "/research/d7/spc/yzyang4/prospective_decision_v1/intakes/0826-AI4Code-8seeds-af3295c12ace387a/summary.json", O_RDONLY|O_CLOEXEC) = 4
4039432 openat(AT_FDCWD, "/research/d7/spc/yzyang4/prospective_decision_v1/intakes/0826-AI4Code-8seeds-af3295c12ace387a/eligible_blind_manifest.jsonl", O_RDONLY|O_CLOEXEC) = 4
4039432 openat(AT_FDCWD, "/research/d7/spc/yzyang4/prospective_decision_v1/intakes/0826-AI4Code-8seeds-af3295c12ace387a/eligible_blind_manifest.jsonl", O_RDONLY|O_CLOEXEC) = 4
4039432 openat(AT_FDCWD, "/research/d7/spc/yzyang4/prospective_decision_v1/snapshots/887491a021d75d889c00a5af672a11b8b06e249d98e84fd91288534080f62697/accumulator/provisional_runs.jsonl", O_RDONLY|O_CLOEXEC) = 4
4039432 openat(AT_FDCWD, "/research/d7/spc/yzyang4/prospective_decision_v1/snapshots/887491a021d75d889c00a5af672a11b8b06e249d98e84fd91288534080f62697/intake_registry.jsonl", O_RDONLY|O_CLOEXEC) = 4
4039432 openat(AT_FDCWD, "/research/d7/spc/yzyang4/prospective_decision_v1/snapshots/887491a021d75d889c00a5af672a11b8b06e249d98e84fd91288534080f62697/accumulator/summary.json", O_RDONLY|O_CLOEXEC) = 4
4039432 openat(AT_FDCWD, "/research/d7/spc/yzyang4/prospective_decision_v1/snapshots/887491a021d75d889c00a5af672a11b8b06e249d98e84fd91288534080f62697/accumulator/provisional_runs.jsonl", O_RDONLY|O_CLOEXEC) = 4
4039432 openat(AT_FDCWD, "/research/d7/spc/yzyang4/tree-linearization-within-stratum/worktree-2363b68-v1/phase1/decompose_tree_linearization_within_strata.py", O_RDONLY|O_CLOEXEC) = 4
4039432 openat(AT_FDCWD, "/research/d7/spc/yzyang4/tree-linearization-within-stratum/worktree-2363b68-v1/phase1/audit_prospective_tree_linearization_weights.py", O_RDONLY|O_CLOEXEC) = 4
4039432 openat(AT_FDCWD, "/research/d7/spc/yzyang4/tree-linearization-within-stratum/formal-2363b68-887491a-v1/producer_a.json.tmp-4039432", O_WRONLY|O_CREAT|O_TRUNC|O_CLOEXEC, 0666) = 4
4039431 --- SIGCHLD {si_signo=SIGCHLD, si_code=CLD_EXITED, si_pid=4039432, si_uid=7542, si_status=0, si_utime=1400 /* 14.00 s */, si_stime=49 /* 0.49 s */} ---
