card_id,task,run_id,parent,code_sha256,static_lr,char_tfidf_lr
dogs-vs-cats-redux-kernels-edition__08bb5d37fd95457187805ac109243c22,dogs-vs-cats-redux-kernels-edition,cards_senior_0812.jsonl:3,dogs-vs-cats-redux-kernels-edition__4e59db17d53143dcbdeb86390d2b9cc6,b064b8eed5d24108df1ab506958a35863552ed533543682dec7c696d046ebd2a,1.0572890706541411,-0.31637652750481382
dogs-vs-cats-redux-kernels-edition__0fb6c6893d5545119dc91564feaef4a4,dogs-vs-cats-redux-kernels-edition,cards_senior_0812.jsonl:0,dogs-vs-cats-redux-kernels-edition__5de8e8ed17c54018a832cea2a72af9f9,462d9b12148fcec3249bf23e62a711c943f58b01e4d564ebc8f318b5c69daacd,1.5976802641300902,-0.3105456145159689
dogs-vs-cats-redux-kernels-edition__16499d479bbb40fb8d2038d4c251ef3d,dogs-vs-cats-redux-kernels-edition,cards_senior_0812.jsonl:1,dogs-vs-cats-redux-kernels-edition__f4a9bbb7cd3d4a22a555cea613a05f73,aa7564fdeb24d4bdb00a54da6c18b4da89e33593bdd24810a37422e38ec3c0cd,1.2986563182308712,-0.40821689277303064
dogs-vs-cats-redux-kernels-edition__182dbe7ec2e34e2ab30ec56a6045d345,dogs-vs-cats-redux-kernels-edition,cards_senior_0812.jsonl:1,dogs-vs-cats-redux-kernels-edition__982f42a6aa4b4458a3b3c34cfb6ec0a2,c6104f4a58686a9a35724117e926e356def889f401333a13bfc1ecadb9462374,1.6009638373932211,-0.02520007412747545
dogs-vs-cats-redux-kernels-edition__1f719053aa564faa8351dbab87acc109,dogs-vs-cats-redux-kernels-edition,cards_senior_0812.jsonl:1,dogs-vs-cats-redux-kernels-edition__880715fa254b49ee9f42a914f42ddcbd,6ae792313ee3faa8f0f2ac21a6f437184570fd2ca76999c955ccecb621611531,1.5149455980997018,0.20875064652018083
dogs-vs-cats-redux-kernels-edition__23ea27c5147d4a368dcd34c6140aeb6b,dogs-vs-cats-redux-kernels-edition,cards_senior_0812.jsonl:2,dogs-vs-cats-redux-kernels-edition__d65b12363a274c5b8e84e9eac6302a6a,5d4a290e4dfee48347067357c18c4085b7ba05197c0561fae378fe0efd92068e,1.9817962016821413,0.047133279292747639
dogs-vs-cats-redux-kernels-edition__28c377328bfc4198a3d9cefecafc6e41,dogs-vs-cats-redux-kernels-edition,cards_senior_0812.jsonl:3,dogs-vs-cats-redux-kernels-edition__52e85c3ef20e460a90356fafb786c674,8dd201da2bcde601550ca0daabfb6f19adb2b43b914a0b6d836418951f30ab53,0.99726826916244093,0.18644734803877921
dogs-vs-cats-redux-kernels-edition__2e6c951b51c74831ac1eeabb616daa15,dogs-vs-cats-redux-kernels-edition,cards_senior_0812.jsonl:3,dogs-vs-cats-redux-kernels-edition__08bb5d37fd95457187805ac109243c22,0f8d9e7820a2cfb3299fec0eb63d5640c692701fd56b5a4e1a08de832009c705,1.2031491069493438,-0.38347514704433261
dogs-vs-cats-redux-kernels-edition__2e9a1c4d027c41429998efe3f339da77,dogs-vs-cats-redux-kernels-edition,cards_senior_0812.jsonl:0,dogs-vs-cats-redux-kernels-edition__e443bc9cef094852b02621720942f10d,edef3ca645db9043b7805bdafeefe68eaf6ad8437d1453fb075e7435d0d7e339,1.5422047694109329,-0.41025383977608854
dogs-vs-cats-redux-kernels-edition__325b7b281fa3444e8906206d5bec740f,dogs-vs-cats-redux-kernels-edition,cards_senior_0812.jsonl:3,dogs-vs-cats-redux-kernels-edition__d21062cab69545febcf6cb264cec716f,ad4be1441861826fd4b80479cdb7d53e6ab350c4fd6f725d2bf69dffbbbec052,1.2857572054179085,-0.2877357666724088
dogs-vs-cats-redux-kernels-edition__33e37b28f66d49d2b73fab606ea0a4f0,dogs-vs-cats-redux-kernels-edition,cards_senior_0812.jsonl:2,dogs-vs-cats-redux-kernels-edition__fbb01fe620e647c5831bc302d3484cab,8c0dbad11139ca7618813dba3a27f1bfdb7d3b682de95f50dd7cab0f629ca0ee,1.8527442397251195,-0.1604380731402465
dogs-vs-cats-redux-kernels-edition__390c810205ef4dcda5c55a46ded7c4a8,dogs-vs-cats-redux-kernels-edition,cards_senior_0812.jsonl:3,dogs-vs-cats-redux-kernels-edition__6647ddd13e1b44a481f23826d47daeba,4d67b21b7b5d21fb9d672656fa82499eedc03587ea86c8c34447187f72006e68,1.1448323520929966,-0.45357854340472703
dogs-vs-cats-redux-kernels-edition__3ca74bac324c4b85923595374c60e26c,dogs-vs-cats-redux-kernels-edition,cards_senior_0812.jsonl:0,dogs-vs-cats-redux-kernels-edition__bc9f1a0007b8470588f4dee15d78715c,f6ee8bbb0c93df7b7677dc5377fe477badc9126d93498319b712916a619cd2e0,1.2393180603153464,0.044177076455104269
dogs-vs-cats-redux-kernels-edition__429645b217ec4cf4878de34de330a91a,dogs-vs-cats-redux-kernels-edition,cards_senior_0812.jsonl:3,dogs-vs-cats-redux-kernels-edition__8647f0c4c0174560a4bf0fed5eeec32e,cfa8e3ebeec1cff81c6999a37f1bc311d07159edf0f8d9640973c19f96e1dccb,1.4186522581995531,-0.49877271284833496
dogs-vs-cats-redux-kernels-edition__47324466a0604c0196523519f84431bb,dogs-vs-cats-redux-kernels-edition,cards_senior_0812.jsonl:2,dogs-vs-cats-redux-kernels-edition__64b18b8581c24c3c962e6f2e749e1d0e,bdfa1e31530a55c23bd31ca47da060e1561007fb71415056f4ab3351dff2c79e,1.4529800488229965,-0.20359354769667851
dogs-vs-cats-redux-kernels-edition__4737125b9dba468ca68666c41e281af0,dogs-vs-cats-redux-kernels-edition,cards_senior_0812.jsonl:0,dogs-vs-cats-redux-kernels-edition__4e91a9bc0abd4a26ba13daf7952f566b,4792e805e7cd17a3ab28485c568e97cd39f54236ff36bb980ff60a264700eb84,1.4775005350160861,-0.25549752866219078
dogs-vs-cats-redux-kernels-edition__49069a30e4b1403f8e101243aff6229c,dogs-vs-cats-redux-kernels-edition,cards_senior_0812.jsonl:2,dogs-vs-cats-redux-kernels-edition__d65b12363a274c5b8e84e9eac6302a6a,f33f50f228e48d7e9c8d863ea3c23faae3605374799dd6be97bece0b750dc9b6,1.7810779199778533,0.36343835332954139
dogs-vs-cats-redux-kernels-edition__49c5f05293084e27b2c6dba4b8a4265c,dogs-vs-cats-redux-kernels-edition,cards_senior_0812.jsonl:2,dogs-vs-cats-redux-kernels-edition__0674b4b012b841dcaf8754bce4f83cdb,2e5f76878ecc5c8d8ac5519a4acf2e0b117583269f9d195fe134685d7415075c,1.4636425688488317,-0.47459231351095504
dogs-vs-cats-redux-kernels-edition__4e91a9bc0abd4a26ba13daf7952f566b,dogs-vs-cats-redux-kernels-edition,cards_senior_0812.jsonl:0,dogs-vs-cats-redux-kernels-edition__ee8a200eb19e400193a0b2831aaa7283,13a1297df4732301e0295d30ce7661ae0bb06862f944204ed0285ee2c02f3d0e,1.7837907978793934,-0.45882188246782296
dogs-vs-cats-redux-kernels-edition__52e85c3ef20e460a90356fafb786c674,dogs-vs-cats-redux-kernels-edition,cards_senior_0812.jsonl:3,dogs-vs-cats-redux-kernels-edition__4e59db17d53143dcbdeb86390d2b9cc6,911fa6cb85d8836d04b3a300422b8b44721c121c6459daff35e75d0062de7033,0.70951774720639083,0.13588351493181186
dogs-vs-cats-redux-kernels-edition__548647f0164a48a88929978053db00e3,dogs-vs-cats-redux-kernels-edition,cards_senior_0812.jsonl:1,dogs-vs-cats-redux-kernels-edition__560cd5dcef9d49f7a1d24b1643335971,876c6507567539f6ed05c47ac7f80472565c1f4f25507169ac68f1c3b9352157,1.4009101221932041,0.1611146286236404
dogs-vs-cats-redux-kernels-edition__560cd5dcef9d49f7a1d24b1643335971,dogs-vs-cats-redux-kernels-edition,cards_senior_0812.jsonl:1,dogs-vs-cats-redux-kernels-edition__979d828d1a14487283559aecd521298b,9fb6bc52d8ee26ce0753eed9194b3008405fc732180f021184a9a4686fb8c9e6,1.3730883921862262,0.079156346620059728
dogs-vs-cats-redux-kernels-edition__59a4ebb259ad4052b58578d71cb267be,dogs-vs-cats-redux-kernels-edition,cards_senior_0812.jsonl:2,dogs-vs-cats-redux-kernels-edition__9d7cade3ee62469da9fc753c11d264f1,f916868e5030bd150b59eb7e633602deac19af56970be706834dff0ad66409ad,1.7408804282465939,-0.14142080289369316
dogs-vs-cats-redux-kernels-edition__5eec0ee9a2554b49a4b75c4190cb6c6e,dogs-vs-cats-redux-kernels-edition,cards_senior_0812.jsonl:3,dogs-vs-cats-redux-kernels-edition__6647ddd13e1b44a481f23826d47daeba,d0e6543a535adea0c3549ebb4b40afaeeee85945abcc1ea9eec39cb9f3ace305,1.2752681669989356,-0.35795773511711421
dogs-vs-cats-redux-kernels-edition__6471627971284b78ae18c2662a0cbed2,dogs-vs-cats-redux-kernels-edition,cards_senior_0812.jsonl:2,dogs-vs-cats-redux-kernels-edition__b02e038c137d477aa961f2a68c56b50c,b51dc2e178853d469b0b391ecaa5464f2811d2d8e2b5b242306623800bb36332,2.031851173936809,0.48608520425008311
dogs-vs-cats-redux-kernels-edition__64b18b8581c24c3c962e6f2e749e1d0e,dogs-vs-cats-redux-kernels-edition,cards_senior_0812.jsonl:2,dogs-vs-cats-redux-kernels-edition__ede6169c38d24f8d8f87f3bb81c63c58,f1d6004bd927fd17006379efe8db4b99454e6a8d70867eabba9aac5483e0015d,1.2035422574561152,-0.32704804163555745
dogs-vs-cats-redux-kernels-edition__6647ddd13e1b44a481f23826d47daeba,dogs-vs-cats-redux-kernels-edition,cards_senior_0812.jsonl:3,dogs-vs-cats-redux-kernels-edition__08bb5d37fd95457187805ac109243c22,6d1d3ffc1c08006d4ae5358df1d316fb4198209ba94a97dcfd89f608c6a2d1b8,1.009318151191636,-0.15157202551654525
dogs-vs-cats-redux-kernels-edition__680642d3b74d4444b13cf06dbe12663c,dogs-vs-cats-redux-kernels-edition,cards_senior_0812.jsonl:1,dogs-vs-cats-redux-kernels-edition__982f42a6aa4b4458a3b3c34cfb6ec0a2,012c2d3908e47f8621efad084a069d014c1da2ec28b246e00dee11c94fc26f5a,1.5475293224161168,-0.097361049810680653
dogs-vs-cats-redux-kernels-edition__7554ad522c1f4393806f40288834a7f1,dogs-vs-cats-redux-kernels-edition,cards_senior_0812.jsonl:3,dogs-vs-cats-redux-kernels-edition__28c377328bfc4198a3d9cefecafc6e41,2b045ad8f548e458d537b2827d83c5ebea6ae17bd7b442085aa4f334f67cf578,0.84121435121811539,-0.039588963004972041
dogs-vs-cats-redux-kernels-edition__797bc0c53cf34e79ad1560315780cfed,dogs-vs-cats-redux-kernels-edition,cards_senior_0812.jsonl:2,dogs-vs-cats-redux-kernels-edition__817e72373afa4165a86c390e0fa4734c,eacb7e33e9635892695ecaa3704f27df330ef5306348a055890a8f7933ce7f4b,2.024502393827361,-0.24027684265645088
dogs-vs-cats-redux-kernels-edition__812ac05abfa644509bdfb657e6121323,dogs-vs-cats-redux-kernels-edition,cards_senior_0812.jsonl:2,dogs-vs-cats-redux-kernels-edition__49069a30e4b1403f8e101243aff6229c,5d44e54da5a981939f2f5b26dfaa24902164d54d994f04edcfff458e2bf11a83,2.1760479733522078,0.83807585958947284
dogs-vs-cats-redux-kernels-edition__817e72373afa4165a86c390e0fa4734c,dogs-vs-cats-redux-kernels-edition,cards_senior_0812.jsonl:2,dogs-vs-cats-redux-kernels-edition__47324466a0604c0196523519f84431bb,19d118b880b7ba72730acc2dc4068eb1f34819bd4a569ffe82747b3268dd9638,1.7676800551495064,-0.52153835816954341
dogs-vs-cats-redux-kernels-edition__8647f0c4c0174560a4bf0fed5eeec32e,dogs-vs-cats-redux-kernels-edition,cards_senior_0812.jsonl:3,dogs-vs-cats-redux-kernels-edition__5eec0ee9a2554b49a4b75c4190cb6c6e,23a3f2789e7868db22dd9e0c47fd6ab9691a8e90cd146f0f16912dcb4fc88da0,1.4665597420676746,-0.52568518439595946
dogs-vs-cats-redux-kernels-edition__8d7565b567d94ea7824d178275af40de,dogs-vs-cats-redux-kernels-edition,cards_senior_0812.jsonl:2,dogs-vs-cats-redux-kernels-edition__9d7cade3ee62469da9fc753c11d264f1,1aa90e2a9bf0f144e57c6ec2cdb0663cda270ff90000917752889ad1de278733,1.3374947790765794,-0.34531100064331127
dogs-vs-cats-redux-kernels-edition__95575ee315da4c93bd006c79f5d13aae,dogs-vs-cats-redux-kernels-edition,cards_senior_0812.jsonl:2,dogs-vs-cats-redux-kernels-edition__fc79d06bb8844ba19171e353e7cee565,53e012c75f892014e05761704189c2db6bf918c598c59e1c0d1fc80fdc813d17,2.1725646596364276,0.55062303137773982
dogs-vs-cats-redux-kernels-edition__979d828d1a14487283559aecd521298b,dogs-vs-cats-redux-kernels-edition,cards_senior_0812.jsonl:1,dogs-vs-cats-redux-kernels-edition__c29af8d2db544ef08a13418ec9d2d93c,92d6dbb8b865815553b18daff233563d0d3afba1004a03e9b78191ea97ff013b,1.2722164537630813,0.60433859755123831
dogs-vs-cats-redux-kernels-edition__982f42a6aa4b4458a3b3c34cfb6ec0a2,dogs-vs-cats-redux-kernels-edition,cards_senior_0812.jsonl:1,dogs-vs-cats-redux-kernels-edition__c29af8d2db544ef08a13418ec9d2d93c,f527daeab960e03c15b0006acacad4e585f1e1621f2bb272a04b174aa3525cec,1.4143391609029707,0.019582567776471296
dogs-vs-cats-redux-kernels-edition__9d7cade3ee62469da9fc753c11d264f1,dogs-vs-cats-redux-kernels-edition,cards_senior_0812.jsonl:2,dogs-vs-cats-redux-kernels-edition__d2b775d587db453e8fa9a8f167fbefa7,13538e6e7347b203bb9a7792c7a29b1fd767f3996b166e8875466277ccbc9c66,1.3533006799730642,-0.019428122270805447
dogs-vs-cats-redux-kernels-edition__9d9a058b50c64bb8b42784bedd70141b,dogs-vs-cats-redux-kernels-edition,cards_senior_0812.jsonl:1,dogs-vs-cats-redux-kernels-edition__548647f0164a48a88929978053db00e3,da0167c939d8d3ec765783f35613e96b1c15fe33e283db3ad2e8ae2e03bcf1d5,1.406952998546559,0.1520807481384833
dogs-vs-cats-redux-kernels-edition__a3a06d8e75594bdeae0ad85360f9ccec,dogs-vs-cats-redux-kernels-edition,cards_senior_0812.jsonl:2,dogs-vs-cats-redux-kernels-edition__e32aa658139e43e09775d0fa42480870,b4f1c1c6c21183965401d8a73edc43fec2325967059d0bd7ca119eed8da0df77,1.4097455362994031,0.035701451403958667
dogs-vs-cats-redux-kernels-edition__aac41e049fc44e84a0414af7260e14e5,dogs-vs-cats-redux-kernels-edition,cards_senior_0812.jsonl:3,dogs-vs-cats-redux-kernels-edition__d21062cab69545febcf6cb264cec716f,13b148037c361c9adf61ad0f8f4f0335b25b1837aab3351bc9faec3185e2c7b6,1.3713189016717793,-0.32816502316293866
dogs-vs-cats-redux-kernels-edition__b367de2278de45ac963e9591fc558de9,dogs-vs-cats-redux-kernels-edition,cards_senior_0812.jsonl:1,dogs-vs-cats-redux-kernels-edition__560cd5dcef9d49f7a1d24b1643335971,8f1f2eaa50871022707c13008ed0db559642e4fe1ddd8c4ec8f566dea0d17e34,1.5202914217671586,0.064441671298968065
dogs-vs-cats-redux-kernels-edition__b4b1c708426c489c91c9a7cc662ac8f4,dogs-vs-cats-redux-kernels-edition,cards_senior_0812.jsonl:1,dogs-vs-cats-redux-kernels-edition__c294654ed98d47aca24738c6a4413f48,c5bfea9460f64029ddbe55a7e616f7feee654e6ccb815ba60b5090e7e4f8fb5d,1.2596001902185443,0.53603160349476686
dogs-vs-cats-redux-kernels-edition__b7eeb3ee299349ada637ea333737527a,dogs-vs-cats-redux-kernels-edition,cards_senior_0812.jsonl:0,dogs-vs-cats-redux-kernels-edition__bc9f1a0007b8470588f4dee15d78715c,e3819cfa97568e627d7c52be490bcd5664393404056fbb04977181c7d1b1d843,1.3907963141434114,-0.22311100746984447
dogs-vs-cats-redux-kernels-edition__bb1a47fdf7b8415aa61941dd33ee9902,dogs-vs-cats-redux-kernels-edition,cards_senior_0812.jsonl:3,dogs-vs-cats-redux-kernels-edition__8647f0c4c0174560a4bf0fed5eeec32e,d9b650a78e82773d96550ee2e56d6df6710aa363b34d4b4559d9bb2ccd1290a2,1.4605377246579734,-0.51593359161171315
dogs-vs-cats-redux-kernels-edition__bfe758451f454ba0bdd18e1ee161ff03,dogs-vs-cats-redux-kernels-edition,cards_senior_0812.jsonl:0,dogs-vs-cats-redux-kernels-edition__b7eeb3ee299349ada637ea333737527a,b2742d527b4189387a48aedf22ee66e94f35d793913f30dc68bc2abab05c4e2d,1.5586539488161961,-0.37916775933173075
dogs-vs-cats-redux-kernels-edition__c29af8d2db544ef08a13418ec9d2d93c,dogs-vs-cats-redux-kernels-edition,cards_senior_0812.jsonl:1,dogs-vs-cats-redux-kernels-edition__f4a9bbb7cd3d4a22a555cea613a05f73,faa15814198ee1f74222b33a1e1de9b1401915d77e75d7d5dff90d8e67faa3d0,1.309938560300385,0.45771288218597556
dogs-vs-cats-redux-kernels-edition__c3d4934d716a44ef8a0296994a2c8bec,dogs-vs-cats-redux-kernels-edition,cards_senior_0812.jsonl:3,dogs-vs-cats-redux-kernels-edition__28c377328bfc4198a3d9cefecafc6e41,76614f0c2672f0cafd096270af79cb3d5353210281f681bb1a2c54c992ac3dc4,1.0982483464866921,-0.26232787920176798
dogs-vs-cats-redux-kernels-edition__c44b66c6e696431b9f1fcd3796f3360f,dogs-vs-cats-redux-kernels-edition,cards_senior_0812.jsonl:0,dogs-vs-cats-redux-kernels-edition__2e9a1c4d027c41429998efe3f339da77,d737dc7bc121ebcccdf1b39868e0ea637119e0007c11fa3fdf315ab1dd8478fc,1.6566447428879698,-0.43158420442508244
dogs-vs-cats-redux-kernels-edition__c5e9f15673e1471ca7c38479187c1c7d,dogs-vs-cats-redux-kernels-edition,cards_senior_0812.jsonl:0,dogs-vs-cats-redux-kernels-edition__ee8a200eb19e400193a0b2831aaa7283,d9f05c9c38a1747c658a3e753f9adfa2e273a271cfb3aedfc6560c3070559c64,1.5752222524477604,-0.44690637492106366
dogs-vs-cats-redux-kernels-edition__d0f6866244f7456ca8efd710b61c9428,dogs-vs-cats-redux-kernels-edition,cards_senior_0812.jsonl:2,dogs-vs-cats-redux-kernels-edition__f4e6a4b82a734de0bb8cc347b1578b3d,1dc37e1f5502a058d0f59a6b548d0b415346ffb4d47577b9eb97079560eb4777,1.8268509462890601,0.15646801837028765
dogs-vs-cats-redux-kernels-edition__d21062cab69545febcf6cb264cec716f,dogs-vs-cats-redux-kernels-edition,cards_senior_0812.jsonl:3,dogs-vs-cats-redux-kernels-edition__5eec0ee9a2554b49a4b75c4190cb6c6e,7ff50aae8c25372325007d53e04513badf39890f8216116aed4c656e76dd3f05,1.2873473981242034,-0.40881986790330038
dogs-vs-cats-redux-kernels-edition__d2b775d587db453e8fa9a8f167fbefa7,dogs-vs-cats-redux-kernels-edition,cards_senior_0812.jsonl:2,dogs-vs-cats-redux-kernels-edition__ede6169c38d24f8d8f87f3bb81c63c58,c60910a3062651f59f598b342e5706eb0f26e21c2b343eaecf75fce84a6cf8b6,1.282654978739266,0.043439740056442085
dogs-vs-cats-redux-kernels-edition__d4c38b02fa004dd7a75a64f81bc22161,dogs-vs-cats-redux-kernels-edition,cards_senior_0812.jsonl:0,dogs-vs-cats-redux-kernels-edition__321e7b017cdf4372888b02c026bef6c4,609c420d0c1912f137394ec11605ad0f523df85055923649f4755621216a5826,1.8299882287283755,-0.44683305872773316
dogs-vs-cats-redux-kernels-edition__d65b12363a274c5b8e84e9eac6302a6a,dogs-vs-cats-redux-kernels-edition,cards_senior_0812.jsonl:2,dogs-vs-cats-redux-kernels-edition__a3a06d8e75594bdeae0ad85360f9ccec,19654eecd8702787ab0e7ace7c5b95e1a54258962f931bf9c1d12456df26a368,1.40566093367093,-0.0049807016884501924
dogs-vs-cats-redux-kernels-edition__e32aa658139e43e09775d0fa42480870,dogs-vs-cats-redux-kernels-edition,cards_senior_0812.jsonl:2,dogs-vs-cats-redux-kernels-edition__326008927bc04411ac5c0bc261c65faa,a7e48096c7157d65ae71dc2307b96b7b0b3be7488a131181154b25f2ff38d687,1.332127964143984,-0.091357378900022018
dogs-vs-cats-redux-kernels-edition__ede6169c38d24f8d8f87f3bb81c63c58,dogs-vs-cats-redux-kernels-edition,cards_senior_0812.jsonl:2,dogs-vs-cats-redux-kernels-edition__326008927bc04411ac5c0bc261c65faa,83f49b32837ae90ee07cd2fed97071ea5440fef6e735c9567d9ae47b98eacb63,1.1031746327226462,-0.17236156431459432
dogs-vs-cats-redux-kernels-edition__ee8a200eb19e400193a0b2831aaa7283,dogs-vs-cats-redux-kernels-edition,cards_senior_0812.jsonl:0,dogs-vs-cats-redux-kernels-edition__c44b66c6e696431b9f1fcd3796f3360f,74a572e55989847afafd399b70b24a6e2c8ce9ddeaac65b297159bade0a571de,1.6735280965571422,-0.46741430055904098
dogs-vs-cats-redux-kernels-edition__ef5727a5a33242e88b75829e44d33d5a,dogs-vs-cats-redux-kernels-edition,cards_senior_0812.jsonl:2,dogs-vs-cats-redux-kernels-edition__64b18b8581c24c3c962e6f2e749e1d0e,86602ecee8f1da5920aa87add0af109c6b15036a58694188a94717a8df41fb8c,1.3613160382541531,-0.15853140616836095
dogs-vs-cats-redux-kernels-edition__f4e6a4b82a734de0bb8cc347b1578b3d,dogs-vs-cats-redux-kernels-edition,cards_senior_0812.jsonl:2,dogs-vs-cats-redux-kernels-edition__00695cc1c0ba4fb794201b260ee9f633,984b46d08db0fc1e4726f62f75bf3398ed70a65837b42fd6adf155d239639fa7,1.3801660760354413,-0.067314549304706983
dogs-vs-cats-redux-kernels-edition__f605ce3dffc34d448a8a25d633c1473e,dogs-vs-cats-redux-kernels-edition,cards_senior_0812.jsonl:2,dogs-vs-cats-redux-kernels-edition__d2b775d587db453e8fa9a8f167fbefa7,e93e868bbd1d521dca56f2ce023479f44537b63a41af4ad01a9661ad4b4b9bd6,1.4744426168448783,-0.35021031149521631
dogs-vs-cats-redux-kernels-edition__f9986c59d2ea4ed6a881354970cb1690,dogs-vs-cats-redux-kernels-edition,cards_senior_0812.jsonl:2,dogs-vs-cats-redux-kernels-edition__69a3f5f2dc054f569bea3aa70cd1808c,b8f2a28bec8859f78b175e00c1fee200b3d9a1d94a0b35db898ddecf8a2aef3e,2.1174168915976117,-0.044407066220649986
dogs-vs-cats-redux-kernels-edition__fac0909ec94e4c2181f7cf713a7fb6ab,dogs-vs-cats-redux-kernels-edition,cards_senior_0812.jsonl:3,dogs-vs-cats-redux-kernels-edition__52e85c3ef20e460a90356fafb786c674,063f90d81f3d214827724efe1afc6fa21644781c1554c26b2ccb2ee48c0544ad,1.3816048724462069,0.042622598078517315
dogs-vs-cats-redux-kernels-edition__fbb01fe620e647c5831bc302d3484cab,dogs-vs-cats-redux-kernels-edition,cards_senior_0812.jsonl:2,dogs-vs-cats-redux-kernels-edition__a3a06d8e75594bdeae0ad85360f9ccec,a0c34d11aee8ebae0f628304ba9251fe1a2f2d94df146866a8e0ae4a4176052e,1.5199844110157075,-0.052504356227241866
dogs-vs-cats-redux-kernels-edition__fc79d06bb8844ba19171e353e7cee565,dogs-vs-cats-redux-kernels-edition,cards_senior_0812.jsonl:2,dogs-vs-cats-redux-kernels-edition__3991e660a894443f842eccbbd4ba3ec2,51cf88d28d931ecc906e97579d3f1b9ae2b6bf285262a5533f7f01636ce56f87,2.125140087622361,0.54700629283336244
learning-agency-lab-automated-essay-scoring-2__01d7d4fbf22742a18086578e71446d38,learning-agency-lab-automated-essay-scoring-2,cards_senior_0812.jsonl:14,learning-agency-lab-automated-essay-scoring-2__2b254b905c574b468b1427c3bb701933,a052c36de28ae9f0665e53f2835e4e13ea37dd8fd7ecfc51731710cf862d1a25,1.3465938048667185,0.47778572537010644
learning-agency-lab-automated-essay-scoring-2__02894bfbde664c1582d9898d48be942b,learning-agency-lab-automated-essay-scoring-2,cards_senior_0812.jsonl:11,learning-agency-lab-automated-essay-scoring-2__e87a31fce7eb482a8b0de61fe8928b7c,a3ab56fb1a22ded4196963fdac9dbf7459f77d75cd38bb25972845083f6b19c5,0.63781620445932374,0.07577259656816572
learning-agency-lab-automated-essay-scoring-2__0428dbd85afc41418718bda103a6766e,learning-agency-lab-automated-essay-scoring-2,cards_senior_0812.jsonl:9,learning-agency-lab-automated-essay-scoring-2__a52efcd984ad4568988d142927e8e57d,6af199a411bec386a5c83f3f19447ae76639aa478b0a77255f7ca7727b66683d,1.5669918408846844,0.46787140233436519
learning-agency-lab-automated-essay-scoring-2__05611d6a20a249b696733d3fb4d21b93,learning-agency-lab-automated-essay-scoring-2,cards_senior_0812.jsonl:9,learning-agency-lab-automated-essay-scoring-2__749e794ff8824c0ea4d2cd68c6bad189,9e27cfc8127d81c47fe4c4cd4c404212054df574ebe7afe9f211b524b7944bf6,1.5146351752769758,-0.1029800639257127
learning-agency-lab-automated-essay-scoring-2__072a2b0aed0745e9b358d56322763ade,learning-agency-lab-automated-essay-scoring-2,cards_senior_0812.jsonl:5,learning-agency-lab-automated-essay-scoring-2__9741acdb6eff422bbb28a169a1b639cc,3a99c493adc7f424ae53c5fcece1f65b145bb4014950ef08fe9d446dbe1e310c,1.5349534158113403,0.35397018553696541
learning-agency-lab-automated-essay-scoring-2__08e2fccb68874ada9eb22f98b3495769,learning-agency-lab-automated-essay-scoring-2,cards_senior_0812.jsonl:12,learning-agency-lab-automated-essay-scoring-2__c8145635812e44489806b82c6636c874,4a9d6bb020102ab6eb964433b11d179950821d4a709864e13f21692a72d74d0e,1.5218993152182563,-0.077273212332424415
learning-agency-lab-automated-essay-scoring-2__0ad7ba48d1db4ee092fe8f73d67ba1e5,learning-agency-lab-automated-essay-scoring-2,cards_senior_0812.jsonl:7,learning-agency-lab-automated-essay-scoring-2__41293350805d4d438bb923295187e180,609b03c02c3d21f4221fadefc414addb59cdd536ca2669b8455d90feafcbee00,1.0142238784062931,-0.10978223388942986
learning-agency-lab-automated-essay-scoring-2__0af14eee42ee46649d01c0cb759a3961,learning-agency-lab-automated-essay-scoring-2,cards_senior_0812.jsonl:11,learning-agency-lab-automated-essay-scoring-2__b43c6911c0104ae39ffaa802919a30bf,f6b0e93538f938453a1ea6c39ce77c5ba40ebd06018e5d7a8894dd7d461c15b1,1.5653153624079452,0.49740146195136203
learning-agency-lab-automated-essay-scoring-2__0c2770fac3d3478594dd71eeaca0cc36,learning-agency-lab-automated-essay-scoring-2,cards_senior_0812.jsonl:11,learning-agency-lab-automated-essay-scoring-2__2cf961de208f45fba9b16fb5f5b4f15a,9265ac71f4dce0f1a1241c84def525362e8540b25cfe60a434a0a469ea9c29ab,1.2562556528613864,-0.044277382877831853
learning-agency-lab-automated-essay-scoring-2__0c2b0eb24084400e9a8c8d3472825008,learning-agency-lab-automated-essay-scoring-2,cards_senior_0812.jsonl:10,learning-agency-lab-automated-essay-scoring-2__30c8a7ef840e4686ac4a4d5356aa56ca,dab409fa5eccd1186fd3880f55aa32a2bc49cf228a80aef5808e6c941d47d7e7,1.2733705186017379,0.25200424905467361
learning-agency-lab-automated-essay-scoring-2__0ed28c5f56c444b6a9882ccae2c960e6,learning-agency-lab-automated-essay-scoring-2,cards_senior_0812.jsonl:12,learning-agency-lab-automated-essay-scoring-2__a055a68a086f48d087836abd11a20d73,ab983d4d62e98e2babda4ab7c2bb2390488268e944162dadd1921bc9941761ee,1.2768135822473683,0.28035400530284399
learning-agency-lab-automated-essay-scoring-2__0ee0a393b795483181ee47451b339693,learning-agency-lab-automated-essay-scoring-2,cards_senior_0812.jsonl:11,learning-agency-lab-automated-essay-scoring-2__728b3fe03c5c44ca9ef13a6e5f994fe0,11d61653684b26e43f77354a76217a09f80871cee1d7eff1e8906604088c395f,0.66905698097752819,0.06994437254143071
learning-agency-lab-automated-essay-scoring-2__0efec865803840efb68c594961742e11,learning-agency-lab-automated-essay-scoring-2,cards_senior_0812.jsonl:9,learning-agency-lab-automated-essay-scoring-2__ddbb4715e871402587af3dfb21f68573,951fa60df83a8b5d96db573cc916bd2b615987a2cb7dbbbc86ae0c572b4e0b53,0.91288764643776599,0.094552396061748437
learning-agency-lab-automated-essay-scoring-2__117844747c8943a3bd5264636383e3e1,learning-agency-lab-automated-essay-scoring-2,cards_senior_0812.jsonl:12,learning-agency-lab-automated-essay-scoring-2__9ab9ec61a0ec440eae01c5eeb1ae1534,6d83665157502bac0eb5627edf531d9e96834e68ab1df9861f18a65ae79cbbae,1.428718964881065,0.13606409553722604
learning-agency-lab-automated-essay-scoring-2__131e2dcf36b44dd09744197aabe32ff8,learning-agency-lab-automated-essay-scoring-2,cards_senior_0812.jsonl:10,learning-agency-lab-automated-essay-scoring-2__2485f0e64e0546219acdf1741a7592df,66c4cd7f0100015cb9d6a1e57696437af1dfeef62fa200eaf97d534f8cb5793c,1.0011244228036,0.14353410083109311
learning-agency-lab-automated-essay-scoring-2__139576de817f49b48dc05ff22c2ded7b,learning-agency-lab-automated-essay-scoring-2,cards_senior_0812.jsonl:11,learning-agency-lab-automated-essay-scoring-2__0c2770fac3d3478594dd71eeaca0cc36,f9293569b12cf8bed0cfa21cbde6c10c6cf189f9c943eeaa635835d494d91713,1.4806011686458731,0.13672523987744342
learning-agency-lab-automated-essay-scoring-2__17eec25bb6014b42b63372a1c7419148,learning-agency-lab-automated-essay-scoring-2,cards_senior_0812.jsonl:12,learning-agency-lab-automated-essay-scoring-2__51d14582a2b74aada5451a78dbad2b65,42f68a7bd5ebcf465d81c08cbc90a857b64e60bc1a9281dcd62178aff8f0ec12,1.3581037486682654,0.26514457101724681
learning-agency-lab-automated-essay-scoring-2__19abda2aa2ec4ee9a43539f095383c9b,learning-agency-lab-automated-essay-scoring-2,cards_senior_0812.jsonl:14,learning-agency-lab-automated-essay-scoring-2__83959c97868a480aa67254c591ae033a,c8044d999f89d653dc6e4b01f42256b70e1f6152badcb1ccffdb6ef6e90b1640,1.112143199084725,0.091269244479071712
learning-agency-lab-automated-essay-scoring-2__19e3a6d902d344fcb8ea64d0273621fa,learning-agency-lab-automated-essay-scoring-2,cards_senior_0812.jsonl:11,learning-agency-lab-automated-essay-scoring-2__745cd65be74d49b2a1c000e77506d75c,1f5e2fe34fc805437cc440d7295859ea2124017272f6616b53ad131beb415866,1.8170834156671827,0.10550284960041059
learning-agency-lab-automated-essay-scoring-2__1a4bb9af143240b79b2258c22c0d85e5,learning-agency-lab-automated-essay-scoring-2,cards_senior_0812.jsonl:13,learning-agency-lab-automated-essay-scoring-2__a6e855a50ffc40fd9128ef323d36012f,faf28c6998a7f2ad62921366a675c60de066d8bc7cabf61648a78bc31731dee2,1.2954267428148338,-0.053375707952194554
learning-agency-lab-automated-essay-scoring-2__1b7c1330c64c461eb80645fa5857e1f5,learning-agency-lab-automated-essay-scoring-2,cards_senior_0812.jsonl:8,learning-agency-lab-automated-essay-scoring-2__e57a4f4f9dc0475fb0ced10f0e34cf50,092225d3049c599c02371093a74101bcea3c3eb7142ee26963223b3008d5ba60,1.0885015907583133,-0.00016983098940986431
learning-agency-lab-automated-essay-scoring-2__1e018b76ac704b3fa272b428030f6e41,learning-agency-lab-automated-essay-scoring-2,cards_senior_0812.jsonl:13,learning-agency-lab-automated-essay-scoring-2__ff90416be18f411ca72fb6c879ad14be,510521fcd7e31875402b81a21e93bb2fad7572ad9bc2cdc3f07095b5192eff86,1.6029660176959963,-0.097739961289322441
learning-agency-lab-automated-essay-scoring-2__1e5704e438524fe59f7bb1a63e952937,learning-agency-lab-automated-essay-scoring-2,cards_senior_0812.jsonl:12,learning-agency-lab-automated-essay-scoring-2__3f270b021bd342e0830470b87e3f2dfc,8f9b1c7dd4145fb7433fffe85da13a4ddb183f3158ec62ad25efd10f2e3a0046,1.7886559282015253,-0.081961747403633017
learning-agency-lab-automated-essay-scoring-2__2317582bbc124846ae019a2c3d887059,learning-agency-lab-automated-essay-scoring-2,cards_senior_0812.jsonl:13,learning-agency-lab-automated-essay-scoring-2__9a45c5f87d3d44a59fd9335bae4f82d0,a58b53d000d8059319fb4dcb4f4968adf9ee901a7f686ad198b4005ce1560bc6,1.0799478771565918,0.1670601607871102
learning-agency-lab-automated-essay-scoring-2__24d7340dd7b94017bdbfbe1d41687f60,learning-agency-lab-automated-essay-scoring-2,cards_senior_0812.jsonl:12,learning-agency-lab-automated-essay-scoring-2__893857b385354666983d9e44e1337a07,3a9bdcc4deba99d2dc1bbb9721b358e042610eecf60604f3ca4fc0f76346787b,1.14537701099453,-0.10430084117874995
learning-agency-lab-automated-essay-scoring-2__27c185b55c824a378d4224d1ea32054b,learning-agency-lab-automated-essay-scoring-2,cards_senior_0812.jsonl:12,learning-agency-lab-automated-essay-scoring-2__b00c87cb27424d5296a5bba45356b223,a6413720f3bf59a6447b28aef7e1c7dfb9f9a78bed219008b5d19a975dd6861d,1.610946570295529,-0.041173361144163902
learning-agency-lab-automated-essay-scoring-2__27fb6ef047bc4af1a90967ec19dd15ed,learning-agency-lab-automated-essay-scoring-2,cards_senior_0812.jsonl:12,learning-agency-lab-automated-essay-scoring-2__5e7e5f33724b4744b0703419af5bb794,e01136eee08765a9eaab8d3b9d6fb6d0356b74fd7d88911c6c1a7dd54d83fe8c,0.98630862235139183,0.015400435122800519
learning-agency-lab-automated-essay-scoring-2__2af14cbc4cfb40f98912d5e0f579c166,learning-agency-lab-automated-essay-scoring-2,cards_senior_0812.jsonl:8,learning-agency-lab-automated-essay-scoring-2__7dbb18c4ff344adc85ea98d17862daac,307133352552476b58e947f80cf8db9aac492744abab20f3f255835f24b0931a,0.38059765983060972,-0.24715438274150947
learning-agency-lab-automated-essay-scoring-2__2b254b905c574b468b1427c3bb701933,learning-agency-lab-automated-essay-scoring-2,cards_senior_0812.jsonl:14,learning-agency-lab-automated-essay-scoring-2__bb8fbaefc8444ccdb2253c246ad0f088,ab3360035285f16c899f2f7944a5b2567b503ad546aa2198050055a11ee01360,-0.087680745099202054,0.046988595974677839
learning-agency-lab-automated-essay-scoring-2__30c8a7ef840e4686ac4a4d5356aa56ca,learning-agency-lab-automated-essay-scoring-2,cards_senior_0812.jsonl:10,learning-agency-lab-automated-essay-scoring-2__d2158bc40b654b84b5e329738770451a,275398535a985de5a8c9a8a2abf2defb2a9e1ef2447924fdc59ccefa70ff828f,1.1854414780630111,0.10317191263227218
learning-agency-lab-automated-essay-scoring-2__35263319daf84d498dea53617f7badb8,learning-agency-lab-automated-essay-scoring-2,cards_senior_0812.jsonl:14,learning-agency-lab-automated-essay-scoring-2__90314aea270746e5819865287a011559,fbf38d7d495841bf2c93383664053ffafd1979c9b325385d9a0c3f48e0656f99,1.909224315312509,-0.14180844773372972
learning-agency-lab-automated-essay-scoring-2__361b7d147935426c8d0c8f6233ef0fb3,learning-agency-lab-automated-essay-scoring-2,cards_senior_0812.jsonl:13,learning-agency-lab-automated-essay-scoring-2__1a4bb9af143240b79b2258c22c0d85e5,c1dfb26f051c41dcf1ebb3d394d737a987db00e5bd02ad8e5a244280c0232d89,1.3400685591183494,-0.13104520593470659
learning-agency-lab-automated-essay-scoring-2__368bdd7594974caf9cd87bbe39a64a4c,learning-agency-lab-automated-essay-scoring-2,cards_senior_0812.jsonl:11,learning-agency-lab-automated-essay-scoring-2__5a56797750cf4fb580e8248fbe00bc10,0a5ce8d763f94d3ee42b36c18ba5d3f006a005919e4de20336f63316d40f6394,1.4891391481353655,0.10400225082202172
learning-agency-lab-automated-essay-scoring-2__382125d242094819a5e23fc19e310a4d,learning-agency-lab-automated-essay-scoring-2,cards_senior_0812.jsonl:5,learning-agency-lab-automated-essay-scoring-2__5e0ac8b65a684aa88081007ff7df55f3,87ecabd3b4c566d29723993956d0b04008d8500ef7e9c3e15f34ef594841f9af,1.1965330312049118,-0.027742370117747574
learning-agency-lab-automated-essay-scoring-2__3bd9f4d7cad24d88a44746ae79396e30,learning-agency-lab-automated-essay-scoring-2,cards_senior_0812.jsonl:11,learning-agency-lab-automated-essay-scoring-2__704831bd671340a2bf2da8ef2e2e80f7,a20cc85d66cbbd8301245336c7e36accbe373840e0cb3bff9c9b0415152502fd,0.60575963117308174,0.12056380951149683
learning-agency-lab-automated-essay-scoring-2__3cdad8e5dfef4e71a09414740b408daa,learning-agency-lab-automated-essay-scoring-2,cards_senior_0812.jsonl:10,learning-agency-lab-automated-essay-scoring-2__6df828a9200e45bd920e9672c8c78c91,c4031aaee30e6361bbfc4323f6a42642e2750014ad69c7190872797e0a272683,1.2748757218900941,0.083409635967198401
learning-agency-lab-automated-essay-scoring-2__3e7525cd39524517979cf626005b7e26,learning-agency-lab-automated-essay-scoring-2,cards_senior_0812.jsonl:13,learning-agency-lab-automated-essay-scoring-2__4bd0b949eabe4216acdbee89ae15f7ab,8f55c58351734367be91bde03b2c6b3e433e7d9b1571c986e8e8a2a2d9037266,1.0718773573777205,0.13065570580201311
learning-agency-lab-automated-essay-scoring-2__3f22c746a86a40188b529be77755d42a,learning-agency-lab-automated-essay-scoring-2,cards_senior_0812.jsonl:14,learning-agency-lab-automated-essay-scoring-2__19abda2aa2ec4ee9a43539f095383c9b,fdbd389b59a90f36da7d2f04884973e55799db12b6a8c8a6aee3bd767f6963ea,1.1611438443858417,0.093726321815944411
learning-agency-lab-automated-essay-scoring-2__3f270b021bd342e0830470b87e3f2dfc,learning-agency-lab-automated-essay-scoring-2,cards_senior_0812.jsonl:12,learning-agency-lab-automated-essay-scoring-2__589443a0e44c4980af92506a979f9135,327bd4d270308a1af870c9531a88d1462cb81787544ae0e4dcf70a76cb561e5c,1.745492931949439,-0.010135939296923418
learning-agency-lab-automated-essay-scoring-2__3f6875fe559349988a6572b285f99cef,learning-agency-lab-automated-essay-scoring-2,cards_senior_0812.jsonl:13,learning-agency-lab-automated-essay-scoring-2__ff90416be18f411ca72fb6c879ad14be,211dd796f0656ecb5f641b24c9042449c80ec2c22098a9a94f3b0882e895296d,1.6505377405154213,0.24049546428601573
learning-agency-lab-automated-essay-scoring-2__40da0ae7247b4d83821d1e5120dd5a56,learning-agency-lab-automated-essay-scoring-2,cards_senior_0812.jsonl:9,learning-agency-lab-automated-essay-scoring-2__2fe98e3c679d4234b7b5d97ece5dd682,918f41577d5f8fd578d3cf5fc9e62fffc998494e5bfac803351a41b6d0a8dfa2,0.83515886297414099,0.21670713978698816
learning-agency-lab-automated-essay-scoring-2__41293350805d4d438bb923295187e180,learning-agency-lab-automated-essay-scoring-2,cards_senior_0812.jsonl:7,learning-agency-lab-automated-essay-scoring-2__3a9f8be3369f4b79a8c622f7115d462b,2a32cc617ee832e7cb1b4535d9101ee972da44f2d8cbc91e642ddefed07b70a8,0.93315626807759755,0.010515166649984652
learning-agency-lab-automated-essay-scoring-2__4198698cb60d49f6808341ba4e758140,learning-agency-lab-automated-essay-scoring-2,cards_senior_0812.jsonl:14,learning-agency-lab-automated-essay-scoring-2__8604728038594c03896cb00a78028cc9,6afc0125474303dbce11d3dedb106ecf06877379a38a1bf086c1d1a6280b8214,1.560259769645187,-0.056155055853586558
learning-agency-lab-automated-essay-scoring-2__4960ecb53670406886f935b50ed0faba,learning-agency-lab-automated-essay-scoring-2,cards_senior_0812.jsonl:12,learning-agency-lab-automated-essay-scoring-2__94d61742e7624d3daff8c2e21ca8e0e8,70522ff5537e195f31c1209deb93b75ca287f18ba303a8e5f184547e5f25c0d6,1.8059716492122253,-0.0019048665248446494
learning-agency-lab-automated-essay-scoring-2__4b3ac7d8498b4c3fb51865697e9d9863,learning-agency-lab-automated-essay-scoring-2,cards_senior_0812.jsonl:4,learning-agency-lab-automated-essay-scoring-2__927b429d1c924843a6ed1f64cb57cc03,6ccd93dbc21c5ba65769ae4f951230717dba9cfa5ef304d9688a480c1da83f32,1.1403647361540923,-0.12211404044001155
learning-agency-lab-automated-essay-scoring-2__4bd0b949eabe4216acdbee89ae15f7ab,learning-agency-lab-automated-essay-scoring-2,cards_senior_0812.jsonl:13,learning-agency-lab-automated-essay-scoring-2__a02a23b4f3ed4d61bc20e141ad53b993,3a56c6cff349aed2ece4578e11c148714054208867f1b4913a19b6b21195b304,1.0630407056705946,0.426411381915003
learning-agency-lab-automated-essay-scoring-2__4c43f43261454cd1a8311fec4677eece,learning-agency-lab-automated-essay-scoring-2,cards_senior_0812.jsonl:11,learning-agency-lab-automated-essay-scoring-2__3bd9f4d7cad24d88a44746ae79396e30,01571d141dc489d3f5f95d4bb22c24f7a55577627941d02c5aba54fcfe765e25,0.63706529537289935,0.083304397286640311
learning-agency-lab-automated-essay-scoring-2__4f66208fe87d42fd8e2c7ce1ecd1519f,learning-agency-lab-automated-essay-scoring-2,cards_senior_0812.jsonl:4,learning-agency-lab-automated-essay-scoring-2__d48c95dec09743faa5f4f8f36f7d6933,0a00171784cfcd975e1e6f7b7e1b657efa59b851da6a6d81b3c40dc6c3ff0c5e,1.4421394316531171,0.61747807994349402
learning-agency-lab-automated-essay-scoring-2__51d14582a2b74aada5451a78dbad2b65,learning-agency-lab-automated-essay-scoring-2,cards_senior_0812.jsonl:12,learning-agency-lab-automated-essay-scoring-2__0b20c22ac6f7483d8269e71639e87470,6fa8614c5b08e864b532cabf87d15c1453167cf6f3ece3a44f6949d4fc0e65f7,1.3844929433405748,0.13555218640420866
learning-agency-lab-automated-essay-scoring-2__589443a0e44c4980af92506a979f9135,learning-agency-lab-automated-essay-scoring-2,cards_senior_0812.jsonl:12,learning-agency-lab-automated-essay-scoring-2__7568f0b15bcd4d9dba252f837ead2d8f,05853ddfc4165123a915f6eef3dda8daa3fdecb8f68aee70eb99b0a8b4242c28,1.7276561158438022,0.096363806127076748
learning-agency-lab-automated-essay-scoring-2__58eeffdcfa9344faba965361289875ab,learning-agency-lab-automated-essay-scoring-2,cards_senior_0812.jsonl:11,learning-agency-lab-automated-essay-scoring-2__0af14eee42ee46649d01c0cb759a3961,563ea5ac223c8202caa685050116c50b16ef8f222da102599e06acfada4cb11e,2.0089170823801887,0.69730900813001417
learning-agency-lab-automated-essay-scoring-2__5a56797750cf4fb580e8248fbe00bc10,learning-agency-lab-automated-essay-scoring-2,cards_senior_0812.jsonl:11,learning-agency-lab-automated-essay-scoring-2__6b2c7a8fd276443cb313bcdfda0d0ddc,3b0d354236ba3fc07bbcd60845256384bfa80c70263530bc8a35bded976a3881,1.4854602078161259,0.070656697621524239
learning-agency-lab-automated-essay-scoring-2__5d39650c05904b70bdc35e52f0418a29,learning-agency-lab-automated-essay-scoring-2,cards_senior_0812.jsonl:11,learning-agency-lab-automated-essay-scoring-2__b25dd0d2fde646008c328feed56867e4,58ece23249b1d9df5ad0d079442f702f119195b09bee9a19ec26ffaa2938aaf0,1.1753174502051391,-0.16929800186350796
learning-agency-lab-automated-essay-scoring-2__5e59731ce2ff47d6aa04f8b741c3082d,learning-agency-lab-automated-essay-scoring-2,cards_senior_0812.jsonl:13,learning-agency-lab-automated-essay-scoring-2__a6e855a50ffc40fd9128ef323d36012f,1a84ad6dc62fc11ab73a9d7275b795e50079283f6addad7d69d09ff461247449,1.239386056737666,-0.25482901439704675
learning-agency-lab-automated-essay-scoring-2__5e5d38e22fe541bba02157429792808a,learning-agency-lab-automated-essay-scoring-2,cards_senior_0812.jsonl:12,learning-agency-lab-automated-essay-scoring-2__a71bbb10f99f4d609468dd6cb4efa6a4,0b0e27115226a7a00ac728b2379bbcc39c45482d6e1c6d01ed2a01b546a89493,1.5384125393082413,0.16784171562536232
learning-agency-lab-automated-essay-scoring-2__5e7e5f33724b4744b0703419af5bb794,learning-agency-lab-automated-essay-scoring-2,cards_senior_0812.jsonl:12,learning-agency-lab-automated-essay-scoring-2__dd3b88a44650458cbb55e68b8500de05,65987c9152a6cb271df841b81bd144662e69c23f16268975f2531f6d19d0e26f,0.87200986219807353,0.12614634789978829
learning-agency-lab-automated-essay-scoring-2__5f9f354beda248809612dd27d27cd339,learning-agency-lab-automated-essay-scoring-2,cards_senior_0812.jsonl:9,learning-agency-lab-automated-essay-scoring-2__0efec865803840efb68c594961742e11,a0aeb7ac43b1449f148025d57a80fe19a785914574532753e89d6dbfa3a2090a,1.049732725325377,0.17967743693867028
learning-agency-lab-automated-essay-scoring-2__6178472a23f74ff88ef4febe59a39b8d,learning-agency-lab-automated-essay-scoring-2,cards_senior_0812.jsonl:9,learning-agency-lab-automated-essay-scoring-2__3274f3bc02974911bdd06cdaa80b530a,8a7f92ab8f472ebcc6fc9c30ce9cf6f8d685cd38e34d3d19b288fe4aecb83afd,0.86314589850608481,-0.09268519411745485
learning-agency-lab-automated-essay-scoring-2__64219b11f0644fe1b48473154d1d11da,learning-agency-lab-automated-essay-scoring-2,cards_senior_0812.jsonl:14,learning-agency-lab-automated-essay-scoring-2__b4833a112caa42709dc335ff1d34158d,58f249c710b63d23469c489939ffa36696d648c4b97d074efb96808958a23890,1.3888523341629877,0.21825672487453088
learning-agency-lab-automated-essay-scoring-2__66d8efad3dba4aabb808ce67d229de5e,learning-agency-lab-automated-essay-scoring-2,cards_senior_0812.jsonl:9,learning-agency-lab-automated-essay-scoring-2__aaf499d86f77415a856dd34d9350b13c,bf1f7e8438fd169a0b73b0af7641edfc56d1eff6a9a6a857054b6aa15fd38f52,1.3770900028793835,0.14552003110832124
learning-agency-lab-automated-essay-scoring-2__67889d502c5f459d956a42bb60b04f40,learning-agency-lab-automated-essay-scoring-2,cards_senior_0812.jsonl:13,learning-agency-lab-automated-essay-scoring-2__9a6996aaba9d450f9d852af7f4002681,ef48bee605a9661f6ef9b45b1130966d6a0e25d63f2788e7c531201e5552d510,1.0601826642692938,0.20160077748745447
learning-agency-lab-automated-essay-scoring-2__6b2c7a8fd276443cb313bcdfda0d0ddc,learning-agency-lab-automated-essay-scoring-2,cards_senior_0812.jsonl:11,learning-agency-lab-automated-essay-scoring-2__e38460ef2fc441e2b2d6e1cddd30c1a9,4744c400a75e5d55a4fd730998623b05b718e5b861a62c589e8311a3b2d6c9da,1.4248024912985013,0.096843328528796083
learning-agency-lab-automated-essay-scoring-2__6cb543d33bbd4d2381ac58e5d978a762,learning-agency-lab-automated-essay-scoring-2,cards_senior_0812.jsonl:11,learning-agency-lab-automated-essay-scoring-2__f958a97a86f140c79656e935f6c730b0,836a08e0e4981c5068d6c8e06d4c5992cd4ee59a7e384e41ae498b7402b16335,1.275105681058631,-0.22294598628826678
learning-agency-lab-automated-essay-scoring-2__6df828a9200e45bd920e9672c8c78c91,learning-agency-lab-automated-essay-scoring-2,cards_senior_0812.jsonl:10,learning-agency-lab-automated-essay-scoring-2__86ae769b235e473db1f2c9e6d72a6ce6,e54f7917f32395b2b7a901f9eaa54aaa3360a68325355d4e24a0bf79ec3ae39d,1.2109178846770894,0.27086946314286126
learning-agency-lab-automated-essay-scoring-2__704831bd671340a2bf2da8ef2e2e80f7,learning-agency-lab-automated-essay-scoring-2,cards_senior_0812.jsonl:11,learning-agency-lab-automated-essay-scoring-2__5c85d3a25c15422b992eb464de46acf6,be9a8627c1329a6d93d21bdd4a73a81552a726f2eb4a98207881ae5604a0df3f,0.63047736835004875,0.10961197324155129
learning-agency-lab-automated-essay-scoring-2__71becaa05bab4b048fa5f76c03e3dc28,learning-agency-lab-automated-essay-scoring-2,cards_senior_0812.jsonl:15,learning-agency-lab-automated-essay-scoring-2__b86937c1c6d74bd2b8e05077fb36b924,5fca9a684fabbc0f55c4331ed41c1d08040ba6e611390c394f63952f56debbf0,0.80919091619244621,-0.31323516608860585
learning-agency-lab-automated-essay-scoring-2__71da58fef63b4d65beb8766e8915d5b0,learning-agency-lab-automated-essay-scoring-2,cards_senior_0812.jsonl:13,learning-agency-lab-automated-essay-scoring-2__e30c55597e4d40d9b4685a1362c1aea7,e39d61c118535643750e6ea02350c1320fdeec46b738d0ed47560dbd65a4a250,1.5709520823872718,-0.22457398721443902
learning-agency-lab-automated-essay-scoring-2__728b3fe03c5c44ca9ef13a6e5f994fe0,learning-agency-lab-automated-essay-scoring-2,cards_senior_0812.jsonl:11,learning-agency-lab-automated-essay-scoring-2__4c43f43261454cd1a8311fec4677eece,ffb5f3a587670957219999a1cfc1c3d7f73cc148dc43e3e7690f4a040dc960d3,0.64166737490402614,0.095957059393815144
learning-agency-lab-automated-essay-scoring-2__749e794ff8824c0ea4d2cd68c6bad189,learning-agency-lab-automated-essay-scoring-2,cards_senior_0812.jsonl:9,learning-agency-lab-automated-essay-scoring-2__5c7fc6a6b1c54f91871bd674844d0b9c,b1e70bf1606c00b65fcfbba69ccdd9c811aa43cf454eb7600949453e8e3f1db1,1.46233724691306,-0.067515059297179533
learning-agency-lab-automated-essay-scoring-2__7568f0b15bcd4d9dba252f837ead2d8f,learning-agency-lab-automated-essay-scoring-2,cards_senior_0812.jsonl:12,learning-agency-lab-automated-essay-scoring-2__117844747c8943a3bd5264636383e3e1,1b5c5b498c0ef438fef714fe707bb2e65781c80d4966b86ba9e8a6fb21c1273f,1.3301336318796371,-0.076267928703115093
learning-agency-lab-automated-essay-scoring-2__768d4a754a124024ad112927a8af76d7,learning-agency-lab-automated-essay-scoring-2,cards_senior_0812.jsonl:10,learning-agency-lab-automated-essay-scoring-2__d4595eba15184f5a95cd2ca3a955f096,2f964170884db183d8e4c4931dc7bd0cc62b48ec8c628d55e246b48ad1462980,1.4136805509337194,-0.043692221875474536
learning-agency-lab-automated-essay-scoring-2__76fc439dd0794bbca8f62cb6aba7f0dd,learning-agency-lab-automated-essay-scoring-2,cards_senior_0812.jsonl:13,learning-agency-lab-automated-essay-scoring-2__974bea1a40a04122952b873521a365f5,7d7c05ef65588c072648efe40de39c08d6083bc66c257642d64e817378d9d8ef,1.4503627135911263,-0.017301606619800777
learning-agency-lab-automated-essay-scoring-2__774d9b84baf246cf9a6527aeb439e3c8,learning-agency-lab-automated-essay-scoring-2,cards_senior_0812.jsonl:10,learning-agency-lab-automated-essay-scoring-2__56cd378759424e6f8d63e215bc16384a,6bfeeab3c5ccc97192a5e601d0482f498a28fb2ddd451584ec11de764f33a99a,1.3666950722749807,0.14631224999585643
learning-agency-lab-automated-essay-scoring-2__780abda2e1d64e2cb2d81b229dfadd43,learning-agency-lab-automated-essay-scoring-2,cards_senior_0812.jsonl:11,learning-agency-lab-automated-essay-scoring-2__46bef3fbba894b52859fe156ca28c65f,f94aef166c90f1904dedad62197967ab0fa8aacf625cd09e756cbf5c56e472c6,1.7120768308352652,0.18663960701705401
learning-agency-lab-automated-essay-scoring-2__78a082c7893a424980aa320636c1c569,learning-agency-lab-automated-essay-scoring-2,cards_senior_0812.jsonl:8,learning-agency-lab-automated-essay-scoring-2__b2bc1c195de245958b93926623678401,15d92dc46e40d33c68d70b6d7c31e7178f800c3d31f2d35dfe4ea28cc4fa1aa3,0.92595521411168003,0.38528602138285872
learning-agency-lab-automated-essay-scoring-2__7b0fd895ac4445f8905cdef4f6e47c53,learning-agency-lab-automated-essay-scoring-2,cards_senior_0812.jsonl:11,learning-agency-lab-automated-essay-scoring-2__49cf9671cebb451a90ba5524aaf9e158,51999cb3cbc055baaea55afdc2511075b9aa5fd87b1bef7dc126757820216f14,1.047344525230568,-0.19625203261937982
learning-agency-lab-automated-essay-scoring-2__7b473eab1ca643689f51bfc0304ecf6a,learning-agency-lab-automated-essay-scoring-2,cards_senior_0812.jsonl:13,learning-agency-lab-automated-essay-scoring-2__9587141627a34017bed4e1849c4d0776,88d1d13d1d01dedda630c510707ad49c3f0b7e8c2e2832c3b70d58f5d6fe9634,0.95871683278558939,0.38603512157628678
learning-agency-lab-automated-essay-scoring-2__7bc45d6f8df24bb4967f6199c2b3439e,learning-agency-lab-automated-essay-scoring-2,cards_senior_0812.jsonl:13,learning-agency-lab-automated-essay-scoring-2__59e585bb5e894a709f1035e0796dbe99,1fb4429f2d78794e1cd3202e32d4aefbbadcc927f1d4f2d49ff4ff8aa79e3c28,1.1047601960327318,-0.084090263266206389
learning-agency-lab-automated-essay-scoring-2__8380245658084fc38eb743b6a35f98b3,learning-agency-lab-automated-essay-scoring-2,cards_senior_0812.jsonl:4,learning-agency-lab-automated-essay-scoring-2__ab998ebbbe75435082c85cd461c66c2f,d70edbdb13f442a927025db1d1918d030b28167a634c557843cac1b845cab740,1.3669343843382822,0.34229494000598892
learning-agency-lab-automated-essay-scoring-2__83959c97868a480aa67254c591ae033a,learning-agency-lab-automated-essay-scoring-2,cards_senior_0812.jsonl:14,learning-agency-lab-automated-essay-scoring-2__c03463c598094c40929f80aa2abab392,a4f0787cbf61262b42f4a4e295a52bd7f239f160c8a5a078212ebe3a31673f57,0.84850204903898352,-0.042286562707178607
learning-agency-lab-automated-essay-scoring-2__8456e9d3fb414d7aa9b74f14e83a132f,learning-agency-lab-automated-essay-scoring-2,cards_senior_0812.jsonl:5,learning-agency-lab-automated-essay-scoring-2__072a2b0aed0745e9b358d56322763ade,eef2d913e27b99058a399983a27663007377b09dd0d2cb5f6454b9ec3074da88,1.5558562811398844,0.30971214563565186
learning-agency-lab-automated-essay-scoring-2__84c1113a80154f78934bca70ad8c607b,learning-agency-lab-automated-essay-scoring-2,cards_senior_0812.jsonl:8,learning-agency-lab-automated-essay-scoring-2__3468ab5241404b34b9439dbab0b94fc8,cb9b302745eb5d241d2ca73ce7d79c9115d670e3ae9eca47d4059e9f9ed6de56,0.46714351778891466,-0.026924623918595989
learning-agency-lab-automated-essay-scoring-2__86ae769b235e473db1f2c9e6d72a6ce6,learning-agency-lab-automated-essay-scoring-2,cards_senior_0812.jsonl:10,learning-agency-lab-automated-essay-scoring-2__1cb8a27312a44985b7b202fe965c22bf,58ca9139fabf5b9a4914160a7a9cbc1db87ddc4b338f0ce4d7b39eab06147070,1.1075615356591797,0.49043926741087951
learning-agency-lab-automated-essay-scoring-2__87994d4a6f1141c4a89e544662aae6f6,learning-agency-lab-automated-essay-scoring-2,cards_senior_0812.jsonl:5,learning-agency-lab-automated-essay-scoring-2__c5c93923903c4a099a5fef95591456d5,c1abaf3050950508c57f7ae29265e25f3d509bd6ea1422f255bfe078a59ddb48,1.1170466005897564,-0.16473590084860734
learning-agency-lab-automated-essay-scoring-2__8a3fd8d35c2f420480bf0a6f737f6e46,learning-agency-lab-automated-essay-scoring-2,cards_senior_0812.jsonl:12,learning-agency-lab-automated-essay-scoring-2__27fb6ef047bc4af1a90967ec19dd15ed,11f9afcba7ac31d488dff94df1bce515db69a5ac99241964e7c1ea613988c5b4,1.367638884245983,0.21085713413315654
learning-agency-lab-automated-essay-scoring-2__8a4c115e67be42399b300204fbde73c9,learning-agency-lab-automated-essay-scoring-2,cards_senior_0812.jsonl:7,learning-agency-lab-automated-essay-scoring-2__98710d74df7d492d9e351fb87a75cbb3,05a842db9a9a2986624dc0d7eb484143b3f0e0758c1b9ca2e587f9c9a0d026ac,0.51666211591679534,-0.0062488893937214154
learning-agency-lab-automated-essay-scoring-2__8a57e62444c14be28d8847aa950a2263,learning-agency-lab-automated-essay-scoring-2,cards_senior_0812.jsonl:5,learning-agency-lab-automated-essay-scoring-2__382125d242094819a5e23fc19e310a4d,a35069f44f2189e0244a8ea7ca15d332c92d63897a2d48d342a5f2a0ef3d4036,1.2444003821311702,-0.10404115781209083
learning-agency-lab-automated-essay-scoring-2__8ba8f54abc90419fbb76cbf69be0248b,learning-agency-lab-automated-essay-scoring-2,cards_senior_0812.jsonl:4,learning-agency-lab-automated-essay-scoring-2__3a84781c38ac48dbb0796efde5d303b6,0eba53417de5ff3dfe5cd55913a45e66ffedcafbc894eaeb4cd7788e67a33574,1.4539065064295347,0.54724946005146524
learning-agency-lab-automated-essay-scoring-2__927b429d1c924843a6ed1f64cb57cc03,learning-agency-lab-automated-essay-scoring-2,cards_senior_0812.jsonl:4,learning-agency-lab-automated-essay-scoring-2__7f8212efa1064a559f1f26a063913d57,6d4e835ea497398d22425bb298ec41d61f138bf5e1c92dfb347bb88f026e3913,1.0994514316145183,0.059415625326471148
learning-agency-lab-automated-essay-scoring-2__92aa8dd3d88c40d0aad8a554fb108cf8,learning-agency-lab-automated-essay-scoring-2,cards_senior_0812.jsonl:10,learning-agency-lab-automated-essay-scoring-2__c3d713d97ee3441099cd3d2e15f05bcd,9ee1f60f8ce979bee5d23d7ef748abc8cc65d72f46b7f924d1a1f0e939273e45,1.3894319055419257,0.0001825660135381859
learning-agency-lab-automated-essay-scoring-2__937265115d9b4d6cab19fb87684fe6fe,learning-agency-lab-automated-essay-scoring-2,cards_senior_0812.jsonl:13,learning-agency-lab-automated-essay-scoring-2__c267e01ff23a431a91211d2d9e93af36,793c06d530b706b0e1a95c033f775a83021ead5f96505488e17ac5d4d38cf76b,0.78885940192573933,0.10337134020322064
learning-agency-lab-automated-essay-scoring-2__94d61742e7624d3daff8c2e21ca8e0e8,learning-agency-lab-automated-essay-scoring-2,cards_senior_0812.jsonl:12,learning-agency-lab-automated-essay-scoring-2__8bf4dbf4bdce4566990cabd66d1d1c69,7994350abced60087fd4e3129ff29cd51533ddf336934927eca038ac94755183,1.6235902701674041,0.07568454406071505
learning-agency-lab-automated-essay-scoring-2__9587141627a34017bed4e1849c4d0776,learning-agency-lab-automated-essay-scoring-2,cards_senior_0812.jsonl:13,learning-agency-lab-automated-essay-scoring-2__7cdd775426b04c5480dcea3db60822df,1434b7ea1e9de862f6649c33d892f7194bfee52a600ed28841a5ebdec25d5eea,0.68941887285107528,0.010224999527760723
learning-agency-lab-automated-essay-scoring-2__9741acdb6eff422bbb28a169a1b639cc,learning-agency-lab-automated-essay-scoring-2,cards_senior_0812.jsonl:5,learning-agency-lab-automated-essay-scoring-2__87994d4a6f1141c4a89e544662aae6f6,c970e732e8d3b88cd9c0715e528b13a7777684fbd64660907a946f75397c8179,1.3790112299223942,0.18388108439233519
learning-agency-lab-automated-essay-scoring-2__99e574bb5b53483d867aeeaa409e4f22,learning-agency-lab-automated-essay-scoring-2,cards_senior_0812.jsonl:10,learning-agency-lab-automated-essay-scoring-2__c3d713d97ee3441099cd3d2e15f05bcd,293c5fd3287811e09cbe5525807dcbff4514ef2fef30f5e896856119a4696264,1.2645193779474504,0.28314585189957081
learning-agency-lab-automated-essay-scoring-2__9ab9ec61a0ec440eae01c5eeb1ae1534,learning-agency-lab-automated-essay-scoring-2,cards_senior_0812.jsonl:12,learning-agency-lab-automated-essay-scoring-2__8a3fd8d35c2f420480bf0a6f737f6e46,8112acab59a3da30a20a446c25709505abbee73443ea3d2043aed8e6f4c07621,1.3562222689616283,0.17646217445721682
learning-agency-lab-automated-essay-scoring-2__9d4167250c0e4d1680e3e95aead58967,learning-agency-lab-automated-essay-scoring-2,cards_senior_0812.jsonl:12,learning-agency-lab-automated-essay-scoring-2__570e6ee4d1a049cbbdd6c4aecb734979,b66412adae45f80850c9644d720e51c36078a5a113308b7c3599ab96123ebbad,1.599753875447625,0.25676108484143084
learning-agency-lab-automated-essay-scoring-2__a055a68a086f48d087836abd11a20d73,learning-agency-lab-automated-essay-scoring-2,cards_senior_0812.jsonl:12,learning-agency-lab-automated-essay-scoring-2__8d10ba2daef240539156fa4d3ada043e,8d979e1fd82ff6b0f97625536f180597b42921eebaf53fcabbbed748eef8cec9,1.1509672424965578,0.41394770006488968
learning-agency-lab-automated-essay-scoring-2__a092fe38ab6c48fca2594682bbbb8b27,learning-agency-lab-automated-essay-scoring-2,cards_senior_0812.jsonl:12,learning-agency-lab-automated-essay-scoring-2__17eec25bb6014b42b63372a1c7419148,ab3026ff81857176c1f5e297b65bea691648b635402342c7edbbef3ad5270e44,1.3702696298243426,0.26828129103230969
learning-agency-lab-automated-essay-scoring-2__a1e2114648e04267967844ec1cb6a329,learning-agency-lab-automated-essay-scoring-2,cards_senior_0812.jsonl:4,learning-agency-lab-automated-essay-scoring-2__abff429d2413414cbfea2e0398fe6596,f2f610d45855a6f7e0bb0bb92729bffb862c03c849f4eec78a0bc2b7d38a6b1e,1.0306819361415931,0.28423751743519871
learning-agency-lab-automated-essay-scoring-2__a398abb824004fc495961797ad975f4c,learning-agency-lab-automated-essay-scoring-2,cards_senior_0812.jsonl:13,learning-agency-lab-automated-essay-scoring-2__7a80ecf46865469aacb237da4e7e44fd,576127d50a20282b10e3892140b72b27c4cdc9d076235ae77b4cd90fa6807e26,1.2031190289110505,-0.19172640304602565
learning-agency-lab-automated-essay-scoring-2__a52efcd984ad4568988d142927e8e57d,learning-agency-lab-automated-essay-scoring-2,cards_senior_0812.jsonl:9,learning-agency-lab-automated-essay-scoring-2__6950c36bb62a4372b65a7b1b0ae2c6a3,23f808027d7b0ff292aa48e954f3d483974214210a3120b54df395bb1be1eae5,0.88180119648810318,0.036944065082214254
learning-agency-lab-automated-essay-scoring-2__a6e855a50ffc40fd9128ef323d36012f,learning-agency-lab-automated-essay-scoring-2,cards_senior_0812.jsonl:13,learning-agency-lab-automated-essay-scoring-2__526913a2bb41437aa94ae91ccd49b8c7,4be8dee11788de14f56e1c39766eabda98f631982a70fdf877054d76786883a2,0.88974903770775515,-0.24205770795579296
learning-agency-lab-automated-essay-scoring-2__a71bbb10f99f4d609468dd6cb4efa6a4,learning-agency-lab-automated-essay-scoring-2,cards_senior_0812.jsonl:12,learning-agency-lab-automated-essay-scoring-2__51d14582a2b74aada5451a78dbad2b65,e47f35d9ce22007030da338497fcea938cdb4a49fdf4b0c360048cc6be294d6b,1.6123635033398565,0.30520561704048016
learning-agency-lab-automated-essay-scoring-2__a7687dbaf13d4b27a82960878ea52265,learning-agency-lab-automated-essay-scoring-2,cards_senior_0812.jsonl:11,learning-agency-lab-automated-essay-scoring-2__19e3a6d902d344fcb8ea64d0273621fa,3847c371a6b13374fd51c916278ef3e8fa74fffce59404a72ea79e0387d59b11,1.833674362214206,0.11378687600347445
learning-agency-lab-automated-essay-scoring-2__a90098cb8ba246a3aa2c22932049d564,learning-agency-lab-automated-essay-scoring-2,cards_senior_0812.jsonl:11,learning-agency-lab-automated-essay-scoring-2__7b0fd895ac4445f8905cdef4f6e47c53,2e4bc064a8c6c2279c89a7a0527852a57186738ca8c22ac26e06998c2bcd4459,1.1505021162668541,-0.16716854820999266
learning-agency-lab-automated-essay-scoring-2__ab998ebbbe75435082c85cd461c66c2f,learning-agency-lab-automated-essay-scoring-2,cards_senior_0812.jsonl:4,learning-agency-lab-automated-essay-scoring-2__ecf95e67965a43de8296ca42928fd706,e443f928cb6626c8b600967ab0bd9b98367660ded8d06a92e4051536af67a69a,1.3657939485931214,0.3394440676478373
learning-agency-lab-automated-essay-scoring-2__acfb3a1b684a499ba37e5407e849a93c,learning-agency-lab-automated-essay-scoring-2,cards_senior_0812.jsonl:14,learning-agency-lab-automated-essay-scoring-2__64219b11f0644fe1b48473154d1d11da,102c6d3979c96281fdfc4be8506420a2e0da3d1908e9cd9de700fdb0f244ecf3,1.4012156303449612,0.22422830441327044
learning-agency-lab-automated-essay-scoring-2__acfdf50253314d459be6c4a834fc41be,learning-agency-lab-automated-essay-scoring-2,cards_senior_0812.jsonl:12,learning-agency-lab-automated-essay-scoring-2__94d61742e7624d3daff8c2e21ca8e0e8,de4ede2292a51836553ccecd9c7b15317add0c48b98ea704f6837abb482d39ac,1.8442737746197542,0.13464855011231514
learning-agency-lab-automated-essay-scoring-2__b094ebf8f3a94fb08a1a6b3afac87ebd,learning-agency-lab-automated-essay-scoring-2,cards_senior_0812.jsonl:13,learning-agency-lab-automated-essay-scoring-2__937265115d9b4d6cab19fb87684fe6fe,50345dd96978b14a15d248d7b43e2bfa586bf039b2003b7525961811071c3f97,0.92527082762098423,0.029763124480141442
learning-agency-lab-automated-essay-scoring-2__b25dd0d2fde646008c328feed56867e4,learning-agency-lab-automated-essay-scoring-2,cards_senior_0812.jsonl:11,learning-agency-lab-automated-essay-scoring-2__05bc51dc24494a9dbda1bd7be2eaab2c,e7f0c0ac05e3cc0d39ca10783a984835699d23051a2996fd4845ed8db85bb746,0.80740340124438748,-0.03049572969429306
learning-agency-lab-automated-essay-scoring-2__b276b8108c6449fc9609365fc75cad41,learning-agency-lab-automated-essay-scoring-2,cards_senior_0812.jsonl:4,learning-agency-lab-automated-essay-scoring-2__ecf95e67965a43de8296ca42928fd706,f05ed031b50a77164c3bd0c33e6c38ded56e36f1a875e45c0cf33ff2a9ec247c,1.4071217577269486,-0.081575862731635945
learning-agency-lab-automated-essay-scoring-2__b2d679f24c944a98b9c1cfbe54943f6a,learning-agency-lab-automated-essay-scoring-2,cards_senior_0812.jsonl:13,learning-agency-lab-automated-essay-scoring-2__6952aa3755174a0aab50de887aece82f,32d583343824031fc1dab39cd4bb489e2fb5442d4e417bb50a74aaa9c32d96f3,1.4472176263061591,0.090995131179903169
learning-agency-lab-automated-essay-scoring-2__b2ddc86c77f24f25bfb0f6fb02aa9ef3,learning-agency-lab-automated-essay-scoring-2,cards_senior_0812.jsonl:11,learning-agency-lab-automated-essay-scoring-2__07af18288fbc4196a971ff15d64f16bb,1c7a88e85e9af1be5242a6f88a96fdd89e2be3cef0c8822110b53d83b9fe0377,1.5546365975200218,0.46406363245516696
learning-agency-lab-automated-essay-scoring-2__b2fb9110e7ad484da3ef993337427747,learning-agency-lab-automated-essay-scoring-2,cards_senior_0812.jsonl:9,learning-agency-lab-automated-essay-scoring-2__40da0ae7247b4d83821d1e5120dd5a56,84475fe96cfe16660a2086a2929023b1529f7ef1cb48ed7de1e1d08c607b2d0f,1.2699688027757747,0.53742944965675599
learning-agency-lab-automated-essay-scoring-2__b43c6911c0104ae39ffaa802919a30bf,learning-agency-lab-automated-essay-scoring-2,cards_senior_0812.jsonl:11,learning-agency-lab-automated-essay-scoring-2__b2ddc86c77f24f25bfb0f6fb02aa9ef3,e142da668c767597e5732bd019f132d16fd0fc29158d27344f678d9068397d18,1.5893785437878536,0.47984946854922117
learning-agency-lab-automated-essay-scoring-2__b4833a112caa42709dc335ff1d34158d,learning-agency-lab-automated-essay-scoring-2,cards_senior_0812.jsonl:14,learning-agency-lab-automated-essay-scoring-2__ea6e5544c26342708170bbaa3a795175,d37468a3a3e68e0ad20e2bcf2aae8ec0b9216dfbd6a8d45be954e701d3612daa,1.262916482133652,0.02779191282911727
learning-agency-lab-automated-essay-scoring-2__b85060f0050d4426b5096ce20860a65e,learning-agency-lab-automated-essay-scoring-2,cards_senior_0812.jsonl:5,learning-agency-lab-automated-essay-scoring-2__f6107c6e72554483984a10cd0be16eef,02e73f94a71ec1ae20f6399e878943614b40083b8a3ee915fe50ef2fe843553f,1.6274424242610954,0.065225945506627442
learning-agency-lab-automated-essay-scoring-2__bb5200f9a9d449e1afbbf77a6cabec49,learning-agency-lab-automated-essay-scoring-2,cards_senior_0812.jsonl:13,learning-agency-lab-automated-essay-scoring-2__ebe3b0d8fef443848c77a0cb9c0f2c2d,e8b340a12a12d3b6f6ea752592365cdabc457e9bc346e0a731f3bb47c150cc86,0.59389337129023545,-0.04448838695901923
learning-agency-lab-automated-essay-scoring-2__bc6cb0fa199c4674be614cd10c524644,learning-agency-lab-automated-essay-scoring-2,cards_senior_0812.jsonl:7,learning-agency-lab-automated-essay-scoring-2__41293350805d4d438bb923295187e180,7844de1efdd0ce2569944aa21dd7cbef6d7e6fa1294dbe6124cf83382809e1cb,1.0446966540256659,-0.17290285866575192
learning-agency-lab-automated-essay-scoring-2__bd17c71fcff5428da68ddf60442baee8,learning-agency-lab-automated-essay-scoring-2,cards_senior_0812.jsonl:9,learning-agency-lab-automated-essay-scoring-2__ae9fdb963d2c4e09895b46347051f22c,6480a0a797ad7fca3c9583c7972278b1b759c89f00d85c20ab8ddc1d44ef21cb,1.0878891841798204,0.29979778924002976
learning-agency-lab-automated-essay-scoring-2__be51ba1c0655468285c7a1341b8b7641,learning-agency-lab-automated-essay-scoring-2,cards_senior_0812.jsonl:10,learning-agency-lab-automated-essay-scoring-2__04358eb3191040a0898d12fbe607948c,9657a8914fdeb9a0749d25db552a1e6c0d6fed8bcae33e08d659e961d02ea8b5,1.2454218539286568,0.46467364425974539
learning-agency-lab-automated-essay-scoring-2__be67da85e26b47c8a2f6247ee3d542cb,learning-agency-lab-automated-essay-scoring-2,cards_senior_0812.jsonl:12,learning-agency-lab-automated-essay-scoring-2__66e10fa480f84dc480faa9a663f6df68,f8da0130b4e9c442337b786b49b53c57131f51710c4829f612e039ca7fd7f5bd,1.2744485082814534,-0.082786312322893588
learning-agency-lab-automated-essay-scoring-2__c01ce7862b534cddb470829f80ac99b9,learning-agency-lab-automated-essay-scoring-2,cards_senior_0812.jsonl:9,learning-agency-lab-automated-essay-scoring-2__0b6d7570e74b435b8a1d781444a4a172,b4a23cf67699bd8a2e15eea5266e870c2f3203f36b49916c12397ae5469daa50,1.4076421384696882,-0.32011685165355463
learning-agency-lab-automated-essay-scoring-2__c03463c598094c40929f80aa2abab392,learning-agency-lab-automated-essay-scoring-2,cards_senior_0812.jsonl:14,learning-agency-lab-automated-essay-scoring-2__e75bc1bf2c334181aed03f043890c8c4,aff40ad8343f7f3e0f7e0b8c7044e0a97feea08e09320096c178dc5b3b82fc3b,0.83055618860148472,0.016409853308013745
learning-agency-lab-automated-essay-scoring-2__c15982cf65e74f908f914a5b4cb79a03,learning-agency-lab-automated-essay-scoring-2,cards_senior_0812.jsonl:6,learning-agency-lab-automated-essay-scoring-2__640c307e5b70441089462cb0a001dca2,3a7521f147ac6acdc80d669f00a88fd26d77e66f809199d8dfa2e0679847b69b,1.242622643989667,0.25497805092143716
learning-agency-lab-automated-essay-scoring-2__c267e01ff23a431a91211d2d9e93af36,learning-agency-lab-automated-essay-scoring-2,cards_senior_0812.jsonl:13,learning-agency-lab-automated-essay-scoring-2__ebe3b0d8fef443848c77a0cb9c0f2c2d,21047a73b451ced9b3666202a4d6eda54175042107d5848fa7af263e63333a76,0.56478792759017782,-0.11481368233142851
learning-agency-lab-automated-essay-scoring-2__c3d713d97ee3441099cd3d2e15f05bcd,learning-agency-lab-automated-essay-scoring-2,cards_senior_0812.jsonl:10,learning-agency-lab-automated-essay-scoring-2__d64e968056a24862823cbca783d60153,e0d0b8bf97c9d1d40a12f16c767f82a67e18da2b5cbae669e0e2c75d53340c2e,1.4406453197267772,0.7127180098386956
learning-agency-lab-automated-essay-scoring-2__c4dc08f5c98d4538b509f2cdbe249285,learning-agency-lab-automated-essay-scoring-2,cards_senior_0812.jsonl:14,learning-agency-lab-automated-essay-scoring-2__4198698cb60d49f6808341ba4e758140,4bf7ee1452ee2f28edf82bb78d1ddfd723ec6b6f5d20755aace2a34d653a9ef8,1.6735081607651312,-0.12273045339655339
learning-agency-lab-automated-essay-scoring-2__c50302b9c4a74fa0a9f7744d49533b0f,learning-agency-lab-automated-essay-scoring-2,cards_senior_0812.jsonl:5,learning-agency-lab-automated-essay-scoring-2__87994d4a6f1141c4a89e544662aae6f6,dde30b7622829cdeb24b1be5712662467da024b6853a734404e96435b578ea38,1.2067537550084948,-0.37542121510093046
learning-agency-lab-automated-essay-scoring-2__c6939402935c4380805477c2b35e2c21,learning-agency-lab-automated-essay-scoring-2,cards_senior_0812.jsonl:9,learning-agency-lab-automated-essay-scoring-2__5f9f354beda248809612dd27d27cd339,22c748fb87e42b805c66c200c8ae67743243d97e7fe263e48b53a98a229c7aed,1.2218420571794564,0.24850755566256064
learning-agency-lab-automated-essay-scoring-2__c8145635812e44489806b82c6636c874,learning-agency-lab-automated-essay-scoring-2,cards_senior_0812.jsonl:12,learning-agency-lab-automated-essay-scoring-2__27c185b55c824a378d4224d1ea32054b,3829ee82022cc520670b60dcbc040eb79a40e7ed486c1b6a995e7f1f36298a0f,1.4952266511150578,-0.064682876768807893
learning-agency-lab-automated-essay-scoring-2__c88962acf55540888c32714c723f5797,learning-agency-lab-automated-essay-scoring-2,cards_senior_0812.jsonl:14,learning-agency-lab-automated-essay-scoring-2__19abda2aa2ec4ee9a43539f095383c9b,7b798a8ebe63154ff57658fc0f8a79c7395b0b5691942fcec35ab426aef17679,1.1521619440679538,-0.088153416324381742
learning-agency-lab-automated-essay-scoring-2__c8b7db79d9a845c3b765a7cae623f895,learning-agency-lab-automated-essay-scoring-2,cards_senior_0812.jsonl:5,learning-agency-lab-automated-essay-scoring-2__072a2b0aed0745e9b358d56322763ade,2f9584698d7ba6187cb027643544dc6270a463450ec3cdf69ced74e217af4ff5,1.6153479026430124,0.17962176717906012
learning-agency-lab-automated-essay-scoring-2__cfa02f91b1db4d92b3a866913fc522dd,learning-agency-lab-automated-essay-scoring-2,cards_senior_0812.jsonl:9,learning-agency-lab-automated-essay-scoring-2__b2fb9110e7ad484da3ef993337427747,f3cad288cb5a4d67fa01b48268c3a21afc4b60c8e63f5937accd5f58412350ea,1.25142268624495,0.34468777622323193
learning-agency-lab-automated-essay-scoring-2__d2158bc40b654b84b5e329738770451a,learning-agency-lab-automated-essay-scoring-2,cards_senior_0812.jsonl:10,learning-agency-lab-automated-essay-scoring-2__3cdad8e5dfef4e71a09414740b408daa,26f2b549846d719dfb2e7ba886be528a63806730f5dcabccabf48db65cedb6c8,1.272426494949654,0.003505934447093829
learning-agency-lab-automated-essay-scoring-2__d37e166f9f4144d7b9302e16dc7d1ef4,learning-agency-lab-automated-essay-scoring-2,cards_senior_0812.jsonl:10,learning-agency-lab-automated-essay-scoring-2__baa55661ef1949f8a318c979c5a06b8e,b20a1a24aea783e06feb38ae5bc2c3ee501a511382314a2547cae9a044440124,1.1724893073090581,0.19082992119270228
learning-agency-lab-automated-essay-scoring-2__d48c95dec09743faa5f4f8f36f7d6933,learning-agency-lab-automated-essay-scoring-2,cards_senior_0812.jsonl:4,learning-agency-lab-automated-essay-scoring-2__927b429d1c924843a6ed1f64cb57cc03,327b961681a9d3c95762c6ea8a38c66884c697f9e2bba04571f507da8a581eee,1.3035994857584354,0.48998887453734513
learning-agency-lab-automated-essay-scoring-2__d6a0250e2f4a4a71a7f054c28e671756,learning-agency-lab-automated-essay-scoring-2,cards_senior_0812.jsonl:14,learning-agency-lab-automated-essay-scoring-2__b4833a112caa42709dc335ff1d34158d,486ad28138609950c73bf5ce6f6a6c1de634eb77e2d43306597dbc37536edcca,1.4024603617127638,0.018245935781622313
learning-agency-lab-automated-essay-scoring-2__d8d230c7b44b491a8e3b4b5829056557,learning-agency-lab-automated-essay-scoring-2,cards_senior_0812.jsonl:4,learning-agency-lab-automated-essay-scoring-2__ab998ebbbe75435082c85cd461c66c2f,b438340bef785983866fcda43008508a3de1d884e580295684bb2ae37c63f73c,1.4336406508032338,0.34194279063911009
learning-agency-lab-automated-essay-scoring-2__db57cde04d4e4b0abfec5a8961256ab5,learning-agency-lab-automated-essay-scoring-2,cards_senior_0812.jsonl:11,learning-agency-lab-automated-essay-scoring-2__139576de817f49b48dc05ff22c2ded7b,b8dc0a399562c725e937cadd45bf89c4ec93db7b4f5e85e0a34e041f2e10254e,1.4734853408437207,0.066116278095460654
learning-agency-lab-automated-essay-scoring-2__dbe6dbac34684b3eb6a1531e5709aee9,learning-agency-lab-automated-essay-scoring-2,cards_senior_0812.jsonl:8,learning-agency-lab-automated-essay-scoring-2__a35598b4abe447c7a84b304b273ccac3,13bb76f6b278a4273da209bc27091b5c12895e43f812a2124c18262b0bafcd4a,-0.023967407740917449,0.13038538265242364
learning-agency-lab-automated-essay-scoring-2__dc21ace3640e428c879de5a5e6a9043f,learning-agency-lab-automated-essay-scoring-2,cards_senior_0812.jsonl:6,learning-agency-lab-automated-essay-scoring-2__e62ec09d268f47c1a803f748347ae806,593c47b1b980dffc6f29d01caa720fb404ca5213ad11cbbeb7ea5ce63080d348,0.8619351218788458,-0.029633233069336483
learning-agency-lab-automated-essay-scoring-2__dd6d67998fe74fcfa3e8fcc413e3bc16,learning-agency-lab-automated-essay-scoring-2,cards_senior_0812.jsonl:9,learning-agency-lab-automated-essay-scoring-2__b2fb9110e7ad484da3ef993337427747,4a3558a6ccfd6c6e3ba3b1e550b4ec1f11af80cbc058a220878b34d366f916ed,1.7137901141138259,0.33568158810133963
learning-agency-lab-automated-essay-scoring-2__e0273dbe130a4f07b9c6fbd8a7d35b08,learning-agency-lab-automated-essay-scoring-2,cards_senior_0812.jsonl:12,learning-agency-lab-automated-essay-scoring-2__bd0750ff27b94ed995656d6ebadca176,446e4cb523931c6aac3d7b52cdb69768bfa045f492b9719de8af393d0122424c,1.5388022388120299,0.10468616116093388
learning-agency-lab-automated-essay-scoring-2__e113b7401230406bba447552640eee21,learning-agency-lab-automated-essay-scoring-2,cards_senior_0812.jsonl:14,learning-agency-lab-automated-essay-scoring-2__65344097308746faace450cd25d73cc9,9acc64f1b1b6401e3d25970d881eb812a5b79b42a97af46a36675822bff0690a,1.4874374878878993,-0.20257291052241475
learning-agency-lab-automated-essay-scoring-2__e2efd6b404394b7195879576b96cbf67,learning-agency-lab-automated-essay-scoring-2,cards_senior_0812.jsonl:11,learning-agency-lab-automated-essay-scoring-2__139576de817f49b48dc05ff22c2ded7b,29d2bd1c746a80bfa75fcf56c54d472cd003110c29447a876aaa0c3ace391ceb,1.482866755352843,0.044536258641101174
learning-agency-lab-automated-essay-scoring-2__e38460ef2fc441e2b2d6e1cddd30c1a9,learning-agency-lab-automated-essay-scoring-2,cards_senior_0812.jsonl:11,learning-agency-lab-automated-essay-scoring-2__db57cde04d4e4b0abfec5a8961256ab5,a1c4d091ca3a23dcfcfc6efd8ffae2f278918bd97df3039098a864b63b1ca267,1.4077306447324904,0.030718849290151149
learning-agency-lab-automated-essay-scoring-2__e4f8f72ee8a645aca5695295cedf6c21,learning-agency-lab-automated-essay-scoring-2,cards_senior_0812.jsonl:4,learning-agency-lab-automated-essay-scoring-2__7454e1bc64ae4b1c8f78ca6829dde1ab,4febf8f1ab1214b4d2ff4d4f6278d66a3d031adcc1b5781cde807991836f682b,1.5339487002786192,0.47443396511384311
learning-agency-lab-automated-essay-scoring-2__e57a4f4f9dc0475fb0ced10f0e34cf50,learning-agency-lab-automated-essay-scoring-2,cards_senior_0812.jsonl:8,learning-agency-lab-automated-essay-scoring-2__f0105a81db1247eeabff69924dc7e02c,4df2658c69669a7b635581d73d7fb0f57b6da249d0f4a3738009113700d3ba59,-0.16068568898300034,0.16695258468410362
learning-agency-lab-automated-essay-scoring-2__e68376aeeb8749c3b859f3e19cca4c9a,learning-agency-lab-automated-essay-scoring-2,cards_senior_0812.jsonl:9,learning-agency-lab-automated-essay-scoring-2__dd6d67998fe74fcfa3e8fcc413e3bc16,caf1a47249ec12d00408fa2818b2143249c4495e4094fbe856c0292157fb6170,1.7604468479375834,0.31665104409513561
learning-agency-lab-automated-essay-scoring-2__e7947af05de54c58b6dff0e9fd4ffe67,learning-agency-lab-automated-essay-scoring-2,cards_senior_0812.jsonl:10,learning-agency-lab-automated-essay-scoring-2__30c8a7ef840e4686ac4a4d5356aa56ca,e1b00b0ac3b1c9463dffb68bc93fe1bbebf9532bffec0b6c79004424cbe52c88,1.3679483503235461,0.36175328357906977
learning-agency-lab-automated-essay-scoring-2__e7b3c5d62593452a833b94bc3218e1e1,learning-agency-lab-automated-essay-scoring-2,cards_senior_0812.jsonl:13,learning-agency-lab-automated-essay-scoring-2__361b7d147935426c8d0c8f6233ef0fb3,7ee53a04a7213088158497b1c24eb16a5a9c6011371f4f2bbea6db632361f2e4,1.4060731480940061,-0.090838188253071994
learning-agency-lab-automated-essay-scoring-2__e87a31fce7eb482a8b0de61fe8928b7c,learning-agency-lab-automated-essay-scoring-2,cards_senior_0812.jsonl:11,learning-agency-lab-automated-essay-scoring-2__0ee0a393b795483181ee47451b339693,ef90503703ed09d3e62a471f1571e79d7a3a619b219229eee4f65307e7033b3f,0.65458560527468967,0.057991604218942165
learning-agency-lab-automated-essay-scoring-2__ecf95e67965a43de8296ca42928fd706,learning-agency-lab-automated-essay-scoring-2,cards_senior_0812.jsonl:4,learning-agency-lab-automated-essay-scoring-2__d48c95dec09743faa5f4f8f36f7d6933,d273b61bab758800f8c9982f692c90d4f9e187c330d7bfe69490c1f0fcde49b2,1.3290440126138239,0.44458675552409788
learning-agency-lab-automated-essay-scoring-2__f106b2346fd44266ba7774933b5e3683,learning-agency-lab-automated-essay-scoring-2,cards_senior_0812.jsonl:9,learning-agency-lab-automated-essay-scoring-2__d15321ac95f34f71ad2ba4c673d9f512,62d81bb0570b0f209db4b97962750d30766fbcbaf00beee4819fc0fbc4c8a803,1.1766762371909043,-0.28664056689630674
learning-agency-lab-automated-essay-scoring-2__f16b1c9658d7478da7f1e012c5903d9e,learning-agency-lab-automated-essay-scoring-2,cards_senior_0812.jsonl:15,learning-agency-lab-automated-essay-scoring-2__dcb89b29a89549d7ab885a4bd0ed0747,f5ba7160daa5ef1d7c44f6d871e3bf3c26b4a56128733b0584c11ba136b24666,0.77887538625464026,0.30166452273977534
learning-agency-lab-automated-essay-scoring-2__f2c5c4d423564f23bba6be05597778fd,learning-agency-lab-automated-essay-scoring-2,cards_senior_0812.jsonl:11,learning-agency-lab-automated-essay-scoring-2__d4199f1b5ff94f8e9dd23d596802d403,779bed3a794c2316a6773f9a014f7d0bf392d63f678ceb01ec072bfcc840eafc,1.7828781511547274,0.48158892213719756
learning-agency-lab-automated-essay-scoring-2__f37a364b2e0a48fe81cf5512f3d87839,learning-agency-lab-automated-essay-scoring-2,cards_senior_0812.jsonl:14,learning-agency-lab-automated-essay-scoring-2__2b254b905c574b468b1427c3bb701933,d2254b23e54ffe81a35992da3cbbf8faa44c14766ab048bb7ac958731d3a4891,1.1331198535820808,-0.50147572169809473
learning-agency-lab-automated-essay-scoring-2__f6107c6e72554483984a10cd0be16eef,learning-agency-lab-automated-essay-scoring-2,cards_senior_0812.jsonl:5,learning-agency-lab-automated-essay-scoring-2__505dcc8555654aeeabd82739d72df39a,2b46baf45cb5a238b1be36c2e3d1ab77fa5bc65c7ba0c822063e4b6ce0b177eb,1.6163184691363812,0.099452633307118218
learning-agency-lab-automated-essay-scoring-2__f7f1dc38c51945a3a81a16e34f1b5ede,learning-agency-lab-automated-essay-scoring-2,cards_senior_0812.jsonl:12,learning-agency-lab-automated-essay-scoring-2__408967ff512e409ab4732be354289890,1b001c9337b0e57fcc290f4c7e6f48b35bf3a9759eacfdcdc74e1cc7279fd24d,1.7176362474119478,0.23296997888886872
learning-agency-lab-automated-essay-scoring-2__f90597e4f0064bedba35d45f6845f299,learning-agency-lab-automated-essay-scoring-2,cards_senior_0812.jsonl:9,learning-agency-lab-automated-essay-scoring-2__1649737982f3447da81c50554009aa26,f4abdea41f709b9e7ade8c45c0c4073e9a93211283c7d6da4b51e9e03d1d3350,1.7322500376340551,-0.058483081042330243
learning-agency-lab-automated-essay-scoring-2__f94103d691a24d9389f49a0a014c4738,learning-agency-lab-automated-essay-scoring-2,cards_senior_0812.jsonl:9,learning-agency-lab-automated-essay-scoring-2__a52efcd984ad4568988d142927e8e57d,1ebd727c0665ddadc3f1aed25c0cb253a576cec4ef230e858013cf4713685360,1.150753501504381,0.093121966345417084
learning-agency-lab-automated-essay-scoring-2__f958a97a86f140c79656e935f6c730b0,learning-agency-lab-automated-essay-scoring-2,cards_senior_0812.jsonl:11,learning-agency-lab-automated-essay-scoring-2__cf72912f097b49e49d1a94a6ae2ebccd,ce9781b1c9578b7132773b5afad8f811dc4e4e9b82dd6037e5cb359771394aec,1.2016973479688848,-0.22807319867761039
learning-agency-lab-automated-essay-scoring-2__fa75c72672994432bdf70ed4117e3133,learning-agency-lab-automated-essay-scoring-2,cards_senior_0812.jsonl:12,learning-agency-lab-automated-essay-scoring-2__1e5704e438524fe59f7bb1a63e952937,70362d5f7f9d211ebfb59d10d95019d685fb6e7ba64c35df120eb5007dea44b5,1.6790312585286427,0.13632443091867297
learning-agency-lab-automated-essay-scoring-2__fc939696da834f1ea5b8f144dd7221fb,learning-agency-lab-automated-essay-scoring-2,cards_senior_0812.jsonl:9,learning-agency-lab-automated-essay-scoring-2__af3ee6d072cf41c59e5ee1d3889e5489,5a7e699e7b011a8f4ae2d9149de973bddda14d78d2abc95af2a6f0f4043cecac,0.78350844154228461,0.060731932531196436
learning-agency-lab-automated-essay-scoring-2__ff134bb70db94539bde1c1ac2242627b,learning-agency-lab-automated-essay-scoring-2,cards_senior_0812.jsonl:9,learning-agency-lab-automated-essay-scoring-2__cfa02f91b1db4d92b3a866913fc522dd,9b08561d4bea6ff7b1910c997abae04c68823f90e4d76aca3255d47e7c3cab3a,1.4586336653925036,0.22664895991643097
learning-agency-lab-automated-essay-scoring-2__ff90416be18f411ca72fb6c879ad14be,learning-agency-lab-automated-essay-scoring-2,cards_senior_0812.jsonl:13,learning-agency-lab-automated-essay-scoring-2__1a4bb9af143240b79b2258c22c0d85e5,045a95726f8b50e8d35bdc20426586661527223381df18ede30803a22a715e66,1.3060111338461724,-0.032278805953545195
new-york-city-taxi-fare-prediction__0d3ef08fbe614bc282e53d47a88ee299,new-york-city-taxi-fare-prediction,cards_senior_0812.jsonl:18,new-york-city-taxi-fare-prediction__5138a5aaff3b450e94ca1dd2279ea0f9,1ca8246db3d30a64f5d9b461bd0350bab933aca17d27a718ca511ccc45b2fcf9,1.0241407183309059,-0.0027592827278997219
new-york-city-taxi-fare-prediction__11c8bc21166247ce8c648974a76f6dab,new-york-city-taxi-fare-prediction,cards_senior_0812.jsonl:19,new-york-city-taxi-fare-prediction__c398d8aa71ed493ba56458a8f9f1a5af,58650745abe6478a5e5b026e7531ee72f44549006c0e03965610cca1d2bda0e7,0.48665055104091604,0.093513185869001272
new-york-city-taxi-fare-prediction__1554748a6f324b6aa6cde79c7126aa67,new-york-city-taxi-fare-prediction,cards_senior_0812.jsonl:19,new-york-city-taxi-fare-prediction__11c8bc21166247ce8c648974a76f6dab,313696730c17660d54f2cabcdeb5dd99628cdc110dcf41ff2d410a14d7d85554,0.65193693060931868,0.18089907746564526
new-york-city-taxi-fare-prediction__1e57873c97a1411e85f5d11d3596f995,new-york-city-taxi-fare-prediction,cards_senior_0812.jsonl:19,new-york-city-taxi-fare-prediction__11c8bc21166247ce8c648974a76f6dab,4d982d45b2d02ec22047ea18679ed83fe5fad97cb1ce84989567251af7ad21ef,0.76937995852751251,-0.20477151762654314
new-york-city-taxi-fare-prediction__224cb8f938264a49b85a75efae0bb671,new-york-city-taxi-fare-prediction,cards_senior_0812.jsonl:16,new-york-city-taxi-fare-prediction__a4a4341eb0404ffab2c93d1538bcd8a7,bc4c940e51f964b8eaec2797914ad17d3256ee14b924130e2a4d7b519ad9881d,1.6111231617692197,0.2224781304915231
new-york-city-taxi-fare-prediction__2331a647fa544dd9a43117e4338a3ad5,new-york-city-taxi-fare-prediction,cards_senior_0812.jsonl:17,new-york-city-taxi-fare-prediction__240b4003e89444eb9e8ca2a6bc32e293,78232e826136835dc99ee1ed6d1b64bdaa12dc57579e246b21c975187960400c,0.34545471169648062,0.14200066596546329
new-york-city-taxi-fare-prediction__25f08f355e704ff59ee640bb9f1f185e,new-york-city-taxi-fare-prediction,cards_senior_0812.jsonl:16,new-york-city-taxi-fare-prediction__a9392fc33ae14c7e8d7b4847ec3bbebd,76d3f8f7149d4ba379eab2c938c3cfd571ca0f1e312e17366d1de5da5dd000f1,1.4889772827502061,0.24646163854019157
new-york-city-taxi-fare-prediction__2d7d96d3cbbd4cd5a36cbd6a93255e4c,new-york-city-taxi-fare-prediction,cards_senior_0812.jsonl:19,new-york-city-taxi-fare-prediction__e9b142b4fe1a4570afb123ef40ae3a3c,b0085d90edd0a5a63a63bb602e4087141b64fd70d177fbcd86c547902c9c26af,1.1042204397080306,0.17515867384830969
new-york-city-taxi-fare-prediction__2fd4364e78d44ad58c4e19d5112b9efe,new-york-city-taxi-fare-prediction,cards_senior_0812.jsonl:19,new-york-city-taxi-fare-prediction__fb1faa554c16449cbe4f87fbe3a7ceb4,1f233385ba93e9957d4d4e349be14e1290ab8af5986954171f9f6426f50b3004,1.0676607476093163,-0.16854378765302622
new-york-city-taxi-fare-prediction__34444b6a5f87465092cc82be6801214e,new-york-city-taxi-fare-prediction,cards_senior_0812.jsonl:21,new-york-city-taxi-fare-prediction__aca1ebee51ac41d7bb330d47d12ee0f1,64cd5f1e4d5307ce7dfbb1fe1f42b7597906051473972d3d4f943c4e8e5644e3,0.42044662462603094,0.098550094759876944
new-york-city-taxi-fare-prediction__3c07c758913a4c81bc0a95db2baa3af3,new-york-city-taxi-fare-prediction,cards_senior_0812.jsonl:16,new-york-city-taxi-fare-prediction__cbbfc171b696438c82537d1b27ba7dfb,a9fe0bedebdf54445e976c5752ef9bcc9f71e9234746b39a761de357e9b1528f,1.4393854177664245,-0.13704462703502837
new-york-city-taxi-fare-prediction__3d32ed28bd6a4b9c9133951f55f024fe,new-york-city-taxi-fare-prediction,cards_senior_0812.jsonl:17,new-york-city-taxi-fare-prediction__8e3605fa26c84f179bb97d30e286f57a,aea5f778f37e9dada81a118079b6f08773647db12d60aa1f511bd963a227bb20,1.2072982666341492,-0.18225224847757407
new-york-city-taxi-fare-prediction__3ec87f009375481eb15e31789f860a2f,new-york-city-taxi-fare-prediction,cards_senior_0812.jsonl:18,new-york-city-taxi-fare-prediction__b37a07667f4445f89071cd230239896b,cdfa9bab46b42fd96af51f3e1dea1a8010c7d62d55d8348cb7d5275bfb4dde7c,0.29272993529461661,0.13354861674870802
new-york-city-taxi-fare-prediction__5138a5aaff3b450e94ca1dd2279ea0f9,new-york-city-taxi-fare-prediction,cards_senior_0812.jsonl:18,new-york-city-taxi-fare-prediction__a75e1632a63f4b948e6f778f6a3896eb,1c57dc8884c61ce4bca4ac3a358efad7540614b7eaecf289a81e023a62259e15,0.76420094214889078,0.038196618278689101
new-york-city-taxi-fare-prediction__5339155541e84a0a969636ad5bff7f6c,new-york-city-taxi-fare-prediction,cards_senior_0812.jsonl:19,new-york-city-taxi-fare-prediction__7e411f7179dd424eb0c6b62a3ba224d9,53da6c4d5d4ca43715cd27a5489e9acda50174b05ab3298da7eb978a1313ea87,0.58874589995623594,0.1103319490363739
new-york-city-taxi-fare-prediction__536540277403424288bf8b0422238816,new-york-city-taxi-fare-prediction,cards_senior_0812.jsonl:19,new-york-city-taxi-fare-prediction__9d5e276ec81a4470b6e9b9bf6ff2dbad,688ec9f1d88a25e1fdf16f391edcd65632ad0df285f72445c12625b1afc4abfd,1.1644235821176876,0.20824484947534572
new-york-city-taxi-fare-prediction__62cc20d43bb74e81a6638a40c901b0c1,new-york-city-taxi-fare-prediction,cards_senior_0812.jsonl:21,new-york-city-taxi-fare-prediction__529e1d8f973e40558b90f17a9dfca396,06358c8caee3f5b857bb14a903012fc9ffe1a3fbc95c87ce2747f8dda0a1bb8b,0.67224816377942165,-0.47245094813413913
new-york-city-taxi-fare-prediction__669f24b525324af483b7e04a866747fd,new-york-city-taxi-fare-prediction,cards_senior_0812.jsonl:19,new-york-city-taxi-fare-prediction__92d8fa705c82404494f13244b302418a,6ccf32cd0da61e6375aa0e4e700ab68a86317ad01c318911f93187f0db9a4bc3,1.5037880406426543,-0.17519748898038931
new-york-city-taxi-fare-prediction__683da3cfa2b24f508a972de46b1100c8,new-york-city-taxi-fare-prediction,cards_senior_0812.jsonl:16,new-york-city-taxi-fare-prediction__58d30d0cdf4f4b94b7a9664700e0bbb3,f8a6910af2af537cafebfd41c8726cb76898f3f8a4fa62c478dc35aabafb7d08,0.61587226981913834,0.038286137349923213
new-york-city-taxi-fare-prediction__6a9891476cea441babccc0e94bd4ad81,new-york-city-taxi-fare-prediction,cards_senior_0812.jsonl:17,new-york-city-taxi-fare-prediction__99dc379809ec4c34ab9b5a2117d96168,756d1178d8fd0c5a9adab547077aaaa2f38c89ccad7e5ddcf47e5716b20a6f0c,1.1751529082569814,0.099310673760103912
new-york-city-taxi-fare-prediction__783c411289c14dfb88be65298f73a30a,new-york-city-taxi-fare-prediction,cards_senior_0812.jsonl:18,new-york-city-taxi-fare-prediction__5138a5aaff3b450e94ca1dd2279ea0f9,f7d4b0e4203d01fb3e3b104bcae321f9793dd40b8d39a9576c5f2192a3f46775,0.96148735004107033,0.1405794587385828
new-york-city-taxi-fare-prediction__78d5fae6d83045b4905e83112a7f4c07,new-york-city-taxi-fare-prediction,cards_senior_0812.jsonl:16,new-york-city-taxi-fare-prediction__c67100942e974bc787adf698f3657a72,5b0f613ff4545c540a99611d5b96cbd9a3acbf06ad05142129fafcc3be19aaae,1.3709612724892473,0.024351016247839207
new-york-city-taxi-fare-prediction__83b10dffd538430bb1319e4b482b0506,new-york-city-taxi-fare-prediction,cards_senior_0812.jsonl:17,new-york-city-taxi-fare-prediction__bd532ba499b44d28821258f570d31a8a,61e8e62dd95b3bd0b6a6e883212eb0ada3f5144793e3b1c4dc783d213e5c47dc,0.98406553969469923,-0.12738433357774118
new-york-city-taxi-fare-prediction__8d6fdfac835f403e9eae87130979d752,new-york-city-taxi-fare-prediction,cards_senior_0812.jsonl:18,new-york-city-taxi-fare-prediction__b28961d3032f4470808d55782036881a,72ed0eac23b9ce18050d51cc45beb63be4abe5b241d32b0760b535034bf2f92f,0.96782983003744816,-0.12011724196331344
new-york-city-taxi-fare-prediction__8e3605fa26c84f179bb97d30e286f57a,new-york-city-taxi-fare-prediction,cards_senior_0812.jsonl:17,new-york-city-taxi-fare-prediction__bd532ba499b44d28821258f570d31a8a,d3f9ae96be21fa5b610a21fa9565a6172609ed72e8b39e6d2ce733d9f24f621b,1.0175552743130694,-0.20567944585106335
new-york-city-taxi-fare-prediction__8e819b128fd144a48e495ffabbc14b66,new-york-city-taxi-fare-prediction,cards_senior_0812.jsonl:18,new-york-city-taxi-fare-prediction__d409f65c756a4ca8a5fea095b3ea4bc3,f7e609a737347228ea0cde08fd7f7b44e22a75a6b74897277e65afee7040e6db,0.83370132516034434,0.38679056148284763
new-york-city-taxi-fare-prediction__97243fac878446fd9bfc71f705d4e1a3,new-york-city-taxi-fare-prediction,cards_senior_0812.jsonl:18,new-york-city-taxi-fare-prediction__3ec87f009375481eb15e31789f860a2f,4f4885622648852ce4587658b87640ffcc16b448b46927673ffd13cef65ce1f6,0.48525643067045249,0.20073181941637697
new-york-city-taxi-fare-prediction__99dc379809ec4c34ab9b5a2117d96168,new-york-city-taxi-fare-prediction,cards_senior_0812.jsonl:17,new-york-city-taxi-fare-prediction__19dcbac421e94c7f96cc8d99c40b402f,9bc0070aa2a683627dd40197f9021dde780512a7ff11458c4d49f69cd27ccca9,0.9762025464167744,0.19248170017086436
new-york-city-taxi-fare-prediction__9b54d3f015ff4b60951ad1931e58509c,new-york-city-taxi-fare-prediction,cards_senior_0812.jsonl:16,new-york-city-taxi-fare-prediction__c4360e46bede49ce97bb2c0ac8f2b1c9,17937f7ae27f699dbe5e28207ea478ed47bf8cfaae75c94eb6852b60af74f4b5,0.92937390150663157,0.23321913944909103
new-york-city-taxi-fare-prediction__9b79ebc115de4465873d6647f064f6d4,new-york-city-taxi-fare-prediction,cards_senior_0812.jsonl:20,new-york-city-taxi-fare-prediction__bfc4c69c21bb47a79443632bae2bc594,04ef5848f3f2c65d3d288b59cc88ff7d92c52f6fcc6a6ac32163b630b8bc7475,0.55610551648554651,0.072847883036665687
new-york-city-taxi-fare-prediction__9d5e276ec81a4470b6e9b9bf6ff2dbad,new-york-city-taxi-fare-prediction,cards_senior_0812.jsonl:19,new-york-city-taxi-fare-prediction__e9b142b4fe1a4570afb123ef40ae3a3c,651fdad71ec33789aa90165524c17678363b60e3e80444f097d3c23aa69e9fdc,1.2123442832669855,-0.26342946383671734
new-york-city-taxi-fare-prediction__9f66d37b964940dc84fb68bb141803b5,new-york-city-taxi-fare-prediction,cards_senior_0812.jsonl:18,new-york-city-taxi-fare-prediction__d409f65c756a4ca8a5fea095b3ea4bc3,154a81f04efd1c9219b74b2a39201edb91e2bc62aae8559ac17bb80405d0e6a6,1.112651062158718,0.32791590132605236
new-york-city-taxi-fare-prediction__a00856c447684e64aa8d45825ce780c6,new-york-city-taxi-fare-prediction,cards_senior_0812.jsonl:17,new-york-city-taxi-fare-prediction__fc24f2213fdd48c2bfe9f3a90d20fa52,66b033437f1f1ad555569e70d7cf4fbe602447f1a213557d5449c1fa1ee2c802,0.74990080041511109,0.15465195828000786
new-york-city-taxi-fare-prediction__a4a4341eb0404ffab2c93d1538bcd8a7,new-york-city-taxi-fare-prediction,cards_senior_0812.jsonl:16,new-york-city-taxi-fare-prediction__9b54d3f015ff4b60951ad1931e58509c,8cdccc2e5543c26519b07f481b71ae18be8500efc961fb65ed0a52936feb4d7b,1.4232075397166521,0.3206420962637791
new-york-city-taxi-fare-prediction__abc5050b918a4e5fba1471c0b3a44713,new-york-city-taxi-fare-prediction,cards_senior_0812.jsonl:17,new-york-city-taxi-fare-prediction__2331a647fa544dd9a43117e4338a3ad5,8277b828c56c027302519fe8bd3a2320615e065b669b710138fbb545f7dc9aed,0.71370632432263681,0.4209236307997804
new-york-city-taxi-fare-prediction__b28961d3032f4470808d55782036881a,new-york-city-taxi-fare-prediction,cards_senior_0812.jsonl:18,new-york-city-taxi-fare-prediction__cd98b6a4905a42a28df9d6b65d55fa73,eaf5e413d2d3d9fbd7a02513e0013ec9eb1f21664d965d9e2045e486e88c15a0,0.75178797795342744,0.29767497823168254
new-york-city-taxi-fare-prediction__bd532ba499b44d28821258f570d31a8a,new-york-city-taxi-fare-prediction,cards_senior_0812.jsonl:17,new-york-city-taxi-fare-prediction__d8438a7da70a4928a50938328d459924,b9f14c0ad9008c9f16f5886e426d625e013a89944cb7db92d9a402da06be14a1,0.77128232942770769,-0.019157554039546998
new-york-city-taxi-fare-prediction__c022c63a3db4426cb71e194cf2c4afa6,new-york-city-taxi-fare-prediction,cards_senior_0812.jsonl:16,new-york-city-taxi-fare-prediction__32705c24177f40f59d9a6b08e76d7c0d,4c4c6df6caa8aa098e502ea16b4581078e80564c9a87de4bdb429a99e877960b,0.74805067057720076,0.11292038529344375
new-york-city-taxi-fare-prediction__c17ca2c994fe4bde987f095fe0181a49,new-york-city-taxi-fare-prediction,cards_senior_0812.jsonl:18,new-york-city-taxi-fare-prediction__b28961d3032f4470808d55782036881a,eba013a10b9287f5d2d1497c96fd89476f857f3b7f26a0069ddcf19c8be63be0,0.90202920781570028,0.26716639519401225
new-york-city-taxi-fare-prediction__c3bd099bca014ab8a61f797698e8ba45,new-york-city-taxi-fare-prediction,cards_senior_0812.jsonl:17,new-york-city-taxi-fare-prediction__83b10dffd538430bb1319e4b482b0506,812de0b2188d14239418b4fb5b42dcebf6e312aede25db456d763fba1cb06c28,1.2682103786991925,-0.20982442401101795
new-york-city-taxi-fare-prediction__c4360e46bede49ce97bb2c0ac8f2b1c9,new-york-city-taxi-fare-prediction,cards_senior_0812.jsonl:16,new-york-city-taxi-fare-prediction__58d30d0cdf4f4b94b7a9664700e0bbb3,96af4fe9dd7a6032a5f1b05929e7caab190e79fb790307912ec866c74891bee0,0.6632853228070219,0.23236714095619851
new-york-city-taxi-fare-prediction__c4e7bc2099bb4c52b159d7637d35d4d7,new-york-city-taxi-fare-prediction,cards_senior_0812.jsonl:16,new-york-city-taxi-fare-prediction__c4360e46bede49ce97bb2c0ac8f2b1c9,ae86c66165abb995212667c9a0deed19737bc7d93fec0c96568e502bd72949ad,0.85858098002333272,0.091914617250428543
new-york-city-taxi-fare-prediction__c8a2417d319b444dab9cae48b7e2b408,new-york-city-taxi-fare-prediction,cards_senior_0812.jsonl:16,new-york-city-taxi-fare-prediction__e0dcf70165a548128cf2d7b3c42ab1f5,baa79e968e0dc1f230218163646c5be59ab3fcfb4e747dbea1ba35b705f96add,0.80985977199598458,0.26150167819751524
new-york-city-taxi-fare-prediction__c99a698ffb83444988acd3fa44aa44ed,new-york-city-taxi-fare-prediction,cards_senior_0812.jsonl:17,new-york-city-taxi-fare-prediction__14ca42931160415aa64c85dd6625d219,99b7d5536de2578c7571e9b25666c0637de89fbeadd7a38bfffd93ff676f82fd,1.1070279571244288,-0.23858077132372787
new-york-city-taxi-fare-prediction__cbbfc171b696438c82537d1b27ba7dfb,new-york-city-taxi-fare-prediction,cards_senior_0812.jsonl:16,new-york-city-taxi-fare-prediction__9b54d3f015ff4b60951ad1931e58509c,a0f81780955bd85f1f88bd73dce775de87b46eb12cb8d24c9d845e832c3c356f,1.1932087470978581,0.084145913927707885
new-york-city-taxi-fare-prediction__cd98b6a4905a42a28df9d6b65d55fa73,new-york-city-taxi-fare-prediction,cards_senior_0812.jsonl:18,new-york-city-taxi-fare-prediction__a5695244c9d1455892374ca0292fad89,0c7780892149f007f2f0353ef05d995c575a352100a1ca96a7eef72496d69481,0.6340338210243468,0.29153262326878027
new-york-city-taxi-fare-prediction__cea760b4c42f479ca9a815166e56c9e2,new-york-city-taxi-fare-prediction,cards_senior_0812.jsonl:19,new-york-city-taxi-fare-prediction__fb1faa554c16449cbe4f87fbe3a7ceb4,aee7b9d9d9f1ba8027b1ee815a16d9b7f9fcdd0a279d1ac89489ff9d80ab1ac0,1.143328886763588,0.33480224157340521
new-york-city-taxi-fare-prediction__d3d6e9e72c24445ebae6d9389226990d,new-york-city-taxi-fare-prediction,cards_senior_0812.jsonl:18,new-york-city-taxi-fare-prediction__8e819b128fd144a48e495ffabbc14b66,ebd42e1bd1c31d8b5a7080a9a92c50e0d03dd3057fa4c617a60bcad3e36b2a36,1.1030781595334147,-0.23046455260367776
new-york-city-taxi-fare-prediction__d409f65c756a4ca8a5fea095b3ea4bc3,new-york-city-taxi-fare-prediction,cards_senior_0812.jsonl:18,new-york-city-taxi-fare-prediction__cd98b6a4905a42a28df9d6b65d55fa73,db12cc335bc4a8bbf6ab8d2a2b3f62cd03eb01f1883f222dfa5689a7f77c12cf,0.80064507030920051,0.36734083901524006
new-york-city-taxi-fare-prediction__d8438a7da70a4928a50938328d459924,new-york-city-taxi-fare-prediction,cards_senior_0812.jsonl:17,new-york-city-taxi-fare-prediction__240b4003e89444eb9e8ca2a6bc32e293,bcd63f80dc9000bfae26f6d693b3a374d7fb0337b2292a8ddd0e4304ad5f39b1,0.53498405441916519,0.31460286213938288
new-york-city-taxi-fare-prediction__de82d91b2e7344adb9c97f504234115c,new-york-city-taxi-fare-prediction,cards_senior_0812.jsonl:17,new-york-city-taxi-fare-prediction__2331a647fa544dd9a43117e4338a3ad5,c8efba9f12cecdee132dc2d8e5d0da6d6d1d07479492db2c9fe606a543ff783c,0.5476125792639035,-0.23840777848040604
new-york-city-taxi-fare-prediction__df3845abb03b4c8e99d00181cf7fc90a,new-york-city-taxi-fare-prediction,cards_senior_0812.jsonl:18,new-york-city-taxi-fare-prediction__fe5a9b281fed4e6bb0ea1c2f797102e4,44eff36f5d4838ab7db36f8e03e5e1f23364a3ef3e4b331bef804817fa0a2611,0.99594076506836693,0.25720417079895508
new-york-city-taxi-fare-prediction__e981b8995f6e4afab1f96f0c155b98fc,new-york-city-taxi-fare-prediction,cards_senior_0812.jsonl:19,new-york-city-taxi-fare-prediction__2d7d96d3cbbd4cd5a36cbd6a93255e4c,cfbbbb87e872d0a233bb667cfbe4ce2824d5a83e992b6a66473722666d748a32,1.5778431287906094,0.16639100590687828
new-york-city-taxi-fare-prediction__e9b142b4fe1a4570afb123ef40ae3a3c,new-york-city-taxi-fare-prediction,cards_senior_0812.jsonl:19,new-york-city-taxi-fare-prediction__5339155541e84a0a969636ad5bff7f6c,b973542c543dd495bd7699f69c7350ae4d3df77baa6d4857c7e11f997fbb3918,0.93719203572649179,0.20022715248028669
new-york-city-taxi-fare-prediction__ead028bd551f4aa78a1ae334eba6085c,new-york-city-taxi-fare-prediction,cards_senior_0812.jsonl:17,new-york-city-taxi-fare-prediction__83b10dffd538430bb1319e4b482b0506,6d5be6c9ff19e24b855a9003e4d8439679d8e3af2342288668ca39f1a3ada605,1.1392971750566161,-0.071487608609175718
new-york-city-taxi-fare-prediction__eadaedc4e4ee4d10bb1babb9708e4100,new-york-city-taxi-fare-prediction,cards_senior_0812.jsonl:20,new-york-city-taxi-fare-prediction__bfc4c69c21bb47a79443632bae2bc594,3178130137382fe02b6c67f9df20e753b91ff1c0c1fc9ef9a14f28cc0b9e3360,0.45418079737926337,0.0047338778121017774
new-york-city-taxi-fare-prediction__fb1faa554c16449cbe4f87fbe3a7ceb4,new-york-city-taxi-fare-prediction,cards_senior_0812.jsonl:19,new-york-city-taxi-fare-prediction__e43daffcc6224f7ebf611f80387f66a7,0bc631c188fad3b4e45b81699cd554e48bd85b0299a8b866bc7aa7d963ad7be7,0.98362947462779038,0.28168943100606736
new-york-city-taxi-fare-prediction__ffd63c95b5044d08a64c7c10a7654efb,new-york-city-taxi-fare-prediction,cards_senior_0812.jsonl:19,new-york-city-taxi-fare-prediction__2d7d96d3cbbd4cd5a36cbd6a93255e4c,a1653484568618c0a443531087f87499349a645ee1ac2829f4ec5ed1dd5375ee,1.2783916707107716,0.079457762372349972
random-acts-of-pizza__061376c9c30c4cad976552877470ab98,random-acts-of-pizza,cards_senior_0812.jsonl:25,random-acts-of-pizza__a1cfe5f03ecc4895a6feae5ea1e10444,c00e198f86d2d3d1d0b18c0fbeddb35f686ccb0ec18462c3b8716ec5e4fa6a80,1.536005801068147,0.65964689195265869
random-acts-of-pizza__07864a9fb0b8477ebfc25082813e990e,random-acts-of-pizza,cards_senior_0812.jsonl:22,random-acts-of-pizza__4ab18495356d4c2690331341cfe316bd,d046619831203a1dd4a87d48effe453e8903ad70c2d74f91a26a664c9e3de373,1.1692833279315153,0.44309813421573835
random-acts-of-pizza__104d0a3191f44b889d92d708e2ff099e,random-acts-of-pizza,cards_senior_0812.jsonl:23,random-acts-of-pizza__793915b283e940b6a23f0b86f66218a0,34604024a90cfae6bb8dab3d0d63c5e843a61a2be4ba4f7fcfeeb9cddfa77377,0.81646778626302985,0.061097915275688329
random-acts-of-pizza__107bb72d3c554446b937e82317d994c5,random-acts-of-pizza,cards_senior_0812.jsonl:22,random-acts-of-pizza__7a6a6fc704cf45bd9c948565662996e3,f88c0b8c1eeab7c6ce10aa4c99e7a5be2a397cd24cd8bb43bdd5a77f70dc2b95,1.2208801027327278,0.31182785169186283
random-acts-of-pizza__137aff4b0e6045ce825deeece435e7ba,random-acts-of-pizza,cards_senior_0812.jsonl:23,random-acts-of-pizza__1a0b0ff959fd443c955317e42307faad,840683f45bcca4085b75ee202b4498e17114cf1a5bed98e06e5bd8bd3a6a3bdc,1.2149593861632686,0.49543122221997116
random-acts-of-pizza__14bc381f58be41fe859739799defa316,random-acts-of-pizza,cards_senior_0812.jsonl:23,random-acts-of-pizza__264de067b1894b838a8851c6767bd5d7,01831176682d179dbd5cce8983eecb44685e97748c6f6ad9d1591addb46128b7,1.3367910516830601,0.87490732085098122
random-acts-of-pizza__166f3c7827f047b1a69e4d16b6d34a80,random-acts-of-pizza,cards_senior_0812.jsonl:23,random-acts-of-pizza__5a91ea652f7c429590abeb261d9f757a,ca4702265ae1806ecd57d395be75d98cf4d302e186fb0d486f1f2535ff31d79a,1.6676464098981501,0.55410386359186303
random-acts-of-pizza__18d0786808e14ff18a5a9d18accc2766,random-acts-of-pizza,cards_senior_0812.jsonl:25,random-acts-of-pizza__b0f35ab65851491caca6880a69f20f27,5bc2fd7427d9b3cddbd49380a3f5194acaf989c8c70844315f2db82904e48ba0,1.3038991250941518,0.62670186838693742
random-acts-of-pizza__1d3580856ea74e98a67500d52d849328,random-acts-of-pizza,cards_senior_0812.jsonl:22,random-acts-of-pizza__79ee127c9bda4ea08d68bfbfcc91e7a5,3b6e1254f4e5141e5677e5206ca82301142d4971ba52872de69f2bb14d06b7ce,1.3907484824778726,0.17923406982945495
random-acts-of-pizza__1ea9c7a610b4472688eff912771a8267,random-acts-of-pizza,cards_senior_0812.jsonl:22,random-acts-of-pizza__a6f69c27feae4472819f2680cf697ae1,dc4aea15f65f572ea2f30391605e45621635faf1bae7e9fbac87494aa14bb496,1.0642448014058858,0.6987976677318557
random-acts-of-pizza__217691931888467f961041b4159fc86d,random-acts-of-pizza,cards_senior_0812.jsonl:23,random-acts-of-pizza__7dfc07266f0f438eb44035a47286d278,95e7f5a077726dc8ea616069810072e8b0302ba6bbcddc9150d4508f8dcfaf88,1.4304107082656961,0.33575018991126027
random-acts-of-pizza__264de067b1894b838a8851c6767bd5d7,random-acts-of-pizza,cards_senior_0812.jsonl:23,random-acts-of-pizza__c9aaf6b8f750429bb4e0c10295fb1544,6bc71b3b921e975afb7a6058b9fbbff29af9e176b87e0739a4fd29bcf0919a20,1.243227094116756,0.85447301497065387
random-acts-of-pizza__26534ada84f546fda94381e0817ebb4b,random-acts-of-pizza,cards_senior_0812.jsonl:23,random-acts-of-pizza__572ae2deee37401c8949130b3ccc0a43,0845e227d3ae7fc8777d3943d37bf44343b93f42bf11e0f49771f7c4f272d960,1.2075501823400983,0.38982371682243333
random-acts-of-pizza__278893ce25444eb0826231f90fc28ca3,random-acts-of-pizza,cards_senior_0812.jsonl:22,random-acts-of-pizza__fb92d7378d0e43d5905c531e369219d9,cf315ee644d2eac1da53ee0a1d4740da1c51b04276848a0546657a4a5bdb46a4,1.5118429074860806,0.15797773525736403
random-acts-of-pizza__283ec188523b44e4ad319851fbc71e7b,random-acts-of-pizza,cards_senior_0812.jsonl:25,random-acts-of-pizza__575880afefba408a9fba1b5890d61c79,9e7c54a7a121d6f27ecc603753682ca1eef67a6b128a8ea2afa4ad9a9e9c1199,1.427327086657892,0.70005522311504298
random-acts-of-pizza__295b4e60ae084c56a0f06d725c2bb072,random-acts-of-pizza,cards_senior_0812.jsonl:25,random-acts-of-pizza__3bb5ea99724243e89cb9e038a43fb7ff,92bd84c50d504e292550a84923064d7a08f66208d887ebf6144dcedcb53b369f,1.4979049371156594,0.38202928820963017
random-acts-of-pizza__29a920309c84489580b5e713f0655fb5,random-acts-of-pizza,cards_senior_0812.jsonl:24,random-acts-of-pizza__929128e5d27f4303a0c576240f49205b,a48eee4c5ffcbd8c58ce223853b87de5d73701d007b4915d32e2bd941037446b,0.74522774459281027,0.48038003013456682
random-acts-of-pizza__30bbe102370d4325bf65b50b91da876d,random-acts-of-pizza,cards_senior_0812.jsonl:22,random-acts-of-pizza__45feeab091ea45388abeb7c127830c08,4deb1c33b2fdbde449009bb9d6dd79f906957c8e116d36d0b9a3eeab320c64d1,1.0273285736587667,0.79474508987290593
random-acts-of-pizza__30f824b0697a4011b46c7c6814c880da,random-acts-of-pizza,cards_senior_0812.jsonl:23,random-acts-of-pizza__c7b08982e3684c3b9b3030f365856c00,5f2f2ff5f28561217dfa2f4c8fd4c9157dfc76b89227d4e9137883a3fb2455d1,1.6121816953746491,0.53949857012165214
random-acts-of-pizza__35724c421d814c908a939b14caf1ca4e,random-acts-of-pizza,cards_senior_0812.jsonl:23,random-acts-of-pizza__31c17fdf5b164cf58bed1932aed154d6,59fb76d18842362cb68017bf23eae125a8c4659efe1acb059a5ed89b968f38c3,0.71653242173653342,0.2551465349288457
random-acts-of-pizza__3a7f0dc65b714d42a7e23327ec2cfce2,random-acts-of-pizza,cards_senior_0812.jsonl:22,random-acts-of-pizza__45feeab091ea45388abeb7c127830c08,a34e2d33d57f3ff0e6bded450f79c2a3eec3a4875e35c5344b11c506698142e2,0.74827730535831805,0.29302573492939371
random-acts-of-pizza__3aa1543233e547548dc8d5bbd3c7130d,random-acts-of-pizza,cards_senior_0812.jsonl:22,random-acts-of-pizza__cb8b2927d45c4f669ddaca79df6be73c,4b948aa478b8952eae0241f231ad2f86112affd72d57b593e1fb90e118de7334,1.5009421402234879,0.44717623481934321
random-acts-of-pizza__3bb5ea99724243e89cb9e038a43fb7ff,random-acts-of-pizza,cards_senior_0812.jsonl:25,random-acts-of-pizza__49d972aa254f434980b720b210bcf3ed,8a20574f419d9a875434a33da83f19b8cc49539bc65cdc79c9b3e72da195485a,1.4907062835032425,0.41702873313704802
random-acts-of-pizza__42072eb1bb6e4452960b1695c334349c,random-acts-of-pizza,cards_senior_0812.jsonl:25,random-acts-of-pizza__8d36d37779e542f29d3508dbf34dfb5a,bb52750550d3211610999d97621a6d8dd656d0faf583034a602f827e90626834,1.5012993694853294,0.32204438069871416
random-acts-of-pizza__42afe90ecf864ad7a48e23dd5f161a7f,random-acts-of-pizza,cards_senior_0812.jsonl:24,random-acts-of-pizza__88d1bc3ca5ba4c40a11894e91e85d4be,4c14cb0b68e89ee0d80237cfb35886adee81057655ea1934bb29b72271511517,1.3989226252837992,0.29809982795062151
random-acts-of-pizza__4435ef979c74443593acf9dc85e4a791,random-acts-of-pizza,cards_senior_0812.jsonl:25,random-acts-of-pizza__3c789d17d31d4fad940cce3c4f9afa67,e53ddba7489bee78e408b540604220010b688c97c66a0a3b5624b5f4849dfa17,1.2102544379789872,0.85601292993836842
random-acts-of-pizza__45b974bf88954306b9848b24c364e22e,random-acts-of-pizza,cards_senior_0812.jsonl:23,random-acts-of-pizza__dc574924fa7a43539fbe153be94ca5f1,595ecd96c85dc1e656e6965d58b6cb28d85f4bae3210c7cc498c9715b3f1c769,0.89685217586568899,0.25099224330280423
random-acts-of-pizza__49d972aa254f434980b720b210bcf3ed,random-acts-of-pizza,cards_senior_0812.jsonl:25,random-acts-of-pizza__6e367e36ec004ba2ac4c36161831c23b,aabfcd93fe1d11acc04eb4f91cc80a8898ff6694fe454357e4e75e9ba2c0b283,1.4828741684833917,0.41745626339281378
random-acts-of-pizza__4ae829d5e16e42c5837e1bfebc8ad21f,random-acts-of-pizza,cards_senior_0812.jsonl:25,random-acts-of-pizza__658adc226be94c2ea69bff56657078f0,46e14ff37293043211a62509f03c3120d2afa9fe5ce14056aaddda3803b391ef,1.4332089374889412,0.43402114302702832
random-acts-of-pizza__4af72a6685b94ba69b89aab0fe3c0d99,random-acts-of-pizza,cards_senior_0812.jsonl:24,random-acts-of-pizza__f14bf25a907e4e078a7f0dabefa0f67c,f5bc5ffa5becaea9d6969c5862f38d0fa493b1ccf727420d15fa25db4e7ea712,1.2420798489135043,0.55960615676954761
random-acts-of-pizza__5114b0758be5417a8ff56c298fb530ee,random-acts-of-pizza,cards_senior_0812.jsonl:24,random-acts-of-pizza__4af72a6685b94ba69b89aab0fe3c0d99,1554872a792384a9f9a7e30d8a9641bda193a0f680ddeabd7f83c85676d53463,1.2151832785849364,0.49579967301447969
random-acts-of-pizza__51eb2e7c78b046caa9ace192720bb062,random-acts-of-pizza,cards_senior_0812.jsonl:24,random-acts-of-pizza__c8f981ade3ef46b38ee805c826aeabe1,1d4835cae12940d2e54ce129990482f52c2bdcd9b0fb8ed9a8dd323248f1fd25,1.278819343085374,-0.050214471668742829
random-acts-of-pizza__5246522aeb0646bdb7f737503c1569c1,random-acts-of-pizza,cards_senior_0812.jsonl:24,random-acts-of-pizza__a6102bbe273546f58651ef2fb36a81c8,9008a169c11baad5fe23229944f0b2c62be76abe53d52a7d447cca32cd5c4bb7,1.0610141123355363,0.35291108099068724
random-acts-of-pizza__5258d3faad474f7a928e4682933191a1,random-acts-of-pizza,cards_senior_0812.jsonl:25,random-acts-of-pizza__bff199dfa7304da2bb898e9ff3fe7d1a,507b59ab05d72ad85ffe04f8bc7e5f5ae595c4237dd90851eb86ee98ee5f0005,1.5048691889112398,0.49449131281620301
random-acts-of-pizza__54cd388ddf644e169ca85867a917cec2,random-acts-of-pizza,cards_senior_0812.jsonl:22,random-acts-of-pizza__92a6fa6a913a444db416ca95e5f0952c,3dd52d868274ae242925d1f4fc76135f08542bc40cbff8c59863bd8859be09cc,0.90550716780756235,0.13469900261507034
random-acts-of-pizza__56103ba569b54888a81918a52a268554,random-acts-of-pizza,cards_senior_0812.jsonl:25,random-acts-of-pizza__4ae829d5e16e42c5837e1bfebc8ad21f,62648d6840fd716cdc2354a4d777b1b584f202329d11ef637606f561e1b6b4aa,1.443447112060998,0.44297042126781933
random-acts-of-pizza__572ae2deee37401c8949130b3ccc0a43,random-acts-of-pizza,cards_senior_0812.jsonl:23,random-acts-of-pizza__6c5a006d0ca04dc987374d43b4e15095,bdb2220816c7087a6766768527536071d1e29e6056e1d42367d2c4864d3b2ccb,1.1806384412391364,0.40847793386030817
random-acts-of-pizza__575880afefba408a9fba1b5890d61c79,random-acts-of-pizza,cards_senior_0812.jsonl:25,random-acts-of-pizza__79bcb32843be4da7b219fcfbbd8e64da,b0cb83313b75270a8ae31973a498c567b7a8778783e176b96ffed3a71911de5e,1.2217164207173543,0.77262634107199879
random-acts-of-pizza__58cd59b3cbc9497d8f6e461430c73b82,random-acts-of-pizza,cards_senior_0812.jsonl:23,random-acts-of-pizza__c7b08982e3684c3b9b3030f365856c00,5f6755f71afdc1be475864607351445aa9c802c38b39942f456ae8e2d65ca0cf,1.289534480517049,0.44765984436068507
random-acts-of-pizza__58f4fbb7241241d7b6680a66a22edd8f,random-acts-of-pizza,cards_senior_0812.jsonl:24,random-acts-of-pizza__f24586793b5b405a926938c9596b5144,bae476fdac926dffed45e93ba72dc75e4e0242e8c1d057e37d8b1fa8ad86625d,1.1794683956995142,0.25576650986988686
random-acts-of-pizza__5a49311c064b4d0987e4d3bb71ff4963,random-acts-of-pizza,cards_senior_0812.jsonl:22,random-acts-of-pizza__e0553687238c4b83a61fefd6b91fcb1b,1a48285cd5fd51f000a5b6484f41bb4abd3a0fe397f4f4ce9568b29fd6d0fd02,0.87550426800754,0.30863572535782519
random-acts-of-pizza__60a7a57e70aa415ea7c398c4fb65f859,random-acts-of-pizza,cards_senior_0812.jsonl:24,random-acts-of-pizza__087ce35554fb434aba2859d2c80f692a,65ae71ea1e1e2dda6758d972e3467db8e00f6d62c4b48c8f4cbeb9efcf428b63,1.5814481410475725,-0.0042858702378865713
random-acts-of-pizza__61fa2246fbdd49d69c48c0316b64dbf1,random-acts-of-pizza,cards_senior_0812.jsonl:24,random-acts-of-pizza__1f64b1f206db4f12a0d82bc1d2f2f136,c42744874de0f295a41bb9adfd63cae1ceb708c78c2bcb0ac6f2929d5473a01e,1.491707035916048,0.20124614294739571
random-acts-of-pizza__6388ccf5bc964f85b7be0248b36855e0,random-acts-of-pizza,cards_senior_0812.jsonl:22,random-acts-of-pizza__7f00e84402a544099fe96a2f247f2e46,b069825a1dca31208df4123fc0bc92e4e624eb8a80eb5dbc0f35417fde7847e0,1.3120161317687458,0.58476146036295429
random-acts-of-pizza__69794f3c2b244f51a44d138c1b8f37bd,random-acts-of-pizza,cards_senior_0812.jsonl:22,random-acts-of-pizza__75f4ef9ecdb1453386d77d18b926bdac,8a321c8ac57f99529dbfbca8cccb6464ff19775c2423340414cdc06d8202979e,1.4889469119284506,0.51053612920033842
random-acts-of-pizza__6b1930cef79446a5822dfe16d792a6be,random-acts-of-pizza,cards_senior_0812.jsonl:25,random-acts-of-pizza__4435ef979c74443593acf9dc85e4a791,824811bebd7e429ce87d2a6691bac13bb79c04e26ec787b8098c0d4f845675d9,1.2118039669290186,0.84389954411106904
random-acts-of-pizza__6c01c4e030df4d0782778b3a4f8e716f,random-acts-of-pizza,cards_senior_0812.jsonl:24,random-acts-of-pizza__ab2638779f8f4a359565b0b2ec5add69,3045ab4ba76bd48e3c7d6848f13c312e15eee3bb258147182749cf69466c7396,1.384708728473417,-0.054003561722956596
random-acts-of-pizza__6c5a006d0ca04dc987374d43b4e15095,random-acts-of-pizza,cards_senior_0812.jsonl:23,random-acts-of-pizza__84a02388568248fc9919239a0838d972,73e02e47b036bfcef0c7b477763d0f47d94bfe86aca2f6b19e0fc9e74efd3c89,0.43781870183026411,0.35787853535528125
random-acts-of-pizza__6e367e36ec004ba2ac4c36161831c23b,random-acts-of-pizza,cards_senior_0812.jsonl:25,random-acts-of-pizza__76380e96935940d4ae272ef171ab9a03,62648d6840fd716cdc2354a4d777b1b584f202329d11ef637606f561e1b6b4aa,1.4604169056688945,0.44297042126781933
random-acts-of-pizza__6f268ea286a44d2283a7d806c5887940,random-acts-of-pizza,cards_senior_0812.jsonl:23,random-acts-of-pizza__f1c4669558cb4cad8c90686d91e59870,799d8d608d3ba3b7c6263b9f9cf233bf3df0850257d822c2130d035b659172e2,1.2857173118203078,0.37490788153779947
random-acts-of-pizza__72ce5b40d8874c4d814ac684fc81cdde,random-acts-of-pizza,cards_senior_0812.jsonl:23,random-acts-of-pizza__217691931888467f961041b4159fc86d,fdb60963b7b471e5141abe31a38f9d0cb8c01e36ed6866b9c81fddc74942d6a5,1.4338212733137257,0.35952685760398145
random-acts-of-pizza__7411a6dd8fe44e57b5dde16b03d2893d,random-acts-of-pizza,cards_senior_0812.jsonl:22,random-acts-of-pizza__69794f3c2b244f51a44d138c1b8f37bd,8a321c8ac57f99529dbfbca8cccb6464ff19775c2423340414cdc06d8202979e,1.497431808732399,0.51053612920033842
random-acts-of-pizza__75527ee8238b462197bce8792227787d,random-acts-of-pizza,cards_senior_0812.jsonl:23,random-acts-of-pizza__950b1e085f334cfd9122a972b0610cf6,7181326c2c42bd428ad3c65b6de579ca3bd286406eef1d47fa0422a72dc6ff0c,1.3179308547866644,0.24538755106898111
random-acts-of-pizza__75f4ef9ecdb1453386d77d18b926bdac,random-acts-of-pizza,cards_senior_0812.jsonl:22,random-acts-of-pizza__d01d77e759f844f7abe7c5131d0e9dcb,062a19c9697153121dedb4d68830334b26957008b7a1195668d4eafdd4317481,1.4775463201515815,0.46972996291088076
random-acts-of-pizza__76380e96935940d4ae272ef171ab9a03,random-acts-of-pizza,cards_senior_0812.jsonl:25,random-acts-of-pizza__56103ba569b54888a81918a52a268554,62648d6840fd716cdc2354a4d777b1b584f202329d11ef637606f561e1b6b4aa,1.4519320088649463,0.44297042126781933
random-acts-of-pizza__769bf3d0af024a6eaa2cc9db80e0bb4c,random-acts-of-pizza,cards_senior_0812.jsonl:23,random-acts-of-pizza__26534ada84f546fda94381e0817ebb4b,6afd66b50e7970748472b0c581610fc0f67c02bdd92d4380897eb43b51659f90,1.2520035788896473,0.39107734672819727
random-acts-of-pizza__775e0be4e0c44713ab68acb71ed04da7,random-acts-of-pizza,cards_senior_0812.jsonl:22,random-acts-of-pizza__07864a9fb0b8477ebfc25082813e990e,73f314d8e70f3e19e623d9730497b9591c6a2418822a8d11cdfff3bc27ee40f5,1.0908596869532561,0.42257882393478069
random-acts-of-pizza__786378a344cf4aecb7d4a1e18f7a98fa,random-acts-of-pizza,cards_senior_0812.jsonl:22,random-acts-of-pizza__d1ef97f834374a159aef1b4f791d7658,2339157b480d84780c8cbdeb7808a9ef21fa9ba3d8e3ca4f7ac3bf73505b4609,1.6406232503429807,0.39638192599912858
random-acts-of-pizza__793915b283e940b6a23f0b86f66218a0,random-acts-of-pizza,cards_senior_0812.jsonl:23,random-acts-of-pizza__45b974bf88954306b9848b24c364e22e,e555174093bdf726397dc3adc4d5a2148e408f1dc8dafc6d4a22cdeaddb00225,0.87540499917862158,0.13067493387266585
random-acts-of-pizza__79bcb32843be4da7b219fcfbbd8e64da,random-acts-of-pizza,cards_senior_0812.jsonl:25,random-acts-of-pizza__6b1930cef79446a5822dfe16d792a6be,139d3ad7df809685d4eb9d828e7c8c3491c2a6df5d0f17c6ea889fa73d6e58a2,1.1941643645759465,0.81569138642497341
random-acts-of-pizza__79ee127c9bda4ea08d68bfbfcc91e7a5,random-acts-of-pizza,cards_senior_0812.jsonl:22,random-acts-of-pizza__8e788308c779464c88bbbfcb8e25fc9d,ca26c34f20005e864a8f34c152f52e9ae5d95060eaba78965f4a82a90f92be0f,1.3458687920942101,0.18478108561368531
random-acts-of-pizza__7f00e84402a544099fe96a2f247f2e46,random-acts-of-pizza,cards_senior_0812.jsonl:22,random-acts-of-pizza__fb23184228ea4d06a4cf81bf5b2c276b,8a5e46bdd97796677fb31d80170259fa6bc5a7e0018c911e450f94969971c9be,1.2656273193841889,0.56230114355854455
random-acts-of-pizza__80e4b6953b8844438be0f506e4ab8125,random-acts-of-pizza,cards_senior_0812.jsonl:24,random-acts-of-pizza__dcc0043b7bfa46d5aff09ee2f2b2e186,db18f2fa7830eaa028dd21c809c35a57d8b392b5c2d3c084a348c4ae98668290,0.87502632748881903,0.35181659445487873
random-acts-of-pizza__831bd8e4c0704efeb6c3527204305e0e,random-acts-of-pizza,cards_senior_0812.jsonl:22,random-acts-of-pizza__278893ce25444eb0826231f90fc28ca3,7be7386c3d9eb8befce001c55c0ef8284afeaf1428f5535946d108f31f0b1d4e,1.5248598015148211,0.16849166916909086
random-acts-of-pizza__83200ac09927489daf593933b45268dd,random-acts-of-pizza,cards_senior_0812.jsonl:22,random-acts-of-pizza__98b1542ca73944d6b37a2dfffc1d8d2b,e3864a83b33a389b57436ee2ecf188eb33bf005015264c0191711ce64f20e98e,1.4787967288579149,0.62791774262076172
random-acts-of-pizza__86bec63a3519424b9107d4335bc01264,random-acts-of-pizza,cards_senior_0812.jsonl:23,random-acts-of-pizza__769bf3d0af024a6eaa2cc9db80e0bb4c,89a7a6816f3cfca903871d9c66f84cc79e1ed6dd8731331cb0970bdbcdf0bde6,1.0139662776700131,0.45549413675900041
random-acts-of-pizza__880607bbe0b7485583003a28aa45fc9f,random-acts-of-pizza,cards_senior_0812.jsonl:22,random-acts-of-pizza__1d3580856ea74e98a67500d52d849328,a5e9615c63fca23bcb1a9f45b4508e4f1a2dfef29e79e6be813f937c60188e17,1.5021907153447929,0.10639889387919986
random-acts-of-pizza__88b8559ee13a492eb9b2eb3e55517fc9,random-acts-of-pizza,cards_senior_0812.jsonl:24,random-acts-of-pizza__80e4b6953b8844438be0f506e4ab8125,f2b24ac6da71b6a53c27c8900a40f9d7b931c816e5752caeaf40f35622f327b5,0.39067261727170849,0.5671805785124725
random-acts-of-pizza__8bcb2f3adb5d445388d8fe55736b6f9c,random-acts-of-pizza,cards_senior_0812.jsonl:23,random-acts-of-pizza__e3ae0f4c3b9d4f14b7ef530e8344d420,25c9137f6ccb6f9998bd99d845a8f3b15b42835aa9848f5863ef831af737323d,1.2240614904933254,0.44336798691929413
random-acts-of-pizza__8d36d37779e542f29d3508dbf34dfb5a,random-acts-of-pizza,cards_senior_0812.jsonl:25,random-acts-of-pizza__bff199dfa7304da2bb898e9ff3fe7d1a,761cf3b150312ce7be9a4d1f02541c96a80ef5cc7108bc6c605be38b1fd1bfe5,1.5085113692129934,0.38460749457432863
random-acts-of-pizza__8e788308c779464c88bbbfcb8e25fc9d,random-acts-of-pizza,cards_senior_0812.jsonl:22,random-acts-of-pizza__fa7a779ffba54f5599b158308fec4a29,ca26c34f20005e864a8f34c152f52e9ae5d95060eaba78965f4a82a90f92be0f,1.3373838952902617,0.18478108561368531
random-acts-of-pizza__8eb243b4ea6c4aa2bde81555296b18aa,random-acts-of-pizza,cards_senior_0812.jsonl:24,random-acts-of-pizza__76ffb0c436494d41b88c12b75712a928,55d1c1ac20c350ece13b81711a17b23e316c2c25bc1f149077bb6d42ce3beba6,1.1749938652770904,0.29205608180109038
random-acts-of-pizza__914f136c083949fd92d12d54049d2c8a,random-acts-of-pizza,cards_senior_0812.jsonl:22,random-acts-of-pizza__c44d655dff23415ba10cde9258fcfd93,9fd134bf1d7e39f322f8bf1d6b83814c655d522da59f76c856b384723f2b29d6,0.82357252252272906,0.1266231866937603
random-acts-of-pizza__93eed8a8973c4c1f985a39174e97323d,random-acts-of-pizza,cards_senior_0812.jsonl:24,random-acts-of-pizza__1c3ea2401cb049c38aa4c3db2fcea7d2,e26620ed5dfa68e660bf87f2136d25366c0466bc83aba0f2cb09cbacccb45262,1.3492507276886863,0.11361886094365782
random-acts-of-pizza__950b1e085f334cfd9122a972b0610cf6,random-acts-of-pizza,cards_senior_0812.jsonl:23,random-acts-of-pizza__876bc97e42a74bc382866ee41d78acdc,f88d5a02b5bf4428622db0fb3bfd2fd8aa2707c7aa3a25b08be703d170439a2a,1.3007778417303677,0.35797532886730749
random-acts-of-pizza__969877fc488846d1a1485c318d4ec68d,random-acts-of-pizza,cards_senior_0812.jsonl:23,random-acts-of-pizza__10af175993894187b4cbfbe2746ea39e,1a4110d38773c953209471f6dc6a1beba0f33793f8358372e789199caa26167e,1.2500508747094117,0.51807252155944039
random-acts-of-pizza__a6102bbe273546f58651ef2fb36a81c8,random-acts-of-pizza,cards_senior_0812.jsonl:24,random-acts-of-pizza__f8765c8828fb49afbf7627e6d540c11b,336e66424498f9103e1ef407ec4295919c250122c16dfffd269b47cd15d3b5b4,1.048928268868387,0.35744620075540146
random-acts-of-pizza__a66acc1ca8494c43837d44e3f2d1a90c,random-acts-of-pizza,cards_senior_0812.jsonl:24,random-acts-of-pizza__5246522aeb0646bdb7f737503c1569c1,0e28f18bf1b9147475856fdfe9439b2d1ea4deb624db3938073ec8fd5d877a36,1.0708177222371982,0.31814109827764403
random-acts-of-pizza__a6f69c27feae4472819f2680cf697ae1,random-acts-of-pizza,cards_senior_0812.jsonl:22,random-acts-of-pizza__30bbe102370d4325bf65b50b91da876d,3ffe1943efca6e2a312aaa1a7778eadd98c0d347b1d9bcc5c121e4a844d01843,1.031714496981605,0.76623409647275276
random-acts-of-pizza__a88382125a884f3c9fc3ccf881b81fa5,random-acts-of-pizza,cards_senior_0812.jsonl:23,random-acts-of-pizza__dc574924fa7a43539fbe153be94ca5f1,e9a5148df41df8092c06c411483d227da90c9341a5e274d3a9a08a85d02b0842,0.72565883037591394,-0.031765039143094344
random-acts-of-pizza__a93dbda51a094f52a39967d08cb2d332,random-acts-of-pizza,cards_senior_0812.jsonl:25,random-acts-of-pizza__283ec188523b44e4ad319851fbc71e7b,e3e6ab5c7dec27add994178fa750ea8c0c1283aefab5a5e9662ddf9e531f9505,1.3719108621791078,0.65824923116111644
random-acts-of-pizza__ab2638779f8f4a359565b0b2ec5add69,random-acts-of-pizza,cards_senior_0812.jsonl:24,random-acts-of-pizza__93eed8a8973c4c1f985a39174e97323d,e26620ed5dfa68e660bf87f2136d25366c0466bc83aba0f2cb09cbacccb45262,1.3577356244926344,0.11361886094365782
random-acts-of-pizza__aea2e8fa45b44a5b8ff2bdb379d62e7f,random-acts-of-pizza,cards_senior_0812.jsonl:24,random-acts-of-pizza__6c01c4e030df4d0782778b3a4f8e716f,fb04102758453e97812539892dd18fee7b0cb4eabf275ddd89c33440d5c89bed,1.3771089459870924,-0.028420457411428613
random-acts-of-pizza__b1357f7cb0464dc7b40dc1fbf91a916b,random-acts-of-pizza,cards_senior_0812.jsonl:22,random-acts-of-pizza__3aa1543233e547548dc8d5bbd3c7130d,b8ec79f1c9ba97450f85140e272e259269f5bec52cd2c28950254ebf592c6580,1.5200334290724815,0.39135028184611959
random-acts-of-pizza__be3a9cbefab84b3795463d2d38fadc4b,random-acts-of-pizza,cards_senior_0812.jsonl:25,random-acts-of-pizza__beacd1f72c3441589472ff716db7b980,3cf99382670a58c1cc310ccb24619edf52e11606e100866e8e096b08b5f00b8e,1.5633745873669722,0.41034297114177448
random-acts-of-pizza__beacd1f72c3441589472ff716db7b980,random-acts-of-pizza,cards_senior_0812.jsonl:25,random-acts-of-pizza__c0550f5e65ea48e79ab63e0c574c8e72,f319b12e52f7edfb084ebd43ae9fd31bde55460dd132c5e5ef1927b462b82a97,1.5562651614454663,0.39001172558652636
random-acts-of-pizza__bfadaca048ee408fadc1077d45b11179,random-acts-of-pizza,cards_senior_0812.jsonl:23,random-acts-of-pizza__137aff4b0e6045ce825deeece435e7ba,5e0b67c03fb99009f8b7bf001b97b74821f2bedcf5b3dc76cbf7202a1e965d23,1.1008794575381813,0.51577755556030902
random-acts-of-pizza__bff199dfa7304da2bb898e9ff3fe7d1a,random-acts-of-pizza,cards_senior_0812.jsonl:25,random-acts-of-pizza__a358d9715c7f4b8cb8145b9392b5505d,3a14b82b08a205628f6f55260236b0dc134270dd6d2c71bc6f992581344f7293,1.4848228718924565,0.52310359359174208
random-acts-of-pizza__c036fff7d126434f8135a07dee65e3f6,random-acts-of-pizza,cards_senior_0812.jsonl:23,random-acts-of-pizza__e1154da2a7ed4e67ba07cea9b12a48f4,34795deeb50d2c13f711eee9023a8ed17a65035bd8ead395ac666878907c8e97,1.3586249543087803,0.35166625819314118
random-acts-of-pizza__c114364b3fdd4dc0b1107ecd1b0f2f39,random-acts-of-pizza,cards_senior_0812.jsonl:23,random-acts-of-pizza__c036fff7d126434f8135a07dee65e3f6,591a0dbf946ea65950481d8750f78dcd5c63712ed3d946e33c5adc8285d7ebbb,1.3777029728012453,0.35293084225880339
random-acts-of-pizza__c20b932c5a3443e8b9c459d30173be25,random-acts-of-pizza,cards_senior_0812.jsonl:23,random-acts-of-pizza__b7843e8ea403431bb37eabd15d196a79,8f53a8b95355d64384872a068a7648af0dbffe4b19b3924156f7a0d81fc1a3bc,1.4134919577825711,0.80939698633735635
random-acts-of-pizza__c37cbd9560174d739feea687128db2b6,random-acts-of-pizza,cards_senior_0812.jsonl:22,random-acts-of-pizza__bc82dc34926142eeb8a9feb25e6788d8,8b9401712dc48f1e4df383174f384f3c0ccb84d95ac272aa305de0503e3630e1,0.89657696976487222,0.16862487692027545
random-acts-of-pizza__c40934d4184e494ca311007e5faa95de,random-acts-of-pizza,cards_senior_0812.jsonl:22,random-acts-of-pizza__3e6b8c370d4e440f8b056c1f3faa250a,867b377af5dee635292940f630c121eec992696a44f67d02cd29045fd00c39d9,0.81520004395996393,0.087933926431478848
random-acts-of-pizza__c44d655dff23415ba10cde9258fcfd93,random-acts-of-pizza,cards_senior_0812.jsonl:22,random-acts-of-pizza__5a49311c064b4d0987e4d3bb71ff4963,bf4497f9043a12e94a86383ce26563c02d44d4824fd3be0835a9aa3de92fdef5,0.8611387983481088,0.16080366327164164
random-acts-of-pizza__c5359ab72688494ebb50e8a9e18e3411,random-acts-of-pizza,cards_senior_0812.jsonl:25,random-acts-of-pizza__ca1e231e0aac472c8a73e322c99386c6,95a8214ce720ea1fd65e92dda41d72a7e5f2d7ab46545f73216e593b586a532f,1.0495202804656218,0.15659130317709527
random-acts-of-pizza__c5e5bfe35550419488af4d3c4fcacb41,random-acts-of-pizza,cards_senior_0812.jsonl:22,random-acts-of-pizza__914f136c083949fd92d12d54049d2c8a,c09bfa2728945b092e577f441f1d0d6b591052119d951d3cb3b09c86c2316461,0.77617986171024689,0.12816341670390088
random-acts-of-pizza__c7b08982e3684c3b9b3030f365856c00,random-acts-of-pizza,cards_senior_0812.jsonl:23,random-acts-of-pizza__8762b08a05474e279d54f551853e80ec,f7dfde8d8a4ee9e9c991f5492178eae1e46ce6589aabc937ab20d8b6ef8489c7,1.3701093797855508,0.48731119307539167
random-acts-of-pizza__c8f981ade3ef46b38ee805c826aeabe1,random-acts-of-pizza,cards_senior_0812.jsonl:24,random-acts-of-pizza__0a5954d48835462e9b3173dccda42b5f,1d187c37f882d497fd9cb52b53276d223f62285f344b230acaab7ac8c9c8ae72,1.2877676766940933,0.010844710111638355
random-acts-of-pizza__ca1e231e0aac472c8a73e322c99386c6,random-acts-of-pizza,cards_senior_0812.jsonl:25,random-acts-of-pizza__d7c8c61e40524ab38c53d07e0b351c0a,e386ede8d652bffc74b29194360e4f05ed38b348d5d24cf877875de767b93964,0.47317339836809813,0.15208257053854607
random-acts-of-pizza__cb2384cc3e64416293a3d4d1bf5986d0,random-acts-of-pizza,cards_senior_0812.jsonl:24,random-acts-of-pizza__51eb2e7c78b046caa9ace192720bb062,9b7ebc76aa3475179be74e02c49bb78e19c539c9869cc791755013701ddd9de3,1.2821433199789032,-0.027280325518690224
random-acts-of-pizza__cb8b2927d45c4f669ddaca79df6be73c,random-acts-of-pizza,cards_senior_0812.jsonl:22,random-acts-of-pizza__7411a6dd8fe44e57b5dde16b03d2893d,e707e977cabfccbabf4753db16e9ed09be5c15b1821a3aa427cd4523e78bc80b,1.4949348802671583,0.46050082119642965
random-acts-of-pizza__ced01500fca445b48f31cb42bb4b7447,random-acts-of-pizza,cards_senior_0812.jsonl:22,random-acts-of-pizza__786378a344cf4aecb7d4a1e18f7a98fa,68101db5e3fa65b866cb289db2fbf1ce0db53932d4ead34c9c4076fa29ab1364,1.6570150791761775,0.37027355828924047
random-acts-of-pizza__d0d0f822f810423fa993f1e04d1cfa39,random-acts-of-pizza,cards_senior_0812.jsonl:22,random-acts-of-pizza__7770c0469bc34c1ba445131289e7939e,db16bde3ba71c5ad6ea69ef9010e09ecbbfaab35eb8a2a604176d727d003824d,1.0719329063539147,0.38832730838819435
random-acts-of-pizza__d1ef97f834374a159aef1b4f791d7658,random-acts-of-pizza,cards_senior_0812.jsonl:22,random-acts-of-pizza__b1357f7cb0464dc7b40dc1fbf91a916b,8f23051bfc2f117d620f30497d84c5ea20b3894c2c6f77b89c13899bc307302f,1.5298820797788473,0.40692808893801391
random-acts-of-pizza__d64ccc7c16654a7abc72540d71cc79ca,random-acts-of-pizza,cards_senior_0812.jsonl:22,random-acts-of-pizza__d0d0f822f810423fa993f1e04d1cfa39,328a7debbdcc25adab7bf7117e4d8e51f2c20f02f4fc4d8f06396fe496e7858b,1.0540096620070847,0.42166093308519426
random-acts-of-pizza__d695b9d38e6b4741b77c2523b025559e,random-acts-of-pizza,cards_senior_0812.jsonl:22,random-acts-of-pizza__83200ac09927489daf593933b45268dd,32078250c596b7d7090c88c50cc2e299d5d46518e5f069b46901620a14f712ae,1.4923002070441267,0.59414002765576457
random-acts-of-pizza__dc574924fa7a43539fbe153be94ca5f1,random-acts-of-pizza,cards_senior_0812.jsonl:23,random-acts-of-pizza__6cfe66c9696a48b68cbd1f143f62a112,ca82d9663738278cda166e3ee4552ae7ca3feec6f9dd3a191f1a37ad4188cbfa,0.70037927074100037,0.11508712708354434
random-acts-of-pizza__dcc0043b7bfa46d5aff09ee2f2b2e186,random-acts-of-pizza,cards_senior_0812.jsonl:24,random-acts-of-pizza__29a920309c84489580b5e713f0655fb5,cffbc54d81e75881a597392251ef86cdc87018c96be4c99cb405aac81e993a26,0.84228157012954741,0.26018189612655018
random-acts-of-pizza__e0553687238c4b83a61fefd6b91fcb1b,random-acts-of-pizza,cards_senior_0812.jsonl:22,random-acts-of-pizza__3a7f0dc65b714d42a7e23327ec2cfce2,4fa7bc0bf4695bca1b50ba4b9395d887dc48cfa7e7738938adc291b4909c7318,0.74526749789891833,0.31190813716026422
random-acts-of-pizza__e1154da2a7ed4e67ba07cea9b12a48f4,random-acts-of-pizza,cards_senior_0812.jsonl:23,random-acts-of-pizza__057c94d7d2c14692a12a1f33699b14b1,47ba4053a73bbfa8e1e9fdc4d1a1dcab970ee0bee67867c6311286bf8b894c35,1.2169318157721858,0.49655015636417366
random-acts-of-pizza__e3ae0f4c3b9d4f14b7ef530e8344d420,random-acts-of-pizza,cards_senior_0812.jsonl:23,random-acts-of-pizza__e1154da2a7ed4e67ba07cea9b12a48f4,4700d79dbcb543e25326d0b932d24d124d92cc4b70b6bda507edbd5d6f588ced,1.2182855971802167,0.45633504766728916
random-acts-of-pizza__e4e4eb70061b441c9df70831aaf5e6d8,random-acts-of-pizza,cards_senior_0812.jsonl:23,random-acts-of-pizza__58cd59b3cbc9497d8f6e461430c73b82,1c1d22a67a753bec6afde6a844ed055f37a97754f6f8c4ef4682a618f1598408,1.2943467449851644,0.44349628799430552
random-acts-of-pizza__e5557eff91b04d5790ec2b9dc816a826,random-acts-of-pizza,cards_senior_0812.jsonl:25,random-acts-of-pizza__4fc6dde889034e9dbb4f6edae0aba5ca,030e96e9de0d6867f7f5e198b92dd2cd9a205d62d00fe98d5ca95a0dc1dae35c,0.31833969818728375,0.32168108988744637
random-acts-of-pizza__ecf2cf1ffe1e42a09549c080d3a687d3,random-acts-of-pizza,cards_senior_0812.jsonl:25,random-acts-of-pizza__f3267e93c0ef4f0db2de89a49e71d019,a8db6e33ae2b3e8897094633aa190c11d65f51a9df83f7aa3189d0fb284e4478,0.80256524666807427,-0.11984111199587288
random-acts-of-pizza__ed174ac7ceef4872a7e2fd8f0bec5650,random-acts-of-pizza,cards_senior_0812.jsonl:22,random-acts-of-pizza__a7e09c3a705b47fd9159556b739ab919,b3abbeb307b16d1fba91975d492b1b6426f8b76cc458477028c9a3052ed5dd0c,0.81231951232984445,0.12691126963665947
random-acts-of-pizza__f103da1b3c564f9993bad2c7338bf9e4,random-acts-of-pizza,cards_senior_0812.jsonl:23,random-acts-of-pizza__969877fc488846d1a1485c318d4ec68d,0a59813edcba3d44e51a187c52ca267cda503121981b2d36ba1f9a45dec02a37,1.2628829584203118,0.44741450479853678
random-acts-of-pizza__f14bf25a907e4e078a7f0dabefa0f67c,random-acts-of-pizza,cards_senior_0812.jsonl:24,random-acts-of-pizza__8d742184fb5f48d28edf36f3e71a293f,05d3df3631a3ece6f6e2379aaf93ab17047752c71fcbe34efa22681e7133a80b,1.2880185931838324,0.64379596979816722
random-acts-of-pizza__f24586793b5b405a926938c9596b5144,random-acts-of-pizza,cards_senior_0812.jsonl:24,random-acts-of-pizza__f9b098ea814843b1aecfed95696eba24,98c85af729a65d7f9d04f792c32135e958cbc7d9b62e35f12f8ab23ad177dcbe,1.1644392755018358,0.28292365331885549
random-acts-of-pizza__f271f7163ea44ff0980b35c547a8c78c,random-acts-of-pizza,cards_senior_0812.jsonl:22,random-acts-of-pizza__d826980eed0f4e299d638b2f5f294e61,623fad3b6c965875127b574890e5b4bfe3346e1183ee6879eca4300e512d68e6,1.7011798646387195,0.34655347376078038
random-acts-of-pizza__f8765c8828fb49afbf7627e6d540c11b,random-acts-of-pizza,cards_senior_0812.jsonl:24,random-acts-of-pizza__29a920309c84489580b5e713f0655fb5,7fcc71e534ce5241c1a045efc588a68cf60daa3f6f3a630cf91b37c8ce7d7fb2,1.0342101165586144,0.38229862547871513
random-acts-of-pizza__f9b098ea814843b1aecfed95696eba24,random-acts-of-pizza,cards_senior_0812.jsonl:24,random-acts-of-pizza__929128e5d27f4303a0c576240f49205b,eedbe5731fb7618e4fd12dfb0cbdcf9053184e62874db5fde8c6dacfe71a4a4c,1.1389063914481512,0.51992891854730172
random-acts-of-pizza__fb23184228ea4d06a4cf81bf5b2c276b,random-acts-of-pizza,cards_senior_0812.jsonl:22,random-acts-of-pizza__84e09827cdfc45ada272cee237ec8e70,7a8f79b225dc6cacac8054bbf1a7cbdc58cfbd8432639b783f68c974283f042b,1.2919451334120802,0.57655007940803105
random-acts-of-pizza__fb92d7378d0e43d5905c531e369219d9,random-acts-of-pizza,cards_senior_0812.jsonl:22,random-acts-of-pizza__1d3580856ea74e98a67500d52d849328,500fb9699e233d66f47f9ee0da34037aca725f28a67904298943865be90da9ad,1.5046648859728107,0.1797029341947278
random-acts-of-pizza__fd5cdf012aab4e19bf713e0cdd9f5da1,random-acts-of-pizza,cards_senior_0812.jsonl:25,random-acts-of-pizza__c5359ab72688494ebb50e8a9e18e3411,ac79f64005006b52f9bd5c1105057f3c40f1438baee7695e60633b67cb15ed2c,1.0986103811855101,0.14673647103291146
ranzcr-clip-catheter-line-classification__0234b03ac0194d269b8ffd2707acaa83,ranzcr-clip-catheter-line-classification,cards_senior_0812.jsonl:31,ranzcr-clip-catheter-line-classification__79091a4eb3c24277b7a18b16e9be7e35,67f2c40bcc25e56cf1e8061b2d915578972cb1be885e57531ae8ce1a8866cdf2,0.74192818625125778,-0.013522279600431564
ranzcr-clip-catheter-line-classification__0c0065295da84a6db3749890ee4e432e,ranzcr-clip-catheter-line-classification,cards_senior_0812.jsonl:33,ranzcr-clip-catheter-line-classification__257252ccddb54d7199a566acd1e3c359,74be080f4bb47aa81930ffd6de8b8d465e2b5548a3125c635ee07b666f1e4e68,0.36759132567733538,-0.33803094240675036
ranzcr-clip-catheter-line-classification__153c4d9ec3334af6b58b9d530ff36246,ranzcr-clip-catheter-line-classification,cards_senior_0812.jsonl:28,ranzcr-clip-catheter-line-classification__d3b1d049f8b4471680b94d5c2673383a,2c1ceee5afc80a79e09283fd9821d03202c4d6083312ebc0b396ff0363e22f37,1.3153930126664519,0.26456875273044539
ranzcr-clip-catheter-line-classification__181742ef9e3c4118a7319c67afdcea47,ranzcr-clip-catheter-line-classification,cards_senior_0812.jsonl:28,ranzcr-clip-catheter-line-classification__b5ba0db2506b44aabb1a44fa3e6df5cd,a253ae8bbde0a3d22a0c59f053b8c492d17a2063f576277b7ffd6ddb92f3d001,1.4295290867249379,-0.54888483770757268
ranzcr-clip-catheter-line-classification__218b67db425041d4939dbccd0331bdf3,ranzcr-clip-catheter-line-classification,cards_senior_0812.jsonl:27,ranzcr-clip-catheter-line-classification__267076756a00464999914ada2d2db58a,67592d41fa944eb61f5187753dba6506a6ed81dd811e92efa0cf9978be5ca3dc,0.69686156855227399,-0.15055387438805443
ranzcr-clip-catheter-line-classification__22ddc4a25e43493aa747807f47a19cf7,ranzcr-clip-catheter-line-classification,cards_senior_0812.jsonl:27,ranzcr-clip-catheter-line-classification__b43e8822c8534004a1f82ada126afddf,cf9d3bde245bf5ecd0a649662870b2c6e213a64a1135a1fdca1b65e463352dc0,1.329342947831005,0.080516123264261941
ranzcr-clip-catheter-line-classification__267076756a00464999914ada2d2db58a,ranzcr-clip-catheter-line-classification,cards_senior_0812.jsonl:27,ranzcr-clip-catheter-line-classification__b2b403970099473fbbb6f41ab5730769,615bafa99ed147ce84bbaa7240671b51be96e421f365e648ef6d31d3c8229490,0.35832650423479834,-0.097405096154044316
ranzcr-clip-catheter-line-classification__26ee5ec4aef64f41acb375ca8686a9ee,ranzcr-clip-catheter-line-classification,cards_senior_0812.jsonl:28,ranzcr-clip-catheter-line-classification__e8b751e8afe44e7c8f078d5119ac96f1,55b479b0b3ecb0c880968b2536d788c57614144d72694d5892803b9a21b434ba,0.60033281466112454,-0.038538269832699965
ranzcr-clip-catheter-line-classification__29761e5d7c8649959beb8e3ba6543ffd,ranzcr-clip-catheter-line-classification,cards_senior_0812.jsonl:27,ranzcr-clip-catheter-line-classification__267076756a00464999914ada2d2db58a,0a99592debe154e90635dd69dd696ec4fd0c5493c3d883d0f34c7659ff1b889e,0.80860014963561977,-0.64324624679941489
ranzcr-clip-catheter-line-classification__32ec982284d942e38cc67828733155fc,ranzcr-clip-catheter-line-classification,cards_senior_0812.jsonl:29,ranzcr-clip-catheter-line-classification__d094b2224cf243b7bcdf466cbdf29e23,5f474ca58804ff6610aec2fdc80890ddf7bacae0dad1f9b0d2c0e812b248a2c8,1.4748775093050215,0.05115498295479922
ranzcr-clip-catheter-line-classification__33bc5915cfbd4a7798738505f852d7b0,ranzcr-clip-catheter-line-classification,cards_senior_0812.jsonl:29,ranzcr-clip-catheter-line-classification__96a798432162480c80348af7e75e95c2,c5e9bb1711f0f814755dc1ff1382f98a4c8fbf442fb4ee791924107160083fca,1.4784894908471198,0.034705524570988217
ranzcr-clip-catheter-line-classification__37fff405955d40f4bb6eddc5b1008ab8,ranzcr-clip-catheter-line-classification,cards_senior_0812.jsonl:28,ranzcr-clip-catheter-line-classification__26ee5ec4aef64f41acb375ca8686a9ee,43c15c4e3be471bf1ad27e51862ce23d34df7d9111943b4fbf6d6e3206a88b22,0.68167843957982077,0.0059463115889977422
ranzcr-clip-catheter-line-classification__43230fcb292a4ca1bdffabff6b9eb73f,ranzcr-clip-catheter-line-classification,cards_senior_0812.jsonl:29,ranzcr-clip-catheter-line-classification__806ac130c8ee49f3bcd6078308056511,d99a165ba1d2ebc12fda9c7937316860eb69ef9be823109c4d9fa11edd844a0d,1.282155181736107,0.058715073923867128
ranzcr-clip-catheter-line-classification__478bf5ae94a7418686f6d2f490dda7d0,ranzcr-clip-catheter-line-classification,cards_senior_0812.jsonl:27,ranzcr-clip-catheter-line-classification__a7e90f8cdfb84e2eb3d035b75a69268a,67f3101445e166747be7d334def94a313c8b1028df90f56338131e45ccd1c4f8,0.8795690070453881,-0.0082656013440295037
ranzcr-clip-catheter-line-classification__4946f2b1da5548d887315c0401eab5b5,ranzcr-clip-catheter-line-classification,cards_senior_0812.jsonl:31,ranzcr-clip-catheter-line-classification__97eccfcc84e94bbf9237d0e89e29761e,4c1a13cab13801ba0f9d8e98ac183422916757d61dd6cb76a21dfe26a7d38b02,0.45310993940789346,-0.25873636167579561
ranzcr-clip-catheter-line-classification__5868034a59da48d0bcd7687c1f5aa4e1,ranzcr-clip-catheter-line-classification,cards_senior_0812.jsonl:26,ranzcr-clip-catheter-line-classification__0e261282d7e34f978923c0a6152d292c,afbcdd788908471f0c35dcf30310385187222d1efba7c444ef0eb09ce503b59e,1.0280429727152374,0.14347919293034161
ranzcr-clip-catheter-line-classification__5c9647d972fd401f8ea682948184a1a1,ranzcr-clip-catheter-line-classification,cards_senior_0812.jsonl:26,ranzcr-clip-catheter-line-classification__8fcebf59bceb45c69274028ec9202c03,f9bf364d741c2f0b5e771f367a117c6f6b28a5ee5941fbaea5ca15a0e98d22b3,1.293470734083225,0.06777419908752283
ranzcr-clip-catheter-line-classification__630d1923fc684ddeb90b52f3470970af,ranzcr-clip-catheter-line-classification,cards_senior_0812.jsonl:28,ranzcr-clip-catheter-line-classification__9b9b106106a94c85b2fcc214a9c27b40,a1da8359c33baae1aa4c4fb0c40d3cb296004584b74b8043c360b623b1ab7e4d,1.3592813732299425,-0.074729570499910275
ranzcr-clip-catheter-line-classification__6934b9544486402fb209e027bb330f95,ranzcr-clip-catheter-line-classification,cards_senior_0812.jsonl:26,ranzcr-clip-catheter-line-classification__f6acffa3e7a34091a72efdbf6936541b,4a85dd8b84b656f49420ce5b2fd1d6e5df824772061f907f7309bf3bcf643d78,1.5050316887355668,-0.1942060337770633
ranzcr-clip-catheter-line-classification__7305f46b1fd445e7a9f026bc55e47a18,ranzcr-clip-catheter-line-classification,cards_senior_0812.jsonl:29,ranzcr-clip-catheter-line-classification__8a818e49646c4da9b680933c32173b88,34328422258a5555c43ec5d386f889792a423e25363aa1aa67f6ed19bd958e5f,1.5359832199267358,-0.30505202358253053
ranzcr-clip-catheter-line-classification__730b43fb76d24713a99de34d06f6b2c9,ranzcr-clip-catheter-line-classification,cards_senior_0812.jsonl:28,ranzcr-clip-catheter-line-classification__37fff405955d40f4bb6eddc5b1008ab8,19ecf4a3533cb061a56572bdc97210c9633221267337bdf8e4433dae3b26e365,0.8339154990444797,0.18015659170903936
ranzcr-clip-catheter-line-classification__79091a4eb3c24277b7a18b16e9be7e35,ranzcr-clip-catheter-line-classification,cards_senior_0812.jsonl:31,ranzcr-clip-catheter-line-classification__b27ffe5aca644e12bee7c94779b6d570,50140f4c6980258f33690c54fd449d1060f82cd44d6597e0c90551d97cb0bc0c,0.64904012303413128,-0.0099649656528424946
ranzcr-clip-catheter-line-classification__7b2d0de7ddb840bdb010a0d25229a32e,ranzcr-clip-catheter-line-classification,cards_senior_0812.jsonl:30,ranzcr-clip-catheter-line-classification__d2bff0f00b2a422c8531ad8946bd18ef,aeed4e6d41cc4600d9befbace8a6e4d6390d4fa858678a88566605ed021646f4,1.0500077903497476,-0.3142648253459695
ranzcr-clip-catheter-line-classification__7cc33cfb88a24e238a3bf83ba09c61b1,ranzcr-clip-catheter-line-classification,cards_senior_0812.jsonl:31,ranzcr-clip-catheter-line-classification__b30523caa832421fadb1fad9e6d5e7b7,a4c9c89996c59d338b93f08627128e11c15199ac65bf2fb20e3b8f421d5371cd,0.72660507772120853,0.16257643154286897
ranzcr-clip-catheter-line-classification__806ac130c8ee49f3bcd6078308056511,ranzcr-clip-catheter-line-classification,cards_senior_0812.jsonl:29,ranzcr-clip-catheter-line-classification__0ea6ca2b9be84e50a562c3fa18308154,34c30345abd153503222daa85efd4902325d8dd9fef02e8fbe91efbbc429d98e,1.0998952897631844,-0.49782242590446935
ranzcr-clip-catheter-line-classification__8659e2630f434277b7d35b32483510d5,ranzcr-clip-catheter-line-classification,cards_senior_0812.jsonl:30,ranzcr-clip-catheter-line-classification__1d99bb886bff4114b54c8a31fa0a1c81,a9c1d98bad3e43c5d1b5fdfe89b712986f311aa4d7f4b621e70c256aa611de6d,0.40379601261583159,-0.13884890517198342
ranzcr-clip-catheter-line-classification__86a38efcd5ac47008eb7a7a5188e61f3,ranzcr-clip-catheter-line-classification,cards_senior_0812.jsonl:27,ranzcr-clip-catheter-line-classification__a666af8a801c4828b4a94b346260901c,a1c7ae43ab77a417955f034fe1a6f220e73163bc6225b333aa6851a33773c5d6,1.1880193702925701,0.01795491505044939
ranzcr-clip-catheter-line-classification__8d2dbf7b745d492da352814e5f772939,ranzcr-clip-catheter-line-classification,cards_senior_0812.jsonl:33,ranzcr-clip-catheter-line-classification__9ad128f3414b4011b2162d831563bbf3,5b05e2fd604ecf22f388d6e25b6543eb9bbced3128ea41ce6ee60cefdc685746,0.70988006898468881,0.055949934787679789
ranzcr-clip-catheter-line-classification__8ddc1c65af674e3ba8a685c8635466b4,ranzcr-clip-catheter-line-classification,cards_senior_0812.jsonl:30,ranzcr-clip-catheter-line-classification__a804d0ec2e4b47afba5c88e25655fb80,01924f41ef3a85fd7c35c9fbafaa818e004d1ac2946ca028860426a038b2636c,0.67195050141230195,0.22867094904765578
ranzcr-clip-catheter-line-classification__95d33c57e54942c0bf90577542afc334,ranzcr-clip-catheter-line-classification,cards_senior_0812.jsonl:26,ranzcr-clip-catheter-line-classification__97cb798768394bb982880544388982e9,d7aba0841de9746865f06a29a47d2e1327a8429d4b26b54116a3c662e2b417ee,1.0433950254197573,-0.67432378045314012
ranzcr-clip-catheter-line-classification__96533ae2e3e742008eacf9ec26efcdd1,ranzcr-clip-catheter-line-classification,cards_senior_0812.jsonl:29,ranzcr-clip-catheter-line-classification__0ea6ca2b9be84e50a562c3fa18308154,d130ecba6728660c61372b56d826e2ac9ab024ec6190ece11f586b95e344aed9,0.67661394977431222,0.12806816289393558
ranzcr-clip-catheter-line-classification__96a798432162480c80348af7e75e95c2,ranzcr-clip-catheter-line-classification,cards_senior_0812.jsonl:29,ranzcr-clip-catheter-line-classification__806ac130c8ee49f3bcd6078308056511,4b2d9bb2733acc1ae545aa24f3ea3398dbecee77fe57fbd29690bb4268172d28,1.2861264217122523,0.20335059275925138
ranzcr-clip-catheter-line-classification__9b9b106106a94c85b2fcc214a9c27b40,ranzcr-clip-catheter-line-classification,cards_senior_0812.jsonl:28,ranzcr-clip-catheter-line-classification__9162d7eb55e544e09413f5ab8d9b5f8e,cdad915bddc341cbd873f8c7365d473bad57d88e3aebb30273f6b5dc3bfc2ae7,1.2573970352311457,-0.10414675915586087
ranzcr-clip-catheter-line-classification__9c9ec3532223478a8ffd960df48670bb,ranzcr-clip-catheter-line-classification,cards_senior_0812.jsonl:28,ranzcr-clip-catheter-line-classification__37fff405955d40f4bb6eddc5b1008ab8,720ba79b4f5cda4b65946743e799e57fa8c4a425323ded73dc7216d5f24b2f20,0.74778513436116778,0.15123750510405176
ranzcr-clip-catheter-line-classification__a7e90f8cdfb84e2eb3d035b75a69268a,ranzcr-clip-catheter-line-classification,cards_senior_0812.jsonl:27,ranzcr-clip-catheter-line-classification__218b67db425041d4939dbccd0331bdf3,18d5a8c1c2d519edbeb11d5cd73374ca648a204b8f74c0b50e8727a34c8ea9db,0.71995699774903388,-0.1109626313811353
ranzcr-clip-catheter-line-classification__a804d0ec2e4b47afba5c88e25655fb80,ranzcr-clip-catheter-line-classification,cards_senior_0812.jsonl:30,ranzcr-clip-catheter-line-classification__af167e6ce541426b83bedfffc4d1ccdc,9de9f3cc074f0c12759fd3b471da0590d408d432d9144776fc769aea767ef2a6,0.67071849746333267,0.11248376488345932
ranzcr-clip-catheter-line-classification__b27ffe5aca644e12bee7c94779b6d570,ranzcr-clip-catheter-line-classification,cards_senior_0812.jsonl:31,ranzcr-clip-catheter-line-classification__f100be7b9525472b82f5337f730da6d2,99b83898e330aac3a5a043b03e063cd0e5d8028bc78612a457574db7aa80e051,0.61767075961856499,-0.0043281332378012974
ranzcr-clip-catheter-line-classification__b30523caa832421fadb1fad9e6d5e7b7,ranzcr-clip-catheter-line-classification,cards_senior_0812.jsonl:31,ranzcr-clip-catheter-line-classification__cc934ae44d5c4f2f88456767a4127842,bf3dfac2e848f0617514735ff0ab57a412c3ce4c970fbe373410723161359146,0.63097840496500868,0.12270590597362967
ranzcr-clip-catheter-line-classification__b43e8822c8534004a1f82ada126afddf,ranzcr-clip-catheter-line-classification,cards_senior_0812.jsonl:27,ranzcr-clip-catheter-line-classification__ca51278f5f6a484695bec0c336beb621,aec849a28cc5b02c6ea98372d370ddb0c1b5ed024d03b04a03a4034da914163e,1.4517142827981662,-0.057824611414269374
ranzcr-clip-catheter-line-classification__b57ef0c92bf74144bde6bb2daed1094d,ranzcr-clip-catheter-line-classification,cards_senior_0812.jsonl:31,ranzcr-clip-catheter-line-classification__79091a4eb3c24277b7a18b16e9be7e35,df7bfb1bcbf7514baafc2a472d6665b5b04d5741e2a700305215738e5517f080,0.83785118907294176,-0.058725787730104145
ranzcr-clip-catheter-line-classification__b5ba0db2506b44aabb1a44fa3e6df5cd,ranzcr-clip-catheter-line-classification,cards_senior_0812.jsonl:28,ranzcr-clip-catheter-line-classification__630d1923fc684ddeb90b52f3470970af,ceda62502b16d9ff8d3d4536a6a51b3ed4b40505f33d5b702d764b20304748e8,1.2887248889421139,-0.10472901445383699
ranzcr-clip-catheter-line-classification__b8a572f1dda2412d8f2a3ceab7e62036,ranzcr-clip-catheter-line-classification,cards_senior_0812.jsonl:28,ranzcr-clip-catheter-line-classification__26ee5ec4aef64f41acb375ca8686a9ee,4f22dffb2b6987b1a8350ce17b35afca038a22919f12a71734abaf487a79c095,0.8038205545365118,0.024197747571719629
ranzcr-clip-catheter-line-classification__b99a6b2da5574f359e64e647e1864bec,ranzcr-clip-catheter-line-classification,cards_senior_0812.jsonl:26,ranzcr-clip-catheter-line-classification__f6acffa3e7a34091a72efdbf6936541b,0ba548e31454ce28ce5ce1876b3f3037d54d3813fd47fced005a70eef83672c5,1.5063307148263296,-0.10666284689422337
ranzcr-clip-catheter-line-classification__ba709817a8b146038b36734fe8b852ad,ranzcr-clip-catheter-line-classification,cards_senior_0812.jsonl:26,ranzcr-clip-catheter-line-classification__cde362843b524bc5a26cb2313e76892a,e047190de844ed88bb11910f29dcf58be2bd021d7bc2999a2230b69a017b7a02,1.0309822118580607,-0.17375275052374881
ranzcr-clip-catheter-line-classification__bd0559123af448bba9224dd59632c65f,ranzcr-clip-catheter-line-classification,cards_senior_0812.jsonl:31,ranzcr-clip-catheter-line-classification__7cc33cfb88a24e238a3bf83ba09c61b1,28a775601555a25d95b6c9918aab8d4c35cef465625b288900c595eb27f2b069,0.56283960214698581,0.080458549523062695
ranzcr-clip-catheter-line-classification__c789b1ead22447b9b863a760c9dc1678,ranzcr-clip-catheter-line-classification,cards_senior_0812.jsonl:31,ranzcr-clip-catheter-line-classification__bd0559123af448bba9224dd59632c65f,202435830694f501a398ee164e70d107e827090a2d2fc3d1bd7bdc317b16bc29,0.59910429121391495,0.35413886358189056
ranzcr-clip-catheter-line-classification__ca51278f5f6a484695bec0c336beb621,ranzcr-clip-catheter-line-classification,cards_senior_0812.jsonl:27,ranzcr-clip-catheter-line-classification__df65c9a0f43444bb8e764fe26f11b73f,4c2fd6fe8809429f51a51dbd643cd48ff59d22db598de54a0a80e67a9437eda0,1.3466457839753734,0.13992309099833203
ranzcr-clip-catheter-line-classification__ca64ea8ed2804066a661cb1b44f4b452,ranzcr-clip-catheter-line-classification,cards_senior_0812.jsonl:27,ranzcr-clip-catheter-line-classification__a7e90f8cdfb84e2eb3d035b75a69268a,89ae79c14301096639bf39f6956f536bc3488ea3d79bf29795e9dfcb8aa734d6,0.78718750150141636,-0.20771719164607935
ranzcr-clip-catheter-line-classification__cde362843b524bc5a26cb2313e76892a,ranzcr-clip-catheter-line-classification,cards_senior_0812.jsonl:26,ranzcr-clip-catheter-line-classification__2d9756ce7b454ea095e8b953d4ee0c50,e935923675441b261203e027b9779a2e11da1699fea0af4ea94dc9bdc75dd262,0.57247805210593428,-0.20160969731026812
ranzcr-clip-catheter-line-classification__d07e979ab00646658f797f804e1207e3,ranzcr-clip-catheter-line-classification,cards_senior_0812.jsonl:28,ranzcr-clip-catheter-line-classification__630d1923fc684ddeb90b52f3470970af,3c9a34ef4cba229ed8c67723e8723c24cb22ee4507e287ab051ee2f87dbb9ddb,1.3037568090465248,0.00058604212358648626
ranzcr-clip-catheter-line-classification__d094b2224cf243b7bcdf466cbdf29e23,ranzcr-clip-catheter-line-classification,cards_senior_0812.jsonl:29,ranzcr-clip-catheter-line-classification__43230fcb292a4ca1bdffabff6b9eb73f,3dfdf064074f684f44fa3423b30e28157631a0725b7f74c05b5f4bebd443a83a,1.3948668099127819,0.20550449883083036
ranzcr-clip-catheter-line-classification__d26047a21c65446f8a1ea1a9cf4d0c47,ranzcr-clip-catheter-line-classification,cards_senior_0812.jsonl:32,ranzcr-clip-catheter-line-classification__6f05d45db7bc431a85db9785227d2581,552bd0c94bbed332534296a352f8486770cac11e9b5b6ded3d38ba0fea7ce7e9,0.50935343951150203,0.01383220390475717
ranzcr-clip-catheter-line-classification__d3b1d049f8b4471680b94d5c2673383a,ranzcr-clip-catheter-line-classification,cards_senior_0812.jsonl:28,ranzcr-clip-catheter-line-classification__9b9b106106a94c85b2fcc214a9c27b40,e0157b985adbc925a99632d60b1fdc531f4b93f47aec125a196e7ec0ad669dd9,1.347399430842565,0.066377074378547937
ranzcr-clip-catheter-line-classification__d3f15b6de18a4f14b9fcd3a7703aeddd,ranzcr-clip-catheter-line-classification,cards_senior_0812.jsonl:28,ranzcr-clip-catheter-line-classification__d3b1d049f8b4471680b94d5c2673383a,12f0a5b6a70aa39960a15da96e3f9cd2ef42c54722240542e0f8478bae1899e2,1.3848861637137635,-0.034994099192005738
ranzcr-clip-catheter-line-classification__d4a4125202124050a9519c2052e4e33a,ranzcr-clip-catheter-line-classification,cards_senior_0812.jsonl:29,ranzcr-clip-catheter-line-classification__96a798432162480c80348af7e75e95c2,a4de378bb6a8325d9598b4c4a4b7184e1f5aec5ea8970e24e5ad4981e9bf8df2,1.3640179499140512,0.073263984541162716
ranzcr-clip-catheter-line-classification__d5283a9eb0c047c2ae948e25417dfceb,ranzcr-clip-catheter-line-classification,cards_senior_0812.jsonl:31,ranzcr-clip-catheter-line-classification__bd0559123af448bba9224dd59632c65f,587f421966ac6ee3c759bee06d953f8e3bd70b918207f16de01f98c8e0d776de,0.6222991455937078,-0.11952436526669016
ranzcr-clip-catheter-line-classification__dad042f1a32c4215994dbcc6400b2ae0,ranzcr-clip-catheter-line-classification,cards_senior_0812.jsonl:28,ranzcr-clip-catheter-line-classification__b5ba0db2506b44aabb1a44fa3e6df5cd,353185a437fea80b7fbbc703810a434e01652a1f166380db869182424909858a,1.3622027426002066,-0.14503864796464841
ranzcr-clip-catheter-line-classification__f2ef171b59db44a091359007fa8902e4,ranzcr-clip-catheter-line-classification,cards_senior_0812.jsonl:32,ranzcr-clip-catheter-line-classification__6f05d45db7bc431a85db9785227d2581,2aacdd6f2fc972dceb1d00dd42073b694abebcd689d9a1b9c5ec7a6b85306cfc,0.72422718709387757,0.43985355173699625
ranzcr-clip-catheter-line-classification__f555a3813b1b4e9881897c8fbfed8515,ranzcr-clip-catheter-line-classification,cards_senior_0812.jsonl:29,ranzcr-clip-catheter-line-classification__43230fcb292a4ca1bdffabff6b9eb73f,639e67be27edcb1e91fa76db90ee31951102e142eaee1b604fd3054943b1b3b7,1.3473342634320267,-0.011452284616711153
ranzcr-clip-catheter-line-classification__f6acffa3e7a34091a72efdbf6936541b,ranzcr-clip-catheter-line-classification,cards_senior_0812.jsonl:26,ranzcr-clip-catheter-line-classification__b4841ae80d98429a86357b1edd961ffe,bb3009b1f49ffdd7121bd33736fb93dcad490d96e3b59f845a1963bf8c3b8a74,1.3228824681476561,-0.15822562163838924
tabular-playground-series-dec-2021__06a516c3ccf143299cb3e9e79135df58,tabular-playground-series-dec-2021,cards_senior_0812.jsonl:34,tabular-playground-series-dec-2021__a25969bea20c40ef96a921cba373223b,ddc44d7bf773d680220ad828086ada85cc41ab1fad2ec9838aeeb6a075b9ba44,0.8250295078616825,0.40796694554888446
tabular-playground-series-dec-2021__1036d81873714c69a103db1cb83c178c,tabular-playground-series-dec-2021,cards_senior_0812.jsonl:34,tabular-playground-series-dec-2021__d04d3c9fa12a431692a8159cb9aa819b,3f534353fb43fbd0876b1185279b1ef929ac35300238ac9ae1bbb8fb483cfe1e,-0.079648614851307975,-0.18556482704567923
tabular-playground-series-dec-2021__109fd2d92cc1468ca8210df7a67a8322,tabular-playground-series-dec-2021,cards_senior_0812.jsonl:35,tabular-playground-series-dec-2021__c7e65a36ef434e7b898d625c6d38b417,562fc91fe168cf6b7ba576c665866aed183ba64d7c06bb9d1ea3632b7c2191fc,0.67297603542206819,0.27825418386399997
tabular-playground-series-dec-2021__1bf4f74fe4d542a8a3a00b149aed55dc,tabular-playground-series-dec-2021,cards_senior_0812.jsonl:35,tabular-playground-series-dec-2021__2d05a1a3aeab462ea3a6aee1efbe2471,64599da58669f6265c61b3fa81cb71fc8b65e4a8fb524c448e660704bc235273,0.15270193605816082,-0.087976037532429635
tabular-playground-series-dec-2021__1d17addc615642dcad3f1c57ef2ca66b,tabular-playground-series-dec-2021,cards_senior_0812.jsonl:34,tabular-playground-series-dec-2021__8ae6cb017f3f4f5baca9f6b6c4f1998e,e72bc0e3b7fd6b4dbbc6651a4b982e6b40a185a06d617bcc2d82b39b4975dfc4,-0.12935475511508993,-0.26906642569815226
tabular-playground-series-dec-2021__1e7217df317345ea86a3a97c22b2c9b9,tabular-playground-series-dec-2021,cards_senior_0812.jsonl:36,tabular-playground-series-dec-2021__6ac5f045a71d440ca9fc1234a71a45ae,a88f736800b4605f4c57b0bb60e85daf2675baa0e8364560c3eeab82147571bf,0.3031228003257706,0.018793824849963437
tabular-playground-series-dec-2021__223b96cf7c1049a69b5eb0930235dc2d,tabular-playground-series-dec-2021,cards_senior_0812.jsonl:36,tabular-playground-series-dec-2021__889c7678a4b042b2b19c38de5cdba0bd,e13f6392cb782c1aa27cec36a7a8631fd6a8abe8c0819e96ff7572b9e9fa80f2,-0.050428429980427576,0.10706225765925859
tabular-playground-series-dec-2021__2547a6aa8c0d42aaa4b27dd6242ebaa4,tabular-playground-series-dec-2021,cards_senior_0812.jsonl:35,tabular-playground-series-dec-2021__29fd9e619ad64d8f8252934943180596,991f6c09c70bcf51e9b1a43a3b64e7e43a1b903c7fe309f84f63cca0703ee9fc,0.2014512603946757,-0.067316212832327901
tabular-playground-series-dec-2021__25bd1b51cc504da2a70dd7f47f838e5a,tabular-playground-series-dec-2021,cards_senior_0812.jsonl:35,tabular-playground-series-dec-2021__109fd2d92cc1468ca8210df7a67a8322,3a009ded933b03eaa56c35fef976a16983721374f9b06deabfb507570312f8b9,0.68743710066058017,0.2646594443216706
tabular-playground-series-dec-2021__26f58ba10ee94dd2b62df553010079b1,tabular-playground-series-dec-2021,cards_senior_0812.jsonl:35,tabular-playground-series-dec-2021__dbf7e905381249e19ddc9a2414325647,deed189e5b4597b369f5b67698ac6efd5492b7810030dd422f8cee35f78f0026,0.29189123649033866,-0.27847715476143103
tabular-playground-series-dec-2021__27a3a8ce175749a2b3cd3e59c28eae5a,tabular-playground-series-dec-2021,cards_senior_0812.jsonl:34,tabular-playground-series-dec-2021__623d4a929e7d407ab0dacc6794d5c862,6e23ebe01db68a31168e8c9ebafea7669edc8d978135ad71e5befb0ace96fab6,0.71058227594445245,0.13658166200296359
tabular-playground-series-dec-2021__29fd9e619ad64d8f8252934943180596,tabular-playground-series-dec-2021,cards_senior_0812.jsonl:35,tabular-playground-series-dec-2021__5375c0d5dd434fff8fe09c86a2e995b7,17e61d791032fdd6c63e13e7ea9825d4a95f15ccd528e7d44d5f59a168a475a2,0.19212807203078131,-0.067712149692246731
tabular-playground-series-dec-2021__2b376e17d1b54cff919e5b379a94d964,tabular-playground-series-dec-2021,cards_senior_0812.jsonl:35,tabular-playground-series-dec-2021__6b150204917c4ffda04f841144545c83,a37f0bdfd417dce10ad781d759c58ec3f3f3071fd18ee2ec764c9352d8849372,0.47494197453937248,-0.006713174325553576
tabular-playground-series-dec-2021__3282886ab12c4cfbbfb71b117a635e9b,tabular-playground-series-dec-2021,cards_senior_0812.jsonl:34,tabular-playground-series-dec-2021__a335993c0b0f49c7a88c754228cef3ad,f09d78eb1bef44092d599bd73fa4e8a14ad64935c6325cc6036f89ef6b3ac525,0.78065203327412436,0.35512619393886463
tabular-playground-series-dec-2021__3945275dbead4e41a76c2c53f6e2458d,tabular-playground-series-dec-2021,cards_senior_0812.jsonl:34,tabular-playground-series-dec-2021__bcddaed66d4c4500b1dfab058557ffa5,0c4a7705f2b5fc5ad97d5f8854e36c3a848a38c31900779877d1c16867b1230c,-0.062678821243411384,-0.13866628018548843
tabular-playground-series-dec-2021__3d659996c2024e6c8cfde42de01ec5df,tabular-playground-series-dec-2021,cards_senior_0812.jsonl:35,tabular-playground-series-dec-2021__798ef64a1d904966a513eded978bca6d,1c774f9877af0dc1b0250c81915a690cdc6d452dc60f6881927ff930776d4e67,0.23481733917409017,-0.1383801329986826
tabular-playground-series-dec-2021__40534fa3b9004858bc259fdbf4d22cde,tabular-playground-series-dec-2021,cards_senior_0812.jsonl:36,tabular-playground-series-dec-2021__fb3e9cf715244dc69e53f8cd09a1c3b5,69eaae7703828a9d25362b16fa8336ee17e083c48129a3b6278a0f300e69fb15,0.44447278574334415,0.069013757168393391
tabular-playground-series-dec-2021__473003b5afe040cb9643b77670a53752,tabular-playground-series-dec-2021,cards_senior_0812.jsonl:36,tabular-playground-series-dec-2021__6c11a0ac1f8540708d0250ab54ce9e3e,92b8834c0ba9d60a60e944d69d34b16682ba7a010b73cc58b87537c7a8668620,0.46907959204037786,0.18322961212489863
tabular-playground-series-dec-2021__4f885c176a0446c9aa29a0c8f0882082,tabular-playground-series-dec-2021,cards_senior_0812.jsonl:35,tabular-playground-series-dec-2021__252b4a8b45604f5daf822b02384223e4,a25225ac3c9f944251a1481850263b69a0e1901baa7b507829dba82d3f5b8aff,0.58152861889502661,-0.075908528010171158
tabular-playground-series-dec-2021__5027bf107742414587c7d4afd4f3f40e,tabular-playground-series-dec-2021,cards_senior_0812.jsonl:36,tabular-playground-series-dec-2021__a2196a7c8ff04d128332f6ad4ece960e,eb5472f64fe15759ffd2d03f0c4043d3dda2ec68677d92ead72965ce1cf22211,0.43703701975824816,0.0078539829352096413
tabular-playground-series-dec-2021__519683cbfdea48c6a054802947198706,tabular-playground-series-dec-2021,cards_senior_0812.jsonl:35,tabular-playground-series-dec-2021__c59fda0da6324541a9f10875d53caf25,3b6242c9278a28808160ba3de398334c939f1f86f54de325e5ee54538a40e338,0.44759881728337492,0.00045029347623323161
tabular-playground-series-dec-2021__5375c0d5dd434fff8fe09c86a2e995b7,tabular-playground-series-dec-2021,cards_senior_0812.jsonl:35,tabular-playground-series-dec-2021__adb405a6e1bd4743a377049809687d6d,5fe1e7a54e03958fa06d2a1a92ef45f9406d14e374ca5f1258fc522bfd035638,0.18817971117343196,-0.085440655218561035
tabular-playground-series-dec-2021__5583bccab8a74b6fa5679331d8842c93,tabular-playground-series-dec-2021,cards_senior_0812.jsonl:36,tabular-playground-series-dec-2021__94544876d2d04a118153e85da849357d,4dd91679878dd05af35bf0e2ca6b964e7a58cfead463da1d44f0743a195e3a49,0.009144941062432646,0.046804473720128657
tabular-playground-series-dec-2021__5c157ccbb880470cb49f51b3877d9987,tabular-playground-series-dec-2021,cards_senior_0812.jsonl:36,tabular-playground-series-dec-2021__e83e3d12322b4fe1879869a010b2416b,74dad4c1fdb084fbe230b6a087149c10aac709b6fe7ec57e8f7bbc0cd3004a03,0.43048256983712851,0.056313846660688928
tabular-playground-series-dec-2021__623d4a929e7d407ab0dacc6794d5c862,tabular-playground-series-dec-2021,cards_senior_0812.jsonl:34,tabular-playground-series-dec-2021__91e93739feb042f19c63df8fd45b5b21,5538065dc44e5741fc9334498b710673d4c9856521f560aecce85620f85eeb23,0.69802997653172338,0.11534187707904411
tabular-playground-series-dec-2021__66ed933e6a134997a6aaf3ada2258fc1,tabular-playground-series-dec-2021,cards_senior_0812.jsonl:36,tabular-playground-series-dec-2021__beacb9723f42452bb9d042e67416c966,ec507dfb85f78b7e88a42ea1d5533d683e55c1267886235fba7d5433ac562138,0.4334249286142775,0.10326587425196726
tabular-playground-series-dec-2021__6ac5f045a71d440ca9fc1234a71a45ae,tabular-playground-series-dec-2021,cards_senior_0812.jsonl:36,tabular-playground-series-dec-2021__42be82d43daf4fff82dbdc21d6812c5b,c342f7850a56fd0931bb8973e3f75781ab99817d79d0e94dda1299c989badbcf,0.33773696578899731,-0.0048544358705955599
tabular-playground-series-dec-2021__6b150204917c4ffda04f841144545c83,tabular-playground-series-dec-2021,cards_senior_0812.jsonl:35,tabular-playground-series-dec-2021__519683cbfdea48c6a054802947198706,f4ccccfffed01ae331e1cdd2067bc6d2271d662d57602a55d3144f33a47aaa10,0.4580128455566691,-0.016931805588083024
tabular-playground-series-dec-2021__6c11a0ac1f8540708d0250ab54ce9e3e,tabular-playground-series-dec-2021,cards_senior_0812.jsonl:36,tabular-playground-series-dec-2021__d5f8e3ae88e84bc5b9ec630b8a5b4bd5,648dc2be1784e9a23d0ba1121d9d1d010552604d0e12a142000ea962e4a3820a,0.45973567674138516,0.020768976296455681
tabular-playground-series-dec-2021__70086d00b0f147c884889284c68008cd,tabular-playground-series-dec-2021,cards_senior_0812.jsonl:35,tabular-playground-series-dec-2021__e0692b01545e4af3a7ac5a841cfe43aa,741c096849a9e42fea385fb571994c07d81abd46917493bbad98bd4831f331d5,0.15638201562871273,-0.12719875346038723
tabular-playground-series-dec-2021__7884c7ca735349ceb0c9bb4eeb04ec01,tabular-playground-series-dec-2021,cards_senior_0812.jsonl:34,tabular-playground-series-dec-2021__97cb7ee5983d4f76bbf306d750baa750,17a571ec4a1426e15329e43235c1aeee64baab4459e1797677db05c3a2cc4c7e,0.76171260611398517,0.3457196130048133
tabular-playground-series-dec-2021__798ef64a1d904966a513eded978bca6d,tabular-playground-series-dec-2021,cards_senior_0812.jsonl:35,tabular-playground-series-dec-2021__1bf4f74fe4d542a8a3a00b149aed55dc,999fdae09f8b5cb746e8d71cda1eb2834d3e7eb6ffa297968186c52772721524,0.16663312325439972,-0.11269942793424614
tabular-playground-series-dec-2021__7e6c395e303d4ea3b9829bdd0c9e568e,tabular-playground-series-dec-2021,cards_senior_0812.jsonl:36,tabular-playground-series-dec-2021__df6b82db348541fd99bd8656f1d75cde,4832d7b612a5fa437c5b2d0dc6500fc8b887094a888e4bfd3b1fc4c95ca0122f,0.17429650500412422,0.12528665859930693
tabular-playground-series-dec-2021__7e7f120b24cd4a0cb4486e03182f8806,tabular-playground-series-dec-2021,cards_senior_0812.jsonl:34,tabular-playground-series-dec-2021__f11fa3778e0d45cd9d4dddc497939e06,29af40d62a6ff43e745017cae7e2ccb9dfff5cd5608dc2279ab1221c4390acae,-0.11100538068301939,-0.25630796233090897
tabular-playground-series-dec-2021__94544876d2d04a118153e85da849357d,tabular-playground-series-dec-2021,cards_senior_0812.jsonl:36,tabular-playground-series-dec-2021__f9a7c13d34aa406d8069b940dd032ed2,ec3d15b92216b1f783ffd774fa7a3c9c4a40c591a24e9a3febaeb31208b82d40,0.0026446886698143074,0.055024299337670605
tabular-playground-series-dec-2021__97cb7ee5983d4f76bbf306d750baa750,tabular-playground-series-dec-2021,cards_senior_0812.jsonl:34,tabular-playground-series-dec-2021__501bec32dd934d13b86abd09347d119a,a678b02c611c07d3e4a2c46b4ab348ac8643b1f088e7a70a4d93ab17aaf47134,0.75941592401115754,0.35907178143405016
tabular-playground-series-dec-2021__a0ab53454a27444c9ec1d4b4e2caa70a,tabular-playground-series-dec-2021,cards_senior_0812.jsonl:35,tabular-playground-series-dec-2021__cfa467834d4f4a88a1dda9bec498de86,c359b7ba625d261bb879b64e7e61cff52d2f5a185774bc96020551f6bf7ab162,0.31377238029682825,-0.05730700030903603
tabular-playground-series-dec-2021__a2196a7c8ff04d128332f6ad4ece960e,tabular-playground-series-dec-2021,cards_senior_0812.jsonl:36,tabular-playground-series-dec-2021__b74113036dad4cc6b8bd563f76810e7b,a95809c4f064d79b8557031b3005d91c94d96230f43c6216fcbbe68537d70167,0.42765028627565549,0.0081106775839672619
tabular-playground-series-dec-2021__a25969bea20c40ef96a921cba373223b,tabular-playground-series-dec-2021,cards_senior_0812.jsonl:34,tabular-playground-series-dec-2021__db214f2a3784425a883d2d0eb22b424d,ca3e0af6497777d841ea651cdf0d71f02880c3a9a97c162d0852be90fd15f020,0.81685721107097886,0.37161875077458723
tabular-playground-series-dec-2021__a335993c0b0f49c7a88c754228cef3ad,tabular-playground-series-dec-2021,cards_senior_0812.jsonl:34,tabular-playground-series-dec-2021__7884c7ca735349ceb0c9bb4eeb04ec01,8b7a0acf6a822d8aae3f19996e10ab9167f5d5a54c54a80c4b40ac5cd113cb68,0.77313437959708697,0.34648700000049748
tabular-playground-series-dec-2021__a83f202a5b214ead978b95bebc2dec9e,tabular-playground-series-dec-2021,cards_senior_0812.jsonl:36,tabular-playground-series-dec-2021__ca13caa6d5d3472bb662c3a42c87341e,7611228dc5f315175b55e3b9d68d073de043c6b49b92f549fc19af1bed14a04d,-0.022733869415560798,0.058664702326145526
tabular-playground-series-dec-2021__a9cfdaa6576a44029da76fa2c51210a6,tabular-playground-series-dec-2021,cards_senior_0812.jsonl:36,tabular-playground-series-dec-2021__5c157ccbb880470cb49f51b3877d9987,7e725618c6d90af2393dabf1fb93b12e4b42dfc6cab3a976a36afd71e15d470c,0.43693635451721524,-0.023247174568473743
tabular-playground-series-dec-2021__adb405a6e1bd4743a377049809687d6d,tabular-playground-series-dec-2021,cards_senior_0812.jsonl:35,tabular-playground-series-dec-2021__26f58ba10ee94dd2b62df553010079b1,deed189e5b4597b369f5b67698ac6efd5492b7810030dd422f8cee35f78f0026,0.30037613329428692,-0.27847715476143103
tabular-playground-series-dec-2021__b74113036dad4cc6b8bd563f76810e7b,tabular-playground-series-dec-2021,cards_senior_0812.jsonl:36,tabular-playground-series-dec-2021__40534fa3b9004858bc259fdbf4d22cde,105b09f2f944aa052def62262ce42604803d64a23818f94235e7a210c9b2870c,0.41335971995390486,0.035096095662493311
tabular-playground-series-dec-2021__bc7032b895b44f15a8c315de84e8ac59,tabular-playground-series-dec-2021,cards_senior_0812.jsonl:34,tabular-playground-series-dec-2021__7e7f120b24cd4a0cb4486e03182f8806,94cf18a99437da12f025cbbdc4bf927f652a63766436891bd43c7b94bc0d0420,-0.10333840979545378,-0.26718971128995894
tabular-playground-series-dec-2021__bcddaed66d4c4500b1dfab058557ffa5,tabular-playground-series-dec-2021,cards_senior_0812.jsonl:34,tabular-playground-series-dec-2021__1036d81873714c69a103db1cb83c178c,024c4b814470df431c262528e49877c7b314667c3b2d85e34276fef0b567e682,-0.067283457339765776,-0.15591868032942724
tabular-playground-series-dec-2021__c39b37cfbfe4444785c7efd70b90cdfe,tabular-playground-series-dec-2021,cards_senior_0812.jsonl:34,tabular-playground-series-dec-2021__9096ab8727d54f6c9181e6763aa4e7fc,9758e3866422a37b25489dd940a4ff2692851c332453618e65adf2e865549222,-0.1016115068451004,-0.24548205658292677
tabular-playground-series-dec-2021__c7e65a36ef434e7b898d625c6d38b417,tabular-playground-series-dec-2021,cards_senior_0812.jsonl:35,tabular-playground-series-dec-2021__33f6f90297c548639ce2cade98ef35ab,af599e17f60fc98b58d32673e4cf25fac50a8a96e53f58d4693ad9a051cf7a53,0.64527874711228073,0.3327939136404271
tabular-playground-series-dec-2021__ca13caa6d5d3472bb662c3a42c87341e,tabular-playground-series-dec-2021,cards_senior_0812.jsonl:36,tabular-playground-series-dec-2021__d384dfed09fc4adab36468df3c51cb7e,9d9e69a388eb49a4fa8f15b2474bd9f69579f73d4a8788db02cd8c55302da89a,-0.030945852226491828,0.11750664399084219
tabular-playground-series-dec-2021__cb91170d5a2346db872d0eeb276bfb62,tabular-playground-series-dec-2021,cards_senior_0812.jsonl:36,tabular-playground-series-dec-2021__e9e16395e2a0415c9673b7b4956c1d52,eff1cb9208af163688ed57958381260f54c1c8e402045edc5ce02279cfa18198,0.51011920351881324,0.15533742384559598
tabular-playground-series-dec-2021__d04d3c9fa12a431692a8159cb9aa819b,tabular-playground-series-dec-2021,cards_senior_0812.jsonl:34,tabular-playground-series-dec-2021__c39b37cfbfe4444785c7efd70b90cdfe,728e3ce39011f47f3cc05644c15c4e22f8d5d51dbf44305b444aad365fd449d0,-0.091196662509136855,-0.19741342684345561
tabular-playground-series-dec-2021__d384dfed09fc4adab36468df3c51cb7e,tabular-playground-series-dec-2021,cards_senior_0812.jsonl:36,tabular-playground-series-dec-2021__223b96cf7c1049a69b5eb0930235dc2d,8a7644b2bef0408a47e820b0be5ff84431d67a2331c7a911a79b0117a6819f24,-0.037288755231867678,0.10498747538392632
tabular-playground-series-dec-2021__d5f8e3ae88e84bc5b9ec630b8a5b4bd5,tabular-playground-series-dec-2021,cards_senior_0812.jsonl:36,tabular-playground-series-dec-2021__a9cfdaa6576a44029da76fa2c51210a6,7e725618c6d90af2393dabf1fb93b12e4b42dfc6cab3a976a36afd71e15d470c,0.44542125132116361,-0.023247174568473743
tabular-playground-series-dec-2021__db214f2a3784425a883d2d0eb22b424d,tabular-playground-series-dec-2021,cards_senior_0812.jsonl:34,tabular-playground-series-dec-2021__dc9353858ee049e4b650ba6a40628f44,ec082a4ead7e902bb5fbaf341b3c1868ca1cf2905a985078a3f5c6a8e32c3750,0.80828840350476894,0.38047616643420734
tabular-playground-series-dec-2021__dc9353858ee049e4b650ba6a40628f44,tabular-playground-series-dec-2021,cards_senior_0812.jsonl:34,tabular-playground-series-dec-2021__f23e0ea545d2442bab87f3fa61653553,70c1c177d463285d58fd132656e943107c0c620efae54bf772db43adc5d71404,0.79942817763154739,0.3843204330920067
tabular-playground-series-dec-2021__e886c2b02adf4b26ab0a0e7e5c297b81,tabular-playground-series-dec-2021,cards_senior_0812.jsonl:34,tabular-playground-series-dec-2021__949ebf2e3ad747e1a265ed692b8f2c6e,d1261452dd7c1c8f7ba0d5ddbd86bc68751cf29d5d646202fe65ea362f7a4d52,0.44306045597155264,0.070606654778118907
tabular-playground-series-dec-2021__e9e16395e2a0415c9673b7b4956c1d52,tabular-playground-series-dec-2021,cards_senior_0812.jsonl:36,tabular-playground-series-dec-2021__473003b5afe040cb9643b77670a53752,1c47f4839d7024ce27232c72e86c09e002b8e029cbbbb2a8bd13b483a842fee2,0.49438097253238372,0.15186149437235386
tabular-playground-series-dec-2021__f11fa3778e0d45cd9d4dddc497939e06,tabular-playground-series-dec-2021,cards_senior_0812.jsonl:34,tabular-playground-series-dec-2021__1d17addc615642dcad3f1c57ef2ca66b,47671f12231aa31c7e410f388e5766cc715779a340949b694510b7a7fffbef93,-0.12257111659217364,-0.23350633931080678
tabular-playground-series-dec-2021__f23e0ea545d2442bab87f3fa61653553,tabular-playground-series-dec-2021,cards_senior_0812.jsonl:34,tabular-playground-series-dec-2021__3282886ab12c4cfbbfb71b117a635e9b,17f0bb030f8c84bf7433db11b0d607ea39984b867ea85f64f199452e7873d01b,0.78984976352596081,0.36878275878259353
tabular-playground-series-dec-2021__f9a7c13d34aa406d8069b940dd032ed2,tabular-playground-series-dec-2021,cards_senior_0812.jsonl:36,tabular-playground-series-dec-2021__a83f202a5b214ead978b95bebc2dec9e,1c94de2f4f1fcdf14b09654612c9b526927112b35c205ede862d79985984efd3,-0.011165456114168582,0.060212766700623928
tabular-playground-series-dec-2021__fb3e9cf715244dc69e53f8cd09a1c3b5,tabular-playground-series-dec-2021,cards_senior_0812.jsonl:36,tabular-playground-series-dec-2021__66ed933e6a134997a6aaf3ada2258fc1,05d28c1bcaae208f1e30747a3f5ee83a9ee57e6a4e84c90e6f310c9275908869,0.42703131212430873,0.075253840689430446
text-normalization-challenge-russian-language__0670620d6d21457b9f2561b00462a4b8,text-normalization-challenge-russian-language,cards_senior_0812.jsonl:40,text-normalization-challenge-russian-language__3f64d39133344e3b85d5ffb83d97b6ce,7b68721797ddecd5fb11a4babbfe31350150cb0e61c108785de2dbc8d0e12d61,0.42778314374114595,-0.27698747318469091
text-normalization-challenge-russian-language__11c4dbb9ae5a426a987830a560885e18,text-normalization-challenge-russian-language,cards_senior_0812.jsonl:41,text-normalization-challenge-russian-language__8c5f1c406f334861a94ec03ee570fe5c,49a928a38c56a453648c1564ab532cdb2b84ed1c2c9bf60cc8360be9b4142ab0,0.96202252887565209,-0.1856940951327708
text-normalization-challenge-russian-language__1211e04cb3b9427f9a1fe04fc085bb16,text-normalization-challenge-russian-language,cards_senior_0812.jsonl:38,text-normalization-challenge-russian-language__85633a5fee0d424d999ba7af1274a072,64db9d0bed94f9d3650773bcc56776c96dc7d75aad4ae7f107e4c4bdd5ce1cbd,0.4040428216188664,-0.12356488992739881
text-normalization-challenge-russian-language__13f785002fcb4692a2460661079d316d,text-normalization-challenge-russian-language,cards_senior_0812.jsonl:38,text-normalization-challenge-russian-language__207e42f31ef44dd8861fa0a6f12a1f72,8bf7e2affca50955fb59bd2e64cc7a0582f71b9cbcbd50e6b742d2acdefff028,0.42985282704349487,0.068073103845497127
text-normalization-challenge-russian-language__15e9dbdd24cf4663a92d383e04a52d73,text-normalization-challenge-russian-language,cards_senior_0812.jsonl:39,text-normalization-challenge-russian-language__512b022c0dbc437ba4f9c94f6f96c75a,b85a0ff406f7dca119a55c195815d5f9dd4c30ad33c140fd90a558bc677b4a6e,0.64825545417175001,-0.1216749598795076
text-normalization-challenge-russian-language__162b4d5323f14aa3a79ecdb36a0b449c,text-normalization-challenge-russian-language,cards_senior_0812.jsonl:41,text-normalization-challenge-russian-language__af4048f968224d56af0edbb42738073b,dacb59cbf79c63d7518df41105a5334bc41a8b09f62b701e5ac51f54294c69c6,1.0527475082013544,0.29445444715184566
text-normalization-challenge-russian-language__207e42f31ef44dd8861fa0a6f12a1f72,text-normalization-challenge-russian-language,cards_senior_0812.jsonl:38,text-normalization-challenge-russian-language__85633a5fee0d424d999ba7af1274a072,155a74f15aa8ec71971928ea527761a7e355b6f14622df00e018f64e350931ac,0.3874196905155432,0.064293530457524575
text-normalization-challenge-russian-language__2140512246534235969f06f09005288a,text-normalization-challenge-russian-language,cards_senior_0812.jsonl:43,text-normalization-challenge-russian-language__73e78d2915964d7d89e7bbd48f9b10ea,e32e7d12cc722f93dae52d133329d1e97d656c89416a8ccefa77717055224168,0.40380929780268054,-0.44545455541653328
text-normalization-challenge-russian-language__21a600790c6c4909adce6a9f274d60a4,text-normalization-challenge-russian-language,cards_senior_0812.jsonl:41,text-normalization-challenge-russian-language__f62eb45bd2ce456f876660525226fbf2,c9d8fa058f9abb2cbd239cba9c57e735d8d36de8a16f6dd122d586520cb561a3,1.1103062476215615,-0.046545118759089149
text-normalization-challenge-russian-language__329f9c438f4348f0a6c0374f98a2171b,text-normalization-challenge-russian-language,cards_senior_0812.jsonl:43,text-normalization-challenge-russian-language__5be537a6757449f7b6d0b511451ce61f,436e374bb0bb7a943e29b289ee3c1fe78b24bbb520ba5436f06e454c1b221d38,0.8712662742269035,-0.28566132551701107
text-normalization-challenge-russian-language__3367687e40be40c383ca69f0ca3761f1,text-normalization-challenge-russian-language,cards_senior_0812.jsonl:38,text-normalization-challenge-russian-language__9df4a72a7a3646e495a76e1bd79332cf,64084b30c2a3319663c2fa45c86e8c4ec89c7fcc75a1cc34f037968a6f5a137e,0.5524612510459278,0.23250357923491968
text-normalization-challenge-russian-language__3710ab3fa2cc41df85d46936e9e70efe,text-normalization-challenge-russian-language,cards_senior_0812.jsonl:39,text-normalization-challenge-russian-language__c7fa72516621426da98f7d73443d0784,0ee7eabff83dc3a1f34224463fbde6c21dbbbe3ee1edbc7f550e1a25705af0e2,0.76941210939081961,-0.23542626888838258
text-normalization-challenge-russian-language__383fdb40a75f4697b3b61a1756ce8be4,text-normalization-challenge-russian-language,cards_senior_0812.jsonl:38,text-normalization-challenge-russian-language__d588d52a836742cf814592b49e2b1e76,f4f138e0189f4dba6562d32d3291c57ca9a8c43a18de8401a7f76b7321261b42,-0.030670671188397104,-0.68426401712164375
text-normalization-challenge-russian-language__3b3a013ecf994422a5a255df6ea4f38e,text-normalization-challenge-russian-language,cards_senior_0812.jsonl:40,text-normalization-challenge-russian-language__7044b87fb96b4e4f870909c92f2458e7,d8488939a2552e258a81f4a50b7e19c44d3dd5bfe77740075d49ef36094319b4,0.86025735430218342,-0.029945353901195296
text-normalization-challenge-russian-language__3d5af46c41564e51beaf5b61098e4009,text-normalization-challenge-russian-language,cards_senior_0812.jsonl:42,text-normalization-challenge-russian-language__d054ca800fe5436fb5b49317a9cc8612,0464e9fc8324ca545ced228b7a73b1e3350f5d10c81c0583159a09ad42e0f5b0,0.61920597026679258,0.031583689828818456
text-normalization-challenge-russian-language__3d71af9b89774e2b82208af67b3e37b0,text-normalization-challenge-russian-language,cards_senior_0812.jsonl:38,text-normalization-challenge-russian-language__104ed9829f4549d2b300f33fed706426,0dc0934dbadd17871c28ecd7cf8dabb83a2ef643379a025a8ed69c99f6a1b293,0.65972442485590888,0.0028610040642713538
text-normalization-challenge-russian-language__491f0fc8d5864d9282530f7eccc7793a,text-normalization-challenge-russian-language,cards_senior_0812.jsonl:38,text-normalization-challenge-russian-language__68e5c1c818dd444abf247825b8fa33d8,0bb02cc99df37a6526deca7db9ce77e4598fc98a83e073803e00183a1c517394,0.61069317280487168,0.031926931085036261
text-normalization-challenge-russian-language__4d3b9bc6518f472a8ee7a7303e242b69,text-normalization-challenge-russian-language,cards_senior_0812.jsonl:37,text-normalization-challenge-russian-language__6b369fca5eec4074ae1d13f391cf4bea,62269619e9e61adc8e722e955940fc099b0a362e17c769ce679fe25d4aa6c66e,0.35865025157366898,-0.72321842012587767
text-normalization-challenge-russian-language__4d97252151cf4d799acdd814cc8bf10e,text-normalization-challenge-russian-language,cards_senior_0812.jsonl:39,text-normalization-challenge-russian-language__62fbb8870c5442028d9671fbddb40d73,787fb170e3ece27f15a051dfe23a764457d4d811b1116773073e2edee5e92d95,0.61997764966505131,-0.23590270904112451
text-normalization-challenge-russian-language__4e0b19026ad64875ba4394dd898b3c0c,text-normalization-challenge-russian-language,cards_senior_0812.jsonl:38,text-normalization-challenge-russian-language__7e86bfef731f49a188ddec06ea7918d6,b2b7d87c045540415fa362dd606d38302999333747ae69b8537363a33c015d1c,1.0680426629213489,-0.18615512363511244
text-normalization-challenge-russian-language__4e4c905743074c1aaaa0b2ab625d0f27,text-normalization-challenge-russian-language,cards_senior_0812.jsonl:44,text-normalization-challenge-russian-language__31a0f9a1086644e6a20f163d3110b479,c57619e5bdc5bc3db872ce7ddbf89e685f195bf9c9e787ef394779e05514696a,0.57071045465417891,-0.0708768654551125
text-normalization-challenge-russian-language__4f9320666d234c30a36f4270710d0221,text-normalization-challenge-russian-language,cards_senior_0812.jsonl:43,text-normalization-challenge-russian-language__c4615205bce246689dcfadc2737d387b,978a1245c34ede2b0e742d56280830a305d7ced77a79272ca50b7832cb890b26,0.46825171106212005,-0.29234422633741453
text-normalization-challenge-russian-language__512b022c0dbc437ba4f9c94f6f96c75a,text-normalization-challenge-russian-language,cards_senior_0812.jsonl:39,text-normalization-challenge-russian-language__546461c0f26a414ea27b340c7819240c,8883b18552137817b229ec15d6a9d51a623a277f2d15876726c3bf45c42774d7,0.54690370623233664,-0.03570607684803899
text-normalization-challenge-russian-language__52fb24639dcd4b2bad52728892b89980,text-normalization-challenge-russian-language,cards_senior_0812.jsonl:40,text-normalization-challenge-russian-language__dfa0b0000a784e31b20262030e2cacc6,ee78cf05de939ed4fa40dab01ea68f798159b97cd35e819d096c73843fb20e99,0.80638719142084681,-0.020635214636540972
text-normalization-challenge-russian-language__5325ecdcf474463598ac6ff2c9fea99e,text-normalization-challenge-russian-language,cards_senior_0812.jsonl:41,text-normalization-challenge-russian-language__e33727a31647475da647ddab2f417e4e,41a16323a88f2fcfb6e95c4a255fdd397976da41b56689db58724dd87c555698,0.96629201964338574,-0.1023577731460084
text-normalization-challenge-russian-language__5640002190e64bb0beb1c2ae49aebc23,text-normalization-challenge-russian-language,cards_senior_0812.jsonl:39,text-normalization-challenge-russian-language__512b022c0dbc437ba4f9c94f6f96c75a,6906a1193c3fbf81105ebfe88baa7512f09f1476a0d7185b0de88f701b4d2034,0.70045807817179773,-0.013739059778706585
text-normalization-challenge-russian-language__58b276c1856a4fb9bcab9b39a486e6ca,text-normalization-challenge-russian-language,cards_senior_0812.jsonl:44,text-normalization-challenge-russian-language__72ffca379ad24a7d9770ec6283fc0dca,18e3b7f5034d4086c4951be188b515cb4a117570be47291dcc4cda172e2c22e1,0.74668678939966127,0.082138625125686149
text-normalization-challenge-russian-language__5998c55d22de4bf6bc7f76a875e4c497,text-normalization-challenge-russian-language,cards_senior_0812.jsonl:43,text-normalization-challenge-russian-language__5be537a6757449f7b6d0b511451ce61f,d8c3b36c3cfc9895e680b984848e7fbe1478e95b2fb84d332e0d0a8476102b68,1.1271338891571285,-0.0062399097718651769
text-normalization-challenge-russian-language__59a147d11d09453897648ec96785a4f7,text-normalization-challenge-russian-language,cards_senior_0812.jsonl:39,text-normalization-challenge-russian-language__55a229aa174d486d850e5a12041769af,e9c2acc4e3da08b48dc12269629a43e42100019cf749f09818e504cada6f8b8b,0.67503842520747781,0.0074748649820339476
text-normalization-challenge-russian-language__5be537a6757449f7b6d0b511451ce61f,text-normalization-challenge-russian-language,cards_senior_0812.jsonl:43,text-normalization-challenge-russian-language__7cf9c1230f6640b6b48702ebe23b5384,5011758c4321ea656ec663b3d56085c283c832b8394d7e6b92efc27d83da759e,0.69306966176520768,-0.28154875605873858
text-normalization-challenge-russian-language__5cb241049fb7459097269af2789b399f,text-normalization-challenge-russian-language,cards_senior_0812.jsonl:40,text-normalization-challenge-russian-language__cc47bdd5a91c4fc581348f649b450682,e27f7d0104d85360b37495521d0bf89c61f8dbfdc19cd5770daed8b39a3de779,0.096715818954820398,-1.1578735234049493
text-normalization-challenge-russian-language__5de0da1253c54fb0ba4a197a2e8ce77a,text-normalization-challenge-russian-language,cards_senior_0812.jsonl:41,text-normalization-challenge-russian-language__bf5a4ad2d3454d7eb41b8eb872f62bf7,83e71f58157a7ab193c3b2c88ff5c45f1bdf500a76794c4caf4bd9ce1a0bbf60,0.4686302772611009,-0.043511966169406259
text-normalization-challenge-russian-language__5de57c9e0a4647a9baa471cd36769c98,text-normalization-challenge-russian-language,cards_senior_0812.jsonl:42,text-normalization-challenge-russian-language__cc18e2d6225641a69133d69cac1cf6a9,41102cb53bef5c51d28c87872b46b8cd43234e4ba58bbbd4c02c216e16ad08e0,0.31668527188158968,-0.016405591679597376
text-normalization-challenge-russian-language__5e63e03c07774ebe84a5490d830bb889,text-normalization-challenge-russian-language,cards_senior_0812.jsonl:42,text-normalization-challenge-russian-language__f7072507cc724121893ec604731ef31a,e8ef03556fc5e21021306436b04ca6686469f9d547b0dbc9858c6d040d3d5e67,0.56194820381032451,-0.15100197194102616
text-normalization-challenge-russian-language__5e9c3fd0d49e44689991fc184214cf53,text-normalization-challenge-russian-language,cards_senior_0812.jsonl:38,text-normalization-challenge-russian-language__34eaf63a19ef45b5b503de3e1e1f5f96,895807bb5527a906790ad8323f4e1bba275420df7d407d5ab498c62faa478477,0.70736692558417524,0.14718129206995156
text-normalization-challenge-russian-language__60427bc108ab410ba7d4a8e8d1cc57d8,text-normalization-challenge-russian-language,cards_senior_0812.jsonl:39,text-normalization-challenge-russian-language__81dbc11af10d4d8fb2bae3883d0345bb,fac69882c07b77d621d17a031b0de0bdc4e64cb3bf84599a7cfb2e8368109fe2,0.14943568674262669,-0.42034972420351152
text-normalization-challenge-russian-language__60bed93c1590466dbd419b5ed18983e4,text-normalization-challenge-russian-language,cards_senior_0812.jsonl:42,text-normalization-challenge-russian-language__82ae81267e7640f181467c159dff8ca0,7a2c793a5f3b15ac24b6f8b22814604841a0daddde76361b70beb6c19b272142,0.62423438573955359,-0.18597146991092561
text-normalization-challenge-russian-language__64fe76d01c024ea985c7995908bda30d,text-normalization-challenge-russian-language,cards_senior_0812.jsonl:38,text-normalization-challenge-russian-language__6cece729257f4511993b15fd5cbea52f,fb49e8b2df7705784151c0f53e4fb2831b458121c4d66c6b6ce10deb58fbb220,0.90343458073956018,-0.10762396114072613
text-normalization-challenge-russian-language__68e5c1c818dd444abf247825b8fa33d8,text-normalization-challenge-russian-language,cards_senior_0812.jsonl:38,text-normalization-challenge-russian-language__d517cb2be25b4d0a9bcfe65f6c799266,880bddb6c7948dcadd18d9e72f15853434320a573c4219d268bce1df54a9a92e,0.37599720538001236,0.070503938907872474
text-normalization-challenge-russian-language__6a0210393a6f40b1a8c92ccd99aeb6fe,text-normalization-challenge-russian-language,cards_senior_0812.jsonl:37,text-normalization-challenge-russian-language__f99a070c256847d6a264ce7bc6a77593,012b68d460db54138d7d3e321c4cc074edde0d5d7588144eb8c369592605df6f,0.31821355721351846,-0.7552093313731465
text-normalization-challenge-russian-language__6a871e3c037449c59399c258b57e20d7,text-normalization-challenge-russian-language,cards_senior_0812.jsonl:43,text-normalization-challenge-russian-language__c1614ae22541468fba9871e355c1d50a,891b1139b07232ce53d5d215246bb1a7132828d1910f6da07108fb3ce8435b61,0.97652423872949123,-0.18342830842840849
text-normalization-challenge-russian-language__6ac36195d73d4095bdeb75986401bd8d,text-normalization-challenge-russian-language,cards_senior_0812.jsonl:40,text-normalization-challenge-russian-language__2aeae37238cb4c5f841ea4ac4c27c941,9256e97b39e3e7aaa23b6157927b750657c062a13f90602576f3b2091486f535,0.25892239455815169,-0.54543886352663729
text-normalization-challenge-russian-language__6d1aaf9942cb4ce587b5947a289bfe40,text-normalization-challenge-russian-language,cards_senior_0812.jsonl:41,text-normalization-challenge-russian-language__5c83d6e287b84974b39719bff24a04cc,717fe0ebc6bc2999935ece2420145b60e6bdb5ae2214735891b9f8174e81e520,0.76825607366553206,0.21521546526428276
text-normalization-challenge-russian-language__7044b87fb96b4e4f870909c92f2458e7,text-normalization-challenge-russian-language,cards_senior_0812.jsonl:40,text-normalization-challenge-russian-language__5004eb2cf6df4d8fa9428166a1ab9547,4499d3dfec7cfd5da61ee207e85ce3d28e68868a56e7da1d14b38ba7a5b11d7f,0.54945532538446262,-0.045524974070037215
text-normalization-challenge-russian-language__72ffca379ad24a7d9770ec6283fc0dca,text-normalization-challenge-russian-language,cards_senior_0812.jsonl:44,text-normalization-challenge-russian-language__b9492410191244f18d0a886456c326b1,9f50a305e24c2da3c5ee70d41581a0df686e4b0b833f069e22e824b69c6a315f,0.51090895082060328,-0.08003935126233451
text-normalization-challenge-russian-language__7799c2fedbb641528ca38d3b1832336d,text-normalization-challenge-russian-language,cards_senior_0812.jsonl:42,text-normalization-challenge-russian-language__7bf3e4771ef84e84bf8a1443ff5d696f,45cb8cc8a491ae74d0ebd8b10afd6841316acc1f1e24e3a04837d9b1430b249b,0.31227803371824109,-0.13484740174171889
text-normalization-challenge-russian-language__7896a68b7cdc4e9c84d455f35503bb99,text-normalization-challenge-russian-language,cards_senior_0812.jsonl:38,text-normalization-challenge-russian-language__bac2231ad7a941a5a148f49c15c7a063,6e24ef7b01cfd8df085fb398a92f7436e065a2d361efef496fe0442c90b40f3b,1.0858454267164412,-0.13905469118843097
text-normalization-challenge-russian-language__7a08328d37e5403bb732f31bf1a47811,text-normalization-challenge-russian-language,cards_senior_0812.jsonl:37,text-normalization-challenge-russian-language__6d5c5012694840d692ea28d42795b64b,f5844c98433d7c91f0fdfcfda8875557b54dfc4ae6566b913d3ea3c860285fa8,0.31237930474235343,-0.74912278288602085
text-normalization-challenge-russian-language__7a414c1d83f645a28292295550bd5114,text-normalization-challenge-russian-language,cards_senior_0812.jsonl:44,text-normalization-challenge-russian-language__6f223e5ede254e699390c78bbbfe2bbd,431823ae2e140fe84b8272dae9b8fb33ca351bed90227ba1cada441887876837,0.50067351001713001,-0.39708756242610349
text-normalization-challenge-russian-language__7abf8d5bd62748b281b6ed612f9bd8bf,text-normalization-challenge-russian-language,cards_senior_0812.jsonl:43,text-normalization-challenge-russian-language__8a92a7e9df4b44ce9b00a2299d182cc3,2d2e72df01cdd261468293436a267c36e3fe2102bc26d9b0fef82dde2e4bd3da,0.65515711877044724,-0.25720343686094072
text-normalization-challenge-russian-language__7cf9c1230f6640b6b48702ebe23b5384,text-normalization-challenge-russian-language,cards_senior_0812.jsonl:43,text-normalization-challenge-russian-language__2e7c65b51d0443a1a97770d7f82b5b3b,28754e72e8a39b7bcadf0aa49f5b83bcf5fd383bb5219f9164a9dc8649d6475a,0.49719845420803777,-0.11210739800246301
text-normalization-challenge-russian-language__81b6feea09f348e49dd45692a3929ef7,text-normalization-challenge-russian-language,cards_senior_0812.jsonl:41,text-normalization-challenge-russian-language__6d1aaf9942cb4ce587b5947a289bfe40,1e02f4696417fc34620c564eca225774c184eed474b28bc4f2694845ba7e2054,1.033486757940357,-0.052366184869182444
text-normalization-challenge-russian-language__85633a5fee0d424d999ba7af1274a072,text-normalization-challenge-russian-language,cards_senior_0812.jsonl:38,text-normalization-challenge-russian-language__919c08140adf4d6baf2d912fb5419708,b66b04cc205325bfefb9e890bb38ee7e4330f60990c5d4ac065051407fe427b7,0.23455864574118915,-0.27757829655937455
text-normalization-challenge-russian-language__8645e6eb5eb942cda7ba25eef0156996,text-normalization-challenge-russian-language,cards_senior_0812.jsonl:43,text-normalization-challenge-russian-language__c1614ae22541468fba9871e355c1d50a,2f983cf45f0f4ab9898a59944a056b3d3eedcef3aee988242cc15d16aea56869,0.68810763002874575,-0.22484744002000051
text-normalization-challenge-russian-language__8705f1058f604c709f1f1d825af6bb77,text-normalization-challenge-russian-language,cards_senior_0812.jsonl:42,text-normalization-challenge-russian-language__a9e2c77d4c4646479957cc1dca2138ce,01338708b60de1def44e28ad2e7a032d8316a8d3b0808580ba2eb8ec59e07082,0.40225076376380242,-0.36088322339500228
text-normalization-challenge-russian-language__8c5f1c406f334861a94ec03ee570fe5c,text-normalization-challenge-russian-language,cards_senior_0812.jsonl:41,text-normalization-challenge-russian-language__dc6713d1a4c047e08b283954e65e09b6,f2552daf8d46e21ba9b8b44c499f9d51a3df5f42e3ca82da28c12046cd5d20a5,0.70930764272995461,-0.093320176058912047
text-normalization-challenge-russian-language__909b3f304f5d45bfa7800d19fd5009ba,text-normalization-challenge-russian-language,cards_senior_0812.jsonl:39,text-normalization-challenge-russian-language__4a3b3db3bf0a418fa1cfb435f02e9149,a4a74566e740f5e2de36e96621c9ac941e9cc06da186fd123a886731498995d1,0.66767987543965901,-0.2369122894574297
text-normalization-challenge-russian-language__91160e68609941eebb95dc03ed5e3d79,text-normalization-challenge-russian-language,cards_senior_0812.jsonl:42,text-normalization-challenge-russian-language__cc18e2d6225641a69133d69cac1cf6a9,a0601b6a86e5e53b015a60224879f03875e4553ecf773eef403428f16ca5bf16,0.036934395248514572,-0.41938278724885897
text-normalization-challenge-russian-language__93717009e06a4bdd9288a4143439618a,text-normalization-challenge-russian-language,cards_senior_0812.jsonl:44,text-normalization-challenge-russian-language__2a06c705831c441ba4692d1aa0651b53,05c73f6e4ac26eceea5f42d26dac60f964e8987e5c80c701a49cac90c0bb15dd,0.33257409553860068,-0.44329887549201424
text-normalization-challenge-russian-language__960e54f59e17487b982cbf7ca8f38ef4,text-normalization-challenge-russian-language,cards_senior_0812.jsonl:41,text-normalization-challenge-russian-language__6d1aaf9942cb4ce587b5947a289bfe40,49ec24eef2eba674bdf983d09e67d0a3d9e6731173e5516937bcefbfe66c2d2b,0.85037813294929954,0.23230534268882486
text-normalization-challenge-russian-language__97903b62bd214d969b4f961f967307ff,text-normalization-challenge-russian-language,cards_senior_0812.jsonl:39,text-normalization-challenge-russian-language__a7726594a3ee472f98628e7af36f5c58,4a80de28f3eb11ec4f0a085db377b6b9b7afd1415aa54249737a2083110637f6,0.72751626867378905,0.012678139444116542
text-normalization-challenge-russian-language__9963e4c6c86540b8870999ca76c59192,text-normalization-challenge-russian-language,cards_senior_0812.jsonl:38,text-normalization-challenge-russian-language__7896a68b7cdc4e9c84d455f35503bb99,4eb9e3c87147cac3ec4f3b565ed0436bb9fdea0d73b3890ce57a34958885941e,1.323917879264382,0.041697501785454588
text-normalization-challenge-russian-language__9eafaa7c851d4f33876c811af0c12639,text-normalization-challenge-russian-language,cards_senior_0812.jsonl:37,text-normalization-challenge-russian-language__d452cab0de23410eb0365d4a862506e6,df1e9681d729f11ccd689005606fe404b975fe27a40e629e9984bd1d97404098,0.4809773399539945,-0.51579118830535142
text-normalization-challenge-russian-language__9fb23408e3364f678ffa600d13f70d5c,text-normalization-challenge-russian-language,cards_senior_0812.jsonl:43,text-normalization-challenge-russian-language__6a871e3c037449c59399c258b57e20d7,db9cb4e86a6a7d9c9ca27821ab33e2bca0e6ae2e32e2d08de7ea267263417c29,1.1711491281660598,-0.094798492277234581
text-normalization-challenge-russian-language__a76c1c4785e9467f909a3ff9aa67ee12,text-normalization-challenge-russian-language,cards_senior_0812.jsonl:41,text-normalization-challenge-russian-language__aa616fbd144f4874afaa8e6f14e68d48,a4575b52c1044bf5ee87b2bc4ef9be605056e5993ed4d4421936910912b2fd7b,0.18948100601339102,-0.063304247092772839
text-normalization-challenge-russian-language__a8916d82a4014e9f9f6eb1cb7c03f46d,text-normalization-challenge-russian-language,cards_senior_0812.jsonl:37,text-normalization-challenge-russian-language__7a08328d37e5403bb732f31bf1a47811,87d007cf8d589e0f7f08a3f4800316980b7036cdd2e841b413b26c1cea8c474c,0.4669694462548582,-0.68990981402407869
text-normalization-challenge-russian-language__a97972b43def4930834825256633d855,text-normalization-challenge-russian-language,cards_senior_0812.jsonl:41,text-normalization-challenge-russian-language__0e0e660fdcc24a2481f6be333d3940a9,b78c84ebd3577905079134275dce1a622af5b6c2e86df6654ea1416c3276e23b,0.41060524125497,-0.1076233230883278
text-normalization-challenge-russian-language__a9e2c77d4c4646479957cc1dca2138ce,text-normalization-challenge-russian-language,cards_senior_0812.jsonl:42,text-normalization-challenge-russian-language__ebdbfbb3755e4af3864f2059da784870,f7c0aa1f692b19c5f80db03fd3e2676f918a268a978ddd66f64b909ae703950d,0.54140507536117766,-0.14147797575594875
text-normalization-challenge-russian-language__aa616fbd144f4874afaa8e6f14e68d48,text-normalization-challenge-russian-language,cards_senior_0812.jsonl:41,text-normalization-challenge-russian-language__c6fe6013eb6f4c8086644dd03578759c,eaa81d31449d6530c5ef723d073ed7f4a64e263d312d8271c578993ee6102d0e,0.29156602361330564,0.030677049529038446
text-normalization-challenge-russian-language__ab11f69124324c37995c8d47551b998a,text-normalization-challenge-russian-language,cards_senior_0812.jsonl:40,text-normalization-challenge-russian-language__6ac36195d73d4095bdeb75986401bd8d,f5999f2a364288dd03bbf569701d2e09a30596c8546c3c1e376913da06e686da,0.41669996766361406,-0.38338220064210393
text-normalization-challenge-russian-language__ab24ee1a3c50420289a4a9a5c13f317e,text-normalization-challenge-russian-language,cards_senior_0812.jsonl:39,text-normalization-challenge-russian-language__d53287b3fac94287b5f1980654d4997f,1fce06439c3fb51b16b79d8edf96996302f50ee82d804180e40a730d1985426a,0.67682642196708953,-0.041284805736114025
text-normalization-challenge-russian-language__ac1de37bd81546d4a63f24088fa99a01,text-normalization-challenge-russian-language,cards_senior_0812.jsonl:42,text-normalization-challenge-russian-language__5de57c9e0a4647a9baa471cd36769c98,abc3165113ff6072fbb80fbb3edf97757bd7f678132411c7b26264274f22880f,0.4945178317734224,-0.12924840530912329
text-normalization-challenge-russian-language__af4048f968224d56af0edbb42738073b,text-normalization-challenge-russian-language,cards_senior_0812.jsonl:41,text-normalization-challenge-russian-language__dc6713d1a4c047e08b283954e65e09b6,c0b6c0a264f4ea2433b8d6782b8bf4204a2af05ffd3cab563618630ce9ed2340,0.53512121278108538,-0.1795373187149932
text-normalization-challenge-russian-language__b0421d2db38e4c3fbbe9087838ecdeac,text-normalization-challenge-russian-language,cards_senior_0812.jsonl:37,text-normalization-challenge-russian-language__ce2c46afb69a45afad93d34e37a8bb16,810b5157ae2ddf71b6b7ba8e75e2609a9e3c404249d6fcdacd5a0dd4dd6e3f71,0.2728146658657809,-0.74341501251692776
text-normalization-challenge-russian-language__b3f45b64534f42c4ad964719d633351f,text-normalization-challenge-russian-language,cards_senior_0812.jsonl:37,text-normalization-challenge-russian-language__d09d8253473d43dbb2f4b61161831f8f,7a21918cd092ddbb780030d23041c00faa274b8f1c63cc505166200d69e65058,0.3154438315942652,-0.78554676756360597
text-normalization-challenge-russian-language__b618048f95564fe88d5bf12418634f9f,text-normalization-challenge-russian-language,cards_senior_0812.jsonl:44,text-normalization-challenge-russian-language__72ffca379ad24a7d9770ec6283fc0dca,a8e88e428af96ed012a5f3e79e5651149fb63e9a666b22ce0ce22889440f25df,0.53473698214653531,-0.46856216914888393
text-normalization-challenge-russian-language__b8b6ad2bdf18467eaf67609e92cc5178,text-normalization-challenge-russian-language,cards_senior_0812.jsonl:43,text-normalization-challenge-russian-language__6a871e3c037449c59399c258b57e20d7,5823242ab77b8d0c20e57ec3f7b959a3b76d8471d83dca9ebce71b4eb26cb3c3,1.0992502263034414,-0.1900188049188678
text-normalization-challenge-russian-language__b9492410191244f18d0a886456c326b1,text-normalization-challenge-russian-language,cards_senior_0812.jsonl:44,text-normalization-challenge-russian-language__2a06c705831c441ba4692d1aa0651b53,60b1a7a4aa5e13aebb9f504d9aec4e5544636a2e05dbb57596eeaaf70a4226a5,0.45621838344197402,-0.1402597301978743
text-normalization-challenge-russian-language__b9a1d066739c4b9a9ebaf07d9ae10b18,text-normalization-challenge-russian-language,cards_senior_0812.jsonl:38,text-normalization-challenge-russian-language__1211e04cb3b9427f9a1fe04fc085bb16,6a6614e7e993a405392f01676e7ffe59d3f939eefbafca90597193d38172ba75,0.58253398741410378,-0.13023266236572212
text-normalization-challenge-russian-language__b9f7850b5f4e47a383ef5b12aec6e95e,text-normalization-challenge-russian-language,cards_senior_0812.jsonl:40,text-normalization-challenge-russian-language__872bb71b1d1a4e8d8aba83d829c547cc,7e03124fded205fa6fc66952d56159325e574a7a55155a8fba8633efa2326e73,0.48647562992068499,0.062669533676691411
text-normalization-challenge-russian-language__bac2231ad7a941a5a148f49c15c7a063,text-normalization-challenge-russian-language,cards_senior_0812.jsonl:38,text-normalization-challenge-russian-language__ad8b63f71a2c40409ea1f3a32340aa6c,0ef3c560e2b87f91d009585b67754df5e78d46389d0aad3d7e950de8b4aa3d6c,0.69601519142766366,-0.27628830688498629
text-normalization-challenge-russian-language__bbab90e2efbf4311aa036bed11fb1c71,text-normalization-challenge-russian-language,cards_senior_0812.jsonl:40,text-normalization-challenge-russian-language__0b86134fc292403387faf1a009c0f845,95503261e158ae41d7a66677ce6a0c84ce98b367ce43fa214cdb03744025cf2b,0.31754386640220567,-0.50283659461972852
text-normalization-challenge-russian-language__bf5a4ad2d3454d7eb41b8eb872f62bf7,text-normalization-challenge-russian-language,cards_senior_0812.jsonl:41,text-normalization-challenge-russian-language__40a247af30154e3ca944f0cecefdcef1,5d0095eb676cf69f88fa0726bfb08b37b62e67054b725011bcbf663ae5225987,0.35696245904201812,-0.13540155797351461
text-normalization-challenge-russian-language__c017e89acaf8453ca14bedfe866751ff,text-normalization-challenge-russian-language,cards_senior_0812.jsonl:41,text-normalization-challenge-russian-language__2b3c8792dbd648b493483f422a743f9a,5676a178e14555a5968140edf28c25badbbb1d846ef71ee2cfee03bc42a7ca6e,0.65485174494433152,-0.47893205459888194
text-normalization-challenge-russian-language__c1614ae22541468fba9871e355c1d50a,text-normalization-challenge-russian-language,cards_senior_0812.jsonl:43,text-normalization-challenge-russian-language__7cf9c1230f6640b6b48702ebe23b5384,c3df1c21f57a8da01e48f02593b43f149d3c1a32d8a71f686bd91a0daff65f4b,0.90753877778342373,-0.17159758919139378
text-normalization-challenge-russian-language__c3e50879a03a469eb309a59dfd0afec8,text-normalization-challenge-russian-language,cards_senior_0812.jsonl:42,text-normalization-challenge-russian-language__c739780172404001a37299afe05da63a,35e50f87e0a0a029527038b7012b7af0c40af9215eee92738f43420b53dac178,0.61549507752202626,-0.6340384690039117
text-normalization-challenge-russian-language__c3ee9f7ede8e497884bec6e80a992633,text-normalization-challenge-russian-language,cards_senior_0812.jsonl:40,text-normalization-challenge-russian-language__c4cb2ce140704fc28e300aadf8aef71d,d6ec9bc61de6acf6125187447f93d0f6ee3e57405f1ff162125043ddb51ff40f,0.42914908190200773,-0.35437380034391691
text-normalization-challenge-russian-language__c4681d4d50b0451db5b660a1e57f6bfd,text-normalization-challenge-russian-language,cards_senior_0812.jsonl:43,text-normalization-challenge-russian-language__7abf8d5bd62748b281b6ed612f9bd8bf,bdb191604615a7c5b8853a82fc608978ee3fe1a84504c795bb4985c861284847,0.80270053620688853,-0.2864040875222702
text-normalization-challenge-russian-language__c6fe6013eb6f4c8086644dd03578759c,text-normalization-challenge-russian-language,cards_senior_0812.jsonl:41,text-normalization-challenge-russian-language__bfd6bb51c3d04e34bcc99edd1e49f4c7,02e2a845582d118d15db8aeb250a7144d5ea0b12894d3cb5e203c85c2f002cd3,0.11526494457385518,-0.084252843742266464
text-normalization-challenge-russian-language__cc18e2d6225641a69133d69cac1cf6a9,text-normalization-challenge-russian-language,cards_senior_0812.jsonl:42,text-normalization-challenge-russian-language__9fe250e014dc44bfab7ff5bb157211e7,b9ab9d12dff4c0523a28e955d4a33bedf96d9bf0693600ac3f43ec28df0366c7,0.17346216897591007,0.013089691994044052
text-normalization-challenge-russian-language__d079cf622d024c61a3ead3ff97c58c8c,text-normalization-challenge-russian-language,cards_senior_0812.jsonl:42,text-normalization-challenge-russian-language__7633c8b1e3b04645a7b6f8b5f347a163,4ee540ea3cfb8c9611f9d641aa06f8308361a6b6988e9796ab660ea7099519c5,0.60132687949407393,0.040631529280628256
text-normalization-challenge-russian-language__d44e6df47a9d4c0e855d7f7e959313e4,text-normalization-challenge-russian-language,cards_senior_0812.jsonl:37,text-normalization-challenge-russian-language__b0421d2db38e4c3fbbe9087838ecdeac,60c5d5986c0d2e5df6e976183d777fbeacd8ebd8e3d56d3e0fd28df6a601a02a,0.32734529909506188,-0.52169619507897225
text-normalization-challenge-russian-language__d452cab0de23410eb0365d4a862506e6,text-normalization-challenge-russian-language,cards_senior_0812.jsonl:37,text-normalization-challenge-russian-language__7e54a5156859448bbef940633cf284bb,915cd9b5eb985ec983310d00d52da7bd26846d63eb12e2bfeb050df3a56c4c24,0.21921696484606668,-1.1249902370643747
text-normalization-challenge-russian-language__dc056f03fedb4aef8311433f06a395b4,text-normalization-challenge-russian-language,cards_senior_0812.jsonl:42,text-normalization-challenge-russian-language__4fb67a48f03144408871ddf202d45bd9,ec12fdadac0a7f02388be03d5284491c3b70a090a4e5038d70de3a05a81066ac,0.32393241848898052,-0.15849675085184042
text-normalization-challenge-russian-language__dc6713d1a4c047e08b283954e65e09b6,text-normalization-challenge-russian-language,cards_senior_0812.jsonl:41,text-normalization-challenge-russian-language__4da2cdc6b32d49ae884c1cf1746af464,ab0c3f75657f402b1920bf14a995abbff67e9ff10baaa3ed0f70b11aff84a8c4,0.40911817836340897,-0.15499116818197517
text-normalization-challenge-russian-language__e11babf316634f46bb5709d78ae52eb9,text-normalization-challenge-russian-language,cards_senior_0812.jsonl:44,text-normalization-challenge-russian-language__7a414c1d83f645a28292295550bd5114,f0a8833d76a4e3740c34dfdbf03e92a0042b042c14784051a4214e77b6aaa31f,0.63271724277111618,-0.16561297698294597
text-normalization-challenge-russian-language__e33727a31647475da647ddab2f417e4e,text-normalization-challenge-russian-language,cards_senior_0812.jsonl:41,text-normalization-challenge-russian-language__a699b48176da43848dcde4eddf1aa564,bebb445ac54d0579c0411a3e73bf7e234ff3fb90c06157027598fba05fb07d3e,0.85497174729594039,0.01948871483463473
text-normalization-challenge-russian-language__e33e9ea27a8948d4a1d60b15b56f1151,text-normalization-challenge-russian-language,cards_senior_0812.jsonl:43,text-normalization-challenge-russian-language__c288bd1bbb7e44579c8b284c9a543847,2314a8b92706328abe82dba964dafede66639f3828ec3d9676f8cb4fb7234975,0.11519152319307582,-1.177511018913975
text-normalization-challenge-russian-language__e3a6c9482aba470c87fb0db189a214b0,text-normalization-challenge-russian-language,cards_senior_0812.jsonl:42,text-normalization-challenge-russian-language__2f1d6a37d652403e902f4320bf66113e,2a861160eed18e0ff14d5d4c9f21c5c0aae691e091ea469cff8668a849454360,0.73489298734556963,0.05882862618913854
text-normalization-challenge-russian-language__ebdbfbb3755e4af3864f2059da784870,text-normalization-challenge-russian-language,cards_senior_0812.jsonl:42,text-normalization-challenge-russian-language__5de57c9e0a4647a9baa471cd36769c98,66832276ea56865f8838b88068115f4d3a9e83b4646c606a432f36ff109160dd,0.36994661526582373,-0.10211459655760097
text-normalization-challenge-russian-language__ece3fa9f798344c3b71b6098ffb8411f,text-normalization-challenge-russian-language,cards_senior_0812.jsonl:42,text-normalization-challenge-russian-language__12398bcf1fe5453dae98ea2543361702,73cf95aa03f3822784e89bbadfa86405e0facad2d2df0b4fe3538d1e6ca4f8fe,0.46887448695011769,-0.13292229892789537
text-normalization-challenge-russian-language__f6d8fa05be8c45e881cb7711d5cb6ba2,text-normalization-challenge-russian-language,cards_senior_0812.jsonl:42,text-normalization-challenge-russian-language__a9e2c77d4c4646479957cc1dca2138ce,2af30ae011f8cd5b49b2d8e15463c3775198fa759a12eb4cf35f91d359314480,0.6139017489337657,0.048224112278551473
text-normalization-challenge-russian-language__f7072507cc724121893ec604731ef31a,text-normalization-challenge-russian-language,cards_senior_0812.jsonl:42,text-normalization-challenge-russian-language__ebdbfbb3755e4af3864f2059da784870,7c597ac4da7bdee59bd74462e9fe54e5b796b6c7f8738f1c8bee2c55e0890426,0.27817273046224794,-0.094622153852956137
text-normalization-challenge-russian-language__f99a070c256847d6a264ce7bc6a77593,text-normalization-challenge-russian-language,cards_senior_0812.jsonl:37,text-normalization-challenge-russian-language__7e54a5156859448bbef940633cf284bb,03efdf2a982661a15fb5620a9ec7528157a732501ab19ebe4f872b09c312a554,0.11622915071658557,-0.84647842852443889
tweet-sentiment-extraction__0bdfe534c56145aabd20d7fc6af56e99,tweet-sentiment-extraction,cards_senior_0812.jsonl:48,tweet-sentiment-extraction__d2077cff0ab04899be790a673b98ba7b,e06c8b4ca46df171fbef4b1b3494f4134c6ce4d7ac25cb08d67da21334b4334a,1.0475799835310113,-0.16489185027104328
tweet-sentiment-extraction__0fb8a292915541d0b5b04f25502116bd,tweet-sentiment-extraction,cards_senior_0812.jsonl:47,tweet-sentiment-extraction__a3922cc751934627b3f122ae71ec47bf,f61d979ae5032638e15c3080e467e001016b71dbbe8ee16565c25259167162ba,0.98533426033824634,-0.033979588800181995
tweet-sentiment-extraction__1042ff8ef77b448c8909bfba24c8e015,tweet-sentiment-extraction,cards_senior_0812.jsonl:45,tweet-sentiment-extraction__9450481bd1e34553b2eb65463065667d,d051200a0e837984102456f4bcbffcf54c6e0892d4f876af3a374ee8c50ab423,1.394003340138394,-0.12325436985642775
tweet-sentiment-extraction__1177336d70a04dbbaa715b496c09af1a,tweet-sentiment-extraction,cards_senior_0812.jsonl:45,tweet-sentiment-extraction__2f4edd65f92b4bcb9273e3cb5c00908c,e55b6be37c60adc2c46227dfbc4b85baa840ab56876a5651a311a3fe5a83ff20,1.2876888903684054,-0.15521976094568105
tweet-sentiment-extraction__17c08d06a2ec4a10a1fb437402a8ecf7,tweet-sentiment-extraction,cards_senior_0812.jsonl:46,tweet-sentiment-extraction__f04bc287f3c04ca8bfbe3cc2cfb7be12,1c3b95011c0c261a131cb3a9f43b847e8617d84dc0a92b41b3d245127118497c,1.1128365455952498,-0.14729192591983292
tweet-sentiment-extraction__199ef10dc03542ba85071d91fc223e28,tweet-sentiment-extraction,cards_senior_0812.jsonl:46,tweet-sentiment-extraction__5ec0057db89a4de8a0c345710233da0d,343759d3d85dcb41791b1e82dc64f16eb0d68646cf37aadc028aae2adc0ea547,1.390334102290768,-0.11926272008392673
tweet-sentiment-extraction__1d506f29d36e4754afcff7452297eb15,tweet-sentiment-extraction,cards_senior_0812.jsonl:47,tweet-sentiment-extraction__b428deb48b744565b2337ba984cea80d,d1943d942bb3bcf37c722e4f60dc04452a7a5534377b1977c5f7bd1dd2ae5c0b,0.9824323992044468,0.27875276979709485
tweet-sentiment-extraction__21debc794cfb4333b9c8e901fe1af435,tweet-sentiment-extraction,cards_senior_0812.jsonl:45,tweet-sentiment-extraction__d01f61e07ddc4f9f8b9b31df5ded1d01,e3081c3a96c7f990a321fbc46b42d23aa5b0023b97e1c74ee49f9ff435f3af29,1.3818441553408138,-0.069567372074167008
tweet-sentiment-extraction__2f4edd65f92b4bcb9273e3cb5c00908c,tweet-sentiment-extraction,cards_senior_0812.jsonl:45,tweet-sentiment-extraction__59028c7124314571a6062178500f0007,b80fff30f3709361e25f4ed2ac2a813bd4e48d15ec9352e39ff17d420f5668f5,1.2654249403022404,-0.15071953422078424
tweet-sentiment-extraction__2fa408c1f4d045feb9a0ff73d0f63416,tweet-sentiment-extraction,cards_senior_0812.jsonl:45,tweet-sentiment-extraction__1177336d70a04dbbaa715b496c09af1a,97b29583daff19ddacc0b13574532670a9e54bf0b969fc5363b1f80abe4beee4,1.3459879102596457,-0.10015776306573246
tweet-sentiment-extraction__2fbb620c080d4723ae08def982bba112,tweet-sentiment-extraction,cards_senior_0812.jsonl:46,tweet-sentiment-extraction__e1406723b28b47388ffcd993f52ce381,a2bca21033862d0b2e2b2417bbb4219925f6bf8ab9bac6e191d72b5762385d45,1.287338161309493,-0.055811563530867046
tweet-sentiment-extraction__2ff02b2835f34c55902ef19dbac198b8,tweet-sentiment-extraction,cards_senior_0812.jsonl:47,tweet-sentiment-extraction__1d506f29d36e4754afcff7452297eb15,91e819e77a65502f84ba4633d42253e87c18e13ec430ed87aeb73fdfaa9960a4,1.0573520944263839,0.16561489204103841
tweet-sentiment-extraction__31f8746561ed40959fb82ec4845b809d,tweet-sentiment-extraction,cards_senior_0812.jsonl:46,tweet-sentiment-extraction__17c08d06a2ec4a10a1fb437402a8ecf7,df323d6726be0dc7f02fd0907063669067e083ed0d9676df6fa7e2eca3f8cea5,1.1832163872866803,-0.21432938025636325
tweet-sentiment-extraction__3b7e4c3947bb4ff2970394ac9f477a84,tweet-sentiment-extraction,cards_senior_0812.jsonl:45,tweet-sentiment-extraction__73f5cc29a8e645c890dce7cb173b4355,2b70bd9ce63b7460478e93ae9d558414119c50a02b18946d84005105b14f7f9b,1.3649670234400118,-0.1352280792217849
tweet-sentiment-extraction__4aa169e4befe4036a8d173ac89d6ceb0,tweet-sentiment-extraction,cards_senior_0812.jsonl:48,tweet-sentiment-extraction__b9a51a1087b7472ca971e0cb7c24878b,3257797a072715eb562dac6b7202ec7bdb23f7c57b097661eb5dde06d473a364,1.0382954278386365,-0.21502327461913953
tweet-sentiment-extraction__4cbf9d7a62e5455e935dfb51b9d69456,tweet-sentiment-extraction,cards_senior_0812.jsonl:46,tweet-sentiment-extraction__60da80c05ec849aca8ed6f49dfa70d39,04800e9a7f36a92fa8c7aa2eef1e21f81c6383c6a3f56d5197c112cedbd3b9d9,1.3703575007565092,0.030604038718410415
tweet-sentiment-extraction__53177aa26e6e42c0b0341a5b34d4faab,tweet-sentiment-extraction,cards_senior_0812.jsonl:47,tweet-sentiment-extraction__1361a6bcecc8414f9aecd86c48bc6c82,71a049bc0e6258349a102b59754c524335e07081afc68e63a6098f37c6927136,1.3107145785116918,-0.2405988970206023
tweet-sentiment-extraction__54c3615271094e27ad734d0c41d5cb30,tweet-sentiment-extraction,cards_senior_0812.jsonl:48,tweet-sentiment-extraction__2e004bbee1df490688467155cb77e260,27b8708e977aa52d92c607dc246920cfffd6a01f60eb00e1719dabbca30b1985,1.0087684319966674,-0.1381747932604161
tweet-sentiment-extraction__59028c7124314571a6062178500f0007,tweet-sentiment-extraction,cards_senior_0812.jsonl:45,tweet-sentiment-extraction__031ae5e8e3ca40cc95224b93b191aee8,7960473c14c12cf725bbccca920a61acb8d099de258defa6cda5e546c37f1939,1.1854042091901176,-0.13713792130488917
tweet-sentiment-extraction__5baceab56e764cd0a78c524ad5668da0,tweet-sentiment-extraction,cards_senior_0812.jsonl:45,tweet-sentiment-extraction__8f48a0a781ce48b184795293d0d32e31,092f659fdf7b494f98ce2580d903e8ae3504e40ea4ebbc8229fae1b47d8becd0,0.87659185840242004,-0.20970528617480891
tweet-sentiment-extraction__5ec0057db89a4de8a0c345710233da0d,tweet-sentiment-extraction,cards_senior_0812.jsonl:46,tweet-sentiment-extraction__a8d16dba995f4386b8a51f706a9b828e,04d29ed04402d7755be8dc635f80b18ec1a7c71aac05133d32ffd192d479a2d4,1.3703145610994316,-0.10304542051497829
tweet-sentiment-extraction__6734074c80154f18880e0867c22a1170,tweet-sentiment-extraction,cards_senior_0812.jsonl:46,tweet-sentiment-extraction__bfc69ee3baf84e1aa38adf69873e92c4,a7bfc74956ded64697245b4b29cf739eebfa0a8f3cfbc3a68629b2ff11d43334,1.2327343070207695,0.051366962204024626
tweet-sentiment-extraction__6dd80f54c6124124b0cfc5bc653d4f20,tweet-sentiment-extraction,cards_senior_0812.jsonl:45,tweet-sentiment-extraction__ce354d62589849d4a0bc5a91793f56cf,f8acb6ea26e5fad847b0d5c65e4f3239019d60dff5d0b50e96a1ab93f4638c05,1.4995980582277166,-0.24989060422469817
tweet-sentiment-extraction__72da3faa27fc46a780165af34fed976f,tweet-sentiment-extraction,cards_senior_0812.jsonl:47,tweet-sentiment-extraction__c1985e8f984546b5bc765746d795b11a,87fc0f8fcb95b9c8d622c73ac5a823fde1207744fe849cebae1c100fb2edf3f1,0.93393111186154132,-0.048202945324020134
tweet-sentiment-extraction__732b9209c03f45b4b0ed39de22110054,tweet-sentiment-extraction,cards_senior_0812.jsonl:45,tweet-sentiment-extraction__3b7e4c3947bb4ff2970394ac9f477a84,2b70bd9ce63b7460478e93ae9d558414119c50a02b18946d84005105b14f7f9b,1.3734519202439601,-0.1352280792217849
tweet-sentiment-extraction__73f5cc29a8e645c890dce7cb173b4355,tweet-sentiment-extraction,cards_senior_0812.jsonl:45,tweet-sentiment-extraction__2fa408c1f4d045feb9a0ff73d0f63416,1722f9fb5735f961c185236d4d08951c020329bfa764e1a0d5cfb72aea6b9eb8,1.34968535489288,-0.12968572947740806
tweet-sentiment-extraction__7807ab9fc9da4e6b9c3f0bde70e15608,tweet-sentiment-extraction,cards_senior_0812.jsonl:46,tweet-sentiment-extraction__31f8746561ed40959fb82ec4845b809d,fb55c6fb781a8f763ad5d3f3241958d9cf9d7011faf5799931537112d8dc1c63,1.2618787192808618,-0.090970954592897155
tweet-sentiment-extraction__83169e204e78434cb93fee313bd2e075,tweet-sentiment-extraction,cards_senior_0812.jsonl:46,tweet-sentiment-extraction__199ef10dc03542ba85071d91fc223e28,c62d0d667248f121539b71f4c38e2ec83c587a6b50d73b2069fc558b902ca5c0,1.4220966906461245,-0.1300457515782352
tweet-sentiment-extraction__86dc92a9f04b45e5bd83757ec1c1325e,tweet-sentiment-extraction,cards_senior_0812.jsonl:48,tweet-sentiment-extraction__d32a3a1fd9c94bf3a4b481c151e5f372,69df3ce4f14d35851de0bf51f5036ae0548e8c324cbc9fa941232b0d8370f674,1.1101639535618515,-0.015947284892859702
tweet-sentiment-extraction__8b10d70f9fea43679d7e33ccbfb2f5ee,tweet-sentiment-extraction,cards_senior_0812.jsonl:47,tweet-sentiment-extraction__e91fa3854c794d8e9f5e75595ff7b5d6,4204e5ee378923c4c2f066bb766fbc4d0d688fa5eafdb28a2098fd1d4731f918,1.3547837765687374,-0.071094173813092867
tweet-sentiment-extraction__8f48a0a781ce48b184795293d0d32e31,tweet-sentiment-extraction,cards_senior_0812.jsonl:45,tweet-sentiment-extraction__8ad0747640fe4ebe9ec49f876059e90d,d0f2a959543b06ceab53105355c2c28c8c8d92d1051da495ff0ba0022153ff88,0.86940123696671723,-0.19271828710687022
tweet-sentiment-extraction__903b47e8c7f04455b104d49e15429236,tweet-sentiment-extraction,cards_senior_0812.jsonl:46,tweet-sentiment-extraction__f31b86cef7c541298d983eb319fbaed5,6eb763b62281e3fe1f9f58af0172cea5d5776367ed9e5fa9e9dd085473e94aa0,1.2002412598261614,0.010336926002144678
tweet-sentiment-extraction__918e5d880b29462aa23b3e20943fb3f8,tweet-sentiment-extraction,cards_senior_0812.jsonl:47,tweet-sentiment-extraction__0fda4563a497429d8ae8460d1ac8ad57,f9b910961e552507bca3024c80ee7f20257ee7e87b8eb7025b6bf55b31019878,0.96899874420045273,-0.062907695266682231
tweet-sentiment-extraction__9450481bd1e34553b2eb65463065667d,tweet-sentiment-extraction,cards_senior_0812.jsonl:45,tweet-sentiment-extraction__732b9209c03f45b4b0ed39de22110054,2b70bd9ce63b7460478e93ae9d558414119c50a02b18946d84005105b14f7f9b,1.3819368170479085,-0.1352280792217849
tweet-sentiment-extraction__95ffda7dae794302a742216f534bf243,tweet-sentiment-extraction,cards_senior_0812.jsonl:45,tweet-sentiment-extraction__21debc794cfb4333b9c8e901fe1af435,2da61f2405547e4f5f6ddf82557e857621eab57c8f63ee70d21cf9994c45ad8d,1.4368697244585267,-0.044819232414460862
tweet-sentiment-extraction__967bc26b97e64089b5d38ed355978bb1,tweet-sentiment-extraction,cards_senior_0812.jsonl:48,tweet-sentiment-extraction__54c3615271094e27ad734d0c41d5cb30,87cd57922f14a34202c200045b1c11b001fdb98b104f64290062242099c2f2af,1.0170490772791008,-0.25157557328936531
tweet-sentiment-extraction__970b938e26e74f518a5a2253f985bed9,tweet-sentiment-extraction,cards_senior_0812.jsonl:46,tweet-sentiment-extraction__83169e204e78434cb93fee313bd2e075,d53a4d3bf4fb548cf5052cfd2ef96b34762e806a2390d8c81c5e11e8a3813620,1.4356524257510843,-0.10788818226849549
tweet-sentiment-extraction__a3922cc751934627b3f122ae71ec47bf,tweet-sentiment-extraction,cards_senior_0812.jsonl:47,tweet-sentiment-extraction__918e5d880b29462aa23b3e20943fb3f8,e8784e3faa99be2a043eb75c9da39e1139524312a3a09d4e6d658c761a807e2c,0.970640783189614,-0.031917337549957014
tweet-sentiment-extraction__b0abca843c75460ea91fb9013fe46afa,tweet-sentiment-extraction,cards_senior_0812.jsonl:46,tweet-sentiment-extraction__67c04f2a95a94879b23fe9c541d2811d,db7b5a05e39c5213cb9c4f13088cca8391c31a36839bd05227bab2093a6fb065,1.181090995535506,-0.11257600179873468
tweet-sentiment-extraction__b1184ab4a5194c9ea40ce0b4ac6d1dbe,tweet-sentiment-extraction,cards_senior_0812.jsonl:47,tweet-sentiment-extraction__78496b9fbd874297bab962ee0214a2ce,4c8d4e0fc714db7e3d82e5d24919da96a8db27ff8f5951dd52dd5802155554b6,1.3696637572412804,-0.39879534528023364
tweet-sentiment-extraction__b4a0dd38810b4f9aa50ee380a08dd83c,tweet-sentiment-extraction,cards_senior_0812.jsonl:47,tweet-sentiment-extraction__62a5f2afd69f435f9bd1a14aeb29fd5f,0e205de98ac7a5165532ee6f4ff59e6b9167e1cde9e595438038a3b25c8e17b6,1.4897409344619357,-0.1075548677385386
tweet-sentiment-extraction__b9a51a1087b7472ca971e0cb7c24878b,tweet-sentiment-extraction,cards_senior_0812.jsonl:48,tweet-sentiment-extraction__d762b554d8184a23acdb294c1aaede3b,338bfe24867998afdb3664920e2a7c845432244b2566b146c8b0cf7e19113d5c,0.93385539043727839,-0.249228608607582
tweet-sentiment-extraction__bfc69ee3baf84e1aa38adf69873e92c4,tweet-sentiment-extraction,cards_senior_0812.jsonl:46,tweet-sentiment-extraction__903b47e8c7f04455b104d49e15429236,250c7f473d27b12ca287cc7a4ffa1c241d1ef05407cea84acd037dbca9ecb2d4,1.2268948685889629,0.046531334582215977
tweet-sentiment-extraction__c45f5792197b43bfaf88d7adbc1e9c04,tweet-sentiment-extraction,cards_senior_0812.jsonl:47,tweet-sentiment-extraction__0fb8a292915541d0b5b04f25502116bd,1a665f8d00eccb6b36e99c8afdf438f759a7bc337aa2ee98ca179acf29407903,0.9938191571421946,-0.034164946792107249
tweet-sentiment-extraction__ce354d62589849d4a0bc5a91793f56cf,tweet-sentiment-extraction,cards_senior_0812.jsonl:45,tweet-sentiment-extraction__1042ff8ef77b448c8909bfba24c8e015,10be946898496577747fe2ad2a54e8649cb886d9d106217a08a90204b398986a,1.3892491201696306,-0.20538791654293853
tweet-sentiment-extraction__d01f61e07ddc4f9f8b9b31df5ded1d01,tweet-sentiment-extraction,cards_senior_0812.jsonl:45,tweet-sentiment-extraction__cabab332aebf4412b8d9dfea69a9af51,0d526fe3e190fd116a3469bd42b15dc806bce658b7ea9a1682eb466f4d6a008d,1.3647649842835388,-0.13733175434441675
tweet-sentiment-extraction__d2077cff0ab04899be790a673b98ba7b,tweet-sentiment-extraction,cards_senior_0812.jsonl:48,tweet-sentiment-extraction__4aa169e4befe4036a8d173ac89d6ceb0,b4fc1f40c9dabaa25eab0d629baa4ff84b08a79f3e65cc0e45847d6b2be1d834,1.0156899174715692,-0.14364463639717598
tweet-sentiment-extraction__d762b554d8184a23acdb294c1aaede3b,tweet-sentiment-extraction,cards_senior_0812.jsonl:48,tweet-sentiment-extraction__2907d49a82e646b38abba66a1d064f42,9fe1e23ba98d84e0aae0e3ea6c5212b2dd225ad24d6b6c35a02b6191991dba92,0.86856605262794195,-0.27304588440363992
tweet-sentiment-extraction__dd55034f659640c88fd5da32881a6b79,tweet-sentiment-extraction,cards_senior_0812.jsonl:47,tweet-sentiment-extraction__2ff02b2835f34c55902ef19dbac198b8,b7e0156d1beeccc3c000ecfac60f2c2bade1123d258c5abf8bf88a042683bccb,1.123180618516358,0.086099531457342698
tweet-sentiment-extraction__e1406723b28b47388ffcd993f52ce381,tweet-sentiment-extraction,cards_senior_0812.jsonl:46,tweet-sentiment-extraction__7807ab9fc9da4e6b9c3f0bde70e15608,a8bac0184515edec19cac1952e175eae63529ea44bc1d75ef2f4c11d2e5dbac3,1.2842465963260841,-0.086450050406292833
tweet-sentiment-extraction__e91fa3854c794d8e9f5e75595ff7b5d6,tweet-sentiment-extraction,cards_senior_0812.jsonl:47,tweet-sentiment-extraction__53177aa26e6e42c0b0341a5b34d4faab,9a0fadaf8cfe595905efebf8db3e7b4fd2d9931c25943c6ec2a8c86c452acae2,1.3403674435829085,-0.1635634458425981
tweet-sentiment-extraction__f04bc287f3c04ca8bfbe3cc2cfb7be12,tweet-sentiment-extraction,cards_senior_0812.jsonl:46,tweet-sentiment-extraction__ab9505db413f474aa00d4e4726ac8728,09f6f146d982b3f8e41f640d86089c265b35e8dfae62e1568f18219ca39501ad,1.033589692088029,-0.14177806069737153
tweet-sentiment-extraction__f39c5f3ea5ee459c8e16d14b0334c0ff,tweet-sentiment-extraction,cards_senior_0812.jsonl:46,tweet-sentiment-extraction__521b9c08b1aa4b8c8d1aa992bfdb44e7,85d5209406fe9da0902e02cf989774f7073e09546006b5f83e00c70707ecb834,0.045212975334957939,-0.32275317798395597
tweet-sentiment-extraction__f71dd36d3f674b7286183cea968a6dd0,tweet-sentiment-extraction,cards_senior_0812.jsonl:47,tweet-sentiment-extraction__b4a0dd38810b4f9aa50ee380a08dd83c,082750cdef2052c97754a523fe5ba88802a4ec47473d14f40a177e9e2215f038,1.4884366699015623,-0.068198266503387367
tweet-sentiment-extraction__f7d54f81deaa441c8e949736588dd462,tweet-sentiment-extraction,cards_senior_0812.jsonl:47,tweet-sentiment-extraction__c45f5792197b43bfaf88d7adbc1e9c04,5c9ccbbfd136ffb8a5719bf3abfabae8c59840fd7b0079b84e215c8315328a99,1.0205955466248158,0.01353758302809498
us-patent-phrase-to-phrase-matching__00d20273acbc4a6193ad81bd64f9136b,us-patent-phrase-to-phrase-matching,cards_senior_0812.jsonl:50,us-patent-phrase-to-phrase-matching__69f65495c11e4a4ca348ef2567c3858b,f07754b863eff10c20b1fbbaaa6594319f218df15679a8ede1dd49541cce4ce6,0.78343512261644976,-0.37015277617930253
us-patent-phrase-to-phrase-matching__01aceaafecc246c98e0ba5a5debeeb34,us-patent-phrase-to-phrase-matching,cards_senior_0812.jsonl:50,us-patent-phrase-to-phrase-matching__311e2923fe274a3cb5c915b91ed2db3f,50f02a387aa1c3fa6529effbac1727cb2a4147b406cc7712a6b2a51f4cbe4ecd,1.2651003342375997,-0.20552391793447178
us-patent-phrase-to-phrase-matching__01e84305864b400e8aeb9011377ecc22,us-patent-phrase-to-phrase-matching,cards_senior_0812.jsonl:50,us-patent-phrase-to-phrase-matching__b6a875837230446f854e189175b2e2af,7a66ff9ed5d05c80c031b1596b85914c27e97e720ff178854e0348d1070456ef,0.55322728153749445,-0.53649174019188584
us-patent-phrase-to-phrase-matching__05189eefb485477f9054b48ccd23993d,us-patent-phrase-to-phrase-matching,cards_senior_0812.jsonl:49,us-patent-phrase-to-phrase-matching__a9a61f8dbd3c43fd817c481628e56d9c,474349211fb49a1959518dbb85f5837966334f78c3c837481c4f8f8bb1f92b84,0.70594187481928605,-0.13281789653217918
us-patent-phrase-to-phrase-matching__08416ad0f5f64f65a81e03f595db3b66,us-patent-phrase-to-phrase-matching,cards_senior_0812.jsonl:50,us-patent-phrase-to-phrase-matching__cb1ecbe6f349437085aaa463a9b17d21,51b0226bbb59bdb36be64e9084504a492f30e5e496368fca27ada5413b20f65a,1.1268935916227325,-0.32865544896524607
us-patent-phrase-to-phrase-matching__0a193d3cb2a449d6a3a1dcad502da58b,us-patent-phrase-to-phrase-matching,cards_senior_0812.jsonl:49,us-patent-phrase-to-phrase-matching__a6637643515a49b4993bf3c3575ab17b,63b022406ce1cd1363d52baabd011753fa4cf26c1199bb44c5917ba17bad2fa4,0.86930921474721667,-0.46212442384850844
us-patent-phrase-to-phrase-matching__0c56b2ac978941fc8f3040cdfef1894f,us-patent-phrase-to-phrase-matching,cards_senior_0812.jsonl:52,us-patent-phrase-to-phrase-matching__6c17d2a92a524a3a99aeceefc0b2ce8e,99571785e4169cc168989abcf21affb41267191bebafb43c559705fc9af317ee,1.5361148206008126,0.14722323113952285
us-patent-phrase-to-phrase-matching__105fccdc796e4cb4a38efbd54afc2ced,us-patent-phrase-to-phrase-matching,cards_senior_0812.jsonl:51,us-patent-phrase-to-phrase-matching__2acc30ba7d464d26b5de415b65fc2686,5af3e6a7cbd750b744fc396047a5a7cb89687ea181c4386584dd65414e87da4c,1.2466226220959016,0.3765653562023194
us-patent-phrase-to-phrase-matching__11087bbe11634ad5b96258822a997746,us-patent-phrase-to-phrase-matching,cards_senior_0812.jsonl:56,us-patent-phrase-to-phrase-matching__9b374c1676604f32bdf9b2c630a9702a,1fc5bbd62afba16b7610b2b744b480852c0e9a20ec234e46419040556a35eb5c,0.89118249155655815,0.041469969781189796
us-patent-phrase-to-phrase-matching__126cefb352614707bcf44df877d3bfd7,us-patent-phrase-to-phrase-matching,cards_senior_0812.jsonl:50,us-patent-phrase-to-phrase-matching__2176e36a833541669ec50132454be43d,f3f1abfe1d7447eb384349fae65c93157513f4d9a811d3abc68ce136f8f8768a,0.30759947356422468,-0.25297350237477978
us-patent-phrase-to-phrase-matching__155b3abb3b0c403389c3ebaafb2a8bef,us-patent-phrase-to-phrase-matching,cards_senior_0812.jsonl:55,us-patent-phrase-to-phrase-matching__d29a4c0a755a4b82a4f823c2a0c13dff,66d3593ba5ad71ca4fd3abb0d9fcf0d25470e7d7acfded7b0c4c5769250358fa,0.3027745956202984,-0.44491538141546005
us-patent-phrase-to-phrase-matching__16201e3515ac49b6baa8bbf02e59c65b,us-patent-phrase-to-phrase-matching,cards_senior_0812.jsonl:55,us-patent-phrase-to-phrase-matching__892618d48ba44b00918b132664e3393e,0dbd76eb9d72e86618947775c5fefa99b2394b9dbddccd6af6bfd4ce5f110dae,1.0074575699959682,-0.26976709251207176
us-patent-phrase-to-phrase-matching__166ee8a482d8422b81ed32364c8bcb9e,us-patent-phrase-to-phrase-matching,cards_senior_0812.jsonl:55,us-patent-phrase-to-phrase-matching__74552137b1204fa7af1e64df87520481,0e0e3fe6387610ad757d063d3890d048d7aa2f7221ef0d83ae8be3d208b77fb0,0.78736170148094309,-0.29500920323412849
us-patent-phrase-to-phrase-matching__26cefd3e3d33475a82eb2717dae95a64,us-patent-phrase-to-phrase-matching,cards_senior_0812.jsonl:53,us-patent-phrase-to-phrase-matching__fd0c784845a0408d86ba66d42008f99b,eea517aac38122d3a563919c892cec544f84e1b3d1089acddfa08c946b7f4b4f,0.73377604722471568,-0.25271585890882037
us-patent-phrase-to-phrase-matching__2b28053eb3984463a1e5e7c191fd1bba,us-patent-phrase-to-phrase-matching,cards_senior_0812.jsonl:51,us-patent-phrase-to-phrase-matching__b7eea0590e574c07ace502d8270a8a0a,1680b847bdcb80538b52acb18f010c520c0a39c32525676d9550f6703cccddf3,1.2796336992845636,0.4648447281062334
us-patent-phrase-to-phrase-matching__2eec82d175b1410bb53fcd54d8896239,us-patent-phrase-to-phrase-matching,cards_senior_0812.jsonl:52,us-patent-phrase-to-phrase-matching__b550a1e8fd534e75b55fbddccd2ecd26,d230fd1c45488d87c5c3088157e6b70f338b3a6208483758c80a2c2032069576,1.4293638480123834,0.13067463870083357
us-patent-phrase-to-phrase-matching__34082afd81bc451694bc7b19539d0702,us-patent-phrase-to-phrase-matching,cards_senior_0812.jsonl:55,us-patent-phrase-to-phrase-matching__155b3abb3b0c403389c3ebaafb2a8bef,e8f05955bea6fc781318d460dcbb20d51236edfb0b35c5b6ced7c30c19cb0c91,0.29346715338225049,-0.33767343875610356
us-patent-phrase-to-phrase-matching__36c43529581a47009f0f77026039ce4e,us-patent-phrase-to-phrase-matching,cards_senior_0812.jsonl:53,us-patent-phrase-to-phrase-matching__56402408a5164b2b8287eb8852fcad9e,cca69421534c617b6cc01ce334845f4e245316ca7c1bd71556a2f84841b2cb4d,0.8834084362420993,-0.01417181998648276
us-patent-phrase-to-phrase-matching__39f1dfe0195845878f2dbd56c96f5c40,us-patent-phrase-to-phrase-matching,cards_senior_0812.jsonl:51,us-patent-phrase-to-phrase-matching__75103d005cd648b8b3378e2691a86bca,7e8ec25163f349a86874cd93379c8d0fb73991d057079c7eed3d6d30cdd8bdf7,1.2332499941856467,0.38236798282376716
us-patent-phrase-to-phrase-matching__3d5b2e46acb1469096b5926ad00a8b24,us-patent-phrase-to-phrase-matching,cards_senior_0812.jsonl:50,us-patent-phrase-to-phrase-matching__d59c0053cbb4425baece88deb1170a13,caa65deb1b4a863577579b1fff26ae7de5b36dfc484a91d08329113ac38e305e,1.3937511319344225,0.17062515718322396
us-patent-phrase-to-phrase-matching__4260c40268494b6eb608069563b6121e,us-patent-phrase-to-phrase-matching,cards_senior_0812.jsonl:55,us-patent-phrase-to-phrase-matching__97dcc99214be44c883de072177a174a7,8b0d339c3184281d26a0317d68fbf40d07cbdf4cdefb2a6311876d1b58219e69,1.0157360895989183,9.538893367067356e-05
us-patent-phrase-to-phrase-matching__4322db58633c48f1b9525902af934564,us-patent-phrase-to-phrase-matching,cards_senior_0812.jsonl:49,us-patent-phrase-to-phrase-matching__91ac64bd5e534189a07c8fa9eb9238ce,33d60a3ec659043e39f59420d57182b1031d86a2cca0f490857617f3a0feaddd,0.91719793188051424,-0.081582748679392539
us-patent-phrase-to-phrase-matching__485bec0f1d2147a798df223f00020535,us-patent-phrase-to-phrase-matching,cards_senior_0812.jsonl:49,us-patent-phrase-to-phrase-matching__e9748957d5884b8691352e8ab4b8b17c,97aa7a903744fc11fe9e7d4921903008b5770b03d0a8385504d94577f12e2ff7,0.42385579184534666,-0.44800368358257581
us-patent-phrase-to-phrase-matching__49e23ac5f05544f1b1f1f6cdf36a7148,us-patent-phrase-to-phrase-matching,cards_senior_0812.jsonl:52,us-patent-phrase-to-phrase-matching__75c2b3e3fd584cec9042510e67e12301,13796e58d1b6a53448685bfe7f30781d6b128cf3268a374102f111975c3c5ed7,0.61252980616045938,-0.30319299688884171
us-patent-phrase-to-phrase-matching__49e5e430084e4f4d8251cb8ec9bff35b,us-patent-phrase-to-phrase-matching,cards_senior_0812.jsonl:51,us-patent-phrase-to-phrase-matching__5367c454c8654d0c903db142d736cefe,79236f2eac0a9a53d42a53fe83be9e80058450680ae9e906b2755a1f9ad0ded8,1.1238169718398436,0.24166425648401149
us-patent-phrase-to-phrase-matching__4a822f6ee863400e922319cdabe3fbec,us-patent-phrase-to-phrase-matching,cards_senior_0812.jsonl:54,us-patent-phrase-to-phrase-matching__1620ee45768f4c66ba05acc8888530d1,c5a855931c5f3ec01f237b9097e93fce36e889e9b3301f96855e18790d44d68e,0.4007540637864318,0.24215702051555907
us-patent-phrase-to-phrase-matching__52090242891a4a6d905e2f79befb46c8,us-patent-phrase-to-phrase-matching,cards_senior_0812.jsonl:53,us-patent-phrase-to-phrase-matching__561794c63f7f4cf3abdbaaf1afde76eb,d76242153072d239c4642d1b2232e74d320ff17350928e7d0a7ffb6f8746a58a,0.69874986667131178,0.098636859163984417
us-patent-phrase-to-phrase-matching__5367c454c8654d0c903db142d736cefe,us-patent-phrase-to-phrase-matching,cards_senior_0812.jsonl:51,us-patent-phrase-to-phrase-matching__9f0642e692f74c4ab8697d20b79b82f1,0dc61e0f1b6ce74ae82cecab399191498e52146fe1ad6e2590470deae37ce61b,1.1080464044538527,0.3034427205186408
us-patent-phrase-to-phrase-matching__56402408a5164b2b8287eb8852fcad9e,us-patent-phrase-to-phrase-matching,cards_senior_0812.jsonl:53,us-patent-phrase-to-phrase-matching__86366a9784b343f2b01bb6b97384eb4f,bff888d5d5a0056c1dc5157dc8960437f726895b68a7252ca41f5531a5aa5203,0.87039771306050473,0.029115540349618618
us-patent-phrase-to-phrase-matching__59b0d679a71f47f3813064a1c3fdf7de,us-patent-phrase-to-phrase-matching,cards_senior_0812.jsonl:50,us-patent-phrase-to-phrase-matching__c72563d423b345088a49bd9cd2d5d7ea,7717a6ba44dd879e27fb79cd3475d8f98594d2a30c152dd6362ef7041050e6d1,1.3883912826684637,0.18571270439191864
us-patent-phrase-to-phrase-matching__5bdf31eecc73444599cf794cba216656,us-patent-phrase-to-phrase-matching,cards_senior_0812.jsonl:55,us-patent-phrase-to-phrase-matching__752d0b1c729749a793313df48a11fe51,cba656af540faba34bb0417c2c276cbd11e3a06ecfa7a96140a5cb8d4ab628f0,0.74270606988570187,-0.46519279330283314
us-patent-phrase-to-phrase-matching__5f13638e27fc4c7cbf911c3fc1164ce0,us-patent-phrase-to-phrase-matching,cards_senior_0812.jsonl:56,us-patent-phrase-to-phrase-matching__5ddc5a16cdb04dc98d59a88ca07c62a5,8410fb1831090da1de93c29cca0532615d3ad50440357cd6d8605a3b5caa1582,1.0230781148433767,-0.10111125395255005
us-patent-phrase-to-phrase-matching__60c3dde24acc4e669eac71c5f30b04ad,us-patent-phrase-to-phrase-matching,cards_senior_0812.jsonl:49,us-patent-phrase-to-phrase-matching__c505147686404edaaa853a4c1108a70a,b392a27071855c52687af63d337039182e3068c92d35f29e855ce1b82e8da697,0.83491057398929991,-0.1224509780672657
us-patent-phrase-to-phrase-matching__60f379a3e04647d1a332fa4294d3b800,us-patent-phrase-to-phrase-matching,cards_senior_0812.jsonl:51,us-patent-phrase-to-phrase-matching__8ccd89b787cd40a6b5f8720f80c1117c,28a52600f55ed7a258aed0edad9914badfde2271dc2a2deceed60dc136fdc231,1.6385020594411539,0.48677936730328891
us-patent-phrase-to-phrase-matching__6215d2cbb79f442d988a78315b0148ab,us-patent-phrase-to-phrase-matching,cards_senior_0812.jsonl:53,us-patent-phrase-to-phrase-matching__8c51ba6cfc3740a080a345cc79ddd4c3,de529ab09afed1f4059e4913dee8f180bd170cad5f76b214ec35cdf3056e748c,1.1590725766806489,-0.33568545963457452
us-patent-phrase-to-phrase-matching__62d87ac88b9b412a83e0322121d1962f,us-patent-phrase-to-phrase-matching,cards_senior_0812.jsonl:52,us-patent-phrase-to-phrase-matching__2eec82d175b1410bb53fcd54d8896239,af16f9446159972f793b9644402215f8509812c5f002c5785e58353de782e4a3,1.4741608007203286,0.12070521896005511
us-patent-phrase-to-phrase-matching__63601262e66540dd9ef509eeeb2cdecb,us-patent-phrase-to-phrase-matching,cards_senior_0812.jsonl:49,us-patent-phrase-to-phrase-matching__8e25507c6fde4189b99ebe393188fa56,5e99f421aa3fa93e3b423e681b43fb3e3d936f58148015f29ed78f5669b1d7fb,0.56871516749049444,-0.22165192780033641
us-patent-phrase-to-phrase-matching__63ae4b8cd16a4739af645051f24e326a,us-patent-phrase-to-phrase-matching,cards_senior_0812.jsonl:54,us-patent-phrase-to-phrase-matching__dfcc08e4bba54c468bd784b15fb50914,fed7d081a8434a213f9a7c1d5e98a62ba17e6443fce70dca5b7e3093ab452044,1.1631420481400179,0.2251819089678492
us-patent-phrase-to-phrase-matching__656c70171a804a55b89f05a1f8b4e853,us-patent-phrase-to-phrase-matching,cards_senior_0812.jsonl:51,us-patent-phrase-to-phrase-matching__7fb2193e381748789c05d5550e8677f9,e83d3e06fb635cc256168f666e520e871eb90a6c93da032750cecd942a8a3379,1.3752124845452476,0.46884585133773243
us-patent-phrase-to-phrase-matching__69f65495c11e4a4ca348ef2567c3858b,us-patent-phrase-to-phrase-matching,cards_senior_0812.jsonl:50,us-patent-phrase-to-phrase-matching__b57140a23f54490eaffcbe0939739119,8bc3a4b60986da5fd81e1f468c7040a46674db03f6e30a43bf3c1b9ff6d718f5,0.52047946951050139,-0.34522063073409615
us-patent-phrase-to-phrase-matching__6a84e8cffacb4cdf9b85ccb2aa03e074,us-patent-phrase-to-phrase-matching,cards_senior_0812.jsonl:53,us-patent-phrase-to-phrase-matching__069c9f829c7f44349f5ce8c723b6a079,1553d6d04b75d3445dcdf29fd1a4c956ca9576c8b717af03f90c0345648eab8c,0.4131482749606783,-0.069239437234526441
us-patent-phrase-to-phrase-matching__6b2890afe1c946918bf644a3b46831fd,us-patent-phrase-to-phrase-matching,cards_senior_0812.jsonl:51,us-patent-phrase-to-phrase-matching__8242226428b248fda6edbcb061980e9e,a5beb944951c1daa556ffeb249bbf70ff73e5bf1e6cffc9614714820c05d6a9e,1.2929771423660532,0.45108825637290828
us-patent-phrase-to-phrase-matching__6c17d2a92a524a3a99aeceefc0b2ce8e,us-patent-phrase-to-phrase-matching,cards_senior_0812.jsonl:52,us-patent-phrase-to-phrase-matching__8bf0004ef67b455f9b99ec59b0231f0a,793d7766b7a47ef37a084a840bbb95f0781d331621ce0167faa3c5ddff7e0990,1.4292802880349036,0.097727017403069036
us-patent-phrase-to-phrase-matching__6cc1fcd2378e419684f998bef306ec1f,us-patent-phrase-to-phrase-matching,cards_senior_0812.jsonl:53,us-patent-phrase-to-phrase-matching__7e3714875a604e6e9b54c65554ad2d04,93eca3a0b262d3693728693d2866f071fcfec2eba0cc27c0f7902b800c92f400,1.0874789949015446,0.10073439453927786
us-patent-phrase-to-phrase-matching__6d4a9173594047899e21e7e60537e0f5,us-patent-phrase-to-phrase-matching,cards_senior_0812.jsonl:51,us-patent-phrase-to-phrase-matching__656c70171a804a55b89f05a1f8b4e853,2c8a23ed2c8ee00549a1f30b62d664b7d7285064d993688155b2cdd4add13254,1.3925616629990718,0.42972215836236388
us-patent-phrase-to-phrase-matching__7429c5d3db0f4124b7db43837faa6427,us-patent-phrase-to-phrase-matching,cards_senior_0812.jsonl:53,us-patent-phrase-to-phrase-matching__c476d7be302b415fb16b78802aec2a50,2c85dbe0845208a257c0d3ddcc52bb256d03d5398455f15c6bc329ef0086a4cb,0.54233337489379618,0.51317566082172617
us-patent-phrase-to-phrase-matching__74552137b1204fa7af1e64df87520481,us-patent-phrase-to-phrase-matching,cards_senior_0812.jsonl:55,us-patent-phrase-to-phrase-matching__aee4198008af4c07a5dbdff16e787b4f,231fcec5b5464f9609301ec48f978fece84877eeb8d4cd18bc57143e80c3cb02,0.79732524888716216,-0.35219093304181576
us-patent-phrase-to-phrase-matching__7ad193c99e324b5c9fd2abd440eaca5a,us-patent-phrase-to-phrase-matching,cards_senior_0812.jsonl:50,us-patent-phrase-to-phrase-matching__c5febbb7681f4ebda78c14761211da78,1741ee65a047bb9c33e21d1ae02d35ef5fc4ff21e45576506c4105658e276337,1.4181711318847867,0.30230367692043186
us-patent-phrase-to-phrase-matching__7cbf7c6e3242481c9eb9511e7673e490,us-patent-phrase-to-phrase-matching,cards_senior_0812.jsonl:50,us-patent-phrase-to-phrase-matching__01e84305864b400e8aeb9011377ecc22,09db7888a8299259960eb687b4849144c298e5c0cb7a86199774f2a751196959,0.58695720420495623,-0.64311947673955128
us-patent-phrase-to-phrase-matching__7e3714875a604e6e9b54c65554ad2d04,us-patent-phrase-to-phrase-matching,cards_senior_0812.jsonl:53,us-patent-phrase-to-phrase-matching__6a84e8cffacb4cdf9b85ccb2aa03e074,a39a2f49c13e5bccc902e18028d6cca8a045cc0d183d8ad53d87f1bccf7c5f23,0.44144495167029008,-0.26186571826580607
us-patent-phrase-to-phrase-matching__7fb2193e381748789c05d5550e8677f9,us-patent-phrase-to-phrase-matching,cards_senior_0812.jsonl:51,us-patent-phrase-to-phrase-matching__b7eea0590e574c07ace502d8270a8a0a,23e85ca22bdad27c6947504997389360d859fb6c5f4111e82d9cee4091fa2b60,1.2759353655879364,0.41155600998823588
us-patent-phrase-to-phrase-matching__821c1945b7db401a9c552d2508b1259f,us-patent-phrase-to-phrase-matching,cards_senior_0812.jsonl:55,us-patent-phrase-to-phrase-matching__166ee8a482d8422b81ed32364c8bcb9e,ad621966b07483704138ddf23a00c696d8a87663e68110bd15a9b0b19204c8b8,0.86425074368836718,-0.1969932268898146
us-patent-phrase-to-phrase-matching__8242226428b248fda6edbcb061980e9e,us-patent-phrase-to-phrase-matching,cards_senior_0812.jsonl:51,us-patent-phrase-to-phrase-matching__105fccdc796e4cb4a38efbd54afc2ced,250fdc2b2cc60a9e7829a284b68a29fec2e300dc42c6b2d8b6cf73855bbdce76,1.2593373882486776,0.41557086945124472
us-patent-phrase-to-phrase-matching__829246f0b6bf4c298aabd0f22aa492ce,us-patent-phrase-to-phrase-matching,cards_senior_0812.jsonl:51,us-patent-phrase-to-phrase-matching__bc8153a85ec54b4ab1b23274994d2053,d663d67781233933b3b348821ccea6816d61cf6f8455c5f22d8e073c281d320f,1.5636602928416099,0.54805913713559307
us-patent-phrase-to-phrase-matching__830ac02bc8004026bbf40a8e33cc68f3,us-patent-phrase-to-phrase-matching,cards_senior_0812.jsonl:53,us-patent-phrase-to-phrase-matching__d0edf6abc9dd451db0e8a28a38446fd9,578c7fa3bff6e9bb48fd7eb55144e38e9ef3d207de7d75effffcc7cb5a6898c9,1.3754796589814517,0.096532083387354473
us-patent-phrase-to-phrase-matching__8360fe3d675544f08e9ab90e90c140e7,us-patent-phrase-to-phrase-matching,cards_senior_0812.jsonl:53,us-patent-phrase-to-phrase-matching__830ac02bc8004026bbf40a8e33cc68f3,357e99f1636b4ccc4c5654c5849717f7f23c3870310c69e3e813b2ab4d48f69d,1.380162034992922,0.076339684677836361
us-patent-phrase-to-phrase-matching__8bf0004ef67b455f9b99ec59b0231f0a,us-patent-phrase-to-phrase-matching,cards_senior_0812.jsonl:52,us-patent-phrase-to-phrase-matching__ddb7ca789f03494a99ee4612f797dae7,bcbff1e4e7b57cb3d4166cd5cb760565f5b8757638520c4da993a10fe0d9ef37,1.4022988309680984,0.03797577364812825
us-patent-phrase-to-phrase-matching__8ccd89b787cd40a6b5f8720f80c1117c,us-patent-phrase-to-phrase-matching,cards_senior_0812.jsonl:51,us-patent-phrase-to-phrase-matching__f8d53561560944b0847b64756c234471,01d5a030d4ce3b5c400aa8fb8d9bfd6b832fdaf7909e6c0cac05123ed133e5af,1.6179487945264022,0.4917915264925572
us-patent-phrase-to-phrase-matching__8e25507c6fde4189b99ebe393188fa56,us-patent-phrase-to-phrase-matching,cards_senior_0812.jsonl:49,us-patent-phrase-to-phrase-matching__e9748957d5884b8691352e8ab4b8b17c,45ea01fda4b1f5efde131c02dd2c33f1bc8c31c55ea37648dd901995d963e6af,0.55331525694534911,-0.16659815090144381
us-patent-phrase-to-phrase-matching__8ee4e60c66f740fb80675f73ddb9ee79,us-patent-phrase-to-phrase-matching,cards_senior_0812.jsonl:53,us-patent-phrase-to-phrase-matching__5785dfa2cba34ba0bc446faa17e22bb0,4cd9c9595a6c439e2b64f494c587baf5e2d88248e2792a97cd2537d22706dbf5,0.28936827036381446,-0.12133502971351516
us-patent-phrase-to-phrase-matching__8f421ee056be4f28af38457e2eaab7fe,us-patent-phrase-to-phrase-matching,cards_senior_0812.jsonl:50,us-patent-phrase-to-phrase-matching__d176e8d0c8ef4469bd43d870650d40a2,22c2e4b3fe90c40bf742044e7adeea94dae69483c430a9578bb16b387350f2c4,0.39738363685837641,-0.23132938021981023
us-patent-phrase-to-phrase-matching__8fda29c36b9543e8913e6fe940e861ea,us-patent-phrase-to-phrase-matching,cards_senior_0812.jsonl:49,us-patent-phrase-to-phrase-matching__3a3d867af0b24b38ae1612b20a5cfcd6,f9096b6a79136407221eecc8ad036d9238c6068c5acef602ab179713f6f516a2,0.6652181360595143,-0.23144062368928986
us-patent-phrase-to-phrase-matching__91ac64bd5e534189a07c8fa9eb9238ce,us-patent-phrase-to-phrase-matching,cards_senior_0812.jsonl:49,us-patent-phrase-to-phrase-matching__60c3dde24acc4e669eac71c5f30b04ad,d5a711df3529a270dacc30e78fda44dc0e99564fe3419af9809f2edf58068d37,0.88597476623852933,-0.014755134734679373
us-patent-phrase-to-phrase-matching__949dd20a0b574afab607fce7a876581d,us-patent-phrase-to-phrase-matching,cards_senior_0812.jsonl:53,us-patent-phrase-to-phrase-matching__8ee4e60c66f740fb80675f73ddb9ee79,db33057546fa6dedffcc9fb442d9230a2fc672b1e7c6c71fe77f909daffebea4,0.30779618446441964,-0.085670805990448351
us-patent-phrase-to-phrase-matching__99da84d7062f4ed895325d3601378773,us-patent-phrase-to-phrase-matching,cards_senior_0812.jsonl:54,us-patent-phrase-to-phrase-matching__7d941d4cf97141028ac2b840dacce552,9608295d161403d8ec51d9d31dfcdbaa087f64f67d5672054c51924187126758,0.31017579449465754,0.24994466638929985
us-patent-phrase-to-phrase-matching__9b374c1676604f32bdf9b2c630a9702a,us-patent-phrase-to-phrase-matching,cards_senior_0812.jsonl:56,us-patent-phrase-to-phrase-matching__3c946337ac9a4bb3810d890a6266e188,6e0bdbd4babc8b1b21a9d1766dea686996b6b014e691070fb0c40d3f32ea1c3a,0.88071305871849936,0.14953514073445329
us-patent-phrase-to-phrase-matching__a025971f17354ff1b3ce5e3464ac16d8,us-patent-phrase-to-phrase-matching,cards_senior_0812.jsonl:54,us-patent-phrase-to-phrase-matching__834abd9ff8c84d0cb240092722568773,ae473276485b3f65292bf8372c22a9d0df38235522106f6ef48f3f8ff41c9a49,1.061737950502504,0.15098785593429692
us-patent-phrase-to-phrase-matching__a158b439baf741928d4cfbe18e4f342b,us-patent-phrase-to-phrase-matching,cards_senior_0812.jsonl:50,us-patent-phrase-to-phrase-matching__2359a258fe4f4c638b827d2e0534809c,29dcc40bda235082cd975948da3dfe223295d18dfbf8206b501addf58805b711,0.44670291850256183,-0.1798424035462674
us-patent-phrase-to-phrase-matching__a6637643515a49b4993bf3c3575ab17b,us-patent-phrase-to-phrase-matching,cards_senior_0812.jsonl:49,us-patent-phrase-to-phrase-matching__002cd35991574a3bbb15d9cb765c32d5,ab09c062ccf5d8286247038a22a4ec02c3ceae9606dea12825ba17ee31eec01e,0.4224329584964695,-0.5808493028451025
us-patent-phrase-to-phrase-matching__ab82f3ad687f4a0ebe9f36c7dccdda71,us-patent-phrase-to-phrase-matching,cards_senior_0812.jsonl:51,us-patent-phrase-to-phrase-matching__cd9fbd413d8345d29e1d2501c5f788e7,81864c9e3cf04ec496893deeea75145eb7034a12c9f5071594ed3c136ab3995c,1.5475929485067272,0.35932542190452915
us-patent-phrase-to-phrase-matching__ad38e34fc1844209964e4f1085066e6a,us-patent-phrase-to-phrase-matching,cards_senior_0812.jsonl:50,us-patent-phrase-to-phrase-matching__d01ae63d7df74ee397e3ef8f63382204,d799bbc7bef81c67c417c165dd34816d293379efca28885780eb06042c3773f6,1.4421550982869009,0.35291701692774924
us-patent-phrase-to-phrase-matching__aee4198008af4c07a5dbdff16e787b4f,us-patent-phrase-to-phrase-matching,cards_senior_0812.jsonl:55,us-patent-phrase-to-phrase-matching__cdfabf3d37cc48ea8bc851cc3f20adf2,f281401789f677dfa0e8323c4c2e1b762e4ac66c628c52821e7026c5efbc1190,0.82091380215786902,-0.33183948279125497
us-patent-phrase-to-phrase-matching__b550a1e8fd534e75b55fbddccd2ecd26,us-patent-phrase-to-phrase-matching,cards_senior_0812.jsonl:52,us-patent-phrase-to-phrase-matching__929c2a18e8cf422f9eafe7a21095c30d,7c3ceecd9d8e3acf4d73ffec41657c18cc3cb2a7fc1708a209f7d667f1b6e31a,1.4220140158598691,0.12604179383079059
us-patent-phrase-to-phrase-matching__b57140a23f54490eaffcbe0939739119,us-patent-phrase-to-phrase-matching,cards_senior_0812.jsonl:50,us-patent-phrase-to-phrase-matching__a158b439baf741928d4cfbe18e4f342b,5f2af6a91266a9948d443b4b24ee95eec6df243c18fb7afcdbd94900d5e02211,0.4985677740066744,-0.25034925014814918
us-patent-phrase-to-phrase-matching__b6a875837230446f854e189175b2e2af,us-patent-phrase-to-phrase-matching,cards_senior_0812.jsonl:50,us-patent-phrase-to-phrase-matching__d5ccf8dd31b04f9494e8d0d67bc9cc99,729b3187fb79bffbd32d427a9495386bf84820dc8c80585d7ac2fc1f227fae80,0.55864023102017757,-0.51288307134325262
us-patent-phrase-to-phrase-matching__b7ccae15bb9f4c04ba1888c445c5fb92,us-patent-phrase-to-phrase-matching,cards_senior_0812.jsonl:49,us-patent-phrase-to-phrase-matching__2a91b894bfe54278b518e11b4465b7e2,046b2b0a7fe855c07b6470bf4a957cd33d8e9e6262dc89184328800e0bbb8991,0.64912919947501957,-0.038093760709385208
us-patent-phrase-to-phrase-matching__b7eea0590e574c07ace502d8270a8a0a,us-patent-phrase-to-phrase-matching,cards_senior_0812.jsonl:51,us-patent-phrase-to-phrase-matching__49e5e430084e4f4d8251cb8ec9bff35b,1d20d24e0167ecdbb3fe8d3fde04f33f1793b8c1cd83e6c36b8d7631eb7659d6,1.134860738861434,0.22420053285199598
us-patent-phrase-to-phrase-matching__b9a3802cff184fadba0493623aeadc30,us-patent-phrase-to-phrase-matching,cards_senior_0812.jsonl:50,us-patent-phrase-to-phrase-matching__7cbf7c6e3242481c9eb9511e7673e490,289179fd55f38a25e431af69c0e0bcdc661e8cfb1c1bff86353c049981ea0f36,0.59487136865749957,-0.69606594270496136
us-patent-phrase-to-phrase-matching__ba85b76c37b84e9d8315a7f967239e52,us-patent-phrase-to-phrase-matching,cards_senior_0812.jsonl:53,us-patent-phrase-to-phrase-matching__a128110bc6ff48218fbfbf4fbca109d7,194333517ddb3284a5b1c4708316aeb4d28443d4def6c75444759549d382d23c,0.57410768310479776,-0.5153345159042404
us-patent-phrase-to-phrase-matching__bb89376fc7de41cead5134d1743895b6,us-patent-phrase-to-phrase-matching,cards_senior_0812.jsonl:53,us-patent-phrase-to-phrase-matching__36c43529581a47009f0f77026039ce4e,0c15b3b1d8c4df4a75441fb2b2d5259e7f0105706b8516d525f857c76cb4013f,0.91317846674017689,-0.041108498113405736
us-patent-phrase-to-phrase-matching__c13b99a5865444ad9b410c006b5cac54,us-patent-phrase-to-phrase-matching,cards_senior_0812.jsonl:54,us-patent-phrase-to-phrase-matching__e3c161879b2b4aa9a6ac7acccc3bace9,43977581067442ebbb2bdf8437b99cf68614e6276fe4ab2abfff34eeb3d02f72,1.0436303243529701,-0.084275740796013618
us-patent-phrase-to-phrase-matching__c38dfe4281a14b9ab8edd8e30b765c6c,us-patent-phrase-to-phrase-matching,cards_senior_0812.jsonl:49,us-patent-phrase-to-phrase-matching__fc3e96a5ad1c40d7bd6d130d16381f11,4e3585ab8b43277f2c084948c199932cad408e57775448d8509783826764e53f,1.0614912406590489,0.071234563683349003
us-patent-phrase-to-phrase-matching__c39a5957855e4e198ee9e216037f58f7,us-patent-phrase-to-phrase-matching,cards_senior_0812.jsonl:53,us-patent-phrase-to-phrase-matching__70df7f986dfb439198eb53857a9bf690,32e40c042d97f63d97adb0cdefa0beb0d77cd40e4a713470f5012f5c7ab5845d,1.2990060303151161,0.25966862120173723
us-patent-phrase-to-phrase-matching__c43d0bce66c243ce8bf836fb71eca6fa,us-patent-phrase-to-phrase-matching,cards_senior_0812.jsonl:53,us-patent-phrase-to-phrase-matching__36c43529581a47009f0f77026039ce4e,57440fd72ab60a5633761d1735a83558887ffdc2703d90bde6f9f6c969314683,1.1767532916247447,0.062409223724551113
us-patent-phrase-to-phrase-matching__c476d7be302b415fb16b78802aec2a50,us-patent-phrase-to-phrase-matching,cards_senior_0812.jsonl:53,us-patent-phrase-to-phrase-matching__7e3714875a604e6e9b54c65554ad2d04,ffec2a5c16f339170a53914d59baf1ab6492f1b7fafe1876727deab9513e6be1,0.83703745154187792,0.54062642502208791
us-patent-phrase-to-phrase-matching__c505147686404edaaa853a4c1108a70a,us-patent-phrase-to-phrase-matching,cards_senior_0812.jsonl:49,us-patent-phrase-to-phrase-matching__8fda29c36b9543e8913e6fe940e861ea,edb83cc685f84bbd73f65acfcc44652e14e3be2af3088a88eff734ba9c300ece,0.73372866274019355,-0.085272888425311902
us-patent-phrase-to-phrase-matching__c556a47456a74109a1cb2c7d9902c455,us-patent-phrase-to-phrase-matching,cards_senior_0812.jsonl:52,us-patent-phrase-to-phrase-matching__2c1cf12603ec4d458ff1ad66e453a813,17129110a47bc68acf96954d3ba1893bb84a50be8ccdf375d0c6f2a1e7e1db2c,1.0602871131111644,-0.20942942595448336
us-patent-phrase-to-phrase-matching__c5b2f8d347f24ee2aa3c47ed42e3f0f2,us-patent-phrase-to-phrase-matching,cards_senior_0812.jsonl:50,us-patent-phrase-to-phrase-matching__4fbec894b9cb477bacf9fa59dfb33795,a8c4cdcb2a070a1daa9130a5ca157a3ac170e4d6f7c972b655275ce457324bad,1.1184288156047473,-0.068294956275116114
us-patent-phrase-to-phrase-matching__c5febbb7681f4ebda78c14761211da78,us-patent-phrase-to-phrase-matching,cards_senior_0812.jsonl:50,us-patent-phrase-to-phrase-matching__ffc4bd4d9abf44578436be6f31f04e3d,626e36917b1e10b3456d15f22255222022e15d36d9ad215d88c37eb8dc1b0103,1.3531444753587329,0.23307374969851852
us-patent-phrase-to-phrase-matching__cb1ecbe6f349437085aaa463a9b17d21,us-patent-phrase-to-phrase-matching,cards_senior_0812.jsonl:50,us-patent-phrase-to-phrase-matching__69f65495c11e4a4ca348ef2567c3858b,7d827181275c41876cf94e5324843aa865f3c71845ad3ecb8e7b9380a8081e28,1.1187904239394331,-0.25957814878185437
us-patent-phrase-to-phrase-matching__cd3854111039450bb8faeac6c3ef67a7,us-patent-phrase-to-phrase-matching,cards_senior_0812.jsonl:53,us-patent-phrase-to-phrase-matching__949dd20a0b574afab607fce7a876581d,cc596c7ebd5083d3753ed8ad42400ac9cf087e7c3c0b0454c140215bd08f1830,0.39737895245248267,-0.070707264966335365
us-patent-phrase-to-phrase-matching__cdfabf3d37cc48ea8bc851cc3f20adf2,us-patent-phrase-to-phrase-matching,cards_senior_0812.jsonl:55,us-patent-phrase-to-phrase-matching__d6b560a5a3ab4b8d89978a26d88f2f0b,a37f757e04971b2f126acabcbe1b83cc1383736206b9b7b6496f8df80f4cfc92,0.85675332671875992,-0.36599869160053838
us-patent-phrase-to-phrase-matching__d01ae63d7df74ee397e3ef8f63382204,us-patent-phrase-to-phrase-matching,cards_senior_0812.jsonl:50,us-patent-phrase-to-phrase-matching__7ad193c99e324b5c9fd2abd440eaca5a,1a2a8867436ca4964d790cdf18317229bcc36157a54f75a0fc51a881d13f9224,1.4299532235780752,0.29209079573111019
us-patent-phrase-to-phrase-matching__d176e8d0c8ef4469bd43d870650d40a2,us-patent-phrase-to-phrase-matching,cards_senior_0812.jsonl:50,us-patent-phrase-to-phrase-matching__126cefb352614707bcf44df877d3bfd7,00ab864741d05c7a02d7fd7276fa08f54913ee4856d08853024934fb6d49cb07,0.38346572221366121,-0.26057712177703773
us-patent-phrase-to-phrase-matching__d29a4c0a755a4b82a4f823c2a0c13dff,us-patent-phrase-to-phrase-matching,cards_senior_0812.jsonl:55,us-patent-phrase-to-phrase-matching__656f8551971a486298b4ab6e6feed92c,9f7d40a2838df413eab294a155a8a9b5362393dca092747c664ab025c4f29797,0.80649131454798706,-0.42769530957404323
us-patent-phrase-to-phrase-matching__d347691cb7fd487ebcebd476e275b5d3,us-patent-phrase-to-phrase-matching,cards_senior_0812.jsonl:52,us-patent-phrase-to-phrase-matching__ec73453bcc124800bedcfb76bdcbe755,d4a4f60c10171568e5e10d53278e8e26e61b8059344a49144bf77e3b9e0fa7be,1.1263715625746238,-0.18028138454635548
us-patent-phrase-to-phrase-matching__d59c0053cbb4425baece88deb1170a13,us-patent-phrase-to-phrase-matching,cards_senior_0812.jsonl:50,us-patent-phrase-to-phrase-matching__59b0d679a71f47f3813064a1c3fdf7de,9684e640edd61380a1d25c08ade3b3359357fdaff8016ac882e1a1b1865b6bca,1.3950698287228858,0.21397994484656568
us-patent-phrase-to-phrase-matching__d5ccf8dd31b04f9494e8d0d67bc9cc99,us-patent-phrase-to-phrase-matching,cards_senior_0812.jsonl:50,us-patent-phrase-to-phrase-matching__48ab95e4f08b49acb8e0bf062bce8303,6316bab61b59801708dcdb545c937735e329b3b5d1131827442885c66bd48e3d,0.4388709846995078,-0.2124321323905822
us-patent-phrase-to-phrase-matching__d6b560a5a3ab4b8d89978a26d88f2f0b,us-patent-phrase-to-phrase-matching,cards_senior_0812.jsonl:55,us-patent-phrase-to-phrase-matching__eb2e879e2fc7436c90ae4d75821c0483,26651cfd7df67413df2389dd97c7e36e8f49c741e516d84cc8ee8c381231b89d,0.84781291274241399,-0.30379405460895331
us-patent-phrase-to-phrase-matching__ddb7ca789f03494a99ee4612f797dae7,us-patent-phrase-to-phrase-matching,cards_senior_0812.jsonl:52,us-patent-phrase-to-phrase-matching__d347691cb7fd487ebcebd476e275b5d3,582905e00c61d214f70595c4b1cba047c602ec79bf564b39f74d14ee3b29f7e2,1.3920987102909301,0.052683459729019444
us-patent-phrase-to-phrase-matching__dfb852700bda45c08afa06020632cc56,us-patent-phrase-to-phrase-matching,cards_senior_0812.jsonl:49,us-patent-phrase-to-phrase-matching__11cb937282a8434bb6618fb885f29b7c,c83f7769d70bc6eafff1cb09afe897e8829cf7acb50a5e79f11ce83febbec057,0.71589847782549032,-0.11384876001414819
us-patent-phrase-to-phrase-matching__e09e752f9174486d9c74ec8f7175ee54,us-patent-phrase-to-phrase-matching,cards_senior_0812.jsonl:52,us-patent-phrase-to-phrase-matching__28c442a15e864945894bcb261b142f31,f780229f9b54e81b6d147bdf6868c6c55520580c7fb4882c15f7bb11d39e4326,1.3397723147124125,0.037427944031127529
us-patent-phrase-to-phrase-matching__e3c161879b2b4aa9a6ac7acccc3bace9,us-patent-phrase-to-phrase-matching,cards_senior_0812.jsonl:54,us-patent-phrase-to-phrase-matching__4e61b293441e4460832bc31fa0e52873,43977581067442ebbb2bdf8437b99cf68614e6276fe4ab2abfff34eeb3d02f72,1.0351454275490217,-0.084275740796013618
us-patent-phrase-to-phrase-matching__e7f3a3b6fe8d4f32a8bb93f7dc2aecca,us-patent-phrase-to-phrase-matching,cards_senior_0812.jsonl:54,us-patent-phrase-to-phrase-matching__a025971f17354ff1b3ce5e3464ac16d8,e517f7e92f45e134d0acbdada7b3cf25d026bd1a04214e8913c33e6e78b85a8d,1.073546074799246,0.12412992369082886
us-patent-phrase-to-phrase-matching__e9748957d5884b8691352e8ab4b8b17c,us-patent-phrase-to-phrase-matching,cards_senior_0812.jsonl:49,us-patent-phrase-to-phrase-matching__e486b834ae0345b8baef168ce8fb12b3,b8f5e64c49f5b5e442d3335cbc224f3d4b929af40e80b042f92c4a7454daff71,0.302862903530426,-0.54746406864311581
us-patent-phrase-to-phrase-matching__ec779556d73b4af98b30499877d51f06,us-patent-phrase-to-phrase-matching,cards_senior_0812.jsonl:55,us-patent-phrase-to-phrase-matching__d846c26ae8754d06a3bc9d009f0bc976,54d05691cc1b0155b51f3335a5cc1302464efc1ab5755897229d8612f8e0970e,0.4090992262561095,-0.59622384069599776
us-patent-phrase-to-phrase-matching__f4a2e20777cc4beaa550fb4a45ec5d1e,us-patent-phrase-to-phrase-matching,cards_senior_0812.jsonl:51,us-patent-phrase-to-phrase-matching__829246f0b6bf4c298aabd0f22aa492ce,1937941251a5e5b9226633209fc2d14fdbf86c7acdf02c6f148af21c4fedd538,1.5715487368661138,0.56790198788774893
us-patent-phrase-to-phrase-matching__fc3e96a5ad1c40d7bd6d130d16381f11,us-patent-phrase-to-phrase-matching,cards_senior_0812.jsonl:49,us-patent-phrase-to-phrase-matching__5f8dee1757ee4766b7fd5732c64e5515,23e2d8b572029441e3982ce74cd6dc5677ea0baa05021bd8a41156c40011d396,0.96848657294381701,0.065606282873168179
us-patent-phrase-to-phrase-matching__fea81ee625b046fea3f1f81a4eb4dc6e,us-patent-phrase-to-phrase-matching,cards_senior_0812.jsonl:52,us-patent-phrase-to-phrase-matching__6c17d2a92a524a3a99aeceefc0b2ce8e,91f2d77ac1cd32582f181278d8802227e3961efbf52b88711c7c0cfdb1593b6f,1.5695909462969126,0.1233601083093159
us-patent-phrase-to-phrase-matching__ffb46bf0b0374f51b6bd6a8efaca0a0c,us-patent-phrase-to-phrase-matching,cards_senior_0812.jsonl:53,us-patent-phrase-to-phrase-matching__26cefd3e3d33475a82eb2717dae95a64,323d9c3a0881e228c4fc2514ce1a0b341adf00e63f9aa89e81bd569a838102d0,0.84479597595297962,0.077998640487711851
