parent,run_id,task,stratum,n_children,n_artifacts,n_silent,artifact_coverage,policy,picked,picked_pool_n,top1_expected,raw_regret,rank_expected,observed_low_stage_wall_s,full_eval_count,historical_all_full_runtime_s,cost_restart_exact_s,cost_continue_exact_s,cost_ratio_restart_exact,cost_ratio_continue_exact
chaii-hindi-and-tamil-question-answering__0a98eb202c8b43ea901e700701ee6c2b,cards_senior_0801.jsonl:18,chaii-hindi-and-tamil-question-answering,hard,3,0,3,0.0,random,chaii-hindi-and-tamil-question-answering__bc2b2933e9a344838ef44954e87a5a79|chaii-hindi-and-tamil-question-answering__e52f191218764c6286271c5d08770f64|chaii-hindi-and-tamil-question-answering__fe380beafe764af0bccfea134d0032b5,3,0.3333333333333333,0.06279666666666672,2,88.5,0,2803.019416332245,0.0,0.0,0.0,0.0
chaii-hindi-and-tamil-question-answering__0a98eb202c8b43ea901e700701ee6c2b,cards_senior_0801.jsonl:18,chaii-hindi-and-tamil-question-answering,hard,3,0,3,0.0,full_external,chaii-hindi-and-tamil-question-answering__bc2b2933e9a344838ef44954e87a5a79,1,1.0,0.0,1,88.5,3,2803.019416332245,2803.019416332245,2803.019416332245,1.0,1.0
chaii-hindi-and-tamil-question-answering__0a98eb202c8b43ea901e700701ee6c2b,cards_senior_0801.jsonl:18,chaii-hindi-and-tamil-question-answering,hard,3,0,3,0.0,full_self_report_available,chaii-hindi-and-tamil-question-answering__fe380beafe764af0bccfea134d0032b5,1,0.0,0.0044600000000000195,2,88.5,3,2803.019416332245,2803.019416332245,2803.019416332245,1.0,1.0
chaii-hindi-and-tamil-question-answering__0a98eb202c8b43ea901e700701ee6c2b,cards_senior_0801.jsonl:18,chaii-hindi-and-tamil-question-answering,hard,3,0,3,0.0,full_self_report_complete,chaii-hindi-and-tamil-question-answering__fe380beafe764af0bccfea134d0032b5,1,0.0,0.0044600000000000195,2,88.5,3,2803.019416332245,2803.019416332245,2803.019416332245,1.0,1.0
chaii-hindi-and-tamil-question-answering__0a98eb202c8b43ea901e700701ee6c2b,cards_senior_0801.jsonl:18,chaii-hindi-and-tamil-question-answering,hard,3,0,3,0.0,sub120_available,chaii-hindi-and-tamil-question-answering__bc2b2933e9a344838ef44954e87a5a79|chaii-hindi-and-tamil-question-answering__e52f191218764c6286271c5d08770f64|chaii-hindi-and-tamil-question-answering__fe380beafe764af0bccfea134d0032b5,3,0.3333333333333333,0.06279666666666672,2,88.5,0,2803.019416332245,88.5,88.5,0.03157309559981657,0.03157309559981657
chaii-hindi-and-tamil-question-answering__0a98eb202c8b43ea901e700701ee6c2b,cards_senior_0801.jsonl:18,chaii-hindi-and-tamil-question-answering,hard,3,0,3,0.0,artifact120_escalate_silent,chaii-hindi-and-tamil-question-answering__bc2b2933e9a344838ef44954e87a5a79,1,1.0,0.0,1,88.5,3,2803.019416332245,2891.519416332245,2801.519416332245,1.0315730955998166,0.9994648627864438
chaii-hindi-and-tamil-question-answering__211dc7b5c70d4a1fa75515aebc02266e,cards_senior_0728.jsonl:13,chaii-hindi-and-tamil-question-answering,easy,2,0,2,0.0,random,chaii-hindi-and-tamil-question-answering__809857640568405e918117ea19d34793|chaii-hindi-and-tamil-question-answering__9084669573164ec5b9a1dccb93b34a76,2,0.5,0.016945,1.5,60.3,0,10884.15703701973,0.0,0.0,0.0,0.0
chaii-hindi-and-tamil-question-answering__211dc7b5c70d4a1fa75515aebc02266e,cards_senior_0728.jsonl:13,chaii-hindi-and-tamil-question-answering,easy,2,0,2,0.0,full_external,chaii-hindi-and-tamil-question-answering__9084669573164ec5b9a1dccb93b34a76,1,1.0,0.0,1,60.3,2,10884.15703701973,10884.15703701973,10884.15703701973,1.0,1.0
chaii-hindi-and-tamil-question-answering__211dc7b5c70d4a1fa75515aebc02266e,cards_senior_0728.jsonl:13,chaii-hindi-and-tamil-question-answering,easy,2,0,2,0.0,full_self_report_available,chaii-hindi-and-tamil-question-answering__809857640568405e918117ea19d34793|chaii-hindi-and-tamil-question-answering__9084669573164ec5b9a1dccb93b34a76,2,0.5,0.016945,1.5,60.3,2,10884.15703701973,10884.15703701973,10884.15703701973,1.0,1.0
chaii-hindi-and-tamil-question-answering__211dc7b5c70d4a1fa75515aebc02266e,cards_senior_0728.jsonl:13,chaii-hindi-and-tamil-question-answering,easy,2,0,2,0.0,sub120_available,chaii-hindi-and-tamil-question-answering__809857640568405e918117ea19d34793|chaii-hindi-and-tamil-question-answering__9084669573164ec5b9a1dccb93b34a76,2,0.5,0.016945,1.5,60.3,0,10884.15703701973,60.3,60.3,0.00554016262305888,0.00554016262305888
chaii-hindi-and-tamil-question-answering__211dc7b5c70d4a1fa75515aebc02266e,cards_senior_0728.jsonl:13,chaii-hindi-and-tamil-question-answering,easy,2,0,2,0.0,artifact120_escalate_silent,chaii-hindi-and-tamil-question-answering__9084669573164ec5b9a1dccb93b34a76,1,1.0,0.0,1,60.3,2,10884.15703701973,10944.457037019729,10884.457037019729,1.005540162623059,1.0000275629981246
chaii-hindi-and-tamil-question-answering__3b40dae9dd094d9e87f2b339a3290b56,cards_senior_0801.jsonl:18,chaii-hindi-and-tamil-question-answering,hard,3,0,3,0.0,random,chaii-hindi-and-tamil-question-answering__4f53d7ec0a9a4cf493e0b830f2ea81f1|chaii-hindi-and-tamil-question-answering__5d0ed2ed05c0444d9cb5b339be9fdc76|chaii-hindi-and-tamil-question-answering__b2ad93da8c144c78b743ca04be0b9076,3,0.3333333333333333,0.04712666666666665,2,91.9,0,1355.3276376724243,0.0,0.0,0.0,0.0
chaii-hindi-and-tamil-question-answering__3b40dae9dd094d9e87f2b339a3290b56,cards_senior_0801.jsonl:18,chaii-hindi-and-tamil-question-answering,hard,3,0,3,0.0,full_external,chaii-hindi-and-tamil-question-answering__5d0ed2ed05c0444d9cb5b339be9fdc76,1,1.0,0.0,1,91.9,3,1355.3276376724243,1355.3276376724243,1355.3276376724243,1.0,1.0
chaii-hindi-and-tamil-question-answering__3b40dae9dd094d9e87f2b339a3290b56,cards_senior_0801.jsonl:18,chaii-hindi-and-tamil-question-answering,hard,3,0,3,0.0,full_self_report_available,chaii-hindi-and-tamil-question-answering__5d0ed2ed05c0444d9cb5b339be9fdc76,1,1.0,0.0,1,91.9,3,1355.3276376724243,1355.3276376724243,1355.3276376724243,1.0,1.0
chaii-hindi-and-tamil-question-answering__3b40dae9dd094d9e87f2b339a3290b56,cards_senior_0801.jsonl:18,chaii-hindi-and-tamil-question-answering,hard,3,0,3,0.0,full_self_report_complete,chaii-hindi-and-tamil-question-answering__5d0ed2ed05c0444d9cb5b339be9fdc76,1,1.0,0.0,1,91.9,3,1355.3276376724243,1355.3276376724243,1355.3276376724243,1.0,1.0
chaii-hindi-and-tamil-question-answering__3b40dae9dd094d9e87f2b339a3290b56,cards_senior_0801.jsonl:18,chaii-hindi-and-tamil-question-answering,hard,3,0,3,0.0,sub120_available,chaii-hindi-and-tamil-question-answering__4f53d7ec0a9a4cf493e0b830f2ea81f1|chaii-hindi-and-tamil-question-answering__5d0ed2ed05c0444d9cb5b339be9fdc76|chaii-hindi-and-tamil-question-answering__b2ad93da8c144c78b743ca04be0b9076,3,0.3333333333333333,0.04712666666666665,2,91.9,0,1355.3276376724243,91.9,91.9,0.06780648268770254,0.06780648268770254
chaii-hindi-and-tamil-question-answering__3b40dae9dd094d9e87f2b339a3290b56,cards_senior_0801.jsonl:18,chaii-hindi-and-tamil-question-answering,hard,3,0,3,0.0,artifact120_escalate_silent,chaii-hindi-and-tamil-question-answering__5d0ed2ed05c0444d9cb5b339be9fdc76,1,1.0,0.0,1,91.9,3,1355.3276376724243,1447.2276376724244,1357.2276376724244,1.0678064826877025,1.0014018750501266
chaii-hindi-and-tamil-question-answering__c31a1c3b91a14ef5afef98719da1d101,cards_senior_0801.jsonl:13,chaii-hindi-and-tamil-question-answering,easy,3,0,3,0.0,random,chaii-hindi-and-tamil-question-answering__4246a977cac14f43b5383deb5a257697|chaii-hindi-and-tamil-question-answering__57ce82f9247a4cc8b626b575d3f2c979|chaii-hindi-and-tamil-question-answering__ce99d23bb4de4bd4bfe832f8937daca3,3,0.3333333333333333,0.010610000000000008,2,46.0,0,6553.884172439575,0.0,0.0,0.0,0.0
chaii-hindi-and-tamil-question-answering__c31a1c3b91a14ef5afef98719da1d101,cards_senior_0801.jsonl:13,chaii-hindi-and-tamil-question-answering,easy,3,0,3,0.0,full_external,chaii-hindi-and-tamil-question-answering__ce99d23bb4de4bd4bfe832f8937daca3,1,1.0,0.0,1,46.0,3,6553.884172439575,6553.884172439575,6553.884172439575,1.0,1.0
chaii-hindi-and-tamil-question-answering__c31a1c3b91a14ef5afef98719da1d101,cards_senior_0801.jsonl:13,chaii-hindi-and-tamil-question-answering,easy,3,0,3,0.0,full_self_report_available,chaii-hindi-and-tamil-question-answering__57ce82f9247a4cc8b626b575d3f2c979,1,0.0,0.011849999999999916,2,46.0,3,6553.884172439575,6553.884172439575,6553.884172439575,1.0,1.0
chaii-hindi-and-tamil-question-answering__c31a1c3b91a14ef5afef98719da1d101,cards_senior_0801.jsonl:13,chaii-hindi-and-tamil-question-answering,easy,3,0,3,0.0,full_self_report_complete,chaii-hindi-and-tamil-question-answering__57ce82f9247a4cc8b626b575d3f2c979,1,0.0,0.011849999999999916,2,46.0,3,6553.884172439575,6553.884172439575,6553.884172439575,1.0,1.0
chaii-hindi-and-tamil-question-answering__c31a1c3b91a14ef5afef98719da1d101,cards_senior_0801.jsonl:13,chaii-hindi-and-tamil-question-answering,easy,3,0,3,0.0,sub120_available,chaii-hindi-and-tamil-question-answering__4246a977cac14f43b5383deb5a257697|chaii-hindi-and-tamil-question-answering__57ce82f9247a4cc8b626b575d3f2c979|chaii-hindi-and-tamil-question-answering__ce99d23bb4de4bd4bfe832f8937daca3,3,0.3333333333333333,0.010610000000000008,2,46.0,0,6553.884172439575,46.0,46.0,0.007018738627307363,0.007018738627307363
chaii-hindi-and-tamil-question-answering__c31a1c3b91a14ef5afef98719da1d101,cards_senior_0801.jsonl:13,chaii-hindi-and-tamil-question-answering,easy,3,0,3,0.0,artifact120_escalate_silent,chaii-hindi-and-tamil-question-answering__ce99d23bb4de4bd4bfe832f8937daca3,1,1.0,0.0,1,46.0,3,6553.884172439575,6599.884172439575,6509.884172439575,1.0070187386273073,0.993286423921706
chaii-hindi-and-tamil-question-answering__cbe405cf5c2e48e8ab6dbb29f814b88e,cards_senior_0801.jsonl:18,chaii-hindi-and-tamil-question-answering,easy,3,0,3,0.0,random,chaii-hindi-and-tamil-question-answering__9cc47ce945ac482dada73aa89c86ea95|chaii-hindi-and-tamil-question-answering__a483163f252d42fc98190cbfa2abfacc|chaii-hindi-and-tamil-question-answering__adf3351945ce4702bf8966e662ab3dcf,3,0.3333333333333333,0.01686333333333334,2,86.9,0,1590.8876776695251,0.0,0.0,0.0,0.0
chaii-hindi-and-tamil-question-answering__cbe405cf5c2e48e8ab6dbb29f814b88e,cards_senior_0801.jsonl:18,chaii-hindi-and-tamil-question-answering,easy,3,0,3,0.0,full_external,chaii-hindi-and-tamil-question-answering__9cc47ce945ac482dada73aa89c86ea95,1,1.0,0.0,1,86.9,3,1590.8876776695251,1590.8876776695251,1590.8876776695251,1.0,1.0
chaii-hindi-and-tamil-question-answering__cbe405cf5c2e48e8ab6dbb29f814b88e,cards_senior_0801.jsonl:18,chaii-hindi-and-tamil-question-answering,easy,3,0,3,0.0,full_self_report_available,chaii-hindi-and-tamil-question-answering__adf3351945ce4702bf8966e662ab3dcf,1,0.0,0.011009999999999964,2,86.9,3,1590.8876776695251,1590.8876776695251,1590.8876776695251,1.0,1.0
chaii-hindi-and-tamil-question-answering__cbe405cf5c2e48e8ab6dbb29f814b88e,cards_senior_0801.jsonl:18,chaii-hindi-and-tamil-question-answering,easy,3,0,3,0.0,full_self_report_complete,chaii-hindi-and-tamil-question-answering__adf3351945ce4702bf8966e662ab3dcf,1,0.0,0.011009999999999964,2,86.9,3,1590.8876776695251,1590.8876776695251,1590.8876776695251,1.0,1.0
chaii-hindi-and-tamil-question-answering__cbe405cf5c2e48e8ab6dbb29f814b88e,cards_senior_0801.jsonl:18,chaii-hindi-and-tamil-question-answering,easy,3,0,3,0.0,sub120_available,chaii-hindi-and-tamil-question-answering__9cc47ce945ac482dada73aa89c86ea95|chaii-hindi-and-tamil-question-answering__a483163f252d42fc98190cbfa2abfacc|chaii-hindi-and-tamil-question-answering__adf3351945ce4702bf8966e662ab3dcf,3,0.3333333333333333,0.01686333333333334,2,86.9,0,1590.8876776695251,86.9,86.9,0.05462359236278636,0.05462359236278636
chaii-hindi-and-tamil-question-answering__cbe405cf5c2e48e8ab6dbb29f814b88e,cards_senior_0801.jsonl:18,chaii-hindi-and-tamil-question-answering,easy,3,0,3,0.0,artifact120_escalate_silent,chaii-hindi-and-tamil-question-answering__9cc47ce945ac482dada73aa89c86ea95,1,1.0,0.0,1,86.9,3,1590.8876776695251,1677.7876776695252,1587.7876776695252,1.0546235923627865,0.9980514023437902
chaii-hindi-and-tamil-question-answering__e43679e8e9bf4481a179b114ac9c8c5e,cards_ours_20260727.jsonl:173,chaii-hindi-and-tamil-question-answering,hard,2,1,1,0.5,random,chaii-hindi-and-tamil-question-answering__463ad7dc1f7b4afe96a64bcfaba5d002|chaii-hindi-and-tamil-question-answering__f51b404ae74e4e72a4517e0733b4e1f6,2,0.5,0.00369,1.5,49.2,0,130.7270479425788,0.0,0.0,0.0,0.0
chaii-hindi-and-tamil-question-answering__e43679e8e9bf4481a179b114ac9c8c5e,cards_ours_20260727.jsonl:173,chaii-hindi-and-tamil-question-answering,hard,2,1,1,0.5,full_external,chaii-hindi-and-tamil-question-answering__f51b404ae74e4e72a4517e0733b4e1f6,1,1.0,0.0,1,49.2,2,130.7270479425788,130.7270479425788,130.7270479425788,1.0,1.0
chaii-hindi-and-tamil-question-answering__e43679e8e9bf4481a179b114ac9c8c5e,cards_ours_20260727.jsonl:173,chaii-hindi-and-tamil-question-answering,hard,2,1,1,0.5,full_self_report_available,chaii-hindi-and-tamil-question-answering__f51b404ae74e4e72a4517e0733b4e1f6,1,1.0,0.0,1,49.2,2,130.7270479425788,130.7270479425788,130.7270479425788,1.0,1.0
chaii-hindi-and-tamil-question-answering__e43679e8e9bf4481a179b114ac9c8c5e,cards_ours_20260727.jsonl:173,chaii-hindi-and-tamil-question-answering,hard,2,1,1,0.5,sub120_available,chaii-hindi-and-tamil-question-answering__f51b404ae74e4e72a4517e0733b4e1f6,1,1.0,0.0,1,49.2,0,130.7270479425788,49.2,49.2,0.3763566972124304,0.3763566972124304
chaii-hindi-and-tamil-question-answering__e43679e8e9bf4481a179b114ac9c8c5e,cards_ours_20260727.jsonl:173,chaii-hindi-and-tamil-question-answering,hard,2,1,1,0.5,artifact120_escalate_silent,chaii-hindi-and-tamil-question-answering__f51b404ae74e4e72a4517e0733b4e1f6,1,1.0,0.0,1,49.2,1,130.7270479425788,160.3891480833292,130.3891480833292,1.2269010171007557,0.9974152261175665
chaii-hindi-and-tamil-question-answering__f05efa5bb9ac4788b908cb07e0fb4d7b,cards_senior_0801.jsonl:13,chaii-hindi-and-tamil-question-answering,easy,2,0,2,0.0,random,chaii-hindi-and-tamil-question-answering__79675e23561e437885211692d32c5024|chaii-hindi-and-tamil-question-answering__859755a3dccf447cbe49d1ab8a718158,2,0.5,0.0173350000000001,1.5,39.400000000000006,0,879.9492094516754,0.0,0.0,0.0,0.0
chaii-hindi-and-tamil-question-answering__f05efa5bb9ac4788b908cb07e0fb4d7b,cards_senior_0801.jsonl:13,chaii-hindi-and-tamil-question-answering,easy,2,0,2,0.0,full_external,chaii-hindi-and-tamil-question-answering__859755a3dccf447cbe49d1ab8a718158,1,1.0,0.0,1,39.400000000000006,2,879.9492094516754,879.9492094516754,879.9492094516754,1.0,1.0
chaii-hindi-and-tamil-question-answering__f05efa5bb9ac4788b908cb07e0fb4d7b,cards_senior_0801.jsonl:13,chaii-hindi-and-tamil-question-answering,easy,2,0,2,0.0,full_self_report_available,chaii-hindi-and-tamil-question-answering__859755a3dccf447cbe49d1ab8a718158,1,1.0,0.0,1,39.400000000000006,2,879.9492094516754,879.9492094516754,879.9492094516754,1.0,1.0
chaii-hindi-and-tamil-question-answering__f05efa5bb9ac4788b908cb07e0fb4d7b,cards_senior_0801.jsonl:13,chaii-hindi-and-tamil-question-answering,easy,2,0,2,0.0,full_self_report_complete,chaii-hindi-and-tamil-question-answering__859755a3dccf447cbe49d1ab8a718158,1,1.0,0.0,1,39.400000000000006,2,879.9492094516754,879.9492094516754,879.9492094516754,1.0,1.0
chaii-hindi-and-tamil-question-answering__f05efa5bb9ac4788b908cb07e0fb4d7b,cards_senior_0801.jsonl:13,chaii-hindi-and-tamil-question-answering,easy,2,0,2,0.0,sub120_available,chaii-hindi-and-tamil-question-answering__79675e23561e437885211692d32c5024|chaii-hindi-and-tamil-question-answering__859755a3dccf447cbe49d1ab8a718158,2,0.5,0.0173350000000001,1.5,39.400000000000006,0,879.9492094516754,39.400000000000006,39.400000000000006,0.044775311548437446,0.044775311548437446
chaii-hindi-and-tamil-question-answering__f05efa5bb9ac4788b908cb07e0fb4d7b,cards_senior_0801.jsonl:13,chaii-hindi-and-tamil-question-answering,easy,2,0,2,0.0,artifact120_escalate_silent,chaii-hindi-and-tamil-question-answering__859755a3dccf447cbe49d1ab8a718158,1,1.0,0.0,1,39.400000000000006,2,879.9492094516754,919.3492094516754,859.3492094516754,1.0447753115484375,0.9765895579213754
denoising-dirty-documents__033f1f41cef04bd590777cae52380df8,cards_senior_0731.jsonl:13,denoising-dirty-documents,easy,2,0,2,0.0,random,denoising-dirty-documents__13f0395b31ec47c6a4f8116b12e3ce63|denoising-dirty-documents__823936b3bbff49418a2f507faded41af,2,0.5,0.032529999999999996,1.5,60.3,0,7910.258288726211,0.0,0.0,0.0,0.0
denoising-dirty-documents__033f1f41cef04bd590777cae52380df8,cards_senior_0731.jsonl:13,denoising-dirty-documents,easy,2,0,2,0.0,full_external,denoising-dirty-documents__13f0395b31ec47c6a4f8116b12e3ce63,1,1.0,0.0,1,60.3,2,7910.258288726211,7910.258288726211,7910.258288726211,1.0,1.0
denoising-dirty-documents__033f1f41cef04bd590777cae52380df8,cards_senior_0731.jsonl:13,denoising-dirty-documents,easy,2,0,2,0.0,full_self_report_available,denoising-dirty-documents__13f0395b31ec47c6a4f8116b12e3ce63,1,1.0,0.0,1,60.3,2,7910.258288726211,7910.258288726211,7910.258288726211,1.0,1.0
denoising-dirty-documents__033f1f41cef04bd590777cae52380df8,cards_senior_0731.jsonl:13,denoising-dirty-documents,easy,2,0,2,0.0,full_self_report_complete,denoising-dirty-documents__13f0395b31ec47c6a4f8116b12e3ce63,1,1.0,0.0,1,60.3,2,7910.258288726211,7910.258288726211,7910.258288726211,1.0,1.0
denoising-dirty-documents__033f1f41cef04bd590777cae52380df8,cards_senior_0731.jsonl:13,denoising-dirty-documents,easy,2,0,2,0.0,sub120_available,denoising-dirty-documents__13f0395b31ec47c6a4f8116b12e3ce63|denoising-dirty-documents__823936b3bbff49418a2f507faded41af,2,0.5,0.032529999999999996,1.5,60.3,0,7910.258288726211,60.3,60.3,0.007623012776452602,0.007623012776452602
denoising-dirty-documents__033f1f41cef04bd590777cae52380df8,cards_senior_0731.jsonl:13,denoising-dirty-documents,easy,2,0,2,0.0,artifact120_escalate_silent,denoising-dirty-documents__13f0395b31ec47c6a4f8116b12e3ce63,1,1.0,0.0,1,60.3,2,7910.258288726211,7970.558288726211,7910.558288726211,1.0076230127764527,1.000037925436699
denoising-dirty-documents__4cb4122fb9814bf884cdafecf62298e9,cards_senior_0804.jsonl:23,denoising-dirty-documents,easy,2,0,2,0.0,random,denoising-dirty-documents__3f15dea796044d05a16fd6e273d740d8|denoising-dirty-documents__ec6f4762e28d40baaf94ee6b6664a820,2,0.5,0.08098999999999998,1.5,60.2,0,5440.142480649054,0.0,0.0,0.0,0.0
denoising-dirty-documents__4cb4122fb9814bf884cdafecf62298e9,cards_senior_0804.jsonl:23,denoising-dirty-documents,easy,2,0,2,0.0,full_external,denoising-dirty-documents__3f15dea796044d05a16fd6e273d740d8,1,1.0,0.0,1,60.2,2,5440.142480649054,5440.142480649054,5440.142480649054,1.0,1.0
denoising-dirty-documents__4cb4122fb9814bf884cdafecf62298e9,cards_senior_0804.jsonl:23,denoising-dirty-documents,easy,2,0,2,0.0,full_self_report_available,denoising-dirty-documents__3f15dea796044d05a16fd6e273d740d8,1,1.0,0.0,1,60.2,2,5440.142480649054,5440.142480649054,5440.142480649054,1.0,1.0
denoising-dirty-documents__4cb4122fb9814bf884cdafecf62298e9,cards_senior_0804.jsonl:23,denoising-dirty-documents,easy,2,0,2,0.0,sub120_available,denoising-dirty-documents__3f15dea796044d05a16fd6e273d740d8|denoising-dirty-documents__ec6f4762e28d40baaf94ee6b6664a820,2,0.5,0.08098999999999998,1.5,60.2,0,5440.142480649054,60.2,60.2,0.01106588664067814,0.01106588664067814
denoising-dirty-documents__4cb4122fb9814bf884cdafecf62298e9,cards_senior_0804.jsonl:23,denoising-dirty-documents,easy,2,0,2,0.0,artifact120_escalate_silent,denoising-dirty-documents__3f15dea796044d05a16fd6e273d740d8,1,1.0,0.0,1,60.2,2,5440.142480649054,5500.342480649054,5440.342480649054,1.011065886640678,1.0000367637429923
denoising-dirty-documents__6dd95edcab0e45559bb741b08b038a76,cards_senior_0731.jsonl:13,denoising-dirty-documents,hard,2,0,2,0.0,random,denoising-dirty-documents__3ad8b9e4925d4292bdca3ed8183feb67|denoising-dirty-documents__b866c25ad23841308fad35ae81f27a90,2,0.5,0.001899999999999999,1.5,60.4,0,10472.243616238236,0.0,0.0,0.0,0.0
denoising-dirty-documents__6dd95edcab0e45559bb741b08b038a76,cards_senior_0731.jsonl:13,denoising-dirty-documents,hard,2,0,2,0.0,full_external,denoising-dirty-documents__3ad8b9e4925d4292bdca3ed8183feb67,1,1.0,0.0,1,60.4,2,10472.243616238236,10472.243616238236,10472.243616238236,1.0,1.0
denoising-dirty-documents__6dd95edcab0e45559bb741b08b038a76,cards_senior_0731.jsonl:13,denoising-dirty-documents,hard,2,0,2,0.0,full_self_report_available,denoising-dirty-documents__3ad8b9e4925d4292bdca3ed8183feb67,1,1.0,0.0,1,60.4,2,10472.243616238236,10472.243616238236,10472.243616238236,1.0,1.0
denoising-dirty-documents__6dd95edcab0e45559bb741b08b038a76,cards_senior_0731.jsonl:13,denoising-dirty-documents,hard,2,0,2,0.0,full_self_report_complete,denoising-dirty-documents__3ad8b9e4925d4292bdca3ed8183feb67,1,1.0,0.0,1,60.4,2,10472.243616238236,10472.243616238236,10472.243616238236,1.0,1.0
denoising-dirty-documents__6dd95edcab0e45559bb741b08b038a76,cards_senior_0731.jsonl:13,denoising-dirty-documents,hard,2,0,2,0.0,sub120_available,denoising-dirty-documents__3ad8b9e4925d4292bdca3ed8183feb67|denoising-dirty-documents__b866c25ad23841308fad35ae81f27a90,2,0.5,0.001899999999999999,1.5,60.4,0,10472.243616238236,60.4,60.4,0.005767627474435746,0.005767627474435746
denoising-dirty-documents__6dd95edcab0e45559bb741b08b038a76,cards_senior_0731.jsonl:13,denoising-dirty-documents,hard,2,0,2,0.0,artifact120_escalate_silent,denoising-dirty-documents__3ad8b9e4925d4292bdca3ed8183feb67,1,1.0,0.0,1,60.4,2,10472.243616238236,10532.643616238236,10472.643616238236,1.0057676274744358,1.00003819620844
denoising-dirty-documents__ced9b66826334e169b3a6f5ed4e19ef7,cards_senior_0727.jsonl:11,denoising-dirty-documents,easy,2,0,2,0.0,random,denoising-dirty-documents__2777b9434e904072953a89a92373797d|denoising-dirty-documents__63efdaf0641947afad86fb6012c1752d,2,0.5,0.40197000000000005,1.5,3.9000000000000004,0,964.5409694686532,0.0,0.0,0.0,0.0
denoising-dirty-documents__ced9b66826334e169b3a6f5ed4e19ef7,cards_senior_0727.jsonl:11,denoising-dirty-documents,easy,2,0,2,0.0,full_external,denoising-dirty-documents__2777b9434e904072953a89a92373797d,1,1.0,0.0,1,3.9000000000000004,2,964.5409694686532,964.5409694686532,964.5409694686532,1.0,1.0
denoising-dirty-documents__ced9b66826334e169b3a6f5ed4e19ef7,cards_senior_0727.jsonl:11,denoising-dirty-documents,easy,2,0,2,0.0,full_self_report_available,denoising-dirty-documents__2777b9434e904072953a89a92373797d,1,1.0,0.0,1,3.9000000000000004,2,964.5409694686532,964.5409694686532,964.5409694686532,1.0,1.0
denoising-dirty-documents__ced9b66826334e169b3a6f5ed4e19ef7,cards_senior_0727.jsonl:11,denoising-dirty-documents,easy,2,0,2,0.0,sub120_available,denoising-dirty-documents__2777b9434e904072953a89a92373797d|denoising-dirty-documents__63efdaf0641947afad86fb6012c1752d,2,0.5,0.40197000000000005,1.5,3.9000000000000004,0,964.5409694686532,3.9000000000000004,3.9000000000000004,0.004043374126604942,0.004043374126604942
denoising-dirty-documents__ced9b66826334e169b3a6f5ed4e19ef7,cards_senior_0727.jsonl:11,denoising-dirty-documents,easy,2,0,2,0.0,artifact120_escalate_silent,denoising-dirty-documents__2777b9434e904072953a89a92373797d,1,1.0,0.0,1,3.9000000000000004,2,964.5409694686532,968.4409694686532,908.4409694686532,1.0040433741266048,0.9418376183326828
denoising-dirty-documents__dee39489ceb240ffabbd9e9f3e2deb47,cards_senior_0731.jsonl:13,denoising-dirty-documents,hard,2,0,2,0.0,random,denoising-dirty-documents__5549e4182535479794bbe510d212e280|denoising-dirty-documents__9ae54f31fa5043d6bf6288f9b2b031c2,2,0.5,0.0024399999999999995,1.5,60.3,0,3548.303095214069,0.0,0.0,0.0,0.0
denoising-dirty-documents__dee39489ceb240ffabbd9e9f3e2deb47,cards_senior_0731.jsonl:13,denoising-dirty-documents,hard,2,0,2,0.0,full_external,denoising-dirty-documents__9ae54f31fa5043d6bf6288f9b2b031c2,1,1.0,0.0,1,60.3,2,3548.303095214069,3548.303095214069,3548.303095214069,1.0,1.0
denoising-dirty-documents__dee39489ceb240ffabbd9e9f3e2deb47,cards_senior_0731.jsonl:13,denoising-dirty-documents,hard,2,0,2,0.0,full_self_report_available,denoising-dirty-documents__9ae54f31fa5043d6bf6288f9b2b031c2,1,1.0,0.0,1,60.3,2,3548.303095214069,3548.303095214069,3548.303095214069,1.0,1.0
denoising-dirty-documents__dee39489ceb240ffabbd9e9f3e2deb47,cards_senior_0731.jsonl:13,denoising-dirty-documents,hard,2,0,2,0.0,full_self_report_complete,denoising-dirty-documents__9ae54f31fa5043d6bf6288f9b2b031c2,1,1.0,0.0,1,60.3,2,3548.303095214069,3548.303095214069,3548.303095214069,1.0,1.0
denoising-dirty-documents__dee39489ceb240ffabbd9e9f3e2deb47,cards_senior_0731.jsonl:13,denoising-dirty-documents,hard,2,0,2,0.0,sub120_available,denoising-dirty-documents__5549e4182535479794bbe510d212e280|denoising-dirty-documents__9ae54f31fa5043d6bf6288f9b2b031c2,2,0.5,0.0024399999999999995,1.5,60.3,0,3548.303095214069,60.3,60.3,0.01699403866635077,0.01699403866635077
denoising-dirty-documents__dee39489ceb240ffabbd9e9f3e2deb47,cards_senior_0731.jsonl:13,denoising-dirty-documents,hard,2,0,2,0.0,artifact120_escalate_silent,denoising-dirty-documents__9ae54f31fa5043d6bf6288f9b2b031c2,1,1.0,0.0,1,60.3,2,3548.303095214069,3608.603095214069,3548.603095214069,1.0169940386663507,1.0000845474560516
denoising-dirty-documents__e8ac693c1f134f9fbede2c6e3b7605cf,cards_senior_0804.jsonl:24,denoising-dirty-documents,easy,2,0,2,0.0,random,denoising-dirty-documents__9b6a53da44cf4a7c909704e35cc9a7b0|denoising-dirty-documents__d900b645d2f84cf2b3f0f905f2e0f5bc,2,0.5,0.06892999999999999,1.5,60.3,0,5915.726876862347,0.0,0.0,0.0,0.0
denoising-dirty-documents__e8ac693c1f134f9fbede2c6e3b7605cf,cards_senior_0804.jsonl:24,denoising-dirty-documents,easy,2,0,2,0.0,full_external,denoising-dirty-documents__d900b645d2f84cf2b3f0f905f2e0f5bc,1,1.0,0.0,1,60.3,2,5915.726876862347,5915.726876862347,5915.726876862347,1.0,1.0
denoising-dirty-documents__e8ac693c1f134f9fbede2c6e3b7605cf,cards_senior_0804.jsonl:24,denoising-dirty-documents,easy,2,0,2,0.0,full_self_report_available,denoising-dirty-documents__d900b645d2f84cf2b3f0f905f2e0f5bc,1,1.0,0.0,1,60.3,2,5915.726876862347,5915.726876862347,5915.726876862347,1.0,1.0
denoising-dirty-documents__e8ac693c1f134f9fbede2c6e3b7605cf,cards_senior_0804.jsonl:24,denoising-dirty-documents,easy,2,0,2,0.0,full_self_report_complete,denoising-dirty-documents__d900b645d2f84cf2b3f0f905f2e0f5bc,1,1.0,0.0,1,60.3,2,5915.726876862347,5915.726876862347,5915.726876862347,1.0,1.0
denoising-dirty-documents__e8ac693c1f134f9fbede2c6e3b7605cf,cards_senior_0804.jsonl:24,denoising-dirty-documents,easy,2,0,2,0.0,sub120_available,denoising-dirty-documents__9b6a53da44cf4a7c909704e35cc9a7b0|denoising-dirty-documents__d900b645d2f84cf2b3f0f905f2e0f5bc,2,0.5,0.06892999999999999,1.5,60.3,0,5915.726876862347,60.3,60.3,0.010193168355328571,0.010193168355328571
denoising-dirty-documents__e8ac693c1f134f9fbede2c6e3b7605cf,cards_senior_0804.jsonl:24,denoising-dirty-documents,easy,2,0,2,0.0,artifact120_escalate_silent,denoising-dirty-documents__d900b645d2f84cf2b3f0f905f2e0f5bc,1,1.0,0.0,1,60.3,2,5915.726876862347,5976.026876862347,5916.026876862347,1.0101931683553287,1.0000507122803748
denoising-dirty-documents__ec447d8baa434d0faf493d69c4e88a48,cards_senior_0727.jsonl:16,denoising-dirty-documents,hard,2,0,2,0.0,random,denoising-dirty-documents__676afd4f1b2048cfa3bb87a9501c0de8|denoising-dirty-documents__9122d7821f0d4e59b227733c2554700b,2,0.5,0.0009650000000000006,1.5,60.3,0,5896.142553918064,0.0,0.0,0.0,0.0
denoising-dirty-documents__ec447d8baa434d0faf493d69c4e88a48,cards_senior_0727.jsonl:16,denoising-dirty-documents,hard,2,0,2,0.0,full_external,denoising-dirty-documents__9122d7821f0d4e59b227733c2554700b,1,1.0,0.0,1,60.3,2,5896.142553918064,5896.142553918064,5896.142553918064,1.0,1.0
denoising-dirty-documents__ec447d8baa434d0faf493d69c4e88a48,cards_senior_0727.jsonl:16,denoising-dirty-documents,hard,2,0,2,0.0,full_self_report_available,denoising-dirty-documents__9122d7821f0d4e59b227733c2554700b,1,1.0,0.0,1,60.3,2,5896.142553918064,5896.142553918064,5896.142553918064,1.0,1.0
denoising-dirty-documents__ec447d8baa434d0faf493d69c4e88a48,cards_senior_0727.jsonl:16,denoising-dirty-documents,hard,2,0,2,0.0,full_self_report_complete,denoising-dirty-documents__9122d7821f0d4e59b227733c2554700b,1,1.0,0.0,1,60.3,2,5896.142553918064,5896.142553918064,5896.142553918064,1.0,1.0
denoising-dirty-documents__ec447d8baa434d0faf493d69c4e88a48,cards_senior_0727.jsonl:16,denoising-dirty-documents,hard,2,0,2,0.0,sub120_available,denoising-dirty-documents__676afd4f1b2048cfa3bb87a9501c0de8|denoising-dirty-documents__9122d7821f0d4e59b227733c2554700b,2,0.5,0.0009650000000000006,1.5,60.3,0,5896.142553918064,60.3,60.3,0.01022702545750524,0.01022702545750524
denoising-dirty-documents__ec447d8baa434d0faf493d69c4e88a48,cards_senior_0727.jsonl:16,denoising-dirty-documents,hard,2,0,2,0.0,artifact120_escalate_silent,denoising-dirty-documents__9122d7821f0d4e59b227733c2554700b,1,1.0,0.0,1,60.3,2,5896.142553918064,5956.442553918064,5896.442553918064,1.0102270254575052,1.0000508807236692
denoising-dirty-documents__fa4eee2f776a44efb0fe1e4e15339553,cards_senior_0731.jsonl:13,denoising-dirty-documents,hard,2,0,2,0.0,random,denoising-dirty-documents__6dd95edcab0e45559bb741b08b038a76|denoising-dirty-documents__f39ee4ce2db14bc68771c9773ec0a47f,2,0.5,0.0010299999999999997,1.5,60.4,0,7291.400309048593,0.0,0.0,0.0,0.0
denoising-dirty-documents__fa4eee2f776a44efb0fe1e4e15339553,cards_senior_0731.jsonl:13,denoising-dirty-documents,hard,2,0,2,0.0,full_external,denoising-dirty-documents__6dd95edcab0e45559bb741b08b038a76,1,1.0,0.0,1,60.4,2,7291.400309048593,7291.400309048593,7291.400309048593,1.0,1.0
denoising-dirty-documents__fa4eee2f776a44efb0fe1e4e15339553,cards_senior_0731.jsonl:13,denoising-dirty-documents,hard,2,0,2,0.0,full_self_report_available,denoising-dirty-documents__6dd95edcab0e45559bb741b08b038a76,1,1.0,0.0,1,60.4,2,7291.400309048593,7291.400309048593,7291.400309048593,1.0,1.0
denoising-dirty-documents__fa4eee2f776a44efb0fe1e4e15339553,cards_senior_0731.jsonl:13,denoising-dirty-documents,hard,2,0,2,0.0,full_self_report_complete,denoising-dirty-documents__6dd95edcab0e45559bb741b08b038a76,1,1.0,0.0,1,60.4,2,7291.400309048593,7291.400309048593,7291.400309048593,1.0,1.0
denoising-dirty-documents__fa4eee2f776a44efb0fe1e4e15339553,cards_senior_0731.jsonl:13,denoising-dirty-documents,hard,2,0,2,0.0,sub120_available,denoising-dirty-documents__6dd95edcab0e45559bb741b08b038a76|denoising-dirty-documents__f39ee4ce2db14bc68771c9773ec0a47f,2,0.5,0.0010299999999999997,1.5,60.4,0,7291.400309048593,60.4,60.4,0.00828373116821523,0.00828373116821523
denoising-dirty-documents__fa4eee2f776a44efb0fe1e4e15339553,cards_senior_0731.jsonl:13,denoising-dirty-documents,hard,2,0,2,0.0,artifact120_escalate_silent,denoising-dirty-documents__6dd95edcab0e45559bb741b08b038a76,1,1.0,0.0,1,60.4,2,7291.400309048593,7351.800309048593,7291.800309048593,1.0082837311682151,1.0000548591468092
google-quest-challenge__09e3c19539104671ae6c7ac3d25ba513,cards_senior_0806.jsonl:8,google-quest-challenge,easy,2,0,2,0.0,random,google-quest-challenge__cfdb38bd32284dd1b14ffe5f63059aa2|google-quest-challenge__e056f23b7e7345cc99b98ec98dbc0224,2,0.5,0.07111,1.5,60.3,0,2106.5476160738617,0.0,0.0,0.0,0.0
google-quest-challenge__09e3c19539104671ae6c7ac3d25ba513,cards_senior_0806.jsonl:8,google-quest-challenge,easy,2,0,2,0.0,full_external,google-quest-challenge__e056f23b7e7345cc99b98ec98dbc0224,1,1.0,0.0,1,60.3,2,2106.5476160738617,2106.5476160738617,2106.5476160738617,1.0,1.0
google-quest-challenge__09e3c19539104671ae6c7ac3d25ba513,cards_senior_0806.jsonl:8,google-quest-challenge,easy,2,0,2,0.0,full_self_report_available,google-quest-challenge__e056f23b7e7345cc99b98ec98dbc0224,1,1.0,0.0,1,60.3,2,2106.5476160738617,2106.5476160738617,2106.5476160738617,1.0,1.0
google-quest-challenge__09e3c19539104671ae6c7ac3d25ba513,cards_senior_0806.jsonl:8,google-quest-challenge,easy,2,0,2,0.0,full_self_report_complete,google-quest-challenge__e056f23b7e7345cc99b98ec98dbc0224,1,1.0,0.0,1,60.3,2,2106.5476160738617,2106.5476160738617,2106.5476160738617,1.0,1.0
google-quest-challenge__09e3c19539104671ae6c7ac3d25ba513,cards_senior_0806.jsonl:8,google-quest-challenge,easy,2,0,2,0.0,sub120_available,google-quest-challenge__cfdb38bd32284dd1b14ffe5f63059aa2|google-quest-challenge__e056f23b7e7345cc99b98ec98dbc0224,2,0.5,0.07111,1.5,60.3,0,2106.5476160738617,60.3,60.3,0.028625035361121265,0.028625035361121265
google-quest-challenge__09e3c19539104671ae6c7ac3d25ba513,cards_senior_0806.jsonl:8,google-quest-challenge,easy,2,0,2,0.0,artifact120_escalate_silent,google-quest-challenge__e056f23b7e7345cc99b98ec98dbc0224,1,1.0,0.0,1,60.3,2,2106.5476160738617,2166.847616073862,2106.847616073862,1.0286250353611213,1.0001424131112495
google-quest-challenge__54d5e9cda21a4099a4d5c8a5900b642d,cards_senior_0731.jsonl:8,google-quest-challenge,hard,2,0,2,0.0,random,google-quest-challenge__9c121e84fa5a451e87b48f608b215dd4|google-quest-challenge__af65cdfcccea47739bbbd7014fb7f5d6,2,0.5,0.00020000000000003348,1.5,60.4,0,11458.130039536976,0.0,0.0,0.0,0.0
google-quest-challenge__54d5e9cda21a4099a4d5c8a5900b642d,cards_senior_0731.jsonl:8,google-quest-challenge,hard,2,0,2,0.0,full_external,google-quest-challenge__9c121e84fa5a451e87b48f608b215dd4,1,1.0,0.0,1,60.4,2,11458.130039536976,11458.130039536976,11458.130039536976,1.0,1.0
google-quest-challenge__54d5e9cda21a4099a4d5c8a5900b642d,cards_senior_0731.jsonl:8,google-quest-challenge,hard,2,0,2,0.0,full_self_report_available,google-quest-challenge__af65cdfcccea47739bbbd7014fb7f5d6,1,0.0,0.00040000000000001146,2,60.4,2,11458.130039536976,11458.130039536976,11458.130039536976,1.0,1.0
google-quest-challenge__54d5e9cda21a4099a4d5c8a5900b642d,cards_senior_0731.jsonl:8,google-quest-challenge,hard,2,0,2,0.0,full_self_report_complete,google-quest-challenge__af65cdfcccea47739bbbd7014fb7f5d6,1,0.0,0.00040000000000001146,2,60.4,2,11458.130039536976,11458.130039536976,11458.130039536976,1.0,1.0
google-quest-challenge__54d5e9cda21a4099a4d5c8a5900b642d,cards_senior_0731.jsonl:8,google-quest-challenge,hard,2,0,2,0.0,sub120_available,google-quest-challenge__9c121e84fa5a451e87b48f608b215dd4|google-quest-challenge__af65cdfcccea47739bbbd7014fb7f5d6,2,0.5,0.00020000000000003348,1.5,60.4,0,11458.130039536976,60.4,60.4,0.005271366251874094,0.005271366251874094
google-quest-challenge__54d5e9cda21a4099a4d5c8a5900b642d,cards_senior_0731.jsonl:8,google-quest-challenge,hard,2,0,2,0.0,artifact120_escalate_silent,google-quest-challenge__9c121e84fa5a451e87b48f608b215dd4,1,1.0,0.0,1,60.4,2,11458.130039536976,11518.530039536976,11458.530039536976,1.005271366251874,1.0000349097102772
google-quest-challenge__59d05421af854a3ebf13a049f852fca7,cards_senior_0731.jsonl:8,google-quest-challenge,easy,2,0,2,0.0,random,google-quest-challenge__6ba46794dff84b4aa036ddff694451c2|google-quest-challenge__d18100348572434fbfa74d3d01008623,2,0.5,0.036055000000000004,1.5,60.9,0,4621.799937464006,0.0,0.0,0.0,0.0
google-quest-challenge__59d05421af854a3ebf13a049f852fca7,cards_senior_0731.jsonl:8,google-quest-challenge,easy,2,0,2,0.0,full_external,google-quest-challenge__d18100348572434fbfa74d3d01008623,1,1.0,0.0,1,60.9,2,4621.799937464006,4621.799937464006,4621.799937464006,1.0,1.0
google-quest-challenge__59d05421af854a3ebf13a049f852fca7,cards_senior_0731.jsonl:8,google-quest-challenge,easy,2,0,2,0.0,full_self_report_available,google-quest-challenge__d18100348572434fbfa74d3d01008623,1,1.0,0.0,1,60.9,2,4621.799937464006,4621.799937464006,4621.799937464006,1.0,1.0
google-quest-challenge__59d05421af854a3ebf13a049f852fca7,cards_senior_0731.jsonl:8,google-quest-challenge,easy,2,0,2,0.0,sub120_available,google-quest-challenge__6ba46794dff84b4aa036ddff694451c2|google-quest-challenge__d18100348572434fbfa74d3d01008623,2,0.5,0.036055000000000004,1.5,60.9,0,4621.799937464006,60.9,60.9,0.013176684586961156,0.013176684586961156
google-quest-challenge__59d05421af854a3ebf13a049f852fca7,cards_senior_0731.jsonl:8,google-quest-challenge,easy,2,0,2,0.0,artifact120_escalate_silent,google-quest-challenge__d18100348572434fbfa74d3d01008623,1,1.0,0.0,1,60.9,2,4621.799937464006,4682.699937464005,4631.280839613004,1.013176684586961,1.0020513441250771
google-quest-challenge__5bbb739e789e4195ab45d5c9d9e4ef0e,cards_senior_0731.jsonl:8,google-quest-challenge,easy,2,0,2,0.0,random,google-quest-challenge__b0136f10f1e34af1bea8d3b95494444d|google-quest-challenge__c0db78dfced24417a26a9268ac68ca83,2,0.5,0.03031499999999998,1.5,60.4,0,774.2440649799828,0.0,0.0,0.0,0.0
google-quest-challenge__5bbb739e789e4195ab45d5c9d9e4ef0e,cards_senior_0731.jsonl:8,google-quest-challenge,easy,2,0,2,0.0,full_external,google-quest-challenge__b0136f10f1e34af1bea8d3b95494444d,1,1.0,0.0,1,60.4,2,774.2440649799828,774.2440649799828,774.2440649799828,1.0,1.0
google-quest-challenge__5bbb739e789e4195ab45d5c9d9e4ef0e,cards_senior_0731.jsonl:8,google-quest-challenge,easy,2,0,2,0.0,full_self_report_available,google-quest-challenge__b0136f10f1e34af1bea8d3b95494444d,1,1.0,0.0,1,60.4,2,774.2440649799828,774.2440649799828,774.2440649799828,1.0,1.0
google-quest-challenge__5bbb739e789e4195ab45d5c9d9e4ef0e,cards_senior_0731.jsonl:8,google-quest-challenge,easy,2,0,2,0.0,sub120_available,google-quest-challenge__b0136f10f1e34af1bea8d3b95494444d|google-quest-challenge__c0db78dfced24417a26a9268ac68ca83,2,0.5,0.03031499999999998,1.5,60.4,0,774.2440649799828,60.4,60.4,0.07801157636456868,0.07801157636456868
google-quest-challenge__5bbb739e789e4195ab45d5c9d9e4ef0e,cards_senior_0731.jsonl:8,google-quest-challenge,easy,2,0,2,0.0,artifact120_escalate_silent,google-quest-challenge__b0136f10f1e34af1bea8d3b95494444d,1,1.0,0.0,1,60.4,2,774.2440649799828,834.6440649799828,774.6440649799828,1.0780115763645686,1.0005166329560566
google-quest-challenge__9c121e84fa5a451e87b48f608b215dd4,cards_senior_0731.jsonl:8,google-quest-challenge,hard,2,0,2,0.0,random,google-quest-challenge__0f314d3d03ab4226be148679544edf63|google-quest-challenge__43f44abea2d04a8e993bbcf60a6646d7,2,0.5,0.0008349999999999747,1.5,60.3,0,9685.27632703996,0.0,0.0,0.0,0.0
google-quest-challenge__9c121e84fa5a451e87b48f608b215dd4,cards_senior_0731.jsonl:8,google-quest-challenge,hard,2,0,2,0.0,full_external,google-quest-challenge__43f44abea2d04a8e993bbcf60a6646d7,1,1.0,0.0,1,60.3,2,9685.27632703996,9685.27632703996,9685.27632703996,1.0,1.0
google-quest-challenge__9c121e84fa5a451e87b48f608b215dd4,cards_senior_0731.jsonl:8,google-quest-challenge,hard,2,0,2,0.0,full_self_report_available,google-quest-challenge__0f314d3d03ab4226be148679544edf63,1,0.0,0.0016700000000000048,2,60.3,2,9685.27632703996,9685.27632703996,9685.27632703996,1.0,1.0
google-quest-challenge__9c121e84fa5a451e87b48f608b215dd4,cards_senior_0731.jsonl:8,google-quest-challenge,hard,2,0,2,0.0,full_self_report_complete,google-quest-challenge__0f314d3d03ab4226be148679544edf63,1,0.0,0.0016700000000000048,2,60.3,2,9685.27632703996,9685.27632703996,9685.27632703996,1.0,1.0
google-quest-challenge__9c121e84fa5a451e87b48f608b215dd4,cards_senior_0731.jsonl:8,google-quest-challenge,hard,2,0,2,0.0,sub120_available,google-quest-challenge__0f314d3d03ab4226be148679544edf63|google-quest-challenge__43f44abea2d04a8e993bbcf60a6646d7,2,0.5,0.0008349999999999747,1.5,60.3,0,9685.27632703996,60.3,60.3,0.006225945235207249,0.006225945235207249
google-quest-challenge__9c121e84fa5a451e87b48f608b215dd4,cards_senior_0731.jsonl:8,google-quest-challenge,hard,2,0,2,0.0,artifact120_escalate_silent,google-quest-challenge__43f44abea2d04a8e993bbcf60a6646d7,1,1.0,0.0,1,60.3,2,9685.27632703996,9745.576327039958,9685.576327039958,1.0062259452352071,1.0000309748519163
google-quest-challenge__9f74747856c543728a41fbad7c6faf26,cards_senior_0731.jsonl:8,google-quest-challenge,hard,2,0,2,0.0,random,google-quest-challenge__5e9ca53a965341de95e27ea6a40732c6|google-quest-challenge__d47652578a9f4b8e896dcf77a27f1573,2,0.5,0.002385000000000026,1.5,60.3,0,12778.345358970982,0.0,0.0,0.0,0.0
google-quest-challenge__9f74747856c543728a41fbad7c6faf26,cards_senior_0731.jsonl:8,google-quest-challenge,hard,2,0,2,0.0,full_external,google-quest-challenge__5e9ca53a965341de95e27ea6a40732c6,1,1.0,0.0,1,60.3,2,12778.345358970982,12778.345358970982,12778.345358970982,1.0,1.0
google-quest-challenge__9f74747856c543728a41fbad7c6faf26,cards_senior_0731.jsonl:8,google-quest-challenge,hard,2,0,2,0.0,full_self_report_available,google-quest-challenge__5e9ca53a965341de95e27ea6a40732c6,1,1.0,0.0,1,60.3,2,12778.345358970982,12778.345358970982,12778.345358970982,1.0,1.0
google-quest-challenge__9f74747856c543728a41fbad7c6faf26,cards_senior_0731.jsonl:8,google-quest-challenge,hard,2,0,2,0.0,full_self_report_complete,google-quest-challenge__5e9ca53a965341de95e27ea6a40732c6,1,1.0,0.0,1,60.3,2,12778.345358970982,12778.345358970982,12778.345358970982,1.0,1.0
google-quest-challenge__9f74747856c543728a41fbad7c6faf26,cards_senior_0731.jsonl:8,google-quest-challenge,hard,2,0,2,0.0,sub120_available,google-quest-challenge__5e9ca53a965341de95e27ea6a40732c6|google-quest-challenge__d47652578a9f4b8e896dcf77a27f1573,2,0.5,0.002385000000000026,1.5,60.3,0,12778.345358970982,60.3,60.3,0.004718920823161712,0.004718920823161712
google-quest-challenge__9f74747856c543728a41fbad7c6faf26,cards_senior_0731.jsonl:8,google-quest-challenge,hard,2,0,2,0.0,artifact120_escalate_silent,google-quest-challenge__5e9ca53a965341de95e27ea6a40732c6,1,1.0,0.0,1,60.3,2,12778.345358970982,12838.645358970982,12778.645358970982,1.0047189208231617,1.0000234772180256
google-quest-challenge__af65cdfcccea47739bbbd7014fb7f5d6,cards_senior_0731.jsonl:8,google-quest-challenge,hard,2,0,2,0.0,random,google-quest-challenge__3d3145e426b04dc1a112c0832c002be2|google-quest-challenge__9f74747856c543728a41fbad7c6faf26,2,0.5,0.003635000000000055,1.5,60.599999999999994,0,12051.353250257991,0.0,0.0,0.0,0.0
google-quest-challenge__af65cdfcccea47739bbbd7014fb7f5d6,cards_senior_0731.jsonl:8,google-quest-challenge,hard,2,0,2,0.0,full_external,google-quest-challenge__9f74747856c543728a41fbad7c6faf26,1,1.0,0.0,1,60.599999999999994,2,12051.353250257991,12051.353250257991,12051.353250257991,1.0,1.0
google-quest-challenge__af65cdfcccea47739bbbd7014fb7f5d6,cards_senior_0731.jsonl:8,google-quest-challenge,hard,2,0,2,0.0,full_self_report_available,google-quest-challenge__9f74747856c543728a41fbad7c6faf26,1,1.0,0.0,1,60.599999999999994,2,12051.353250257991,12051.353250257991,12051.353250257991,1.0,1.0
google-quest-challenge__af65cdfcccea47739bbbd7014fb7f5d6,cards_senior_0731.jsonl:8,google-quest-challenge,hard,2,0,2,0.0,full_self_report_complete,google-quest-challenge__9f74747856c543728a41fbad7c6faf26,1,1.0,0.0,1,60.599999999999994,2,12051.353250257991,12051.353250257991,12051.353250257991,1.0,1.0
google-quest-challenge__af65cdfcccea47739bbbd7014fb7f5d6,cards_senior_0731.jsonl:8,google-quest-challenge,hard,2,0,2,0.0,sub120_available,google-quest-challenge__3d3145e426b04dc1a112c0832c002be2|google-quest-challenge__9f74747856c543728a41fbad7c6faf26,2,0.5,0.003635000000000055,1.5,60.599999999999994,0,12051.353250257991,60.599999999999994,60.599999999999994,0.005028480930031878,0.005028480930031878
google-quest-challenge__af65cdfcccea47739bbbd7014fb7f5d6,cards_senior_0731.jsonl:8,google-quest-challenge,hard,2,0,2,0.0,artifact120_escalate_silent,google-quest-challenge__9f74747856c543728a41fbad7c6faf26,1,1.0,0.0,1,60.599999999999994,2,12051.353250257991,12111.953250257991,12051.953250257991,1.0050284809300318,1.0000497869399014
kuzushiji-recognition__121ed223cdb04e059635cad9a797bd87,cards_senior_0806.jsonl:13,kuzushiji-recognition,easy,2,0,2,0.0,random,kuzushiji-recognition__181e0d660b9d488cbc03cfdf2e2dee1c|kuzushiji-recognition__d986962a7a4d47e0ad49cda82797dbe8,2,0.5,0.30362999999999996,1.5,60.4,0,3921.0252232720377,0.0,0.0,0.0,0.0
kuzushiji-recognition__121ed223cdb04e059635cad9a797bd87,cards_senior_0806.jsonl:13,kuzushiji-recognition,easy,2,0,2,0.0,full_external,kuzushiji-recognition__181e0d660b9d488cbc03cfdf2e2dee1c,1,1.0,0.0,1,60.4,2,3921.0252232720377,3921.0252232720377,3921.0252232720377,1.0,1.0
kuzushiji-recognition__121ed223cdb04e059635cad9a797bd87,cards_senior_0806.jsonl:13,kuzushiji-recognition,easy,2,0,2,0.0,full_self_report_available,kuzushiji-recognition__181e0d660b9d488cbc03cfdf2e2dee1c,1,1.0,0.0,1,60.4,2,3921.0252232720377,3921.0252232720377,3921.0252232720377,1.0,1.0
kuzushiji-recognition__121ed223cdb04e059635cad9a797bd87,cards_senior_0806.jsonl:13,kuzushiji-recognition,easy,2,0,2,0.0,full_self_report_complete,kuzushiji-recognition__181e0d660b9d488cbc03cfdf2e2dee1c,1,1.0,0.0,1,60.4,2,3921.0252232720377,3921.0252232720377,3921.0252232720377,1.0,1.0
kuzushiji-recognition__121ed223cdb04e059635cad9a797bd87,cards_senior_0806.jsonl:13,kuzushiji-recognition,easy,2,0,2,0.0,sub120_available,kuzushiji-recognition__181e0d660b9d488cbc03cfdf2e2dee1c|kuzushiji-recognition__d986962a7a4d47e0ad49cda82797dbe8,2,0.5,0.30362999999999996,1.5,60.4,0,3921.0252232720377,60.4,60.4,0.015404134521123302,0.015404134521123302
kuzushiji-recognition__121ed223cdb04e059635cad9a797bd87,cards_senior_0806.jsonl:13,kuzushiji-recognition,easy,2,0,2,0.0,artifact120_escalate_silent,kuzushiji-recognition__181e0d660b9d488cbc03cfdf2e2dee1c,1,1.0,0.0,1,60.4,2,3921.0252232720377,3981.425223272038,3921.425223272038,1.0154041345211233,1.0001020141359016
kuzushiji-recognition__4dd7be980ff84ddba2cf9058c2885427,cards_senior_0804.jsonl:10,kuzushiji-recognition,hard,2,0,2,0.0,random,kuzushiji-recognition__73e99f460e924a9e88321f1949932b3b|kuzushiji-recognition__9524d52febcd4295ad84c4af399e1324,2,0.5,0.004790000000000072,1.5,60.4,0,4745.1295155209955,0.0,0.0,0.0,0.0
kuzushiji-recognition__4dd7be980ff84ddba2cf9058c2885427,cards_senior_0804.jsonl:10,kuzushiji-recognition,hard,2,0,2,0.0,full_external,kuzushiji-recognition__9524d52febcd4295ad84c4af399e1324,1,1.0,0.0,1,60.4,2,4745.1295155209955,4745.1295155209955,4745.1295155209955,1.0,1.0
kuzushiji-recognition__4dd7be980ff84ddba2cf9058c2885427,cards_senior_0804.jsonl:10,kuzushiji-recognition,hard,2,0,2,0.0,full_self_report_available,kuzushiji-recognition__9524d52febcd4295ad84c4af399e1324,1,1.0,0.0,1,60.4,2,4745.1295155209955,4745.1295155209955,4745.1295155209955,1.0,1.0
kuzushiji-recognition__4dd7be980ff84ddba2cf9058c2885427,cards_senior_0804.jsonl:10,kuzushiji-recognition,hard,2,0,2,0.0,full_self_report_complete,kuzushiji-recognition__9524d52febcd4295ad84c4af399e1324,1,1.0,0.0,1,60.4,2,4745.1295155209955,4745.1295155209955,4745.1295155209955,1.0,1.0
kuzushiji-recognition__4dd7be980ff84ddba2cf9058c2885427,cards_senior_0804.jsonl:10,kuzushiji-recognition,hard,2,0,2,0.0,sub120_available,kuzushiji-recognition__73e99f460e924a9e88321f1949932b3b|kuzushiji-recognition__9524d52febcd4295ad84c4af399e1324,2,0.5,0.004790000000000072,1.5,60.4,0,4745.1295155209955,60.4,60.4,0.012728841183878271,0.012728841183878271
kuzushiji-recognition__4dd7be980ff84ddba2cf9058c2885427,cards_senior_0804.jsonl:10,kuzushiji-recognition,hard,2,0,2,0.0,artifact120_escalate_silent,kuzushiji-recognition__9524d52febcd4295ad84c4af399e1324,1,1.0,0.0,1,60.4,2,4745.1295155209955,4805.529515520995,4745.529515520995,1.0127288411838782,1.0000842969614825
kuzushiji-recognition__ad92a6e36fda4465b4ac7e307e5a71cb,cards_senior_0806.jsonl:13,kuzushiji-recognition,easy,2,0,2,0.0,random,kuzushiji-recognition__182f4cda0713445da9215b141532d19c|kuzushiji-recognition__2f8ad4b6f65e4c7b8d9da78aec6a8d9a,2,0.5,0.011915000000000009,1.5,60.4,0,3844.2719122660346,0.0,0.0,0.0,0.0
kuzushiji-recognition__ad92a6e36fda4465b4ac7e307e5a71cb,cards_senior_0806.jsonl:13,kuzushiji-recognition,easy,2,0,2,0.0,full_external,kuzushiji-recognition__2f8ad4b6f65e4c7b8d9da78aec6a8d9a,1,1.0,0.0,1,60.4,2,3844.2719122660346,3844.2719122660346,3844.2719122660346,1.0,1.0
kuzushiji-recognition__ad92a6e36fda4465b4ac7e307e5a71cb,cards_senior_0806.jsonl:13,kuzushiji-recognition,easy,2,0,2,0.0,full_self_report_available,kuzushiji-recognition__2f8ad4b6f65e4c7b8d9da78aec6a8d9a,1,1.0,0.0,1,60.4,2,3844.2719122660346,3844.2719122660346,3844.2719122660346,1.0,1.0
kuzushiji-recognition__ad92a6e36fda4465b4ac7e307e5a71cb,cards_senior_0806.jsonl:13,kuzushiji-recognition,easy,2,0,2,0.0,full_self_report_complete,kuzushiji-recognition__2f8ad4b6f65e4c7b8d9da78aec6a8d9a,1,1.0,0.0,1,60.4,2,3844.2719122660346,3844.2719122660346,3844.2719122660346,1.0,1.0
kuzushiji-recognition__ad92a6e36fda4465b4ac7e307e5a71cb,cards_senior_0806.jsonl:13,kuzushiji-recognition,easy,2,0,2,0.0,sub120_available,kuzushiji-recognition__182f4cda0713445da9215b141532d19c|kuzushiji-recognition__2f8ad4b6f65e4c7b8d9da78aec6a8d9a,2,0.5,0.011915000000000009,1.5,60.4,0,3844.2719122660346,60.4,60.4,0.015711687772990222,0.015711687772990222
kuzushiji-recognition__ad92a6e36fda4465b4ac7e307e5a71cb,cards_senior_0806.jsonl:13,kuzushiji-recognition,easy,2,0,2,0.0,artifact120_escalate_silent,kuzushiji-recognition__2f8ad4b6f65e4c7b8d9da78aec6a8d9a,1,1.0,0.0,1,60.4,2,3844.2719122660346,3904.6719122660347,3844.6719122660347,1.0157116877729901,1.000104050912404
kuzushiji-recognition__eeaa6bfc07634ea58702ac333e168a6a,cards_senior_0804.jsonl:10,kuzushiji-recognition,easy,2,0,2,0.0,random,kuzushiji-recognition__4dd7be980ff84ddba2cf9058c2885427|kuzushiji-recognition__d6f23b0dbc6b4334a0ff06e695764651,2,0.5,0.10888500000000001,1.5,60.3,0,2680.9472773440066,0.0,0.0,0.0,0.0
kuzushiji-recognition__eeaa6bfc07634ea58702ac333e168a6a,cards_senior_0804.jsonl:10,kuzushiji-recognition,easy,2,0,2,0.0,full_external,kuzushiji-recognition__4dd7be980ff84ddba2cf9058c2885427,1,1.0,0.0,1,60.3,2,2680.9472773440066,2680.9472773440066,2680.9472773440066,1.0,1.0
kuzushiji-recognition__eeaa6bfc07634ea58702ac333e168a6a,cards_senior_0804.jsonl:10,kuzushiji-recognition,easy,2,0,2,0.0,full_self_report_available,kuzushiji-recognition__4dd7be980ff84ddba2cf9058c2885427,1,1.0,0.0,1,60.3,2,2680.9472773440066,2680.9472773440066,2680.9472773440066,1.0,1.0
kuzushiji-recognition__eeaa6bfc07634ea58702ac333e168a6a,cards_senior_0804.jsonl:10,kuzushiji-recognition,easy,2,0,2,0.0,full_self_report_complete,kuzushiji-recognition__4dd7be980ff84ddba2cf9058c2885427,1,1.0,0.0,1,60.3,2,2680.9472773440066,2680.9472773440066,2680.9472773440066,1.0,1.0
kuzushiji-recognition__eeaa6bfc07634ea58702ac333e168a6a,cards_senior_0804.jsonl:10,kuzushiji-recognition,easy,2,0,2,0.0,sub120_available,kuzushiji-recognition__4dd7be980ff84ddba2cf9058c2885427|kuzushiji-recognition__d6f23b0dbc6b4334a0ff06e695764651,2,0.5,0.10888500000000001,1.5,60.3,0,2680.9472773440066,60.3,60.3,0.022492049921898776,0.022492049921898776
kuzushiji-recognition__eeaa6bfc07634ea58702ac333e168a6a,cards_senior_0804.jsonl:10,kuzushiji-recognition,easy,2,0,2,0.0,artifact120_escalate_silent,kuzushiji-recognition__4dd7be980ff84ddba2cf9058c2885427,1,1.0,0.0,1,60.3,2,2680.9472773440066,2741.2472773440068,2681.2472773440068,1.0224920499218988,1.00011190074588
leaf-classification__239c7e7b1c754e3c964e2a79deca5005,cards_senior_0808.jsonl:34,leaf-classification,hard,3,1,2,0.3333333333333333,random,leaf-classification__057eea44bbc44c398d28cb637cf4dc58|leaf-classification__73e11f5203254134a921f4cb4cf0f43f|leaf-classification__d7f05a7d1c444f3b83fc5cb5e0070510,3,0.3333333333333333,4.026073333333334,2,80.4,0,176.68188110366464,0.0,0.0,0.0,0.0
leaf-classification__239c7e7b1c754e3c964e2a79deca5005,cards_senior_0808.jsonl:34,leaf-classification,hard,3,1,2,0.3333333333333333,full_external,leaf-classification__73e11f5203254134a921f4cb4cf0f43f,1,1.0,0.0,1,80.4,3,176.68188110366464,176.68188110366464,176.68188110366464,1.0,1.0
leaf-classification__239c7e7b1c754e3c964e2a79deca5005,cards_senior_0808.jsonl:34,leaf-classification,hard,3,1,2,0.3333333333333333,full_self_report_available,leaf-classification__d7f05a7d1c444f3b83fc5cb5e0070510,1,0.0,0.0013900000000000023,2,80.4,3,176.68188110366464,176.68188110366464,176.68188110366464,1.0,1.0
leaf-classification__239c7e7b1c754e3c964e2a79deca5005,cards_senior_0808.jsonl:34,leaf-classification,hard,3,1,2,0.3333333333333333,sub120_available,leaf-classification__057eea44bbc44c398d28cb637cf4dc58,1,0.0,12.07683,3,80.4,0,176.68188110366464,80.4,80.4,0.45505515052121775,0.45505515052121775
leaf-classification__239c7e7b1c754e3c964e2a79deca5005,cards_senior_0808.jsonl:34,leaf-classification,hard,3,1,2,0.3333333333333333,artifact120_escalate_silent,leaf-classification__73e11f5203254134a921f4cb4cf0f43f,1,1.0,0.0,1,80.4,2,176.68188110366464,226.15704378727824,166.15704378727824,1.2800239751499194,0.9404305792385629
leaf-classification__3c164f72f3244432b38a52ea18357921,cards_senior_0808.jsonl:34,leaf-classification,hard,3,1,2,0.3333333333333333,random,leaf-classification__0012a07f48b648679734623e5e3acbee|leaf-classification__156c3f5007194dec993c6183a80af50f|leaf-classification__6a0fb84e84c54521889bbf92076512f0,3,0.6666666666666666,0.0005299999999999992,1.3333333333333333,85.2,0,168.19164774939418,0.0,0.0,0.0,0.0
leaf-classification__3c164f72f3244432b38a52ea18357921,cards_senior_0808.jsonl:34,leaf-classification,hard,3,1,2,0.3333333333333333,full_external,leaf-classification__0012a07f48b648679734623e5e3acbee|leaf-classification__156c3f5007194dec993c6183a80af50f,2,1.0,0.0,1,85.2,3,168.19164774939418,168.19164774939418,168.19164774939418,1.0,1.0
leaf-classification__3c164f72f3244432b38a52ea18357921,cards_senior_0808.jsonl:34,leaf-classification,hard,3,1,2,0.3333333333333333,full_self_report_available,leaf-classification__0012a07f48b648679734623e5e3acbee,1,1.0,0.0,1,85.2,3,168.19164774939418,168.19164774939418,168.19164774939418,1.0,1.0
leaf-classification__3c164f72f3244432b38a52ea18357921,cards_senior_0808.jsonl:34,leaf-classification,hard,3,1,2,0.3333333333333333,full_self_report_complete,leaf-classification__0012a07f48b648679734623e5e3acbee,1,1.0,0.0,1,85.2,3,168.19164774939418,168.19164774939418,168.19164774939418,1.0,1.0
leaf-classification__3c164f72f3244432b38a52ea18357921,cards_senior_0808.jsonl:34,leaf-classification,hard,3,1,2,0.3333333333333333,sub120_available,leaf-classification__6a0fb84e84c54521889bbf92076512f0,1,0.0,0.0015899999999999977,2,85.2,0,168.19164774939418,85.2,85.2,0.5065649878580661,0.5065649878580661
leaf-classification__3c164f72f3244432b38a52ea18357921,cards_senior_0808.jsonl:34,leaf-classification,hard,3,1,2,0.3333333333333333,artifact120_escalate_silent,leaf-classification__0012a07f48b648679734623e5e3acbee|leaf-classification__156c3f5007194dec993c6183a80af50f,2,1.0,0.0,1,85.2,2,168.19164774939418,223.75121227912604,163.75121227912604,1.330334860697219,0.9735989537549189
leaf-classification__6ab44b6035424b84aa5f92009d7da965,cards_senior_0808.jsonl:34,leaf-classification,easy,2,0,2,0.0,random,leaf-classification__991d5e2597c6435aa1d658f2f46639f1|leaf-classification__ee501d742baa4e5eb3737e1746896c43,2,0.5,0.02407999999999999,1.5,60.0,0,192.05969121307135,0.0,0.0,0.0,0.0
leaf-classification__6ab44b6035424b84aa5f92009d7da965,cards_senior_0808.jsonl:34,leaf-classification,easy,2,0,2,0.0,full_external,leaf-classification__991d5e2597c6435aa1d658f2f46639f1,1,1.0,0.0,1,60.0,2,192.05969121307135,192.05969121307135,192.05969121307135,1.0,1.0
leaf-classification__6ab44b6035424b84aa5f92009d7da965,cards_senior_0808.jsonl:34,leaf-classification,easy,2,0,2,0.0,full_self_report_available,leaf-classification__991d5e2597c6435aa1d658f2f46639f1,1,1.0,0.0,1,60.0,2,192.05969121307135,192.05969121307135,192.05969121307135,1.0,1.0
leaf-classification__6ab44b6035424b84aa5f92009d7da965,cards_senior_0808.jsonl:34,leaf-classification,easy,2,0,2,0.0,full_self_report_complete,leaf-classification__991d5e2597c6435aa1d658f2f46639f1,1,1.0,0.0,1,60.0,2,192.05969121307135,192.05969121307135,192.05969121307135,1.0,1.0
leaf-classification__6ab44b6035424b84aa5f92009d7da965,cards_senior_0808.jsonl:34,leaf-classification,easy,2,0,2,0.0,sub120_available,leaf-classification__991d5e2597c6435aa1d658f2f46639f1|leaf-classification__ee501d742baa4e5eb3737e1746896c43,2,0.5,0.02407999999999999,1.5,60.0,0,192.05969121307135,60.0,60.0,0.31240287652777643,0.31240287652777643
leaf-classification__6ab44b6035424b84aa5f92009d7da965,cards_senior_0808.jsonl:34,leaf-classification,easy,2,0,2,0.0,artifact120_escalate_silent,leaf-classification__991d5e2597c6435aa1d658f2f46639f1,1,1.0,0.0,1,60.0,2,192.05969121307135,252.05969121307135,192.05969121307135,1.3124028765277764,1.0
leaf-classification__abd955fe1fad4d7a9b4bac2c62a6b1ae,cards_senior_0808.jsonl:34,leaf-classification,easy,2,2,0,1.0,random,leaf-classification__494524617b54420f82384eeeca1bb3f8|leaf-classification__eed56a4de8c846d199c496cea22662c6,2,0.5,0.017565000000000004,1.5,46.8,0,50.29974092915654,0.0,0.0,0.0,0.0
leaf-classification__abd955fe1fad4d7a9b4bac2c62a6b1ae,cards_senior_0808.jsonl:34,leaf-classification,easy,2,2,0,1.0,full_external,leaf-classification__494524617b54420f82384eeeca1bb3f8,1,1.0,0.0,1,46.8,2,50.29974092915654,50.29974092915654,50.29974092915654,1.0,1.0
leaf-classification__abd955fe1fad4d7a9b4bac2c62a6b1ae,cards_senior_0808.jsonl:34,leaf-classification,easy,2,2,0,1.0,full_self_report_available,leaf-classification__eed56a4de8c846d199c496cea22662c6,1,0.0,0.03513,2,46.8,2,50.29974092915654,50.29974092915654,50.29974092915654,1.0,1.0
leaf-classification__abd955fe1fad4d7a9b4bac2c62a6b1ae,cards_senior_0808.jsonl:34,leaf-classification,easy,2,2,0,1.0,full_self_report_complete,leaf-classification__eed56a4de8c846d199c496cea22662c6,1,0.0,0.03513,2,46.8,2,50.29974092915654,50.29974092915654,50.29974092915654,1.0,1.0
leaf-classification__abd955fe1fad4d7a9b4bac2c62a6b1ae,cards_senior_0808.jsonl:34,leaf-classification,easy,2,2,0,1.0,sub120_available,leaf-classification__494524617b54420f82384eeeca1bb3f8,1,1.0,0.0,1,46.8,0,50.29974092915654,46.8,46.8,0.9304222871826384,0.9304222871826384
leaf-classification__abd955fe1fad4d7a9b4bac2c62a6b1ae,cards_senior_0808.jsonl:34,leaf-classification,easy,2,2,0,1.0,artifact120_escalate_silent,leaf-classification__494524617b54420f82384eeeca1bb3f8,1,1.0,0.0,1,46.8,0,50.29974092915654,46.8,46.8,0.9304222871826384,0.9304222871826384
leaf-classification__f0411bcb7c8d46b38b6395c0a137f9fd,cards_senior_0808.jsonl:34,leaf-classification,hard,3,1,2,0.3333333333333333,random,leaf-classification__60b488f9620146388be7609e453aee44|leaf-classification__b98b686b95184ee98e13a7e8b7ed4368|leaf-classification__dd2c3d9b946e4ada942d99bcabfe7d98,3,0.3333333333333333,4.005413333333333,2,87.1,0,320.5955135989934,0.0,0.0,0.0,0.0
leaf-classification__f0411bcb7c8d46b38b6395c0a137f9fd,cards_senior_0808.jsonl:34,leaf-classification,hard,3,1,2,0.3333333333333333,full_external,leaf-classification__60b488f9620146388be7609e453aee44,1,1.0,0.0,1,87.1,3,320.5955135989934,320.5955135989934,320.5955135989934,1.0,1.0
leaf-classification__f0411bcb7c8d46b38b6395c0a137f9fd,cards_senior_0808.jsonl:34,leaf-classification,hard,3,1,2,0.3333333333333333,full_self_report_available,leaf-classification__dd2c3d9b946e4ada942d99bcabfe7d98,1,0.0,12.00793,3,87.1,3,320.5955135989934,320.5955135989934,320.5955135989934,1.0,1.0
leaf-classification__f0411bcb7c8d46b38b6395c0a137f9fd,cards_senior_0808.jsonl:34,leaf-classification,hard,3,1,2,0.3333333333333333,full_self_report_complete,leaf-classification__dd2c3d9b946e4ada942d99bcabfe7d98,1,0.0,12.00793,3,87.1,3,320.5955135989934,320.5955135989934,320.5955135989934,1.0,1.0
leaf-classification__f0411bcb7c8d46b38b6395c0a137f9fd,cards_senior_0808.jsonl:34,leaf-classification,hard,3,1,2,0.3333333333333333,sub120_available,leaf-classification__b98b686b95184ee98e13a7e8b7ed4368,1,0.0,0.008310000000000001,2,87.1,0,320.5955135989934,87.1,87.1,0.27168190540852744,0.27168190540852744
leaf-classification__f0411bcb7c8d46b38b6395c0a137f9fd,cards_senior_0808.jsonl:34,leaf-classification,hard,3,1,2,0.3333333333333333,artifact120_escalate_silent,leaf-classification__60b488f9620146388be7609e453aee44,1,1.0,0.0,1,87.1,2,320.5955135989934,375.40381519533696,315.40381519533696,1.170957793454648,0.9838060790515293
leaf-classification__fc1a4fb5b3cd4cedafd1b81e84071adf,cards_senior_0808.jsonl:33,leaf-classification,easy,2,1,1,0.5,random,leaf-classification__04ab1a90eab841ddb77c99d84c5e1463|leaf-classification__8d613d315033481d990dc9c0af53620a,2,0.5,0.221175,1.5,44.0,0,1580.8765425961465,0.0,0.0,0.0,0.0
leaf-classification__fc1a4fb5b3cd4cedafd1b81e84071adf,cards_senior_0808.jsonl:33,leaf-classification,easy,2,1,1,0.5,full_external,leaf-classification__8d613d315033481d990dc9c0af53620a,1,1.0,0.0,1,44.0,2,1580.8765425961465,1580.8765425961465,1580.8765425961465,1.0,1.0
leaf-classification__fc1a4fb5b3cd4cedafd1b81e84071adf,cards_senior_0808.jsonl:33,leaf-classification,easy,2,1,1,0.5,full_self_report_available,leaf-classification__8d613d315033481d990dc9c0af53620a,1,1.0,0.0,1,44.0,2,1580.8765425961465,1580.8765425961465,1580.8765425961465,1.0,1.0
leaf-classification__fc1a4fb5b3cd4cedafd1b81e84071adf,cards_senior_0808.jsonl:33,leaf-classification,easy,2,1,1,0.5,full_self_report_complete,leaf-classification__8d613d315033481d990dc9c0af53620a,1,1.0,0.0,1,44.0,2,1580.8765425961465,1580.8765425961465,1580.8765425961465,1.0,1.0
leaf-classification__fc1a4fb5b3cd4cedafd1b81e84071adf,cards_senior_0808.jsonl:33,leaf-classification,easy,2,1,1,0.5,sub120_available,leaf-classification__8d613d315033481d990dc9c0af53620a,1,1.0,0.0,1,44.0,0,1580.8765425961465,44.0,44.0,0.0278326604351674,0.0278326604351674
leaf-classification__fc1a4fb5b3cd4cedafd1b81e84071adf,cards_senior_0808.jsonl:33,leaf-classification,easy,2,1,1,0.5,artifact120_escalate_silent,leaf-classification__8d613d315033481d990dc9c0af53620a,1,1.0,0.0,1,44.0,1,1580.8765425961465,1609.617034861818,1579.617034861818,1.0181800991356815,0.9992032852026129
learning-agency-lab-automated-essay-scoring-2__507578e20ae54b25bdde6dc425eafa7d,cards_senior_0803.jsonl:3,learning-agency-lab-automated-essay-scoring-2,easy,2,0,2,0.0,random,learning-agency-lab-automated-essay-scoring-2__70e2d9903c9a4c9cbeb84d1deb7775c2|learning-agency-lab-automated-essay-scoring-2__ec12b99e12db4b4fa87adb2a6ce1a191,2,0.5,0.006610000000000005,1.5,60.1,0,5880.804950714111,0.0,0.0,0.0,0.0
learning-agency-lab-automated-essay-scoring-2__507578e20ae54b25bdde6dc425eafa7d,cards_senior_0803.jsonl:3,learning-agency-lab-automated-essay-scoring-2,easy,2,0,2,0.0,full_external,learning-agency-lab-automated-essay-scoring-2__ec12b99e12db4b4fa87adb2a6ce1a191,1,1.0,0.0,1,60.1,2,5880.804950714111,5880.804950714111,5880.804950714111,1.0,1.0
learning-agency-lab-automated-essay-scoring-2__507578e20ae54b25bdde6dc425eafa7d,cards_senior_0803.jsonl:3,learning-agency-lab-automated-essay-scoring-2,easy,2,0,2,0.0,full_self_report_available,learning-agency-lab-automated-essay-scoring-2__ec12b99e12db4b4fa87adb2a6ce1a191,1,1.0,0.0,1,60.1,2,5880.804950714111,5880.804950714111,5880.804950714111,1.0,1.0
learning-agency-lab-automated-essay-scoring-2__507578e20ae54b25bdde6dc425eafa7d,cards_senior_0803.jsonl:3,learning-agency-lab-automated-essay-scoring-2,easy,2,0,2,0.0,full_self_report_complete,learning-agency-lab-automated-essay-scoring-2__ec12b99e12db4b4fa87adb2a6ce1a191,1,1.0,0.0,1,60.1,2,5880.804950714111,5880.804950714111,5880.804950714111,1.0,1.0
learning-agency-lab-automated-essay-scoring-2__507578e20ae54b25bdde6dc425eafa7d,cards_senior_0803.jsonl:3,learning-agency-lab-automated-essay-scoring-2,easy,2,0,2,0.0,sub120_available,learning-agency-lab-automated-essay-scoring-2__70e2d9903c9a4c9cbeb84d1deb7775c2|learning-agency-lab-automated-essay-scoring-2__ec12b99e12db4b4fa87adb2a6ce1a191,2,0.5,0.006610000000000005,1.5,60.1,0,5880.804950714111,60.1,60.1,0.010219689396891492,0.010219689396891492
learning-agency-lab-automated-essay-scoring-2__507578e20ae54b25bdde6dc425eafa7d,cards_senior_0803.jsonl:3,learning-agency-lab-automated-essay-scoring-2,easy,2,0,2,0.0,artifact120_escalate_silent,learning-agency-lab-automated-essay-scoring-2__ec12b99e12db4b4fa87adb2a6ce1a191,1,1.0,0.0,1,60.1,2,5880.804950714111,5940.904950714112,5880.904950714112,1.0102196893968916,1.0000170044748702
learning-agency-lab-automated-essay-scoring-2__77aac523f90d4cf5afe2eaa03733a189,cards_senior_0803.jsonl:6,learning-agency-lab-automated-essay-scoring-2,hard,2,0,2,0.0,random,learning-agency-lab-automated-essay-scoring-2__2fd4cc3940ce4d0fb1c213b397104657|learning-agency-lab-automated-essay-scoring-2__ba54479d2a1e448e80aa38d85d4d6470,2,0.5,0.0018500000000000183,1.5,60.2,0,2207.980604171753,0.0,0.0,0.0,0.0
learning-agency-lab-automated-essay-scoring-2__77aac523f90d4cf5afe2eaa03733a189,cards_senior_0803.jsonl:6,learning-agency-lab-automated-essay-scoring-2,hard,2,0,2,0.0,full_external,learning-agency-lab-automated-essay-scoring-2__2fd4cc3940ce4d0fb1c213b397104657,1,1.0,0.0,1,60.2,2,2207.980604171753,2207.980604171753,2207.980604171753,1.0,1.0
learning-agency-lab-automated-essay-scoring-2__77aac523f90d4cf5afe2eaa03733a189,cards_senior_0803.jsonl:6,learning-agency-lab-automated-essay-scoring-2,hard,2,0,2,0.0,full_self_report_available,learning-agency-lab-automated-essay-scoring-2__2fd4cc3940ce4d0fb1c213b397104657,1,1.0,0.0,1,60.2,2,2207.980604171753,2207.980604171753,2207.980604171753,1.0,1.0
learning-agency-lab-automated-essay-scoring-2__77aac523f90d4cf5afe2eaa03733a189,cards_senior_0803.jsonl:6,learning-agency-lab-automated-essay-scoring-2,hard,2,0,2,0.0,full_self_report_complete,learning-agency-lab-automated-essay-scoring-2__2fd4cc3940ce4d0fb1c213b397104657,1,1.0,0.0,1,60.2,2,2207.980604171753,2207.980604171753,2207.980604171753,1.0,1.0
learning-agency-lab-automated-essay-scoring-2__77aac523f90d4cf5afe2eaa03733a189,cards_senior_0803.jsonl:6,learning-agency-lab-automated-essay-scoring-2,hard,2,0,2,0.0,sub120_available,learning-agency-lab-automated-essay-scoring-2__2fd4cc3940ce4d0fb1c213b397104657|learning-agency-lab-automated-essay-scoring-2__ba54479d2a1e448e80aa38d85d4d6470,2,0.5,0.0018500000000000183,1.5,60.2,0,2207.980604171753,60.2,60.2,0.02726473225636959,0.02726473225636959
learning-agency-lab-automated-essay-scoring-2__77aac523f90d4cf5afe2eaa03733a189,cards_senior_0803.jsonl:6,learning-agency-lab-automated-essay-scoring-2,hard,2,0,2,0.0,artifact120_escalate_silent,learning-agency-lab-automated-essay-scoring-2__2fd4cc3940ce4d0fb1c213b397104657,1,1.0,0.0,1,60.2,2,2207.980604171753,2268.1806041717527,2208.1806041717527,1.0272647322563695,1.000090580505835
learning-agency-lab-automated-essay-scoring-2__bfdd0bd143fd4cb4ab9357441b7b4d6f,cards_senior_0808.jsonl:8,learning-agency-lab-automated-essay-scoring-2,easy,2,0,2,0.0,random,learning-agency-lab-automated-essay-scoring-2__582b2c4449b042abbd35afa7f0161ae7|learning-agency-lab-automated-essay-scoring-2__6e8d2b60f702410b9ce09b32bd3a5b2d,2,0.5,0.54453,1.5,47.400000000000006,0,5939.8168885707855,0.0,0.0,0.0,0.0
learning-agency-lab-automated-essay-scoring-2__bfdd0bd143fd4cb4ab9357441b7b4d6f,cards_senior_0808.jsonl:8,learning-agency-lab-automated-essay-scoring-2,easy,2,0,2,0.0,full_external,learning-agency-lab-automated-essay-scoring-2__582b2c4449b042abbd35afa7f0161ae7,1,1.0,0.0,1,47.400000000000006,2,5939.8168885707855,5939.8168885707855,5939.8168885707855,1.0,1.0
learning-agency-lab-automated-essay-scoring-2__bfdd0bd143fd4cb4ab9357441b7b4d6f,cards_senior_0808.jsonl:8,learning-agency-lab-automated-essay-scoring-2,easy,2,0,2,0.0,full_self_report_available,learning-agency-lab-automated-essay-scoring-2__582b2c4449b042abbd35afa7f0161ae7,1,1.0,0.0,1,47.400000000000006,2,5939.8168885707855,5939.8168885707855,5939.8168885707855,1.0,1.0
learning-agency-lab-automated-essay-scoring-2__bfdd0bd143fd4cb4ab9357441b7b4d6f,cards_senior_0808.jsonl:8,learning-agency-lab-automated-essay-scoring-2,easy,2,0,2,0.0,sub120_available,learning-agency-lab-automated-essay-scoring-2__582b2c4449b042abbd35afa7f0161ae7|learning-agency-lab-automated-essay-scoring-2__6e8d2b60f702410b9ce09b32bd3a5b2d,2,0.5,0.54453,1.5,47.400000000000006,0,5939.8168885707855,47.400000000000006,47.400000000000006,0.007980043979336406,0.007980043979336406
learning-agency-lab-automated-essay-scoring-2__bfdd0bd143fd4cb4ab9357441b7b4d6f,cards_senior_0808.jsonl:8,learning-agency-lab-automated-essay-scoring-2,easy,2,0,2,0.0,artifact120_escalate_silent,learning-agency-lab-automated-essay-scoring-2__582b2c4449b042abbd35afa7f0161ae7,1,1.0,0.0,1,47.400000000000006,2,5939.8168885707855,5987.216888570785,5927.216888570785,1.0079800439793363,0.9978787224865054
learning-agency-lab-automated-essay-scoring-2__d7d7b2c80bc34005a0fec4fc67053498,cards_senior_0803.jsonl:3,learning-agency-lab-automated-essay-scoring-2,hard,3,0,3,0.0,random,learning-agency-lab-automated-essay-scoring-2__507578e20ae54b25bdde6dc425eafa7d|learning-agency-lab-automated-essay-scoring-2__5ea8aa0cafac46408fa42d1c3e30d058|learning-agency-lab-automated-essay-scoring-2__e98c27a1655f4bbda2fc621ba07c232c,3,0.3333333333333333,0.009013333333333318,2,90.30000000000001,0,5250.388808488846,0.0,0.0,0.0,0.0
learning-agency-lab-automated-essay-scoring-2__d7d7b2c80bc34005a0fec4fc67053498,cards_senior_0803.jsonl:3,learning-agency-lab-automated-essay-scoring-2,hard,3,0,3,0.0,full_external,learning-agency-lab-automated-essay-scoring-2__e98c27a1655f4bbda2fc621ba07c232c,1,1.0,0.0,1,90.30000000000001,3,5250.388808488846,5250.388808488846,5250.388808488846,1.0,1.0
learning-agency-lab-automated-essay-scoring-2__d7d7b2c80bc34005a0fec4fc67053498,cards_senior_0803.jsonl:3,learning-agency-lab-automated-essay-scoring-2,hard,3,0,3,0.0,full_self_report_available,learning-agency-lab-automated-essay-scoring-2__e98c27a1655f4bbda2fc621ba07c232c,1,1.0,0.0,1,90.30000000000001,3,5250.388808488846,5250.388808488846,5250.388808488846,1.0,1.0
learning-agency-lab-automated-essay-scoring-2__d7d7b2c80bc34005a0fec4fc67053498,cards_senior_0803.jsonl:3,learning-agency-lab-automated-essay-scoring-2,hard,3,0,3,0.0,full_self_report_complete,learning-agency-lab-automated-essay-scoring-2__e98c27a1655f4bbda2fc621ba07c232c,1,1.0,0.0,1,90.30000000000001,3,5250.388808488846,5250.388808488846,5250.388808488846,1.0,1.0
learning-agency-lab-automated-essay-scoring-2__d7d7b2c80bc34005a0fec4fc67053498,cards_senior_0803.jsonl:3,learning-agency-lab-automated-essay-scoring-2,hard,3,0,3,0.0,sub120_available,learning-agency-lab-automated-essay-scoring-2__507578e20ae54b25bdde6dc425eafa7d|learning-agency-lab-automated-essay-scoring-2__5ea8aa0cafac46408fa42d1c3e30d058|learning-agency-lab-automated-essay-scoring-2__e98c27a1655f4bbda2fc621ba07c232c,3,0.3333333333333333,0.009013333333333318,2,90.30000000000001,0,5250.388808488846,90.30000000000001,90.30000000000001,0.017198726283661637,0.017198726283661637
learning-agency-lab-automated-essay-scoring-2__d7d7b2c80bc34005a0fec4fc67053498,cards_senior_0803.jsonl:3,learning-agency-lab-automated-essay-scoring-2,hard,3,0,3,0.0,artifact120_escalate_silent,learning-agency-lab-automated-essay-scoring-2__e98c27a1655f4bbda2fc621ba07c232c,1,1.0,0.0,1,90.30000000000001,3,5250.388808488846,5340.688808488846,5250.688808488846,1.0171987262836617,1.0000571386255273
learning-agency-lab-automated-essay-scoring-2__dcadeabb3745444b84238b4e3b4bf557,cards_senior_0803.jsonl:6,learning-agency-lab-automated-essay-scoring-2,hard,2,0,2,0.0,random,learning-agency-lab-automated-essay-scoring-2__71b7798f122449e7bcd5933fe6c9d375|learning-agency-lab-automated-essay-scoring-2__77aac523f90d4cf5afe2eaa03733a189,2,0.5,0.0009850000000000136,1.5,55.5,0,2061.1014482975006,0.0,0.0,0.0,0.0
learning-agency-lab-automated-essay-scoring-2__dcadeabb3745444b84238b4e3b4bf557,cards_senior_0803.jsonl:6,learning-agency-lab-automated-essay-scoring-2,hard,2,0,2,0.0,full_external,learning-agency-lab-automated-essay-scoring-2__71b7798f122449e7bcd5933fe6c9d375,1,1.0,0.0,1,55.5,2,2061.1014482975006,2061.1014482975006,2061.1014482975006,1.0,1.0
learning-agency-lab-automated-essay-scoring-2__dcadeabb3745444b84238b4e3b4bf557,cards_senior_0803.jsonl:6,learning-agency-lab-automated-essay-scoring-2,hard,2,0,2,0.0,full_self_report_available,learning-agency-lab-automated-essay-scoring-2__77aac523f90d4cf5afe2eaa03733a189,1,0.0,0.0019700000000000273,2,55.5,2,2061.1014482975006,2061.1014482975006,2061.1014482975006,1.0,1.0
learning-agency-lab-automated-essay-scoring-2__dcadeabb3745444b84238b4e3b4bf557,cards_senior_0803.jsonl:6,learning-agency-lab-automated-essay-scoring-2,hard,2,0,2,0.0,full_self_report_complete,learning-agency-lab-automated-essay-scoring-2__77aac523f90d4cf5afe2eaa03733a189,1,0.0,0.0019700000000000273,2,55.5,2,2061.1014482975006,2061.1014482975006,2061.1014482975006,1.0,1.0
learning-agency-lab-automated-essay-scoring-2__dcadeabb3745444b84238b4e3b4bf557,cards_senior_0803.jsonl:6,learning-agency-lab-automated-essay-scoring-2,hard,2,0,2,0.0,sub120_available,learning-agency-lab-automated-essay-scoring-2__71b7798f122449e7bcd5933fe6c9d375|learning-agency-lab-automated-essay-scoring-2__77aac523f90d4cf5afe2eaa03733a189,2,0.5,0.0009850000000000136,1.5,55.5,0,2061.1014482975006,55.5,55.5,0.02692734995933548,0.02692734995933548
learning-agency-lab-automated-essay-scoring-2__dcadeabb3745444b84238b4e3b4bf557,cards_senior_0803.jsonl:6,learning-agency-lab-automated-essay-scoring-2,hard,2,0,2,0.0,artifact120_escalate_silent,learning-agency-lab-automated-essay-scoring-2__71b7798f122449e7bcd5933fe6c9d375,1,1.0,0.0,1,55.5,2,2061.1014482975006,2116.6014482975006,2056.6014482975006,1.0269273499593354,0.9978167013546485
learning-agency-lab-automated-essay-scoring-2__e98c27a1655f4bbda2fc621ba07c232c,cards_senior_0803.jsonl:3,learning-agency-lab-automated-essay-scoring-2,easy,2,0,2,0.0,random,learning-agency-lab-automated-essay-scoring-2__50c87d8406ad4f17aa7b023c05d6a44c|learning-agency-lab-automated-essay-scoring-2__ca6e4102a52745a388d5d1e6a5630a60,2,0.5,0.015060000000000073,1.5,60.2,0,6523.93625330925,0.0,0.0,0.0,0.0
learning-agency-lab-automated-essay-scoring-2__e98c27a1655f4bbda2fc621ba07c232c,cards_senior_0803.jsonl:3,learning-agency-lab-automated-essay-scoring-2,easy,2,0,2,0.0,full_external,learning-agency-lab-automated-essay-scoring-2__ca6e4102a52745a388d5d1e6a5630a60,1,1.0,0.0,1,60.2,2,6523.93625330925,6523.93625330925,6523.93625330925,1.0,1.0
learning-agency-lab-automated-essay-scoring-2__e98c27a1655f4bbda2fc621ba07c232c,cards_senior_0803.jsonl:3,learning-agency-lab-automated-essay-scoring-2,easy,2,0,2,0.0,full_self_report_available,learning-agency-lab-automated-essay-scoring-2__ca6e4102a52745a388d5d1e6a5630a60,1,1.0,0.0,1,60.2,2,6523.93625330925,6523.93625330925,6523.93625330925,1.0,1.0
learning-agency-lab-automated-essay-scoring-2__e98c27a1655f4bbda2fc621ba07c232c,cards_senior_0803.jsonl:3,learning-agency-lab-automated-essay-scoring-2,easy,2,0,2,0.0,sub120_available,learning-agency-lab-automated-essay-scoring-2__50c87d8406ad4f17aa7b023c05d6a44c|learning-agency-lab-automated-essay-scoring-2__ca6e4102a52745a388d5d1e6a5630a60,2,0.5,0.015060000000000073,1.5,60.2,0,6523.93625330925,60.2,60.2,0.009227557974599109,0.009227557974599109
learning-agency-lab-automated-essay-scoring-2__e98c27a1655f4bbda2fc621ba07c232c,cards_senior_0803.jsonl:3,learning-agency-lab-automated-essay-scoring-2,easy,2,0,2,0.0,artifact120_escalate_silent,learning-agency-lab-automated-essay-scoring-2__ca6e4102a52745a388d5d1e6a5630a60,1,1.0,0.0,1,60.2,2,6523.93625330925,6584.13625330925,6524.13625330925,1.009227557974599,1.000030656338786
mlsp-2013-birds__2d82d79adb47473e907e8f34ad15cdb2,cards_senior_0802.jsonl:4,mlsp-2013-birds,hard,5,0,5,0.0,random,mlsp-2013-birds__2d983a9212234554a59cec88a93e6e0b|mlsp-2013-birds__908d280fda604c43bb7a5e87420e46c3|mlsp-2013-birds__9ccfc1b22cde40db8fc67b8081d0293b|mlsp-2013-birds__9d6111ad09d84e7aa563821c26dd77b2|mlsp-2013-birds__ed8784a6a4c44472a644dcb7a4360f3b,5,0.2,0.0036280000000000756,3,150.5,0,2852.5744729042053,0.0,0.0,0.0,0.0
mlsp-2013-birds__2d82d79adb47473e907e8f34ad15cdb2,cards_senior_0802.jsonl:4,mlsp-2013-birds,hard,5,0,5,0.0,full_external,mlsp-2013-birds__9d6111ad09d84e7aa563821c26dd77b2,1,1.0,0.0,1,150.5,5,2852.5744729042053,2852.5744729042053,2852.5744729042053,1.0,1.0
mlsp-2013-birds__2d82d79adb47473e907e8f34ad15cdb2,cards_senior_0802.jsonl:4,mlsp-2013-birds,hard,5,0,5,0.0,full_self_report_available,mlsp-2013-birds__9d6111ad09d84e7aa563821c26dd77b2,1,1.0,0.0,1,150.5,5,2852.5744729042053,2852.5744729042053,2852.5744729042053,1.0,1.0
mlsp-2013-birds__2d82d79adb47473e907e8f34ad15cdb2,cards_senior_0802.jsonl:4,mlsp-2013-birds,hard,5,0,5,0.0,full_self_report_complete,mlsp-2013-birds__9d6111ad09d84e7aa563821c26dd77b2,1,1.0,0.0,1,150.5,5,2852.5744729042053,2852.5744729042053,2852.5744729042053,1.0,1.0
mlsp-2013-birds__2d82d79adb47473e907e8f34ad15cdb2,cards_senior_0802.jsonl:4,mlsp-2013-birds,hard,5,0,5,0.0,sub120_available,mlsp-2013-birds__2d983a9212234554a59cec88a93e6e0b|mlsp-2013-birds__908d280fda604c43bb7a5e87420e46c3|mlsp-2013-birds__9ccfc1b22cde40db8fc67b8081d0293b|mlsp-2013-birds__9d6111ad09d84e7aa563821c26dd77b2|mlsp-2013-birds__ed8784a6a4c44472a644dcb7a4360f3b,5,0.2,0.0036280000000000756,3,150.5,0,2852.5744729042053,150.5,150.5,0.052759358758047076,0.052759358758047076
mlsp-2013-birds__2d82d79adb47473e907e8f34ad15cdb2,cards_senior_0802.jsonl:4,mlsp-2013-birds,hard,5,0,5,0.0,artifact120_escalate_silent,mlsp-2013-birds__9d6111ad09d84e7aa563821c26dd77b2,1,1.0,0.0,1,150.5,5,2852.5744729042053,3003.0744729042053,2853.0744729042053,1.052759358758047,1.0001752802616546
mlsp-2013-birds__35246c86f5b347e18d24e0558af31250,cards_senior_0802.jsonl:4,mlsp-2013-birds,hard,2,0,2,0.0,random,mlsp-2013-birds__14b366b28c65451f963287bb1c29baaf|mlsp-2013-birds__71bf705af9984d7b8bf7216cee3e9106,2,0.5,0.0010350000000000081,1.5,60.2,0,338.68961238861084,0.0,0.0,0.0,0.0
mlsp-2013-birds__35246c86f5b347e18d24e0558af31250,cards_senior_0802.jsonl:4,mlsp-2013-birds,hard,2,0,2,0.0,full_external,mlsp-2013-birds__14b366b28c65451f963287bb1c29baaf,1,1.0,0.0,1,60.2,2,338.68961238861084,338.68961238861084,338.68961238861084,1.0,1.0
mlsp-2013-birds__35246c86f5b347e18d24e0558af31250,cards_senior_0802.jsonl:4,mlsp-2013-birds,hard,2,0,2,0.0,full_self_report_available,mlsp-2013-birds__71bf705af9984d7b8bf7216cee3e9106,1,0.0,0.0020700000000000163,2,60.2,2,338.68961238861084,338.68961238861084,338.68961238861084,1.0,1.0
mlsp-2013-birds__35246c86f5b347e18d24e0558af31250,cards_senior_0802.jsonl:4,mlsp-2013-birds,hard,2,0,2,0.0,full_self_report_complete,mlsp-2013-birds__71bf705af9984d7b8bf7216cee3e9106,1,0.0,0.0020700000000000163,2,60.2,2,338.68961238861084,338.68961238861084,338.68961238861084,1.0,1.0
mlsp-2013-birds__35246c86f5b347e18d24e0558af31250,cards_senior_0802.jsonl:4,mlsp-2013-birds,hard,2,0,2,0.0,sub120_available,mlsp-2013-birds__14b366b28c65451f963287bb1c29baaf|mlsp-2013-birds__71bf705af9984d7b8bf7216cee3e9106,2,0.5,0.0010350000000000081,1.5,60.2,0,338.68961238861084,60.2,60.2,0.1777438628112598,0.1777438628112598
mlsp-2013-birds__35246c86f5b347e18d24e0558af31250,cards_senior_0802.jsonl:4,mlsp-2013-birds,hard,2,0,2,0.0,artifact120_escalate_silent,mlsp-2013-birds__14b366b28c65451f963287bb1c29baaf,1,1.0,0.0,1,60.2,2,338.68961238861084,398.88961238861083,338.88961238861083,1.1777438628112598,1.0005905111721305
mlsp-2013-birds__5c488535319e494c9944773f9016d969,cards_senior_0726.jsonl:10,mlsp-2013-birds,easy,2,1,1,0.5,random,mlsp-2013-birds__ea104eef9b0c40dbbe70f756d236f0da|mlsp-2013-birds__f570cce01e6f4fc591ead51fb7dea6ae,2,0.5,0.02687000000000006,1.5,41.1,0,45.32421028614044,0.0,0.0,0.0,0.0
mlsp-2013-birds__5c488535319e494c9944773f9016d969,cards_senior_0726.jsonl:10,mlsp-2013-birds,easy,2,1,1,0.5,full_external,mlsp-2013-birds__f570cce01e6f4fc591ead51fb7dea6ae,1,1.0,0.0,1,41.1,2,45.32421028614044,45.32421028614044,45.32421028614044,1.0,1.0
mlsp-2013-birds__5c488535319e494c9944773f9016d969,cards_senior_0726.jsonl:10,mlsp-2013-birds,easy,2,1,1,0.5,full_self_report_available,mlsp-2013-birds__f570cce01e6f4fc591ead51fb7dea6ae,1,1.0,0.0,1,41.1,2,45.32421028614044,45.32421028614044,45.32421028614044,1.0,1.0
mlsp-2013-birds__5c488535319e494c9944773f9016d969,cards_senior_0726.jsonl:10,mlsp-2013-birds,easy,2,1,1,0.5,full_self_report_complete,mlsp-2013-birds__f570cce01e6f4fc591ead51fb7dea6ae,1,1.0,0.0,1,41.1,2,45.32421028614044,45.32421028614044,45.32421028614044,1.0,1.0
mlsp-2013-birds__5c488535319e494c9944773f9016d969,cards_senior_0726.jsonl:10,mlsp-2013-birds,easy,2,1,1,0.5,sub120_available,mlsp-2013-birds__ea104eef9b0c40dbbe70f756d236f0da,1,0.0,0.05374000000000001,2,41.1,0,45.32421028614044,41.1,41.1,0.9068001348623134,0.9068001348623134
mlsp-2013-birds__5c488535319e494c9944773f9016d969,cards_senior_0726.jsonl:10,mlsp-2013-birds,easy,2,1,1,0.5,artifact120_escalate_silent,mlsp-2013-birds__f570cce01e6f4fc591ead51fb7dea6ae,1,1.0,0.0,1,41.1,1,45.32421028614044,76.90170849710702,46.90170849710703,1.6967026675503394,1.0348047588917169
mlsp-2013-birds__90f132b316fa4cf98cf1e5efee710b89,cards_senior_0728.jsonl:18,mlsp-2013-birds,easy,3,0,3,0.0,random,mlsp-2013-birds__83676ff46373471d9a13d595e5dfabd9|mlsp-2013-birds__88f03e044884470daa459768f08242d1|mlsp-2013-birds__d8afa823f0a64069bb2ff77d64afd36d,3,0.3333333333333333,0.027229999999999976,2,90.5,0,2627.1813948079944,0.0,0.0,0.0,0.0
mlsp-2013-birds__90f132b316fa4cf98cf1e5efee710b89,cards_senior_0728.jsonl:18,mlsp-2013-birds,easy,3,0,3,0.0,full_external,mlsp-2013-birds__d8afa823f0a64069bb2ff77d64afd36d,1,1.0,0.0,1,90.5,3,2627.1813948079944,2627.1813948079944,2627.1813948079944,1.0,1.0
mlsp-2013-birds__90f132b316fa4cf98cf1e5efee710b89,cards_senior_0728.jsonl:18,mlsp-2013-birds,easy,3,0,3,0.0,full_self_report_available,mlsp-2013-birds__83676ff46373471d9a13d595e5dfabd9,1,0.0,0.04117000000000004,3,90.5,3,2627.1813948079944,2627.1813948079944,2627.1813948079944,1.0,1.0
mlsp-2013-birds__90f132b316fa4cf98cf1e5efee710b89,cards_senior_0728.jsonl:18,mlsp-2013-birds,easy,3,0,3,0.0,full_self_report_complete,mlsp-2013-birds__83676ff46373471d9a13d595e5dfabd9,1,0.0,0.04117000000000004,3,90.5,3,2627.1813948079944,2627.1813948079944,2627.1813948079944,1.0,1.0
mlsp-2013-birds__90f132b316fa4cf98cf1e5efee710b89,cards_senior_0728.jsonl:18,mlsp-2013-birds,easy,3,0,3,0.0,sub120_available,mlsp-2013-birds__83676ff46373471d9a13d595e5dfabd9|mlsp-2013-birds__88f03e044884470daa459768f08242d1|mlsp-2013-birds__d8afa823f0a64069bb2ff77d64afd36d,3,0.3333333333333333,0.027229999999999976,2,90.5,0,2627.1813948079944,90.5,90.5,0.03444756429032725,0.03444756429032725
mlsp-2013-birds__90f132b316fa4cf98cf1e5efee710b89,cards_senior_0728.jsonl:18,mlsp-2013-birds,easy,3,0,3,0.0,artifact120_escalate_silent,mlsp-2013-birds__d8afa823f0a64069bb2ff77d64afd36d,1,1.0,0.0,1,90.5,3,2627.1813948079944,2717.6813948079944,2627.6813948079944,1.0344475642903272,1.0001903180347531
mlsp-2013-birds__c5870d4b8b5442098b53fb4804d68bf5,cards_senior_0802.jsonl:4,mlsp-2013-birds,easy,3,1,2,0.3333333333333333,random,mlsp-2013-birds__3fbdbce65f5d48f6ada1b1d94fe1e6e4|mlsp-2013-birds__b058311fdf0247009ea12d70a6ae6e27|mlsp-2013-birds__de69913224174ab1ad9e79cb410ca078,3,0.3333333333333333,0.017589999999999995,2,80.80000000000001,0,3161.371691942215,0.0,0.0,0.0,0.0
mlsp-2013-birds__c5870d4b8b5442098b53fb4804d68bf5,cards_senior_0802.jsonl:4,mlsp-2013-birds,easy,3,1,2,0.3333333333333333,full_external,mlsp-2013-birds__3fbdbce65f5d48f6ada1b1d94fe1e6e4,1,1.0,0.0,1,80.80000000000001,3,3161.371691942215,3161.371691942215,3161.371691942215,1.0,1.0
mlsp-2013-birds__c5870d4b8b5442098b53fb4804d68bf5,cards_senior_0802.jsonl:4,mlsp-2013-birds,easy,3,1,2,0.3333333333333333,full_self_report_available,mlsp-2013-birds__3fbdbce65f5d48f6ada1b1d94fe1e6e4,1,1.0,0.0,1,80.80000000000001,3,3161.371691942215,3161.371691942215,3161.371691942215,1.0,1.0
mlsp-2013-birds__c5870d4b8b5442098b53fb4804d68bf5,cards_senior_0802.jsonl:4,mlsp-2013-birds,easy,3,1,2,0.3333333333333333,full_self_report_complete,mlsp-2013-birds__3fbdbce65f5d48f6ada1b1d94fe1e6e4,1,1.0,0.0,1,80.80000000000001,3,3161.371691942215,3161.371691942215,3161.371691942215,1.0,1.0
mlsp-2013-birds__c5870d4b8b5442098b53fb4804d68bf5,cards_senior_0802.jsonl:4,mlsp-2013-birds,easy,3,1,2,0.3333333333333333,sub120_available,mlsp-2013-birds__b058311fdf0247009ea12d70a6ae6e27,1,0.0,0.030079999999999996,3,80.80000000000001,0,3161.371691942215,80.80000000000001,80.80000000000001,0.025558525815216577,0.025558525815216577
mlsp-2013-birds__c5870d4b8b5442098b53fb4804d68bf5,cards_senior_0802.jsonl:4,mlsp-2013-birds,easy,3,1,2,0.3333333333333333,artifact120_escalate_silent,mlsp-2013-birds__3fbdbce65f5d48f6ada1b1d94fe1e6e4,1,1.0,0.0,1,80.80000000000001,2,3161.371691942215,3143.995944070816,3083.995944070816,0.9945037314290861,0.9755246281009551
mlsp-2013-birds__cbc262e729334ecdaf84f39d41db9d23,cards_senior_0802.jsonl:4,mlsp-2013-birds,hard,4,0,4,0.0,random,mlsp-2013-birds__232a055870ca4572b7fc070264a338eb|mlsp-2013-birds__3f1b6baa29ee48bfba34b73ebe2933b6|mlsp-2013-birds__c9597f7b1aef4ebb8bd655c3ace5bf8a|mlsp-2013-birds__d3547e171d7243b1a0e4f77c3c6fe74b,4,0.25,0.015429999999999944,2.5,120.4,0,849.3103153705597,0.0,0.0,0.0,0.0
mlsp-2013-birds__cbc262e729334ecdaf84f39d41db9d23,cards_senior_0802.jsonl:4,mlsp-2013-birds,hard,4,0,4,0.0,full_external,mlsp-2013-birds__c9597f7b1aef4ebb8bd655c3ace5bf8a,1,1.0,0.0,1,120.4,4,849.3103153705597,849.3103153705597,849.3103153705597,1.0,1.0
mlsp-2013-birds__cbc262e729334ecdaf84f39d41db9d23,cards_senior_0802.jsonl:4,mlsp-2013-birds,hard,4,0,4,0.0,full_self_report_available,mlsp-2013-birds__3f1b6baa29ee48bfba34b73ebe2933b6,1,0.0,0.00021999999999999797,2,120.4,4,849.3103153705597,849.3103153705597,849.3103153705597,1.0,1.0
mlsp-2013-birds__cbc262e729334ecdaf84f39d41db9d23,cards_senior_0802.jsonl:4,mlsp-2013-birds,hard,4,0,4,0.0,full_self_report_complete,mlsp-2013-birds__3f1b6baa29ee48bfba34b73ebe2933b6,1,0.0,0.00021999999999999797,2,120.4,4,849.3103153705597,849.3103153705597,849.3103153705597,1.0,1.0
mlsp-2013-birds__cbc262e729334ecdaf84f39d41db9d23,cards_senior_0802.jsonl:4,mlsp-2013-birds,hard,4,0,4,0.0,sub120_available,mlsp-2013-birds__232a055870ca4572b7fc070264a338eb|mlsp-2013-birds__3f1b6baa29ee48bfba34b73ebe2933b6|mlsp-2013-birds__c9597f7b1aef4ebb8bd655c3ace5bf8a|mlsp-2013-birds__d3547e171d7243b1a0e4f77c3c6fe74b,4,0.25,0.015429999999999944,2.5,120.4,0,849.3103153705597,120.4,120.4,0.14176208368253326,0.14176208368253326
mlsp-2013-birds__cbc262e729334ecdaf84f39d41db9d23,cards_senior_0802.jsonl:4,mlsp-2013-birds,hard,4,0,4,0.0,artifact120_escalate_silent,mlsp-2013-birds__c9597f7b1aef4ebb8bd655c3ace5bf8a,1,1.0,0.0,1,120.4,4,849.3103153705597,969.7103153705597,849.7103153705597,1.1417620836825333,1.0004709703776828
nomad2018-predict-transparent-conductors__1265133eace24ca18de1ac9288f5a1e5,cards_senior_0805seq.jsonl:17,nomad2018-predict-transparent-conductors,easy,2,0,2,0.0,random,nomad2018-predict-transparent-conductors__0b445119bd14461e8d644cd7865ce956|nomad2018-predict-transparent-conductors__d5916b67aaf1483c872bc47cefc07f85,2,0.5,0.12267999999999998,1.5,60.3,0,491.8794282237068,0.0,0.0,0.0,0.0
nomad2018-predict-transparent-conductors__1265133eace24ca18de1ac9288f5a1e5,cards_senior_0805seq.jsonl:17,nomad2018-predict-transparent-conductors,easy,2,0,2,0.0,full_external,nomad2018-predict-transparent-conductors__d5916b67aaf1483c872bc47cefc07f85,1,1.0,0.0,1,60.3,2,491.8794282237068,491.8794282237068,491.8794282237068,1.0,1.0
nomad2018-predict-transparent-conductors__1265133eace24ca18de1ac9288f5a1e5,cards_senior_0805seq.jsonl:17,nomad2018-predict-transparent-conductors,easy,2,0,2,0.0,full_self_report_available,nomad2018-predict-transparent-conductors__d5916b67aaf1483c872bc47cefc07f85,1,1.0,0.0,1,60.3,2,491.8794282237068,491.8794282237068,491.8794282237068,1.0,1.0
nomad2018-predict-transparent-conductors__1265133eace24ca18de1ac9288f5a1e5,cards_senior_0805seq.jsonl:17,nomad2018-predict-transparent-conductors,easy,2,0,2,0.0,full_self_report_complete,nomad2018-predict-transparent-conductors__d5916b67aaf1483c872bc47cefc07f85,1,1.0,0.0,1,60.3,2,491.8794282237068,491.8794282237068,491.8794282237068,1.0,1.0
nomad2018-predict-transparent-conductors__1265133eace24ca18de1ac9288f5a1e5,cards_senior_0805seq.jsonl:17,nomad2018-predict-transparent-conductors,easy,2,0,2,0.0,sub120_available,nomad2018-predict-transparent-conductors__0b445119bd14461e8d644cd7865ce956|nomad2018-predict-transparent-conductors__d5916b67aaf1483c872bc47cefc07f85,2,0.5,0.12267999999999998,1.5,60.3,0,491.8794282237068,60.3,60.3,0.12259101832690501,0.12259101832690501
nomad2018-predict-transparent-conductors__1265133eace24ca18de1ac9288f5a1e5,cards_senior_0805seq.jsonl:17,nomad2018-predict-transparent-conductors,easy,2,0,2,0.0,artifact120_escalate_silent,nomad2018-predict-transparent-conductors__d5916b67aaf1483c872bc47cefc07f85,1,1.0,0.0,1,60.3,2,491.8794282237068,552.1794282237067,492.1794282237068,1.122591018326905,1.0006099055638156
nomad2018-predict-transparent-conductors__a396aa16cb464d688b0d8516787a5fac,cards_senior_0805seq.jsonl:19,nomad2018-predict-transparent-conductors,hard,2,0,2,0.0,random,nomad2018-predict-transparent-conductors__5598d009668c49b6a7c0fb26075bb5e5|nomad2018-predict-transparent-conductors__71f9051c0d944fdfb6aafbbd874504df,2,0.5,0.001230000000000002,1.5,60.1,0,932.5216052178293,0.0,0.0,0.0,0.0
nomad2018-predict-transparent-conductors__a396aa16cb464d688b0d8516787a5fac,cards_senior_0805seq.jsonl:19,nomad2018-predict-transparent-conductors,hard,2,0,2,0.0,full_external,nomad2018-predict-transparent-conductors__71f9051c0d944fdfb6aafbbd874504df,1,1.0,0.0,1,60.1,2,932.5216052178293,932.5216052178293,932.5216052178293,1.0,1.0
nomad2018-predict-transparent-conductors__a396aa16cb464d688b0d8516787a5fac,cards_senior_0805seq.jsonl:19,nomad2018-predict-transparent-conductors,hard,2,0,2,0.0,full_self_report_available,nomad2018-predict-transparent-conductors__71f9051c0d944fdfb6aafbbd874504df,1,1.0,0.0,1,60.1,2,932.5216052178293,932.5216052178293,932.5216052178293,1.0,1.0
nomad2018-predict-transparent-conductors__a396aa16cb464d688b0d8516787a5fac,cards_senior_0805seq.jsonl:19,nomad2018-predict-transparent-conductors,hard,2,0,2,0.0,full_self_report_complete,nomad2018-predict-transparent-conductors__71f9051c0d944fdfb6aafbbd874504df,1,1.0,0.0,1,60.1,2,932.5216052178293,932.5216052178293,932.5216052178293,1.0,1.0
nomad2018-predict-transparent-conductors__a396aa16cb464d688b0d8516787a5fac,cards_senior_0805seq.jsonl:19,nomad2018-predict-transparent-conductors,hard,2,0,2,0.0,sub120_available,nomad2018-predict-transparent-conductors__5598d009668c49b6a7c0fb26075bb5e5|nomad2018-predict-transparent-conductors__71f9051c0d944fdfb6aafbbd874504df,2,0.5,0.001230000000000002,1.5,60.1,0,932.5216052178293,60.1,60.1,0.06444890891933934,0.06444890891933934
nomad2018-predict-transparent-conductors__a396aa16cb464d688b0d8516787a5fac,cards_senior_0805seq.jsonl:19,nomad2018-predict-transparent-conductors,hard,2,0,2,0.0,artifact120_escalate_silent,nomad2018-predict-transparent-conductors__71f9051c0d944fdfb6aafbbd874504df,1,1.0,0.0,1,60.1,2,932.5216052178293,992.6216052178294,932.6216052178294,1.0644489089193394,1.0001072361213301
nomad2018-predict-transparent-conductors__b9e345a509784184a1c3d92ffad28c91,cards_senior_0805seq.jsonl:19,nomad2018-predict-transparent-conductors,easy,2,0,2,0.0,random,nomad2018-predict-transparent-conductors__2fa45c41870740aaa5179d06e3daa1f2|nomad2018-predict-transparent-conductors__ab835174b2654d69bfb2ad1ff8779042,2,0.5,0.14923,1.5,60.1,0,181.72186055593193,0.0,0.0,0.0,0.0
nomad2018-predict-transparent-conductors__b9e345a509784184a1c3d92ffad28c91,cards_senior_0805seq.jsonl:19,nomad2018-predict-transparent-conductors,easy,2,0,2,0.0,full_external,nomad2018-predict-transparent-conductors__2fa45c41870740aaa5179d06e3daa1f2,1,1.0,0.0,1,60.1,2,181.72186055593193,181.72186055593193,181.72186055593193,1.0,1.0
nomad2018-predict-transparent-conductors__b9e345a509784184a1c3d92ffad28c91,cards_senior_0805seq.jsonl:19,nomad2018-predict-transparent-conductors,easy,2,0,2,0.0,full_self_report_available,nomad2018-predict-transparent-conductors__2fa45c41870740aaa5179d06e3daa1f2,1,1.0,0.0,1,60.1,2,181.72186055593193,181.72186055593193,181.72186055593193,1.0,1.0
nomad2018-predict-transparent-conductors__b9e345a509784184a1c3d92ffad28c91,cards_senior_0805seq.jsonl:19,nomad2018-predict-transparent-conductors,easy,2,0,2,0.0,full_self_report_complete,nomad2018-predict-transparent-conductors__2fa45c41870740aaa5179d06e3daa1f2,1,1.0,0.0,1,60.1,2,181.72186055593193,181.72186055593193,181.72186055593193,1.0,1.0
nomad2018-predict-transparent-conductors__b9e345a509784184a1c3d92ffad28c91,cards_senior_0805seq.jsonl:19,nomad2018-predict-transparent-conductors,easy,2,0,2,0.0,sub120_available,nomad2018-predict-transparent-conductors__2fa45c41870740aaa5179d06e3daa1f2|nomad2018-predict-transparent-conductors__ab835174b2654d69bfb2ad1ff8779042,2,0.5,0.14923,1.5,60.1,0,181.72186055593193,60.1,60.1,0.33072520728182786,0.33072520728182786
nomad2018-predict-transparent-conductors__b9e345a509784184a1c3d92ffad28c91,cards_senior_0805seq.jsonl:19,nomad2018-predict-transparent-conductors,easy,2,0,2,0.0,artifact120_escalate_silent,nomad2018-predict-transparent-conductors__2fa45c41870740aaa5179d06e3daa1f2,1,1.0,0.0,1,60.1,2,181.72186055593193,241.82186055593192,181.82186055593192,1.3307252072818279,1.0005502915262592
nomad2018-predict-transparent-conductors__bddf4a264bef49469e4450b38388741c,cards_senior_0805seq.jsonl:17,nomad2018-predict-transparent-conductors,easy,2,1,1,0.5,random,nomad2018-predict-transparent-conductors__1da1998ae9de457e96faac89241808e2|nomad2018-predict-transparent-conductors__ad9ad3eace7b4e40b52a38da1ab9fe2e,2,0.5,0.080945,1.5,59.400000000000006,0,833.7958321524784,0.0,0.0,0.0,0.0
nomad2018-predict-transparent-conductors__bddf4a264bef49469e4450b38388741c,cards_senior_0805seq.jsonl:17,nomad2018-predict-transparent-conductors,easy,2,1,1,0.5,full_external,nomad2018-predict-transparent-conductors__ad9ad3eace7b4e40b52a38da1ab9fe2e,1,1.0,0.0,1,59.400000000000006,2,833.7958321524784,833.7958321524784,833.7958321524784,1.0,1.0
nomad2018-predict-transparent-conductors__bddf4a264bef49469e4450b38388741c,cards_senior_0805seq.jsonl:17,nomad2018-predict-transparent-conductors,easy,2,1,1,0.5,full_self_report_available,nomad2018-predict-transparent-conductors__ad9ad3eace7b4e40b52a38da1ab9fe2e,1,1.0,0.0,1,59.400000000000006,2,833.7958321524784,833.7958321524784,833.7958321524784,1.0,1.0
nomad2018-predict-transparent-conductors__bddf4a264bef49469e4450b38388741c,cards_senior_0805seq.jsonl:17,nomad2018-predict-transparent-conductors,easy,2,1,1,0.5,full_self_report_complete,nomad2018-predict-transparent-conductors__ad9ad3eace7b4e40b52a38da1ab9fe2e,1,1.0,0.0,1,59.400000000000006,2,833.7958321524784,833.7958321524784,833.7958321524784,1.0,1.0
nomad2018-predict-transparent-conductors__bddf4a264bef49469e4450b38388741c,cards_senior_0805seq.jsonl:17,nomad2018-predict-transparent-conductors,easy,2,1,1,0.5,sub120_available,nomad2018-predict-transparent-conductors__1da1998ae9de457e96faac89241808e2,1,0.0,0.16188999999999998,2,59.400000000000006,0,833.7958321524784,59.400000000000006,59.400000000000006,0.07124046164473676,0.07124046164473676
nomad2018-predict-transparent-conductors__bddf4a264bef49469e4450b38388741c,cards_senior_0805seq.jsonl:17,nomad2018-predict-transparent-conductors,easy,2,1,1,0.5,artifact120_escalate_silent,nomad2018-predict-transparent-conductors__ad9ad3eace7b4e40b52a38da1ab9fe2e,1,1.0,0.0,1,59.400000000000006,1,833.7958321524784,853.5847008420154,823.5847008420154,1.0237334703850116,0.9877534392513062
nomad2018-predict-transparent-conductors__c9196f00a08c40d5abd7c7eb52b57210,cards_senior_0805seq.jsonl:19,nomad2018-predict-transparent-conductors,hard,2,0,2,0.0,random,nomad2018-predict-transparent-conductors__02f0dbdfcaa94bba8234b5af0a436362|nomad2018-predict-transparent-conductors__449d90db5caa4116a92282d7991684a5,2,0.5,0.004400000000000001,1.5,60.0,0,1369.0063874907792,0.0,0.0,0.0,0.0
nomad2018-predict-transparent-conductors__c9196f00a08c40d5abd7c7eb52b57210,cards_senior_0805seq.jsonl:19,nomad2018-predict-transparent-conductors,hard,2,0,2,0.0,full_external,nomad2018-predict-transparent-conductors__449d90db5caa4116a92282d7991684a5,1,1.0,0.0,1,60.0,2,1369.0063874907792,1369.0063874907792,1369.0063874907792,1.0,1.0
nomad2018-predict-transparent-conductors__c9196f00a08c40d5abd7c7eb52b57210,cards_senior_0805seq.jsonl:19,nomad2018-predict-transparent-conductors,hard,2,0,2,0.0,full_self_report_available,nomad2018-predict-transparent-conductors__449d90db5caa4116a92282d7991684a5,1,1.0,0.0,1,60.0,2,1369.0063874907792,1369.0063874907792,1369.0063874907792,1.0,1.0
nomad2018-predict-transparent-conductors__c9196f00a08c40d5abd7c7eb52b57210,cards_senior_0805seq.jsonl:19,nomad2018-predict-transparent-conductors,hard,2,0,2,0.0,full_self_report_complete,nomad2018-predict-transparent-conductors__449d90db5caa4116a92282d7991684a5,1,1.0,0.0,1,60.0,2,1369.0063874907792,1369.0063874907792,1369.0063874907792,1.0,1.0
nomad2018-predict-transparent-conductors__c9196f00a08c40d5abd7c7eb52b57210,cards_senior_0805seq.jsonl:19,nomad2018-predict-transparent-conductors,hard,2,0,2,0.0,sub120_available,nomad2018-predict-transparent-conductors__02f0dbdfcaa94bba8234b5af0a436362|nomad2018-predict-transparent-conductors__449d90db5caa4116a92282d7991684a5,2,0.5,0.004400000000000001,1.5,60.0,0,1369.0063874907792,60.0,60.0,0.04382740690492514,0.04382740690492514
nomad2018-predict-transparent-conductors__c9196f00a08c40d5abd7c7eb52b57210,cards_senior_0805seq.jsonl:19,nomad2018-predict-transparent-conductors,hard,2,0,2,0.0,artifact120_escalate_silent,nomad2018-predict-transparent-conductors__449d90db5caa4116a92282d7991684a5,1,1.0,0.0,1,60.0,2,1369.0063874907792,1429.0063874907792,1369.0063874907792,1.0438274069049251,1.0
nomad2018-predict-transparent-conductors__d50b985553254ae3a951348f909324d9,cards_senior_0805seq.jsonl:19,nomad2018-predict-transparent-conductors,hard,2,2,0,1.0,random,nomad2018-predict-transparent-conductors__3abc50e2bddc4454b0ee7b9ec92e1263|nomad2018-predict-transparent-conductors__7a0ce85adaff49c49dae9357b9347dc6,2,0.5,0.0003249999999999989,1.5,48.3,0,376.1027624523267,0.0,0.0,0.0,0.0
nomad2018-predict-transparent-conductors__d50b985553254ae3a951348f909324d9,cards_senior_0805seq.jsonl:19,nomad2018-predict-transparent-conductors,hard,2,2,0,1.0,full_external,nomad2018-predict-transparent-conductors__3abc50e2bddc4454b0ee7b9ec92e1263,1,1.0,0.0,1,48.3,2,376.1027624523267,376.1027624523267,376.1027624523267,1.0,1.0
nomad2018-predict-transparent-conductors__d50b985553254ae3a951348f909324d9,cards_senior_0805seq.jsonl:19,nomad2018-predict-transparent-conductors,hard,2,2,0,1.0,full_self_report_available,nomad2018-predict-transparent-conductors__3abc50e2bddc4454b0ee7b9ec92e1263,1,1.0,0.0,1,48.3,2,376.1027624523267,376.1027624523267,376.1027624523267,1.0,1.0
nomad2018-predict-transparent-conductors__d50b985553254ae3a951348f909324d9,cards_senior_0805seq.jsonl:19,nomad2018-predict-transparent-conductors,hard,2,2,0,1.0,full_self_report_complete,nomad2018-predict-transparent-conductors__3abc50e2bddc4454b0ee7b9ec92e1263,1,1.0,0.0,1,48.3,2,376.1027624523267,376.1027624523267,376.1027624523267,1.0,1.0
nomad2018-predict-transparent-conductors__d50b985553254ae3a951348f909324d9,cards_senior_0805seq.jsonl:19,nomad2018-predict-transparent-conductors,hard,2,2,0,1.0,sub120_available,nomad2018-predict-transparent-conductors__3abc50e2bddc4454b0ee7b9ec92e1263,1,1.0,0.0,1,48.3,0,376.1027624523267,48.3,48.3,0.12842234841633823,0.12842234841633823
nomad2018-predict-transparent-conductors__d50b985553254ae3a951348f909324d9,cards_senior_0805seq.jsonl:19,nomad2018-predict-transparent-conductors,hard,2,2,0,1.0,artifact120_escalate_silent,nomad2018-predict-transparent-conductors__3abc50e2bddc4454b0ee7b9ec92e1263,1,1.0,0.0,1,48.3,0,376.1027624523267,48.3,48.3,0.12842234841633823,0.12842234841633823
petfinder-pawpularity-score__138ea8837fe24b529d33101fe0e40c1a,cards_senior_0730.jsonl:0,petfinder-pawpularity-score,easy,2,0,2,0.0,random,petfinder-pawpularity-score__28777132c16747d88ee33785cdea5ea7|petfinder-pawpularity-score__3011b9f5b83e4e8f8077628482e6a0bd,2,0.5,0.1651050000000005,1.5,60.4,0,11099.185658762988,0.0,0.0,0.0,0.0
petfinder-pawpularity-score__138ea8837fe24b529d33101fe0e40c1a,cards_senior_0730.jsonl:0,petfinder-pawpularity-score,easy,2,0,2,0.0,full_external,petfinder-pawpularity-score__28777132c16747d88ee33785cdea5ea7,1,1.0,0.0,1,60.4,2,11099.185658762988,11099.185658762988,11099.185658762988,1.0,1.0
petfinder-pawpularity-score__138ea8837fe24b529d33101fe0e40c1a,cards_senior_0730.jsonl:0,petfinder-pawpularity-score,easy,2,0,2,0.0,full_self_report_available,petfinder-pawpularity-score__28777132c16747d88ee33785cdea5ea7,1,1.0,0.0,1,60.4,2,11099.185658762988,11099.185658762988,11099.185658762988,1.0,1.0
petfinder-pawpularity-score__138ea8837fe24b529d33101fe0e40c1a,cards_senior_0730.jsonl:0,petfinder-pawpularity-score,easy,2,0,2,0.0,full_self_report_complete,petfinder-pawpularity-score__28777132c16747d88ee33785cdea5ea7,1,1.0,0.0,1,60.4,2,11099.185658762988,11099.185658762988,11099.185658762988,1.0,1.0
petfinder-pawpularity-score__138ea8837fe24b529d33101fe0e40c1a,cards_senior_0730.jsonl:0,petfinder-pawpularity-score,easy,2,0,2,0.0,sub120_available,petfinder-pawpularity-score__28777132c16747d88ee33785cdea5ea7|petfinder-pawpularity-score__3011b9f5b83e4e8f8077628482e6a0bd,2,0.5,0.1651050000000005,1.5,60.4,0,11099.185658762988,60.4,60.4,0.005441840677051222,0.005441840677051222
petfinder-pawpularity-score__138ea8837fe24b529d33101fe0e40c1a,cards_senior_0730.jsonl:0,petfinder-pawpularity-score,easy,2,0,2,0.0,artifact120_escalate_silent,petfinder-pawpularity-score__28777132c16747d88ee33785cdea5ea7,1,1.0,0.0,1,60.4,2,11099.185658762988,11159.585658762988,11099.585658762988,1.0054418406770511,1.0000360386799805
petfinder-pawpularity-score__20e58240de2d414caa6eba48ddb0990f,cards_senior_0730.jsonl:4,petfinder-pawpularity-score,hard,2,0,2,0.0,random,petfinder-pawpularity-score__9251a8fa822f4d5fbeee6609ff544d84|petfinder-pawpularity-score__e4b073d8ebc042b1831c55c6438b9e6a,2,0.5,0.0018550000000026046,1.5,60.3,0,104.00322424899787,0.0,0.0,0.0,0.0
petfinder-pawpularity-score__20e58240de2d414caa6eba48ddb0990f,cards_senior_0730.jsonl:4,petfinder-pawpularity-score,hard,2,0,2,0.0,full_external,petfinder-pawpularity-score__e4b073d8ebc042b1831c55c6438b9e6a,1,1.0,0.0,1,60.3,2,104.00322424899787,104.00322424899787,104.00322424899787,1.0,1.0
petfinder-pawpularity-score__20e58240de2d414caa6eba48ddb0990f,cards_senior_0730.jsonl:4,petfinder-pawpularity-score,hard,2,0,2,0.0,full_self_report_available,petfinder-pawpularity-score__9251a8fa822f4d5fbeee6609ff544d84,1,0.0,0.0037100000000016564,2,60.3,2,104.00322424899787,104.00322424899787,104.00322424899787,1.0,1.0
petfinder-pawpularity-score__20e58240de2d414caa6eba48ddb0990f,cards_senior_0730.jsonl:4,petfinder-pawpularity-score,hard,2,0,2,0.0,sub120_available,petfinder-pawpularity-score__9251a8fa822f4d5fbeee6609ff544d84|petfinder-pawpularity-score__e4b073d8ebc042b1831c55c6438b9e6a,2,0.5,0.0018550000000026046,1.5,60.3,0,104.00322424899787,60.3,60.3,0.5797897174383132,0.5797897174383132
petfinder-pawpularity-score__20e58240de2d414caa6eba48ddb0990f,cards_senior_0730.jsonl:4,petfinder-pawpularity-score,hard,2,0,2,0.0,artifact120_escalate_silent,petfinder-pawpularity-score__e4b073d8ebc042b1831c55c6438b9e6a,1,1.0,0.0,1,60.3,2,104.00322424899787,164.30322424899788,104.30322424899786,1.5797897174383133,1.0028845259574046
petfinder-pawpularity-score__5797f718afc7442e850c43666a82d51b,cards_senior_0806.jsonl:1,petfinder-pawpularity-score,easy,2,0,2,0.0,random,petfinder-pawpularity-score__717816b3dcb9490e8c60cf7c0232a6f6|petfinder-pawpularity-score__947a9114cbd64cb9838e1bbfdc050a06,2,0.5,0.28204999999999814,1.5,60.3,0,1289.4194727860158,0.0,0.0,0.0,0.0
petfinder-pawpularity-score__5797f718afc7442e850c43666a82d51b,cards_senior_0806.jsonl:1,petfinder-pawpularity-score,easy,2,0,2,0.0,full_external,petfinder-pawpularity-score__717816b3dcb9490e8c60cf7c0232a6f6,1,1.0,0.0,1,60.3,2,1289.4194727860158,1289.4194727860158,1289.4194727860158,1.0,1.0
petfinder-pawpularity-score__5797f718afc7442e850c43666a82d51b,cards_senior_0806.jsonl:1,petfinder-pawpularity-score,easy,2,0,2,0.0,full_self_report_available,petfinder-pawpularity-score__717816b3dcb9490e8c60cf7c0232a6f6,1,1.0,0.0,1,60.3,2,1289.4194727860158,1289.4194727860158,1289.4194727860158,1.0,1.0
petfinder-pawpularity-score__5797f718afc7442e850c43666a82d51b,cards_senior_0806.jsonl:1,petfinder-pawpularity-score,easy,2,0,2,0.0,full_self_report_complete,petfinder-pawpularity-score__717816b3dcb9490e8c60cf7c0232a6f6,1,1.0,0.0,1,60.3,2,1289.4194727860158,1289.4194727860158,1289.4194727860158,1.0,1.0
petfinder-pawpularity-score__5797f718afc7442e850c43666a82d51b,cards_senior_0806.jsonl:1,petfinder-pawpularity-score,easy,2,0,2,0.0,sub120_available,petfinder-pawpularity-score__717816b3dcb9490e8c60cf7c0232a6f6|petfinder-pawpularity-score__947a9114cbd64cb9838e1bbfdc050a06,2,0.5,0.28204999999999814,1.5,60.3,0,1289.4194727860158,60.3,60.3,0.046765231387200415,0.046765231387200415
petfinder-pawpularity-score__5797f718afc7442e850c43666a82d51b,cards_senior_0806.jsonl:1,petfinder-pawpularity-score,easy,2,0,2,0.0,artifact120_escalate_silent,petfinder-pawpularity-score__717816b3dcb9490e8c60cf7c0232a6f6,1,1.0,0.0,1,60.3,2,1289.4194727860158,1349.7194727860158,1289.7194727860158,1.0467652313872005,1.0002326628427223
petfinder-pawpularity-score__9118020f50e64bdeb8235a9dc9f357ab,cards_senior_0730.jsonl:0,petfinder-pawpularity-score,easy,2,0,2,0.0,random,petfinder-pawpularity-score__164ee2d978574b42a052ec28a7d88eef|petfinder-pawpularity-score__2d478cc7a3c244028234f9e7585340c4,2,0.5,0.13384500000000088,1.5,60.3,0,247.2651679549599,0.0,0.0,0.0,0.0
petfinder-pawpularity-score__9118020f50e64bdeb8235a9dc9f357ab,cards_senior_0730.jsonl:0,petfinder-pawpularity-score,easy,2,0,2,0.0,full_external,petfinder-pawpularity-score__2d478cc7a3c244028234f9e7585340c4,1,1.0,0.0,1,60.3,2,247.2651679549599,247.2651679549599,247.2651679549599,1.0,1.0
petfinder-pawpularity-score__9118020f50e64bdeb8235a9dc9f357ab,cards_senior_0730.jsonl:0,petfinder-pawpularity-score,easy,2,0,2,0.0,full_self_report_available,petfinder-pawpularity-score__2d478cc7a3c244028234f9e7585340c4,1,1.0,0.0,1,60.3,2,247.2651679549599,247.2651679549599,247.2651679549599,1.0,1.0
petfinder-pawpularity-score__9118020f50e64bdeb8235a9dc9f357ab,cards_senior_0730.jsonl:0,petfinder-pawpularity-score,easy,2,0,2,0.0,full_self_report_complete,petfinder-pawpularity-score__2d478cc7a3c244028234f9e7585340c4,1,1.0,0.0,1,60.3,2,247.2651679549599,247.2651679549599,247.2651679549599,1.0,1.0
petfinder-pawpularity-score__9118020f50e64bdeb8235a9dc9f357ab,cards_senior_0730.jsonl:0,petfinder-pawpularity-score,easy,2,0,2,0.0,sub120_available,petfinder-pawpularity-score__164ee2d978574b42a052ec28a7d88eef|petfinder-pawpularity-score__2d478cc7a3c244028234f9e7585340c4,2,0.5,0.13384500000000088,1.5,60.3,0,247.2651679549599,60.3,60.3,0.24386774934261596,0.24386774934261596
petfinder-pawpularity-score__9118020f50e64bdeb8235a9dc9f357ab,cards_senior_0730.jsonl:0,petfinder-pawpularity-score,easy,2,0,2,0.0,artifact120_escalate_silent,petfinder-pawpularity-score__2d478cc7a3c244028234f9e7585340c4,1,1.0,0.0,1,60.3,2,247.2651679549599,307.5651679549599,247.56516795495992,1.243867749342616,1.001213272384789
random-acts-of-pizza__5834f6889e5e413f8799624231dbc548,cards_ours_20260727.jsonl:69,random-acts-of-pizza,easy,2,1,1,0.5,random,random-acts-of-pizza__d49ae6008eca4bd4b3f736f90dc6afac|random-acts-of-pizza__e52f8a668b95496aa04cd6a8d72f6642,2,0.5,0.024779999999999913,1.5,41.6,0,200.22247231006622,0.0,0.0,0.0,0.0
random-acts-of-pizza__5834f6889e5e413f8799624231dbc548,cards_ours_20260727.jsonl:69,random-acts-of-pizza,easy,2,1,1,0.5,full_external,random-acts-of-pizza__d49ae6008eca4bd4b3f736f90dc6afac,1,1.0,0.0,1,41.6,2,200.22247231006622,200.22247231006622,200.22247231006622,1.0,1.0
random-acts-of-pizza__5834f6889e5e413f8799624231dbc548,cards_ours_20260727.jsonl:69,random-acts-of-pizza,easy,2,1,1,0.5,full_self_report_available,random-acts-of-pizza__d49ae6008eca4bd4b3f736f90dc6afac,1,1.0,0.0,1,41.6,2,200.22247231006622,200.22247231006622,200.22247231006622,1.0,1.0
random-acts-of-pizza__5834f6889e5e413f8799624231dbc548,cards_ours_20260727.jsonl:69,random-acts-of-pizza,easy,2,1,1,0.5,full_self_report_complete,random-acts-of-pizza__d49ae6008eca4bd4b3f736f90dc6afac,1,1.0,0.0,1,41.6,2,200.22247231006622,200.22247231006622,200.22247231006622,1.0,1.0
random-acts-of-pizza__5834f6889e5e413f8799624231dbc548,cards_ours_20260727.jsonl:69,random-acts-of-pizza,easy,2,1,1,0.5,sub120_available,random-acts-of-pizza__d49ae6008eca4bd4b3f736f90dc6afac,1,1.0,0.0,1,41.6,0,200.22247231006622,41.6,41.6,0.20776888587999198,0.20776888587999198
random-acts-of-pizza__5834f6889e5e413f8799624231dbc548,cards_ours_20260727.jsonl:69,random-acts-of-pizza,easy,2,1,1,0.5,artifact120_escalate_silent,random-acts-of-pizza__d49ae6008eca4bd4b3f736f90dc6afac,1,1.0,0.0,1,41.6,1,200.22247231006622,190.29730837643146,160.29730837643146,0.9504293208493372,0.8005959896858814
random-acts-of-pizza__aa71d9674a4049e0bc46feeada985547,cards_gen3A.jsonl:3,random-acts-of-pizza,easy,5,4,1,0.8,random,random-acts-of-pizza__0ee1fa402ecb43ae9906ef4aa3e16d1a|random-acts-of-pizza__3a1402459a144c3cba0f2a91a5b8e721|random-acts-of-pizza__8c5fe3fc63254b88bc949f6d53a9cb6a|random-acts-of-pizza__9b9f4f95471a4b89972077ce62bdc1f8|random-acts-of-pizza__f02f9281781f4290a64b5e40011b4479,5,0.2,0.074662,3,133.1,0,185.72851238504518,0.0,0.0,0.0,0.0
random-acts-of-pizza__aa71d9674a4049e0bc46feeada985547,cards_gen3A.jsonl:3,random-acts-of-pizza,easy,5,4,1,0.8,full_external,random-acts-of-pizza__9b9f4f95471a4b89972077ce62bdc1f8,1,1.0,0.0,1,133.1,5,185.72851238504518,185.72851238504518,185.72851238504518,1.0,1.0
random-acts-of-pizza__aa71d9674a4049e0bc46feeada985547,cards_gen3A.jsonl:3,random-acts-of-pizza,easy,5,4,1,0.8,full_self_report_available,random-acts-of-pizza__9b9f4f95471a4b89972077ce62bdc1f8,1,1.0,0.0,1,133.1,5,185.72851238504518,185.72851238504518,185.72851238504518,1.0,1.0
random-acts-of-pizza__aa71d9674a4049e0bc46feeada985547,cards_gen3A.jsonl:3,random-acts-of-pizza,easy,5,4,1,0.8,full_self_report_complete,random-acts-of-pizza__9b9f4f95471a4b89972077ce62bdc1f8,1,1.0,0.0,1,133.1,5,185.72851238504518,185.72851238504518,185.72851238504518,1.0,1.0
random-acts-of-pizza__aa71d9674a4049e0bc46feeada985547,cards_gen3A.jsonl:3,random-acts-of-pizza,easy,5,4,1,0.8,sub120_available,random-acts-of-pizza__9b9f4f95471a4b89972077ce62bdc1f8,1,1.0,0.0,1,133.1,0,185.72851238504518,133.1,133.1,0.7166374095758772,0.7166374095758772
random-acts-of-pizza__aa71d9674a4049e0bc46feeada985547,cards_gen3A.jsonl:3,random-acts-of-pizza,easy,5,4,1,0.8,artifact120_escalate_silent,random-acts-of-pizza__9b9f4f95471a4b89972077ce62bdc1f8,1,1.0,0.0,1,133.1,1,185.72851238504518,193.8373511469923,163.8373511469923,1.04365963339617,0.8821335455879333
random-acts-of-pizza__c8c057832a7f46de8f2f8ede73ed013f,cards_ours_20260727.jsonl:68,random-acts-of-pizza,easy,3,2,1,0.6666666666666666,random,random-acts-of-pizza__0f1e5cd6c6de460abaae7877daf9aa69|random-acts-of-pizza__9ca2d2e324f740ef85c2d32a7380ac6f|random-acts-of-pizza__fa4524bd04a2450e9f937a60d2db3cce,3,0.3333333333333333,0.03528666666666669,2,68.7,0,164.36871495097876,0.0,0.0,0.0,0.0
random-acts-of-pizza__c8c057832a7f46de8f2f8ede73ed013f,cards_ours_20260727.jsonl:68,random-acts-of-pizza,easy,3,2,1,0.6666666666666666,full_external,random-acts-of-pizza__9ca2d2e324f740ef85c2d32a7380ac6f,1,1.0,0.0,1,68.7,3,164.36871495097876,164.36871495097876,164.36871495097876,1.0,1.0
random-acts-of-pizza__c8c057832a7f46de8f2f8ede73ed013f,cards_ours_20260727.jsonl:68,random-acts-of-pizza,easy,3,2,1,0.6666666666666666,full_self_report_available,random-acts-of-pizza__9ca2d2e324f740ef85c2d32a7380ac6f,1,1.0,0.0,1,68.7,3,164.36871495097876,164.36871495097876,164.36871495097876,1.0,1.0
random-acts-of-pizza__c8c057832a7f46de8f2f8ede73ed013f,cards_ours_20260727.jsonl:68,random-acts-of-pizza,easy,3,2,1,0.6666666666666666,full_self_report_complete,random-acts-of-pizza__9ca2d2e324f740ef85c2d32a7380ac6f,1,1.0,0.0,1,68.7,3,164.36871495097876,164.36871495097876,164.36871495097876,1.0,1.0
random-acts-of-pizza__c8c057832a7f46de8f2f8ede73ed013f,cards_ours_20260727.jsonl:68,random-acts-of-pizza,easy,3,2,1,0.6666666666666666,sub120_available,random-acts-of-pizza__9ca2d2e324f740ef85c2d32a7380ac6f,1,1.0,0.0,1,68.7,0,164.36871495097876,68.7,68.7,0.4179627493011006,0.4179627493011006
random-acts-of-pizza__c8c057832a7f46de8f2f8ede73ed013f,cards_ours_20260727.jsonl:68,random-acts-of-pizza,easy,3,2,1,0.6666666666666666,artifact120_escalate_silent,random-acts-of-pizza__9ca2d2e324f740ef85c2d32a7380ac6f,1,1.0,0.0,1,68.7,1,164.36871495097876,170.21691206544637,140.21691206544637,1.0355797459158318,0.8530632615048709
random-acts-of-pizza__e79c47b6ab894f43aa969d2f9ab8051a,cards_gen2C.jsonl:2,random-acts-of-pizza,hard,3,0,3,0.0,random,random-acts-of-pizza__02ab01e7d3624270a317cd6c9c52af77|random-acts-of-pizza__a672b879e7f9459c9ca2ea299751f4b2|random-acts-of-pizza__d7e488f0729c41aeb94a7502bff7fc4d,3,0.3333333333333333,0.001223333333333354,2,90.30000000000001,0,955.0051796734333,0.0,0.0,0.0,0.0
random-acts-of-pizza__e79c47b6ab894f43aa969d2f9ab8051a,cards_gen2C.jsonl:2,random-acts-of-pizza,hard,3,0,3,0.0,full_external,random-acts-of-pizza__a672b879e7f9459c9ca2ea299751f4b2,1,1.0,0.0,1,90.30000000000001,3,955.0051796734333,955.0051796734333,955.0051796734333,1.0,1.0
random-acts-of-pizza__e79c47b6ab894f43aa969d2f9ab8051a,cards_gen2C.jsonl:2,random-acts-of-pizza,hard,3,0,3,0.0,full_self_report_available,random-acts-of-pizza__a672b879e7f9459c9ca2ea299751f4b2,1,1.0,0.0,1,90.30000000000001,3,955.0051796734333,955.0051796734333,955.0051796734333,1.0,1.0
random-acts-of-pizza__e79c47b6ab894f43aa969d2f9ab8051a,cards_gen2C.jsonl:2,random-acts-of-pizza,hard,3,0,3,0.0,full_self_report_complete,random-acts-of-pizza__a672b879e7f9459c9ca2ea299751f4b2,1,1.0,0.0,1,90.30000000000001,3,955.0051796734333,955.0051796734333,955.0051796734333,1.0,1.0
random-acts-of-pizza__e79c47b6ab894f43aa969d2f9ab8051a,cards_gen2C.jsonl:2,random-acts-of-pizza,hard,3,0,3,0.0,sub120_available,random-acts-of-pizza__02ab01e7d3624270a317cd6c9c52af77|random-acts-of-pizza__a672b879e7f9459c9ca2ea299751f4b2|random-acts-of-pizza__d7e488f0729c41aeb94a7502bff7fc4d,3,0.3333333333333333,0.001223333333333354,2,90.30000000000001,0,955.0051796734333,90.30000000000001,90.30000000000001,0.09455446098300571,0.09455446098300571
random-acts-of-pizza__e79c47b6ab894f43aa969d2f9ab8051a,cards_gen2C.jsonl:2,random-acts-of-pizza,hard,3,0,3,0.0,artifact120_escalate_silent,random-acts-of-pizza__a672b879e7f9459c9ca2ea299751f4b2,1,1.0,0.0,1,90.30000000000001,3,955.0051796734333,1045.3051796734333,955.3051796734333,1.0945544609830056,1.0003141344218704
spaceship-titanic__4fcded37ceb243d0a0ca7d970adedcfb,cards_ours_20260727.jsonl:3,spaceship-titanic,easy,2,1,1,0.5,random,spaceship-titanic__df0e799d4c294c78a20d756c405fee68|spaceship-titanic__ffc4990563cd4b8e8561b15fd47f1488,2,0.5,0.01092000000000004,1.5,36.4,0,41.50957727432251,0.0,0.0,0.0,0.0
spaceship-titanic__4fcded37ceb243d0a0ca7d970adedcfb,cards_ours_20260727.jsonl:3,spaceship-titanic,easy,2,1,1,0.5,full_external,spaceship-titanic__ffc4990563cd4b8e8561b15fd47f1488,1,1.0,0.0,1,36.4,2,41.50957727432251,41.50957727432251,41.50957727432251,1.0,1.0
spaceship-titanic__4fcded37ceb243d0a0ca7d970adedcfb,cards_ours_20260727.jsonl:3,spaceship-titanic,easy,2,1,1,0.5,full_self_report_available,spaceship-titanic__df0e799d4c294c78a20d756c405fee68,1,0.0,0.02183999999999997,2,36.4,2,41.50957727432251,41.50957727432251,41.50957727432251,1.0,1.0
spaceship-titanic__4fcded37ceb243d0a0ca7d970adedcfb,cards_ours_20260727.jsonl:3,spaceship-titanic,easy,2,1,1,0.5,full_self_report_complete,spaceship-titanic__df0e799d4c294c78a20d756c405fee68,1,0.0,0.02183999999999997,2,36.4,2,41.50957727432251,41.50957727432251,41.50957727432251,1.0,1.0
spaceship-titanic__4fcded37ceb243d0a0ca7d970adedcfb,cards_ours_20260727.jsonl:3,spaceship-titanic,easy,2,1,1,0.5,sub120_available,spaceship-titanic__df0e799d4c294c78a20d756c405fee68,1,0.0,0.02183999999999997,2,36.4,0,41.50957727432251,36.4,36.4,0.8769060633753248,0.8769060633753248
spaceship-titanic__4fcded37ceb243d0a0ca7d970adedcfb,cards_ours_20260727.jsonl:3,spaceship-titanic,easy,2,1,1,0.5,artifact120_escalate_silent,spaceship-titanic__ffc4990563cd4b8e8561b15fd47f1488,1,1.0,0.0,1,36.4,1,41.50957727432251,76.20337595939637,46.20337595939636,1.8358022645182457,1.1130774870111095
spooky-author-identification__560eb5d67f17409f9deb149324c55f29,cards_senior_0801.jsonl:4,spooky-author-identification,easy,2,0,2,0.0,random,spooky-author-identification__67f02ce1c7dd42c1b2aa07655e0eacf0|spooky-author-identification__9212864b27984d118b518b96dc3b2886,2,0.5,0.21591500000000002,1.5,60.0,0,199.21765096206218,0.0,0.0,0.0,0.0
spooky-author-identification__560eb5d67f17409f9deb149324c55f29,cards_senior_0801.jsonl:4,spooky-author-identification,easy,2,0,2,0.0,full_external,spooky-author-identification__9212864b27984d118b518b96dc3b2886,1,1.0,0.0,1,60.0,2,199.21765096206218,199.21765096206218,199.21765096206218,1.0,1.0
spooky-author-identification__560eb5d67f17409f9deb149324c55f29,cards_senior_0801.jsonl:4,spooky-author-identification,easy,2,0,2,0.0,full_self_report_available,spooky-author-identification__9212864b27984d118b518b96dc3b2886,1,1.0,0.0,1,60.0,2,199.21765096206218,199.21765096206218,199.21765096206218,1.0,1.0
spooky-author-identification__560eb5d67f17409f9deb149324c55f29,cards_senior_0801.jsonl:4,spooky-author-identification,easy,2,0,2,0.0,full_self_report_complete,spooky-author-identification__9212864b27984d118b518b96dc3b2886,1,1.0,0.0,1,60.0,2,199.21765096206218,199.21765096206218,199.21765096206218,1.0,1.0
spooky-author-identification__560eb5d67f17409f9deb149324c55f29,cards_senior_0801.jsonl:4,spooky-author-identification,easy,2,0,2,0.0,sub120_available,spooky-author-identification__67f02ce1c7dd42c1b2aa07655e0eacf0|spooky-author-identification__9212864b27984d118b518b96dc3b2886,2,0.5,0.21591500000000002,1.5,60.0,0,199.21765096206218,60.0,60.0,0.30117813210951894,0.30117813210951894
spooky-author-identification__560eb5d67f17409f9deb149324c55f29,cards_senior_0801.jsonl:4,spooky-author-identification,easy,2,0,2,0.0,artifact120_escalate_silent,spooky-author-identification__9212864b27984d118b518b96dc3b2886,1,1.0,0.0,1,60.0,2,199.21765096206218,259.2176509620622,199.21765096206218,1.301178132109519,1.0
spooky-author-identification__92ff9885a5194d928b56e8d05f03d004,cards_senior_0801.jsonl:6,spooky-author-identification,hard,3,0,3,0.0,random,spooky-author-identification__38648184253c4e7792d7658657da0746|spooky-author-identification__40e09976978641a1a0f8ddc87586731a|spooky-author-identification__414aed3e532a4130bb3ec66bd5efa9ea,3,0.3333333333333333,0.0004433333333332956,2,90.0,0,237.14428410003893,0.0,0.0,0.0,0.0
spooky-author-identification__92ff9885a5194d928b56e8d05f03d004,cards_senior_0801.jsonl:6,spooky-author-identification,hard,3,0,3,0.0,full_external,spooky-author-identification__414aed3e532a4130bb3ec66bd5efa9ea,1,1.0,0.0,1,90.0,3,237.14428410003893,237.14428410003893,237.14428410003893,1.0,1.0
spooky-author-identification__92ff9885a5194d928b56e8d05f03d004,cards_senior_0801.jsonl:6,spooky-author-identification,hard,3,0,3,0.0,full_self_report_available,spooky-author-identification__414aed3e532a4130bb3ec66bd5efa9ea,1,1.0,0.0,1,90.0,3,237.14428410003893,237.14428410003893,237.14428410003893,1.0,1.0
spooky-author-identification__92ff9885a5194d928b56e8d05f03d004,cards_senior_0801.jsonl:6,spooky-author-identification,hard,3,0,3,0.0,full_self_report_complete,spooky-author-identification__414aed3e532a4130bb3ec66bd5efa9ea,1,1.0,0.0,1,90.0,3,237.14428410003893,237.14428410003893,237.14428410003893,1.0,1.0
spooky-author-identification__92ff9885a5194d928b56e8d05f03d004,cards_senior_0801.jsonl:6,spooky-author-identification,hard,3,0,3,0.0,sub120_available,spooky-author-identification__38648184253c4e7792d7658657da0746|spooky-author-identification__40e09976978641a1a0f8ddc87586731a|spooky-author-identification__414aed3e532a4130bb3ec66bd5efa9ea,3,0.3333333333333333,0.0004433333333332956,2,90.0,0,237.14428410003893,90.0,90.0,0.3795157886328546,0.3795157886328546
spooky-author-identification__92ff9885a5194d928b56e8d05f03d004,cards_senior_0801.jsonl:6,spooky-author-identification,hard,3,0,3,0.0,artifact120_escalate_silent,spooky-author-identification__414aed3e532a4130bb3ec66bd5efa9ea,1,1.0,0.0,1,90.0,3,237.14428410003893,327.14428410003893,237.14428410003893,1.3795157886328546,1.0
spooky-author-identification__b0159499c7cb478eaa490c7fdbd49d1b,cards_senior_0801.jsonl:4,spooky-author-identification,hard,2,0,2,0.0,random,spooky-author-identification__789703b0e1c348e695596428d21fac38|spooky-author-identification__b9c86b77ce174df0a2164cb7cf2685af,2,0.5,0.00018999999999996797,1.5,60.0,0,2444.071920401999,0.0,0.0,0.0,0.0
spooky-author-identification__b0159499c7cb478eaa490c7fdbd49d1b,cards_senior_0801.jsonl:4,spooky-author-identification,hard,2,0,2,0.0,full_external,spooky-author-identification__b9c86b77ce174df0a2164cb7cf2685af,1,1.0,0.0,1,60.0,2,2444.071920401999,2444.071920401999,2444.071920401999,1.0,1.0
spooky-author-identification__b0159499c7cb478eaa490c7fdbd49d1b,cards_senior_0801.jsonl:4,spooky-author-identification,hard,2,0,2,0.0,full_self_report_available,spooky-author-identification__789703b0e1c348e695596428d21fac38,1,0.0,0.00037999999999999146,2,60.0,2,2444.071920401999,2444.071920401999,2444.071920401999,1.0,1.0
spooky-author-identification__b0159499c7cb478eaa490c7fdbd49d1b,cards_senior_0801.jsonl:4,spooky-author-identification,hard,2,0,2,0.0,full_self_report_complete,spooky-author-identification__789703b0e1c348e695596428d21fac38,1,0.0,0.00037999999999999146,2,60.0,2,2444.071920401999,2444.071920401999,2444.071920401999,1.0,1.0
spooky-author-identification__b0159499c7cb478eaa490c7fdbd49d1b,cards_senior_0801.jsonl:4,spooky-author-identification,hard,2,0,2,0.0,sub120_available,spooky-author-identification__789703b0e1c348e695596428d21fac38|spooky-author-identification__b9c86b77ce174df0a2164cb7cf2685af,2,0.5,0.00018999999999996797,1.5,60.0,0,2444.071920401999,60.0,60.0,0.024549195749579766,0.024549195749579766
spooky-author-identification__b0159499c7cb478eaa490c7fdbd49d1b,cards_senior_0801.jsonl:4,spooky-author-identification,hard,2,0,2,0.0,artifact120_escalate_silent,spooky-author-identification__b9c86b77ce174df0a2164cb7cf2685af,1,1.0,0.0,1,60.0,2,2444.071920401999,2504.071920401999,2444.071920401999,1.0245491957495798,1.0
spooky-author-identification__d7c4a34657474cb48180f68defba370c,cards_senior_0730.jsonl:5,spooky-author-identification,hard,3,0,3,0.0,random,spooky-author-identification__c8e9e4089e9d44598bf956bc4cdf901f|spooky-author-identification__d8350d06746c49189b3700f3ae207569|spooky-author-identification__df8572420c294f869b30c2646e8dbce8,3,0.3333333333333333,0.0019733333333333825,2,90.0,0,223.97063015500316,0.0,0.0,0.0,0.0
spooky-author-identification__d7c4a34657474cb48180f68defba370c,cards_senior_0730.jsonl:5,spooky-author-identification,hard,3,0,3,0.0,full_external,spooky-author-identification__d8350d06746c49189b3700f3ae207569,1,1.0,0.0,1,90.0,3,223.97063015500316,223.97063015500316,223.97063015500316,1.0,1.0
spooky-author-identification__d7c4a34657474cb48180f68defba370c,cards_senior_0730.jsonl:5,spooky-author-identification,hard,3,0,3,0.0,full_self_report_available,spooky-author-identification__d8350d06746c49189b3700f3ae207569,1,1.0,0.0,1,90.0,3,223.97063015500316,223.97063015500316,223.97063015500316,1.0,1.0
spooky-author-identification__d7c4a34657474cb48180f68defba370c,cards_senior_0730.jsonl:5,spooky-author-identification,hard,3,0,3,0.0,full_self_report_complete,spooky-author-identification__d8350d06746c49189b3700f3ae207569,1,1.0,0.0,1,90.0,3,223.97063015500316,223.97063015500316,223.97063015500316,1.0,1.0
spooky-author-identification__d7c4a34657474cb48180f68defba370c,cards_senior_0730.jsonl:5,spooky-author-identification,hard,3,0,3,0.0,sub120_available,spooky-author-identification__c8e9e4089e9d44598bf956bc4cdf901f|spooky-author-identification__d8350d06746c49189b3700f3ae207569|spooky-author-identification__df8572420c294f869b30c2646e8dbce8,3,0.3333333333333333,0.0019733333333333825,2,90.0,0,223.97063015500316,90.0,90.0,0.401838401480202,0.401838401480202
spooky-author-identification__d7c4a34657474cb48180f68defba370c,cards_senior_0730.jsonl:5,spooky-author-identification,hard,3,0,3,0.0,artifact120_escalate_silent,spooky-author-identification__d8350d06746c49189b3700f3ae207569,1,1.0,0.0,1,90.0,3,223.97063015500316,313.97063015500316,223.97063015500316,1.4018384014802021,1.0
spooky-author-identification__fbb5259bda6a42b98e9619af0807a957,cards_senior_0730.jsonl:5,spooky-author-identification,easy,3,0,3,0.0,random,spooky-author-identification__16a678db368a417fbf00950915601fb9|spooky-author-identification__653ba54bf46a4d82a9668d92db356211|spooky-author-identification__900270a860234cc2b3ae8a0505bd105a,3,0.3333333333333333,0.024430000000000007,2,90.0,0,416.06453209306346,0.0,0.0,0.0,0.0
spooky-author-identification__fbb5259bda6a42b98e9619af0807a957,cards_senior_0730.jsonl:5,spooky-author-identification,easy,3,0,3,0.0,full_external,spooky-author-identification__653ba54bf46a4d82a9668d92db356211,1,1.0,0.0,1,90.0,3,416.06453209306346,416.06453209306346,416.06453209306346,1.0,1.0
spooky-author-identification__fbb5259bda6a42b98e9619af0807a957,cards_senior_0730.jsonl:5,spooky-author-identification,easy,3,0,3,0.0,full_self_report_available,spooky-author-identification__653ba54bf46a4d82a9668d92db356211,1,1.0,0.0,1,90.0,3,416.06453209306346,416.06453209306346,416.06453209306346,1.0,1.0
spooky-author-identification__fbb5259bda6a42b98e9619af0807a957,cards_senior_0730.jsonl:5,spooky-author-identification,easy,3,0,3,0.0,full_self_report_complete,spooky-author-identification__653ba54bf46a4d82a9668d92db356211,1,1.0,0.0,1,90.0,3,416.06453209306346,416.06453209306346,416.06453209306346,1.0,1.0
spooky-author-identification__fbb5259bda6a42b98e9619af0807a957,cards_senior_0730.jsonl:5,spooky-author-identification,easy,3,0,3,0.0,sub120_available,spooky-author-identification__16a678db368a417fbf00950915601fb9|spooky-author-identification__653ba54bf46a4d82a9668d92db356211|spooky-author-identification__900270a860234cc2b3ae8a0505bd105a,3,0.3333333333333333,0.024430000000000007,2,90.0,0,416.06453209306346,90.0,90.0,0.2163125983059503,0.2163125983059503
spooky-author-identification__fbb5259bda6a42b98e9619af0807a957,cards_senior_0730.jsonl:5,spooky-author-identification,easy,3,0,3,0.0,artifact120_escalate_silent,spooky-author-identification__653ba54bf46a4d82a9668d92db356211,1,1.0,0.0,1,90.0,3,416.06453209306346,506.06453209306346,416.06453209306346,1.2163125983059504,1.0
spooky-author-identification__ff8dc324b8984305b0dd7c14bee67d7c,cards_t3era_missing.jsonl:14,spooky-author-identification,easy,3,0,3,0.0,random,spooky-author-identification__31dc45ab82da453fa070417d3e97b475|spooky-author-identification__8f9956778f6b4e9ea7b6af0a7f82e4a6|spooky-author-identification__b1638019d27044b7a3c20ec855526869,3,0.3333333333333333,0.02581666666666671,2,90.1,0,323.3748806199874,0.0,0.0,0.0,0.0
spooky-author-identification__ff8dc324b8984305b0dd7c14bee67d7c,cards_t3era_missing.jsonl:14,spooky-author-identification,easy,3,0,3,0.0,full_external,spooky-author-identification__b1638019d27044b7a3c20ec855526869,1,1.0,0.0,1,90.1,3,323.3748806199874,323.3748806199874,323.3748806199874,1.0,1.0
spooky-author-identification__ff8dc324b8984305b0dd7c14bee67d7c,cards_t3era_missing.jsonl:14,spooky-author-identification,easy,3,0,3,0.0,full_self_report_available,spooky-author-identification__b1638019d27044b7a3c20ec855526869,1,1.0,0.0,1,90.1,3,323.3748806199874,323.3748806199874,323.3748806199874,1.0,1.0
spooky-author-identification__ff8dc324b8984305b0dd7c14bee67d7c,cards_t3era_missing.jsonl:14,spooky-author-identification,easy,3,0,3,0.0,full_self_report_complete,spooky-author-identification__b1638019d27044b7a3c20ec855526869,1,1.0,0.0,1,90.1,3,323.3748806199874,323.3748806199874,323.3748806199874,1.0,1.0
spooky-author-identification__ff8dc324b8984305b0dd7c14bee67d7c,cards_t3era_missing.jsonl:14,spooky-author-identification,easy,3,0,3,0.0,sub120_available,spooky-author-identification__31dc45ab82da453fa070417d3e97b475|spooky-author-identification__8f9956778f6b4e9ea7b6af0a7f82e4a6|spooky-author-identification__b1638019d27044b7a3c20ec855526869,3,0.3333333333333333,0.02581666666666671,2,90.1,0,323.3748806199874,90.1,90.1,0.27862399153346923,0.27862399153346923
spooky-author-identification__ff8dc324b8984305b0dd7c14bee67d7c,cards_t3era_missing.jsonl:14,spooky-author-identification,easy,3,0,3,0.0,artifact120_escalate_silent,spooky-author-identification__b1638019d27044b7a3c20ec855526869,1,1.0,0.0,1,90.1,3,323.3748806199874,413.4748806199874,323.4748806199874,1.2786239915334694,1.0003092386143546
tabular-playground-series-dec-2021__0cdec0ffd1ff4511b41aa8c691f2f383,cards_senior_0801.jsonl:38,tabular-playground-series-dec-2021,hard,2,0,2,0.0,random,tabular-playground-series-dec-2021__36787b1cf20b412e8716ea12368675bf|tabular-playground-series-dec-2021__dbdf36e610354c398b8b0d89cee8fbd4,2,0.5,0.00024999999999997247,1.5,60.2,0,11363.82460745424,0.0,0.0,0.0,0.0
tabular-playground-series-dec-2021__0cdec0ffd1ff4511b41aa8c691f2f383,cards_senior_0801.jsonl:38,tabular-playground-series-dec-2021,hard,2,0,2,0.0,full_external,tabular-playground-series-dec-2021__36787b1cf20b412e8716ea12368675bf,1,1.0,0.0,1,60.2,2,11363.82460745424,11363.82460745424,11363.82460745424,1.0,1.0
tabular-playground-series-dec-2021__0cdec0ffd1ff4511b41aa8c691f2f383,cards_senior_0801.jsonl:38,tabular-playground-series-dec-2021,hard,2,0,2,0.0,full_self_report_available,tabular-playground-series-dec-2021__36787b1cf20b412e8716ea12368675bf,1,1.0,0.0,1,60.2,2,11363.82460745424,11363.82460745424,11363.82460745424,1.0,1.0
tabular-playground-series-dec-2021__0cdec0ffd1ff4511b41aa8c691f2f383,cards_senior_0801.jsonl:38,tabular-playground-series-dec-2021,hard,2,0,2,0.0,full_self_report_complete,tabular-playground-series-dec-2021__36787b1cf20b412e8716ea12368675bf,1,1.0,0.0,1,60.2,2,11363.82460745424,11363.82460745424,11363.82460745424,1.0,1.0
tabular-playground-series-dec-2021__0cdec0ffd1ff4511b41aa8c691f2f383,cards_senior_0801.jsonl:38,tabular-playground-series-dec-2021,hard,2,0,2,0.0,sub120_available,tabular-playground-series-dec-2021__36787b1cf20b412e8716ea12368675bf|tabular-playground-series-dec-2021__dbdf36e610354c398b8b0d89cee8fbd4,2,0.5,0.00024999999999997247,1.5,60.2,0,11363.82460745424,60.2,60.2,0.00529751224429415,0.00529751224429415
tabular-playground-series-dec-2021__0cdec0ffd1ff4511b41aa8c691f2f383,cards_senior_0801.jsonl:38,tabular-playground-series-dec-2021,hard,2,0,2,0.0,artifact120_escalate_silent,tabular-playground-series-dec-2021__36787b1cf20b412e8716ea12368675bf,1,1.0,0.0,1,60.2,2,11363.82460745424,11424.024607454241,11364.024607454241,1.0052975122442942,1.0000175997084528
tabular-playground-series-dec-2021__934ac2235cf749c9ae20875daeb13fda,cards_senior_0807.jsonl:23,tabular-playground-series-dec-2021,hard,2,0,2,0.0,random,tabular-playground-series-dec-2021__8b54ad5da3684393a8a2caceb614ee34|tabular-playground-series-dec-2021__dd7529c2a690472ba81bdc67d9f30382,2,0.5,0.0002700000000001035,1.5,60.3,0,4757.205187611282,0.0,0.0,0.0,0.0
tabular-playground-series-dec-2021__934ac2235cf749c9ae20875daeb13fda,cards_senior_0807.jsonl:23,tabular-playground-series-dec-2021,hard,2,0,2,0.0,full_external,tabular-playground-series-dec-2021__8b54ad5da3684393a8a2caceb614ee34,1,1.0,0.0,1,60.3,2,4757.205187611282,4757.205187611282,4757.205187611282,1.0,1.0
tabular-playground-series-dec-2021__934ac2235cf749c9ae20875daeb13fda,cards_senior_0807.jsonl:23,tabular-playground-series-dec-2021,hard,2,0,2,0.0,full_self_report_available,tabular-playground-series-dec-2021__8b54ad5da3684393a8a2caceb614ee34,1,1.0,0.0,1,60.3,2,4757.205187611282,4757.205187611282,4757.205187611282,1.0,1.0
tabular-playground-series-dec-2021__934ac2235cf749c9ae20875daeb13fda,cards_senior_0807.jsonl:23,tabular-playground-series-dec-2021,hard,2,0,2,0.0,full_self_report_complete,tabular-playground-series-dec-2021__8b54ad5da3684393a8a2caceb614ee34,1,1.0,0.0,1,60.3,2,4757.205187611282,4757.205187611282,4757.205187611282,1.0,1.0
tabular-playground-series-dec-2021__934ac2235cf749c9ae20875daeb13fda,cards_senior_0807.jsonl:23,tabular-playground-series-dec-2021,hard,2,0,2,0.0,sub120_available,tabular-playground-series-dec-2021__8b54ad5da3684393a8a2caceb614ee34|tabular-playground-series-dec-2021__dd7529c2a690472ba81bdc67d9f30382,2,0.5,0.0002700000000001035,1.5,60.3,0,4757.205187611282,60.3,60.3,0.012675509594800181,0.012675509594800181
tabular-playground-series-dec-2021__934ac2235cf749c9ae20875daeb13fda,cards_senior_0807.jsonl:23,tabular-playground-series-dec-2021,hard,2,0,2,0.0,artifact120_escalate_silent,tabular-playground-series-dec-2021__8b54ad5da3684393a8a2caceb614ee34,1,1.0,0.0,1,60.3,2,4757.205187611282,4817.505187611282,4757.505187611282,1.0126755095948001,1.00006306223679
tabular-playground-series-dec-2021__b98b7d0f93774f13b332311ed76e2037,cards_senior_0807.jsonl:22,tabular-playground-series-dec-2021,hard,2,0,2,0.0,random,tabular-playground-series-dec-2021__72c882b1d87c45b09471af711496de1a|tabular-playground-series-dec-2021__81b08a9c23464eb1a0f7861d6fd90b67,2,0.5,0.00010500000000002174,1.5,60.2,0,2004.5231419699267,0.0,0.0,0.0,0.0
tabular-playground-series-dec-2021__b98b7d0f93774f13b332311ed76e2037,cards_senior_0807.jsonl:22,tabular-playground-series-dec-2021,hard,2,0,2,0.0,full_external,tabular-playground-series-dec-2021__81b08a9c23464eb1a0f7861d6fd90b67,1,1.0,0.0,1,60.2,2,2004.5231419699267,2004.5231419699267,2004.5231419699267,1.0,1.0
tabular-playground-series-dec-2021__b98b7d0f93774f13b332311ed76e2037,cards_senior_0807.jsonl:22,tabular-playground-series-dec-2021,hard,2,0,2,0.0,full_self_report_available,tabular-playground-series-dec-2021__72c882b1d87c45b09471af711496de1a|tabular-playground-series-dec-2021__81b08a9c23464eb1a0f7861d6fd90b67,2,0.5,0.00010500000000002174,1.5,60.2,2,2004.5231419699267,2004.5231419699267,2004.5231419699267,1.0,1.0
tabular-playground-series-dec-2021__b98b7d0f93774f13b332311ed76e2037,cards_senior_0807.jsonl:22,tabular-playground-series-dec-2021,hard,2,0,2,0.0,sub120_available,tabular-playground-series-dec-2021__72c882b1d87c45b09471af711496de1a|tabular-playground-series-dec-2021__81b08a9c23464eb1a0f7861d6fd90b67,2,0.5,0.00010500000000002174,1.5,60.2,0,2004.5231419699267,60.2,60.2,0.030032080318533518,0.030032080318533518
tabular-playground-series-dec-2021__b98b7d0f93774f13b332311ed76e2037,cards_senior_0807.jsonl:22,tabular-playground-series-dec-2021,hard,2,0,2,0.0,artifact120_escalate_silent,tabular-playground-series-dec-2021__81b08a9c23464eb1a0f7861d6fd90b67,1,1.0,0.0,1,60.2,2,2004.5231419699267,2064.7231419699265,2004.7231419699267,1.0300320803185334,1.0000997743532178
tabular-playground-series-may-2022__0ec0c9ffdc0948a4927dab3efcc5eee7,cards_senior_0801.jsonl:29,tabular-playground-series-may-2022,hard,4,0,4,0.0,random,tabular-playground-series-may-2022__5b0e8613150c44ae85338d3bcf5a6369|tabular-playground-series-may-2022__b8fec3edbb0d4e0d8be0e0b649552878|tabular-playground-series-may-2022__c89ea85cc0184427a9225edf4d8503e5|tabular-playground-series-may-2022__d75dd58e0bff47e9bd665df475ee1470,4,0.25,0.0020900000000000363,2.5,120.6,0,16601.961495392956,0.0,0.0,0.0,0.0
tabular-playground-series-may-2022__0ec0c9ffdc0948a4927dab3efcc5eee7,cards_senior_0801.jsonl:29,tabular-playground-series-may-2022,hard,4,0,4,0.0,full_external,tabular-playground-series-may-2022__b8fec3edbb0d4e0d8be0e0b649552878,1,1.0,0.0,1,120.6,4,16601.961495392956,16601.961495392956,16601.961495392956,1.0,1.0
tabular-playground-series-may-2022__0ec0c9ffdc0948a4927dab3efcc5eee7,cards_senior_0801.jsonl:29,tabular-playground-series-may-2022,hard,4,0,4,0.0,full_self_report_available,tabular-playground-series-may-2022__b8fec3edbb0d4e0d8be0e0b649552878,1,1.0,0.0,1,120.6,4,16601.961495392956,16601.961495392956,16601.961495392956,1.0,1.0
tabular-playground-series-may-2022__0ec0c9ffdc0948a4927dab3efcc5eee7,cards_senior_0801.jsonl:29,tabular-playground-series-may-2022,hard,4,0,4,0.0,full_self_report_complete,tabular-playground-series-may-2022__b8fec3edbb0d4e0d8be0e0b649552878,1,1.0,0.0,1,120.6,4,16601.961495392956,16601.961495392956,16601.961495392956,1.0,1.0
tabular-playground-series-may-2022__0ec0c9ffdc0948a4927dab3efcc5eee7,cards_senior_0801.jsonl:29,tabular-playground-series-may-2022,hard,4,0,4,0.0,sub120_available,tabular-playground-series-may-2022__5b0e8613150c44ae85338d3bcf5a6369|tabular-playground-series-may-2022__b8fec3edbb0d4e0d8be0e0b649552878|tabular-playground-series-may-2022__c89ea85cc0184427a9225edf4d8503e5|tabular-playground-series-may-2022__d75dd58e0bff47e9bd665df475ee1470,4,0.25,0.0020900000000000363,2.5,120.6,0,16601.961495392956,120.6,120.6,0.007264201885630592,0.007264201885630592
tabular-playground-series-may-2022__0ec0c9ffdc0948a4927dab3efcc5eee7,cards_senior_0801.jsonl:29,tabular-playground-series-may-2022,hard,4,0,4,0.0,artifact120_escalate_silent,tabular-playground-series-may-2022__b8fec3edbb0d4e0d8be0e0b649552878,1,1.0,0.0,1,120.6,4,16601.961495392956,16722.561495392954,16602.561495392954,1.0072642018856306,1.0000361403078886
tabular-playground-series-may-2022__44d0e7b5df4842d99e17e0759da5bc3f,cards_senior_0801.jsonl:29,tabular-playground-series-may-2022,hard,4,0,4,0.0,random,tabular-playground-series-may-2022__2db19efb799e4de5895edb93d85b2566|tabular-playground-series-may-2022__4fdd3e809b0f4a3faf2db69645b93c4b|tabular-playground-series-may-2022__79d61fdff64b43d38b5ff3296acc2652|tabular-playground-series-may-2022__da119d83b67a44ee9f88a3327245e55e,4,0.25,0.008732500000000032,2.5,120.4,0,23674.933390071616,0.0,0.0,0.0,0.0
tabular-playground-series-may-2022__44d0e7b5df4842d99e17e0759da5bc3f,cards_senior_0801.jsonl:29,tabular-playground-series-may-2022,hard,4,0,4,0.0,full_external,tabular-playground-series-may-2022__2db19efb799e4de5895edb93d85b2566,1,1.0,0.0,1,120.4,4,23674.933390071616,23674.933390071616,23674.933390071616,1.0,1.0
tabular-playground-series-may-2022__44d0e7b5df4842d99e17e0759da5bc3f,cards_senior_0801.jsonl:29,tabular-playground-series-may-2022,hard,4,0,4,0.0,full_self_report_available,tabular-playground-series-may-2022__2db19efb799e4de5895edb93d85b2566,1,1.0,0.0,1,120.4,4,23674.933390071616,23674.933390071616,23674.933390071616,1.0,1.0
tabular-playground-series-may-2022__44d0e7b5df4842d99e17e0759da5bc3f,cards_senior_0801.jsonl:29,tabular-playground-series-may-2022,hard,4,0,4,0.0,full_self_report_complete,tabular-playground-series-may-2022__2db19efb799e4de5895edb93d85b2566,1,1.0,0.0,1,120.4,4,23674.933390071616,23674.933390071616,23674.933390071616,1.0,1.0
tabular-playground-series-may-2022__44d0e7b5df4842d99e17e0759da5bc3f,cards_senior_0801.jsonl:29,tabular-playground-series-may-2022,hard,4,0,4,0.0,sub120_available,tabular-playground-series-may-2022__2db19efb799e4de5895edb93d85b2566|tabular-playground-series-may-2022__4fdd3e809b0f4a3faf2db69645b93c4b|tabular-playground-series-may-2022__79d61fdff64b43d38b5ff3296acc2652|tabular-playground-series-may-2022__da119d83b67a44ee9f88a3327245e55e,4,0.25,0.008732500000000032,2.5,120.4,0,23674.933390071616,120.4,120.4,0.005085547571191532,0.005085547571191532
tabular-playground-series-may-2022__44d0e7b5df4842d99e17e0759da5bc3f,cards_senior_0801.jsonl:29,tabular-playground-series-may-2022,hard,4,0,4,0.0,artifact120_escalate_silent,tabular-playground-series-may-2022__2db19efb799e4de5895edb93d85b2566,1,1.0,0.0,1,120.4,4,23674.933390071616,23795.333390071617,23675.333390071617,1.0050855475711915,1.000016895506881
tabular-playground-series-may-2022__48951967df204997aee3aa2e62532b3c,cards_ours_20260727.jsonl:140,tabular-playground-series-may-2022,easy,2,0,2,0.0,random,tabular-playground-series-may-2022__63bb3182d23844efb65f5c6f635880c0|tabular-playground-series-may-2022__ee7c57076442408ab0cd8deda21efe3d,2,0.5,0.06340500000000004,1.5,60.0,0,1066.0304493904114,0.0,0.0,0.0,0.0
tabular-playground-series-may-2022__48951967df204997aee3aa2e62532b3c,cards_ours_20260727.jsonl:140,tabular-playground-series-may-2022,easy,2,0,2,0.0,full_external,tabular-playground-series-may-2022__63bb3182d23844efb65f5c6f635880c0,1,1.0,0.0,1,60.0,2,1066.0304493904114,1066.0304493904114,1066.0304493904114,1.0,1.0
tabular-playground-series-may-2022__48951967df204997aee3aa2e62532b3c,cards_ours_20260727.jsonl:140,tabular-playground-series-may-2022,easy,2,0,2,0.0,full_self_report_available,tabular-playground-series-may-2022__63bb3182d23844efb65f5c6f635880c0,1,1.0,0.0,1,60.0,2,1066.0304493904114,1066.0304493904114,1066.0304493904114,1.0,1.0
tabular-playground-series-may-2022__48951967df204997aee3aa2e62532b3c,cards_ours_20260727.jsonl:140,tabular-playground-series-may-2022,easy,2,0,2,0.0,full_self_report_complete,tabular-playground-series-may-2022__63bb3182d23844efb65f5c6f635880c0,1,1.0,0.0,1,60.0,2,1066.0304493904114,1066.0304493904114,1066.0304493904114,1.0,1.0
tabular-playground-series-may-2022__48951967df204997aee3aa2e62532b3c,cards_ours_20260727.jsonl:140,tabular-playground-series-may-2022,easy,2,0,2,0.0,sub120_available,tabular-playground-series-may-2022__63bb3182d23844efb65f5c6f635880c0|tabular-playground-series-may-2022__ee7c57076442408ab0cd8deda21efe3d,2,0.5,0.06340500000000004,1.5,60.0,0,1066.0304493904114,60.0,60.0,0.05628357054370241,0.05628357054370241
tabular-playground-series-may-2022__48951967df204997aee3aa2e62532b3c,cards_ours_20260727.jsonl:140,tabular-playground-series-may-2022,easy,2,0,2,0.0,artifact120_escalate_silent,tabular-playground-series-may-2022__63bb3182d23844efb65f5c6f635880c0,1,1.0,0.0,1,60.0,2,1066.0304493904114,1126.0304493904114,1066.0304493904114,1.0562835705437024,1.0
tabular-playground-series-may-2022__818630c414c14ef7b27c045544f284b9,cards_ours_20260727.jsonl:114,tabular-playground-series-may-2022,easy,3,0,3,0.0,random,tabular-playground-series-may-2022__242786b5b67d461d9e11c4830b75eb8c|tabular-playground-series-may-2022__5e16ecb8fdb1429ca6617f25dc3dffac|tabular-playground-series-may-2022__f7fdb3bb45a9446a892b9658a7649f80,3,0.3333333333333333,0.08688000000000007,2,90.2,0,2233.641887664795,0.0,0.0,0.0,0.0
tabular-playground-series-may-2022__818630c414c14ef7b27c045544f284b9,cards_ours_20260727.jsonl:114,tabular-playground-series-may-2022,easy,3,0,3,0.0,full_external,tabular-playground-series-may-2022__5e16ecb8fdb1429ca6617f25dc3dffac,1,1.0,0.0,1,90.2,3,2233.641887664795,2233.641887664795,2233.641887664795,1.0,1.0
tabular-playground-series-may-2022__818630c414c14ef7b27c045544f284b9,cards_ours_20260727.jsonl:114,tabular-playground-series-may-2022,easy,3,0,3,0.0,full_self_report_available,tabular-playground-series-may-2022__5e16ecb8fdb1429ca6617f25dc3dffac,1,1.0,0.0,1,90.2,3,2233.641887664795,2233.641887664795,2233.641887664795,1.0,1.0
tabular-playground-series-may-2022__818630c414c14ef7b27c045544f284b9,cards_ours_20260727.jsonl:114,tabular-playground-series-may-2022,easy,3,0,3,0.0,full_self_report_complete,tabular-playground-series-may-2022__5e16ecb8fdb1429ca6617f25dc3dffac,1,1.0,0.0,1,90.2,3,2233.641887664795,2233.641887664795,2233.641887664795,1.0,1.0
tabular-playground-series-may-2022__818630c414c14ef7b27c045544f284b9,cards_ours_20260727.jsonl:114,tabular-playground-series-may-2022,easy,3,0,3,0.0,sub120_available,tabular-playground-series-may-2022__242786b5b67d461d9e11c4830b75eb8c|tabular-playground-series-may-2022__5e16ecb8fdb1429ca6617f25dc3dffac|tabular-playground-series-may-2022__f7fdb3bb45a9446a892b9658a7649f80,3,0.3333333333333333,0.08688000000000007,2,90.2,0,2233.641887664795,90.2,90.2,0.04038248051226393,0.04038248051226393
tabular-playground-series-may-2022__818630c414c14ef7b27c045544f284b9,cards_ours_20260727.jsonl:114,tabular-playground-series-may-2022,easy,3,0,3,0.0,artifact120_escalate_silent,tabular-playground-series-may-2022__5e16ecb8fdb1429ca6617f25dc3dffac,1,1.0,0.0,1,90.2,3,2233.641887664795,2323.8418876647947,2233.8418876647947,1.040382480512264,1.000089539868098
tabular-playground-series-may-2022__e8d65c593e2841dcbbf45a87e92889b7,cards_ours_20260727.jsonl:116,tabular-playground-series-may-2022,easy,3,0,3,0.0,random,tabular-playground-series-may-2022__3bd55e0164e9413cbeaa16b558f4b9b5|tabular-playground-series-may-2022__54771d7d3c3243cb98c0e06d98a7229e|tabular-playground-series-may-2022__dd85f0501dc3491ab42ffdbb35eed3b8,3,0.3333333333333333,0.08999000000000001,2,90.30000000000001,0,1815.9516160488129,0.0,0.0,0.0,0.0
tabular-playground-series-may-2022__e8d65c593e2841dcbbf45a87e92889b7,cards_ours_20260727.jsonl:116,tabular-playground-series-may-2022,easy,3,0,3,0.0,full_external,tabular-playground-series-may-2022__dd85f0501dc3491ab42ffdbb35eed3b8,1,1.0,0.0,1,90.30000000000001,3,1815.9516160488129,1815.9516160488129,1815.9516160488129,1.0,1.0
tabular-playground-series-may-2022__e8d65c593e2841dcbbf45a87e92889b7,cards_ours_20260727.jsonl:116,tabular-playground-series-may-2022,easy,3,0,3,0.0,full_self_report_available,tabular-playground-series-may-2022__dd85f0501dc3491ab42ffdbb35eed3b8,1,1.0,0.0,1,90.30000000000001,3,1815.9516160488129,1815.9516160488129,1815.9516160488129,1.0,1.0
tabular-playground-series-may-2022__e8d65c593e2841dcbbf45a87e92889b7,cards_ours_20260727.jsonl:116,tabular-playground-series-may-2022,easy,3,0,3,0.0,full_self_report_complete,tabular-playground-series-may-2022__dd85f0501dc3491ab42ffdbb35eed3b8,1,1.0,0.0,1,90.30000000000001,3,1815.9516160488129,1815.9516160488129,1815.9516160488129,1.0,1.0
tabular-playground-series-may-2022__e8d65c593e2841dcbbf45a87e92889b7,cards_ours_20260727.jsonl:116,tabular-playground-series-may-2022,easy,3,0,3,0.0,sub120_available,tabular-playground-series-may-2022__3bd55e0164e9413cbeaa16b558f4b9b5|tabular-playground-series-may-2022__54771d7d3c3243cb98c0e06d98a7229e|tabular-playground-series-may-2022__dd85f0501dc3491ab42ffdbb35eed3b8,3,0.3333333333333333,0.08999000000000001,2,90.30000000000001,0,1815.9516160488129,90.30000000000001,90.30000000000001,0.049725994460401275,0.049725994460401275
tabular-playground-series-may-2022__e8d65c593e2841dcbbf45a87e92889b7,cards_ours_20260727.jsonl:116,tabular-playground-series-may-2022,easy,3,0,3,0.0,artifact120_escalate_silent,tabular-playground-series-may-2022__dd85f0501dc3491ab42ffdbb35eed3b8,1,1.0,0.0,1,90.30000000000001,3,1815.9516160488129,1906.2516160488128,1816.2516160488128,1.0497259944604012,1.0001652026394032
tabular-playground-series-may-2022__f2f51b6cab304bd49ba7dc6ff2fe3fda,cards_ours_20260727.jsonl:133,tabular-playground-series-may-2022,hard,2,0,2,0.0,random,tabular-playground-series-may-2022__0ec47cd5c46844e2aadf12bf694b6d69|tabular-playground-series-may-2022__c8c1855386084a54a8ebe192e60a7f4d,2,0.5,0.0006150000000000322,1.5,60.2,0,1439.8594760894775,0.0,0.0,0.0,0.0
tabular-playground-series-may-2022__f2f51b6cab304bd49ba7dc6ff2fe3fda,cards_ours_20260727.jsonl:133,tabular-playground-series-may-2022,hard,2,0,2,0.0,full_external,tabular-playground-series-may-2022__0ec47cd5c46844e2aadf12bf694b6d69,1,1.0,0.0,1,60.2,2,1439.8594760894775,1439.8594760894775,1439.8594760894775,1.0,1.0
tabular-playground-series-may-2022__f2f51b6cab304bd49ba7dc6ff2fe3fda,cards_ours_20260727.jsonl:133,tabular-playground-series-may-2022,hard,2,0,2,0.0,full_self_report_available,tabular-playground-series-may-2022__c8c1855386084a54a8ebe192e60a7f4d,1,0.0,0.0012299999999999534,2,60.2,2,1439.8594760894775,1439.8594760894775,1439.8594760894775,1.0,1.0
tabular-playground-series-may-2022__f2f51b6cab304bd49ba7dc6ff2fe3fda,cards_ours_20260727.jsonl:133,tabular-playground-series-may-2022,hard,2,0,2,0.0,full_self_report_complete,tabular-playground-series-may-2022__c8c1855386084a54a8ebe192e60a7f4d,1,0.0,0.0012299999999999534,2,60.2,2,1439.8594760894775,1439.8594760894775,1439.8594760894775,1.0,1.0
tabular-playground-series-may-2022__f2f51b6cab304bd49ba7dc6ff2fe3fda,cards_ours_20260727.jsonl:133,tabular-playground-series-may-2022,hard,2,0,2,0.0,sub120_available,tabular-playground-series-may-2022__0ec47cd5c46844e2aadf12bf694b6d69|tabular-playground-series-may-2022__c8c1855386084a54a8ebe192e60a7f4d,2,0.5,0.0006150000000000322,1.5,60.2,0,1439.8594760894775,60.2,60.2,0.04180963559270209,0.04180963559270209
tabular-playground-series-may-2022__f2f51b6cab304bd49ba7dc6ff2fe3fda,cards_ours_20260727.jsonl:133,tabular-playground-series-may-2022,hard,2,0,2,0.0,artifact120_escalate_silent,tabular-playground-series-may-2022__0ec47cd5c46844e2aadf12bf694b6d69,1,1.0,0.0,1,60.2,2,1439.8594760894775,1500.0594760894776,1440.0594760894776,1.041809635592702,1.0001389024438296
text-normalization-challenge-english-language__1946507488ea4c9cb541223be7df9745,cards_senior_0808.jsonl:23,text-normalization-challenge-english-language,easy,2,0,2,0.0,random,text-normalization-challenge-english-language__34edc8d8a8ac4541b0a2be857e2e91ba|text-normalization-challenge-english-language__99a26b06e08f45699153b0ee7ad77137,2,0.5,0.094105,1.5,6.8,0,2572.39770987723,0.0,0.0,0.0,0.0
text-normalization-challenge-english-language__1946507488ea4c9cb541223be7df9745,cards_senior_0808.jsonl:23,text-normalization-challenge-english-language,easy,2,0,2,0.0,full_external,text-normalization-challenge-english-language__34edc8d8a8ac4541b0a2be857e2e91ba,1,1.0,0.0,1,6.8,2,2572.39770987723,2572.39770987723,2572.39770987723,1.0,1.0
text-normalization-challenge-english-language__1946507488ea4c9cb541223be7df9745,cards_senior_0808.jsonl:23,text-normalization-challenge-english-language,easy,2,0,2,0.0,full_self_report_available,text-normalization-challenge-english-language__34edc8d8a8ac4541b0a2be857e2e91ba,1,1.0,0.0,1,6.8,2,2572.39770987723,2572.39770987723,2572.39770987723,1.0,1.0
text-normalization-challenge-english-language__1946507488ea4c9cb541223be7df9745,cards_senior_0808.jsonl:23,text-normalization-challenge-english-language,easy,2,0,2,0.0,full_self_report_complete,text-normalization-challenge-english-language__34edc8d8a8ac4541b0a2be857e2e91ba,1,1.0,0.0,1,6.8,2,2572.39770987723,2572.39770987723,2572.39770987723,1.0,1.0
text-normalization-challenge-english-language__1946507488ea4c9cb541223be7df9745,cards_senior_0808.jsonl:23,text-normalization-challenge-english-language,easy,2,0,2,0.0,sub120_available,text-normalization-challenge-english-language__34edc8d8a8ac4541b0a2be857e2e91ba|text-normalization-challenge-english-language__99a26b06e08f45699153b0ee7ad77137,2,0.5,0.094105,1.5,6.8,0,2572.39770987723,6.8,6.8,0.002643448162735511,0.002643448162735511
text-normalization-challenge-english-language__1946507488ea4c9cb541223be7df9745,cards_senior_0808.jsonl:23,text-normalization-challenge-english-language,easy,2,0,2,0.0,artifact120_escalate_silent,text-normalization-challenge-english-language__34edc8d8a8ac4541b0a2be857e2e91ba,1,1.0,0.0,1,6.8,2,2572.39770987723,2579.1977098772304,2519.1977098772304,1.0026434481627355,0.9793189055503634
text-normalization-challenge-english-language__4d90e4cc207d48ae83b235eabf41448b,cards_senior_0808.jsonl:22,text-normalization-challenge-english-language,hard,2,0,2,0.0,random,text-normalization-challenge-english-language__0ed7f9763c4c4e3eb123445278690dae|text-normalization-challenge-english-language__c317471eb4c549a7b736a7104a543b79,2,0.5,0.00041999999999997595,1.5,9.600000000000001,0,5766.921121162362,0.0,0.0,0.0,0.0
text-normalization-challenge-english-language__4d90e4cc207d48ae83b235eabf41448b,cards_senior_0808.jsonl:22,text-normalization-challenge-english-language,hard,2,0,2,0.0,full_external,text-normalization-challenge-english-language__0ed7f9763c4c4e3eb123445278690dae,1,1.0,0.0,1,9.600000000000001,2,5766.921121162362,5766.921121162362,5766.921121162362,1.0,1.0
text-normalization-challenge-english-language__4d90e4cc207d48ae83b235eabf41448b,cards_senior_0808.jsonl:22,text-normalization-challenge-english-language,hard,2,0,2,0.0,full_self_report_available,text-normalization-challenge-english-language__0ed7f9763c4c4e3eb123445278690dae,1,1.0,0.0,1,9.600000000000001,2,5766.921121162362,5766.921121162362,5766.921121162362,1.0,1.0
text-normalization-challenge-english-language__4d90e4cc207d48ae83b235eabf41448b,cards_senior_0808.jsonl:22,text-normalization-challenge-english-language,hard,2,0,2,0.0,full_self_report_complete,text-normalization-challenge-english-language__0ed7f9763c4c4e3eb123445278690dae,1,1.0,0.0,1,9.600000000000001,2,5766.921121162362,5766.921121162362,5766.921121162362,1.0,1.0
text-normalization-challenge-english-language__4d90e4cc207d48ae83b235eabf41448b,cards_senior_0808.jsonl:22,text-normalization-challenge-english-language,hard,2,0,2,0.0,sub120_available,text-normalization-challenge-english-language__0ed7f9763c4c4e3eb123445278690dae|text-normalization-challenge-english-language__c317471eb4c549a7b736a7104a543b79,2,0.5,0.00041999999999997595,1.5,9.600000000000001,0,5766.921121162362,9.600000000000001,9.600000000000001,0.0016646664308918198,0.0016646664308918198
text-normalization-challenge-english-language__4d90e4cc207d48ae83b235eabf41448b,cards_senior_0808.jsonl:22,text-normalization-challenge-english-language,hard,2,0,2,0.0,artifact120_escalate_silent,text-normalization-challenge-english-language__0ed7f9763c4c4e3eb123445278690dae,1,1.0,0.0,1,9.600000000000001,2,5766.921121162362,5776.521121162363,5716.521121162363,1.001664666430892,0.9912605012378181
text-normalization-challenge-english-language__5a3e417fde89446db15aa4fe5e9af9d1,cards_senior_0808.jsonl:22,text-normalization-challenge-english-language,easy,2,0,2,0.0,random,text-normalization-challenge-english-language__7008d36ab2f34145ad6685619b5dc6f5|text-normalization-challenge-english-language__bacc0486e8514bb19fed5da934794b4f,2,0.5,0.006979999999999986,1.5,9.4,0,1587.7972574308515,0.0,0.0,0.0,0.0
text-normalization-challenge-english-language__5a3e417fde89446db15aa4fe5e9af9d1,cards_senior_0808.jsonl:22,text-normalization-challenge-english-language,easy,2,0,2,0.0,full_external,text-normalization-challenge-english-language__bacc0486e8514bb19fed5da934794b4f,1,1.0,0.0,1,9.4,2,1587.7972574308515,1587.7972574308515,1587.7972574308515,1.0,1.0
text-normalization-challenge-english-language__5a3e417fde89446db15aa4fe5e9af9d1,cards_senior_0808.jsonl:22,text-normalization-challenge-english-language,easy,2,0,2,0.0,full_self_report_available,text-normalization-challenge-english-language__bacc0486e8514bb19fed5da934794b4f,1,1.0,0.0,1,9.4,2,1587.7972574308515,1587.7972574308515,1587.7972574308515,1.0,1.0
text-normalization-challenge-english-language__5a3e417fde89446db15aa4fe5e9af9d1,cards_senior_0808.jsonl:22,text-normalization-challenge-english-language,easy,2,0,2,0.0,full_self_report_complete,text-normalization-challenge-english-language__bacc0486e8514bb19fed5da934794b4f,1,1.0,0.0,1,9.4,2,1587.7972574308515,1587.7972574308515,1587.7972574308515,1.0,1.0
text-normalization-challenge-english-language__5a3e417fde89446db15aa4fe5e9af9d1,cards_senior_0808.jsonl:22,text-normalization-challenge-english-language,easy,2,0,2,0.0,sub120_available,text-normalization-challenge-english-language__7008d36ab2f34145ad6685619b5dc6f5|text-normalization-challenge-english-language__bacc0486e8514bb19fed5da934794b4f,2,0.5,0.006979999999999986,1.5,9.4,0,1587.7972574308515,9.4,9.4,0.005920151301438666,0.005920151301438666
text-normalization-challenge-english-language__5a3e417fde89446db15aa4fe5e9af9d1,cards_senior_0808.jsonl:22,text-normalization-challenge-english-language,easy,2,0,2,0.0,artifact120_escalate_silent,text-normalization-challenge-english-language__bacc0486e8514bb19fed5da934794b4f,1,1.0,0.0,1,9.4,2,1587.7972574308515,1597.1972574308516,1537.1972574308516,1.0059201513014386,0.9681319515050217
text-normalization-challenge-english-language__858e3b43de80440dbd33e324dea2c6b9,cards_senior_0808.jsonl:22,text-normalization-challenge-english-language,hard,2,0,2,0.0,random,text-normalization-challenge-english-language__29f436da5b0648589fc09c95fd35802c|text-normalization-challenge-english-language__a6194a4710b54ff192d573518f37ce94,2,0.5,3.500000000000725e-05,1.5,9.2,0,2994.2978588081896,0.0,0.0,0.0,0.0
text-normalization-challenge-english-language__858e3b43de80440dbd33e324dea2c6b9,cards_senior_0808.jsonl:22,text-normalization-challenge-english-language,hard,2,0,2,0.0,full_external,text-normalization-challenge-english-language__a6194a4710b54ff192d573518f37ce94,1,1.0,0.0,1,9.2,2,2994.2978588081896,2994.2978588081896,2994.2978588081896,1.0,1.0
text-normalization-challenge-english-language__858e3b43de80440dbd33e324dea2c6b9,cards_senior_0808.jsonl:22,text-normalization-challenge-english-language,hard,2,0,2,0.0,full_self_report_available,text-normalization-challenge-english-language__29f436da5b0648589fc09c95fd35802c,1,0.0,6.999999999990347e-05,2,9.2,2,2994.2978588081896,2994.2978588081896,2994.2978588081896,1.0,1.0
text-normalization-challenge-english-language__858e3b43de80440dbd33e324dea2c6b9,cards_senior_0808.jsonl:22,text-normalization-challenge-english-language,hard,2,0,2,0.0,full_self_report_complete,text-normalization-challenge-english-language__29f436da5b0648589fc09c95fd35802c,1,0.0,6.999999999990347e-05,2,9.2,2,2994.2978588081896,2994.2978588081896,2994.2978588081896,1.0,1.0
text-normalization-challenge-english-language__858e3b43de80440dbd33e324dea2c6b9,cards_senior_0808.jsonl:22,text-normalization-challenge-english-language,hard,2,0,2,0.0,sub120_available,text-normalization-challenge-english-language__29f436da5b0648589fc09c95fd35802c|text-normalization-challenge-english-language__a6194a4710b54ff192d573518f37ce94,2,0.5,3.500000000000725e-05,1.5,9.2,0,2994.2978588081896,9.2,9.2,0.0030725066221908345,0.0030725066221908345
text-normalization-challenge-english-language__858e3b43de80440dbd33e324dea2c6b9,cards_senior_0808.jsonl:22,text-normalization-challenge-english-language,hard,2,0,2,0.0,artifact120_escalate_silent,text-normalization-challenge-english-language__a6194a4710b54ff192d573518f37ce94,1,1.0,0.0,1,9.2,2,2994.2978588081896,3003.4978588081894,2943.4978588081894,1.0030725066221908,0.9830344199557288
text-normalization-challenge-english-language__d28cf7a8f6e7407285f8890122923641,cards_senior_0808.jsonl:22,text-normalization-challenge-english-language,hard,2,0,2,0.0,random,text-normalization-challenge-english-language__9392f64ff1f84e9284c2dd8a154a7075|text-normalization-challenge-english-language__a985c60513e94d3689ab07945cc0bbff,2,0.5,0.0010299999999999754,1.5,9.4,0,3877.7280311528593,0.0,0.0,0.0,0.0
text-normalization-challenge-english-language__d28cf7a8f6e7407285f8890122923641,cards_senior_0808.jsonl:22,text-normalization-challenge-english-language,hard,2,0,2,0.0,full_external,text-normalization-challenge-english-language__9392f64ff1f84e9284c2dd8a154a7075,1,1.0,0.0,1,9.4,2,3877.7280311528593,3877.7280311528593,3877.7280311528593,1.0,1.0
text-normalization-challenge-english-language__d28cf7a8f6e7407285f8890122923641,cards_senior_0808.jsonl:22,text-normalization-challenge-english-language,hard,2,0,2,0.0,full_self_report_available,text-normalization-challenge-english-language__9392f64ff1f84e9284c2dd8a154a7075,1,1.0,0.0,1,9.4,2,3877.7280311528593,3877.7280311528593,3877.7280311528593,1.0,1.0
text-normalization-challenge-english-language__d28cf7a8f6e7407285f8890122923641,cards_senior_0808.jsonl:22,text-normalization-challenge-english-language,hard,2,0,2,0.0,full_self_report_complete,text-normalization-challenge-english-language__9392f64ff1f84e9284c2dd8a154a7075,1,1.0,0.0,1,9.4,2,3877.7280311528593,3877.7280311528593,3877.7280311528593,1.0,1.0
text-normalization-challenge-english-language__d28cf7a8f6e7407285f8890122923641,cards_senior_0808.jsonl:22,text-normalization-challenge-english-language,hard,2,0,2,0.0,sub120_available,text-normalization-challenge-english-language__9392f64ff1f84e9284c2dd8a154a7075|text-normalization-challenge-english-language__a985c60513e94d3689ab07945cc0bbff,2,0.5,0.0010299999999999754,1.5,9.4,0,3877.7280311528593,9.4,9.4,0.002424099865818943,0.002424099865818943
text-normalization-challenge-english-language__d28cf7a8f6e7407285f8890122923641,cards_senior_0808.jsonl:22,text-normalization-challenge-english-language,hard,2,0,2,0.0,artifact120_escalate_silent,text-normalization-challenge-english-language__9392f64ff1f84e9284c2dd8a154a7075,1,1.0,0.0,1,9.4,2,3877.7280311528593,3887.1280311528594,3827.1280311528594,1.002424099865819,0.9869511219988896
text-normalization-challenge-russian-language__0cbe5ab914ed4c0084e137aff6c5aac2,cards_senior_0809.jsonl:23,text-normalization-challenge-russian-language,hard,2,0,2,0.0,random,text-normalization-challenge-russian-language__17aee59d02c4456da6f4c9f0a012608e|text-normalization-challenge-russian-language__ec66f21087014f2f9ef743b6d89534a2,2,0.5,0.0011900000000000244,1.5,9.399999999999999,0,2425.146029845928,0.0,0.0,0.0,0.0
text-normalization-challenge-russian-language__0cbe5ab914ed4c0084e137aff6c5aac2,cards_senior_0809.jsonl:23,text-normalization-challenge-russian-language,hard,2,0,2,0.0,full_external,text-normalization-challenge-russian-language__ec66f21087014f2f9ef743b6d89534a2,1,1.0,0.0,1,9.399999999999999,2,2425.146029845928,2425.146029845928,2425.146029845928,1.0,1.0
text-normalization-challenge-russian-language__0cbe5ab914ed4c0084e137aff6c5aac2,cards_senior_0809.jsonl:23,text-normalization-challenge-russian-language,hard,2,0,2,0.0,full_self_report_available,text-normalization-challenge-russian-language__ec66f21087014f2f9ef743b6d89534a2,1,1.0,0.0,1,9.399999999999999,2,2425.146029845928,2425.146029845928,2425.146029845928,1.0,1.0
text-normalization-challenge-russian-language__0cbe5ab914ed4c0084e137aff6c5aac2,cards_senior_0809.jsonl:23,text-normalization-challenge-russian-language,hard,2,0,2,0.0,full_self_report_complete,text-normalization-challenge-russian-language__ec66f21087014f2f9ef743b6d89534a2,1,1.0,0.0,1,9.399999999999999,2,2425.146029845928,2425.146029845928,2425.146029845928,1.0,1.0
text-normalization-challenge-russian-language__0cbe5ab914ed4c0084e137aff6c5aac2,cards_senior_0809.jsonl:23,text-normalization-challenge-russian-language,hard,2,0,2,0.0,sub120_available,text-normalization-challenge-russian-language__17aee59d02c4456da6f4c9f0a012608e|text-normalization-challenge-russian-language__ec66f21087014f2f9ef743b6d89534a2,2,0.5,0.0011900000000000244,1.5,9.399999999999999,0,2425.146029845928,9.399999999999999,9.399999999999999,0.003876055249587255,0.003876055249587255
text-normalization-challenge-russian-language__0cbe5ab914ed4c0084e137aff6c5aac2,cards_senior_0809.jsonl:23,text-normalization-challenge-russian-language,hard,2,0,2,0.0,artifact120_escalate_silent,text-normalization-challenge-russian-language__ec66f21087014f2f9ef743b6d89534a2,1,1.0,0.0,1,9.399999999999999,2,2425.146029845928,2434.546029845928,2374.546029845928,1.0038760552495873,0.9791352770607324
text-normalization-challenge-russian-language__265714a90f6144db8d466aa8c461fab3,cards_senior_0809.jsonl:23,text-normalization-challenge-russian-language,hard,2,0,2,0.0,random,text-normalization-challenge-russian-language__12df4ee4a31c43728bf318e397db833e|text-normalization-challenge-russian-language__c31cc5384e6f4f609ece877427c14945,2,0.5,3.500000000000725e-05,1.5,9.3,0,2591.4788036131067,0.0,0.0,0.0,0.0
text-normalization-challenge-russian-language__265714a90f6144db8d466aa8c461fab3,cards_senior_0809.jsonl:23,text-normalization-challenge-russian-language,hard,2,0,2,0.0,full_external,text-normalization-challenge-russian-language__c31cc5384e6f4f609ece877427c14945,1,1.0,0.0,1,9.3,2,2591.4788036131067,2591.4788036131067,2591.4788036131067,1.0,1.0
text-normalization-challenge-russian-language__265714a90f6144db8d466aa8c461fab3,cards_senior_0809.jsonl:23,text-normalization-challenge-russian-language,hard,2,0,2,0.0,full_self_report_available,text-normalization-challenge-russian-language__c31cc5384e6f4f609ece877427c14945,1,1.0,0.0,1,9.3,2,2591.4788036131067,2591.4788036131067,2591.4788036131067,1.0,1.0
text-normalization-challenge-russian-language__265714a90f6144db8d466aa8c461fab3,cards_senior_0809.jsonl:23,text-normalization-challenge-russian-language,hard,2,0,2,0.0,full_self_report_complete,text-normalization-challenge-russian-language__c31cc5384e6f4f609ece877427c14945,1,1.0,0.0,1,9.3,2,2591.4788036131067,2591.4788036131067,2591.4788036131067,1.0,1.0
text-normalization-challenge-russian-language__265714a90f6144db8d466aa8c461fab3,cards_senior_0809.jsonl:23,text-normalization-challenge-russian-language,hard,2,0,2,0.0,sub120_available,text-normalization-challenge-russian-language__12df4ee4a31c43728bf318e397db833e|text-normalization-challenge-russian-language__c31cc5384e6f4f609ece877427c14945,2,0.5,3.500000000000725e-05,1.5,9.3,0,2591.4788036131067,9.3,9.3,0.003588684571540273,0.003588684571540273
text-normalization-challenge-russian-language__265714a90f6144db8d466aa8c461fab3,cards_senior_0809.jsonl:23,text-normalization-challenge-russian-language,hard,2,0,2,0.0,artifact120_escalate_silent,text-normalization-challenge-russian-language__c31cc5384e6f4f609ece877427c14945,1,1.0,0.0,1,9.3,2,2591.4788036131067,2600.778803613107,2540.778803613107,1.0035886845715403,0.9804358808841838
text-normalization-challenge-russian-language__43dbfa889c46450da2f5fab7fcfec4da,cards_senior_0809.jsonl:23,text-normalization-challenge-russian-language,hard,2,0,2,0.0,random,text-normalization-challenge-russian-language__2fe66094d42742808d9a58b89318bbe2|text-normalization-challenge-russian-language__bb14510d97f9431b9d38af8c0c6ec464,2,0.5,0.00270999999999999,1.5,10.3,0,2994.488991727936,0.0,0.0,0.0,0.0
text-normalization-challenge-russian-language__43dbfa889c46450da2f5fab7fcfec4da,cards_senior_0809.jsonl:23,text-normalization-challenge-russian-language,hard,2,0,2,0.0,full_external,text-normalization-challenge-russian-language__2fe66094d42742808d9a58b89318bbe2,1,1.0,0.0,1,10.3,2,2994.488991727936,2994.488991727936,2994.488991727936,1.0,1.0
text-normalization-challenge-russian-language__43dbfa889c46450da2f5fab7fcfec4da,cards_senior_0809.jsonl:23,text-normalization-challenge-russian-language,hard,2,0,2,0.0,full_self_report_available,text-normalization-challenge-russian-language__2fe66094d42742808d9a58b89318bbe2,1,1.0,0.0,1,10.3,2,2994.488991727936,2994.488991727936,2994.488991727936,1.0,1.0
text-normalization-challenge-russian-language__43dbfa889c46450da2f5fab7fcfec4da,cards_senior_0809.jsonl:23,text-normalization-challenge-russian-language,hard,2,0,2,0.0,full_self_report_complete,text-normalization-challenge-russian-language__2fe66094d42742808d9a58b89318bbe2,1,1.0,0.0,1,10.3,2,2994.488991727936,2994.488991727936,2994.488991727936,1.0,1.0
text-normalization-challenge-russian-language__43dbfa889c46450da2f5fab7fcfec4da,cards_senior_0809.jsonl:23,text-normalization-challenge-russian-language,hard,2,0,2,0.0,sub120_available,text-normalization-challenge-russian-language__2fe66094d42742808d9a58b89318bbe2|text-normalization-challenge-russian-language__bb14510d97f9431b9d38af8c0c6ec464,2,0.5,0.00270999999999999,1.5,10.3,0,2994.488991727936,10.3,10.3,0.0034396519835113845,0.0034396519835113845
text-normalization-challenge-russian-language__43dbfa889c46450da2f5fab7fcfec4da,cards_senior_0809.jsonl:23,text-normalization-challenge-russian-language,hard,2,0,2,0.0,artifact120_escalate_silent,text-normalization-challenge-russian-language__2fe66094d42742808d9a58b89318bbe2,1,1.0,0.0,1,10.3,2,2994.488991727936,3004.7889917279363,2944.7889917279363,1.0034396519835114,0.9834028443125713
tweet-sentiment-extraction__5be644ad99144cb6b4497c8660eebaee,cards_senior_0808.jsonl:31,tweet-sentiment-extraction,easy,2,0,2,0.0,random,tweet-sentiment-extraction__8d8df13692c14f7db7597f2cad9346cf|tweet-sentiment-extraction__e1266dc1dbe04bbfb31bfcee508ffddd,2,0.5,0.01206000000000007,1.5,60.2,0,2024.7811343371868,0.0,0.0,0.0,0.0
tweet-sentiment-extraction__5be644ad99144cb6b4497c8660eebaee,cards_senior_0808.jsonl:31,tweet-sentiment-extraction,easy,2,0,2,0.0,full_external,tweet-sentiment-extraction__e1266dc1dbe04bbfb31bfcee508ffddd,1,1.0,0.0,1,60.2,2,2024.7811343371868,2024.7811343371868,2024.7811343371868,1.0,1.0
tweet-sentiment-extraction__5be644ad99144cb6b4497c8660eebaee,cards_senior_0808.jsonl:31,tweet-sentiment-extraction,easy,2,0,2,0.0,full_self_report_available,tweet-sentiment-extraction__e1266dc1dbe04bbfb31bfcee508ffddd,1,1.0,0.0,1,60.2,2,2024.7811343371868,2024.7811343371868,2024.7811343371868,1.0,1.0
tweet-sentiment-extraction__5be644ad99144cb6b4497c8660eebaee,cards_senior_0808.jsonl:31,tweet-sentiment-extraction,easy,2,0,2,0.0,full_self_report_complete,tweet-sentiment-extraction__e1266dc1dbe04bbfb31bfcee508ffddd,1,1.0,0.0,1,60.2,2,2024.7811343371868,2024.7811343371868,2024.7811343371868,1.0,1.0
tweet-sentiment-extraction__5be644ad99144cb6b4497c8660eebaee,cards_senior_0808.jsonl:31,tweet-sentiment-extraction,easy,2,0,2,0.0,sub120_available,tweet-sentiment-extraction__8d8df13692c14f7db7597f2cad9346cf|tweet-sentiment-extraction__e1266dc1dbe04bbfb31bfcee508ffddd,2,0.5,0.01206000000000007,1.5,60.2,0,2024.7811343371868,60.2,60.2,0.02973160850775435,0.02973160850775435
tweet-sentiment-extraction__5be644ad99144cb6b4497c8660eebaee,cards_senior_0808.jsonl:31,tweet-sentiment-extraction,easy,2,0,2,0.0,artifact120_escalate_silent,tweet-sentiment-extraction__e1266dc1dbe04bbfb31bfcee508ffddd,1,1.0,0.0,1,60.2,2,2024.7811343371868,2084.9811343371866,2024.9811343371869,1.0297316085077544,1.0000987761079991
tweet-sentiment-extraction__79b72c1b23df4f8db3284a62700da952,cards_senior_0806.jsonl:24,tweet-sentiment-extraction,hard,2,0,2,0.0,random,tweet-sentiment-extraction__46adc5e68d6b40dbb11b144b2641767b|tweet-sentiment-extraction__d680305409224abba779c433973d67ad,2,0.5,0.003155000000000019,1.5,60.3,0,2254.8838921114802,0.0,0.0,0.0,0.0
tweet-sentiment-extraction__79b72c1b23df4f8db3284a62700da952,cards_senior_0806.jsonl:24,tweet-sentiment-extraction,hard,2,0,2,0.0,full_external,tweet-sentiment-extraction__46adc5e68d6b40dbb11b144b2641767b,1,1.0,0.0,1,60.3,2,2254.8838921114802,2254.8838921114802,2254.8838921114802,1.0,1.0
tweet-sentiment-extraction__79b72c1b23df4f8db3284a62700da952,cards_senior_0806.jsonl:24,tweet-sentiment-extraction,hard,2,0,2,0.0,full_self_report_available,tweet-sentiment-extraction__46adc5e68d6b40dbb11b144b2641767b,1,1.0,0.0,1,60.3,2,2254.8838921114802,2254.8838921114802,2254.8838921114802,1.0,1.0
tweet-sentiment-extraction__79b72c1b23df4f8db3284a62700da952,cards_senior_0806.jsonl:24,tweet-sentiment-extraction,hard,2,0,2,0.0,full_self_report_complete,tweet-sentiment-extraction__46adc5e68d6b40dbb11b144b2641767b,1,1.0,0.0,1,60.3,2,2254.8838921114802,2254.8838921114802,2254.8838921114802,1.0,1.0
tweet-sentiment-extraction__79b72c1b23df4f8db3284a62700da952,cards_senior_0806.jsonl:24,tweet-sentiment-extraction,hard,2,0,2,0.0,sub120_available,tweet-sentiment-extraction__46adc5e68d6b40dbb11b144b2641767b|tweet-sentiment-extraction__d680305409224abba779c433973d67ad,2,0.5,0.003155000000000019,1.5,60.3,0,2254.8838921114802,60.3,60.3,0.026741953415408404,0.026741953415408404
tweet-sentiment-extraction__79b72c1b23df4f8db3284a62700da952,cards_senior_0806.jsonl:24,tweet-sentiment-extraction,hard,2,0,2,0.0,artifact120_escalate_silent,tweet-sentiment-extraction__46adc5e68d6b40dbb11b144b2641767b,1,1.0,0.0,1,60.3,2,2254.8838921114802,2315.1838921114804,2255.1838921114804,1.0267419534154085,1.0001330445443553
tweet-sentiment-extraction__8e67290c9fd54dba997e3b505c195ccd,cards_senior_0808.jsonl:31,tweet-sentiment-extraction,hard,2,0,2,0.0,random,tweet-sentiment-extraction__ba991b0a79ab4c0b891f8b9d0a51596b|tweet-sentiment-extraction__ebc3354908f34e22a46f39eedfe14ff7,2,0.5,0.004805000000000059,1.5,60.2,0,4238.258394338191,0.0,0.0,0.0,0.0
tweet-sentiment-extraction__8e67290c9fd54dba997e3b505c195ccd,cards_senior_0808.jsonl:31,tweet-sentiment-extraction,hard,2,0,2,0.0,full_external,tweet-sentiment-extraction__ba991b0a79ab4c0b891f8b9d0a51596b,1,1.0,0.0,1,60.2,2,4238.258394338191,4238.258394338191,4238.258394338191,1.0,1.0
tweet-sentiment-extraction__8e67290c9fd54dba997e3b505c195ccd,cards_senior_0808.jsonl:31,tweet-sentiment-extraction,hard,2,0,2,0.0,full_self_report_available,tweet-sentiment-extraction__ba991b0a79ab4c0b891f8b9d0a51596b,1,1.0,0.0,1,60.2,2,4238.258394338191,4238.258394338191,4238.258394338191,1.0,1.0
tweet-sentiment-extraction__8e67290c9fd54dba997e3b505c195ccd,cards_senior_0808.jsonl:31,tweet-sentiment-extraction,hard,2,0,2,0.0,full_self_report_complete,tweet-sentiment-extraction__ba991b0a79ab4c0b891f8b9d0a51596b,1,1.0,0.0,1,60.2,2,4238.258394338191,4238.258394338191,4238.258394338191,1.0,1.0
tweet-sentiment-extraction__8e67290c9fd54dba997e3b505c195ccd,cards_senior_0808.jsonl:31,tweet-sentiment-extraction,hard,2,0,2,0.0,sub120_available,tweet-sentiment-extraction__ba991b0a79ab4c0b891f8b9d0a51596b|tweet-sentiment-extraction__ebc3354908f34e22a46f39eedfe14ff7,2,0.5,0.004805000000000059,1.5,60.2,0,4238.258394338191,60.2,60.2,0.014203947564976229,0.014203947564976229
tweet-sentiment-extraction__8e67290c9fd54dba997e3b505c195ccd,cards_senior_0808.jsonl:31,tweet-sentiment-extraction,hard,2,0,2,0.0,artifact120_escalate_silent,tweet-sentiment-extraction__ba991b0a79ab4c0b891f8b9d0a51596b,1,1.0,0.0,1,60.2,2,4238.258394338191,4298.45839433819,4238.45839433819,1.0142039475649762,1.000047189194568
tweet-sentiment-extraction__d1885b0e987f42cdb76500c3050dc204,cards_senior_0808.jsonl:31,tweet-sentiment-extraction,easy,2,0,2,0.0,random,tweet-sentiment-extraction__ca1e8db2630c463c9f5cec8ec4372e82|tweet-sentiment-extraction__f6c40c870e6a4745a99c42726964c10f,2,0.5,0.02022999999999997,1.5,60.2,0,4227.325843855739,0.0,0.0,0.0,0.0
tweet-sentiment-extraction__d1885b0e987f42cdb76500c3050dc204,cards_senior_0808.jsonl:31,tweet-sentiment-extraction,easy,2,0,2,0.0,full_external,tweet-sentiment-extraction__f6c40c870e6a4745a99c42726964c10f,1,1.0,0.0,1,60.2,2,4227.325843855739,4227.325843855739,4227.325843855739,1.0,1.0
tweet-sentiment-extraction__d1885b0e987f42cdb76500c3050dc204,cards_senior_0808.jsonl:31,tweet-sentiment-extraction,easy,2,0,2,0.0,full_self_report_available,tweet-sentiment-extraction__f6c40c870e6a4745a99c42726964c10f,1,1.0,0.0,1,60.2,2,4227.325843855739,4227.325843855739,4227.325843855739,1.0,1.0
tweet-sentiment-extraction__d1885b0e987f42cdb76500c3050dc204,cards_senior_0808.jsonl:31,tweet-sentiment-extraction,easy,2,0,2,0.0,full_self_report_complete,tweet-sentiment-extraction__f6c40c870e6a4745a99c42726964c10f,1,1.0,0.0,1,60.2,2,4227.325843855739,4227.325843855739,4227.325843855739,1.0,1.0
tweet-sentiment-extraction__d1885b0e987f42cdb76500c3050dc204,cards_senior_0808.jsonl:31,tweet-sentiment-extraction,easy,2,0,2,0.0,sub120_available,tweet-sentiment-extraction__ca1e8db2630c463c9f5cec8ec4372e82|tweet-sentiment-extraction__f6c40c870e6a4745a99c42726964c10f,2,0.5,0.02022999999999997,1.5,60.2,0,4227.325843855739,60.2,60.2,0.014240681277857601,0.014240681277857601
tweet-sentiment-extraction__d1885b0e987f42cdb76500c3050dc204,cards_senior_0808.jsonl:31,tweet-sentiment-extraction,easy,2,0,2,0.0,artifact120_escalate_silent,tweet-sentiment-extraction__f6c40c870e6a4745a99c42726964c10f,1,1.0,0.0,1,60.2,2,4227.325843855739,4287.5258438557385,4227.5258438557385,1.0142406812778575,1.0000473112334811
tweet-sentiment-extraction__e3a6b0cbf8c442d29c34bfeed357e7b9,cards_ours_20260727.jsonl:78,tweet-sentiment-extraction,easy,2,0,2,0.0,random,tweet-sentiment-extraction__0a0cc958b101410bb78c7b4aa2e35de7|tweet-sentiment-extraction__e81936fc2667464d8c5cb91c12c2dae1,2,0.5,0.020484999999999975,1.5,60.3,0,1624.8608327880502,0.0,0.0,0.0,0.0
tweet-sentiment-extraction__e3a6b0cbf8c442d29c34bfeed357e7b9,cards_ours_20260727.jsonl:78,tweet-sentiment-extraction,easy,2,0,2,0.0,full_external,tweet-sentiment-extraction__e81936fc2667464d8c5cb91c12c2dae1,1,1.0,0.0,1,60.3,2,1624.8608327880502,1624.8608327880502,1624.8608327880502,1.0,1.0
tweet-sentiment-extraction__e3a6b0cbf8c442d29c34bfeed357e7b9,cards_ours_20260727.jsonl:78,tweet-sentiment-extraction,easy,2,0,2,0.0,full_self_report_available,tweet-sentiment-extraction__e81936fc2667464d8c5cb91c12c2dae1,1,1.0,0.0,1,60.3,2,1624.8608327880502,1624.8608327880502,1624.8608327880502,1.0,1.0
tweet-sentiment-extraction__e3a6b0cbf8c442d29c34bfeed357e7b9,cards_ours_20260727.jsonl:78,tweet-sentiment-extraction,easy,2,0,2,0.0,full_self_report_complete,tweet-sentiment-extraction__e81936fc2667464d8c5cb91c12c2dae1,1,1.0,0.0,1,60.3,2,1624.8608327880502,1624.8608327880502,1624.8608327880502,1.0,1.0
tweet-sentiment-extraction__e3a6b0cbf8c442d29c34bfeed357e7b9,cards_ours_20260727.jsonl:78,tweet-sentiment-extraction,easy,2,0,2,0.0,sub120_available,tweet-sentiment-extraction__0a0cc958b101410bb78c7b4aa2e35de7|tweet-sentiment-extraction__e81936fc2667464d8c5cb91c12c2dae1,2,0.5,0.020484999999999975,1.5,60.3,0,1624.8608327880502,60.3,60.3,0.037110870533160076,0.037110870533160076
tweet-sentiment-extraction__e3a6b0cbf8c442d29c34bfeed357e7b9,cards_ours_20260727.jsonl:78,tweet-sentiment-extraction,easy,2,0,2,0.0,artifact120_escalate_silent,tweet-sentiment-extraction__e81936fc2667464d8c5cb91c12c2dae1,1,1.0,0.0,1,60.3,2,1624.8608327880502,1685.1608327880501,1625.1608327880501,1.03711087053316,1.0001846311966824
tweet-sentiment-extraction__f4ea2d18e2ab4322a42cebfe171dd8f0,cards_senior_0806.jsonl:24,tweet-sentiment-extraction,hard,2,0,2,0.0,random,tweet-sentiment-extraction__2dd226e419444bda9332f9335227453b|tweet-sentiment-extraction__682d524e66a341aeaea1f6bfc8e79e3f,2,0.5,0.0021499999999999853,1.5,60.4,0,2112.7560164816678,0.0,0.0,0.0,0.0
tweet-sentiment-extraction__f4ea2d18e2ab4322a42cebfe171dd8f0,cards_senior_0806.jsonl:24,tweet-sentiment-extraction,hard,2,0,2,0.0,full_external,tweet-sentiment-extraction__2dd226e419444bda9332f9335227453b,1,1.0,0.0,1,60.4,2,2112.7560164816678,2112.7560164816678,2112.7560164816678,1.0,1.0
tweet-sentiment-extraction__f4ea2d18e2ab4322a42cebfe171dd8f0,cards_senior_0806.jsonl:24,tweet-sentiment-extraction,hard,2,0,2,0.0,full_self_report_available,tweet-sentiment-extraction__2dd226e419444bda9332f9335227453b,1,1.0,0.0,1,60.4,2,2112.7560164816678,2112.7560164816678,2112.7560164816678,1.0,1.0
tweet-sentiment-extraction__f4ea2d18e2ab4322a42cebfe171dd8f0,cards_senior_0806.jsonl:24,tweet-sentiment-extraction,hard,2,0,2,0.0,full_self_report_complete,tweet-sentiment-extraction__2dd226e419444bda9332f9335227453b,1,1.0,0.0,1,60.4,2,2112.7560164816678,2112.7560164816678,2112.7560164816678,1.0,1.0
tweet-sentiment-extraction__f4ea2d18e2ab4322a42cebfe171dd8f0,cards_senior_0806.jsonl:24,tweet-sentiment-extraction,hard,2,0,2,0.0,sub120_available,tweet-sentiment-extraction__2dd226e419444bda9332f9335227453b|tweet-sentiment-extraction__682d524e66a341aeaea1f6bfc8e79e3f,2,0.5,0.0021499999999999853,1.5,60.4,0,2112.7560164816678,60.4,60.4,0.028588251330876797,0.028588251330876797
tweet-sentiment-extraction__f4ea2d18e2ab4322a42cebfe171dd8f0,cards_senior_0806.jsonl:24,tweet-sentiment-extraction,hard,2,0,2,0.0,artifact120_escalate_silent,tweet-sentiment-extraction__2dd226e419444bda9332f9335227453b,1,1.0,0.0,1,60.4,2,2112.7560164816678,2173.156016481668,2113.156016481668,1.0285882513308768,1.0001893261677541
us-patent-phrase-to-phrase-matching__3bd04fbd77e74e74a15e216bba7cb7f2,cards_senior_0809.jsonl:0,us-patent-phrase-to-phrase-matching,easy,2,0,2,0.0,random,us-patent-phrase-to-phrase-matching__1c4488edb7d64655b66855bb93bf1e8b|us-patent-phrase-to-phrase-matching__62f7f6d4c93243f8b5cfb6c826567d0e,2,0.5,0.22229500000000002,1.5,60.2,0,1165.0347208827734,0.0,0.0,0.0,0.0
us-patent-phrase-to-phrase-matching__3bd04fbd77e74e74a15e216bba7cb7f2,cards_senior_0809.jsonl:0,us-patent-phrase-to-phrase-matching,easy,2,0,2,0.0,full_external,us-patent-phrase-to-phrase-matching__62f7f6d4c93243f8b5cfb6c826567d0e,1,1.0,0.0,1,60.2,2,1165.0347208827734,1165.0347208827734,1165.0347208827734,1.0,1.0
us-patent-phrase-to-phrase-matching__3bd04fbd77e74e74a15e216bba7cb7f2,cards_senior_0809.jsonl:0,us-patent-phrase-to-phrase-matching,easy,2,0,2,0.0,full_self_report_available,us-patent-phrase-to-phrase-matching__62f7f6d4c93243f8b5cfb6c826567d0e,1,1.0,0.0,1,60.2,2,1165.0347208827734,1165.0347208827734,1165.0347208827734,1.0,1.0
us-patent-phrase-to-phrase-matching__3bd04fbd77e74e74a15e216bba7cb7f2,cards_senior_0809.jsonl:0,us-patent-phrase-to-phrase-matching,easy,2,0,2,0.0,full_self_report_complete,us-patent-phrase-to-phrase-matching__62f7f6d4c93243f8b5cfb6c826567d0e,1,1.0,0.0,1,60.2,2,1165.0347208827734,1165.0347208827734,1165.0347208827734,1.0,1.0
us-patent-phrase-to-phrase-matching__3bd04fbd77e74e74a15e216bba7cb7f2,cards_senior_0809.jsonl:0,us-patent-phrase-to-phrase-matching,easy,2,0,2,0.0,sub120_available,us-patent-phrase-to-phrase-matching__1c4488edb7d64655b66855bb93bf1e8b|us-patent-phrase-to-phrase-matching__62f7f6d4c93243f8b5cfb6c826567d0e,2,0.5,0.22229500000000002,1.5,60.2,0,1165.0347208827734,60.2,60.2,0.051672279736337035,0.051672279736337035
us-patent-phrase-to-phrase-matching__3bd04fbd77e74e74a15e216bba7cb7f2,cards_senior_0809.jsonl:0,us-patent-phrase-to-phrase-matching,easy,2,0,2,0.0,artifact120_escalate_silent,us-patent-phrase-to-phrase-matching__62f7f6d4c93243f8b5cfb6c826567d0e,1,1.0,0.0,1,60.2,2,1165.0347208827734,1225.2347208827734,1165.2347208827734,1.0516722797363371,1.000171668703443
us-patent-phrase-to-phrase-matching__3c22a06bf2df41b8a3919319aec84af6,cards_senior_0809.jsonl:0,us-patent-phrase-to-phrase-matching,easy,2,0,2,0.0,random,us-patent-phrase-to-phrase-matching__377975af886d4537bf3642d36be325b8|us-patent-phrase-to-phrase-matching__48b67d035f0442d0893e85642d0c5c70,2,0.5,0.017005000000000048,1.5,60.3,0,3890.8896679207683,0.0,0.0,0.0,0.0
us-patent-phrase-to-phrase-matching__3c22a06bf2df41b8a3919319aec84af6,cards_senior_0809.jsonl:0,us-patent-phrase-to-phrase-matching,easy,2,0,2,0.0,full_external,us-patent-phrase-to-phrase-matching__48b67d035f0442d0893e85642d0c5c70,1,1.0,0.0,1,60.3,2,3890.8896679207683,3890.8896679207683,3890.8896679207683,1.0,1.0
us-patent-phrase-to-phrase-matching__3c22a06bf2df41b8a3919319aec84af6,cards_senior_0809.jsonl:0,us-patent-phrase-to-phrase-matching,easy,2,0,2,0.0,full_self_report_available,us-patent-phrase-to-phrase-matching__48b67d035f0442d0893e85642d0c5c70,1,1.0,0.0,1,60.3,2,3890.8896679207683,3890.8896679207683,3890.8896679207683,1.0,1.0
us-patent-phrase-to-phrase-matching__3c22a06bf2df41b8a3919319aec84af6,cards_senior_0809.jsonl:0,us-patent-phrase-to-phrase-matching,easy,2,0,2,0.0,full_self_report_complete,us-patent-phrase-to-phrase-matching__48b67d035f0442d0893e85642d0c5c70,1,1.0,0.0,1,60.3,2,3890.8896679207683,3890.8896679207683,3890.8896679207683,1.0,1.0
us-patent-phrase-to-phrase-matching__3c22a06bf2df41b8a3919319aec84af6,cards_senior_0809.jsonl:0,us-patent-phrase-to-phrase-matching,easy,2,0,2,0.0,sub120_available,us-patent-phrase-to-phrase-matching__377975af886d4537bf3642d36be325b8|us-patent-phrase-to-phrase-matching__48b67d035f0442d0893e85642d0c5c70,2,0.5,0.017005000000000048,1.5,60.3,0,3890.8896679207683,60.3,60.3,0.015497740914412356,0.015497740914412356
us-patent-phrase-to-phrase-matching__3c22a06bf2df41b8a3919319aec84af6,cards_senior_0809.jsonl:0,us-patent-phrase-to-phrase-matching,easy,2,0,2,0.0,artifact120_escalate_silent,us-patent-phrase-to-phrase-matching__48b67d035f0442d0893e85642d0c5c70,1,1.0,0.0,1,60.3,2,3890.8896679207683,3951.1896679207684,3891.1896679207684,1.0154977409144124,1.0000771031886289
us-patent-phrase-to-phrase-matching__586121ab64c04adcbd5d9cddd9a8797a,cards_senior_0809.jsonl:3,us-patent-phrase-to-phrase-matching,hard,2,0,2,0.0,random,us-patent-phrase-to-phrase-matching__4d490c1fd354424590af4de01f88d37e|us-patent-phrase-to-phrase-matching__de37da6839394cd6b7b11d20cb6c5fa0,2,0.5,0.0007150000000000212,1.5,60.3,0,2954.1768367290497,0.0,0.0,0.0,0.0
us-patent-phrase-to-phrase-matching__586121ab64c04adcbd5d9cddd9a8797a,cards_senior_0809.jsonl:3,us-patent-phrase-to-phrase-matching,hard,2,0,2,0.0,full_external,us-patent-phrase-to-phrase-matching__de37da6839394cd6b7b11d20cb6c5fa0,1,1.0,0.0,1,60.3,2,2954.1768367290497,2954.1768367290497,2954.1768367290497,1.0,1.0
us-patent-phrase-to-phrase-matching__586121ab64c04adcbd5d9cddd9a8797a,cards_senior_0809.jsonl:3,us-patent-phrase-to-phrase-matching,hard,2,0,2,0.0,full_self_report_available,us-patent-phrase-to-phrase-matching__de37da6839394cd6b7b11d20cb6c5fa0,1,1.0,0.0,1,60.3,2,2954.1768367290497,2954.1768367290497,2954.1768367290497,1.0,1.0
us-patent-phrase-to-phrase-matching__586121ab64c04adcbd5d9cddd9a8797a,cards_senior_0809.jsonl:3,us-patent-phrase-to-phrase-matching,hard,2,0,2,0.0,full_self_report_complete,us-patent-phrase-to-phrase-matching__de37da6839394cd6b7b11d20cb6c5fa0,1,1.0,0.0,1,60.3,2,2954.1768367290497,2954.1768367290497,2954.1768367290497,1.0,1.0
us-patent-phrase-to-phrase-matching__586121ab64c04adcbd5d9cddd9a8797a,cards_senior_0809.jsonl:3,us-patent-phrase-to-phrase-matching,hard,2,0,2,0.0,sub120_available,us-patent-phrase-to-phrase-matching__4d490c1fd354424590af4de01f88d37e|us-patent-phrase-to-phrase-matching__de37da6839394cd6b7b11d20cb6c5fa0,2,0.5,0.0007150000000000212,1.5,60.3,0,2954.1768367290497,60.3,60.3,0.02041177740286052,0.02041177740286052
us-patent-phrase-to-phrase-matching__586121ab64c04adcbd5d9cddd9a8797a,cards_senior_0809.jsonl:3,us-patent-phrase-to-phrase-matching,hard,2,0,2,0.0,artifact120_escalate_silent,us-patent-phrase-to-phrase-matching__de37da6839394cd6b7b11d20cb6c5fa0,1,1.0,0.0,1,60.3,2,2954.1768367290497,3014.47683672905,2954.47683672905,1.0204117774028605,1.0001015511313576
us-patent-phrase-to-phrase-matching__63a3ae986af04fbe8e877559ccbcee05,cards_senior_0809.jsonl:0,us-patent-phrase-to-phrase-matching,hard,2,0,2,0.0,random,us-patent-phrase-to-phrase-matching__8a679e73b8e347bab4c5736235428580|us-patent-phrase-to-phrase-matching__e6c01b00731d4e28a6061eb7473253d0,2,0.5,0.002869999999999928,1.5,60.3,0,1624.339437827468,0.0,0.0,0.0,0.0
us-patent-phrase-to-phrase-matching__63a3ae986af04fbe8e877559ccbcee05,cards_senior_0809.jsonl:0,us-patent-phrase-to-phrase-matching,hard,2,0,2,0.0,full_external,us-patent-phrase-to-phrase-matching__8a679e73b8e347bab4c5736235428580,1,1.0,0.0,1,60.3,2,1624.339437827468,1624.339437827468,1624.339437827468,1.0,1.0
us-patent-phrase-to-phrase-matching__63a3ae986af04fbe8e877559ccbcee05,cards_senior_0809.jsonl:0,us-patent-phrase-to-phrase-matching,hard,2,0,2,0.0,full_self_report_available,us-patent-phrase-to-phrase-matching__8a679e73b8e347bab4c5736235428580,1,1.0,0.0,1,60.3,2,1624.339437827468,1624.339437827468,1624.339437827468,1.0,1.0
us-patent-phrase-to-phrase-matching__63a3ae986af04fbe8e877559ccbcee05,cards_senior_0809.jsonl:0,us-patent-phrase-to-phrase-matching,hard,2,0,2,0.0,full_self_report_complete,us-patent-phrase-to-phrase-matching__8a679e73b8e347bab4c5736235428580,1,1.0,0.0,1,60.3,2,1624.339437827468,1624.339437827468,1624.339437827468,1.0,1.0
us-patent-phrase-to-phrase-matching__63a3ae986af04fbe8e877559ccbcee05,cards_senior_0809.jsonl:0,us-patent-phrase-to-phrase-matching,hard,2,0,2,0.0,sub120_available,us-patent-phrase-to-phrase-matching__8a679e73b8e347bab4c5736235428580|us-patent-phrase-to-phrase-matching__e6c01b00731d4e28a6061eb7473253d0,2,0.5,0.002869999999999928,1.5,60.3,0,1624.339437827468,60.3,60.3,0.03712278271138355,0.03712278271138355
us-patent-phrase-to-phrase-matching__63a3ae986af04fbe8e877559ccbcee05,cards_senior_0809.jsonl:0,us-patent-phrase-to-phrase-matching,hard,2,0,2,0.0,artifact120_escalate_silent,us-patent-phrase-to-phrase-matching__8a679e73b8e347bab4c5736235428580,1,1.0,0.0,1,60.3,2,1624.339437827468,1684.6394378274679,1624.6394378274679,1.0371227827113836,1.0001846904612506
us-patent-phrase-to-phrase-matching__c7e9f7619a9e4910bb26a158a66a6cee,cards_senior_0809.jsonl:0,us-patent-phrase-to-phrase-matching,easy,2,0,2,0.0,random,us-patent-phrase-to-phrase-matching__0094c655584a4efebad270ab7be4a2d1|us-patent-phrase-to-phrase-matching__7a13b994f5a24f8582ee2ac810a6d9df,2,0.5,0.01544000000000001,1.5,60.4,0,1067.2444627732038,0.0,0.0,0.0,0.0
us-patent-phrase-to-phrase-matching__c7e9f7619a9e4910bb26a158a66a6cee,cards_senior_0809.jsonl:0,us-patent-phrase-to-phrase-matching,easy,2,0,2,0.0,full_external,us-patent-phrase-to-phrase-matching__7a13b994f5a24f8582ee2ac810a6d9df,1,1.0,0.0,1,60.4,2,1067.2444627732038,1067.2444627732038,1067.2444627732038,1.0,1.0
us-patent-phrase-to-phrase-matching__c7e9f7619a9e4910bb26a158a66a6cee,cards_senior_0809.jsonl:0,us-patent-phrase-to-phrase-matching,easy,2,0,2,0.0,full_self_report_available,us-patent-phrase-to-phrase-matching__7a13b994f5a24f8582ee2ac810a6d9df,1,1.0,0.0,1,60.4,2,1067.2444627732038,1067.2444627732038,1067.2444627732038,1.0,1.0
us-patent-phrase-to-phrase-matching__c7e9f7619a9e4910bb26a158a66a6cee,cards_senior_0809.jsonl:0,us-patent-phrase-to-phrase-matching,easy,2,0,2,0.0,full_self_report_complete,us-patent-phrase-to-phrase-matching__7a13b994f5a24f8582ee2ac810a6d9df,1,1.0,0.0,1,60.4,2,1067.2444627732038,1067.2444627732038,1067.2444627732038,1.0,1.0
us-patent-phrase-to-phrase-matching__c7e9f7619a9e4910bb26a158a66a6cee,cards_senior_0809.jsonl:0,us-patent-phrase-to-phrase-matching,easy,2,0,2,0.0,sub120_available,us-patent-phrase-to-phrase-matching__0094c655584a4efebad270ab7be4a2d1|us-patent-phrase-to-phrase-matching__7a13b994f5a24f8582ee2ac810a6d9df,2,0.5,0.01544000000000001,1.5,60.4,0,1067.2444627732038,60.4,60.4,0.056594343757991813,0.056594343757991813
us-patent-phrase-to-phrase-matching__c7e9f7619a9e4910bb26a158a66a6cee,cards_senior_0809.jsonl:0,us-patent-phrase-to-phrase-matching,easy,2,0,2,0.0,artifact120_escalate_silent,us-patent-phrase-to-phrase-matching__7a13b994f5a24f8582ee2ac810a6d9df,1,1.0,0.0,1,60.4,2,1067.2444627732038,1127.644462773204,1067.644462773204,1.0565943437579919,1.00037479697853
us-patent-phrase-to-phrase-matching__f84b487d869444eeb86d22a584ec13f8,cards_senior_0809.jsonl:0,us-patent-phrase-to-phrase-matching,hard,2,0,2,0.0,random,us-patent-phrase-to-phrase-matching__3c22a06bf2df41b8a3919319aec84af6|us-patent-phrase-to-phrase-matching__5a4a8e6b293441ce96f5f0545568af76,2,0.5,0.0008499999999999064,1.5,60.2,0,738.5958861410618,0.0,0.0,0.0,0.0
us-patent-phrase-to-phrase-matching__f84b487d869444eeb86d22a584ec13f8,cards_senior_0809.jsonl:0,us-patent-phrase-to-phrase-matching,hard,2,0,2,0.0,full_external,us-patent-phrase-to-phrase-matching__5a4a8e6b293441ce96f5f0545568af76,1,1.0,0.0,1,60.2,2,738.5958861410618,738.5958861410618,738.5958861410618,1.0,1.0
us-patent-phrase-to-phrase-matching__f84b487d869444eeb86d22a584ec13f8,cards_senior_0809.jsonl:0,us-patent-phrase-to-phrase-matching,hard,2,0,2,0.0,full_self_report_available,us-patent-phrase-to-phrase-matching__3c22a06bf2df41b8a3919319aec84af6,1,0.0,0.0016999999999999238,2,60.2,2,738.5958861410618,738.5958861410618,738.5958861410618,1.0,1.0
us-patent-phrase-to-phrase-matching__f84b487d869444eeb86d22a584ec13f8,cards_senior_0809.jsonl:0,us-patent-phrase-to-phrase-matching,hard,2,0,2,0.0,full_self_report_complete,us-patent-phrase-to-phrase-matching__3c22a06bf2df41b8a3919319aec84af6,1,0.0,0.0016999999999999238,2,60.2,2,738.5958861410618,738.5958861410618,738.5958861410618,1.0,1.0
us-patent-phrase-to-phrase-matching__f84b487d869444eeb86d22a584ec13f8,cards_senior_0809.jsonl:0,us-patent-phrase-to-phrase-matching,hard,2,0,2,0.0,sub120_available,us-patent-phrase-to-phrase-matching__3c22a06bf2df41b8a3919319aec84af6|us-patent-phrase-to-phrase-matching__5a4a8e6b293441ce96f5f0545568af76,2,0.5,0.0008499999999999064,1.5,60.2,0,738.5958861410618,60.2,60.2,0.08150600501517365,0.08150600501517365
us-patent-phrase-to-phrase-matching__f84b487d869444eeb86d22a584ec13f8,cards_senior_0809.jsonl:0,us-patent-phrase-to-phrase-matching,hard,2,0,2,0.0,artifact120_escalate_silent,us-patent-phrase-to-phrase-matching__5a4a8e6b293441ce96f5f0545568af76,1,1.0,0.0,1,60.2,2,738.5958861410618,798.7958861410618,738.7958861410618,1.0815060050151737,1.000270784069818
whale-categorization-playground__4357df5db0134f668959aefa0ee73ba6,cards_senior_0808.jsonl:4,whale-categorization-playground,easy,2,0,2,0.0,random,whale-categorization-playground__1eed9a1d3c2744ffbd658019805310aa|whale-categorization-playground__4640830dea044d49866b722d18ca4db8,2,0.5,0.01075000000000001,1.5,60.2,0,180.31424518674612,0.0,0.0,0.0,0.0
whale-categorization-playground__4357df5db0134f668959aefa0ee73ba6,cards_senior_0808.jsonl:4,whale-categorization-playground,easy,2,0,2,0.0,full_external,whale-categorization-playground__4640830dea044d49866b722d18ca4db8,1,1.0,0.0,1,60.2,2,180.31424518674612,180.31424518674612,180.31424518674612,1.0,1.0
whale-categorization-playground__4357df5db0134f668959aefa0ee73ba6,cards_senior_0808.jsonl:4,whale-categorization-playground,easy,2,0,2,0.0,full_self_report_available,whale-categorization-playground__1eed9a1d3c2744ffbd658019805310aa,1,0.0,0.02149999999999999,2,60.2,2,180.31424518674612,180.31424518674612,180.31424518674612,1.0,1.0
whale-categorization-playground__4357df5db0134f668959aefa0ee73ba6,cards_senior_0808.jsonl:4,whale-categorization-playground,easy,2,0,2,0.0,full_self_report_complete,whale-categorization-playground__1eed9a1d3c2744ffbd658019805310aa,1,0.0,0.02149999999999999,2,60.2,2,180.31424518674612,180.31424518674612,180.31424518674612,1.0,1.0
whale-categorization-playground__4357df5db0134f668959aefa0ee73ba6,cards_senior_0808.jsonl:4,whale-categorization-playground,easy,2,0,2,0.0,sub120_available,whale-categorization-playground__1eed9a1d3c2744ffbd658019805310aa|whale-categorization-playground__4640830dea044d49866b722d18ca4db8,2,0.5,0.01075000000000001,1.5,60.2,0,180.31424518674612,60.2,60.2,0.33386158668524857,0.33386158668524857
whale-categorization-playground__4357df5db0134f668959aefa0ee73ba6,cards_senior_0808.jsonl:4,whale-categorization-playground,easy,2,0,2,0.0,artifact120_escalate_silent,whale-categorization-playground__4640830dea044d49866b722d18ca4db8,1,1.0,0.0,1,60.2,2,180.31424518674612,240.5142451867461,180.5142451867461,1.3338615866852486,1.0011091747065954
whale-categorization-playground__54180eeefe9d4b4ba451c22272e8596d,cards_senior_0808.jsonl:4,whale-categorization-playground,hard,2,0,2,0.0,random,whale-categorization-playground__1993f9bcf0ee4bfeaaea9a7034c8e08e|whale-categorization-playground__810bfcc7bb3a44d396a6056bb651d30f,2,0.5,0.002475000000000005,1.5,60.2,0,242.15366231650114,0.0,0.0,0.0,0.0
whale-categorization-playground__54180eeefe9d4b4ba451c22272e8596d,cards_senior_0808.jsonl:4,whale-categorization-playground,hard,2,0,2,0.0,full_external,whale-categorization-playground__1993f9bcf0ee4bfeaaea9a7034c8e08e,1,1.0,0.0,1,60.2,2,242.15366231650114,242.15366231650114,242.15366231650114,1.0,1.0
whale-categorization-playground__54180eeefe9d4b4ba451c22272e8596d,cards_senior_0808.jsonl:4,whale-categorization-playground,hard,2,0,2,0.0,full_self_report_available,whale-categorization-playground__1993f9bcf0ee4bfeaaea9a7034c8e08e,1,1.0,0.0,1,60.2,2,242.15366231650114,242.15366231650114,242.15366231650114,1.0,1.0
whale-categorization-playground__54180eeefe9d4b4ba451c22272e8596d,cards_senior_0808.jsonl:4,whale-categorization-playground,hard,2,0,2,0.0,full_self_report_complete,whale-categorization-playground__1993f9bcf0ee4bfeaaea9a7034c8e08e,1,1.0,0.0,1,60.2,2,242.15366231650114,242.15366231650114,242.15366231650114,1.0,1.0
whale-categorization-playground__54180eeefe9d4b4ba451c22272e8596d,cards_senior_0808.jsonl:4,whale-categorization-playground,hard,2,0,2,0.0,sub120_available,whale-categorization-playground__1993f9bcf0ee4bfeaaea9a7034c8e08e|whale-categorization-playground__810bfcc7bb3a44d396a6056bb651d30f,2,0.5,0.002475000000000005,1.5,60.2,0,242.15366231650114,60.2,60.2,0.2486024758994437,0.2486024758994437
whale-categorization-playground__54180eeefe9d4b4ba451c22272e8596d,cards_senior_0808.jsonl:4,whale-categorization-playground,hard,2,0,2,0.0,artifact120_escalate_silent,whale-categorization-playground__1993f9bcf0ee4bfeaaea9a7034c8e08e,1,1.0,0.0,1,60.2,2,242.15366231650114,302.35366231650113,242.35366231650113,1.2486024758994436,1.000825921846842
whale-categorization-playground__714dd2f45fce42b3bfb1cb7cfc627ac9,cards_senior_0808.jsonl:4,whale-categorization-playground,hard,2,0,2,0.0,random,whale-categorization-playground__4357df5db0134f668959aefa0ee73ba6|whale-categorization-playground__526ebe6d24d44d8f93c8e506236ec587,2,0.5,0.0018400000000000083,1.5,60.2,0,101.1667485460639,0.0,0.0,0.0,0.0
whale-categorization-playground__714dd2f45fce42b3bfb1cb7cfc627ac9,cards_senior_0808.jsonl:4,whale-categorization-playground,hard,2,0,2,0.0,full_external,whale-categorization-playground__526ebe6d24d44d8f93c8e506236ec587,1,1.0,0.0,1,60.2,2,101.1667485460639,101.1667485460639,101.1667485460639,1.0,1.0
whale-categorization-playground__714dd2f45fce42b3bfb1cb7cfc627ac9,cards_senior_0808.jsonl:4,whale-categorization-playground,hard,2,0,2,0.0,full_self_report_available,whale-categorization-playground__526ebe6d24d44d8f93c8e506236ec587,1,1.0,0.0,1,60.2,2,101.1667485460639,101.1667485460639,101.1667485460639,1.0,1.0
whale-categorization-playground__714dd2f45fce42b3bfb1cb7cfc627ac9,cards_senior_0808.jsonl:4,whale-categorization-playground,hard,2,0,2,0.0,full_self_report_complete,whale-categorization-playground__526ebe6d24d44d8f93c8e506236ec587,1,1.0,0.0,1,60.2,2,101.1667485460639,101.1667485460639,101.1667485460639,1.0,1.0
whale-categorization-playground__714dd2f45fce42b3bfb1cb7cfc627ac9,cards_senior_0808.jsonl:4,whale-categorization-playground,hard,2,0,2,0.0,sub120_available,whale-categorization-playground__4357df5db0134f668959aefa0ee73ba6|whale-categorization-playground__526ebe6d24d44d8f93c8e506236ec587,2,0.5,0.0018400000000000083,1.5,60.2,0,101.1667485460639,60.2,60.2,0.5950571790155869,0.5950571790155869
whale-categorization-playground__714dd2f45fce42b3bfb1cb7cfc627ac9,cards_senior_0808.jsonl:4,whale-categorization-playground,hard,2,0,2,0.0,artifact120_escalate_silent,whale-categorization-playground__526ebe6d24d44d8f93c8e506236ec587,1,1.0,0.0,1,60.2,2,101.1667485460639,161.3667485460639,101.3667485460639,1.5950571790155867,1.0019769341495535
whale-categorization-playground__7ce3e536c1e049afa5f3d5e768c58615,cards_senior_0808.jsonl:4,whale-categorization-playground,easy,2,0,2,0.0,random,whale-categorization-playground__1e0523c9f023474d8c2ff0f41e3c9969|whale-categorization-playground__45dc507077d5444c9dca3ab6d8e46b79,2,0.5,0.006724999999999981,1.5,60.2,0,189.59622447937727,0.0,0.0,0.0,0.0
whale-categorization-playground__7ce3e536c1e049afa5f3d5e768c58615,cards_senior_0808.jsonl:4,whale-categorization-playground,easy,2,0,2,0.0,full_external,whale-categorization-playground__1e0523c9f023474d8c2ff0f41e3c9969,1,1.0,0.0,1,60.2,2,189.59622447937727,189.59622447937727,189.59622447937727,1.0,1.0
whale-categorization-playground__7ce3e536c1e049afa5f3d5e768c58615,cards_senior_0808.jsonl:4,whale-categorization-playground,easy,2,0,2,0.0,full_self_report_available,whale-categorization-playground__1e0523c9f023474d8c2ff0f41e3c9969,1,1.0,0.0,1,60.2,2,189.59622447937727,189.59622447937727,189.59622447937727,1.0,1.0
whale-categorization-playground__7ce3e536c1e049afa5f3d5e768c58615,cards_senior_0808.jsonl:4,whale-categorization-playground,easy,2,0,2,0.0,full_self_report_complete,whale-categorization-playground__1e0523c9f023474d8c2ff0f41e3c9969,1,1.0,0.0,1,60.2,2,189.59622447937727,189.59622447937727,189.59622447937727,1.0,1.0
whale-categorization-playground__7ce3e536c1e049afa5f3d5e768c58615,cards_senior_0808.jsonl:4,whale-categorization-playground,easy,2,0,2,0.0,sub120_available,whale-categorization-playground__1e0523c9f023474d8c2ff0f41e3c9969|whale-categorization-playground__45dc507077d5444c9dca3ab6d8e46b79,2,0.5,0.006724999999999981,1.5,60.2,0,189.59622447937727,60.2,60.2,0.317516871263162,0.317516871263162
whale-categorization-playground__7ce3e536c1e049afa5f3d5e768c58615,cards_senior_0808.jsonl:4,whale-categorization-playground,easy,2,0,2,0.0,artifact120_escalate_silent,whale-categorization-playground__1e0523c9f023474d8c2ff0f41e3c9969,1,1.0,0.0,1,60.2,2,189.59622447937727,249.79622447937726,189.79622447937726,1.317516871263162,1.0010548733264557
whale-categorization-playground__b90628e666304e37aae1d7b746c71421,cards_senior_0808.jsonl:4,whale-categorization-playground,easy,2,0,2,0.0,random,whale-categorization-playground__a654a03bb40a4ae68b4f006b23fb7ef6|whale-categorization-playground__bd9fe2cb573d4bd1bd064db704f7cbba,2,0.5,0.009789999999999965,1.5,60.2,0,100.20958537608385,0.0,0.0,0.0,0.0
whale-categorization-playground__b90628e666304e37aae1d7b746c71421,cards_senior_0808.jsonl:4,whale-categorization-playground,easy,2,0,2,0.0,full_external,whale-categorization-playground__bd9fe2cb573d4bd1bd064db704f7cbba,1,1.0,0.0,1,60.2,2,100.20958537608385,100.20958537608385,100.20958537608385,1.0,1.0
whale-categorization-playground__b90628e666304e37aae1d7b746c71421,cards_senior_0808.jsonl:4,whale-categorization-playground,easy,2,0,2,0.0,full_self_report_available,whale-categorization-playground__a654a03bb40a4ae68b4f006b23fb7ef6,1,0.0,0.019579999999999986,2,60.2,2,100.20958537608385,100.20958537608385,100.20958537608385,1.0,1.0
whale-categorization-playground__b90628e666304e37aae1d7b746c71421,cards_senior_0808.jsonl:4,whale-categorization-playground,easy,2,0,2,0.0,full_self_report_complete,whale-categorization-playground__a654a03bb40a4ae68b4f006b23fb7ef6,1,0.0,0.019579999999999986,2,60.2,2,100.20958537608385,100.20958537608385,100.20958537608385,1.0,1.0
whale-categorization-playground__b90628e666304e37aae1d7b746c71421,cards_senior_0808.jsonl:4,whale-categorization-playground,easy,2,0,2,0.0,sub120_available,whale-categorization-playground__a654a03bb40a4ae68b4f006b23fb7ef6|whale-categorization-playground__bd9fe2cb573d4bd1bd064db704f7cbba,2,0.5,0.009789999999999965,1.5,60.2,0,100.20958537608385,60.2,60.2,0.6007409348524,0.6007409348524
whale-categorization-playground__b90628e666304e37aae1d7b746c71421,cards_senior_0808.jsonl:4,whale-categorization-playground,easy,2,0,2,0.0,artifact120_escalate_silent,whale-categorization-playground__bd9fe2cb573d4bd1bd064db704f7cbba,1,1.0,0.0,1,60.2,2,100.20958537608385,160.40958537608384,100.40958537608385,1.6007409348523998,1.0019958170593104
whale-categorization-playground__fdddc49ca71647528ab0cce114ee3cb1,cards_senior_0808.jsonl:4,whale-categorization-playground,hard,2,0,2,0.0,random,whale-categorization-playground__42946e2d791e42b7950c54b9f578160a|whale-categorization-playground__75cc6d17e1474aa4a703511062f10870,2,0.5,0.003824999999999995,1.5,60.2,0,213.98534617573023,0.0,0.0,0.0,0.0
whale-categorization-playground__fdddc49ca71647528ab0cce114ee3cb1,cards_senior_0808.jsonl:4,whale-categorization-playground,hard,2,0,2,0.0,full_external,whale-categorization-playground__42946e2d791e42b7950c54b9f578160a,1,1.0,0.0,1,60.2,2,213.98534617573023,213.98534617573023,213.98534617573023,1.0,1.0
whale-categorization-playground__fdddc49ca71647528ab0cce114ee3cb1,cards_senior_0808.jsonl:4,whale-categorization-playground,hard,2,0,2,0.0,full_self_report_available,whale-categorization-playground__75cc6d17e1474aa4a703511062f10870,1,0.0,0.00764999999999999,2,60.2,2,213.98534617573023,213.98534617573023,213.98534617573023,1.0,1.0
whale-categorization-playground__fdddc49ca71647528ab0cce114ee3cb1,cards_senior_0808.jsonl:4,whale-categorization-playground,hard,2,0,2,0.0,full_self_report_complete,whale-categorization-playground__75cc6d17e1474aa4a703511062f10870,1,0.0,0.00764999999999999,2,60.2,2,213.98534617573023,213.98534617573023,213.98534617573023,1.0,1.0
whale-categorization-playground__fdddc49ca71647528ab0cce114ee3cb1,cards_senior_0808.jsonl:4,whale-categorization-playground,hard,2,0,2,0.0,sub120_available,whale-categorization-playground__42946e2d791e42b7950c54b9f578160a|whale-categorization-playground__75cc6d17e1474aa4a703511062f10870,2,0.5,0.003824999999999995,1.5,60.2,0,213.98534617573023,60.2,60.2,0.28132767535662107,0.28132767535662107
whale-categorization-playground__fdddc49ca71647528ab0cce114ee3cb1,cards_senior_0808.jsonl:4,whale-categorization-playground,hard,2,0,2,0.0,artifact120_escalate_silent,whale-categorization-playground__42946e2d791e42b7950c54b9f578160a,1,1.0,0.0,1,60.2,2,213.98534617573023,274.1853461757302,214.18534617573022,1.281327675356621,1.000934643439723
