parent,run_id,task,stratum,policy,n_children,n_winners,n_artifact_scored,n_artifact_exists,kept_n,pruned_n,kept_ids,pruned_ids,any_winner_survival,winner_fraction_survival,structured_random_any_winner,structured_random_winner_fraction,kept_fraction,full_runtime_s,probe_wall_s,pruned_full_runtime_s,avoidable_tail_s,restart_cost_ratio,ideal_resume_cost_ratio
chaii-hindi-and-tamil-question-answering__0a98eb202c8b43ea901e700701ee6c2b,cards_senior_0801.jsonl:18,chaii-hindi-and-tamil-question-answering,hard,full_continue,3,1,0,0,3,0,chaii-hindi-and-tamil-question-answering__bc2b2933e9a344838ef44954e87a5a79|chaii-hindi-and-tamil-question-answering__e52f191218764c6286271c5d08770f64|chaii-hindi-and-tamil-question-answering__fe380beafe764af0bccfea134d0032b5,,1.0,1.0,,,1.0,2803.019416332245,140.3,0,0,1.0500531673746245,1.0
chaii-hindi-and-tamil-question-answering__0a98eb202c8b43ea901e700701ee6c2b,cards_senior_0801.jsonl:18,chaii-hindi-and-tamil-question-answering,hard,observed_only,3,1,0,0,3,0,chaii-hindi-and-tamil-question-answering__bc2b2933e9a344838ef44954e87a5a79|chaii-hindi-and-tamil-question-answering__e52f191218764c6286271c5d08770f64|chaii-hindi-and-tamil-question-answering__fe380beafe764af0bccfea134d0032b5,,1.0,1.0,,,1.0,2803.019416332245,140.3,0,0,1.0500531673746245,1.0
chaii-hindi-and-tamil-question-answering__0a98eb202c8b43ea901e700701ee6c2b,cards_senior_0801.jsonl:18,chaii-hindi-and-tamil-question-answering,hard,censor_aware,3,1,0,0,3,0,chaii-hindi-and-tamil-question-answering__bc2b2933e9a344838ef44954e87a5a79|chaii-hindi-and-tamil-question-answering__e52f191218764c6286271c5d08770f64|chaii-hindi-and-tamil-question-answering__fe380beafe764af0bccfea134d0032b5,,1.0,1.0,1.0,1.0,1.0,2803.019416332245,140.3,0,0,1.0500531673746245,1.0
chaii-hindi-and-tamil-question-answering__211dc7b5c70d4a1fa75515aebc02266e,cards_senior_0728.jsonl:13,chaii-hindi-and-tamil-question-answering,easy,full_continue,2,1,0,0,2,0,chaii-hindi-and-tamil-question-answering__809857640568405e918117ea19d34793|chaii-hindi-and-tamil-question-answering__9084669573164ec5b9a1dccb93b34a76,,1.0,1.0,,,1.0,10884.15703701973,240.2,0,0,1.02206877383182,1.0
chaii-hindi-and-tamil-question-answering__211dc7b5c70d4a1fa75515aebc02266e,cards_senior_0728.jsonl:13,chaii-hindi-and-tamil-question-answering,easy,observed_only,2,1,0,0,2,0,chaii-hindi-and-tamil-question-answering__809857640568405e918117ea19d34793|chaii-hindi-and-tamil-question-answering__9084669573164ec5b9a1dccb93b34a76,,1.0,1.0,,,1.0,10884.15703701973,240.2,0,0,1.02206877383182,1.0
chaii-hindi-and-tamil-question-answering__211dc7b5c70d4a1fa75515aebc02266e,cards_senior_0728.jsonl:13,chaii-hindi-and-tamil-question-answering,easy,censor_aware,2,1,0,0,2,0,chaii-hindi-and-tamil-question-answering__809857640568405e918117ea19d34793|chaii-hindi-and-tamil-question-answering__9084669573164ec5b9a1dccb93b34a76,,1.0,1.0,1.0,1.0,1.0,10884.15703701973,240.2,0,0,1.02206877383182,1.0
chaii-hindi-and-tamil-question-answering__3b40dae9dd094d9e87f2b339a3290b56,cards_senior_0801.jsonl:18,chaii-hindi-and-tamil-question-answering,hard,full_continue,3,1,0,0,3,0,chaii-hindi-and-tamil-question-answering__4f53d7ec0a9a4cf493e0b830f2ea81f1|chaii-hindi-and-tamil-question-answering__5d0ed2ed05c0444d9cb5b339be9fdc76|chaii-hindi-and-tamil-question-answering__b2ad93da8c144c78b743ca04be0b9076,,1.0,1.0,,,1.0,1355.3276376724243,360.4,0,0,1.265913562139804,1.0
chaii-hindi-and-tamil-question-answering__3b40dae9dd094d9e87f2b339a3290b56,cards_senior_0801.jsonl:18,chaii-hindi-and-tamil-question-answering,hard,observed_only,3,1,0,0,3,0,chaii-hindi-and-tamil-question-answering__4f53d7ec0a9a4cf493e0b830f2ea81f1|chaii-hindi-and-tamil-question-answering__5d0ed2ed05c0444d9cb5b339be9fdc76|chaii-hindi-and-tamil-question-answering__b2ad93da8c144c78b743ca04be0b9076,,1.0,1.0,,,1.0,1355.3276376724243,360.4,0,0,1.265913562139804,1.0
chaii-hindi-and-tamil-question-answering__3b40dae9dd094d9e87f2b339a3290b56,cards_senior_0801.jsonl:18,chaii-hindi-and-tamil-question-answering,hard,censor_aware,3,1,0,0,3,0,chaii-hindi-and-tamil-question-answering__4f53d7ec0a9a4cf493e0b830f2ea81f1|chaii-hindi-and-tamil-question-answering__5d0ed2ed05c0444d9cb5b339be9fdc76|chaii-hindi-and-tamil-question-answering__b2ad93da8c144c78b743ca04be0b9076,,1.0,1.0,1.0,1.0,1.0,1355.3276376724243,360.4,0,0,1.265913562139804,1.0
chaii-hindi-and-tamil-question-answering__c31a1c3b91a14ef5afef98719da1d101,cards_senior_0801.jsonl:13,chaii-hindi-and-tamil-question-answering,easy,full_continue,3,1,0,0,3,0,chaii-hindi-and-tamil-question-answering__4246a977cac14f43b5383deb5a257697|chaii-hindi-and-tamil-question-answering__57ce82f9247a4cc8b626b575d3f2c979|chaii-hindi-and-tamil-question-answering__ce99d23bb4de4bd4bfe832f8937daca3,,1.0,1.0,,,1.0,6553.884172439575,136.4,0,0,1.0208120858427114,1.0
chaii-hindi-and-tamil-question-answering__c31a1c3b91a14ef5afef98719da1d101,cards_senior_0801.jsonl:13,chaii-hindi-and-tamil-question-answering,easy,observed_only,3,1,0,0,3,0,chaii-hindi-and-tamil-question-answering__4246a977cac14f43b5383deb5a257697|chaii-hindi-and-tamil-question-answering__57ce82f9247a4cc8b626b575d3f2c979|chaii-hindi-and-tamil-question-answering__ce99d23bb4de4bd4bfe832f8937daca3,,1.0,1.0,,,1.0,6553.884172439575,136.4,0,0,1.0208120858427114,1.0
chaii-hindi-and-tamil-question-answering__c31a1c3b91a14ef5afef98719da1d101,cards_senior_0801.jsonl:13,chaii-hindi-and-tamil-question-answering,easy,censor_aware,3,1,0,0,3,0,chaii-hindi-and-tamil-question-answering__4246a977cac14f43b5383deb5a257697|chaii-hindi-and-tamil-question-answering__57ce82f9247a4cc8b626b575d3f2c979|chaii-hindi-and-tamil-question-answering__ce99d23bb4de4bd4bfe832f8937daca3,,1.0,1.0,1.0,1.0,1.0,6553.884172439575,136.4,0,0,1.0208120858427114,1.0
chaii-hindi-and-tamil-question-answering__cbe405cf5c2e48e8ab6dbb29f814b88e,cards_senior_0801.jsonl:18,chaii-hindi-and-tamil-question-answering,easy,full_continue,3,1,0,0,3,0,chaii-hindi-and-tamil-question-answering__9cc47ce945ac482dada73aa89c86ea95|chaii-hindi-and-tamil-question-answering__a483163f252d42fc98190cbfa2abfacc|chaii-hindi-and-tamil-question-answering__adf3351945ce4702bf8966e662ab3dcf,,1.0,1.0,,,1.0,1590.8876776695251,175.79999999999998,0,0,1.1105043445037726,1.0
chaii-hindi-and-tamil-question-answering__cbe405cf5c2e48e8ab6dbb29f814b88e,cards_senior_0801.jsonl:18,chaii-hindi-and-tamil-question-answering,easy,observed_only,3,1,0,0,3,0,chaii-hindi-and-tamil-question-answering__9cc47ce945ac482dada73aa89c86ea95|chaii-hindi-and-tamil-question-answering__a483163f252d42fc98190cbfa2abfacc|chaii-hindi-and-tamil-question-answering__adf3351945ce4702bf8966e662ab3dcf,,1.0,1.0,,,1.0,1590.8876776695251,175.79999999999998,0,0,1.1105043445037726,1.0
chaii-hindi-and-tamil-question-answering__cbe405cf5c2e48e8ab6dbb29f814b88e,cards_senior_0801.jsonl:18,chaii-hindi-and-tamil-question-answering,easy,censor_aware,3,1,0,0,3,0,chaii-hindi-and-tamil-question-answering__9cc47ce945ac482dada73aa89c86ea95|chaii-hindi-and-tamil-question-answering__a483163f252d42fc98190cbfa2abfacc|chaii-hindi-and-tamil-question-answering__adf3351945ce4702bf8966e662ab3dcf,,1.0,1.0,1.0,1.0,1.0,1590.8876776695251,175.79999999999998,0,0,1.1105043445037726,1.0
chaii-hindi-and-tamil-question-answering__e43679e8e9bf4481a179b114ac9c8c5e,cards_ours_20260727.jsonl:173,chaii-hindi-and-tamil-question-answering,hard,full_continue,2,1,2,2,2,0,chaii-hindi-and-tamil-question-answering__463ad7dc1f7b4afe96a64bcfaba5d002|chaii-hindi-and-tamil-question-answering__f51b404ae74e4e72a4517e0733b4e1f6,,1.0,1.0,,,1.0,130.7270479425788,81.3,0,0,1.621906493564443,1.0
chaii-hindi-and-tamil-question-answering__e43679e8e9bf4481a179b114ac9c8c5e,cards_ours_20260727.jsonl:173,chaii-hindi-and-tamil-question-answering,hard,observed_only,2,1,2,2,1,1,chaii-hindi-and-tamil-question-answering__f51b404ae74e4e72a4517e0733b4e1f6,chaii-hindi-and-tamil-question-answering__463ad7dc1f7b4afe96a64bcfaba5d002,1.0,1.0,,,0.5,130.7270479425788,81.3,111.1891480833292,49.389148083329204,0.7713621736761174,0.6221964095370444
chaii-hindi-and-tamil-question-answering__e43679e8e9bf4481a179b114ac9c8c5e,cards_ours_20260727.jsonl:173,chaii-hindi-and-tamil-question-answering,hard,censor_aware,2,1,2,2,1,1,chaii-hindi-and-tamil-question-answering__f51b404ae74e4e72a4517e0733b4e1f6,chaii-hindi-and-tamil-question-answering__463ad7dc1f7b4afe96a64bcfaba5d002,1.0,1.0,0.5,0.5,0.5,130.7270479425788,81.3,111.1891480833292,49.389148083329204,0.7713621736761174,0.6221964095370444
chaii-hindi-and-tamil-question-answering__f05efa5bb9ac4788b908cb07e0fb4d7b,cards_senior_0801.jsonl:13,chaii-hindi-and-tamil-question-answering,easy,full_continue,2,1,0,0,2,0,chaii-hindi-and-tamil-question-answering__79675e23561e437885211692d32c5024|chaii-hindi-and-tamil-question-answering__859755a3dccf447cbe49d1ab8a718158,,1.0,1.0,,,1.0,879.9492094516754,129.4,0,0,1.1470539419890307,1.0
chaii-hindi-and-tamil-question-answering__f05efa5bb9ac4788b908cb07e0fb4d7b,cards_senior_0801.jsonl:13,chaii-hindi-and-tamil-question-answering,easy,observed_only,2,1,0,0,2,0,chaii-hindi-and-tamil-question-answering__79675e23561e437885211692d32c5024|chaii-hindi-and-tamil-question-answering__859755a3dccf447cbe49d1ab8a718158,,1.0,1.0,,,1.0,879.9492094516754,129.4,0,0,1.1470539419890307,1.0
chaii-hindi-and-tamil-question-answering__f05efa5bb9ac4788b908cb07e0fb4d7b,cards_senior_0801.jsonl:13,chaii-hindi-and-tamil-question-answering,easy,censor_aware,2,1,0,0,2,0,chaii-hindi-and-tamil-question-answering__79675e23561e437885211692d32c5024|chaii-hindi-and-tamil-question-answering__859755a3dccf447cbe49d1ab8a718158,,1.0,1.0,1.0,1.0,1.0,879.9492094516754,129.4,0,0,1.1470539419890307,1.0
denoising-dirty-documents__033f1f41cef04bd590777cae52380df8,cards_senior_0731.jsonl:13,denoising-dirty-documents,easy,full_continue,2,1,0,0,2,0,denoising-dirty-documents__13f0395b31ec47c6a4f8116b12e3ce63|denoising-dirty-documents__823936b3bbff49418a2f507faded41af,,1.0,1.0,,,1.0,7910.258288726211,240.4,0,0,1.030390916607947,1.0
denoising-dirty-documents__033f1f41cef04bd590777cae52380df8,cards_senior_0731.jsonl:13,denoising-dirty-documents,easy,observed_only,2,1,0,0,2,0,denoising-dirty-documents__13f0395b31ec47c6a4f8116b12e3ce63|denoising-dirty-documents__823936b3bbff49418a2f507faded41af,,1.0,1.0,,,1.0,7910.258288726211,240.4,0,0,1.030390916607947,1.0
denoising-dirty-documents__033f1f41cef04bd590777cae52380df8,cards_senior_0731.jsonl:13,denoising-dirty-documents,easy,censor_aware,2,1,0,0,2,0,denoising-dirty-documents__13f0395b31ec47c6a4f8116b12e3ce63|denoising-dirty-documents__823936b3bbff49418a2f507faded41af,,1.0,1.0,1.0,1.0,1.0,7910.258288726211,240.4,0,0,1.030390916607947,1.0
denoising-dirty-documents__4cb4122fb9814bf884cdafecf62298e9,cards_senior_0804.jsonl:23,denoising-dirty-documents,easy,full_continue,2,1,0,0,2,0,denoising-dirty-documents__3f15dea796044d05a16fd6e273d740d8|denoising-dirty-documents__ec6f4762e28d40baaf94ee6b6664a820,,1.0,1.0,,,1.0,5440.142480649054,240.3,0,0,1.0441716372052319,1.0
denoising-dirty-documents__4cb4122fb9814bf884cdafecf62298e9,cards_senior_0804.jsonl:23,denoising-dirty-documents,easy,observed_only,2,1,0,0,2,0,denoising-dirty-documents__3f15dea796044d05a16fd6e273d740d8|denoising-dirty-documents__ec6f4762e28d40baaf94ee6b6664a820,,1.0,1.0,,,1.0,5440.142480649054,240.3,0,0,1.0441716372052319,1.0
denoising-dirty-documents__4cb4122fb9814bf884cdafecf62298e9,cards_senior_0804.jsonl:23,denoising-dirty-documents,easy,censor_aware,2,1,0,0,2,0,denoising-dirty-documents__3f15dea796044d05a16fd6e273d740d8|denoising-dirty-documents__ec6f4762e28d40baaf94ee6b6664a820,,1.0,1.0,1.0,1.0,1.0,5440.142480649054,240.3,0,0,1.0441716372052319,1.0
denoising-dirty-documents__6dd95edcab0e45559bb741b08b038a76,cards_senior_0731.jsonl:13,denoising-dirty-documents,hard,full_continue,2,1,0,0,2,0,denoising-dirty-documents__3ad8b9e4925d4292bdca3ed8183feb67|denoising-dirty-documents__b866c25ad23841308fad35ae81f27a90,,1.0,1.0,,,1.0,10472.243616238236,240.3,0,0,1.022946372220313,1.0
denoising-dirty-documents__6dd95edcab0e45559bb741b08b038a76,cards_senior_0731.jsonl:13,denoising-dirty-documents,hard,observed_only,2,1,0,0,2,0,denoising-dirty-documents__3ad8b9e4925d4292bdca3ed8183feb67|denoising-dirty-documents__b866c25ad23841308fad35ae81f27a90,,1.0,1.0,,,1.0,10472.243616238236,240.3,0,0,1.022946372220313,1.0
denoising-dirty-documents__6dd95edcab0e45559bb741b08b038a76,cards_senior_0731.jsonl:13,denoising-dirty-documents,hard,censor_aware,2,1,0,0,2,0,denoising-dirty-documents__3ad8b9e4925d4292bdca3ed8183feb67|denoising-dirty-documents__b866c25ad23841308fad35ae81f27a90,,1.0,1.0,1.0,1.0,1.0,10472.243616238236,240.3,0,0,1.022946372220313,1.0
denoising-dirty-documents__ced9b66826334e169b3a6f5ed4e19ef7,cards_senior_0727.jsonl:11,denoising-dirty-documents,easy,full_continue,2,1,0,0,2,0,denoising-dirty-documents__2777b9434e904072953a89a92373797d|denoising-dirty-documents__63efdaf0641947afad86fb6012c1752d,,1.0,1.0,,,1.0,964.5409694686532,3.5,0,0,1.0036286690879788,1.0
denoising-dirty-documents__ced9b66826334e169b3a6f5ed4e19ef7,cards_senior_0727.jsonl:11,denoising-dirty-documents,easy,observed_only,2,1,0,0,2,0,denoising-dirty-documents__2777b9434e904072953a89a92373797d|denoising-dirty-documents__63efdaf0641947afad86fb6012c1752d,,1.0,1.0,,,1.0,964.5409694686532,3.5,0,0,1.0036286690879788,1.0
denoising-dirty-documents__ced9b66826334e169b3a6f5ed4e19ef7,cards_senior_0727.jsonl:11,denoising-dirty-documents,easy,censor_aware,2,1,0,0,2,0,denoising-dirty-documents__2777b9434e904072953a89a92373797d|denoising-dirty-documents__63efdaf0641947afad86fb6012c1752d,,1.0,1.0,1.0,1.0,1.0,964.5409694686532,3.5,0,0,1.0036286690879788,1.0
denoising-dirty-documents__dee39489ceb240ffabbd9e9f3e2deb47,cards_senior_0731.jsonl:13,denoising-dirty-documents,hard,full_continue,2,1,0,0,2,0,denoising-dirty-documents__5549e4182535479794bbe510d212e280|denoising-dirty-documents__9ae54f31fa5043d6bf6288f9b2b031c2,,1.0,1.0,,,1.0,3548.303095214069,240.3,0,0,1.0677225122972487,1.0
denoising-dirty-documents__dee39489ceb240ffabbd9e9f3e2deb47,cards_senior_0731.jsonl:13,denoising-dirty-documents,hard,observed_only,2,1,0,0,2,0,denoising-dirty-documents__5549e4182535479794bbe510d212e280|denoising-dirty-documents__9ae54f31fa5043d6bf6288f9b2b031c2,,1.0,1.0,,,1.0,3548.303095214069,240.3,0,0,1.0677225122972487,1.0
denoising-dirty-documents__dee39489ceb240ffabbd9e9f3e2deb47,cards_senior_0731.jsonl:13,denoising-dirty-documents,hard,censor_aware,2,1,0,0,2,0,denoising-dirty-documents__5549e4182535479794bbe510d212e280|denoising-dirty-documents__9ae54f31fa5043d6bf6288f9b2b031c2,,1.0,1.0,1.0,1.0,1.0,3548.303095214069,240.3,0,0,1.0677225122972487,1.0
denoising-dirty-documents__e8ac693c1f134f9fbede2c6e3b7605cf,cards_senior_0804.jsonl:24,denoising-dirty-documents,easy,full_continue,2,1,0,0,2,0,denoising-dirty-documents__9b6a53da44cf4a7c909704e35cc9a7b0|denoising-dirty-documents__d900b645d2f84cf2b3f0f905f2e0f5bc,,1.0,1.0,,,1.0,5915.726876862347,240.2,0,0,1.0406036324867316,1.0
denoising-dirty-documents__e8ac693c1f134f9fbede2c6e3b7605cf,cards_senior_0804.jsonl:24,denoising-dirty-documents,easy,observed_only,2,1,0,0,2,0,denoising-dirty-documents__9b6a53da44cf4a7c909704e35cc9a7b0|denoising-dirty-documents__d900b645d2f84cf2b3f0f905f2e0f5bc,,1.0,1.0,,,1.0,5915.726876862347,240.2,0,0,1.0406036324867316,1.0
denoising-dirty-documents__e8ac693c1f134f9fbede2c6e3b7605cf,cards_senior_0804.jsonl:24,denoising-dirty-documents,easy,censor_aware,2,1,0,0,2,0,denoising-dirty-documents__9b6a53da44cf4a7c909704e35cc9a7b0|denoising-dirty-documents__d900b645d2f84cf2b3f0f905f2e0f5bc,,1.0,1.0,1.0,1.0,1.0,5915.726876862347,240.2,0,0,1.0406036324867316,1.0
denoising-dirty-documents__ec447d8baa434d0faf493d69c4e88a48,cards_senior_0727.jsonl:16,denoising-dirty-documents,hard,full_continue,2,1,0,0,2,0,denoising-dirty-documents__676afd4f1b2048cfa3bb87a9501c0de8|denoising-dirty-documents__9122d7821f0d4e59b227733c2554700b,,1.0,1.0,,,1.0,5896.142553918064,240.2,0,0,1.0407384994177904,1.0
denoising-dirty-documents__ec447d8baa434d0faf493d69c4e88a48,cards_senior_0727.jsonl:16,denoising-dirty-documents,hard,observed_only,2,1,0,0,2,0,denoising-dirty-documents__676afd4f1b2048cfa3bb87a9501c0de8|denoising-dirty-documents__9122d7821f0d4e59b227733c2554700b,,1.0,1.0,,,1.0,5896.142553918064,240.2,0,0,1.0407384994177904,1.0
denoising-dirty-documents__ec447d8baa434d0faf493d69c4e88a48,cards_senior_0727.jsonl:16,denoising-dirty-documents,hard,censor_aware,2,1,0,0,2,0,denoising-dirty-documents__676afd4f1b2048cfa3bb87a9501c0de8|denoising-dirty-documents__9122d7821f0d4e59b227733c2554700b,,1.0,1.0,1.0,1.0,1.0,5896.142553918064,240.2,0,0,1.0407384994177904,1.0
denoising-dirty-documents__fa4eee2f776a44efb0fe1e4e15339553,cards_senior_0731.jsonl:13,denoising-dirty-documents,hard,full_continue,2,1,0,0,2,0,denoising-dirty-documents__6dd95edcab0e45559bb741b08b038a76|denoising-dirty-documents__f39ee4ce2db14bc68771c9773ec0a47f,,1.0,1.0,,,1.0,7291.400309048593,240.2,0,0,1.0329429176590281,1.0
denoising-dirty-documents__fa4eee2f776a44efb0fe1e4e15339553,cards_senior_0731.jsonl:13,denoising-dirty-documents,hard,observed_only,2,1,0,0,2,0,denoising-dirty-documents__6dd95edcab0e45559bb741b08b038a76|denoising-dirty-documents__f39ee4ce2db14bc68771c9773ec0a47f,,1.0,1.0,,,1.0,7291.400309048593,240.2,0,0,1.0329429176590281,1.0
denoising-dirty-documents__fa4eee2f776a44efb0fe1e4e15339553,cards_senior_0731.jsonl:13,denoising-dirty-documents,hard,censor_aware,2,1,0,0,2,0,denoising-dirty-documents__6dd95edcab0e45559bb741b08b038a76|denoising-dirty-documents__f39ee4ce2db14bc68771c9773ec0a47f,,1.0,1.0,1.0,1.0,1.0,7291.400309048593,240.2,0,0,1.0329429176590281,1.0
google-quest-challenge__09e3c19539104671ae6c7ac3d25ba513,cards_senior_0806.jsonl:8,google-quest-challenge,easy,full_continue,2,1,0,0,2,0,google-quest-challenge__cfdb38bd32284dd1b14ffe5f63059aa2|google-quest-challenge__e056f23b7e7345cc99b98ec98dbc0224,,1.0,1.0,,,1.0,2106.5476160738617,240.3,0,0,1.1140729021107372,1.0
google-quest-challenge__09e3c19539104671ae6c7ac3d25ba513,cards_senior_0806.jsonl:8,google-quest-challenge,easy,observed_only,2,1,0,0,2,0,google-quest-challenge__cfdb38bd32284dd1b14ffe5f63059aa2|google-quest-challenge__e056f23b7e7345cc99b98ec98dbc0224,,1.0,1.0,,,1.0,2106.5476160738617,240.3,0,0,1.1140729021107372,1.0
google-quest-challenge__09e3c19539104671ae6c7ac3d25ba513,cards_senior_0806.jsonl:8,google-quest-challenge,easy,censor_aware,2,1,0,0,2,0,google-quest-challenge__cfdb38bd32284dd1b14ffe5f63059aa2|google-quest-challenge__e056f23b7e7345cc99b98ec98dbc0224,,1.0,1.0,1.0,1.0,1.0,2106.5476160738617,240.3,0,0,1.1140729021107372,1.0
google-quest-challenge__54d5e9cda21a4099a4d5c8a5900b642d,cards_senior_0731.jsonl:8,google-quest-challenge,hard,full_continue,2,1,0,0,2,0,google-quest-challenge__9c121e84fa5a451e87b48f608b215dd4|google-quest-challenge__af65cdfcccea47739bbbd7014fb7f5d6,,1.0,1.0,,,1.0,11458.130039536976,240.4,0,0,1.0209807358766645,1.0
google-quest-challenge__54d5e9cda21a4099a4d5c8a5900b642d,cards_senior_0731.jsonl:8,google-quest-challenge,hard,observed_only,2,1,0,0,2,0,google-quest-challenge__9c121e84fa5a451e87b48f608b215dd4|google-quest-challenge__af65cdfcccea47739bbbd7014fb7f5d6,,1.0,1.0,,,1.0,11458.130039536976,240.4,0,0,1.0209807358766645,1.0
google-quest-challenge__54d5e9cda21a4099a4d5c8a5900b642d,cards_senior_0731.jsonl:8,google-quest-challenge,hard,censor_aware,2,1,0,0,2,0,google-quest-challenge__9c121e84fa5a451e87b48f608b215dd4|google-quest-challenge__af65cdfcccea47739bbbd7014fb7f5d6,,1.0,1.0,1.0,1.0,1.0,11458.130039536976,240.4,0,0,1.0209807358766645,1.0
google-quest-challenge__59d05421af854a3ebf13a049f852fca7,cards_senior_0731.jsonl:8,google-quest-challenge,easy,full_continue,2,1,1,1,2,0,google-quest-challenge__6ba46794dff84b4aa036ddff694451c2|google-quest-challenge__d18100348572434fbfa74d3d01008623,,1.0,1.0,,,1.0,4621.799937464006,160.9,0,0,1.0348132766837774,1.0
google-quest-challenge__59d05421af854a3ebf13a049f852fca7,cards_senior_0731.jsonl:8,google-quest-challenge,easy,observed_only,2,1,1,1,1,1,google-quest-challenge__6ba46794dff84b4aa036ddff694451c2,google-quest-challenge__d18100348572434fbfa74d3d01008623,0.0,0.0,,,0.5,4621.799937464006,160.9,4600.380839613004,4480.080839613004,0.03944763951661664,0.030663183125309204
google-quest-challenge__59d05421af854a3ebf13a049f852fca7,cards_senior_0731.jsonl:8,google-quest-challenge,easy,censor_aware,2,1,1,1,2,0,google-quest-challenge__6ba46794dff84b4aa036ddff694451c2|google-quest-challenge__d18100348572434fbfa74d3d01008623,,1.0,1.0,1.0,1.0,1.0,4621.799937464006,160.9,0,0,1.0348132766837774,1.0
google-quest-challenge__5bbb739e789e4195ab45d5c9d9e4ef0e,cards_senior_0731.jsonl:8,google-quest-challenge,easy,full_continue,2,1,1,1,2,0,google-quest-challenge__b0136f10f1e34af1bea8d3b95494444d|google-quest-challenge__c0db78dfced24417a26a9268ac68ca83,,1.0,1.0,,,1.0,774.2440649799828,163.3,0,0,1.2109154043101666,1.0
google-quest-challenge__5bbb739e789e4195ab45d5c9d9e4ef0e,cards_senior_0731.jsonl:8,google-quest-challenge,easy,observed_only,2,1,1,1,1,1,google-quest-challenge__c0db78dfced24417a26a9268ac68ca83,google-quest-challenge__b0136f10f1e34af1bea8d3b95494444d,0.0,0.0,,,0.5,774.2440649799828,163.3,736.4574767790036,616.1574767790037,0.25971989621409375,0.20418185343799353
google-quest-challenge__5bbb739e789e4195ab45d5c9d9e4ef0e,cards_senior_0731.jsonl:8,google-quest-challenge,easy,censor_aware,2,1,1,1,2,0,google-quest-challenge__b0136f10f1e34af1bea8d3b95494444d|google-quest-challenge__c0db78dfced24417a26a9268ac68ca83,,1.0,1.0,1.0,1.0,1.0,774.2440649799828,163.3,0,0,1.2109154043101666,1.0
google-quest-challenge__9c121e84fa5a451e87b48f608b215dd4,cards_senior_0731.jsonl:8,google-quest-challenge,hard,full_continue,2,1,0,0,2,0,google-quest-challenge__0f314d3d03ab4226be148679544edf63|google-quest-challenge__43f44abea2d04a8e993bbcf60a6646d7,,1.0,1.0,,,1.0,9685.27632703996,240.3,0,0,1.0248108563850795,1.0
google-quest-challenge__9c121e84fa5a451e87b48f608b215dd4,cards_senior_0731.jsonl:8,google-quest-challenge,hard,observed_only,2,1,0,0,2,0,google-quest-challenge__0f314d3d03ab4226be148679544edf63|google-quest-challenge__43f44abea2d04a8e993bbcf60a6646d7,,1.0,1.0,,,1.0,9685.27632703996,240.3,0,0,1.0248108563850795,1.0
google-quest-challenge__9c121e84fa5a451e87b48f608b215dd4,cards_senior_0731.jsonl:8,google-quest-challenge,hard,censor_aware,2,1,0,0,2,0,google-quest-challenge__0f314d3d03ab4226be148679544edf63|google-quest-challenge__43f44abea2d04a8e993bbcf60a6646d7,,1.0,1.0,1.0,1.0,1.0,9685.27632703996,240.3,0,0,1.0248108563850795,1.0
google-quest-challenge__9f74747856c543728a41fbad7c6faf26,cards_senior_0731.jsonl:8,google-quest-challenge,hard,full_continue,2,1,0,0,2,0,google-quest-challenge__5e9ca53a965341de95e27ea6a40732c6|google-quest-challenge__d47652578a9f4b8e896dcf77a27f1573,,1.0,1.0,,,1.0,12778.345358970982,240.4,0,0,1.0188130773779116,1.0
google-quest-challenge__9f74747856c543728a41fbad7c6faf26,cards_senior_0731.jsonl:8,google-quest-challenge,hard,observed_only,2,1,0,0,2,0,google-quest-challenge__5e9ca53a965341de95e27ea6a40732c6|google-quest-challenge__d47652578a9f4b8e896dcf77a27f1573,,1.0,1.0,,,1.0,12778.345358970982,240.4,0,0,1.0188130773779116,1.0
google-quest-challenge__9f74747856c543728a41fbad7c6faf26,cards_senior_0731.jsonl:8,google-quest-challenge,hard,censor_aware,2,1,0,0,2,0,google-quest-challenge__5e9ca53a965341de95e27ea6a40732c6|google-quest-challenge__d47652578a9f4b8e896dcf77a27f1573,,1.0,1.0,1.0,1.0,1.0,12778.345358970982,240.4,0,0,1.0188130773779116,1.0
google-quest-challenge__af65cdfcccea47739bbbd7014fb7f5d6,cards_senior_0731.jsonl:8,google-quest-challenge,hard,full_continue,2,1,0,0,2,0,google-quest-challenge__3d3145e426b04dc1a112c0832c002be2|google-quest-challenge__9f74747856c543728a41fbad7c6faf26,,1.0,1.0,,,1.0,12051.353250257991,240.3,0,0,1.019939669430473,1.0
google-quest-challenge__af65cdfcccea47739bbbd7014fb7f5d6,cards_senior_0731.jsonl:8,google-quest-challenge,hard,observed_only,2,1,0,0,2,0,google-quest-challenge__3d3145e426b04dc1a112c0832c002be2|google-quest-challenge__9f74747856c543728a41fbad7c6faf26,,1.0,1.0,,,1.0,12051.353250257991,240.3,0,0,1.019939669430473,1.0
google-quest-challenge__af65cdfcccea47739bbbd7014fb7f5d6,cards_senior_0731.jsonl:8,google-quest-challenge,hard,censor_aware,2,1,0,0,2,0,google-quest-challenge__3d3145e426b04dc1a112c0832c002be2|google-quest-challenge__9f74747856c543728a41fbad7c6faf26,,1.0,1.0,1.0,1.0,1.0,12051.353250257991,240.3,0,0,1.019939669430473,1.0
kuzushiji-recognition__121ed223cdb04e059635cad9a797bd87,cards_senior_0806.jsonl:13,kuzushiji-recognition,easy,full_continue,2,1,0,0,2,0,kuzushiji-recognition__181e0d660b9d488cbc03cfdf2e2dee1c|kuzushiji-recognition__d986962a7a4d47e0ad49cda82797dbe8,,1.0,1.0,,,1.0,3921.0252232720377,172.7,0,0,1.0440446031754633,1.0
kuzushiji-recognition__121ed223cdb04e059635cad9a797bd87,cards_senior_0806.jsonl:13,kuzushiji-recognition,easy,observed_only,2,1,0,0,2,0,kuzushiji-recognition__181e0d660b9d488cbc03cfdf2e2dee1c|kuzushiji-recognition__d986962a7a4d47e0ad49cda82797dbe8,,1.0,1.0,,,1.0,3921.0252232720377,172.7,0,0,1.0440446031754633,1.0
kuzushiji-recognition__121ed223cdb04e059635cad9a797bd87,cards_senior_0806.jsonl:13,kuzushiji-recognition,easy,censor_aware,2,1,0,0,2,0,kuzushiji-recognition__181e0d660b9d488cbc03cfdf2e2dee1c|kuzushiji-recognition__d986962a7a4d47e0ad49cda82797dbe8,,1.0,1.0,1.0,1.0,1.0,3921.0252232720377,172.7,0,0,1.0440446031754633,1.0
kuzushiji-recognition__4dd7be980ff84ddba2cf9058c2885427,cards_senior_0804.jsonl:10,kuzushiji-recognition,hard,full_continue,2,1,0,0,2,0,kuzushiji-recognition__73e99f460e924a9e88321f1949932b3b|kuzushiji-recognition__9524d52febcd4295ad84c4af399e1324,,1.0,1.0,,,1.0,4745.1295155209955,240.4,0,0,1.050662473851065,1.0
kuzushiji-recognition__4dd7be980ff84ddba2cf9058c2885427,cards_senior_0804.jsonl:10,kuzushiji-recognition,hard,observed_only,2,1,0,0,2,0,kuzushiji-recognition__73e99f460e924a9e88321f1949932b3b|kuzushiji-recognition__9524d52febcd4295ad84c4af399e1324,,1.0,1.0,,,1.0,4745.1295155209955,240.4,0,0,1.050662473851065,1.0
kuzushiji-recognition__4dd7be980ff84ddba2cf9058c2885427,cards_senior_0804.jsonl:10,kuzushiji-recognition,hard,censor_aware,2,1,0,0,2,0,kuzushiji-recognition__73e99f460e924a9e88321f1949932b3b|kuzushiji-recognition__9524d52febcd4295ad84c4af399e1324,,1.0,1.0,1.0,1.0,1.0,4745.1295155209955,240.4,0,0,1.050662473851065,1.0
kuzushiji-recognition__ad92a6e36fda4465b4ac7e307e5a71cb,cards_senior_0806.jsonl:13,kuzushiji-recognition,easy,full_continue,2,1,0,0,2,0,kuzushiji-recognition__182f4cda0713445da9215b141532d19c|kuzushiji-recognition__2f8ad4b6f65e4c7b8d9da78aec6a8d9a,,1.0,1.0,,,1.0,3844.2719122660346,240.4,0,0,1.0625345983547492,1.0
kuzushiji-recognition__ad92a6e36fda4465b4ac7e307e5a71cb,cards_senior_0806.jsonl:13,kuzushiji-recognition,easy,observed_only,2,1,0,0,2,0,kuzushiji-recognition__182f4cda0713445da9215b141532d19c|kuzushiji-recognition__2f8ad4b6f65e4c7b8d9da78aec6a8d9a,,1.0,1.0,,,1.0,3844.2719122660346,240.4,0,0,1.0625345983547492,1.0
kuzushiji-recognition__ad92a6e36fda4465b4ac7e307e5a71cb,cards_senior_0806.jsonl:13,kuzushiji-recognition,easy,censor_aware,2,1,0,0,2,0,kuzushiji-recognition__182f4cda0713445da9215b141532d19c|kuzushiji-recognition__2f8ad4b6f65e4c7b8d9da78aec6a8d9a,,1.0,1.0,1.0,1.0,1.0,3844.2719122660346,240.4,0,0,1.0625345983547492,1.0
kuzushiji-recognition__eeaa6bfc07634ea58702ac333e168a6a,cards_senior_0804.jsonl:10,kuzushiji-recognition,easy,full_continue,2,1,0,0,2,0,kuzushiji-recognition__4dd7be980ff84ddba2cf9058c2885427|kuzushiji-recognition__d6f23b0dbc6b4334a0ff06e695764651,,1.0,1.0,,,1.0,2680.9472773440066,240.4,0,0,1.0896697976985816,1.0
kuzushiji-recognition__eeaa6bfc07634ea58702ac333e168a6a,cards_senior_0804.jsonl:10,kuzushiji-recognition,easy,observed_only,2,1,0,0,2,0,kuzushiji-recognition__4dd7be980ff84ddba2cf9058c2885427|kuzushiji-recognition__d6f23b0dbc6b4334a0ff06e695764651,,1.0,1.0,,,1.0,2680.9472773440066,240.4,0,0,1.0896697976985816,1.0
kuzushiji-recognition__eeaa6bfc07634ea58702ac333e168a6a,cards_senior_0804.jsonl:10,kuzushiji-recognition,easy,censor_aware,2,1,0,0,2,0,kuzushiji-recognition__4dd7be980ff84ddba2cf9058c2885427|kuzushiji-recognition__d6f23b0dbc6b4334a0ff06e695764651,,1.0,1.0,1.0,1.0,1.0,2680.9472773440066,240.4,0,0,1.0896697976985816,1.0
leaf-classification__239c7e7b1c754e3c964e2a79deca5005,cards_senior_0808.jsonl:34,leaf-classification,hard,full_continue,3,1,3,3,3,0,leaf-classification__057eea44bbc44c398d28cb637cf4dc58|leaf-classification__73e11f5203254134a921f4cb4cf0f43f|leaf-classification__d7f05a7d1c444f3b83fc5cb5e0070510,,1.0,1.0,,,1.0,176.68188110366464,107.4,0,0,1.607872178681328,1.0
leaf-classification__239c7e7b1c754e3c964e2a79deca5005,cards_senior_0808.jsonl:34,leaf-classification,hard,observed_only,3,1,3,3,1,2,leaf-classification__73e11f5203254134a921f4cb4cf0f43f,leaf-classification__057eea44bbc44c398d28cb637cf4dc58|leaf-classification__d7f05a7d1c444f3b83fc5cb5e0070510,1.0,1.0,,,0.3333333333333333,176.68188110366464,107.4,85.41747966688126,31.917479666881263,1.1244186455102372,0.819350578183202
leaf-classification__239c7e7b1c754e3c964e2a79deca5005,cards_senior_0808.jsonl:34,leaf-classification,hard,censor_aware,3,1,3,3,1,2,leaf-classification__73e11f5203254134a921f4cb4cf0f43f,leaf-classification__057eea44bbc44c398d28cb637cf4dc58|leaf-classification__d7f05a7d1c444f3b83fc5cb5e0070510,1.0,1.0,0.33333333333333337,0.3333333333333333,0.3333333333333333,176.68188110366464,107.4,85.41747966688126,31.917479666881263,1.1244186455102372,0.819350578183202
leaf-classification__3c164f72f3244432b38a52ea18357921,cards_senior_0808.jsonl:34,leaf-classification,hard,full_continue,3,2,3,3,3,0,leaf-classification__0012a07f48b648679734623e5e3acbee|leaf-classification__156c3f5007194dec993c6183a80af50f|leaf-classification__6a0fb84e84c54521889bbf92076512f0,,1.0,1.0,,,1.0,168.19164774939418,106.60000000000001,0,0,1.6338007946674866,1.0
leaf-classification__3c164f72f3244432b38a52ea18357921,cards_senior_0808.jsonl:34,leaf-classification,hard,observed_only,3,2,3,3,2,1,leaf-classification__0012a07f48b648679734623e5e3acbee|leaf-classification__156c3f5007194dec993c6183a80af50f,leaf-classification__6a0fb84e84c54521889bbf92076512f0,1.0,1.0,,,0.6666666666666666,168.19164774939418,106.60000000000001,29.64043547026813,3.940435470268131,1.4575706675066396,0.9765717529794381
leaf-classification__3c164f72f3244432b38a52ea18357921,cards_senior_0808.jsonl:34,leaf-classification,hard,censor_aware,3,2,3,3,2,1,leaf-classification__0012a07f48b648679734623e5e3acbee|leaf-classification__156c3f5007194dec993c6183a80af50f,leaf-classification__6a0fb84e84c54521889bbf92076512f0,1.0,1.0,1.0,0.6666666666666666,0.6666666666666666,168.19164774939418,106.60000000000001,29.64043547026813,3.940435470268131,1.4575706675066396,0.9765717529794381
leaf-classification__6ab44b6035424b84aa5f92009d7da965,cards_senior_0808.jsonl:34,leaf-classification,easy,full_continue,2,1,2,2,2,0,leaf-classification__991d5e2597c6435aa1d658f2f46639f1|leaf-classification__ee501d742baa4e5eb3737e1746896c43,,1.0,1.0,,,1.0,192.05969121307135,160.9,0,0,1.8377603805553204,1.0
leaf-classification__6ab44b6035424b84aa5f92009d7da965,cards_senior_0808.jsonl:34,leaf-classification,easy,observed_only,2,1,2,2,1,1,leaf-classification__991d5e2597c6435aa1d658f2f46639f1,leaf-classification__ee501d742baa4e5eb3737e1746896c43,1.0,1.0,,,0.5,192.05969121307135,160.9,83.97283122781664,14.072831227816636,1.4005378134594635,0.9267267840590027
leaf-classification__6ab44b6035424b84aa5f92009d7da965,cards_senior_0808.jsonl:34,leaf-classification,easy,censor_aware,2,1,2,2,1,1,leaf-classification__991d5e2597c6435aa1d658f2f46639f1,leaf-classification__ee501d742baa4e5eb3737e1746896c43,1.0,1.0,0.5,0.5,0.5,192.05969121307135,160.9,83.97283122781664,14.072831227816636,1.4005378134594635,0.9267267840590027
leaf-classification__abd955fe1fad4d7a9b4bac2c62a6b1ae,cards_senior_0808.jsonl:34,leaf-classification,easy,full_continue,2,1,2,2,2,0,leaf-classification__494524617b54420f82384eeeca1bb3f8|leaf-classification__eed56a4de8c846d199c496cea22662c6,,1.0,1.0,,,1.0,50.29974092915654,44.3,0,0,1.8807202419271556,1.0
leaf-classification__abd955fe1fad4d7a9b4bac2c62a6b1ae,cards_senior_0808.jsonl:34,leaf-classification,easy,observed_only,2,1,2,2,1,1,leaf-classification__494524617b54420f82384eeeca1bb3f8,leaf-classification__eed56a4de8c846d199c496cea22662c6,1.0,1.0,,,0.5,50.29974092915654,44.3,19.067045900970697,0.967045900970696,1.50165177062379,0.9807743363463302
leaf-classification__abd955fe1fad4d7a9b4bac2c62a6b1ae,cards_senior_0808.jsonl:34,leaf-classification,easy,censor_aware,2,1,2,2,1,1,leaf-classification__494524617b54420f82384eeeca1bb3f8,leaf-classification__eed56a4de8c846d199c496cea22662c6,1.0,1.0,0.5,0.5,0.5,50.29974092915654,44.3,19.067045900970697,0.967045900970696,1.50165177062379,0.9807743363463302
leaf-classification__f0411bcb7c8d46b38b6395c0a137f9fd,cards_senior_0808.jsonl:34,leaf-classification,hard,full_continue,3,1,3,3,3,0,leaf-classification__60b488f9620146388be7609e453aee44|leaf-classification__b98b686b95184ee98e13a7e8b7ed4368|leaf-classification__dd2c3d9b946e4ada942d99bcabfe7d98,,1.0,1.0,,,1.0,320.5955135989934,148.7,0,0,1.4638243321957294,1.0
leaf-classification__f0411bcb7c8d46b38b6395c0a137f9fd,cards_senior_0808.jsonl:34,leaf-classification,hard,observed_only,3,1,3,3,1,2,leaf-classification__60b488f9620146388be7609e453aee44,leaf-classification__b98b686b95184ee98e13a7e8b7ed4368|leaf-classification__dd2c3d9b946e4ada942d99bcabfe7d98,1.0,1.0,,,0.3333333333333333,320.5955135989934,148.7,194.92828295286745,113.32828295286744,0.8558049598576397,0.6465069592501519
leaf-classification__f0411bcb7c8d46b38b6395c0a137f9fd,cards_senior_0808.jsonl:34,leaf-classification,hard,censor_aware,3,1,3,3,1,2,leaf-classification__60b488f9620146388be7609e453aee44,leaf-classification__b98b686b95184ee98e13a7e8b7ed4368|leaf-classification__dd2c3d9b946e4ada942d99bcabfe7d98,1.0,1.0,0.33333333333333337,0.3333333333333333,0.3333333333333333,320.5955135989934,148.7,194.92828295286745,113.32828295286744,0.8558049598576397,0.6465069592501519
leaf-classification__fc1a4fb5b3cd4cedafd1b81e84071adf,cards_senior_0808.jsonl:33,leaf-classification,easy,full_continue,2,1,1,1,2,0,leaf-classification__04ab1a90eab841ddb77c99d84c5e1463|leaf-classification__8d613d315033481d990dc9c0af53620a,,1.0,1.0,,,1.0,1580.8765425961465,134.0,0,0,1.0847631022343736,1.0
leaf-classification__fc1a4fb5b3cd4cedafd1b81e84071adf,cards_senior_0808.jsonl:33,leaf-classification,easy,observed_only,2,1,1,1,1,1,leaf-classification__8d613d315033481d990dc9c0af53620a,leaf-classification__04ab1a90eab841ddb77c99d84c5e1463,1.0,1.0,,,0.5,1580.8765425961465,134.0,1565.617034861818,1445.617034861818,0.09441566353385927,0.08555981703176055
leaf-classification__fc1a4fb5b3cd4cedafd1b81e84071adf,cards_senior_0808.jsonl:33,leaf-classification,easy,censor_aware,2,1,1,1,2,0,leaf-classification__04ab1a90eab841ddb77c99d84c5e1463|leaf-classification__8d613d315033481d990dc9c0af53620a,,1.0,1.0,1.0,1.0,1.0,1580.8765425961465,134.0,0,0,1.0847631022343736,1.0
learning-agency-lab-automated-essay-scoring-2__507578e20ae54b25bdde6dc425eafa7d,cards_senior_0803.jsonl:3,learning-agency-lab-automated-essay-scoring-2,easy,full_continue,2,1,0,0,2,0,learning-agency-lab-automated-essay-scoring-2__70e2d9903c9a4c9cbeb84d1deb7775c2|learning-agency-lab-automated-essay-scoring-2__ec12b99e12db4b4fa87adb2a6ce1a191,,1.0,1.0,,,1.0,5880.804950714111,61.7,0,0,1.010491760994812,1.0
learning-agency-lab-automated-essay-scoring-2__507578e20ae54b25bdde6dc425eafa7d,cards_senior_0803.jsonl:3,learning-agency-lab-automated-essay-scoring-2,easy,observed_only,2,1,0,0,2,0,learning-agency-lab-automated-essay-scoring-2__70e2d9903c9a4c9cbeb84d1deb7775c2|learning-agency-lab-automated-essay-scoring-2__ec12b99e12db4b4fa87adb2a6ce1a191,,1.0,1.0,,,1.0,5880.804950714111,61.7,0,0,1.010491760994812,1.0
learning-agency-lab-automated-essay-scoring-2__507578e20ae54b25bdde6dc425eafa7d,cards_senior_0803.jsonl:3,learning-agency-lab-automated-essay-scoring-2,easy,censor_aware,2,1,0,0,2,0,learning-agency-lab-automated-essay-scoring-2__70e2d9903c9a4c9cbeb84d1deb7775c2|learning-agency-lab-automated-essay-scoring-2__ec12b99e12db4b4fa87adb2a6ce1a191,,1.0,1.0,1.0,1.0,1.0,5880.804950714111,61.7,0,0,1.010491760994812,1.0
learning-agency-lab-automated-essay-scoring-2__77aac523f90d4cf5afe2eaa03733a189,cards_senior_0803.jsonl:6,learning-agency-lab-automated-essay-scoring-2,hard,full_continue,2,1,0,0,2,0,learning-agency-lab-automated-essay-scoring-2__2fd4cc3940ce4d0fb1c213b397104657|learning-agency-lab-automated-essay-scoring-2__ba54479d2a1e448e80aa38d85d4d6470,,1.0,1.0,,,1.0,2207.980604171753,240.2,0,0,1.108787187507973,1.0
learning-agency-lab-automated-essay-scoring-2__77aac523f90d4cf5afe2eaa03733a189,cards_senior_0803.jsonl:6,learning-agency-lab-automated-essay-scoring-2,hard,observed_only,2,1,0,0,2,0,learning-agency-lab-automated-essay-scoring-2__2fd4cc3940ce4d0fb1c213b397104657|learning-agency-lab-automated-essay-scoring-2__ba54479d2a1e448e80aa38d85d4d6470,,1.0,1.0,,,1.0,2207.980604171753,240.2,0,0,1.108787187507973,1.0
learning-agency-lab-automated-essay-scoring-2__77aac523f90d4cf5afe2eaa03733a189,cards_senior_0803.jsonl:6,learning-agency-lab-automated-essay-scoring-2,hard,censor_aware,2,1,0,0,2,0,learning-agency-lab-automated-essay-scoring-2__2fd4cc3940ce4d0fb1c213b397104657|learning-agency-lab-automated-essay-scoring-2__ba54479d2a1e448e80aa38d85d4d6470,,1.0,1.0,1.0,1.0,1.0,2207.980604171753,240.2,0,0,1.108787187507973,1.0
learning-agency-lab-automated-essay-scoring-2__bfdd0bd143fd4cb4ab9357441b7b4d6f,cards_senior_0808.jsonl:8,learning-agency-lab-automated-essay-scoring-2,easy,full_continue,2,1,0,0,2,0,learning-agency-lab-automated-essay-scoring-2__582b2c4449b042abbd35afa7f0161ae7|learning-agency-lab-automated-essay-scoring-2__6e8d2b60f702410b9ce09b32bd3a5b2d,,1.0,1.0,,,1.0,5939.8168885707855,137.4,0,0,1.0231320262185828,1.0
learning-agency-lab-automated-essay-scoring-2__bfdd0bd143fd4cb4ab9357441b7b4d6f,cards_senior_0808.jsonl:8,learning-agency-lab-automated-essay-scoring-2,easy,observed_only,2,1,0,0,2,0,learning-agency-lab-automated-essay-scoring-2__582b2c4449b042abbd35afa7f0161ae7|learning-agency-lab-automated-essay-scoring-2__6e8d2b60f702410b9ce09b32bd3a5b2d,,1.0,1.0,,,1.0,5939.8168885707855,137.4,0,0,1.0231320262185828,1.0
learning-agency-lab-automated-essay-scoring-2__bfdd0bd143fd4cb4ab9357441b7b4d6f,cards_senior_0808.jsonl:8,learning-agency-lab-automated-essay-scoring-2,easy,censor_aware,2,1,0,0,2,0,learning-agency-lab-automated-essay-scoring-2__582b2c4449b042abbd35afa7f0161ae7|learning-agency-lab-automated-essay-scoring-2__6e8d2b60f702410b9ce09b32bd3a5b2d,,1.0,1.0,1.0,1.0,1.0,5939.8168885707855,137.4,0,0,1.0231320262185828,1.0
learning-agency-lab-automated-essay-scoring-2__d7d7b2c80bc34005a0fec4fc67053498,cards_senior_0803.jsonl:3,learning-agency-lab-automated-essay-scoring-2,hard,full_continue,3,1,2,2,3,0,learning-agency-lab-automated-essay-scoring-2__507578e20ae54b25bdde6dc425eafa7d|learning-agency-lab-automated-essay-scoring-2__5ea8aa0cafac46408fa42d1c3e30d058|learning-agency-lab-automated-essay-scoring-2__e98c27a1655f4bbda2fc621ba07c232c,,1.0,1.0,,,1.0,5250.388808488846,168.3,0,0,1.0320547689207116,1.0
learning-agency-lab-automated-essay-scoring-2__d7d7b2c80bc34005a0fec4fc67053498,cards_senior_0803.jsonl:3,learning-agency-lab-automated-essay-scoring-2,hard,observed_only,3,1,2,2,1,2,learning-agency-lab-automated-essay-scoring-2__e98c27a1655f4bbda2fc621ba07c232c,learning-agency-lab-automated-essay-scoring-2__507578e20ae54b25bdde6dc425eafa7d|learning-agency-lab-automated-essay-scoring-2__5ea8aa0cafac46408fa42d1c3e30d058,1.0,1.0,,,0.3333333333333333,5250.388808488846,168.3,3667.4986913204193,3589.4986913204193,0.33353532110557155,0.31633659482190996
learning-agency-lab-automated-essay-scoring-2__d7d7b2c80bc34005a0fec4fc67053498,cards_senior_0803.jsonl:3,learning-agency-lab-automated-essay-scoring-2,hard,censor_aware,3,1,2,2,2,1,learning-agency-lab-automated-essay-scoring-2__507578e20ae54b25bdde6dc425eafa7d|learning-agency-lab-automated-essay-scoring-2__e98c27a1655f4bbda2fc621ba07c232c,learning-agency-lab-automated-essay-scoring-2__5ea8aa0cafac46408fa42d1c3e30d058,1.0,1.0,0.5,0.5,0.6666666666666666,5250.388808488846,168.3,1800.0001020431519,1754.0001020431519,0.6892229963226697,0.6659294833161158
learning-agency-lab-automated-essay-scoring-2__dcadeabb3745444b84238b4e3b4bf557,cards_senior_0803.jsonl:6,learning-agency-lab-automated-essay-scoring-2,hard,full_continue,2,1,0,0,2,0,learning-agency-lab-automated-essay-scoring-2__71b7798f122449e7bcd5933fe6c9d375|learning-agency-lab-automated-essay-scoring-2__77aac523f90d4cf5afe2eaa03733a189,,1.0,1.0,,,1.0,2061.1014482975006,146.0,0,0,1.0708359116047383,1.0
learning-agency-lab-automated-essay-scoring-2__dcadeabb3745444b84238b4e3b4bf557,cards_senior_0803.jsonl:6,learning-agency-lab-automated-essay-scoring-2,hard,observed_only,2,1,0,0,2,0,learning-agency-lab-automated-essay-scoring-2__71b7798f122449e7bcd5933fe6c9d375|learning-agency-lab-automated-essay-scoring-2__77aac523f90d4cf5afe2eaa03733a189,,1.0,1.0,,,1.0,2061.1014482975006,146.0,0,0,1.0708359116047383,1.0
learning-agency-lab-automated-essay-scoring-2__dcadeabb3745444b84238b4e3b4bf557,cards_senior_0803.jsonl:6,learning-agency-lab-automated-essay-scoring-2,hard,censor_aware,2,1,0,0,2,0,learning-agency-lab-automated-essay-scoring-2__71b7798f122449e7bcd5933fe6c9d375|learning-agency-lab-automated-essay-scoring-2__77aac523f90d4cf5afe2eaa03733a189,,1.0,1.0,1.0,1.0,1.0,2061.1014482975006,146.0,0,0,1.0708359116047383,1.0
learning-agency-lab-automated-essay-scoring-2__e98c27a1655f4bbda2fc621ba07c232c,cards_senior_0803.jsonl:3,learning-agency-lab-automated-essay-scoring-2,easy,full_continue,2,1,2,2,2,0,learning-agency-lab-automated-essay-scoring-2__50c87d8406ad4f17aa7b023c05d6a44c|learning-agency-lab-automated-essay-scoring-2__ca6e4102a52745a388d5d1e6a5630a60,,1.0,1.0,,,1.0,6523.93625330925,204.0,0,0,1.0312694655617645,1.0
learning-agency-lab-automated-essay-scoring-2__e98c27a1655f4bbda2fc621ba07c232c,cards_senior_0803.jsonl:3,learning-agency-lab-automated-essay-scoring-2,easy,observed_only,2,1,2,2,1,1,learning-agency-lab-automated-essay-scoring-2__50c87d8406ad4f17aa7b023c05d6a44c,learning-agency-lab-automated-essay-scoring-2__ca6e4102a52745a388d5d1e6a5630a60,0.0,0.0,,,0.5,6523.93625330925,204.0,3500.6769258975983,3380.4769258975984,0.4946797764577532,0.4818347705064009
learning-agency-lab-automated-essay-scoring-2__e98c27a1655f4bbda2fc621ba07c232c,cards_senior_0803.jsonl:3,learning-agency-lab-automated-essay-scoring-2,easy,censor_aware,2,1,2,2,1,1,learning-agency-lab-automated-essay-scoring-2__50c87d8406ad4f17aa7b023c05d6a44c,learning-agency-lab-automated-essay-scoring-2__ca6e4102a52745a388d5d1e6a5630a60,0.0,0.0,0.5,0.5,0.5,6523.93625330925,204.0,3500.6769258975983,3380.4769258975984,0.4946797764577532,0.4818347705064009
mlsp-2013-birds__2d82d79adb47473e907e8f34ad15cdb2,cards_senior_0802.jsonl:4,mlsp-2013-birds,hard,full_continue,5,1,2,2,5,0,mlsp-2013-birds__2d983a9212234554a59cec88a93e6e0b|mlsp-2013-birds__908d280fda604c43bb7a5e87420e46c3|mlsp-2013-birds__9ccfc1b22cde40db8fc67b8081d0293b|mlsp-2013-birds__9d6111ad09d84e7aa563821c26dd77b2|mlsp-2013-birds__ed8784a6a4c44472a644dcb7a4360f3b,,1.0,1.0,,,1.0,2852.5744729042053,514.6,0,0,1.180398445294957,1.0
mlsp-2013-birds__2d82d79adb47473e907e8f34ad15cdb2,cards_senior_0802.jsonl:4,mlsp-2013-birds,hard,observed_only,5,1,2,2,1,4,mlsp-2013-birds__2d983a9212234554a59cec88a93e6e0b,mlsp-2013-birds__908d280fda604c43bb7a5e87420e46c3|mlsp-2013-birds__9ccfc1b22cde40db8fc67b8081d0293b|mlsp-2013-birds__9d6111ad09d84e7aa563821c26dd77b2|mlsp-2013-birds__ed8784a6a4c44472a644dcb7a4360f3b,0.0,0.0,,,0.2,2852.5744729042053,514.6,2453.380950450897,2010.4809504508971,0.32033993542786465,0.29520474590658907
mlsp-2013-birds__2d82d79adb47473e907e8f34ad15cdb2,cards_senior_0802.jsonl:4,mlsp-2013-birds,hard,censor_aware,5,1,2,2,4,1,mlsp-2013-birds__2d983a9212234554a59cec88a93e6e0b|mlsp-2013-birds__908d280fda604c43bb7a5e87420e46c3|mlsp-2013-birds__9ccfc1b22cde40db8fc67b8081d0293b|mlsp-2013-birds__9d6111ad09d84e7aa563821c26dd77b2,mlsp-2013-birds__ed8784a6a4c44472a644dcb7a4360f3b,1.0,1.0,1.0,1.0,0.8,2852.5744729042053,514.6,572.2537176609039,489.75371766090393,0.9797888825660679,0.8283116804441267
mlsp-2013-birds__35246c86f5b347e18d24e0558af31250,cards_senior_0802.jsonl:4,mlsp-2013-birds,hard,full_continue,2,1,2,2,2,0,mlsp-2013-birds__14b366b28c65451f963287bb1c29baaf|mlsp-2013-birds__71bf705af9984d7b8bf7216cee3e9106,,1.0,1.0,,,1.0,338.68961238861084,192.1,0,0,1.5671859808312791,1.0
mlsp-2013-birds__35246c86f5b347e18d24e0558af31250,cards_senior_0802.jsonl:4,mlsp-2013-birds,hard,observed_only,2,1,2,2,1,1,mlsp-2013-birds__71bf705af9984d7b8bf7216cee3e9106,mlsp-2013-birds__14b366b28c65451f963287bb1c29baaf,0.0,0.0,,,0.5,338.68961238861084,192.1,160.48620510101318,62.486205101013184,1.0933414954064589,0.8155059889190909
mlsp-2013-birds__35246c86f5b347e18d24e0558af31250,cards_senior_0802.jsonl:4,mlsp-2013-birds,hard,censor_aware,2,1,2,2,1,1,mlsp-2013-birds__71bf705af9984d7b8bf7216cee3e9106,mlsp-2013-birds__14b366b28c65451f963287bb1c29baaf,0.0,0.0,0.5,0.5,0.5,338.68961238861084,192.1,160.48620510101318,62.486205101013184,1.0933414954064589,0.8155059889190909
mlsp-2013-birds__5c488535319e494c9944773f9016d969,cards_senior_0726.jsonl:10,mlsp-2013-birds,easy,full_continue,2,1,2,2,2,0,mlsp-2013-birds__ea104eef9b0c40dbbe70f756d236f0da|mlsp-2013-birds__f570cce01e6f4fc591ead51fb7dea6ae,,1.0,1.0,,,1.0,45.32421028614044,54.3,0,0,2.198035214672107,1.0
mlsp-2013-birds__5c488535319e494c9944773f9016d969,cards_senior_0726.jsonl:10,mlsp-2013-birds,easy,observed_only,2,1,2,2,1,1,mlsp-2013-birds__f570cce01e6f4fc591ead51fb7dea6ae,mlsp-2013-birds__ea104eef9b0c40dbbe70f756d236f0da,1.0,1.0,,,0.5,45.32421028614044,54.3,9.522501789033413,0.0,1.9879377473601336,1.0
mlsp-2013-birds__5c488535319e494c9944773f9016d969,cards_senior_0726.jsonl:10,mlsp-2013-birds,easy,censor_aware,2,1,2,2,1,1,mlsp-2013-birds__f570cce01e6f4fc591ead51fb7dea6ae,mlsp-2013-birds__ea104eef9b0c40dbbe70f756d236f0da,1.0,1.0,0.5,0.5,0.5,45.32421028614044,54.3,9.522501789033413,0.0,1.9879377473601336,1.0
mlsp-2013-birds__90f132b316fa4cf98cf1e5efee710b89,cards_senior_0728.jsonl:18,mlsp-2013-birds,easy,full_continue,3,1,0,0,3,0,mlsp-2013-birds__83676ff46373471d9a13d595e5dfabd9|mlsp-2013-birds__88f03e044884470daa459768f08242d1|mlsp-2013-birds__d8afa823f0a64069bb2ff77d64afd36d,,1.0,1.0,,,1.0,2627.1813948079944,360.4,0,0,1.1371812394500989,1.0
mlsp-2013-birds__90f132b316fa4cf98cf1e5efee710b89,cards_senior_0728.jsonl:18,mlsp-2013-birds,easy,observed_only,3,1,0,0,3,0,mlsp-2013-birds__83676ff46373471d9a13d595e5dfabd9|mlsp-2013-birds__88f03e044884470daa459768f08242d1|mlsp-2013-birds__d8afa823f0a64069bb2ff77d64afd36d,,1.0,1.0,,,1.0,2627.1813948079944,360.4,0,0,1.1371812394500989,1.0
mlsp-2013-birds__90f132b316fa4cf98cf1e5efee710b89,cards_senior_0728.jsonl:18,mlsp-2013-birds,easy,censor_aware,3,1,0,0,3,0,mlsp-2013-birds__83676ff46373471d9a13d595e5dfabd9|mlsp-2013-birds__88f03e044884470daa459768f08242d1|mlsp-2013-birds__d8afa823f0a64069bb2ff77d64afd36d,,1.0,1.0,1.0,1.0,1.0,2627.1813948079944,360.4,0,0,1.1371812394500989,1.0
mlsp-2013-birds__c5870d4b8b5442098b53fb4804d68bf5,cards_senior_0802.jsonl:4,mlsp-2013-birds,easy,full_continue,3,1,2,2,3,0,mlsp-2013-birds__3fbdbce65f5d48f6ada1b1d94fe1e6e4|mlsp-2013-birds__b058311fdf0247009ea12d70a6ae6e27|mlsp-2013-birds__de69913224174ab1ad9e79cb410ca078,,1.0,1.0,,,1.0,3161.371691942215,229.4,0,0,1.0725634383912213,1.0
mlsp-2013-birds__c5870d4b8b5442098b53fb4804d68bf5,cards_senior_0802.jsonl:4,mlsp-2013-birds,easy,observed_only,3,1,2,2,1,2,mlsp-2013-birds__de69913224174ab1ad9e79cb410ca078,mlsp-2013-birds__3fbdbce65f5d48f6ada1b1d94fe1e6e4|mlsp-2013-birds__b058311fdf0247009ea12d70a6ae6e27,0.0,0.0,,,0.3333333333333333,3161.371691942215,229.4,553.1048519611359,413.60485196113586,0.8976062027802036,0.8691691796268871
mlsp-2013-birds__c5870d4b8b5442098b53fb4804d68bf5,cards_senior_0802.jsonl:4,mlsp-2013-birds,easy,censor_aware,3,1,2,2,2,1,mlsp-2013-birds__3fbdbce65f5d48f6ada1b1d94fe1e6e4|mlsp-2013-birds__de69913224174ab1ad9e79cb410ca078,mlsp-2013-birds__b058311fdf0247009ea12d70a6ae6e27,1.0,1.0,1.0,1.0,0.6666666666666666,3161.371691942215,229.4,98.17574787139893,78.77574787139892,1.041508644005091,0.9750817823566319
mlsp-2013-birds__cbc262e729334ecdaf84f39d41db9d23,cards_senior_0802.jsonl:4,mlsp-2013-birds,hard,full_continue,4,1,2,2,4,0,mlsp-2013-birds__232a055870ca4572b7fc070264a338eb|mlsp-2013-birds__3f1b6baa29ee48bfba34b73ebe2933b6|mlsp-2013-birds__c9597f7b1aef4ebb8bd655c3ace5bf8a|mlsp-2013-birds__d3547e171d7243b1a0e4f77c3c6fe74b,,1.0,1.0,,,1.0,849.3103153705597,471.09999999999997,0,0,1.5546853623159584,1.0
mlsp-2013-birds__cbc262e729334ecdaf84f39d41db9d23,cards_senior_0802.jsonl:4,mlsp-2013-birds,hard,observed_only,4,1,2,2,1,3,mlsp-2013-birds__d3547e171d7243b1a0e4f77c3c6fe74b,mlsp-2013-birds__232a055870ca4572b7fc070264a338eb|mlsp-2013-birds__3f1b6baa29ee48bfba34b73ebe2933b6|mlsp-2013-birds__c9597f7b1aef4ebb8bd655c3ace5bf8a,0.0,0.0,,,0.25,849.3103153705597,471.09999999999997,655.6211261749268,304.3211261749268,0.7827400387873318,0.6416844106713228
mlsp-2013-birds__cbc262e729334ecdaf84f39d41db9d23,cards_senior_0802.jsonl:4,mlsp-2013-birds,hard,censor_aware,4,1,2,2,3,1,mlsp-2013-birds__3f1b6baa29ee48bfba34b73ebe2933b6|mlsp-2013-birds__c9597f7b1aef4ebb8bd655c3ace5bf8a|mlsp-2013-birds__d3547e171d7243b1a0e4f77c3c6fe74b,mlsp-2013-birds__232a055870ca4572b7fc070264a338eb,1.0,1.0,1.0,1.0,0.75,849.3103153705597,471.09999999999997,202.91797614097595,91.81797614097596,1.3157644726615787,0.8918911327470277
nomad2018-predict-transparent-conductors__1265133eace24ca18de1ac9288f5a1e5,cards_senior_0805seq.jsonl:17,nomad2018-predict-transparent-conductors,easy,full_continue,2,1,1,1,2,0,nomad2018-predict-transparent-conductors__0b445119bd14461e8d644cd7865ce956|nomad2018-predict-transparent-conductors__d5916b67aaf1483c872bc47cefc07f85,,1.0,1.0,,,1.0,491.8794282237068,190.39999999999998,0,0,1.3870867311682042,1.0
nomad2018-predict-transparent-conductors__1265133eace24ca18de1ac9288f5a1e5,cards_senior_0805seq.jsonl:17,nomad2018-predict-transparent-conductors,easy,observed_only,2,1,1,1,1,1,nomad2018-predict-transparent-conductors__0b445119bd14461e8d644cd7865ce956,nomad2018-predict-transparent-conductors__d5916b67aaf1483c872bc47cefc07f85,0.0,0.0,,,0.5,491.8794282237068,190.39999999999998,405.19008619803935,285.09008619803933,0.5633277712513871,0.42040656746396726
nomad2018-predict-transparent-conductors__1265133eace24ca18de1ac9288f5a1e5,cards_senior_0805seq.jsonl:17,nomad2018-predict-transparent-conductors,easy,censor_aware,2,1,1,1,2,0,nomad2018-predict-transparent-conductors__0b445119bd14461e8d644cd7865ce956|nomad2018-predict-transparent-conductors__d5916b67aaf1483c872bc47cefc07f85,,1.0,1.0,1.0,1.0,1.0,491.8794282237068,190.39999999999998,0,0,1.3870867311682042,1.0
nomad2018-predict-transparent-conductors__a396aa16cb464d688b0d8516787a5fac,cards_senior_0805seq.jsonl:19,nomad2018-predict-transparent-conductors,hard,full_continue,2,1,2,2,2,0,nomad2018-predict-transparent-conductors__5598d009668c49b6a7c0fb26075bb5e5|nomad2018-predict-transparent-conductors__71f9051c0d944fdfb6aafbbd874504df,,1.0,1.0,,,1.0,932.5216052178293,87.4,0,0,1.0937243700424335,1.0
nomad2018-predict-transparent-conductors__a396aa16cb464d688b0d8516787a5fac,cards_senior_0805seq.jsonl:19,nomad2018-predict-transparent-conductors,hard,observed_only,2,1,2,2,1,1,nomad2018-predict-transparent-conductors__71f9051c0d944fdfb6aafbbd874504df,nomad2018-predict-transparent-conductors__5598d009668c49b6a7c0fb26075bb5e5,1.0,1.0,,,0.5,932.5216052178293,87.4,442.44071517232805,399.24071517232807,0.6192681079068474,0.5718697422789806
nomad2018-predict-transparent-conductors__a396aa16cb464d688b0d8516787a5fac,cards_senior_0805seq.jsonl:19,nomad2018-predict-transparent-conductors,hard,censor_aware,2,1,2,2,1,1,nomad2018-predict-transparent-conductors__71f9051c0d944fdfb6aafbbd874504df,nomad2018-predict-transparent-conductors__5598d009668c49b6a7c0fb26075bb5e5,1.0,1.0,0.5,0.5,0.5,932.5216052178293,87.4,442.44071517232805,399.24071517232807,0.6192681079068474,0.5718697422789806
nomad2018-predict-transparent-conductors__b9e345a509784184a1c3d92ffad28c91,cards_senior_0805seq.jsonl:19,nomad2018-predict-transparent-conductors,easy,full_continue,2,1,2,2,2,0,nomad2018-predict-transparent-conductors__2fa45c41870740aaa5179d06e3daa1f2|nomad2018-predict-transparent-conductors__ab835174b2654d69bfb2ad1ff8779042,,1.0,1.0,,,1.0,181.72186055593193,91.4,0,0,1.5029664550009827,1.0
nomad2018-predict-transparent-conductors__b9e345a509784184a1c3d92ffad28c91,cards_senior_0805seq.jsonl:19,nomad2018-predict-transparent-conductors,easy,observed_only,2,1,2,2,1,1,nomad2018-predict-transparent-conductors__2fa45c41870740aaa5179d06e3daa1f2,nomad2018-predict-transparent-conductors__ab835174b2654d69bfb2ad1ff8779042,1.0,1.0,,,0.5,181.72186055593193,91.4,78.56349931191653,34.26349931191653,1.0706381755547376,0.8114508666866164
nomad2018-predict-transparent-conductors__b9e345a509784184a1c3d92ffad28c91,cards_senior_0805seq.jsonl:19,nomad2018-predict-transparent-conductors,easy,censor_aware,2,1,2,2,1,1,nomad2018-predict-transparent-conductors__2fa45c41870740aaa5179d06e3daa1f2,nomad2018-predict-transparent-conductors__ab835174b2654d69bfb2ad1ff8779042,1.0,1.0,0.5,0.5,0.5,181.72186055593193,91.4,78.56349931191653,34.26349931191653,1.0706381755547376,0.8114508666866164
nomad2018-predict-transparent-conductors__bddf4a264bef49469e4450b38388741c,cards_senior_0805seq.jsonl:17,nomad2018-predict-transparent-conductors,easy,full_continue,2,1,1,1,2,0,nomad2018-predict-transparent-conductors__1da1998ae9de457e96faac89241808e2|nomad2018-predict-transparent-conductors__ad9ad3eace7b4e40b52a38da1ab9fe2e,,1.0,1.0,,,1.0,833.7958321524784,146.4,0,0,1.1755825519324825,1.0
nomad2018-predict-transparent-conductors__bddf4a264bef49469e4450b38388741c,cards_senior_0805seq.jsonl:17,nomad2018-predict-transparent-conductors,easy,observed_only,2,1,1,1,1,1,nomad2018-predict-transparent-conductors__1da1998ae9de457e96faac89241808e2,nomad2018-predict-transparent-conductors__ad9ad3eace7b4e40b52a38da1ab9fe2e,0.0,0.0,,,0.5,833.7958321524784,146.4,794.1847008420154,674.0847008420154,0.22308954319220753,0.1915470492316591
nomad2018-predict-transparent-conductors__bddf4a264bef49469e4450b38388741c,cards_senior_0805seq.jsonl:17,nomad2018-predict-transparent-conductors,easy,censor_aware,2,1,1,1,2,0,nomad2018-predict-transparent-conductors__1da1998ae9de457e96faac89241808e2|nomad2018-predict-transparent-conductors__ad9ad3eace7b4e40b52a38da1ab9fe2e,,1.0,1.0,1.0,1.0,1.0,833.7958321524784,146.4,0,0,1.1755825519324825,1.0
nomad2018-predict-transparent-conductors__c9196f00a08c40d5abd7c7eb52b57210,cards_senior_0805seq.jsonl:19,nomad2018-predict-transparent-conductors,hard,full_continue,2,1,0,0,2,0,nomad2018-predict-transparent-conductors__02f0dbdfcaa94bba8234b5af0a436362|nomad2018-predict-transparent-conductors__449d90db5caa4116a92282d7991684a5,,1.0,1.0,,,1.0,1369.0063874907792,240.2,0,0,1.1754557189760504,1.0
nomad2018-predict-transparent-conductors__c9196f00a08c40d5abd7c7eb52b57210,cards_senior_0805seq.jsonl:19,nomad2018-predict-transparent-conductors,hard,observed_only,2,1,0,0,2,0,nomad2018-predict-transparent-conductors__02f0dbdfcaa94bba8234b5af0a436362|nomad2018-predict-transparent-conductors__449d90db5caa4116a92282d7991684a5,,1.0,1.0,,,1.0,1369.0063874907792,240.2,0,0,1.1754557189760504,1.0
nomad2018-predict-transparent-conductors__c9196f00a08c40d5abd7c7eb52b57210,cards_senior_0805seq.jsonl:19,nomad2018-predict-transparent-conductors,hard,censor_aware,2,1,0,0,2,0,nomad2018-predict-transparent-conductors__02f0dbdfcaa94bba8234b5af0a436362|nomad2018-predict-transparent-conductors__449d90db5caa4116a92282d7991684a5,,1.0,1.0,1.0,1.0,1.0,1369.0063874907792,240.2,0,0,1.1754557189760504,1.0
nomad2018-predict-transparent-conductors__d50b985553254ae3a951348f909324d9,cards_senior_0805seq.jsonl:19,nomad2018-predict-transparent-conductors,hard,full_continue,2,1,2,2,2,0,nomad2018-predict-transparent-conductors__3abc50e2bddc4454b0ee7b9ec92e1263|nomad2018-predict-transparent-conductors__7a0ce85adaff49c49dae9357b9347dc6,,1.0,1.0,,,1.0,376.1027624523267,43.7,0,0,1.1161916485671632,1.0
nomad2018-predict-transparent-conductors__d50b985553254ae3a951348f909324d9,cards_senior_0805seq.jsonl:19,nomad2018-predict-transparent-conductors,hard,observed_only,2,1,2,2,1,1,nomad2018-predict-transparent-conductors__3abc50e2bddc4454b0ee7b9ec92e1263,nomad2018-predict-transparent-conductors__7a0ce85adaff49c49dae9357b9347dc6,1.0,1.0,,,0.5,376.1027624523267,43.7,193.85779624432325,164.95779624432325,0.600753274809151,0.5614023274683269
nomad2018-predict-transparent-conductors__d50b985553254ae3a951348f909324d9,cards_senior_0805seq.jsonl:19,nomad2018-predict-transparent-conductors,hard,censor_aware,2,1,2,2,1,1,nomad2018-predict-transparent-conductors__3abc50e2bddc4454b0ee7b9ec92e1263,nomad2018-predict-transparent-conductors__7a0ce85adaff49c49dae9357b9347dc6,1.0,1.0,0.5,0.5,0.5,376.1027624523267,43.7,193.85779624432325,164.95779624432325,0.600753274809151,0.5614023274683269
petfinder-pawpularity-score__138ea8837fe24b529d33101fe0e40c1a,cards_senior_0730.jsonl:0,petfinder-pawpularity-score,easy,full_continue,2,1,0,0,2,0,petfinder-pawpularity-score__28777132c16747d88ee33785cdea5ea7|petfinder-pawpularity-score__3011b9f5b83e4e8f8077628482e6a0bd,,1.0,1.0,,,1.0,11099.185658762988,240.4,0,0,1.0216592466682635,1.0
petfinder-pawpularity-score__138ea8837fe24b529d33101fe0e40c1a,cards_senior_0730.jsonl:0,petfinder-pawpularity-score,easy,observed_only,2,1,0,0,2,0,petfinder-pawpularity-score__28777132c16747d88ee33785cdea5ea7|petfinder-pawpularity-score__3011b9f5b83e4e8f8077628482e6a0bd,,1.0,1.0,,,1.0,11099.185658762988,240.4,0,0,1.0216592466682635,1.0
petfinder-pawpularity-score__138ea8837fe24b529d33101fe0e40c1a,cards_senior_0730.jsonl:0,petfinder-pawpularity-score,easy,censor_aware,2,1,0,0,2,0,petfinder-pawpularity-score__28777132c16747d88ee33785cdea5ea7|petfinder-pawpularity-score__3011b9f5b83e4e8f8077628482e6a0bd,,1.0,1.0,1.0,1.0,1.0,11099.185658762988,240.4,0,0,1.0216592466682635,1.0
petfinder-pawpularity-score__20e58240de2d414caa6eba48ddb0990f,cards_senior_0730.jsonl:4,petfinder-pawpularity-score,hard,full_continue,2,1,2,2,2,0,petfinder-pawpularity-score__9251a8fa822f4d5fbeee6609ff544d84|petfinder-pawpularity-score__e4b073d8ebc042b1831c55c6438b9e6a,,1.0,1.0,,,1.0,104.00322424899787,108.8,0,0,2.0461214138853814,1.0
petfinder-pawpularity-score__20e58240de2d414caa6eba48ddb0990f,cards_senior_0730.jsonl:4,petfinder-pawpularity-score,hard,observed_only,2,1,2,2,1,1,petfinder-pawpularity-score__e4b073d8ebc042b1831c55c6438b9e6a,petfinder-pawpularity-score__9251a8fa822f4d5fbeee6609ff544d84,1.0,1.0,,,0.5,104.00322424899787,108.8,51.407230325974524,0.0,1.5518364463068894,1.0
petfinder-pawpularity-score__20e58240de2d414caa6eba48ddb0990f,cards_senior_0730.jsonl:4,petfinder-pawpularity-score,hard,censor_aware,2,1,2,2,1,1,petfinder-pawpularity-score__e4b073d8ebc042b1831c55c6438b9e6a,petfinder-pawpularity-score__9251a8fa822f4d5fbeee6609ff544d84,1.0,1.0,0.5,0.5,0.5,104.00322424899787,108.8,51.407230325974524,0.0,1.5518364463068894,1.0
petfinder-pawpularity-score__5797f718afc7442e850c43666a82d51b,cards_senior_0806.jsonl:1,petfinder-pawpularity-score,easy,full_continue,2,1,1,1,2,0,petfinder-pawpularity-score__717816b3dcb9490e8c60cf7c0232a6f6|petfinder-pawpularity-score__947a9114cbd64cb9838e1bbfdc050a06,,1.0,1.0,,,1.0,1289.4194727860158,210.3,0,0,1.1630966527483955,1.0
petfinder-pawpularity-score__5797f718afc7442e850c43666a82d51b,cards_senior_0806.jsonl:1,petfinder-pawpularity-score,easy,observed_only,2,1,1,1,1,1,petfinder-pawpularity-score__947a9114cbd64cb9838e1bbfdc050a06,petfinder-pawpularity-score__717816b3dcb9490e8c60cf7c0232a6f6,0.0,0.0,,,0.5,1289.4194727860158,210.3,1206.6504182619974,1086.4504182619974,0.22728759779840427,0.15741119070077975
petfinder-pawpularity-score__5797f718afc7442e850c43666a82d51b,cards_senior_0806.jsonl:1,petfinder-pawpularity-score,easy,censor_aware,2,1,1,1,2,0,petfinder-pawpularity-score__717816b3dcb9490e8c60cf7c0232a6f6|petfinder-pawpularity-score__947a9114cbd64cb9838e1bbfdc050a06,,1.0,1.0,1.0,1.0,1.0,1289.4194727860158,210.3,0,0,1.1630966527483955,1.0
petfinder-pawpularity-score__9118020f50e64bdeb8235a9dc9f357ab,cards_senior_0730.jsonl:0,petfinder-pawpularity-score,easy,full_continue,2,1,1,1,2,0,petfinder-pawpularity-score__164ee2d978574b42a052ec28a7d88eef|petfinder-pawpularity-score__2d478cc7a3c244028234f9e7585340c4,,1.0,1.0,,,1.0,247.2651679549599,221.1,0,0,1.894181747589592,1.0
petfinder-pawpularity-score__9118020f50e64bdeb8235a9dc9f357ab,cards_senior_0730.jsonl:0,petfinder-pawpularity-score,easy,observed_only,2,1,1,1,1,1,petfinder-pawpularity-score__2d478cc7a3c244028234f9e7585340c4,petfinder-pawpularity-score__164ee2d978574b42a052ec28a7d88eef,1.0,1.0,,,0.5,247.2651679549599,221.1,148.26134319999255,28.161343199992558,1.294577102801941,0.8861087332562658
petfinder-pawpularity-score__9118020f50e64bdeb8235a9dc9f357ab,cards_senior_0730.jsonl:0,petfinder-pawpularity-score,easy,censor_aware,2,1,1,1,2,0,petfinder-pawpularity-score__164ee2d978574b42a052ec28a7d88eef|petfinder-pawpularity-score__2d478cc7a3c244028234f9e7585340c4,,1.0,1.0,1.0,1.0,1.0,247.2651679549599,221.1,0,0,1.894181747589592,1.0
random-acts-of-pizza__5834f6889e5e413f8799624231dbc548,cards_ours_20260727.jsonl:69,random-acts-of-pizza,easy,full_continue,2,1,2,2,2,0,random-acts-of-pizza__d49ae6008eca4bd4b3f736f90dc6afac|random-acts-of-pizza__e52f8a668b95496aa04cd6a8d72f6642,,1.0,1.0,,,1.0,200.22247231006622,95.3,0,0,1.4759705486625778,1.0
random-acts-of-pizza__5834f6889e5e413f8799624231dbc548,cards_ours_20260727.jsonl:69,random-acts-of-pizza,easy,observed_only,2,1,2,2,1,1,random-acts-of-pizza__d49ae6008eca4bd4b3f736f90dc6afac,random-acts-of-pizza__e52f8a668b95496aa04cd6a8d72f6642,1.0,1.0,,,0.5,200.22247231006622,95.3,148.69730837643147,64.19730837643147,0.7333101136932325,0.6793701144743884
random-acts-of-pizza__5834f6889e5e413f8799624231dbc548,cards_ours_20260727.jsonl:69,random-acts-of-pizza,easy,censor_aware,2,1,2,2,1,1,random-acts-of-pizza__d49ae6008eca4bd4b3f736f90dc6afac,random-acts-of-pizza__e52f8a668b95496aa04cd6a8d72f6642,1.0,1.0,0.5,0.5,0.5,200.22247231006622,95.3,148.69730837643147,64.19730837643147,0.7333101136932325,0.6793701144743884
random-acts-of-pizza__aa71d9674a4049e0bc46feeada985547,cards_gen3A.jsonl:3,random-acts-of-pizza,easy,full_continue,5,1,5,5,5,0,random-acts-of-pizza__0ee1fa402ecb43ae9906ef4aa3e16d1a|random-acts-of-pizza__3a1402459a144c3cba0f2a91a5b8e721|random-acts-of-pizza__8c5fe3fc63254b88bc949f6d53a9cb6a|random-acts-of-pizza__9b9f4f95471a4b89972077ce62bdc1f8|random-acts-of-pizza__f02f9281781f4290a64b5e40011b4479,,1.0,1.0,,,1.0,185.72851238504518,148.10000000000002,0,0,1.7974004534799957,1.0
random-acts-of-pizza__aa71d9674a4049e0bc46feeada985547,cards_gen3A.jsonl:3,random-acts-of-pizza,easy,observed_only,5,1,5,5,1,4,random-acts-of-pizza__9b9f4f95471a4b89972077ce62bdc1f8,random-acts-of-pizza__0ee1fa402ecb43ae9906ef4aa3e16d1a|random-acts-of-pizza__3a1402459a144c3cba0f2a91a5b8e721|random-acts-of-pizza__8c5fe3fc63254b88bc949f6d53a9cb6a|random-acts-of-pizza__f02f9281781f4290a64b5e40011b4479,1.0,1.0,,,0.2,185.72851238504518,148.10000000000002,155.00929842703044,34.10929842703044,0.9627989351860724,0.816348615573271
random-acts-of-pizza__aa71d9674a4049e0bc46feeada985547,cards_gen3A.jsonl:3,random-acts-of-pizza,easy,censor_aware,5,1,5,5,1,4,random-acts-of-pizza__9b9f4f95471a4b89972077ce62bdc1f8,random-acts-of-pizza__0ee1fa402ecb43ae9906ef4aa3e16d1a|random-acts-of-pizza__3a1402459a144c3cba0f2a91a5b8e721|random-acts-of-pizza__8c5fe3fc63254b88bc949f6d53a9cb6a|random-acts-of-pizza__f02f9281781f4290a64b5e40011b4479,1.0,1.0,0.19999999999999996,0.2,0.2,185.72851238504518,148.10000000000002,155.00929842703044,34.10929842703044,0.9627989351860724,0.816348615573271
random-acts-of-pizza__c8c057832a7f46de8f2f8ede73ed013f,cards_ours_20260727.jsonl:68,random-acts-of-pizza,easy,full_continue,3,1,3,3,3,0,random-acts-of-pizza__0f1e5cd6c6de460abaae7877daf9aa69|random-acts-of-pizza__9ca2d2e324f740ef85c2d32a7380ac6f|random-acts-of-pizza__fa4524bd04a2450e9f937a60d2db3cce,,1.0,1.0,,,1.0,164.36871495097876,81.00000000000001,0,0,1.4927945079095946,1.0
random-acts-of-pizza__c8c057832a7f46de8f2f8ede73ed013f,cards_ours_20260727.jsonl:68,random-acts-of-pizza,easy,observed_only,3,1,3,3,1,2,random-acts-of-pizza__9ca2d2e324f740ef85c2d32a7380ac6f,random-acts-of-pizza__0f1e5cd6c6de460abaae7877daf9aa69|random-acts-of-pizza__fa4524bd04a2450e9f937a60d2db3cce,1.0,1.0,,,0.3333333333333333,164.36871495097876,81.00000000000001,114.75048822164536,60.85048822164535,0.7946659847543914,0.6297927605031568
random-acts-of-pizza__c8c057832a7f46de8f2f8ede73ed013f,cards_ours_20260727.jsonl:68,random-acts-of-pizza,easy,censor_aware,3,1,3,3,1,2,random-acts-of-pizza__9ca2d2e324f740ef85c2d32a7380ac6f,random-acts-of-pizza__0f1e5cd6c6de460abaae7877daf9aa69|random-acts-of-pizza__fa4524bd04a2450e9f937a60d2db3cce,1.0,1.0,0.33333333333333337,0.3333333333333333,0.3333333333333333,164.36871495097876,81.00000000000001,114.75048822164536,60.85048822164535,0.7946659847543914,0.6297927605031568
random-acts-of-pizza__e79c47b6ab894f43aa969d2f9ab8051a,cards_gen2C.jsonl:2,random-acts-of-pizza,hard,full_continue,3,1,3,3,3,0,random-acts-of-pizza__02ab01e7d3624270a317cd6c9c52af77|random-acts-of-pizza__a672b879e7f9459c9ca2ea299751f4b2|random-acts-of-pizza__d7e488f0729c41aeb94a7502bff7fc4d,,1.0,1.0,,,1.0,955.0051796734333,164.4,0,0,1.1721456631850071,1.0
random-acts-of-pizza__e79c47b6ab894f43aa969d2f9ab8051a,cards_gen2C.jsonl:2,random-acts-of-pizza,hard,observed_only,3,1,3,3,1,2,random-acts-of-pizza__a672b879e7f9459c9ca2ea299751f4b2,random-acts-of-pizza__02ab01e7d3624270a317cd6c9c52af77|random-acts-of-pizza__d7e488f0729c41aeb94a7502bff7fc4d,1.0,1.0,,,0.3333333333333333,955.0051796734333,164.4,204.05842692404985,102.05842692404985,0.9584730766197402,0.8931331168706865
random-acts-of-pizza__e79c47b6ab894f43aa969d2f9ab8051a,cards_gen2C.jsonl:2,random-acts-of-pizza,hard,censor_aware,3,1,3,3,1,2,random-acts-of-pizza__a672b879e7f9459c9ca2ea299751f4b2,random-acts-of-pizza__02ab01e7d3624270a317cd6c9c52af77|random-acts-of-pizza__d7e488f0729c41aeb94a7502bff7fc4d,1.0,1.0,0.33333333333333337,0.3333333333333333,0.3333333333333333,955.0051796734333,164.4,204.05842692404985,102.05842692404985,0.9584730766197402,0.8931331168706865
spaceship-titanic__4fcded37ceb243d0a0ca7d970adedcfb,cards_ours_20260727.jsonl:3,spaceship-titanic,easy,full_continue,2,1,2,2,2,0,spaceship-titanic__df0e799d4c294c78a20d756c405fee68|spaceship-titanic__ffc4990563cd4b8e8561b15fd47f1488,,1.0,1.0,,,1.0,41.50957727432251,53.1,0,0,2.2792228561876304,1.0
spaceship-titanic__4fcded37ceb243d0a0ca7d970adedcfb,cards_ours_20260727.jsonl:3,spaceship-titanic,easy,observed_only,2,1,2,2,1,1,spaceship-titanic__ffc4990563cd4b8e8561b15fd47f1488,spaceship-titanic__df0e799d4c294c78a20d756c405fee68,1.0,1.0,,,0.5,41.50957727432251,53.1,1.7062013149261475,0.0,2.238119057330551,1.0
spaceship-titanic__4fcded37ceb243d0a0ca7d970adedcfb,cards_ours_20260727.jsonl:3,spaceship-titanic,easy,censor_aware,2,1,2,2,1,1,spaceship-titanic__ffc4990563cd4b8e8561b15fd47f1488,spaceship-titanic__df0e799d4c294c78a20d756c405fee68,1.0,1.0,0.5,0.5,0.5,41.50957727432251,53.1,1.7062013149261475,0.0,2.238119057330551,1.0
spooky-author-identification__560eb5d67f17409f9deb149324c55f29,cards_senior_0801.jsonl:4,spooky-author-identification,easy,full_continue,2,1,2,2,2,0,spooky-author-identification__67f02ce1c7dd42c1b2aa07655e0eacf0|spooky-author-identification__9212864b27984d118b518b96dc3b2886,,1.0,1.0,,,1.0,199.21765096206218,120.19999999999999,0,0,1.6033601913260696,1.0
spooky-author-identification__560eb5d67f17409f9deb149324c55f29,cards_senior_0801.jsonl:4,spooky-author-identification,easy,observed_only,2,1,2,2,1,1,spooky-author-identification__9212864b27984d118b518b96dc3b2886,spooky-author-identification__67f02ce1c7dd42c1b2aa07655e0eacf0,1.0,1.0,,,0.5,199.21765096206218,120.19999999999999,75.24204672203632,21.342046722036322,1.2256725398620687,0.8928707038810504
spooky-author-identification__560eb5d67f17409f9deb149324c55f29,cards_senior_0801.jsonl:4,spooky-author-identification,easy,censor_aware,2,1,2,2,1,1,spooky-author-identification__9212864b27984d118b518b96dc3b2886,spooky-author-identification__67f02ce1c7dd42c1b2aa07655e0eacf0,1.0,1.0,0.5,0.5,0.5,199.21765096206218,120.19999999999999,75.24204672203632,21.342046722036322,1.2256725398620687,0.8928707038810504
spooky-author-identification__92ff9885a5194d928b56e8d05f03d004,cards_senior_0801.jsonl:6,spooky-author-identification,hard,full_continue,3,1,3,3,3,0,spooky-author-identification__38648184253c4e7792d7658657da0746|spooky-author-identification__40e09976978641a1a0f8ddc87586731a|spooky-author-identification__414aed3e532a4130bb3ec66bd5efa9ea,,1.0,1.0,,,1.0,237.14428410003893,188.3,0,0,1.7940313666618504,1.0
spooky-author-identification__92ff9885a5194d928b56e8d05f03d004,cards_senior_0801.jsonl:6,spooky-author-identification,hard,observed_only,3,1,3,3,1,2,spooky-author-identification__414aed3e532a4130bb3ec66bd5efa9ea,spooky-author-identification__38648184253c4e7792d7658657da0746|spooky-author-identification__40e09976978641a1a0f8ddc87586731a,1.0,1.0,,,0.3333333333333333,237.14428410003893,188.3,160.4762448160327,34.476244816032704,1.1173283821263424,0.8546191195504887
spooky-author-identification__92ff9885a5194d928b56e8d05f03d004,cards_senior_0801.jsonl:6,spooky-author-identification,hard,censor_aware,3,1,3,3,1,2,spooky-author-identification__414aed3e532a4130bb3ec66bd5efa9ea,spooky-author-identification__38648184253c4e7792d7658657da0746|spooky-author-identification__40e09976978641a1a0f8ddc87586731a,1.0,1.0,0.33333333333333337,0.3333333333333333,0.3333333333333333,237.14428410003893,188.3,160.4762448160327,34.476244816032704,1.1173283821263424,0.8546191195504887
spooky-author-identification__b0159499c7cb478eaa490c7fdbd49d1b,cards_senior_0801.jsonl:4,spooky-author-identification,hard,full_continue,2,1,2,2,2,0,spooky-author-identification__789703b0e1c348e695596428d21fac38|spooky-author-identification__b9c86b77ce174df0a2164cb7cf2685af,,1.0,1.0,,,1.0,2444.071920401999,144.39999999999998,0,0,1.0590817311039886,1.0
spooky-author-identification__b0159499c7cb478eaa490c7fdbd49d1b,cards_senior_0801.jsonl:4,spooky-author-identification,hard,observed_only,2,1,2,2,1,1,spooky-author-identification__b9c86b77ce174df0a2164cb7cf2685af,spooky-author-identification__789703b0e1c348e695596428d21fac38,1.0,1.0,,,0.5,2444.071920401999,144.39999999999998,1253.711937227985,1180.411937227985,0.5461214017607443,0.5170306047974923
spooky-author-identification__b0159499c7cb478eaa490c7fdbd49d1b,cards_senior_0801.jsonl:4,spooky-author-identification,hard,censor_aware,2,1,2,2,1,1,spooky-author-identification__b9c86b77ce174df0a2164cb7cf2685af,spooky-author-identification__789703b0e1c348e695596428d21fac38,1.0,1.0,0.5,0.5,0.5,2444.071920401999,144.39999999999998,1253.711937227985,1180.411937227985,0.5461214017607443,0.5170306047974923
spooky-author-identification__d7c4a34657474cb48180f68defba370c,cards_senior_0730.jsonl:5,spooky-author-identification,hard,full_continue,3,1,3,3,3,0,spooky-author-identification__c8e9e4089e9d44598bf956bc4cdf901f|spooky-author-identification__d8350d06746c49189b3700f3ae207569|spooky-author-identification__df8572420c294f869b30c2646e8dbce8,,1.0,1.0,,,1.0,223.97063015500316,139.1,0,0,1.6210635738432901,1.0
spooky-author-identification__d7c4a34657474cb48180f68defba370c,cards_senior_0730.jsonl:5,spooky-author-identification,hard,observed_only,3,1,3,3,1,2,spooky-author-identification__d8350d06746c49189b3700f3ae207569,spooky-author-identification__c8e9e4089e9d44598bf956bc4cdf901f|spooky-author-identification__df8572420c294f869b30c2646e8dbce8,1.0,1.0,,,0.3333333333333333,223.97063015500316,139.1,155.0783385449904,58.4783385449904,0.9286587775641284,0.738901754642922
spooky-author-identification__d7c4a34657474cb48180f68defba370c,cards_senior_0730.jsonl:5,spooky-author-identification,hard,censor_aware,3,1,3,3,1,2,spooky-author-identification__d8350d06746c49189b3700f3ae207569,spooky-author-identification__c8e9e4089e9d44598bf956bc4cdf901f|spooky-author-identification__df8572420c294f869b30c2646e8dbce8,1.0,1.0,0.33333333333333337,0.3333333333333333,0.3333333333333333,223.97063015500316,139.1,155.0783385449904,58.4783385449904,0.9286587775641284,0.738901754642922
spooky-author-identification__fbb5259bda6a42b98e9619af0807a957,cards_senior_0730.jsonl:5,spooky-author-identification,easy,full_continue,3,1,3,3,3,0,spooky-author-identification__16a678db368a417fbf00950915601fb9|spooky-author-identification__653ba54bf46a4d82a9668d92db356211|spooky-author-identification__900270a860234cc2b3ae8a0505bd105a,,1.0,1.0,,,1.0,416.06453209306346,211.9,0,0,1.5092959953447873,1.0
spooky-author-identification__fbb5259bda6a42b98e9619af0807a957,cards_senior_0730.jsonl:5,spooky-author-identification,easy,observed_only,3,1,3,3,1,2,spooky-author-identification__653ba54bf46a4d82a9668d92db356211,spooky-author-identification__16a678db368a417fbf00950915601fb9|spooky-author-identification__900270a860234cc2b3ae8a0505bd105a,1.0,1.0,,,0.3333333333333333,416.06453209306346,211.9,239.4455853290856,115.3455853290856,0.9337949207289692,0.7227699637149423
spooky-author-identification__fbb5259bda6a42b98e9619af0807a957,cards_senior_0730.jsonl:5,spooky-author-identification,easy,censor_aware,3,1,3,3,1,2,spooky-author-identification__653ba54bf46a4d82a9668d92db356211,spooky-author-identification__16a678db368a417fbf00950915601fb9|spooky-author-identification__900270a860234cc2b3ae8a0505bd105a,1.0,1.0,0.33333333333333337,0.3333333333333333,0.3333333333333333,416.06453209306346,211.9,239.4455853290856,115.3455853290856,0.9337949207289692,0.7227699637149423
spooky-author-identification__ff8dc324b8984305b0dd7c14bee67d7c,cards_t3era_missing.jsonl:14,spooky-author-identification,easy,full_continue,3,1,3,3,3,0,spooky-author-identification__31dc45ab82da453fa070417d3e97b475|spooky-author-identification__8f9956778f6b4e9ea7b6af0a7f82e4a6|spooky-author-identification__b1638019d27044b7a3c20ec855526869,,1.0,1.0,,,1.0,323.3748806199874,293.79999999999995,0,0,1.908543048973732,1.0
spooky-author-identification__ff8dc324b8984305b0dd7c14bee67d7c,cards_t3era_missing.jsonl:14,spooky-author-identification,easy,observed_only,3,1,3,3,1,2,spooky-author-identification__b1638019d27044b7a3c20ec855526869,spooky-author-identification__31dc45ab82da453fa070417d3e97b475|spooky-author-identification__8f9956778f6b4e9ea7b6af0a7f82e4a6,1.0,1.0,,,0.3333333333333333,323.3748806199874,293.79999999999995,224.2842267199885,23.584226719988507,1.2149696140489732,0.9270684640848668
spooky-author-identification__ff8dc324b8984305b0dd7c14bee67d7c,cards_t3era_missing.jsonl:14,spooky-author-identification,easy,censor_aware,3,1,3,3,1,2,spooky-author-identification__b1638019d27044b7a3c20ec855526869,spooky-author-identification__31dc45ab82da453fa070417d3e97b475|spooky-author-identification__8f9956778f6b4e9ea7b6af0a7f82e4a6,1.0,1.0,0.33333333333333337,0.3333333333333333,0.3333333333333333,323.3748806199874,293.79999999999995,224.2842267199885,23.584226719988507,1.2149696140489732,0.9270684640848668
tabular-playground-series-dec-2021__0cdec0ffd1ff4511b41aa8c691f2f383,cards_senior_0801.jsonl:38,tabular-playground-series-dec-2021,hard,full_continue,2,1,0,0,2,0,tabular-playground-series-dec-2021__36787b1cf20b412e8716ea12368675bf|tabular-playground-series-dec-2021__dbdf36e610354c398b8b0d89cee8fbd4,,1.0,1.0,,,1.0,11363.82460745424,240.2,0,0,1.0211372498518183,1.0
tabular-playground-series-dec-2021__0cdec0ffd1ff4511b41aa8c691f2f383,cards_senior_0801.jsonl:38,tabular-playground-series-dec-2021,hard,observed_only,2,1,0,0,2,0,tabular-playground-series-dec-2021__36787b1cf20b412e8716ea12368675bf|tabular-playground-series-dec-2021__dbdf36e610354c398b8b0d89cee8fbd4,,1.0,1.0,,,1.0,11363.82460745424,240.2,0,0,1.0211372498518183,1.0
tabular-playground-series-dec-2021__0cdec0ffd1ff4511b41aa8c691f2f383,cards_senior_0801.jsonl:38,tabular-playground-series-dec-2021,hard,censor_aware,2,1,0,0,2,0,tabular-playground-series-dec-2021__36787b1cf20b412e8716ea12368675bf|tabular-playground-series-dec-2021__dbdf36e610354c398b8b0d89cee8fbd4,,1.0,1.0,1.0,1.0,1.0,11363.82460745424,240.2,0,0,1.0211372498518183,1.0
tabular-playground-series-dec-2021__934ac2235cf749c9ae20875daeb13fda,cards_senior_0807.jsonl:23,tabular-playground-series-dec-2021,hard,full_continue,2,1,0,0,2,0,tabular-playground-series-dec-2021__8b54ad5da3684393a8a2caceb614ee34|tabular-playground-series-dec-2021__dd7529c2a690472ba81bdc67d9f30382,,1.0,1.0,,,1.0,4757.205187611282,240.4,0,0,1.050533872414427,1.0
tabular-playground-series-dec-2021__934ac2235cf749c9ae20875daeb13fda,cards_senior_0807.jsonl:23,tabular-playground-series-dec-2021,hard,observed_only,2,1,0,0,2,0,tabular-playground-series-dec-2021__8b54ad5da3684393a8a2caceb614ee34|tabular-playground-series-dec-2021__dd7529c2a690472ba81bdc67d9f30382,,1.0,1.0,,,1.0,4757.205187611282,240.4,0,0,1.050533872414427,1.0
tabular-playground-series-dec-2021__934ac2235cf749c9ae20875daeb13fda,cards_senior_0807.jsonl:23,tabular-playground-series-dec-2021,hard,censor_aware,2,1,0,0,2,0,tabular-playground-series-dec-2021__8b54ad5da3684393a8a2caceb614ee34|tabular-playground-series-dec-2021__dd7529c2a690472ba81bdc67d9f30382,,1.0,1.0,1.0,1.0,1.0,4757.205187611282,240.4,0,0,1.050533872414427,1.0
tabular-playground-series-dec-2021__b98b7d0f93774f13b332311ed76e2037,cards_senior_0807.jsonl:22,tabular-playground-series-dec-2021,hard,full_continue,2,1,0,0,2,0,tabular-playground-series-dec-2021__72c882b1d87c45b09471af711496de1a|tabular-playground-series-dec-2021__81b08a9c23464eb1a0f7861d6fd90b67,,1.0,1.0,,,1.0,2004.5231419699267,240.2,0,0,1.119828998214481,1.0
tabular-playground-series-dec-2021__b98b7d0f93774f13b332311ed76e2037,cards_senior_0807.jsonl:22,tabular-playground-series-dec-2021,hard,observed_only,2,1,0,0,2,0,tabular-playground-series-dec-2021__72c882b1d87c45b09471af711496de1a|tabular-playground-series-dec-2021__81b08a9c23464eb1a0f7861d6fd90b67,,1.0,1.0,,,1.0,2004.5231419699267,240.2,0,0,1.119828998214481,1.0
tabular-playground-series-dec-2021__b98b7d0f93774f13b332311ed76e2037,cards_senior_0807.jsonl:22,tabular-playground-series-dec-2021,hard,censor_aware,2,1,0,0,2,0,tabular-playground-series-dec-2021__72c882b1d87c45b09471af711496de1a|tabular-playground-series-dec-2021__81b08a9c23464eb1a0f7861d6fd90b67,,1.0,1.0,1.0,1.0,1.0,2004.5231419699267,240.2,0,0,1.119828998214481,1.0
tabular-playground-series-may-2022__0ec0c9ffdc0948a4927dab3efcc5eee7,cards_senior_0801.jsonl:29,tabular-playground-series-may-2022,hard,full_continue,4,1,0,0,4,0,tabular-playground-series-may-2022__5b0e8613150c44ae85338d3bcf5a6369|tabular-playground-series-may-2022__b8fec3edbb0d4e0d8be0e0b649552878|tabular-playground-series-may-2022__c89ea85cc0184427a9225edf4d8503e5|tabular-playground-series-may-2022__d75dd58e0bff47e9bd665df475ee1470,,1.0,1.0,,,1.0,16601.961495392956,480.6,0,0,1.0289483866188562,1.0
tabular-playground-series-may-2022__0ec0c9ffdc0948a4927dab3efcc5eee7,cards_senior_0801.jsonl:29,tabular-playground-series-may-2022,hard,observed_only,4,1,0,0,4,0,tabular-playground-series-may-2022__5b0e8613150c44ae85338d3bcf5a6369|tabular-playground-series-may-2022__b8fec3edbb0d4e0d8be0e0b649552878|tabular-playground-series-may-2022__c89ea85cc0184427a9225edf4d8503e5|tabular-playground-series-may-2022__d75dd58e0bff47e9bd665df475ee1470,,1.0,1.0,,,1.0,16601.961495392956,480.6,0,0,1.0289483866188562,1.0
tabular-playground-series-may-2022__0ec0c9ffdc0948a4927dab3efcc5eee7,cards_senior_0801.jsonl:29,tabular-playground-series-may-2022,hard,censor_aware,4,1,0,0,4,0,tabular-playground-series-may-2022__5b0e8613150c44ae85338d3bcf5a6369|tabular-playground-series-may-2022__b8fec3edbb0d4e0d8be0e0b649552878|tabular-playground-series-may-2022__c89ea85cc0184427a9225edf4d8503e5|tabular-playground-series-may-2022__d75dd58e0bff47e9bd665df475ee1470,,1.0,1.0,1.0,1.0,1.0,16601.961495392956,480.6,0,0,1.0289483866188562,1.0
tabular-playground-series-may-2022__44d0e7b5df4842d99e17e0759da5bc3f,cards_senior_0801.jsonl:29,tabular-playground-series-may-2022,hard,full_continue,4,1,0,0,4,0,tabular-playground-series-may-2022__2db19efb799e4de5895edb93d85b2566|tabular-playground-series-may-2022__4fdd3e809b0f4a3faf2db69645b93c4b|tabular-playground-series-may-2022__79d61fdff64b43d38b5ff3296acc2652|tabular-playground-series-may-2022__da119d83b67a44ee9f88a3327245e55e,,1.0,1.0,,,1.0,23674.933390071616,480.4,0,0,1.0202915037641231,1.0
tabular-playground-series-may-2022__44d0e7b5df4842d99e17e0759da5bc3f,cards_senior_0801.jsonl:29,tabular-playground-series-may-2022,hard,observed_only,4,1,0,0,4,0,tabular-playground-series-may-2022__2db19efb799e4de5895edb93d85b2566|tabular-playground-series-may-2022__4fdd3e809b0f4a3faf2db69645b93c4b|tabular-playground-series-may-2022__79d61fdff64b43d38b5ff3296acc2652|tabular-playground-series-may-2022__da119d83b67a44ee9f88a3327245e55e,,1.0,1.0,,,1.0,23674.933390071616,480.4,0,0,1.0202915037641231,1.0
tabular-playground-series-may-2022__44d0e7b5df4842d99e17e0759da5bc3f,cards_senior_0801.jsonl:29,tabular-playground-series-may-2022,hard,censor_aware,4,1,0,0,4,0,tabular-playground-series-may-2022__2db19efb799e4de5895edb93d85b2566|tabular-playground-series-may-2022__4fdd3e809b0f4a3faf2db69645b93c4b|tabular-playground-series-may-2022__79d61fdff64b43d38b5ff3296acc2652|tabular-playground-series-may-2022__da119d83b67a44ee9f88a3327245e55e,,1.0,1.0,1.0,1.0,1.0,23674.933390071616,480.4,0,0,1.0202915037641231,1.0
tabular-playground-series-may-2022__48951967df204997aee3aa2e62532b3c,cards_ours_20260727.jsonl:140,tabular-playground-series-may-2022,easy,full_continue,2,1,0,0,2,0,tabular-playground-series-may-2022__63bb3182d23844efb65f5c6f635880c0|tabular-playground-series-may-2022__ee7c57076442408ab0cd8deda21efe3d,,1.0,1.0,,,1.0,1066.0304493904114,240.0,0,0,1.2251342821748097,1.0
tabular-playground-series-may-2022__48951967df204997aee3aa2e62532b3c,cards_ours_20260727.jsonl:140,tabular-playground-series-may-2022,easy,observed_only,2,1,0,0,2,0,tabular-playground-series-may-2022__63bb3182d23844efb65f5c6f635880c0|tabular-playground-series-may-2022__ee7c57076442408ab0cd8deda21efe3d,,1.0,1.0,,,1.0,1066.0304493904114,240.0,0,0,1.2251342821748097,1.0
tabular-playground-series-may-2022__48951967df204997aee3aa2e62532b3c,cards_ours_20260727.jsonl:140,tabular-playground-series-may-2022,easy,censor_aware,2,1,0,0,2,0,tabular-playground-series-may-2022__63bb3182d23844efb65f5c6f635880c0|tabular-playground-series-may-2022__ee7c57076442408ab0cd8deda21efe3d,,1.0,1.0,1.0,1.0,1.0,1066.0304493904114,240.0,0,0,1.2251342821748097,1.0
tabular-playground-series-may-2022__818630c414c14ef7b27c045544f284b9,cards_ours_20260727.jsonl:114,tabular-playground-series-may-2022,easy,full_continue,3,1,0,0,3,0,tabular-playground-series-may-2022__242786b5b67d461d9e11c4830b75eb8c|tabular-playground-series-may-2022__5e16ecb8fdb1429ca6617f25dc3dffac|tabular-playground-series-may-2022__f7fdb3bb45a9446a892b9658a7649f80,,1.0,1.0,,,1.0,2233.641887664795,360.2,0,0,1.1612613024447611,1.0
tabular-playground-series-may-2022__818630c414c14ef7b27c045544f284b9,cards_ours_20260727.jsonl:114,tabular-playground-series-may-2022,easy,observed_only,3,1,0,0,3,0,tabular-playground-series-may-2022__242786b5b67d461d9e11c4830b75eb8c|tabular-playground-series-may-2022__5e16ecb8fdb1429ca6617f25dc3dffac|tabular-playground-series-may-2022__f7fdb3bb45a9446a892b9658a7649f80,,1.0,1.0,,,1.0,2233.641887664795,360.2,0,0,1.1612613024447611,1.0
tabular-playground-series-may-2022__818630c414c14ef7b27c045544f284b9,cards_ours_20260727.jsonl:114,tabular-playground-series-may-2022,easy,censor_aware,3,1,0,0,3,0,tabular-playground-series-may-2022__242786b5b67d461d9e11c4830b75eb8c|tabular-playground-series-may-2022__5e16ecb8fdb1429ca6617f25dc3dffac|tabular-playground-series-may-2022__f7fdb3bb45a9446a892b9658a7649f80,,1.0,1.0,1.0,1.0,1.0,2233.641887664795,360.2,0,0,1.1612613024447611,1.0
tabular-playground-series-may-2022__e8d65c593e2841dcbbf45a87e92889b7,cards_ours_20260727.jsonl:116,tabular-playground-series-may-2022,easy,full_continue,3,1,0,0,3,0,tabular-playground-series-may-2022__3bd55e0164e9413cbeaa16b558f4b9b5|tabular-playground-series-may-2022__54771d7d3c3243cb98c0e06d98a7229e|tabular-playground-series-may-2022__dd85f0501dc3491ab42ffdbb35eed3b8,,1.0,1.0,,,1.0,1815.9516160488129,360.29999999999995,0,0,1.1984083699233952,1.0
tabular-playground-series-may-2022__e8d65c593e2841dcbbf45a87e92889b7,cards_ours_20260727.jsonl:116,tabular-playground-series-may-2022,easy,observed_only,3,1,0,0,3,0,tabular-playground-series-may-2022__3bd55e0164e9413cbeaa16b558f4b9b5|tabular-playground-series-may-2022__54771d7d3c3243cb98c0e06d98a7229e|tabular-playground-series-may-2022__dd85f0501dc3491ab42ffdbb35eed3b8,,1.0,1.0,,,1.0,1815.9516160488129,360.29999999999995,0,0,1.1984083699233952,1.0
tabular-playground-series-may-2022__e8d65c593e2841dcbbf45a87e92889b7,cards_ours_20260727.jsonl:116,tabular-playground-series-may-2022,easy,censor_aware,3,1,0,0,3,0,tabular-playground-series-may-2022__3bd55e0164e9413cbeaa16b558f4b9b5|tabular-playground-series-may-2022__54771d7d3c3243cb98c0e06d98a7229e|tabular-playground-series-may-2022__dd85f0501dc3491ab42ffdbb35eed3b8,,1.0,1.0,1.0,1.0,1.0,1815.9516160488129,360.29999999999995,0,0,1.1984083699233952,1.0
tabular-playground-series-may-2022__f2f51b6cab304bd49ba7dc6ff2fe3fda,cards_ours_20260727.jsonl:133,tabular-playground-series-may-2022,hard,full_continue,2,1,0,0,2,0,tabular-playground-series-may-2022__0ec47cd5c46844e2aadf12bf694b6d69|tabular-playground-series-may-2022__c8c1855386084a54a8ebe192e60a7f4d,,1.0,1.0,,,1.0,1439.8594760894775,240.3,0,0,1.1668912862612344,1.0
tabular-playground-series-may-2022__f2f51b6cab304bd49ba7dc6ff2fe3fda,cards_ours_20260727.jsonl:133,tabular-playground-series-may-2022,hard,observed_only,2,1,0,0,2,0,tabular-playground-series-may-2022__0ec47cd5c46844e2aadf12bf694b6d69|tabular-playground-series-may-2022__c8c1855386084a54a8ebe192e60a7f4d,,1.0,1.0,,,1.0,1439.8594760894775,240.3,0,0,1.1668912862612344,1.0
tabular-playground-series-may-2022__f2f51b6cab304bd49ba7dc6ff2fe3fda,cards_ours_20260727.jsonl:133,tabular-playground-series-may-2022,hard,censor_aware,2,1,0,0,2,0,tabular-playground-series-may-2022__0ec47cd5c46844e2aadf12bf694b6d69|tabular-playground-series-may-2022__c8c1855386084a54a8ebe192e60a7f4d,,1.0,1.0,1.0,1.0,1.0,1439.8594760894775,240.3,0,0,1.1668912862612344,1.0
text-normalization-challenge-english-language__1946507488ea4c9cb541223be7df9745,cards_senior_0808.jsonl:23,text-normalization-challenge-english-language,easy,full_continue,2,1,0,0,2,0,text-normalization-challenge-english-language__34edc8d8a8ac4541b0a2be857e2e91ba|text-normalization-challenge-english-language__99a26b06e08f45699153b0ee7ad77137,,1.0,1.0,,,1.0,2572.39770987723,5.699999999999999,0,0,1.0022158315481753,1.0
text-normalization-challenge-english-language__1946507488ea4c9cb541223be7df9745,cards_senior_0808.jsonl:23,text-normalization-challenge-english-language,easy,observed_only,2,1,0,0,2,0,text-normalization-challenge-english-language__34edc8d8a8ac4541b0a2be857e2e91ba|text-normalization-challenge-english-language__99a26b06e08f45699153b0ee7ad77137,,1.0,1.0,,,1.0,2572.39770987723,5.699999999999999,0,0,1.0022158315481753,1.0
text-normalization-challenge-english-language__1946507488ea4c9cb541223be7df9745,cards_senior_0808.jsonl:23,text-normalization-challenge-english-language,easy,censor_aware,2,1,0,0,2,0,text-normalization-challenge-english-language__34edc8d8a8ac4541b0a2be857e2e91ba|text-normalization-challenge-english-language__99a26b06e08f45699153b0ee7ad77137,,1.0,1.0,1.0,1.0,1.0,2572.39770987723,5.699999999999999,0,0,1.0022158315481753,1.0
text-normalization-challenge-english-language__4d90e4cc207d48ae83b235eabf41448b,cards_senior_0808.jsonl:22,text-normalization-challenge-english-language,hard,full_continue,2,1,0,0,2,0,text-normalization-challenge-english-language__0ed7f9763c4c4e3eb123445278690dae|text-normalization-challenge-english-language__c317471eb4c549a7b736a7104a543b79,,1.0,1.0,,,1.0,5766.921121162362,9.8,0,0,1.0016993469815354,1.0
text-normalization-challenge-english-language__4d90e4cc207d48ae83b235eabf41448b,cards_senior_0808.jsonl:22,text-normalization-challenge-english-language,hard,observed_only,2,1,0,0,2,0,text-normalization-challenge-english-language__0ed7f9763c4c4e3eb123445278690dae|text-normalization-challenge-english-language__c317471eb4c549a7b736a7104a543b79,,1.0,1.0,,,1.0,5766.921121162362,9.8,0,0,1.0016993469815354,1.0
text-normalization-challenge-english-language__4d90e4cc207d48ae83b235eabf41448b,cards_senior_0808.jsonl:22,text-normalization-challenge-english-language,hard,censor_aware,2,1,0,0,2,0,text-normalization-challenge-english-language__0ed7f9763c4c4e3eb123445278690dae|text-normalization-challenge-english-language__c317471eb4c549a7b736a7104a543b79,,1.0,1.0,1.0,1.0,1.0,5766.921121162362,9.8,0,0,1.0016993469815354,1.0
text-normalization-challenge-english-language__5a3e417fde89446db15aa4fe5e9af9d1,cards_senior_0808.jsonl:22,text-normalization-challenge-english-language,easy,full_continue,2,1,0,0,2,0,text-normalization-challenge-english-language__7008d36ab2f34145ad6685619b5dc6f5|text-normalization-challenge-english-language__bacc0486e8514bb19fed5da934794b4f,,1.0,1.0,,,1.0,1587.7972574308515,9.9,0,0,1.0062350529664088,1.0
text-normalization-challenge-english-language__5a3e417fde89446db15aa4fe5e9af9d1,cards_senior_0808.jsonl:22,text-normalization-challenge-english-language,easy,observed_only,2,1,0,0,2,0,text-normalization-challenge-english-language__7008d36ab2f34145ad6685619b5dc6f5|text-normalization-challenge-english-language__bacc0486e8514bb19fed5da934794b4f,,1.0,1.0,,,1.0,1587.7972574308515,9.9,0,0,1.0062350529664088,1.0
text-normalization-challenge-english-language__5a3e417fde89446db15aa4fe5e9af9d1,cards_senior_0808.jsonl:22,text-normalization-challenge-english-language,easy,censor_aware,2,1,0,0,2,0,text-normalization-challenge-english-language__7008d36ab2f34145ad6685619b5dc6f5|text-normalization-challenge-english-language__bacc0486e8514bb19fed5da934794b4f,,1.0,1.0,1.0,1.0,1.0,1587.7972574308515,9.9,0,0,1.0062350529664088,1.0
text-normalization-challenge-english-language__858e3b43de80440dbd33e324dea2c6b9,cards_senior_0808.jsonl:22,text-normalization-challenge-english-language,hard,full_continue,2,1,0,0,2,0,text-normalization-challenge-english-language__29f436da5b0648589fc09c95fd35802c|text-normalization-challenge-english-language__a6194a4710b54ff192d573518f37ce94,,1.0,1.0,,,1.0,2994.2978588081896,9.4,0,0,1.0031393002444124,1.0
text-normalization-challenge-english-language__858e3b43de80440dbd33e324dea2c6b9,cards_senior_0808.jsonl:22,text-normalization-challenge-english-language,hard,observed_only,2,1,0,0,2,0,text-normalization-challenge-english-language__29f436da5b0648589fc09c95fd35802c|text-normalization-challenge-english-language__a6194a4710b54ff192d573518f37ce94,,1.0,1.0,,,1.0,2994.2978588081896,9.4,0,0,1.0031393002444124,1.0
text-normalization-challenge-english-language__858e3b43de80440dbd33e324dea2c6b9,cards_senior_0808.jsonl:22,text-normalization-challenge-english-language,hard,censor_aware,2,1,0,0,2,0,text-normalization-challenge-english-language__29f436da5b0648589fc09c95fd35802c|text-normalization-challenge-english-language__a6194a4710b54ff192d573518f37ce94,,1.0,1.0,1.0,1.0,1.0,2994.2978588081896,9.4,0,0,1.0031393002444124,1.0
text-normalization-challenge-english-language__d28cf7a8f6e7407285f8890122923641,cards_senior_0808.jsonl:22,text-normalization-challenge-english-language,hard,full_continue,2,1,0,0,2,0,text-normalization-challenge-english-language__9392f64ff1f84e9284c2dd8a154a7075|text-normalization-challenge-english-language__a985c60513e94d3689ab07945cc0bbff,,1.0,1.0,,,1.0,3877.7280311528593,9.4,0,0,1.002424099865819,1.0
text-normalization-challenge-english-language__d28cf7a8f6e7407285f8890122923641,cards_senior_0808.jsonl:22,text-normalization-challenge-english-language,hard,observed_only,2,1,0,0,2,0,text-normalization-challenge-english-language__9392f64ff1f84e9284c2dd8a154a7075|text-normalization-challenge-english-language__a985c60513e94d3689ab07945cc0bbff,,1.0,1.0,,,1.0,3877.7280311528593,9.4,0,0,1.002424099865819,1.0
text-normalization-challenge-english-language__d28cf7a8f6e7407285f8890122923641,cards_senior_0808.jsonl:22,text-normalization-challenge-english-language,hard,censor_aware,2,1,0,0,2,0,text-normalization-challenge-english-language__9392f64ff1f84e9284c2dd8a154a7075|text-normalization-challenge-english-language__a985c60513e94d3689ab07945cc0bbff,,1.0,1.0,1.0,1.0,1.0,3877.7280311528593,9.4,0,0,1.002424099865819,1.0
text-normalization-challenge-russian-language__0cbe5ab914ed4c0084e137aff6c5aac2,cards_senior_0809.jsonl:23,text-normalization-challenge-russian-language,hard,full_continue,2,1,0,0,2,0,text-normalization-challenge-russian-language__17aee59d02c4456da6f4c9f0a012608e|text-normalization-challenge-russian-language__ec66f21087014f2f9ef743b6d89534a2,,1.0,1.0,,,1.0,2425.146029845928,9.2,0,0,1.0037935859889577,1.0
text-normalization-challenge-russian-language__0cbe5ab914ed4c0084e137aff6c5aac2,cards_senior_0809.jsonl:23,text-normalization-challenge-russian-language,hard,observed_only,2,1,0,0,2,0,text-normalization-challenge-russian-language__17aee59d02c4456da6f4c9f0a012608e|text-normalization-challenge-russian-language__ec66f21087014f2f9ef743b6d89534a2,,1.0,1.0,,,1.0,2425.146029845928,9.2,0,0,1.0037935859889577,1.0
text-normalization-challenge-russian-language__0cbe5ab914ed4c0084e137aff6c5aac2,cards_senior_0809.jsonl:23,text-normalization-challenge-russian-language,hard,censor_aware,2,1,0,0,2,0,text-normalization-challenge-russian-language__17aee59d02c4456da6f4c9f0a012608e|text-normalization-challenge-russian-language__ec66f21087014f2f9ef743b6d89534a2,,1.0,1.0,1.0,1.0,1.0,2425.146029845928,9.2,0,0,1.0037935859889577,1.0
text-normalization-challenge-russian-language__265714a90f6144db8d466aa8c461fab3,cards_senior_0809.jsonl:23,text-normalization-challenge-russian-language,hard,full_continue,2,1,0,0,2,0,text-normalization-challenge-russian-language__12df4ee4a31c43728bf318e397db833e|text-normalization-challenge-russian-language__c31cc5384e6f4f609ece877427c14945,,1.0,1.0,,,1.0,2591.4788036131067,11.5,0,0,1.0044376207067434,1.0
text-normalization-challenge-russian-language__265714a90f6144db8d466aa8c461fab3,cards_senior_0809.jsonl:23,text-normalization-challenge-russian-language,hard,observed_only,2,1,0,0,2,0,text-normalization-challenge-russian-language__12df4ee4a31c43728bf318e397db833e|text-normalization-challenge-russian-language__c31cc5384e6f4f609ece877427c14945,,1.0,1.0,,,1.0,2591.4788036131067,11.5,0,0,1.0044376207067434,1.0
text-normalization-challenge-russian-language__265714a90f6144db8d466aa8c461fab3,cards_senior_0809.jsonl:23,text-normalization-challenge-russian-language,hard,censor_aware,2,1,0,0,2,0,text-normalization-challenge-russian-language__12df4ee4a31c43728bf318e397db833e|text-normalization-challenge-russian-language__c31cc5384e6f4f609ece877427c14945,,1.0,1.0,1.0,1.0,1.0,2591.4788036131067,11.5,0,0,1.0044376207067434,1.0
text-normalization-challenge-russian-language__43dbfa889c46450da2f5fab7fcfec4da,cards_senior_0809.jsonl:23,text-normalization-challenge-russian-language,hard,full_continue,2,1,0,0,2,0,text-normalization-challenge-russian-language__2fe66094d42742808d9a58b89318bbe2|text-normalization-challenge-russian-language__bb14510d97f9431b9d38af8c0c6ec464,,1.0,1.0,,,1.0,2994.488991727936,9.3,0,0,1.0031057051889958,1.0
text-normalization-challenge-russian-language__43dbfa889c46450da2f5fab7fcfec4da,cards_senior_0809.jsonl:23,text-normalization-challenge-russian-language,hard,observed_only,2,1,0,0,2,0,text-normalization-challenge-russian-language__2fe66094d42742808d9a58b89318bbe2|text-normalization-challenge-russian-language__bb14510d97f9431b9d38af8c0c6ec464,,1.0,1.0,,,1.0,2994.488991727936,9.3,0,0,1.0031057051889958,1.0
text-normalization-challenge-russian-language__43dbfa889c46450da2f5fab7fcfec4da,cards_senior_0809.jsonl:23,text-normalization-challenge-russian-language,hard,censor_aware,2,1,0,0,2,0,text-normalization-challenge-russian-language__2fe66094d42742808d9a58b89318bbe2|text-normalization-challenge-russian-language__bb14510d97f9431b9d38af8c0c6ec464,,1.0,1.0,1.0,1.0,1.0,2994.488991727936,9.3,0,0,1.0031057051889958,1.0
tweet-sentiment-extraction__5be644ad99144cb6b4497c8660eebaee,cards_senior_0808.jsonl:31,tweet-sentiment-extraction,easy,full_continue,2,1,0,0,2,0,tweet-sentiment-extraction__8d8df13692c14f7db7597f2cad9346cf|tweet-sentiment-extraction__e1266dc1dbe04bbfb31bfcee508ffddd,,1.0,1.0,,,1.0,2024.7811343371868,240.2,0,0,1.1186301057070198,1.0
tweet-sentiment-extraction__5be644ad99144cb6b4497c8660eebaee,cards_senior_0808.jsonl:31,tweet-sentiment-extraction,easy,observed_only,2,1,0,0,2,0,tweet-sentiment-extraction__8d8df13692c14f7db7597f2cad9346cf|tweet-sentiment-extraction__e1266dc1dbe04bbfb31bfcee508ffddd,,1.0,1.0,,,1.0,2024.7811343371868,240.2,0,0,1.1186301057070198,1.0
tweet-sentiment-extraction__5be644ad99144cb6b4497c8660eebaee,cards_senior_0808.jsonl:31,tweet-sentiment-extraction,easy,censor_aware,2,1,0,0,2,0,tweet-sentiment-extraction__8d8df13692c14f7db7597f2cad9346cf|tweet-sentiment-extraction__e1266dc1dbe04bbfb31bfcee508ffddd,,1.0,1.0,1.0,1.0,1.0,2024.7811343371868,240.2,0,0,1.1186301057070198,1.0
tweet-sentiment-extraction__79b72c1b23df4f8db3284a62700da952,cards_senior_0806.jsonl:24,tweet-sentiment-extraction,hard,full_continue,2,1,0,0,2,0,tweet-sentiment-extraction__46adc5e68d6b40dbb11b144b2641767b|tweet-sentiment-extraction__d680305409224abba779c433973d67ad,,1.0,1.0,,,1.0,2254.8838921114802,240.3,0,0,1.106568680028568,1.0
tweet-sentiment-extraction__79b72c1b23df4f8db3284a62700da952,cards_senior_0806.jsonl:24,tweet-sentiment-extraction,hard,observed_only,2,1,0,0,2,0,tweet-sentiment-extraction__46adc5e68d6b40dbb11b144b2641767b|tweet-sentiment-extraction__d680305409224abba779c433973d67ad,,1.0,1.0,,,1.0,2254.8838921114802,240.3,0,0,1.106568680028568,1.0
tweet-sentiment-extraction__79b72c1b23df4f8db3284a62700da952,cards_senior_0806.jsonl:24,tweet-sentiment-extraction,hard,censor_aware,2,1,0,0,2,0,tweet-sentiment-extraction__46adc5e68d6b40dbb11b144b2641767b|tweet-sentiment-extraction__d680305409224abba779c433973d67ad,,1.0,1.0,1.0,1.0,1.0,2254.8838921114802,240.3,0,0,1.106568680028568,1.0
tweet-sentiment-extraction__8e67290c9fd54dba997e3b505c195ccd,cards_senior_0808.jsonl:31,tweet-sentiment-extraction,hard,full_continue,2,1,0,0,2,0,tweet-sentiment-extraction__ba991b0a79ab4c0b891f8b9d0a51596b|tweet-sentiment-extraction__ebc3354908f34e22a46f39eedfe14ff7,,1.0,1.0,,,1.0,4238.258394338191,240.2,0,0,1.0566742226762007,1.0
tweet-sentiment-extraction__8e67290c9fd54dba997e3b505c195ccd,cards_senior_0808.jsonl:31,tweet-sentiment-extraction,hard,observed_only,2,1,0,0,2,0,tweet-sentiment-extraction__ba991b0a79ab4c0b891f8b9d0a51596b|tweet-sentiment-extraction__ebc3354908f34e22a46f39eedfe14ff7,,1.0,1.0,,,1.0,4238.258394338191,240.2,0,0,1.0566742226762007,1.0
tweet-sentiment-extraction__8e67290c9fd54dba997e3b505c195ccd,cards_senior_0808.jsonl:31,tweet-sentiment-extraction,hard,censor_aware,2,1,0,0,2,0,tweet-sentiment-extraction__ba991b0a79ab4c0b891f8b9d0a51596b|tweet-sentiment-extraction__ebc3354908f34e22a46f39eedfe14ff7,,1.0,1.0,1.0,1.0,1.0,4238.258394338191,240.2,0,0,1.0566742226762007,1.0
tweet-sentiment-extraction__d1885b0e987f42cdb76500c3050dc204,cards_senior_0808.jsonl:31,tweet-sentiment-extraction,easy,full_continue,2,1,0,0,2,0,tweet-sentiment-extraction__ca1e8db2630c463c9f5cec8ec4372e82|tweet-sentiment-extraction__f6c40c870e6a4745a99c42726964c10f,,1.0,1.0,,,1.0,4227.325843855739,240.2,0,0,1.0568207914109866,1.0
tweet-sentiment-extraction__d1885b0e987f42cdb76500c3050dc204,cards_senior_0808.jsonl:31,tweet-sentiment-extraction,easy,observed_only,2,1,0,0,2,0,tweet-sentiment-extraction__ca1e8db2630c463c9f5cec8ec4372e82|tweet-sentiment-extraction__f6c40c870e6a4745a99c42726964c10f,,1.0,1.0,,,1.0,4227.325843855739,240.2,0,0,1.0568207914109866,1.0
tweet-sentiment-extraction__d1885b0e987f42cdb76500c3050dc204,cards_senior_0808.jsonl:31,tweet-sentiment-extraction,easy,censor_aware,2,1,0,0,2,0,tweet-sentiment-extraction__ca1e8db2630c463c9f5cec8ec4372e82|tweet-sentiment-extraction__f6c40c870e6a4745a99c42726964c10f,,1.0,1.0,1.0,1.0,1.0,4227.325843855739,240.2,0,0,1.0568207914109866,1.0
tweet-sentiment-extraction__e3a6b0cbf8c442d29c34bfeed357e7b9,cards_ours_20260727.jsonl:78,tweet-sentiment-extraction,easy,full_continue,2,1,0,0,2,0,tweet-sentiment-extraction__0a0cc958b101410bb78c7b4aa2e35de7|tweet-sentiment-extraction__e81936fc2667464d8c5cb91c12c2dae1,,1.0,1.0,,,1.0,1624.8608327880502,240.4,0,0,1.1479511322748206,1.0
tweet-sentiment-extraction__e3a6b0cbf8c442d29c34bfeed357e7b9,cards_ours_20260727.jsonl:78,tweet-sentiment-extraction,easy,observed_only,2,1,0,0,2,0,tweet-sentiment-extraction__0a0cc958b101410bb78c7b4aa2e35de7|tweet-sentiment-extraction__e81936fc2667464d8c5cb91c12c2dae1,,1.0,1.0,,,1.0,1624.8608327880502,240.4,0,0,1.1479511322748206,1.0
tweet-sentiment-extraction__e3a6b0cbf8c442d29c34bfeed357e7b9,cards_ours_20260727.jsonl:78,tweet-sentiment-extraction,easy,censor_aware,2,1,0,0,2,0,tweet-sentiment-extraction__0a0cc958b101410bb78c7b4aa2e35de7|tweet-sentiment-extraction__e81936fc2667464d8c5cb91c12c2dae1,,1.0,1.0,1.0,1.0,1.0,1624.8608327880502,240.4,0,0,1.1479511322748206,1.0
tweet-sentiment-extraction__f4ea2d18e2ab4322a42cebfe171dd8f0,cards_senior_0806.jsonl:24,tweet-sentiment-extraction,hard,full_continue,2,1,0,0,2,0,tweet-sentiment-extraction__2dd226e419444bda9332f9335227453b|tweet-sentiment-extraction__682d524e66a341aeaea1f6bfc8e79e3f,,1.0,1.0,,,1.0,2112.7560164816678,240.3,0,0,1.1137376952783062,1.0
tweet-sentiment-extraction__f4ea2d18e2ab4322a42cebfe171dd8f0,cards_senior_0806.jsonl:24,tweet-sentiment-extraction,hard,observed_only,2,1,0,0,2,0,tweet-sentiment-extraction__2dd226e419444bda9332f9335227453b|tweet-sentiment-extraction__682d524e66a341aeaea1f6bfc8e79e3f,,1.0,1.0,,,1.0,2112.7560164816678,240.3,0,0,1.1137376952783062,1.0
tweet-sentiment-extraction__f4ea2d18e2ab4322a42cebfe171dd8f0,cards_senior_0806.jsonl:24,tweet-sentiment-extraction,hard,censor_aware,2,1,0,0,2,0,tweet-sentiment-extraction__2dd226e419444bda9332f9335227453b|tweet-sentiment-extraction__682d524e66a341aeaea1f6bfc8e79e3f,,1.0,1.0,1.0,1.0,1.0,2112.7560164816678,240.3,0,0,1.1137376952783062,1.0
us-patent-phrase-to-phrase-matching__3bd04fbd77e74e74a15e216bba7cb7f2,cards_senior_0809.jsonl:0,us-patent-phrase-to-phrase-matching,easy,full_continue,2,1,0,0,2,0,us-patent-phrase-to-phrase-matching__1c4488edb7d64655b66855bb93bf1e8b|us-patent-phrase-to-phrase-matching__62f7f6d4c93243f8b5cfb6c826567d0e,,1.0,1.0,,,1.0,1165.0347208827734,240.2,0,0,1.2061741128350192,1.0
us-patent-phrase-to-phrase-matching__3bd04fbd77e74e74a15e216bba7cb7f2,cards_senior_0809.jsonl:0,us-patent-phrase-to-phrase-matching,easy,observed_only,2,1,0,0,2,0,us-patent-phrase-to-phrase-matching__1c4488edb7d64655b66855bb93bf1e8b|us-patent-phrase-to-phrase-matching__62f7f6d4c93243f8b5cfb6c826567d0e,,1.0,1.0,,,1.0,1165.0347208827734,240.2,0,0,1.2061741128350192,1.0
us-patent-phrase-to-phrase-matching__3bd04fbd77e74e74a15e216bba7cb7f2,cards_senior_0809.jsonl:0,us-patent-phrase-to-phrase-matching,easy,censor_aware,2,1,0,0,2,0,us-patent-phrase-to-phrase-matching__1c4488edb7d64655b66855bb93bf1e8b|us-patent-phrase-to-phrase-matching__62f7f6d4c93243f8b5cfb6c826567d0e,,1.0,1.0,1.0,1.0,1.0,1165.0347208827734,240.2,0,0,1.2061741128350192,1.0
us-patent-phrase-to-phrase-matching__3c22a06bf2df41b8a3919319aec84af6,cards_senior_0809.jsonl:0,us-patent-phrase-to-phrase-matching,easy,full_continue,2,1,0,0,2,0,us-patent-phrase-to-phrase-matching__377975af886d4537bf3642d36be325b8|us-patent-phrase-to-phrase-matching__48b67d035f0442d0893e85642d0c5c70,,1.0,1.0,,,1.0,3890.8896679207683,240.2,0,0,1.0617339530288863,1.0
us-patent-phrase-to-phrase-matching__3c22a06bf2df41b8a3919319aec84af6,cards_senior_0809.jsonl:0,us-patent-phrase-to-phrase-matching,easy,observed_only,2,1,0,0,2,0,us-patent-phrase-to-phrase-matching__377975af886d4537bf3642d36be325b8|us-patent-phrase-to-phrase-matching__48b67d035f0442d0893e85642d0c5c70,,1.0,1.0,,,1.0,3890.8896679207683,240.2,0,0,1.0617339530288863,1.0
us-patent-phrase-to-phrase-matching__3c22a06bf2df41b8a3919319aec84af6,cards_senior_0809.jsonl:0,us-patent-phrase-to-phrase-matching,easy,censor_aware,2,1,0,0,2,0,us-patent-phrase-to-phrase-matching__377975af886d4537bf3642d36be325b8|us-patent-phrase-to-phrase-matching__48b67d035f0442d0893e85642d0c5c70,,1.0,1.0,1.0,1.0,1.0,3890.8896679207683,240.2,0,0,1.0617339530288863,1.0
us-patent-phrase-to-phrase-matching__586121ab64c04adcbd5d9cddd9a8797a,cards_senior_0809.jsonl:3,us-patent-phrase-to-phrase-matching,hard,full_continue,2,1,0,0,2,0,us-patent-phrase-to-phrase-matching__4d490c1fd354424590af4de01f88d37e|us-patent-phrase-to-phrase-matching__de37da6839394cd6b7b11d20cb6c5fa0,,1.0,1.0,,,1.0,2954.1768367290497,241.0,0,0,1.0815794088572037,1.0
us-patent-phrase-to-phrase-matching__586121ab64c04adcbd5d9cddd9a8797a,cards_senior_0809.jsonl:3,us-patent-phrase-to-phrase-matching,hard,observed_only,2,1,0,0,2,0,us-patent-phrase-to-phrase-matching__4d490c1fd354424590af4de01f88d37e|us-patent-phrase-to-phrase-matching__de37da6839394cd6b7b11d20cb6c5fa0,,1.0,1.0,,,1.0,2954.1768367290497,241.0,0,0,1.0815794088572037,1.0
us-patent-phrase-to-phrase-matching__586121ab64c04adcbd5d9cddd9a8797a,cards_senior_0809.jsonl:3,us-patent-phrase-to-phrase-matching,hard,censor_aware,2,1,0,0,2,0,us-patent-phrase-to-phrase-matching__4d490c1fd354424590af4de01f88d37e|us-patent-phrase-to-phrase-matching__de37da6839394cd6b7b11d20cb6c5fa0,,1.0,1.0,1.0,1.0,1.0,2954.1768367290497,241.0,0,0,1.0815794088572037,1.0
us-patent-phrase-to-phrase-matching__63a3ae986af04fbe8e877559ccbcee05,cards_senior_0809.jsonl:0,us-patent-phrase-to-phrase-matching,hard,full_continue,2,1,0,0,2,0,us-patent-phrase-to-phrase-matching__8a679e73b8e347bab4c5736235428580|us-patent-phrase-to-phrase-matching__e6c01b00731d4e28a6061eb7473253d0,,1.0,1.0,,,1.0,1624.339437827468,240.2,0,0,1.1478754959746986,1.0
us-patent-phrase-to-phrase-matching__63a3ae986af04fbe8e877559ccbcee05,cards_senior_0809.jsonl:0,us-patent-phrase-to-phrase-matching,hard,observed_only,2,1,0,0,2,0,us-patent-phrase-to-phrase-matching__8a679e73b8e347bab4c5736235428580|us-patent-phrase-to-phrase-matching__e6c01b00731d4e28a6061eb7473253d0,,1.0,1.0,,,1.0,1624.339437827468,240.2,0,0,1.1478754959746986,1.0
us-patent-phrase-to-phrase-matching__63a3ae986af04fbe8e877559ccbcee05,cards_senior_0809.jsonl:0,us-patent-phrase-to-phrase-matching,hard,censor_aware,2,1,0,0,2,0,us-patent-phrase-to-phrase-matching__8a679e73b8e347bab4c5736235428580|us-patent-phrase-to-phrase-matching__e6c01b00731d4e28a6061eb7473253d0,,1.0,1.0,1.0,1.0,1.0,1624.339437827468,240.2,0,0,1.1478754959746986,1.0
us-patent-phrase-to-phrase-matching__c7e9f7619a9e4910bb26a158a66a6cee,cards_senior_0809.jsonl:0,us-patent-phrase-to-phrase-matching,easy,full_continue,2,1,0,0,2,0,us-patent-phrase-to-phrase-matching__0094c655584a4efebad270ab7be4a2d1|us-patent-phrase-to-phrase-matching__7a13b994f5a24f8582ee2ac810a6d9df,,1.0,1.0,,,1.0,1067.2444627732038,240.2,0,0,1.225065585607113,1.0
us-patent-phrase-to-phrase-matching__c7e9f7619a9e4910bb26a158a66a6cee,cards_senior_0809.jsonl:0,us-patent-phrase-to-phrase-matching,easy,observed_only,2,1,0,0,2,0,us-patent-phrase-to-phrase-matching__0094c655584a4efebad270ab7be4a2d1|us-patent-phrase-to-phrase-matching__7a13b994f5a24f8582ee2ac810a6d9df,,1.0,1.0,,,1.0,1067.2444627732038,240.2,0,0,1.225065585607113,1.0
us-patent-phrase-to-phrase-matching__c7e9f7619a9e4910bb26a158a66a6cee,cards_senior_0809.jsonl:0,us-patent-phrase-to-phrase-matching,easy,censor_aware,2,1,0,0,2,0,us-patent-phrase-to-phrase-matching__0094c655584a4efebad270ab7be4a2d1|us-patent-phrase-to-phrase-matching__7a13b994f5a24f8582ee2ac810a6d9df,,1.0,1.0,1.0,1.0,1.0,1067.2444627732038,240.2,0,0,1.225065585607113,1.0
us-patent-phrase-to-phrase-matching__f84b487d869444eeb86d22a584ec13f8,cards_senior_0809.jsonl:0,us-patent-phrase-to-phrase-matching,hard,full_continue,2,1,0,0,2,0,us-patent-phrase-to-phrase-matching__3c22a06bf2df41b8a3919319aec84af6|us-patent-phrase-to-phrase-matching__5a4a8e6b293441ce96f5f0545568af76,,1.0,1.0,,,1.0,738.5958861410618,240.2,0,0,1.3252116678512411,1.0
us-patent-phrase-to-phrase-matching__f84b487d869444eeb86d22a584ec13f8,cards_senior_0809.jsonl:0,us-patent-phrase-to-phrase-matching,hard,observed_only,2,1,0,0,2,0,us-patent-phrase-to-phrase-matching__3c22a06bf2df41b8a3919319aec84af6|us-patent-phrase-to-phrase-matching__5a4a8e6b293441ce96f5f0545568af76,,1.0,1.0,,,1.0,738.5958861410618,240.2,0,0,1.3252116678512411,1.0
us-patent-phrase-to-phrase-matching__f84b487d869444eeb86d22a584ec13f8,cards_senior_0809.jsonl:0,us-patent-phrase-to-phrase-matching,hard,censor_aware,2,1,0,0,2,0,us-patent-phrase-to-phrase-matching__3c22a06bf2df41b8a3919319aec84af6|us-patent-phrase-to-phrase-matching__5a4a8e6b293441ce96f5f0545568af76,,1.0,1.0,1.0,1.0,1.0,738.5958861410618,240.2,0,0,1.3252116678512411,1.0
whale-categorization-playground__4357df5db0134f668959aefa0ee73ba6,cards_senior_0808.jsonl:4,whale-categorization-playground,easy,full_continue,2,1,2,2,2,0,whale-categorization-playground__1eed9a1d3c2744ffbd658019805310aa|whale-categorization-playground__4640830dea044d49866b722d18ca4db8,,1.0,1.0,,,1.0,180.31424518674612,160.7,0,0,1.8912218767494924,1.0
whale-categorization-playground__4357df5db0134f668959aefa0ee73ba6,cards_senior_0808.jsonl:4,whale-categorization-playground,easy,observed_only,2,1,2,2,1,1,whale-categorization-playground__4640830dea044d49866b722d18ca4db8,whale-categorization-playground__1eed9a1d3c2744ffbd658019805310aa,1.0,1.0,,,0.5,180.31424518674612,160.7,131.56453301757574,25.664533017575735,1.161581615208768,0.8576677456015983
whale-categorization-playground__4357df5db0134f668959aefa0ee73ba6,cards_senior_0808.jsonl:4,whale-categorization-playground,easy,censor_aware,2,1,2,2,1,1,whale-categorization-playground__4640830dea044d49866b722d18ca4db8,whale-categorization-playground__1eed9a1d3c2744ffbd658019805310aa,1.0,1.0,0.5,0.5,0.5,180.31424518674612,160.7,131.56453301757574,25.664533017575735,1.161581615208768,0.8576677456015983
whale-categorization-playground__54180eeefe9d4b4ba451c22272e8596d,cards_senior_0808.jsonl:4,whale-categorization-playground,hard,full_continue,2,1,2,2,2,0,whale-categorization-playground__1993f9bcf0ee4bfeaaea9a7034c8e08e|whale-categorization-playground__810bfcc7bb3a44d396a6056bb651d30f,,1.0,1.0,,,1.0,242.15366231650114,202.5,0,0,1.8362458699275306,1.0
whale-categorization-playground__54180eeefe9d4b4ba451c22272e8596d,cards_senior_0808.jsonl:4,whale-categorization-playground,hard,observed_only,2,1,2,2,1,1,whale-categorization-playground__1993f9bcf0ee4bfeaaea9a7034c8e08e,whale-categorization-playground__810bfcc7bb3a44d396a6056bb651d30f,1.0,1.0,,,0.5,242.15366231650114,202.5,110.51124124974012,14.011241249740124,1.3798776275785918,0.9421390487523287
whale-categorization-playground__54180eeefe9d4b4ba451c22272e8596d,cards_senior_0808.jsonl:4,whale-categorization-playground,hard,censor_aware,2,1,2,2,1,1,whale-categorization-playground__1993f9bcf0ee4bfeaaea9a7034c8e08e,whale-categorization-playground__810bfcc7bb3a44d396a6056bb651d30f,1.0,1.0,0.5,0.5,0.5,242.15366231650114,202.5,110.51124124974012,14.011241249740124,1.3798776275785918,0.9421390487523287
whale-categorization-playground__714dd2f45fce42b3bfb1cb7cfc627ac9,cards_senior_0808.jsonl:4,whale-categorization-playground,hard,full_continue,2,1,2,2,2,0,whale-categorization-playground__4357df5db0134f668959aefa0ee73ba6|whale-categorization-playground__526ebe6d24d44d8f93c8e506236ec587,,1.0,1.0,,,1.0,101.1667485460639,98.4,0,0,1.9726516015802946,1.0
whale-categorization-playground__714dd2f45fce42b3bfb1cb7cfc627ac9,cards_senior_0808.jsonl:4,whale-categorization-playground,hard,observed_only,2,1,2,2,1,1,whale-categorization-playground__526ebe6d24d44d8f93c8e506236ec587,whale-categorization-playground__4357df5db0134f668959aefa0ee73ba6,1.0,1.0,,,0.5,101.1667485460639,98.4,48.531495697796345,0.2314956977963476,1.4929337457108964,0.9977117412477585
whale-categorization-playground__714dd2f45fce42b3bfb1cb7cfc627ac9,cards_senior_0808.jsonl:4,whale-categorization-playground,hard,censor_aware,2,1,2,2,1,1,whale-categorization-playground__526ebe6d24d44d8f93c8e506236ec587,whale-categorization-playground__4357df5db0134f668959aefa0ee73ba6,1.0,1.0,0.5,0.5,0.5,101.1667485460639,98.4,48.531495697796345,0.2314956977963476,1.4929337457108964,0.9977117412477585
whale-categorization-playground__7ce3e536c1e049afa5f3d5e768c58615,cards_senior_0808.jsonl:4,whale-categorization-playground,easy,full_continue,2,1,2,2,2,0,whale-categorization-playground__1e0523c9f023474d8c2ff0f41e3c9969|whale-categorization-playground__45dc507077d5444c9dca3ab6d8e46b79,,1.0,1.0,,,1.0,189.59622447937727,171.9,0,0,1.9066636240886634,1.0
whale-categorization-playground__7ce3e536c1e049afa5f3d5e768c58615,cards_senior_0808.jsonl:4,whale-categorization-playground,easy,observed_only,2,1,2,2,1,1,whale-categorization-playground__1e0523c9f023474d8c2ff0f41e3c9969,whale-categorization-playground__45dc507077d5444c9dca3ab6d8e46b79,1.0,1.0,,,0.5,189.59622447937727,171.9,89.73985059559345,8.03985059559345,1.433342750521613,0.9575948802900979
whale-categorization-playground__7ce3e536c1e049afa5f3d5e768c58615,cards_senior_0808.jsonl:4,whale-categorization-playground,easy,censor_aware,2,1,2,2,1,1,whale-categorization-playground__1e0523c9f023474d8c2ff0f41e3c9969,whale-categorization-playground__45dc507077d5444c9dca3ab6d8e46b79,1.0,1.0,0.5,0.5,0.5,189.59622447937727,171.9,89.73985059559345,8.03985059559345,1.433342750521613,0.9575948802900979
whale-categorization-playground__b90628e666304e37aae1d7b746c71421,cards_senior_0808.jsonl:4,whale-categorization-playground,easy,full_continue,2,1,2,2,2,0,whale-categorization-playground__a654a03bb40a4ae68b4f006b23fb7ef6|whale-categorization-playground__bd9fe2cb573d4bd1bd064db704f7cbba,,1.0,1.0,,,1.0,100.20958537608385,96.9,0,0,1.9669733652358399,1.0
whale-categorization-playground__b90628e666304e37aae1d7b746c71421,cards_senior_0808.jsonl:4,whale-categorization-playground,easy,observed_only,2,1,2,2,1,1,whale-categorization-playground__bd9fe2cb573d4bd1bd064db704f7cbba,whale-categorization-playground__a654a03bb40a4ae68b4f006b23fb7ef6,1.0,1.0,,,0.5,100.20958537608385,96.9,50.45212610065937,1.0521261006593718,1.4635072954849881,0.9895007438987921
whale-categorization-playground__b90628e666304e37aae1d7b746c71421,cards_senior_0808.jsonl:4,whale-categorization-playground,easy,censor_aware,2,1,2,2,1,1,whale-categorization-playground__bd9fe2cb573d4bd1bd064db704f7cbba,whale-categorization-playground__a654a03bb40a4ae68b4f006b23fb7ef6,1.0,1.0,0.5,0.5,0.5,100.20958537608385,96.9,50.45212610065937,1.0521261006593718,1.4635072954849881,0.9895007438987921
whale-categorization-playground__fdddc49ca71647528ab0cce114ee3cb1,cards_senior_0808.jsonl:4,whale-categorization-playground,hard,full_continue,2,1,1,1,2,0,whale-categorization-playground__42946e2d791e42b7950c54b9f578160a|whale-categorization-playground__75cc6d17e1474aa4a703511062f10870,,1.0,1.0,,,1.0,213.98534617573023,205.10000000000002,0,0,1.95847684743593,1.0
whale-categorization-playground__fdddc49ca71647528ab0cce114ee3cb1,cards_senior_0808.jsonl:4,whale-categorization-playground,hard,observed_only,2,1,1,1,1,1,whale-categorization-playground__75cc6d17e1474aa4a703511062f10870,whale-categorization-playground__42946e2d791e42b7950c54b9f578160a,0.0,0.0,,,0.5,213.98534617573023,205.10000000000002,122.42289997637272,2.222899976372716,1.386368045762025,0.9896119055996142
whale-categorization-playground__fdddc49ca71647528ab0cce114ee3cb1,cards_senior_0808.jsonl:4,whale-categorization-playground,hard,censor_aware,2,1,1,1,2,0,whale-categorization-playground__42946e2d791e42b7950c54b9f578160a|whale-categorization-playground__75cc6d17e1474aa4a703511062f10870,,1.0,1.0,1.0,1.0,1.0,213.98534617573023,205.10000000000002,0,0,1.95847684743593,1.0
