textID,selected_text
80a1e6bc32,a
863097735d,iss
264cd5277f,"tired and didn`t really have an exciting Saturday.  oh well, hope it`s better tomorrow."
baee1e6ffc,i`ve been eating cheetos all morning..
67d06a8dee,haiiii sankQ i`m fineee ima js get a checkup cos my rib hurts LOL idk but i shall be fine ~ thanks
7438c9c09a,d
77a6add433,t
0f5c867e5d,In weho! They`re are playing a lot of brit
02d47f1829,_NJ Oh! I`m only in my 7   I just joined Twitter a few days ago....
7b46dad07f,w
a45e3b097b,how r u feeling? and when r u guys coming back to canad?... come to vancouver!
85453272a9,e
e22c5b9096,exploded.
5bcaf5aa9f,there`s a 9 year waiting list to get an appointment.
8e39e8f318,odd
d641fd2819,Hoping that this will just heal on it`s own because anything I put on it just makes it worse. Owww
4b53d107bd,`
f977627ef9,first night sleeping in my new home
1389791cd7,i
6dc7da1338,stil
8ce827ac09,Grand Indonesia with mom n sisters...
4ec73afa55,stamp
d7971e5203,yeah me too.
0c28082f08,I want him to call
5ce6e92e2c,ishes
3e56c631c0,gotta go! bye twitterland!  good night! i`ll try sleep. so that i will recover easily! still sick!  bye!
adca191e66,l
a0e58fd6d8,is it normal for a masseusse to fully massage your buttocks? I swear she was a quarter inch from a medical exam..
6d67a97c4d,chips
c1608cfd9d,w
069dd440e4,o
56d742e6bc,eadaches! May
124502697f,Good morning world! I feel really sick.
82adc47e1b,"ys,"
646a2866e0,liev
2660d36152,sorry.
43e658a79f,"well, the requirements are quite high as well"
f82fc1a0f6,real_n
31215522c2,Don`t 4 get to call your moms tomorrow...mothers day
542499cbd6,Gr
cd23a0a6da,eant casting-relat
0a9e2f2672,mebac
c60ca15d48,......when I find chays keys  im gonna clean my room up tomorrow. They`ll pop up
eefbc18906,With My Boy Still  He`s everything to me
cb45fae109,listenin
8114133dba,c
486c0a2215,about to start getting ready for work.  took lexi out to the park earlier! wish i could lay around ALL day.
5c43dd8dc4,Loads of little jobs to do today.  Going to be playing walking themed music today from BrickMan
b7e2fef42e,oyota.
3b0a210bad,trail
8e91c0ce24,You almost have as many viewers as the Live Eagle Cam on Ustream  http://tinyurl.com/d4hgoj
09a68b835c,Bit of sunshine out there and it perks us all up  Especially when you have a mountain of towels to wash and get dry!
0a7bcd83f5,ently
75f4f9fe63,W
63264da974,ee
0959262dda,It tells me I`m not a member of the private beta  and I`m not going to just start pretending to assassinate people
957b47f07c,sorr
ad443fa341,so addicting
33f32a6832,NIC
d54439bba7,good
960bbdc0c3,m
cf6ded5fbf,Ecaytrade people who said you`d come by stuff at 6:30..where are you ? Bugs me when people no-show
b27374035d,ppy
47fad4f4cd,y
8e7d8d2a14,well i miss her i think she would really like it  re:trina
ebe781df42,haha...it the booomb
75318ceaff,internet
6466259a12,last time...
76c143dd66,s
778184dff1,know
0d8328f19c,py
716f2a0736,anks!
878c210da3,Admitting that I don`t like action plots and I do like romance plots always makes me feel like I`m setting back the feminist cause.
dfa12a52eb,Happy Star Wars Day? OHHHH...now I get it. May the 4th be with you.  love it. (and mondays). (sorry again) #starwarsday
886d0c07ed,M
dbbbbe6059,i
ddb006254b,ed.
03ff7b5de5,cant
3e3236c26f,y
17779824cf,See FTSK tonight in Grand Rapids
654f3b938c,e
51fe547d97,heyy have you deleted your myspace account  cause the link in the side bar wont work it says its been deleted wb ily ****
249849fb5b,feelin
82f88a3667,recover
a04f085297,hahahaha definitely!  still writing?
678d99802d,chille
72aa630b62,_radio i`m too awake now  ill have a nap this afternoon
511eff412b,"Crazy Legs is peepin _parks at the pool hahaha She likes graf writers, not b-boys, sorry"
a52a462bef,sleep
7179b0d17c,people not
bce44bef7b,liev
58d5c02640,e
ce9e055eaf,good
cd510913d0,e
433d0e9177,a
04f7a0b0f0,ile
d0db1353bd,"If all goes according to plan, you CSE RFID guinea pigs should have a **** FF extension to play with by the end of this week"
ad34a6585f,went to wingstop without me
ad0dc9e617,es
05a3d0d114,p
3961e6973d,://bit.ly/bGcnW
7b2d60b7b2,Ugh. Going to skool
f1c227d162,e
bcec654c69,FJGKFLD;`Sdh WHY AM I NOT AT HOMETOWN DAYS WITH MY FRIENDS.
3bf7a25c9b,Happy
c8b98d7102,yooo! Its rainin dumb hard out.
d852bd1a2f,broke my gorilla pod  and I think one Lego Knight lost his helmet
a208770a32,in spoke to you yesterday and u didnt respond girl  wassup though!
fe1b3235db,Wheres my phone ?!
b2f1788e06,Joe`s version is pretty but it`s a sleeper.  Shouldn`t be played at 1am.
088ed77c3f,"Im 20 - believe me, I`ve tried! I`m just too ginger! Freckles join up on my face - that`s it!  get it out a bottle cancerfree"
b524839bd6,Happy
11432973be,aaa new follower! hiii
5abbf5d8a2,m
957d35b0c3,Follow Friday  b/c she needs more followers
247e9c28a5,appy
e891770f33,sor
bd44faa13e,Hi to you too.
e5b3f605e0,a
0e77fb5e8d,just got Zion tweet
e10a97ec7c,.
ca57a8830c,stopped
e7eecffdc8,</3...my
bc7fe75312,"Just wondering if you are going to put 'One Too Many' on itunes.  I hope you do, it is the only cd of yours I don`t have."
7a95002cbf,already...
61180babcd,_Stack i wish i could go to both but i don`t think i`ll be allowed :p either way with two shows going your bound to get a ticket
4aec85b115,It`s driving you insane? Really? It`s Sterling Knight playing Chad Dylan Cooper on Sonny With A Chance
7162d447ab,w
a31a621c21,Appreciation lunch at work. Good food! But sucks being here on my day off lol
baeb1065cc,"Editors read this and nod, writers read this and take notes.  http://tinyurl.com/crm4c2"
49038089d9,hmm...
d9f7bd1045,unburn
9400ac22ec,ingin
3c50ececed,life
6f6e62720f,Early lunch then getting all dressed up for Amy`s confirmation
fd0493acff,i miss jack n box  and whataburger  and oooo taco cabanaaaaaa  lmao
8dac14082f,l
482a27ec9b,the start of my day was finding a lump on my body... went to the hospital... apparently its nothing! fewfffff! bloodtests suck...  haha
d5a48e9def,I`m not leaving yet!
55692ad465,lis
7977b7383f,preadsheets
58eb4caec4,hilton
54f1da99f5,bad
e6e3c3e719,syste
80bae565bd,people
bfc6b161de,feeling very
3892687f15,please?
8bb2ea067c,hate
eeaffbc220,time to hit the study notes! prep for friday`s exam!
3c65ea7be3,.
a1e6b3b6db,u
89e401fb16,a
68087dccec,pp
cd829a293c,No code I think  coined the phrase Hottie Switchfoot Guy for Tim HSG for short  ~wendy~
b79a17e28c,w
e4dd50f35f,people did any
25e1b56bb2,ired
95c909631f,lower than zero..
a948d1231e,avors.
d3f73a3487,Ok- I guess it`s time to throw in the towel and head to work
5b3fa61b4c,On way to Birmingham.. Sewing in the van. Punk.
03c7151b7c,"rude, mouthy,"
b61a1eab3d,l
a3a76e9bbd,e
fcdf7115ee,_Von_Abe  I have no idea!! but all white?? weird!! but not bad
e7c8dd1576,_sian lol. I don`t have the benefit of Sky+ and hubbie was watching them so had to sit thru it.
bddb88ee73,_c re:headaches my wife is in the same situation and has finally decided to go with meds because its just too much
daadcab8af,tter!
5db4f576b6,last day
4bf07d44a1,'I want you in my mouth and my **** b!tch' mm jeffree rawks
f69743df17,Lena`s
600580c6b5,Nooooothing
38d3911bc7,anks!
e924fb4417,y
59da188f20,noes!
c834d840d2,Where did the
daced5469d,The Renegades last day was today and...well... he`s gone... didn`t catch him  Gutted... Closest he came to Greenock was Kilmacolm!
23c1478113,day anyway.
bb9c4a0aa5,"his weekend, sor"
024ab7f5da,y
e618b0c8de,Is it possible to pass out he your laying down? Bed soon if i can sleep <3
d28fca2902,toilet
92cf0bcb35,i been coolin and **** ya know me
ca9dc64e0a,ary
9f17044414,I want to know who is that ??.6  I tried to ask P`KIA but he still not reply me  but now he change his status to `away`
0b99fb5cc2,li
712d82ecb6,nuthin much just gettin ready 2 head bk 2 wrk  n u???
b6853ce619,m
cbdbfb9de2,cant
990aa269e2,i
9d76d0e90b,he calls me bella
9784b9c375,orporate giant
416ccec4cc,pp
a9b8164a02,is
74302a9c32,translate your tweet
ae2f20ed25,awes
96dd04d348,hehe
91736130b5,lden.
5e27f061b2,Peek-a-boo!! i can see you!!
fdbb522e18,Lack of plans for tonight  Anyone going out?
60aafdba55,good
69938f9083,sunday is runday- outta bed and onto the road
d833fbe041,o
02f0c7077c,Happ
2dc74c47fb,e
df3fa234aa,zpa
258f37341e,"okay, i`m out for a while  back later!"
af3d0664a4,e
28e1248932,wasn`t that mother song SO funny? SO wrong but SO funny - I heart
b7292eb73c,t
d28c01552f,t
c24609183c,"Is up, coffee in hand with laminate floor to lay then Footy to watch and play, living the dream"
3b4b3133c5,I knw maan! i was gonna say the same thing. We both would become omelettes and others would become chapathis
afd97cdf46,Prom`s over. At denny`s now  with katie and kelly<3
f7619b036e,y
435410b8e2,ssed
366b5ae639,i am going to be staring at hello kitty`s face at 3-9
b94c7eeaf4,alth
6666449e3f,othe
7c161cca52,bad.....
928de0078e,raduation...
e0c90c9aae,fallin
b10be98ca5,say it isn`t so!
5931a8cc5e,"Hey OJ, I just want to ask, you hooked up with somebody ayt now?"
a8ea8e36b2,last day at the Ko Olina.  off to north shoreee(:
3eee471b9f,"I`m originally from Seattle, I`ve just lived everywhere else, including Many places in the south"
82cfcadf20,"Tomorrow afternoon (well, later today actually) is a shoot with Seattle Sinner Newspaper and Femme Fatale Seattle photographers"
0965b61ef3,Ahhhhh  Well at least I`m up to!
cf7af90416,good
2ce5d237e0,finally made it to phoenix!  I am home.
e609733759,hate
32c85dc305,where
4b08c65e4a,In class till 12  wishing the rain would go away!!
67c53eee3b,i wanna watch PCD concert dad
811ac4eeca,than
b78ec00df5,j
90dc2283ca,__ thank You! I almost forgot hoe to type on the keyboard how long I was anway from my PC..
f2298f5abb,glorious
7fbc575d36,t
5250e01ce0,Woke up at 7:50 then fell back to sleep. Woke up at 8:50 and back to sleep again. Woke up at 9:50 and I`m staying awake! MORNING!
378cd690c7,Especially
31c12c99ad,collage. what is feminism?
7c4b85d131,"How would we get thousand battlegrounds  #battleground, I mean we don`t even know how could we reach which number to make it trending tpc"
b662a877e7,fell asleep with techno songs on shuffle. Loud.  Its been on for hours. Im too lazy to go turn it off. He has like 800
18b6c5e018,Getting ready to go to the comedy club and listening to some Q-Tip  Who`s on iChat or Skype right now? I need an outfit critique
c991df8cad,","
11f9ef90bf,conte
9590e14088,u
64f8545fbb,t
f7c9bf6238,Home. D
874edd889a,help!!
799f65f193,armed
9cbf839e41,is on the phone
65257c7fce,not if i`m not on the list
1f633af295,ussie
c74fafdb94,N
8363ae25ca,n
8ffef80a92,4X4s are the shizz
5d917baffd,j
3d1318d372,y
fad6bcce7a,y
740d0ca58b,l
adef5df171,Oh no
b1e8cc92c5,i think i been followin u 4 bout a week so yea kinda
49ec6f804d,..
07db36d898,One new follower
7d97c456c3,Still at
37e4edb2bf,good
cc443795be,Sick  Right now very thankful for my chicken soup and my bed!
1381ed35a5,a
c27eef207f,i`m
7c778c2b1a,tp://plurk.com/p/rreml
aa29d2ede2,.
7e1a46f894,when i fell on my **** today i ripped my blue volcom boxers
79a63fea5e,Happy Grey`s day everyone! Oh I miss Grey`s!!
123fa2ef14,uch
e1673746d8,eople an
73161cbf0d,a
aa91d27145,t
04b878ae01,I want Dec to be my dad
71af66295a,re
fccf6115c9,ly bad day
a5ea47ada7,nchitis but t
42112edf95,i
d1d0331bc7,e
d1bcd71f83,w
eefaa3fcc4,they certainly warmed mine
59e77db781,!
e9d6e37aa2,The fine old British tradition of chilly grey drizzle on a Bank Holiday is still observed
e85d70f2bd,Exhausted. Thank goodness my race is almost here! All this training is ruining my social life
b07815d0d9,is currently watching supernatural whilst waiting for skins to come on
92cf8fa3d1,sorr
f170caad50,irthday
f9f82c5f99,eadache
f8e18b289a,i`m varnishing my nails baby-blue now...
99c78124aa,I am going to start using  for fast access to m.twitter.com at school
a515ed7afc,#Ferber As happens
33db173eb6,Im soooooooo **** hungry!! wat 2 eat??
5ac910cb30,Good Morning Everyone. !.!. Time for work
da48252d73,happy
634b135288,ood
3795e96635,C
97799125b6,naked
4f251f1013,ery
9f3bda8686,studying with  and colette!
21576ae8e7,We`re home now
bc2b74c6d7,yes not for putting inside anything else
b442e1cca8,w
5467d2a10e,Harley Quinn cstm  hehehehe  not going to the prom buaa
28b7c4e7a3,!
b18e3e1aa1,Hi Everyone miss me much?  muahhhhhhhhhhhhhhhhhhhhhhhhhhhhhhhh ;)
eed9315e21,good
fa2c76dfe3,episod
0b704e3a6e,Hey cool: http://oproer.com/twwwitter/
6ec663a38e,should be coming out of hospital today
9b5acf25d6,"just woke up..busy busy busy 2day...bake bbyshower cupcakes and jays bday cake, bleach hair again & see my boo"
440d887e34,oday...I kno
22bac2cdb7,sin
2a6dab7a6b,o
ece2b988f1,Can`t  No money to spend.
7179c215a7,anks!
d7b4b7dd66,over herrreeeee
d45f92cce7,nfortunately
d96af8cec8,closing
0a42fb3d85,No churchill downs for me tomorrow
16a93afee7,gray
0ddec2e8c6,Forget completely abt uploading the assignemtn.   Only remmebered cos of ur twit.
2f141f461c,i thought it was already winter. turns out winter has even started
f5ab6158d8,nvm i just got ur message that ur sick
840f5f4810,the trailer has been removed  i have a look and see if i can find it somewhere
f088492e99,woOt!
897926a787,where I stay..****..thats
cd3ffb6970,_Read perhaps it is all those background apps!
0252b13fbe,do u ever answer ur fans on here?? i wish u would. i have a question i`ve been wanting to ask u for months
725d9342bd,ollowed
0f1cbdfc83,OT! OT! OT!
593456828b,N
faf5cf32e6,day
dca73d1de3,ood
b860826fd9,Goo
cf1d92928e,iss
f2a4deffe9,Tweet Later! Byee
6dfe3356d2,Heading home in the rain  no pool today...guess I will hit the treadmill instead.
2836821bce,eating chicken noodle soup...... its one of those days
c6468c160e,pdating
0c8aeeaf08,My twitterberry wont work on my friends and me
1e8422f197,I don`t remember what i text to twitter to get a list of commands  halp
317e271cf3,Guitar lessons tomorrow. ( I have to wake up early again.
6e18cf146c,That happened to me once... only I wasn`t drunk. lol
295b313e7e,times.
8e0a44102c,screen
b2ca6221e6,d
f989342a49,the light
fe1e2223ad,eating oreos and milk
2906e3b756,Hmph I had to order some bootleg Pharos GPS phone they dont have the BB I wanted at Office Depot
e2e0d8b057,aturday
29ffa4dfad,what lol?
53970e938f,home.
7349cb7ad5,shoot me
439803cf54,Dead stopped in the express lane. This would happen when I choose to take it. No way out now. Ugh. Hopefully this gets moving
ccd7ec7e18,gawd the
28fa4ad6f7,i ask myself that all the time.
48a18dbdf5,can
331cb6a72c,Good
d91fdc4af9,t
a343ffc3a0,"second wife, what?"
74d2734a64,"yeah, ok, that`ll probably happen too."
de904e3f4f,life`s good
aa20ff7392,longe
8837661600,wrote on
209b5a01b5,need more songs to download. suggestions? ill take anything
055fe824e5,evenin
5243aea779,Take that back on the cast...one dropped last night!
3b6c38381d,p
a28753460c,y
0bc37920e0,http://twitpic.com/675tw
2cf25847c5,l
c05ea7e99d,inso
00aa15cdd8,I took my ring out...
28e61e90fb,Aww that sucks   It wasn`t that long though but Dianne was SO cute as usual <3 Hopeflly some1 mite put it on youtube :S
5db6024b06,ikr!!!
63a625e0f6,Yeah same
8a5f2aa0bd,!
d176c09459,i
fe5f8d79fb,e
eb86aa056b,I forget you`re from Venezuela! Talking with you is like with my classmates.
46dcf0b66d,erryle
e472fafe81,well nothing. I can give you a pen.
992acf90e5,`s
51f98e5b08,goo
a429434907,shows..
af9f69b072,a
e5086cfbca,"being re-admitted, at this stage for a three-night minimum with a hopeful tuesday discharge"
23d011cabb,r
84b84a992f,Going home... with sore #eyes
3fa742a72e,i
cc4564d473,d
0c9be17f0a,W
10632a4b88,got
84e69a3f34,I am soooo saying this phrase now 'Stop be so false' thanks to some  'hater'/yoda person!  Goodnight and stop be so false!!
6125441aae,aww i`m sorry   glad mommy took care of you. erin is in for some fun if there`s a bug on you in colorado
08651a7aca,irthday
b794bb1e6d,"morning  about to tackle armhole prob - may have a solution not involving tape, will update you!"
7fa3a64152,G
64dd495a11,Should not drink cheap wine
c81f565d27,3 hours  oh my. Is it shorts weather do you know. I`d do my usual hanging out my window but the neighbours are out.
b617c30b83,stall
984a1a9fac,u
0fe86fc464,where are you going tonight?!
40cf184b99,i
c0ea6aed71,awful traff
2ddb792fa2,"I mean, I`m just figuring out how to work it all"
913c91b0de,leeves
54c7bed2cb,HAPP
18593617d0,GOOD
d16a599d1d,9
3448dc57da,pp
419f94af11,"google wave next, can`t keep up with the 186 ways i can communicate with people now  what happened to good old fashioned letter writing?"
d1a70cb621,I should be doing history.....
e94a6af02b,like the sound of a tweet
c06e5c4fac,I`m insulting y
8fcb13f08d,and sorry that sounded like a 13 year old texting!!! Just tried TweetShrinking built into Tweed Deck  Just another cool feature.
f13a09937c,Blogging-- http://13tolife.us/ Mentioning links to contests where you might just win a free book or two!
116b4f70b8,attempt
de3335cf8a,go into an anti-gravity chamber then you can tell gravity to suck it.
21b23c75fc,stronge
d9c17c2a1e,Dump this blackberry and uses an iPhone? Basically it compliment each other.  I think.
c3df70efbc,er worked
089fef3548,anymore.
d5048db173,t
c8a72fcf2f,a
b7ad5dba8a,know
347155a229,eleb
9a9c9817e2,"Oh dear god, going to have to buy a Mac and Pro-Tools, I think my darling edit suite is soon to be filled with Prince Of Persia Movie"
091e84bfcb,leep
d94ab95b96,Listening to We Are Dead Ocean by . I actually listened twice in a row because it`s so short and pleasing
6f7045152e,t
ed45f17f39,two
5deca37946,"gangstarr exgirl to the next girl, nas one mic, hold on i still can`t listen so i guess it dont matter"
c26e85ab0c,tired but have a lot to do.  Looking forward to tabletop gaming tomorrow as a break from my constant programming
1317531567,HAPP
e65765ce9a,b
b24b1e2373,Trying to save money for an iPod touch!
2e684a055a,d
ce8cb3ac0b,feeling
3d7cabe44c,climbin
2003e360f8,I`m
bd9b81f98b,Thats on Fox isnt it? Never watched it
3c3312a449,ka
654536f90a,somehow miss you
ec34ef7615,sustitu
519a7cc840,instruct suff
a56496719d,--- has demi ever replied to you? Coz I haven`t got any...
d7cc763f8a,tooooo
8faa4f64c4,`m screwe
10a2647b43,s
5e074f5fa9,"_Griffin I spent yesterday nursing one of those, only replace Vodka with wine, and Japanese with posh dinner!"
f64f1a4d4b,fey slays it in #30rock but title of that film sounds bad  #Inbruges is a funny indie little euro city hitman gone bad tale!
578ec67a68,ny wate
f33a16c402,Mooorning
0b881e379e,"Well, up and into the third day of Virgin 1`s Captain`s Log Star Trek weekend"
4184799c29,And gadget show today  Can today be any better?
58bf15e9da,t
3dbe61c0af,that`s some serious **** steve. why didn`t you send me pictures or call me!! You know i love a good yard sale.
a484446fa8,Will be back in Dallas tomorrow.
f3c7a9878b,listening to the online radio; oldies
29dfaf5e3b,nonetheless
f6b45a61d5,e
29fc06aa7c,i
5d85d05584,#zenja
0b2bf0b98e,good
3f50c9e392,d
83653c26d1,no problem.  i wasn`t really sure what i was doing.  it was some application on the twibe page.
e54818b488,good
f444455c3d,ovely
d917b7bac0,Sinse i had dis thing..not 1 reply not 1 message. Nuffin! pshh who cares..i know im special  X
5b00ea0cc0,watching some scary movies with my friend
3686cff7dd,L
4dafa796c5,AY
3e50a6aa2a,plannin
741c156505,U know I didn`t care for that wolverine movie and I`m a xmen fanatic. That joint sucked to me.
567bf61ac0,o
3016c37350,: ''UB40-'Bring Me Your Cup'''  ? http://blip.fm/~7af72
3415ab0cbb,"has to be in cockermouth for 8:45 tomorrow morning, jesus christ i want sleep"
29ea58598a,http://plurk.com/p/suyev
f07e9d3c3e,happy tweet
5acddcdf96,she
aaf73cbd82,cant
d25f948b88,r
e75176dc77,ks
b494ffe4b4,`s
3e0e15133c,me ou
a70c8f9ccf,l
ef22d695fd,t
b9c27145ee,"May have to work Saturday   I want to just rewrite it properly over the weekend, but bosses may say just get it working now."
7a6dd87e61,e
ecf6c74e95,Brake time!! Nothing for lunch. Tonite.
b467bdd9ca,Damnation. I just woke up.
2cf3bc60c1,okay really really bored. i watched a michael jackson concert from 1992. he`s awesome  and his short films r coolio too (:
32c9089fe0,p
51dc583ddc,eally not feeling
59c17e62dc,Happ
36cf9fdd08,ined
b8ce6ae28f,e
2416dbd0dd,.
b7d300e8c7,hahah I wish that was true. This is really really bad  just gonna stay home and chill tonight. And as usual I REALLY wanted to go.
9551138d41,e
a9c0129d5f,"holiday time | got my grizzly bears cd, bit it wont read  | adventures tomorrow | swine flu is scaring me | i still have a cold"
50e14c0bb8,Soooo high
4dec928260,Bad
1c7ea235b3,day started off bad but got better
df471c767c,the
e573a945f6,Not quite sure what ace of cakes is or are. Gosh I`m tired. Loved bride wars. Fun night.
fc53ee0408,awaits my
9a7794b244,worked
6d694ff7c1,woul
43b5222824,awake and ready to learn a little more
3c171ad63e,e
1445716af3,buzzed..
747c796ad4,cheese.
44d2f5ce94,I`m sad Twits!  I`m going to miss  musiq soulchild and anthony hamilton! Ugggghhhh I LOVE them!
098350bf6a,l
e0e4a216f9,e 5 times kinda
2d551fbb8b,.
f1bcfeb999,I`m not a hobo.
f5f75739a5,a
bce0ca596a,counting down the hours until I can finally drink this blossom hill  stupid work
d4ea8257a6,s
5a57d90416,happy
794b975d65,"well it`s not done yet ! 1 more thing left huaaahhhhh ! jupaa, resaaaa awas kaliaaannn !"
c785c9e429,d
b4d8e07ba3,home.
54ea13a753,a
17cbb1d45e,just had cheese on toast with ham (: about to get ready to go to LONDON!
ee92334739,bad
b5454503fc,g!
e1f68137b1,shopping in Keswick
ee5696f28f,l
74165b8c7f,haha!! someone with an axe just popped up at you Scenie!! what did you do???
46c3d8aa55,tp://ustre.am/2VkO)
fcef0b8642,`t know
10a45dccab,1 month 3 wks till the big day!   ~CSH
643442601d,a
99e110f2b5,thanky
09abcd85b9,bad.
5b50cd74d1,nderful
f3ef6a9c92,well just remember that tmrw is another day and hopefully won`t be as craptastic. sorry girrrrl
41d7d10c72,I would be playing my old rogue but a friend took the account and could not get it back
ef30751b05,a
b1666163b1,i
0b392fca62,In Drivers Ed  then dance.
e0808c6999,onli
1584913060,l
2cadd2e721,"Har Har, #swineflu is everywhere: http://twitpic.com/4jb4o  (via )"
3708925bc2,RENT
a99e285cb0,s
535bd2fe9b,ne
fbc55b9c11,t
b3e4ffd2cb,feeling
0879920b1d,r
69f0d6734c,Friday Night and working
c0475430a5,hate
d02b6e32c7,"cough,"
2991e56ed4,@ ginniejean there`s a lot of mojo all over the place...  yes.
168e4275d9,it would be so fun.  too much to do.  not enough time or money.
453afd05e3,year
e80a7bb070,d
6d3a38fd86,Off to rehearsal for the Rob DeLucca thingy next month. Nothing like learning new songs last minute
354b590f3f,"HEY! aww man, no, i didnt IGNORE YOU i just dont have mobile web. so i can only txt.  i can see you unless i`m here >"
f107dc44fe,Gre
379e89dbe2,just got my first lesson in when rain meets my white  shirt   if one more man tells me they like my bra on more time! smh
ef55b990e7,we are going all out!
f79aa3d4cb,is finally gotten online after logging 200km over the last two days on errands as the family driver  http://plurk.com/p/wxz12
c4fb99d6a0,"'somebody calls you, and you answer quite slowly, a girl with kaleidoscope eyes'     yeah, im normal."
bda2ce839a,t
3c103461ba,s
0a84204127,"I could act in most Buffy eps  I have seen them so many times, but s1 was shaky (apart from eps 1,2,6,7 & 12)"
b1c649804d,tilaaa just make you feel so special  haha haters now days
f3d0819984,u
7f22b7cc61,"Use twitter, quit life"
c2aa83de21,a
b6ec6d35ed,yway.
10d733fe03,picked
c127173b71,_hime I played up until the latter parts of the voodoo village part co-op until I lost my usual partner
3adfb85ae8,vely da
ac33177eec,Venti Black Ice Tea with 8 pumps of classic
dfd2fbffdb,"strange, that is exactly the chapter god laid on my heart to read in The Message yeaterday morning...He works in mysterious ways"
fb0373bd97,where I am!
b2e551b292,o
92d7aaf05a,I`m
e602c60f0e,be
103b305084,f
b7ec1f0362,Heeder`s again and on Monday as well... absolutely no plans for the weekend
0e26aab293,"I`m sorry.....deep breaths, I started a program called panicaway...it has worked wonders."
085f5b591e,_ Goodnight
99103bda36,`s
5670a0857e,r
85d6f19317,oves me
f9a1acf6b3,ded
2277651477,"_cheryl Lucky, now I want to teleport"
acd7baeab3,eady
011809f662,a
83f9d62ceb,- I shall post a notice in town so us Cork ladies know to watch out!! lol  You had fun then?? Sevens were the business !! ;)
cb5e8184f5,"heh, thats the same theme I used on http://leetbix.net"
e844d51a56,..game start
fa318ab83c,ry is
4d34639c6e,ained wa
2aa19bfc66,Sorr
ddbc804570,K
e4f79c7707,or
2274003df3,longer
23fe4acb90,Will try to make it there at 6:30pm
c642c743ed,lea
b8285a075a,hard
5d1568384c,pls
f49c1ebb53,good
3932877e2b,he pas
303f835cb7,m
eedb7abe3c,IDIOTat)MilanQ Heyy. Th*nks For The Follow.  Have A Good Night. (Frank_Whyte) #IDIOT
01aedbc80b,n
3491ed5249,day
dc0d1fc43d,"Bah DHCP server, why must you keep falling on your face"
42361142b5,ar
bde58be518,e
55d58bba3f,bad
4915c34def,p!
db1eddbe0b,ay
2a815f151d,!
e012d9d78c,new super power camping place -> 24 hr MAC @ Springleaf Tower  ...still eating my fries.
4f515f5e73,"hmm. I`m disappointed. I made 2 servings, and I am only able to enjoy one because my stomach is now full  wishing I had company to help."
cebd05a0c7,Writing some mild and wild articles
75293e6d71,today...
a9ce0e0568,Haha no. I just connected my phone to my wifi.
b8eb46f4c4,ill buy you one
04acec4acc,n
f059335b37,l
3358792fc9,e
fedc97c091,Said The Whale & Mother Mother? OK!
b409e780c7,"I`m on it, probably not until next week though"
41d0879f9b,Internet
e8770f1c78,kno
c380578d03,day
0336267c06,on
0389813675,oesn`t
958eed7410,Have been rolling on the bed for the past 2 hours ... Still unable to sleep
8ac3e8585c,"it involves posting your thoughts and reading others mr.bean. You got a new number btw, had no txts back from you?"
637c2fff10,oo
25e6e5c10e,l
3263423ce3,t
7df6d02914,"http://twitter.com/cruisemaniac/statuses/1752876129 ' requires python...  but yeah, as i tweeted yesterday, dont install 1.9.4. ..."
e6b78cdb01,elle
948c2d3874,good
3aee2b7ff8,_cohen I am lost. Please help me find a good home.
e65b2f93f2,nu
bc7704ab2e,w
dd8ef5e6c0,y
9eb939eeb8,good
66f1a363c0,super stressful day & can`t sleep...glad I found you your so sweet to take the time to make strangers feel good.
e7db757d03,home.
197cfe0d61,Bank holiday in London! woohoo
0664601b41,Om
dd033a838d,L
c8a6928337,I want a burrito but I still have 30 more minutes of work
01439339de,"she`s smarter and classier. she`s perfect for him. and, IM NOT."
b867a0402f,oof. perhaps it`s time to start a #moronmonday shout-out meme
2c30fbecef,hey hey..i`m only finishing on the 10th of june
ac77a1d526,Want: To play Sacred 2... Reality: Spend all day at the hosp...
ab42cedf7a,talaga
29dbb23bed,w
4f46c132fe,doesn`t
e56110e2e4,t
32f71e09e0,he didn`t know there was going to be a test
a9ad70e960,good
c0e97b1036,http://www.eabeauty.net - The world of beauty and pretty girls   I`m testing new version
2b29f25d61,d
0de5daa69a,Signing off. Mom`s day tomorrow.
17fb6a1dae,Big Sugar = yet another `90`s bandwagon I was too late to get on. Next S&D BNL should reunite them (kind of like they did for the Odds).
1da17c8145,elieve
3c39aa2a41,why is it your last EVER uk tour  ?? x
2607c2b4dc,e!
e4fcb22712,Sorr
efa59cbda2,a
e55b367b2a,live live or leaked live? If it`s live properly I may just role outta bed and download it
1919928f7c,"for the most part, not enough space on one drive to properly defrag, nowhere else to put stuff, but yeah, reassembled"
e10765aab8,t
bfc9bbe0d9,kardashi
2f64d9697c,nice
ed31aaf838,Just home from work!!!!! Need to continue packing. Raerae is gone for the weekend.   Mya and I are hanging out
8093ff4222,Whn r u goin to Europe?
98e7b8d07c,ll ha
d265b4b26c,m
7db6331c79,- I produce/direct/film/edit... I write... I coordinate events... I manage Don Fetti... there ain`t much I don`t do!
eac8b5ece5,I had to work and missed it    Shannon could barely contain herself.  She had an amazingly good time
c35f392086,B
5d56612b5e,e
194141225a,okens haven`
42316267dc,Please play in my movie
2c8ebae470,on
4f26fc0981,u
9099b13d86,sad..
b6d12d071c,"I say 'oh man..' jovani asks, 'did you just call me an old man?' haha"
603fa02735,"Stepped on Coco`s foot earlier while feeding the cats; no harm done AFAIK, but now she runs away from me"
c584919516,-t
9e44318306,though.
434ad2efd0,ad
056eafd3b9,Do U have a Morrisons near u?? Their chemist should be open!
ff39ffc00f,tri
5bc318f14f,awake from the nap
575d231452,LOL ok we gotta get the folks from Microsoft and live360 in WA to hire me.
ac2fe45147,t
b0495c5087,Good
337cc68ed8,_oliver  I was off by one year. I really wanted some of Jamies cooking books in ENGLISH!!!! not German.
cdf33d323f,Taking a load of old broken concrete to the landfill. Tried to find a recycler
78bff3d625,heylo johnn (: im a huge fan. hope ur day is awesomee. cuzz im home sick and its kinda less than awesome.. anyways.. PEACE
00ea396ca7,got to clean the bathroom today.
06c9fdb980,maybe going to the movies later? ik ****
0a0c373423,Good
59d93dfb2a,t
f5bbbdc257,try installing Twibble which is a Java based app that should work on most phones
295d95bb65,naisee. is it bad that i can see lens flares all arond me while listening to it? XD cant really catch what they`re saying tho
110fb1af01,y not good
5e9d3a1778,ard
a413fe693f,happene
30e4ba0f40,"Yay! At least I`ll get to see you next year! I`m sad, too."
01f3f364e2,cool  what did you get?
08849ca222,"Also, I am technologically challenged and have a cell phone that only makes phone calls.  Can`t #tweetb4Ueat"
571e0828f8,"yes, at an upgraded consumption rate, too"
2bf2f02994,he already got a shot at having his own show and didn`t prove himself
b094214bd0,nyw
00f1209e69,mad at
2e7de7ae8d,L
2cfd3fb19d,just something different than all the text around it.  There`s no difference whatsoever
fd9fb4f1ad,busy
48d27a58fe,where is the sunshine...the only thing i see are clouds...
354fb0d40a,N
0852733366,"they can be a drag,,but for the most part they come in HANDY  hee hee"
e3d10351c6,"oh, coo; i was suppose to be an intern too!  but dangit, SAT. :| so how`s the intern life? haha"
4d252432cc,swim
ac094c4e56,So much for Skype for BlackBerry in May
1b0a8cba9e,appy
21229d4e1b,t
11a9e39861,i wanna go out
9890c74f80,One of these times I`m going to have the self-awareness NOT to ask one of the principle mourners at a wake how they`re doing.
164df15fbd,Justin`s blanke
98e022a28f,ammar
ec88453ee8,"lacey is alright though. quite a few gashes, and she keeps her tail between her legs"
8732e4522c,express
b357fe5252,whaaat. I still have next week
804482ed6a,"Can you dig it, sucka?  Booker T.  Former WWE Wrestler"
080c0727a0,Burge
7f8935732d,B
41af60f029,happens
587777344e,"Like double posting on twitter?  ;)  lol.  Not me, I don`t take anything."
6cd5fb5782,Updated blog. Shows You Should Be Watching: The Unusuals http://digg.com/u12w7c Go check it out
b812c405ed,_370 i thought he was off until next week...i think we have another week to do his ohmygod please tell me with have another week
3435c1bf57,kno
6b48c708e9,r
d69004b549,me me me!  lol
d89d152ce4,h
8fb17e7f1b,I`m having a fantastically miserable time so far...
ad1237b891,till si
2e05bd5885,"Hello, im good thank you - tottaly tired, been working lots today...tottaly shattered!  what about u"
9c60e709a0,y
b5d5c6caef,a
e41a2b7868,uy
712d8f85a7,your day
c3d279cda8,tw
5d6b3d52b0,tip 2 : at the very least make sure the bottle top is on securely and tightly...
36265d722a,No plans tonight? .............
33b26f5fbe,i
7d59e9dd6b,G
3914fa7992,"hey Nat, just wondering, why are your videos never available on the iPhone?"
30e84b01a0,_k good question  could they?
3d772a60d6,lly mis
4b9e94e2d8,lol yep sure do... although I must get out the house today !!!
04d47599ad,z
cf240ef11f,k
aa5f1492cc,outta
529ce1189c,iss
f915cb9fd1,i`m not partying tonight
c4f0784c9c,Happy
72ffb9d486,ut i`m
a351c5032a,watching  on SNL
d6933febc3,r
f489993b5e,at homee..boring but its okiee gonna see the boyfriend and his momma tomorrow for momma dayy
c0c924e32a,money
dc405bcd61,a
bca2d9c495,all...wi
89d5b3f0b5,an
9535154525,good
12b846508c,cant deal. this 9-5 lif
bc2f4ee602,im at school right now
f957fd3328,"witnessing, sleepin"
6133ad49aa,p
246a76f214,cant fall asleep
c567514034,ugl
39c984c2eb,scratch
2ef7abb5d4,suit where
5bb8674ce0,knackered
f03e4a86e1,ly
d5c88250c8,wonderful
8195593a93,**** exciting!!!!
e2d0bb6a46,"I`m in an 8 now too, but b4 I had kids I was a 6.5! Darn babies making my feet grow"
d5499881e4,i
5af375af34,always
c521d2ac75,o
ff7f6efe91,x
697887b4a1,s
1c474125cf,a
a72a0324aa,studyin`
2970bde3a1,Not by choice.  I have to use it for that one project that never ends!
6d7995cc52,pe
d2ddee6416,d
e8768a7162,n
092f20d1b1,t
c8637c5426,what?! Come as you are!!! But erock just left  bah D:
1339f585ea,sooo long twitters! I`m off to Cuba
31323a99d0,t
7a52ea0a8a,You`ve made me look at old pictures of my cats.  I want them to be kitties again
c086d6e230,Watchin `how to lose a man in 10 days` wiv mum  lol
95a71a0799,All alone at home.....
4631068d01,w
d31e88cc5d,y
2b844ea2f4,i really wanted to go to surfers today
a44a7ec4ff,session=still
1a90989cc0,i think i ordered a few days after you. Maybe you got something that was on backorder?
488ad3f353,yeste
a53ad84961,mp.
1c780a6f6e,u
7d41dbe15c,please
58cbdac642,a
f07d7525d5,iss
3b807ac88d,ay
6b3295ea7c,i was helping my dad re decorate my bedroom. time 4 a shower!
ba4bcf57b5,Its Friday! Only 5 more hours until I`m free!.....until tomorrow.  oh well
8aafc1514d,hate
d0a0422d97,e
08b256927c,anks!
20c8263baf,bee
8777dda932,i
b25637a476,fans
a52203dd88,)
c0c4ac7c7a,i
9ed0319118,Have you seen Wolverine?  Might want to change that pic.  There`s a new sheriff in town.
a8ea5e9a49,e
a0848e88ad,im not a cookie so i wont comment  heh. who were those 2 girls who sang Crush btw? wud u know?
87d5c42884,p
31778724a1,H
57326afaa8,wishing I was attending #beatweetup I even bought a badge
4e95c5d0bb,tonight!
c8035d770d,official... but reven
128c1c3504,rai
903a912442,good
b2fcf4582c,u
dc15fb15b2,bill
bfeaaf889e,just checked my account I also paid twice
7adb14d460,WALES HERE I AM! 1st 2 weeks away in wales. but idk if the guys at school really like me...
fbc44d0924,'Up' is all sold out!!
a6ffb21858,Hellooooooo...
aa7e1f4fe4,someones dead on army wives. Dad just laughed and Mum got annoyed with him. I wanna watch Britains Got Talent
2034d6dcb2,yes ma`am u do have a pretty smile. but you also won`t eat chipotle with me.
dbe49e110b,t.
fdbaccd945,i
0414afb09b,n
daa58bb5d7,y
153d758204,Fiddle
2631f4447e,bad
a8a7654f28,im officially done with school til fall.
70fc5450b8,tweet highli
13e57846a6,I think me gettin a physical change
c9498178ca,Hanging out with  and the Berlin Jarn guys.  http://yfrog.com/8c36ej
7a66758e39,lmao!!! ummm duh gurl I need to buy me some more v-necks I like em!!!
69347cba82,BREAKING NEWS: The broiler at Burger King is down. There will be no burgers at Burger King at lunch!  At least Chicken Fries were there!
c4137ffd37,hate
22a795f188,I know  I have no clean clothes either. And the washer`s in the kitchen  **** you #kitchenfire
eed683a571,t
de1bf1783b,Rain on my parade of beer and fire
9004bfe410,Happy
24fa941c24,wo
a888ed22b2,**** I`m pass 400 updates! Haha! Tweet tweet tweet!!!!!!
a8a388618c,R
16a14d51ce,eous
e062826a60,I miss all you OK girls.    Happy Mother`s Day to all y`all.
9fdbbae837,nch
10c1815b4a,"Finally finished that topic. Quick revision break, then on to How far did Heath change the Conservative party?"
4f6b25d5af,Back from brunch. Hopefully I lured two more friends here.
adbe4d8676,night....
bc7cede054,I don`t have an invite  i might try Mr P Bale for an invite
bce5b5d634,bad
2c8041e6ed,un
df0651c904,haha I really don`t but I`m going to this workshop at school next week. Are you going? Plus my car is broken right now
56ac24fe7a,thrilled
fe66730405,good
ac65050fe7,y
c422f33e79,read
5e36bda7f8,We`ll write a song that turns out the lights <3
27dd0d2ec1,A
e18ba82157,i think she`ll pull through.
c74dbd622d,no
1bc0fcf9ec,Was actually done by my cousin
db535b7b3e,dreading work tomorrow wish I had one more day off
a9c15ea0b2,jea
13f56e9956,still hurts
cca6d31a25,Red? wtf happened
1d6fb06a53,One taken from earlier this week!  http://twitpic.com/4wb42
ba2c264c25,rammer
e5f1e13997,good
7f20b3874a,Making a birthday song to a special person!!
38a1127302,u still
417f3c25ef,good
882d9426d0,y
77528abf9c,"rez,"
21b25ba5c6,Gods sake it isn`t even your birthday yet  i need a cool job like that.
c1a836142f,a
b31486f8c0,did Day
f7e80a4d74,uz
217c1106b7,cuz ima always late haha dammit she got me good
3dbc0f7847,l
ba2e7a1ac1,ice
4d5bbfeddc,pp
16b9332185,!
ead4f91796,tell
60be267f1c,Nothing yet
57ee2b83db,d
55361f5be7,addictive like crack!!
6f4dd292ef,hate history course
f3b0a4cb84,So vacation is good so far?
3bd1a4ef88,b
0434a4de02,"crazy, we live in a small world, and now u live in covina huh? Thas where im @ but back to chino i goooo"
9675c21902,Done a bump out and now back in bed seemingly unable to muster the energy to get up again  Sundays are great.
bd36808ea3,tarted
1c779efb57,_of_the_dead I met a stranger just 10 min ago. He was stalking me at the store
957dadbfd9,ssed
4a002e7c6b,Maybe JD can help you out there I don`t know though  But I will ask!
1265739e54,Good
148582dfe6,http://tinyurl.com/clxl
7c2646b1a8,ld
ef863ba82e,state
7339b184c5,a
66537827a5,py
3309a0e03d,If only my writing wasn`t so scrub.
b7c302c0ab,Get thee yon to the nearest Walgreens upon arrival.
84de0af09e,"i should of gone to kirsty`s for the night, anything to get out of the house"
f3785d459b,To eat or not to eat? Its gonna be my last meal for the next 2 weeks.
1b65fb643c,"lol, sunny and 18 yesterday, Igloo melted, attacked by bushes, recovering today.  How`s things in Chocolateland?"
bbe7ecfac4,BYEEEEE!!!
de8466bd62,Here
9853cc3346,"EH! u dont like retro? tisk tisk, what u been upto? ...apart from waxing ur 'mustache' lol"
e44c9e3d5a,girl in Twitter!
f68a162ae6,Yes. I also use my desktop`s mouse and ketboard as if ot was just a second monitor   http://twitpic.com/4wlpf
1794111db0,night?
23af71b75e,niece and nephew. http://tinyurl.
a590123cd9,LoL!!  I still would have got a look at his face just in case!!
af8106f972,http://twitpic.com/67jzp McFly concerts through the years [H]... Don`t have my `06 one though  :/
8f4cb287be,off to sleep  on 2 katy perry songs as soundtrack  x
e570711aaa,its almost lunch time for you
b66503f26a,r
bba7fc173b,mayfield
03b5049776,k
476dd96b49,app
f7927504e9,r
25c40091ea,"My eyes are starting to hurt! It`s getting super late. But I just gotta keep tweeting. Haha! Philippines tour, please, Tom?"
5383565acd,I`m
a72fd81a70,a
fb6a0f33bb,Its too early
533e5005d2,weekend?
8cd15600d6,w
d46919e9b3,is wondering where all her friends went...
5096898b73,the day
6ec9ef4fc3,has made up her mind.....
12712103a1,"Mmmm, shower."
54a62c239a,hate the dentist
eff3042c00,is watching 1000 places to see before you die
b06478bee5,is working tomorrow all day so can`t do anything tonight  Whats the plan for Saturday?
b27fbf8af6,working @ the preschool....waiting on the kiddies to get here.....making dunkin donuts coffee
6ed5c3c353,of course im almost there and theres traffic
5ba0e6e53b,shoutout to all the beautiful moms out there that these niggas dont appreciate! some one cares Happy Mothers Day!
b64c79dcd6,llent
12249ad9df,gre
81139c7368,@_IANNE I`m at the terrance middle by the left side center. I see u
bf892b8d0f,Having a long island ice tea
b4458fd6a5,"Nanay cried after reading the card I gave her. Hugged her and next thing I knew, I was crying, too! Haha We`re such cry babies. Love her."
af3fed7fc3,e
4dffd0c421,ovely
3a232bf5bb,just got a subponea
1d52e04157,single
5252524b59,good
1f071b53cd,Ag
e851cd57b9,re
cbd651cec8,Happy its the weekend...LOVE has knocked me down ya`ll!!!
cd34c77ff2,ad
897025f513,k
7bfb2d66df,.
6f7127d9d7,All this flirting going on - The ATG smiles. Yay.  ((hugs))
78216a713a,bit
03603ac4f6,!
a4b7684c38,perso
9bcd32d254,day
4ce03d596c,I am doing the same  I want to travel a little!
2bf3b5a062,appy
8390d4aa0d,n
601c948e54,doing chemo
904e0779eb,_boo jealous  can you add `and I really wish nicole was here..but we all know what she`s really doing` to that tweet?
60a30f4402,grea
b39e9d2e2d,Appending the #verticalchinese hash tag is a nice touch.
c1112a3803,"Unfortunately your fix didn`t work..   Oh well, I`m lovin` me some PeopleBrowsr anyways!"
ad4b60b58c,Happ
4e2a81ece4,d
4012e61fce,e
a40a9840b0,Cant fall asleep.
59f71ab95c,Wo
391251bc05,e worse
c79e8c6f71,* My besties. If only  was there.  on Twitpic: http://twitpic.com/67hac - My besties. If only .. http://twitpic.com/67hac
733e189924,e
3710731ceb,gotta shower then go apply for more jobs  hopefully no creepy old men will be working again today *shudder*
7a59c602a8,"Having indian food in the middle of Wales, very very typical, huh?"
ede2f3e11c,"I`m grateful that my kids also don`t like them, lol.  Textbooks are a tool, not the sole means of education"
ef5c7bb3fa,always
b12eeadc7a,phone
d05cc52d1a,It`s cold and cloudy and I have a million loads of washing to do
0342912a84,me?
2322bec408,store. N
68c94de08a,rained out
64885a69ca,enues....wha
5145fc0e41,home bound for mothers day
b071c7bff0,t
dc55096171,n lond thursday
5e7a73c844,Morning...I woke up to watch  on the Today show. You rocked it girl. Wish I could have been there. So close but so far away
e9693ea829,got
bb2158aefc,y
68371960cc,VIP...
78328b1c68,Cloudy day too
a8048c2ff5,r
50a9891f5c,posting my first tweet!!
040e7230e2,s man
c70c2e2336,michael s
c52be6b552,cart path only
cf7b5177aa,"hahaha. I`m driving, so I leave roundabouts when I wake up tomorrow. Arrive proximately 5 hrs from then.  See ya tmw!"
75401a5443,on the phone w. Chantellie ! <3
e8b0f25bfe,Sonny you are a mystery man!  I`m into it thoughh.
48c0dc5b09,ok Im off to pc world then  **** tweet u later **** lol
0966857019,esid
1dec7590cb,hehee!!
f9fb2bd62e,Mom
0157208f9a,haha kk tell me when u remember
28d3a8aef0,One lactose pill is not enough for coffee....oopse
c2b525f0a2,I can safely say I won`t be a euro winner this week!!
4c270117ac,about to book train tickets for friday!
eb19b96f32,Still bored but not long now till the next tour date
411eb100ac,"success! after much grumbling abt how we always waste money on useless gifts, mum sees the ipod nano and loves it"
67e985f8df,that is why I drive a (teeny tiny) honda civic  http://myloc.me/FRy
b027a5473f,Hah!  Sparkly ones at that.
b3ab2dce05,small? we cant choose?
5f3bde3bf7,Natie
4179c07afb,ly hard
fe6f10177d,"_x i was listening to that earlier  and the other day, i was planning something with my friends and i said that. they were ..."
d886708b27,coughs
7ad6e7eb8c,gaah
06f354563e,appy
e56eeb4968,evvies
0dee7266b1,vance!
b76a815c23,.
d861af4635,Just saw a land rover pull into the school parking lot and thought it was spencer
3b15d47de5,i
baf9c9af12,"Haha! Night man, and no, but Im sure I`ll meet her again in my lifetime, in fact I will...no doubt about it."
a309f96613,a
e0e7017bfd,li
80f1f32286,that`s SO YOU!
92e8199331,ivers
f7f91671b8,Wow... my god the whole UI is sooo much snappier. It`s more responsive than TweetDeck now!  Tweets feel like IMs lol
c628741a80,Thank you   I`ve had anxiety issues for years so I think if I can make it through the first couple of days then I will be fine.
d4fdca51c7,d
48b912f2ff,ghest
951a802069,hospital..
7b686593dd,: just the dinner
a76a481571,At the walnut high school prom with becca
628c7ef2bc,YMPH
f1a1a63fe4,sse
a26a810a8d,elieve
b123866c9f,weekend
938186d71c,Yey! holiday Monday in Uk today ... have a chilled day
894c9ada33,last day
9e964bdfda,perky purple nail polish isn`t as perky when its chipped
0a15501f7d,you need to follow me so I could send you a direct message.
7418001c22,ficklenes
807aa145f4,"http://www.facebook.com/pages/HelloTxt/73275306275 this message is posted on HelloTxt Facebook Fan page through HelloTxt, check it out"
2b52970888,r
cef540dee7,"I blocked him too, lets hope it just goes away forever"
c08dcd74dc,I stung myself with stinging nettles all down my shin
c2fe705d02,"*YAAAWN* Stayed up too late last night, still gotta work & get up super early tomorrow"
3d7f8b07c2,he
77dbfbfb73,no
703d6c485d,ttp://tinyurl.com/
ecf4acd914,go with firefox
f13749b165,bad ne
66b1458465,a
19c9b482b0,ast
b2068d79d5,yet
ee0ce21fd3,doing the andy dance  the one on fonzie gomez show ;) haha
ef11265d3e,You are very lucky!!! My legs did not like how long it takes to dry my hair this morning.
b7a83b2609,actually I could do with going to weight watchers
c1f95024cb,ke cwazy!
bf983c9e0d,ama
8b3dd05ab4,p
f728c3d7c8,Don`t know yet  Lemme know if you come up with something though.
257ae8e5d5,irthday this weeken
8e5bc8627a,that gets around the problem I had of doing it all myself  good idea.
ba03ec478e,n
7ea3de2b8f,Than
4cda1699cf,!
29dc72a6a2,at the drive ins with daa crewww
252583020d,Too busy at work today to trash the cubes of vacationing team members
d8a7d7c899,garden
a07b1d9eea,"Woke Up,I Wanna Stay In My bed"
5562fd3c9b,l
2e277c6d53,!
4c62eea962,no one wants a #VirtualKiss
6ade0d4ec8,"hmm  is following me and to think, they declined thehodge.co.uk for inclusion into there network"
2ca2b275ba,good
4627ff9406,sleepin
b70e61e2cb,.
024b8d4b95,activity
5073bd3ff7,ap.
10685ab412,My wife lost her sprint blackberry 8330 on a bike ride in AM.  Anyone have an extra BB laying around? retweet
291c7d1408,iss
f93e839766,ate
e11c0371de,vely
d8e66aad62,there`s a guy in my house so i can`t go downstairs with no pants
cb3ca1167f,miss anthon
777e9e8289,O
94bf29f7f1,"I`m in tantra, anyone from kirki will know how sad this is, I`m drowning my sorrows ;)"
7007eaf319,bad
c6ab65bfbc,rry  my sidekic
3194919831,last thursday
c9ac4056b1,Whatever. Workweek`s over. Time to go play with new phone. Sim card didn`t transfer contacts list
db6bd6cb74,i
c07b4baa13,witterTakeover
0370c393f0,I`m not looking forward to the crazy commute come with everything that`s going on down here
ba6bd3ecd9,you should come out!!
25c71e1832,wasn`
12c28b4d30,wheelchair fitting today for mall buzzing & Home Depot. 'Homebound' just got REAL old  Goal: taxi yellow or electric RED!
0a7ecfa4a8,"well, its more the word bat (as in baseball) and **** and then viggo  not bat as in tiny little thing"
a181702898,i can`t call you cause my portable sais that this number not excist  i want so much to talk to you
1591b6b754,leep
c172ff7e6b,ahhhh it won`t let me watch the video on my phone
e5cc43e0dd,Thinking about someone. Now a days I think more and code less  What is it...?
8e813fab62,v
c664dedbce,is going to shul
f995f0bd22,e
6774ef79d9,Good
97f97f920a,iss
c18377388a,sounds
5d42f675f6,p
772c43354f,p
20ec7c7c32,LMFAO!
65ffd159b2,a
8a71d94642,...yup..still havent packed
f1bcb729bf,joining twitter
56a4a95457,pass
1829720416,"actually I meant motorbike. Not much touring, but I commute when possible -- about 90 min. roundtrip so it`s kinda like touring"
e44048aceb,"Susan,"
0acdbe351f,"When I heard 'No One' from Alicia Keys like, 10 minutes ago? You made my night"
2dc0c68463,Im moving to canada
8cf2a29c90,town again!
7123b12f2c,e
aca672028f,happene
2931511253,Getting ready for a long weekend of work..friday Saturday and Sunday
c8fedd6f7e,a
57721b67b0,u
4f9302d896,t
79dc6a41f9,ther
0f1d0bfe9e,ya`ll
c1957883ed,attics to eden out today !
9b4988798c,l
bc0714fe25,"It`s about time I let people know whats happenning, although I often wonder why I bother   but hey it`ll soon be Christmas........"
4f0f5e6688,"alone,"
f87e6f6f93,day
31d8dd4287,e
e3157d7984,Mine are older than yours.
6a5ec5682e,"so ready for dc tomorrow, photo trippin`"
d3b4198d69,I need a job to keep me above waters...thought I had one but apparently its 'Casual' so now on the search again
d9487f0568,elous
d5f9adc8e1,st!!!! hate
6f2331ede5,app
1cd8d5467f,much!
e5e0223e4c,at thee mall
dbf2760981,Quiz
5cfb77397c,Tiri
bddb042572,it.ly
4c8bffec8c,ettes
37d1afaad1,Room is so empty
1ab42e9a66,The bunny is longing for the hoodie she left in the car   brrr....
4fa71e7e5f,t
0d8643e4a3,"- u aint lost me, i`m right here"
eedc5ecfd4,m
8710255207,Indeed!
cbdb23868f,i
aca23709de,"Just watched the trailer for the new Sam Raimi movie, Drag me to Hell.  Looks interesting, but there was no humor in it."
a53bc356c2,o
6009a39fc0,R
adeb98adaf,NW Macedonia: Few rainy days in a row.
336ef6777c,"One final down, two to go!"
0869285805,Me neither. But it`s no longer about what we want. It`s about fairness. And fairness is whatever government says it is.
58a123f4c0,"How BOut What Your Doing Now, or what you gonna do today  lol"
26f03060be,"No problem. Unfortunately, I think it was just something I had to sort out on my own."
b3beff7cdd,_autism BUT on the bright side you`re on twitter! Morning!
879c08e943,nt
0ee485322b,goodnight twitterville! really enjoyed pearl harbor. now off to sleep and cuddle with my hot man!  i will have good dreams tonight! XOXO
75818c1f34,Smith/Amherst mini-reunion last night was fun- how i miss the old days
e9f31b1bf7,transcribing my tenth (and last) report for the night
30ac477e90,too.
349af9407c,e
7f97386062,haha yeah it was
500b850b3a,I`m gonna miss the show  at whitby for the weekend! btw i love your show! Radio 1 is always on! ly x
631837c7c6,world
791efe0b6f,l
a52d9c7dec,"great, Radio"
07367e1735,interne
b577cd2a57,catching up on House  season finale monday!
7010b3bae0,haha. the pic wrong. haha. now the one is then correct.
64433dc5dc,why why
5f40b0f0d6,_Claire its sunny here  I will send some over to you
3ee2661fd3,What To Say?
67edc5cda8,Sitting and waiting and hoping this lady would hurry the hell up... I hate moving... It super sucks...
556565a143,bored
783557bcb7,at
9fa26acb0f,I`ve already been cleaning for over an hour!!! So much more http://twitpic.com/67gzx
2a75121552,t
baf5c3b438,i don`t wanna work over the weekend
9d47870bab,"op,"
5ea02d49eb,p
545e1bc104,i`m
f1d7662793,sleep
871091e0a2,maybe cause you look so innocent
a63494f7f1,I`ve gotta watch out for those stealth skillz! I always forget.
f82dcd0460,"haircut as short as possible, even change color , new me"
798a6382f1,i`m awake while others sleep
bfddf4f6a2,imperialist
a14955274a,I think I have H1N1...     Or maybe just a cold.
c378cd487e,Happ
ba95446fac,It`s been doing it for two days. We have a comcast technician scheduled for tomorrow morning.
77355a29b6,m
321ce238e7,On tha` bus
27df19d799,tonight
68257ebec2,Did you get your free chocolate?!? I still haven`t gotten my email.
979d46a2d4,y
fac51276da,"_20 I hope he does it soon, and i know i hate fakes"
5a7c51d790,sleepin
9014625463,ungs
0925cf869b,it`s not.
531716ef0c,i told myself i wasn`t gonna cry and then one kid that everyone made fun of all year said 'it`s been a good year'
b9e8fc045c,i
0c5b15af47,never thought my daughter would want to borrow my clothes... even less that she would suggest that i borrow hers... luckily it didnt fit
7cadd0a40d,s
23c707b638,sound
2ee8f711cc,"I kno I`m behind the times on this one, but I just learned that Troy 't-bag' Dixon died back on dec. 8th 2008. RIP Troy."
4823447b06,song
131798455c,Bank holiday  Off to the station now. Catch you all later.
19e66b7b96,feelin
e852549bd4,yeah except the spurs aren`t in the champs like they usually are.
c3a3d2b1ec,sorr
b934655779,but then you won`t see Her hotness much either
53afaef8f1,","
4f59a42713,Live TV coming to the XBox 360.  But only if you live in the UK.  http://tinyurl.com/kq47ah
85a02242e3,"Its been a slow day at home, one of my kids is sick  .  This little picture cheered me up http://is.gd/JrLa"
b053d4b636,e
6ab9a27c6f,ttp://tinyurl.com/mx
fa39f16e83,*cough cough hack hack
f9a3783c52,The flowers grow!!
57558f3cbe,i
8b56a3a5b8,Cooking brown rice  http://bit.ly/gihac
9d263a3553,serial
8d9769220b,ome.
a862c3b17c,elieve the
3e8c5c8cdd,i`m probably the only person in the world that uses tweetie from my ipod touch & not an iphone  ghetto? haha
31fa81e0ae,!
e0b28abe20,ood
ebc1e3bcb6,Y
a4f5a18cb7,*hugs*
4ccd06517b,"_333 Yeah.    I couldn`t call my Dad, Mom, or brother either.  Mom = On the phone.  Dad = Phone card expired.  Brother = At work."
154f2174b3,thanks!
51e5a6e49a,"In rural #thailand, 2630 is considered posh"
cfb572ddcb,"Is about to go in the garden, weeding, mulching, cutting down and anything else that I find to do"
68df9d2478,Check out my latest FB post.  (Things I want to happen). I don`t think you can miss it.
e4773d2652,Mode: Home Office
67815aa667,you should enter the giveaway then!!!! who couldn`t use $25...I know I could
0c751dc283,(y
4af4380faa,Sorr
f3e2413b15,yeeeeah . . . and it was in into too  seen Empire top 100 computer games? http://www.empireonline.com/100greatestgames/
b244cf82f7,r
38a876ce49,t
a87e5b124e,r
33b2de265e,YA I JUST GOT A TWITT FROM SOMEBODY SAYIN IT LOOKS LIKE ITS GONNA RAIN OUT HERE ON THE WEST COAST..I AINT BEEN OUTSIDE YET.
89496e0696,n
3236f06649,m
b0b3c619ec,p
bc4061f80d,"Just found about ten typos in one story in the Plain Dealer, including one run on sentence. It happens more and more these days"
5a1a7e1726,Gla
0274567d50,i havent gotten any prank calls making me laugh in so long.
22c06dbbd7,"yay! now ill shall take your picture, and get a tattoo on my arm"
0f99e47e00,"I just put my computer up on craigslist. I`ve had the same case, monitor, and speakers for over 5 years."
cc79c878c5,_jayy It might hav to cost u a History essay.
fc0e7ea470,I want to join but i live in michigan
a02abc9bef,Just realized you can get arrested for public disturbance. oh well i`ll take my chances.
7753371e17,"hiya, hows your week been?? just tried to DM you but your not following!  x"
9d05a89879,di
5fa1606fcf,h
333b617776,Tanna!
881aeb2f99,"Off to the shelters around me to look for her.  I hope she is okay, so afraid that she is going to get hit by a car. Can`t stop crying"
3d1f9bd366,jealo
c4747b8afc,"Whoa man, now THAT was a great one. I went to Heaven for 5 seconds. U know why lah but pls shhh. LOL. So sorry u weren`t there!"
de447999c8,I think I`m gonna try to go vegetarian again....and no soda and majorly cutback on beer...too many carbs....but its so yummyyy
a52705bcce,eeth
1955cb4238,elebrates
d0253fe4ae,dbl
07be3be42a,l
2a72ef762f,Rin
ce0eb5683c,tired
afa50a2b3d,sunshine
e487233140,a
ac50a7fda5,"my to do list is bananas, before i leave for Europe BOOOO"
644244cbc0,"i had had a baked dinner yummy  cant wait for new short stack tv, what kind of dips shall it be?"
257681f691,Sittting in my seat watching the tyra show
dc5c8ff513,L.A. said 'wipe the slate clean' before the jelly!
3563afd497,"we`re gonna miss you. dont worry, there will be more for sure!"
cf6c4b4a00,feeling
919cc6ac79,.
4887a44500,p
09a0ae9f66,...
0b5d29b8e4,clo
2e3ed4ea30,tired
08e6fe663e,ut she
59c0bf2096,Started
d3994c8a1b,et
2a5f644596,e...
ac05f53862,Good
9298e521cd,J
bfc6e40ae6,All the food in my house has sugar ants in it
0b52011589,u
6b27e4e1a6,ola....
f1249e2218,I loveeee NY! Getting breakfast then gonna go mimis I`m sooo tiredddd! missing him ODeeee! Love you
733a1a160e,I gave my brother a hug good-bye.. as he took a load of furniture away from the house. He took the mattress I like
e82799ecf7,"Been there done that with the laundry!  you know it sucks, but it is so nice to of them to do it...just say thanks."
f2c63f0036,"_01 here is winter, but not snow"
da08c42b54,Happy
7994a5c310,At nosely safari park with Leah
42c0e9568e,& I got too much work to do
89d58a0517,Good
2f93e3a903,sleep good last
53578e9244,Ahhhh
5a913fb61d,ing?
4130245871,_Aries Me and that person have something in common then! LOL jk....
9d152ac0aa,_cowan oh cool!  I`m gonna crash and sleep. I have been like 40 some hours working lol
8b1891bdfe,Happ
64732adfbd,"lady is clean now, im going to calexico in a moment, i have so much things to do today, and i wanna go and watch the hanna montana movie"
dbb504cc4f,is STILL sick. But still loves revenge and the possibility of more revenge to come
e7a61e7bf1,Hello Twitters
3723ddd113,Trying to get this swimmer`s ear to go away!!
344467bdaf,p
a50bce3f87,Apple.
17e6c97023,what? You won`t be two blocks away any more?
96ea584a29,Off to work
8602a4b995,http://bit.ly/13f5m0  You are not alone in your disbelief but I am quite happy with evolution. It beats the alternatives posited
dc336f3c80,"ohh ic ic haha, iyaa my summer is filled with ONE Course that lasts for the whole summer"
1151adda60,ph
ba08b22ab8,l
758072a936,if mom gets paid...
e73fbecac4,I`m so stupid! It`s Star Wars Day!!! May the 4th be with you!!!
19bdfd834b,i
25bb13b1ee,l
289722520f,im well bored  had a great half term and i dont wanna go back to school on monday :`( enjoying the hot weatler lo0l ;)
51ebbe6ed8,t
3af69da33b,tu
8d49772ab0,t
a7b2b3ec1d,a
8fcb176708,tour got canceled
2f1216b6ae,i
91da197673,"no you didn`t,  not more then me anyway"
3611ede525,elieve ha
95457abcc3,hate
5770eda641,i`m
4738b2a583,geez why do u have to be SO obvious?
d66f920dbd,a
72b1bac82c,me not goin
0064be4ccd,Ahh its so gloomy out  I`m pretty sure I just heard thunder eeeeeeek.
9db3cb33a2,_1 yeah we only went for 5 days  im trying to get back in november with my mom for super soak stars weekend
185b8ed010,pla
8b6de71666,Huh... PR from 5 to 2..?
4e2794c404,"kyle,"
56b20497b7,"Awake still O_o, breeding for perfect or close to perfect IVs on a pikachu  don`t know what that means? Google it or wait for my articles"
67dd184564,good
f0c0d44fc6,listening to a Del Barrio records release. I think Cmyk music will have competition over minimal techno in madrid land.
485e0a802f,tting the pink stripey
52083d8acd,t
3b2157d57a,l
d32d55433a,Going home to get clothes
82171252c0,Last day of college today!
ca44ccebe4,t
00b2a5b40a,ouu
9de1831813,Per Taylor Dayne conversation.  It`s official I am now jealous of you.
fbe0a05867,n
cc395894cc,o
66f8fa737a,...you are kickable.
3d9d4b0b55,peel
9d869b56d3,"eer, playin"
ffcf59f83d,Really all that? I`ll look for it and will report back
72b06ea9e2,still bad
d457d0aba6,Rally
277e9491c5,Holy cheese sending things to the motherland is muy caro
f1ec1d56cf,I can has cheeseburger
4a4ccdabd6,Just had lunch w/  at Jason`s Deli... then stepped in dog poo
5362e2b7ff,ssed yo
fe821fe501,http://twitp
efa546635f,this kitteh likes going in front... or behind... or to the side...of the box.
f8192b3b64,got it. Welchs grape too please
3b3670e7cf,mily!! bi
4ca3acc003,d
a1c5be2cbb,Oooo look who got a pic!  So much for swimming today
0c4c7d7f21,"super late for work, and got an earful from the PSYCHOPATH. GRRRR! Day, please get better"
ee5eb5337b,me terri
98a78825ec,rai
a7b0df1c27,likab
a907e85507,when can i ever do a barre chord???
ac3e3b4605,at
9b0d10c5b9,gla
1152728fc8,uy
4817f7e516,oday...I
13e6733851,sunshine w
32e75b13a2,t
67e5cfddef,p
459b5c7a20,to doente
ef3a586e69,.
d7a20571d9,know i
58674a6d03,ar
01f7a3b229,hi from chile!!! It`s 9 deg C  winter`s coming....cant wait for cali sun.
08ed671f9f,I really don`t want to send it over this site....it`s kinds private...
f8a81a3662,iProcrastinate: This is by far my #1 character flaw. Gotta session at 11 and I don`t want to emerge from my covers.
a3125b3dc1,take
1b31bd0ebe,people
2ab2d4cf10,I`ll make him nachos tomorrow. Better than if he would have made them himself.
c7e80bd6e1,calling debby ryan!
4b1def0c74,Good
1e6c88ae91,gr
6705942f3d,ate
02954337f9,wegmans
abf08a0cff,H
e4a1945972,Just finished watching 'Marley and Me'
8df2ee634f,anybody wanna comment me?  http://fotolog.com/sokristen
3a1b934feb,e
be6c6fa1b5,n
f359618ee2,Messed
9dc883f7b4,nt online today & mayb whole of next week  if u havent voted pls do: http://bit.ly/hHigd
5947fb415a,y
65fea7aeef,turning in.  it`s been a loooong day.  just got my new US edition Esquire so going to fantasize that I could one day look like Megan Fox.
a0a6e32f0f,l
0d619f6e0f,AH.
e4689481e8,ready with learnin today!!! .. and now its twilight time
faac38cfe2,make up your mind
d06dee8ba0,!!!!!!!!
2c6290dcd3,say
7aafd4e445,oh dear! gareths b-day 2moro all my girlfriends are abroad  lucky niamh is coming home 2moro poor gareth has 2 listen 2 me talk all day
1d1e901b39,good
2c16d85f9d,What happened? ... Doctors don`t get sick!   hope you get well soon...
f9b52935c6,noooootttttttt fun
046737d459,get my wii fit in couple of hours!
c2ef7fd162,A
56a6f83cff,How about we play tomorrow?
576e582c02,is up and ready
8731f9f41f,officially MOSS doesnt work on Vista  but unofficially its fine
f8f2d9d4d7,feeli
c915181b90,n`t
bf1b3cbf17,It`s the final count down to bigger hair people   ? http://blip.fm/~5z4uq
a8a3b9384a,w
41fe669716,ur
19c8d8ff2a,e
0c797b1afc,way
c53e7f7415,I could get away with it. dare me? I`ll go buy it tomorrow
9fac949919,http://twitpic.com/4jgro - me again
8b7c0322a2,aw
5c32a89f16,my phone is dead and my charger is miles away.. _S_R  i`ll talk to you in august
11fff26b21,Good
b1e3728694,I hope when you`re calling this the shitshow you mean that in a good way. because this will be fun.
ff61f3369a,"After a week staying with my Grandmother, I`m home in Lopatcong. . Can start my new book tonight.   http://twitpic.com/4w1s0"
94231c141c,out....no
f9592a798a,de!
12269a83f3,There  was just a horrific fight at my school  glad everyone is ok and that it`s Friday.
f98758d586,yeah! but too late hun  lol
f2a331b8c4,!!!!!!!!!!!!!!!!!!!!!!!!!!!!!!!!!!!!!!!!!!!!!!!!!!!!!!!!!!
f7bacb0ac0,someone really needs to make a kit like that avaialble for home use
2691ee2c60,- No I didnt get your text.....
082abf7f5a,Aw .. the grillz in my background look like plaque ..
9e047ed52a,Hell yeah Kellynn got a Twitter. Finally.
ff2704a5fa,r
7a7228dc2e,till jealo
3ed0d5fd4e,.
8d73a2b693,s.
eb821905be,"_SocksO_o: I`m sorry, S"
28f02419f9,p
1d50edc9d2,Happ
44c7651247,goo
f302c1c568,"just got home, talk"
ab8d041ff7,hard
22c7c7dea6,til
ca3b1dae3f,falling
d8139040f7,picture
3cbd7d0dd0,y
51702cbec0,Goin to drive-in movie for the first time
ba7eb5d2ce,I`m sorry sister!!  just think you get to see your man in a bit! That should make you happy. You guys should call me tonigh
c6d9ab4ad1,"http://twitpic.com/4wry2 - look, , the rosemary in my back garden, in CameraBag`s 'Lolo' mode"
a5ea878610,is over
c04e8e49aa,On my deck... Perfect weather today! Not feeling good tho...
f79990e681,i wish i had a 12hr nap!!  lets talk rachel into getting one of these now.. lol
941fc6d22b,Getting dizzy
ffcd156cf8,a
06e32ccac1,thank
2e6ee964a4,o
3521fb0d31,as long as you have someone to make out with    lol
85f85c7fa0,a
53f412095b,t
137748f144,BIG NEWS?! But I don`t know if I can share it.
c960f01621,"I`m sorry you aren`t having a good day.  cheer up though, your day doesn`t define you..."
3683524386,l
ace08f428a,ist
1f2f27c5cd,hate
1adaa3519d,Happ
02e569bee0,t
80cea4864e,done
35469bc08d,jazzy we should be in vegas w A team
6fea8f470b,ur
5c26699d0c,s!!
bbad99f9e8,H
1dfb00b4c3,n
e7732b76e6,etting on
031cf55c6b,that would be most ideal. However...now I dont see myself leaving before 3  Gonna have to take a rain check
9e6bab2198,ullied by Dill
933efccf09,awe  wit the snap of my fingers n a nod of my head ur rain is gone  lol...thxs hit up afterwards
22adf200c3,popped the phone
555ec0c45e,"played a bit pool with my buddies....going to bed now, have to work tomorrow"
d08766b1e7,t
270aa8873d,hate
9e7e3d0a5b,"Just watched Mall Cop. Wasn`t that funny, but wasn`t too bad. I guess. I kinda wish I still worked at a movie theater...."
2977740144,lip.
e4d45896f3,e
5b2b140151,I think i should go to sleep considering i hav to b up on 3hrs....
308420a8f2,dont think me ugly - but tha dumb **** is lookin a lill betta - an he know it!
c0da406e23,samee well i aint a man i am a girl obv nd i am 14 lol   i aint no1 special or not famous or rich  wish to be tho ****
da529a4086,n
c41e9dc8fa,.
12c4bbf4ec,tha
f59b7b7a48,Mock AP Chemistry exam today! Then to Central Park!  Is there gonna be a AP Chem v. AP Bio tournament?!
b797972363,"oh, I am sorry my friend. Katie & I will do our best to keep you cheery"
f75ecd3315,Hey  nawwwww pity no show no more lol great while it lasted though aye   (robluketic live > http://ustre.am/2w5v)
d454fa35a5,t
b24bca21ef,money
44f58a5057,er`s
16b0e0e6bb,"It`s this year. Can`t catch it, won`t be in NY till Oct 2010  http://bit.ly/AF8JT"
7d8c4c11e4,hye u
51f143ac9d,Leaving for Atlanta in the morning to catch JoCo and Pa & St!!! I`m excited! Missed P&S at D*Con last year.  That made me a sad owl.
66057d58c2,"exams, totalling"
eaa7955eca,Round two of Vega: Vanilla Chai flavor.  Just realized that I have only 45 days left
e595755787,good
2172152f9d,Off to study!  later guys
6bba94d225,re
0cdb9fb23c,http://twitpic.com/
fa319d237a,eplie
9ff3e87437,and it is raining in Denver. of COURSE it is
e8ffe60ca2,Wee are going to the movies tonight to see Wolverine
1f0f9c4a91,u
2f25f7b7c1,yep.  working on the post now
d123dccf52,Just got back from lunch and feeling more like a nap is in order than work  But I will press on!
69223099a2,"Loved the shoutout on TweetHampton, congrats!! Hope you`re feeling better, i missed you last weekend"
950c79ea38,Watching Matilda
e673dd8c77,"Hahaha  yes dey dooo, BOSTON Legal  tha fat old man is funny, tha one that was naked ina pink gown Lol"
496a81c5fc,listening to some brandy...never say never cd
be8ed7a7da,"shuffle,"
2545a3cd3b,South Philly - Passyunk Square Area! Closer to two street.
698124aa32,in 1st period. i hate this class. can`t wait until i`m home!!!!!!!!!  i`ll b the happiest person in the world wen i`m home!!!
6557f3a3ec,watching saturday night live; justin timberlake hosts
71c9975b09,too.
fac362e16d,p
ee217de560,"my grandpa called, wants to know what you are doing with his hat.. and when you plan to return it"
bba466c841,list
ea59768967,Hi Nancy your fine (till it the baby moves!)  Just get out of the house & do fun stuff early! The hardest jump was 1 to 2
ff2458d377,i
68be6be7fb,is is listening to Heart Ain`t Brain by Chris Brown.  http://plurk.com/p/x2bp2
5caef4175a,any
016f701c50,`
11e105820c,"Today in a Week, I am 18.. yiha"
6721e006ff,veryyy
b3946d49b7,hate
3ef1ed0d70,http://bit.ly/137cTy How about some Celtic up in our lives?
407d628039,e
a7ed3e4509,yea just fun dive..a bit scary sometimes but fun.  u like diving?
e36e03078c,Phone
9ee413df0b,v
dff69b005e,orge
486a931943,Happ
dc1a833e52,saw you walking back from starbucks. I was in the orange beetle
c67abab6e5,twiddli
817eaddad2,Wine..beer..and champagne..lets see how that goes for me tomorrow..lol
75d25c3910,tired
f5170f90f7,"hair, grow back!"
e99be33a06,Can`t wait to come home! I miss my Bubba. Too bad my parents are taking him to Canada.
1b13ed8b4b,t
14376c40dc,got
ec34058059,o
4677a43b5a,oesn`t know
9181f9e143,i dont wanna do this anymore! but the couch is jus sittin in the middle of the floor. do i really HAVE to finish?
95c3acafc9,started
cae3d9d9bd,i`m new!!!!! dunno whatta doo!
9afda201ce,what do you mean jorx?
23d6fa2912,i have restricted driving priviledges...  and i didn`t even do anything. stupid double standards
9b5abafa71,i think 90% of the irish population of manchester have come to my house today yet none of them are the 1 person i want to see
d0db23ab78,Its already been a crazy morning and its ONLY 1030
2335e74aa1,Know what would be great? For my shoulder to stop hurting so I can sleep normal again.  I just want/need a few solid hours of good sleep.
a7c665c91e,wate
17d0e8bc79,Happ
64e667eced,Did they already get the tax money from Helio for his winning of the pole position! Ha ha!!
90491300b6,"alone, my"
95b0d4bdfa,adorabl
196ecaa275,"that,"
80db81bc59,Job???????   Not so much.
af526a85c3,kno
f7e890fa63,milks
daab9badcd,h
06f52ce0e5,reminded
1acc36b911,upload
4056adde23,SS.
4e7784f9b8,ely li
0a2d80b493,supposed to be back Sun (via private jet btw#!:o) but mite hav to stay bymyself (thnk god) for another week  & want Bruno!
afc90423a3,ving me
f665a93e47,good
3f1d0f6b96,last
c9ed0d71db,w
aa8d20ba00,WELL one is a muscle relaxant and the other is an narcotic If your still not getting help i dunno what to say  moist heat?!
cec3fbeb82,k
15046b539e,y
23b625b810,"WFD: Lasagna. Still 45 minutes to go, so hungry now."
58495407dc,"awww poor jayk. :[ try to make the drive fun.and eat something soon!have a great show tonight i wish i could go,i live too far"
9fa592037c,ovely
07adfb553e,cleani
9e2efa4896,s
917ebb327b,s
33cb8c2f5f,good
350c1b8b2c,good
c5241ed0c6,`t affor
b90c27b3c5,yea tre hood claim thats atl theme song which it aint!! lol  but its a youtube vid. that i posted yesterday
2abf604274,ek!!
906a96d74e,"i guess that means you didn`t beta-read either of my stories, huh?"
0afb0b5fff,in edinburgh. just had a chinese yum! better take wee haggis out hes cryin at me   dunno y tho xox
2fc866059e,apparently a looong time seeing as they seem to be everywhere except LA
43a0aad9f3,_Hayes I`m at sharkeez!
f0db54f5bf,ef
e8f3d2cc47,rhubarb
87ee516c11,happy
edeaca7cf9,t
8dfd826236,er`s
49f568ec8e,t
837956c3d7,.
d32efe060f,leave
17e119548f,good sign.
9f3d5f25e0,Imput!
3d38947fea,a
a86a8ad3e4,weekend
3f1dc607f2,I`m
c0b0419bde,jake thomas looks so precious :`( i hate when they say 'there it is i see the white light' in every ghost whisperer show
928344e89d,getting
c161fc4464,wh
96706cd7ce,Did I miss you going to The Killers or is it soon? Are you excited? I remembered I needed to ask you
06f3302919,r
a0caff586a,IT SHALL BE MINE!! IT SHALL... BE MINE!!! *raises eyebrows*
ec25248c32,uch alrea
f7f69165f0,onderful
ce7f8a5210,yway
f5c573691b,has an exam at 10am - I slept about 3 hours last night
36c471e4a7,s
6cf831995f,.
fec2be691c,"You HAD 6 - 5 star reviews in Canada, at least until the 'Talk like a Canadian' incident"
d6deb1d00f,Awwww ur already gone
041fb3610e,do you really smoke???
5528ad6d00,The Life Of A College Stay At Home Mom: Delay in the Bash  http://bit.ly/CnyhP
bd229715c7,account on iP
122ce74315,"_Cordon LOL, you`re welcome"
5f880890b6,limit.
cd1f1226ad,Why online one download this week?
50453d2d15,"sorry,"
795de6c2f5,vely weat
875d366982,j
3dc383accc,re
22d360a2aa,last chape
09092e7e81,_Pase I guess u ain like me den.. My hair cut short..  lol
04a2b5fe75,Off to my lil sisters  graduation...they grow up so quick
2e3bfc6fdf,"Ironically, that thought goes through my head (no pun intended) for *every* headache I have...  Hope it goes away soon."
06686c2757,o
074d3c7768,Watchin Hannah Montana  Hoedown Throwdown
a0aa67248d,Omg! My dad called me a johny come lately haha because I`m slow  haha
339ef3748a,Family
7dde7c1aa5,hat?!
9e2af30e38,thinks that Pipers molars are cutting thru  we had a nice lil nap me and the girl...now just another friday night at home w/ the lil ones
71dddc0dff,I`m
2227875637,s
c94e7297e1,y
9012a7d74e,a
5cbd4f1169,Happ
f249a546b1,I`m
c2a93d7e59,"Lets change this S0ulja B0y te|| em trending topic to, 'Soulja  Girl Told em'"
8a297e9460,irl lol
43fc60ce13,really stink
524d024523,L
e95b3cc20f,GOING TO WATCH SUPERNATURAL shall return afterwards  ****
a734378195,last #ff  _Diesel    _Web_Design
98d18c0450,but I keep updating.
7deed0e1e6,"En route to Minnebron, where cell reception is notoriously unreliable. Until I tweet again, have a great day yall"
af49a3d059,EXACTLY!!
9389b2e59d,"LOL. dood, i love you and miss you."
826c17cb22,Oh...ok...didn`t know that.
6bbcb1803a,"ahhh, i FINALLY went to yogurtland.  i saved my spoon. hahaha."
52a7198645,l
5a85ab5cf9,"no , I can`t make it to the tour. I`m from Philippines"
78e2cd4c7a,OMG!! that is tragic!
7e6256edc4,LOL! I hate when that happens!! All hyped up and its over before you know it! Lunch sounds nice..hope you have a nice time.
45712388ad,e?
d14c9370ae,_sm Do you know why we have two Categories on our website? I`m trying to remove one but i can`t.
d83fd6c942,tweeets
cdce2b490d,say hi to Kimba for me
b728ad58aa,Hello Everybody   `Tis a cloudy day here in Amanzimtoti today.
29cb8acb08,A
a82816a060,no one I know likes boiled peanuts t.
fcdbdfce85,nderful
5792dd85ca,replies
3bff297731,"no, dayuuum 5o`clock was better"
4da565fddb,I dont have no plans Just to go home and watch the Game. Plus I still have to work early so cant be out partying too late
f487bc4483,e
82c8e1b4f9,"Hmmm, should have looked at it a little more methinks"
e9a87971b0,sleep
195e012231,I was gonna text u and ask what puff meant!!
517d309888,"I know... it just falls right at 1pm my time, like right in the middle of the day"
769dae76c4,I`m sorr
9817d9a908,This is to all the people who have MySpaces: PLEASE ADD!!! http://wwww.myspace.com/fiftyfivethreads it`s my friend`s clothing line
8ab49e0790,rentaphone  yesy have
6c8858fae4,going to get waterguns from tesco today   haha.   its sunny.
8ad9eb4106,Can I get a 'what?'  'what?'...the baby sent some Twitter messages on my behalf
fb95433e9c,I don`t know! She never answered me
c00d3028ce,messed
f3a5b39195,to
f397ab55be,Britain`s Got Talent? Such a cute little girl. Feel so sorry for her!   Hope Simon finds the time! ****
51e04670a5,midway
927df40c50,ored
d57866fd4f,`
7407e45f29,w
b218339f8a,or a punch the shape of the card on a card on a card on a card. and then ask people what it is. for free cards.
283c1fd3d8,!
83f3b8d9c9,ty
c977dd5d35,girl  but AIDAN!
a19d94c943,"ppy, excited, i hate"
5fb6067e31,I ran over a turtle.
595685ba72,good
b6e2be56bb,Normal reacti
b579558915,gre
9578cd7fe3,Ok so Jeff looks like he has a black eye!!
bbf97a029a,illiant atmos
0cdfa00a5a,not goin tto tafe
c70d6750e8,grea
a03f2cc70a,I am usually more creative on Mother`s Day but lately I have not been feeling creative. O.K.. Good Night.  uh Morning...
b5fe8c6909,OMG that little girl on BGT!!!!!!!!
b55e8b3e2e,ame p
10dfbb8a32,mo
ce7169efb0,Just got back.
525ee51b92,bee
788496c38f,With matt.
97a2ee5921,yeah I imagine you did
8ee915a9e0,hh
e606fd5d6f,his sel
fd2ecc50af,I can haz beer too? Oh wait... I`m a work...
dbb41be912,ist
f2cc3458dc,can only walk on streets as am in london town....no fields
1fbde4de35,I am working my way through a bottle of Excedrin. Maybe we are twins.
58b25e6703,I`m ACTUALLY on Skype but ssshh don`t tell anyone.
11e336ff91,I`m saying my goodbye to my car for the next 2 weeks  I`m gonna miss it!!  Its going to come back beautiful though!!
c2ae2a443a,a
0489d99784,It`s Friday and I don`t have a job for the weekend
fdfd544d8d,lets see.. we hate that groupies are **** near stalkers.. we love that they send gifts..
aaaa3e4e66,Arrr. Exam is on next week.. Im dead.. bwahahaha..  I love you btw!!
efcb2921d5,fre
233c9a86eb,Darnit.  See what happens when I avoid teh interwebs for work.
8bfe09c2d3,`
5d0559bd92,_Bailon talk with your HIPS
7e15cc078e,e
cd2af1d724,MacBook
879f64f30d,bullet train from tokyo    the gf and i have been visiting japan since thursday  vacation/sightseeing    gaijin godzilla
dcdd163fa1,wl
b499204c32,nderful
0ce8b5c83d,t
1c074899d8,you might have missed my latest experiment - I know blogs have too many words these days  http://tinyurl.com/ne6twc
fa87f21b8d,Of back off other peoples he can only have one stalker
3313d8f02d,_Sprigge  Keen skydivers take off thousands of times in planes but rarely land in them
7a4a289831,Working now
574664f6c6,i
d7f6f40f36,Good
ea1db74ed8,ditcard-s
4f2bece79d,on my way home from ny...then sleeping
6499546bea,ay
40b38aa1bf,needed
b28a10ed09,day
0bd0f61742,l
791321f057,#SanctuarySunday
23f9ec1ce8,i hate
825830ecd6,miacherry
18e4feb802,New article about band called MGMT @ ATBFM.SOLIDSYN.NET
c4287c0723,Western Digital Caviar Black 1TB SATA 300 NCQ 32MB on the way...
9e962ba736,issy2
8ddd7b906d,closeness or distance? closeness... but now everything seems so distant...
38a6cb940a,p
e31563f420,anyth
b5a14e7716,yes  lol
7e7452d16a,'how do you like them apples' is from the movie Rio Bravo. Good Will Hunting make a lot more sense now.
9fccd68eb2,good day
185539ef01,"Just got home from the bank, the teller was definitely hitting on me. Not interested."
d5b83f848c,of couuuurse fika  i`ll pray thes best for you then.
edc32dc56b,I`ll go now.I`ll watch teen nick!
85b9463123,o
7de057cf40,is cleaning the house for her family who is comming later today..
a81c37740e,"I`m still recouperating from the holiday weekend, wow, I`ve never been sunburnt before, this really hurts"
1a3ea78c2b,l
e8d2a28b66,ly mis
d6b51b539f,"chatting with some of my old classmates, hellyeah fun but we have some of very weird conversation haha.  hello? bbm lo error ya?"
a5e5a0a304,Lif
bc0e5470c3,gut lo
8a21403435,listenin
f089085de5,n
5c916f3364,I can`t help it if I`m a GRAMMAR NAZI!
053ad196fe,i want my face to be a somatic drawing of david lanham  or i want a leopard theme his somatic theme..  im so sad..im such a big fan..
07b727b996,_Kill_Boy That would be really great....except im not allowed to talk to boys on the phone  long story...my fault
de0b920872,o
56535db7e9,contest
0238d4109b,love...after
d408500376,d
4d0f45b94c,I`m sitting around wanting to do something  any ideas?
a8bf43dc82,I have to work tonight  But I get my paycheck!
9bb4e873fb,el`s
bd2c1c0f1d,"had to rumage around topless in the freezer to find something to eat, all I found was a suspect pizza"
93755df0f2,worse
0c5515f606,aw
bb6c360774,t
a38bf809b0,DRE
16bd49d152,wants TFA back.  http://plurk.com/p/x2rgl
ee66a9e45f,Got 38 followers now!
1d6de852ec,s
046e9b85f5,Back in Spain
dbe55d814b,tweet
d0bf2cb10f,ovely
e3a3580d50,dis **** usb charger is good for nothin. gotta find that verizon store. my fone been dead since last nite
fa75ef0af9,w
6504d7ef9b,*hugs*
7ee4d02b4b,I really haven`t got the hang of these hash tags have I?
0f759071e7,especially
a740089c71,over
09c18060c4,cript
4afeb17b38,http://twitpic.com/4
3588aac106,p
7c3b508210,y r we giving up on people?  I actually thought that way for a while too before I found someone who is very intriguing
1e852e812a,watchin Gilmore Girlz
04795b9c4a,them
0d0959690c,good
55a69c1bfe,"yeah but they had to come barcelona, because not all the fans can be in that concert  COME BARCELONA! JESSI TE QUIERO"
537f65a521,whil
91c3b35d2b,T
705a3b2f84,Happ
2de1bcb225,"07 !!! It`s bloody quick,, even my gran could drift it   http://twitpic.com/4ja93"
496086d5a5,a
031c478bcf,sleep last
ea5cdc6030,Ohhh mannnn they just laid off 3 girls!!!    This economy has to improve soon!!!
69ad6e1c66,di
c37b979e7e,t
2694bff9fc,We should so go for the Cobra-Cam idea
22744e80f7,irthday
bd85c138d5,"Yaaaaaaay,"
7aef27c516,Doctor Who has finished
4c8db3926d,adio
894e188d01,HAPP
ddbdb89b1b,d
9d525955a6,"I`m there all weekend, expecting it to be way too hot"
2bdb19ccd3,vely
e89812a939,e
02874866a3,http://tinyurl.com/67sk5r Follow my blog and I`ll follow yours
3cc4c6795d,Nic
bab5adefc2,bored
8b8d33a2c1,Happ
deeb5893dd,oint
3e1c6b5552,i
dc0e971fa5,ble
92bb2fe635,Goo
9b41b64443,bi
c6298294c8,l
3cecc2fe8c,a`ll
1853e112a6,!
c723f71152,in faa thaa night  movie night?
1056aabbb2,rms!
04c5d49be7,i
292c670dd9,a
8d194c4e53,_INTHEMAKING :aw
db28f06614,Doin the **** Thing Here at the Crib..Bout to Watch Star Trek... Yup
d61e003759,what? whyyyy?
c05493776f,Moodle Intro training this morning... ages since i`ve done that... and only 2 bookings
89a2b9b242,well you scared me saying there may be rustling in the trees!  Happy Sunday to you sir
3c4f26ae13,good
22195b1d09,dam living in england  x
6d7b5d3ca5,l
1fdbac152f,ainting
327da328ac,_teamgreen Marriage course is not running on either of the bank holidays in May. Back and running next week
8d1756a180,morning! just got my coffee
44e7f97625,I am never going to get these pictures taken
fc18b7256a,n
b58382ccbe,a
e75353b6d2,er
e93183a2d4,I designed a new shirttttt.
34b20964c2,ble to see clips/episo
b3811aeb55,@_juliamarie
40fa5586e8,"hey guys  we just wanted to announce a marathon! so, let`s just say...GET READY FOR A COUPLE EPISODES!"
242fabeab4,babe
d1da906d59,"Hi, I teach some Chinese lessons on youtube... Feel free to have a look  www.youtube.com/ChineseLearn"
216b16bcd8,`
b99780d3eb,thanks!
26892be9ac,k
1836cc7a3a,alway
7cad00677e,is!
318bc9bbe0,e
494b8aafd8,been there done that. It always ended up with me selling the machine and going back to my mac
3474d5dce1,outta the
29a2921b23,hangover today
a3b84ce016,ACK! Ghost Whisperer isn`t on!   **** network`s lucky they gave me Walk The Line in place of it...f*ckas. JP is hawt.  :0)
1b09def1d0,stopped
2c8f6efd46,I want to SOOOOOOO BAD!!!
b9a0286741,G
a2ae399601,reat
99f9b82224,Happ
bcd744d024,fresh prince and sleepy sleeps my nightly routine  gotta go to Dmv early tmrw
f5d5719228,So am I.
e872cd9317,good
c2dfc5875c,"Jamie @ Sean Cody, up for some angry ****?: Jamie @ Sean Cody, I wouldn`t piss this one off  Hey there Guys, Do.. http://tinyurl.com/ddyyd6"
27cc670298,inese sound
454ea2153b,"I was going to go on Sunday, but now I`ve got too much going on that weekend"
7dfb8ee831,time
0116bed2a0,previous
65b98f5ff7,you can turn the bird sounds off if you like in twitterena - check out settings from your home page
3496566cc2,"IM SORRRYY  i went to the cinema with my broth.. cause im cool.. and yeah im sorrrry  TOMORROW THO, ILL MAKE SURE OF IT"
d2af698d65,Home empty handed.  No comics found today.  I shall now indulge in my cupcakes from Magnolia Bakery.
da474621b8,good
2ae8e9fc46,aww  cant wait till u get 2 Sydney ;D i missed out on tickets tho.. :O ****
f674c6d0ac,he producers.
a0e0ed4311,Starbucks. w
65f8d471f9,f
849f7d5091,oesn`t
303109baaf,Morning back to all
384c73b996,It`s Raining!
500403e684,No trips planned yet but I`ll let you know if there is
808a79ddd7,anks!
6fc59888b9,em.
a11845fc69,tu
eb7e14290e,"cool, never heard of that in ny   http://myloc.me/21uF"
2c80b2043e,good
ca1512100a,i hate my life big time its sooo poop gode i ould cry
765bdc0267,in
7270ae8bb3,two
8d55b9acb6,lol u better hurry up cause your **** is running late and whats for breakfast
d4adbe3b5a,"You`re the third person to ask me out on Mon afternoon ;) I`m so sorry, but I`m helping tutor my friend for C1/C2  ****"
1e99eb2637,mom
bc9ace994f,"_bandoni Ok, see you at da climbing"
518cdce704,"Nope, not 'done' yet"
9e36c68f31,I am at my grandparents place
e8fe5c5dc7,word...
059cd6f00a,I am so stoked on seeing you with the Jonas Brothers
afe78818f5,": woot please post a pic, I won`t recognize you without it"
1d5a6fd0b9,MICHELLEEEEEEEEEEEEMYBELLEEEEEEEEEEEEEEEEEE *snif snif*
41806c173a,a
41c7b541e2,good
fab57051f7,um... thats my favorite beer!! why must you torture me so when I can`t make it down there!!
500b42aed2,Chatting w/ Calyx.
aff1e49459,"AC is broke at the house. waiting to get an estimate on timeframe to repair. on the bright side, gonna join CoLab this week."
e60cd123da,missed a
eef641b862,isse
eccfe62ff1,u
15561b6394,i
35a2180425,Got
2762b6624b,_fan Been busy trumping your cheese omlette with a cheese and chili omlette. An omnomlette
106e3d1042,on the day Gui
32ed1c1560,leep
b3c3dc9e35,"Again, No P.F. Changs for lunch    Booooo"
cc2d2f545f,ME
6f56e42577,gy
e6743c4cc8,ail....
75e4e9bb68,Getting ready for work... think I`m catching a cold  yay!! Now I gotta pull a 9 hour shift... holla at ya sometime tomorrow.. peace
dd4c858ac6,iss
54a55028d0,l
36e8f0f140,Oh come on!!! You get next week off and I get next week full of exams!
013b536f92,"The article on language groups in spaceports looks really cool, but i can`t open the site from that link."
5660901cdc,_is_one8
ad9ed9c5e9,"mmm mmm mmm! tss tsss tss. LOL, having way too much fun being bored.  i miss him"
3ad2079097,good
5b0abf175e,shower time
944c129ff0,i think i have mine in hangers in the closet
7f8489ad04,w
1ee0b44db0,ssed
5a6c97d962,R
c42982a22d,I saw amazing heeels. But they were too big
024535ea03,stopped
24489dcb26,sounds
b2e782a6f0,Home Friday makes me  too!!!
276e7c36a0,"Went to the hairdresser today, she cutted my hair off  I loved my long hair! Dad said he couldn`t even see I got a haircut! LAAAME"
904c169334,l
deb049893c,reas
95ab9c3364,Good
cd1bb06d8b,its
04b219d74b,ers
829cec3fa6,I was SUPPOSED to be coming...life got in the way lol give my friends a wild time!!!
c5fa126423,honking
d71ee3a405,has just joined twitter. reeeally dont understand how to use this lol
d34968a348,forgot
5b88ed7d49,"yeahh, uhhh, not so sure if i`m feeling the new jonas songs just yet"
14d71b9665,s
ea0328d144,Happy
148d23c6b4,tired
3a174147aa,I had fun at Daisy`s Mexican Fiesta .
f836e39294,good
a9fb4ed175,tomorrow night would definitely work
8a03134488,m
1968e10eb5,d
e8c90dee68,Im kinda bored anyone else I think ill listen to some hip hop its pretty good you should check it out www.bseresults.net
0144e85a19,a
6d865b7430,i`m
0258fb273b,Sitting at the doctor`s office.
b82e0a7938,!!!
5f892fdd5b,p
6febbb89d7,tired tired tired
9b2f6638a7,iit
59b4c96328,l
5e1d705bfa,Jaydiohead 'No Karma' ? http://twt.fm/91610 #musicmonday This is not the android I was looking for. But it`ll do.
711f06235e,is it done?
758a1edf62,assignment
7056f0e83a,..to
72c40e76ba,"is hanging with Bryant&&Hailee, possibly Lafayette tonight. `nd i don`t know why i keep updating this because i have 0 followers"
6153186459,O
a7e8ad64c0,`
8a634ceeb5,i`m sorry
b154ec432c,now
1e857fecf5,....welcome to public transport  X
168bf74441,i
e08456d6c8,annot read the article
8c426a6293,woohoo! I got the Sunbeam Cafï¿½ Series grinder at Eu Foods for only $198! Epic win
ec54adf4e2,"no, stay and play!!!"
188b9c7830,", finally, someone spreading the Hayley Love via Twitter. Welcome to the club, Taylor."
1fe10d2ca0,to the doctor  anyone wanna do somethin after for a bit?
a3fb74f5dc,alw
28f000e641,life
47aec7e3be,x
bed93bf281,"Haha it`s not awful at all, but I think everyone hates the sound of their voice when they hear it played back, I know I do!!"
6b26c88946,o
6e0afa80e6,I tweet sooo much about you. Gahd.  Hahaha!
15b87a49f3,_
3ffa66d4ce,is freaking exhausted...need to go to bed....gotta get up early YUCK....HAPPY MOTHER`S DAY TO ALL YOU MOMMIES OUT THERE
53ee11336d,"Well, it was very inspirative day. There`s no room for design in todays schedule, so i`m heading to bed"
d8867e4d4e,I`m not posh enough to read Tatler
cc0c768721,t
2cda933608,so
33bd28dd68,"Gonna miss you Nanna & Bampa, She going to the lake disdrict ):  Omg !! got disney channel. Miss you baby matt  Love you x Will do mitchel"
6cbf145ce4,"_ thatd be likely, bein that i lived on campus ha...i just moved back to the cov"
8af75c49a4,tht
e9ad937f82,_McFly LOL nah ! of course you`ll get the DVD first since you`ve already ordered it. i`ll sign up to Bebo on Tuesday then! lol  ****
90ea5339ff,aland!
0e9cdfd3a0,anything!
0193047902,day
f50863de3e,#movie
44f7d98e16,onday!!!
0ba5254ea9,New toys.
51f4502988,brother`
f3ac3b70a5,"lol, get to your bed"
b3cae5cd5b,feeling
cf9896daba,Ohhh Ladyhawke is on channel 4  I sort of have a thing for Rutger Hauer http://twitpic.com/4jbzv
e41ae07da9,w
5dbccb0df0,.
14ba250631,@_Bella_Cullen
fc07138564,d
10eae3bce0,"nice, but st"
4e130ffdc7,w
911670511d,good
f5bfebd4a2,finally get my hands on my laptop!  just ate the biggest burrito de asada EVER  and now im gonna get ready for the party-ooo!
05be2d3dc7,website
e299da7d2f,we won`t be in town  email me if there is another one though.
963e4d81e7,hate
391412ba43,l
504cbed5f4,bye for now people .
187745f502,m
a61b26ff39,"On way to the wimbledon with  to watch star trek, IMAX baby"
f1441fcdd7,ey
6585732a49,longer ha
93268ff40c,OMG~ that did not sound right...** U Better B Grinning **  thx
34efe57af1,e
951f82ea22,typing
47a4e539a9,Haven`t a clue about this twitter!
6417912691,Happ
a2e0a7c278,sorr
9fb230b118,till
9e7ce81888,ly been happy
716bbb29cd,_ci ewww poor you  wish you all the best! thank God there is Rolland Garros this month isn`t?! ;P
e2201c2019,or
a11fc3a9d2,on the north im BOOMIN!!!.. lol.. fucc the club dog i rather count a million buccz!!!..  ..THEY CALL ME STARBUCCZ ****!!!..
5d2f88ed7c,finally home for once after a dope **** week
634cd0b8a9,you just got one more!!
1de3852981,o
59cac7726a,b
bdef20bbcd,Wor
8a30bc90f2,a
1d36d815e9,!
a9867928fe,too bad
47a29253a9,...normal hours to give any interested twitter friends a glimpse into a topic near and dear to us.
76dc12a6c3,iss
ff33392302,My mind is calm & my heart is happy.. Life is good.  ? Would it be ok if I took your breath away? ?
ce39d76749,I don`t have a subject line on my phone...  just normal texts.
ef420f43fe,Driving to work running late like always..... No time for starbucks
be74e9dbcd,mom
c9359dece4,Press `Ctrl` on bottom right. The underscore for E71 is there.  KY
f8b923bf44,Just got Back from the Gym Wanna chat with some new people  Lets talk! haha
aad244f37d,u
cd5791e778,ur
e24b42a23c,****... long shift tonight... I really should sleep but I`m not tired. Had a nice talk with Jon after work  Gotta love that boy!
4ba7c470aa,sleeping
b8d2a9667c,ites??
9a20c80b2a,guess its a no go girlie. I`m still at the gym and work at 6:30am
5c452788b2,the Big
f00a0c2e34,me either
55271d7e37,Could`ve said hi. We`re off down south tho
ae553a0f0e,"Just woke up to go to the bathroom, had the weirdest dream before I woke up...back to sleep night/morning ...wateva"
d401179d8d,!
f7f6d017b7,Y
79b2115dc0,"has gone through about 6 tea bags , call me obbsessed , i say thirsty"
a633d8e328,"Okay, seriously. you`re all going to have to forgive me while I gush like a little fangirl for a few tweets"
13443d3ba1,Yay! Power = on! Phone = charged. It`s hot
442e5b1106,what am I going to do without my ?!  SKYPE! haha
95b1990bcd,il
68cbeb3bc0,tired
f16554ab38,partypeop
a881027b76,my school is like the only one thats NOT on vacation.
0682174ce4,ight
32aa82cd97,OMGZZZ i just realised homer simspon aint real :O  haha !
103d918843,u
e6a8675ba5,_WOCKEEZ i wish i can go. But i`m not in US
8aef9288d8,ay!!
d4ab09d7e1,In Greenville for one of the last times.  will be moving to MD soon. We`ll be back Eastern Carolina.
84ac42ec03,YAY!!! I think I found it and a few more
da792a629f,darn open source software and it`s security holes
1a07a595ea,tha
8e2805b232,I`m feeling
82a2025c55,tired
62a4b3a6b0,Gotta love nasty weatherrrrr.  so jealous ur at knotts
6b74e03b6d,Oh I`ve got that one & the stp x step one on VHS. Tried connecting our video to harddrive to copy to DVD but didnt work
03fcc80e39,tru
ec1c6989b0,acked day
03bab4f229,mport
0b5c2a7d7c,"downloading songs while trying to sneak a lil homework in too, which should be my main priority not songs lol"
eebd99614c,`m feeling
ebceac553d,Achieving a new appreciation on how a xml build script can really be painful and cumbersome
51b158d925,YOU MAKIN` ME ****
9c4ba03196,Chica! Two more days!  I want the US Elle too.
f9365a2281,im not going to my dads tonight !!!!! and hes got a 12 foot pool  he has to tell me that hes got things when im not going **** !!
44eba69b30,oh wow...hope he`s ok  u take him 2 the vet?
135881f2cc,bly
7d7ffdce15,is it true you have a part in Neighbours?? I have been brought up watching that show..I wanna be on it
021e229b02,Welcome new followers also
34cce13acd,I never knew
c6e226f30f,sement!
baaa649aaa,d
02df85ec66,could be.
6249c831a1,If you`re going to actually read them you have to at least sign up  no fair!
414bc62f47,weir
e256f4abbd,typin
db7d78a282,a
8aab396dfb,What`s for dinner?
16156ad08f,I wanted to beta test but saw the thread after the results were announced
c999fc1166,etting
e60f1b5116,haa. L
1186ca4490,ldn`t catch it.
5e3329b158,iss oklahomaaaaa  listenin
17fcf9a88f,glad u feel like cooking I`m so tired
6b6ab66504,bronchitis
456269ec59,class color day tomorrow! last time!  I have a lot to remember for tomorrow but I bet I`ll forget -_-
30cba3045d,emporary
db5af28c8c,it`s my evening.
8c444dc3b1,a
f86b6e8449,essfully
151a64828c,what are u talking about??? since when dnt u trust me? this hurts... Im a good secret keeper
4bef75bc07,hanging out with the goddaughters
2302ebbe9e,? American Pie FOREVER. I`m watching it right now. They`re running naked around on the Streets! Would you do that? I would  [ NOT ]
c899c9553f,"Is it me (my machine)? or... Vids freeze up, halt whole blip stream  ? http://blip.fm/~79l0q"
a5932c1ecb,started
e8f3f93649,Cause I`m not hearing from you guys!!!
10e155d558,heyyy! how are you todayy?!
68a34d69d5,ids
90d95ff1d2,o
e97d6bd4ab,ver
7096e797f5,v
9d8354af23,thanks!
8b9c2a5e50,listenin
302180e45c,e
23ec28e7d0,hasa Lemon Cake in the oven and is going on to make Pork Casserole  Domestic or what!
0f0304d4ca,http://bit.ly
cc16fd208e,"Tired, tired, tired.. Didn`t sleep well last night..   Thought too much.. Slept not much.. Glad that it`s almost weekend!"
2d7948652a,p
9e4276516e,ast
4045b7279d,last night?
a499c36461,Chatted
a60a993e5d,k
2b63dd7b70,pup
14a7689905,Happ
192fc7cdbc,i
eb750f1bb0,"Good morning, baby  Yes, i slept like a rock. Refreshed & ready for anything. How are you? *hugs you & doesn`t let go* Miss u"
b43a159bfe,Chabibi. It`s a long running joke. I don`t give a flying **** if anyone follows me at all!
bb6dfc60d6,Starving. And Alyssa`s mom would bring her subway.
b96d1a0e0d,t
4dcd538cc3,tonight!
04510889b6,replie
ff0ec528ac,d
a3547a832b,May we be humble but Bold for Christ!  lisa..
da9b0c9767,t
b2e6fdc755,yeah dnt go there.. I have 3 dif apps on my phone for it  so sad but there is a reason as to why lol
95dc9926b8,O
4c479fcf3f,last
108817ba14,Yes it does
36ab892bcc,weeken
aeda6e2145,sleepin
413de9fc40,tired
d9f1ef6dec,l
0ffe509e87,allergies..no fu
dd9b29bc86,i
452852e92d,Somewhere in the center...
8df54b96bd,Checking out zensify on my iphone. works fine but no landscape typing
b1c3543a34,p
bb7e9074d3,frid
8ca499152a,Well im hving another one today yey
a48347fc7c,Come hang out wif meeee
5605ea7b04,ket&kee
7670707697,"Woken up finally after a long night out, tea, toast and TV coming up..."
5cbc350a9c,I see...
55e507edf7,ard
4f6c17bae7,allergic
1ea2a33153,s
81f517eb65,training again today.
56856f4254,et the
e39af9f170,no omelette today  dim sum tomorrow! FEAST!
a77b72e2ba,!
51373f5fde,"Up, I slept in till 11.02 !!! Shooting a new vid today"
8bf994aa45,n
7a775cc933,If I were a transformer... I`d step on people just to hear them *squoosh*. But I`m not so I guess I`ll just have a cup of coffee instead.
e9928f28d1,irls
31da83a5c0,will be MIA until june 13.. finals
7a5488cde5,p
57b52dc10e,"No, but apparently a distant relative died in east africa, leaving me as his only heir. Once I send 5K I should have 250k"
b979e7ab77,y
bf6bc50126,!
d0d220f225,awww NO. you`re not ugly.
fa67ea8b66,Morning! Bank Holiday Monday and the sun has gone - typical! Hospital for knee at 2:30 and then training at 6. Another  bust day
abc7df8d02,m
d9639a0a97,Agu
c4762c335b,"Hmmm.. If I skip the grocery store and head to Walmart, I could potentially leave with so much more."
9f0e891802,I never thought falling in love can cause so much pain...  good thing that I`m so over that phase!
2d491261d3,haha it`s great. but i slept horribly last night.
db0f03aa1f,hate
cd66a92db0,everybody alrea
4b58e4b8fc,thanks! Will check next time I`m in Target. It`s over an hour away
42bba2feb9,epressi
c11e6ce43e,Soaked in the rain in 30 seconds and I wasn`t even hiking 8.4 miles with 2.5 miles in the rain like last weekend.
92a62054fe,vely
9bdcfc75d3,Just got a shot on my arm. Eww.
3a2c407f74,how come when i straighten my hair it has to sprinkle
0f2cdd75bd,y
7f392f9c06,no
b6e3418ebb,"I know, but I`m on Rogers and I`m pretty sure they don`t have the same agreement with Twitter."
21804d7013,#flylady Oh deary me: 15 mins not enough to rescue kitchen  I shall come back to it later so I can mow the lawn while still cool outside
0cefe48978,good
cff6813239,ou
2575ae28e3,"OMG, it`s JULY`S LAST DAY!"
2dd03daf93,Three-quarters through I believe. Will not finish tonight.  I blame errands and a certain loud at a bookstore.
f5b2b40c51,way
00456b08af,_09  ii No!  GRR   oooh Aiden Lol   x
0ca8f32507,"waking up again, this time with a hot cup of coffee"
947a309643,good
7f6299624f,"da, the website w"
a7b4ba7093,y
82b813755f,grounded
7c25a30b87,i just dyed my hair
854f55909c,yard house too packed. Three people deep at bar.... went to pf changs....got right in
5ca138e6ff,Cavs do it again!!  Oh yea!
bf7a986c6d,Is warm soy milk and amazake with cocoa powder and agave
b1551b8171,"Made breakfast for bf; went to sears to pass my drivers test! stayed with minh for a lil, sauna&spa with aunt, uncle & mom; FINALLY HOME"
b909528ab1,: Out to dinner for the fam and Grandma for Mother`s Day.
08ba8240a8,.
b94dcbcab7,y
9637558503,good
58e308fee2,nd
5c6c767fa8,"come overhere then, the Dutch don`t dub  might go in an hour #BringTaraBack"
cf81e8e620,wifeyyyyyy  me no likey u siky
137c7c44b3,uttin
3c9195bb07,rea
84b820a24d,o
08a5e90bc7,t
29fa1f6ee0,oo.
13cbbc1fd4,T
b5d0afccb2,"Enjoying sunshine in the park with friends, pale shirtless footballers are not attractive I`m afraid"
848beb8722,'jaunty jackalope' `s too boring a name; 'intrepid ibex' is still my favorite among them all ...
cb9deb455d,panah
f18b9435c8,with
da01dac6c1,b
f97d08c789,ldpla
19c2805636,"pfft, cydia apps ftw, code on the phone, make, reload springboard"
a2f0739de7,Gre
f7343e72c8,tweettttt.
f6935311d2,oesn`t sound too grea
a8f2acd515,sore throat. Planning the TET outing to Marwell though...good times
226c008eb3,Hey!  Who are you closest to among all the Disney stars?  [I`m a Filipno too. D]
5e06140be6,writing
b05ed71c4b,"I wish I was at Disneyland or watching Star Trek like other people are doing. I swear, I must be the only sap who works on Fridays."
d86c27f2c4,t
246efc1993,"weeooow, i feel fat.... i remember when i used to weigh that much  pfffffffffffffffffffffftttttttt long time ago, hahaha"
a0235f0820,rea
2724775d6b,still miss NY
8fc4181fdc,everybody
21c4406bdb,last
9c2bd778ea,sorry I didn`t message you yet... I couldn`t get my thoughts straight. But tomorrow I`ll try  goodnight
7440e87ea2,O dear! HE`S HERE! OMGOGMGO.. U didn`t see that I was going to **** u..?
46cd10b44d,Oh wow  ouch...
c1b74ec74e,it was days yesterday and probably today that I wish I had taken the top off my jeep.  I need help haha. IT`S FRICKEN HOT
bde6f3102e,I have a cam sesh lined up tomorrow with my c4s winner  ill post screen shots in my lj. Friends only unless you convince me otherwise.
b2167e666f,l
737158a766,e
1ee016521a,*sigh* another two out fly out for Papi
1f8667cb8a,big
f145992965,each yesterd
d635eff196,nderful
1b9365dfe5,"It isn`t easy!  Be there for support, it is the best thing you can do is offer your love & support! Lost both of mine early"
7d64708739,w
4523e9508c,still tired
ef65c447ee,d
4a42781a20,good
fdc3815cee,http://twitpic.com/33hus that`s my baby
1b2d3ffabf,"just finished some Sunday cleaning, waiting to read the next chapter of Kiyosaki`s book so i can hit a cleaner"
5ef20e6425,i
77ba0fee75,#powerblog What is this powerblog challenge you keep talking about?  I`m a newbie follower
aeebeda0dd,twist cl
bf8bf74559,mit_gl
749b3d96cb,ed..
78ded86e34,"shall bring his own glass to work from tonight, no more `half half` hor!!"
8d0fdbed6d,voyed on MTV Movie Awards  Mostly on TWILIGHT and SLUMDOG   http://is.gd/wBt6
1b964555f4,"Drop the girl she`s only got it for your heart she`s sure to leave broke and bleeding, and you know she`ll turn her back on you.  I lo ..."
dcd3550bdc,the
13faba9a16,5-4-09 what do you think ill be doing tonight
c65146e7c7,been
086123da3c,w
42ce17b684,nacks.
939ab02a42,.
b6d449ddb9,Good
5c4961181e,playing the game of watching straight people hook up but can`t leave because of another reason
33e19d25f3,ood
d237ef7b62,I`m
930dd5f91d,"At work   leave for Berlin at 17:00 by car, will be a late arrival"
49e7efba0b,jo
3b092c1024,"My grandpa just told me he feels useless. I said, 'Papa you`re in your 80`s, you just do what makes you happy', somehow I doubt it helped"
318050f9de,im gettin off nd watch a movie nd have a couple of drinks nd shots   ill try 2 get get back on if i can
91c1124c67,rad
a6c9815d51,M
55e361033a,It should take you back to colorado where you belong
66d96c11db,i
3f937bf4f0,Happy
b100739bc6,not
4ff46fcdc4,ained here
bffa3ddd61,o
dea8c68755,N`
18ed98243c,w
c939514b1b,a
3205903aaa,TV time  see yall later! xoxo
c3bd43392b,i have to be at work at 5 am  ... thanks to me ppl will be getting their freakin starbucks. peace out ppls!
4f187e340f,p
bf3001dd7a,t
267535b350,!
82954d69d4,m
6a26fa6aa6,wonderf
8d38d496c3,cant affor
d85d4f4fa8,never noticed that before but you`re right! guess that`s because my heart is always dreaming of travel...
b7e6d162e8,headache...
86c1ce42b4,I be having a drink with Marc while Izzy is sleepin  woot woot!
7dd0e2f478,tomorrow
5c1f8d3595,"Hey.  I won`t be coming to town this weekend, because I don`t have a day off until next friday."
c0db8835a5,!
367b67dd15,head`
0da29ca73f,sleep time  big/little lunch tomorrow at olive garden
933e0c5446,bit sneezy
6d891bbc30,nice
bd89c3d89a,Good
5eaa57f29f,Gardening st
f2c9e0392f,alkali
eb8fa26e76,even wors
c241e538b3,MY CAR IS ALMOST DEFINATELY GOING TO BE WRITTEN OFF! THE GARAGE RANG AND SAID THE WORK WILL COST 3K AND ITS UP TO THE INSURANCE CO
ce2239f2dd,Sad thing is samsam loves my sexy crooked body! And she wants to **** it now
2e01ec0f55,"Up,dressed, and out the house for 11 am on a Sunday. Off to see the fishy fishys"
9d7ea6f2c0,re
07a6947b68,need to go to work soonish but i really dont want to  also trying to save money... life is fab (not)
0346c4f66f,"Nash,"
f22ef5b614,tudio.Made
a992c7dd78,the last day
c7ba1b3f17,riot
8630921b7f,"jus woke up, late  runnin to work have students to train!"
d6f0e4ac5e,good saturday
8f8ac1bc28,I know how you feel.  Takes far too much time out of my life!
b6e65f1dd0,"Played ball at the park, coached a youngster on fundamentals.. Goin home to steak and lobster.. Word up"
e60b840b0f,good
4702ea7cfb,feel
55b3fcc26b,"I have drunk hickups. I had a pretty laid back, great night. But I still can`t help but be mad about the situation I put myself in"
d9e249144e,So its Superstar Sunday?  is one superstar I know   #sunday
46b63cf74e,"?. Pick up that, as fast you can!"
764ca7a97b,June gloom seems to have arrived early
d237b12c6a,good
e9a77f858e,appen
ac95551286,o
6cbd2be7e2,Can`t wait 2 hand in work tomorrow then im practically finished for the year  yay!!!!!!!
e093ccf86d,aww
e84447e448,The creeping charlie is what happens when I neglect the yard for the whole spring!  Thanks- &  would LOVE to see yr dogs!
a279d174ac,y
e4a4d3f0b1,Two more tweets to go for 2345 tweets
e1e0bbe9f5,aw it was so sad  shes too cute!
43887b9d65,a
3810490121,.
ba6e4b615b,isn`t pa
246df0116d,its cuz you love me. dont make me sad
3627f662b9,a
88a400760a,canceled
4a265d8a34,*
0b8f6ec255,_ oh i read that
759016017b,ill July
78dbc5841a,"getting ready to head out to Camp Allen.  Unless somethings changed, that means no phone service for about 24 hours."
bcaad4a070,.
fead96f70c,reans bui
f1660e689c,good
f99bd6c8f3,MILEEY HOW CAN I VOE IN THE MV MOVIE AWARDS ?
dfe207079d,"Walking the puppies downtown. Also, mystery of missing cat solved: he  locked himself in basement for nearly two days."
2adfc92acc,l
0591381367,p
8c5bb48dcd,sleep last ni
b29ac23fe2,"_Rigby Well my neck hurts from moving out  you massage me, i massage u?! lol!"
9d980a3040,you do realize tom fletcher from mcfly JUST posted basically the same thing!! TWINS!
581b478e95,-
ff87d6fe69,I`m researching NYC stuff.
bbed8dbf57,what is it? i cant get onto bebo on this one!
bb6bbbc15b,I`
29e5ffdd54,morning.any plans for today?
ad24014a6d,av
95005befea,ttp://tr.im/
9f07307c90,irl sco
e1424a04da,hey mate fancy finden you on hea
67d6007d7b,o
4e9f3e5a03,u
d6d9a3d7af,r.
49f811f90c,_bob7 I`ll update you. I had to leave him at the vet for tests and xrays.
a2e1121aa7,States
cc444d8698,smile....i
8a2a4790e0,i
94537563a1,th
1ee8770ff5,endless streams of tea~~~~... it`s a holiday day here... how do I know? it`s raining
e3b9c4871f,is back in fine old melbourne town....
d86a05fc77,u
ccd7b2af66,na
cea7a4580c,doesn`t
eb6534ae87,ppy
68461fb098,o
5616d9e12a,.MAN I SCRE
4541da9878,ice
59fa0bb3bf,bugger di
b973c046be,he script
323e53905b,rea
88cf7f7be5,m
34b385df7c,good
a5dc8b6912,layout
10e27a89e4,il.
9be9e20392,ratulat
35f393a245,AM(iLY
740ed2a932,app
4e9926bde5,l
b1c49a4341,Finished my Lunch
5ebdc20153,rblpnqte : 'sheesh I am sending one up to you .  I think you could use it  lol' RB DELUX... ? http://blip.fm/~5z36j
c0ac6ef8fb,rejected
87e7c38d7c,What`s
e98226e842,Thx
58d1675286,anerexic
f21bc918f8,well....
b68026044b,I jus planted a garden in my backyard
e909bd4e6f,"we can sail around the world, you and me baby..."
82df181b38,"Goodnight  PS- thanks for jailbreaking my iPod, stacie <3"
b1b4355d45,A
449e7733f1,i am bored. :| any idea`s of a nice site?
c4f3bed628,trying to get into the groove of studying  heeelllppppp meeeeeeee
184fc65131,with emma  going 2 see diversity today :O  x
777debe15c,"off to JFK (again), should be in texas soon."
5f814111a8,in class.
38ffd533db,ttp://twitpi
a1975f51a0,re
da6f322104,can u add ur link. I can`t find u on YouTube.
a5cd62f098,couple days?! Sheeeeit. Wish I were there. Have something at Cafe Claude for me.
2224270b7e,watching 'slice of life' (laughing at the songgg) and then going to sleep
a0e43ef72c,H
69b6e96b7e,sittin a
c52a05ad6c,yall
2cb7911332,just picked her kids up from Challenger for the last time.
215ba6dbfb,"Yeah, I wanted to say this, that there`s a @ yourname section.  A bit tricky way to find your replies, tho."
4b8cb4449b,Im fine also..up way to early..lol...soo those r all ur dogs? to kut3 ..i def want a pit! lol
d29c52c068,Right. But Iï¿½m a stickler for correct DPI export and color value  Iï¿½m going to dig in and find out if this is possible
086dc860e2,r
8b98227591,.
84cfb8e6d9,last
c474e24036,t
7224137f35,r
ef3ebe4b6e,Working and watching Milk
d0d40368ce,re
a0a8bb5ad1,swi
16baf95861,day still hasn`
61228c0da3,its my going away partyyy  `s.  you should come!
07de6aac6e,"Grilled again for dinner last night for the senior`s final kairos dinner  Had steak, spicy mango sausages, hot wings, grilled vegi, corn!"
ba144c3e3e,thanks
f41c115a5a,y..
9f2722cb94,"@ the Eldorado house, goodbye Aliante house. *Memories made, memories fade!"
c6a4c7d952,Just got home from school LOL 2 1/2 weeks left yay!!! Then off 2 summer school
8f265d6787,oo
dcbe6abc61,heeeeey baby ? where are you?
d635bacdef,I will! promise to bring me back something from the moon?
b582565703,Twitter! Hard
1e94709bf1,last sunday before going home!
879c1d41a5,"LOL!  Considering the recent debate on DL, I`m not touching the bad boy thing.  I like the logical ones."
54e7ed4016,way
a0d19c232b,here
16f48ba6b0,ood
e7f066d4ab,fiiiinaaalllyyy
16466ee641,OH MAN I WOULD BUT I`M FRESH OUT
06a80bb433,tweetde
38e14152a1,girl on
8b6ac2e9b0,perez....... The YouTube video isn`t working
e2eb7ab659,ekend..
34902d475c,great
5ca1ff6525,appy
d8f007f8cd,e
eb3c1f7bcd,good
7949730012,why weren`t we invited?
a00b2b3fc0,l
91391ebc59,nope. Gone.
69b8e4ccfd,w
a8a46f19de,sm
3b92cad313,redom.
61942aeba7,.
cda99b71e2,t
b62137d248,I just single handedly killed 4 flies and a crane fly with my hairbrush!! I`m gonna go disinfect it now...but bugs beware!!
a0107e5995,youre kawawa
7aa40e2446,She lives!  You were so Twitter quiet after the race. Recovering or celebrating?  ps. #20 Fem. in your 1st marathon Wow!
9b67b05a3e,awsom
d073fa9b62,"I kind of miss a certain someone already.  and, i never get to see him again."
b4f4e14266,: yes!
5ed54c5464,i guess it wasnt meant to be..
5210ebf3d3,2nd period studyhall + remembered my ipod = music time!
bbbccb9c0e,buggin
6712b0174e,I want a new lappy
caa8d94c9a,eeth
63d0fdd158,i
46d4f2ac04,pset listening
ccc28871be,s
242d92151a,ike....especial
8b8862c52e,i
1df8ab717d,come
5bc4e623c4,Clive it`s my birthday pat me  http://apps.facebook.com/dogbook/profile/view/6386106
e23e572868,I`m writing more fanfic.
4a0fdcd770,to
9801d078d0,_ haha tell me about. I`ve had this feeling everyday of this week
4ac14855b8,sucks....
882af56246,"Woke up at 5am. Cleaned camera gear from last nights wedding. Should really go back to sleep, but kids awake."
95f51baf42,morning T! I love their breakfast! If I wasn`t stuck at the shop right now getting maintenance done to the ride!
dd50061c6d,Can`t change my profile or settings
55c8976ea9,r
4c047404dd,Almost dun choreographing the dance
8f6133751f,longer
ce1364effe,r
071d00752c,You are doing the right thing though.  A fridge is where vegetables go to die
6a74473449,Buenos Dias mundo de Twitter  eating b-fast and watching 'sex on fire' video b4 I go to work !
26f6672d1c,NIC
03180131ed,aturday
d297bdeae3,urt
757e6e1942,y
7f837b4c33,u
105ad069f4,t
a61457878b,ap. Allergies ai
6f3620c65a,h
503f1540e8,n
10963273b9,Almost lost my phone.
6089840781,p
9ad738db4f,gl
b405b0f16a,allowed
44c728cea9,At the movies. . . About to watch Star Trek!
9bf2e0669e,_fisher Hey!! How are u??did u got my reply??
f2593156e3,s
e1966420eb,e
24d4fa8e2b,u
3ff2046ec1,W
f7cbfff26e,Is pretty hammered drunk! Props to me! Two nights in a row!!!
90273f6b75,"is up, slightly later than planned... gunna get this essay done 2day!!"
e5d05cbae2,aaaaaaaahhhhhhhh I hate the Internet  When will people learn 'native widgets are always best'
010f0d489a,aparaz
0279e2a82e,Enjoying the nice couple dad with my brother to bad we never really see each other anymore...
6e92673716,end.
4e8c75d9bf,dayy
c03050f05a,y
5fa8384ec4,i mean monday take the test monday!!!! please o please !
7bd9d19610,Hanging with  for the weekend
5d6e6661f6,i wish paramore would come to ireland
4f09c42f8b,'They' being the husband or the girl?
da59221e53,alth
2337674f00,So what does that make a queef
91b3ebad65,good
fdad0d0181,p
4da2c62c50,will miss jay
6117fbee73,ks
f17085b40f,He`s off...again  i wish he would make up his frickin mind...
51892cf392,night boyssss
9a03198e38,"need some more enthu movie guys for that. Right now it`s just you,  and @_Anshul"
e11f3ec1a1,mplain
5bd5c7e22f,p
1f32a8f374,l
5c6a2cd221,k
ef4a0068dc,a
43f6e87959,It`s 11:05 and I`m already on my lunch break
6eaf827d88,i
2108a598dd,capitan
29926e73ba,","
0549e452ec,the
0c3c7c7bb8,"we dont have the points yet, was talkedabout it though - first ticket I get in my whole driving career up to date, not bad"
e24992b33e,festivals...well
67e807a999,Watchin` JONAS
8a87bf47ff,"oh dear, thats not good - I hope you get through it all with a smile"
71a60b0d75,Good Times
13fc020e08,I forgot to put on sunblock before getting in the car
edeb12d8c2,Morning Amy  xxxxxxx
0f38216066,Good
0c0d8f8839,happ
caac3e40f4,/
77a183021d,s
3d674929d1,r
3db348ca9c,cotton candy milkshake
00de41698e,ooks
3412e405af,Brad Paisley+Alison Krauss- Whiskey Lullaby...so sad  but its awesome!
12bc6d87cd,!
453c9e618b,v
ce5ca48d51,d
020fb88dfd,goo
901d674697,Or maybe its just us ....
c21cc8363c,d
df1c3869bc,Hi Miss.  Isabelle here. :]
57a04920cb,stopped
a86631f434,amazingl
16e8dd810a,symphonic I
c792081151,hate
27f1fa3214,s
f72f91f537,is that it`s welsh name?
b4e4ae9fa8,"And with it, I can be online even after I have to log off habbo"
42b9e3bcd8,still
24d0241a1e,Watching videos on youtube with the bf.  Thinking about going to bed soon.
612a1d2579,o
adc18c23b3,es imposible no amar starbucks
2ca5660e66,May 10 is Human Kindness Day.
b72c084326,we found a ride
78b0079657,I was too sleepy earlier and i didnt get to see matt
b3fff2e516,Dahh- I do believe it`s time for bed. G`night
c934b415f3,quiz
506f3859f7,Just dropped my sistah off @ lax.    #fb
d11820cc61,grea
df5532b297,only you babe. <3
b1452fcceb,ive spent a lazy day today finding some interesting people to follow  its reinforced the saying... it takes all sorts of people ...
62622c4703,aaaa i cant go to his pagee  It really exist?
2a298d5810,i knew a horse called dollar too
1d01800a1a,just bought a magazine
46fb091679,G
4c1ecef2d1,started
600c1c5e3e,f
88fed93051,euhm i`m french and i don`t really understand English . poo..
501ae0d4e7,(to
9376ee9179,d
dd769c510f,y
ef99cbb940,"OH WAIT, I read that wrong. OK hellboy"
e07daddcc5,o
5d24a08a76,im seeing this guy 2moro arvo after skl cus he asked me to
a1b3b201c7,Six feet under theme is on jjj
78dc89a01d,issed the
042a6e7223,sorr
1f05a6ab64,Man
9ca1eeb952,I should stop trying to reach
f8a771d8ac,t
7dc906d5a1,painful
7cfe40cca8,_OKeefe Yay! You`re on Twitter! You`re my secret celeb crush!  (too much info??)
3a228e58c4,R
bab6ffe982,im back on twitter.
a9e033d39c,I also found out that it`s also my last youth group meeting
c1e7fe449e,Last
16d6c2fbb9,"haha ofcoooursee you do, its pretty much a must, and pluss its dress up night, jst added incentive"
dd97ca1de7,i
be89d69b8f,hubby is snoring!  but I still love him
46e338c6bf,town
45b19d7234,Am I the next Blumenthal?!
2e4474001e,wo
3a2ca6055e,un
5178ae8052,"wears prada,"
a8233e9e1f,`s
e668df7ceb,sleep
bd12268d3a,"http://twitpic.com/4j8yk - Thelma, Rebeca, Fernanda Symonds, Fernanda Cordova"
19fab017a2,Happ
b0d1361181,grumble.
baada612bb,ast
c2c60b07d6,bee
5b7697bbf3,m
3e9b63d6e6,About to go on 6 hour journey home
3b4ed98aba,Sorr
8783d1b3dd,irthday
9f54a6a14c,"Monday, Monday. Mr. Cade is home on the couch & I have lots to do today!"
6d3ac05185,glorious
35c76e45ea,Going to French. Anyone want to pick me up?
63aedbe9fe,Goo
69b4cc5d84,entertai
948a4112c4,!
13bea3b5b1,Perfect way to end a totally boring day? Sleep. Goodnight
5d6c718979,y must i hve graduation practice...all im gonna is walk
ce4f7c4a1c,way
1b2389296f,elebrity ding
3949edf03a,_go you sure ?
2d3c0fcd6d,well well...so sorry! let`s dance  it`s fabulous hobby
e47fb0bfe5,theatre class
dbd8232b6c,Been job hunting for days. Media and non-media jobs. No lucky  Anyone know of anything???
187494c25b,"If you know such agent, do let me know"
698a91c45d,s
6416bec5a1,happy
fda387126d,yeah  it will get better though  i know it!
35b97b5ac2,"Thanks! Am trying.. (keeping my chin up, ouch!)"
19fa9c9eb4,_whacker skypeeeeee
1dcb6fdb13,Why don`t adobe realise no one WANTS to pay for Photoshop et al so they should just give it to us for free
7d574014bc,lol what!! where is it!
c72e421fd4,"Hey did you get any more info about your graduation? And I think my mom`s gonna let me go to CP, if you guys still wanna go!"
ec9796fa7a,i
7a23bb9610,"p.s.: UV rays are just as strong with clouds as with regular sun, sometimes stronger. just FYI."
22261e75c9,and!
b91c2995d0,iss
6b59df5c9b,so weird
