parent,run_id,task,stratum,policy,n_children,n_artifact,n_silent,n_escalated,n_pruned,top1_expected,raw_regret,deployed_available,deployed_utility,full_final_best_utility,deployed_delta_to_full_final,deployed_matches_or_beats_full,deployed_strictly_beats_full,deployed_strictly_loses_full,low_wall_s,all_full_runtime_s,restart_cost_s,continuation_cost_s
chaii-hindi-and-tamil-question-answering__0a98eb202c8b43ea901e700701ee6c2b,cards_senior_0801.jsonl:18,chaii-hindi-and-tamil-question-answering,hard,artifact_only,3,0,3,0,3,0.3333333333333333,0.06279666666666672,0,nan,0.69479,nan,0.0,0.0,1.0,140.29999999999998,2803.019416332245,140.29999999999998,140.29999999999998
chaii-hindi-and-tamil-question-answering__0a98eb202c8b43ea901e700701ee6c2b,cards_senior_0801.jsonl:18,chaii-hindi-and-tamil-question-answering,hard,all_escalate,3,0,3,3,0,1.0,0.0,1,0.69479,0.69479,0.0,1.0,0.0,0.0,140.29999999999998,2803.019416332245,2943.319416332245,2583.319416332245
chaii-hindi-and-tamil-question-answering__0a98eb202c8b43ea901e700701ee6c2b,cards_senior_0801.jsonl:18,chaii-hindi-and-tamil-question-answering,hard,random_gate,3,0,3,3,0,1.0,0.0,1,0.69479,0.69479,0.0,1.0,0.0,0.0,140.29999999999998,2803.019416332245,2943.319416332245,2583.319416332245
chaii-hindi-and-tamil-question-answering__0a98eb202c8b43ea901e700701ee6c2b,cards_senior_0801.jsonl:18,chaii-hindi-and-tamil-question-answering,hard,tfidf_gate,3,0,3,3,0,1.0,0.0,1,0.69479,0.69479,0.0,1.0,0.0,0.0,140.29999999999998,2803.019416332245,2943.319416332245,2583.319416332245
chaii-hindi-and-tamil-question-answering__0a98eb202c8b43ea901e700701ee6c2b,cards_senior_0801.jsonl:18,chaii-hindi-and-tamil-question-answering,hard,majority3_gate,3,0,3,3,0,1.0,0.0,1,0.69479,0.69479,0.0,1.0,0.0,0.0,140.29999999999998,2803.019416332245,2943.319416332245,2583.319416332245
chaii-hindi-and-tamil-question-answering__0a98eb202c8b43ea901e700701ee6c2b,cards_senior_0801.jsonl:18,chaii-hindi-and-tamil-question-answering,hard,unanimous3_gate,3,0,3,3,0,1.0,0.0,1,0.69479,0.69479,0.0,1.0,0.0,0.0,140.29999999999998,2803.019416332245,2943.319416332245,2583.319416332245
chaii-hindi-and-tamil-question-answering__0a98eb202c8b43ea901e700701ee6c2b,cards_senior_0801.jsonl:18,chaii-hindi-and-tamil-question-answering,hard,top1_random,3,0,3,1,2,0.0,0.18393000000000004,1,0.51086,0.69479,-0.18393000000000004,0.0,0.0,1.0,140.29999999999998,2803.019416332245,709.3280430316925,589.3280430316925
chaii-hindi-and-tamil-question-answering__0a98eb202c8b43ea901e700701ee6c2b,cards_senior_0801.jsonl:18,chaii-hindi-and-tamil-question-answering,hard,top1_tfidf,3,0,3,1,2,0.0,0.18393000000000004,1,0.51086,0.69479,-0.18393000000000004,0.0,0.0,1.0,140.29999999999998,2803.019416332245,709.3280430316925,589.3280430316925
chaii-hindi-and-tamil-question-answering__0a98eb202c8b43ea901e700701ee6c2b,cards_senior_0801.jsonl:18,chaii-hindi-and-tamil-question-answering,hard,top1_majority3,3,0,3,1,2,0.0,0.18393000000000004,1,0.51086,0.69479,-0.18393000000000004,0.0,0.0,1.0,140.29999999999998,2803.019416332245,709.3280430316925,589.3280430316925
chaii-hindi-and-tamil-question-answering__0a98eb202c8b43ea901e700701ee6c2b,cards_senior_0801.jsonl:18,chaii-hindi-and-tamil-question-answering,hard,top1_stdout,3,0,3,1,2,0.0,0.18393000000000004,1,0.51086,0.69479,-0.18393000000000004,0.0,0.0,1.0,140.29999999999998,2803.019416332245,709.3280430316925,589.3280430316925
chaii-hindi-and-tamil-question-answering__0a98eb202c8b43ea901e700701ee6c2b,cards_senior_0801.jsonl:18,chaii-hindi-and-tamil-question-answering,hard,top1_progress,3,0,3,1,2,1.0,0.0,1,0.69479,0.69479,0.0,1.0,0.0,0.0,140.29999999999998,2803.019416332245,1239.1692240715026,1119.1692240715026
chaii-hindi-and-tamil-question-answering__0a98eb202c8b43ea901e700701ee6c2b,cards_senior_0801.jsonl:18,chaii-hindi-and-tamil-question-answering,hard,top1_stdout_tfidf,3,0,3,1,2,0.0,0.18393000000000004,1,0.51086,0.69479,-0.18393000000000004,0.0,0.0,1.0,140.29999999999998,2803.019416332245,709.3280430316925,589.3280430316925
chaii-hindi-and-tamil-question-answering__0a98eb202c8b43ea901e700701ee6c2b,cards_senior_0801.jsonl:18,chaii-hindi-and-tamil-question-answering,hard,top1_oracle,3,0,3,1,2,1.0,0.0,1,0.69479,0.69479,0.0,1.0,0.0,0.0,140.29999999999998,2803.019416332245,1239.1692240715026,1119.1692240715026
chaii-hindi-and-tamil-question-answering__0a98eb202c8b43ea901e700701ee6c2b,cards_senior_0801.jsonl:18,chaii-hindi-and-tamil-question-answering,hard,top2_random,3,0,3,2,1,1.0,0.0,1,0.69479,0.69479,0.0,1.0,0.0,0.0,140.29999999999998,2803.019416332245,1808.1972671031951,1568.1972671031951
chaii-hindi-and-tamil-question-answering__0a98eb202c8b43ea901e700701ee6c2b,cards_senior_0801.jsonl:18,chaii-hindi-and-tamil-question-answering,hard,top2_tfidf,3,0,3,2,1,1.0,0.0,1,0.69479,0.69479,0.0,1.0,0.0,0.0,140.29999999999998,2803.019416332245,1808.1972671031951,1568.1972671031951
chaii-hindi-and-tamil-question-answering__0a98eb202c8b43ea901e700701ee6c2b,cards_senior_0801.jsonl:18,chaii-hindi-and-tamil-question-answering,hard,top2_oracle,3,0,3,2,1,1.0,0.0,1,0.69479,0.69479,0.0,1.0,0.0,0.0,140.29999999999998,2803.019416332245,2374.2913733005526,2134.2913733005526
chaii-hindi-and-tamil-question-answering__0a98eb202c8b43ea901e700701ee6c2b,cards_senior_0801.jsonl:18,chaii-hindi-and-tamil-question-answering,hard,oracle_gate,3,0,3,3,0,1.0,0.0,1,0.69479,0.69479,0.0,1.0,0.0,0.0,140.29999999999998,2803.019416332245,2943.319416332245,2583.319416332245
chaii-hindi-and-tamil-question-answering__0a98eb202c8b43ea901e700701ee6c2b,cards_senior_0801.jsonl:18,chaii-hindi-and-tamil-question-answering,hard,full_external,3,0,3,3,0,1.0,0.0,1,0.69479,0.69479,0.0,1.0,0.0,0.0,140.29999999999998,2803.019416332245,2803.019416332245,2803.019416332245
chaii-hindi-and-tamil-question-answering__211dc7b5c70d4a1fa75515aebc02266e,cards_senior_0728.jsonl:13,chaii-hindi-and-tamil-question-answering,easy,artifact_only,2,0,2,0,2,0.5,0.016945,0,nan,0.09459,nan,0.0,0.0,1.0,240.2,10884.15703701973,240.2,240.2
chaii-hindi-and-tamil-question-answering__211dc7b5c70d4a1fa75515aebc02266e,cards_senior_0728.jsonl:13,chaii-hindi-and-tamil-question-answering,easy,all_escalate,2,0,2,2,0,1.0,0.0,1,0.09459,0.09459,0.0,1.0,0.0,0.0,240.2,10884.15703701973,11124.35703701973,10884.35703701973
chaii-hindi-and-tamil-question-answering__211dc7b5c70d4a1fa75515aebc02266e,cards_senior_0728.jsonl:13,chaii-hindi-and-tamil-question-answering,easy,random_gate,2,0,2,2,0,1.0,0.0,1,0.09459,0.09459,0.0,1.0,0.0,0.0,240.2,10884.15703701973,11124.35703701973,10884.35703701973
chaii-hindi-and-tamil-question-answering__211dc7b5c70d4a1fa75515aebc02266e,cards_senior_0728.jsonl:13,chaii-hindi-and-tamil-question-answering,easy,tfidf_gate,2,0,2,2,0,1.0,0.0,1,0.09459,0.09459,0.0,1.0,0.0,0.0,240.2,10884.15703701973,11124.35703701973,10884.35703701973
chaii-hindi-and-tamil-question-answering__211dc7b5c70d4a1fa75515aebc02266e,cards_senior_0728.jsonl:13,chaii-hindi-and-tamil-question-answering,easy,majority3_gate,2,0,2,2,0,1.0,0.0,1,0.09459,0.09459,0.0,1.0,0.0,0.0,240.2,10884.15703701973,11124.35703701973,10884.35703701973
chaii-hindi-and-tamil-question-answering__211dc7b5c70d4a1fa75515aebc02266e,cards_senior_0728.jsonl:13,chaii-hindi-and-tamil-question-answering,easy,unanimous3_gate,2,0,2,2,0,1.0,0.0,1,0.09459,0.09459,0.0,1.0,0.0,0.0,240.2,10884.15703701973,11124.35703701973,10884.35703701973
chaii-hindi-and-tamil-question-answering__211dc7b5c70d4a1fa75515aebc02266e,cards_senior_0728.jsonl:13,chaii-hindi-and-tamil-question-answering,easy,top1_random,2,0,2,1,1,1.0,0.0,1,0.09459,0.09459,0.0,1.0,0.0,0.0,240.2,10884.15703701973,4277.270086956024,4157.270086956024
chaii-hindi-and-tamil-question-answering__211dc7b5c70d4a1fa75515aebc02266e,cards_senior_0728.jsonl:13,chaii-hindi-and-tamil-question-answering,easy,top1_tfidf,2,0,2,1,1,0.0,0.033889999999999997,1,0.0607,0.09459,-0.033889999999999997,0.0,0.0,1.0,240.2,10884.15703701973,7087.286950063705,6967.286950063705
chaii-hindi-and-tamil-question-answering__211dc7b5c70d4a1fa75515aebc02266e,cards_senior_0728.jsonl:13,chaii-hindi-and-tamil-question-answering,easy,top1_majority3,2,0,2,1,1,0.0,0.033889999999999997,1,0.0607,0.09459,-0.033889999999999997,0.0,0.0,1.0,240.2,10884.15703701973,7087.286950063705,6967.286950063705
chaii-hindi-and-tamil-question-answering__211dc7b5c70d4a1fa75515aebc02266e,cards_senior_0728.jsonl:13,chaii-hindi-and-tamil-question-answering,easy,top1_stdout,2,0,2,1,1,1.0,0.0,1,0.09459,0.09459,0.0,1.0,0.0,0.0,240.2,10884.15703701973,4277.270086956024,4157.270086956024
chaii-hindi-and-tamil-question-answering__211dc7b5c70d4a1fa75515aebc02266e,cards_senior_0728.jsonl:13,chaii-hindi-and-tamil-question-answering,easy,top1_progress,2,0,2,1,1,0.0,0.033889999999999997,1,0.0607,0.09459,-0.033889999999999997,0.0,0.0,1.0,240.2,10884.15703701973,7087.286950063705,6967.286950063705
chaii-hindi-and-tamil-question-answering__211dc7b5c70d4a1fa75515aebc02266e,cards_senior_0728.jsonl:13,chaii-hindi-and-tamil-question-answering,easy,top1_stdout_tfidf,2,0,2,1,1,1.0,0.0,1,0.09459,0.09459,0.0,1.0,0.0,0.0,240.2,10884.15703701973,4277.270086956024,4157.270086956024
chaii-hindi-and-tamil-question-answering__211dc7b5c70d4a1fa75515aebc02266e,cards_senior_0728.jsonl:13,chaii-hindi-and-tamil-question-answering,easy,top1_oracle,2,0,2,1,1,1.0,0.0,1,0.09459,0.09459,0.0,1.0,0.0,0.0,240.2,10884.15703701973,4277.270086956024,4157.270086956024
chaii-hindi-and-tamil-question-answering__211dc7b5c70d4a1fa75515aebc02266e,cards_senior_0728.jsonl:13,chaii-hindi-and-tamil-question-answering,easy,top2_random,2,0,2,2,0,1.0,0.0,1,0.09459,0.09459,0.0,1.0,0.0,0.0,240.2,10884.15703701973,11124.35703701973,10884.35703701973
chaii-hindi-and-tamil-question-answering__211dc7b5c70d4a1fa75515aebc02266e,cards_senior_0728.jsonl:13,chaii-hindi-and-tamil-question-answering,easy,top2_tfidf,2,0,2,2,0,1.0,0.0,1,0.09459,0.09459,0.0,1.0,0.0,0.0,240.2,10884.15703701973,11124.35703701973,10884.35703701973
chaii-hindi-and-tamil-question-answering__211dc7b5c70d4a1fa75515aebc02266e,cards_senior_0728.jsonl:13,chaii-hindi-and-tamil-question-answering,easy,top2_oracle,2,0,2,2,0,1.0,0.0,1,0.09459,0.09459,0.0,1.0,0.0,0.0,240.2,10884.15703701973,11124.35703701973,10884.35703701973
chaii-hindi-and-tamil-question-answering__211dc7b5c70d4a1fa75515aebc02266e,cards_senior_0728.jsonl:13,chaii-hindi-and-tamil-question-answering,easy,oracle_gate,2,0,2,2,0,1.0,0.0,1,0.09459,0.09459,0.0,1.0,0.0,0.0,240.2,10884.15703701973,11124.35703701973,10884.35703701973
chaii-hindi-and-tamil-question-answering__211dc7b5c70d4a1fa75515aebc02266e,cards_senior_0728.jsonl:13,chaii-hindi-and-tamil-question-answering,easy,full_external,2,0,2,2,0,1.0,0.0,1,0.09459,0.09459,0.0,1.0,0.0,0.0,240.2,10884.15703701973,10884.15703701973,10884.15703701973
chaii-hindi-and-tamil-question-answering__3b40dae9dd094d9e87f2b339a3290b56,cards_senior_0801.jsonl:18,chaii-hindi-and-tamil-question-answering,hard,artifact_only,3,0,3,0,3,0.3333333333333333,0.04712666666666665,0,nan,0.68914,nan,0.0,0.0,1.0,360.4,1355.3276376724243,360.4,360.4
chaii-hindi-and-tamil-question-answering__3b40dae9dd094d9e87f2b339a3290b56,cards_senior_0801.jsonl:18,chaii-hindi-and-tamil-question-answering,hard,all_escalate,3,0,3,3,0,1.0,0.0,1,0.68914,0.68914,0.0,1.0,0.0,0.0,360.4,1355.3276376724243,1715.7276376724244,1355.7276376724244
chaii-hindi-and-tamil-question-answering__3b40dae9dd094d9e87f2b339a3290b56,cards_senior_0801.jsonl:18,chaii-hindi-and-tamil-question-answering,hard,random_gate,3,0,3,3,0,1.0,0.0,1,0.68914,0.68914,0.0,1.0,0.0,0.0,360.4,1355.3276376724243,1715.7276376724244,1355.7276376724244
chaii-hindi-and-tamil-question-answering__3b40dae9dd094d9e87f2b339a3290b56,cards_senior_0801.jsonl:18,chaii-hindi-and-tamil-question-answering,hard,tfidf_gate,3,0,3,3,0,1.0,0.0,1,0.68914,0.68914,0.0,1.0,0.0,0.0,360.4,1355.3276376724243,1715.7276376724244,1355.7276376724244
chaii-hindi-and-tamil-question-answering__3b40dae9dd094d9e87f2b339a3290b56,cards_senior_0801.jsonl:18,chaii-hindi-and-tamil-question-answering,hard,majority3_gate,3,0,3,3,0,1.0,0.0,1,0.68914,0.68914,0.0,1.0,0.0,0.0,360.4,1355.3276376724243,1715.7276376724244,1355.7276376724244
chaii-hindi-and-tamil-question-answering__3b40dae9dd094d9e87f2b339a3290b56,cards_senior_0801.jsonl:18,chaii-hindi-and-tamil-question-answering,hard,unanimous3_gate,3,0,3,3,0,1.0,0.0,1,0.68914,0.68914,0.0,1.0,0.0,0.0,360.4,1355.3276376724243,1715.7276376724244,1355.7276376724244
chaii-hindi-and-tamil-question-answering__3b40dae9dd094d9e87f2b339a3290b56,cards_senior_0801.jsonl:18,chaii-hindi-and-tamil-question-answering,hard,top1_random,3,0,3,1,2,0.0,0.13959,1,0.54955,0.68914,-0.13959,0.0,0.0,1.0,360.4,1355.3276376724243,545.5410465240478,425.54104652404783
chaii-hindi-and-tamil-question-answering__3b40dae9dd094d9e87f2b339a3290b56,cards_senior_0801.jsonl:18,chaii-hindi-and-tamil-question-answering,hard,top1_tfidf,3,0,3,1,2,1.0,0.0,1,0.68914,0.68914,0.0,1.0,0.0,0.0,360.4,1355.3276376724243,1234.788841867447,1114.788841867447
chaii-hindi-and-tamil-question-answering__3b40dae9dd094d9e87f2b339a3290b56,cards_senior_0801.jsonl:18,chaii-hindi-and-tamil-question-answering,hard,top1_majority3,3,0,3,1,2,0.0,0.0017899999999999583,1,0.68735,0.68914,-0.0017899999999999583,0.0,0.0,1.0,360.4,1355.3276376724243,656.1977492809295,536.1977492809295
chaii-hindi-and-tamil-question-answering__3b40dae9dd094d9e87f2b339a3290b56,cards_senior_0801.jsonl:18,chaii-hindi-and-tamil-question-answering,hard,top1_stdout,3,0,3,1,2,0.0,0.0017899999999999583,1,0.68735,0.68914,-0.0017899999999999583,0.0,0.0,1.0,360.4,1355.3276376724243,656.1977492809295,536.1977492809295
chaii-hindi-and-tamil-question-answering__3b40dae9dd094d9e87f2b339a3290b56,cards_senior_0801.jsonl:18,chaii-hindi-and-tamil-question-answering,hard,top1_progress,3,0,3,1,2,0.0,0.13959,1,0.54955,0.68914,-0.13959,0.0,0.0,1.0,360.4,1355.3276376724243,545.5410465240478,425.54104652404783
chaii-hindi-and-tamil-question-answering__3b40dae9dd094d9e87f2b339a3290b56,cards_senior_0801.jsonl:18,chaii-hindi-and-tamil-question-answering,hard,top1_stdout_tfidf,3,0,3,1,2,1.0,0.0,1,0.68914,0.68914,0.0,1.0,0.0,0.0,360.4,1355.3276376724243,1234.788841867447,1114.788841867447
chaii-hindi-and-tamil-question-answering__3b40dae9dd094d9e87f2b339a3290b56,cards_senior_0801.jsonl:18,chaii-hindi-and-tamil-question-answering,hard,top1_oracle,3,0,3,1,2,1.0,0.0,1,0.68914,0.68914,0.0,1.0,0.0,0.0,360.4,1355.3276376724243,1234.788841867447,1114.788841867447
chaii-hindi-and-tamil-question-answering__3b40dae9dd094d9e87f2b339a3290b56,cards_senior_0801.jsonl:18,chaii-hindi-and-tamil-question-answering,hard,top2_random,3,0,3,2,1,0.0,0.0017899999999999583,1,0.68735,0.68914,-0.0017899999999999583,0.0,0.0,1.0,360.4,1355.3276376724243,841.3387958049774,601.3387958049774
chaii-hindi-and-tamil-question-answering__3b40dae9dd094d9e87f2b339a3290b56,cards_senior_0801.jsonl:18,chaii-hindi-and-tamil-question-answering,hard,top2_tfidf,3,0,3,2,1,1.0,0.0,1,0.68914,0.68914,0.0,1.0,0.0,0.0,360.4,1355.3276376724243,1419.9298883914948,1179.9298883914948
chaii-hindi-and-tamil-question-answering__3b40dae9dd094d9e87f2b339a3290b56,cards_senior_0801.jsonl:18,chaii-hindi-and-tamil-question-answering,hard,top2_oracle,3,0,3,2,1,1.0,0.0,1,0.68914,0.68914,0.0,1.0,0.0,0.0,360.4,1355.3276376724243,1530.5865911483766,1290.5865911483766
chaii-hindi-and-tamil-question-answering__3b40dae9dd094d9e87f2b339a3290b56,cards_senior_0801.jsonl:18,chaii-hindi-and-tamil-question-answering,hard,oracle_gate,3,0,3,3,0,1.0,0.0,1,0.68914,0.68914,0.0,1.0,0.0,0.0,360.4,1355.3276376724243,1715.7276376724244,1355.7276376724244
chaii-hindi-and-tamil-question-answering__3b40dae9dd094d9e87f2b339a3290b56,cards_senior_0801.jsonl:18,chaii-hindi-and-tamil-question-answering,hard,full_external,3,0,3,3,0,1.0,0.0,1,0.68914,0.68914,0.0,1.0,0.0,0.0,360.4,1355.3276376724243,1355.3276376724243,1355.3276376724243
chaii-hindi-and-tamil-question-answering__c31a1c3b91a14ef5afef98719da1d101,cards_senior_0801.jsonl:13,chaii-hindi-and-tamil-question-answering,easy,artifact_only,3,0,3,0,3,0.3333333333333333,0.010610000000000008,0,nan,0.58188,nan,0.0,0.0,1.0,136.4,6553.884172439575,136.4,136.4
chaii-hindi-and-tamil-question-answering__c31a1c3b91a14ef5afef98719da1d101,cards_senior_0801.jsonl:13,chaii-hindi-and-tamil-question-answering,easy,all_escalate,3,0,3,3,0,1.0,0.0,1,0.58188,0.58188,0.0,1.0,0.0,0.0,136.4,6553.884172439575,6690.284172439575,6330.284172439575
chaii-hindi-and-tamil-question-answering__c31a1c3b91a14ef5afef98719da1d101,cards_senior_0801.jsonl:13,chaii-hindi-and-tamil-question-answering,easy,random_gate,3,0,3,3,0,1.0,0.0,1,0.58188,0.58188,0.0,1.0,0.0,0.0,136.4,6553.884172439575,6690.284172439575,6330.284172439575
chaii-hindi-and-tamil-question-answering__c31a1c3b91a14ef5afef98719da1d101,cards_senior_0801.jsonl:13,chaii-hindi-and-tamil-question-answering,easy,tfidf_gate,3,0,3,3,0,1.0,0.0,1,0.58188,0.58188,0.0,1.0,0.0,0.0,136.4,6553.884172439575,6690.284172439575,6330.284172439575
chaii-hindi-and-tamil-question-answering__c31a1c3b91a14ef5afef98719da1d101,cards_senior_0801.jsonl:13,chaii-hindi-and-tamil-question-answering,easy,majority3_gate,3,0,3,3,0,1.0,0.0,1,0.58188,0.58188,0.0,1.0,0.0,0.0,136.4,6553.884172439575,6690.284172439575,6330.284172439575
chaii-hindi-and-tamil-question-answering__c31a1c3b91a14ef5afef98719da1d101,cards_senior_0801.jsonl:13,chaii-hindi-and-tamil-question-answering,easy,unanimous3_gate,3,0,3,3,0,1.0,0.0,1,0.58188,0.58188,0.0,1.0,0.0,0.0,136.4,6553.884172439575,6690.284172439575,6330.284172439575
chaii-hindi-and-tamil-question-answering__c31a1c3b91a14ef5afef98719da1d101,cards_senior_0801.jsonl:13,chaii-hindi-and-tamil-question-answering,easy,top1_random,3,0,3,1,2,0.0,0.019979999999999998,1,0.5619,0.58188,-0.019979999999999998,0.0,0.0,1.0,136.4,6553.884172439575,2151.788067007065,2031.788067007065
chaii-hindi-and-tamil-question-answering__c31a1c3b91a14ef5afef98719da1d101,cards_senior_0801.jsonl:13,chaii-hindi-and-tamil-question-answering,easy,top1_tfidf,3,0,3,1,2,0.0,0.019979999999999998,1,0.5619,0.58188,-0.019979999999999998,0.0,0.0,1.0,136.4,6553.884172439575,2151.788067007065,2031.788067007065
chaii-hindi-and-tamil-question-answering__c31a1c3b91a14ef5afef98719da1d101,cards_senior_0801.jsonl:13,chaii-hindi-and-tamil-question-answering,easy,top1_majority3,3,0,3,1,2,0.0,0.011849999999999916,1,0.57003,0.58188,-0.011849999999999916,0.0,0.0,1.0,136.4,6553.884172439575,2657.284269952774,2537.284269952774
chaii-hindi-and-tamil-question-answering__c31a1c3b91a14ef5afef98719da1d101,cards_senior_0801.jsonl:13,chaii-hindi-and-tamil-question-answering,easy,top1_stdout,3,0,3,1,2,0.0,0.019979999999999998,1,0.5619,0.58188,-0.019979999999999998,0.0,0.0,1.0,136.4,6553.884172439575,2151.788067007065,2031.788067007065
chaii-hindi-and-tamil-question-answering__c31a1c3b91a14ef5afef98719da1d101,cards_senior_0801.jsonl:13,chaii-hindi-and-tamil-question-answering,easy,top1_progress,3,0,3,1,2,0.0,0.011849999999999916,1,0.57003,0.58188,-0.011849999999999916,0.0,0.0,1.0,136.4,6553.884172439575,2657.284269952774,2537.284269952774
chaii-hindi-and-tamil-question-answering__c31a1c3b91a14ef5afef98719da1d101,cards_senior_0801.jsonl:13,chaii-hindi-and-tamil-question-answering,easy,top1_stdout_tfidf,3,0,3,1,2,0.0,0.019979999999999998,1,0.5619,0.58188,-0.019979999999999998,0.0,0.0,1.0,136.4,6553.884172439575,2151.788067007065,2031.788067007065
chaii-hindi-and-tamil-question-answering__c31a1c3b91a14ef5afef98719da1d101,cards_senior_0801.jsonl:13,chaii-hindi-and-tamil-question-answering,easy,top1_oracle,3,0,3,1,2,1.0,0.0,1,0.58188,0.58188,0.0,1.0,0.0,0.0,136.4,6553.884172439575,2154.0118354797364,2034.0118354797364
chaii-hindi-and-tamil-question-answering__c31a1c3b91a14ef5afef98719da1d101,cards_senior_0801.jsonl:13,chaii-hindi-and-tamil-question-answering,easy,top2_random,3,0,3,2,1,0.0,0.011849999999999916,1,0.57003,0.58188,-0.011849999999999916,0.0,0.0,1.0,136.4,6553.884172439575,4672.6723369598385,4432.6723369598385
chaii-hindi-and-tamil-question-answering__c31a1c3b91a14ef5afef98719da1d101,cards_senior_0801.jsonl:13,chaii-hindi-and-tamil-question-answering,easy,top2_tfidf,3,0,3,2,1,0.0,0.011849999999999916,1,0.57003,0.58188,-0.011849999999999916,0.0,0.0,1.0,136.4,6553.884172439575,4672.6723369598385,4432.6723369598385
chaii-hindi-and-tamil-question-answering__c31a1c3b91a14ef5afef98719da1d101,cards_senior_0801.jsonl:13,chaii-hindi-and-tamil-question-answering,easy,top2_oracle,3,0,3,2,1,1.0,0.0,1,0.58188,0.58188,0.0,1.0,0.0,0.0,136.4,6553.884172439575,4674.89610543251,4434.89610543251
chaii-hindi-and-tamil-question-answering__c31a1c3b91a14ef5afef98719da1d101,cards_senior_0801.jsonl:13,chaii-hindi-and-tamil-question-answering,easy,oracle_gate,3,0,3,3,0,1.0,0.0,1,0.58188,0.58188,0.0,1.0,0.0,0.0,136.4,6553.884172439575,6690.284172439575,6330.284172439575
chaii-hindi-and-tamil-question-answering__c31a1c3b91a14ef5afef98719da1d101,cards_senior_0801.jsonl:13,chaii-hindi-and-tamil-question-answering,easy,full_external,3,0,3,3,0,1.0,0.0,1,0.58188,0.58188,0.0,1.0,0.0,0.0,136.4,6553.884172439575,6553.884172439575,6553.884172439575
chaii-hindi-and-tamil-question-answering__cbe405cf5c2e48e8ab6dbb29f814b88e,cards_senior_0801.jsonl:18,chaii-hindi-and-tamil-question-answering,easy,artifact_only,3,0,3,0,3,0.3333333333333333,0.01686333333333334,0,nan,0.57336,nan,0.0,0.0,1.0,175.8,1590.8876776695251,175.8,175.8
chaii-hindi-and-tamil-question-answering__cbe405cf5c2e48e8ab6dbb29f814b88e,cards_senior_0801.jsonl:18,chaii-hindi-and-tamil-question-answering,easy,all_escalate,3,0,3,3,0,1.0,0.0,1,0.57336,0.57336,0.0,1.0,0.0,0.0,175.8,1590.8876776695251,1766.687677669525,1406.687677669525
chaii-hindi-and-tamil-question-answering__cbe405cf5c2e48e8ab6dbb29f814b88e,cards_senior_0801.jsonl:18,chaii-hindi-and-tamil-question-answering,easy,random_gate,3,0,3,3,0,1.0,0.0,1,0.57336,0.57336,0.0,1.0,0.0,0.0,175.8,1590.8876776695251,1766.687677669525,1406.687677669525
chaii-hindi-and-tamil-question-answering__cbe405cf5c2e48e8ab6dbb29f814b88e,cards_senior_0801.jsonl:18,chaii-hindi-and-tamil-question-answering,easy,tfidf_gate,3,0,3,3,0,1.0,0.0,1,0.57336,0.57336,0.0,1.0,0.0,0.0,175.8,1590.8876776695251,1766.687677669525,1406.687677669525
chaii-hindi-and-tamil-question-answering__cbe405cf5c2e48e8ab6dbb29f814b88e,cards_senior_0801.jsonl:18,chaii-hindi-and-tamil-question-answering,easy,majority3_gate,3,0,3,3,0,1.0,0.0,1,0.57336,0.57336,0.0,1.0,0.0,0.0,175.8,1590.8876776695251,1766.687677669525,1406.687677669525
chaii-hindi-and-tamil-question-answering__cbe405cf5c2e48e8ab6dbb29f814b88e,cards_senior_0801.jsonl:18,chaii-hindi-and-tamil-question-answering,easy,unanimous3_gate,3,0,3,3,0,1.0,0.0,1,0.57336,0.57336,0.0,1.0,0.0,0.0,175.8,1590.8876776695251,1766.687677669525,1406.687677669525
chaii-hindi-and-tamil-question-answering__cbe405cf5c2e48e8ab6dbb29f814b88e,cards_senior_0801.jsonl:18,chaii-hindi-and-tamil-question-answering,easy,top1_random,3,0,3,1,2,0.0,0.011009999999999964,1,0.56235,0.57336,-0.011009999999999964,0.0,0.0,1.0,175.8,1590.8876776695251,825.5564013004303,705.5564013004303
chaii-hindi-and-tamil-question-answering__cbe405cf5c2e48e8ab6dbb29f814b88e,cards_senior_0801.jsonl:18,chaii-hindi-and-tamil-question-answering,easy,top1_tfidf,3,0,3,1,2,1.0,0.0,1,0.57336,0.57336,0.0,1.0,0.0,0.0,175.8,1590.8876776695251,799.5229554653167,679.5229554653167
chaii-hindi-and-tamil-question-answering__cbe405cf5c2e48e8ab6dbb29f814b88e,cards_senior_0801.jsonl:18,chaii-hindi-and-tamil-question-answering,easy,top1_majority3,3,0,3,1,2,1.0,0.0,1,0.57336,0.57336,0.0,1.0,0.0,0.0,175.8,1590.8876776695251,799.5229554653167,679.5229554653167
chaii-hindi-and-tamil-question-answering__cbe405cf5c2e48e8ab6dbb29f814b88e,cards_senior_0801.jsonl:18,chaii-hindi-and-tamil-question-answering,easy,top1_stdout,3,0,3,1,2,0.0,0.03957999999999995,1,0.53378,0.57336,-0.03957999999999995,0.0,0.0,1.0,175.8,1590.8876776695251,493.2083209037781,373.2083209037781
chaii-hindi-and-tamil-question-answering__cbe405cf5c2e48e8ab6dbb29f814b88e,cards_senior_0801.jsonl:18,chaii-hindi-and-tamil-question-answering,easy,top1_progress,3,0,3,1,2,0.0,0.011009999999999964,1,0.56235,0.57336,-0.011009999999999964,0.0,0.0,1.0,175.8,1590.8876776695251,825.5564013004303,705.5564013004303
chaii-hindi-and-tamil-question-answering__cbe405cf5c2e48e8ab6dbb29f814b88e,cards_senior_0801.jsonl:18,chaii-hindi-and-tamil-question-answering,easy,top1_stdout_tfidf,3,0,3,1,2,1.0,0.0,1,0.57336,0.57336,0.0,1.0,0.0,0.0,175.8,1590.8876776695251,799.5229554653167,679.5229554653167
chaii-hindi-and-tamil-question-answering__cbe405cf5c2e48e8ab6dbb29f814b88e,cards_senior_0801.jsonl:18,chaii-hindi-and-tamil-question-answering,easy,top1_oracle,3,0,3,1,2,1.0,0.0,1,0.57336,0.57336,0.0,1.0,0.0,0.0,175.8,1590.8876776695251,799.5229554653167,679.5229554653167
chaii-hindi-and-tamil-question-answering__cbe405cf5c2e48e8ab6dbb29f814b88e,cards_senior_0801.jsonl:18,chaii-hindi-and-tamil-question-answering,easy,top2_random,3,0,3,2,1,1.0,0.0,1,0.57336,0.57336,0.0,1.0,0.0,0.0,175.8,1590.8876776695251,1449.279356765747,1209.279356765747
chaii-hindi-and-tamil-question-answering__cbe405cf5c2e48e8ab6dbb29f814b88e,cards_senior_0801.jsonl:18,chaii-hindi-and-tamil-question-answering,easy,top2_tfidf,3,0,3,2,1,1.0,0.0,1,0.57336,0.57336,0.0,1.0,0.0,0.0,175.8,1590.8876776695251,1449.279356765747,1209.279356765747
chaii-hindi-and-tamil-question-answering__cbe405cf5c2e48e8ab6dbb29f814b88e,cards_senior_0801.jsonl:18,chaii-hindi-and-tamil-question-answering,easy,top2_oracle,3,0,3,2,1,1.0,0.0,1,0.57336,0.57336,0.0,1.0,0.0,0.0,175.8,1590.8876776695251,1449.279356765747,1209.279356765747
chaii-hindi-and-tamil-question-answering__cbe405cf5c2e48e8ab6dbb29f814b88e,cards_senior_0801.jsonl:18,chaii-hindi-and-tamil-question-answering,easy,oracle_gate,3,0,3,3,0,1.0,0.0,1,0.57336,0.57336,0.0,1.0,0.0,0.0,175.8,1590.8876776695251,1766.687677669525,1406.687677669525
chaii-hindi-and-tamil-question-answering__cbe405cf5c2e48e8ab6dbb29f814b88e,cards_senior_0801.jsonl:18,chaii-hindi-and-tamil-question-answering,easy,full_external,3,0,3,3,0,1.0,0.0,1,0.57336,0.57336,0.0,1.0,0.0,0.0,175.8,1590.8876776695251,1590.8876776695251,1590.8876776695251
chaii-hindi-and-tamil-question-answering__e43679e8e9bf4481a179b114ac9c8c5e,cards_ours_20260727.jsonl:173,chaii-hindi-and-tamil-question-answering,hard,artifact_only,2,2,0,0,0,1.0,0.0,1,0.00738,0.00738,0.0,1.0,0.0,0.0,81.3,130.7270479425788,81.3,81.3
chaii-hindi-and-tamil-question-answering__e43679e8e9bf4481a179b114ac9c8c5e,cards_ours_20260727.jsonl:173,chaii-hindi-and-tamil-question-answering,hard,all_escalate,2,2,0,0,0,1.0,0.0,1,0.00738,0.00738,0.0,1.0,0.0,0.0,81.3,130.7270479425788,81.3,81.3
chaii-hindi-and-tamil-question-answering__e43679e8e9bf4481a179b114ac9c8c5e,cards_ours_20260727.jsonl:173,chaii-hindi-and-tamil-question-answering,hard,random_gate,2,2,0,0,0,1.0,0.0,1,0.00738,0.00738,0.0,1.0,0.0,0.0,81.3,130.7270479425788,81.3,81.3
chaii-hindi-and-tamil-question-answering__e43679e8e9bf4481a179b114ac9c8c5e,cards_ours_20260727.jsonl:173,chaii-hindi-and-tamil-question-answering,hard,tfidf_gate,2,2,0,0,0,1.0,0.0,1,0.00738,0.00738,0.0,1.0,0.0,0.0,81.3,130.7270479425788,81.3,81.3
chaii-hindi-and-tamil-question-answering__e43679e8e9bf4481a179b114ac9c8c5e,cards_ours_20260727.jsonl:173,chaii-hindi-and-tamil-question-answering,hard,majority3_gate,2,2,0,0,0,1.0,0.0,1,0.00738,0.00738,0.0,1.0,0.0,0.0,81.3,130.7270479425788,81.3,81.3
chaii-hindi-and-tamil-question-answering__e43679e8e9bf4481a179b114ac9c8c5e,cards_ours_20260727.jsonl:173,chaii-hindi-and-tamil-question-answering,hard,unanimous3_gate,2,2,0,0,0,1.0,0.0,1,0.00738,0.00738,0.0,1.0,0.0,0.0,81.3,130.7270479425788,81.3,81.3
chaii-hindi-and-tamil-question-answering__e43679e8e9bf4481a179b114ac9c8c5e,cards_ours_20260727.jsonl:173,chaii-hindi-and-tamil-question-answering,hard,top1_random,2,2,0,0,0,1.0,0.0,1,0.00738,0.00738,0.0,1.0,0.0,0.0,81.3,130.7270479425788,81.3,81.3
chaii-hindi-and-tamil-question-answering__e43679e8e9bf4481a179b114ac9c8c5e,cards_ours_20260727.jsonl:173,chaii-hindi-and-tamil-question-answering,hard,top1_tfidf,2,2,0,0,0,1.0,0.0,1,0.00738,0.00738,0.0,1.0,0.0,0.0,81.3,130.7270479425788,81.3,81.3
chaii-hindi-and-tamil-question-answering__e43679e8e9bf4481a179b114ac9c8c5e,cards_ours_20260727.jsonl:173,chaii-hindi-and-tamil-question-answering,hard,top1_majority3,2,2,0,0,0,1.0,0.0,1,0.00738,0.00738,0.0,1.0,0.0,0.0,81.3,130.7270479425788,81.3,81.3
chaii-hindi-and-tamil-question-answering__e43679e8e9bf4481a179b114ac9c8c5e,cards_ours_20260727.jsonl:173,chaii-hindi-and-tamil-question-answering,hard,top1_stdout,2,2,0,0,0,1.0,0.0,1,0.00738,0.00738,0.0,1.0,0.0,0.0,81.3,130.7270479425788,81.3,81.3
chaii-hindi-and-tamil-question-answering__e43679e8e9bf4481a179b114ac9c8c5e,cards_ours_20260727.jsonl:173,chaii-hindi-and-tamil-question-answering,hard,top1_progress,2,2,0,0,0,1.0,0.0,1,0.00738,0.00738,0.0,1.0,0.0,0.0,81.3,130.7270479425788,81.3,81.3
chaii-hindi-and-tamil-question-answering__e43679e8e9bf4481a179b114ac9c8c5e,cards_ours_20260727.jsonl:173,chaii-hindi-and-tamil-question-answering,hard,top1_stdout_tfidf,2,2,0,0,0,1.0,0.0,1,0.00738,0.00738,0.0,1.0,0.0,0.0,81.3,130.7270479425788,81.3,81.3
chaii-hindi-and-tamil-question-answering__e43679e8e9bf4481a179b114ac9c8c5e,cards_ours_20260727.jsonl:173,chaii-hindi-and-tamil-question-answering,hard,top1_oracle,2,2,0,0,0,1.0,0.0,1,0.00738,0.00738,0.0,1.0,0.0,0.0,81.3,130.7270479425788,81.3,81.3
chaii-hindi-and-tamil-question-answering__e43679e8e9bf4481a179b114ac9c8c5e,cards_ours_20260727.jsonl:173,chaii-hindi-and-tamil-question-answering,hard,top2_random,2,2,0,0,0,1.0,0.0,1,0.00738,0.00738,0.0,1.0,0.0,0.0,81.3,130.7270479425788,81.3,81.3
chaii-hindi-and-tamil-question-answering__e43679e8e9bf4481a179b114ac9c8c5e,cards_ours_20260727.jsonl:173,chaii-hindi-and-tamil-question-answering,hard,top2_tfidf,2,2,0,0,0,1.0,0.0,1,0.00738,0.00738,0.0,1.0,0.0,0.0,81.3,130.7270479425788,81.3,81.3
chaii-hindi-and-tamil-question-answering__e43679e8e9bf4481a179b114ac9c8c5e,cards_ours_20260727.jsonl:173,chaii-hindi-and-tamil-question-answering,hard,top2_oracle,2,2,0,0,0,1.0,0.0,1,0.00738,0.00738,0.0,1.0,0.0,0.0,81.3,130.7270479425788,81.3,81.3
chaii-hindi-and-tamil-question-answering__e43679e8e9bf4481a179b114ac9c8c5e,cards_ours_20260727.jsonl:173,chaii-hindi-and-tamil-question-answering,hard,oracle_gate,2,2,0,0,0,1.0,0.0,1,0.00738,0.00738,0.0,1.0,0.0,0.0,81.3,130.7270479425788,81.3,81.3
chaii-hindi-and-tamil-question-answering__e43679e8e9bf4481a179b114ac9c8c5e,cards_ours_20260727.jsonl:173,chaii-hindi-and-tamil-question-answering,hard,full_external,2,2,0,2,0,1.0,0.0,1,0.00738,0.00738,0.0,1.0,0.0,0.0,81.3,130.7270479425788,130.7270479425788,130.7270479425788
chaii-hindi-and-tamil-question-answering__f05efa5bb9ac4788b908cb07e0fb4d7b,cards_senior_0801.jsonl:13,chaii-hindi-and-tamil-question-answering,easy,artifact_only,2,0,2,0,2,0.5,0.0173350000000001,0,nan,0.58586,nan,0.0,0.0,1.0,129.4,879.9492094516754,129.4,129.4
chaii-hindi-and-tamil-question-answering__f05efa5bb9ac4788b908cb07e0fb4d7b,cards_senior_0801.jsonl:13,chaii-hindi-and-tamil-question-answering,easy,all_escalate,2,0,2,2,0,1.0,0.0,1,0.58586,0.58586,0.0,1.0,0.0,0.0,129.4,879.9492094516754,1009.3492094516754,769.3492094516754
chaii-hindi-and-tamil-question-answering__f05efa5bb9ac4788b908cb07e0fb4d7b,cards_senior_0801.jsonl:13,chaii-hindi-and-tamil-question-answering,easy,random_gate,2,0,2,2,0,1.0,0.0,1,0.58586,0.58586,0.0,1.0,0.0,0.0,129.4,879.9492094516754,1009.3492094516754,769.3492094516754
chaii-hindi-and-tamil-question-answering__f05efa5bb9ac4788b908cb07e0fb4d7b,cards_senior_0801.jsonl:13,chaii-hindi-and-tamil-question-answering,easy,tfidf_gate,2,0,2,2,0,1.0,0.0,1,0.58586,0.58586,0.0,1.0,0.0,0.0,129.4,879.9492094516754,1009.3492094516754,769.3492094516754
chaii-hindi-and-tamil-question-answering__f05efa5bb9ac4788b908cb07e0fb4d7b,cards_senior_0801.jsonl:13,chaii-hindi-and-tamil-question-answering,easy,majority3_gate,2,0,2,2,0,1.0,0.0,1,0.58586,0.58586,0.0,1.0,0.0,0.0,129.4,879.9492094516754,1009.3492094516754,769.3492094516754
chaii-hindi-and-tamil-question-answering__f05efa5bb9ac4788b908cb07e0fb4d7b,cards_senior_0801.jsonl:13,chaii-hindi-and-tamil-question-answering,easy,unanimous3_gate,2,0,2,2,0,1.0,0.0,1,0.58586,0.58586,0.0,1.0,0.0,0.0,129.4,879.9492094516754,1009.3492094516754,769.3492094516754
chaii-hindi-and-tamil-question-answering__f05efa5bb9ac4788b908cb07e0fb4d7b,cards_senior_0801.jsonl:13,chaii-hindi-and-tamil-question-answering,easy,top1_random,2,0,2,1,1,1.0,0.0,1,0.58586,0.58586,0.0,1.0,0.0,0.0,129.4,879.9492094516754,636.2380091190338,516.2380091190338
chaii-hindi-and-tamil-question-answering__f05efa5bb9ac4788b908cb07e0fb4d7b,cards_senior_0801.jsonl:13,chaii-hindi-and-tamil-question-answering,easy,top1_tfidf,2,0,2,1,1,0.0,0.03467000000000009,1,0.55119,0.58586,-0.03467000000000009,0.0,0.0,1.0,129.4,879.9492094516754,502.5112003326416,382.5112003326416
chaii-hindi-and-tamil-question-answering__f05efa5bb9ac4788b908cb07e0fb4d7b,cards_senior_0801.jsonl:13,chaii-hindi-and-tamil-question-answering,easy,top1_majority3,2,0,2,1,1,0.0,0.03467000000000009,1,0.55119,0.58586,-0.03467000000000009,0.0,0.0,1.0,129.4,879.9492094516754,502.5112003326416,382.5112003326416
chaii-hindi-and-tamil-question-answering__f05efa5bb9ac4788b908cb07e0fb4d7b,cards_senior_0801.jsonl:13,chaii-hindi-and-tamil-question-answering,easy,top1_stdout,2,0,2,1,1,1.0,0.0,1,0.58586,0.58586,0.0,1.0,0.0,0.0,129.4,879.9492094516754,636.2380091190338,516.2380091190338
chaii-hindi-and-tamil-question-answering__f05efa5bb9ac4788b908cb07e0fb4d7b,cards_senior_0801.jsonl:13,chaii-hindi-and-tamil-question-answering,easy,top1_progress,2,0,2,1,1,0.0,0.03467000000000009,1,0.55119,0.58586,-0.03467000000000009,0.0,0.0,1.0,129.4,879.9492094516754,502.5112003326416,382.5112003326416
chaii-hindi-and-tamil-question-answering__f05efa5bb9ac4788b908cb07e0fb4d7b,cards_senior_0801.jsonl:13,chaii-hindi-and-tamil-question-answering,easy,top1_stdout_tfidf,2,0,2,1,1,0.0,0.03467000000000009,1,0.55119,0.58586,-0.03467000000000009,0.0,0.0,1.0,129.4,879.9492094516754,502.5112003326416,382.5112003326416
chaii-hindi-and-tamil-question-answering__f05efa5bb9ac4788b908cb07e0fb4d7b,cards_senior_0801.jsonl:13,chaii-hindi-and-tamil-question-answering,easy,top1_oracle,2,0,2,1,1,1.0,0.0,1,0.58586,0.58586,0.0,1.0,0.0,0.0,129.4,879.9492094516754,636.2380091190338,516.2380091190338
chaii-hindi-and-tamil-question-answering__f05efa5bb9ac4788b908cb07e0fb4d7b,cards_senior_0801.jsonl:13,chaii-hindi-and-tamil-question-answering,easy,top2_random,2,0,2,2,0,1.0,0.0,1,0.58586,0.58586,0.0,1.0,0.0,0.0,129.4,879.9492094516754,1009.3492094516754,769.3492094516754
chaii-hindi-and-tamil-question-answering__f05efa5bb9ac4788b908cb07e0fb4d7b,cards_senior_0801.jsonl:13,chaii-hindi-and-tamil-question-answering,easy,top2_tfidf,2,0,2,2,0,1.0,0.0,1,0.58586,0.58586,0.0,1.0,0.0,0.0,129.4,879.9492094516754,1009.3492094516754,769.3492094516754
chaii-hindi-and-tamil-question-answering__f05efa5bb9ac4788b908cb07e0fb4d7b,cards_senior_0801.jsonl:13,chaii-hindi-and-tamil-question-answering,easy,top2_oracle,2,0,2,2,0,1.0,0.0,1,0.58586,0.58586,0.0,1.0,0.0,0.0,129.4,879.9492094516754,1009.3492094516754,769.3492094516754
chaii-hindi-and-tamil-question-answering__f05efa5bb9ac4788b908cb07e0fb4d7b,cards_senior_0801.jsonl:13,chaii-hindi-and-tamil-question-answering,easy,oracle_gate,2,0,2,2,0,1.0,0.0,1,0.58586,0.58586,0.0,1.0,0.0,0.0,129.4,879.9492094516754,1009.3492094516754,769.3492094516754
chaii-hindi-and-tamil-question-answering__f05efa5bb9ac4788b908cb07e0fb4d7b,cards_senior_0801.jsonl:13,chaii-hindi-and-tamil-question-answering,easy,full_external,2,0,2,2,0,1.0,0.0,1,0.58586,0.58586,0.0,1.0,0.0,0.0,129.4,879.9492094516754,879.9492094516754,879.9492094516754
denoising-dirty-documents__033f1f41cef04bd590777cae52380df8,cards_senior_0731.jsonl:13,denoising-dirty-documents,easy,artifact_only,2,0,2,0,2,0.5,0.032529999999999996,0,nan,-0.01467,nan,0.0,0.0,1.0,240.4,7910.258288726211,240.4,240.4
denoising-dirty-documents__033f1f41cef04bd590777cae52380df8,cards_senior_0731.jsonl:13,denoising-dirty-documents,easy,all_escalate,2,0,2,2,0,1.0,0.0,1,-0.01467,-0.01467,0.0,1.0,0.0,0.0,240.4,7910.258288726211,8150.65828872621,7910.65828872621
denoising-dirty-documents__033f1f41cef04bd590777cae52380df8,cards_senior_0731.jsonl:13,denoising-dirty-documents,easy,random_gate,2,0,2,2,0,1.0,0.0,1,-0.01467,-0.01467,0.0,1.0,0.0,0.0,240.4,7910.258288726211,8150.65828872621,7910.65828872621
denoising-dirty-documents__033f1f41cef04bd590777cae52380df8,cards_senior_0731.jsonl:13,denoising-dirty-documents,easy,tfidf_gate,2,0,2,2,0,1.0,0.0,1,-0.01467,-0.01467,0.0,1.0,0.0,0.0,240.4,7910.258288726211,8150.65828872621,7910.65828872621
denoising-dirty-documents__033f1f41cef04bd590777cae52380df8,cards_senior_0731.jsonl:13,denoising-dirty-documents,easy,majority3_gate,2,0,2,2,0,1.0,0.0,1,-0.01467,-0.01467,0.0,1.0,0.0,0.0,240.4,7910.258288726211,8150.65828872621,7910.65828872621
denoising-dirty-documents__033f1f41cef04bd590777cae52380df8,cards_senior_0731.jsonl:13,denoising-dirty-documents,easy,unanimous3_gate,2,0,2,2,0,1.0,0.0,1,-0.01467,-0.01467,0.0,1.0,0.0,0.0,240.4,7910.258288726211,8150.65828872621,7910.65828872621
denoising-dirty-documents__033f1f41cef04bd590777cae52380df8,cards_senior_0731.jsonl:13,denoising-dirty-documents,easy,top1_random,2,0,2,1,1,1.0,0.0,1,-0.01467,-0.01467,0.0,1.0,0.0,0.0,240.4,7910.258288726211,4280.189836518466,4160.189836518466
denoising-dirty-documents__033f1f41cef04bd590777cae52380df8,cards_senior_0731.jsonl:13,denoising-dirty-documents,easy,top1_tfidf,2,0,2,1,1,1.0,0.0,1,-0.01467,-0.01467,0.0,1.0,0.0,0.0,240.4,7910.258288726211,4280.189836518466,4160.189836518466
denoising-dirty-documents__033f1f41cef04bd590777cae52380df8,cards_senior_0731.jsonl:13,denoising-dirty-documents,easy,top1_majority3,2,0,2,1,1,0.0,0.06505999999999999,1,-0.07973,-0.01467,-0.06505999999999999,0.0,0.0,1.0,240.4,7910.258288726211,4110.868452207744,3990.868452207744
denoising-dirty-documents__033f1f41cef04bd590777cae52380df8,cards_senior_0731.jsonl:13,denoising-dirty-documents,easy,top1_stdout,2,0,2,1,1,1.0,0.0,1,-0.01467,-0.01467,0.0,1.0,0.0,0.0,240.4,7910.258288726211,4280.189836518466,4160.189836518466
denoising-dirty-documents__033f1f41cef04bd590777cae52380df8,cards_senior_0731.jsonl:13,denoising-dirty-documents,easy,top1_progress,2,0,2,1,1,1.0,0.0,1,-0.01467,-0.01467,0.0,1.0,0.0,0.0,240.4,7910.258288726211,4280.189836518466,4160.189836518466
denoising-dirty-documents__033f1f41cef04bd590777cae52380df8,cards_senior_0731.jsonl:13,denoising-dirty-documents,easy,top1_stdout_tfidf,2,0,2,1,1,1.0,0.0,1,-0.01467,-0.01467,0.0,1.0,0.0,0.0,240.4,7910.258288726211,4280.189836518466,4160.189836518466
denoising-dirty-documents__033f1f41cef04bd590777cae52380df8,cards_senior_0731.jsonl:13,denoising-dirty-documents,easy,top1_oracle,2,0,2,1,1,1.0,0.0,1,-0.01467,-0.01467,0.0,1.0,0.0,0.0,240.4,7910.258288726211,4280.189836518466,4160.189836518466
denoising-dirty-documents__033f1f41cef04bd590777cae52380df8,cards_senior_0731.jsonl:13,denoising-dirty-documents,easy,top2_random,2,0,2,2,0,1.0,0.0,1,-0.01467,-0.01467,0.0,1.0,0.0,0.0,240.4,7910.258288726211,8150.65828872621,7910.65828872621
denoising-dirty-documents__033f1f41cef04bd590777cae52380df8,cards_senior_0731.jsonl:13,denoising-dirty-documents,easy,top2_tfidf,2,0,2,2,0,1.0,0.0,1,-0.01467,-0.01467,0.0,1.0,0.0,0.0,240.4,7910.258288726211,8150.65828872621,7910.65828872621
denoising-dirty-documents__033f1f41cef04bd590777cae52380df8,cards_senior_0731.jsonl:13,denoising-dirty-documents,easy,top2_oracle,2,0,2,2,0,1.0,0.0,1,-0.01467,-0.01467,0.0,1.0,0.0,0.0,240.4,7910.258288726211,8150.65828872621,7910.65828872621
denoising-dirty-documents__033f1f41cef04bd590777cae52380df8,cards_senior_0731.jsonl:13,denoising-dirty-documents,easy,oracle_gate,2,0,2,2,0,1.0,0.0,1,-0.01467,-0.01467,0.0,1.0,0.0,0.0,240.4,7910.258288726211,8150.65828872621,7910.65828872621
denoising-dirty-documents__033f1f41cef04bd590777cae52380df8,cards_senior_0731.jsonl:13,denoising-dirty-documents,easy,full_external,2,0,2,2,0,1.0,0.0,1,-0.01467,-0.01467,0.0,1.0,0.0,0.0,240.4,7910.258288726211,7910.258288726211,7910.258288726211
denoising-dirty-documents__4cb4122fb9814bf884cdafecf62298e9,cards_senior_0804.jsonl:23,denoising-dirty-documents,easy,artifact_only,2,0,2,0,2,0.5,0.08098999999999998,0,nan,-0.04866,nan,0.0,0.0,1.0,240.3,5440.142480649054,240.3,240.3
denoising-dirty-documents__4cb4122fb9814bf884cdafecf62298e9,cards_senior_0804.jsonl:23,denoising-dirty-documents,easy,all_escalate,2,0,2,2,0,1.0,0.0,1,-0.04866,-0.04866,0.0,1.0,0.0,0.0,240.3,5440.142480649054,5680.442480649054,5440.442480649054
denoising-dirty-documents__4cb4122fb9814bf884cdafecf62298e9,cards_senior_0804.jsonl:23,denoising-dirty-documents,easy,random_gate,2,0,2,2,0,1.0,0.0,1,-0.04866,-0.04866,0.0,1.0,0.0,0.0,240.3,5440.142480649054,5680.442480649054,5440.442480649054
denoising-dirty-documents__4cb4122fb9814bf884cdafecf62298e9,cards_senior_0804.jsonl:23,denoising-dirty-documents,easy,tfidf_gate,2,0,2,2,0,1.0,0.0,1,-0.04866,-0.04866,0.0,1.0,0.0,0.0,240.3,5440.142480649054,5680.442480649054,5440.442480649054
denoising-dirty-documents__4cb4122fb9814bf884cdafecf62298e9,cards_senior_0804.jsonl:23,denoising-dirty-documents,easy,majority3_gate,2,0,2,2,0,1.0,0.0,1,-0.04866,-0.04866,0.0,1.0,0.0,0.0,240.3,5440.142480649054,5680.442480649054,5440.442480649054
denoising-dirty-documents__4cb4122fb9814bf884cdafecf62298e9,cards_senior_0804.jsonl:23,denoising-dirty-documents,easy,unanimous3_gate,2,0,2,2,0,1.0,0.0,1,-0.04866,-0.04866,0.0,1.0,0.0,0.0,240.3,5440.142480649054,5680.442480649054,5440.442480649054
denoising-dirty-documents__4cb4122fb9814bf884cdafecf62298e9,cards_senior_0804.jsonl:23,denoising-dirty-documents,easy,top1_random,2,0,2,1,1,1.0,0.0,1,-0.04866,-0.04866,0.0,1.0,0.0,0.0,240.3,5440.142480649054,4557.372162240744,4437.372162240744
denoising-dirty-documents__4cb4122fb9814bf884cdafecf62298e9,cards_senior_0804.jsonl:23,denoising-dirty-documents,easy,top1_tfidf,2,0,2,1,1,0.0,0.16197999999999999,1,-0.21064,-0.04866,-0.16197999999999999,0.0,0.0,1.0,240.3,5440.142480649054,1363.3703184083104,1243.3703184083104
denoising-dirty-documents__4cb4122fb9814bf884cdafecf62298e9,cards_senior_0804.jsonl:23,denoising-dirty-documents,easy,top1_majority3,2,0,2,1,1,1.0,0.0,1,-0.04866,-0.04866,0.0,1.0,0.0,0.0,240.3,5440.142480649054,4557.372162240744,4437.372162240744
denoising-dirty-documents__4cb4122fb9814bf884cdafecf62298e9,cards_senior_0804.jsonl:23,denoising-dirty-documents,easy,top1_stdout,2,0,2,1,1,1.0,0.0,1,-0.04866,-0.04866,0.0,1.0,0.0,0.0,240.3,5440.142480649054,4557.372162240744,4437.372162240744
denoising-dirty-documents__4cb4122fb9814bf884cdafecf62298e9,cards_senior_0804.jsonl:23,denoising-dirty-documents,easy,top1_progress,2,0,2,1,1,0.0,0.16197999999999999,1,-0.21064,-0.04866,-0.16197999999999999,0.0,0.0,1.0,240.3,5440.142480649054,1363.3703184083104,1243.3703184083104
denoising-dirty-documents__4cb4122fb9814bf884cdafecf62298e9,cards_senior_0804.jsonl:23,denoising-dirty-documents,easy,top1_stdout_tfidf,2,0,2,1,1,1.0,0.0,1,-0.04866,-0.04866,0.0,1.0,0.0,0.0,240.3,5440.142480649054,4557.372162240744,4437.372162240744
denoising-dirty-documents__4cb4122fb9814bf884cdafecf62298e9,cards_senior_0804.jsonl:23,denoising-dirty-documents,easy,top1_oracle,2,0,2,1,1,1.0,0.0,1,-0.04866,-0.04866,0.0,1.0,0.0,0.0,240.3,5440.142480649054,4557.372162240744,4437.372162240744
denoising-dirty-documents__4cb4122fb9814bf884cdafecf62298e9,cards_senior_0804.jsonl:23,denoising-dirty-documents,easy,top2_random,2,0,2,2,0,1.0,0.0,1,-0.04866,-0.04866,0.0,1.0,0.0,0.0,240.3,5440.142480649054,5680.442480649054,5440.442480649054
denoising-dirty-documents__4cb4122fb9814bf884cdafecf62298e9,cards_senior_0804.jsonl:23,denoising-dirty-documents,easy,top2_tfidf,2,0,2,2,0,1.0,0.0,1,-0.04866,-0.04866,0.0,1.0,0.0,0.0,240.3,5440.142480649054,5680.442480649054,5440.442480649054
denoising-dirty-documents__4cb4122fb9814bf884cdafecf62298e9,cards_senior_0804.jsonl:23,denoising-dirty-documents,easy,top2_oracle,2,0,2,2,0,1.0,0.0,1,-0.04866,-0.04866,0.0,1.0,0.0,0.0,240.3,5440.142480649054,5680.442480649054,5440.442480649054
denoising-dirty-documents__4cb4122fb9814bf884cdafecf62298e9,cards_senior_0804.jsonl:23,denoising-dirty-documents,easy,oracle_gate,2,0,2,2,0,1.0,0.0,1,-0.04866,-0.04866,0.0,1.0,0.0,0.0,240.3,5440.142480649054,5680.442480649054,5440.442480649054
denoising-dirty-documents__4cb4122fb9814bf884cdafecf62298e9,cards_senior_0804.jsonl:23,denoising-dirty-documents,easy,full_external,2,0,2,2,0,1.0,0.0,1,-0.04866,-0.04866,0.0,1.0,0.0,0.0,240.3,5440.142480649054,5440.142480649054,5440.142480649054
denoising-dirty-documents__6dd95edcab0e45559bb741b08b038a76,cards_senior_0731.jsonl:13,denoising-dirty-documents,hard,artifact_only,2,0,2,0,2,0.5,0.001899999999999999,0,nan,-0.01199,nan,0.0,0.0,1.0,240.3,10472.243616238236,240.3,240.3
denoising-dirty-documents__6dd95edcab0e45559bb741b08b038a76,cards_senior_0731.jsonl:13,denoising-dirty-documents,hard,all_escalate,2,0,2,2,0,1.0,0.0,1,-0.01199,-0.01199,0.0,1.0,0.0,0.0,240.3,10472.243616238236,10712.543616238236,10472.543616238236
denoising-dirty-documents__6dd95edcab0e45559bb741b08b038a76,cards_senior_0731.jsonl:13,denoising-dirty-documents,hard,random_gate,2,0,2,2,0,1.0,0.0,1,-0.01199,-0.01199,0.0,1.0,0.0,0.0,240.3,10472.243616238236,10712.543616238236,10472.543616238236
denoising-dirty-documents__6dd95edcab0e45559bb741b08b038a76,cards_senior_0731.jsonl:13,denoising-dirty-documents,hard,tfidf_gate,2,0,2,2,0,1.0,0.0,1,-0.01199,-0.01199,0.0,1.0,0.0,0.0,240.3,10472.243616238236,10712.543616238236,10472.543616238236
denoising-dirty-documents__6dd95edcab0e45559bb741b08b038a76,cards_senior_0731.jsonl:13,denoising-dirty-documents,hard,majority3_gate,2,0,2,2,0,1.0,0.0,1,-0.01199,-0.01199,0.0,1.0,0.0,0.0,240.3,10472.243616238236,10712.543616238236,10472.543616238236
denoising-dirty-documents__6dd95edcab0e45559bb741b08b038a76,cards_senior_0731.jsonl:13,denoising-dirty-documents,hard,unanimous3_gate,2,0,2,2,0,1.0,0.0,1,-0.01199,-0.01199,0.0,1.0,0.0,0.0,240.3,10472.243616238236,10712.543616238236,10472.543616238236
denoising-dirty-documents__6dd95edcab0e45559bb741b08b038a76,cards_senior_0731.jsonl:13,denoising-dirty-documents,hard,top1_random,2,0,2,1,1,1.0,0.0,1,-0.01199,-0.01199,0.0,1.0,0.0,0.0,240.3,10472.243616238236,6256.987997110188,6136.987997110188
denoising-dirty-documents__6dd95edcab0e45559bb741b08b038a76,cards_senior_0731.jsonl:13,denoising-dirty-documents,hard,top1_tfidf,2,0,2,1,1,1.0,0.0,1,-0.01199,-0.01199,0.0,1.0,0.0,0.0,240.3,10472.243616238236,6256.987997110188,6136.987997110188
denoising-dirty-documents__6dd95edcab0e45559bb741b08b038a76,cards_senior_0731.jsonl:13,denoising-dirty-documents,hard,top1_majority3,2,0,2,1,1,1.0,0.0,1,-0.01199,-0.01199,0.0,1.0,0.0,0.0,240.3,10472.243616238236,6256.987997110188,6136.987997110188
denoising-dirty-documents__6dd95edcab0e45559bb741b08b038a76,cards_senior_0731.jsonl:13,denoising-dirty-documents,hard,top1_stdout,2,0,2,1,1,1.0,0.0,1,-0.01199,-0.01199,0.0,1.0,0.0,0.0,240.3,10472.243616238236,6256.987997110188,6136.987997110188
denoising-dirty-documents__6dd95edcab0e45559bb741b08b038a76,cards_senior_0731.jsonl:13,denoising-dirty-documents,hard,top1_progress,2,0,2,1,1,0.0,0.003799999999999998,1,-0.01579,-0.01199,-0.003799999999999998,0.0,0.0,1.0,240.3,10472.243616238236,4695.855619128049,4575.855619128049
denoising-dirty-documents__6dd95edcab0e45559bb741b08b038a76,cards_senior_0731.jsonl:13,denoising-dirty-documents,hard,top1_stdout_tfidf,2,0,2,1,1,1.0,0.0,1,-0.01199,-0.01199,0.0,1.0,0.0,0.0,240.3,10472.243616238236,6256.987997110188,6136.987997110188
denoising-dirty-documents__6dd95edcab0e45559bb741b08b038a76,cards_senior_0731.jsonl:13,denoising-dirty-documents,hard,top1_oracle,2,0,2,1,1,1.0,0.0,1,-0.01199,-0.01199,0.0,1.0,0.0,0.0,240.3,10472.243616238236,6256.987997110188,6136.987997110188
denoising-dirty-documents__6dd95edcab0e45559bb741b08b038a76,cards_senior_0731.jsonl:13,denoising-dirty-documents,hard,top2_random,2,0,2,2,0,1.0,0.0,1,-0.01199,-0.01199,0.0,1.0,0.0,0.0,240.3,10472.243616238236,10712.543616238236,10472.543616238236
denoising-dirty-documents__6dd95edcab0e45559bb741b08b038a76,cards_senior_0731.jsonl:13,denoising-dirty-documents,hard,top2_tfidf,2,0,2,2,0,1.0,0.0,1,-0.01199,-0.01199,0.0,1.0,0.0,0.0,240.3,10472.243616238236,10712.543616238236,10472.543616238236
denoising-dirty-documents__6dd95edcab0e45559bb741b08b038a76,cards_senior_0731.jsonl:13,denoising-dirty-documents,hard,top2_oracle,2,0,2,2,0,1.0,0.0,1,-0.01199,-0.01199,0.0,1.0,0.0,0.0,240.3,10472.243616238236,10712.543616238236,10472.543616238236
denoising-dirty-documents__6dd95edcab0e45559bb741b08b038a76,cards_senior_0731.jsonl:13,denoising-dirty-documents,hard,oracle_gate,2,0,2,2,0,1.0,0.0,1,-0.01199,-0.01199,0.0,1.0,0.0,0.0,240.3,10472.243616238236,10712.543616238236,10472.543616238236
denoising-dirty-documents__6dd95edcab0e45559bb741b08b038a76,cards_senior_0731.jsonl:13,denoising-dirty-documents,hard,full_external,2,0,2,2,0,1.0,0.0,1,-0.01199,-0.01199,0.0,1.0,0.0,0.0,240.3,10472.243616238236,10472.243616238236,10472.243616238236
denoising-dirty-documents__ced9b66826334e169b3a6f5ed4e19ef7,cards_senior_0727.jsonl:11,denoising-dirty-documents,easy,artifact_only,2,0,2,0,2,0.5,0.40197000000000005,0,nan,-0.12557,nan,0.0,0.0,1.0,3.5,964.5409694686532,3.5,3.5
denoising-dirty-documents__ced9b66826334e169b3a6f5ed4e19ef7,cards_senior_0727.jsonl:11,denoising-dirty-documents,easy,all_escalate,2,0,2,2,0,1.0,0.0,1,-0.12557,-0.12557,0.0,1.0,0.0,0.0,3.5,964.5409694686532,968.0409694686532,728.0409694686532
denoising-dirty-documents__ced9b66826334e169b3a6f5ed4e19ef7,cards_senior_0727.jsonl:11,denoising-dirty-documents,easy,random_gate,2,0,2,2,0,1.0,0.0,1,-0.12557,-0.12557,0.0,1.0,0.0,0.0,3.5,964.5409694686532,968.0409694686532,728.0409694686532
denoising-dirty-documents__ced9b66826334e169b3a6f5ed4e19ef7,cards_senior_0727.jsonl:11,denoising-dirty-documents,easy,tfidf_gate,2,0,2,2,0,1.0,0.0,1,-0.12557,-0.12557,0.0,1.0,0.0,0.0,3.5,964.5409694686532,968.0409694686532,728.0409694686532
denoising-dirty-documents__ced9b66826334e169b3a6f5ed4e19ef7,cards_senior_0727.jsonl:11,denoising-dirty-documents,easy,majority3_gate,2,0,2,2,0,1.0,0.0,1,-0.12557,-0.12557,0.0,1.0,0.0,0.0,3.5,964.5409694686532,968.0409694686532,728.0409694686532
denoising-dirty-documents__ced9b66826334e169b3a6f5ed4e19ef7,cards_senior_0727.jsonl:11,denoising-dirty-documents,easy,unanimous3_gate,2,0,2,2,0,1.0,0.0,1,-0.12557,-0.12557,0.0,1.0,0.0,0.0,3.5,964.5409694686532,968.0409694686532,728.0409694686532
denoising-dirty-documents__ced9b66826334e169b3a6f5ed4e19ef7,cards_senior_0727.jsonl:11,denoising-dirty-documents,easy,top1_random,2,0,2,1,1,1.0,0.0,1,-0.12557,-0.12557,0.0,1.0,0.0,0.0,3.5,964.5409694686532,656.3070220723748,536.3070220723748
denoising-dirty-documents__ced9b66826334e169b3a6f5ed4e19ef7,cards_senior_0727.jsonl:11,denoising-dirty-documents,easy,top1_tfidf,2,0,2,1,1,1.0,0.0,1,-0.12557,-0.12557,0.0,1.0,0.0,0.0,3.5,964.5409694686532,656.3070220723748,536.3070220723748
denoising-dirty-documents__ced9b66826334e169b3a6f5ed4e19ef7,cards_senior_0727.jsonl:11,denoising-dirty-documents,easy,top1_majority3,2,0,2,1,1,1.0,0.0,1,-0.12557,-0.12557,0.0,1.0,0.0,0.0,3.5,964.5409694686532,656.3070220723748,536.3070220723748
denoising-dirty-documents__ced9b66826334e169b3a6f5ed4e19ef7,cards_senior_0727.jsonl:11,denoising-dirty-documents,easy,top1_stdout,2,0,2,1,1,0.0,0.80394,1,-0.92951,-0.12557,-0.80394,0.0,0.0,1.0,3.5,964.5409694686532,315.2339473962784,195.23394739627838
denoising-dirty-documents__ced9b66826334e169b3a6f5ed4e19ef7,cards_senior_0727.jsonl:11,denoising-dirty-documents,easy,top1_progress,2,0,2,1,1,0.0,0.80394,1,-0.92951,-0.12557,-0.80394,0.0,0.0,1.0,3.5,964.5409694686532,315.2339473962784,195.23394739627838
denoising-dirty-documents__ced9b66826334e169b3a6f5ed4e19ef7,cards_senior_0727.jsonl:11,denoising-dirty-documents,easy,top1_stdout_tfidf,2,0,2,1,1,1.0,0.0,1,-0.12557,-0.12557,0.0,1.0,0.0,0.0,3.5,964.5409694686532,656.3070220723748,536.3070220723748
denoising-dirty-documents__ced9b66826334e169b3a6f5ed4e19ef7,cards_senior_0727.jsonl:11,denoising-dirty-documents,easy,top1_oracle,2,0,2,1,1,1.0,0.0,1,-0.12557,-0.12557,0.0,1.0,0.0,0.0,3.5,964.5409694686532,656.3070220723748,536.3070220723748
denoising-dirty-documents__ced9b66826334e169b3a6f5ed4e19ef7,cards_senior_0727.jsonl:11,denoising-dirty-documents,easy,top2_random,2,0,2,2,0,1.0,0.0,1,-0.12557,-0.12557,0.0,1.0,0.0,0.0,3.5,964.5409694686532,968.0409694686532,728.0409694686532
denoising-dirty-documents__ced9b66826334e169b3a6f5ed4e19ef7,cards_senior_0727.jsonl:11,denoising-dirty-documents,easy,top2_tfidf,2,0,2,2,0,1.0,0.0,1,-0.12557,-0.12557,0.0,1.0,0.0,0.0,3.5,964.5409694686532,968.0409694686532,728.0409694686532
denoising-dirty-documents__ced9b66826334e169b3a6f5ed4e19ef7,cards_senior_0727.jsonl:11,denoising-dirty-documents,easy,top2_oracle,2,0,2,2,0,1.0,0.0,1,-0.12557,-0.12557,0.0,1.0,0.0,0.0,3.5,964.5409694686532,968.0409694686532,728.0409694686532
denoising-dirty-documents__ced9b66826334e169b3a6f5ed4e19ef7,cards_senior_0727.jsonl:11,denoising-dirty-documents,easy,oracle_gate,2,0,2,2,0,1.0,0.0,1,-0.12557,-0.12557,0.0,1.0,0.0,0.0,3.5,964.5409694686532,968.0409694686532,728.0409694686532
denoising-dirty-documents__ced9b66826334e169b3a6f5ed4e19ef7,cards_senior_0727.jsonl:11,denoising-dirty-documents,easy,full_external,2,0,2,2,0,1.0,0.0,1,-0.12557,-0.12557,0.0,1.0,0.0,0.0,3.5,964.5409694686532,964.5409694686532,964.5409694686532
denoising-dirty-documents__dee39489ceb240ffabbd9e9f3e2deb47,cards_senior_0731.jsonl:13,denoising-dirty-documents,hard,artifact_only,2,0,2,0,2,0.5,0.0024399999999999995,0,nan,-0.01561,nan,0.0,0.0,1.0,240.3,3548.303095214069,240.3,240.3
denoising-dirty-documents__dee39489ceb240ffabbd9e9f3e2deb47,cards_senior_0731.jsonl:13,denoising-dirty-documents,hard,all_escalate,2,0,2,2,0,1.0,0.0,1,-0.01561,-0.01561,0.0,1.0,0.0,0.0,240.3,3548.303095214069,3788.603095214069,3548.603095214069
denoising-dirty-documents__dee39489ceb240ffabbd9e9f3e2deb47,cards_senior_0731.jsonl:13,denoising-dirty-documents,hard,random_gate,2,0,2,2,0,1.0,0.0,1,-0.01561,-0.01561,0.0,1.0,0.0,0.0,240.3,3548.303095214069,3788.603095214069,3548.603095214069
denoising-dirty-documents__dee39489ceb240ffabbd9e9f3e2deb47,cards_senior_0731.jsonl:13,denoising-dirty-documents,hard,tfidf_gate,2,0,2,2,0,1.0,0.0,1,-0.01561,-0.01561,0.0,1.0,0.0,0.0,240.3,3548.303095214069,3788.603095214069,3548.603095214069
denoising-dirty-documents__dee39489ceb240ffabbd9e9f3e2deb47,cards_senior_0731.jsonl:13,denoising-dirty-documents,hard,majority3_gate,2,0,2,2,0,1.0,0.0,1,-0.01561,-0.01561,0.0,1.0,0.0,0.0,240.3,3548.303095214069,3788.603095214069,3548.603095214069
denoising-dirty-documents__dee39489ceb240ffabbd9e9f3e2deb47,cards_senior_0731.jsonl:13,denoising-dirty-documents,hard,unanimous3_gate,2,0,2,2,0,1.0,0.0,1,-0.01561,-0.01561,0.0,1.0,0.0,0.0,240.3,3548.303095214069,3788.603095214069,3548.603095214069
denoising-dirty-documents__dee39489ceb240ffabbd9e9f3e2deb47,cards_senior_0731.jsonl:13,denoising-dirty-documents,hard,top1_random,2,0,2,1,1,0.0,0.004880000000000001,1,-0.02049,-0.01561,-0.004880000000000001,0.0,0.0,1.0,240.3,3548.303095214069,681.6364655226469,561.6364655226469
denoising-dirty-documents__dee39489ceb240ffabbd9e9f3e2deb47,cards_senior_0731.jsonl:13,denoising-dirty-documents,hard,top1_tfidf,2,0,2,1,1,1.0,0.0,1,-0.01561,-0.01561,0.0,1.0,0.0,0.0,240.3,3548.303095214069,3347.266629691422,3227.266629691422
denoising-dirty-documents__dee39489ceb240ffabbd9e9f3e2deb47,cards_senior_0731.jsonl:13,denoising-dirty-documents,hard,top1_majority3,2,0,2,1,1,1.0,0.0,1,-0.01561,-0.01561,0.0,1.0,0.0,0.0,240.3,3548.303095214069,3347.266629691422,3227.266629691422
denoising-dirty-documents__dee39489ceb240ffabbd9e9f3e2deb47,cards_senior_0731.jsonl:13,denoising-dirty-documents,hard,top1_stdout,2,0,2,1,1,1.0,0.0,1,-0.01561,-0.01561,0.0,1.0,0.0,0.0,240.3,3548.303095214069,3347.266629691422,3227.266629691422
denoising-dirty-documents__dee39489ceb240ffabbd9e9f3e2deb47,cards_senior_0731.jsonl:13,denoising-dirty-documents,hard,top1_progress,2,0,2,1,1,1.0,0.0,1,-0.01561,-0.01561,0.0,1.0,0.0,0.0,240.3,3548.303095214069,3347.266629691422,3227.266629691422
denoising-dirty-documents__dee39489ceb240ffabbd9e9f3e2deb47,cards_senior_0731.jsonl:13,denoising-dirty-documents,hard,top1_stdout_tfidf,2,0,2,1,1,1.0,0.0,1,-0.01561,-0.01561,0.0,1.0,0.0,0.0,240.3,3548.303095214069,3347.266629691422,3227.266629691422
denoising-dirty-documents__dee39489ceb240ffabbd9e9f3e2deb47,cards_senior_0731.jsonl:13,denoising-dirty-documents,hard,top1_oracle,2,0,2,1,1,1.0,0.0,1,-0.01561,-0.01561,0.0,1.0,0.0,0.0,240.3,3548.303095214069,3347.266629691422,3227.266629691422
denoising-dirty-documents__dee39489ceb240ffabbd9e9f3e2deb47,cards_senior_0731.jsonl:13,denoising-dirty-documents,hard,top2_random,2,0,2,2,0,1.0,0.0,1,-0.01561,-0.01561,0.0,1.0,0.0,0.0,240.3,3548.303095214069,3788.603095214069,3548.603095214069
denoising-dirty-documents__dee39489ceb240ffabbd9e9f3e2deb47,cards_senior_0731.jsonl:13,denoising-dirty-documents,hard,top2_tfidf,2,0,2,2,0,1.0,0.0,1,-0.01561,-0.01561,0.0,1.0,0.0,0.0,240.3,3548.303095214069,3788.603095214069,3548.603095214069
denoising-dirty-documents__dee39489ceb240ffabbd9e9f3e2deb47,cards_senior_0731.jsonl:13,denoising-dirty-documents,hard,top2_oracle,2,0,2,2,0,1.0,0.0,1,-0.01561,-0.01561,0.0,1.0,0.0,0.0,240.3,3548.303095214069,3788.603095214069,3548.603095214069
denoising-dirty-documents__dee39489ceb240ffabbd9e9f3e2deb47,cards_senior_0731.jsonl:13,denoising-dirty-documents,hard,oracle_gate,2,0,2,2,0,1.0,0.0,1,-0.01561,-0.01561,0.0,1.0,0.0,0.0,240.3,3548.303095214069,3788.603095214069,3548.603095214069
denoising-dirty-documents__dee39489ceb240ffabbd9e9f3e2deb47,cards_senior_0731.jsonl:13,denoising-dirty-documents,hard,full_external,2,0,2,2,0,1.0,0.0,1,-0.01561,-0.01561,0.0,1.0,0.0,0.0,240.3,3548.303095214069,3548.303095214069,3548.303095214069
denoising-dirty-documents__e8ac693c1f134f9fbede2c6e3b7605cf,cards_senior_0804.jsonl:24,denoising-dirty-documents,easy,artifact_only,2,0,2,0,2,0.5,0.06892999999999999,0,nan,-0.04931,nan,0.0,0.0,1.0,240.2,5915.726876862347,240.2,240.2
denoising-dirty-documents__e8ac693c1f134f9fbede2c6e3b7605cf,cards_senior_0804.jsonl:24,denoising-dirty-documents,easy,all_escalate,2,0,2,2,0,1.0,0.0,1,-0.04931,-0.04931,0.0,1.0,0.0,0.0,240.2,5915.726876862347,6155.926876862347,5915.926876862347
denoising-dirty-documents__e8ac693c1f134f9fbede2c6e3b7605cf,cards_senior_0804.jsonl:24,denoising-dirty-documents,easy,random_gate,2,0,2,2,0,1.0,0.0,1,-0.04931,-0.04931,0.0,1.0,0.0,0.0,240.2,5915.726876862347,6155.926876862347,5915.926876862347
denoising-dirty-documents__e8ac693c1f134f9fbede2c6e3b7605cf,cards_senior_0804.jsonl:24,denoising-dirty-documents,easy,tfidf_gate,2,0,2,2,0,1.0,0.0,1,-0.04931,-0.04931,0.0,1.0,0.0,0.0,240.2,5915.726876862347,6155.926876862347,5915.926876862347
denoising-dirty-documents__e8ac693c1f134f9fbede2c6e3b7605cf,cards_senior_0804.jsonl:24,denoising-dirty-documents,easy,majority3_gate,2,0,2,2,0,1.0,0.0,1,-0.04931,-0.04931,0.0,1.0,0.0,0.0,240.2,5915.726876862347,6155.926876862347,5915.926876862347
denoising-dirty-documents__e8ac693c1f134f9fbede2c6e3b7605cf,cards_senior_0804.jsonl:24,denoising-dirty-documents,easy,unanimous3_gate,2,0,2,2,0,1.0,0.0,1,-0.04931,-0.04931,0.0,1.0,0.0,0.0,240.2,5915.726876862347,6155.926876862347,5915.926876862347
denoising-dirty-documents__e8ac693c1f134f9fbede2c6e3b7605cf,cards_senior_0804.jsonl:24,denoising-dirty-documents,easy,top1_random,2,0,2,1,1,0.0,0.13786,1,-0.18717,-0.04931,-0.13786,0.0,0.0,1.0,240.2,5915.726876862347,2603.320783358812,2483.320783358812
denoising-dirty-documents__e8ac693c1f134f9fbede2c6e3b7605cf,cards_senior_0804.jsonl:24,denoising-dirty-documents,easy,top1_tfidf,2,0,2,1,1,1.0,0.0,1,-0.04931,-0.04931,0.0,1.0,0.0,0.0,240.2,5915.726876862347,3792.8060935035346,3672.8060935035346
denoising-dirty-documents__e8ac693c1f134f9fbede2c6e3b7605cf,cards_senior_0804.jsonl:24,denoising-dirty-documents,easy,top1_majority3,2,0,2,1,1,1.0,0.0,1,-0.04931,-0.04931,0.0,1.0,0.0,0.0,240.2,5915.726876862347,3792.8060935035346,3672.8060935035346
denoising-dirty-documents__e8ac693c1f134f9fbede2c6e3b7605cf,cards_senior_0804.jsonl:24,denoising-dirty-documents,easy,top1_stdout,2,0,2,1,1,1.0,0.0,1,-0.04931,-0.04931,0.0,1.0,0.0,0.0,240.2,5915.726876862347,3792.8060935035346,3672.8060935035346
denoising-dirty-documents__e8ac693c1f134f9fbede2c6e3b7605cf,cards_senior_0804.jsonl:24,denoising-dirty-documents,easy,top1_progress,2,0,2,1,1,0.0,0.13786,1,-0.18717,-0.04931,-0.13786,0.0,0.0,1.0,240.2,5915.726876862347,2603.320783358812,2483.320783358812
denoising-dirty-documents__e8ac693c1f134f9fbede2c6e3b7605cf,cards_senior_0804.jsonl:24,denoising-dirty-documents,easy,top1_stdout_tfidf,2,0,2,1,1,1.0,0.0,1,-0.04931,-0.04931,0.0,1.0,0.0,0.0,240.2,5915.726876862347,3792.8060935035346,3672.8060935035346
denoising-dirty-documents__e8ac693c1f134f9fbede2c6e3b7605cf,cards_senior_0804.jsonl:24,denoising-dirty-documents,easy,top1_oracle,2,0,2,1,1,1.0,0.0,1,-0.04931,-0.04931,0.0,1.0,0.0,0.0,240.2,5915.726876862347,3792.8060935035346,3672.8060935035346
denoising-dirty-documents__e8ac693c1f134f9fbede2c6e3b7605cf,cards_senior_0804.jsonl:24,denoising-dirty-documents,easy,top2_random,2,0,2,2,0,1.0,0.0,1,-0.04931,-0.04931,0.0,1.0,0.0,0.0,240.2,5915.726876862347,6155.926876862347,5915.926876862347
denoising-dirty-documents__e8ac693c1f134f9fbede2c6e3b7605cf,cards_senior_0804.jsonl:24,denoising-dirty-documents,easy,top2_tfidf,2,0,2,2,0,1.0,0.0,1,-0.04931,-0.04931,0.0,1.0,0.0,0.0,240.2,5915.726876862347,6155.926876862347,5915.926876862347
denoising-dirty-documents__e8ac693c1f134f9fbede2c6e3b7605cf,cards_senior_0804.jsonl:24,denoising-dirty-documents,easy,top2_oracle,2,0,2,2,0,1.0,0.0,1,-0.04931,-0.04931,0.0,1.0,0.0,0.0,240.2,5915.726876862347,6155.926876862347,5915.926876862347
denoising-dirty-documents__e8ac693c1f134f9fbede2c6e3b7605cf,cards_senior_0804.jsonl:24,denoising-dirty-documents,easy,oracle_gate,2,0,2,2,0,1.0,0.0,1,-0.04931,-0.04931,0.0,1.0,0.0,0.0,240.2,5915.726876862347,6155.926876862347,5915.926876862347
denoising-dirty-documents__e8ac693c1f134f9fbede2c6e3b7605cf,cards_senior_0804.jsonl:24,denoising-dirty-documents,easy,full_external,2,0,2,2,0,1.0,0.0,1,-0.04931,-0.04931,0.0,1.0,0.0,0.0,240.2,5915.726876862347,5915.726876862347,5915.726876862347
denoising-dirty-documents__ec447d8baa434d0faf493d69c4e88a48,cards_senior_0727.jsonl:16,denoising-dirty-documents,hard,artifact_only,2,0,2,0,2,0.5,0.0009650000000000006,0,nan,-0.01728,nan,0.0,0.0,1.0,240.2,5896.142553918064,240.2,240.2
denoising-dirty-documents__ec447d8baa434d0faf493d69c4e88a48,cards_senior_0727.jsonl:16,denoising-dirty-documents,hard,all_escalate,2,0,2,2,0,1.0,0.0,1,-0.01728,-0.01728,0.0,1.0,0.0,0.0,240.2,5896.142553918064,6136.3425539180635,5896.3425539180635
denoising-dirty-documents__ec447d8baa434d0faf493d69c4e88a48,cards_senior_0727.jsonl:16,denoising-dirty-documents,hard,random_gate,2,0,2,2,0,1.0,0.0,1,-0.01728,-0.01728,0.0,1.0,0.0,0.0,240.2,5896.142553918064,6136.3425539180635,5896.3425539180635
denoising-dirty-documents__ec447d8baa434d0faf493d69c4e88a48,cards_senior_0727.jsonl:16,denoising-dirty-documents,hard,tfidf_gate,2,0,2,2,0,1.0,0.0,1,-0.01728,-0.01728,0.0,1.0,0.0,0.0,240.2,5896.142553918064,6136.3425539180635,5896.3425539180635
denoising-dirty-documents__ec447d8baa434d0faf493d69c4e88a48,cards_senior_0727.jsonl:16,denoising-dirty-documents,hard,majority3_gate,2,0,2,2,0,1.0,0.0,1,-0.01728,-0.01728,0.0,1.0,0.0,0.0,240.2,5896.142553918064,6136.3425539180635,5896.3425539180635
denoising-dirty-documents__ec447d8baa434d0faf493d69c4e88a48,cards_senior_0727.jsonl:16,denoising-dirty-documents,hard,unanimous3_gate,2,0,2,2,0,1.0,0.0,1,-0.01728,-0.01728,0.0,1.0,0.0,0.0,240.2,5896.142553918064,6136.3425539180635,5896.3425539180635
denoising-dirty-documents__ec447d8baa434d0faf493d69c4e88a48,cards_senior_0727.jsonl:16,denoising-dirty-documents,hard,top1_random,2,0,2,1,1,1.0,0.0,1,-0.01728,-0.01728,0.0,1.0,0.0,0.0,240.2,5896.142553918064,4727.661624331772,4607.661624331772
denoising-dirty-documents__ec447d8baa434d0faf493d69c4e88a48,cards_senior_0727.jsonl:16,denoising-dirty-documents,hard,top1_tfidf,2,0,2,1,1,1.0,0.0,1,-0.01728,-0.01728,0.0,1.0,0.0,0.0,240.2,5896.142553918064,4727.661624331772,4607.661624331772
denoising-dirty-documents__ec447d8baa434d0faf493d69c4e88a48,cards_senior_0727.jsonl:16,denoising-dirty-documents,hard,top1_majority3,2,0,2,1,1,1.0,0.0,1,-0.01728,-0.01728,0.0,1.0,0.0,0.0,240.2,5896.142553918064,4727.661624331772,4607.661624331772
denoising-dirty-documents__ec447d8baa434d0faf493d69c4e88a48,cards_senior_0727.jsonl:16,denoising-dirty-documents,hard,top1_stdout,2,0,2,1,1,0.0,0.0019300000000000012,1,-0.01921,-0.01728,-0.0019300000000000012,0.0,0.0,1.0,240.2,5896.142553918064,1648.8809295862914,1528.8809295862914
denoising-dirty-documents__ec447d8baa434d0faf493d69c4e88a48,cards_senior_0727.jsonl:16,denoising-dirty-documents,hard,top1_progress,2,0,2,1,1,0.0,0.0019300000000000012,1,-0.01921,-0.01728,-0.0019300000000000012,0.0,0.0,1.0,240.2,5896.142553918064,1648.8809295862914,1528.8809295862914
denoising-dirty-documents__ec447d8baa434d0faf493d69c4e88a48,cards_senior_0727.jsonl:16,denoising-dirty-documents,hard,top1_stdout_tfidf,2,0,2,1,1,0.0,0.0019300000000000012,1,-0.01921,-0.01728,-0.0019300000000000012,0.0,0.0,1.0,240.2,5896.142553918064,1648.8809295862914,1528.8809295862914
denoising-dirty-documents__ec447d8baa434d0faf493d69c4e88a48,cards_senior_0727.jsonl:16,denoising-dirty-documents,hard,top1_oracle,2,0,2,1,1,1.0,0.0,1,-0.01728,-0.01728,0.0,1.0,0.0,0.0,240.2,5896.142553918064,4727.661624331772,4607.661624331772
denoising-dirty-documents__ec447d8baa434d0faf493d69c4e88a48,cards_senior_0727.jsonl:16,denoising-dirty-documents,hard,top2_random,2,0,2,2,0,1.0,0.0,1,-0.01728,-0.01728,0.0,1.0,0.0,0.0,240.2,5896.142553918064,6136.3425539180635,5896.3425539180635
denoising-dirty-documents__ec447d8baa434d0faf493d69c4e88a48,cards_senior_0727.jsonl:16,denoising-dirty-documents,hard,top2_tfidf,2,0,2,2,0,1.0,0.0,1,-0.01728,-0.01728,0.0,1.0,0.0,0.0,240.2,5896.142553918064,6136.3425539180635,5896.3425539180635
denoising-dirty-documents__ec447d8baa434d0faf493d69c4e88a48,cards_senior_0727.jsonl:16,denoising-dirty-documents,hard,top2_oracle,2,0,2,2,0,1.0,0.0,1,-0.01728,-0.01728,0.0,1.0,0.0,0.0,240.2,5896.142553918064,6136.3425539180635,5896.3425539180635
denoising-dirty-documents__ec447d8baa434d0faf493d69c4e88a48,cards_senior_0727.jsonl:16,denoising-dirty-documents,hard,oracle_gate,2,0,2,2,0,1.0,0.0,1,-0.01728,-0.01728,0.0,1.0,0.0,0.0,240.2,5896.142553918064,6136.3425539180635,5896.3425539180635
denoising-dirty-documents__ec447d8baa434d0faf493d69c4e88a48,cards_senior_0727.jsonl:16,denoising-dirty-documents,hard,full_external,2,0,2,2,0,1.0,0.0,1,-0.01728,-0.01728,0.0,1.0,0.0,0.0,240.2,5896.142553918064,5896.142553918064,5896.142553918064
denoising-dirty-documents__fa4eee2f776a44efb0fe1e4e15339553,cards_senior_0731.jsonl:13,denoising-dirty-documents,hard,artifact_only,2,0,2,0,2,0.5,0.0010299999999999997,0,nan,-0.01314,nan,0.0,0.0,1.0,240.2,7291.400309048593,240.2,240.2
denoising-dirty-documents__fa4eee2f776a44efb0fe1e4e15339553,cards_senior_0731.jsonl:13,denoising-dirty-documents,hard,all_escalate,2,0,2,2,0,1.0,0.0,1,-0.01314,-0.01314,0.0,1.0,0.0,0.0,240.2,7291.400309048593,7531.600309048593,7291.600309048593
denoising-dirty-documents__fa4eee2f776a44efb0fe1e4e15339553,cards_senior_0731.jsonl:13,denoising-dirty-documents,hard,random_gate,2,0,2,2,0,1.0,0.0,1,-0.01314,-0.01314,0.0,1.0,0.0,0.0,240.2,7291.400309048593,7531.600309048593,7291.600309048593
denoising-dirty-documents__fa4eee2f776a44efb0fe1e4e15339553,cards_senior_0731.jsonl:13,denoising-dirty-documents,hard,tfidf_gate,2,0,2,2,0,1.0,0.0,1,-0.01314,-0.01314,0.0,1.0,0.0,0.0,240.2,7291.400309048593,7531.600309048593,7291.600309048593
denoising-dirty-documents__fa4eee2f776a44efb0fe1e4e15339553,cards_senior_0731.jsonl:13,denoising-dirty-documents,hard,majority3_gate,2,0,2,2,0,1.0,0.0,1,-0.01314,-0.01314,0.0,1.0,0.0,0.0,240.2,7291.400309048593,7531.600309048593,7291.600309048593
denoising-dirty-documents__fa4eee2f776a44efb0fe1e4e15339553,cards_senior_0731.jsonl:13,denoising-dirty-documents,hard,unanimous3_gate,2,0,2,2,0,1.0,0.0,1,-0.01314,-0.01314,0.0,1.0,0.0,0.0,240.2,7291.400309048593,7531.600309048593,7291.600309048593
denoising-dirty-documents__fa4eee2f776a44efb0fe1e4e15339553,cards_senior_0731.jsonl:13,denoising-dirty-documents,hard,top1_random,2,0,2,1,1,0.0,0.0020599999999999993,1,-0.0152,-0.01314,-0.0020599999999999993,0.0,0.0,1.0,240.2,7291.400309048593,4252.878953021765,4132.878953021765
denoising-dirty-documents__fa4eee2f776a44efb0fe1e4e15339553,cards_senior_0731.jsonl:13,denoising-dirty-documents,hard,top1_tfidf,2,0,2,1,1,0.0,0.0020599999999999993,1,-0.0152,-0.01314,-0.0020599999999999993,0.0,0.0,1.0,240.2,7291.400309048593,4252.878953021765,4132.878953021765
denoising-dirty-documents__fa4eee2f776a44efb0fe1e4e15339553,cards_senior_0731.jsonl:13,denoising-dirty-documents,hard,top1_majority3,2,0,2,1,1,1.0,0.0,1,-0.01314,-0.01314,0.0,1.0,0.0,0.0,240.2,7291.400309048593,3518.921356026828,3398.921356026828
denoising-dirty-documents__fa4eee2f776a44efb0fe1e4e15339553,cards_senior_0731.jsonl:13,denoising-dirty-documents,hard,top1_stdout,2,0,2,1,1,1.0,0.0,1,-0.01314,-0.01314,0.0,1.0,0.0,0.0,240.2,7291.400309048593,3518.921356026828,3398.921356026828
denoising-dirty-documents__fa4eee2f776a44efb0fe1e4e15339553,cards_senior_0731.jsonl:13,denoising-dirty-documents,hard,top1_progress,2,0,2,1,1,1.0,0.0,1,-0.01314,-0.01314,0.0,1.0,0.0,0.0,240.2,7291.400309048593,3518.921356026828,3398.921356026828
denoising-dirty-documents__fa4eee2f776a44efb0fe1e4e15339553,cards_senior_0731.jsonl:13,denoising-dirty-documents,hard,top1_stdout_tfidf,2,0,2,1,1,1.0,0.0,1,-0.01314,-0.01314,0.0,1.0,0.0,0.0,240.2,7291.400309048593,3518.921356026828,3398.921356026828
denoising-dirty-documents__fa4eee2f776a44efb0fe1e4e15339553,cards_senior_0731.jsonl:13,denoising-dirty-documents,hard,top1_oracle,2,0,2,1,1,1.0,0.0,1,-0.01314,-0.01314,0.0,1.0,0.0,0.0,240.2,7291.400309048593,3518.921356026828,3398.921356026828
denoising-dirty-documents__fa4eee2f776a44efb0fe1e4e15339553,cards_senior_0731.jsonl:13,denoising-dirty-documents,hard,top2_random,2,0,2,2,0,1.0,0.0,1,-0.01314,-0.01314,0.0,1.0,0.0,0.0,240.2,7291.400309048593,7531.600309048593,7291.600309048593
denoising-dirty-documents__fa4eee2f776a44efb0fe1e4e15339553,cards_senior_0731.jsonl:13,denoising-dirty-documents,hard,top2_tfidf,2,0,2,2,0,1.0,0.0,1,-0.01314,-0.01314,0.0,1.0,0.0,0.0,240.2,7291.400309048593,7531.600309048593,7291.600309048593
denoising-dirty-documents__fa4eee2f776a44efb0fe1e4e15339553,cards_senior_0731.jsonl:13,denoising-dirty-documents,hard,top2_oracle,2,0,2,2,0,1.0,0.0,1,-0.01314,-0.01314,0.0,1.0,0.0,0.0,240.2,7291.400309048593,7531.600309048593,7291.600309048593
denoising-dirty-documents__fa4eee2f776a44efb0fe1e4e15339553,cards_senior_0731.jsonl:13,denoising-dirty-documents,hard,oracle_gate,2,0,2,2,0,1.0,0.0,1,-0.01314,-0.01314,0.0,1.0,0.0,0.0,240.2,7291.400309048593,7531.600309048593,7291.600309048593
denoising-dirty-documents__fa4eee2f776a44efb0fe1e4e15339553,cards_senior_0731.jsonl:13,denoising-dirty-documents,hard,full_external,2,0,2,2,0,1.0,0.0,1,-0.01314,-0.01314,0.0,1.0,0.0,0.0,240.2,7291.400309048593,7291.400309048593,7291.400309048593
google-quest-challenge__09e3c19539104671ae6c7ac3d25ba513,cards_senior_0806.jsonl:8,google-quest-challenge,easy,artifact_only,2,0,2,0,2,0.5,0.07111,0,nan,0.40648,nan,0.0,0.0,1.0,240.3,2106.5476160738617,240.3,240.3
google-quest-challenge__09e3c19539104671ae6c7ac3d25ba513,cards_senior_0806.jsonl:8,google-quest-challenge,easy,all_escalate,2,0,2,2,0,1.0,0.0,1,0.40648,0.40648,0.0,1.0,0.0,0.0,240.3,2106.5476160738617,2346.847616073862,2106.847616073862
google-quest-challenge__09e3c19539104671ae6c7ac3d25ba513,cards_senior_0806.jsonl:8,google-quest-challenge,easy,random_gate,2,0,2,2,0,1.0,0.0,1,0.40648,0.40648,0.0,1.0,0.0,0.0,240.3,2106.5476160738617,2346.847616073862,2106.847616073862
google-quest-challenge__09e3c19539104671ae6c7ac3d25ba513,cards_senior_0806.jsonl:8,google-quest-challenge,easy,tfidf_gate,2,0,2,2,0,1.0,0.0,1,0.40648,0.40648,0.0,1.0,0.0,0.0,240.3,2106.5476160738617,2346.847616073862,2106.847616073862
google-quest-challenge__09e3c19539104671ae6c7ac3d25ba513,cards_senior_0806.jsonl:8,google-quest-challenge,easy,majority3_gate,2,0,2,2,0,1.0,0.0,1,0.40648,0.40648,0.0,1.0,0.0,0.0,240.3,2106.5476160738617,2346.847616073862,2106.847616073862
google-quest-challenge__09e3c19539104671ae6c7ac3d25ba513,cards_senior_0806.jsonl:8,google-quest-challenge,easy,unanimous3_gate,2,0,2,2,0,1.0,0.0,1,0.40648,0.40648,0.0,1.0,0.0,0.0,240.3,2106.5476160738617,2346.847616073862,2106.847616073862
google-quest-challenge__09e3c19539104671ae6c7ac3d25ba513,cards_senior_0806.jsonl:8,google-quest-challenge,easy,top1_random,2,0,2,1,1,0.0,0.14222,1,0.26426,0.40648,-0.14222,0.0,0.0,1.0,240.3,2106.5476160738617,1136.2771561548113,1016.2771561548113
google-quest-challenge__09e3c19539104671ae6c7ac3d25ba513,cards_senior_0806.jsonl:8,google-quest-challenge,easy,top1_tfidf,2,0,2,1,1,0.0,0.14222,1,0.26426,0.40648,-0.14222,0.0,0.0,1.0,240.3,2106.5476160738617,1136.2771561548113,1016.2771561548113
google-quest-challenge__09e3c19539104671ae6c7ac3d25ba513,cards_senior_0806.jsonl:8,google-quest-challenge,easy,top1_majority3,2,0,2,1,1,0.0,0.14222,1,0.26426,0.40648,-0.14222,0.0,0.0,1.0,240.3,2106.5476160738617,1136.2771561548113,1016.2771561548113
google-quest-challenge__09e3c19539104671ae6c7ac3d25ba513,cards_senior_0806.jsonl:8,google-quest-challenge,easy,top1_stdout,2,0,2,1,1,1.0,0.0,1,0.40648,0.40648,0.0,1.0,0.0,0.0,240.3,2106.5476160738617,1450.8704599190503,1330.8704599190503
google-quest-challenge__09e3c19539104671ae6c7ac3d25ba513,cards_senior_0806.jsonl:8,google-quest-challenge,easy,top1_progress,2,0,2,1,1,1.0,0.0,1,0.40648,0.40648,0.0,1.0,0.0,0.0,240.3,2106.5476160738617,1450.8704599190503,1330.8704599190503
google-quest-challenge__09e3c19539104671ae6c7ac3d25ba513,cards_senior_0806.jsonl:8,google-quest-challenge,easy,top1_stdout_tfidf,2,0,2,1,1,1.0,0.0,1,0.40648,0.40648,0.0,1.0,0.0,0.0,240.3,2106.5476160738617,1450.8704599190503,1330.8704599190503
google-quest-challenge__09e3c19539104671ae6c7ac3d25ba513,cards_senior_0806.jsonl:8,google-quest-challenge,easy,top1_oracle,2,0,2,1,1,1.0,0.0,1,0.40648,0.40648,0.0,1.0,0.0,0.0,240.3,2106.5476160738617,1450.8704599190503,1330.8704599190503
google-quest-challenge__09e3c19539104671ae6c7ac3d25ba513,cards_senior_0806.jsonl:8,google-quest-challenge,easy,top2_random,2,0,2,2,0,1.0,0.0,1,0.40648,0.40648,0.0,1.0,0.0,0.0,240.3,2106.5476160738617,2346.847616073862,2106.847616073862
google-quest-challenge__09e3c19539104671ae6c7ac3d25ba513,cards_senior_0806.jsonl:8,google-quest-challenge,easy,top2_tfidf,2,0,2,2,0,1.0,0.0,1,0.40648,0.40648,0.0,1.0,0.0,0.0,240.3,2106.5476160738617,2346.847616073862,2106.847616073862
google-quest-challenge__09e3c19539104671ae6c7ac3d25ba513,cards_senior_0806.jsonl:8,google-quest-challenge,easy,top2_oracle,2,0,2,2,0,1.0,0.0,1,0.40648,0.40648,0.0,1.0,0.0,0.0,240.3,2106.5476160738617,2346.847616073862,2106.847616073862
google-quest-challenge__09e3c19539104671ae6c7ac3d25ba513,cards_senior_0806.jsonl:8,google-quest-challenge,easy,oracle_gate,2,0,2,2,0,1.0,0.0,1,0.40648,0.40648,0.0,1.0,0.0,0.0,240.3,2106.5476160738617,2346.847616073862,2106.847616073862
google-quest-challenge__09e3c19539104671ae6c7ac3d25ba513,cards_senior_0806.jsonl:8,google-quest-challenge,easy,full_external,2,0,2,2,0,1.0,0.0,1,0.40648,0.40648,0.0,1.0,0.0,0.0,240.3,2106.5476160738617,2106.5476160738617,2106.5476160738617
google-quest-challenge__54d5e9cda21a4099a4d5c8a5900b642d,cards_senior_0731.jsonl:8,google-quest-challenge,hard,artifact_only,2,0,2,0,2,0.5,0.00020000000000003348,0,nan,0.43917,nan,0.0,0.0,1.0,240.4,11458.130039536976,240.4,240.4
google-quest-challenge__54d5e9cda21a4099a4d5c8a5900b642d,cards_senior_0731.jsonl:8,google-quest-challenge,hard,all_escalate,2,0,2,2,0,1.0,0.0,1,0.43917,0.43917,0.0,1.0,0.0,0.0,240.4,11458.130039536976,11698.530039536976,11458.530039536976
google-quest-challenge__54d5e9cda21a4099a4d5c8a5900b642d,cards_senior_0731.jsonl:8,google-quest-challenge,hard,random_gate,2,0,2,2,0,1.0,0.0,1,0.43917,0.43917,0.0,1.0,0.0,0.0,240.4,11458.130039536976,11698.530039536976,11458.530039536976
google-quest-challenge__54d5e9cda21a4099a4d5c8a5900b642d,cards_senior_0731.jsonl:8,google-quest-challenge,hard,tfidf_gate,2,0,2,2,0,1.0,0.0,1,0.43917,0.43917,0.0,1.0,0.0,0.0,240.4,11458.130039536976,11698.530039536976,11458.530039536976
google-quest-challenge__54d5e9cda21a4099a4d5c8a5900b642d,cards_senior_0731.jsonl:8,google-quest-challenge,hard,majority3_gate,2,0,2,2,0,1.0,0.0,1,0.43917,0.43917,0.0,1.0,0.0,0.0,240.4,11458.130039536976,11698.530039536976,11458.530039536976
google-quest-challenge__54d5e9cda21a4099a4d5c8a5900b642d,cards_senior_0731.jsonl:8,google-quest-challenge,hard,unanimous3_gate,2,0,2,2,0,1.0,0.0,1,0.43917,0.43917,0.0,1.0,0.0,0.0,240.4,11458.130039536976,11698.530039536976,11458.530039536976
google-quest-challenge__54d5e9cda21a4099a4d5c8a5900b642d,cards_senior_0731.jsonl:8,google-quest-challenge,hard,top1_random,2,0,2,1,1,1.0,0.0,1,0.43917,0.43917,0.0,1.0,0.0,0.0,240.4,11458.130039536976,6706.460486272996,6586.460486272996
google-quest-challenge__54d5e9cda21a4099a4d5c8a5900b642d,cards_senior_0731.jsonl:8,google-quest-challenge,hard,top1_tfidf,2,0,2,1,1,1.0,0.0,1,0.43917,0.43917,0.0,1.0,0.0,0.0,240.4,11458.130039536976,6706.460486272996,6586.460486272996
google-quest-challenge__54d5e9cda21a4099a4d5c8a5900b642d,cards_senior_0731.jsonl:8,google-quest-challenge,hard,top1_majority3,2,0,2,1,1,1.0,0.0,1,0.43917,0.43917,0.0,1.0,0.0,0.0,240.4,11458.130039536976,6706.460486272996,6586.460486272996
google-quest-challenge__54d5e9cda21a4099a4d5c8a5900b642d,cards_senior_0731.jsonl:8,google-quest-challenge,hard,top1_stdout,2,0,2,1,1,1.0,0.0,1,0.43917,0.43917,0.0,1.0,0.0,0.0,240.4,11458.130039536976,6706.460486272996,6586.460486272996
google-quest-challenge__54d5e9cda21a4099a4d5c8a5900b642d,cards_senior_0731.jsonl:8,google-quest-challenge,hard,top1_progress,2,0,2,1,1,1.0,0.0,1,0.43917,0.43917,0.0,1.0,0.0,0.0,240.4,11458.130039536976,6706.460486272996,6586.460486272996
google-quest-challenge__54d5e9cda21a4099a4d5c8a5900b642d,cards_senior_0731.jsonl:8,google-quest-challenge,hard,top1_stdout_tfidf,2,0,2,1,1,1.0,0.0,1,0.43917,0.43917,0.0,1.0,0.0,0.0,240.4,11458.130039536976,6706.460486272996,6586.460486272996
google-quest-challenge__54d5e9cda21a4099a4d5c8a5900b642d,cards_senior_0731.jsonl:8,google-quest-challenge,hard,top1_oracle,2,0,2,1,1,1.0,0.0,1,0.43917,0.43917,0.0,1.0,0.0,0.0,240.4,11458.130039536976,6706.460486272996,6586.460486272996
google-quest-challenge__54d5e9cda21a4099a4d5c8a5900b642d,cards_senior_0731.jsonl:8,google-quest-challenge,hard,top2_random,2,0,2,2,0,1.0,0.0,1,0.43917,0.43917,0.0,1.0,0.0,0.0,240.4,11458.130039536976,11698.530039536976,11458.530039536976
google-quest-challenge__54d5e9cda21a4099a4d5c8a5900b642d,cards_senior_0731.jsonl:8,google-quest-challenge,hard,top2_tfidf,2,0,2,2,0,1.0,0.0,1,0.43917,0.43917,0.0,1.0,0.0,0.0,240.4,11458.130039536976,11698.530039536976,11458.530039536976
google-quest-challenge__54d5e9cda21a4099a4d5c8a5900b642d,cards_senior_0731.jsonl:8,google-quest-challenge,hard,top2_oracle,2,0,2,2,0,1.0,0.0,1,0.43917,0.43917,0.0,1.0,0.0,0.0,240.4,11458.130039536976,11698.530039536976,11458.530039536976
google-quest-challenge__54d5e9cda21a4099a4d5c8a5900b642d,cards_senior_0731.jsonl:8,google-quest-challenge,hard,oracle_gate,2,0,2,2,0,1.0,0.0,1,0.43917,0.43917,0.0,1.0,0.0,0.0,240.4,11458.130039536976,11698.530039536976,11458.530039536976
google-quest-challenge__54d5e9cda21a4099a4d5c8a5900b642d,cards_senior_0731.jsonl:8,google-quest-challenge,hard,full_external,2,0,2,2,0,1.0,0.0,1,0.43917,0.43917,0.0,1.0,0.0,0.0,240.4,11458.130039536976,11458.130039536976,11458.130039536976
google-quest-challenge__59d05421af854a3ebf13a049f852fca7,cards_senior_0731.jsonl:8,google-quest-challenge,easy,artifact_only,2,1,1,0,1,0.0,0.07211000000000001,1,0.35696,0.42907,-0.07211000000000001,0.0,0.0,1.0,160.9,4621.799937464006,160.9,160.9
google-quest-challenge__59d05421af854a3ebf13a049f852fca7,cards_senior_0731.jsonl:8,google-quest-challenge,easy,all_escalate,2,1,1,1,0,1.0,0.0,1,0.42907,0.42907,0.0,1.0,0.0,0.0,160.9,4621.799937464006,4761.280839613004,4641.280839613004
google-quest-challenge__59d05421af854a3ebf13a049f852fca7,cards_senior_0731.jsonl:8,google-quest-challenge,easy,random_gate,2,1,1,0,1,0.0,0.07211000000000001,1,0.35696,0.42907,-0.07211000000000001,0.0,0.0,1.0,160.9,4621.799937464006,160.9,160.9
google-quest-challenge__59d05421af854a3ebf13a049f852fca7,cards_senior_0731.jsonl:8,google-quest-challenge,easy,tfidf_gate,2,1,1,1,0,1.0,0.0,1,0.42907,0.42907,0.0,1.0,0.0,0.0,160.9,4621.799937464006,4761.280839613004,4641.280839613004
google-quest-challenge__59d05421af854a3ebf13a049f852fca7,cards_senior_0731.jsonl:8,google-quest-challenge,easy,majority3_gate,2,1,1,1,0,1.0,0.0,1,0.42907,0.42907,0.0,1.0,0.0,0.0,160.9,4621.799937464006,4761.280839613004,4641.280839613004
google-quest-challenge__59d05421af854a3ebf13a049f852fca7,cards_senior_0731.jsonl:8,google-quest-challenge,easy,unanimous3_gate,2,1,1,1,0,1.0,0.0,1,0.42907,0.42907,0.0,1.0,0.0,0.0,160.9,4621.799937464006,4761.280839613004,4641.280839613004
google-quest-challenge__59d05421af854a3ebf13a049f852fca7,cards_senior_0731.jsonl:8,google-quest-challenge,easy,top1_random,2,1,1,1,0,1.0,0.0,1,0.42907,0.42907,0.0,1.0,0.0,0.0,160.9,4621.799937464006,4761.280839613004,4641.280839613004
google-quest-challenge__59d05421af854a3ebf13a049f852fca7,cards_senior_0731.jsonl:8,google-quest-challenge,easy,top1_tfidf,2,1,1,1,0,1.0,0.0,1,0.42907,0.42907,0.0,1.0,0.0,0.0,160.9,4621.799937464006,4761.280839613004,4641.280839613004
google-quest-challenge__59d05421af854a3ebf13a049f852fca7,cards_senior_0731.jsonl:8,google-quest-challenge,easy,top1_majority3,2,1,1,1,0,1.0,0.0,1,0.42907,0.42907,0.0,1.0,0.0,0.0,160.9,4621.799937464006,4761.280839613004,4641.280839613004
google-quest-challenge__59d05421af854a3ebf13a049f852fca7,cards_senior_0731.jsonl:8,google-quest-challenge,easy,top1_stdout,2,1,1,1,0,1.0,0.0,1,0.42907,0.42907,0.0,1.0,0.0,0.0,160.9,4621.799937464006,4761.280839613004,4641.280839613004
google-quest-challenge__59d05421af854a3ebf13a049f852fca7,cards_senior_0731.jsonl:8,google-quest-challenge,easy,top1_progress,2,1,1,1,0,1.0,0.0,1,0.42907,0.42907,0.0,1.0,0.0,0.0,160.9,4621.799937464006,4761.280839613004,4641.280839613004
google-quest-challenge__59d05421af854a3ebf13a049f852fca7,cards_senior_0731.jsonl:8,google-quest-challenge,easy,top1_stdout_tfidf,2,1,1,1,0,1.0,0.0,1,0.42907,0.42907,0.0,1.0,0.0,0.0,160.9,4621.799937464006,4761.280839613004,4641.280839613004
google-quest-challenge__59d05421af854a3ebf13a049f852fca7,cards_senior_0731.jsonl:8,google-quest-challenge,easy,top1_oracle,2,1,1,1,0,1.0,0.0,1,0.42907,0.42907,0.0,1.0,0.0,0.0,160.9,4621.799937464006,4761.280839613004,4641.280839613004
google-quest-challenge__59d05421af854a3ebf13a049f852fca7,cards_senior_0731.jsonl:8,google-quest-challenge,easy,top2_random,2,1,1,1,0,1.0,0.0,1,0.42907,0.42907,0.0,1.0,0.0,0.0,160.9,4621.799937464006,4761.280839613004,4641.280839613004
google-quest-challenge__59d05421af854a3ebf13a049f852fca7,cards_senior_0731.jsonl:8,google-quest-challenge,easy,top2_tfidf,2,1,1,1,0,1.0,0.0,1,0.42907,0.42907,0.0,1.0,0.0,0.0,160.9,4621.799937464006,4761.280839613004,4641.280839613004
google-quest-challenge__59d05421af854a3ebf13a049f852fca7,cards_senior_0731.jsonl:8,google-quest-challenge,easy,top2_oracle,2,1,1,1,0,1.0,0.0,1,0.42907,0.42907,0.0,1.0,0.0,0.0,160.9,4621.799937464006,4761.280839613004,4641.280839613004
google-quest-challenge__59d05421af854a3ebf13a049f852fca7,cards_senior_0731.jsonl:8,google-quest-challenge,easy,oracle_gate,2,1,1,1,0,1.0,0.0,1,0.42907,0.42907,0.0,1.0,0.0,0.0,160.9,4621.799937464006,4761.280839613004,4641.280839613004
google-quest-challenge__59d05421af854a3ebf13a049f852fca7,cards_senior_0731.jsonl:8,google-quest-challenge,easy,full_external,2,1,1,2,0,1.0,0.0,1,0.42907,0.42907,0.0,1.0,0.0,0.0,160.9,4621.799937464006,4621.799937464006,4621.799937464006
google-quest-challenge__5bbb739e789e4195ab45d5c9d9e4ef0e,cards_senior_0731.jsonl:8,google-quest-challenge,easy,artifact_only,2,1,1,0,1,0.0,0.06063000000000002,1,0.35696,0.41759,-0.06063000000000002,0.0,0.0,1.0,163.3,774.2440649799828,163.3,163.3
google-quest-challenge__5bbb739e789e4195ab45d5c9d9e4ef0e,cards_senior_0731.jsonl:8,google-quest-challenge,easy,all_escalate,2,1,1,1,0,1.0,0.0,1,0.41759,0.41759,0.0,1.0,0.0,0.0,163.3,774.2440649799828,899.7574767790036,779.7574767790036
google-quest-challenge__5bbb739e789e4195ab45d5c9d9e4ef0e,cards_senior_0731.jsonl:8,google-quest-challenge,easy,random_gate,2,1,1,0,1,0.0,0.06063000000000002,1,0.35696,0.41759,-0.06063000000000002,0.0,0.0,1.0,163.3,774.2440649799828,163.3,163.3
google-quest-challenge__5bbb739e789e4195ab45d5c9d9e4ef0e,cards_senior_0731.jsonl:8,google-quest-challenge,easy,tfidf_gate,2,1,1,1,0,1.0,0.0,1,0.41759,0.41759,0.0,1.0,0.0,0.0,163.3,774.2440649799828,899.7574767790036,779.7574767790036
google-quest-challenge__5bbb739e789e4195ab45d5c9d9e4ef0e,cards_senior_0731.jsonl:8,google-quest-challenge,easy,majority3_gate,2,1,1,1,0,1.0,0.0,1,0.41759,0.41759,0.0,1.0,0.0,0.0,163.3,774.2440649799828,899.7574767790036,779.7574767790036
google-quest-challenge__5bbb739e789e4195ab45d5c9d9e4ef0e,cards_senior_0731.jsonl:8,google-quest-challenge,easy,unanimous3_gate,2,1,1,1,0,1.0,0.0,1,0.41759,0.41759,0.0,1.0,0.0,0.0,163.3,774.2440649799828,899.7574767790036,779.7574767790036
google-quest-challenge__5bbb739e789e4195ab45d5c9d9e4ef0e,cards_senior_0731.jsonl:8,google-quest-challenge,easy,top1_random,2,1,1,1,0,1.0,0.0,1,0.41759,0.41759,0.0,1.0,0.0,0.0,163.3,774.2440649799828,899.7574767790036,779.7574767790036
google-quest-challenge__5bbb739e789e4195ab45d5c9d9e4ef0e,cards_senior_0731.jsonl:8,google-quest-challenge,easy,top1_tfidf,2,1,1,1,0,1.0,0.0,1,0.41759,0.41759,0.0,1.0,0.0,0.0,163.3,774.2440649799828,899.7574767790036,779.7574767790036
google-quest-challenge__5bbb739e789e4195ab45d5c9d9e4ef0e,cards_senior_0731.jsonl:8,google-quest-challenge,easy,top1_majority3,2,1,1,1,0,1.0,0.0,1,0.41759,0.41759,0.0,1.0,0.0,0.0,163.3,774.2440649799828,899.7574767790036,779.7574767790036
google-quest-challenge__5bbb739e789e4195ab45d5c9d9e4ef0e,cards_senior_0731.jsonl:8,google-quest-challenge,easy,top1_stdout,2,1,1,1,0,1.0,0.0,1,0.41759,0.41759,0.0,1.0,0.0,0.0,163.3,774.2440649799828,899.7574767790036,779.7574767790036
google-quest-challenge__5bbb739e789e4195ab45d5c9d9e4ef0e,cards_senior_0731.jsonl:8,google-quest-challenge,easy,top1_progress,2,1,1,1,0,1.0,0.0,1,0.41759,0.41759,0.0,1.0,0.0,0.0,163.3,774.2440649799828,899.7574767790036,779.7574767790036
google-quest-challenge__5bbb739e789e4195ab45d5c9d9e4ef0e,cards_senior_0731.jsonl:8,google-quest-challenge,easy,top1_stdout_tfidf,2,1,1,1,0,1.0,0.0,1,0.41759,0.41759,0.0,1.0,0.0,0.0,163.3,774.2440649799828,899.7574767790036,779.7574767790036
google-quest-challenge__5bbb739e789e4195ab45d5c9d9e4ef0e,cards_senior_0731.jsonl:8,google-quest-challenge,easy,top1_oracle,2,1,1,1,0,1.0,0.0,1,0.41759,0.41759,0.0,1.0,0.0,0.0,163.3,774.2440649799828,899.7574767790036,779.7574767790036
google-quest-challenge__5bbb739e789e4195ab45d5c9d9e4ef0e,cards_senior_0731.jsonl:8,google-quest-challenge,easy,top2_random,2,1,1,1,0,1.0,0.0,1,0.41759,0.41759,0.0,1.0,0.0,0.0,163.3,774.2440649799828,899.7574767790036,779.7574767790036
google-quest-challenge__5bbb739e789e4195ab45d5c9d9e4ef0e,cards_senior_0731.jsonl:8,google-quest-challenge,easy,top2_tfidf,2,1,1,1,0,1.0,0.0,1,0.41759,0.41759,0.0,1.0,0.0,0.0,163.3,774.2440649799828,899.7574767790036,779.7574767790036
google-quest-challenge__5bbb739e789e4195ab45d5c9d9e4ef0e,cards_senior_0731.jsonl:8,google-quest-challenge,easy,top2_oracle,2,1,1,1,0,1.0,0.0,1,0.41759,0.41759,0.0,1.0,0.0,0.0,163.3,774.2440649799828,899.7574767790036,779.7574767790036
google-quest-challenge__5bbb739e789e4195ab45d5c9d9e4ef0e,cards_senior_0731.jsonl:8,google-quest-challenge,easy,oracle_gate,2,1,1,1,0,1.0,0.0,1,0.41759,0.41759,0.0,1.0,0.0,0.0,163.3,774.2440649799828,899.7574767790036,779.7574767790036
google-quest-challenge__5bbb739e789e4195ab45d5c9d9e4ef0e,cards_senior_0731.jsonl:8,google-quest-challenge,easy,full_external,2,1,1,2,0,1.0,0.0,1,0.41759,0.41759,0.0,1.0,0.0,0.0,163.3,774.2440649799828,774.2440649799828,774.2440649799828
google-quest-challenge__9c121e84fa5a451e87b48f608b215dd4,cards_senior_0731.jsonl:8,google-quest-challenge,hard,artifact_only,2,0,2,0,2,0.5,0.0008349999999999747,0,nan,0.43941,nan,0.0,0.0,1.0,240.3,9685.27632703996,240.3,240.3
google-quest-challenge__9c121e84fa5a451e87b48f608b215dd4,cards_senior_0731.jsonl:8,google-quest-challenge,hard,all_escalate,2,0,2,2,0,1.0,0.0,1,0.43941,0.43941,0.0,1.0,0.0,0.0,240.3,9685.27632703996,9925.576327039958,9685.576327039958
google-quest-challenge__9c121e84fa5a451e87b48f608b215dd4,cards_senior_0731.jsonl:8,google-quest-challenge,hard,random_gate,2,0,2,2,0,1.0,0.0,1,0.43941,0.43941,0.0,1.0,0.0,0.0,240.3,9685.27632703996,9925.576327039958,9685.576327039958
google-quest-challenge__9c121e84fa5a451e87b48f608b215dd4,cards_senior_0731.jsonl:8,google-quest-challenge,hard,tfidf_gate,2,0,2,2,0,1.0,0.0,1,0.43941,0.43941,0.0,1.0,0.0,0.0,240.3,9685.27632703996,9925.576327039958,9685.576327039958
google-quest-challenge__9c121e84fa5a451e87b48f608b215dd4,cards_senior_0731.jsonl:8,google-quest-challenge,hard,majority3_gate,2,0,2,2,0,1.0,0.0,1,0.43941,0.43941,0.0,1.0,0.0,0.0,240.3,9685.27632703996,9925.576327039958,9685.576327039958
google-quest-challenge__9c121e84fa5a451e87b48f608b215dd4,cards_senior_0731.jsonl:8,google-quest-challenge,hard,unanimous3_gate,2,0,2,2,0,1.0,0.0,1,0.43941,0.43941,0.0,1.0,0.0,0.0,240.3,9685.27632703996,9925.576327039958,9685.576327039958
google-quest-challenge__9c121e84fa5a451e87b48f608b215dd4,cards_senior_0731.jsonl:8,google-quest-challenge,hard,top1_random,2,0,2,1,1,1.0,0.0,1,0.43941,0.43941,0.0,1.0,0.0,0.0,240.3,9685.27632703996,3310.1301423149825,3190.1301423149825
google-quest-challenge__9c121e84fa5a451e87b48f608b215dd4,cards_senior_0731.jsonl:8,google-quest-challenge,hard,top1_tfidf,2,0,2,1,1,1.0,0.0,1,0.43941,0.43941,0.0,1.0,0.0,0.0,240.3,9685.27632703996,3310.1301423149825,3190.1301423149825
google-quest-challenge__9c121e84fa5a451e87b48f608b215dd4,cards_senior_0731.jsonl:8,google-quest-challenge,hard,top1_majority3,2,0,2,1,1,1.0,0.0,1,0.43941,0.43941,0.0,1.0,0.0,0.0,240.3,9685.27632703996,3310.1301423149825,3190.1301423149825
google-quest-challenge__9c121e84fa5a451e87b48f608b215dd4,cards_senior_0731.jsonl:8,google-quest-challenge,hard,top1_stdout,2,0,2,1,1,0.0,0.0016700000000000048,1,0.43774,0.43941,-0.0016700000000000048,0.0,0.0,1.0,240.3,9685.27632703996,6855.746184724977,6735.746184724977
google-quest-challenge__9c121e84fa5a451e87b48f608b215dd4,cards_senior_0731.jsonl:8,google-quest-challenge,hard,top1_progress,2,0,2,1,1,1.0,0.0,1,0.43941,0.43941,0.0,1.0,0.0,0.0,240.3,9685.27632703996,3310.1301423149825,3190.1301423149825
google-quest-challenge__9c121e84fa5a451e87b48f608b215dd4,cards_senior_0731.jsonl:8,google-quest-challenge,hard,top1_stdout_tfidf,2,0,2,1,1,1.0,0.0,1,0.43941,0.43941,0.0,1.0,0.0,0.0,240.3,9685.27632703996,3310.1301423149825,3190.1301423149825
google-quest-challenge__9c121e84fa5a451e87b48f608b215dd4,cards_senior_0731.jsonl:8,google-quest-challenge,hard,top1_oracle,2,0,2,1,1,1.0,0.0,1,0.43941,0.43941,0.0,1.0,0.0,0.0,240.3,9685.27632703996,3310.1301423149825,3190.1301423149825
google-quest-challenge__9c121e84fa5a451e87b48f608b215dd4,cards_senior_0731.jsonl:8,google-quest-challenge,hard,top2_random,2,0,2,2,0,1.0,0.0,1,0.43941,0.43941,0.0,1.0,0.0,0.0,240.3,9685.27632703996,9925.576327039958,9685.576327039958
google-quest-challenge__9c121e84fa5a451e87b48f608b215dd4,cards_senior_0731.jsonl:8,google-quest-challenge,hard,top2_tfidf,2,0,2,2,0,1.0,0.0,1,0.43941,0.43941,0.0,1.0,0.0,0.0,240.3,9685.27632703996,9925.576327039958,9685.576327039958
google-quest-challenge__9c121e84fa5a451e87b48f608b215dd4,cards_senior_0731.jsonl:8,google-quest-challenge,hard,top2_oracle,2,0,2,2,0,1.0,0.0,1,0.43941,0.43941,0.0,1.0,0.0,0.0,240.3,9685.27632703996,9925.576327039958,9685.576327039958
google-quest-challenge__9c121e84fa5a451e87b48f608b215dd4,cards_senior_0731.jsonl:8,google-quest-challenge,hard,oracle_gate,2,0,2,2,0,1.0,0.0,1,0.43941,0.43941,0.0,1.0,0.0,0.0,240.3,9685.27632703996,9925.576327039958,9685.576327039958
google-quest-challenge__9c121e84fa5a451e87b48f608b215dd4,cards_senior_0731.jsonl:8,google-quest-challenge,hard,full_external,2,0,2,2,0,1.0,0.0,1,0.43941,0.43941,0.0,1.0,0.0,0.0,240.3,9685.27632703996,9685.27632703996,9685.27632703996
google-quest-challenge__9f74747856c543728a41fbad7c6faf26,cards_senior_0731.jsonl:8,google-quest-challenge,hard,artifact_only,2,0,2,0,2,0.5,0.002385000000000026,0,nan,0.43785,nan,0.0,0.0,1.0,240.4,12778.345358970982,240.4,240.4
google-quest-challenge__9f74747856c543728a41fbad7c6faf26,cards_senior_0731.jsonl:8,google-quest-challenge,hard,all_escalate,2,0,2,2,0,1.0,0.0,1,0.43785,0.43785,0.0,1.0,0.0,0.0,240.4,12778.345358970982,13018.745358970982,12778.745358970982
google-quest-challenge__9f74747856c543728a41fbad7c6faf26,cards_senior_0731.jsonl:8,google-quest-challenge,hard,random_gate,2,0,2,2,0,1.0,0.0,1,0.43785,0.43785,0.0,1.0,0.0,0.0,240.4,12778.345358970982,13018.745358970982,12778.745358970982
google-quest-challenge__9f74747856c543728a41fbad7c6faf26,cards_senior_0731.jsonl:8,google-quest-challenge,hard,tfidf_gate,2,0,2,2,0,1.0,0.0,1,0.43785,0.43785,0.0,1.0,0.0,0.0,240.4,12778.345358970982,13018.745358970982,12778.745358970982
google-quest-challenge__9f74747856c543728a41fbad7c6faf26,cards_senior_0731.jsonl:8,google-quest-challenge,hard,majority3_gate,2,0,2,2,0,1.0,0.0,1,0.43785,0.43785,0.0,1.0,0.0,0.0,240.4,12778.345358970982,13018.745358970982,12778.745358970982
google-quest-challenge__9f74747856c543728a41fbad7c6faf26,cards_senior_0731.jsonl:8,google-quest-challenge,hard,unanimous3_gate,2,0,2,2,0,1.0,0.0,1,0.43785,0.43785,0.0,1.0,0.0,0.0,240.4,12778.345358970982,13018.745358970982,12778.745358970982
google-quest-challenge__9f74747856c543728a41fbad7c6faf26,cards_senior_0731.jsonl:8,google-quest-challenge,hard,top1_random,2,0,2,1,1,0.0,0.0047699999999999965,1,0.43308,0.43785,-0.0047699999999999965,0.0,0.0,1.0,240.4,12778.345358970982,6484.472726363985,6364.472726363985
google-quest-challenge__9f74747856c543728a41fbad7c6faf26,cards_senior_0731.jsonl:8,google-quest-challenge,hard,top1_tfidf,2,0,2,1,1,1.0,0.0,1,0.43785,0.43785,0.0,1.0,0.0,0.0,240.4,12778.345358970982,6774.672632606997,6654.672632606997
google-quest-challenge__9f74747856c543728a41fbad7c6faf26,cards_senior_0731.jsonl:8,google-quest-challenge,hard,top1_majority3,2,0,2,1,1,1.0,0.0,1,0.43785,0.43785,0.0,1.0,0.0,0.0,240.4,12778.345358970982,6774.672632606997,6654.672632606997
google-quest-challenge__9f74747856c543728a41fbad7c6faf26,cards_senior_0731.jsonl:8,google-quest-challenge,hard,top1_stdout,2,0,2,1,1,0.0,0.0047699999999999965,1,0.43308,0.43785,-0.0047699999999999965,0.0,0.0,1.0,240.4,12778.345358970982,6484.472726363985,6364.472726363985
google-quest-challenge__9f74747856c543728a41fbad7c6faf26,cards_senior_0731.jsonl:8,google-quest-challenge,hard,top1_progress,2,0,2,1,1,0.0,0.0047699999999999965,1,0.43308,0.43785,-0.0047699999999999965,0.0,0.0,1.0,240.4,12778.345358970982,6484.472726363985,6364.472726363985
google-quest-challenge__9f74747856c543728a41fbad7c6faf26,cards_senior_0731.jsonl:8,google-quest-challenge,hard,top1_stdout_tfidf,2,0,2,1,1,1.0,0.0,1,0.43785,0.43785,0.0,1.0,0.0,0.0,240.4,12778.345358970982,6774.672632606997,6654.672632606997
google-quest-challenge__9f74747856c543728a41fbad7c6faf26,cards_senior_0731.jsonl:8,google-quest-challenge,hard,top1_oracle,2,0,2,1,1,1.0,0.0,1,0.43785,0.43785,0.0,1.0,0.0,0.0,240.4,12778.345358970982,6774.672632606997,6654.672632606997
google-quest-challenge__9f74747856c543728a41fbad7c6faf26,cards_senior_0731.jsonl:8,google-quest-challenge,hard,top2_random,2,0,2,2,0,1.0,0.0,1,0.43785,0.43785,0.0,1.0,0.0,0.0,240.4,12778.345358970982,13018.745358970982,12778.745358970982
google-quest-challenge__9f74747856c543728a41fbad7c6faf26,cards_senior_0731.jsonl:8,google-quest-challenge,hard,top2_tfidf,2,0,2,2,0,1.0,0.0,1,0.43785,0.43785,0.0,1.0,0.0,0.0,240.4,12778.345358970982,13018.745358970982,12778.745358970982
google-quest-challenge__9f74747856c543728a41fbad7c6faf26,cards_senior_0731.jsonl:8,google-quest-challenge,hard,top2_oracle,2,0,2,2,0,1.0,0.0,1,0.43785,0.43785,0.0,1.0,0.0,0.0,240.4,12778.345358970982,13018.745358970982,12778.745358970982
google-quest-challenge__9f74747856c543728a41fbad7c6faf26,cards_senior_0731.jsonl:8,google-quest-challenge,hard,oracle_gate,2,0,2,2,0,1.0,0.0,1,0.43785,0.43785,0.0,1.0,0.0,0.0,240.4,12778.345358970982,13018.745358970982,12778.745358970982
google-quest-challenge__9f74747856c543728a41fbad7c6faf26,cards_senior_0731.jsonl:8,google-quest-challenge,hard,full_external,2,0,2,2,0,1.0,0.0,1,0.43785,0.43785,0.0,1.0,0.0,0.0,240.4,12778.345358970982,12778.345358970982,12778.345358970982
google-quest-challenge__af65cdfcccea47739bbbd7014fb7f5d6,cards_senior_0731.jsonl:8,google-quest-challenge,hard,artifact_only,2,0,2,0,2,0.5,0.003635000000000055,0,nan,0.44008,nan,0.0,0.0,1.0,240.3,12051.353250257991,240.3,240.3
google-quest-challenge__af65cdfcccea47739bbbd7014fb7f5d6,cards_senior_0731.jsonl:8,google-quest-challenge,hard,all_escalate,2,0,2,2,0,1.0,0.0,1,0.44008,0.44008,0.0,1.0,0.0,0.0,240.3,12051.353250257991,12291.65325025799,12051.65325025799
google-quest-challenge__af65cdfcccea47739bbbd7014fb7f5d6,cards_senior_0731.jsonl:8,google-quest-challenge,hard,random_gate,2,0,2,2,0,1.0,0.0,1,0.44008,0.44008,0.0,1.0,0.0,0.0,240.3,12051.353250257991,12291.65325025799,12051.65325025799
google-quest-challenge__af65cdfcccea47739bbbd7014fb7f5d6,cards_senior_0731.jsonl:8,google-quest-challenge,hard,tfidf_gate,2,0,2,2,0,1.0,0.0,1,0.44008,0.44008,0.0,1.0,0.0,0.0,240.3,12051.353250257991,12291.65325025799,12051.65325025799
google-quest-challenge__af65cdfcccea47739bbbd7014fb7f5d6,cards_senior_0731.jsonl:8,google-quest-challenge,hard,majority3_gate,2,0,2,2,0,1.0,0.0,1,0.44008,0.44008,0.0,1.0,0.0,0.0,240.3,12051.353250257991,12291.65325025799,12051.65325025799
google-quest-challenge__af65cdfcccea47739bbbd7014fb7f5d6,cards_senior_0731.jsonl:8,google-quest-challenge,hard,unanimous3_gate,2,0,2,2,0,1.0,0.0,1,0.44008,0.44008,0.0,1.0,0.0,0.0,240.3,12051.353250257991,12291.65325025799,12051.65325025799
google-quest-challenge__af65cdfcccea47739bbbd7014fb7f5d6,cards_senior_0731.jsonl:8,google-quest-challenge,hard,top1_random,2,0,2,1,1,1.0,0.0,1,0.44008,0.44008,0.0,1.0,0.0,0.0,240.3,12051.353250257991,6017.987921629986,5897.987921629986
google-quest-challenge__af65cdfcccea47739bbbd7014fb7f5d6,cards_senior_0731.jsonl:8,google-quest-challenge,hard,top1_tfidf,2,0,2,1,1,0.0,0.007270000000000054,1,0.43281,0.44008,-0.007270000000000054,0.0,0.0,1.0,240.3,12051.353250257991,6513.965328628005,6393.965328628005
google-quest-challenge__af65cdfcccea47739bbbd7014fb7f5d6,cards_senior_0731.jsonl:8,google-quest-challenge,hard,top1_majority3,2,0,2,1,1,0.0,0.007270000000000054,1,0.43281,0.44008,-0.007270000000000054,0.0,0.0,1.0,240.3,12051.353250257991,6513.965328628005,6393.965328628005
google-quest-challenge__af65cdfcccea47739bbbd7014fb7f5d6,cards_senior_0731.jsonl:8,google-quest-challenge,hard,top1_stdout,2,0,2,1,1,0.0,0.007270000000000054,1,0.43281,0.44008,-0.007270000000000054,0.0,0.0,1.0,240.3,12051.353250257991,6513.965328628005,6393.965328628005
google-quest-challenge__af65cdfcccea47739bbbd7014fb7f5d6,cards_senior_0731.jsonl:8,google-quest-challenge,hard,top1_progress,2,0,2,1,1,1.0,0.0,1,0.44008,0.44008,0.0,1.0,0.0,0.0,240.3,12051.353250257991,6017.987921629986,5897.987921629986
google-quest-challenge__af65cdfcccea47739bbbd7014fb7f5d6,cards_senior_0731.jsonl:8,google-quest-challenge,hard,top1_stdout_tfidf,2,0,2,1,1,0.0,0.007270000000000054,1,0.43281,0.44008,-0.007270000000000054,0.0,0.0,1.0,240.3,12051.353250257991,6513.965328628005,6393.965328628005
google-quest-challenge__af65cdfcccea47739bbbd7014fb7f5d6,cards_senior_0731.jsonl:8,google-quest-challenge,hard,top1_oracle,2,0,2,1,1,1.0,0.0,1,0.44008,0.44008,0.0,1.0,0.0,0.0,240.3,12051.353250257991,6017.987921629986,5897.987921629986
google-quest-challenge__af65cdfcccea47739bbbd7014fb7f5d6,cards_senior_0731.jsonl:8,google-quest-challenge,hard,top2_random,2,0,2,2,0,1.0,0.0,1,0.44008,0.44008,0.0,1.0,0.0,0.0,240.3,12051.353250257991,12291.65325025799,12051.65325025799
google-quest-challenge__af65cdfcccea47739bbbd7014fb7f5d6,cards_senior_0731.jsonl:8,google-quest-challenge,hard,top2_tfidf,2,0,2,2,0,1.0,0.0,1,0.44008,0.44008,0.0,1.0,0.0,0.0,240.3,12051.353250257991,12291.65325025799,12051.65325025799
google-quest-challenge__af65cdfcccea47739bbbd7014fb7f5d6,cards_senior_0731.jsonl:8,google-quest-challenge,hard,top2_oracle,2,0,2,2,0,1.0,0.0,1,0.44008,0.44008,0.0,1.0,0.0,0.0,240.3,12051.353250257991,12291.65325025799,12051.65325025799
google-quest-challenge__af65cdfcccea47739bbbd7014fb7f5d6,cards_senior_0731.jsonl:8,google-quest-challenge,hard,oracle_gate,2,0,2,2,0,1.0,0.0,1,0.44008,0.44008,0.0,1.0,0.0,0.0,240.3,12051.353250257991,12291.65325025799,12051.65325025799
google-quest-challenge__af65cdfcccea47739bbbd7014fb7f5d6,cards_senior_0731.jsonl:8,google-quest-challenge,hard,full_external,2,0,2,2,0,1.0,0.0,1,0.44008,0.44008,0.0,1.0,0.0,0.0,240.3,12051.353250257991,12051.353250257991,12051.353250257991
kuzushiji-recognition__121ed223cdb04e059635cad9a797bd87,cards_senior_0806.jsonl:13,kuzushiji-recognition,easy,artifact_only,2,0,2,0,2,0.5,0.30362999999999996,0,nan,0.72781,nan,0.0,0.0,1.0,172.7,3921.0252232720377,172.7,172.7
kuzushiji-recognition__121ed223cdb04e059635cad9a797bd87,cards_senior_0806.jsonl:13,kuzushiji-recognition,easy,all_escalate,2,0,2,2,0,1.0,0.0,1,0.72781,0.72781,0.0,1.0,0.0,0.0,172.7,3921.0252232720377,4093.7252232720375,3853.7252232720375
kuzushiji-recognition__121ed223cdb04e059635cad9a797bd87,cards_senior_0806.jsonl:13,kuzushiji-recognition,easy,random_gate,2,0,2,2,0,1.0,0.0,1,0.72781,0.72781,0.0,1.0,0.0,0.0,172.7,3921.0252232720377,4093.7252232720375,3853.7252232720375
kuzushiji-recognition__121ed223cdb04e059635cad9a797bd87,cards_senior_0806.jsonl:13,kuzushiji-recognition,easy,tfidf_gate,2,0,2,2,0,1.0,0.0,1,0.72781,0.72781,0.0,1.0,0.0,0.0,172.7,3921.0252232720377,4093.7252232720375,3853.7252232720375
kuzushiji-recognition__121ed223cdb04e059635cad9a797bd87,cards_senior_0806.jsonl:13,kuzushiji-recognition,easy,majority3_gate,2,0,2,2,0,1.0,0.0,1,0.72781,0.72781,0.0,1.0,0.0,0.0,172.7,3921.0252232720377,4093.7252232720375,3853.7252232720375
kuzushiji-recognition__121ed223cdb04e059635cad9a797bd87,cards_senior_0806.jsonl:13,kuzushiji-recognition,easy,unanimous3_gate,2,0,2,2,0,1.0,0.0,1,0.72781,0.72781,0.0,1.0,0.0,0.0,172.7,3921.0252232720377,4093.7252232720375,3853.7252232720375
kuzushiji-recognition__121ed223cdb04e059635cad9a797bd87,cards_senior_0806.jsonl:13,kuzushiji-recognition,easy,top1_random,2,0,2,1,1,0.0,0.6072599999999999,1,0.12055,0.72781,-0.6072599999999999,0.0,0.0,1.0,172.7,3921.0252232720377,1527.4162224240602,1407.4162224240602
kuzushiji-recognition__121ed223cdb04e059635cad9a797bd87,cards_senior_0806.jsonl:13,kuzushiji-recognition,easy,top1_tfidf,2,0,2,1,1,0.0,0.6072599999999999,1,0.12055,0.72781,-0.6072599999999999,0.0,0.0,1.0,172.7,3921.0252232720377,1527.4162224240602,1407.4162224240602
kuzushiji-recognition__121ed223cdb04e059635cad9a797bd87,cards_senior_0806.jsonl:13,kuzushiji-recognition,easy,top1_majority3,2,0,2,1,1,0.0,0.6072599999999999,1,0.12055,0.72781,-0.6072599999999999,0.0,0.0,1.0,172.7,3921.0252232720377,1527.4162224240602,1407.4162224240602
kuzushiji-recognition__121ed223cdb04e059635cad9a797bd87,cards_senior_0806.jsonl:13,kuzushiji-recognition,easy,top1_stdout,2,0,2,1,1,1.0,0.0,1,0.72781,0.72781,0.0,1.0,0.0,0.0,172.7,3921.0252232720377,2739.0090008479774,2619.0090008479774
kuzushiji-recognition__121ed223cdb04e059635cad9a797bd87,cards_senior_0806.jsonl:13,kuzushiji-recognition,easy,top1_progress,2,0,2,1,1,1.0,0.0,1,0.72781,0.72781,0.0,1.0,0.0,0.0,172.7,3921.0252232720377,2739.0090008479774,2619.0090008479774
kuzushiji-recognition__121ed223cdb04e059635cad9a797bd87,cards_senior_0806.jsonl:13,kuzushiji-recognition,easy,top1_stdout_tfidf,2,0,2,1,1,0.0,0.6072599999999999,1,0.12055,0.72781,-0.6072599999999999,0.0,0.0,1.0,172.7,3921.0252232720377,1527.4162224240602,1407.4162224240602
kuzushiji-recognition__121ed223cdb04e059635cad9a797bd87,cards_senior_0806.jsonl:13,kuzushiji-recognition,easy,top1_oracle,2,0,2,1,1,1.0,0.0,1,0.72781,0.72781,0.0,1.0,0.0,0.0,172.7,3921.0252232720377,2739.0090008479774,2619.0090008479774
kuzushiji-recognition__121ed223cdb04e059635cad9a797bd87,cards_senior_0806.jsonl:13,kuzushiji-recognition,easy,top2_random,2,0,2,2,0,1.0,0.0,1,0.72781,0.72781,0.0,1.0,0.0,0.0,172.7,3921.0252232720377,4093.7252232720375,3853.7252232720375
kuzushiji-recognition__121ed223cdb04e059635cad9a797bd87,cards_senior_0806.jsonl:13,kuzushiji-recognition,easy,top2_tfidf,2,0,2,2,0,1.0,0.0,1,0.72781,0.72781,0.0,1.0,0.0,0.0,172.7,3921.0252232720377,4093.7252232720375,3853.7252232720375
kuzushiji-recognition__121ed223cdb04e059635cad9a797bd87,cards_senior_0806.jsonl:13,kuzushiji-recognition,easy,top2_oracle,2,0,2,2,0,1.0,0.0,1,0.72781,0.72781,0.0,1.0,0.0,0.0,172.7,3921.0252232720377,4093.7252232720375,3853.7252232720375
kuzushiji-recognition__121ed223cdb04e059635cad9a797bd87,cards_senior_0806.jsonl:13,kuzushiji-recognition,easy,oracle_gate,2,0,2,2,0,1.0,0.0,1,0.72781,0.72781,0.0,1.0,0.0,0.0,172.7,3921.0252232720377,4093.7252232720375,3853.7252232720375
kuzushiji-recognition__121ed223cdb04e059635cad9a797bd87,cards_senior_0806.jsonl:13,kuzushiji-recognition,easy,full_external,2,0,2,2,0,1.0,0.0,1,0.72781,0.72781,0.0,1.0,0.0,0.0,172.7,3921.0252232720377,3921.0252232720377,3921.0252232720377
kuzushiji-recognition__4dd7be980ff84ddba2cf9058c2885427,cards_senior_0804.jsonl:10,kuzushiji-recognition,hard,artifact_only,2,0,2,0,2,0.5,0.004790000000000072,0,nan,0.65832,nan,0.0,0.0,1.0,240.4,4745.1295155209955,240.4,240.4
kuzushiji-recognition__4dd7be980ff84ddba2cf9058c2885427,cards_senior_0804.jsonl:10,kuzushiji-recognition,hard,all_escalate,2,0,2,2,0,1.0,0.0,1,0.65832,0.65832,0.0,1.0,0.0,0.0,240.4,4745.1295155209955,4985.529515520995,4745.529515520995
kuzushiji-recognition__4dd7be980ff84ddba2cf9058c2885427,cards_senior_0804.jsonl:10,kuzushiji-recognition,hard,random_gate,2,0,2,2,0,1.0,0.0,1,0.65832,0.65832,0.0,1.0,0.0,0.0,240.4,4745.1295155209955,4985.529515520995,4745.529515520995
kuzushiji-recognition__4dd7be980ff84ddba2cf9058c2885427,cards_senior_0804.jsonl:10,kuzushiji-recognition,hard,tfidf_gate,2,0,2,2,0,1.0,0.0,1,0.65832,0.65832,0.0,1.0,0.0,0.0,240.4,4745.1295155209955,4985.529515520995,4745.529515520995
kuzushiji-recognition__4dd7be980ff84ddba2cf9058c2885427,cards_senior_0804.jsonl:10,kuzushiji-recognition,hard,majority3_gate,2,0,2,2,0,1.0,0.0,1,0.65832,0.65832,0.0,1.0,0.0,0.0,240.4,4745.1295155209955,4985.529515520995,4745.529515520995
kuzushiji-recognition__4dd7be980ff84ddba2cf9058c2885427,cards_senior_0804.jsonl:10,kuzushiji-recognition,hard,unanimous3_gate,2,0,2,2,0,1.0,0.0,1,0.65832,0.65832,0.0,1.0,0.0,0.0,240.4,4745.1295155209955,4985.529515520995,4745.529515520995
kuzushiji-recognition__4dd7be980ff84ddba2cf9058c2885427,cards_senior_0804.jsonl:10,kuzushiji-recognition,hard,top1_random,2,0,2,1,1,0.0,0.009580000000000033,1,0.64874,0.65832,-0.009580000000000033,0.0,0.0,1.0,240.4,4745.1295155209955,3097.473420931003,2977.473420931003
kuzushiji-recognition__4dd7be980ff84ddba2cf9058c2885427,cards_senior_0804.jsonl:10,kuzushiji-recognition,hard,top1_tfidf,2,0,2,1,1,0.0,0.009580000000000033,1,0.64874,0.65832,-0.009580000000000033,0.0,0.0,1.0,240.4,4745.1295155209955,3097.473420931003,2977.473420931003
kuzushiji-recognition__4dd7be980ff84ddba2cf9058c2885427,cards_senior_0804.jsonl:10,kuzushiji-recognition,hard,top1_majority3,2,0,2,1,1,1.0,0.0,1,0.65832,0.65832,0.0,1.0,0.0,0.0,240.4,4745.1295155209955,2128.4560945899925,2008.4560945899925
kuzushiji-recognition__4dd7be980ff84ddba2cf9058c2885427,cards_senior_0804.jsonl:10,kuzushiji-recognition,hard,top1_stdout,2,0,2,1,1,1.0,0.0,1,0.65832,0.65832,0.0,1.0,0.0,0.0,240.4,4745.1295155209955,2128.4560945899925,2008.4560945899925
kuzushiji-recognition__4dd7be980ff84ddba2cf9058c2885427,cards_senior_0804.jsonl:10,kuzushiji-recognition,hard,top1_progress,2,0,2,1,1,1.0,0.0,1,0.65832,0.65832,0.0,1.0,0.0,0.0,240.4,4745.1295155209955,2128.4560945899925,2008.4560945899925
kuzushiji-recognition__4dd7be980ff84ddba2cf9058c2885427,cards_senior_0804.jsonl:10,kuzushiji-recognition,hard,top1_stdout_tfidf,2,0,2,1,1,0.0,0.009580000000000033,1,0.64874,0.65832,-0.009580000000000033,0.0,0.0,1.0,240.4,4745.1295155209955,3097.473420931003,2977.473420931003
kuzushiji-recognition__4dd7be980ff84ddba2cf9058c2885427,cards_senior_0804.jsonl:10,kuzushiji-recognition,hard,top1_oracle,2,0,2,1,1,1.0,0.0,1,0.65832,0.65832,0.0,1.0,0.0,0.0,240.4,4745.1295155209955,2128.4560945899925,2008.4560945899925
kuzushiji-recognition__4dd7be980ff84ddba2cf9058c2885427,cards_senior_0804.jsonl:10,kuzushiji-recognition,hard,top2_random,2,0,2,2,0,1.0,0.0,1,0.65832,0.65832,0.0,1.0,0.0,0.0,240.4,4745.1295155209955,4985.529515520995,4745.529515520995
kuzushiji-recognition__4dd7be980ff84ddba2cf9058c2885427,cards_senior_0804.jsonl:10,kuzushiji-recognition,hard,top2_tfidf,2,0,2,2,0,1.0,0.0,1,0.65832,0.65832,0.0,1.0,0.0,0.0,240.4,4745.1295155209955,4985.529515520995,4745.529515520995
kuzushiji-recognition__4dd7be980ff84ddba2cf9058c2885427,cards_senior_0804.jsonl:10,kuzushiji-recognition,hard,top2_oracle,2,0,2,2,0,1.0,0.0,1,0.65832,0.65832,0.0,1.0,0.0,0.0,240.4,4745.1295155209955,4985.529515520995,4745.529515520995
kuzushiji-recognition__4dd7be980ff84ddba2cf9058c2885427,cards_senior_0804.jsonl:10,kuzushiji-recognition,hard,oracle_gate,2,0,2,2,0,1.0,0.0,1,0.65832,0.65832,0.0,1.0,0.0,0.0,240.4,4745.1295155209955,4985.529515520995,4745.529515520995
kuzushiji-recognition__4dd7be980ff84ddba2cf9058c2885427,cards_senior_0804.jsonl:10,kuzushiji-recognition,hard,full_external,2,0,2,2,0,1.0,0.0,1,0.65832,0.65832,0.0,1.0,0.0,0.0,240.4,4745.1295155209955,4745.1295155209955,4745.1295155209955
kuzushiji-recognition__ad92a6e36fda4465b4ac7e307e5a71cb,cards_senior_0806.jsonl:13,kuzushiji-recognition,easy,artifact_only,2,0,2,0,2,0.5,0.011915000000000009,0,nan,0.77751,nan,0.0,0.0,1.0,240.4,3844.2719122660346,240.4,240.4
kuzushiji-recognition__ad92a6e36fda4465b4ac7e307e5a71cb,cards_senior_0806.jsonl:13,kuzushiji-recognition,easy,all_escalate,2,0,2,2,0,1.0,0.0,1,0.77751,0.77751,0.0,1.0,0.0,0.0,240.4,3844.2719122660346,4084.6719122660347,3844.6719122660347
kuzushiji-recognition__ad92a6e36fda4465b4ac7e307e5a71cb,cards_senior_0806.jsonl:13,kuzushiji-recognition,easy,random_gate,2,0,2,2,0,1.0,0.0,1,0.77751,0.77751,0.0,1.0,0.0,0.0,240.4,3844.2719122660346,4084.6719122660347,3844.6719122660347
kuzushiji-recognition__ad92a6e36fda4465b4ac7e307e5a71cb,cards_senior_0806.jsonl:13,kuzushiji-recognition,easy,tfidf_gate,2,0,2,2,0,1.0,0.0,1,0.77751,0.77751,0.0,1.0,0.0,0.0,240.4,3844.2719122660346,4084.6719122660347,3844.6719122660347
kuzushiji-recognition__ad92a6e36fda4465b4ac7e307e5a71cb,cards_senior_0806.jsonl:13,kuzushiji-recognition,easy,majority3_gate,2,0,2,2,0,1.0,0.0,1,0.77751,0.77751,0.0,1.0,0.0,0.0,240.4,3844.2719122660346,4084.6719122660347,3844.6719122660347
kuzushiji-recognition__ad92a6e36fda4465b4ac7e307e5a71cb,cards_senior_0806.jsonl:13,kuzushiji-recognition,easy,unanimous3_gate,2,0,2,2,0,1.0,0.0,1,0.77751,0.77751,0.0,1.0,0.0,0.0,240.4,3844.2719122660346,4084.6719122660347,3844.6719122660347
kuzushiji-recognition__ad92a6e36fda4465b4ac7e307e5a71cb,cards_senior_0806.jsonl:13,kuzushiji-recognition,easy,top1_random,2,0,2,1,1,0.0,0.023830000000000018,1,0.75368,0.77751,-0.023830000000000018,0.0,0.0,1.0,240.4,3844.2719122660346,1474.6685566940346,1354.6685566940346
kuzushiji-recognition__ad92a6e36fda4465b4ac7e307e5a71cb,cards_senior_0806.jsonl:13,kuzushiji-recognition,easy,top1_tfidf,2,0,2,1,1,0.0,0.023830000000000018,1,0.75368,0.77751,-0.023830000000000018,0.0,0.0,1.0,240.4,3844.2719122660346,1474.6685566940346,1354.6685566940346
kuzushiji-recognition__ad92a6e36fda4465b4ac7e307e5a71cb,cards_senior_0806.jsonl:13,kuzushiji-recognition,easy,top1_majority3,2,0,2,1,1,0.0,0.023830000000000018,1,0.75368,0.77751,-0.023830000000000018,0.0,0.0,1.0,240.4,3844.2719122660346,1474.6685566940346,1354.6685566940346
kuzushiji-recognition__ad92a6e36fda4465b4ac7e307e5a71cb,cards_senior_0806.jsonl:13,kuzushiji-recognition,easy,top1_stdout,2,0,2,1,1,0.0,0.023830000000000018,1,0.75368,0.77751,-0.023830000000000018,0.0,0.0,1.0,240.4,3844.2719122660346,1474.6685566940346,1354.6685566940346
kuzushiji-recognition__ad92a6e36fda4465b4ac7e307e5a71cb,cards_senior_0806.jsonl:13,kuzushiji-recognition,easy,top1_progress,2,0,2,1,1,0.0,0.023830000000000018,1,0.75368,0.77751,-0.023830000000000018,0.0,0.0,1.0,240.4,3844.2719122660346,1474.6685566940346,1354.6685566940346
kuzushiji-recognition__ad92a6e36fda4465b4ac7e307e5a71cb,cards_senior_0806.jsonl:13,kuzushiji-recognition,easy,top1_stdout_tfidf,2,0,2,1,1,0.0,0.023830000000000018,1,0.75368,0.77751,-0.023830000000000018,0.0,0.0,1.0,240.4,3844.2719122660346,1474.6685566940346,1354.6685566940346
kuzushiji-recognition__ad92a6e36fda4465b4ac7e307e5a71cb,cards_senior_0806.jsonl:13,kuzushiji-recognition,easy,top1_oracle,2,0,2,1,1,1.0,0.0,1,0.77751,0.77751,0.0,1.0,0.0,0.0,240.4,3844.2719122660346,2850.4033555720002,2730.4033555720002
kuzushiji-recognition__ad92a6e36fda4465b4ac7e307e5a71cb,cards_senior_0806.jsonl:13,kuzushiji-recognition,easy,top2_random,2,0,2,2,0,1.0,0.0,1,0.77751,0.77751,0.0,1.0,0.0,0.0,240.4,3844.2719122660346,4084.6719122660347,3844.6719122660347
kuzushiji-recognition__ad92a6e36fda4465b4ac7e307e5a71cb,cards_senior_0806.jsonl:13,kuzushiji-recognition,easy,top2_tfidf,2,0,2,2,0,1.0,0.0,1,0.77751,0.77751,0.0,1.0,0.0,0.0,240.4,3844.2719122660346,4084.6719122660347,3844.6719122660347
kuzushiji-recognition__ad92a6e36fda4465b4ac7e307e5a71cb,cards_senior_0806.jsonl:13,kuzushiji-recognition,easy,top2_oracle,2,0,2,2,0,1.0,0.0,1,0.77751,0.77751,0.0,1.0,0.0,0.0,240.4,3844.2719122660346,4084.6719122660347,3844.6719122660347
kuzushiji-recognition__ad92a6e36fda4465b4ac7e307e5a71cb,cards_senior_0806.jsonl:13,kuzushiji-recognition,easy,oracle_gate,2,0,2,2,0,1.0,0.0,1,0.77751,0.77751,0.0,1.0,0.0,0.0,240.4,3844.2719122660346,4084.6719122660347,3844.6719122660347
kuzushiji-recognition__ad92a6e36fda4465b4ac7e307e5a71cb,cards_senior_0806.jsonl:13,kuzushiji-recognition,easy,full_external,2,0,2,2,0,1.0,0.0,1,0.77751,0.77751,0.0,1.0,0.0,0.0,240.4,3844.2719122660346,3844.2719122660346,3844.2719122660346
kuzushiji-recognition__eeaa6bfc07634ea58702ac333e168a6a,cards_senior_0804.jsonl:10,kuzushiji-recognition,easy,artifact_only,2,0,2,0,2,0.5,0.10888500000000001,0,nan,0.58526,nan,0.0,0.0,1.0,240.4,2680.9472773440066,240.4,240.4
kuzushiji-recognition__eeaa6bfc07634ea58702ac333e168a6a,cards_senior_0804.jsonl:10,kuzushiji-recognition,easy,all_escalate,2,0,2,2,0,1.0,0.0,1,0.58526,0.58526,0.0,1.0,0.0,0.0,240.4,2680.9472773440066,2921.3472773440067,2681.3472773440067
kuzushiji-recognition__eeaa6bfc07634ea58702ac333e168a6a,cards_senior_0804.jsonl:10,kuzushiji-recognition,easy,random_gate,2,0,2,2,0,1.0,0.0,1,0.58526,0.58526,0.0,1.0,0.0,0.0,240.4,2680.9472773440066,2921.3472773440067,2681.3472773440067
kuzushiji-recognition__eeaa6bfc07634ea58702ac333e168a6a,cards_senior_0804.jsonl:10,kuzushiji-recognition,easy,tfidf_gate,2,0,2,2,0,1.0,0.0,1,0.58526,0.58526,0.0,1.0,0.0,0.0,240.4,2680.9472773440066,2921.3472773440067,2681.3472773440067
kuzushiji-recognition__eeaa6bfc07634ea58702ac333e168a6a,cards_senior_0804.jsonl:10,kuzushiji-recognition,easy,majority3_gate,2,0,2,2,0,1.0,0.0,1,0.58526,0.58526,0.0,1.0,0.0,0.0,240.4,2680.9472773440066,2921.3472773440067,2681.3472773440067
kuzushiji-recognition__eeaa6bfc07634ea58702ac333e168a6a,cards_senior_0804.jsonl:10,kuzushiji-recognition,easy,unanimous3_gate,2,0,2,2,0,1.0,0.0,1,0.58526,0.58526,0.0,1.0,0.0,0.0,240.4,2680.9472773440066,2921.3472773440067,2681.3472773440067
kuzushiji-recognition__eeaa6bfc07634ea58702ac333e168a6a,cards_senior_0804.jsonl:10,kuzushiji-recognition,easy,top1_random,2,0,2,1,1,0.0,0.21777000000000002,1,0.36749,0.58526,-0.21777000000000002,0.0,0.0,1.0,240.4,2680.9472773440066,1735.418668423989,1615.418668423989
kuzushiji-recognition__eeaa6bfc07634ea58702ac333e168a6a,cards_senior_0804.jsonl:10,kuzushiji-recognition,easy,top1_tfidf,2,0,2,1,1,1.0,0.0,1,0.58526,0.58526,0.0,1.0,0.0,0.0,240.4,2680.9472773440066,1426.3286089200178,1306.3286089200178
kuzushiji-recognition__eeaa6bfc07634ea58702ac333e168a6a,cards_senior_0804.jsonl:10,kuzushiji-recognition,easy,top1_majority3,2,0,2,1,1,1.0,0.0,1,0.58526,0.58526,0.0,1.0,0.0,0.0,240.4,2680.9472773440066,1426.3286089200178,1306.3286089200178
kuzushiji-recognition__eeaa6bfc07634ea58702ac333e168a6a,cards_senior_0804.jsonl:10,kuzushiji-recognition,easy,top1_stdout,2,0,2,1,1,0.0,0.21777000000000002,1,0.36749,0.58526,-0.21777000000000002,0.0,0.0,1.0,240.4,2680.9472773440066,1735.418668423989,1615.418668423989
kuzushiji-recognition__eeaa6bfc07634ea58702ac333e168a6a,cards_senior_0804.jsonl:10,kuzushiji-recognition,easy,top1_progress,2,0,2,1,1,0.0,0.21777000000000002,1,0.36749,0.58526,-0.21777000000000002,0.0,0.0,1.0,240.4,2680.9472773440066,1735.418668423989,1615.418668423989
kuzushiji-recognition__eeaa6bfc07634ea58702ac333e168a6a,cards_senior_0804.jsonl:10,kuzushiji-recognition,easy,top1_stdout_tfidf,2,0,2,1,1,1.0,0.0,1,0.58526,0.58526,0.0,1.0,0.0,0.0,240.4,2680.9472773440066,1426.3286089200178,1306.3286089200178
kuzushiji-recognition__eeaa6bfc07634ea58702ac333e168a6a,cards_senior_0804.jsonl:10,kuzushiji-recognition,easy,top1_oracle,2,0,2,1,1,1.0,0.0,1,0.58526,0.58526,0.0,1.0,0.0,0.0,240.4,2680.9472773440066,1426.3286089200178,1306.3286089200178
kuzushiji-recognition__eeaa6bfc07634ea58702ac333e168a6a,cards_senior_0804.jsonl:10,kuzushiji-recognition,easy,top2_random,2,0,2,2,0,1.0,0.0,1,0.58526,0.58526,0.0,1.0,0.0,0.0,240.4,2680.9472773440066,2921.3472773440067,2681.3472773440067
kuzushiji-recognition__eeaa6bfc07634ea58702ac333e168a6a,cards_senior_0804.jsonl:10,kuzushiji-recognition,easy,top2_tfidf,2,0,2,2,0,1.0,0.0,1,0.58526,0.58526,0.0,1.0,0.0,0.0,240.4,2680.9472773440066,2921.3472773440067,2681.3472773440067
kuzushiji-recognition__eeaa6bfc07634ea58702ac333e168a6a,cards_senior_0804.jsonl:10,kuzushiji-recognition,easy,top2_oracle,2,0,2,2,0,1.0,0.0,1,0.58526,0.58526,0.0,1.0,0.0,0.0,240.4,2680.9472773440066,2921.3472773440067,2681.3472773440067
kuzushiji-recognition__eeaa6bfc07634ea58702ac333e168a6a,cards_senior_0804.jsonl:10,kuzushiji-recognition,easy,oracle_gate,2,0,2,2,0,1.0,0.0,1,0.58526,0.58526,0.0,1.0,0.0,0.0,240.4,2680.9472773440066,2921.3472773440067,2681.3472773440067
kuzushiji-recognition__eeaa6bfc07634ea58702ac333e168a6a,cards_senior_0804.jsonl:10,kuzushiji-recognition,easy,full_external,2,0,2,2,0,1.0,0.0,1,0.58526,0.58526,0.0,1.0,0.0,0.0,240.4,2680.9472773440066,2680.9472773440066,2680.9472773440066
leaf-classification__239c7e7b1c754e3c964e2a79deca5005,cards_senior_0808.jsonl:34,leaf-classification,hard,artifact_only,3,3,0,0,0,1.0,0.0,1,-0.13386,-0.13385,-1.0000000000010001e-05,0.0,0.0,1.0,107.4,176.68188110366464,107.4,107.4
leaf-classification__239c7e7b1c754e3c964e2a79deca5005,cards_senior_0808.jsonl:34,leaf-classification,hard,all_escalate,3,3,0,0,0,1.0,0.0,1,-0.13386,-0.13385,-1.0000000000010001e-05,0.0,0.0,1.0,107.4,176.68188110366464,107.4,107.4
leaf-classification__239c7e7b1c754e3c964e2a79deca5005,cards_senior_0808.jsonl:34,leaf-classification,hard,random_gate,3,3,0,0,0,1.0,0.0,1,-0.13386,-0.13385,-1.0000000000010001e-05,0.0,0.0,1.0,107.4,176.68188110366464,107.4,107.4
leaf-classification__239c7e7b1c754e3c964e2a79deca5005,cards_senior_0808.jsonl:34,leaf-classification,hard,tfidf_gate,3,3,0,0,0,1.0,0.0,1,-0.13386,-0.13385,-1.0000000000010001e-05,0.0,0.0,1.0,107.4,176.68188110366464,107.4,107.4
leaf-classification__239c7e7b1c754e3c964e2a79deca5005,cards_senior_0808.jsonl:34,leaf-classification,hard,majority3_gate,3,3,0,0,0,1.0,0.0,1,-0.13386,-0.13385,-1.0000000000010001e-05,0.0,0.0,1.0,107.4,176.68188110366464,107.4,107.4
leaf-classification__239c7e7b1c754e3c964e2a79deca5005,cards_senior_0808.jsonl:34,leaf-classification,hard,unanimous3_gate,3,3,0,0,0,1.0,0.0,1,-0.13386,-0.13385,-1.0000000000010001e-05,0.0,0.0,1.0,107.4,176.68188110366464,107.4,107.4
leaf-classification__239c7e7b1c754e3c964e2a79deca5005,cards_senior_0808.jsonl:34,leaf-classification,hard,top1_random,3,3,0,0,0,1.0,0.0,1,-0.13386,-0.13385,-1.0000000000010001e-05,0.0,0.0,1.0,107.4,176.68188110366464,107.4,107.4
leaf-classification__239c7e7b1c754e3c964e2a79deca5005,cards_senior_0808.jsonl:34,leaf-classification,hard,top1_tfidf,3,3,0,0,0,1.0,0.0,1,-0.13386,-0.13385,-1.0000000000010001e-05,0.0,0.0,1.0,107.4,176.68188110366464,107.4,107.4
leaf-classification__239c7e7b1c754e3c964e2a79deca5005,cards_senior_0808.jsonl:34,leaf-classification,hard,top1_majority3,3,3,0,0,0,1.0,0.0,1,-0.13386,-0.13385,-1.0000000000010001e-05,0.0,0.0,1.0,107.4,176.68188110366464,107.4,107.4
leaf-classification__239c7e7b1c754e3c964e2a79deca5005,cards_senior_0808.jsonl:34,leaf-classification,hard,top1_stdout,3,3,0,0,0,1.0,0.0,1,-0.13386,-0.13385,-1.0000000000010001e-05,0.0,0.0,1.0,107.4,176.68188110366464,107.4,107.4
leaf-classification__239c7e7b1c754e3c964e2a79deca5005,cards_senior_0808.jsonl:34,leaf-classification,hard,top1_progress,3,3,0,0,0,1.0,0.0,1,-0.13386,-0.13385,-1.0000000000010001e-05,0.0,0.0,1.0,107.4,176.68188110366464,107.4,107.4
leaf-classification__239c7e7b1c754e3c964e2a79deca5005,cards_senior_0808.jsonl:34,leaf-classification,hard,top1_stdout_tfidf,3,3,0,0,0,1.0,0.0,1,-0.13386,-0.13385,-1.0000000000010001e-05,0.0,0.0,1.0,107.4,176.68188110366464,107.4,107.4
leaf-classification__239c7e7b1c754e3c964e2a79deca5005,cards_senior_0808.jsonl:34,leaf-classification,hard,top1_oracle,3,3,0,0,0,1.0,0.0,1,-0.13386,-0.13385,-1.0000000000010001e-05,0.0,0.0,1.0,107.4,176.68188110366464,107.4,107.4
leaf-classification__239c7e7b1c754e3c964e2a79deca5005,cards_senior_0808.jsonl:34,leaf-classification,hard,top2_random,3,3,0,0,0,1.0,0.0,1,-0.13386,-0.13385,-1.0000000000010001e-05,0.0,0.0,1.0,107.4,176.68188110366464,107.4,107.4
leaf-classification__239c7e7b1c754e3c964e2a79deca5005,cards_senior_0808.jsonl:34,leaf-classification,hard,top2_tfidf,3,3,0,0,0,1.0,0.0,1,-0.13386,-0.13385,-1.0000000000010001e-05,0.0,0.0,1.0,107.4,176.68188110366464,107.4,107.4
leaf-classification__239c7e7b1c754e3c964e2a79deca5005,cards_senior_0808.jsonl:34,leaf-classification,hard,top2_oracle,3,3,0,0,0,1.0,0.0,1,-0.13386,-0.13385,-1.0000000000010001e-05,0.0,0.0,1.0,107.4,176.68188110366464,107.4,107.4
leaf-classification__239c7e7b1c754e3c964e2a79deca5005,cards_senior_0808.jsonl:34,leaf-classification,hard,oracle_gate,3,3,0,0,0,1.0,0.0,1,-0.13386,-0.13385,-1.0000000000010001e-05,0.0,0.0,1.0,107.4,176.68188110366464,107.4,107.4
leaf-classification__239c7e7b1c754e3c964e2a79deca5005,cards_senior_0808.jsonl:34,leaf-classification,hard,full_external,3,3,0,3,0,1.0,0.0,1,-0.13385,-0.13385,0.0,1.0,0.0,0.0,107.4,176.68188110366464,176.68188110366464,176.68188110366464
leaf-classification__3c164f72f3244432b38a52ea18357921,cards_senior_0808.jsonl:34,leaf-classification,hard,artifact_only,3,3,0,0,0,1.0,0.0,1,-0.02185,-0.02185,0.0,1.0,0.0,0.0,106.6,168.19164774939418,106.6,106.6
leaf-classification__3c164f72f3244432b38a52ea18357921,cards_senior_0808.jsonl:34,leaf-classification,hard,all_escalate,3,3,0,0,0,1.0,0.0,1,-0.02185,-0.02185,0.0,1.0,0.0,0.0,106.6,168.19164774939418,106.6,106.6
leaf-classification__3c164f72f3244432b38a52ea18357921,cards_senior_0808.jsonl:34,leaf-classification,hard,random_gate,3,3,0,0,0,1.0,0.0,1,-0.02185,-0.02185,0.0,1.0,0.0,0.0,106.6,168.19164774939418,106.6,106.6
leaf-classification__3c164f72f3244432b38a52ea18357921,cards_senior_0808.jsonl:34,leaf-classification,hard,tfidf_gate,3,3,0,0,0,1.0,0.0,1,-0.02185,-0.02185,0.0,1.0,0.0,0.0,106.6,168.19164774939418,106.6,106.6
leaf-classification__3c164f72f3244432b38a52ea18357921,cards_senior_0808.jsonl:34,leaf-classification,hard,majority3_gate,3,3,0,0,0,1.0,0.0,1,-0.02185,-0.02185,0.0,1.0,0.0,0.0,106.6,168.19164774939418,106.6,106.6
leaf-classification__3c164f72f3244432b38a52ea18357921,cards_senior_0808.jsonl:34,leaf-classification,hard,unanimous3_gate,3,3,0,0,0,1.0,0.0,1,-0.02185,-0.02185,0.0,1.0,0.0,0.0,106.6,168.19164774939418,106.6,106.6
leaf-classification__3c164f72f3244432b38a52ea18357921,cards_senior_0808.jsonl:34,leaf-classification,hard,top1_random,3,3,0,0,0,1.0,0.0,1,-0.02185,-0.02185,0.0,1.0,0.0,0.0,106.6,168.19164774939418,106.6,106.6
leaf-classification__3c164f72f3244432b38a52ea18357921,cards_senior_0808.jsonl:34,leaf-classification,hard,top1_tfidf,3,3,0,0,0,1.0,0.0,1,-0.02185,-0.02185,0.0,1.0,0.0,0.0,106.6,168.19164774939418,106.6,106.6
leaf-classification__3c164f72f3244432b38a52ea18357921,cards_senior_0808.jsonl:34,leaf-classification,hard,top1_majority3,3,3,0,0,0,1.0,0.0,1,-0.02185,-0.02185,0.0,1.0,0.0,0.0,106.6,168.19164774939418,106.6,106.6
leaf-classification__3c164f72f3244432b38a52ea18357921,cards_senior_0808.jsonl:34,leaf-classification,hard,top1_stdout,3,3,0,0,0,1.0,0.0,1,-0.02185,-0.02185,0.0,1.0,0.0,0.0,106.6,168.19164774939418,106.6,106.6
leaf-classification__3c164f72f3244432b38a52ea18357921,cards_senior_0808.jsonl:34,leaf-classification,hard,top1_progress,3,3,0,0,0,1.0,0.0,1,-0.02185,-0.02185,0.0,1.0,0.0,0.0,106.6,168.19164774939418,106.6,106.6
leaf-classification__3c164f72f3244432b38a52ea18357921,cards_senior_0808.jsonl:34,leaf-classification,hard,top1_stdout_tfidf,3,3,0,0,0,1.0,0.0,1,-0.02185,-0.02185,0.0,1.0,0.0,0.0,106.6,168.19164774939418,106.6,106.6
leaf-classification__3c164f72f3244432b38a52ea18357921,cards_senior_0808.jsonl:34,leaf-classification,hard,top1_oracle,3,3,0,0,0,1.0,0.0,1,-0.02185,-0.02185,0.0,1.0,0.0,0.0,106.6,168.19164774939418,106.6,106.6
leaf-classification__3c164f72f3244432b38a52ea18357921,cards_senior_0808.jsonl:34,leaf-classification,hard,top2_random,3,3,0,0,0,1.0,0.0,1,-0.02185,-0.02185,0.0,1.0,0.0,0.0,106.6,168.19164774939418,106.6,106.6
leaf-classification__3c164f72f3244432b38a52ea18357921,cards_senior_0808.jsonl:34,leaf-classification,hard,top2_tfidf,3,3,0,0,0,1.0,0.0,1,-0.02185,-0.02185,0.0,1.0,0.0,0.0,106.6,168.19164774939418,106.6,106.6
leaf-classification__3c164f72f3244432b38a52ea18357921,cards_senior_0808.jsonl:34,leaf-classification,hard,top2_oracle,3,3,0,0,0,1.0,0.0,1,-0.02185,-0.02185,0.0,1.0,0.0,0.0,106.6,168.19164774939418,106.6,106.6
leaf-classification__3c164f72f3244432b38a52ea18357921,cards_senior_0808.jsonl:34,leaf-classification,hard,oracle_gate,3,3,0,0,0,1.0,0.0,1,-0.02185,-0.02185,0.0,1.0,0.0,0.0,106.6,168.19164774939418,106.6,106.6
leaf-classification__3c164f72f3244432b38a52ea18357921,cards_senior_0808.jsonl:34,leaf-classification,hard,full_external,3,3,0,3,0,1.0,0.0,1,-0.02185,-0.02185,0.0,1.0,0.0,0.0,106.6,168.19164774939418,168.19164774939418,168.19164774939418
leaf-classification__6ab44b6035424b84aa5f92009d7da965,cards_senior_0808.jsonl:34,leaf-classification,easy,artifact_only,2,2,0,0,0,1.0,0.0,1,-0.61573,-0.61573,0.0,1.0,0.0,0.0,160.9,192.05969121307135,160.9,160.9
leaf-classification__6ab44b6035424b84aa5f92009d7da965,cards_senior_0808.jsonl:34,leaf-classification,easy,all_escalate,2,2,0,0,0,1.0,0.0,1,-0.61573,-0.61573,0.0,1.0,0.0,0.0,160.9,192.05969121307135,160.9,160.9
leaf-classification__6ab44b6035424b84aa5f92009d7da965,cards_senior_0808.jsonl:34,leaf-classification,easy,random_gate,2,2,0,0,0,1.0,0.0,1,-0.61573,-0.61573,0.0,1.0,0.0,0.0,160.9,192.05969121307135,160.9,160.9
leaf-classification__6ab44b6035424b84aa5f92009d7da965,cards_senior_0808.jsonl:34,leaf-classification,easy,tfidf_gate,2,2,0,0,0,1.0,0.0,1,-0.61573,-0.61573,0.0,1.0,0.0,0.0,160.9,192.05969121307135,160.9,160.9
leaf-classification__6ab44b6035424b84aa5f92009d7da965,cards_senior_0808.jsonl:34,leaf-classification,easy,majority3_gate,2,2,0,0,0,1.0,0.0,1,-0.61573,-0.61573,0.0,1.0,0.0,0.0,160.9,192.05969121307135,160.9,160.9
leaf-classification__6ab44b6035424b84aa5f92009d7da965,cards_senior_0808.jsonl:34,leaf-classification,easy,unanimous3_gate,2,2,0,0,0,1.0,0.0,1,-0.61573,-0.61573,0.0,1.0,0.0,0.0,160.9,192.05969121307135,160.9,160.9
leaf-classification__6ab44b6035424b84aa5f92009d7da965,cards_senior_0808.jsonl:34,leaf-classification,easy,top1_random,2,2,0,0,0,1.0,0.0,1,-0.61573,-0.61573,0.0,1.0,0.0,0.0,160.9,192.05969121307135,160.9,160.9
leaf-classification__6ab44b6035424b84aa5f92009d7da965,cards_senior_0808.jsonl:34,leaf-classification,easy,top1_tfidf,2,2,0,0,0,1.0,0.0,1,-0.61573,-0.61573,0.0,1.0,0.0,0.0,160.9,192.05969121307135,160.9,160.9
leaf-classification__6ab44b6035424b84aa5f92009d7da965,cards_senior_0808.jsonl:34,leaf-classification,easy,top1_majority3,2,2,0,0,0,1.0,0.0,1,-0.61573,-0.61573,0.0,1.0,0.0,0.0,160.9,192.05969121307135,160.9,160.9
leaf-classification__6ab44b6035424b84aa5f92009d7da965,cards_senior_0808.jsonl:34,leaf-classification,easy,top1_stdout,2,2,0,0,0,1.0,0.0,1,-0.61573,-0.61573,0.0,1.0,0.0,0.0,160.9,192.05969121307135,160.9,160.9
leaf-classification__6ab44b6035424b84aa5f92009d7da965,cards_senior_0808.jsonl:34,leaf-classification,easy,top1_progress,2,2,0,0,0,1.0,0.0,1,-0.61573,-0.61573,0.0,1.0,0.0,0.0,160.9,192.05969121307135,160.9,160.9
leaf-classification__6ab44b6035424b84aa5f92009d7da965,cards_senior_0808.jsonl:34,leaf-classification,easy,top1_stdout_tfidf,2,2,0,0,0,1.0,0.0,1,-0.61573,-0.61573,0.0,1.0,0.0,0.0,160.9,192.05969121307135,160.9,160.9
leaf-classification__6ab44b6035424b84aa5f92009d7da965,cards_senior_0808.jsonl:34,leaf-classification,easy,top1_oracle,2,2,0,0,0,1.0,0.0,1,-0.61573,-0.61573,0.0,1.0,0.0,0.0,160.9,192.05969121307135,160.9,160.9
leaf-classification__6ab44b6035424b84aa5f92009d7da965,cards_senior_0808.jsonl:34,leaf-classification,easy,top2_random,2,2,0,0,0,1.0,0.0,1,-0.61573,-0.61573,0.0,1.0,0.0,0.0,160.9,192.05969121307135,160.9,160.9
leaf-classification__6ab44b6035424b84aa5f92009d7da965,cards_senior_0808.jsonl:34,leaf-classification,easy,top2_tfidf,2,2,0,0,0,1.0,0.0,1,-0.61573,-0.61573,0.0,1.0,0.0,0.0,160.9,192.05969121307135,160.9,160.9
leaf-classification__6ab44b6035424b84aa5f92009d7da965,cards_senior_0808.jsonl:34,leaf-classification,easy,top2_oracle,2,2,0,0,0,1.0,0.0,1,-0.61573,-0.61573,0.0,1.0,0.0,0.0,160.9,192.05969121307135,160.9,160.9
leaf-classification__6ab44b6035424b84aa5f92009d7da965,cards_senior_0808.jsonl:34,leaf-classification,easy,oracle_gate,2,2,0,0,0,1.0,0.0,1,-0.61573,-0.61573,0.0,1.0,0.0,0.0,160.9,192.05969121307135,160.9,160.9
leaf-classification__6ab44b6035424b84aa5f92009d7da965,cards_senior_0808.jsonl:34,leaf-classification,easy,full_external,2,2,0,2,0,1.0,0.0,1,-0.61573,-0.61573,0.0,1.0,0.0,0.0,160.9,192.05969121307135,192.05969121307135,192.05969121307135
leaf-classification__abd955fe1fad4d7a9b4bac2c62a6b1ae,cards_senior_0808.jsonl:34,leaf-classification,easy,artifact_only,2,2,0,0,0,1.0,0.0,1,-0.05206,-0.05206,0.0,1.0,0.0,0.0,44.3,50.29974092915654,44.3,44.3
leaf-classification__abd955fe1fad4d7a9b4bac2c62a6b1ae,cards_senior_0808.jsonl:34,leaf-classification,easy,all_escalate,2,2,0,0,0,1.0,0.0,1,-0.05206,-0.05206,0.0,1.0,0.0,0.0,44.3,50.29974092915654,44.3,44.3
leaf-classification__abd955fe1fad4d7a9b4bac2c62a6b1ae,cards_senior_0808.jsonl:34,leaf-classification,easy,random_gate,2,2,0,0,0,1.0,0.0,1,-0.05206,-0.05206,0.0,1.0,0.0,0.0,44.3,50.29974092915654,44.3,44.3
leaf-classification__abd955fe1fad4d7a9b4bac2c62a6b1ae,cards_senior_0808.jsonl:34,leaf-classification,easy,tfidf_gate,2,2,0,0,0,1.0,0.0,1,-0.05206,-0.05206,0.0,1.0,0.0,0.0,44.3,50.29974092915654,44.3,44.3
leaf-classification__abd955fe1fad4d7a9b4bac2c62a6b1ae,cards_senior_0808.jsonl:34,leaf-classification,easy,majority3_gate,2,2,0,0,0,1.0,0.0,1,-0.05206,-0.05206,0.0,1.0,0.0,0.0,44.3,50.29974092915654,44.3,44.3
leaf-classification__abd955fe1fad4d7a9b4bac2c62a6b1ae,cards_senior_0808.jsonl:34,leaf-classification,easy,unanimous3_gate,2,2,0,0,0,1.0,0.0,1,-0.05206,-0.05206,0.0,1.0,0.0,0.0,44.3,50.29974092915654,44.3,44.3
leaf-classification__abd955fe1fad4d7a9b4bac2c62a6b1ae,cards_senior_0808.jsonl:34,leaf-classification,easy,top1_random,2,2,0,0,0,1.0,0.0,1,-0.05206,-0.05206,0.0,1.0,0.0,0.0,44.3,50.29974092915654,44.3,44.3
leaf-classification__abd955fe1fad4d7a9b4bac2c62a6b1ae,cards_senior_0808.jsonl:34,leaf-classification,easy,top1_tfidf,2,2,0,0,0,1.0,0.0,1,-0.05206,-0.05206,0.0,1.0,0.0,0.0,44.3,50.29974092915654,44.3,44.3
leaf-classification__abd955fe1fad4d7a9b4bac2c62a6b1ae,cards_senior_0808.jsonl:34,leaf-classification,easy,top1_majority3,2,2,0,0,0,1.0,0.0,1,-0.05206,-0.05206,0.0,1.0,0.0,0.0,44.3,50.29974092915654,44.3,44.3
leaf-classification__abd955fe1fad4d7a9b4bac2c62a6b1ae,cards_senior_0808.jsonl:34,leaf-classification,easy,top1_stdout,2,2,0,0,0,1.0,0.0,1,-0.05206,-0.05206,0.0,1.0,0.0,0.0,44.3,50.29974092915654,44.3,44.3
leaf-classification__abd955fe1fad4d7a9b4bac2c62a6b1ae,cards_senior_0808.jsonl:34,leaf-classification,easy,top1_progress,2,2,0,0,0,1.0,0.0,1,-0.05206,-0.05206,0.0,1.0,0.0,0.0,44.3,50.29974092915654,44.3,44.3
leaf-classification__abd955fe1fad4d7a9b4bac2c62a6b1ae,cards_senior_0808.jsonl:34,leaf-classification,easy,top1_stdout_tfidf,2,2,0,0,0,1.0,0.0,1,-0.05206,-0.05206,0.0,1.0,0.0,0.0,44.3,50.29974092915654,44.3,44.3
leaf-classification__abd955fe1fad4d7a9b4bac2c62a6b1ae,cards_senior_0808.jsonl:34,leaf-classification,easy,top1_oracle,2,2,0,0,0,1.0,0.0,1,-0.05206,-0.05206,0.0,1.0,0.0,0.0,44.3,50.29974092915654,44.3,44.3
leaf-classification__abd955fe1fad4d7a9b4bac2c62a6b1ae,cards_senior_0808.jsonl:34,leaf-classification,easy,top2_random,2,2,0,0,0,1.0,0.0,1,-0.05206,-0.05206,0.0,1.0,0.0,0.0,44.3,50.29974092915654,44.3,44.3
leaf-classification__abd955fe1fad4d7a9b4bac2c62a6b1ae,cards_senior_0808.jsonl:34,leaf-classification,easy,top2_tfidf,2,2,0,0,0,1.0,0.0,1,-0.05206,-0.05206,0.0,1.0,0.0,0.0,44.3,50.29974092915654,44.3,44.3
leaf-classification__abd955fe1fad4d7a9b4bac2c62a6b1ae,cards_senior_0808.jsonl:34,leaf-classification,easy,top2_oracle,2,2,0,0,0,1.0,0.0,1,-0.05206,-0.05206,0.0,1.0,0.0,0.0,44.3,50.29974092915654,44.3,44.3
leaf-classification__abd955fe1fad4d7a9b4bac2c62a6b1ae,cards_senior_0808.jsonl:34,leaf-classification,easy,oracle_gate,2,2,0,0,0,1.0,0.0,1,-0.05206,-0.05206,0.0,1.0,0.0,0.0,44.3,50.29974092915654,44.3,44.3
leaf-classification__abd955fe1fad4d7a9b4bac2c62a6b1ae,cards_senior_0808.jsonl:34,leaf-classification,easy,full_external,2,2,0,2,0,1.0,0.0,1,-0.05206,-0.05206,0.0,1.0,0.0,0.0,44.3,50.29974092915654,50.29974092915654,50.29974092915654
leaf-classification__f0411bcb7c8d46b38b6395c0a137f9fd,cards_senior_0808.jsonl:34,leaf-classification,hard,artifact_only,3,3,0,0,0,1.0,0.0,1,-0.00662,-0.00662,0.0,1.0,0.0,0.0,148.7,320.5955135989934,148.7,148.7
leaf-classification__f0411bcb7c8d46b38b6395c0a137f9fd,cards_senior_0808.jsonl:34,leaf-classification,hard,all_escalate,3,3,0,0,0,1.0,0.0,1,-0.00662,-0.00662,0.0,1.0,0.0,0.0,148.7,320.5955135989934,148.7,148.7
leaf-classification__f0411bcb7c8d46b38b6395c0a137f9fd,cards_senior_0808.jsonl:34,leaf-classification,hard,random_gate,3,3,0,0,0,1.0,0.0,1,-0.00662,-0.00662,0.0,1.0,0.0,0.0,148.7,320.5955135989934,148.7,148.7
leaf-classification__f0411bcb7c8d46b38b6395c0a137f9fd,cards_senior_0808.jsonl:34,leaf-classification,hard,tfidf_gate,3,3,0,0,0,1.0,0.0,1,-0.00662,-0.00662,0.0,1.0,0.0,0.0,148.7,320.5955135989934,148.7,148.7
leaf-classification__f0411bcb7c8d46b38b6395c0a137f9fd,cards_senior_0808.jsonl:34,leaf-classification,hard,majority3_gate,3,3,0,0,0,1.0,0.0,1,-0.00662,-0.00662,0.0,1.0,0.0,0.0,148.7,320.5955135989934,148.7,148.7
leaf-classification__f0411bcb7c8d46b38b6395c0a137f9fd,cards_senior_0808.jsonl:34,leaf-classification,hard,unanimous3_gate,3,3,0,0,0,1.0,0.0,1,-0.00662,-0.00662,0.0,1.0,0.0,0.0,148.7,320.5955135989934,148.7,148.7
leaf-classification__f0411bcb7c8d46b38b6395c0a137f9fd,cards_senior_0808.jsonl:34,leaf-classification,hard,top1_random,3,3,0,0,0,1.0,0.0,1,-0.00662,-0.00662,0.0,1.0,0.0,0.0,148.7,320.5955135989934,148.7,148.7
leaf-classification__f0411bcb7c8d46b38b6395c0a137f9fd,cards_senior_0808.jsonl:34,leaf-classification,hard,top1_tfidf,3,3,0,0,0,1.0,0.0,1,-0.00662,-0.00662,0.0,1.0,0.0,0.0,148.7,320.5955135989934,148.7,148.7
leaf-classification__f0411bcb7c8d46b38b6395c0a137f9fd,cards_senior_0808.jsonl:34,leaf-classification,hard,top1_majority3,3,3,0,0,0,1.0,0.0,1,-0.00662,-0.00662,0.0,1.0,0.0,0.0,148.7,320.5955135989934,148.7,148.7
leaf-classification__f0411bcb7c8d46b38b6395c0a137f9fd,cards_senior_0808.jsonl:34,leaf-classification,hard,top1_stdout,3,3,0,0,0,1.0,0.0,1,-0.00662,-0.00662,0.0,1.0,0.0,0.0,148.7,320.5955135989934,148.7,148.7
leaf-classification__f0411bcb7c8d46b38b6395c0a137f9fd,cards_senior_0808.jsonl:34,leaf-classification,hard,top1_progress,3,3,0,0,0,1.0,0.0,1,-0.00662,-0.00662,0.0,1.0,0.0,0.0,148.7,320.5955135989934,148.7,148.7
leaf-classification__f0411bcb7c8d46b38b6395c0a137f9fd,cards_senior_0808.jsonl:34,leaf-classification,hard,top1_stdout_tfidf,3,3,0,0,0,1.0,0.0,1,-0.00662,-0.00662,0.0,1.0,0.0,0.0,148.7,320.5955135989934,148.7,148.7
leaf-classification__f0411bcb7c8d46b38b6395c0a137f9fd,cards_senior_0808.jsonl:34,leaf-classification,hard,top1_oracle,3,3,0,0,0,1.0,0.0,1,-0.00662,-0.00662,0.0,1.0,0.0,0.0,148.7,320.5955135989934,148.7,148.7
leaf-classification__f0411bcb7c8d46b38b6395c0a137f9fd,cards_senior_0808.jsonl:34,leaf-classification,hard,top2_random,3,3,0,0,0,1.0,0.0,1,-0.00662,-0.00662,0.0,1.0,0.0,0.0,148.7,320.5955135989934,148.7,148.7
leaf-classification__f0411bcb7c8d46b38b6395c0a137f9fd,cards_senior_0808.jsonl:34,leaf-classification,hard,top2_tfidf,3,3,0,0,0,1.0,0.0,1,-0.00662,-0.00662,0.0,1.0,0.0,0.0,148.7,320.5955135989934,148.7,148.7
leaf-classification__f0411bcb7c8d46b38b6395c0a137f9fd,cards_senior_0808.jsonl:34,leaf-classification,hard,top2_oracle,3,3,0,0,0,1.0,0.0,1,-0.00662,-0.00662,0.0,1.0,0.0,0.0,148.7,320.5955135989934,148.7,148.7
leaf-classification__f0411bcb7c8d46b38b6395c0a137f9fd,cards_senior_0808.jsonl:34,leaf-classification,hard,oracle_gate,3,3,0,0,0,1.0,0.0,1,-0.00662,-0.00662,0.0,1.0,0.0,0.0,148.7,320.5955135989934,148.7,148.7
leaf-classification__f0411bcb7c8d46b38b6395c0a137f9fd,cards_senior_0808.jsonl:34,leaf-classification,hard,full_external,3,3,0,3,0,1.0,0.0,1,-0.00662,-0.00662,0.0,1.0,0.0,0.0,148.7,320.5955135989934,320.5955135989934,320.5955135989934
leaf-classification__fc1a4fb5b3cd4cedafd1b81e84071adf,cards_senior_0808.jsonl:33,leaf-classification,easy,artifact_only,2,1,1,0,1,1.0,0.0,1,-0.6156,-0.61396,-0.0016400000000000858,0.0,0.0,1.0,134.0,1580.8765425961465,134.0,134.0
leaf-classification__fc1a4fb5b3cd4cedafd1b81e84071adf,cards_senior_0808.jsonl:33,leaf-classification,easy,all_escalate,2,1,1,1,0,1.0,0.0,1,-0.6156,-0.61396,-0.0016400000000000858,0.0,0.0,1.0,134.0,1580.8765425961465,1699.617034861818,1579.617034861818
leaf-classification__fc1a4fb5b3cd4cedafd1b81e84071adf,cards_senior_0808.jsonl:33,leaf-classification,easy,random_gate,2,1,1,0,1,1.0,0.0,1,-0.6156,-0.61396,-0.0016400000000000858,0.0,0.0,1.0,134.0,1580.8765425961465,134.0,134.0
leaf-classification__fc1a4fb5b3cd4cedafd1b81e84071adf,cards_senior_0808.jsonl:33,leaf-classification,easy,tfidf_gate,2,1,1,1,0,1.0,0.0,1,-0.6156,-0.61396,-0.0016400000000000858,0.0,0.0,1.0,134.0,1580.8765425961465,1699.617034861818,1579.617034861818
leaf-classification__fc1a4fb5b3cd4cedafd1b81e84071adf,cards_senior_0808.jsonl:33,leaf-classification,easy,majority3_gate,2,1,1,1,0,1.0,0.0,1,-0.6156,-0.61396,-0.0016400000000000858,0.0,0.0,1.0,134.0,1580.8765425961465,1699.617034861818,1579.617034861818
leaf-classification__fc1a4fb5b3cd4cedafd1b81e84071adf,cards_senior_0808.jsonl:33,leaf-classification,easy,unanimous3_gate,2,1,1,1,0,1.0,0.0,1,-0.6156,-0.61396,-0.0016400000000000858,0.0,0.0,1.0,134.0,1580.8765425961465,1699.617034861818,1579.617034861818
leaf-classification__fc1a4fb5b3cd4cedafd1b81e84071adf,cards_senior_0808.jsonl:33,leaf-classification,easy,top1_random,2,1,1,1,0,1.0,0.0,1,-0.6156,-0.61396,-0.0016400000000000858,0.0,0.0,1.0,134.0,1580.8765425961465,1699.617034861818,1579.617034861818
leaf-classification__fc1a4fb5b3cd4cedafd1b81e84071adf,cards_senior_0808.jsonl:33,leaf-classification,easy,top1_tfidf,2,1,1,1,0,1.0,0.0,1,-0.6156,-0.61396,-0.0016400000000000858,0.0,0.0,1.0,134.0,1580.8765425961465,1699.617034861818,1579.617034861818
leaf-classification__fc1a4fb5b3cd4cedafd1b81e84071adf,cards_senior_0808.jsonl:33,leaf-classification,easy,top1_majority3,2,1,1,1,0,1.0,0.0,1,-0.6156,-0.61396,-0.0016400000000000858,0.0,0.0,1.0,134.0,1580.8765425961465,1699.617034861818,1579.617034861818
leaf-classification__fc1a4fb5b3cd4cedafd1b81e84071adf,cards_senior_0808.jsonl:33,leaf-classification,easy,top1_stdout,2,1,1,1,0,1.0,0.0,1,-0.6156,-0.61396,-0.0016400000000000858,0.0,0.0,1.0,134.0,1580.8765425961465,1699.617034861818,1579.617034861818
leaf-classification__fc1a4fb5b3cd4cedafd1b81e84071adf,cards_senior_0808.jsonl:33,leaf-classification,easy,top1_progress,2,1,1,1,0,1.0,0.0,1,-0.6156,-0.61396,-0.0016400000000000858,0.0,0.0,1.0,134.0,1580.8765425961465,1699.617034861818,1579.617034861818
leaf-classification__fc1a4fb5b3cd4cedafd1b81e84071adf,cards_senior_0808.jsonl:33,leaf-classification,easy,top1_stdout_tfidf,2,1,1,1,0,1.0,0.0,1,-0.6156,-0.61396,-0.0016400000000000858,0.0,0.0,1.0,134.0,1580.8765425961465,1699.617034861818,1579.617034861818
leaf-classification__fc1a4fb5b3cd4cedafd1b81e84071adf,cards_senior_0808.jsonl:33,leaf-classification,easy,top1_oracle,2,1,1,1,0,1.0,0.0,1,-0.6156,-0.61396,-0.0016400000000000858,0.0,0.0,1.0,134.0,1580.8765425961465,1699.617034861818,1579.617034861818
leaf-classification__fc1a4fb5b3cd4cedafd1b81e84071adf,cards_senior_0808.jsonl:33,leaf-classification,easy,top2_random,2,1,1,1,0,1.0,0.0,1,-0.6156,-0.61396,-0.0016400000000000858,0.0,0.0,1.0,134.0,1580.8765425961465,1699.617034861818,1579.617034861818
leaf-classification__fc1a4fb5b3cd4cedafd1b81e84071adf,cards_senior_0808.jsonl:33,leaf-classification,easy,top2_tfidf,2,1,1,1,0,1.0,0.0,1,-0.6156,-0.61396,-0.0016400000000000858,0.0,0.0,1.0,134.0,1580.8765425961465,1699.617034861818,1579.617034861818
leaf-classification__fc1a4fb5b3cd4cedafd1b81e84071adf,cards_senior_0808.jsonl:33,leaf-classification,easy,top2_oracle,2,1,1,1,0,1.0,0.0,1,-0.6156,-0.61396,-0.0016400000000000858,0.0,0.0,1.0,134.0,1580.8765425961465,1699.617034861818,1579.617034861818
leaf-classification__fc1a4fb5b3cd4cedafd1b81e84071adf,cards_senior_0808.jsonl:33,leaf-classification,easy,oracle_gate,2,1,1,0,1,1.0,0.0,1,-0.6156,-0.61396,-0.0016400000000000858,0.0,0.0,1.0,134.0,1580.8765425961465,134.0,134.0
leaf-classification__fc1a4fb5b3cd4cedafd1b81e84071adf,cards_senior_0808.jsonl:33,leaf-classification,easy,full_external,2,1,1,2,0,1.0,0.0,1,-0.61396,-0.61396,0.0,1.0,0.0,0.0,134.0,1580.8765425961465,1580.8765425961465,1580.8765425961465
learning-agency-lab-automated-essay-scoring-2__507578e20ae54b25bdde6dc425eafa7d,cards_senior_0803.jsonl:3,learning-agency-lab-automated-essay-scoring-2,easy,artifact_only,2,0,2,0,2,0.5,0.006610000000000005,0,nan,0.83997,nan,0.0,0.0,1.0,61.7,5880.804950714111,61.7,61.7
learning-agency-lab-automated-essay-scoring-2__507578e20ae54b25bdde6dc425eafa7d,cards_senior_0803.jsonl:3,learning-agency-lab-automated-essay-scoring-2,easy,all_escalate,2,0,2,2,0,1.0,0.0,1,0.83997,0.83997,0.0,1.0,0.0,0.0,61.7,5880.804950714111,5942.504950714111,5702.504950714111
learning-agency-lab-automated-essay-scoring-2__507578e20ae54b25bdde6dc425eafa7d,cards_senior_0803.jsonl:3,learning-agency-lab-automated-essay-scoring-2,easy,random_gate,2,0,2,2,0,1.0,0.0,1,0.83997,0.83997,0.0,1.0,0.0,0.0,61.7,5880.804950714111,5942.504950714111,5702.504950714111
learning-agency-lab-automated-essay-scoring-2__507578e20ae54b25bdde6dc425eafa7d,cards_senior_0803.jsonl:3,learning-agency-lab-automated-essay-scoring-2,easy,tfidf_gate,2,0,2,2,0,1.0,0.0,1,0.83997,0.83997,0.0,1.0,0.0,0.0,61.7,5880.804950714111,5942.504950714111,5702.504950714111
learning-agency-lab-automated-essay-scoring-2__507578e20ae54b25bdde6dc425eafa7d,cards_senior_0803.jsonl:3,learning-agency-lab-automated-essay-scoring-2,easy,majority3_gate,2,0,2,2,0,1.0,0.0,1,0.83997,0.83997,0.0,1.0,0.0,0.0,61.7,5880.804950714111,5942.504950714111,5702.504950714111
learning-agency-lab-automated-essay-scoring-2__507578e20ae54b25bdde6dc425eafa7d,cards_senior_0803.jsonl:3,learning-agency-lab-automated-essay-scoring-2,easy,unanimous3_gate,2,0,2,2,0,1.0,0.0,1,0.83997,0.83997,0.0,1.0,0.0,0.0,61.7,5880.804950714111,5942.504950714111,5702.504950714111
learning-agency-lab-automated-essay-scoring-2__507578e20ae54b25bdde6dc425eafa7d,cards_senior_0803.jsonl:3,learning-agency-lab-automated-essay-scoring-2,easy,top1_random,2,0,2,1,1,0.0,0.01322000000000001,1,0.82675,0.83997,-0.01322000000000001,0.0,0.0,1.0,61.7,5880.804950714111,3004.724530172348,2884.724530172348
learning-agency-lab-automated-essay-scoring-2__507578e20ae54b25bdde6dc425eafa7d,cards_senior_0803.jsonl:3,learning-agency-lab-automated-essay-scoring-2,easy,top1_tfidf,2,0,2,1,1,1.0,0.0,1,0.83997,0.83997,0.0,1.0,0.0,0.0,61.7,5880.804950714111,2999.480420541763,2879.480420541763
learning-agency-lab-automated-essay-scoring-2__507578e20ae54b25bdde6dc425eafa7d,cards_senior_0803.jsonl:3,learning-agency-lab-automated-essay-scoring-2,easy,top1_majority3,2,0,2,1,1,1.0,0.0,1,0.83997,0.83997,0.0,1.0,0.0,0.0,61.7,5880.804950714111,2999.480420541763,2879.480420541763
learning-agency-lab-automated-essay-scoring-2__507578e20ae54b25bdde6dc425eafa7d,cards_senior_0803.jsonl:3,learning-agency-lab-automated-essay-scoring-2,easy,top1_stdout,2,0,2,1,1,1.0,0.0,1,0.83997,0.83997,0.0,1.0,0.0,0.0,61.7,5880.804950714111,2999.480420541763,2879.480420541763
learning-agency-lab-automated-essay-scoring-2__507578e20ae54b25bdde6dc425eafa7d,cards_senior_0803.jsonl:3,learning-agency-lab-automated-essay-scoring-2,easy,top1_progress,2,0,2,1,1,0.0,0.01322000000000001,1,0.82675,0.83997,-0.01322000000000001,0.0,0.0,1.0,61.7,5880.804950714111,3004.724530172348,2884.724530172348
learning-agency-lab-automated-essay-scoring-2__507578e20ae54b25bdde6dc425eafa7d,cards_senior_0803.jsonl:3,learning-agency-lab-automated-essay-scoring-2,easy,top1_stdout_tfidf,2,0,2,1,1,1.0,0.0,1,0.83997,0.83997,0.0,1.0,0.0,0.0,61.7,5880.804950714111,2999.480420541763,2879.480420541763
learning-agency-lab-automated-essay-scoring-2__507578e20ae54b25bdde6dc425eafa7d,cards_senior_0803.jsonl:3,learning-agency-lab-automated-essay-scoring-2,easy,top1_oracle,2,0,2,1,1,1.0,0.0,1,0.83997,0.83997,0.0,1.0,0.0,0.0,61.7,5880.804950714111,2999.480420541763,2879.480420541763
learning-agency-lab-automated-essay-scoring-2__507578e20ae54b25bdde6dc425eafa7d,cards_senior_0803.jsonl:3,learning-agency-lab-automated-essay-scoring-2,easy,top2_random,2,0,2,2,0,1.0,0.0,1,0.83997,0.83997,0.0,1.0,0.0,0.0,61.7,5880.804950714111,5942.504950714111,5702.504950714111
learning-agency-lab-automated-essay-scoring-2__507578e20ae54b25bdde6dc425eafa7d,cards_senior_0803.jsonl:3,learning-agency-lab-automated-essay-scoring-2,easy,top2_tfidf,2,0,2,2,0,1.0,0.0,1,0.83997,0.83997,0.0,1.0,0.0,0.0,61.7,5880.804950714111,5942.504950714111,5702.504950714111
learning-agency-lab-automated-essay-scoring-2__507578e20ae54b25bdde6dc425eafa7d,cards_senior_0803.jsonl:3,learning-agency-lab-automated-essay-scoring-2,easy,top2_oracle,2,0,2,2,0,1.0,0.0,1,0.83997,0.83997,0.0,1.0,0.0,0.0,61.7,5880.804950714111,5942.504950714111,5702.504950714111
learning-agency-lab-automated-essay-scoring-2__507578e20ae54b25bdde6dc425eafa7d,cards_senior_0803.jsonl:3,learning-agency-lab-automated-essay-scoring-2,easy,oracle_gate,2,0,2,2,0,1.0,0.0,1,0.83997,0.83997,0.0,1.0,0.0,0.0,61.7,5880.804950714111,5942.504950714111,5702.504950714111
learning-agency-lab-automated-essay-scoring-2__507578e20ae54b25bdde6dc425eafa7d,cards_senior_0803.jsonl:3,learning-agency-lab-automated-essay-scoring-2,easy,full_external,2,0,2,2,0,1.0,0.0,1,0.83997,0.83997,0.0,1.0,0.0,0.0,61.7,5880.804950714111,5880.804950714111,5880.804950714111
learning-agency-lab-automated-essay-scoring-2__77aac523f90d4cf5afe2eaa03733a189,cards_senior_0803.jsonl:6,learning-agency-lab-automated-essay-scoring-2,hard,artifact_only,2,0,2,0,2,0.5,0.0018500000000000183,0,nan,0.82966,nan,0.0,0.0,1.0,240.2,2207.980604171753,240.2,240.2
learning-agency-lab-automated-essay-scoring-2__77aac523f90d4cf5afe2eaa03733a189,cards_senior_0803.jsonl:6,learning-agency-lab-automated-essay-scoring-2,hard,all_escalate,2,0,2,2,0,1.0,0.0,1,0.82966,0.82966,0.0,1.0,0.0,0.0,240.2,2207.980604171753,2448.1806041717527,2208.1806041717527
learning-agency-lab-automated-essay-scoring-2__77aac523f90d4cf5afe2eaa03733a189,cards_senior_0803.jsonl:6,learning-agency-lab-automated-essay-scoring-2,hard,random_gate,2,0,2,2,0,1.0,0.0,1,0.82966,0.82966,0.0,1.0,0.0,0.0,240.2,2207.980604171753,2448.1806041717527,2208.1806041717527
learning-agency-lab-automated-essay-scoring-2__77aac523f90d4cf5afe2eaa03733a189,cards_senior_0803.jsonl:6,learning-agency-lab-automated-essay-scoring-2,hard,tfidf_gate,2,0,2,2,0,1.0,0.0,1,0.82966,0.82966,0.0,1.0,0.0,0.0,240.2,2207.980604171753,2448.1806041717527,2208.1806041717527
learning-agency-lab-automated-essay-scoring-2__77aac523f90d4cf5afe2eaa03733a189,cards_senior_0803.jsonl:6,learning-agency-lab-automated-essay-scoring-2,hard,majority3_gate,2,0,2,2,0,1.0,0.0,1,0.82966,0.82966,0.0,1.0,0.0,0.0,240.2,2207.980604171753,2448.1806041717527,2208.1806041717527
learning-agency-lab-automated-essay-scoring-2__77aac523f90d4cf5afe2eaa03733a189,cards_senior_0803.jsonl:6,learning-agency-lab-automated-essay-scoring-2,hard,unanimous3_gate,2,0,2,2,0,1.0,0.0,1,0.82966,0.82966,0.0,1.0,0.0,0.0,240.2,2207.980604171753,2448.1806041717527,2208.1806041717527
learning-agency-lab-automated-essay-scoring-2__77aac523f90d4cf5afe2eaa03733a189,cards_senior_0803.jsonl:6,learning-agency-lab-automated-essay-scoring-2,hard,top1_random,2,0,2,1,1,1.0,0.0,1,0.82966,0.82966,0.0,1.0,0.0,0.0,240.2,2207.980604171753,995.3663944721222,875.3663944721222
learning-agency-lab-automated-essay-scoring-2__77aac523f90d4cf5afe2eaa03733a189,cards_senior_0803.jsonl:6,learning-agency-lab-automated-essay-scoring-2,hard,top1_tfidf,2,0,2,1,1,0.0,0.0036999999999999256,1,0.82596,0.82966,-0.0036999999999999256,0.0,0.0,1.0,240.2,2207.980604171753,1693.0142096996308,1573.0142096996308
learning-agency-lab-automated-essay-scoring-2__77aac523f90d4cf5afe2eaa03733a189,cards_senior_0803.jsonl:6,learning-agency-lab-automated-essay-scoring-2,hard,top1_majority3,2,0,2,1,1,1.0,0.0,1,0.82966,0.82966,0.0,1.0,0.0,0.0,240.2,2207.980604171753,995.3663944721222,875.3663944721222
learning-agency-lab-automated-essay-scoring-2__77aac523f90d4cf5afe2eaa03733a189,cards_senior_0803.jsonl:6,learning-agency-lab-automated-essay-scoring-2,hard,top1_stdout,2,0,2,1,1,1.0,0.0,1,0.82966,0.82966,0.0,1.0,0.0,0.0,240.2,2207.980604171753,995.3663944721222,875.3663944721222
learning-agency-lab-automated-essay-scoring-2__77aac523f90d4cf5afe2eaa03733a189,cards_senior_0803.jsonl:6,learning-agency-lab-automated-essay-scoring-2,hard,top1_progress,2,0,2,1,1,0.0,0.0036999999999999256,1,0.82596,0.82966,-0.0036999999999999256,0.0,0.0,1.0,240.2,2207.980604171753,1693.0142096996308,1573.0142096996308
learning-agency-lab-automated-essay-scoring-2__77aac523f90d4cf5afe2eaa03733a189,cards_senior_0803.jsonl:6,learning-agency-lab-automated-essay-scoring-2,hard,top1_stdout_tfidf,2,0,2,1,1,1.0,0.0,1,0.82966,0.82966,0.0,1.0,0.0,0.0,240.2,2207.980604171753,995.3663944721222,875.3663944721222
learning-agency-lab-automated-essay-scoring-2__77aac523f90d4cf5afe2eaa03733a189,cards_senior_0803.jsonl:6,learning-agency-lab-automated-essay-scoring-2,hard,top1_oracle,2,0,2,1,1,1.0,0.0,1,0.82966,0.82966,0.0,1.0,0.0,0.0,240.2,2207.980604171753,995.3663944721222,875.3663944721222
learning-agency-lab-automated-essay-scoring-2__77aac523f90d4cf5afe2eaa03733a189,cards_senior_0803.jsonl:6,learning-agency-lab-automated-essay-scoring-2,hard,top2_random,2,0,2,2,0,1.0,0.0,1,0.82966,0.82966,0.0,1.0,0.0,0.0,240.2,2207.980604171753,2448.1806041717527,2208.1806041717527
learning-agency-lab-automated-essay-scoring-2__77aac523f90d4cf5afe2eaa03733a189,cards_senior_0803.jsonl:6,learning-agency-lab-automated-essay-scoring-2,hard,top2_tfidf,2,0,2,2,0,1.0,0.0,1,0.82966,0.82966,0.0,1.0,0.0,0.0,240.2,2207.980604171753,2448.1806041717527,2208.1806041717527
learning-agency-lab-automated-essay-scoring-2__77aac523f90d4cf5afe2eaa03733a189,cards_senior_0803.jsonl:6,learning-agency-lab-automated-essay-scoring-2,hard,top2_oracle,2,0,2,2,0,1.0,0.0,1,0.82966,0.82966,0.0,1.0,0.0,0.0,240.2,2207.980604171753,2448.1806041717527,2208.1806041717527
learning-agency-lab-automated-essay-scoring-2__77aac523f90d4cf5afe2eaa03733a189,cards_senior_0803.jsonl:6,learning-agency-lab-automated-essay-scoring-2,hard,oracle_gate,2,0,2,2,0,1.0,0.0,1,0.82966,0.82966,0.0,1.0,0.0,0.0,240.2,2207.980604171753,2448.1806041717527,2208.1806041717527
learning-agency-lab-automated-essay-scoring-2__77aac523f90d4cf5afe2eaa03733a189,cards_senior_0803.jsonl:6,learning-agency-lab-automated-essay-scoring-2,hard,full_external,2,0,2,2,0,1.0,0.0,1,0.82966,0.82966,0.0,1.0,0.0,0.0,240.2,2207.980604171753,2207.980604171753,2207.980604171753
learning-agency-lab-automated-essay-scoring-2__bfdd0bd143fd4cb4ab9357441b7b4d6f,cards_senior_0808.jsonl:8,learning-agency-lab-automated-essay-scoring-2,easy,artifact_only,2,0,2,0,2,0.5,0.54453,0,nan,0.81243,nan,0.0,0.0,1.0,137.4,5939.8168885707855,137.4,137.4
learning-agency-lab-automated-essay-scoring-2__bfdd0bd143fd4cb4ab9357441b7b4d6f,cards_senior_0808.jsonl:8,learning-agency-lab-automated-essay-scoring-2,easy,all_escalate,2,0,2,2,0,1.0,0.0,1,0.81243,0.81243,0.0,1.0,0.0,0.0,137.4,5939.8168885707855,6077.216888570785,5837.216888570785
learning-agency-lab-automated-essay-scoring-2__bfdd0bd143fd4cb4ab9357441b7b4d6f,cards_senior_0808.jsonl:8,learning-agency-lab-automated-essay-scoring-2,easy,random_gate,2,0,2,2,0,1.0,0.0,1,0.81243,0.81243,0.0,1.0,0.0,0.0,137.4,5939.8168885707855,6077.216888570785,5837.216888570785
learning-agency-lab-automated-essay-scoring-2__bfdd0bd143fd4cb4ab9357441b7b4d6f,cards_senior_0808.jsonl:8,learning-agency-lab-automated-essay-scoring-2,easy,tfidf_gate,2,0,2,2,0,1.0,0.0,1,0.81243,0.81243,0.0,1.0,0.0,0.0,137.4,5939.8168885707855,6077.216888570785,5837.216888570785
learning-agency-lab-automated-essay-scoring-2__bfdd0bd143fd4cb4ab9357441b7b4d6f,cards_senior_0808.jsonl:8,learning-agency-lab-automated-essay-scoring-2,easy,majority3_gate,2,0,2,2,0,1.0,0.0,1,0.81243,0.81243,0.0,1.0,0.0,0.0,137.4,5939.8168885707855,6077.216888570785,5837.216888570785
learning-agency-lab-automated-essay-scoring-2__bfdd0bd143fd4cb4ab9357441b7b4d6f,cards_senior_0808.jsonl:8,learning-agency-lab-automated-essay-scoring-2,easy,unanimous3_gate,2,0,2,2,0,1.0,0.0,1,0.81243,0.81243,0.0,1.0,0.0,0.0,137.4,5939.8168885707855,6077.216888570785,5837.216888570785
learning-agency-lab-automated-essay-scoring-2__bfdd0bd143fd4cb4ab9357441b7b4d6f,cards_senior_0808.jsonl:8,learning-agency-lab-automated-essay-scoring-2,easy,top1_random,2,0,2,1,1,0.0,1.08906,1,-0.27663,0.81243,-1.08906,0.0,0.0,1.0,137.4,5939.8168885707855,3027.232993030548,2907.232993030548
learning-agency-lab-automated-essay-scoring-2__bfdd0bd143fd4cb4ab9357441b7b4d6f,cards_senior_0808.jsonl:8,learning-agency-lab-automated-essay-scoring-2,easy,top1_tfidf,2,0,2,1,1,0.0,1.08906,1,-0.27663,0.81243,-1.08906,0.0,0.0,1.0,137.4,5939.8168885707855,3027.232993030548,2907.232993030548
learning-agency-lab-automated-essay-scoring-2__bfdd0bd143fd4cb4ab9357441b7b4d6f,cards_senior_0808.jsonl:8,learning-agency-lab-automated-essay-scoring-2,easy,top1_majority3,2,0,2,1,1,0.0,1.08906,1,-0.27663,0.81243,-1.08906,0.0,0.0,1.0,137.4,5939.8168885707855,3027.232993030548,2907.232993030548
learning-agency-lab-automated-essay-scoring-2__bfdd0bd143fd4cb4ab9357441b7b4d6f,cards_senior_0808.jsonl:8,learning-agency-lab-automated-essay-scoring-2,easy,top1_stdout,2,0,2,1,1,1.0,0.0,1,0.81243,0.81243,0.0,1.0,0.0,0.0,137.4,5939.8168885707855,3187.3838955402375,3067.3838955402375
learning-agency-lab-automated-essay-scoring-2__bfdd0bd143fd4cb4ab9357441b7b4d6f,cards_senior_0808.jsonl:8,learning-agency-lab-automated-essay-scoring-2,easy,top1_progress,2,0,2,1,1,0.0,1.08906,1,-0.27663,0.81243,-1.08906,0.0,0.0,1.0,137.4,5939.8168885707855,3027.232993030548,2907.232993030548
learning-agency-lab-automated-essay-scoring-2__bfdd0bd143fd4cb4ab9357441b7b4d6f,cards_senior_0808.jsonl:8,learning-agency-lab-automated-essay-scoring-2,easy,top1_stdout_tfidf,2,0,2,1,1,0.0,1.08906,1,-0.27663,0.81243,-1.08906,0.0,0.0,1.0,137.4,5939.8168885707855,3027.232993030548,2907.232993030548
learning-agency-lab-automated-essay-scoring-2__bfdd0bd143fd4cb4ab9357441b7b4d6f,cards_senior_0808.jsonl:8,learning-agency-lab-automated-essay-scoring-2,easy,top1_oracle,2,0,2,1,1,1.0,0.0,1,0.81243,0.81243,0.0,1.0,0.0,0.0,137.4,5939.8168885707855,3187.3838955402375,3067.3838955402375
learning-agency-lab-automated-essay-scoring-2__bfdd0bd143fd4cb4ab9357441b7b4d6f,cards_senior_0808.jsonl:8,learning-agency-lab-automated-essay-scoring-2,easy,top2_random,2,0,2,2,0,1.0,0.0,1,0.81243,0.81243,0.0,1.0,0.0,0.0,137.4,5939.8168885707855,6077.216888570785,5837.216888570785
learning-agency-lab-automated-essay-scoring-2__bfdd0bd143fd4cb4ab9357441b7b4d6f,cards_senior_0808.jsonl:8,learning-agency-lab-automated-essay-scoring-2,easy,top2_tfidf,2,0,2,2,0,1.0,0.0,1,0.81243,0.81243,0.0,1.0,0.0,0.0,137.4,5939.8168885707855,6077.216888570785,5837.216888570785
learning-agency-lab-automated-essay-scoring-2__bfdd0bd143fd4cb4ab9357441b7b4d6f,cards_senior_0808.jsonl:8,learning-agency-lab-automated-essay-scoring-2,easy,top2_oracle,2,0,2,2,0,1.0,0.0,1,0.81243,0.81243,0.0,1.0,0.0,0.0,137.4,5939.8168885707855,6077.216888570785,5837.216888570785
learning-agency-lab-automated-essay-scoring-2__bfdd0bd143fd4cb4ab9357441b7b4d6f,cards_senior_0808.jsonl:8,learning-agency-lab-automated-essay-scoring-2,easy,oracle_gate,2,0,2,2,0,1.0,0.0,1,0.81243,0.81243,0.0,1.0,0.0,0.0,137.4,5939.8168885707855,6077.216888570785,5837.216888570785
learning-agency-lab-automated-essay-scoring-2__bfdd0bd143fd4cb4ab9357441b7b4d6f,cards_senior_0808.jsonl:8,learning-agency-lab-automated-essay-scoring-2,easy,full_external,2,0,2,2,0,1.0,0.0,1,0.81243,0.81243,0.0,1.0,0.0,0.0,137.4,5939.8168885707855,5939.8168885707855,5939.8168885707855
learning-agency-lab-automated-essay-scoring-2__d7d7b2c80bc34005a0fec4fc67053498,cards_senior_0803.jsonl:3,learning-agency-lab-automated-essay-scoring-2,hard,artifact_only,3,2,1,0,1,1.0,0.0,1,0.8127,0.83608,-0.023380000000000067,0.0,0.0,1.0,168.3,5250.388808488846,168.3,168.3
learning-agency-lab-automated-essay-scoring-2__d7d7b2c80bc34005a0fec4fc67053498,cards_senior_0803.jsonl:3,learning-agency-lab-automated-essay-scoring-2,hard,all_escalate,3,2,1,1,0,0.0,0.008480000000000043,1,0.8276,0.83608,-0.008480000000000043,0.0,0.0,1.0,168.3,5250.388808488846,2035.7985892772674,1915.7985892772674
learning-agency-lab-automated-essay-scoring-2__d7d7b2c80bc34005a0fec4fc67053498,cards_senior_0803.jsonl:3,learning-agency-lab-automated-essay-scoring-2,hard,random_gate,3,2,1,0,1,1.0,0.0,1,0.8127,0.83608,-0.023380000000000067,0.0,0.0,1.0,168.3,5250.388808488846,168.3,168.3
learning-agency-lab-automated-essay-scoring-2__d7d7b2c80bc34005a0fec4fc67053498,cards_senior_0803.jsonl:3,learning-agency-lab-automated-essay-scoring-2,hard,tfidf_gate,3,2,1,1,0,0.0,0.008480000000000043,1,0.8276,0.83608,-0.008480000000000043,0.0,0.0,1.0,168.3,5250.388808488846,2035.7985892772674,1915.7985892772674
learning-agency-lab-automated-essay-scoring-2__d7d7b2c80bc34005a0fec4fc67053498,cards_senior_0803.jsonl:3,learning-agency-lab-automated-essay-scoring-2,hard,majority3_gate,3,2,1,0,1,1.0,0.0,1,0.8127,0.83608,-0.023380000000000067,0.0,0.0,1.0,168.3,5250.388808488846,168.3,168.3
learning-agency-lab-automated-essay-scoring-2__d7d7b2c80bc34005a0fec4fc67053498,cards_senior_0803.jsonl:3,learning-agency-lab-automated-essay-scoring-2,hard,unanimous3_gate,3,2,1,1,0,0.0,0.008480000000000043,1,0.8276,0.83608,-0.008480000000000043,0.0,0.0,1.0,168.3,5250.388808488846,2035.7985892772674,1915.7985892772674
learning-agency-lab-automated-essay-scoring-2__d7d7b2c80bc34005a0fec4fc67053498,cards_senior_0803.jsonl:3,learning-agency-lab-automated-essay-scoring-2,hard,top1_random,3,2,1,1,0,0.0,0.008480000000000043,1,0.8276,0.83608,-0.008480000000000043,0.0,0.0,1.0,168.3,5250.388808488846,2035.7985892772674,1915.7985892772674
learning-agency-lab-automated-essay-scoring-2__d7d7b2c80bc34005a0fec4fc67053498,cards_senior_0803.jsonl:3,learning-agency-lab-automated-essay-scoring-2,hard,top1_tfidf,3,2,1,1,0,0.0,0.008480000000000043,1,0.8276,0.83608,-0.008480000000000043,0.0,0.0,1.0,168.3,5250.388808488846,2035.7985892772674,1915.7985892772674
learning-agency-lab-automated-essay-scoring-2__d7d7b2c80bc34005a0fec4fc67053498,cards_senior_0803.jsonl:3,learning-agency-lab-automated-essay-scoring-2,hard,top1_majority3,3,2,1,1,0,0.0,0.008480000000000043,1,0.8276,0.83608,-0.008480000000000043,0.0,0.0,1.0,168.3,5250.388808488846,2035.7985892772674,1915.7985892772674
learning-agency-lab-automated-essay-scoring-2__d7d7b2c80bc34005a0fec4fc67053498,cards_senior_0803.jsonl:3,learning-agency-lab-automated-essay-scoring-2,hard,top1_stdout,3,2,1,1,0,0.0,0.008480000000000043,1,0.8276,0.83608,-0.008480000000000043,0.0,0.0,1.0,168.3,5250.388808488846,2035.7985892772674,1915.7985892772674
learning-agency-lab-automated-essay-scoring-2__d7d7b2c80bc34005a0fec4fc67053498,cards_senior_0803.jsonl:3,learning-agency-lab-automated-essay-scoring-2,hard,top1_progress,3,2,1,1,0,0.0,0.008480000000000043,1,0.8276,0.83608,-0.008480000000000043,0.0,0.0,1.0,168.3,5250.388808488846,2035.7985892772674,1915.7985892772674
learning-agency-lab-automated-essay-scoring-2__d7d7b2c80bc34005a0fec4fc67053498,cards_senior_0803.jsonl:3,learning-agency-lab-automated-essay-scoring-2,hard,top1_stdout_tfidf,3,2,1,1,0,0.0,0.008480000000000043,1,0.8276,0.83608,-0.008480000000000043,0.0,0.0,1.0,168.3,5250.388808488846,2035.7985892772674,1915.7985892772674
learning-agency-lab-automated-essay-scoring-2__d7d7b2c80bc34005a0fec4fc67053498,cards_senior_0803.jsonl:3,learning-agency-lab-automated-essay-scoring-2,hard,top1_oracle,3,2,1,1,0,0.0,0.008480000000000043,1,0.8276,0.83608,-0.008480000000000043,0.0,0.0,1.0,168.3,5250.388808488846,2035.7985892772674,1915.7985892772674
learning-agency-lab-automated-essay-scoring-2__d7d7b2c80bc34005a0fec4fc67053498,cards_senior_0803.jsonl:3,learning-agency-lab-automated-essay-scoring-2,hard,top2_random,3,2,1,1,0,0.0,0.008480000000000043,1,0.8276,0.83608,-0.008480000000000043,0.0,0.0,1.0,168.3,5250.388808488846,2035.7985892772674,1915.7985892772674
learning-agency-lab-automated-essay-scoring-2__d7d7b2c80bc34005a0fec4fc67053498,cards_senior_0803.jsonl:3,learning-agency-lab-automated-essay-scoring-2,hard,top2_tfidf,3,2,1,1,0,0.0,0.008480000000000043,1,0.8276,0.83608,-0.008480000000000043,0.0,0.0,1.0,168.3,5250.388808488846,2035.7985892772674,1915.7985892772674
learning-agency-lab-automated-essay-scoring-2__d7d7b2c80bc34005a0fec4fc67053498,cards_senior_0803.jsonl:3,learning-agency-lab-automated-essay-scoring-2,hard,top2_oracle,3,2,1,1,0,0.0,0.008480000000000043,1,0.8276,0.83608,-0.008480000000000043,0.0,0.0,1.0,168.3,5250.388808488846,2035.7985892772674,1915.7985892772674
learning-agency-lab-automated-essay-scoring-2__d7d7b2c80bc34005a0fec4fc67053498,cards_senior_0803.jsonl:3,learning-agency-lab-automated-essay-scoring-2,hard,oracle_gate,3,2,1,0,1,1.0,0.0,1,0.8127,0.83608,-0.023380000000000067,0.0,0.0,1.0,168.3,5250.388808488846,168.3,168.3
learning-agency-lab-automated-essay-scoring-2__d7d7b2c80bc34005a0fec4fc67053498,cards_senior_0803.jsonl:3,learning-agency-lab-automated-essay-scoring-2,hard,full_external,3,2,1,3,0,1.0,0.0,1,0.83608,0.83608,0.0,1.0,0.0,0.0,168.3,5250.388808488846,5250.388808488846,5250.388808488846
learning-agency-lab-automated-essay-scoring-2__dcadeabb3745444b84238b4e3b4bf557,cards_senior_0803.jsonl:6,learning-agency-lab-automated-essay-scoring-2,hard,artifact_only,2,0,2,0,2,0.5,0.0009850000000000136,0,nan,0.80183,nan,0.0,0.0,1.0,146.0,2061.1014482975006,146.0,146.0
learning-agency-lab-automated-essay-scoring-2__dcadeabb3745444b84238b4e3b4bf557,cards_senior_0803.jsonl:6,learning-agency-lab-automated-essay-scoring-2,hard,all_escalate,2,0,2,2,0,1.0,0.0,1,0.80183,0.80183,0.0,1.0,0.0,0.0,146.0,2061.1014482975006,2207.1014482975006,1967.1014482975006
learning-agency-lab-automated-essay-scoring-2__dcadeabb3745444b84238b4e3b4bf557,cards_senior_0803.jsonl:6,learning-agency-lab-automated-essay-scoring-2,hard,random_gate,2,0,2,2,0,1.0,0.0,1,0.80183,0.80183,0.0,1.0,0.0,0.0,146.0,2061.1014482975006,2207.1014482975006,1967.1014482975006
learning-agency-lab-automated-essay-scoring-2__dcadeabb3745444b84238b4e3b4bf557,cards_senior_0803.jsonl:6,learning-agency-lab-automated-essay-scoring-2,hard,tfidf_gate,2,0,2,2,0,1.0,0.0,1,0.80183,0.80183,0.0,1.0,0.0,0.0,146.0,2061.1014482975006,2207.1014482975006,1967.1014482975006
learning-agency-lab-automated-essay-scoring-2__dcadeabb3745444b84238b4e3b4bf557,cards_senior_0803.jsonl:6,learning-agency-lab-automated-essay-scoring-2,hard,majority3_gate,2,0,2,2,0,1.0,0.0,1,0.80183,0.80183,0.0,1.0,0.0,0.0,146.0,2061.1014482975006,2207.1014482975006,1967.1014482975006
learning-agency-lab-automated-essay-scoring-2__dcadeabb3745444b84238b4e3b4bf557,cards_senior_0803.jsonl:6,learning-agency-lab-automated-essay-scoring-2,hard,unanimous3_gate,2,0,2,2,0,1.0,0.0,1,0.80183,0.80183,0.0,1.0,0.0,0.0,146.0,2061.1014482975006,2207.1014482975006,1967.1014482975006
learning-agency-lab-automated-essay-scoring-2__dcadeabb3745444b84238b4e3b4bf557,cards_senior_0803.jsonl:6,learning-agency-lab-automated-essay-scoring-2,hard,top1_random,2,0,2,1,1,1.0,0.0,1,0.80183,0.80183,0.0,1.0,0.0,0.0,146.0,2061.1014482975006,1731.0360035896301,1611.0360035896301
learning-agency-lab-automated-essay-scoring-2__dcadeabb3745444b84238b4e3b4bf557,cards_senior_0803.jsonl:6,learning-agency-lab-automated-essay-scoring-2,hard,top1_tfidf,2,0,2,1,1,1.0,0.0,1,0.80183,0.80183,0.0,1.0,0.0,0.0,146.0,2061.1014482975006,1731.0360035896301,1611.0360035896301
learning-agency-lab-automated-essay-scoring-2__dcadeabb3745444b84238b4e3b4bf557,cards_senior_0803.jsonl:6,learning-agency-lab-automated-essay-scoring-2,hard,top1_majority3,2,0,2,1,1,1.0,0.0,1,0.80183,0.80183,0.0,1.0,0.0,0.0,146.0,2061.1014482975006,1731.0360035896301,1611.0360035896301
learning-agency-lab-automated-essay-scoring-2__dcadeabb3745444b84238b4e3b4bf557,cards_senior_0803.jsonl:6,learning-agency-lab-automated-essay-scoring-2,hard,top1_stdout,2,0,2,1,1,0.0,0.0019700000000000273,1,0.79986,0.80183,-0.0019700000000000273,0.0,0.0,1.0,146.0,2061.1014482975006,622.0654447078705,502.0654447078705
learning-agency-lab-automated-essay-scoring-2__dcadeabb3745444b84238b4e3b4bf557,cards_senior_0803.jsonl:6,learning-agency-lab-automated-essay-scoring-2,hard,top1_progress,2,0,2,1,1,1.0,0.0,1,0.80183,0.80183,0.0,1.0,0.0,0.0,146.0,2061.1014482975006,1731.0360035896301,1611.0360035896301
learning-agency-lab-automated-essay-scoring-2__dcadeabb3745444b84238b4e3b4bf557,cards_senior_0803.jsonl:6,learning-agency-lab-automated-essay-scoring-2,hard,top1_stdout_tfidf,2,0,2,1,1,0.0,0.0019700000000000273,1,0.79986,0.80183,-0.0019700000000000273,0.0,0.0,1.0,146.0,2061.1014482975006,622.0654447078705,502.0654447078705
learning-agency-lab-automated-essay-scoring-2__dcadeabb3745444b84238b4e3b4bf557,cards_senior_0803.jsonl:6,learning-agency-lab-automated-essay-scoring-2,hard,top1_oracle,2,0,2,1,1,1.0,0.0,1,0.80183,0.80183,0.0,1.0,0.0,0.0,146.0,2061.1014482975006,1731.0360035896301,1611.0360035896301
learning-agency-lab-automated-essay-scoring-2__dcadeabb3745444b84238b4e3b4bf557,cards_senior_0803.jsonl:6,learning-agency-lab-automated-essay-scoring-2,hard,top2_random,2,0,2,2,0,1.0,0.0,1,0.80183,0.80183,0.0,1.0,0.0,0.0,146.0,2061.1014482975006,2207.1014482975006,1967.1014482975006
learning-agency-lab-automated-essay-scoring-2__dcadeabb3745444b84238b4e3b4bf557,cards_senior_0803.jsonl:6,learning-agency-lab-automated-essay-scoring-2,hard,top2_tfidf,2,0,2,2,0,1.0,0.0,1,0.80183,0.80183,0.0,1.0,0.0,0.0,146.0,2061.1014482975006,2207.1014482975006,1967.1014482975006
learning-agency-lab-automated-essay-scoring-2__dcadeabb3745444b84238b4e3b4bf557,cards_senior_0803.jsonl:6,learning-agency-lab-automated-essay-scoring-2,hard,top2_oracle,2,0,2,2,0,1.0,0.0,1,0.80183,0.80183,0.0,1.0,0.0,0.0,146.0,2061.1014482975006,2207.1014482975006,1967.1014482975006
learning-agency-lab-automated-essay-scoring-2__dcadeabb3745444b84238b4e3b4bf557,cards_senior_0803.jsonl:6,learning-agency-lab-automated-essay-scoring-2,hard,oracle_gate,2,0,2,2,0,1.0,0.0,1,0.80183,0.80183,0.0,1.0,0.0,0.0,146.0,2061.1014482975006,2207.1014482975006,1967.1014482975006
learning-agency-lab-automated-essay-scoring-2__dcadeabb3745444b84238b4e3b4bf557,cards_senior_0803.jsonl:6,learning-agency-lab-automated-essay-scoring-2,hard,full_external,2,0,2,2,0,1.0,0.0,1,0.80183,0.80183,0.0,1.0,0.0,0.0,146.0,2061.1014482975006,2061.1014482975006,2061.1014482975006
learning-agency-lab-automated-essay-scoring-2__e98c27a1655f4bbda2fc621ba07c232c,cards_senior_0803.jsonl:3,learning-agency-lab-automated-essay-scoring-2,easy,artifact_only,2,2,0,0,0,0.0,0.030120000000000036,1,0.81153,0.84165,-0.030120000000000036,0.0,0.0,1.0,204.0,6523.93625330925,204.0,204.0
learning-agency-lab-automated-essay-scoring-2__e98c27a1655f4bbda2fc621ba07c232c,cards_senior_0803.jsonl:3,learning-agency-lab-automated-essay-scoring-2,easy,all_escalate,2,2,0,0,0,0.0,0.030120000000000036,1,0.81153,0.84165,-0.030120000000000036,0.0,0.0,1.0,204.0,6523.93625330925,204.0,204.0
learning-agency-lab-automated-essay-scoring-2__e98c27a1655f4bbda2fc621ba07c232c,cards_senior_0803.jsonl:3,learning-agency-lab-automated-essay-scoring-2,easy,random_gate,2,2,0,0,0,0.0,0.030120000000000036,1,0.81153,0.84165,-0.030120000000000036,0.0,0.0,1.0,204.0,6523.93625330925,204.0,204.0
learning-agency-lab-automated-essay-scoring-2__e98c27a1655f4bbda2fc621ba07c232c,cards_senior_0803.jsonl:3,learning-agency-lab-automated-essay-scoring-2,easy,tfidf_gate,2,2,0,0,0,0.0,0.030120000000000036,1,0.81153,0.84165,-0.030120000000000036,0.0,0.0,1.0,204.0,6523.93625330925,204.0,204.0
learning-agency-lab-automated-essay-scoring-2__e98c27a1655f4bbda2fc621ba07c232c,cards_senior_0803.jsonl:3,learning-agency-lab-automated-essay-scoring-2,easy,majority3_gate,2,2,0,0,0,0.0,0.030120000000000036,1,0.81153,0.84165,-0.030120000000000036,0.0,0.0,1.0,204.0,6523.93625330925,204.0,204.0
learning-agency-lab-automated-essay-scoring-2__e98c27a1655f4bbda2fc621ba07c232c,cards_senior_0803.jsonl:3,learning-agency-lab-automated-essay-scoring-2,easy,unanimous3_gate,2,2,0,0,0,0.0,0.030120000000000036,1,0.81153,0.84165,-0.030120000000000036,0.0,0.0,1.0,204.0,6523.93625330925,204.0,204.0
learning-agency-lab-automated-essay-scoring-2__e98c27a1655f4bbda2fc621ba07c232c,cards_senior_0803.jsonl:3,learning-agency-lab-automated-essay-scoring-2,easy,top1_random,2,2,0,0,0,0.0,0.030120000000000036,1,0.81153,0.84165,-0.030120000000000036,0.0,0.0,1.0,204.0,6523.93625330925,204.0,204.0
learning-agency-lab-automated-essay-scoring-2__e98c27a1655f4bbda2fc621ba07c232c,cards_senior_0803.jsonl:3,learning-agency-lab-automated-essay-scoring-2,easy,top1_tfidf,2,2,0,0,0,0.0,0.030120000000000036,1,0.81153,0.84165,-0.030120000000000036,0.0,0.0,1.0,204.0,6523.93625330925,204.0,204.0
learning-agency-lab-automated-essay-scoring-2__e98c27a1655f4bbda2fc621ba07c232c,cards_senior_0803.jsonl:3,learning-agency-lab-automated-essay-scoring-2,easy,top1_majority3,2,2,0,0,0,0.0,0.030120000000000036,1,0.81153,0.84165,-0.030120000000000036,0.0,0.0,1.0,204.0,6523.93625330925,204.0,204.0
learning-agency-lab-automated-essay-scoring-2__e98c27a1655f4bbda2fc621ba07c232c,cards_senior_0803.jsonl:3,learning-agency-lab-automated-essay-scoring-2,easy,top1_stdout,2,2,0,0,0,0.0,0.030120000000000036,1,0.81153,0.84165,-0.030120000000000036,0.0,0.0,1.0,204.0,6523.93625330925,204.0,204.0
learning-agency-lab-automated-essay-scoring-2__e98c27a1655f4bbda2fc621ba07c232c,cards_senior_0803.jsonl:3,learning-agency-lab-automated-essay-scoring-2,easy,top1_progress,2,2,0,0,0,0.0,0.030120000000000036,1,0.81153,0.84165,-0.030120000000000036,0.0,0.0,1.0,204.0,6523.93625330925,204.0,204.0
learning-agency-lab-automated-essay-scoring-2__e98c27a1655f4bbda2fc621ba07c232c,cards_senior_0803.jsonl:3,learning-agency-lab-automated-essay-scoring-2,easy,top1_stdout_tfidf,2,2,0,0,0,0.0,0.030120000000000036,1,0.81153,0.84165,-0.030120000000000036,0.0,0.0,1.0,204.0,6523.93625330925,204.0,204.0
learning-agency-lab-automated-essay-scoring-2__e98c27a1655f4bbda2fc621ba07c232c,cards_senior_0803.jsonl:3,learning-agency-lab-automated-essay-scoring-2,easy,top1_oracle,2,2,0,0,0,0.0,0.030120000000000036,1,0.81153,0.84165,-0.030120000000000036,0.0,0.0,1.0,204.0,6523.93625330925,204.0,204.0
learning-agency-lab-automated-essay-scoring-2__e98c27a1655f4bbda2fc621ba07c232c,cards_senior_0803.jsonl:3,learning-agency-lab-automated-essay-scoring-2,easy,top2_random,2,2,0,0,0,0.0,0.030120000000000036,1,0.81153,0.84165,-0.030120000000000036,0.0,0.0,1.0,204.0,6523.93625330925,204.0,204.0
learning-agency-lab-automated-essay-scoring-2__e98c27a1655f4bbda2fc621ba07c232c,cards_senior_0803.jsonl:3,learning-agency-lab-automated-essay-scoring-2,easy,top2_tfidf,2,2,0,0,0,0.0,0.030120000000000036,1,0.81153,0.84165,-0.030120000000000036,0.0,0.0,1.0,204.0,6523.93625330925,204.0,204.0
learning-agency-lab-automated-essay-scoring-2__e98c27a1655f4bbda2fc621ba07c232c,cards_senior_0803.jsonl:3,learning-agency-lab-automated-essay-scoring-2,easy,top2_oracle,2,2,0,0,0,0.0,0.030120000000000036,1,0.81153,0.84165,-0.030120000000000036,0.0,0.0,1.0,204.0,6523.93625330925,204.0,204.0
learning-agency-lab-automated-essay-scoring-2__e98c27a1655f4bbda2fc621ba07c232c,cards_senior_0803.jsonl:3,learning-agency-lab-automated-essay-scoring-2,easy,oracle_gate,2,2,0,0,0,0.0,0.030120000000000036,1,0.81153,0.84165,-0.030120000000000036,0.0,0.0,1.0,204.0,6523.93625330925,204.0,204.0
learning-agency-lab-automated-essay-scoring-2__e98c27a1655f4bbda2fc621ba07c232c,cards_senior_0803.jsonl:3,learning-agency-lab-automated-essay-scoring-2,easy,full_external,2,2,0,2,0,1.0,0.0,1,0.84165,0.84165,0.0,1.0,0.0,0.0,204.0,6523.93625330925,6523.93625330925,6523.93625330925
mlsp-2013-birds__2d82d79adb47473e907e8f34ad15cdb2,cards_senior_0802.jsonl:4,mlsp-2013-birds,hard,artifact_only,5,2,3,0,3,0.0,0.009440000000000004,1,0.92675,0.92476,0.0019899999999999363,1.0,1.0,0.0,514.6,2852.5744729042053,514.6,514.6
mlsp-2013-birds__2d82d79adb47473e907e8f34ad15cdb2,cards_senior_0802.jsonl:4,mlsp-2013-birds,hard,all_escalate,5,2,3,3,0,0.0,0.009440000000000004,1,0.92675,0.92476,0.0019899999999999363,1.0,1.0,0.0,514.6,2852.5744729042053,2395.727232789993,2035.7272327899932
mlsp-2013-birds__2d82d79adb47473e907e8f34ad15cdb2,cards_senior_0802.jsonl:4,mlsp-2013-birds,hard,random_gate,5,2,3,3,0,0.0,0.009440000000000004,1,0.92675,0.92476,0.0019899999999999363,1.0,1.0,0.0,514.6,2852.5744729042053,2395.727232789993,2035.7272327899932
mlsp-2013-birds__2d82d79adb47473e907e8f34ad15cdb2,cards_senior_0802.jsonl:4,mlsp-2013-birds,hard,tfidf_gate,5,2,3,2,1,0.0,0.009440000000000004,1,0.92675,0.92476,0.0019899999999999363,1.0,1.0,0.0,514.6,2852.5744729042053,2086.3219035625457,1846.3219035625457
mlsp-2013-birds__2d82d79adb47473e907e8f34ad15cdb2,cards_senior_0802.jsonl:4,mlsp-2013-birds,hard,majority3_gate,5,2,3,2,1,0.0,0.009440000000000004,1,0.92675,0.92476,0.0019899999999999363,1.0,1.0,0.0,514.6,2852.5744729042053,2086.3219035625457,1846.3219035625457
mlsp-2013-birds__2d82d79adb47473e907e8f34ad15cdb2,cards_senior_0802.jsonl:4,mlsp-2013-birds,hard,unanimous3_gate,5,2,3,2,1,0.0,0.009440000000000004,1,0.92675,0.92476,0.0019899999999999363,1.0,1.0,0.0,514.6,2852.5744729042053,2086.3219035625457,1846.3219035625457
mlsp-2013-birds__2d82d79adb47473e907e8f34ad15cdb2,cards_senior_0802.jsonl:4,mlsp-2013-birds,hard,top1_random,5,2,3,1,2,0.0,0.009440000000000004,1,0.92675,0.92476,0.0019899999999999363,1.0,1.0,0.0,514.6,2852.5744729042053,824.0053292274475,704.0053292274475
mlsp-2013-birds__2d82d79adb47473e907e8f34ad15cdb2,cards_senior_0802.jsonl:4,mlsp-2013-birds,hard,top1_tfidf,5,2,3,1,2,0.0,0.009440000000000004,1,0.92675,0.92476,0.0019899999999999363,1.0,1.0,0.0,514.6,2852.5744729042053,1373.9349616527556,1253.9349616527556
mlsp-2013-birds__2d82d79adb47473e907e8f34ad15cdb2,cards_senior_0802.jsonl:4,mlsp-2013-birds,hard,top1_majority3,5,2,3,1,2,0.0,0.009440000000000004,1,0.92675,0.92476,0.0019899999999999363,1.0,1.0,0.0,514.6,2852.5744729042053,1373.9349616527556,1253.9349616527556
mlsp-2013-birds__2d82d79adb47473e907e8f34ad15cdb2,cards_senior_0802.jsonl:4,mlsp-2013-birds,hard,top1_stdout,5,2,3,1,2,0.0,0.009440000000000004,1,0.92675,0.92476,0.0019899999999999363,1.0,1.0,0.0,514.6,2852.5744729042053,824.0053292274475,704.0053292274475
mlsp-2013-birds__2d82d79adb47473e907e8f34ad15cdb2,cards_senior_0802.jsonl:4,mlsp-2013-birds,hard,top1_progress,5,2,3,1,2,0.0,0.009440000000000004,1,0.92675,0.92476,0.0019899999999999363,1.0,1.0,0.0,514.6,2852.5744729042053,1226.98694190979,1106.98694190979
mlsp-2013-birds__2d82d79adb47473e907e8f34ad15cdb2,cards_senior_0802.jsonl:4,mlsp-2013-birds,hard,top1_stdout_tfidf,5,2,3,1,2,0.0,0.009440000000000004,1,0.92675,0.92476,0.0019899999999999363,1.0,1.0,0.0,514.6,2852.5744729042053,824.0053292274475,704.0053292274475
mlsp-2013-birds__2d82d79adb47473e907e8f34ad15cdb2,cards_senior_0802.jsonl:4,mlsp-2013-birds,hard,top1_oracle,5,2,3,1,2,0.0,0.009440000000000004,1,0.92675,0.92476,0.0019899999999999363,1.0,1.0,0.0,514.6,2852.5744729042053,1373.9349616527556,1253.9349616527556
mlsp-2013-birds__2d82d79adb47473e907e8f34ad15cdb2,cards_senior_0802.jsonl:4,mlsp-2013-birds,hard,top2_random,5,2,3,2,1,0.0,0.009440000000000004,1,0.92675,0.92476,0.0019899999999999363,1.0,1.0,0.0,514.6,2852.5744729042053,1683.3402908802032,1443.3402908802032
mlsp-2013-birds__2d82d79adb47473e907e8f34ad15cdb2,cards_senior_0802.jsonl:4,mlsp-2013-birds,hard,top2_tfidf,5,2,3,2,1,0.0,0.009440000000000004,1,0.92675,0.92476,0.0019899999999999363,1.0,1.0,0.0,514.6,2852.5744729042053,2086.3219035625457,1846.3219035625457
mlsp-2013-birds__2d82d79adb47473e907e8f34ad15cdb2,cards_senior_0802.jsonl:4,mlsp-2013-birds,hard,top2_oracle,5,2,3,2,1,0.0,0.009440000000000004,1,0.92675,0.92476,0.0019899999999999363,1.0,1.0,0.0,514.6,2852.5744729042053,1683.3402908802032,1443.3402908802032
mlsp-2013-birds__2d82d79adb47473e907e8f34ad15cdb2,cards_senior_0802.jsonl:4,mlsp-2013-birds,hard,oracle_gate,5,2,3,3,0,0.0,0.009440000000000004,1,0.92675,0.92476,0.0019899999999999363,1.0,1.0,0.0,514.6,2852.5744729042053,2395.727232789993,2035.7272327899932
mlsp-2013-birds__2d82d79adb47473e907e8f34ad15cdb2,cards_senior_0802.jsonl:4,mlsp-2013-birds,hard,full_external,5,2,3,5,0,1.0,0.0,1,0.92476,0.92476,0.0,1.0,0.0,0.0,514.6,2852.5744729042053,2852.5744729042053,2852.5744729042053
mlsp-2013-birds__35246c86f5b347e18d24e0558af31250,cards_senior_0802.jsonl:4,mlsp-2013-birds,hard,artifact_only,2,2,0,0,0,0.0,0.0020700000000000163,1,0.90411,0.9012,0.002909999999999968,1.0,1.0,0.0,192.1,338.68961238861084,192.1,192.1
mlsp-2013-birds__35246c86f5b347e18d24e0558af31250,cards_senior_0802.jsonl:4,mlsp-2013-birds,hard,all_escalate,2,2,0,0,0,0.0,0.0020700000000000163,1,0.90411,0.9012,0.002909999999999968,1.0,1.0,0.0,192.1,338.68961238861084,192.1,192.1
mlsp-2013-birds__35246c86f5b347e18d24e0558af31250,cards_senior_0802.jsonl:4,mlsp-2013-birds,hard,random_gate,2,2,0,0,0,0.0,0.0020700000000000163,1,0.90411,0.9012,0.002909999999999968,1.0,1.0,0.0,192.1,338.68961238861084,192.1,192.1
mlsp-2013-birds__35246c86f5b347e18d24e0558af31250,cards_senior_0802.jsonl:4,mlsp-2013-birds,hard,tfidf_gate,2,2,0,0,0,0.0,0.0020700000000000163,1,0.90411,0.9012,0.002909999999999968,1.0,1.0,0.0,192.1,338.68961238861084,192.1,192.1
mlsp-2013-birds__35246c86f5b347e18d24e0558af31250,cards_senior_0802.jsonl:4,mlsp-2013-birds,hard,majority3_gate,2,2,0,0,0,0.0,0.0020700000000000163,1,0.90411,0.9012,0.002909999999999968,1.0,1.0,0.0,192.1,338.68961238861084,192.1,192.1
mlsp-2013-birds__35246c86f5b347e18d24e0558af31250,cards_senior_0802.jsonl:4,mlsp-2013-birds,hard,unanimous3_gate,2,2,0,0,0,0.0,0.0020700000000000163,1,0.90411,0.9012,0.002909999999999968,1.0,1.0,0.0,192.1,338.68961238861084,192.1,192.1
mlsp-2013-birds__35246c86f5b347e18d24e0558af31250,cards_senior_0802.jsonl:4,mlsp-2013-birds,hard,top1_random,2,2,0,0,0,0.0,0.0020700000000000163,1,0.90411,0.9012,0.002909999999999968,1.0,1.0,0.0,192.1,338.68961238861084,192.1,192.1
mlsp-2013-birds__35246c86f5b347e18d24e0558af31250,cards_senior_0802.jsonl:4,mlsp-2013-birds,hard,top1_tfidf,2,2,0,0,0,0.0,0.0020700000000000163,1,0.90411,0.9012,0.002909999999999968,1.0,1.0,0.0,192.1,338.68961238861084,192.1,192.1
mlsp-2013-birds__35246c86f5b347e18d24e0558af31250,cards_senior_0802.jsonl:4,mlsp-2013-birds,hard,top1_majority3,2,2,0,0,0,0.0,0.0020700000000000163,1,0.90411,0.9012,0.002909999999999968,1.0,1.0,0.0,192.1,338.68961238861084,192.1,192.1
mlsp-2013-birds__35246c86f5b347e18d24e0558af31250,cards_senior_0802.jsonl:4,mlsp-2013-birds,hard,top1_stdout,2,2,0,0,0,0.0,0.0020700000000000163,1,0.90411,0.9012,0.002909999999999968,1.0,1.0,0.0,192.1,338.68961238861084,192.1,192.1
mlsp-2013-birds__35246c86f5b347e18d24e0558af31250,cards_senior_0802.jsonl:4,mlsp-2013-birds,hard,top1_progress,2,2,0,0,0,0.0,0.0020700000000000163,1,0.90411,0.9012,0.002909999999999968,1.0,1.0,0.0,192.1,338.68961238861084,192.1,192.1
mlsp-2013-birds__35246c86f5b347e18d24e0558af31250,cards_senior_0802.jsonl:4,mlsp-2013-birds,hard,top1_stdout_tfidf,2,2,0,0,0,0.0,0.0020700000000000163,1,0.90411,0.9012,0.002909999999999968,1.0,1.0,0.0,192.1,338.68961238861084,192.1,192.1
mlsp-2013-birds__35246c86f5b347e18d24e0558af31250,cards_senior_0802.jsonl:4,mlsp-2013-birds,hard,top1_oracle,2,2,0,0,0,0.0,0.0020700000000000163,1,0.90411,0.9012,0.002909999999999968,1.0,1.0,0.0,192.1,338.68961238861084,192.1,192.1
mlsp-2013-birds__35246c86f5b347e18d24e0558af31250,cards_senior_0802.jsonl:4,mlsp-2013-birds,hard,top2_random,2,2,0,0,0,0.0,0.0020700000000000163,1,0.90411,0.9012,0.002909999999999968,1.0,1.0,0.0,192.1,338.68961238861084,192.1,192.1
mlsp-2013-birds__35246c86f5b347e18d24e0558af31250,cards_senior_0802.jsonl:4,mlsp-2013-birds,hard,top2_tfidf,2,2,0,0,0,0.0,0.0020700000000000163,1,0.90411,0.9012,0.002909999999999968,1.0,1.0,0.0,192.1,338.68961238861084,192.1,192.1
mlsp-2013-birds__35246c86f5b347e18d24e0558af31250,cards_senior_0802.jsonl:4,mlsp-2013-birds,hard,top2_oracle,2,2,0,0,0,0.0,0.0020700000000000163,1,0.90411,0.9012,0.002909999999999968,1.0,1.0,0.0,192.1,338.68961238861084,192.1,192.1
mlsp-2013-birds__35246c86f5b347e18d24e0558af31250,cards_senior_0802.jsonl:4,mlsp-2013-birds,hard,oracle_gate,2,2,0,0,0,0.0,0.0020700000000000163,1,0.90411,0.9012,0.002909999999999968,1.0,1.0,0.0,192.1,338.68961238861084,192.1,192.1
mlsp-2013-birds__35246c86f5b347e18d24e0558af31250,cards_senior_0802.jsonl:4,mlsp-2013-birds,hard,full_external,2,2,0,2,0,1.0,0.0,1,0.9012,0.9012,0.0,1.0,0.0,0.0,192.1,338.68961238861084,338.68961238861084,338.68961238861084
mlsp-2013-birds__5c488535319e494c9944773f9016d969,cards_senior_0726.jsonl:10,mlsp-2013-birds,easy,artifact_only,2,2,0,0,0,1.0,0.0,1,0.87969,0.87969,0.0,1.0,0.0,0.0,54.3,45.32421028614044,54.3,54.3
mlsp-2013-birds__5c488535319e494c9944773f9016d969,cards_senior_0726.jsonl:10,mlsp-2013-birds,easy,all_escalate,2,2,0,0,0,1.0,0.0,1,0.87969,0.87969,0.0,1.0,0.0,0.0,54.3,45.32421028614044,54.3,54.3
mlsp-2013-birds__5c488535319e494c9944773f9016d969,cards_senior_0726.jsonl:10,mlsp-2013-birds,easy,random_gate,2,2,0,0,0,1.0,0.0,1,0.87969,0.87969,0.0,1.0,0.0,0.0,54.3,45.32421028614044,54.3,54.3
mlsp-2013-birds__5c488535319e494c9944773f9016d969,cards_senior_0726.jsonl:10,mlsp-2013-birds,easy,tfidf_gate,2,2,0,0,0,1.0,0.0,1,0.87969,0.87969,0.0,1.0,0.0,0.0,54.3,45.32421028614044,54.3,54.3
mlsp-2013-birds__5c488535319e494c9944773f9016d969,cards_senior_0726.jsonl:10,mlsp-2013-birds,easy,majority3_gate,2,2,0,0,0,1.0,0.0,1,0.87969,0.87969,0.0,1.0,0.0,0.0,54.3,45.32421028614044,54.3,54.3
mlsp-2013-birds__5c488535319e494c9944773f9016d969,cards_senior_0726.jsonl:10,mlsp-2013-birds,easy,unanimous3_gate,2,2,0,0,0,1.0,0.0,1,0.87969,0.87969,0.0,1.0,0.0,0.0,54.3,45.32421028614044,54.3,54.3
mlsp-2013-birds__5c488535319e494c9944773f9016d969,cards_senior_0726.jsonl:10,mlsp-2013-birds,easy,top1_random,2,2,0,0,0,1.0,0.0,1,0.87969,0.87969,0.0,1.0,0.0,0.0,54.3,45.32421028614044,54.3,54.3
mlsp-2013-birds__5c488535319e494c9944773f9016d969,cards_senior_0726.jsonl:10,mlsp-2013-birds,easy,top1_tfidf,2,2,0,0,0,1.0,0.0,1,0.87969,0.87969,0.0,1.0,0.0,0.0,54.3,45.32421028614044,54.3,54.3
mlsp-2013-birds__5c488535319e494c9944773f9016d969,cards_senior_0726.jsonl:10,mlsp-2013-birds,easy,top1_majority3,2,2,0,0,0,1.0,0.0,1,0.87969,0.87969,0.0,1.0,0.0,0.0,54.3,45.32421028614044,54.3,54.3
mlsp-2013-birds__5c488535319e494c9944773f9016d969,cards_senior_0726.jsonl:10,mlsp-2013-birds,easy,top1_stdout,2,2,0,0,0,1.0,0.0,1,0.87969,0.87969,0.0,1.0,0.0,0.0,54.3,45.32421028614044,54.3,54.3
mlsp-2013-birds__5c488535319e494c9944773f9016d969,cards_senior_0726.jsonl:10,mlsp-2013-birds,easy,top1_progress,2,2,0,0,0,1.0,0.0,1,0.87969,0.87969,0.0,1.0,0.0,0.0,54.3,45.32421028614044,54.3,54.3
mlsp-2013-birds__5c488535319e494c9944773f9016d969,cards_senior_0726.jsonl:10,mlsp-2013-birds,easy,top1_stdout_tfidf,2,2,0,0,0,1.0,0.0,1,0.87969,0.87969,0.0,1.0,0.0,0.0,54.3,45.32421028614044,54.3,54.3
mlsp-2013-birds__5c488535319e494c9944773f9016d969,cards_senior_0726.jsonl:10,mlsp-2013-birds,easy,top1_oracle,2,2,0,0,0,1.0,0.0,1,0.87969,0.87969,0.0,1.0,0.0,0.0,54.3,45.32421028614044,54.3,54.3
mlsp-2013-birds__5c488535319e494c9944773f9016d969,cards_senior_0726.jsonl:10,mlsp-2013-birds,easy,top2_random,2,2,0,0,0,1.0,0.0,1,0.87969,0.87969,0.0,1.0,0.0,0.0,54.3,45.32421028614044,54.3,54.3
mlsp-2013-birds__5c488535319e494c9944773f9016d969,cards_senior_0726.jsonl:10,mlsp-2013-birds,easy,top2_tfidf,2,2,0,0,0,1.0,0.0,1,0.87969,0.87969,0.0,1.0,0.0,0.0,54.3,45.32421028614044,54.3,54.3
mlsp-2013-birds__5c488535319e494c9944773f9016d969,cards_senior_0726.jsonl:10,mlsp-2013-birds,easy,top2_oracle,2,2,0,0,0,1.0,0.0,1,0.87969,0.87969,0.0,1.0,0.0,0.0,54.3,45.32421028614044,54.3,54.3
mlsp-2013-birds__5c488535319e494c9944773f9016d969,cards_senior_0726.jsonl:10,mlsp-2013-birds,easy,oracle_gate,2,2,0,0,0,1.0,0.0,1,0.87969,0.87969,0.0,1.0,0.0,0.0,54.3,45.32421028614044,54.3,54.3
mlsp-2013-birds__5c488535319e494c9944773f9016d969,cards_senior_0726.jsonl:10,mlsp-2013-birds,easy,full_external,2,2,0,2,0,1.0,0.0,1,0.87969,0.87969,0.0,1.0,0.0,0.0,54.3,45.32421028614044,45.32421028614044,45.32421028614044
mlsp-2013-birds__90f132b316fa4cf98cf1e5efee710b89,cards_senior_0728.jsonl:18,mlsp-2013-birds,easy,artifact_only,3,0,3,0,3,0.3333333333333333,0.027229999999999976,0,nan,0.88554,nan,0.0,0.0,1.0,360.4,2627.1813948079944,360.4,360.4
mlsp-2013-birds__90f132b316fa4cf98cf1e5efee710b89,cards_senior_0728.jsonl:18,mlsp-2013-birds,easy,all_escalate,3,0,3,3,0,1.0,0.0,1,0.88554,0.88554,0.0,1.0,0.0,0.0,360.4,2627.1813948079944,2987.5813948079945,2627.5813948079945
mlsp-2013-birds__90f132b316fa4cf98cf1e5efee710b89,cards_senior_0728.jsonl:18,mlsp-2013-birds,easy,random_gate,3,0,3,3,0,1.0,0.0,1,0.88554,0.88554,0.0,1.0,0.0,0.0,360.4,2627.1813948079944,2987.5813948079945,2627.5813948079945
mlsp-2013-birds__90f132b316fa4cf98cf1e5efee710b89,cards_senior_0728.jsonl:18,mlsp-2013-birds,easy,tfidf_gate,3,0,3,3,0,1.0,0.0,1,0.88554,0.88554,0.0,1.0,0.0,0.0,360.4,2627.1813948079944,2987.5813948079945,2627.5813948079945
mlsp-2013-birds__90f132b316fa4cf98cf1e5efee710b89,cards_senior_0728.jsonl:18,mlsp-2013-birds,easy,majority3_gate,3,0,3,3,0,1.0,0.0,1,0.88554,0.88554,0.0,1.0,0.0,0.0,360.4,2627.1813948079944,2987.5813948079945,2627.5813948079945
mlsp-2013-birds__90f132b316fa4cf98cf1e5efee710b89,cards_senior_0728.jsonl:18,mlsp-2013-birds,easy,unanimous3_gate,3,0,3,3,0,1.0,0.0,1,0.88554,0.88554,0.0,1.0,0.0,0.0,360.4,2627.1813948079944,2987.5813948079945,2627.5813948079945
mlsp-2013-birds__90f132b316fa4cf98cf1e5efee710b89,cards_senior_0728.jsonl:18,mlsp-2013-birds,easy,top1_random,3,0,3,1,2,0.0,0.04052,1,0.84502,0.88554,-0.04052,0.0,0.0,1.0,360.4,2627.1813948079944,602.1650567665696,482.1650567665696
mlsp-2013-birds__90f132b316fa4cf98cf1e5efee710b89,cards_senior_0728.jsonl:18,mlsp-2013-birds,easy,top1_tfidf,3,0,3,1,2,0.0,0.04117000000000004,1,0.84437,0.88554,-0.04117000000000004,0.0,0.0,1.0,360.4,2627.1813948079944,1337.2917811363936,1217.2917811363936
mlsp-2013-birds__90f132b316fa4cf98cf1e5efee710b89,cards_senior_0728.jsonl:18,mlsp-2013-birds,easy,top1_majority3,3,0,3,1,2,0.0,0.04117000000000004,1,0.84437,0.88554,-0.04117000000000004,0.0,0.0,1.0,360.4,2627.1813948079944,1337.2917811363936,1217.2917811363936
mlsp-2013-birds__90f132b316fa4cf98cf1e5efee710b89,cards_senior_0728.jsonl:18,mlsp-2013-birds,easy,top1_stdout,3,0,3,1,2,0.0,0.04117000000000004,1,0.84437,0.88554,-0.04117000000000004,0.0,0.0,1.0,360.4,2627.1813948079944,1337.2917811363936,1217.2917811363936
mlsp-2013-birds__90f132b316fa4cf98cf1e5efee710b89,cards_senior_0728.jsonl:18,mlsp-2013-birds,easy,top1_progress,3,0,3,1,2,0.0,0.04117000000000004,1,0.84437,0.88554,-0.04117000000000004,0.0,0.0,1.0,360.4,2627.1813948079944,1337.2917811363936,1217.2917811363936
mlsp-2013-birds__90f132b316fa4cf98cf1e5efee710b89,cards_senior_0728.jsonl:18,mlsp-2013-birds,easy,top1_stdout_tfidf,3,0,3,1,2,0.0,0.04117000000000004,1,0.84437,0.88554,-0.04117000000000004,0.0,0.0,1.0,360.4,2627.1813948079944,1337.2917811363936,1217.2917811363936
mlsp-2013-birds__90f132b316fa4cf98cf1e5efee710b89,cards_senior_0728.jsonl:18,mlsp-2013-birds,easy,top1_oracle,3,0,3,1,2,1.0,0.0,1,0.88554,0.88554,0.0,1.0,0.0,0.0,360.4,2627.1813948079944,1768.9245569050313,1648.9245569050313
mlsp-2013-birds__90f132b316fa4cf98cf1e5efee710b89,cards_senior_0728.jsonl:18,mlsp-2013-birds,easy,top2_random,3,0,3,2,1,1.0,0.0,1,0.88554,0.88554,0.0,1.0,0.0,0.0,360.4,2627.1813948079944,2010.689613671601,1770.689613671601
mlsp-2013-birds__90f132b316fa4cf98cf1e5efee710b89,cards_senior_0728.jsonl:18,mlsp-2013-birds,easy,top2_tfidf,3,0,3,2,1,0.0,0.04052,1,0.84502,0.88554,-0.04052,0.0,0.0,1.0,360.4,2627.1813948079944,1579.0568379029633,1339.0568379029633
mlsp-2013-birds__90f132b316fa4cf98cf1e5efee710b89,cards_senior_0728.jsonl:18,mlsp-2013-birds,easy,top2_oracle,3,0,3,2,1,1.0,0.0,1,0.88554,0.88554,0.0,1.0,0.0,0.0,360.4,2627.1813948079944,2010.689613671601,1770.689613671601
mlsp-2013-birds__90f132b316fa4cf98cf1e5efee710b89,cards_senior_0728.jsonl:18,mlsp-2013-birds,easy,oracle_gate,3,0,3,3,0,1.0,0.0,1,0.88554,0.88554,0.0,1.0,0.0,0.0,360.4,2627.1813948079944,2987.5813948079945,2627.5813948079945
mlsp-2013-birds__90f132b316fa4cf98cf1e5efee710b89,cards_senior_0728.jsonl:18,mlsp-2013-birds,easy,full_external,3,0,3,3,0,1.0,0.0,1,0.88554,0.88554,0.0,1.0,0.0,0.0,360.4,2627.1813948079944,2627.1813948079944,2627.1813948079944
mlsp-2013-birds__c5870d4b8b5442098b53fb4804d68bf5,cards_senior_0802.jsonl:4,mlsp-2013-birds,easy,artifact_only,3,2,1,0,1,0.0,0.022689999999999988,1,0.89244,0.91552,-0.02307999999999999,0.0,0.0,1.0,229.4,3161.371691942215,229.4,229.4
mlsp-2013-birds__c5870d4b8b5442098b53fb4804d68bf5,cards_senior_0802.jsonl:4,mlsp-2013-birds,easy,all_escalate,3,2,1,1,0,1.0,0.0,1,0.91552,0.91552,0.0,1.0,0.0,0.0,229.4,3161.371691942215,684.3291040897369,564.3291040897369
mlsp-2013-birds__c5870d4b8b5442098b53fb4804d68bf5,cards_senior_0802.jsonl:4,mlsp-2013-birds,easy,random_gate,3,2,1,1,0,1.0,0.0,1,0.91552,0.91552,0.0,1.0,0.0,0.0,229.4,3161.371691942215,684.3291040897369,564.3291040897369
mlsp-2013-birds__c5870d4b8b5442098b53fb4804d68bf5,cards_senior_0802.jsonl:4,mlsp-2013-birds,easy,tfidf_gate,3,2,1,0,1,0.0,0.022689999999999988,1,0.89244,0.91552,-0.02307999999999999,0.0,0.0,1.0,229.4,3161.371691942215,229.4,229.4
mlsp-2013-birds__c5870d4b8b5442098b53fb4804d68bf5,cards_senior_0802.jsonl:4,mlsp-2013-birds,easy,majority3_gate,3,2,1,0,1,0.0,0.022689999999999988,1,0.89244,0.91552,-0.02307999999999999,0.0,0.0,1.0,229.4,3161.371691942215,229.4,229.4
mlsp-2013-birds__c5870d4b8b5442098b53fb4804d68bf5,cards_senior_0802.jsonl:4,mlsp-2013-birds,easy,unanimous3_gate,3,2,1,1,0,1.0,0.0,1,0.91552,0.91552,0.0,1.0,0.0,0.0,229.4,3161.371691942215,684.3291040897369,564.3291040897369
mlsp-2013-birds__c5870d4b8b5442098b53fb4804d68bf5,cards_senior_0802.jsonl:4,mlsp-2013-birds,easy,top1_random,3,2,1,1,0,1.0,0.0,1,0.91552,0.91552,0.0,1.0,0.0,0.0,229.4,3161.371691942215,684.3291040897369,564.3291040897369
mlsp-2013-birds__c5870d4b8b5442098b53fb4804d68bf5,cards_senior_0802.jsonl:4,mlsp-2013-birds,easy,top1_tfidf,3,2,1,1,0,1.0,0.0,1,0.91552,0.91552,0.0,1.0,0.0,0.0,229.4,3161.371691942215,684.3291040897369,564.3291040897369
mlsp-2013-birds__c5870d4b8b5442098b53fb4804d68bf5,cards_senior_0802.jsonl:4,mlsp-2013-birds,easy,top1_majority3,3,2,1,1,0,1.0,0.0,1,0.91552,0.91552,0.0,1.0,0.0,0.0,229.4,3161.371691942215,684.3291040897369,564.3291040897369
mlsp-2013-birds__c5870d4b8b5442098b53fb4804d68bf5,cards_senior_0802.jsonl:4,mlsp-2013-birds,easy,top1_stdout,3,2,1,1,0,1.0,0.0,1,0.91552,0.91552,0.0,1.0,0.0,0.0,229.4,3161.371691942215,684.3291040897369,564.3291040897369
mlsp-2013-birds__c5870d4b8b5442098b53fb4804d68bf5,cards_senior_0802.jsonl:4,mlsp-2013-birds,easy,top1_progress,3,2,1,1,0,1.0,0.0,1,0.91552,0.91552,0.0,1.0,0.0,0.0,229.4,3161.371691942215,684.3291040897369,564.3291040897369
mlsp-2013-birds__c5870d4b8b5442098b53fb4804d68bf5,cards_senior_0802.jsonl:4,mlsp-2013-birds,easy,top1_stdout_tfidf,3,2,1,1,0,1.0,0.0,1,0.91552,0.91552,0.0,1.0,0.0,0.0,229.4,3161.371691942215,684.3291040897369,564.3291040897369
mlsp-2013-birds__c5870d4b8b5442098b53fb4804d68bf5,cards_senior_0802.jsonl:4,mlsp-2013-birds,easy,top1_oracle,3,2,1,1,0,1.0,0.0,1,0.91552,0.91552,0.0,1.0,0.0,0.0,229.4,3161.371691942215,684.3291040897369,564.3291040897369
mlsp-2013-birds__c5870d4b8b5442098b53fb4804d68bf5,cards_senior_0802.jsonl:4,mlsp-2013-birds,easy,top2_random,3,2,1,1,0,1.0,0.0,1,0.91552,0.91552,0.0,1.0,0.0,0.0,229.4,3161.371691942215,684.3291040897369,564.3291040897369
mlsp-2013-birds__c5870d4b8b5442098b53fb4804d68bf5,cards_senior_0802.jsonl:4,mlsp-2013-birds,easy,top2_tfidf,3,2,1,1,0,1.0,0.0,1,0.91552,0.91552,0.0,1.0,0.0,0.0,229.4,3161.371691942215,684.3291040897369,564.3291040897369
mlsp-2013-birds__c5870d4b8b5442098b53fb4804d68bf5,cards_senior_0802.jsonl:4,mlsp-2013-birds,easy,top2_oracle,3,2,1,1,0,1.0,0.0,1,0.91552,0.91552,0.0,1.0,0.0,0.0,229.4,3161.371691942215,684.3291040897369,564.3291040897369
mlsp-2013-birds__c5870d4b8b5442098b53fb4804d68bf5,cards_senior_0802.jsonl:4,mlsp-2013-birds,easy,oracle_gate,3,2,1,1,0,1.0,0.0,1,0.91552,0.91552,0.0,1.0,0.0,0.0,229.4,3161.371691942215,684.3291040897369,564.3291040897369
mlsp-2013-birds__c5870d4b8b5442098b53fb4804d68bf5,cards_senior_0802.jsonl:4,mlsp-2013-birds,easy,full_external,3,2,1,3,0,1.0,0.0,1,0.91552,0.91552,0.0,1.0,0.0,0.0,229.4,3161.371691942215,3161.371691942215,3161.371691942215
mlsp-2013-birds__cbc262e729334ecdaf84f39d41db9d23,cards_senior_0802.jsonl:4,mlsp-2013-birds,hard,artifact_only,4,2,2,0,2,0.0,0.020669999999999966,1,0.90199,0.91777,-0.015780000000000016,0.0,0.0,1.0,471.09999999999997,849.3103153705597,471.09999999999997,471.09999999999997
mlsp-2013-birds__cbc262e729334ecdaf84f39d41db9d23,cards_senior_0802.jsonl:4,mlsp-2013-birds,hard,all_escalate,4,2,2,2,0,1.0,0.0,1,0.91777,0.91777,0.0,1.0,0.0,0.0,471.09999999999997,849.3103153705597,923.8031500339507,683.8031500339507
mlsp-2013-birds__cbc262e729334ecdaf84f39d41db9d23,cards_senior_0802.jsonl:4,mlsp-2013-birds,hard,random_gate,4,2,2,0,2,0.0,0.020669999999999966,1,0.90199,0.91777,-0.015780000000000016,0.0,0.0,1.0,471.09999999999997,849.3103153705597,471.09999999999997,471.09999999999997
mlsp-2013-birds__cbc262e729334ecdaf84f39d41db9d23,cards_senior_0802.jsonl:4,mlsp-2013-birds,hard,tfidf_gate,4,2,2,0,2,0.0,0.020669999999999966,1,0.90199,0.91777,-0.015780000000000016,0.0,0.0,1.0,471.09999999999997,849.3103153705597,471.09999999999997,471.09999999999997
mlsp-2013-birds__cbc262e729334ecdaf84f39d41db9d23,cards_senior_0802.jsonl:4,mlsp-2013-birds,hard,majority3_gate,4,2,2,0,2,0.0,0.020669999999999966,1,0.90199,0.91777,-0.015780000000000016,0.0,0.0,1.0,471.09999999999997,849.3103153705597,471.09999999999997,471.09999999999997
mlsp-2013-birds__cbc262e729334ecdaf84f39d41db9d23,cards_senior_0802.jsonl:4,mlsp-2013-birds,hard,unanimous3_gate,4,2,2,0,2,0.0,0.020669999999999966,1,0.90199,0.91777,-0.015780000000000016,0.0,0.0,1.0,471.09999999999997,849.3103153705597,471.09999999999997,471.09999999999997
mlsp-2013-birds__cbc262e729334ecdaf84f39d41db9d23,cards_senior_0802.jsonl:4,mlsp-2013-birds,hard,top1_random,4,2,2,1,1,0.0,0.00021999999999999797,1,0.91755,0.91777,-0.00021999999999999797,0.0,0.0,1.0,471.09999999999997,849.3103153705597,700.4063089847564,580.4063089847564
mlsp-2013-birds__cbc262e729334ecdaf84f39d41db9d23,cards_senior_0802.jsonl:4,mlsp-2013-birds,hard,top1_tfidf,4,2,2,1,1,1.0,0.0,1,0.91777,0.91777,0.0,1.0,0.0,0.0,471.09999999999997,849.3103153705597,694.4968410491942,574.4968410491942
mlsp-2013-birds__cbc262e729334ecdaf84f39d41db9d23,cards_senior_0802.jsonl:4,mlsp-2013-birds,hard,top1_majority3,4,2,2,1,1,0.0,0.00021999999999999797,1,0.91755,0.91777,-0.00021999999999999797,0.0,0.0,1.0,471.09999999999997,849.3103153705597,700.4063089847564,580.4063089847564
mlsp-2013-birds__cbc262e729334ecdaf84f39d41db9d23,cards_senior_0802.jsonl:4,mlsp-2013-birds,hard,top1_stdout,4,2,2,1,1,0.0,0.00021999999999999797,1,0.91755,0.91777,-0.00021999999999999797,0.0,0.0,1.0,471.09999999999997,849.3103153705597,700.4063089847564,580.4063089847564
mlsp-2013-birds__cbc262e729334ecdaf84f39d41db9d23,cards_senior_0802.jsonl:4,mlsp-2013-birds,hard,top1_progress,4,2,2,1,1,0.0,0.00021999999999999797,1,0.91755,0.91777,-0.00021999999999999797,0.0,0.0,1.0,471.09999999999997,849.3103153705597,700.4063089847564,580.4063089847564
mlsp-2013-birds__cbc262e729334ecdaf84f39d41db9d23,cards_senior_0802.jsonl:4,mlsp-2013-birds,hard,top1_stdout_tfidf,4,2,2,1,1,0.0,0.00021999999999999797,1,0.91755,0.91777,-0.00021999999999999797,0.0,0.0,1.0,471.09999999999997,849.3103153705597,700.4063089847564,580.4063089847564
mlsp-2013-birds__cbc262e729334ecdaf84f39d41db9d23,cards_senior_0802.jsonl:4,mlsp-2013-birds,hard,top1_oracle,4,2,2,1,1,1.0,0.0,1,0.91777,0.91777,0.0,1.0,0.0,0.0,471.09999999999997,849.3103153705597,694.4968410491942,574.4968410491942
mlsp-2013-birds__cbc262e729334ecdaf84f39d41db9d23,cards_senior_0802.jsonl:4,mlsp-2013-birds,hard,top2_random,4,2,2,2,0,1.0,0.0,1,0.91777,0.91777,0.0,1.0,0.0,0.0,471.09999999999997,849.3103153705597,923.8031500339507,683.8031500339507
mlsp-2013-birds__cbc262e729334ecdaf84f39d41db9d23,cards_senior_0802.jsonl:4,mlsp-2013-birds,hard,top2_tfidf,4,2,2,2,0,1.0,0.0,1,0.91777,0.91777,0.0,1.0,0.0,0.0,471.09999999999997,849.3103153705597,923.8031500339507,683.8031500339507
mlsp-2013-birds__cbc262e729334ecdaf84f39d41db9d23,cards_senior_0802.jsonl:4,mlsp-2013-birds,hard,top2_oracle,4,2,2,2,0,1.0,0.0,1,0.91777,0.91777,0.0,1.0,0.0,0.0,471.09999999999997,849.3103153705597,923.8031500339507,683.8031500339507
mlsp-2013-birds__cbc262e729334ecdaf84f39d41db9d23,cards_senior_0802.jsonl:4,mlsp-2013-birds,hard,oracle_gate,4,2,2,2,0,1.0,0.0,1,0.91777,0.91777,0.0,1.0,0.0,0.0,471.09999999999997,849.3103153705597,923.8031500339507,683.8031500339507
mlsp-2013-birds__cbc262e729334ecdaf84f39d41db9d23,cards_senior_0802.jsonl:4,mlsp-2013-birds,hard,full_external,4,2,2,4,0,1.0,0.0,1,0.91777,0.91777,0.0,1.0,0.0,0.0,471.09999999999997,849.3103153705597,849.3103153705597,849.3103153705597
nomad2018-predict-transparent-conductors__1265133eace24ca18de1ac9288f5a1e5,cards_senior_0805seq.jsonl:17,nomad2018-predict-transparent-conductors,easy,artifact_only,2,1,1,0,1,0.0,0.24536,1,-0.30888,-0.06352,-0.24536,0.0,0.0,1.0,190.39999999999998,491.8794282237068,190.39999999999998,190.39999999999998
nomad2018-predict-transparent-conductors__1265133eace24ca18de1ac9288f5a1e5,cards_senior_0805seq.jsonl:17,nomad2018-predict-transparent-conductors,easy,all_escalate,2,1,1,1,0,1.0,0.0,1,-0.06352,-0.06352,0.0,1.0,0.0,0.0,190.39999999999998,491.8794282237068,595.5900861980393,475.59008619803933
nomad2018-predict-transparent-conductors__1265133eace24ca18de1ac9288f5a1e5,cards_senior_0805seq.jsonl:17,nomad2018-predict-transparent-conductors,easy,random_gate,2,1,1,0,1,0.0,0.24536,1,-0.30888,-0.06352,-0.24536,0.0,0.0,1.0,190.39999999999998,491.8794282237068,190.39999999999998,190.39999999999998
nomad2018-predict-transparent-conductors__1265133eace24ca18de1ac9288f5a1e5,cards_senior_0805seq.jsonl:17,nomad2018-predict-transparent-conductors,easy,tfidf_gate,2,1,1,1,0,1.0,0.0,1,-0.06352,-0.06352,0.0,1.0,0.0,0.0,190.39999999999998,491.8794282237068,595.5900861980393,475.59008619803933
nomad2018-predict-transparent-conductors__1265133eace24ca18de1ac9288f5a1e5,cards_senior_0805seq.jsonl:17,nomad2018-predict-transparent-conductors,easy,majority3_gate,2,1,1,1,0,1.0,0.0,1,-0.06352,-0.06352,0.0,1.0,0.0,0.0,190.39999999999998,491.8794282237068,595.5900861980393,475.59008619803933
nomad2018-predict-transparent-conductors__1265133eace24ca18de1ac9288f5a1e5,cards_senior_0805seq.jsonl:17,nomad2018-predict-transparent-conductors,easy,unanimous3_gate,2,1,1,1,0,1.0,0.0,1,-0.06352,-0.06352,0.0,1.0,0.0,0.0,190.39999999999998,491.8794282237068,595.5900861980393,475.59008619803933
nomad2018-predict-transparent-conductors__1265133eace24ca18de1ac9288f5a1e5,cards_senior_0805seq.jsonl:17,nomad2018-predict-transparent-conductors,easy,top1_random,2,1,1,1,0,1.0,0.0,1,-0.06352,-0.06352,0.0,1.0,0.0,0.0,190.39999999999998,491.8794282237068,595.5900861980393,475.59008619803933
nomad2018-predict-transparent-conductors__1265133eace24ca18de1ac9288f5a1e5,cards_senior_0805seq.jsonl:17,nomad2018-predict-transparent-conductors,easy,top1_tfidf,2,1,1,1,0,1.0,0.0,1,-0.06352,-0.06352,0.0,1.0,0.0,0.0,190.39999999999998,491.8794282237068,595.5900861980393,475.59008619803933
nomad2018-predict-transparent-conductors__1265133eace24ca18de1ac9288f5a1e5,cards_senior_0805seq.jsonl:17,nomad2018-predict-transparent-conductors,easy,top1_majority3,2,1,1,1,0,1.0,0.0,1,-0.06352,-0.06352,0.0,1.0,0.0,0.0,190.39999999999998,491.8794282237068,595.5900861980393,475.59008619803933
nomad2018-predict-transparent-conductors__1265133eace24ca18de1ac9288f5a1e5,cards_senior_0805seq.jsonl:17,nomad2018-predict-transparent-conductors,easy,top1_stdout,2,1,1,1,0,1.0,0.0,1,-0.06352,-0.06352,0.0,1.0,0.0,0.0,190.39999999999998,491.8794282237068,595.5900861980393,475.59008619803933
nomad2018-predict-transparent-conductors__1265133eace24ca18de1ac9288f5a1e5,cards_senior_0805seq.jsonl:17,nomad2018-predict-transparent-conductors,easy,top1_progress,2,1,1,1,0,1.0,0.0,1,-0.06352,-0.06352,0.0,1.0,0.0,0.0,190.39999999999998,491.8794282237068,595.5900861980393,475.59008619803933
nomad2018-predict-transparent-conductors__1265133eace24ca18de1ac9288f5a1e5,cards_senior_0805seq.jsonl:17,nomad2018-predict-transparent-conductors,easy,top1_stdout_tfidf,2,1,1,1,0,1.0,0.0,1,-0.06352,-0.06352,0.0,1.0,0.0,0.0,190.39999999999998,491.8794282237068,595.5900861980393,475.59008619803933
nomad2018-predict-transparent-conductors__1265133eace24ca18de1ac9288f5a1e5,cards_senior_0805seq.jsonl:17,nomad2018-predict-transparent-conductors,easy,top1_oracle,2,1,1,1,0,1.0,0.0,1,-0.06352,-0.06352,0.0,1.0,0.0,0.0,190.39999999999998,491.8794282237068,595.5900861980393,475.59008619803933
nomad2018-predict-transparent-conductors__1265133eace24ca18de1ac9288f5a1e5,cards_senior_0805seq.jsonl:17,nomad2018-predict-transparent-conductors,easy,top2_random,2,1,1,1,0,1.0,0.0,1,-0.06352,-0.06352,0.0,1.0,0.0,0.0,190.39999999999998,491.8794282237068,595.5900861980393,475.59008619803933
nomad2018-predict-transparent-conductors__1265133eace24ca18de1ac9288f5a1e5,cards_senior_0805seq.jsonl:17,nomad2018-predict-transparent-conductors,easy,top2_tfidf,2,1,1,1,0,1.0,0.0,1,-0.06352,-0.06352,0.0,1.0,0.0,0.0,190.39999999999998,491.8794282237068,595.5900861980393,475.59008619803933
nomad2018-predict-transparent-conductors__1265133eace24ca18de1ac9288f5a1e5,cards_senior_0805seq.jsonl:17,nomad2018-predict-transparent-conductors,easy,top2_oracle,2,1,1,1,0,1.0,0.0,1,-0.06352,-0.06352,0.0,1.0,0.0,0.0,190.39999999999998,491.8794282237068,595.5900861980393,475.59008619803933
nomad2018-predict-transparent-conductors__1265133eace24ca18de1ac9288f5a1e5,cards_senior_0805seq.jsonl:17,nomad2018-predict-transparent-conductors,easy,oracle_gate,2,1,1,1,0,1.0,0.0,1,-0.06352,-0.06352,0.0,1.0,0.0,0.0,190.39999999999998,491.8794282237068,595.5900861980393,475.59008619803933
nomad2018-predict-transparent-conductors__1265133eace24ca18de1ac9288f5a1e5,cards_senior_0805seq.jsonl:17,nomad2018-predict-transparent-conductors,easy,full_external,2,1,1,2,0,1.0,0.0,1,-0.06352,-0.06352,0.0,1.0,0.0,0.0,190.39999999999998,491.8794282237068,491.8794282237068,491.8794282237068
nomad2018-predict-transparent-conductors__a396aa16cb464d688b0d8516787a5fac,cards_senior_0805seq.jsonl:19,nomad2018-predict-transparent-conductors,hard,artifact_only,2,2,0,0,0,1.0,0.0,1,-0.05652,-0.0564,-0.00012000000000000205,0.0,0.0,1.0,87.4,932.5216052178293,87.4,87.4
nomad2018-predict-transparent-conductors__a396aa16cb464d688b0d8516787a5fac,cards_senior_0805seq.jsonl:19,nomad2018-predict-transparent-conductors,hard,all_escalate,2,2,0,0,0,1.0,0.0,1,-0.05652,-0.0564,-0.00012000000000000205,0.0,0.0,1.0,87.4,932.5216052178293,87.4,87.4
nomad2018-predict-transparent-conductors__a396aa16cb464d688b0d8516787a5fac,cards_senior_0805seq.jsonl:19,nomad2018-predict-transparent-conductors,hard,random_gate,2,2,0,0,0,1.0,0.0,1,-0.05652,-0.0564,-0.00012000000000000205,0.0,0.0,1.0,87.4,932.5216052178293,87.4,87.4
nomad2018-predict-transparent-conductors__a396aa16cb464d688b0d8516787a5fac,cards_senior_0805seq.jsonl:19,nomad2018-predict-transparent-conductors,hard,tfidf_gate,2,2,0,0,0,1.0,0.0,1,-0.05652,-0.0564,-0.00012000000000000205,0.0,0.0,1.0,87.4,932.5216052178293,87.4,87.4
nomad2018-predict-transparent-conductors__a396aa16cb464d688b0d8516787a5fac,cards_senior_0805seq.jsonl:19,nomad2018-predict-transparent-conductors,hard,majority3_gate,2,2,0,0,0,1.0,0.0,1,-0.05652,-0.0564,-0.00012000000000000205,0.0,0.0,1.0,87.4,932.5216052178293,87.4,87.4
nomad2018-predict-transparent-conductors__a396aa16cb464d688b0d8516787a5fac,cards_senior_0805seq.jsonl:19,nomad2018-predict-transparent-conductors,hard,unanimous3_gate,2,2,0,0,0,1.0,0.0,1,-0.05652,-0.0564,-0.00012000000000000205,0.0,0.0,1.0,87.4,932.5216052178293,87.4,87.4
nomad2018-predict-transparent-conductors__a396aa16cb464d688b0d8516787a5fac,cards_senior_0805seq.jsonl:19,nomad2018-predict-transparent-conductors,hard,top1_random,2,2,0,0,0,1.0,0.0,1,-0.05652,-0.0564,-0.00012000000000000205,0.0,0.0,1.0,87.4,932.5216052178293,87.4,87.4
nomad2018-predict-transparent-conductors__a396aa16cb464d688b0d8516787a5fac,cards_senior_0805seq.jsonl:19,nomad2018-predict-transparent-conductors,hard,top1_tfidf,2,2,0,0,0,1.0,0.0,1,-0.05652,-0.0564,-0.00012000000000000205,0.0,0.0,1.0,87.4,932.5216052178293,87.4,87.4
nomad2018-predict-transparent-conductors__a396aa16cb464d688b0d8516787a5fac,cards_senior_0805seq.jsonl:19,nomad2018-predict-transparent-conductors,hard,top1_majority3,2,2,0,0,0,1.0,0.0,1,-0.05652,-0.0564,-0.00012000000000000205,0.0,0.0,1.0,87.4,932.5216052178293,87.4,87.4
nomad2018-predict-transparent-conductors__a396aa16cb464d688b0d8516787a5fac,cards_senior_0805seq.jsonl:19,nomad2018-predict-transparent-conductors,hard,top1_stdout,2,2,0,0,0,1.0,0.0,1,-0.05652,-0.0564,-0.00012000000000000205,0.0,0.0,1.0,87.4,932.5216052178293,87.4,87.4
nomad2018-predict-transparent-conductors__a396aa16cb464d688b0d8516787a5fac,cards_senior_0805seq.jsonl:19,nomad2018-predict-transparent-conductors,hard,top1_progress,2,2,0,0,0,1.0,0.0,1,-0.05652,-0.0564,-0.00012000000000000205,0.0,0.0,1.0,87.4,932.5216052178293,87.4,87.4
nomad2018-predict-transparent-conductors__a396aa16cb464d688b0d8516787a5fac,cards_senior_0805seq.jsonl:19,nomad2018-predict-transparent-conductors,hard,top1_stdout_tfidf,2,2,0,0,0,1.0,0.0,1,-0.05652,-0.0564,-0.00012000000000000205,0.0,0.0,1.0,87.4,932.5216052178293,87.4,87.4
nomad2018-predict-transparent-conductors__a396aa16cb464d688b0d8516787a5fac,cards_senior_0805seq.jsonl:19,nomad2018-predict-transparent-conductors,hard,top1_oracle,2,2,0,0,0,1.0,0.0,1,-0.05652,-0.0564,-0.00012000000000000205,0.0,0.0,1.0,87.4,932.5216052178293,87.4,87.4
nomad2018-predict-transparent-conductors__a396aa16cb464d688b0d8516787a5fac,cards_senior_0805seq.jsonl:19,nomad2018-predict-transparent-conductors,hard,top2_random,2,2,0,0,0,1.0,0.0,1,-0.05652,-0.0564,-0.00012000000000000205,0.0,0.0,1.0,87.4,932.5216052178293,87.4,87.4
nomad2018-predict-transparent-conductors__a396aa16cb464d688b0d8516787a5fac,cards_senior_0805seq.jsonl:19,nomad2018-predict-transparent-conductors,hard,top2_tfidf,2,2,0,0,0,1.0,0.0,1,-0.05652,-0.0564,-0.00012000000000000205,0.0,0.0,1.0,87.4,932.5216052178293,87.4,87.4
nomad2018-predict-transparent-conductors__a396aa16cb464d688b0d8516787a5fac,cards_senior_0805seq.jsonl:19,nomad2018-predict-transparent-conductors,hard,top2_oracle,2,2,0,0,0,1.0,0.0,1,-0.05652,-0.0564,-0.00012000000000000205,0.0,0.0,1.0,87.4,932.5216052178293,87.4,87.4
nomad2018-predict-transparent-conductors__a396aa16cb464d688b0d8516787a5fac,cards_senior_0805seq.jsonl:19,nomad2018-predict-transparent-conductors,hard,oracle_gate,2,2,0,0,0,1.0,0.0,1,-0.05652,-0.0564,-0.00012000000000000205,0.0,0.0,1.0,87.4,932.5216052178293,87.4,87.4
nomad2018-predict-transparent-conductors__a396aa16cb464d688b0d8516787a5fac,cards_senior_0805seq.jsonl:19,nomad2018-predict-transparent-conductors,hard,full_external,2,2,0,2,0,1.0,0.0,1,-0.0564,-0.0564,0.0,1.0,0.0,0.0,87.4,932.5216052178293,932.5216052178293,932.5216052178293
nomad2018-predict-transparent-conductors__b9e345a509784184a1c3d92ffad28c91,cards_senior_0805seq.jsonl:19,nomad2018-predict-transparent-conductors,easy,artifact_only,2,2,0,0,0,1.0,0.0,1,-0.05681,-0.05596,-0.0008499999999999966,0.0,0.0,1.0,91.4,181.72186055593193,91.4,91.4
nomad2018-predict-transparent-conductors__b9e345a509784184a1c3d92ffad28c91,cards_senior_0805seq.jsonl:19,nomad2018-predict-transparent-conductors,easy,all_escalate,2,2,0,0,0,1.0,0.0,1,-0.05681,-0.05596,-0.0008499999999999966,0.0,0.0,1.0,91.4,181.72186055593193,91.4,91.4
nomad2018-predict-transparent-conductors__b9e345a509784184a1c3d92ffad28c91,cards_senior_0805seq.jsonl:19,nomad2018-predict-transparent-conductors,easy,random_gate,2,2,0,0,0,1.0,0.0,1,-0.05681,-0.05596,-0.0008499999999999966,0.0,0.0,1.0,91.4,181.72186055593193,91.4,91.4
nomad2018-predict-transparent-conductors__b9e345a509784184a1c3d92ffad28c91,cards_senior_0805seq.jsonl:19,nomad2018-predict-transparent-conductors,easy,tfidf_gate,2,2,0,0,0,1.0,0.0,1,-0.05681,-0.05596,-0.0008499999999999966,0.0,0.0,1.0,91.4,181.72186055593193,91.4,91.4
nomad2018-predict-transparent-conductors__b9e345a509784184a1c3d92ffad28c91,cards_senior_0805seq.jsonl:19,nomad2018-predict-transparent-conductors,easy,majority3_gate,2,2,0,0,0,1.0,0.0,1,-0.05681,-0.05596,-0.0008499999999999966,0.0,0.0,1.0,91.4,181.72186055593193,91.4,91.4
nomad2018-predict-transparent-conductors__b9e345a509784184a1c3d92ffad28c91,cards_senior_0805seq.jsonl:19,nomad2018-predict-transparent-conductors,easy,unanimous3_gate,2,2,0,0,0,1.0,0.0,1,-0.05681,-0.05596,-0.0008499999999999966,0.0,0.0,1.0,91.4,181.72186055593193,91.4,91.4
nomad2018-predict-transparent-conductors__b9e345a509784184a1c3d92ffad28c91,cards_senior_0805seq.jsonl:19,nomad2018-predict-transparent-conductors,easy,top1_random,2,2,0,0,0,1.0,0.0,1,-0.05681,-0.05596,-0.0008499999999999966,0.0,0.0,1.0,91.4,181.72186055593193,91.4,91.4
nomad2018-predict-transparent-conductors__b9e345a509784184a1c3d92ffad28c91,cards_senior_0805seq.jsonl:19,nomad2018-predict-transparent-conductors,easy,top1_tfidf,2,2,0,0,0,1.0,0.0,1,-0.05681,-0.05596,-0.0008499999999999966,0.0,0.0,1.0,91.4,181.72186055593193,91.4,91.4
nomad2018-predict-transparent-conductors__b9e345a509784184a1c3d92ffad28c91,cards_senior_0805seq.jsonl:19,nomad2018-predict-transparent-conductors,easy,top1_majority3,2,2,0,0,0,1.0,0.0,1,-0.05681,-0.05596,-0.0008499999999999966,0.0,0.0,1.0,91.4,181.72186055593193,91.4,91.4
nomad2018-predict-transparent-conductors__b9e345a509784184a1c3d92ffad28c91,cards_senior_0805seq.jsonl:19,nomad2018-predict-transparent-conductors,easy,top1_stdout,2,2,0,0,0,1.0,0.0,1,-0.05681,-0.05596,-0.0008499999999999966,0.0,0.0,1.0,91.4,181.72186055593193,91.4,91.4
nomad2018-predict-transparent-conductors__b9e345a509784184a1c3d92ffad28c91,cards_senior_0805seq.jsonl:19,nomad2018-predict-transparent-conductors,easy,top1_progress,2,2,0,0,0,1.0,0.0,1,-0.05681,-0.05596,-0.0008499999999999966,0.0,0.0,1.0,91.4,181.72186055593193,91.4,91.4
nomad2018-predict-transparent-conductors__b9e345a509784184a1c3d92ffad28c91,cards_senior_0805seq.jsonl:19,nomad2018-predict-transparent-conductors,easy,top1_stdout_tfidf,2,2,0,0,0,1.0,0.0,1,-0.05681,-0.05596,-0.0008499999999999966,0.0,0.0,1.0,91.4,181.72186055593193,91.4,91.4
nomad2018-predict-transparent-conductors__b9e345a509784184a1c3d92ffad28c91,cards_senior_0805seq.jsonl:19,nomad2018-predict-transparent-conductors,easy,top1_oracle,2,2,0,0,0,1.0,0.0,1,-0.05681,-0.05596,-0.0008499999999999966,0.0,0.0,1.0,91.4,181.72186055593193,91.4,91.4
nomad2018-predict-transparent-conductors__b9e345a509784184a1c3d92ffad28c91,cards_senior_0805seq.jsonl:19,nomad2018-predict-transparent-conductors,easy,top2_random,2,2,0,0,0,1.0,0.0,1,-0.05681,-0.05596,-0.0008499999999999966,0.0,0.0,1.0,91.4,181.72186055593193,91.4,91.4
nomad2018-predict-transparent-conductors__b9e345a509784184a1c3d92ffad28c91,cards_senior_0805seq.jsonl:19,nomad2018-predict-transparent-conductors,easy,top2_tfidf,2,2,0,0,0,1.0,0.0,1,-0.05681,-0.05596,-0.0008499999999999966,0.0,0.0,1.0,91.4,181.72186055593193,91.4,91.4
nomad2018-predict-transparent-conductors__b9e345a509784184a1c3d92ffad28c91,cards_senior_0805seq.jsonl:19,nomad2018-predict-transparent-conductors,easy,top2_oracle,2,2,0,0,0,1.0,0.0,1,-0.05681,-0.05596,-0.0008499999999999966,0.0,0.0,1.0,91.4,181.72186055593193,91.4,91.4
nomad2018-predict-transparent-conductors__b9e345a509784184a1c3d92ffad28c91,cards_senior_0805seq.jsonl:19,nomad2018-predict-transparent-conductors,easy,oracle_gate,2,2,0,0,0,1.0,0.0,1,-0.05681,-0.05596,-0.0008499999999999966,0.0,0.0,1.0,91.4,181.72186055593193,91.4,91.4
nomad2018-predict-transparent-conductors__b9e345a509784184a1c3d92ffad28c91,cards_senior_0805seq.jsonl:19,nomad2018-predict-transparent-conductors,easy,full_external,2,2,0,2,0,1.0,0.0,1,-0.05596,-0.05596,0.0,1.0,0.0,0.0,91.4,181.72186055593193,181.72186055593193,181.72186055593193
nomad2018-predict-transparent-conductors__bddf4a264bef49469e4450b38388741c,cards_senior_0805seq.jsonl:17,nomad2018-predict-transparent-conductors,easy,artifact_only,2,1,1,0,1,0.0,0.16188999999999998,1,-0.22577,-0.06388,-0.16188999999999998,0.0,0.0,1.0,146.4,833.7958321524784,146.4,146.4
nomad2018-predict-transparent-conductors__bddf4a264bef49469e4450b38388741c,cards_senior_0805seq.jsonl:17,nomad2018-predict-transparent-conductors,easy,all_escalate,2,1,1,1,0,1.0,0.0,1,-0.06388,-0.06388,0.0,1.0,0.0,0.0,146.4,833.7958321524784,940.5847008420154,820.5847008420154
nomad2018-predict-transparent-conductors__bddf4a264bef49469e4450b38388741c,cards_senior_0805seq.jsonl:17,nomad2018-predict-transparent-conductors,easy,random_gate,2,1,1,0,1,0.0,0.16188999999999998,1,-0.22577,-0.06388,-0.16188999999999998,0.0,0.0,1.0,146.4,833.7958321524784,146.4,146.4
nomad2018-predict-transparent-conductors__bddf4a264bef49469e4450b38388741c,cards_senior_0805seq.jsonl:17,nomad2018-predict-transparent-conductors,easy,tfidf_gate,2,1,1,1,0,1.0,0.0,1,-0.06388,-0.06388,0.0,1.0,0.0,0.0,146.4,833.7958321524784,940.5847008420154,820.5847008420154
nomad2018-predict-transparent-conductors__bddf4a264bef49469e4450b38388741c,cards_senior_0805seq.jsonl:17,nomad2018-predict-transparent-conductors,easy,majority3_gate,2,1,1,0,1,0.0,0.16188999999999998,1,-0.22577,-0.06388,-0.16188999999999998,0.0,0.0,1.0,146.4,833.7958321524784,146.4,146.4
nomad2018-predict-transparent-conductors__bddf4a264bef49469e4450b38388741c,cards_senior_0805seq.jsonl:17,nomad2018-predict-transparent-conductors,easy,unanimous3_gate,2,1,1,1,0,1.0,0.0,1,-0.06388,-0.06388,0.0,1.0,0.0,0.0,146.4,833.7958321524784,940.5847008420154,820.5847008420154
nomad2018-predict-transparent-conductors__bddf4a264bef49469e4450b38388741c,cards_senior_0805seq.jsonl:17,nomad2018-predict-transparent-conductors,easy,top1_random,2,1,1,1,0,1.0,0.0,1,-0.06388,-0.06388,0.0,1.0,0.0,0.0,146.4,833.7958321524784,940.5847008420154,820.5847008420154
nomad2018-predict-transparent-conductors__bddf4a264bef49469e4450b38388741c,cards_senior_0805seq.jsonl:17,nomad2018-predict-transparent-conductors,easy,top1_tfidf,2,1,1,1,0,1.0,0.0,1,-0.06388,-0.06388,0.0,1.0,0.0,0.0,146.4,833.7958321524784,940.5847008420154,820.5847008420154
nomad2018-predict-transparent-conductors__bddf4a264bef49469e4450b38388741c,cards_senior_0805seq.jsonl:17,nomad2018-predict-transparent-conductors,easy,top1_majority3,2,1,1,1,0,1.0,0.0,1,-0.06388,-0.06388,0.0,1.0,0.0,0.0,146.4,833.7958321524784,940.5847008420154,820.5847008420154
nomad2018-predict-transparent-conductors__bddf4a264bef49469e4450b38388741c,cards_senior_0805seq.jsonl:17,nomad2018-predict-transparent-conductors,easy,top1_stdout,2,1,1,1,0,1.0,0.0,1,-0.06388,-0.06388,0.0,1.0,0.0,0.0,146.4,833.7958321524784,940.5847008420154,820.5847008420154
nomad2018-predict-transparent-conductors__bddf4a264bef49469e4450b38388741c,cards_senior_0805seq.jsonl:17,nomad2018-predict-transparent-conductors,easy,top1_progress,2,1,1,1,0,1.0,0.0,1,-0.06388,-0.06388,0.0,1.0,0.0,0.0,146.4,833.7958321524784,940.5847008420154,820.5847008420154
nomad2018-predict-transparent-conductors__bddf4a264bef49469e4450b38388741c,cards_senior_0805seq.jsonl:17,nomad2018-predict-transparent-conductors,easy,top1_stdout_tfidf,2,1,1,1,0,1.0,0.0,1,-0.06388,-0.06388,0.0,1.0,0.0,0.0,146.4,833.7958321524784,940.5847008420154,820.5847008420154
nomad2018-predict-transparent-conductors__bddf4a264bef49469e4450b38388741c,cards_senior_0805seq.jsonl:17,nomad2018-predict-transparent-conductors,easy,top1_oracle,2,1,1,1,0,1.0,0.0,1,-0.06388,-0.06388,0.0,1.0,0.0,0.0,146.4,833.7958321524784,940.5847008420154,820.5847008420154
nomad2018-predict-transparent-conductors__bddf4a264bef49469e4450b38388741c,cards_senior_0805seq.jsonl:17,nomad2018-predict-transparent-conductors,easy,top2_random,2,1,1,1,0,1.0,0.0,1,-0.06388,-0.06388,0.0,1.0,0.0,0.0,146.4,833.7958321524784,940.5847008420154,820.5847008420154
nomad2018-predict-transparent-conductors__bddf4a264bef49469e4450b38388741c,cards_senior_0805seq.jsonl:17,nomad2018-predict-transparent-conductors,easy,top2_tfidf,2,1,1,1,0,1.0,0.0,1,-0.06388,-0.06388,0.0,1.0,0.0,0.0,146.4,833.7958321524784,940.5847008420154,820.5847008420154
nomad2018-predict-transparent-conductors__bddf4a264bef49469e4450b38388741c,cards_senior_0805seq.jsonl:17,nomad2018-predict-transparent-conductors,easy,top2_oracle,2,1,1,1,0,1.0,0.0,1,-0.06388,-0.06388,0.0,1.0,0.0,0.0,146.4,833.7958321524784,940.5847008420154,820.5847008420154
nomad2018-predict-transparent-conductors__bddf4a264bef49469e4450b38388741c,cards_senior_0805seq.jsonl:17,nomad2018-predict-transparent-conductors,easy,oracle_gate,2,1,1,1,0,1.0,0.0,1,-0.06388,-0.06388,0.0,1.0,0.0,0.0,146.4,833.7958321524784,940.5847008420154,820.5847008420154
nomad2018-predict-transparent-conductors__bddf4a264bef49469e4450b38388741c,cards_senior_0805seq.jsonl:17,nomad2018-predict-transparent-conductors,easy,full_external,2,1,1,2,0,1.0,0.0,1,-0.06388,-0.06388,0.0,1.0,0.0,0.0,146.4,833.7958321524784,833.7958321524784,833.7958321524784
nomad2018-predict-transparent-conductors__c9196f00a08c40d5abd7c7eb52b57210,cards_senior_0805seq.jsonl:19,nomad2018-predict-transparent-conductors,hard,artifact_only,2,0,2,0,2,0.5,0.004400000000000001,0,nan,-0.05727,nan,0.0,0.0,1.0,240.2,1369.0063874907792,240.2,240.2
nomad2018-predict-transparent-conductors__c9196f00a08c40d5abd7c7eb52b57210,cards_senior_0805seq.jsonl:19,nomad2018-predict-transparent-conductors,hard,all_escalate,2,0,2,2,0,1.0,0.0,1,-0.05727,-0.05727,0.0,1.0,0.0,0.0,240.2,1369.0063874907792,1609.2063874907792,1369.2063874907792
nomad2018-predict-transparent-conductors__c9196f00a08c40d5abd7c7eb52b57210,cards_senior_0805seq.jsonl:19,nomad2018-predict-transparent-conductors,hard,random_gate,2,0,2,2,0,1.0,0.0,1,-0.05727,-0.05727,0.0,1.0,0.0,0.0,240.2,1369.0063874907792,1609.2063874907792,1369.2063874907792
nomad2018-predict-transparent-conductors__c9196f00a08c40d5abd7c7eb52b57210,cards_senior_0805seq.jsonl:19,nomad2018-predict-transparent-conductors,hard,tfidf_gate,2,0,2,2,0,1.0,0.0,1,-0.05727,-0.05727,0.0,1.0,0.0,0.0,240.2,1369.0063874907792,1609.2063874907792,1369.2063874907792
nomad2018-predict-transparent-conductors__c9196f00a08c40d5abd7c7eb52b57210,cards_senior_0805seq.jsonl:19,nomad2018-predict-transparent-conductors,hard,majority3_gate,2,0,2,2,0,1.0,0.0,1,-0.05727,-0.05727,0.0,1.0,0.0,0.0,240.2,1369.0063874907792,1609.2063874907792,1369.2063874907792
nomad2018-predict-transparent-conductors__c9196f00a08c40d5abd7c7eb52b57210,cards_senior_0805seq.jsonl:19,nomad2018-predict-transparent-conductors,hard,unanimous3_gate,2,0,2,2,0,1.0,0.0,1,-0.05727,-0.05727,0.0,1.0,0.0,0.0,240.2,1369.0063874907792,1609.2063874907792,1369.2063874907792
nomad2018-predict-transparent-conductors__c9196f00a08c40d5abd7c7eb52b57210,cards_senior_0805seq.jsonl:19,nomad2018-predict-transparent-conductors,hard,top1_random,2,0,2,1,1,0.0,0.008800000000000002,1,-0.06607,-0.05727,-0.008800000000000002,0.0,0.0,1.0,240.2,1369.0063874907792,930.6439871991054,810.6439871991054
nomad2018-predict-transparent-conductors__c9196f00a08c40d5abd7c7eb52b57210,cards_senior_0805seq.jsonl:19,nomad2018-predict-transparent-conductors,hard,top1_tfidf,2,0,2,1,1,0.0,0.008800000000000002,1,-0.06607,-0.05727,-0.008800000000000002,0.0,0.0,1.0,240.2,1369.0063874907792,930.6439871991054,810.6439871991054
nomad2018-predict-transparent-conductors__c9196f00a08c40d5abd7c7eb52b57210,cards_senior_0805seq.jsonl:19,nomad2018-predict-transparent-conductors,hard,top1_majority3,2,0,2,1,1,0.0,0.008800000000000002,1,-0.06607,-0.05727,-0.008800000000000002,0.0,0.0,1.0,240.2,1369.0063874907792,930.6439871991054,810.6439871991054
nomad2018-predict-transparent-conductors__c9196f00a08c40d5abd7c7eb52b57210,cards_senior_0805seq.jsonl:19,nomad2018-predict-transparent-conductors,hard,top1_stdout,2,0,2,1,1,1.0,0.0,1,-0.05727,-0.05727,0.0,1.0,0.0,0.0,240.2,1369.0063874907792,918.7624002916739,798.7624002916739
nomad2018-predict-transparent-conductors__c9196f00a08c40d5abd7c7eb52b57210,cards_senior_0805seq.jsonl:19,nomad2018-predict-transparent-conductors,hard,top1_progress,2,0,2,1,1,0.0,0.008800000000000002,1,-0.06607,-0.05727,-0.008800000000000002,0.0,0.0,1.0,240.2,1369.0063874907792,930.6439871991054,810.6439871991054
nomad2018-predict-transparent-conductors__c9196f00a08c40d5abd7c7eb52b57210,cards_senior_0805seq.jsonl:19,nomad2018-predict-transparent-conductors,hard,top1_stdout_tfidf,2,0,2,1,1,0.0,0.008800000000000002,1,-0.06607,-0.05727,-0.008800000000000002,0.0,0.0,1.0,240.2,1369.0063874907792,930.6439871991054,810.6439871991054
nomad2018-predict-transparent-conductors__c9196f00a08c40d5abd7c7eb52b57210,cards_senior_0805seq.jsonl:19,nomad2018-predict-transparent-conductors,hard,top1_oracle,2,0,2,1,1,1.0,0.0,1,-0.05727,-0.05727,0.0,1.0,0.0,0.0,240.2,1369.0063874907792,918.7624002916739,798.7624002916739
nomad2018-predict-transparent-conductors__c9196f00a08c40d5abd7c7eb52b57210,cards_senior_0805seq.jsonl:19,nomad2018-predict-transparent-conductors,hard,top2_random,2,0,2,2,0,1.0,0.0,1,-0.05727,-0.05727,0.0,1.0,0.0,0.0,240.2,1369.0063874907792,1609.2063874907792,1369.2063874907792
nomad2018-predict-transparent-conductors__c9196f00a08c40d5abd7c7eb52b57210,cards_senior_0805seq.jsonl:19,nomad2018-predict-transparent-conductors,hard,top2_tfidf,2,0,2,2,0,1.0,0.0,1,-0.05727,-0.05727,0.0,1.0,0.0,0.0,240.2,1369.0063874907792,1609.2063874907792,1369.2063874907792
nomad2018-predict-transparent-conductors__c9196f00a08c40d5abd7c7eb52b57210,cards_senior_0805seq.jsonl:19,nomad2018-predict-transparent-conductors,hard,top2_oracle,2,0,2,2,0,1.0,0.0,1,-0.05727,-0.05727,0.0,1.0,0.0,0.0,240.2,1369.0063874907792,1609.2063874907792,1369.2063874907792
nomad2018-predict-transparent-conductors__c9196f00a08c40d5abd7c7eb52b57210,cards_senior_0805seq.jsonl:19,nomad2018-predict-transparent-conductors,hard,oracle_gate,2,0,2,2,0,1.0,0.0,1,-0.05727,-0.05727,0.0,1.0,0.0,0.0,240.2,1369.0063874907792,1609.2063874907792,1369.2063874907792
nomad2018-predict-transparent-conductors__c9196f00a08c40d5abd7c7eb52b57210,cards_senior_0805seq.jsonl:19,nomad2018-predict-transparent-conductors,hard,full_external,2,0,2,2,0,1.0,0.0,1,-0.05727,-0.05727,0.0,1.0,0.0,0.0,240.2,1369.0063874907792,1369.0063874907792,1369.0063874907792
nomad2018-predict-transparent-conductors__d50b985553254ae3a951348f909324d9,cards_senior_0805seq.jsonl:19,nomad2018-predict-transparent-conductors,hard,artifact_only,2,2,0,0,0,1.0,0.0,1,-0.05947,-0.05947,0.0,1.0,0.0,0.0,43.7,376.1027624523267,43.7,43.7
nomad2018-predict-transparent-conductors__d50b985553254ae3a951348f909324d9,cards_senior_0805seq.jsonl:19,nomad2018-predict-transparent-conductors,hard,all_escalate,2,2,0,0,0,1.0,0.0,1,-0.05947,-0.05947,0.0,1.0,0.0,0.0,43.7,376.1027624523267,43.7,43.7
nomad2018-predict-transparent-conductors__d50b985553254ae3a951348f909324d9,cards_senior_0805seq.jsonl:19,nomad2018-predict-transparent-conductors,hard,random_gate,2,2,0,0,0,1.0,0.0,1,-0.05947,-0.05947,0.0,1.0,0.0,0.0,43.7,376.1027624523267,43.7,43.7
nomad2018-predict-transparent-conductors__d50b985553254ae3a951348f909324d9,cards_senior_0805seq.jsonl:19,nomad2018-predict-transparent-conductors,hard,tfidf_gate,2,2,0,0,0,1.0,0.0,1,-0.05947,-0.05947,0.0,1.0,0.0,0.0,43.7,376.1027624523267,43.7,43.7
nomad2018-predict-transparent-conductors__d50b985553254ae3a951348f909324d9,cards_senior_0805seq.jsonl:19,nomad2018-predict-transparent-conductors,hard,majority3_gate,2,2,0,0,0,1.0,0.0,1,-0.05947,-0.05947,0.0,1.0,0.0,0.0,43.7,376.1027624523267,43.7,43.7
nomad2018-predict-transparent-conductors__d50b985553254ae3a951348f909324d9,cards_senior_0805seq.jsonl:19,nomad2018-predict-transparent-conductors,hard,unanimous3_gate,2,2,0,0,0,1.0,0.0,1,-0.05947,-0.05947,0.0,1.0,0.0,0.0,43.7,376.1027624523267,43.7,43.7
nomad2018-predict-transparent-conductors__d50b985553254ae3a951348f909324d9,cards_senior_0805seq.jsonl:19,nomad2018-predict-transparent-conductors,hard,top1_random,2,2,0,0,0,1.0,0.0,1,-0.05947,-0.05947,0.0,1.0,0.0,0.0,43.7,376.1027624523267,43.7,43.7
nomad2018-predict-transparent-conductors__d50b985553254ae3a951348f909324d9,cards_senior_0805seq.jsonl:19,nomad2018-predict-transparent-conductors,hard,top1_tfidf,2,2,0,0,0,1.0,0.0,1,-0.05947,-0.05947,0.0,1.0,0.0,0.0,43.7,376.1027624523267,43.7,43.7
nomad2018-predict-transparent-conductors__d50b985553254ae3a951348f909324d9,cards_senior_0805seq.jsonl:19,nomad2018-predict-transparent-conductors,hard,top1_majority3,2,2,0,0,0,1.0,0.0,1,-0.05947,-0.05947,0.0,1.0,0.0,0.0,43.7,376.1027624523267,43.7,43.7
nomad2018-predict-transparent-conductors__d50b985553254ae3a951348f909324d9,cards_senior_0805seq.jsonl:19,nomad2018-predict-transparent-conductors,hard,top1_stdout,2,2,0,0,0,1.0,0.0,1,-0.05947,-0.05947,0.0,1.0,0.0,0.0,43.7,376.1027624523267,43.7,43.7
nomad2018-predict-transparent-conductors__d50b985553254ae3a951348f909324d9,cards_senior_0805seq.jsonl:19,nomad2018-predict-transparent-conductors,hard,top1_progress,2,2,0,0,0,1.0,0.0,1,-0.05947,-0.05947,0.0,1.0,0.0,0.0,43.7,376.1027624523267,43.7,43.7
nomad2018-predict-transparent-conductors__d50b985553254ae3a951348f909324d9,cards_senior_0805seq.jsonl:19,nomad2018-predict-transparent-conductors,hard,top1_stdout_tfidf,2,2,0,0,0,1.0,0.0,1,-0.05947,-0.05947,0.0,1.0,0.0,0.0,43.7,376.1027624523267,43.7,43.7
nomad2018-predict-transparent-conductors__d50b985553254ae3a951348f909324d9,cards_senior_0805seq.jsonl:19,nomad2018-predict-transparent-conductors,hard,top1_oracle,2,2,0,0,0,1.0,0.0,1,-0.05947,-0.05947,0.0,1.0,0.0,0.0,43.7,376.1027624523267,43.7,43.7
nomad2018-predict-transparent-conductors__d50b985553254ae3a951348f909324d9,cards_senior_0805seq.jsonl:19,nomad2018-predict-transparent-conductors,hard,top2_random,2,2,0,0,0,1.0,0.0,1,-0.05947,-0.05947,0.0,1.0,0.0,0.0,43.7,376.1027624523267,43.7,43.7
nomad2018-predict-transparent-conductors__d50b985553254ae3a951348f909324d9,cards_senior_0805seq.jsonl:19,nomad2018-predict-transparent-conductors,hard,top2_tfidf,2,2,0,0,0,1.0,0.0,1,-0.05947,-0.05947,0.0,1.0,0.0,0.0,43.7,376.1027624523267,43.7,43.7
nomad2018-predict-transparent-conductors__d50b985553254ae3a951348f909324d9,cards_senior_0805seq.jsonl:19,nomad2018-predict-transparent-conductors,hard,top2_oracle,2,2,0,0,0,1.0,0.0,1,-0.05947,-0.05947,0.0,1.0,0.0,0.0,43.7,376.1027624523267,43.7,43.7
nomad2018-predict-transparent-conductors__d50b985553254ae3a951348f909324d9,cards_senior_0805seq.jsonl:19,nomad2018-predict-transparent-conductors,hard,oracle_gate,2,2,0,0,0,1.0,0.0,1,-0.05947,-0.05947,0.0,1.0,0.0,0.0,43.7,376.1027624523267,43.7,43.7
nomad2018-predict-transparent-conductors__d50b985553254ae3a951348f909324d9,cards_senior_0805seq.jsonl:19,nomad2018-predict-transparent-conductors,hard,full_external,2,2,0,2,0,1.0,0.0,1,-0.05947,-0.05947,0.0,1.0,0.0,0.0,43.7,376.1027624523267,376.1027624523267,376.1027624523267
petfinder-pawpularity-score__138ea8837fe24b529d33101fe0e40c1a,cards_senior_0730.jsonl:0,petfinder-pawpularity-score,easy,artifact_only,2,0,2,0,2,0.5,0.1651050000000005,0,nan,-17.52598,nan,0.0,0.0,1.0,240.4,11099.185658762988,240.4,240.4
petfinder-pawpularity-score__138ea8837fe24b529d33101fe0e40c1a,cards_senior_0730.jsonl:0,petfinder-pawpularity-score,easy,all_escalate,2,0,2,2,0,1.0,0.0,1,-17.52598,-17.52598,0.0,1.0,0.0,0.0,240.4,11099.185658762988,11339.585658762988,11099.585658762988
petfinder-pawpularity-score__138ea8837fe24b529d33101fe0e40c1a,cards_senior_0730.jsonl:0,petfinder-pawpularity-score,easy,random_gate,2,0,2,2,0,1.0,0.0,1,-17.52598,-17.52598,0.0,1.0,0.0,0.0,240.4,11099.185658762988,11339.585658762988,11099.585658762988
petfinder-pawpularity-score__138ea8837fe24b529d33101fe0e40c1a,cards_senior_0730.jsonl:0,petfinder-pawpularity-score,easy,tfidf_gate,2,0,2,2,0,1.0,0.0,1,-17.52598,-17.52598,0.0,1.0,0.0,0.0,240.4,11099.185658762988,11339.585658762988,11099.585658762988
petfinder-pawpularity-score__138ea8837fe24b529d33101fe0e40c1a,cards_senior_0730.jsonl:0,petfinder-pawpularity-score,easy,majority3_gate,2,0,2,2,0,1.0,0.0,1,-17.52598,-17.52598,0.0,1.0,0.0,0.0,240.4,11099.185658762988,11339.585658762988,11099.585658762988
petfinder-pawpularity-score__138ea8837fe24b529d33101fe0e40c1a,cards_senior_0730.jsonl:0,petfinder-pawpularity-score,easy,unanimous3_gate,2,0,2,2,0,1.0,0.0,1,-17.52598,-17.52598,0.0,1.0,0.0,0.0,240.4,11099.185658762988,11339.585658762988,11099.585658762988
petfinder-pawpularity-score__138ea8837fe24b529d33101fe0e40c1a,cards_senior_0730.jsonl:0,petfinder-pawpularity-score,easy,top1_random,2,0,2,1,1,0.0,0.330210000000001,1,-17.85619,-17.52598,-0.330210000000001,0.0,0.0,1.0,240.4,11099.185658762988,6465.185439305007,6345.185439305007
petfinder-pawpularity-score__138ea8837fe24b529d33101fe0e40c1a,cards_senior_0730.jsonl:0,petfinder-pawpularity-score,easy,top1_tfidf,2,0,2,1,1,1.0,0.0,1,-17.52598,-17.52598,0.0,1.0,0.0,0.0,240.4,11099.185658762988,5114.80021945798,4994.80021945798
petfinder-pawpularity-score__138ea8837fe24b529d33101fe0e40c1a,cards_senior_0730.jsonl:0,petfinder-pawpularity-score,easy,top1_majority3,2,0,2,1,1,0.0,0.330210000000001,1,-17.85619,-17.52598,-0.330210000000001,0.0,0.0,1.0,240.4,11099.185658762988,6465.185439305007,6345.185439305007
petfinder-pawpularity-score__138ea8837fe24b529d33101fe0e40c1a,cards_senior_0730.jsonl:0,petfinder-pawpularity-score,easy,top1_stdout,2,0,2,1,1,0.0,0.330210000000001,1,-17.85619,-17.52598,-0.330210000000001,0.0,0.0,1.0,240.4,11099.185658762988,6465.185439305007,6345.185439305007
petfinder-pawpularity-score__138ea8837fe24b529d33101fe0e40c1a,cards_senior_0730.jsonl:0,petfinder-pawpularity-score,easy,top1_progress,2,0,2,1,1,0.0,0.330210000000001,1,-17.85619,-17.52598,-0.330210000000001,0.0,0.0,1.0,240.4,11099.185658762988,6465.185439305007,6345.185439305007
petfinder-pawpularity-score__138ea8837fe24b529d33101fe0e40c1a,cards_senior_0730.jsonl:0,petfinder-pawpularity-score,easy,top1_stdout_tfidf,2,0,2,1,1,1.0,0.0,1,-17.52598,-17.52598,0.0,1.0,0.0,0.0,240.4,11099.185658762988,5114.80021945798,4994.80021945798
petfinder-pawpularity-score__138ea8837fe24b529d33101fe0e40c1a,cards_senior_0730.jsonl:0,petfinder-pawpularity-score,easy,top1_oracle,2,0,2,1,1,1.0,0.0,1,-17.52598,-17.52598,0.0,1.0,0.0,0.0,240.4,11099.185658762988,5114.80021945798,4994.80021945798
petfinder-pawpularity-score__138ea8837fe24b529d33101fe0e40c1a,cards_senior_0730.jsonl:0,petfinder-pawpularity-score,easy,top2_random,2,0,2,2,0,1.0,0.0,1,-17.52598,-17.52598,0.0,1.0,0.0,0.0,240.4,11099.185658762988,11339.585658762988,11099.585658762988
petfinder-pawpularity-score__138ea8837fe24b529d33101fe0e40c1a,cards_senior_0730.jsonl:0,petfinder-pawpularity-score,easy,top2_tfidf,2,0,2,2,0,1.0,0.0,1,-17.52598,-17.52598,0.0,1.0,0.0,0.0,240.4,11099.185658762988,11339.585658762988,11099.585658762988
petfinder-pawpularity-score__138ea8837fe24b529d33101fe0e40c1a,cards_senior_0730.jsonl:0,petfinder-pawpularity-score,easy,top2_oracle,2,0,2,2,0,1.0,0.0,1,-17.52598,-17.52598,0.0,1.0,0.0,0.0,240.4,11099.185658762988,11339.585658762988,11099.585658762988
petfinder-pawpularity-score__138ea8837fe24b529d33101fe0e40c1a,cards_senior_0730.jsonl:0,petfinder-pawpularity-score,easy,oracle_gate,2,0,2,2,0,1.0,0.0,1,-17.52598,-17.52598,0.0,1.0,0.0,0.0,240.4,11099.185658762988,11339.585658762988,11099.585658762988
petfinder-pawpularity-score__138ea8837fe24b529d33101fe0e40c1a,cards_senior_0730.jsonl:0,petfinder-pawpularity-score,easy,full_external,2,0,2,2,0,1.0,0.0,1,-17.52598,-17.52598,0.0,1.0,0.0,0.0,240.4,11099.185658762988,11099.185658762988,11099.185658762988
petfinder-pawpularity-score__20e58240de2d414caa6eba48ddb0990f,cards_senior_0730.jsonl:4,petfinder-pawpularity-score,hard,artifact_only,2,2,0,0,0,1.0,0.0,1,-17.77646,-17.77678,0.00031999999999854367,1.0,1.0,0.0,108.8,104.00322424899787,108.8,108.8
petfinder-pawpularity-score__20e58240de2d414caa6eba48ddb0990f,cards_senior_0730.jsonl:4,petfinder-pawpularity-score,hard,all_escalate,2,2,0,0,0,1.0,0.0,1,-17.77646,-17.77678,0.00031999999999854367,1.0,1.0,0.0,108.8,104.00322424899787,108.8,108.8
petfinder-pawpularity-score__20e58240de2d414caa6eba48ddb0990f,cards_senior_0730.jsonl:4,petfinder-pawpularity-score,hard,random_gate,2,2,0,0,0,1.0,0.0,1,-17.77646,-17.77678,0.00031999999999854367,1.0,1.0,0.0,108.8,104.00322424899787,108.8,108.8
petfinder-pawpularity-score__20e58240de2d414caa6eba48ddb0990f,cards_senior_0730.jsonl:4,petfinder-pawpularity-score,hard,tfidf_gate,2,2,0,0,0,1.0,0.0,1,-17.77646,-17.77678,0.00031999999999854367,1.0,1.0,0.0,108.8,104.00322424899787,108.8,108.8
petfinder-pawpularity-score__20e58240de2d414caa6eba48ddb0990f,cards_senior_0730.jsonl:4,petfinder-pawpularity-score,hard,majority3_gate,2,2,0,0,0,1.0,0.0,1,-17.77646,-17.77678,0.00031999999999854367,1.0,1.0,0.0,108.8,104.00322424899787,108.8,108.8
petfinder-pawpularity-score__20e58240de2d414caa6eba48ddb0990f,cards_senior_0730.jsonl:4,petfinder-pawpularity-score,hard,unanimous3_gate,2,2,0,0,0,1.0,0.0,1,-17.77646,-17.77678,0.00031999999999854367,1.0,1.0,0.0,108.8,104.00322424899787,108.8,108.8
petfinder-pawpularity-score__20e58240de2d414caa6eba48ddb0990f,cards_senior_0730.jsonl:4,petfinder-pawpularity-score,hard,top1_random,2,2,0,0,0,1.0,0.0,1,-17.77646,-17.77678,0.00031999999999854367,1.0,1.0,0.0,108.8,104.00322424899787,108.8,108.8
petfinder-pawpularity-score__20e58240de2d414caa6eba48ddb0990f,cards_senior_0730.jsonl:4,petfinder-pawpularity-score,hard,top1_tfidf,2,2,0,0,0,1.0,0.0,1,-17.77646,-17.77678,0.00031999999999854367,1.0,1.0,0.0,108.8,104.00322424899787,108.8,108.8
petfinder-pawpularity-score__20e58240de2d414caa6eba48ddb0990f,cards_senior_0730.jsonl:4,petfinder-pawpularity-score,hard,top1_majority3,2,2,0,0,0,1.0,0.0,1,-17.77646,-17.77678,0.00031999999999854367,1.0,1.0,0.0,108.8,104.00322424899787,108.8,108.8
petfinder-pawpularity-score__20e58240de2d414caa6eba48ddb0990f,cards_senior_0730.jsonl:4,petfinder-pawpularity-score,hard,top1_stdout,2,2,0,0,0,1.0,0.0,1,-17.77646,-17.77678,0.00031999999999854367,1.0,1.0,0.0,108.8,104.00322424899787,108.8,108.8
petfinder-pawpularity-score__20e58240de2d414caa6eba48ddb0990f,cards_senior_0730.jsonl:4,petfinder-pawpularity-score,hard,top1_progress,2,2,0,0,0,1.0,0.0,1,-17.77646,-17.77678,0.00031999999999854367,1.0,1.0,0.0,108.8,104.00322424899787,108.8,108.8
petfinder-pawpularity-score__20e58240de2d414caa6eba48ddb0990f,cards_senior_0730.jsonl:4,petfinder-pawpularity-score,hard,top1_stdout_tfidf,2,2,0,0,0,1.0,0.0,1,-17.77646,-17.77678,0.00031999999999854367,1.0,1.0,0.0,108.8,104.00322424899787,108.8,108.8
petfinder-pawpularity-score__20e58240de2d414caa6eba48ddb0990f,cards_senior_0730.jsonl:4,petfinder-pawpularity-score,hard,top1_oracle,2,2,0,0,0,1.0,0.0,1,-17.77646,-17.77678,0.00031999999999854367,1.0,1.0,0.0,108.8,104.00322424899787,108.8,108.8
petfinder-pawpularity-score__20e58240de2d414caa6eba48ddb0990f,cards_senior_0730.jsonl:4,petfinder-pawpularity-score,hard,top2_random,2,2,0,0,0,1.0,0.0,1,-17.77646,-17.77678,0.00031999999999854367,1.0,1.0,0.0,108.8,104.00322424899787,108.8,108.8
petfinder-pawpularity-score__20e58240de2d414caa6eba48ddb0990f,cards_senior_0730.jsonl:4,petfinder-pawpularity-score,hard,top2_tfidf,2,2,0,0,0,1.0,0.0,1,-17.77646,-17.77678,0.00031999999999854367,1.0,1.0,0.0,108.8,104.00322424899787,108.8,108.8
petfinder-pawpularity-score__20e58240de2d414caa6eba48ddb0990f,cards_senior_0730.jsonl:4,petfinder-pawpularity-score,hard,top2_oracle,2,2,0,0,0,1.0,0.0,1,-17.77646,-17.77678,0.00031999999999854367,1.0,1.0,0.0,108.8,104.00322424899787,108.8,108.8
petfinder-pawpularity-score__20e58240de2d414caa6eba48ddb0990f,cards_senior_0730.jsonl:4,petfinder-pawpularity-score,hard,oracle_gate,2,2,0,0,0,1.0,0.0,1,-17.77646,-17.77678,0.00031999999999854367,1.0,1.0,0.0,108.8,104.00322424899787,108.8,108.8
petfinder-pawpularity-score__20e58240de2d414caa6eba48ddb0990f,cards_senior_0730.jsonl:4,petfinder-pawpularity-score,hard,full_external,2,2,0,2,0,1.0,0.0,1,-17.77678,-17.77678,0.0,1.0,0.0,0.0,108.8,104.00322424899787,104.00322424899787,104.00322424899787
petfinder-pawpularity-score__5797f718afc7442e850c43666a82d51b,cards_senior_0806.jsonl:1,petfinder-pawpularity-score,easy,artifact_only,2,1,1,0,1,0.0,0.5640999999999998,1,-17.85526,-17.26663,-0.588630000000002,0.0,0.0,1.0,210.3,1289.4194727860158,210.3,210.3
petfinder-pawpularity-score__5797f718afc7442e850c43666a82d51b,cards_senior_0806.jsonl:1,petfinder-pawpularity-score,easy,all_escalate,2,1,1,1,0,1.0,0.0,1,-17.26663,-17.26663,0.0,1.0,0.0,0.0,210.3,1289.4194727860158,1416.9504182619974,1296.9504182619974
petfinder-pawpularity-score__5797f718afc7442e850c43666a82d51b,cards_senior_0806.jsonl:1,petfinder-pawpularity-score,easy,random_gate,2,1,1,1,0,1.0,0.0,1,-17.26663,-17.26663,0.0,1.0,0.0,0.0,210.3,1289.4194727860158,1416.9504182619974,1296.9504182619974
petfinder-pawpularity-score__5797f718afc7442e850c43666a82d51b,cards_senior_0806.jsonl:1,petfinder-pawpularity-score,easy,tfidf_gate,2,1,1,0,1,0.0,0.5640999999999998,1,-17.85526,-17.26663,-0.588630000000002,0.0,0.0,1.0,210.3,1289.4194727860158,210.3,210.3
petfinder-pawpularity-score__5797f718afc7442e850c43666a82d51b,cards_senior_0806.jsonl:1,petfinder-pawpularity-score,easy,majority3_gate,2,1,1,0,1,0.0,0.5640999999999998,1,-17.85526,-17.26663,-0.588630000000002,0.0,0.0,1.0,210.3,1289.4194727860158,210.3,210.3
petfinder-pawpularity-score__5797f718afc7442e850c43666a82d51b,cards_senior_0806.jsonl:1,petfinder-pawpularity-score,easy,unanimous3_gate,2,1,1,1,0,1.0,0.0,1,-17.26663,-17.26663,0.0,1.0,0.0,0.0,210.3,1289.4194727860158,1416.9504182619974,1296.9504182619974
petfinder-pawpularity-score__5797f718afc7442e850c43666a82d51b,cards_senior_0806.jsonl:1,petfinder-pawpularity-score,easy,top1_random,2,1,1,1,0,1.0,0.0,1,-17.26663,-17.26663,0.0,1.0,0.0,0.0,210.3,1289.4194727860158,1416.9504182619974,1296.9504182619974
petfinder-pawpularity-score__5797f718afc7442e850c43666a82d51b,cards_senior_0806.jsonl:1,petfinder-pawpularity-score,easy,top1_tfidf,2,1,1,1,0,1.0,0.0,1,-17.26663,-17.26663,0.0,1.0,0.0,0.0,210.3,1289.4194727860158,1416.9504182619974,1296.9504182619974
petfinder-pawpularity-score__5797f718afc7442e850c43666a82d51b,cards_senior_0806.jsonl:1,petfinder-pawpularity-score,easy,top1_majority3,2,1,1,1,0,1.0,0.0,1,-17.26663,-17.26663,0.0,1.0,0.0,0.0,210.3,1289.4194727860158,1416.9504182619974,1296.9504182619974
petfinder-pawpularity-score__5797f718afc7442e850c43666a82d51b,cards_senior_0806.jsonl:1,petfinder-pawpularity-score,easy,top1_stdout,2,1,1,1,0,1.0,0.0,1,-17.26663,-17.26663,0.0,1.0,0.0,0.0,210.3,1289.4194727860158,1416.9504182619974,1296.9504182619974
petfinder-pawpularity-score__5797f718afc7442e850c43666a82d51b,cards_senior_0806.jsonl:1,petfinder-pawpularity-score,easy,top1_progress,2,1,1,1,0,1.0,0.0,1,-17.26663,-17.26663,0.0,1.0,0.0,0.0,210.3,1289.4194727860158,1416.9504182619974,1296.9504182619974
petfinder-pawpularity-score__5797f718afc7442e850c43666a82d51b,cards_senior_0806.jsonl:1,petfinder-pawpularity-score,easy,top1_stdout_tfidf,2,1,1,1,0,1.0,0.0,1,-17.26663,-17.26663,0.0,1.0,0.0,0.0,210.3,1289.4194727860158,1416.9504182619974,1296.9504182619974
petfinder-pawpularity-score__5797f718afc7442e850c43666a82d51b,cards_senior_0806.jsonl:1,petfinder-pawpularity-score,easy,top1_oracle,2,1,1,1,0,1.0,0.0,1,-17.26663,-17.26663,0.0,1.0,0.0,0.0,210.3,1289.4194727860158,1416.9504182619974,1296.9504182619974
petfinder-pawpularity-score__5797f718afc7442e850c43666a82d51b,cards_senior_0806.jsonl:1,petfinder-pawpularity-score,easy,top2_random,2,1,1,1,0,1.0,0.0,1,-17.26663,-17.26663,0.0,1.0,0.0,0.0,210.3,1289.4194727860158,1416.9504182619974,1296.9504182619974
petfinder-pawpularity-score__5797f718afc7442e850c43666a82d51b,cards_senior_0806.jsonl:1,petfinder-pawpularity-score,easy,top2_tfidf,2,1,1,1,0,1.0,0.0,1,-17.26663,-17.26663,0.0,1.0,0.0,0.0,210.3,1289.4194727860158,1416.9504182619974,1296.9504182619974
petfinder-pawpularity-score__5797f718afc7442e850c43666a82d51b,cards_senior_0806.jsonl:1,petfinder-pawpularity-score,easy,top2_oracle,2,1,1,1,0,1.0,0.0,1,-17.26663,-17.26663,0.0,1.0,0.0,0.0,210.3,1289.4194727860158,1416.9504182619974,1296.9504182619974
petfinder-pawpularity-score__5797f718afc7442e850c43666a82d51b,cards_senior_0806.jsonl:1,petfinder-pawpularity-score,easy,oracle_gate,2,1,1,1,0,1.0,0.0,1,-17.26663,-17.26663,0.0,1.0,0.0,0.0,210.3,1289.4194727860158,1416.9504182619974,1296.9504182619974
petfinder-pawpularity-score__5797f718afc7442e850c43666a82d51b,cards_senior_0806.jsonl:1,petfinder-pawpularity-score,easy,full_external,2,1,1,2,0,1.0,0.0,1,-17.26663,-17.26663,0.0,1.0,0.0,0.0,210.3,1289.4194727860158,1289.4194727860158,1289.4194727860158
petfinder-pawpularity-score__9118020f50e64bdeb8235a9dc9f357ab,cards_senior_0730.jsonl:0,petfinder-pawpularity-score,easy,artifact_only,2,1,1,0,1,1.0,0.0,1,-17.32536,-17.35398,0.02862000000000009,1.0,1.0,0.0,221.1,247.2651679549599,221.1,221.1
petfinder-pawpularity-score__9118020f50e64bdeb8235a9dc9f357ab,cards_senior_0730.jsonl:0,petfinder-pawpularity-score,easy,all_escalate,2,1,1,1,0,1.0,0.0,1,-17.32536,-17.35398,0.02862000000000009,1.0,1.0,0.0,221.1,247.2651679549599,369.3613431999926,249.36134319999255
petfinder-pawpularity-score__9118020f50e64bdeb8235a9dc9f357ab,cards_senior_0730.jsonl:0,petfinder-pawpularity-score,easy,random_gate,2,1,1,1,0,1.0,0.0,1,-17.32536,-17.35398,0.02862000000000009,1.0,1.0,0.0,221.1,247.2651679549599,369.3613431999926,249.36134319999255
petfinder-pawpularity-score__9118020f50e64bdeb8235a9dc9f357ab,cards_senior_0730.jsonl:0,petfinder-pawpularity-score,easy,tfidf_gate,2,1,1,0,1,1.0,0.0,1,-17.32536,-17.35398,0.02862000000000009,1.0,1.0,0.0,221.1,247.2651679549599,221.1,221.1
petfinder-pawpularity-score__9118020f50e64bdeb8235a9dc9f357ab,cards_senior_0730.jsonl:0,petfinder-pawpularity-score,easy,majority3_gate,2,1,1,1,0,1.0,0.0,1,-17.32536,-17.35398,0.02862000000000009,1.0,1.0,0.0,221.1,247.2651679549599,369.3613431999926,249.36134319999255
petfinder-pawpularity-score__9118020f50e64bdeb8235a9dc9f357ab,cards_senior_0730.jsonl:0,petfinder-pawpularity-score,easy,unanimous3_gate,2,1,1,1,0,1.0,0.0,1,-17.32536,-17.35398,0.02862000000000009,1.0,1.0,0.0,221.1,247.2651679549599,369.3613431999926,249.36134319999255
petfinder-pawpularity-score__9118020f50e64bdeb8235a9dc9f357ab,cards_senior_0730.jsonl:0,petfinder-pawpularity-score,easy,top1_random,2,1,1,1,0,1.0,0.0,1,-17.32536,-17.35398,0.02862000000000009,1.0,1.0,0.0,221.1,247.2651679549599,369.3613431999926,249.36134319999255
petfinder-pawpularity-score__9118020f50e64bdeb8235a9dc9f357ab,cards_senior_0730.jsonl:0,petfinder-pawpularity-score,easy,top1_tfidf,2,1,1,1,0,1.0,0.0,1,-17.32536,-17.35398,0.02862000000000009,1.0,1.0,0.0,221.1,247.2651679549599,369.3613431999926,249.36134319999255
petfinder-pawpularity-score__9118020f50e64bdeb8235a9dc9f357ab,cards_senior_0730.jsonl:0,petfinder-pawpularity-score,easy,top1_majority3,2,1,1,1,0,1.0,0.0,1,-17.32536,-17.35398,0.02862000000000009,1.0,1.0,0.0,221.1,247.2651679549599,369.3613431999926,249.36134319999255
petfinder-pawpularity-score__9118020f50e64bdeb8235a9dc9f357ab,cards_senior_0730.jsonl:0,petfinder-pawpularity-score,easy,top1_stdout,2,1,1,1,0,1.0,0.0,1,-17.32536,-17.35398,0.02862000000000009,1.0,1.0,0.0,221.1,247.2651679549599,369.3613431999926,249.36134319999255
petfinder-pawpularity-score__9118020f50e64bdeb8235a9dc9f357ab,cards_senior_0730.jsonl:0,petfinder-pawpularity-score,easy,top1_progress,2,1,1,1,0,1.0,0.0,1,-17.32536,-17.35398,0.02862000000000009,1.0,1.0,0.0,221.1,247.2651679549599,369.3613431999926,249.36134319999255
petfinder-pawpularity-score__9118020f50e64bdeb8235a9dc9f357ab,cards_senior_0730.jsonl:0,petfinder-pawpularity-score,easy,top1_stdout_tfidf,2,1,1,1,0,1.0,0.0,1,-17.32536,-17.35398,0.02862000000000009,1.0,1.0,0.0,221.1,247.2651679549599,369.3613431999926,249.36134319999255
petfinder-pawpularity-score__9118020f50e64bdeb8235a9dc9f357ab,cards_senior_0730.jsonl:0,petfinder-pawpularity-score,easy,top1_oracle,2,1,1,1,0,1.0,0.0,1,-17.32536,-17.35398,0.02862000000000009,1.0,1.0,0.0,221.1,247.2651679549599,369.3613431999926,249.36134319999255
petfinder-pawpularity-score__9118020f50e64bdeb8235a9dc9f357ab,cards_senior_0730.jsonl:0,petfinder-pawpularity-score,easy,top2_random,2,1,1,1,0,1.0,0.0,1,-17.32536,-17.35398,0.02862000000000009,1.0,1.0,0.0,221.1,247.2651679549599,369.3613431999926,249.36134319999255
petfinder-pawpularity-score__9118020f50e64bdeb8235a9dc9f357ab,cards_senior_0730.jsonl:0,petfinder-pawpularity-score,easy,top2_tfidf,2,1,1,1,0,1.0,0.0,1,-17.32536,-17.35398,0.02862000000000009,1.0,1.0,0.0,221.1,247.2651679549599,369.3613431999926,249.36134319999255
petfinder-pawpularity-score__9118020f50e64bdeb8235a9dc9f357ab,cards_senior_0730.jsonl:0,petfinder-pawpularity-score,easy,top2_oracle,2,1,1,1,0,1.0,0.0,1,-17.32536,-17.35398,0.02862000000000009,1.0,1.0,0.0,221.1,247.2651679549599,369.3613431999926,249.36134319999255
petfinder-pawpularity-score__9118020f50e64bdeb8235a9dc9f357ab,cards_senior_0730.jsonl:0,petfinder-pawpularity-score,easy,oracle_gate,2,1,1,0,1,1.0,0.0,1,-17.32536,-17.35398,0.02862000000000009,1.0,1.0,0.0,221.1,247.2651679549599,221.1,221.1
petfinder-pawpularity-score__9118020f50e64bdeb8235a9dc9f357ab,cards_senior_0730.jsonl:0,petfinder-pawpularity-score,easy,full_external,2,1,1,2,0,1.0,0.0,1,-17.35398,-17.35398,0.0,1.0,0.0,0.0,221.1,247.2651679549599,247.2651679549599,247.2651679549599
random-acts-of-pizza__5834f6889e5e413f8799624231dbc548,cards_ours_20260727.jsonl:69,random-acts-of-pizza,easy,artifact_only,2,2,0,0,0,1.0,0.0,1,0.7674,0.7674,0.0,1.0,0.0,0.0,95.3,200.22247231006622,95.3,95.3
random-acts-of-pizza__5834f6889e5e413f8799624231dbc548,cards_ours_20260727.jsonl:69,random-acts-of-pizza,easy,all_escalate,2,2,0,0,0,1.0,0.0,1,0.7674,0.7674,0.0,1.0,0.0,0.0,95.3,200.22247231006622,95.3,95.3
random-acts-of-pizza__5834f6889e5e413f8799624231dbc548,cards_ours_20260727.jsonl:69,random-acts-of-pizza,easy,random_gate,2,2,0,0,0,1.0,0.0,1,0.7674,0.7674,0.0,1.0,0.0,0.0,95.3,200.22247231006622,95.3,95.3
random-acts-of-pizza__5834f6889e5e413f8799624231dbc548,cards_ours_20260727.jsonl:69,random-acts-of-pizza,easy,tfidf_gate,2,2,0,0,0,1.0,0.0,1,0.7674,0.7674,0.0,1.0,0.0,0.0,95.3,200.22247231006622,95.3,95.3
random-acts-of-pizza__5834f6889e5e413f8799624231dbc548,cards_ours_20260727.jsonl:69,random-acts-of-pizza,easy,majority3_gate,2,2,0,0,0,1.0,0.0,1,0.7674,0.7674,0.0,1.0,0.0,0.0,95.3,200.22247231006622,95.3,95.3
random-acts-of-pizza__5834f6889e5e413f8799624231dbc548,cards_ours_20260727.jsonl:69,random-acts-of-pizza,easy,unanimous3_gate,2,2,0,0,0,1.0,0.0,1,0.7674,0.7674,0.0,1.0,0.0,0.0,95.3,200.22247231006622,95.3,95.3
random-acts-of-pizza__5834f6889e5e413f8799624231dbc548,cards_ours_20260727.jsonl:69,random-acts-of-pizza,easy,top1_random,2,2,0,0,0,1.0,0.0,1,0.7674,0.7674,0.0,1.0,0.0,0.0,95.3,200.22247231006622,95.3,95.3
random-acts-of-pizza__5834f6889e5e413f8799624231dbc548,cards_ours_20260727.jsonl:69,random-acts-of-pizza,easy,top1_tfidf,2,2,0,0,0,1.0,0.0,1,0.7674,0.7674,0.0,1.0,0.0,0.0,95.3,200.22247231006622,95.3,95.3
random-acts-of-pizza__5834f6889e5e413f8799624231dbc548,cards_ours_20260727.jsonl:69,random-acts-of-pizza,easy,top1_majority3,2,2,0,0,0,1.0,0.0,1,0.7674,0.7674,0.0,1.0,0.0,0.0,95.3,200.22247231006622,95.3,95.3
random-acts-of-pizza__5834f6889e5e413f8799624231dbc548,cards_ours_20260727.jsonl:69,random-acts-of-pizza,easy,top1_stdout,2,2,0,0,0,1.0,0.0,1,0.7674,0.7674,0.0,1.0,0.0,0.0,95.3,200.22247231006622,95.3,95.3
random-acts-of-pizza__5834f6889e5e413f8799624231dbc548,cards_ours_20260727.jsonl:69,random-acts-of-pizza,easy,top1_progress,2,2,0,0,0,1.0,0.0,1,0.7674,0.7674,0.0,1.0,0.0,0.0,95.3,200.22247231006622,95.3,95.3
random-acts-of-pizza__5834f6889e5e413f8799624231dbc548,cards_ours_20260727.jsonl:69,random-acts-of-pizza,easy,top1_stdout_tfidf,2,2,0,0,0,1.0,0.0,1,0.7674,0.7674,0.0,1.0,0.0,0.0,95.3,200.22247231006622,95.3,95.3
random-acts-of-pizza__5834f6889e5e413f8799624231dbc548,cards_ours_20260727.jsonl:69,random-acts-of-pizza,easy,top1_oracle,2,2,0,0,0,1.0,0.0,1,0.7674,0.7674,0.0,1.0,0.0,0.0,95.3,200.22247231006622,95.3,95.3
random-acts-of-pizza__5834f6889e5e413f8799624231dbc548,cards_ours_20260727.jsonl:69,random-acts-of-pizza,easy,top2_random,2,2,0,0,0,1.0,0.0,1,0.7674,0.7674,0.0,1.0,0.0,0.0,95.3,200.22247231006622,95.3,95.3
random-acts-of-pizza__5834f6889e5e413f8799624231dbc548,cards_ours_20260727.jsonl:69,random-acts-of-pizza,easy,top2_tfidf,2,2,0,0,0,1.0,0.0,1,0.7674,0.7674,0.0,1.0,0.0,0.0,95.3,200.22247231006622,95.3,95.3
random-acts-of-pizza__5834f6889e5e413f8799624231dbc548,cards_ours_20260727.jsonl:69,random-acts-of-pizza,easy,top2_oracle,2,2,0,0,0,1.0,0.0,1,0.7674,0.7674,0.0,1.0,0.0,0.0,95.3,200.22247231006622,95.3,95.3
random-acts-of-pizza__5834f6889e5e413f8799624231dbc548,cards_ours_20260727.jsonl:69,random-acts-of-pizza,easy,oracle_gate,2,2,0,0,0,1.0,0.0,1,0.7674,0.7674,0.0,1.0,0.0,0.0,95.3,200.22247231006622,95.3,95.3
random-acts-of-pizza__5834f6889e5e413f8799624231dbc548,cards_ours_20260727.jsonl:69,random-acts-of-pizza,easy,full_external,2,2,0,2,0,1.0,0.0,1,0.7674,0.7674,0.0,1.0,0.0,0.0,95.3,200.22247231006622,200.22247231006622,200.22247231006622
random-acts-of-pizza__aa71d9674a4049e0bc46feeada985547,cards_gen3A.jsonl:3,random-acts-of-pizza,easy,artifact_only,5,5,0,0,0,1.0,0.0,1,0.76034,0.76034,0.0,1.0,0.0,0.0,148.1,185.72851238504518,148.1,148.1
random-acts-of-pizza__aa71d9674a4049e0bc46feeada985547,cards_gen3A.jsonl:3,random-acts-of-pizza,easy,all_escalate,5,5,0,0,0,1.0,0.0,1,0.76034,0.76034,0.0,1.0,0.0,0.0,148.1,185.72851238504518,148.1,148.1
random-acts-of-pizza__aa71d9674a4049e0bc46feeada985547,cards_gen3A.jsonl:3,random-acts-of-pizza,easy,random_gate,5,5,0,0,0,1.0,0.0,1,0.76034,0.76034,0.0,1.0,0.0,0.0,148.1,185.72851238504518,148.1,148.1
random-acts-of-pizza__aa71d9674a4049e0bc46feeada985547,cards_gen3A.jsonl:3,random-acts-of-pizza,easy,tfidf_gate,5,5,0,0,0,1.0,0.0,1,0.76034,0.76034,0.0,1.0,0.0,0.0,148.1,185.72851238504518,148.1,148.1
random-acts-of-pizza__aa71d9674a4049e0bc46feeada985547,cards_gen3A.jsonl:3,random-acts-of-pizza,easy,majority3_gate,5,5,0,0,0,1.0,0.0,1,0.76034,0.76034,0.0,1.0,0.0,0.0,148.1,185.72851238504518,148.1,148.1
random-acts-of-pizza__aa71d9674a4049e0bc46feeada985547,cards_gen3A.jsonl:3,random-acts-of-pizza,easy,unanimous3_gate,5,5,0,0,0,1.0,0.0,1,0.76034,0.76034,0.0,1.0,0.0,0.0,148.1,185.72851238504518,148.1,148.1
random-acts-of-pizza__aa71d9674a4049e0bc46feeada985547,cards_gen3A.jsonl:3,random-acts-of-pizza,easy,top1_random,5,5,0,0,0,1.0,0.0,1,0.76034,0.76034,0.0,1.0,0.0,0.0,148.1,185.72851238504518,148.1,148.1
random-acts-of-pizza__aa71d9674a4049e0bc46feeada985547,cards_gen3A.jsonl:3,random-acts-of-pizza,easy,top1_tfidf,5,5,0,0,0,1.0,0.0,1,0.76034,0.76034,0.0,1.0,0.0,0.0,148.1,185.72851238504518,148.1,148.1
random-acts-of-pizza__aa71d9674a4049e0bc46feeada985547,cards_gen3A.jsonl:3,random-acts-of-pizza,easy,top1_majority3,5,5,0,0,0,1.0,0.0,1,0.76034,0.76034,0.0,1.0,0.0,0.0,148.1,185.72851238504518,148.1,148.1
random-acts-of-pizza__aa71d9674a4049e0bc46feeada985547,cards_gen3A.jsonl:3,random-acts-of-pizza,easy,top1_stdout,5,5,0,0,0,1.0,0.0,1,0.76034,0.76034,0.0,1.0,0.0,0.0,148.1,185.72851238504518,148.1,148.1
random-acts-of-pizza__aa71d9674a4049e0bc46feeada985547,cards_gen3A.jsonl:3,random-acts-of-pizza,easy,top1_progress,5,5,0,0,0,1.0,0.0,1,0.76034,0.76034,0.0,1.0,0.0,0.0,148.1,185.72851238504518,148.1,148.1
random-acts-of-pizza__aa71d9674a4049e0bc46feeada985547,cards_gen3A.jsonl:3,random-acts-of-pizza,easy,top1_stdout_tfidf,5,5,0,0,0,1.0,0.0,1,0.76034,0.76034,0.0,1.0,0.0,0.0,148.1,185.72851238504518,148.1,148.1
random-acts-of-pizza__aa71d9674a4049e0bc46feeada985547,cards_gen3A.jsonl:3,random-acts-of-pizza,easy,top1_oracle,5,5,0,0,0,1.0,0.0,1,0.76034,0.76034,0.0,1.0,0.0,0.0,148.1,185.72851238504518,148.1,148.1
random-acts-of-pizza__aa71d9674a4049e0bc46feeada985547,cards_gen3A.jsonl:3,random-acts-of-pizza,easy,top2_random,5,5,0,0,0,1.0,0.0,1,0.76034,0.76034,0.0,1.0,0.0,0.0,148.1,185.72851238504518,148.1,148.1
random-acts-of-pizza__aa71d9674a4049e0bc46feeada985547,cards_gen3A.jsonl:3,random-acts-of-pizza,easy,top2_tfidf,5,5,0,0,0,1.0,0.0,1,0.76034,0.76034,0.0,1.0,0.0,0.0,148.1,185.72851238504518,148.1,148.1
random-acts-of-pizza__aa71d9674a4049e0bc46feeada985547,cards_gen3A.jsonl:3,random-acts-of-pizza,easy,top2_oracle,5,5,0,0,0,1.0,0.0,1,0.76034,0.76034,0.0,1.0,0.0,0.0,148.1,185.72851238504518,148.1,148.1
random-acts-of-pizza__aa71d9674a4049e0bc46feeada985547,cards_gen3A.jsonl:3,random-acts-of-pizza,easy,oracle_gate,5,5,0,0,0,1.0,0.0,1,0.76034,0.76034,0.0,1.0,0.0,0.0,148.1,185.72851238504518,148.1,148.1
random-acts-of-pizza__aa71d9674a4049e0bc46feeada985547,cards_gen3A.jsonl:3,random-acts-of-pizza,easy,full_external,5,5,0,5,0,1.0,0.0,1,0.76034,0.76034,0.0,1.0,0.0,0.0,148.1,185.72851238504518,185.72851238504518,185.72851238504518
random-acts-of-pizza__c8c057832a7f46de8f2f8ede73ed013f,cards_ours_20260727.jsonl:68,random-acts-of-pizza,easy,artifact_only,3,3,0,0,0,1.0,0.0,1,0.65809,0.65809,0.0,1.0,0.0,0.0,81.0,164.36871495097876,81.0,81.0
random-acts-of-pizza__c8c057832a7f46de8f2f8ede73ed013f,cards_ours_20260727.jsonl:68,random-acts-of-pizza,easy,all_escalate,3,3,0,0,0,1.0,0.0,1,0.65809,0.65809,0.0,1.0,0.0,0.0,81.0,164.36871495097876,81.0,81.0
random-acts-of-pizza__c8c057832a7f46de8f2f8ede73ed013f,cards_ours_20260727.jsonl:68,random-acts-of-pizza,easy,random_gate,3,3,0,0,0,1.0,0.0,1,0.65809,0.65809,0.0,1.0,0.0,0.0,81.0,164.36871495097876,81.0,81.0
random-acts-of-pizza__c8c057832a7f46de8f2f8ede73ed013f,cards_ours_20260727.jsonl:68,random-acts-of-pizza,easy,tfidf_gate,3,3,0,0,0,1.0,0.0,1,0.65809,0.65809,0.0,1.0,0.0,0.0,81.0,164.36871495097876,81.0,81.0
random-acts-of-pizza__c8c057832a7f46de8f2f8ede73ed013f,cards_ours_20260727.jsonl:68,random-acts-of-pizza,easy,majority3_gate,3,3,0,0,0,1.0,0.0,1,0.65809,0.65809,0.0,1.0,0.0,0.0,81.0,164.36871495097876,81.0,81.0
random-acts-of-pizza__c8c057832a7f46de8f2f8ede73ed013f,cards_ours_20260727.jsonl:68,random-acts-of-pizza,easy,unanimous3_gate,3,3,0,0,0,1.0,0.0,1,0.65809,0.65809,0.0,1.0,0.0,0.0,81.0,164.36871495097876,81.0,81.0
random-acts-of-pizza__c8c057832a7f46de8f2f8ede73ed013f,cards_ours_20260727.jsonl:68,random-acts-of-pizza,easy,top1_random,3,3,0,0,0,1.0,0.0,1,0.65809,0.65809,0.0,1.0,0.0,0.0,81.0,164.36871495097876,81.0,81.0
random-acts-of-pizza__c8c057832a7f46de8f2f8ede73ed013f,cards_ours_20260727.jsonl:68,random-acts-of-pizza,easy,top1_tfidf,3,3,0,0,0,1.0,0.0,1,0.65809,0.65809,0.0,1.0,0.0,0.0,81.0,164.36871495097876,81.0,81.0
random-acts-of-pizza__c8c057832a7f46de8f2f8ede73ed013f,cards_ours_20260727.jsonl:68,random-acts-of-pizza,easy,top1_majority3,3,3,0,0,0,1.0,0.0,1,0.65809,0.65809,0.0,1.0,0.0,0.0,81.0,164.36871495097876,81.0,81.0
random-acts-of-pizza__c8c057832a7f46de8f2f8ede73ed013f,cards_ours_20260727.jsonl:68,random-acts-of-pizza,easy,top1_stdout,3,3,0,0,0,1.0,0.0,1,0.65809,0.65809,0.0,1.0,0.0,0.0,81.0,164.36871495097876,81.0,81.0
random-acts-of-pizza__c8c057832a7f46de8f2f8ede73ed013f,cards_ours_20260727.jsonl:68,random-acts-of-pizza,easy,top1_progress,3,3,0,0,0,1.0,0.0,1,0.65809,0.65809,0.0,1.0,0.0,0.0,81.0,164.36871495097876,81.0,81.0
random-acts-of-pizza__c8c057832a7f46de8f2f8ede73ed013f,cards_ours_20260727.jsonl:68,random-acts-of-pizza,easy,top1_stdout_tfidf,3,3,0,0,0,1.0,0.0,1,0.65809,0.65809,0.0,1.0,0.0,0.0,81.0,164.36871495097876,81.0,81.0
random-acts-of-pizza__c8c057832a7f46de8f2f8ede73ed013f,cards_ours_20260727.jsonl:68,random-acts-of-pizza,easy,top1_oracle,3,3,0,0,0,1.0,0.0,1,0.65809,0.65809,0.0,1.0,0.0,0.0,81.0,164.36871495097876,81.0,81.0
random-acts-of-pizza__c8c057832a7f46de8f2f8ede73ed013f,cards_ours_20260727.jsonl:68,random-acts-of-pizza,easy,top2_random,3,3,0,0,0,1.0,0.0,1,0.65809,0.65809,0.0,1.0,0.0,0.0,81.0,164.36871495097876,81.0,81.0
random-acts-of-pizza__c8c057832a7f46de8f2f8ede73ed013f,cards_ours_20260727.jsonl:68,random-acts-of-pizza,easy,top2_tfidf,3,3,0,0,0,1.0,0.0,1,0.65809,0.65809,0.0,1.0,0.0,0.0,81.0,164.36871495097876,81.0,81.0
random-acts-of-pizza__c8c057832a7f46de8f2f8ede73ed013f,cards_ours_20260727.jsonl:68,random-acts-of-pizza,easy,top2_oracle,3,3,0,0,0,1.0,0.0,1,0.65809,0.65809,0.0,1.0,0.0,0.0,81.0,164.36871495097876,81.0,81.0
random-acts-of-pizza__c8c057832a7f46de8f2f8ede73ed013f,cards_ours_20260727.jsonl:68,random-acts-of-pizza,easy,oracle_gate,3,3,0,0,0,1.0,0.0,1,0.65809,0.65809,0.0,1.0,0.0,0.0,81.0,164.36871495097876,81.0,81.0
random-acts-of-pizza__c8c057832a7f46de8f2f8ede73ed013f,cards_ours_20260727.jsonl:68,random-acts-of-pizza,easy,full_external,3,3,0,3,0,1.0,0.0,1,0.65809,0.65809,0.0,1.0,0.0,0.0,81.0,164.36871495097876,164.36871495097876,164.36871495097876
random-acts-of-pizza__e79c47b6ab894f43aa969d2f9ab8051a,cards_gen2C.jsonl:2,random-acts-of-pizza,hard,artifact_only,3,3,0,0,0,1.0,0.0,1,0.78537,0.77421,0.011160000000000059,1.0,1.0,0.0,164.4,955.0051796734333,164.4,164.4
random-acts-of-pizza__e79c47b6ab894f43aa969d2f9ab8051a,cards_gen2C.jsonl:2,random-acts-of-pizza,hard,all_escalate,3,3,0,0,0,1.0,0.0,1,0.78537,0.77421,0.011160000000000059,1.0,1.0,0.0,164.4,955.0051796734333,164.4,164.4
random-acts-of-pizza__e79c47b6ab894f43aa969d2f9ab8051a,cards_gen2C.jsonl:2,random-acts-of-pizza,hard,random_gate,3,3,0,0,0,1.0,0.0,1,0.78537,0.77421,0.011160000000000059,1.0,1.0,0.0,164.4,955.0051796734333,164.4,164.4
random-acts-of-pizza__e79c47b6ab894f43aa969d2f9ab8051a,cards_gen2C.jsonl:2,random-acts-of-pizza,hard,tfidf_gate,3,3,0,0,0,1.0,0.0,1,0.78537,0.77421,0.011160000000000059,1.0,1.0,0.0,164.4,955.0051796734333,164.4,164.4
random-acts-of-pizza__e79c47b6ab894f43aa969d2f9ab8051a,cards_gen2C.jsonl:2,random-acts-of-pizza,hard,majority3_gate,3,3,0,0,0,1.0,0.0,1,0.78537,0.77421,0.011160000000000059,1.0,1.0,0.0,164.4,955.0051796734333,164.4,164.4
random-acts-of-pizza__e79c47b6ab894f43aa969d2f9ab8051a,cards_gen2C.jsonl:2,random-acts-of-pizza,hard,unanimous3_gate,3,3,0,0,0,1.0,0.0,1,0.78537,0.77421,0.011160000000000059,1.0,1.0,0.0,164.4,955.0051796734333,164.4,164.4
random-acts-of-pizza__e79c47b6ab894f43aa969d2f9ab8051a,cards_gen2C.jsonl:2,random-acts-of-pizza,hard,top1_random,3,3,0,0,0,1.0,0.0,1,0.78537,0.77421,0.011160000000000059,1.0,1.0,0.0,164.4,955.0051796734333,164.4,164.4
random-acts-of-pizza__e79c47b6ab894f43aa969d2f9ab8051a,cards_gen2C.jsonl:2,random-acts-of-pizza,hard,top1_tfidf,3,3,0,0,0,1.0,0.0,1,0.78537,0.77421,0.011160000000000059,1.0,1.0,0.0,164.4,955.0051796734333,164.4,164.4
random-acts-of-pizza__e79c47b6ab894f43aa969d2f9ab8051a,cards_gen2C.jsonl:2,random-acts-of-pizza,hard,top1_majority3,3,3,0,0,0,1.0,0.0,1,0.78537,0.77421,0.011160000000000059,1.0,1.0,0.0,164.4,955.0051796734333,164.4,164.4
random-acts-of-pizza__e79c47b6ab894f43aa969d2f9ab8051a,cards_gen2C.jsonl:2,random-acts-of-pizza,hard,top1_stdout,3,3,0,0,0,1.0,0.0,1,0.78537,0.77421,0.011160000000000059,1.0,1.0,0.0,164.4,955.0051796734333,164.4,164.4
random-acts-of-pizza__e79c47b6ab894f43aa969d2f9ab8051a,cards_gen2C.jsonl:2,random-acts-of-pizza,hard,top1_progress,3,3,0,0,0,1.0,0.0,1,0.78537,0.77421,0.011160000000000059,1.0,1.0,0.0,164.4,955.0051796734333,164.4,164.4
random-acts-of-pizza__e79c47b6ab894f43aa969d2f9ab8051a,cards_gen2C.jsonl:2,random-acts-of-pizza,hard,top1_stdout_tfidf,3,3,0,0,0,1.0,0.0,1,0.78537,0.77421,0.011160000000000059,1.0,1.0,0.0,164.4,955.0051796734333,164.4,164.4
random-acts-of-pizza__e79c47b6ab894f43aa969d2f9ab8051a,cards_gen2C.jsonl:2,random-acts-of-pizza,hard,top1_oracle,3,3,0,0,0,1.0,0.0,1,0.78537,0.77421,0.011160000000000059,1.0,1.0,0.0,164.4,955.0051796734333,164.4,164.4
random-acts-of-pizza__e79c47b6ab894f43aa969d2f9ab8051a,cards_gen2C.jsonl:2,random-acts-of-pizza,hard,top2_random,3,3,0,0,0,1.0,0.0,1,0.78537,0.77421,0.011160000000000059,1.0,1.0,0.0,164.4,955.0051796734333,164.4,164.4
random-acts-of-pizza__e79c47b6ab894f43aa969d2f9ab8051a,cards_gen2C.jsonl:2,random-acts-of-pizza,hard,top2_tfidf,3,3,0,0,0,1.0,0.0,1,0.78537,0.77421,0.011160000000000059,1.0,1.0,0.0,164.4,955.0051796734333,164.4,164.4
random-acts-of-pizza__e79c47b6ab894f43aa969d2f9ab8051a,cards_gen2C.jsonl:2,random-acts-of-pizza,hard,top2_oracle,3,3,0,0,0,1.0,0.0,1,0.78537,0.77421,0.011160000000000059,1.0,1.0,0.0,164.4,955.0051796734333,164.4,164.4
random-acts-of-pizza__e79c47b6ab894f43aa969d2f9ab8051a,cards_gen2C.jsonl:2,random-acts-of-pizza,hard,oracle_gate,3,3,0,0,0,1.0,0.0,1,0.78537,0.77421,0.011160000000000059,1.0,1.0,0.0,164.4,955.0051796734333,164.4,164.4
random-acts-of-pizza__e79c47b6ab894f43aa969d2f9ab8051a,cards_gen2C.jsonl:2,random-acts-of-pizza,hard,full_external,3,3,0,3,0,1.0,0.0,1,0.77421,0.77421,0.0,1.0,0.0,0.0,164.4,955.0051796734333,955.0051796734333,955.0051796734333
spaceship-titanic__4fcded37ceb243d0a0ca7d970adedcfb,cards_ours_20260727.jsonl:3,spaceship-titanic,easy,artifact_only,2,2,0,0,0,1.0,0.0,1,0.76437,0.76207,0.0022999999999999687,1.0,1.0,0.0,53.1,41.50957727432251,53.1,53.1
spaceship-titanic__4fcded37ceb243d0a0ca7d970adedcfb,cards_ours_20260727.jsonl:3,spaceship-titanic,easy,all_escalate,2,2,0,0,0,1.0,0.0,1,0.76437,0.76207,0.0022999999999999687,1.0,1.0,0.0,53.1,41.50957727432251,53.1,53.1
spaceship-titanic__4fcded37ceb243d0a0ca7d970adedcfb,cards_ours_20260727.jsonl:3,spaceship-titanic,easy,random_gate,2,2,0,0,0,1.0,0.0,1,0.76437,0.76207,0.0022999999999999687,1.0,1.0,0.0,53.1,41.50957727432251,53.1,53.1
spaceship-titanic__4fcded37ceb243d0a0ca7d970adedcfb,cards_ours_20260727.jsonl:3,spaceship-titanic,easy,tfidf_gate,2,2,0,0,0,1.0,0.0,1,0.76437,0.76207,0.0022999999999999687,1.0,1.0,0.0,53.1,41.50957727432251,53.1,53.1
spaceship-titanic__4fcded37ceb243d0a0ca7d970adedcfb,cards_ours_20260727.jsonl:3,spaceship-titanic,easy,majority3_gate,2,2,0,0,0,1.0,0.0,1,0.76437,0.76207,0.0022999999999999687,1.0,1.0,0.0,53.1,41.50957727432251,53.1,53.1
spaceship-titanic__4fcded37ceb243d0a0ca7d970adedcfb,cards_ours_20260727.jsonl:3,spaceship-titanic,easy,unanimous3_gate,2,2,0,0,0,1.0,0.0,1,0.76437,0.76207,0.0022999999999999687,1.0,1.0,0.0,53.1,41.50957727432251,53.1,53.1
spaceship-titanic__4fcded37ceb243d0a0ca7d970adedcfb,cards_ours_20260727.jsonl:3,spaceship-titanic,easy,top1_random,2,2,0,0,0,1.0,0.0,1,0.76437,0.76207,0.0022999999999999687,1.0,1.0,0.0,53.1,41.50957727432251,53.1,53.1
spaceship-titanic__4fcded37ceb243d0a0ca7d970adedcfb,cards_ours_20260727.jsonl:3,spaceship-titanic,easy,top1_tfidf,2,2,0,0,0,1.0,0.0,1,0.76437,0.76207,0.0022999999999999687,1.0,1.0,0.0,53.1,41.50957727432251,53.1,53.1
spaceship-titanic__4fcded37ceb243d0a0ca7d970adedcfb,cards_ours_20260727.jsonl:3,spaceship-titanic,easy,top1_majority3,2,2,0,0,0,1.0,0.0,1,0.76437,0.76207,0.0022999999999999687,1.0,1.0,0.0,53.1,41.50957727432251,53.1,53.1
spaceship-titanic__4fcded37ceb243d0a0ca7d970adedcfb,cards_ours_20260727.jsonl:3,spaceship-titanic,easy,top1_stdout,2,2,0,0,0,1.0,0.0,1,0.76437,0.76207,0.0022999999999999687,1.0,1.0,0.0,53.1,41.50957727432251,53.1,53.1
spaceship-titanic__4fcded37ceb243d0a0ca7d970adedcfb,cards_ours_20260727.jsonl:3,spaceship-titanic,easy,top1_progress,2,2,0,0,0,1.0,0.0,1,0.76437,0.76207,0.0022999999999999687,1.0,1.0,0.0,53.1,41.50957727432251,53.1,53.1
spaceship-titanic__4fcded37ceb243d0a0ca7d970adedcfb,cards_ours_20260727.jsonl:3,spaceship-titanic,easy,top1_stdout_tfidf,2,2,0,0,0,1.0,0.0,1,0.76437,0.76207,0.0022999999999999687,1.0,1.0,0.0,53.1,41.50957727432251,53.1,53.1
spaceship-titanic__4fcded37ceb243d0a0ca7d970adedcfb,cards_ours_20260727.jsonl:3,spaceship-titanic,easy,top1_oracle,2,2,0,0,0,1.0,0.0,1,0.76437,0.76207,0.0022999999999999687,1.0,1.0,0.0,53.1,41.50957727432251,53.1,53.1
spaceship-titanic__4fcded37ceb243d0a0ca7d970adedcfb,cards_ours_20260727.jsonl:3,spaceship-titanic,easy,top2_random,2,2,0,0,0,1.0,0.0,1,0.76437,0.76207,0.0022999999999999687,1.0,1.0,0.0,53.1,41.50957727432251,53.1,53.1
spaceship-titanic__4fcded37ceb243d0a0ca7d970adedcfb,cards_ours_20260727.jsonl:3,spaceship-titanic,easy,top2_tfidf,2,2,0,0,0,1.0,0.0,1,0.76437,0.76207,0.0022999999999999687,1.0,1.0,0.0,53.1,41.50957727432251,53.1,53.1
spaceship-titanic__4fcded37ceb243d0a0ca7d970adedcfb,cards_ours_20260727.jsonl:3,spaceship-titanic,easy,top2_oracle,2,2,0,0,0,1.0,0.0,1,0.76437,0.76207,0.0022999999999999687,1.0,1.0,0.0,53.1,41.50957727432251,53.1,53.1
spaceship-titanic__4fcded37ceb243d0a0ca7d970adedcfb,cards_ours_20260727.jsonl:3,spaceship-titanic,easy,oracle_gate,2,2,0,0,0,1.0,0.0,1,0.76437,0.76207,0.0022999999999999687,1.0,1.0,0.0,53.1,41.50957727432251,53.1,53.1
spaceship-titanic__4fcded37ceb243d0a0ca7d970adedcfb,cards_ours_20260727.jsonl:3,spaceship-titanic,easy,full_external,2,2,0,2,0,1.0,0.0,1,0.76207,0.76207,0.0,1.0,0.0,0.0,53.1,41.50957727432251,41.50957727432251,41.50957727432251
spooky-author-identification__560eb5d67f17409f9deb149324c55f29,cards_senior_0801.jsonl:4,spooky-author-identification,easy,artifact_only,2,2,0,0,0,1.0,0.0,1,-0.37927,-0.37926,-1.0000000000010001e-05,0.0,0.0,1.0,120.19999999999999,199.21765096206218,120.19999999999999,120.19999999999999
spooky-author-identification__560eb5d67f17409f9deb149324c55f29,cards_senior_0801.jsonl:4,spooky-author-identification,easy,all_escalate,2,2,0,0,0,1.0,0.0,1,-0.37927,-0.37926,-1.0000000000010001e-05,0.0,0.0,1.0,120.19999999999999,199.21765096206218,120.19999999999999,120.19999999999999
spooky-author-identification__560eb5d67f17409f9deb149324c55f29,cards_senior_0801.jsonl:4,spooky-author-identification,easy,random_gate,2,2,0,0,0,1.0,0.0,1,-0.37927,-0.37926,-1.0000000000010001e-05,0.0,0.0,1.0,120.19999999999999,199.21765096206218,120.19999999999999,120.19999999999999
spooky-author-identification__560eb5d67f17409f9deb149324c55f29,cards_senior_0801.jsonl:4,spooky-author-identification,easy,tfidf_gate,2,2,0,0,0,1.0,0.0,1,-0.37927,-0.37926,-1.0000000000010001e-05,0.0,0.0,1.0,120.19999999999999,199.21765096206218,120.19999999999999,120.19999999999999
spooky-author-identification__560eb5d67f17409f9deb149324c55f29,cards_senior_0801.jsonl:4,spooky-author-identification,easy,majority3_gate,2,2,0,0,0,1.0,0.0,1,-0.37927,-0.37926,-1.0000000000010001e-05,0.0,0.0,1.0,120.19999999999999,199.21765096206218,120.19999999999999,120.19999999999999
spooky-author-identification__560eb5d67f17409f9deb149324c55f29,cards_senior_0801.jsonl:4,spooky-author-identification,easy,unanimous3_gate,2,2,0,0,0,1.0,0.0,1,-0.37927,-0.37926,-1.0000000000010001e-05,0.0,0.0,1.0,120.19999999999999,199.21765096206218,120.19999999999999,120.19999999999999
spooky-author-identification__560eb5d67f17409f9deb149324c55f29,cards_senior_0801.jsonl:4,spooky-author-identification,easy,top1_random,2,2,0,0,0,1.0,0.0,1,-0.37927,-0.37926,-1.0000000000010001e-05,0.0,0.0,1.0,120.19999999999999,199.21765096206218,120.19999999999999,120.19999999999999
spooky-author-identification__560eb5d67f17409f9deb149324c55f29,cards_senior_0801.jsonl:4,spooky-author-identification,easy,top1_tfidf,2,2,0,0,0,1.0,0.0,1,-0.37927,-0.37926,-1.0000000000010001e-05,0.0,0.0,1.0,120.19999999999999,199.21765096206218,120.19999999999999,120.19999999999999
spooky-author-identification__560eb5d67f17409f9deb149324c55f29,cards_senior_0801.jsonl:4,spooky-author-identification,easy,top1_majority3,2,2,0,0,0,1.0,0.0,1,-0.37927,-0.37926,-1.0000000000010001e-05,0.0,0.0,1.0,120.19999999999999,199.21765096206218,120.19999999999999,120.19999999999999
spooky-author-identification__560eb5d67f17409f9deb149324c55f29,cards_senior_0801.jsonl:4,spooky-author-identification,easy,top1_stdout,2,2,0,0,0,1.0,0.0,1,-0.37927,-0.37926,-1.0000000000010001e-05,0.0,0.0,1.0,120.19999999999999,199.21765096206218,120.19999999999999,120.19999999999999
spooky-author-identification__560eb5d67f17409f9deb149324c55f29,cards_senior_0801.jsonl:4,spooky-author-identification,easy,top1_progress,2,2,0,0,0,1.0,0.0,1,-0.37927,-0.37926,-1.0000000000010001e-05,0.0,0.0,1.0,120.19999999999999,199.21765096206218,120.19999999999999,120.19999999999999
spooky-author-identification__560eb5d67f17409f9deb149324c55f29,cards_senior_0801.jsonl:4,spooky-author-identification,easy,top1_stdout_tfidf,2,2,0,0,0,1.0,0.0,1,-0.37927,-0.37926,-1.0000000000010001e-05,0.0,0.0,1.0,120.19999999999999,199.21765096206218,120.19999999999999,120.19999999999999
spooky-author-identification__560eb5d67f17409f9deb149324c55f29,cards_senior_0801.jsonl:4,spooky-author-identification,easy,top1_oracle,2,2,0,0,0,1.0,0.0,1,-0.37927,-0.37926,-1.0000000000010001e-05,0.0,0.0,1.0,120.19999999999999,199.21765096206218,120.19999999999999,120.19999999999999
spooky-author-identification__560eb5d67f17409f9deb149324c55f29,cards_senior_0801.jsonl:4,spooky-author-identification,easy,top2_random,2,2,0,0,0,1.0,0.0,1,-0.37927,-0.37926,-1.0000000000010001e-05,0.0,0.0,1.0,120.19999999999999,199.21765096206218,120.19999999999999,120.19999999999999
spooky-author-identification__560eb5d67f17409f9deb149324c55f29,cards_senior_0801.jsonl:4,spooky-author-identification,easy,top2_tfidf,2,2,0,0,0,1.0,0.0,1,-0.37927,-0.37926,-1.0000000000010001e-05,0.0,0.0,1.0,120.19999999999999,199.21765096206218,120.19999999999999,120.19999999999999
spooky-author-identification__560eb5d67f17409f9deb149324c55f29,cards_senior_0801.jsonl:4,spooky-author-identification,easy,top2_oracle,2,2,0,0,0,1.0,0.0,1,-0.37927,-0.37926,-1.0000000000010001e-05,0.0,0.0,1.0,120.19999999999999,199.21765096206218,120.19999999999999,120.19999999999999
spooky-author-identification__560eb5d67f17409f9deb149324c55f29,cards_senior_0801.jsonl:4,spooky-author-identification,easy,oracle_gate,2,2,0,0,0,1.0,0.0,1,-0.37927,-0.37926,-1.0000000000010001e-05,0.0,0.0,1.0,120.19999999999999,199.21765096206218,120.19999999999999,120.19999999999999
spooky-author-identification__560eb5d67f17409f9deb149324c55f29,cards_senior_0801.jsonl:4,spooky-author-identification,easy,full_external,2,2,0,2,0,1.0,0.0,1,-0.37926,-0.37926,0.0,1.0,0.0,0.0,120.19999999999999,199.21765096206218,199.21765096206218,199.21765096206218
spooky-author-identification__92ff9885a5194d928b56e8d05f03d004,cards_senior_0801.jsonl:6,spooky-author-identification,hard,artifact_only,3,3,0,0,0,1.0,0.0,1,-0.35903,-0.35903,0.0,1.0,0.0,0.0,188.3,237.14428410003893,188.3,188.3
spooky-author-identification__92ff9885a5194d928b56e8d05f03d004,cards_senior_0801.jsonl:6,spooky-author-identification,hard,all_escalate,3,3,0,0,0,1.0,0.0,1,-0.35903,-0.35903,0.0,1.0,0.0,0.0,188.3,237.14428410003893,188.3,188.3
spooky-author-identification__92ff9885a5194d928b56e8d05f03d004,cards_senior_0801.jsonl:6,spooky-author-identification,hard,random_gate,3,3,0,0,0,1.0,0.0,1,-0.35903,-0.35903,0.0,1.0,0.0,0.0,188.3,237.14428410003893,188.3,188.3
spooky-author-identification__92ff9885a5194d928b56e8d05f03d004,cards_senior_0801.jsonl:6,spooky-author-identification,hard,tfidf_gate,3,3,0,0,0,1.0,0.0,1,-0.35903,-0.35903,0.0,1.0,0.0,0.0,188.3,237.14428410003893,188.3,188.3
spooky-author-identification__92ff9885a5194d928b56e8d05f03d004,cards_senior_0801.jsonl:6,spooky-author-identification,hard,majority3_gate,3,3,0,0,0,1.0,0.0,1,-0.35903,-0.35903,0.0,1.0,0.0,0.0,188.3,237.14428410003893,188.3,188.3
spooky-author-identification__92ff9885a5194d928b56e8d05f03d004,cards_senior_0801.jsonl:6,spooky-author-identification,hard,unanimous3_gate,3,3,0,0,0,1.0,0.0,1,-0.35903,-0.35903,0.0,1.0,0.0,0.0,188.3,237.14428410003893,188.3,188.3
spooky-author-identification__92ff9885a5194d928b56e8d05f03d004,cards_senior_0801.jsonl:6,spooky-author-identification,hard,top1_random,3,3,0,0,0,1.0,0.0,1,-0.35903,-0.35903,0.0,1.0,0.0,0.0,188.3,237.14428410003893,188.3,188.3
spooky-author-identification__92ff9885a5194d928b56e8d05f03d004,cards_senior_0801.jsonl:6,spooky-author-identification,hard,top1_tfidf,3,3,0,0,0,1.0,0.0,1,-0.35903,-0.35903,0.0,1.0,0.0,0.0,188.3,237.14428410003893,188.3,188.3
spooky-author-identification__92ff9885a5194d928b56e8d05f03d004,cards_senior_0801.jsonl:6,spooky-author-identification,hard,top1_majority3,3,3,0,0,0,1.0,0.0,1,-0.35903,-0.35903,0.0,1.0,0.0,0.0,188.3,237.14428410003893,188.3,188.3
spooky-author-identification__92ff9885a5194d928b56e8d05f03d004,cards_senior_0801.jsonl:6,spooky-author-identification,hard,top1_stdout,3,3,0,0,0,1.0,0.0,1,-0.35903,-0.35903,0.0,1.0,0.0,0.0,188.3,237.14428410003893,188.3,188.3
spooky-author-identification__92ff9885a5194d928b56e8d05f03d004,cards_senior_0801.jsonl:6,spooky-author-identification,hard,top1_progress,3,3,0,0,0,1.0,0.0,1,-0.35903,-0.35903,0.0,1.0,0.0,0.0,188.3,237.14428410003893,188.3,188.3
spooky-author-identification__92ff9885a5194d928b56e8d05f03d004,cards_senior_0801.jsonl:6,spooky-author-identification,hard,top1_stdout_tfidf,3,3,0,0,0,1.0,0.0,1,-0.35903,-0.35903,0.0,1.0,0.0,0.0,188.3,237.14428410003893,188.3,188.3
spooky-author-identification__92ff9885a5194d928b56e8d05f03d004,cards_senior_0801.jsonl:6,spooky-author-identification,hard,top1_oracle,3,3,0,0,0,1.0,0.0,1,-0.35903,-0.35903,0.0,1.0,0.0,0.0,188.3,237.14428410003893,188.3,188.3
spooky-author-identification__92ff9885a5194d928b56e8d05f03d004,cards_senior_0801.jsonl:6,spooky-author-identification,hard,top2_random,3,3,0,0,0,1.0,0.0,1,-0.35903,-0.35903,0.0,1.0,0.0,0.0,188.3,237.14428410003893,188.3,188.3
spooky-author-identification__92ff9885a5194d928b56e8d05f03d004,cards_senior_0801.jsonl:6,spooky-author-identification,hard,top2_tfidf,3,3,0,0,0,1.0,0.0,1,-0.35903,-0.35903,0.0,1.0,0.0,0.0,188.3,237.14428410003893,188.3,188.3
spooky-author-identification__92ff9885a5194d928b56e8d05f03d004,cards_senior_0801.jsonl:6,spooky-author-identification,hard,top2_oracle,3,3,0,0,0,1.0,0.0,1,-0.35903,-0.35903,0.0,1.0,0.0,0.0,188.3,237.14428410003893,188.3,188.3
spooky-author-identification__92ff9885a5194d928b56e8d05f03d004,cards_senior_0801.jsonl:6,spooky-author-identification,hard,oracle_gate,3,3,0,0,0,1.0,0.0,1,-0.35903,-0.35903,0.0,1.0,0.0,0.0,188.3,237.14428410003893,188.3,188.3
spooky-author-identification__92ff9885a5194d928b56e8d05f03d004,cards_senior_0801.jsonl:6,spooky-author-identification,hard,full_external,3,3,0,3,0,1.0,0.0,1,-0.35903,-0.35903,0.0,1.0,0.0,0.0,188.3,237.14428410003893,237.14428410003893,237.14428410003893
spooky-author-identification__b0159499c7cb478eaa490c7fdbd49d1b,cards_senior_0801.jsonl:4,spooky-author-identification,hard,artifact_only,2,2,0,0,0,1.0,0.0,1,-0.37975,-0.37974,-9.99999999995449e-06,0.0,0.0,1.0,144.39999999999998,2444.071920401999,144.39999999999998,144.39999999999998
spooky-author-identification__b0159499c7cb478eaa490c7fdbd49d1b,cards_senior_0801.jsonl:4,spooky-author-identification,hard,all_escalate,2,2,0,0,0,1.0,0.0,1,-0.37975,-0.37974,-9.99999999995449e-06,0.0,0.0,1.0,144.39999999999998,2444.071920401999,144.39999999999998,144.39999999999998
spooky-author-identification__b0159499c7cb478eaa490c7fdbd49d1b,cards_senior_0801.jsonl:4,spooky-author-identification,hard,random_gate,2,2,0,0,0,1.0,0.0,1,-0.37975,-0.37974,-9.99999999995449e-06,0.0,0.0,1.0,144.39999999999998,2444.071920401999,144.39999999999998,144.39999999999998
spooky-author-identification__b0159499c7cb478eaa490c7fdbd49d1b,cards_senior_0801.jsonl:4,spooky-author-identification,hard,tfidf_gate,2,2,0,0,0,1.0,0.0,1,-0.37975,-0.37974,-9.99999999995449e-06,0.0,0.0,1.0,144.39999999999998,2444.071920401999,144.39999999999998,144.39999999999998
spooky-author-identification__b0159499c7cb478eaa490c7fdbd49d1b,cards_senior_0801.jsonl:4,spooky-author-identification,hard,majority3_gate,2,2,0,0,0,1.0,0.0,1,-0.37975,-0.37974,-9.99999999995449e-06,0.0,0.0,1.0,144.39999999999998,2444.071920401999,144.39999999999998,144.39999999999998
spooky-author-identification__b0159499c7cb478eaa490c7fdbd49d1b,cards_senior_0801.jsonl:4,spooky-author-identification,hard,unanimous3_gate,2,2,0,0,0,1.0,0.0,1,-0.37975,-0.37974,-9.99999999995449e-06,0.0,0.0,1.0,144.39999999999998,2444.071920401999,144.39999999999998,144.39999999999998
spooky-author-identification__b0159499c7cb478eaa490c7fdbd49d1b,cards_senior_0801.jsonl:4,spooky-author-identification,hard,top1_random,2,2,0,0,0,1.0,0.0,1,-0.37975,-0.37974,-9.99999999995449e-06,0.0,0.0,1.0,144.39999999999998,2444.071920401999,144.39999999999998,144.39999999999998
spooky-author-identification__b0159499c7cb478eaa490c7fdbd49d1b,cards_senior_0801.jsonl:4,spooky-author-identification,hard,top1_tfidf,2,2,0,0,0,1.0,0.0,1,-0.37975,-0.37974,-9.99999999995449e-06,0.0,0.0,1.0,144.39999999999998,2444.071920401999,144.39999999999998,144.39999999999998
spooky-author-identification__b0159499c7cb478eaa490c7fdbd49d1b,cards_senior_0801.jsonl:4,spooky-author-identification,hard,top1_majority3,2,2,0,0,0,1.0,0.0,1,-0.37975,-0.37974,-9.99999999995449e-06,0.0,0.0,1.0,144.39999999999998,2444.071920401999,144.39999999999998,144.39999999999998
spooky-author-identification__b0159499c7cb478eaa490c7fdbd49d1b,cards_senior_0801.jsonl:4,spooky-author-identification,hard,top1_stdout,2,2,0,0,0,1.0,0.0,1,-0.37975,-0.37974,-9.99999999995449e-06,0.0,0.0,1.0,144.39999999999998,2444.071920401999,144.39999999999998,144.39999999999998
spooky-author-identification__b0159499c7cb478eaa490c7fdbd49d1b,cards_senior_0801.jsonl:4,spooky-author-identification,hard,top1_progress,2,2,0,0,0,1.0,0.0,1,-0.37975,-0.37974,-9.99999999995449e-06,0.0,0.0,1.0,144.39999999999998,2444.071920401999,144.39999999999998,144.39999999999998
spooky-author-identification__b0159499c7cb478eaa490c7fdbd49d1b,cards_senior_0801.jsonl:4,spooky-author-identification,hard,top1_stdout_tfidf,2,2,0,0,0,1.0,0.0,1,-0.37975,-0.37974,-9.99999999995449e-06,0.0,0.0,1.0,144.39999999999998,2444.071920401999,144.39999999999998,144.39999999999998
spooky-author-identification__b0159499c7cb478eaa490c7fdbd49d1b,cards_senior_0801.jsonl:4,spooky-author-identification,hard,top1_oracle,2,2,0,0,0,1.0,0.0,1,-0.37975,-0.37974,-9.99999999995449e-06,0.0,0.0,1.0,144.39999999999998,2444.071920401999,144.39999999999998,144.39999999999998
spooky-author-identification__b0159499c7cb478eaa490c7fdbd49d1b,cards_senior_0801.jsonl:4,spooky-author-identification,hard,top2_random,2,2,0,0,0,1.0,0.0,1,-0.37975,-0.37974,-9.99999999995449e-06,0.0,0.0,1.0,144.39999999999998,2444.071920401999,144.39999999999998,144.39999999999998
spooky-author-identification__b0159499c7cb478eaa490c7fdbd49d1b,cards_senior_0801.jsonl:4,spooky-author-identification,hard,top2_tfidf,2,2,0,0,0,1.0,0.0,1,-0.37975,-0.37974,-9.99999999995449e-06,0.0,0.0,1.0,144.39999999999998,2444.071920401999,144.39999999999998,144.39999999999998
spooky-author-identification__b0159499c7cb478eaa490c7fdbd49d1b,cards_senior_0801.jsonl:4,spooky-author-identification,hard,top2_oracle,2,2,0,0,0,1.0,0.0,1,-0.37975,-0.37974,-9.99999999995449e-06,0.0,0.0,1.0,144.39999999999998,2444.071920401999,144.39999999999998,144.39999999999998
spooky-author-identification__b0159499c7cb478eaa490c7fdbd49d1b,cards_senior_0801.jsonl:4,spooky-author-identification,hard,oracle_gate,2,2,0,0,0,1.0,0.0,1,-0.37975,-0.37974,-9.99999999995449e-06,0.0,0.0,1.0,144.39999999999998,2444.071920401999,144.39999999999998,144.39999999999998
spooky-author-identification__b0159499c7cb478eaa490c7fdbd49d1b,cards_senior_0801.jsonl:4,spooky-author-identification,hard,full_external,2,2,0,2,0,1.0,0.0,1,-0.37974,-0.37974,0.0,1.0,0.0,0.0,144.39999999999998,2444.071920401999,2444.071920401999,2444.071920401999
spooky-author-identification__d7c4a34657474cb48180f68defba370c,cards_senior_0730.jsonl:5,spooky-author-identification,hard,artifact_only,3,3,0,0,0,1.0,0.0,1,-0.27978,-0.27978,0.0,1.0,0.0,0.0,139.1,223.97063015500316,139.1,139.1
spooky-author-identification__d7c4a34657474cb48180f68defba370c,cards_senior_0730.jsonl:5,spooky-author-identification,hard,all_escalate,3,3,0,0,0,1.0,0.0,1,-0.27978,-0.27978,0.0,1.0,0.0,0.0,139.1,223.97063015500316,139.1,139.1
spooky-author-identification__d7c4a34657474cb48180f68defba370c,cards_senior_0730.jsonl:5,spooky-author-identification,hard,random_gate,3,3,0,0,0,1.0,0.0,1,-0.27978,-0.27978,0.0,1.0,0.0,0.0,139.1,223.97063015500316,139.1,139.1
spooky-author-identification__d7c4a34657474cb48180f68defba370c,cards_senior_0730.jsonl:5,spooky-author-identification,hard,tfidf_gate,3,3,0,0,0,1.0,0.0,1,-0.27978,-0.27978,0.0,1.0,0.0,0.0,139.1,223.97063015500316,139.1,139.1
spooky-author-identification__d7c4a34657474cb48180f68defba370c,cards_senior_0730.jsonl:5,spooky-author-identification,hard,majority3_gate,3,3,0,0,0,1.0,0.0,1,-0.27978,-0.27978,0.0,1.0,0.0,0.0,139.1,223.97063015500316,139.1,139.1
spooky-author-identification__d7c4a34657474cb48180f68defba370c,cards_senior_0730.jsonl:5,spooky-author-identification,hard,unanimous3_gate,3,3,0,0,0,1.0,0.0,1,-0.27978,-0.27978,0.0,1.0,0.0,0.0,139.1,223.97063015500316,139.1,139.1
spooky-author-identification__d7c4a34657474cb48180f68defba370c,cards_senior_0730.jsonl:5,spooky-author-identification,hard,top1_random,3,3,0,0,0,1.0,0.0,1,-0.27978,-0.27978,0.0,1.0,0.0,0.0,139.1,223.97063015500316,139.1,139.1
spooky-author-identification__d7c4a34657474cb48180f68defba370c,cards_senior_0730.jsonl:5,spooky-author-identification,hard,top1_tfidf,3,3,0,0,0,1.0,0.0,1,-0.27978,-0.27978,0.0,1.0,0.0,0.0,139.1,223.97063015500316,139.1,139.1
spooky-author-identification__d7c4a34657474cb48180f68defba370c,cards_senior_0730.jsonl:5,spooky-author-identification,hard,top1_majority3,3,3,0,0,0,1.0,0.0,1,-0.27978,-0.27978,0.0,1.0,0.0,0.0,139.1,223.97063015500316,139.1,139.1
spooky-author-identification__d7c4a34657474cb48180f68defba370c,cards_senior_0730.jsonl:5,spooky-author-identification,hard,top1_stdout,3,3,0,0,0,1.0,0.0,1,-0.27978,-0.27978,0.0,1.0,0.0,0.0,139.1,223.97063015500316,139.1,139.1
spooky-author-identification__d7c4a34657474cb48180f68defba370c,cards_senior_0730.jsonl:5,spooky-author-identification,hard,top1_progress,3,3,0,0,0,1.0,0.0,1,-0.27978,-0.27978,0.0,1.0,0.0,0.0,139.1,223.97063015500316,139.1,139.1
spooky-author-identification__d7c4a34657474cb48180f68defba370c,cards_senior_0730.jsonl:5,spooky-author-identification,hard,top1_stdout_tfidf,3,3,0,0,0,1.0,0.0,1,-0.27978,-0.27978,0.0,1.0,0.0,0.0,139.1,223.97063015500316,139.1,139.1
spooky-author-identification__d7c4a34657474cb48180f68defba370c,cards_senior_0730.jsonl:5,spooky-author-identification,hard,top1_oracle,3,3,0,0,0,1.0,0.0,1,-0.27978,-0.27978,0.0,1.0,0.0,0.0,139.1,223.97063015500316,139.1,139.1
spooky-author-identification__d7c4a34657474cb48180f68defba370c,cards_senior_0730.jsonl:5,spooky-author-identification,hard,top2_random,3,3,0,0,0,1.0,0.0,1,-0.27978,-0.27978,0.0,1.0,0.0,0.0,139.1,223.97063015500316,139.1,139.1
spooky-author-identification__d7c4a34657474cb48180f68defba370c,cards_senior_0730.jsonl:5,spooky-author-identification,hard,top2_tfidf,3,3,0,0,0,1.0,0.0,1,-0.27978,-0.27978,0.0,1.0,0.0,0.0,139.1,223.97063015500316,139.1,139.1
spooky-author-identification__d7c4a34657474cb48180f68defba370c,cards_senior_0730.jsonl:5,spooky-author-identification,hard,top2_oracle,3,3,0,0,0,1.0,0.0,1,-0.27978,-0.27978,0.0,1.0,0.0,0.0,139.1,223.97063015500316,139.1,139.1
spooky-author-identification__d7c4a34657474cb48180f68defba370c,cards_senior_0730.jsonl:5,spooky-author-identification,hard,oracle_gate,3,3,0,0,0,1.0,0.0,1,-0.27978,-0.27978,0.0,1.0,0.0,0.0,139.1,223.97063015500316,139.1,139.1
spooky-author-identification__d7c4a34657474cb48180f68defba370c,cards_senior_0730.jsonl:5,spooky-author-identification,hard,full_external,3,3,0,3,0,1.0,0.0,1,-0.27978,-0.27978,0.0,1.0,0.0,0.0,139.1,223.97063015500316,223.97063015500316,223.97063015500316
spooky-author-identification__fbb5259bda6a42b98e9619af0807a957,cards_senior_0730.jsonl:5,spooky-author-identification,easy,artifact_only,3,3,0,0,0,1.0,0.0,1,-0.29461,-0.29461,0.0,1.0,0.0,0.0,211.89999999999998,416.06453209306346,211.89999999999998,211.89999999999998
spooky-author-identification__fbb5259bda6a42b98e9619af0807a957,cards_senior_0730.jsonl:5,spooky-author-identification,easy,all_escalate,3,3,0,0,0,1.0,0.0,1,-0.29461,-0.29461,0.0,1.0,0.0,0.0,211.89999999999998,416.06453209306346,211.89999999999998,211.89999999999998
spooky-author-identification__fbb5259bda6a42b98e9619af0807a957,cards_senior_0730.jsonl:5,spooky-author-identification,easy,random_gate,3,3,0,0,0,1.0,0.0,1,-0.29461,-0.29461,0.0,1.0,0.0,0.0,211.89999999999998,416.06453209306346,211.89999999999998,211.89999999999998
spooky-author-identification__fbb5259bda6a42b98e9619af0807a957,cards_senior_0730.jsonl:5,spooky-author-identification,easy,tfidf_gate,3,3,0,0,0,1.0,0.0,1,-0.29461,-0.29461,0.0,1.0,0.0,0.0,211.89999999999998,416.06453209306346,211.89999999999998,211.89999999999998
spooky-author-identification__fbb5259bda6a42b98e9619af0807a957,cards_senior_0730.jsonl:5,spooky-author-identification,easy,majority3_gate,3,3,0,0,0,1.0,0.0,1,-0.29461,-0.29461,0.0,1.0,0.0,0.0,211.89999999999998,416.06453209306346,211.89999999999998,211.89999999999998
spooky-author-identification__fbb5259bda6a42b98e9619af0807a957,cards_senior_0730.jsonl:5,spooky-author-identification,easy,unanimous3_gate,3,3,0,0,0,1.0,0.0,1,-0.29461,-0.29461,0.0,1.0,0.0,0.0,211.89999999999998,416.06453209306346,211.89999999999998,211.89999999999998
spooky-author-identification__fbb5259bda6a42b98e9619af0807a957,cards_senior_0730.jsonl:5,spooky-author-identification,easy,top1_random,3,3,0,0,0,1.0,0.0,1,-0.29461,-0.29461,0.0,1.0,0.0,0.0,211.89999999999998,416.06453209306346,211.89999999999998,211.89999999999998
spooky-author-identification__fbb5259bda6a42b98e9619af0807a957,cards_senior_0730.jsonl:5,spooky-author-identification,easy,top1_tfidf,3,3,0,0,0,1.0,0.0,1,-0.29461,-0.29461,0.0,1.0,0.0,0.0,211.89999999999998,416.06453209306346,211.89999999999998,211.89999999999998
spooky-author-identification__fbb5259bda6a42b98e9619af0807a957,cards_senior_0730.jsonl:5,spooky-author-identification,easy,top1_majority3,3,3,0,0,0,1.0,0.0,1,-0.29461,-0.29461,0.0,1.0,0.0,0.0,211.89999999999998,416.06453209306346,211.89999999999998,211.89999999999998
spooky-author-identification__fbb5259bda6a42b98e9619af0807a957,cards_senior_0730.jsonl:5,spooky-author-identification,easy,top1_stdout,3,3,0,0,0,1.0,0.0,1,-0.29461,-0.29461,0.0,1.0,0.0,0.0,211.89999999999998,416.06453209306346,211.89999999999998,211.89999999999998
spooky-author-identification__fbb5259bda6a42b98e9619af0807a957,cards_senior_0730.jsonl:5,spooky-author-identification,easy,top1_progress,3,3,0,0,0,1.0,0.0,1,-0.29461,-0.29461,0.0,1.0,0.0,0.0,211.89999999999998,416.06453209306346,211.89999999999998,211.89999999999998
spooky-author-identification__fbb5259bda6a42b98e9619af0807a957,cards_senior_0730.jsonl:5,spooky-author-identification,easy,top1_stdout_tfidf,3,3,0,0,0,1.0,0.0,1,-0.29461,-0.29461,0.0,1.0,0.0,0.0,211.89999999999998,416.06453209306346,211.89999999999998,211.89999999999998
spooky-author-identification__fbb5259bda6a42b98e9619af0807a957,cards_senior_0730.jsonl:5,spooky-author-identification,easy,top1_oracle,3,3,0,0,0,1.0,0.0,1,-0.29461,-0.29461,0.0,1.0,0.0,0.0,211.89999999999998,416.06453209306346,211.89999999999998,211.89999999999998
spooky-author-identification__fbb5259bda6a42b98e9619af0807a957,cards_senior_0730.jsonl:5,spooky-author-identification,easy,top2_random,3,3,0,0,0,1.0,0.0,1,-0.29461,-0.29461,0.0,1.0,0.0,0.0,211.89999999999998,416.06453209306346,211.89999999999998,211.89999999999998
spooky-author-identification__fbb5259bda6a42b98e9619af0807a957,cards_senior_0730.jsonl:5,spooky-author-identification,easy,top2_tfidf,3,3,0,0,0,1.0,0.0,1,-0.29461,-0.29461,0.0,1.0,0.0,0.0,211.89999999999998,416.06453209306346,211.89999999999998,211.89999999999998
spooky-author-identification__fbb5259bda6a42b98e9619af0807a957,cards_senior_0730.jsonl:5,spooky-author-identification,easy,top2_oracle,3,3,0,0,0,1.0,0.0,1,-0.29461,-0.29461,0.0,1.0,0.0,0.0,211.89999999999998,416.06453209306346,211.89999999999998,211.89999999999998
spooky-author-identification__fbb5259bda6a42b98e9619af0807a957,cards_senior_0730.jsonl:5,spooky-author-identification,easy,oracle_gate,3,3,0,0,0,1.0,0.0,1,-0.29461,-0.29461,0.0,1.0,0.0,0.0,211.89999999999998,416.06453209306346,211.89999999999998,211.89999999999998
spooky-author-identification__fbb5259bda6a42b98e9619af0807a957,cards_senior_0730.jsonl:5,spooky-author-identification,easy,full_external,3,3,0,3,0,1.0,0.0,1,-0.29461,-0.29461,0.0,1.0,0.0,0.0,211.89999999999998,416.06453209306346,416.06453209306346,416.06453209306346
spooky-author-identification__ff8dc324b8984305b0dd7c14bee67d7c,cards_t3era_missing.jsonl:14,spooky-author-identification,easy,artifact_only,3,3,0,0,0,1.0,0.0,1,-0.3656,-0.3656,0.0,1.0,0.0,0.0,293.8,323.3748806199874,293.8,293.8
spooky-author-identification__ff8dc324b8984305b0dd7c14bee67d7c,cards_t3era_missing.jsonl:14,spooky-author-identification,easy,all_escalate,3,3,0,0,0,1.0,0.0,1,-0.3656,-0.3656,0.0,1.0,0.0,0.0,293.8,323.3748806199874,293.8,293.8
spooky-author-identification__ff8dc324b8984305b0dd7c14bee67d7c,cards_t3era_missing.jsonl:14,spooky-author-identification,easy,random_gate,3,3,0,0,0,1.0,0.0,1,-0.3656,-0.3656,0.0,1.0,0.0,0.0,293.8,323.3748806199874,293.8,293.8
spooky-author-identification__ff8dc324b8984305b0dd7c14bee67d7c,cards_t3era_missing.jsonl:14,spooky-author-identification,easy,tfidf_gate,3,3,0,0,0,1.0,0.0,1,-0.3656,-0.3656,0.0,1.0,0.0,0.0,293.8,323.3748806199874,293.8,293.8
spooky-author-identification__ff8dc324b8984305b0dd7c14bee67d7c,cards_t3era_missing.jsonl:14,spooky-author-identification,easy,majority3_gate,3,3,0,0,0,1.0,0.0,1,-0.3656,-0.3656,0.0,1.0,0.0,0.0,293.8,323.3748806199874,293.8,293.8
spooky-author-identification__ff8dc324b8984305b0dd7c14bee67d7c,cards_t3era_missing.jsonl:14,spooky-author-identification,easy,unanimous3_gate,3,3,0,0,0,1.0,0.0,1,-0.3656,-0.3656,0.0,1.0,0.0,0.0,293.8,323.3748806199874,293.8,293.8
spooky-author-identification__ff8dc324b8984305b0dd7c14bee67d7c,cards_t3era_missing.jsonl:14,spooky-author-identification,easy,top1_random,3,3,0,0,0,1.0,0.0,1,-0.3656,-0.3656,0.0,1.0,0.0,0.0,293.8,323.3748806199874,293.8,293.8
spooky-author-identification__ff8dc324b8984305b0dd7c14bee67d7c,cards_t3era_missing.jsonl:14,spooky-author-identification,easy,top1_tfidf,3,3,0,0,0,1.0,0.0,1,-0.3656,-0.3656,0.0,1.0,0.0,0.0,293.8,323.3748806199874,293.8,293.8
spooky-author-identification__ff8dc324b8984305b0dd7c14bee67d7c,cards_t3era_missing.jsonl:14,spooky-author-identification,easy,top1_majority3,3,3,0,0,0,1.0,0.0,1,-0.3656,-0.3656,0.0,1.0,0.0,0.0,293.8,323.3748806199874,293.8,293.8
spooky-author-identification__ff8dc324b8984305b0dd7c14bee67d7c,cards_t3era_missing.jsonl:14,spooky-author-identification,easy,top1_stdout,3,3,0,0,0,1.0,0.0,1,-0.3656,-0.3656,0.0,1.0,0.0,0.0,293.8,323.3748806199874,293.8,293.8
spooky-author-identification__ff8dc324b8984305b0dd7c14bee67d7c,cards_t3era_missing.jsonl:14,spooky-author-identification,easy,top1_progress,3,3,0,0,0,1.0,0.0,1,-0.3656,-0.3656,0.0,1.0,0.0,0.0,293.8,323.3748806199874,293.8,293.8
spooky-author-identification__ff8dc324b8984305b0dd7c14bee67d7c,cards_t3era_missing.jsonl:14,spooky-author-identification,easy,top1_stdout_tfidf,3,3,0,0,0,1.0,0.0,1,-0.3656,-0.3656,0.0,1.0,0.0,0.0,293.8,323.3748806199874,293.8,293.8
spooky-author-identification__ff8dc324b8984305b0dd7c14bee67d7c,cards_t3era_missing.jsonl:14,spooky-author-identification,easy,top1_oracle,3,3,0,0,0,1.0,0.0,1,-0.3656,-0.3656,0.0,1.0,0.0,0.0,293.8,323.3748806199874,293.8,293.8
spooky-author-identification__ff8dc324b8984305b0dd7c14bee67d7c,cards_t3era_missing.jsonl:14,spooky-author-identification,easy,top2_random,3,3,0,0,0,1.0,0.0,1,-0.3656,-0.3656,0.0,1.0,0.0,0.0,293.8,323.3748806199874,293.8,293.8
spooky-author-identification__ff8dc324b8984305b0dd7c14bee67d7c,cards_t3era_missing.jsonl:14,spooky-author-identification,easy,top2_tfidf,3,3,0,0,0,1.0,0.0,1,-0.3656,-0.3656,0.0,1.0,0.0,0.0,293.8,323.3748806199874,293.8,293.8
spooky-author-identification__ff8dc324b8984305b0dd7c14bee67d7c,cards_t3era_missing.jsonl:14,spooky-author-identification,easy,top2_oracle,3,3,0,0,0,1.0,0.0,1,-0.3656,-0.3656,0.0,1.0,0.0,0.0,293.8,323.3748806199874,293.8,293.8
spooky-author-identification__ff8dc324b8984305b0dd7c14bee67d7c,cards_t3era_missing.jsonl:14,spooky-author-identification,easy,oracle_gate,3,3,0,0,0,1.0,0.0,1,-0.3656,-0.3656,0.0,1.0,0.0,0.0,293.8,323.3748806199874,293.8,293.8
spooky-author-identification__ff8dc324b8984305b0dd7c14bee67d7c,cards_t3era_missing.jsonl:14,spooky-author-identification,easy,full_external,3,3,0,3,0,1.0,0.0,1,-0.3656,-0.3656,0.0,1.0,0.0,0.0,293.8,323.3748806199874,323.3748806199874,323.3748806199874
tabular-playground-series-dec-2021__0cdec0ffd1ff4511b41aa8c691f2f383,cards_senior_0801.jsonl:38,tabular-playground-series-dec-2021,hard,artifact_only,2,0,2,0,2,0.5,0.00024999999999997247,0,nan,0.96324,nan,0.0,0.0,1.0,240.2,11363.82460745424,240.2,240.2
tabular-playground-series-dec-2021__0cdec0ffd1ff4511b41aa8c691f2f383,cards_senior_0801.jsonl:38,tabular-playground-series-dec-2021,hard,all_escalate,2,0,2,2,0,1.0,0.0,1,0.96324,0.96324,0.0,1.0,0.0,0.0,240.2,11363.82460745424,11604.024607454241,11364.024607454241
tabular-playground-series-dec-2021__0cdec0ffd1ff4511b41aa8c691f2f383,cards_senior_0801.jsonl:38,tabular-playground-series-dec-2021,hard,random_gate,2,0,2,2,0,1.0,0.0,1,0.96324,0.96324,0.0,1.0,0.0,0.0,240.2,11363.82460745424,11604.024607454241,11364.024607454241
tabular-playground-series-dec-2021__0cdec0ffd1ff4511b41aa8c691f2f383,cards_senior_0801.jsonl:38,tabular-playground-series-dec-2021,hard,tfidf_gate,2,0,2,2,0,1.0,0.0,1,0.96324,0.96324,0.0,1.0,0.0,0.0,240.2,11363.82460745424,11604.024607454241,11364.024607454241
tabular-playground-series-dec-2021__0cdec0ffd1ff4511b41aa8c691f2f383,cards_senior_0801.jsonl:38,tabular-playground-series-dec-2021,hard,majority3_gate,2,0,2,2,0,1.0,0.0,1,0.96324,0.96324,0.0,1.0,0.0,0.0,240.2,11363.82460745424,11604.024607454241,11364.024607454241
tabular-playground-series-dec-2021__0cdec0ffd1ff4511b41aa8c691f2f383,cards_senior_0801.jsonl:38,tabular-playground-series-dec-2021,hard,unanimous3_gate,2,0,2,2,0,1.0,0.0,1,0.96324,0.96324,0.0,1.0,0.0,0.0,240.2,11363.82460745424,11604.024607454241,11364.024607454241
tabular-playground-series-dec-2021__0cdec0ffd1ff4511b41aa8c691f2f383,cards_senior_0801.jsonl:38,tabular-playground-series-dec-2021,hard,top1_random,2,0,2,1,1,1.0,0.0,1,0.96324,0.96324,0.0,1.0,0.0,0.0,240.2,11363.82460745424,5521.360583004355,5401.360583004355
tabular-playground-series-dec-2021__0cdec0ffd1ff4511b41aa8c691f2f383,cards_senior_0801.jsonl:38,tabular-playground-series-dec-2021,hard,top1_tfidf,2,0,2,1,1,1.0,0.0,1,0.96324,0.96324,0.0,1.0,0.0,0.0,240.2,11363.82460745424,5521.360583004355,5401.360583004355
tabular-playground-series-dec-2021__0cdec0ffd1ff4511b41aa8c691f2f383,cards_senior_0801.jsonl:38,tabular-playground-series-dec-2021,hard,top1_majority3,2,0,2,1,1,1.0,0.0,1,0.96324,0.96324,0.0,1.0,0.0,0.0,240.2,11363.82460745424,5521.360583004355,5401.360583004355
tabular-playground-series-dec-2021__0cdec0ffd1ff4511b41aa8c691f2f383,cards_senior_0801.jsonl:38,tabular-playground-series-dec-2021,hard,top1_stdout,2,0,2,1,1,1.0,0.0,1,0.96324,0.96324,0.0,1.0,0.0,0.0,240.2,11363.82460745424,5521.360583004355,5401.360583004355
tabular-playground-series-dec-2021__0cdec0ffd1ff4511b41aa8c691f2f383,cards_senior_0801.jsonl:38,tabular-playground-series-dec-2021,hard,top1_progress,2,0,2,1,1,1.0,0.0,1,0.96324,0.96324,0.0,1.0,0.0,0.0,240.2,11363.82460745424,5521.360583004355,5401.360583004355
tabular-playground-series-dec-2021__0cdec0ffd1ff4511b41aa8c691f2f383,cards_senior_0801.jsonl:38,tabular-playground-series-dec-2021,hard,top1_stdout_tfidf,2,0,2,1,1,1.0,0.0,1,0.96324,0.96324,0.0,1.0,0.0,0.0,240.2,11363.82460745424,5521.360583004355,5401.360583004355
tabular-playground-series-dec-2021__0cdec0ffd1ff4511b41aa8c691f2f383,cards_senior_0801.jsonl:38,tabular-playground-series-dec-2021,hard,top1_oracle,2,0,2,1,1,1.0,0.0,1,0.96324,0.96324,0.0,1.0,0.0,0.0,240.2,11363.82460745424,5521.360583004355,5401.360583004355
tabular-playground-series-dec-2021__0cdec0ffd1ff4511b41aa8c691f2f383,cards_senior_0801.jsonl:38,tabular-playground-series-dec-2021,hard,top2_random,2,0,2,2,0,1.0,0.0,1,0.96324,0.96324,0.0,1.0,0.0,0.0,240.2,11363.82460745424,11604.024607454241,11364.024607454241
tabular-playground-series-dec-2021__0cdec0ffd1ff4511b41aa8c691f2f383,cards_senior_0801.jsonl:38,tabular-playground-series-dec-2021,hard,top2_tfidf,2,0,2,2,0,1.0,0.0,1,0.96324,0.96324,0.0,1.0,0.0,0.0,240.2,11363.82460745424,11604.024607454241,11364.024607454241
tabular-playground-series-dec-2021__0cdec0ffd1ff4511b41aa8c691f2f383,cards_senior_0801.jsonl:38,tabular-playground-series-dec-2021,hard,top2_oracle,2,0,2,2,0,1.0,0.0,1,0.96324,0.96324,0.0,1.0,0.0,0.0,240.2,11363.82460745424,11604.024607454241,11364.024607454241
tabular-playground-series-dec-2021__0cdec0ffd1ff4511b41aa8c691f2f383,cards_senior_0801.jsonl:38,tabular-playground-series-dec-2021,hard,oracle_gate,2,0,2,2,0,1.0,0.0,1,0.96324,0.96324,0.0,1.0,0.0,0.0,240.2,11363.82460745424,11604.024607454241,11364.024607454241
tabular-playground-series-dec-2021__0cdec0ffd1ff4511b41aa8c691f2f383,cards_senior_0801.jsonl:38,tabular-playground-series-dec-2021,hard,full_external,2,0,2,2,0,1.0,0.0,1,0.96324,0.96324,0.0,1.0,0.0,0.0,240.2,11363.82460745424,11363.82460745424,11363.82460745424
tabular-playground-series-dec-2021__934ac2235cf749c9ae20875daeb13fda,cards_senior_0807.jsonl:23,tabular-playground-series-dec-2021,hard,artifact_only,2,0,2,0,2,0.5,0.0002700000000001035,0,nan,0.96108,nan,0.0,0.0,1.0,240.4,4757.205187611282,240.4,240.4
tabular-playground-series-dec-2021__934ac2235cf749c9ae20875daeb13fda,cards_senior_0807.jsonl:23,tabular-playground-series-dec-2021,hard,all_escalate,2,0,2,2,0,1.0,0.0,1,0.96108,0.96108,0.0,1.0,0.0,0.0,240.4,4757.205187611282,4997.6051876112815,4757.6051876112815
tabular-playground-series-dec-2021__934ac2235cf749c9ae20875daeb13fda,cards_senior_0807.jsonl:23,tabular-playground-series-dec-2021,hard,random_gate,2,0,2,2,0,1.0,0.0,1,0.96108,0.96108,0.0,1.0,0.0,0.0,240.4,4757.205187611282,4997.6051876112815,4757.6051876112815
tabular-playground-series-dec-2021__934ac2235cf749c9ae20875daeb13fda,cards_senior_0807.jsonl:23,tabular-playground-series-dec-2021,hard,tfidf_gate,2,0,2,2,0,1.0,0.0,1,0.96108,0.96108,0.0,1.0,0.0,0.0,240.4,4757.205187611282,4997.6051876112815,4757.6051876112815
tabular-playground-series-dec-2021__934ac2235cf749c9ae20875daeb13fda,cards_senior_0807.jsonl:23,tabular-playground-series-dec-2021,hard,majority3_gate,2,0,2,2,0,1.0,0.0,1,0.96108,0.96108,0.0,1.0,0.0,0.0,240.4,4757.205187611282,4997.6051876112815,4757.6051876112815
tabular-playground-series-dec-2021__934ac2235cf749c9ae20875daeb13fda,cards_senior_0807.jsonl:23,tabular-playground-series-dec-2021,hard,unanimous3_gate,2,0,2,2,0,1.0,0.0,1,0.96108,0.96108,0.0,1.0,0.0,0.0,240.4,4757.205187611282,4997.6051876112815,4757.6051876112815
tabular-playground-series-dec-2021__934ac2235cf749c9ae20875daeb13fda,cards_senior_0807.jsonl:23,tabular-playground-series-dec-2021,hard,top1_random,2,0,2,1,1,0.0,0.000540000000000096,1,0.96054,0.96108,-0.000540000000000096,0.0,0.0,1.0,240.4,4757.205187611282,3737.862146088481,3617.862146088481
tabular-playground-series-dec-2021__934ac2235cf749c9ae20875daeb13fda,cards_senior_0807.jsonl:23,tabular-playground-series-dec-2021,hard,top1_tfidf,2,0,2,1,1,1.0,0.0,1,0.96108,0.96108,0.0,1.0,0.0,0.0,240.4,4757.205187611282,1500.143041522801,1380.143041522801
tabular-playground-series-dec-2021__934ac2235cf749c9ae20875daeb13fda,cards_senior_0807.jsonl:23,tabular-playground-series-dec-2021,hard,top1_majority3,2,0,2,1,1,0.0,0.000540000000000096,1,0.96054,0.96108,-0.000540000000000096,0.0,0.0,1.0,240.4,4757.205187611282,3737.862146088481,3617.862146088481
tabular-playground-series-dec-2021__934ac2235cf749c9ae20875daeb13fda,cards_senior_0807.jsonl:23,tabular-playground-series-dec-2021,hard,top1_stdout,2,0,2,1,1,0.0,0.000540000000000096,1,0.96054,0.96108,-0.000540000000000096,0.0,0.0,1.0,240.4,4757.205187611282,3737.862146088481,3617.862146088481
tabular-playground-series-dec-2021__934ac2235cf749c9ae20875daeb13fda,cards_senior_0807.jsonl:23,tabular-playground-series-dec-2021,hard,top1_progress,2,0,2,1,1,0.0,0.000540000000000096,1,0.96054,0.96108,-0.000540000000000096,0.0,0.0,1.0,240.4,4757.205187611282,3737.862146088481,3617.862146088481
tabular-playground-series-dec-2021__934ac2235cf749c9ae20875daeb13fda,cards_senior_0807.jsonl:23,tabular-playground-series-dec-2021,hard,top1_stdout_tfidf,2,0,2,1,1,0.0,0.000540000000000096,1,0.96054,0.96108,-0.000540000000000096,0.0,0.0,1.0,240.4,4757.205187611282,3737.862146088481,3617.862146088481
tabular-playground-series-dec-2021__934ac2235cf749c9ae20875daeb13fda,cards_senior_0807.jsonl:23,tabular-playground-series-dec-2021,hard,top1_oracle,2,0,2,1,1,1.0,0.0,1,0.96108,0.96108,0.0,1.0,0.0,0.0,240.4,4757.205187611282,1500.143041522801,1380.143041522801
tabular-playground-series-dec-2021__934ac2235cf749c9ae20875daeb13fda,cards_senior_0807.jsonl:23,tabular-playground-series-dec-2021,hard,top2_random,2,0,2,2,0,1.0,0.0,1,0.96108,0.96108,0.0,1.0,0.0,0.0,240.4,4757.205187611282,4997.6051876112815,4757.6051876112815
tabular-playground-series-dec-2021__934ac2235cf749c9ae20875daeb13fda,cards_senior_0807.jsonl:23,tabular-playground-series-dec-2021,hard,top2_tfidf,2,0,2,2,0,1.0,0.0,1,0.96108,0.96108,0.0,1.0,0.0,0.0,240.4,4757.205187611282,4997.6051876112815,4757.6051876112815
tabular-playground-series-dec-2021__934ac2235cf749c9ae20875daeb13fda,cards_senior_0807.jsonl:23,tabular-playground-series-dec-2021,hard,top2_oracle,2,0,2,2,0,1.0,0.0,1,0.96108,0.96108,0.0,1.0,0.0,0.0,240.4,4757.205187611282,4997.6051876112815,4757.6051876112815
tabular-playground-series-dec-2021__934ac2235cf749c9ae20875daeb13fda,cards_senior_0807.jsonl:23,tabular-playground-series-dec-2021,hard,oracle_gate,2,0,2,2,0,1.0,0.0,1,0.96108,0.96108,0.0,1.0,0.0,0.0,240.4,4757.205187611282,4997.6051876112815,4757.6051876112815
tabular-playground-series-dec-2021__934ac2235cf749c9ae20875daeb13fda,cards_senior_0807.jsonl:23,tabular-playground-series-dec-2021,hard,full_external,2,0,2,2,0,1.0,0.0,1,0.96108,0.96108,0.0,1.0,0.0,0.0,240.4,4757.205187611282,4757.205187611282,4757.205187611282
tabular-playground-series-dec-2021__b98b7d0f93774f13b332311ed76e2037,cards_senior_0807.jsonl:22,tabular-playground-series-dec-2021,hard,artifact_only,2,0,2,0,2,0.5,0.00010500000000002174,0,nan,0.96166,nan,0.0,0.0,1.0,240.2,2004.5231419699267,240.2,240.2
tabular-playground-series-dec-2021__b98b7d0f93774f13b332311ed76e2037,cards_senior_0807.jsonl:22,tabular-playground-series-dec-2021,hard,all_escalate,2,0,2,2,0,1.0,0.0,1,0.96166,0.96166,0.0,1.0,0.0,0.0,240.2,2004.5231419699267,2244.7231419699265,2004.7231419699267
tabular-playground-series-dec-2021__b98b7d0f93774f13b332311ed76e2037,cards_senior_0807.jsonl:22,tabular-playground-series-dec-2021,hard,random_gate,2,0,2,2,0,1.0,0.0,1,0.96166,0.96166,0.0,1.0,0.0,0.0,240.2,2004.5231419699267,2244.7231419699265,2004.7231419699267
tabular-playground-series-dec-2021__b98b7d0f93774f13b332311ed76e2037,cards_senior_0807.jsonl:22,tabular-playground-series-dec-2021,hard,tfidf_gate,2,0,2,2,0,1.0,0.0,1,0.96166,0.96166,0.0,1.0,0.0,0.0,240.2,2004.5231419699267,2244.7231419699265,2004.7231419699267
tabular-playground-series-dec-2021__b98b7d0f93774f13b332311ed76e2037,cards_senior_0807.jsonl:22,tabular-playground-series-dec-2021,hard,majority3_gate,2,0,2,2,0,1.0,0.0,1,0.96166,0.96166,0.0,1.0,0.0,0.0,240.2,2004.5231419699267,2244.7231419699265,2004.7231419699267
tabular-playground-series-dec-2021__b98b7d0f93774f13b332311ed76e2037,cards_senior_0807.jsonl:22,tabular-playground-series-dec-2021,hard,unanimous3_gate,2,0,2,2,0,1.0,0.0,1,0.96166,0.96166,0.0,1.0,0.0,0.0,240.2,2004.5231419699267,2244.7231419699265,2004.7231419699267
tabular-playground-series-dec-2021__b98b7d0f93774f13b332311ed76e2037,cards_senior_0807.jsonl:22,tabular-playground-series-dec-2021,hard,top1_random,2,0,2,1,1,0.0,0.00020999999999993246,1,0.96145,0.96166,-0.00020999999999993246,0.0,0.0,1.0,240.2,2004.5231419699267,986.7774944564328,866.7774944564328
tabular-playground-series-dec-2021__b98b7d0f93774f13b332311ed76e2037,cards_senior_0807.jsonl:22,tabular-playground-series-dec-2021,hard,top1_tfidf,2,0,2,1,1,1.0,0.0,1,0.96166,0.96166,0.0,1.0,0.0,0.0,240.2,2004.5231419699267,1498.145647513494,1378.145647513494
tabular-playground-series-dec-2021__b98b7d0f93774f13b332311ed76e2037,cards_senior_0807.jsonl:22,tabular-playground-series-dec-2021,hard,top1_majority3,2,0,2,1,1,1.0,0.0,1,0.96166,0.96166,0.0,1.0,0.0,0.0,240.2,2004.5231419699267,1498.145647513494,1378.145647513494
tabular-playground-series-dec-2021__b98b7d0f93774f13b332311ed76e2037,cards_senior_0807.jsonl:22,tabular-playground-series-dec-2021,hard,top1_stdout,2,0,2,1,1,1.0,0.0,1,0.96166,0.96166,0.0,1.0,0.0,0.0,240.2,2004.5231419699267,1498.145647513494,1378.145647513494
tabular-playground-series-dec-2021__b98b7d0f93774f13b332311ed76e2037,cards_senior_0807.jsonl:22,tabular-playground-series-dec-2021,hard,top1_progress,2,0,2,1,1,1.0,0.0,1,0.96166,0.96166,0.0,1.0,0.0,0.0,240.2,2004.5231419699267,1498.145647513494,1378.145647513494
tabular-playground-series-dec-2021__b98b7d0f93774f13b332311ed76e2037,cards_senior_0807.jsonl:22,tabular-playground-series-dec-2021,hard,top1_stdout_tfidf,2,0,2,1,1,1.0,0.0,1,0.96166,0.96166,0.0,1.0,0.0,0.0,240.2,2004.5231419699267,1498.145647513494,1378.145647513494
tabular-playground-series-dec-2021__b98b7d0f93774f13b332311ed76e2037,cards_senior_0807.jsonl:22,tabular-playground-series-dec-2021,hard,top1_oracle,2,0,2,1,1,1.0,0.0,1,0.96166,0.96166,0.0,1.0,0.0,0.0,240.2,2004.5231419699267,1498.145647513494,1378.145647513494
tabular-playground-series-dec-2021__b98b7d0f93774f13b332311ed76e2037,cards_senior_0807.jsonl:22,tabular-playground-series-dec-2021,hard,top2_random,2,0,2,2,0,1.0,0.0,1,0.96166,0.96166,0.0,1.0,0.0,0.0,240.2,2004.5231419699267,2244.7231419699265,2004.7231419699267
tabular-playground-series-dec-2021__b98b7d0f93774f13b332311ed76e2037,cards_senior_0807.jsonl:22,tabular-playground-series-dec-2021,hard,top2_tfidf,2,0,2,2,0,1.0,0.0,1,0.96166,0.96166,0.0,1.0,0.0,0.0,240.2,2004.5231419699267,2244.7231419699265,2004.7231419699267
tabular-playground-series-dec-2021__b98b7d0f93774f13b332311ed76e2037,cards_senior_0807.jsonl:22,tabular-playground-series-dec-2021,hard,top2_oracle,2,0,2,2,0,1.0,0.0,1,0.96166,0.96166,0.0,1.0,0.0,0.0,240.2,2004.5231419699267,2244.7231419699265,2004.7231419699267
tabular-playground-series-dec-2021__b98b7d0f93774f13b332311ed76e2037,cards_senior_0807.jsonl:22,tabular-playground-series-dec-2021,hard,oracle_gate,2,0,2,2,0,1.0,0.0,1,0.96166,0.96166,0.0,1.0,0.0,0.0,240.2,2004.5231419699267,2244.7231419699265,2004.7231419699267
tabular-playground-series-dec-2021__b98b7d0f93774f13b332311ed76e2037,cards_senior_0807.jsonl:22,tabular-playground-series-dec-2021,hard,full_external,2,0,2,2,0,1.0,0.0,1,0.96166,0.96166,0.0,1.0,0.0,0.0,240.2,2004.5231419699267,2004.5231419699267,2004.5231419699267
tabular-playground-series-may-2022__0ec0c9ffdc0948a4927dab3efcc5eee7,cards_senior_0801.jsonl:29,tabular-playground-series-may-2022,hard,artifact_only,4,0,4,0,4,0.25,0.0020900000000000363,0,nan,0.99355,nan,0.0,0.0,1.0,480.6,16601.961495392956,480.6,480.6
tabular-playground-series-may-2022__0ec0c9ffdc0948a4927dab3efcc5eee7,cards_senior_0801.jsonl:29,tabular-playground-series-may-2022,hard,all_escalate,4,0,4,4,0,1.0,0.0,1,0.99355,0.99355,0.0,1.0,0.0,0.0,480.6,16601.961495392956,17082.561495392954,16602.561495392954
tabular-playground-series-may-2022__0ec0c9ffdc0948a4927dab3efcc5eee7,cards_senior_0801.jsonl:29,tabular-playground-series-may-2022,hard,random_gate,4,0,4,4,0,1.0,0.0,1,0.99355,0.99355,0.0,1.0,0.0,0.0,480.6,16601.961495392956,17082.561495392954,16602.561495392954
tabular-playground-series-may-2022__0ec0c9ffdc0948a4927dab3efcc5eee7,cards_senior_0801.jsonl:29,tabular-playground-series-may-2022,hard,tfidf_gate,4,0,4,4,0,1.0,0.0,1,0.99355,0.99355,0.0,1.0,0.0,0.0,480.6,16601.961495392956,17082.561495392954,16602.561495392954
tabular-playground-series-may-2022__0ec0c9ffdc0948a4927dab3efcc5eee7,cards_senior_0801.jsonl:29,tabular-playground-series-may-2022,hard,majority3_gate,4,0,4,4,0,1.0,0.0,1,0.99355,0.99355,0.0,1.0,0.0,0.0,480.6,16601.961495392956,17082.561495392954,16602.561495392954
tabular-playground-series-may-2022__0ec0c9ffdc0948a4927dab3efcc5eee7,cards_senior_0801.jsonl:29,tabular-playground-series-may-2022,hard,unanimous3_gate,4,0,4,4,0,1.0,0.0,1,0.99355,0.99355,0.0,1.0,0.0,0.0,480.6,16601.961495392956,17082.561495392954,16602.561495392954
tabular-playground-series-may-2022__0ec0c9ffdc0948a4927dab3efcc5eee7,cards_senior_0801.jsonl:29,tabular-playground-series-may-2022,hard,top1_random,4,0,4,1,3,0.0,0.00391000000000008,1,0.98964,0.99355,-0.00391000000000008,0.0,0.0,1.0,480.6,16601.961495392956,8416.350172865112,8296.350172865112
tabular-playground-series-may-2022__0ec0c9ffdc0948a4927dab3efcc5eee7,cards_senior_0801.jsonl:29,tabular-playground-series-may-2022,hard,top1_tfidf,4,0,4,1,3,1.0,0.0,1,0.99355,0.99355,0.0,1.0,0.0,0.0,480.6,16601.961495392956,4436.245819706843,4316.245819706843
tabular-playground-series-may-2022__0ec0c9ffdc0948a4927dab3efcc5eee7,cards_senior_0801.jsonl:29,tabular-playground-series-may-2022,hard,top1_majority3,4,0,4,1,3,1.0,0.0,1,0.99355,0.99355,0.0,1.0,0.0,0.0,480.6,16601.961495392956,4436.245819706843,4316.245819706843
tabular-playground-series-may-2022__0ec0c9ffdc0948a4927dab3efcc5eee7,cards_senior_0801.jsonl:29,tabular-playground-series-may-2022,hard,top1_stdout,4,0,4,1,3,0.0,0.00391000000000008,1,0.98964,0.99355,-0.00391000000000008,0.0,0.0,1.0,480.6,16601.961495392956,8416.350172865112,8296.350172865112
tabular-playground-series-may-2022__0ec0c9ffdc0948a4927dab3efcc5eee7,cards_senior_0801.jsonl:29,tabular-playground-series-may-2022,hard,top1_progress,4,0,4,1,3,0.0,0.003430000000000044,1,0.99012,0.99355,-0.003430000000000044,0.0,0.0,1.0,480.6,16601.961495392956,2074.890049977135,1954.8900499771348
tabular-playground-series-may-2022__0ec0c9ffdc0948a4927dab3efcc5eee7,cards_senior_0801.jsonl:29,tabular-playground-series-may-2022,hard,top1_stdout_tfidf,4,0,4,1,3,0.0,0.00391000000000008,1,0.98964,0.99355,-0.00391000000000008,0.0,0.0,1.0,480.6,16601.961495392956,8416.350172865112,8296.350172865112
tabular-playground-series-may-2022__0ec0c9ffdc0948a4927dab3efcc5eee7,cards_senior_0801.jsonl:29,tabular-playground-series-may-2022,hard,top1_oracle,4,0,4,1,3,1.0,0.0,1,0.99355,0.99355,0.0,1.0,0.0,0.0,480.6,16601.961495392956,4436.245819706843,4316.245819706843
tabular-playground-series-may-2022__0ec0c9ffdc0948a4927dab3efcc5eee7,cards_senior_0801.jsonl:29,tabular-playground-series-may-2022,hard,top2_random,4,0,4,2,2,0.0,0.003430000000000044,1,0.99012,0.99355,-0.003430000000000044,0.0,0.0,1.0,480.6,16601.961495392956,10010.640222842247,9770.640222842247
tabular-playground-series-may-2022__0ec0c9ffdc0948a4927dab3efcc5eee7,cards_senior_0801.jsonl:29,tabular-playground-series-may-2022,hard,top2_tfidf,4,0,4,2,2,1.0,0.0,1,0.99355,0.99355,0.0,1.0,0.0,0.0,480.6,16601.961495392956,7552.52127255071,7312.52127255071
tabular-playground-series-may-2022__0ec0c9ffdc0948a4927dab3efcc5eee7,cards_senior_0801.jsonl:29,tabular-playground-series-may-2022,hard,top2_oracle,4,0,4,2,2,1.0,0.0,1,0.99355,0.99355,0.0,1.0,0.0,0.0,480.6,16601.961495392956,7552.52127255071,7312.52127255071
tabular-playground-series-may-2022__0ec0c9ffdc0948a4927dab3efcc5eee7,cards_senior_0801.jsonl:29,tabular-playground-series-may-2022,hard,oracle_gate,4,0,4,4,0,1.0,0.0,1,0.99355,0.99355,0.0,1.0,0.0,0.0,480.6,16601.961495392956,17082.561495392954,16602.561495392954
tabular-playground-series-may-2022__0ec0c9ffdc0948a4927dab3efcc5eee7,cards_senior_0801.jsonl:29,tabular-playground-series-may-2022,hard,full_external,4,0,4,4,0,1.0,0.0,1,0.99355,0.99355,0.0,1.0,0.0,0.0,480.6,16601.961495392956,16601.961495392956,16601.961495392956
tabular-playground-series-may-2022__44d0e7b5df4842d99e17e0759da5bc3f,cards_senior_0801.jsonl:29,tabular-playground-series-may-2022,hard,artifact_only,4,0,4,0,4,0.25,0.008732500000000032,0,nan,0.9883,nan,0.0,0.0,1.0,480.4,23674.933390071616,480.4,480.4
tabular-playground-series-may-2022__44d0e7b5df4842d99e17e0759da5bc3f,cards_senior_0801.jsonl:29,tabular-playground-series-may-2022,hard,all_escalate,4,0,4,4,0,1.0,0.0,1,0.9883,0.9883,0.0,1.0,0.0,0.0,480.4,23674.933390071616,24155.333390071617,23675.333390071617
tabular-playground-series-may-2022__44d0e7b5df4842d99e17e0759da5bc3f,cards_senior_0801.jsonl:29,tabular-playground-series-may-2022,hard,random_gate,4,0,4,4,0,1.0,0.0,1,0.9883,0.9883,0.0,1.0,0.0,0.0,480.4,23674.933390071616,24155.333390071617,23675.333390071617
tabular-playground-series-may-2022__44d0e7b5df4842d99e17e0759da5bc3f,cards_senior_0801.jsonl:29,tabular-playground-series-may-2022,hard,tfidf_gate,4,0,4,4,0,1.0,0.0,1,0.9883,0.9883,0.0,1.0,0.0,0.0,480.4,23674.933390071616,24155.333390071617,23675.333390071617
tabular-playground-series-may-2022__44d0e7b5df4842d99e17e0759da5bc3f,cards_senior_0801.jsonl:29,tabular-playground-series-may-2022,hard,majority3_gate,4,0,4,4,0,1.0,0.0,1,0.9883,0.9883,0.0,1.0,0.0,0.0,480.4,23674.933390071616,24155.333390071617,23675.333390071617
tabular-playground-series-may-2022__44d0e7b5df4842d99e17e0759da5bc3f,cards_senior_0801.jsonl:29,tabular-playground-series-may-2022,hard,unanimous3_gate,4,0,4,4,0,1.0,0.0,1,0.9883,0.9883,0.0,1.0,0.0,0.0,480.4,23674.933390071616,24155.333390071617,23675.333390071617
tabular-playground-series-may-2022__44d0e7b5df4842d99e17e0759da5bc3f,cards_senior_0801.jsonl:29,tabular-playground-series-may-2022,hard,top1_random,4,0,4,1,3,0.0,0.015759999999999996,1,0.97254,0.9883,-0.015759999999999996,0.0,0.0,1.0,480.4,23674.933390071616,11967.958484605979,11847.958484605979
tabular-playground-series-may-2022__44d0e7b5df4842d99e17e0759da5bc3f,cards_senior_0801.jsonl:29,tabular-playground-series-may-2022,hard,top1_tfidf,4,0,4,1,3,0.0,0.00761999999999996,1,0.98068,0.9883,-0.00761999999999996,0.0,0.0,1.0,480.4,23674.933390071616,2765.6295379810967,2645.6295379810967
tabular-playground-series-may-2022__44d0e7b5df4842d99e17e0759da5bc3f,cards_senior_0801.jsonl:29,tabular-playground-series-may-2022,hard,top1_majority3,4,0,4,1,3,0.0,0.00761999999999996,1,0.98068,0.9883,-0.00761999999999996,0.0,0.0,1.0,480.4,23674.933390071616,2765.6295379810967,2645.6295379810967
tabular-playground-series-may-2022__44d0e7b5df4842d99e17e0759da5bc3f,cards_senior_0801.jsonl:29,tabular-playground-series-may-2022,hard,top1_stdout,4,0,4,1,3,0.0,0.015759999999999996,1,0.97254,0.9883,-0.015759999999999996,0.0,0.0,1.0,480.4,23674.933390071616,11967.958484605979,11847.958484605979
tabular-playground-series-may-2022__44d0e7b5df4842d99e17e0759da5bc3f,cards_senior_0801.jsonl:29,tabular-playground-series-may-2022,hard,top1_progress,4,0,4,1,3,1.0,0.0,1,0.9883,0.9883,0.0,1.0,0.0,0.0,480.4,23674.933390071616,3359.0067512729206,3239.0067512729206
tabular-playground-series-may-2022__44d0e7b5df4842d99e17e0759da5bc3f,cards_senior_0801.jsonl:29,tabular-playground-series-may-2022,hard,top1_stdout_tfidf,4,0,4,1,3,0.0,0.015759999999999996,1,0.97254,0.9883,-0.015759999999999996,0.0,0.0,1.0,480.4,23674.933390071616,11967.958484605979,11847.958484605979
tabular-playground-series-may-2022__44d0e7b5df4842d99e17e0759da5bc3f,cards_senior_0801.jsonl:29,tabular-playground-series-may-2022,hard,top1_oracle,4,0,4,1,3,1.0,0.0,1,0.9883,0.9883,0.0,1.0,0.0,0.0,480.4,23674.933390071616,3359.0067512729206,3239.0067512729206
tabular-playground-series-may-2022__44d0e7b5df4842d99e17e0759da5bc3f,cards_senior_0801.jsonl:29,tabular-playground-series-may-2022,hard,top2_random,4,0,4,2,2,1.0,0.0,1,0.9883,0.9883,0.0,1.0,0.0,0.0,480.4,23674.933390071616,14846.5652358789,14606.5652358789
tabular-playground-series-may-2022__44d0e7b5df4842d99e17e0759da5bc3f,cards_senior_0801.jsonl:29,tabular-playground-series-may-2022,hard,top2_tfidf,4,0,4,2,2,1.0,0.0,1,0.9883,0.9883,0.0,1.0,0.0,0.0,480.4,23674.933390071616,5644.236289254017,5404.236289254017
tabular-playground-series-may-2022__44d0e7b5df4842d99e17e0759da5bc3f,cards_senior_0801.jsonl:29,tabular-playground-series-may-2022,hard,top2_oracle,4,0,4,2,2,1.0,0.0,1,0.9883,0.9883,0.0,1.0,0.0,0.0,480.4,23674.933390071616,5644.236289254017,5404.236289254017
tabular-playground-series-may-2022__44d0e7b5df4842d99e17e0759da5bc3f,cards_senior_0801.jsonl:29,tabular-playground-series-may-2022,hard,oracle_gate,4,0,4,4,0,1.0,0.0,1,0.9883,0.9883,0.0,1.0,0.0,0.0,480.4,23674.933390071616,24155.333390071617,23675.333390071617
tabular-playground-series-may-2022__44d0e7b5df4842d99e17e0759da5bc3f,cards_senior_0801.jsonl:29,tabular-playground-series-may-2022,hard,full_external,4,0,4,4,0,1.0,0.0,1,0.9883,0.9883,0.0,1.0,0.0,0.0,480.4,23674.933390071616,23674.933390071616,23674.933390071616
tabular-playground-series-may-2022__48951967df204997aee3aa2e62532b3c,cards_ours_20260727.jsonl:140,tabular-playground-series-may-2022,easy,artifact_only,2,0,2,0,2,0.5,0.06340500000000004,0,nan,0.93908,nan,0.0,0.0,1.0,240.0,1066.0304493904114,240.0,240.0
tabular-playground-series-may-2022__48951967df204997aee3aa2e62532b3c,cards_ours_20260727.jsonl:140,tabular-playground-series-may-2022,easy,all_escalate,2,0,2,2,0,1.0,0.0,1,0.93908,0.93908,0.0,1.0,0.0,0.0,240.0,1066.0304493904114,1306.0304493904114,1066.0304493904114
tabular-playground-series-may-2022__48951967df204997aee3aa2e62532b3c,cards_ours_20260727.jsonl:140,tabular-playground-series-may-2022,easy,random_gate,2,0,2,2,0,1.0,0.0,1,0.93908,0.93908,0.0,1.0,0.0,0.0,240.0,1066.0304493904114,1306.0304493904114,1066.0304493904114
tabular-playground-series-may-2022__48951967df204997aee3aa2e62532b3c,cards_ours_20260727.jsonl:140,tabular-playground-series-may-2022,easy,tfidf_gate,2,0,2,2,0,1.0,0.0,1,0.93908,0.93908,0.0,1.0,0.0,0.0,240.0,1066.0304493904114,1306.0304493904114,1066.0304493904114
tabular-playground-series-may-2022__48951967df204997aee3aa2e62532b3c,cards_ours_20260727.jsonl:140,tabular-playground-series-may-2022,easy,majority3_gate,2,0,2,2,0,1.0,0.0,1,0.93908,0.93908,0.0,1.0,0.0,0.0,240.0,1066.0304493904114,1306.0304493904114,1066.0304493904114
tabular-playground-series-may-2022__48951967df204997aee3aa2e62532b3c,cards_ours_20260727.jsonl:140,tabular-playground-series-may-2022,easy,unanimous3_gate,2,0,2,2,0,1.0,0.0,1,0.93908,0.93908,0.0,1.0,0.0,0.0,240.0,1066.0304493904114,1306.0304493904114,1066.0304493904114
tabular-playground-series-may-2022__48951967df204997aee3aa2e62532b3c,cards_ours_20260727.jsonl:140,tabular-playground-series-may-2022,easy,top1_random,2,0,2,1,1,0.0,0.12680999999999998,1,0.81227,0.93908,-0.12680999999999998,0.0,0.0,1.0,240.0,1066.0304493904114,675.8700823783875,555.8700823783875
tabular-playground-series-may-2022__48951967df204997aee3aa2e62532b3c,cards_ours_20260727.jsonl:140,tabular-playground-series-may-2022,easy,top1_tfidf,2,0,2,1,1,1.0,0.0,1,0.93908,0.93908,0.0,1.0,0.0,0.0,240.0,1066.0304493904114,870.1603670120239,750.1603670120239
tabular-playground-series-may-2022__48951967df204997aee3aa2e62532b3c,cards_ours_20260727.jsonl:140,tabular-playground-series-may-2022,easy,top1_majority3,2,0,2,1,1,0.0,0.12680999999999998,1,0.81227,0.93908,-0.12680999999999998,0.0,0.0,1.0,240.0,1066.0304493904114,675.8700823783875,555.8700823783875
tabular-playground-series-may-2022__48951967df204997aee3aa2e62532b3c,cards_ours_20260727.jsonl:140,tabular-playground-series-may-2022,easy,top1_stdout,2,0,2,1,1,1.0,0.0,1,0.93908,0.93908,0.0,1.0,0.0,0.0,240.0,1066.0304493904114,870.1603670120239,750.1603670120239
tabular-playground-series-may-2022__48951967df204997aee3aa2e62532b3c,cards_ours_20260727.jsonl:140,tabular-playground-series-may-2022,easy,top1_progress,2,0,2,1,1,1.0,0.0,1,0.93908,0.93908,0.0,1.0,0.0,0.0,240.0,1066.0304493904114,870.1603670120239,750.1603670120239
tabular-playground-series-may-2022__48951967df204997aee3aa2e62532b3c,cards_ours_20260727.jsonl:140,tabular-playground-series-may-2022,easy,top1_stdout_tfidf,2,0,2,1,1,1.0,0.0,1,0.93908,0.93908,0.0,1.0,0.0,0.0,240.0,1066.0304493904114,870.1603670120239,750.1603670120239
tabular-playground-series-may-2022__48951967df204997aee3aa2e62532b3c,cards_ours_20260727.jsonl:140,tabular-playground-series-may-2022,easy,top1_oracle,2,0,2,1,1,1.0,0.0,1,0.93908,0.93908,0.0,1.0,0.0,0.0,240.0,1066.0304493904114,870.1603670120239,750.1603670120239
tabular-playground-series-may-2022__48951967df204997aee3aa2e62532b3c,cards_ours_20260727.jsonl:140,tabular-playground-series-may-2022,easy,top2_random,2,0,2,2,0,1.0,0.0,1,0.93908,0.93908,0.0,1.0,0.0,0.0,240.0,1066.0304493904114,1306.0304493904114,1066.0304493904114
tabular-playground-series-may-2022__48951967df204997aee3aa2e62532b3c,cards_ours_20260727.jsonl:140,tabular-playground-series-may-2022,easy,top2_tfidf,2,0,2,2,0,1.0,0.0,1,0.93908,0.93908,0.0,1.0,0.0,0.0,240.0,1066.0304493904114,1306.0304493904114,1066.0304493904114
tabular-playground-series-may-2022__48951967df204997aee3aa2e62532b3c,cards_ours_20260727.jsonl:140,tabular-playground-series-may-2022,easy,top2_oracle,2,0,2,2,0,1.0,0.0,1,0.93908,0.93908,0.0,1.0,0.0,0.0,240.0,1066.0304493904114,1306.0304493904114,1066.0304493904114
tabular-playground-series-may-2022__48951967df204997aee3aa2e62532b3c,cards_ours_20260727.jsonl:140,tabular-playground-series-may-2022,easy,oracle_gate,2,0,2,2,0,1.0,0.0,1,0.93908,0.93908,0.0,1.0,0.0,0.0,240.0,1066.0304493904114,1306.0304493904114,1066.0304493904114
tabular-playground-series-may-2022__48951967df204997aee3aa2e62532b3c,cards_ours_20260727.jsonl:140,tabular-playground-series-may-2022,easy,full_external,2,0,2,2,0,1.0,0.0,1,0.93908,0.93908,0.0,1.0,0.0,0.0,240.0,1066.0304493904114,1066.0304493904114,1066.0304493904114
tabular-playground-series-may-2022__818630c414c14ef7b27c045544f284b9,cards_ours_20260727.jsonl:114,tabular-playground-series-may-2022,easy,artifact_only,3,0,3,0,3,0.3333333333333333,0.08688000000000007,0,nan,0.93874,nan,0.0,0.0,1.0,360.2,2233.641887664795,360.2,360.2
tabular-playground-series-may-2022__818630c414c14ef7b27c045544f284b9,cards_ours_20260727.jsonl:114,tabular-playground-series-may-2022,easy,all_escalate,3,0,3,3,0,1.0,0.0,1,0.93874,0.93874,0.0,1.0,0.0,0.0,360.2,2233.641887664795,2593.8418876647947,2233.8418876647947
tabular-playground-series-may-2022__818630c414c14ef7b27c045544f284b9,cards_ours_20260727.jsonl:114,tabular-playground-series-may-2022,easy,random_gate,3,0,3,3,0,1.0,0.0,1,0.93874,0.93874,0.0,1.0,0.0,0.0,360.2,2233.641887664795,2593.8418876647947,2233.8418876647947
tabular-playground-series-may-2022__818630c414c14ef7b27c045544f284b9,cards_ours_20260727.jsonl:114,tabular-playground-series-may-2022,easy,tfidf_gate,3,0,3,3,0,1.0,0.0,1,0.93874,0.93874,0.0,1.0,0.0,0.0,360.2,2233.641887664795,2593.8418876647947,2233.8418876647947
tabular-playground-series-may-2022__818630c414c14ef7b27c045544f284b9,cards_ours_20260727.jsonl:114,tabular-playground-series-may-2022,easy,majority3_gate,3,0,3,3,0,1.0,0.0,1,0.93874,0.93874,0.0,1.0,0.0,0.0,360.2,2233.641887664795,2593.8418876647947,2233.8418876647947
tabular-playground-series-may-2022__818630c414c14ef7b27c045544f284b9,cards_ours_20260727.jsonl:114,tabular-playground-series-may-2022,easy,unanimous3_gate,3,0,3,3,0,1.0,0.0,1,0.93874,0.93874,0.0,1.0,0.0,0.0,360.2,2233.641887664795,2593.8418876647947,2233.8418876647947
tabular-playground-series-may-2022__818630c414c14ef7b27c045544f284b9,cards_ours_20260727.jsonl:114,tabular-playground-series-may-2022,easy,top1_random,3,0,3,1,2,0.0,0.13602000000000003,1,0.80272,0.93874,-0.13602000000000003,0.0,0.0,1.0,360.2,2233.641887664795,695.5766431808472,575.5766431808472
tabular-playground-series-may-2022__818630c414c14ef7b27c045544f284b9,cards_ours_20260727.jsonl:114,tabular-playground-series-may-2022,easy,top1_tfidf,3,0,3,1,2,0.0,0.13602000000000003,1,0.80272,0.93874,-0.13602000000000003,0.0,0.0,1.0,360.2,2233.641887664795,695.5766431808472,575.5766431808472
tabular-playground-series-may-2022__818630c414c14ef7b27c045544f284b9,cards_ours_20260727.jsonl:114,tabular-playground-series-may-2022,easy,top1_majority3,3,0,3,1,2,0.0,0.13602000000000003,1,0.80272,0.93874,-0.13602000000000003,0.0,0.0,1.0,360.2,2233.641887664795,695.5766431808472,575.5766431808472
tabular-playground-series-may-2022__818630c414c14ef7b27c045544f284b9,cards_ours_20260727.jsonl:114,tabular-playground-series-may-2022,easy,top1_stdout,3,0,3,1,2,0.0,0.12462000000000006,1,0.81412,0.93874,-0.12462000000000006,0.0,0.0,1.0,360.2,2233.641887664795,822.099195432663,702.099195432663
tabular-playground-series-may-2022__818630c414c14ef7b27c045544f284b9,cards_ours_20260727.jsonl:114,tabular-playground-series-may-2022,easy,top1_progress,3,0,3,1,2,0.0,0.13602000000000003,1,0.80272,0.93874,-0.13602000000000003,0.0,0.0,1.0,360.2,2233.641887664795,695.5766431808472,575.5766431808472
tabular-playground-series-may-2022__818630c414c14ef7b27c045544f284b9,cards_ours_20260727.jsonl:114,tabular-playground-series-may-2022,easy,top1_stdout_tfidf,3,0,3,1,2,0.0,0.12462000000000006,1,0.81412,0.93874,-0.12462000000000006,0.0,0.0,1.0,360.2,2233.641887664795,822.099195432663,702.099195432663
tabular-playground-series-may-2022__818630c414c14ef7b27c045544f284b9,cards_ours_20260727.jsonl:114,tabular-playground-series-may-2022,easy,top1_oracle,3,0,3,1,2,1.0,0.0,1,0.93874,0.93874,0.0,1.0,0.0,0.0,360.2,2233.641887664795,1796.5660490512848,1676.5660490512848
tabular-playground-series-may-2022__818630c414c14ef7b27c045544f284b9,cards_ours_20260727.jsonl:114,tabular-playground-series-may-2022,easy,top2_random,3,0,3,2,1,1.0,0.0,1,0.93874,0.93874,0.0,1.0,0.0,0.0,360.2,2233.641887664795,2131.942692232132,1891.942692232132
tabular-playground-series-may-2022__818630c414c14ef7b27c045544f284b9,cards_ours_20260727.jsonl:114,tabular-playground-series-may-2022,easy,top2_tfidf,3,0,3,2,1,1.0,0.0,1,0.93874,0.93874,0.0,1.0,0.0,0.0,360.2,2233.641887664795,2131.942692232132,1891.942692232132
tabular-playground-series-may-2022__818630c414c14ef7b27c045544f284b9,cards_ours_20260727.jsonl:114,tabular-playground-series-may-2022,easy,top2_oracle,3,0,3,2,1,1.0,0.0,1,0.93874,0.93874,0.0,1.0,0.0,0.0,360.2,2233.641887664795,2258.4652444839476,2018.4652444839478
tabular-playground-series-may-2022__818630c414c14ef7b27c045544f284b9,cards_ours_20260727.jsonl:114,tabular-playground-series-may-2022,easy,oracle_gate,3,0,3,3,0,1.0,0.0,1,0.93874,0.93874,0.0,1.0,0.0,0.0,360.2,2233.641887664795,2593.8418876647947,2233.8418876647947
tabular-playground-series-may-2022__818630c414c14ef7b27c045544f284b9,cards_ours_20260727.jsonl:114,tabular-playground-series-may-2022,easy,full_external,3,0,3,3,0,1.0,0.0,1,0.93874,0.93874,0.0,1.0,0.0,0.0,360.2,2233.641887664795,2233.641887664795,2233.641887664795
tabular-playground-series-may-2022__e8d65c593e2841dcbbf45a87e92889b7,cards_ours_20260727.jsonl:116,tabular-playground-series-may-2022,easy,artifact_only,3,0,3,0,3,0.3333333333333333,0.08999000000000001,0,nan,0.91591,nan,0.0,0.0,1.0,360.29999999999995,1815.9516160488129,360.29999999999995,360.29999999999995
tabular-playground-series-may-2022__e8d65c593e2841dcbbf45a87e92889b7,cards_ours_20260727.jsonl:116,tabular-playground-series-may-2022,easy,all_escalate,3,0,3,3,0,1.0,0.0,1,0.91591,0.91591,0.0,1.0,0.0,0.0,360.29999999999995,1815.9516160488129,2176.251616048813,1816.2516160488128
tabular-playground-series-may-2022__e8d65c593e2841dcbbf45a87e92889b7,cards_ours_20260727.jsonl:116,tabular-playground-series-may-2022,easy,random_gate,3,0,3,3,0,1.0,0.0,1,0.91591,0.91591,0.0,1.0,0.0,0.0,360.29999999999995,1815.9516160488129,2176.251616048813,1816.2516160488128
tabular-playground-series-may-2022__e8d65c593e2841dcbbf45a87e92889b7,cards_ours_20260727.jsonl:116,tabular-playground-series-may-2022,easy,tfidf_gate,3,0,3,3,0,1.0,0.0,1,0.91591,0.91591,0.0,1.0,0.0,0.0,360.29999999999995,1815.9516160488129,2176.251616048813,1816.2516160488128
tabular-playground-series-may-2022__e8d65c593e2841dcbbf45a87e92889b7,cards_ours_20260727.jsonl:116,tabular-playground-series-may-2022,easy,majority3_gate,3,0,3,3,0,1.0,0.0,1,0.91591,0.91591,0.0,1.0,0.0,0.0,360.29999999999995,1815.9516160488129,2176.251616048813,1816.2516160488128
tabular-playground-series-may-2022__e8d65c593e2841dcbbf45a87e92889b7,cards_ours_20260727.jsonl:116,tabular-playground-series-may-2022,easy,unanimous3_gate,3,0,3,3,0,1.0,0.0,1,0.91591,0.91591,0.0,1.0,0.0,0.0,360.29999999999995,1815.9516160488129,2176.251616048813,1816.2516160488128
tabular-playground-series-may-2022__e8d65c593e2841dcbbf45a87e92889b7,cards_ours_20260727.jsonl:116,tabular-playground-series-may-2022,easy,top1_random,3,0,3,1,2,0.0,0.13354999999999995,1,0.78236,0.91591,-0.13354999999999995,0.0,0.0,1.0,360.29999999999995,1815.9516160488129,1563.878369617462,1443.878369617462
tabular-playground-series-may-2022__e8d65c593e2841dcbbf45a87e92889b7,cards_ours_20260727.jsonl:116,tabular-playground-series-may-2022,easy,top1_tfidf,3,0,3,1,2,0.0,0.13354999999999995,1,0.78236,0.91591,-0.13354999999999995,0.0,0.0,1.0,360.29999999999995,1815.9516160488129,1563.878369617462,1443.878369617462
tabular-playground-series-may-2022__e8d65c593e2841dcbbf45a87e92889b7,cards_ours_20260727.jsonl:116,tabular-playground-series-may-2022,easy,top1_majority3,3,0,3,1,2,0.0,0.13354999999999995,1,0.78236,0.91591,-0.13354999999999995,0.0,0.0,1.0,360.29999999999995,1815.9516160488129,1563.878369617462,1443.878369617462
tabular-playground-series-may-2022__e8d65c593e2841dcbbf45a87e92889b7,cards_ours_20260727.jsonl:116,tabular-playground-series-may-2022,easy,top1_stdout,3,0,3,1,2,0.0,0.13354999999999995,1,0.78236,0.91591,-0.13354999999999995,0.0,0.0,1.0,360.29999999999995,1815.9516160488129,1563.878369617462,1443.878369617462
tabular-playground-series-may-2022__e8d65c593e2841dcbbf45a87e92889b7,cards_ours_20260727.jsonl:116,tabular-playground-series-may-2022,easy,top1_progress,3,0,3,1,2,0.0,0.13641999999999999,1,0.77949,0.91591,-0.13641999999999999,0.0,0.0,1.0,360.29999999999995,1815.9516160488129,640.580183315277,520.580183315277
tabular-playground-series-may-2022__e8d65c593e2841dcbbf45a87e92889b7,cards_ours_20260727.jsonl:116,tabular-playground-series-may-2022,easy,top1_stdout_tfidf,3,0,3,1,2,0.0,0.13354999999999995,1,0.78236,0.91591,-0.13354999999999995,0.0,0.0,1.0,360.29999999999995,1815.9516160488129,1563.878369617462,1443.878369617462
tabular-playground-series-may-2022__e8d65c593e2841dcbbf45a87e92889b7,cards_ours_20260727.jsonl:116,tabular-playground-series-may-2022,easy,top1_oracle,3,0,3,1,2,1.0,0.0,1,0.91591,0.91591,0.0,1.0,0.0,0.0,360.29999999999995,1815.9516160488129,692.3930631160736,572.3930631160736
tabular-playground-series-may-2022__e8d65c593e2841dcbbf45a87e92889b7,cards_ours_20260727.jsonl:116,tabular-playground-series-may-2022,easy,top2_random,3,0,3,2,1,0.0,0.13354999999999995,1,0.78236,0.91591,-0.13354999999999995,0.0,0.0,1.0,360.29999999999995,1815.9516160488129,1844.1585529327392,1604.1585529327392
tabular-playground-series-may-2022__e8d65c593e2841dcbbf45a87e92889b7,cards_ours_20260727.jsonl:116,tabular-playground-series-may-2022,easy,top2_tfidf,3,0,3,2,1,0.0,0.13354999999999995,1,0.78236,0.91591,-0.13354999999999995,0.0,0.0,1.0,360.29999999999995,1815.9516160488129,1844.1585529327392,1604.1585529327392
tabular-playground-series-may-2022__e8d65c593e2841dcbbf45a87e92889b7,cards_ours_20260727.jsonl:116,tabular-playground-series-may-2022,easy,top2_oracle,3,0,3,2,1,1.0,0.0,1,0.91591,0.91591,0.0,1.0,0.0,0.0,360.29999999999995,1815.9516160488129,1895.9714327335357,1655.9714327335357
tabular-playground-series-may-2022__e8d65c593e2841dcbbf45a87e92889b7,cards_ours_20260727.jsonl:116,tabular-playground-series-may-2022,easy,oracle_gate,3,0,3,3,0,1.0,0.0,1,0.91591,0.91591,0.0,1.0,0.0,0.0,360.29999999999995,1815.9516160488129,2176.251616048813,1816.2516160488128
tabular-playground-series-may-2022__e8d65c593e2841dcbbf45a87e92889b7,cards_ours_20260727.jsonl:116,tabular-playground-series-may-2022,easy,full_external,3,0,3,3,0,1.0,0.0,1,0.91591,0.91591,0.0,1.0,0.0,0.0,360.29999999999995,1815.9516160488129,1815.9516160488129,1815.9516160488129
tabular-playground-series-may-2022__f2f51b6cab304bd49ba7dc6ff2fe3fda,cards_ours_20260727.jsonl:133,tabular-playground-series-may-2022,hard,artifact_only,2,0,2,0,2,0.5,0.0006150000000000322,0,nan,0.81138,nan,0.0,0.0,1.0,240.3,1439.8594760894775,240.3,240.3
tabular-playground-series-may-2022__f2f51b6cab304bd49ba7dc6ff2fe3fda,cards_ours_20260727.jsonl:133,tabular-playground-series-may-2022,hard,all_escalate,2,0,2,2,0,1.0,0.0,1,0.81138,0.81138,0.0,1.0,0.0,0.0,240.3,1439.8594760894775,1680.1594760894775,1440.1594760894775
tabular-playground-series-may-2022__f2f51b6cab304bd49ba7dc6ff2fe3fda,cards_ours_20260727.jsonl:133,tabular-playground-series-may-2022,hard,random_gate,2,0,2,2,0,1.0,0.0,1,0.81138,0.81138,0.0,1.0,0.0,0.0,240.3,1439.8594760894775,1680.1594760894775,1440.1594760894775
tabular-playground-series-may-2022__f2f51b6cab304bd49ba7dc6ff2fe3fda,cards_ours_20260727.jsonl:133,tabular-playground-series-may-2022,hard,tfidf_gate,2,0,2,2,0,1.0,0.0,1,0.81138,0.81138,0.0,1.0,0.0,0.0,240.3,1439.8594760894775,1680.1594760894775,1440.1594760894775
tabular-playground-series-may-2022__f2f51b6cab304bd49ba7dc6ff2fe3fda,cards_ours_20260727.jsonl:133,tabular-playground-series-may-2022,hard,majority3_gate,2,0,2,2,0,1.0,0.0,1,0.81138,0.81138,0.0,1.0,0.0,0.0,240.3,1439.8594760894775,1680.1594760894775,1440.1594760894775
tabular-playground-series-may-2022__f2f51b6cab304bd49ba7dc6ff2fe3fda,cards_ours_20260727.jsonl:133,tabular-playground-series-may-2022,hard,unanimous3_gate,2,0,2,2,0,1.0,0.0,1,0.81138,0.81138,0.0,1.0,0.0,0.0,240.3,1439.8594760894775,1680.1594760894775,1440.1594760894775
tabular-playground-series-may-2022__f2f51b6cab304bd49ba7dc6ff2fe3fda,cards_ours_20260727.jsonl:133,tabular-playground-series-may-2022,hard,top1_random,2,0,2,1,1,0.0,0.0012299999999999534,1,0.81015,0.81138,-0.0012299999999999534,0.0,0.0,1.0,240.3,1439.8594760894775,1157.2468002319335,1037.2468002319335
tabular-playground-series-may-2022__f2f51b6cab304bd49ba7dc6ff2fe3fda,cards_ours_20260727.jsonl:133,tabular-playground-series-may-2022,hard,top1_tfidf,2,0,2,1,1,0.0,0.0012299999999999534,1,0.81015,0.81138,-0.0012299999999999534,0.0,0.0,1.0,240.3,1439.8594760894775,1157.2468002319335,1037.2468002319335
tabular-playground-series-may-2022__f2f51b6cab304bd49ba7dc6ff2fe3fda,cards_ours_20260727.jsonl:133,tabular-playground-series-may-2022,hard,top1_majority3,2,0,2,1,1,0.0,0.0012299999999999534,1,0.81015,0.81138,-0.0012299999999999534,0.0,0.0,1.0,240.3,1439.8594760894775,1157.2468002319335,1037.2468002319335
tabular-playground-series-may-2022__f2f51b6cab304bd49ba7dc6ff2fe3fda,cards_ours_20260727.jsonl:133,tabular-playground-series-may-2022,hard,top1_stdout,2,0,2,1,1,1.0,0.0,1,0.81138,0.81138,0.0,1.0,0.0,0.0,240.3,1439.8594760894775,763.2126758575439,643.2126758575439
tabular-playground-series-may-2022__f2f51b6cab304bd49ba7dc6ff2fe3fda,cards_ours_20260727.jsonl:133,tabular-playground-series-may-2022,hard,top1_progress,2,0,2,1,1,1.0,0.0,1,0.81138,0.81138,0.0,1.0,0.0,0.0,240.3,1439.8594760894775,763.2126758575439,643.2126758575439
tabular-playground-series-may-2022__f2f51b6cab304bd49ba7dc6ff2fe3fda,cards_ours_20260727.jsonl:133,tabular-playground-series-may-2022,hard,top1_stdout_tfidf,2,0,2,1,1,0.0,0.0012299999999999534,1,0.81015,0.81138,-0.0012299999999999534,0.0,0.0,1.0,240.3,1439.8594760894775,1157.2468002319335,1037.2468002319335
tabular-playground-series-may-2022__f2f51b6cab304bd49ba7dc6ff2fe3fda,cards_ours_20260727.jsonl:133,tabular-playground-series-may-2022,hard,top1_oracle,2,0,2,1,1,1.0,0.0,1,0.81138,0.81138,0.0,1.0,0.0,0.0,240.3,1439.8594760894775,763.2126758575439,643.2126758575439
tabular-playground-series-may-2022__f2f51b6cab304bd49ba7dc6ff2fe3fda,cards_ours_20260727.jsonl:133,tabular-playground-series-may-2022,hard,top2_random,2,0,2,2,0,1.0,0.0,1,0.81138,0.81138,0.0,1.0,0.0,0.0,240.3,1439.8594760894775,1680.1594760894775,1440.1594760894775
tabular-playground-series-may-2022__f2f51b6cab304bd49ba7dc6ff2fe3fda,cards_ours_20260727.jsonl:133,tabular-playground-series-may-2022,hard,top2_tfidf,2,0,2,2,0,1.0,0.0,1,0.81138,0.81138,0.0,1.0,0.0,0.0,240.3,1439.8594760894775,1680.1594760894775,1440.1594760894775
tabular-playground-series-may-2022__f2f51b6cab304bd49ba7dc6ff2fe3fda,cards_ours_20260727.jsonl:133,tabular-playground-series-may-2022,hard,top2_oracle,2,0,2,2,0,1.0,0.0,1,0.81138,0.81138,0.0,1.0,0.0,0.0,240.3,1439.8594760894775,1680.1594760894775,1440.1594760894775
tabular-playground-series-may-2022__f2f51b6cab304bd49ba7dc6ff2fe3fda,cards_ours_20260727.jsonl:133,tabular-playground-series-may-2022,hard,oracle_gate,2,0,2,2,0,1.0,0.0,1,0.81138,0.81138,0.0,1.0,0.0,0.0,240.3,1439.8594760894775,1680.1594760894775,1440.1594760894775
tabular-playground-series-may-2022__f2f51b6cab304bd49ba7dc6ff2fe3fda,cards_ours_20260727.jsonl:133,tabular-playground-series-may-2022,hard,full_external,2,0,2,2,0,1.0,0.0,1,0.81138,0.81138,0.0,1.0,0.0,0.0,240.3,1439.8594760894775,1439.8594760894775,1439.8594760894775
text-normalization-challenge-english-language__1946507488ea4c9cb541223be7df9745,cards_senior_0808.jsonl:23,text-normalization-challenge-english-language,easy,artifact_only,2,0,2,0,2,0.5,0.094105,0,nan,0.99158,nan,0.0,0.0,1.0,5.699999999999999,2572.39770987723,5.699999999999999,5.699999999999999
text-normalization-challenge-english-language__1946507488ea4c9cb541223be7df9745,cards_senior_0808.jsonl:23,text-normalization-challenge-english-language,easy,all_escalate,2,0,2,2,0,1.0,0.0,1,0.99158,0.99158,0.0,1.0,0.0,0.0,5.699999999999999,2572.39770987723,2578.09770987723,2338.09770987723
text-normalization-challenge-english-language__1946507488ea4c9cb541223be7df9745,cards_senior_0808.jsonl:23,text-normalization-challenge-english-language,easy,random_gate,2,0,2,2,0,1.0,0.0,1,0.99158,0.99158,0.0,1.0,0.0,0.0,5.699999999999999,2572.39770987723,2578.09770987723,2338.09770987723
text-normalization-challenge-english-language__1946507488ea4c9cb541223be7df9745,cards_senior_0808.jsonl:23,text-normalization-challenge-english-language,easy,tfidf_gate,2,0,2,2,0,1.0,0.0,1,0.99158,0.99158,0.0,1.0,0.0,0.0,5.699999999999999,2572.39770987723,2578.09770987723,2338.09770987723
text-normalization-challenge-english-language__1946507488ea4c9cb541223be7df9745,cards_senior_0808.jsonl:23,text-normalization-challenge-english-language,easy,majority3_gate,2,0,2,2,0,1.0,0.0,1,0.99158,0.99158,0.0,1.0,0.0,0.0,5.699999999999999,2572.39770987723,2578.09770987723,2338.09770987723
text-normalization-challenge-english-language__1946507488ea4c9cb541223be7df9745,cards_senior_0808.jsonl:23,text-normalization-challenge-english-language,easy,unanimous3_gate,2,0,2,2,0,1.0,0.0,1,0.99158,0.99158,0.0,1.0,0.0,0.0,5.699999999999999,2572.39770987723,2578.09770987723,2338.09770987723
text-normalization-challenge-english-language__1946507488ea4c9cb541223be7df9745,cards_senior_0808.jsonl:23,text-normalization-challenge-english-language,easy,top1_random,2,0,2,1,1,1.0,0.0,1,0.99158,0.99158,0.0,1.0,0.0,0.0,5.699999999999999,2572.39770987723,1113.6422366973013,993.6422366973013
text-normalization-challenge-english-language__1946507488ea4c9cb541223be7df9745,cards_senior_0808.jsonl:23,text-normalization-challenge-english-language,easy,top1_tfidf,2,0,2,1,1,1.0,0.0,1,0.99158,0.99158,0.0,1.0,0.0,0.0,5.699999999999999,2572.39770987723,1113.6422366973013,993.6422366973013
text-normalization-challenge-english-language__1946507488ea4c9cb541223be7df9745,cards_senior_0808.jsonl:23,text-normalization-challenge-english-language,easy,top1_majority3,2,0,2,1,1,0.0,0.18821,1,0.80337,0.99158,-0.18821,0.0,0.0,1.0,5.699999999999999,2572.39770987723,1470.155473179929,1350.155473179929
text-normalization-challenge-english-language__1946507488ea4c9cb541223be7df9745,cards_senior_0808.jsonl:23,text-normalization-challenge-english-language,easy,top1_stdout,2,0,2,1,1,1.0,0.0,1,0.99158,0.99158,0.0,1.0,0.0,0.0,5.699999999999999,2572.39770987723,1113.6422366973013,993.6422366973013
text-normalization-challenge-english-language__1946507488ea4c9cb541223be7df9745,cards_senior_0808.jsonl:23,text-normalization-challenge-english-language,easy,top1_progress,2,0,2,1,1,1.0,0.0,1,0.99158,0.99158,0.0,1.0,0.0,0.0,5.699999999999999,2572.39770987723,1113.6422366973013,993.6422366973013
text-normalization-challenge-english-language__1946507488ea4c9cb541223be7df9745,cards_senior_0808.jsonl:23,text-normalization-challenge-english-language,easy,top1_stdout_tfidf,2,0,2,1,1,1.0,0.0,1,0.99158,0.99158,0.0,1.0,0.0,0.0,5.699999999999999,2572.39770987723,1113.6422366973013,993.6422366973013
text-normalization-challenge-english-language__1946507488ea4c9cb541223be7df9745,cards_senior_0808.jsonl:23,text-normalization-challenge-english-language,easy,top1_oracle,2,0,2,1,1,1.0,0.0,1,0.99158,0.99158,0.0,1.0,0.0,0.0,5.699999999999999,2572.39770987723,1113.6422366973013,993.6422366973013
text-normalization-challenge-english-language__1946507488ea4c9cb541223be7df9745,cards_senior_0808.jsonl:23,text-normalization-challenge-english-language,easy,top2_random,2,0,2,2,0,1.0,0.0,1,0.99158,0.99158,0.0,1.0,0.0,0.0,5.699999999999999,2572.39770987723,2578.09770987723,2338.09770987723
text-normalization-challenge-english-language__1946507488ea4c9cb541223be7df9745,cards_senior_0808.jsonl:23,text-normalization-challenge-english-language,easy,top2_tfidf,2,0,2,2,0,1.0,0.0,1,0.99158,0.99158,0.0,1.0,0.0,0.0,5.699999999999999,2572.39770987723,2578.09770987723,2338.09770987723
text-normalization-challenge-english-language__1946507488ea4c9cb541223be7df9745,cards_senior_0808.jsonl:23,text-normalization-challenge-english-language,easy,top2_oracle,2,0,2,2,0,1.0,0.0,1,0.99158,0.99158,0.0,1.0,0.0,0.0,5.699999999999999,2572.39770987723,2578.09770987723,2338.09770987723
text-normalization-challenge-english-language__1946507488ea4c9cb541223be7df9745,cards_senior_0808.jsonl:23,text-normalization-challenge-english-language,easy,oracle_gate,2,0,2,2,0,1.0,0.0,1,0.99158,0.99158,0.0,1.0,0.0,0.0,5.699999999999999,2572.39770987723,2578.09770987723,2338.09770987723
text-normalization-challenge-english-language__1946507488ea4c9cb541223be7df9745,cards_senior_0808.jsonl:23,text-normalization-challenge-english-language,easy,full_external,2,0,2,2,0,1.0,0.0,1,0.99158,0.99158,0.0,1.0,0.0,0.0,5.699999999999999,2572.39770987723,2572.39770987723,2572.39770987723
text-normalization-challenge-english-language__4d90e4cc207d48ae83b235eabf41448b,cards_senior_0808.jsonl:22,text-normalization-challenge-english-language,hard,artifact_only,2,0,2,0,2,0.5,0.00041999999999997595,0,nan,0.99392,nan,0.0,0.0,1.0,9.8,5766.921121162362,9.8,9.8
text-normalization-challenge-english-language__4d90e4cc207d48ae83b235eabf41448b,cards_senior_0808.jsonl:22,text-normalization-challenge-english-language,hard,all_escalate,2,0,2,2,0,1.0,0.0,1,0.99392,0.99392,0.0,1.0,0.0,0.0,9.8,5766.921121162362,5776.721121162363,5536.721121162363
text-normalization-challenge-english-language__4d90e4cc207d48ae83b235eabf41448b,cards_senior_0808.jsonl:22,text-normalization-challenge-english-language,hard,random_gate,2,0,2,2,0,1.0,0.0,1,0.99392,0.99392,0.0,1.0,0.0,0.0,9.8,5766.921121162362,5776.721121162363,5536.721121162363
text-normalization-challenge-english-language__4d90e4cc207d48ae83b235eabf41448b,cards_senior_0808.jsonl:22,text-normalization-challenge-english-language,hard,tfidf_gate,2,0,2,2,0,1.0,0.0,1,0.99392,0.99392,0.0,1.0,0.0,0.0,9.8,5766.921121162362,5776.721121162363,5536.721121162363
text-normalization-challenge-english-language__4d90e4cc207d48ae83b235eabf41448b,cards_senior_0808.jsonl:22,text-normalization-challenge-english-language,hard,majority3_gate,2,0,2,2,0,1.0,0.0,1,0.99392,0.99392,0.0,1.0,0.0,0.0,9.8,5766.921121162362,5776.721121162363,5536.721121162363
text-normalization-challenge-english-language__4d90e4cc207d48ae83b235eabf41448b,cards_senior_0808.jsonl:22,text-normalization-challenge-english-language,hard,unanimous3_gate,2,0,2,2,0,1.0,0.0,1,0.99392,0.99392,0.0,1.0,0.0,0.0,9.8,5766.921121162362,5776.721121162363,5536.721121162363
text-normalization-challenge-english-language__4d90e4cc207d48ae83b235eabf41448b,cards_senior_0808.jsonl:22,text-normalization-challenge-english-language,hard,top1_random,2,0,2,1,1,1.0,0.0,1,0.99392,0.99392,0.0,1.0,0.0,0.0,9.8,5766.921121162362,3393.4468318803238,3273.4468318803238
text-normalization-challenge-english-language__4d90e4cc207d48ae83b235eabf41448b,cards_senior_0808.jsonl:22,text-normalization-challenge-english-language,hard,top1_tfidf,2,0,2,1,1,1.0,0.0,1,0.99392,0.99392,0.0,1.0,0.0,0.0,9.8,5766.921121162362,3393.4468318803238,3273.4468318803238
text-normalization-challenge-english-language__4d90e4cc207d48ae83b235eabf41448b,cards_senior_0808.jsonl:22,text-normalization-challenge-english-language,hard,top1_majority3,2,0,2,1,1,1.0,0.0,1,0.99392,0.99392,0.0,1.0,0.0,0.0,9.8,5766.921121162362,3393.4468318803238,3273.4468318803238
text-normalization-challenge-english-language__4d90e4cc207d48ae83b235eabf41448b,cards_senior_0808.jsonl:22,text-normalization-challenge-english-language,hard,top1_stdout,2,0,2,1,1,0.0,0.0008400000000000629,1,0.99308,0.99392,-0.0008400000000000629,0.0,0.0,1.0,9.8,5766.921121162362,2393.074289282039,2273.074289282039
text-normalization-challenge-english-language__4d90e4cc207d48ae83b235eabf41448b,cards_senior_0808.jsonl:22,text-normalization-challenge-english-language,hard,top1_progress,2,0,2,1,1,0.0,0.0008400000000000629,1,0.99308,0.99392,-0.0008400000000000629,0.0,0.0,1.0,9.8,5766.921121162362,2393.074289282039,2273.074289282039
text-normalization-challenge-english-language__4d90e4cc207d48ae83b235eabf41448b,cards_senior_0808.jsonl:22,text-normalization-challenge-english-language,hard,top1_stdout_tfidf,2,0,2,1,1,1.0,0.0,1,0.99392,0.99392,0.0,1.0,0.0,0.0,9.8,5766.921121162362,3393.4468318803238,3273.4468318803238
text-normalization-challenge-english-language__4d90e4cc207d48ae83b235eabf41448b,cards_senior_0808.jsonl:22,text-normalization-challenge-english-language,hard,top1_oracle,2,0,2,1,1,1.0,0.0,1,0.99392,0.99392,0.0,1.0,0.0,0.0,9.8,5766.921121162362,3393.4468318803238,3273.4468318803238
text-normalization-challenge-english-language__4d90e4cc207d48ae83b235eabf41448b,cards_senior_0808.jsonl:22,text-normalization-challenge-english-language,hard,top2_random,2,0,2,2,0,1.0,0.0,1,0.99392,0.99392,0.0,1.0,0.0,0.0,9.8,5766.921121162362,5776.721121162363,5536.721121162363
text-normalization-challenge-english-language__4d90e4cc207d48ae83b235eabf41448b,cards_senior_0808.jsonl:22,text-normalization-challenge-english-language,hard,top2_tfidf,2,0,2,2,0,1.0,0.0,1,0.99392,0.99392,0.0,1.0,0.0,0.0,9.8,5766.921121162362,5776.721121162363,5536.721121162363
text-normalization-challenge-english-language__4d90e4cc207d48ae83b235eabf41448b,cards_senior_0808.jsonl:22,text-normalization-challenge-english-language,hard,top2_oracle,2,0,2,2,0,1.0,0.0,1,0.99392,0.99392,0.0,1.0,0.0,0.0,9.8,5766.921121162362,5776.721121162363,5536.721121162363
text-normalization-challenge-english-language__4d90e4cc207d48ae83b235eabf41448b,cards_senior_0808.jsonl:22,text-normalization-challenge-english-language,hard,oracle_gate,2,0,2,2,0,1.0,0.0,1,0.99392,0.99392,0.0,1.0,0.0,0.0,9.8,5766.921121162362,5776.721121162363,5536.721121162363
text-normalization-challenge-english-language__4d90e4cc207d48ae83b235eabf41448b,cards_senior_0808.jsonl:22,text-normalization-challenge-english-language,hard,full_external,2,0,2,2,0,1.0,0.0,1,0.99392,0.99392,0.0,1.0,0.0,0.0,9.8,5766.921121162362,5766.921121162362,5766.921121162362
text-normalization-challenge-english-language__5a3e417fde89446db15aa4fe5e9af9d1,cards_senior_0808.jsonl:22,text-normalization-challenge-english-language,easy,artifact_only,2,0,2,0,2,0.5,0.006979999999999986,0,nan,0.99371,nan,0.0,0.0,1.0,9.9,1587.7972574308515,9.9,9.9
text-normalization-challenge-english-language__5a3e417fde89446db15aa4fe5e9af9d1,cards_senior_0808.jsonl:22,text-normalization-challenge-english-language,easy,all_escalate,2,0,2,2,0,1.0,0.0,1,0.99371,0.99371,0.0,1.0,0.0,0.0,9.9,1587.7972574308515,1597.6972574308516,1357.6972574308516
text-normalization-challenge-english-language__5a3e417fde89446db15aa4fe5e9af9d1,cards_senior_0808.jsonl:22,text-normalization-challenge-english-language,easy,random_gate,2,0,2,2,0,1.0,0.0,1,0.99371,0.99371,0.0,1.0,0.0,0.0,9.9,1587.7972574308515,1597.6972574308516,1357.6972574308516
text-normalization-challenge-english-language__5a3e417fde89446db15aa4fe5e9af9d1,cards_senior_0808.jsonl:22,text-normalization-challenge-english-language,easy,tfidf_gate,2,0,2,2,0,1.0,0.0,1,0.99371,0.99371,0.0,1.0,0.0,0.0,9.9,1587.7972574308515,1597.6972574308516,1357.6972574308516
text-normalization-challenge-english-language__5a3e417fde89446db15aa4fe5e9af9d1,cards_senior_0808.jsonl:22,text-normalization-challenge-english-language,easy,majority3_gate,2,0,2,2,0,1.0,0.0,1,0.99371,0.99371,0.0,1.0,0.0,0.0,9.9,1587.7972574308515,1597.6972574308516,1357.6972574308516
text-normalization-challenge-english-language__5a3e417fde89446db15aa4fe5e9af9d1,cards_senior_0808.jsonl:22,text-normalization-challenge-english-language,easy,unanimous3_gate,2,0,2,2,0,1.0,0.0,1,0.99371,0.99371,0.0,1.0,0.0,0.0,9.9,1587.7972574308515,1597.6972574308516,1357.6972574308516
text-normalization-challenge-english-language__5a3e417fde89446db15aa4fe5e9af9d1,cards_senior_0808.jsonl:22,text-normalization-challenge-english-language,easy,top1_random,2,0,2,1,1,1.0,0.0,1,0.99371,0.99371,0.0,1.0,0.0,0.0,9.9,1587.7972574308515,664.5308466764167,544.5308466764167
text-normalization-challenge-english-language__5a3e417fde89446db15aa4fe5e9af9d1,cards_senior_0808.jsonl:22,text-normalization-challenge-english-language,easy,top1_tfidf,2,0,2,1,1,1.0,0.0,1,0.99371,0.99371,0.0,1.0,0.0,0.0,9.9,1587.7972574308515,664.5308466764167,544.5308466764167
text-normalization-challenge-english-language__5a3e417fde89446db15aa4fe5e9af9d1,cards_senior_0808.jsonl:22,text-normalization-challenge-english-language,easy,top1_majority3,2,0,2,1,1,0.0,0.013959999999999972,1,0.97975,0.99371,-0.013959999999999972,0.0,0.0,1.0,9.9,1587.7972574308515,943.0664107544347,823.0664107544347
text-normalization-challenge-english-language__5a3e417fde89446db15aa4fe5e9af9d1,cards_senior_0808.jsonl:22,text-normalization-challenge-english-language,easy,top1_stdout,2,0,2,1,1,1.0,0.0,1,0.99371,0.99371,0.0,1.0,0.0,0.0,9.9,1587.7972574308515,664.5308466764167,544.5308466764167
text-normalization-challenge-english-language__5a3e417fde89446db15aa4fe5e9af9d1,cards_senior_0808.jsonl:22,text-normalization-challenge-english-language,easy,top1_progress,2,0,2,1,1,1.0,0.0,1,0.99371,0.99371,0.0,1.0,0.0,0.0,9.9,1587.7972574308515,664.5308466764167,544.5308466764167
text-normalization-challenge-english-language__5a3e417fde89446db15aa4fe5e9af9d1,cards_senior_0808.jsonl:22,text-normalization-challenge-english-language,easy,top1_stdout_tfidf,2,0,2,1,1,1.0,0.0,1,0.99371,0.99371,0.0,1.0,0.0,0.0,9.9,1587.7972574308515,664.5308466764167,544.5308466764167
text-normalization-challenge-english-language__5a3e417fde89446db15aa4fe5e9af9d1,cards_senior_0808.jsonl:22,text-normalization-challenge-english-language,easy,top1_oracle,2,0,2,1,1,1.0,0.0,1,0.99371,0.99371,0.0,1.0,0.0,0.0,9.9,1587.7972574308515,664.5308466764167,544.5308466764167
text-normalization-challenge-english-language__5a3e417fde89446db15aa4fe5e9af9d1,cards_senior_0808.jsonl:22,text-normalization-challenge-english-language,easy,top2_random,2,0,2,2,0,1.0,0.0,1,0.99371,0.99371,0.0,1.0,0.0,0.0,9.9,1587.7972574308515,1597.6972574308516,1357.6972574308516
text-normalization-challenge-english-language__5a3e417fde89446db15aa4fe5e9af9d1,cards_senior_0808.jsonl:22,text-normalization-challenge-english-language,easy,top2_tfidf,2,0,2,2,0,1.0,0.0,1,0.99371,0.99371,0.0,1.0,0.0,0.0,9.9,1587.7972574308515,1597.6972574308516,1357.6972574308516
text-normalization-challenge-english-language__5a3e417fde89446db15aa4fe5e9af9d1,cards_senior_0808.jsonl:22,text-normalization-challenge-english-language,easy,top2_oracle,2,0,2,2,0,1.0,0.0,1,0.99371,0.99371,0.0,1.0,0.0,0.0,9.9,1587.7972574308515,1597.6972574308516,1357.6972574308516
text-normalization-challenge-english-language__5a3e417fde89446db15aa4fe5e9af9d1,cards_senior_0808.jsonl:22,text-normalization-challenge-english-language,easy,oracle_gate,2,0,2,2,0,1.0,0.0,1,0.99371,0.99371,0.0,1.0,0.0,0.0,9.9,1587.7972574308515,1597.6972574308516,1357.6972574308516
text-normalization-challenge-english-language__5a3e417fde89446db15aa4fe5e9af9d1,cards_senior_0808.jsonl:22,text-normalization-challenge-english-language,easy,full_external,2,0,2,2,0,1.0,0.0,1,0.99371,0.99371,0.0,1.0,0.0,0.0,9.9,1587.7972574308515,1587.7972574308515,1587.7972574308515
text-normalization-challenge-english-language__858e3b43de80440dbd33e324dea2c6b9,cards_senior_0808.jsonl:22,text-normalization-challenge-english-language,hard,artifact_only,2,0,2,0,2,0.5,3.500000000000725e-05,0,nan,0.99257,nan,0.0,0.0,1.0,9.4,2994.2978588081896,9.4,9.4
text-normalization-challenge-english-language__858e3b43de80440dbd33e324dea2c6b9,cards_senior_0808.jsonl:22,text-normalization-challenge-english-language,hard,all_escalate,2,0,2,2,0,1.0,0.0,1,0.99257,0.99257,0.0,1.0,0.0,0.0,9.4,2994.2978588081896,3003.6978588081897,2763.6978588081897
text-normalization-challenge-english-language__858e3b43de80440dbd33e324dea2c6b9,cards_senior_0808.jsonl:22,text-normalization-challenge-english-language,hard,random_gate,2,0,2,2,0,1.0,0.0,1,0.99257,0.99257,0.0,1.0,0.0,0.0,9.4,2994.2978588081896,3003.6978588081897,2763.6978588081897
text-normalization-challenge-english-language__858e3b43de80440dbd33e324dea2c6b9,cards_senior_0808.jsonl:22,text-normalization-challenge-english-language,hard,tfidf_gate,2,0,2,2,0,1.0,0.0,1,0.99257,0.99257,0.0,1.0,0.0,0.0,9.4,2994.2978588081896,3003.6978588081897,2763.6978588081897
text-normalization-challenge-english-language__858e3b43de80440dbd33e324dea2c6b9,cards_senior_0808.jsonl:22,text-normalization-challenge-english-language,hard,majority3_gate,2,0,2,2,0,1.0,0.0,1,0.99257,0.99257,0.0,1.0,0.0,0.0,9.4,2994.2978588081896,3003.6978588081897,2763.6978588081897
text-normalization-challenge-english-language__858e3b43de80440dbd33e324dea2c6b9,cards_senior_0808.jsonl:22,text-normalization-challenge-english-language,hard,unanimous3_gate,2,0,2,2,0,1.0,0.0,1,0.99257,0.99257,0.0,1.0,0.0,0.0,9.4,2994.2978588081896,3003.6978588081897,2763.6978588081897
text-normalization-challenge-english-language__858e3b43de80440dbd33e324dea2c6b9,cards_senior_0808.jsonl:22,text-normalization-challenge-english-language,hard,top1_random,2,0,2,1,1,1.0,0.0,1,0.99257,0.99257,0.0,1.0,0.0,0.0,9.4,2994.2978588081896,1486.9296681793408,1366.9296681793408
text-normalization-challenge-english-language__858e3b43de80440dbd33e324dea2c6b9,cards_senior_0808.jsonl:22,text-normalization-challenge-english-language,hard,top1_tfidf,2,0,2,1,1,0.0,6.999999999990347e-05,1,0.9925,0.99257,-6.999999999990347e-05,0.0,0.0,1.0,9.4,2994.2978588081896,1526.168190628849,1406.168190628849
text-normalization-challenge-english-language__858e3b43de80440dbd33e324dea2c6b9,cards_senior_0808.jsonl:22,text-normalization-challenge-english-language,hard,top1_majority3,2,0,2,1,1,1.0,0.0,1,0.99257,0.99257,0.0,1.0,0.0,0.0,9.4,2994.2978588081896,1486.9296681793408,1366.9296681793408
text-normalization-challenge-english-language__858e3b43de80440dbd33e324dea2c6b9,cards_senior_0808.jsonl:22,text-normalization-challenge-english-language,hard,top1_stdout,2,0,2,1,1,0.0,6.999999999990347e-05,1,0.9925,0.99257,-6.999999999990347e-05,0.0,0.0,1.0,9.4,2994.2978588081896,1526.168190628849,1406.168190628849
text-normalization-challenge-english-language__858e3b43de80440dbd33e324dea2c6b9,cards_senior_0808.jsonl:22,text-normalization-challenge-english-language,hard,top1_progress,2,0,2,1,1,0.0,6.999999999990347e-05,1,0.9925,0.99257,-6.999999999990347e-05,0.0,0.0,1.0,9.4,2994.2978588081896,1526.168190628849,1406.168190628849
text-normalization-challenge-english-language__858e3b43de80440dbd33e324dea2c6b9,cards_senior_0808.jsonl:22,text-normalization-challenge-english-language,hard,top1_stdout_tfidf,2,0,2,1,1,0.0,6.999999999990347e-05,1,0.9925,0.99257,-6.999999999990347e-05,0.0,0.0,1.0,9.4,2994.2978588081896,1526.168190628849,1406.168190628849
text-normalization-challenge-english-language__858e3b43de80440dbd33e324dea2c6b9,cards_senior_0808.jsonl:22,text-normalization-challenge-english-language,hard,top1_oracle,2,0,2,1,1,1.0,0.0,1,0.99257,0.99257,0.0,1.0,0.0,0.0,9.4,2994.2978588081896,1486.9296681793408,1366.9296681793408
text-normalization-challenge-english-language__858e3b43de80440dbd33e324dea2c6b9,cards_senior_0808.jsonl:22,text-normalization-challenge-english-language,hard,top2_random,2,0,2,2,0,1.0,0.0,1,0.99257,0.99257,0.0,1.0,0.0,0.0,9.4,2994.2978588081896,3003.6978588081897,2763.6978588081897
text-normalization-challenge-english-language__858e3b43de80440dbd33e324dea2c6b9,cards_senior_0808.jsonl:22,text-normalization-challenge-english-language,hard,top2_tfidf,2,0,2,2,0,1.0,0.0,1,0.99257,0.99257,0.0,1.0,0.0,0.0,9.4,2994.2978588081896,3003.6978588081897,2763.6978588081897
text-normalization-challenge-english-language__858e3b43de80440dbd33e324dea2c6b9,cards_senior_0808.jsonl:22,text-normalization-challenge-english-language,hard,top2_oracle,2,0,2,2,0,1.0,0.0,1,0.99257,0.99257,0.0,1.0,0.0,0.0,9.4,2994.2978588081896,3003.6978588081897,2763.6978588081897
text-normalization-challenge-english-language__858e3b43de80440dbd33e324dea2c6b9,cards_senior_0808.jsonl:22,text-normalization-challenge-english-language,hard,oracle_gate,2,0,2,2,0,1.0,0.0,1,0.99257,0.99257,0.0,1.0,0.0,0.0,9.4,2994.2978588081896,3003.6978588081897,2763.6978588081897
text-normalization-challenge-english-language__858e3b43de80440dbd33e324dea2c6b9,cards_senior_0808.jsonl:22,text-normalization-challenge-english-language,hard,full_external,2,0,2,2,0,1.0,0.0,1,0.99257,0.99257,0.0,1.0,0.0,0.0,9.4,2994.2978588081896,2994.2978588081896,2994.2978588081896
text-normalization-challenge-english-language__d28cf7a8f6e7407285f8890122923641,cards_senior_0808.jsonl:22,text-normalization-challenge-english-language,hard,artifact_only,2,0,2,0,2,0.5,0.0010299999999999754,0,nan,0.99332,nan,0.0,0.0,1.0,9.4,3877.7280311528593,9.4,9.4
text-normalization-challenge-english-language__d28cf7a8f6e7407285f8890122923641,cards_senior_0808.jsonl:22,text-normalization-challenge-english-language,hard,all_escalate,2,0,2,2,0,1.0,0.0,1,0.99332,0.99332,0.0,1.0,0.0,0.0,9.4,3877.7280311528593,3887.1280311528594,3647.1280311528594
text-normalization-challenge-english-language__d28cf7a8f6e7407285f8890122923641,cards_senior_0808.jsonl:22,text-normalization-challenge-english-language,hard,random_gate,2,0,2,2,0,1.0,0.0,1,0.99332,0.99332,0.0,1.0,0.0,0.0,9.4,3877.7280311528593,3887.1280311528594,3647.1280311528594
text-normalization-challenge-english-language__d28cf7a8f6e7407285f8890122923641,cards_senior_0808.jsonl:22,text-normalization-challenge-english-language,hard,tfidf_gate,2,0,2,2,0,1.0,0.0,1,0.99332,0.99332,0.0,1.0,0.0,0.0,9.4,3877.7280311528593,3887.1280311528594,3647.1280311528594
text-normalization-challenge-english-language__d28cf7a8f6e7407285f8890122923641,cards_senior_0808.jsonl:22,text-normalization-challenge-english-language,hard,majority3_gate,2,0,2,2,0,1.0,0.0,1,0.99332,0.99332,0.0,1.0,0.0,0.0,9.4,3877.7280311528593,3887.1280311528594,3647.1280311528594
text-normalization-challenge-english-language__d28cf7a8f6e7407285f8890122923641,cards_senior_0808.jsonl:22,text-normalization-challenge-english-language,hard,unanimous3_gate,2,0,2,2,0,1.0,0.0,1,0.99332,0.99332,0.0,1.0,0.0,0.0,9.4,3877.7280311528593,3887.1280311528594,3647.1280311528594
text-normalization-challenge-english-language__d28cf7a8f6e7407285f8890122923641,cards_senior_0808.jsonl:22,text-normalization-challenge-english-language,hard,top1_random,2,0,2,1,1,1.0,0.0,1,0.99332,0.99332,0.0,1.0,0.0,0.0,9.4,3877.7280311528593,1590.9370828220622,1470.9370828220622
text-normalization-challenge-english-language__d28cf7a8f6e7407285f8890122923641,cards_senior_0808.jsonl:22,text-normalization-challenge-english-language,hard,top1_tfidf,2,0,2,1,1,1.0,0.0,1,0.99332,0.99332,0.0,1.0,0.0,0.0,9.4,3877.7280311528593,1590.9370828220622,1470.9370828220622
text-normalization-challenge-english-language__d28cf7a8f6e7407285f8890122923641,cards_senior_0808.jsonl:22,text-normalization-challenge-english-language,hard,top1_majority3,2,0,2,1,1,1.0,0.0,1,0.99332,0.99332,0.0,1.0,0.0,0.0,9.4,3877.7280311528593,1590.9370828220622,1470.9370828220622
text-normalization-challenge-english-language__d28cf7a8f6e7407285f8890122923641,cards_senior_0808.jsonl:22,text-normalization-challenge-english-language,hard,top1_stdout,2,0,2,1,1,1.0,0.0,1,0.99332,0.99332,0.0,1.0,0.0,0.0,9.4,3877.7280311528593,1590.9370828220622,1470.9370828220622
text-normalization-challenge-english-language__d28cf7a8f6e7407285f8890122923641,cards_senior_0808.jsonl:22,text-normalization-challenge-english-language,hard,top1_progress,2,0,2,1,1,1.0,0.0,1,0.99332,0.99332,0.0,1.0,0.0,0.0,9.4,3877.7280311528593,1590.9370828220622,1470.9370828220622
text-normalization-challenge-english-language__d28cf7a8f6e7407285f8890122923641,cards_senior_0808.jsonl:22,text-normalization-challenge-english-language,hard,top1_stdout_tfidf,2,0,2,1,1,1.0,0.0,1,0.99332,0.99332,0.0,1.0,0.0,0.0,9.4,3877.7280311528593,1590.9370828220622,1470.9370828220622
text-normalization-challenge-english-language__d28cf7a8f6e7407285f8890122923641,cards_senior_0808.jsonl:22,text-normalization-challenge-english-language,hard,top1_oracle,2,0,2,1,1,1.0,0.0,1,0.99332,0.99332,0.0,1.0,0.0,0.0,9.4,3877.7280311528593,1590.9370828220622,1470.9370828220622
text-normalization-challenge-english-language__d28cf7a8f6e7407285f8890122923641,cards_senior_0808.jsonl:22,text-normalization-challenge-english-language,hard,top2_random,2,0,2,2,0,1.0,0.0,1,0.99332,0.99332,0.0,1.0,0.0,0.0,9.4,3877.7280311528593,3887.1280311528594,3647.1280311528594
text-normalization-challenge-english-language__d28cf7a8f6e7407285f8890122923641,cards_senior_0808.jsonl:22,text-normalization-challenge-english-language,hard,top2_tfidf,2,0,2,2,0,1.0,0.0,1,0.99332,0.99332,0.0,1.0,0.0,0.0,9.4,3877.7280311528593,3887.1280311528594,3647.1280311528594
text-normalization-challenge-english-language__d28cf7a8f6e7407285f8890122923641,cards_senior_0808.jsonl:22,text-normalization-challenge-english-language,hard,top2_oracle,2,0,2,2,0,1.0,0.0,1,0.99332,0.99332,0.0,1.0,0.0,0.0,9.4,3877.7280311528593,3887.1280311528594,3647.1280311528594
text-normalization-challenge-english-language__d28cf7a8f6e7407285f8890122923641,cards_senior_0808.jsonl:22,text-normalization-challenge-english-language,hard,oracle_gate,2,0,2,2,0,1.0,0.0,1,0.99332,0.99332,0.0,1.0,0.0,0.0,9.4,3877.7280311528593,3887.1280311528594,3647.1280311528594
text-normalization-challenge-english-language__d28cf7a8f6e7407285f8890122923641,cards_senior_0808.jsonl:22,text-normalization-challenge-english-language,hard,full_external,2,0,2,2,0,1.0,0.0,1,0.99332,0.99332,0.0,1.0,0.0,0.0,9.4,3877.7280311528593,3877.7280311528593,3877.7280311528593
text-normalization-challenge-russian-language__0cbe5ab914ed4c0084e137aff6c5aac2,cards_senior_0809.jsonl:23,text-normalization-challenge-russian-language,hard,artifact_only,2,0,2,0,2,0.5,0.0011900000000000244,0,nan,0.97985,nan,0.0,0.0,1.0,9.2,2425.146029845928,9.2,9.2
text-normalization-challenge-russian-language__0cbe5ab914ed4c0084e137aff6c5aac2,cards_senior_0809.jsonl:23,text-normalization-challenge-russian-language,hard,all_escalate,2,0,2,2,0,1.0,0.0,1,0.97985,0.97985,0.0,1.0,0.0,0.0,9.2,2425.146029845928,2434.3460298459277,2194.3460298459277
text-normalization-challenge-russian-language__0cbe5ab914ed4c0084e137aff6c5aac2,cards_senior_0809.jsonl:23,text-normalization-challenge-russian-language,hard,random_gate,2,0,2,2,0,1.0,0.0,1,0.97985,0.97985,0.0,1.0,0.0,0.0,9.2,2425.146029845928,2434.3460298459277,2194.3460298459277
text-normalization-challenge-russian-language__0cbe5ab914ed4c0084e137aff6c5aac2,cards_senior_0809.jsonl:23,text-normalization-challenge-russian-language,hard,tfidf_gate,2,0,2,2,0,1.0,0.0,1,0.97985,0.97985,0.0,1.0,0.0,0.0,9.2,2425.146029845928,2434.3460298459277,2194.3460298459277
text-normalization-challenge-russian-language__0cbe5ab914ed4c0084e137aff6c5aac2,cards_senior_0809.jsonl:23,text-normalization-challenge-russian-language,hard,majority3_gate,2,0,2,2,0,1.0,0.0,1,0.97985,0.97985,0.0,1.0,0.0,0.0,9.2,2425.146029845928,2434.3460298459277,2194.3460298459277
text-normalization-challenge-russian-language__0cbe5ab914ed4c0084e137aff6c5aac2,cards_senior_0809.jsonl:23,text-normalization-challenge-russian-language,hard,unanimous3_gate,2,0,2,2,0,1.0,0.0,1,0.97985,0.97985,0.0,1.0,0.0,0.0,9.2,2425.146029845928,2434.3460298459277,2194.3460298459277
text-normalization-challenge-russian-language__0cbe5ab914ed4c0084e137aff6c5aac2,cards_senior_0809.jsonl:23,text-normalization-challenge-russian-language,hard,top1_random,2,0,2,1,1,0.0,0.0023800000000000487,1,0.97747,0.97985,-0.0023800000000000487,0.0,0.0,1.0,9.2,2425.146029845928,1205.8597383189947,1085.8597383189947
text-normalization-challenge-russian-language__0cbe5ab914ed4c0084e137aff6c5aac2,cards_senior_0809.jsonl:23,text-normalization-challenge-russian-language,hard,top1_tfidf,2,0,2,1,1,1.0,0.0,1,0.97985,0.97985,0.0,1.0,0.0,0.0,9.2,2425.146029845928,1237.6862915269332,1117.6862915269332
text-normalization-challenge-russian-language__0cbe5ab914ed4c0084e137aff6c5aac2,cards_senior_0809.jsonl:23,text-normalization-challenge-russian-language,hard,top1_majority3,2,0,2,1,1,1.0,0.0,1,0.97985,0.97985,0.0,1.0,0.0,0.0,9.2,2425.146029845928,1237.6862915269332,1117.6862915269332
text-normalization-challenge-russian-language__0cbe5ab914ed4c0084e137aff6c5aac2,cards_senior_0809.jsonl:23,text-normalization-challenge-russian-language,hard,top1_stdout,2,0,2,1,1,0.0,0.0023800000000000487,1,0.97747,0.97985,-0.0023800000000000487,0.0,0.0,1.0,9.2,2425.146029845928,1205.8597383189947,1085.8597383189947
text-normalization-challenge-russian-language__0cbe5ab914ed4c0084e137aff6c5aac2,cards_senior_0809.jsonl:23,text-normalization-challenge-russian-language,hard,top1_progress,2,0,2,1,1,0.0,0.0023800000000000487,1,0.97747,0.97985,-0.0023800000000000487,0.0,0.0,1.0,9.2,2425.146029845928,1205.8597383189947,1085.8597383189947
text-normalization-challenge-russian-language__0cbe5ab914ed4c0084e137aff6c5aac2,cards_senior_0809.jsonl:23,text-normalization-challenge-russian-language,hard,top1_stdout_tfidf,2,0,2,1,1,1.0,0.0,1,0.97985,0.97985,0.0,1.0,0.0,0.0,9.2,2425.146029845928,1237.6862915269332,1117.6862915269332
text-normalization-challenge-russian-language__0cbe5ab914ed4c0084e137aff6c5aac2,cards_senior_0809.jsonl:23,text-normalization-challenge-russian-language,hard,top1_oracle,2,0,2,1,1,1.0,0.0,1,0.97985,0.97985,0.0,1.0,0.0,0.0,9.2,2425.146029845928,1237.6862915269332,1117.6862915269332
text-normalization-challenge-russian-language__0cbe5ab914ed4c0084e137aff6c5aac2,cards_senior_0809.jsonl:23,text-normalization-challenge-russian-language,hard,top2_random,2,0,2,2,0,1.0,0.0,1,0.97985,0.97985,0.0,1.0,0.0,0.0,9.2,2425.146029845928,2434.3460298459277,2194.3460298459277
text-normalization-challenge-russian-language__0cbe5ab914ed4c0084e137aff6c5aac2,cards_senior_0809.jsonl:23,text-normalization-challenge-russian-language,hard,top2_tfidf,2,0,2,2,0,1.0,0.0,1,0.97985,0.97985,0.0,1.0,0.0,0.0,9.2,2425.146029845928,2434.3460298459277,2194.3460298459277
text-normalization-challenge-russian-language__0cbe5ab914ed4c0084e137aff6c5aac2,cards_senior_0809.jsonl:23,text-normalization-challenge-russian-language,hard,top2_oracle,2,0,2,2,0,1.0,0.0,1,0.97985,0.97985,0.0,1.0,0.0,0.0,9.2,2425.146029845928,2434.3460298459277,2194.3460298459277
text-normalization-challenge-russian-language__0cbe5ab914ed4c0084e137aff6c5aac2,cards_senior_0809.jsonl:23,text-normalization-challenge-russian-language,hard,oracle_gate,2,0,2,2,0,1.0,0.0,1,0.97985,0.97985,0.0,1.0,0.0,0.0,9.2,2425.146029845928,2434.3460298459277,2194.3460298459277
text-normalization-challenge-russian-language__0cbe5ab914ed4c0084e137aff6c5aac2,cards_senior_0809.jsonl:23,text-normalization-challenge-russian-language,hard,full_external,2,0,2,2,0,1.0,0.0,1,0.97985,0.97985,0.0,1.0,0.0,0.0,9.2,2425.146029845928,2425.146029845928,2425.146029845928
text-normalization-challenge-russian-language__265714a90f6144db8d466aa8c461fab3,cards_senior_0809.jsonl:23,text-normalization-challenge-russian-language,hard,artifact_only,2,0,2,0,2,0.5,3.500000000000725e-05,0,nan,0.9812,nan,0.0,0.0,1.0,11.5,2591.4788036131067,11.5,11.5
text-normalization-challenge-russian-language__265714a90f6144db8d466aa8c461fab3,cards_senior_0809.jsonl:23,text-normalization-challenge-russian-language,hard,all_escalate,2,0,2,2,0,1.0,0.0,1,0.9812,0.9812,0.0,1.0,0.0,0.0,11.5,2591.4788036131067,2602.9788036131067,2362.9788036131067
text-normalization-challenge-russian-language__265714a90f6144db8d466aa8c461fab3,cards_senior_0809.jsonl:23,text-normalization-challenge-russian-language,hard,random_gate,2,0,2,2,0,1.0,0.0,1,0.9812,0.9812,0.0,1.0,0.0,0.0,11.5,2591.4788036131067,2602.9788036131067,2362.9788036131067
text-normalization-challenge-russian-language__265714a90f6144db8d466aa8c461fab3,cards_senior_0809.jsonl:23,text-normalization-challenge-russian-language,hard,tfidf_gate,2,0,2,2,0,1.0,0.0,1,0.9812,0.9812,0.0,1.0,0.0,0.0,11.5,2591.4788036131067,2602.9788036131067,2362.9788036131067
text-normalization-challenge-russian-language__265714a90f6144db8d466aa8c461fab3,cards_senior_0809.jsonl:23,text-normalization-challenge-russian-language,hard,majority3_gate,2,0,2,2,0,1.0,0.0,1,0.9812,0.9812,0.0,1.0,0.0,0.0,11.5,2591.4788036131067,2602.9788036131067,2362.9788036131067
text-normalization-challenge-russian-language__265714a90f6144db8d466aa8c461fab3,cards_senior_0809.jsonl:23,text-normalization-challenge-russian-language,hard,unanimous3_gate,2,0,2,2,0,1.0,0.0,1,0.9812,0.9812,0.0,1.0,0.0,0.0,11.5,2591.4788036131067,2602.9788036131067,2362.9788036131067
text-normalization-challenge-russian-language__265714a90f6144db8d466aa8c461fab3,cards_senior_0809.jsonl:23,text-normalization-challenge-russian-language,hard,top1_random,2,0,2,1,1,1.0,0.0,1,0.9812,0.9812,0.0,1.0,0.0,0.0,11.5,2591.4788036131067,1348.427343881107,1228.427343881107
text-normalization-challenge-russian-language__265714a90f6144db8d466aa8c461fab3,cards_senior_0809.jsonl:23,text-normalization-challenge-russian-language,hard,top1_tfidf,2,0,2,1,1,0.0,7.00000000000145e-05,1,0.98113,0.9812,-7.00000000000145e-05,0.0,0.0,1.0,11.5,2591.4788036131067,1266.0514597319998,1146.0514597319998
text-normalization-challenge-russian-language__265714a90f6144db8d466aa8c461fab3,cards_senior_0809.jsonl:23,text-normalization-challenge-russian-language,hard,top1_majority3,2,0,2,1,1,0.0,7.00000000000145e-05,1,0.98113,0.9812,-7.00000000000145e-05,0.0,0.0,1.0,11.5,2591.4788036131067,1266.0514597319998,1146.0514597319998
text-normalization-challenge-russian-language__265714a90f6144db8d466aa8c461fab3,cards_senior_0809.jsonl:23,text-normalization-challenge-russian-language,hard,top1_stdout,2,0,2,1,1,1.0,0.0,1,0.9812,0.9812,0.0,1.0,0.0,0.0,11.5,2591.4788036131067,1348.427343881107,1228.427343881107
text-normalization-challenge-russian-language__265714a90f6144db8d466aa8c461fab3,cards_senior_0809.jsonl:23,text-normalization-challenge-russian-language,hard,top1_progress,2,0,2,1,1,1.0,0.0,1,0.9812,0.9812,0.0,1.0,0.0,0.0,11.5,2591.4788036131067,1348.427343881107,1228.427343881107
text-normalization-challenge-russian-language__265714a90f6144db8d466aa8c461fab3,cards_senior_0809.jsonl:23,text-normalization-challenge-russian-language,hard,top1_stdout_tfidf,2,0,2,1,1,0.0,7.00000000000145e-05,1,0.98113,0.9812,-7.00000000000145e-05,0.0,0.0,1.0,11.5,2591.4788036131067,1266.0514597319998,1146.0514597319998
text-normalization-challenge-russian-language__265714a90f6144db8d466aa8c461fab3,cards_senior_0809.jsonl:23,text-normalization-challenge-russian-language,hard,top1_oracle,2,0,2,1,1,1.0,0.0,1,0.9812,0.9812,0.0,1.0,0.0,0.0,11.5,2591.4788036131067,1348.427343881107,1228.427343881107
text-normalization-challenge-russian-language__265714a90f6144db8d466aa8c461fab3,cards_senior_0809.jsonl:23,text-normalization-challenge-russian-language,hard,top2_random,2,0,2,2,0,1.0,0.0,1,0.9812,0.9812,0.0,1.0,0.0,0.0,11.5,2591.4788036131067,2602.9788036131067,2362.9788036131067
text-normalization-challenge-russian-language__265714a90f6144db8d466aa8c461fab3,cards_senior_0809.jsonl:23,text-normalization-challenge-russian-language,hard,top2_tfidf,2,0,2,2,0,1.0,0.0,1,0.9812,0.9812,0.0,1.0,0.0,0.0,11.5,2591.4788036131067,2602.9788036131067,2362.9788036131067
text-normalization-challenge-russian-language__265714a90f6144db8d466aa8c461fab3,cards_senior_0809.jsonl:23,text-normalization-challenge-russian-language,hard,top2_oracle,2,0,2,2,0,1.0,0.0,1,0.9812,0.9812,0.0,1.0,0.0,0.0,11.5,2591.4788036131067,2602.9788036131067,2362.9788036131067
text-normalization-challenge-russian-language__265714a90f6144db8d466aa8c461fab3,cards_senior_0809.jsonl:23,text-normalization-challenge-russian-language,hard,oracle_gate,2,0,2,2,0,1.0,0.0,1,0.9812,0.9812,0.0,1.0,0.0,0.0,11.5,2591.4788036131067,2602.9788036131067,2362.9788036131067
text-normalization-challenge-russian-language__265714a90f6144db8d466aa8c461fab3,cards_senior_0809.jsonl:23,text-normalization-challenge-russian-language,hard,full_external,2,0,2,2,0,1.0,0.0,1,0.9812,0.9812,0.0,1.0,0.0,0.0,11.5,2591.4788036131067,2591.4788036131067,2591.4788036131067
text-normalization-challenge-russian-language__43dbfa889c46450da2f5fab7fcfec4da,cards_senior_0809.jsonl:23,text-normalization-challenge-russian-language,hard,artifact_only,2,0,2,0,2,0.5,0.00270999999999999,0,nan,0.98255,nan,0.0,0.0,1.0,9.3,2994.488991727936,9.3,9.3
text-normalization-challenge-russian-language__43dbfa889c46450da2f5fab7fcfec4da,cards_senior_0809.jsonl:23,text-normalization-challenge-russian-language,hard,all_escalate,2,0,2,2,0,1.0,0.0,1,0.98255,0.98255,0.0,1.0,0.0,0.0,9.3,2994.488991727936,3003.7889917279363,2763.7889917279363
text-normalization-challenge-russian-language__43dbfa889c46450da2f5fab7fcfec4da,cards_senior_0809.jsonl:23,text-normalization-challenge-russian-language,hard,random_gate,2,0,2,2,0,1.0,0.0,1,0.98255,0.98255,0.0,1.0,0.0,0.0,9.3,2994.488991727936,3003.7889917279363,2763.7889917279363
text-normalization-challenge-russian-language__43dbfa889c46450da2f5fab7fcfec4da,cards_senior_0809.jsonl:23,text-normalization-challenge-russian-language,hard,tfidf_gate,2,0,2,2,0,1.0,0.0,1,0.98255,0.98255,0.0,1.0,0.0,0.0,9.3,2994.488991727936,3003.7889917279363,2763.7889917279363
text-normalization-challenge-russian-language__43dbfa889c46450da2f5fab7fcfec4da,cards_senior_0809.jsonl:23,text-normalization-challenge-russian-language,hard,majority3_gate,2,0,2,2,0,1.0,0.0,1,0.98255,0.98255,0.0,1.0,0.0,0.0,9.3,2994.488991727936,3003.7889917279363,2763.7889917279363
text-normalization-challenge-russian-language__43dbfa889c46450da2f5fab7fcfec4da,cards_senior_0809.jsonl:23,text-normalization-challenge-russian-language,hard,unanimous3_gate,2,0,2,2,0,1.0,0.0,1,0.98255,0.98255,0.0,1.0,0.0,0.0,9.3,2994.488991727936,3003.7889917279363,2763.7889917279363
text-normalization-challenge-russian-language__43dbfa889c46450da2f5fab7fcfec4da,cards_senior_0809.jsonl:23,text-normalization-challenge-russian-language,hard,top1_random,2,0,2,1,1,0.0,0.00541999999999998,1,0.97713,0.98255,-0.00541999999999998,0.0,0.0,1.0,9.3,2994.488991727936,1530.64166330297,1410.64166330297
text-normalization-challenge-russian-language__43dbfa889c46450da2f5fab7fcfec4da,cards_senior_0809.jsonl:23,text-normalization-challenge-russian-language,hard,top1_tfidf,2,0,2,1,1,1.0,0.0,1,0.98255,0.98255,0.0,1.0,0.0,0.0,9.3,2994.488991727936,1482.447328424966,1362.447328424966
text-normalization-challenge-russian-language__43dbfa889c46450da2f5fab7fcfec4da,cards_senior_0809.jsonl:23,text-normalization-challenge-russian-language,hard,top1_majority3,2,0,2,1,1,1.0,0.0,1,0.98255,0.98255,0.0,1.0,0.0,0.0,9.3,2994.488991727936,1482.447328424966,1362.447328424966
text-normalization-challenge-russian-language__43dbfa889c46450da2f5fab7fcfec4da,cards_senior_0809.jsonl:23,text-normalization-challenge-russian-language,hard,top1_stdout,2,0,2,1,1,0.0,0.00541999999999998,1,0.97713,0.98255,-0.00541999999999998,0.0,0.0,1.0,9.3,2994.488991727936,1530.64166330297,1410.64166330297
text-normalization-challenge-russian-language__43dbfa889c46450da2f5fab7fcfec4da,cards_senior_0809.jsonl:23,text-normalization-challenge-russian-language,hard,top1_progress,2,0,2,1,1,0.0,0.00541999999999998,1,0.97713,0.98255,-0.00541999999999998,0.0,0.0,1.0,9.3,2994.488991727936,1530.64166330297,1410.64166330297
text-normalization-challenge-russian-language__43dbfa889c46450da2f5fab7fcfec4da,cards_senior_0809.jsonl:23,text-normalization-challenge-russian-language,hard,top1_stdout_tfidf,2,0,2,1,1,1.0,0.0,1,0.98255,0.98255,0.0,1.0,0.0,0.0,9.3,2994.488991727936,1482.447328424966,1362.447328424966
text-normalization-challenge-russian-language__43dbfa889c46450da2f5fab7fcfec4da,cards_senior_0809.jsonl:23,text-normalization-challenge-russian-language,hard,top1_oracle,2,0,2,1,1,1.0,0.0,1,0.98255,0.98255,0.0,1.0,0.0,0.0,9.3,2994.488991727936,1482.447328424966,1362.447328424966
text-normalization-challenge-russian-language__43dbfa889c46450da2f5fab7fcfec4da,cards_senior_0809.jsonl:23,text-normalization-challenge-russian-language,hard,top2_random,2,0,2,2,0,1.0,0.0,1,0.98255,0.98255,0.0,1.0,0.0,0.0,9.3,2994.488991727936,3003.7889917279363,2763.7889917279363
text-normalization-challenge-russian-language__43dbfa889c46450da2f5fab7fcfec4da,cards_senior_0809.jsonl:23,text-normalization-challenge-russian-language,hard,top2_tfidf,2,0,2,2,0,1.0,0.0,1,0.98255,0.98255,0.0,1.0,0.0,0.0,9.3,2994.488991727936,3003.7889917279363,2763.7889917279363
text-normalization-challenge-russian-language__43dbfa889c46450da2f5fab7fcfec4da,cards_senior_0809.jsonl:23,text-normalization-challenge-russian-language,hard,top2_oracle,2,0,2,2,0,1.0,0.0,1,0.98255,0.98255,0.0,1.0,0.0,0.0,9.3,2994.488991727936,3003.7889917279363,2763.7889917279363
text-normalization-challenge-russian-language__43dbfa889c46450da2f5fab7fcfec4da,cards_senior_0809.jsonl:23,text-normalization-challenge-russian-language,hard,oracle_gate,2,0,2,2,0,1.0,0.0,1,0.98255,0.98255,0.0,1.0,0.0,0.0,9.3,2994.488991727936,3003.7889917279363,2763.7889917279363
text-normalization-challenge-russian-language__43dbfa889c46450da2f5fab7fcfec4da,cards_senior_0809.jsonl:23,text-normalization-challenge-russian-language,hard,full_external,2,0,2,2,0,1.0,0.0,1,0.98255,0.98255,0.0,1.0,0.0,0.0,9.3,2994.488991727936,2994.488991727936,2994.488991727936
tweet-sentiment-extraction__5be644ad99144cb6b4497c8660eebaee,cards_senior_0808.jsonl:31,tweet-sentiment-extraction,easy,artifact_only,2,0,2,0,2,0.5,0.01206000000000007,0,nan,0.70637,nan,0.0,0.0,1.0,240.2,2024.7811343371868,240.2,240.2
tweet-sentiment-extraction__5be644ad99144cb6b4497c8660eebaee,cards_senior_0808.jsonl:31,tweet-sentiment-extraction,easy,all_escalate,2,0,2,2,0,1.0,0.0,1,0.70637,0.70637,0.0,1.0,0.0,0.0,240.2,2024.7811343371868,2264.9811343371866,2024.9811343371869
tweet-sentiment-extraction__5be644ad99144cb6b4497c8660eebaee,cards_senior_0808.jsonl:31,tweet-sentiment-extraction,easy,random_gate,2,0,2,2,0,1.0,0.0,1,0.70637,0.70637,0.0,1.0,0.0,0.0,240.2,2024.7811343371868,2264.9811343371866,2024.9811343371869
tweet-sentiment-extraction__5be644ad99144cb6b4497c8660eebaee,cards_senior_0808.jsonl:31,tweet-sentiment-extraction,easy,tfidf_gate,2,0,2,2,0,1.0,0.0,1,0.70637,0.70637,0.0,1.0,0.0,0.0,240.2,2024.7811343371868,2264.9811343371866,2024.9811343371869
tweet-sentiment-extraction__5be644ad99144cb6b4497c8660eebaee,cards_senior_0808.jsonl:31,tweet-sentiment-extraction,easy,majority3_gate,2,0,2,2,0,1.0,0.0,1,0.70637,0.70637,0.0,1.0,0.0,0.0,240.2,2024.7811343371868,2264.9811343371866,2024.9811343371869
tweet-sentiment-extraction__5be644ad99144cb6b4497c8660eebaee,cards_senior_0808.jsonl:31,tweet-sentiment-extraction,easy,unanimous3_gate,2,0,2,2,0,1.0,0.0,1,0.70637,0.70637,0.0,1.0,0.0,0.0,240.2,2024.7811343371868,2264.9811343371866,2024.9811343371869
tweet-sentiment-extraction__5be644ad99144cb6b4497c8660eebaee,cards_senior_0808.jsonl:31,tweet-sentiment-extraction,easy,top1_random,2,0,2,1,1,0.0,0.02412000000000003,1,0.68225,0.70637,-0.02412000000000003,0.0,0.0,1.0,240.2,2024.7811343371868,1255.354944613576,1135.354944613576
tweet-sentiment-extraction__5be644ad99144cb6b4497c8660eebaee,cards_senior_0808.jsonl:31,tweet-sentiment-extraction,easy,top1_tfidf,2,0,2,1,1,0.0,0.02412000000000003,1,0.68225,0.70637,-0.02412000000000003,0.0,0.0,1.0,240.2,2024.7811343371868,1255.354944613576,1135.354944613576
tweet-sentiment-extraction__5be644ad99144cb6b4497c8660eebaee,cards_senior_0808.jsonl:31,tweet-sentiment-extraction,easy,top1_majority3,2,0,2,1,1,0.0,0.02412000000000003,1,0.68225,0.70637,-0.02412000000000003,0.0,0.0,1.0,240.2,2024.7811343371868,1255.354944613576,1135.354944613576
tweet-sentiment-extraction__5be644ad99144cb6b4497c8660eebaee,cards_senior_0808.jsonl:31,tweet-sentiment-extraction,easy,top1_stdout,2,0,2,1,1,0.0,0.02412000000000003,1,0.68225,0.70637,-0.02412000000000003,0.0,0.0,1.0,240.2,2024.7811343371868,1255.354944613576,1135.354944613576
tweet-sentiment-extraction__5be644ad99144cb6b4497c8660eebaee,cards_senior_0808.jsonl:31,tweet-sentiment-extraction,easy,top1_progress,2,0,2,1,1,0.0,0.02412000000000003,1,0.68225,0.70637,-0.02412000000000003,0.0,0.0,1.0,240.2,2024.7811343371868,1255.354944613576,1135.354944613576
tweet-sentiment-extraction__5be644ad99144cb6b4497c8660eebaee,cards_senior_0808.jsonl:31,tweet-sentiment-extraction,easy,top1_stdout_tfidf,2,0,2,1,1,0.0,0.02412000000000003,1,0.68225,0.70637,-0.02412000000000003,0.0,0.0,1.0,240.2,2024.7811343371868,1255.354944613576,1135.354944613576
tweet-sentiment-extraction__5be644ad99144cb6b4497c8660eebaee,cards_senior_0808.jsonl:31,tweet-sentiment-extraction,easy,top1_oracle,2,0,2,1,1,1.0,0.0,1,0.70637,0.70637,0.0,1.0,0.0,0.0,240.2,2024.7811343371868,1249.826189723611,1129.826189723611
tweet-sentiment-extraction__5be644ad99144cb6b4497c8660eebaee,cards_senior_0808.jsonl:31,tweet-sentiment-extraction,easy,top2_random,2,0,2,2,0,1.0,0.0,1,0.70637,0.70637,0.0,1.0,0.0,0.0,240.2,2024.7811343371868,2264.9811343371866,2024.9811343371869
tweet-sentiment-extraction__5be644ad99144cb6b4497c8660eebaee,cards_senior_0808.jsonl:31,tweet-sentiment-extraction,easy,top2_tfidf,2,0,2,2,0,1.0,0.0,1,0.70637,0.70637,0.0,1.0,0.0,0.0,240.2,2024.7811343371868,2264.9811343371866,2024.9811343371869
tweet-sentiment-extraction__5be644ad99144cb6b4497c8660eebaee,cards_senior_0808.jsonl:31,tweet-sentiment-extraction,easy,top2_oracle,2,0,2,2,0,1.0,0.0,1,0.70637,0.70637,0.0,1.0,0.0,0.0,240.2,2024.7811343371868,2264.9811343371866,2024.9811343371869
tweet-sentiment-extraction__5be644ad99144cb6b4497c8660eebaee,cards_senior_0808.jsonl:31,tweet-sentiment-extraction,easy,oracle_gate,2,0,2,2,0,1.0,0.0,1,0.70637,0.70637,0.0,1.0,0.0,0.0,240.2,2024.7811343371868,2264.9811343371866,2024.9811343371869
tweet-sentiment-extraction__5be644ad99144cb6b4497c8660eebaee,cards_senior_0808.jsonl:31,tweet-sentiment-extraction,easy,full_external,2,0,2,2,0,1.0,0.0,1,0.70637,0.70637,0.0,1.0,0.0,0.0,240.2,2024.7811343371868,2024.7811343371868,2024.7811343371868
tweet-sentiment-extraction__79b72c1b23df4f8db3284a62700da952,cards_senior_0806.jsonl:24,tweet-sentiment-extraction,hard,artifact_only,2,0,2,0,2,0.5,0.003155000000000019,0,nan,0.67911,nan,0.0,0.0,1.0,240.3,2254.8838921114802,240.3,240.3
tweet-sentiment-extraction__79b72c1b23df4f8db3284a62700da952,cards_senior_0806.jsonl:24,tweet-sentiment-extraction,hard,all_escalate,2,0,2,2,0,1.0,0.0,1,0.67911,0.67911,0.0,1.0,0.0,0.0,240.3,2254.8838921114802,2495.1838921114804,2255.1838921114804
tweet-sentiment-extraction__79b72c1b23df4f8db3284a62700da952,cards_senior_0806.jsonl:24,tweet-sentiment-extraction,hard,random_gate,2,0,2,2,0,1.0,0.0,1,0.67911,0.67911,0.0,1.0,0.0,0.0,240.3,2254.8838921114802,2495.1838921114804,2255.1838921114804
tweet-sentiment-extraction__79b72c1b23df4f8db3284a62700da952,cards_senior_0806.jsonl:24,tweet-sentiment-extraction,hard,tfidf_gate,2,0,2,2,0,1.0,0.0,1,0.67911,0.67911,0.0,1.0,0.0,0.0,240.3,2254.8838921114802,2495.1838921114804,2255.1838921114804
tweet-sentiment-extraction__79b72c1b23df4f8db3284a62700da952,cards_senior_0806.jsonl:24,tweet-sentiment-extraction,hard,majority3_gate,2,0,2,2,0,1.0,0.0,1,0.67911,0.67911,0.0,1.0,0.0,0.0,240.3,2254.8838921114802,2495.1838921114804,2255.1838921114804
tweet-sentiment-extraction__79b72c1b23df4f8db3284a62700da952,cards_senior_0806.jsonl:24,tweet-sentiment-extraction,hard,unanimous3_gate,2,0,2,2,0,1.0,0.0,1,0.67911,0.67911,0.0,1.0,0.0,0.0,240.3,2254.8838921114802,2495.1838921114804,2255.1838921114804
tweet-sentiment-extraction__79b72c1b23df4f8db3284a62700da952,cards_senior_0806.jsonl:24,tweet-sentiment-extraction,hard,top1_random,2,0,2,1,1,1.0,0.0,1,0.67911,0.67911,0.0,1.0,0.0,0.0,240.3,2254.8838921114802,1035.4687357034534,915.4687357034534
tweet-sentiment-extraction__79b72c1b23df4f8db3284a62700da952,cards_senior_0806.jsonl:24,tweet-sentiment-extraction,hard,top1_tfidf,2,0,2,1,1,1.0,0.0,1,0.67911,0.67911,0.0,1.0,0.0,0.0,240.3,2254.8838921114802,1035.4687357034534,915.4687357034534
tweet-sentiment-extraction__79b72c1b23df4f8db3284a62700da952,cards_senior_0806.jsonl:24,tweet-sentiment-extraction,hard,top1_majority3,2,0,2,1,1,1.0,0.0,1,0.67911,0.67911,0.0,1.0,0.0,0.0,240.3,2254.8838921114802,1035.4687357034534,915.4687357034534
tweet-sentiment-extraction__79b72c1b23df4f8db3284a62700da952,cards_senior_0806.jsonl:24,tweet-sentiment-extraction,hard,top1_stdout,2,0,2,1,1,1.0,0.0,1,0.67911,0.67911,0.0,1.0,0.0,0.0,240.3,2254.8838921114802,1035.4687357034534,915.4687357034534
tweet-sentiment-extraction__79b72c1b23df4f8db3284a62700da952,cards_senior_0806.jsonl:24,tweet-sentiment-extraction,hard,top1_progress,2,0,2,1,1,1.0,0.0,1,0.67911,0.67911,0.0,1.0,0.0,0.0,240.3,2254.8838921114802,1035.4687357034534,915.4687357034534
tweet-sentiment-extraction__79b72c1b23df4f8db3284a62700da952,cards_senior_0806.jsonl:24,tweet-sentiment-extraction,hard,top1_stdout_tfidf,2,0,2,1,1,1.0,0.0,1,0.67911,0.67911,0.0,1.0,0.0,0.0,240.3,2254.8838921114802,1035.4687357034534,915.4687357034534
tweet-sentiment-extraction__79b72c1b23df4f8db3284a62700da952,cards_senior_0806.jsonl:24,tweet-sentiment-extraction,hard,top1_oracle,2,0,2,1,1,1.0,0.0,1,0.67911,0.67911,0.0,1.0,0.0,0.0,240.3,2254.8838921114802,1035.4687357034534,915.4687357034534
tweet-sentiment-extraction__79b72c1b23df4f8db3284a62700da952,cards_senior_0806.jsonl:24,tweet-sentiment-extraction,hard,top2_random,2,0,2,2,0,1.0,0.0,1,0.67911,0.67911,0.0,1.0,0.0,0.0,240.3,2254.8838921114802,2495.1838921114804,2255.1838921114804
tweet-sentiment-extraction__79b72c1b23df4f8db3284a62700da952,cards_senior_0806.jsonl:24,tweet-sentiment-extraction,hard,top2_tfidf,2,0,2,2,0,1.0,0.0,1,0.67911,0.67911,0.0,1.0,0.0,0.0,240.3,2254.8838921114802,2495.1838921114804,2255.1838921114804
tweet-sentiment-extraction__79b72c1b23df4f8db3284a62700da952,cards_senior_0806.jsonl:24,tweet-sentiment-extraction,hard,top2_oracle,2,0,2,2,0,1.0,0.0,1,0.67911,0.67911,0.0,1.0,0.0,0.0,240.3,2254.8838921114802,2495.1838921114804,2255.1838921114804
tweet-sentiment-extraction__79b72c1b23df4f8db3284a62700da952,cards_senior_0806.jsonl:24,tweet-sentiment-extraction,hard,oracle_gate,2,0,2,2,0,1.0,0.0,1,0.67911,0.67911,0.0,1.0,0.0,0.0,240.3,2254.8838921114802,2495.1838921114804,2255.1838921114804
tweet-sentiment-extraction__79b72c1b23df4f8db3284a62700da952,cards_senior_0806.jsonl:24,tweet-sentiment-extraction,hard,full_external,2,0,2,2,0,1.0,0.0,1,0.67911,0.67911,0.0,1.0,0.0,0.0,240.3,2254.8838921114802,2254.8838921114802,2254.8838921114802
tweet-sentiment-extraction__8e67290c9fd54dba997e3b505c195ccd,cards_senior_0808.jsonl:31,tweet-sentiment-extraction,hard,artifact_only,2,0,2,0,2,0.5,0.004805000000000059,0,nan,0.70236,nan,0.0,0.0,1.0,240.2,4238.258394338191,240.2,240.2
tweet-sentiment-extraction__8e67290c9fd54dba997e3b505c195ccd,cards_senior_0808.jsonl:31,tweet-sentiment-extraction,hard,all_escalate,2,0,2,2,0,1.0,0.0,1,0.70236,0.70236,0.0,1.0,0.0,0.0,240.2,4238.258394338191,4478.45839433819,4238.45839433819
tweet-sentiment-extraction__8e67290c9fd54dba997e3b505c195ccd,cards_senior_0808.jsonl:31,tweet-sentiment-extraction,hard,random_gate,2,0,2,2,0,1.0,0.0,1,0.70236,0.70236,0.0,1.0,0.0,0.0,240.2,4238.258394338191,4478.45839433819,4238.45839433819
tweet-sentiment-extraction__8e67290c9fd54dba997e3b505c195ccd,cards_senior_0808.jsonl:31,tweet-sentiment-extraction,hard,tfidf_gate,2,0,2,2,0,1.0,0.0,1,0.70236,0.70236,0.0,1.0,0.0,0.0,240.2,4238.258394338191,4478.45839433819,4238.45839433819
tweet-sentiment-extraction__8e67290c9fd54dba997e3b505c195ccd,cards_senior_0808.jsonl:31,tweet-sentiment-extraction,hard,majority3_gate,2,0,2,2,0,1.0,0.0,1,0.70236,0.70236,0.0,1.0,0.0,0.0,240.2,4238.258394338191,4478.45839433819,4238.45839433819
tweet-sentiment-extraction__8e67290c9fd54dba997e3b505c195ccd,cards_senior_0808.jsonl:31,tweet-sentiment-extraction,hard,unanimous3_gate,2,0,2,2,0,1.0,0.0,1,0.70236,0.70236,0.0,1.0,0.0,0.0,240.2,4238.258394338191,4478.45839433819,4238.45839433819
tweet-sentiment-extraction__8e67290c9fd54dba997e3b505c195ccd,cards_senior_0808.jsonl:31,tweet-sentiment-extraction,hard,top1_random,2,0,2,1,1,0.0,0.009610000000000007,1,0.69275,0.70236,-0.009610000000000007,0.0,0.0,1.0,240.2,4238.258394338191,2367.5879446461795,2247.5879446461795
tweet-sentiment-extraction__8e67290c9fd54dba997e3b505c195ccd,cards_senior_0808.jsonl:31,tweet-sentiment-extraction,hard,top1_tfidf,2,0,2,1,1,0.0,0.009610000000000007,1,0.69275,0.70236,-0.009610000000000007,0.0,0.0,1.0,240.2,4238.258394338191,2367.5879446461795,2247.5879446461795
tweet-sentiment-extraction__8e67290c9fd54dba997e3b505c195ccd,cards_senior_0808.jsonl:31,tweet-sentiment-extraction,hard,top1_majority3,2,0,2,1,1,0.0,0.009610000000000007,1,0.69275,0.70236,-0.009610000000000007,0.0,0.0,1.0,240.2,4238.258394338191,2367.5879446461795,2247.5879446461795
tweet-sentiment-extraction__8e67290c9fd54dba997e3b505c195ccd,cards_senior_0808.jsonl:31,tweet-sentiment-extraction,hard,top1_stdout,2,0,2,1,1,1.0,0.0,1,0.70236,0.70236,0.0,1.0,0.0,0.0,240.2,4238.258394338191,2351.0704496920107,2231.0704496920107
tweet-sentiment-extraction__8e67290c9fd54dba997e3b505c195ccd,cards_senior_0808.jsonl:31,tweet-sentiment-extraction,hard,top1_progress,2,0,2,1,1,0.0,0.009610000000000007,1,0.69275,0.70236,-0.009610000000000007,0.0,0.0,1.0,240.2,4238.258394338191,2367.5879446461795,2247.5879446461795
tweet-sentiment-extraction__8e67290c9fd54dba997e3b505c195ccd,cards_senior_0808.jsonl:31,tweet-sentiment-extraction,hard,top1_stdout_tfidf,2,0,2,1,1,0.0,0.009610000000000007,1,0.69275,0.70236,-0.009610000000000007,0.0,0.0,1.0,240.2,4238.258394338191,2367.5879446461795,2247.5879446461795
tweet-sentiment-extraction__8e67290c9fd54dba997e3b505c195ccd,cards_senior_0808.jsonl:31,tweet-sentiment-extraction,hard,top1_oracle,2,0,2,1,1,1.0,0.0,1,0.70236,0.70236,0.0,1.0,0.0,0.0,240.2,4238.258394338191,2351.0704496920107,2231.0704496920107
tweet-sentiment-extraction__8e67290c9fd54dba997e3b505c195ccd,cards_senior_0808.jsonl:31,tweet-sentiment-extraction,hard,top2_random,2,0,2,2,0,1.0,0.0,1,0.70236,0.70236,0.0,1.0,0.0,0.0,240.2,4238.258394338191,4478.45839433819,4238.45839433819
tweet-sentiment-extraction__8e67290c9fd54dba997e3b505c195ccd,cards_senior_0808.jsonl:31,tweet-sentiment-extraction,hard,top2_tfidf,2,0,2,2,0,1.0,0.0,1,0.70236,0.70236,0.0,1.0,0.0,0.0,240.2,4238.258394338191,4478.45839433819,4238.45839433819
tweet-sentiment-extraction__8e67290c9fd54dba997e3b505c195ccd,cards_senior_0808.jsonl:31,tweet-sentiment-extraction,hard,top2_oracle,2,0,2,2,0,1.0,0.0,1,0.70236,0.70236,0.0,1.0,0.0,0.0,240.2,4238.258394338191,4478.45839433819,4238.45839433819
tweet-sentiment-extraction__8e67290c9fd54dba997e3b505c195ccd,cards_senior_0808.jsonl:31,tweet-sentiment-extraction,hard,oracle_gate,2,0,2,2,0,1.0,0.0,1,0.70236,0.70236,0.0,1.0,0.0,0.0,240.2,4238.258394338191,4478.45839433819,4238.45839433819
tweet-sentiment-extraction__8e67290c9fd54dba997e3b505c195ccd,cards_senior_0808.jsonl:31,tweet-sentiment-extraction,hard,full_external,2,0,2,2,0,1.0,0.0,1,0.70236,0.70236,0.0,1.0,0.0,0.0,240.2,4238.258394338191,4238.258394338191,4238.258394338191
tweet-sentiment-extraction__d1885b0e987f42cdb76500c3050dc204,cards_senior_0808.jsonl:31,tweet-sentiment-extraction,easy,artifact_only,2,0,2,0,2,0.5,0.02022999999999997,0,nan,0.71713,nan,0.0,0.0,1.0,240.2,4227.325843855739,240.2,240.2
tweet-sentiment-extraction__d1885b0e987f42cdb76500c3050dc204,cards_senior_0808.jsonl:31,tweet-sentiment-extraction,easy,all_escalate,2,0,2,2,0,1.0,0.0,1,0.71713,0.71713,0.0,1.0,0.0,0.0,240.2,4227.325843855739,4467.5258438557385,4227.5258438557385
tweet-sentiment-extraction__d1885b0e987f42cdb76500c3050dc204,cards_senior_0808.jsonl:31,tweet-sentiment-extraction,easy,random_gate,2,0,2,2,0,1.0,0.0,1,0.71713,0.71713,0.0,1.0,0.0,0.0,240.2,4227.325843855739,4467.5258438557385,4227.5258438557385
tweet-sentiment-extraction__d1885b0e987f42cdb76500c3050dc204,cards_senior_0808.jsonl:31,tweet-sentiment-extraction,easy,tfidf_gate,2,0,2,2,0,1.0,0.0,1,0.71713,0.71713,0.0,1.0,0.0,0.0,240.2,4227.325843855739,4467.5258438557385,4227.5258438557385
tweet-sentiment-extraction__d1885b0e987f42cdb76500c3050dc204,cards_senior_0808.jsonl:31,tweet-sentiment-extraction,easy,majority3_gate,2,0,2,2,0,1.0,0.0,1,0.71713,0.71713,0.0,1.0,0.0,0.0,240.2,4227.325843855739,4467.5258438557385,4227.5258438557385
tweet-sentiment-extraction__d1885b0e987f42cdb76500c3050dc204,cards_senior_0808.jsonl:31,tweet-sentiment-extraction,easy,unanimous3_gate,2,0,2,2,0,1.0,0.0,1,0.71713,0.71713,0.0,1.0,0.0,0.0,240.2,4227.325843855739,4467.5258438557385,4227.5258438557385
tweet-sentiment-extraction__d1885b0e987f42cdb76500c3050dc204,cards_senior_0808.jsonl:31,tweet-sentiment-extraction,easy,top1_random,2,0,2,1,1,0.0,0.04046000000000005,1,0.67667,0.71713,-0.04046000000000005,0.0,0.0,1.0,240.2,4227.325843855739,2332.353772294521,2212.353772294521
tweet-sentiment-extraction__d1885b0e987f42cdb76500c3050dc204,cards_senior_0808.jsonl:31,tweet-sentiment-extraction,easy,top1_tfidf,2,0,2,1,1,0.0,0.04046000000000005,1,0.67667,0.71713,-0.04046000000000005,0.0,0.0,1.0,240.2,4227.325843855739,2332.353772294521,2212.353772294521
tweet-sentiment-extraction__d1885b0e987f42cdb76500c3050dc204,cards_senior_0808.jsonl:31,tweet-sentiment-extraction,easy,top1_majority3,2,0,2,1,1,0.0,0.04046000000000005,1,0.67667,0.71713,-0.04046000000000005,0.0,0.0,1.0,240.2,4227.325843855739,2332.353772294521,2212.353772294521
tweet-sentiment-extraction__d1885b0e987f42cdb76500c3050dc204,cards_senior_0808.jsonl:31,tweet-sentiment-extraction,easy,top1_stdout,2,0,2,1,1,0.0,0.04046000000000005,1,0.67667,0.71713,-0.04046000000000005,0.0,0.0,1.0,240.2,4227.325843855739,2332.353772294521,2212.353772294521
tweet-sentiment-extraction__d1885b0e987f42cdb76500c3050dc204,cards_senior_0808.jsonl:31,tweet-sentiment-extraction,easy,top1_progress,2,0,2,1,1,0.0,0.04046000000000005,1,0.67667,0.71713,-0.04046000000000005,0.0,0.0,1.0,240.2,4227.325843855739,2332.353772294521,2212.353772294521
tweet-sentiment-extraction__d1885b0e987f42cdb76500c3050dc204,cards_senior_0808.jsonl:31,tweet-sentiment-extraction,easy,top1_stdout_tfidf,2,0,2,1,1,0.0,0.04046000000000005,1,0.67667,0.71713,-0.04046000000000005,0.0,0.0,1.0,240.2,4227.325843855739,2332.353772294521,2212.353772294521
tweet-sentiment-extraction__d1885b0e987f42cdb76500c3050dc204,cards_senior_0808.jsonl:31,tweet-sentiment-extraction,easy,top1_oracle,2,0,2,1,1,1.0,0.0,1,0.71713,0.71713,0.0,1.0,0.0,0.0,240.2,4227.325843855739,2375.372071561217,2255.372071561217
tweet-sentiment-extraction__d1885b0e987f42cdb76500c3050dc204,cards_senior_0808.jsonl:31,tweet-sentiment-extraction,easy,top2_random,2,0,2,2,0,1.0,0.0,1,0.71713,0.71713,0.0,1.0,0.0,0.0,240.2,4227.325843855739,4467.5258438557385,4227.5258438557385
tweet-sentiment-extraction__d1885b0e987f42cdb76500c3050dc204,cards_senior_0808.jsonl:31,tweet-sentiment-extraction,easy,top2_tfidf,2,0,2,2,0,1.0,0.0,1,0.71713,0.71713,0.0,1.0,0.0,0.0,240.2,4227.325843855739,4467.5258438557385,4227.5258438557385
tweet-sentiment-extraction__d1885b0e987f42cdb76500c3050dc204,cards_senior_0808.jsonl:31,tweet-sentiment-extraction,easy,top2_oracle,2,0,2,2,0,1.0,0.0,1,0.71713,0.71713,0.0,1.0,0.0,0.0,240.2,4227.325843855739,4467.5258438557385,4227.5258438557385
tweet-sentiment-extraction__d1885b0e987f42cdb76500c3050dc204,cards_senior_0808.jsonl:31,tweet-sentiment-extraction,easy,oracle_gate,2,0,2,2,0,1.0,0.0,1,0.71713,0.71713,0.0,1.0,0.0,0.0,240.2,4227.325843855739,4467.5258438557385,4227.5258438557385
tweet-sentiment-extraction__d1885b0e987f42cdb76500c3050dc204,cards_senior_0808.jsonl:31,tweet-sentiment-extraction,easy,full_external,2,0,2,2,0,1.0,0.0,1,0.71713,0.71713,0.0,1.0,0.0,0.0,240.2,4227.325843855739,4227.325843855739,4227.325843855739
tweet-sentiment-extraction__e3a6b0cbf8c442d29c34bfeed357e7b9,cards_ours_20260727.jsonl:78,tweet-sentiment-extraction,easy,artifact_only,2,0,2,0,2,0.5,0.020484999999999975,0,nan,0.67837,nan,0.0,0.0,1.0,240.4,1624.8608327880502,240.4,240.4
tweet-sentiment-extraction__e3a6b0cbf8c442d29c34bfeed357e7b9,cards_ours_20260727.jsonl:78,tweet-sentiment-extraction,easy,all_escalate,2,0,2,2,0,1.0,0.0,1,0.67837,0.67837,0.0,1.0,0.0,0.0,240.4,1624.8608327880502,1865.2608327880503,1625.2608327880503
tweet-sentiment-extraction__e3a6b0cbf8c442d29c34bfeed357e7b9,cards_ours_20260727.jsonl:78,tweet-sentiment-extraction,easy,random_gate,2,0,2,2,0,1.0,0.0,1,0.67837,0.67837,0.0,1.0,0.0,0.0,240.4,1624.8608327880502,1865.2608327880503,1625.2608327880503
tweet-sentiment-extraction__e3a6b0cbf8c442d29c34bfeed357e7b9,cards_ours_20260727.jsonl:78,tweet-sentiment-extraction,easy,tfidf_gate,2,0,2,2,0,1.0,0.0,1,0.67837,0.67837,0.0,1.0,0.0,0.0,240.4,1624.8608327880502,1865.2608327880503,1625.2608327880503
tweet-sentiment-extraction__e3a6b0cbf8c442d29c34bfeed357e7b9,cards_ours_20260727.jsonl:78,tweet-sentiment-extraction,easy,majority3_gate,2,0,2,2,0,1.0,0.0,1,0.67837,0.67837,0.0,1.0,0.0,0.0,240.4,1624.8608327880502,1865.2608327880503,1625.2608327880503
tweet-sentiment-extraction__e3a6b0cbf8c442d29c34bfeed357e7b9,cards_ours_20260727.jsonl:78,tweet-sentiment-extraction,easy,unanimous3_gate,2,0,2,2,0,1.0,0.0,1,0.67837,0.67837,0.0,1.0,0.0,0.0,240.4,1624.8608327880502,1865.2608327880503,1625.2608327880503
tweet-sentiment-extraction__e3a6b0cbf8c442d29c34bfeed357e7b9,cards_ours_20260727.jsonl:78,tweet-sentiment-extraction,easy,top1_random,2,0,2,1,1,0.0,0.04097000000000006,1,0.6374,0.67837,-0.04097000000000006,0.0,0.0,1.0,240.4,1624.8608327880502,1300.7920334205032,1180.7920334205032
tweet-sentiment-extraction__e3a6b0cbf8c442d29c34bfeed357e7b9,cards_ours_20260727.jsonl:78,tweet-sentiment-extraction,easy,top1_tfidf,2,0,2,1,1,1.0,0.0,1,0.67837,0.67837,0.0,1.0,0.0,0.0,240.4,1624.8608327880502,804.868799367547,684.868799367547
tweet-sentiment-extraction__e3a6b0cbf8c442d29c34bfeed357e7b9,cards_ours_20260727.jsonl:78,tweet-sentiment-extraction,easy,top1_majority3,2,0,2,1,1,1.0,0.0,1,0.67837,0.67837,0.0,1.0,0.0,0.0,240.4,1624.8608327880502,804.868799367547,684.868799367547
tweet-sentiment-extraction__e3a6b0cbf8c442d29c34bfeed357e7b9,cards_ours_20260727.jsonl:78,tweet-sentiment-extraction,easy,top1_stdout,2,0,2,1,1,1.0,0.0,1,0.67837,0.67837,0.0,1.0,0.0,0.0,240.4,1624.8608327880502,804.868799367547,684.868799367547
tweet-sentiment-extraction__e3a6b0cbf8c442d29c34bfeed357e7b9,cards_ours_20260727.jsonl:78,tweet-sentiment-extraction,easy,top1_progress,2,0,2,1,1,1.0,0.0,1,0.67837,0.67837,0.0,1.0,0.0,0.0,240.4,1624.8608327880502,804.868799367547,684.868799367547
tweet-sentiment-extraction__e3a6b0cbf8c442d29c34bfeed357e7b9,cards_ours_20260727.jsonl:78,tweet-sentiment-extraction,easy,top1_stdout_tfidf,2,0,2,1,1,1.0,0.0,1,0.67837,0.67837,0.0,1.0,0.0,0.0,240.4,1624.8608327880502,804.868799367547,684.868799367547
tweet-sentiment-extraction__e3a6b0cbf8c442d29c34bfeed357e7b9,cards_ours_20260727.jsonl:78,tweet-sentiment-extraction,easy,top1_oracle,2,0,2,1,1,1.0,0.0,1,0.67837,0.67837,0.0,1.0,0.0,0.0,240.4,1624.8608327880502,804.868799367547,684.868799367547
tweet-sentiment-extraction__e3a6b0cbf8c442d29c34bfeed357e7b9,cards_ours_20260727.jsonl:78,tweet-sentiment-extraction,easy,top2_random,2,0,2,2,0,1.0,0.0,1,0.67837,0.67837,0.0,1.0,0.0,0.0,240.4,1624.8608327880502,1865.2608327880503,1625.2608327880503
tweet-sentiment-extraction__e3a6b0cbf8c442d29c34bfeed357e7b9,cards_ours_20260727.jsonl:78,tweet-sentiment-extraction,easy,top2_tfidf,2,0,2,2,0,1.0,0.0,1,0.67837,0.67837,0.0,1.0,0.0,0.0,240.4,1624.8608327880502,1865.2608327880503,1625.2608327880503
tweet-sentiment-extraction__e3a6b0cbf8c442d29c34bfeed357e7b9,cards_ours_20260727.jsonl:78,tweet-sentiment-extraction,easy,top2_oracle,2,0,2,2,0,1.0,0.0,1,0.67837,0.67837,0.0,1.0,0.0,0.0,240.4,1624.8608327880502,1865.2608327880503,1625.2608327880503
tweet-sentiment-extraction__e3a6b0cbf8c442d29c34bfeed357e7b9,cards_ours_20260727.jsonl:78,tweet-sentiment-extraction,easy,oracle_gate,2,0,2,2,0,1.0,0.0,1,0.67837,0.67837,0.0,1.0,0.0,0.0,240.4,1624.8608327880502,1865.2608327880503,1625.2608327880503
tweet-sentiment-extraction__e3a6b0cbf8c442d29c34bfeed357e7b9,cards_ours_20260727.jsonl:78,tweet-sentiment-extraction,easy,full_external,2,0,2,2,0,1.0,0.0,1,0.67837,0.67837,0.0,1.0,0.0,0.0,240.4,1624.8608327880502,1624.8608327880502,1624.8608327880502
tweet-sentiment-extraction__f4ea2d18e2ab4322a42cebfe171dd8f0,cards_senior_0806.jsonl:24,tweet-sentiment-extraction,hard,artifact_only,2,0,2,0,2,0.5,0.0021499999999999853,0,nan,0.68423,nan,0.0,0.0,1.0,240.3,2112.7560164816678,240.3,240.3
tweet-sentiment-extraction__f4ea2d18e2ab4322a42cebfe171dd8f0,cards_senior_0806.jsonl:24,tweet-sentiment-extraction,hard,all_escalate,2,0,2,2,0,1.0,0.0,1,0.68423,0.68423,0.0,1.0,0.0,0.0,240.3,2112.7560164816678,2353.056016481668,2113.056016481668
tweet-sentiment-extraction__f4ea2d18e2ab4322a42cebfe171dd8f0,cards_senior_0806.jsonl:24,tweet-sentiment-extraction,hard,random_gate,2,0,2,2,0,1.0,0.0,1,0.68423,0.68423,0.0,1.0,0.0,0.0,240.3,2112.7560164816678,2353.056016481668,2113.056016481668
tweet-sentiment-extraction__f4ea2d18e2ab4322a42cebfe171dd8f0,cards_senior_0806.jsonl:24,tweet-sentiment-extraction,hard,tfidf_gate,2,0,2,2,0,1.0,0.0,1,0.68423,0.68423,0.0,1.0,0.0,0.0,240.3,2112.7560164816678,2353.056016481668,2113.056016481668
tweet-sentiment-extraction__f4ea2d18e2ab4322a42cebfe171dd8f0,cards_senior_0806.jsonl:24,tweet-sentiment-extraction,hard,majority3_gate,2,0,2,2,0,1.0,0.0,1,0.68423,0.68423,0.0,1.0,0.0,0.0,240.3,2112.7560164816678,2353.056016481668,2113.056016481668
tweet-sentiment-extraction__f4ea2d18e2ab4322a42cebfe171dd8f0,cards_senior_0806.jsonl:24,tweet-sentiment-extraction,hard,unanimous3_gate,2,0,2,2,0,1.0,0.0,1,0.68423,0.68423,0.0,1.0,0.0,0.0,240.3,2112.7560164816678,2353.056016481668,2113.056016481668
tweet-sentiment-extraction__f4ea2d18e2ab4322a42cebfe171dd8f0,cards_senior_0806.jsonl:24,tweet-sentiment-extraction,hard,top1_random,2,0,2,1,1,0.0,0.0042999999999999705,1,0.67993,0.68423,-0.0042999999999999705,0.0,0.0,1.0,240.3,2112.7560164816678,1236.5117301616817,1116.5117301616817
tweet-sentiment-extraction__f4ea2d18e2ab4322a42cebfe171dd8f0,cards_senior_0806.jsonl:24,tweet-sentiment-extraction,hard,top1_tfidf,2,0,2,1,1,0.0,0.0042999999999999705,1,0.67993,0.68423,-0.0042999999999999705,0.0,0.0,1.0,240.3,2112.7560164816678,1236.5117301616817,1116.5117301616817
tweet-sentiment-extraction__f4ea2d18e2ab4322a42cebfe171dd8f0,cards_senior_0806.jsonl:24,tweet-sentiment-extraction,hard,top1_majority3,2,0,2,1,1,0.0,0.0042999999999999705,1,0.67993,0.68423,-0.0042999999999999705,0.0,0.0,1.0,240.3,2112.7560164816678,1236.5117301616817,1116.5117301616817
tweet-sentiment-extraction__f4ea2d18e2ab4322a42cebfe171dd8f0,cards_senior_0806.jsonl:24,tweet-sentiment-extraction,hard,top1_stdout,2,0,2,1,1,0.0,0.0042999999999999705,1,0.67993,0.68423,-0.0042999999999999705,0.0,0.0,1.0,240.3,2112.7560164816678,1236.5117301616817,1116.5117301616817
tweet-sentiment-extraction__f4ea2d18e2ab4322a42cebfe171dd8f0,cards_senior_0806.jsonl:24,tweet-sentiment-extraction,hard,top1_progress,2,0,2,1,1,0.0,0.0042999999999999705,1,0.67993,0.68423,-0.0042999999999999705,0.0,0.0,1.0,240.3,2112.7560164816678,1236.5117301616817,1116.5117301616817
tweet-sentiment-extraction__f4ea2d18e2ab4322a42cebfe171dd8f0,cards_senior_0806.jsonl:24,tweet-sentiment-extraction,hard,top1_stdout_tfidf,2,0,2,1,1,0.0,0.0042999999999999705,1,0.67993,0.68423,-0.0042999999999999705,0.0,0.0,1.0,240.3,2112.7560164816678,1236.5117301616817,1116.5117301616817
tweet-sentiment-extraction__f4ea2d18e2ab4322a42cebfe171dd8f0,cards_senior_0806.jsonl:24,tweet-sentiment-extraction,hard,top1_oracle,2,0,2,1,1,1.0,0.0,1,0.68423,0.68423,0.0,1.0,0.0,0.0,240.3,2112.7560164816678,1356.844286319986,1236.844286319986
tweet-sentiment-extraction__f4ea2d18e2ab4322a42cebfe171dd8f0,cards_senior_0806.jsonl:24,tweet-sentiment-extraction,hard,top2_random,2,0,2,2,0,1.0,0.0,1,0.68423,0.68423,0.0,1.0,0.0,0.0,240.3,2112.7560164816678,2353.056016481668,2113.056016481668
tweet-sentiment-extraction__f4ea2d18e2ab4322a42cebfe171dd8f0,cards_senior_0806.jsonl:24,tweet-sentiment-extraction,hard,top2_tfidf,2,0,2,2,0,1.0,0.0,1,0.68423,0.68423,0.0,1.0,0.0,0.0,240.3,2112.7560164816678,2353.056016481668,2113.056016481668
tweet-sentiment-extraction__f4ea2d18e2ab4322a42cebfe171dd8f0,cards_senior_0806.jsonl:24,tweet-sentiment-extraction,hard,top2_oracle,2,0,2,2,0,1.0,0.0,1,0.68423,0.68423,0.0,1.0,0.0,0.0,240.3,2112.7560164816678,2353.056016481668,2113.056016481668
tweet-sentiment-extraction__f4ea2d18e2ab4322a42cebfe171dd8f0,cards_senior_0806.jsonl:24,tweet-sentiment-extraction,hard,oracle_gate,2,0,2,2,0,1.0,0.0,1,0.68423,0.68423,0.0,1.0,0.0,0.0,240.3,2112.7560164816678,2353.056016481668,2113.056016481668
tweet-sentiment-extraction__f4ea2d18e2ab4322a42cebfe171dd8f0,cards_senior_0806.jsonl:24,tweet-sentiment-extraction,hard,full_external,2,0,2,2,0,1.0,0.0,1,0.68423,0.68423,0.0,1.0,0.0,0.0,240.3,2112.7560164816678,2112.7560164816678,2112.7560164816678
us-patent-phrase-to-phrase-matching__3bd04fbd77e74e74a15e216bba7cb7f2,cards_senior_0809.jsonl:0,us-patent-phrase-to-phrase-matching,easy,artifact_only,2,0,2,0,2,0.5,0.22229500000000002,0,nan,0.64703,nan,0.0,0.0,1.0,240.2,1165.0347208827734,240.2,240.2
us-patent-phrase-to-phrase-matching__3bd04fbd77e74e74a15e216bba7cb7f2,cards_senior_0809.jsonl:0,us-patent-phrase-to-phrase-matching,easy,all_escalate,2,0,2,2,0,1.0,0.0,1,0.64703,0.64703,0.0,1.0,0.0,0.0,240.2,1165.0347208827734,1405.2347208827734,1165.2347208827734
us-patent-phrase-to-phrase-matching__3bd04fbd77e74e74a15e216bba7cb7f2,cards_senior_0809.jsonl:0,us-patent-phrase-to-phrase-matching,easy,random_gate,2,0,2,2,0,1.0,0.0,1,0.64703,0.64703,0.0,1.0,0.0,0.0,240.2,1165.0347208827734,1405.2347208827734,1165.2347208827734
us-patent-phrase-to-phrase-matching__3bd04fbd77e74e74a15e216bba7cb7f2,cards_senior_0809.jsonl:0,us-patent-phrase-to-phrase-matching,easy,tfidf_gate,2,0,2,2,0,1.0,0.0,1,0.64703,0.64703,0.0,1.0,0.0,0.0,240.2,1165.0347208827734,1405.2347208827734,1165.2347208827734
us-patent-phrase-to-phrase-matching__3bd04fbd77e74e74a15e216bba7cb7f2,cards_senior_0809.jsonl:0,us-patent-phrase-to-phrase-matching,easy,majority3_gate,2,0,2,2,0,1.0,0.0,1,0.64703,0.64703,0.0,1.0,0.0,0.0,240.2,1165.0347208827734,1405.2347208827734,1165.2347208827734
us-patent-phrase-to-phrase-matching__3bd04fbd77e74e74a15e216bba7cb7f2,cards_senior_0809.jsonl:0,us-patent-phrase-to-phrase-matching,easy,unanimous3_gate,2,0,2,2,0,1.0,0.0,1,0.64703,0.64703,0.0,1.0,0.0,0.0,240.2,1165.0347208827734,1405.2347208827734,1165.2347208827734
us-patent-phrase-to-phrase-matching__3bd04fbd77e74e74a15e216bba7cb7f2,cards_senior_0809.jsonl:0,us-patent-phrase-to-phrase-matching,easy,top1_random,2,0,2,1,1,1.0,0.0,1,0.64703,0.64703,0.0,1.0,0.0,0.0,240.2,1165.0347208827734,1041.1672417789698,921.1672417789698
us-patent-phrase-to-phrase-matching__3bd04fbd77e74e74a15e216bba7cb7f2,cards_senior_0809.jsonl:0,us-patent-phrase-to-phrase-matching,easy,top1_tfidf,2,0,2,1,1,0.0,0.44459,1,0.20244,0.64703,-0.44459,0.0,0.0,1.0,240.2,1165.0347208827734,604.2674791038037,484.2674791038036
us-patent-phrase-to-phrase-matching__3bd04fbd77e74e74a15e216bba7cb7f2,cards_senior_0809.jsonl:0,us-patent-phrase-to-phrase-matching,easy,top1_majority3,2,0,2,1,1,0.0,0.44459,1,0.20244,0.64703,-0.44459,0.0,0.0,1.0,240.2,1165.0347208827734,604.2674791038037,484.2674791038036
us-patent-phrase-to-phrase-matching__3bd04fbd77e74e74a15e216bba7cb7f2,cards_senior_0809.jsonl:0,us-patent-phrase-to-phrase-matching,easy,top1_stdout,2,0,2,1,1,0.0,0.44459,1,0.20244,0.64703,-0.44459,0.0,0.0,1.0,240.2,1165.0347208827734,604.2674791038037,484.2674791038036
us-patent-phrase-to-phrase-matching__3bd04fbd77e74e74a15e216bba7cb7f2,cards_senior_0809.jsonl:0,us-patent-phrase-to-phrase-matching,easy,top1_progress,2,0,2,1,1,0.0,0.44459,1,0.20244,0.64703,-0.44459,0.0,0.0,1.0,240.2,1165.0347208827734,604.2674791038037,484.2674791038036
us-patent-phrase-to-phrase-matching__3bd04fbd77e74e74a15e216bba7cb7f2,cards_senior_0809.jsonl:0,us-patent-phrase-to-phrase-matching,easy,top1_stdout_tfidf,2,0,2,1,1,0.0,0.44459,1,0.20244,0.64703,-0.44459,0.0,0.0,1.0,240.2,1165.0347208827734,604.2674791038037,484.2674791038036
us-patent-phrase-to-phrase-matching__3bd04fbd77e74e74a15e216bba7cb7f2,cards_senior_0809.jsonl:0,us-patent-phrase-to-phrase-matching,easy,top1_oracle,2,0,2,1,1,1.0,0.0,1,0.64703,0.64703,0.0,1.0,0.0,0.0,240.2,1165.0347208827734,1041.1672417789698,921.1672417789698
us-patent-phrase-to-phrase-matching__3bd04fbd77e74e74a15e216bba7cb7f2,cards_senior_0809.jsonl:0,us-patent-phrase-to-phrase-matching,easy,top2_random,2,0,2,2,0,1.0,0.0,1,0.64703,0.64703,0.0,1.0,0.0,0.0,240.2,1165.0347208827734,1405.2347208827734,1165.2347208827734
us-patent-phrase-to-phrase-matching__3bd04fbd77e74e74a15e216bba7cb7f2,cards_senior_0809.jsonl:0,us-patent-phrase-to-phrase-matching,easy,top2_tfidf,2,0,2,2,0,1.0,0.0,1,0.64703,0.64703,0.0,1.0,0.0,0.0,240.2,1165.0347208827734,1405.2347208827734,1165.2347208827734
us-patent-phrase-to-phrase-matching__3bd04fbd77e74e74a15e216bba7cb7f2,cards_senior_0809.jsonl:0,us-patent-phrase-to-phrase-matching,easy,top2_oracle,2,0,2,2,0,1.0,0.0,1,0.64703,0.64703,0.0,1.0,0.0,0.0,240.2,1165.0347208827734,1405.2347208827734,1165.2347208827734
us-patent-phrase-to-phrase-matching__3bd04fbd77e74e74a15e216bba7cb7f2,cards_senior_0809.jsonl:0,us-patent-phrase-to-phrase-matching,easy,oracle_gate,2,0,2,2,0,1.0,0.0,1,0.64703,0.64703,0.0,1.0,0.0,0.0,240.2,1165.0347208827734,1405.2347208827734,1165.2347208827734
us-patent-phrase-to-phrase-matching__3bd04fbd77e74e74a15e216bba7cb7f2,cards_senior_0809.jsonl:0,us-patent-phrase-to-phrase-matching,easy,full_external,2,0,2,2,0,1.0,0.0,1,0.64703,0.64703,0.0,1.0,0.0,0.0,240.2,1165.0347208827734,1165.0347208827734,1165.0347208827734
us-patent-phrase-to-phrase-matching__3c22a06bf2df41b8a3919319aec84af6,cards_senior_0809.jsonl:0,us-patent-phrase-to-phrase-matching,easy,artifact_only,2,0,2,0,2,0.5,0.017005000000000048,0,nan,0.61118,nan,0.0,0.0,1.0,240.2,3890.8896679207683,240.2,240.2
us-patent-phrase-to-phrase-matching__3c22a06bf2df41b8a3919319aec84af6,cards_senior_0809.jsonl:0,us-patent-phrase-to-phrase-matching,easy,all_escalate,2,0,2,2,0,1.0,0.0,1,0.61118,0.61118,0.0,1.0,0.0,0.0,240.2,3890.8896679207683,4131.089667920768,3891.089667920768
us-patent-phrase-to-phrase-matching__3c22a06bf2df41b8a3919319aec84af6,cards_senior_0809.jsonl:0,us-patent-phrase-to-phrase-matching,easy,random_gate,2,0,2,2,0,1.0,0.0,1,0.61118,0.61118,0.0,1.0,0.0,0.0,240.2,3890.8896679207683,4131.089667920768,3891.089667920768
us-patent-phrase-to-phrase-matching__3c22a06bf2df41b8a3919319aec84af6,cards_senior_0809.jsonl:0,us-patent-phrase-to-phrase-matching,easy,tfidf_gate,2,0,2,2,0,1.0,0.0,1,0.61118,0.61118,0.0,1.0,0.0,0.0,240.2,3890.8896679207683,4131.089667920768,3891.089667920768
us-patent-phrase-to-phrase-matching__3c22a06bf2df41b8a3919319aec84af6,cards_senior_0809.jsonl:0,us-patent-phrase-to-phrase-matching,easy,majority3_gate,2,0,2,2,0,1.0,0.0,1,0.61118,0.61118,0.0,1.0,0.0,0.0,240.2,3890.8896679207683,4131.089667920768,3891.089667920768
us-patent-phrase-to-phrase-matching__3c22a06bf2df41b8a3919319aec84af6,cards_senior_0809.jsonl:0,us-patent-phrase-to-phrase-matching,easy,unanimous3_gate,2,0,2,2,0,1.0,0.0,1,0.61118,0.61118,0.0,1.0,0.0,0.0,240.2,3890.8896679207683,4131.089667920768,3891.089667920768
us-patent-phrase-to-phrase-matching__3c22a06bf2df41b8a3919319aec84af6,cards_senior_0809.jsonl:0,us-patent-phrase-to-phrase-matching,easy,top1_random,2,0,2,1,1,0.0,0.034009999999999985,1,0.57717,0.61118,-0.034009999999999985,0.0,0.0,1.0,240.2,3890.8896679207683,3788.5138934522865,3668.5138934522865
us-patent-phrase-to-phrase-matching__3c22a06bf2df41b8a3919319aec84af6,cards_senior_0809.jsonl:0,us-patent-phrase-to-phrase-matching,easy,top1_tfidf,2,0,2,1,1,1.0,0.0,1,0.61118,0.61118,0.0,1.0,0.0,0.0,240.2,3890.8896679207683,582.7757744684816,462.77577446848153
us-patent-phrase-to-phrase-matching__3c22a06bf2df41b8a3919319aec84af6,cards_senior_0809.jsonl:0,us-patent-phrase-to-phrase-matching,easy,top1_majority3,2,0,2,1,1,1.0,0.0,1,0.61118,0.61118,0.0,1.0,0.0,0.0,240.2,3890.8896679207683,582.7757744684816,462.77577446848153
us-patent-phrase-to-phrase-matching__3c22a06bf2df41b8a3919319aec84af6,cards_senior_0809.jsonl:0,us-patent-phrase-to-phrase-matching,easy,top1_stdout,2,0,2,1,1,0.0,0.034009999999999985,1,0.57717,0.61118,-0.034009999999999985,0.0,0.0,1.0,240.2,3890.8896679207683,3788.5138934522865,3668.5138934522865
us-patent-phrase-to-phrase-matching__3c22a06bf2df41b8a3919319aec84af6,cards_senior_0809.jsonl:0,us-patent-phrase-to-phrase-matching,easy,top1_progress,2,0,2,1,1,1.0,0.0,1,0.61118,0.61118,0.0,1.0,0.0,0.0,240.2,3890.8896679207683,582.7757744684816,462.77577446848153
us-patent-phrase-to-phrase-matching__3c22a06bf2df41b8a3919319aec84af6,cards_senior_0809.jsonl:0,us-patent-phrase-to-phrase-matching,easy,top1_stdout_tfidf,2,0,2,1,1,0.0,0.034009999999999985,1,0.57717,0.61118,-0.034009999999999985,0.0,0.0,1.0,240.2,3890.8896679207683,3788.5138934522865,3668.5138934522865
us-patent-phrase-to-phrase-matching__3c22a06bf2df41b8a3919319aec84af6,cards_senior_0809.jsonl:0,us-patent-phrase-to-phrase-matching,easy,top1_oracle,2,0,2,1,1,1.0,0.0,1,0.61118,0.61118,0.0,1.0,0.0,0.0,240.2,3890.8896679207683,582.7757744684816,462.77577446848153
us-patent-phrase-to-phrase-matching__3c22a06bf2df41b8a3919319aec84af6,cards_senior_0809.jsonl:0,us-patent-phrase-to-phrase-matching,easy,top2_random,2,0,2,2,0,1.0,0.0,1,0.61118,0.61118,0.0,1.0,0.0,0.0,240.2,3890.8896679207683,4131.089667920768,3891.089667920768
us-patent-phrase-to-phrase-matching__3c22a06bf2df41b8a3919319aec84af6,cards_senior_0809.jsonl:0,us-patent-phrase-to-phrase-matching,easy,top2_tfidf,2,0,2,2,0,1.0,0.0,1,0.61118,0.61118,0.0,1.0,0.0,0.0,240.2,3890.8896679207683,4131.089667920768,3891.089667920768
us-patent-phrase-to-phrase-matching__3c22a06bf2df41b8a3919319aec84af6,cards_senior_0809.jsonl:0,us-patent-phrase-to-phrase-matching,easy,top2_oracle,2,0,2,2,0,1.0,0.0,1,0.61118,0.61118,0.0,1.0,0.0,0.0,240.2,3890.8896679207683,4131.089667920768,3891.089667920768
us-patent-phrase-to-phrase-matching__3c22a06bf2df41b8a3919319aec84af6,cards_senior_0809.jsonl:0,us-patent-phrase-to-phrase-matching,easy,oracle_gate,2,0,2,2,0,1.0,0.0,1,0.61118,0.61118,0.0,1.0,0.0,0.0,240.2,3890.8896679207683,4131.089667920768,3891.089667920768
us-patent-phrase-to-phrase-matching__3c22a06bf2df41b8a3919319aec84af6,cards_senior_0809.jsonl:0,us-patent-phrase-to-phrase-matching,easy,full_external,2,0,2,2,0,1.0,0.0,1,0.61118,0.61118,0.0,1.0,0.0,0.0,240.2,3890.8896679207683,3890.8896679207683,3890.8896679207683
us-patent-phrase-to-phrase-matching__586121ab64c04adcbd5d9cddd9a8797a,cards_senior_0809.jsonl:3,us-patent-phrase-to-phrase-matching,hard,artifact_only,2,0,2,0,2,0.5,0.0007150000000000212,0,nan,0.61917,nan,0.0,0.0,1.0,241.0,2954.1768367290497,241.0,241.0
us-patent-phrase-to-phrase-matching__586121ab64c04adcbd5d9cddd9a8797a,cards_senior_0809.jsonl:3,us-patent-phrase-to-phrase-matching,hard,all_escalate,2,0,2,2,0,1.0,0.0,1,0.61917,0.61917,0.0,1.0,0.0,0.0,241.0,2954.1768367290497,3195.1768367290497,2955.1768367290497
us-patent-phrase-to-phrase-matching__586121ab64c04adcbd5d9cddd9a8797a,cards_senior_0809.jsonl:3,us-patent-phrase-to-phrase-matching,hard,random_gate,2,0,2,2,0,1.0,0.0,1,0.61917,0.61917,0.0,1.0,0.0,0.0,241.0,2954.1768367290497,3195.1768367290497,2955.1768367290497
us-patent-phrase-to-phrase-matching__586121ab64c04adcbd5d9cddd9a8797a,cards_senior_0809.jsonl:3,us-patent-phrase-to-phrase-matching,hard,tfidf_gate,2,0,2,2,0,1.0,0.0,1,0.61917,0.61917,0.0,1.0,0.0,0.0,241.0,2954.1768367290497,3195.1768367290497,2955.1768367290497
us-patent-phrase-to-phrase-matching__586121ab64c04adcbd5d9cddd9a8797a,cards_senior_0809.jsonl:3,us-patent-phrase-to-phrase-matching,hard,majority3_gate,2,0,2,2,0,1.0,0.0,1,0.61917,0.61917,0.0,1.0,0.0,0.0,241.0,2954.1768367290497,3195.1768367290497,2955.1768367290497
us-patent-phrase-to-phrase-matching__586121ab64c04adcbd5d9cddd9a8797a,cards_senior_0809.jsonl:3,us-patent-phrase-to-phrase-matching,hard,unanimous3_gate,2,0,2,2,0,1.0,0.0,1,0.61917,0.61917,0.0,1.0,0.0,0.0,241.0,2954.1768367290497,3195.1768367290497,2955.1768367290497
us-patent-phrase-to-phrase-matching__586121ab64c04adcbd5d9cddd9a8797a,cards_senior_0809.jsonl:3,us-patent-phrase-to-phrase-matching,hard,top1_random,2,0,2,1,1,1.0,0.0,1,0.61917,0.61917,0.0,1.0,0.0,0.0,241.0,2954.1768367290497,1885.770878881216,1765.770878881216
us-patent-phrase-to-phrase-matching__586121ab64c04adcbd5d9cddd9a8797a,cards_senior_0809.jsonl:3,us-patent-phrase-to-phrase-matching,hard,top1_tfidf,2,0,2,1,1,0.0,0.0014300000000000423,1,0.61774,0.61917,-0.0014300000000000423,0.0,0.0,1.0,241.0,2954.1768367290497,1550.4059578478336,1430.4059578478336
us-patent-phrase-to-phrase-matching__586121ab64c04adcbd5d9cddd9a8797a,cards_senior_0809.jsonl:3,us-patent-phrase-to-phrase-matching,hard,top1_majority3,2,0,2,1,1,0.0,0.0014300000000000423,1,0.61774,0.61917,-0.0014300000000000423,0.0,0.0,1.0,241.0,2954.1768367290497,1550.4059578478336,1430.4059578478336
us-patent-phrase-to-phrase-matching__586121ab64c04adcbd5d9cddd9a8797a,cards_senior_0809.jsonl:3,us-patent-phrase-to-phrase-matching,hard,top1_stdout,2,0,2,1,1,1.0,0.0,1,0.61917,0.61917,0.0,1.0,0.0,0.0,241.0,2954.1768367290497,1885.770878881216,1765.770878881216
us-patent-phrase-to-phrase-matching__586121ab64c04adcbd5d9cddd9a8797a,cards_senior_0809.jsonl:3,us-patent-phrase-to-phrase-matching,hard,top1_progress,2,0,2,1,1,0.0,0.0014300000000000423,1,0.61774,0.61917,-0.0014300000000000423,0.0,0.0,1.0,241.0,2954.1768367290497,1550.4059578478336,1430.4059578478336
us-patent-phrase-to-phrase-matching__586121ab64c04adcbd5d9cddd9a8797a,cards_senior_0809.jsonl:3,us-patent-phrase-to-phrase-matching,hard,top1_stdout_tfidf,2,0,2,1,1,0.0,0.0014300000000000423,1,0.61774,0.61917,-0.0014300000000000423,0.0,0.0,1.0,241.0,2954.1768367290497,1550.4059578478336,1430.4059578478336
us-patent-phrase-to-phrase-matching__586121ab64c04adcbd5d9cddd9a8797a,cards_senior_0809.jsonl:3,us-patent-phrase-to-phrase-matching,hard,top1_oracle,2,0,2,1,1,1.0,0.0,1,0.61917,0.61917,0.0,1.0,0.0,0.0,241.0,2954.1768367290497,1885.770878881216,1765.770878881216
us-patent-phrase-to-phrase-matching__586121ab64c04adcbd5d9cddd9a8797a,cards_senior_0809.jsonl:3,us-patent-phrase-to-phrase-matching,hard,top2_random,2,0,2,2,0,1.0,0.0,1,0.61917,0.61917,0.0,1.0,0.0,0.0,241.0,2954.1768367290497,3195.1768367290497,2955.1768367290497
us-patent-phrase-to-phrase-matching__586121ab64c04adcbd5d9cddd9a8797a,cards_senior_0809.jsonl:3,us-patent-phrase-to-phrase-matching,hard,top2_tfidf,2,0,2,2,0,1.0,0.0,1,0.61917,0.61917,0.0,1.0,0.0,0.0,241.0,2954.1768367290497,3195.1768367290497,2955.1768367290497
us-patent-phrase-to-phrase-matching__586121ab64c04adcbd5d9cddd9a8797a,cards_senior_0809.jsonl:3,us-patent-phrase-to-phrase-matching,hard,top2_oracle,2,0,2,2,0,1.0,0.0,1,0.61917,0.61917,0.0,1.0,0.0,0.0,241.0,2954.1768367290497,3195.1768367290497,2955.1768367290497
us-patent-phrase-to-phrase-matching__586121ab64c04adcbd5d9cddd9a8797a,cards_senior_0809.jsonl:3,us-patent-phrase-to-phrase-matching,hard,oracle_gate,2,0,2,2,0,1.0,0.0,1,0.61917,0.61917,0.0,1.0,0.0,0.0,241.0,2954.1768367290497,3195.1768367290497,2955.1768367290497
us-patent-phrase-to-phrase-matching__586121ab64c04adcbd5d9cddd9a8797a,cards_senior_0809.jsonl:3,us-patent-phrase-to-phrase-matching,hard,full_external,2,0,2,2,0,1.0,0.0,1,0.61917,0.61917,0.0,1.0,0.0,0.0,241.0,2954.1768367290497,2954.1768367290497,2954.1768367290497
us-patent-phrase-to-phrase-matching__63a3ae986af04fbe8e877559ccbcee05,cards_senior_0809.jsonl:0,us-patent-phrase-to-phrase-matching,hard,artifact_only,2,0,2,0,2,0.5,0.002869999999999928,0,nan,0.66862,nan,0.0,0.0,1.0,240.2,1624.339437827468,240.2,240.2
us-patent-phrase-to-phrase-matching__63a3ae986af04fbe8e877559ccbcee05,cards_senior_0809.jsonl:0,us-patent-phrase-to-phrase-matching,hard,all_escalate,2,0,2,2,0,1.0,0.0,1,0.66862,0.66862,0.0,1.0,0.0,0.0,240.2,1624.339437827468,1864.539437827468,1624.539437827468
us-patent-phrase-to-phrase-matching__63a3ae986af04fbe8e877559ccbcee05,cards_senior_0809.jsonl:0,us-patent-phrase-to-phrase-matching,hard,random_gate,2,0,2,2,0,1.0,0.0,1,0.66862,0.66862,0.0,1.0,0.0,0.0,240.2,1624.339437827468,1864.539437827468,1624.539437827468
us-patent-phrase-to-phrase-matching__63a3ae986af04fbe8e877559ccbcee05,cards_senior_0809.jsonl:0,us-patent-phrase-to-phrase-matching,hard,tfidf_gate,2,0,2,2,0,1.0,0.0,1,0.66862,0.66862,0.0,1.0,0.0,0.0,240.2,1624.339437827468,1864.539437827468,1624.539437827468
us-patent-phrase-to-phrase-matching__63a3ae986af04fbe8e877559ccbcee05,cards_senior_0809.jsonl:0,us-patent-phrase-to-phrase-matching,hard,majority3_gate,2,0,2,2,0,1.0,0.0,1,0.66862,0.66862,0.0,1.0,0.0,0.0,240.2,1624.339437827468,1864.539437827468,1624.539437827468
us-patent-phrase-to-phrase-matching__63a3ae986af04fbe8e877559ccbcee05,cards_senior_0809.jsonl:0,us-patent-phrase-to-phrase-matching,hard,unanimous3_gate,2,0,2,2,0,1.0,0.0,1,0.66862,0.66862,0.0,1.0,0.0,0.0,240.2,1624.339437827468,1864.539437827468,1624.539437827468
us-patent-phrase-to-phrase-matching__63a3ae986af04fbe8e877559ccbcee05,cards_senior_0809.jsonl:0,us-patent-phrase-to-phrase-matching,hard,top1_random,2,0,2,1,1,0.0,0.005739999999999967,1,0.66288,0.66862,-0.005739999999999967,0.0,0.0,1.0,240.2,1624.339437827468,1061.0005119338632,941.0005119338632
us-patent-phrase-to-phrase-matching__63a3ae986af04fbe8e877559ccbcee05,cards_senior_0809.jsonl:0,us-patent-phrase-to-phrase-matching,hard,top1_tfidf,2,0,2,1,1,0.0,0.005739999999999967,1,0.66288,0.66862,-0.005739999999999967,0.0,0.0,1.0,240.2,1624.339437827468,1061.0005119338632,941.0005119338632
us-patent-phrase-to-phrase-matching__63a3ae986af04fbe8e877559ccbcee05,cards_senior_0809.jsonl:0,us-patent-phrase-to-phrase-matching,hard,top1_majority3,2,0,2,1,1,0.0,0.005739999999999967,1,0.66288,0.66862,-0.005739999999999967,0.0,0.0,1.0,240.2,1624.339437827468,1061.0005119338632,941.0005119338632
us-patent-phrase-to-phrase-matching__63a3ae986af04fbe8e877559ccbcee05,cards_senior_0809.jsonl:0,us-patent-phrase-to-phrase-matching,hard,top1_stdout,2,0,2,1,1,1.0,0.0,1,0.66862,0.66862,0.0,1.0,0.0,0.0,240.2,1624.339437827468,1043.7389258936048,923.7389258936048
us-patent-phrase-to-phrase-matching__63a3ae986af04fbe8e877559ccbcee05,cards_senior_0809.jsonl:0,us-patent-phrase-to-phrase-matching,hard,top1_progress,2,0,2,1,1,1.0,0.0,1,0.66862,0.66862,0.0,1.0,0.0,0.0,240.2,1624.339437827468,1043.7389258936048,923.7389258936048
us-patent-phrase-to-phrase-matching__63a3ae986af04fbe8e877559ccbcee05,cards_senior_0809.jsonl:0,us-patent-phrase-to-phrase-matching,hard,top1_stdout_tfidf,2,0,2,1,1,1.0,0.0,1,0.66862,0.66862,0.0,1.0,0.0,0.0,240.2,1624.339437827468,1043.7389258936048,923.7389258936048
us-patent-phrase-to-phrase-matching__63a3ae986af04fbe8e877559ccbcee05,cards_senior_0809.jsonl:0,us-patent-phrase-to-phrase-matching,hard,top1_oracle,2,0,2,1,1,1.0,0.0,1,0.66862,0.66862,0.0,1.0,0.0,0.0,240.2,1624.339437827468,1043.7389258936048,923.7389258936048
us-patent-phrase-to-phrase-matching__63a3ae986af04fbe8e877559ccbcee05,cards_senior_0809.jsonl:0,us-patent-phrase-to-phrase-matching,hard,top2_random,2,0,2,2,0,1.0,0.0,1,0.66862,0.66862,0.0,1.0,0.0,0.0,240.2,1624.339437827468,1864.539437827468,1624.539437827468
us-patent-phrase-to-phrase-matching__63a3ae986af04fbe8e877559ccbcee05,cards_senior_0809.jsonl:0,us-patent-phrase-to-phrase-matching,hard,top2_tfidf,2,0,2,2,0,1.0,0.0,1,0.66862,0.66862,0.0,1.0,0.0,0.0,240.2,1624.339437827468,1864.539437827468,1624.539437827468
us-patent-phrase-to-phrase-matching__63a3ae986af04fbe8e877559ccbcee05,cards_senior_0809.jsonl:0,us-patent-phrase-to-phrase-matching,hard,top2_oracle,2,0,2,2,0,1.0,0.0,1,0.66862,0.66862,0.0,1.0,0.0,0.0,240.2,1624.339437827468,1864.539437827468,1624.539437827468
us-patent-phrase-to-phrase-matching__63a3ae986af04fbe8e877559ccbcee05,cards_senior_0809.jsonl:0,us-patent-phrase-to-phrase-matching,hard,oracle_gate,2,0,2,2,0,1.0,0.0,1,0.66862,0.66862,0.0,1.0,0.0,0.0,240.2,1624.339437827468,1864.539437827468,1624.539437827468
us-patent-phrase-to-phrase-matching__63a3ae986af04fbe8e877559ccbcee05,cards_senior_0809.jsonl:0,us-patent-phrase-to-phrase-matching,hard,full_external,2,0,2,2,0,1.0,0.0,1,0.66862,0.66862,0.0,1.0,0.0,0.0,240.2,1624.339437827468,1624.339437827468,1624.339437827468
us-patent-phrase-to-phrase-matching__c7e9f7619a9e4910bb26a158a66a6cee,cards_senior_0809.jsonl:0,us-patent-phrase-to-phrase-matching,easy,artifact_only,2,0,2,0,2,0.5,0.01544000000000001,0,nan,0.64263,nan,0.0,0.0,1.0,240.2,1067.2444627732038,240.2,240.2
us-patent-phrase-to-phrase-matching__c7e9f7619a9e4910bb26a158a66a6cee,cards_senior_0809.jsonl:0,us-patent-phrase-to-phrase-matching,easy,all_escalate,2,0,2,2,0,1.0,0.0,1,0.64263,0.64263,0.0,1.0,0.0,0.0,240.2,1067.2444627732038,1307.444462773204,1067.444462773204
us-patent-phrase-to-phrase-matching__c7e9f7619a9e4910bb26a158a66a6cee,cards_senior_0809.jsonl:0,us-patent-phrase-to-phrase-matching,easy,random_gate,2,0,2,2,0,1.0,0.0,1,0.64263,0.64263,0.0,1.0,0.0,0.0,240.2,1067.2444627732038,1307.444462773204,1067.444462773204
us-patent-phrase-to-phrase-matching__c7e9f7619a9e4910bb26a158a66a6cee,cards_senior_0809.jsonl:0,us-patent-phrase-to-phrase-matching,easy,tfidf_gate,2,0,2,2,0,1.0,0.0,1,0.64263,0.64263,0.0,1.0,0.0,0.0,240.2,1067.2444627732038,1307.444462773204,1067.444462773204
us-patent-phrase-to-phrase-matching__c7e9f7619a9e4910bb26a158a66a6cee,cards_senior_0809.jsonl:0,us-patent-phrase-to-phrase-matching,easy,majority3_gate,2,0,2,2,0,1.0,0.0,1,0.64263,0.64263,0.0,1.0,0.0,0.0,240.2,1067.2444627732038,1307.444462773204,1067.444462773204
us-patent-phrase-to-phrase-matching__c7e9f7619a9e4910bb26a158a66a6cee,cards_senior_0809.jsonl:0,us-patent-phrase-to-phrase-matching,easy,unanimous3_gate,2,0,2,2,0,1.0,0.0,1,0.64263,0.64263,0.0,1.0,0.0,0.0,240.2,1067.2444627732038,1307.444462773204,1067.444462773204
us-patent-phrase-to-phrase-matching__c7e9f7619a9e4910bb26a158a66a6cee,cards_senior_0809.jsonl:0,us-patent-phrase-to-phrase-matching,easy,top1_random,2,0,2,1,1,1.0,0.0,1,0.64263,0.64263,0.0,1.0,0.0,0.0,240.2,1067.2444627732038,888.0398691639305,768.0398691639305
us-patent-phrase-to-phrase-matching__c7e9f7619a9e4910bb26a158a66a6cee,cards_senior_0809.jsonl:0,us-patent-phrase-to-phrase-matching,easy,top1_tfidf,2,0,2,1,1,0.0,0.03088000000000002,1,0.61175,0.64263,-0.03088000000000002,0.0,0.0,1.0,240.2,1067.2444627732038,659.6045936092735,539.6045936092735
us-patent-phrase-to-phrase-matching__c7e9f7619a9e4910bb26a158a66a6cee,cards_senior_0809.jsonl:0,us-patent-phrase-to-phrase-matching,easy,top1_majority3,2,0,2,1,1,0.0,0.03088000000000002,1,0.61175,0.64263,-0.03088000000000002,0.0,0.0,1.0,240.2,1067.2444627732038,659.6045936092735,539.6045936092735
us-patent-phrase-to-phrase-matching__c7e9f7619a9e4910bb26a158a66a6cee,cards_senior_0809.jsonl:0,us-patent-phrase-to-phrase-matching,easy,top1_stdout,2,0,2,1,1,0.0,0.03088000000000002,1,0.61175,0.64263,-0.03088000000000002,0.0,0.0,1.0,240.2,1067.2444627732038,659.6045936092735,539.6045936092735
us-patent-phrase-to-phrase-matching__c7e9f7619a9e4910bb26a158a66a6cee,cards_senior_0809.jsonl:0,us-patent-phrase-to-phrase-matching,easy,top1_progress,2,0,2,1,1,0.0,0.03088000000000002,1,0.61175,0.64263,-0.03088000000000002,0.0,0.0,1.0,240.2,1067.2444627732038,659.6045936092735,539.6045936092735
us-patent-phrase-to-phrase-matching__c7e9f7619a9e4910bb26a158a66a6cee,cards_senior_0809.jsonl:0,us-patent-phrase-to-phrase-matching,easy,top1_stdout_tfidf,2,0,2,1,1,0.0,0.03088000000000002,1,0.61175,0.64263,-0.03088000000000002,0.0,0.0,1.0,240.2,1067.2444627732038,659.6045936092735,539.6045936092735
us-patent-phrase-to-phrase-matching__c7e9f7619a9e4910bb26a158a66a6cee,cards_senior_0809.jsonl:0,us-patent-phrase-to-phrase-matching,easy,top1_oracle,2,0,2,1,1,1.0,0.0,1,0.64263,0.64263,0.0,1.0,0.0,0.0,240.2,1067.2444627732038,888.0398691639305,768.0398691639305
us-patent-phrase-to-phrase-matching__c7e9f7619a9e4910bb26a158a66a6cee,cards_senior_0809.jsonl:0,us-patent-phrase-to-phrase-matching,easy,top2_random,2,0,2,2,0,1.0,0.0,1,0.64263,0.64263,0.0,1.0,0.0,0.0,240.2,1067.2444627732038,1307.444462773204,1067.444462773204
us-patent-phrase-to-phrase-matching__c7e9f7619a9e4910bb26a158a66a6cee,cards_senior_0809.jsonl:0,us-patent-phrase-to-phrase-matching,easy,top2_tfidf,2,0,2,2,0,1.0,0.0,1,0.64263,0.64263,0.0,1.0,0.0,0.0,240.2,1067.2444627732038,1307.444462773204,1067.444462773204
us-patent-phrase-to-phrase-matching__c7e9f7619a9e4910bb26a158a66a6cee,cards_senior_0809.jsonl:0,us-patent-phrase-to-phrase-matching,easy,top2_oracle,2,0,2,2,0,1.0,0.0,1,0.64263,0.64263,0.0,1.0,0.0,0.0,240.2,1067.2444627732038,1307.444462773204,1067.444462773204
us-patent-phrase-to-phrase-matching__c7e9f7619a9e4910bb26a158a66a6cee,cards_senior_0809.jsonl:0,us-patent-phrase-to-phrase-matching,easy,oracle_gate,2,0,2,2,0,1.0,0.0,1,0.64263,0.64263,0.0,1.0,0.0,0.0,240.2,1067.2444627732038,1307.444462773204,1067.444462773204
us-patent-phrase-to-phrase-matching__c7e9f7619a9e4910bb26a158a66a6cee,cards_senior_0809.jsonl:0,us-patent-phrase-to-phrase-matching,easy,full_external,2,0,2,2,0,1.0,0.0,1,0.64263,0.64263,0.0,1.0,0.0,0.0,240.2,1067.2444627732038,1067.2444627732038,1067.2444627732038
us-patent-phrase-to-phrase-matching__f84b487d869444eeb86d22a584ec13f8,cards_senior_0809.jsonl:0,us-patent-phrase-to-phrase-matching,hard,artifact_only,2,0,2,0,2,0.5,0.0008499999999999064,0,nan,0.64111,nan,0.0,0.0,1.0,240.2,738.5958861410618,240.2,240.2
us-patent-phrase-to-phrase-matching__f84b487d869444eeb86d22a584ec13f8,cards_senior_0809.jsonl:0,us-patent-phrase-to-phrase-matching,hard,all_escalate,2,0,2,2,0,1.0,0.0,1,0.64111,0.64111,0.0,1.0,0.0,0.0,240.2,738.5958861410618,978.7958861410618,738.7958861410618
us-patent-phrase-to-phrase-matching__f84b487d869444eeb86d22a584ec13f8,cards_senior_0809.jsonl:0,us-patent-phrase-to-phrase-matching,hard,random_gate,2,0,2,2,0,1.0,0.0,1,0.64111,0.64111,0.0,1.0,0.0,0.0,240.2,738.5958861410618,978.7958861410618,738.7958861410618
us-patent-phrase-to-phrase-matching__f84b487d869444eeb86d22a584ec13f8,cards_senior_0809.jsonl:0,us-patent-phrase-to-phrase-matching,hard,tfidf_gate,2,0,2,2,0,1.0,0.0,1,0.64111,0.64111,0.0,1.0,0.0,0.0,240.2,738.5958861410618,978.7958861410618,738.7958861410618
us-patent-phrase-to-phrase-matching__f84b487d869444eeb86d22a584ec13f8,cards_senior_0809.jsonl:0,us-patent-phrase-to-phrase-matching,hard,majority3_gate,2,0,2,2,0,1.0,0.0,1,0.64111,0.64111,0.0,1.0,0.0,0.0,240.2,738.5958861410618,978.7958861410618,738.7958861410618
us-patent-phrase-to-phrase-matching__f84b487d869444eeb86d22a584ec13f8,cards_senior_0809.jsonl:0,us-patent-phrase-to-phrase-matching,hard,unanimous3_gate,2,0,2,2,0,1.0,0.0,1,0.64111,0.64111,0.0,1.0,0.0,0.0,240.2,738.5958861410618,978.7958861410618,738.7958861410618
us-patent-phrase-to-phrase-matching__f84b487d869444eeb86d22a584ec13f8,cards_senior_0809.jsonl:0,us-patent-phrase-to-phrase-matching,hard,top1_random,2,0,2,1,1,1.0,0.0,1,0.64111,0.64111,0.0,1.0,0.0,0.0,240.2,738.5958861410618,642.0111724555493,522.0111724555493
us-patent-phrase-to-phrase-matching__f84b487d869444eeb86d22a584ec13f8,cards_senior_0809.jsonl:0,us-patent-phrase-to-phrase-matching,hard,top1_tfidf,2,0,2,1,1,0.0,0.0016999999999999238,1,0.63941,0.64111,-0.0016999999999999238,0.0,0.0,1.0,240.2,738.5958861410618,576.9847136855126,456.98471368551253
us-patent-phrase-to-phrase-matching__f84b487d869444eeb86d22a584ec13f8,cards_senior_0809.jsonl:0,us-patent-phrase-to-phrase-matching,hard,top1_majority3,2,0,2,1,1,0.0,0.0016999999999999238,1,0.63941,0.64111,-0.0016999999999999238,0.0,0.0,1.0,240.2,738.5958861410618,576.9847136855126,456.98471368551253
us-patent-phrase-to-phrase-matching__f84b487d869444eeb86d22a584ec13f8,cards_senior_0809.jsonl:0,us-patent-phrase-to-phrase-matching,hard,top1_stdout,2,0,2,1,1,1.0,0.0,1,0.64111,0.64111,0.0,1.0,0.0,0.0,240.2,738.5958861410618,642.0111724555493,522.0111724555493
us-patent-phrase-to-phrase-matching__f84b487d869444eeb86d22a584ec13f8,cards_senior_0809.jsonl:0,us-patent-phrase-to-phrase-matching,hard,top1_progress,2,0,2,1,1,0.0,0.0016999999999999238,1,0.63941,0.64111,-0.0016999999999999238,0.0,0.0,1.0,240.2,738.5958861410618,576.9847136855126,456.98471368551253
us-patent-phrase-to-phrase-matching__f84b487d869444eeb86d22a584ec13f8,cards_senior_0809.jsonl:0,us-patent-phrase-to-phrase-matching,hard,top1_stdout_tfidf,2,0,2,1,1,1.0,0.0,1,0.64111,0.64111,0.0,1.0,0.0,0.0,240.2,738.5958861410618,642.0111724555493,522.0111724555493
us-patent-phrase-to-phrase-matching__f84b487d869444eeb86d22a584ec13f8,cards_senior_0809.jsonl:0,us-patent-phrase-to-phrase-matching,hard,top1_oracle,2,0,2,1,1,1.0,0.0,1,0.64111,0.64111,0.0,1.0,0.0,0.0,240.2,738.5958861410618,642.0111724555493,522.0111724555493
us-patent-phrase-to-phrase-matching__f84b487d869444eeb86d22a584ec13f8,cards_senior_0809.jsonl:0,us-patent-phrase-to-phrase-matching,hard,top2_random,2,0,2,2,0,1.0,0.0,1,0.64111,0.64111,0.0,1.0,0.0,0.0,240.2,738.5958861410618,978.7958861410618,738.7958861410618
us-patent-phrase-to-phrase-matching__f84b487d869444eeb86d22a584ec13f8,cards_senior_0809.jsonl:0,us-patent-phrase-to-phrase-matching,hard,top2_tfidf,2,0,2,2,0,1.0,0.0,1,0.64111,0.64111,0.0,1.0,0.0,0.0,240.2,738.5958861410618,978.7958861410618,738.7958861410618
us-patent-phrase-to-phrase-matching__f84b487d869444eeb86d22a584ec13f8,cards_senior_0809.jsonl:0,us-patent-phrase-to-phrase-matching,hard,top2_oracle,2,0,2,2,0,1.0,0.0,1,0.64111,0.64111,0.0,1.0,0.0,0.0,240.2,738.5958861410618,978.7958861410618,738.7958861410618
us-patent-phrase-to-phrase-matching__f84b487d869444eeb86d22a584ec13f8,cards_senior_0809.jsonl:0,us-patent-phrase-to-phrase-matching,hard,oracle_gate,2,0,2,2,0,1.0,0.0,1,0.64111,0.64111,0.0,1.0,0.0,0.0,240.2,738.5958861410618,978.7958861410618,738.7958861410618
us-patent-phrase-to-phrase-matching__f84b487d869444eeb86d22a584ec13f8,cards_senior_0809.jsonl:0,us-patent-phrase-to-phrase-matching,hard,full_external,2,0,2,2,0,1.0,0.0,1,0.64111,0.64111,0.0,1.0,0.0,0.0,240.2,738.5958861410618,738.5958861410618,738.5958861410618
whale-categorization-playground__4357df5db0134f668959aefa0ee73ba6,cards_senior_0808.jsonl:4,whale-categorization-playground,easy,artifact_only,2,2,0,0,0,1.0,0.0,1,0.23748,0.23748,0.0,1.0,0.0,0.0,160.7,180.31424518674612,160.7,160.7
whale-categorization-playground__4357df5db0134f668959aefa0ee73ba6,cards_senior_0808.jsonl:4,whale-categorization-playground,easy,all_escalate,2,2,0,0,0,1.0,0.0,1,0.23748,0.23748,0.0,1.0,0.0,0.0,160.7,180.31424518674612,160.7,160.7
whale-categorization-playground__4357df5db0134f668959aefa0ee73ba6,cards_senior_0808.jsonl:4,whale-categorization-playground,easy,random_gate,2,2,0,0,0,1.0,0.0,1,0.23748,0.23748,0.0,1.0,0.0,0.0,160.7,180.31424518674612,160.7,160.7
whale-categorization-playground__4357df5db0134f668959aefa0ee73ba6,cards_senior_0808.jsonl:4,whale-categorization-playground,easy,tfidf_gate,2,2,0,0,0,1.0,0.0,1,0.23748,0.23748,0.0,1.0,0.0,0.0,160.7,180.31424518674612,160.7,160.7
whale-categorization-playground__4357df5db0134f668959aefa0ee73ba6,cards_senior_0808.jsonl:4,whale-categorization-playground,easy,majority3_gate,2,2,0,0,0,1.0,0.0,1,0.23748,0.23748,0.0,1.0,0.0,0.0,160.7,180.31424518674612,160.7,160.7
whale-categorization-playground__4357df5db0134f668959aefa0ee73ba6,cards_senior_0808.jsonl:4,whale-categorization-playground,easy,unanimous3_gate,2,2,0,0,0,1.0,0.0,1,0.23748,0.23748,0.0,1.0,0.0,0.0,160.7,180.31424518674612,160.7,160.7
whale-categorization-playground__4357df5db0134f668959aefa0ee73ba6,cards_senior_0808.jsonl:4,whale-categorization-playground,easy,top1_random,2,2,0,0,0,1.0,0.0,1,0.23748,0.23748,0.0,1.0,0.0,0.0,160.7,180.31424518674612,160.7,160.7
whale-categorization-playground__4357df5db0134f668959aefa0ee73ba6,cards_senior_0808.jsonl:4,whale-categorization-playground,easy,top1_tfidf,2,2,0,0,0,1.0,0.0,1,0.23748,0.23748,0.0,1.0,0.0,0.0,160.7,180.31424518674612,160.7,160.7
whale-categorization-playground__4357df5db0134f668959aefa0ee73ba6,cards_senior_0808.jsonl:4,whale-categorization-playground,easy,top1_majority3,2,2,0,0,0,1.0,0.0,1,0.23748,0.23748,0.0,1.0,0.0,0.0,160.7,180.31424518674612,160.7,160.7
whale-categorization-playground__4357df5db0134f668959aefa0ee73ba6,cards_senior_0808.jsonl:4,whale-categorization-playground,easy,top1_stdout,2,2,0,0,0,1.0,0.0,1,0.23748,0.23748,0.0,1.0,0.0,0.0,160.7,180.31424518674612,160.7,160.7
whale-categorization-playground__4357df5db0134f668959aefa0ee73ba6,cards_senior_0808.jsonl:4,whale-categorization-playground,easy,top1_progress,2,2,0,0,0,1.0,0.0,1,0.23748,0.23748,0.0,1.0,0.0,0.0,160.7,180.31424518674612,160.7,160.7
whale-categorization-playground__4357df5db0134f668959aefa0ee73ba6,cards_senior_0808.jsonl:4,whale-categorization-playground,easy,top1_stdout_tfidf,2,2,0,0,0,1.0,0.0,1,0.23748,0.23748,0.0,1.0,0.0,0.0,160.7,180.31424518674612,160.7,160.7
whale-categorization-playground__4357df5db0134f668959aefa0ee73ba6,cards_senior_0808.jsonl:4,whale-categorization-playground,easy,top1_oracle,2,2,0,0,0,1.0,0.0,1,0.23748,0.23748,0.0,1.0,0.0,0.0,160.7,180.31424518674612,160.7,160.7
whale-categorization-playground__4357df5db0134f668959aefa0ee73ba6,cards_senior_0808.jsonl:4,whale-categorization-playground,easy,top2_random,2,2,0,0,0,1.0,0.0,1,0.23748,0.23748,0.0,1.0,0.0,0.0,160.7,180.31424518674612,160.7,160.7
whale-categorization-playground__4357df5db0134f668959aefa0ee73ba6,cards_senior_0808.jsonl:4,whale-categorization-playground,easy,top2_tfidf,2,2,0,0,0,1.0,0.0,1,0.23748,0.23748,0.0,1.0,0.0,0.0,160.7,180.31424518674612,160.7,160.7
whale-categorization-playground__4357df5db0134f668959aefa0ee73ba6,cards_senior_0808.jsonl:4,whale-categorization-playground,easy,top2_oracle,2,2,0,0,0,1.0,0.0,1,0.23748,0.23748,0.0,1.0,0.0,0.0,160.7,180.31424518674612,160.7,160.7
whale-categorization-playground__4357df5db0134f668959aefa0ee73ba6,cards_senior_0808.jsonl:4,whale-categorization-playground,easy,oracle_gate,2,2,0,0,0,1.0,0.0,1,0.23748,0.23748,0.0,1.0,0.0,0.0,160.7,180.31424518674612,160.7,160.7
whale-categorization-playground__4357df5db0134f668959aefa0ee73ba6,cards_senior_0808.jsonl:4,whale-categorization-playground,easy,full_external,2,2,0,2,0,1.0,0.0,1,0.23748,0.23748,0.0,1.0,0.0,0.0,160.7,180.31424518674612,180.31424518674612,180.31424518674612
whale-categorization-playground__54180eeefe9d4b4ba451c22272e8596d,cards_senior_0808.jsonl:4,whale-categorization-playground,hard,artifact_only,2,2,0,0,0,1.0,0.0,1,0.20326,0.20326,0.0,1.0,0.0,0.0,202.5,242.15366231650114,202.5,202.5
whale-categorization-playground__54180eeefe9d4b4ba451c22272e8596d,cards_senior_0808.jsonl:4,whale-categorization-playground,hard,all_escalate,2,2,0,0,0,1.0,0.0,1,0.20326,0.20326,0.0,1.0,0.0,0.0,202.5,242.15366231650114,202.5,202.5
whale-categorization-playground__54180eeefe9d4b4ba451c22272e8596d,cards_senior_0808.jsonl:4,whale-categorization-playground,hard,random_gate,2,2,0,0,0,1.0,0.0,1,0.20326,0.20326,0.0,1.0,0.0,0.0,202.5,242.15366231650114,202.5,202.5
whale-categorization-playground__54180eeefe9d4b4ba451c22272e8596d,cards_senior_0808.jsonl:4,whale-categorization-playground,hard,tfidf_gate,2,2,0,0,0,1.0,0.0,1,0.20326,0.20326,0.0,1.0,0.0,0.0,202.5,242.15366231650114,202.5,202.5
whale-categorization-playground__54180eeefe9d4b4ba451c22272e8596d,cards_senior_0808.jsonl:4,whale-categorization-playground,hard,majority3_gate,2,2,0,0,0,1.0,0.0,1,0.20326,0.20326,0.0,1.0,0.0,0.0,202.5,242.15366231650114,202.5,202.5
whale-categorization-playground__54180eeefe9d4b4ba451c22272e8596d,cards_senior_0808.jsonl:4,whale-categorization-playground,hard,unanimous3_gate,2,2,0,0,0,1.0,0.0,1,0.20326,0.20326,0.0,1.0,0.0,0.0,202.5,242.15366231650114,202.5,202.5
whale-categorization-playground__54180eeefe9d4b4ba451c22272e8596d,cards_senior_0808.jsonl:4,whale-categorization-playground,hard,top1_random,2,2,0,0,0,1.0,0.0,1,0.20326,0.20326,0.0,1.0,0.0,0.0,202.5,242.15366231650114,202.5,202.5
whale-categorization-playground__54180eeefe9d4b4ba451c22272e8596d,cards_senior_0808.jsonl:4,whale-categorization-playground,hard,top1_tfidf,2,2,0,0,0,1.0,0.0,1,0.20326,0.20326,0.0,1.0,0.0,0.0,202.5,242.15366231650114,202.5,202.5
whale-categorization-playground__54180eeefe9d4b4ba451c22272e8596d,cards_senior_0808.jsonl:4,whale-categorization-playground,hard,top1_majority3,2,2,0,0,0,1.0,0.0,1,0.20326,0.20326,0.0,1.0,0.0,0.0,202.5,242.15366231650114,202.5,202.5
whale-categorization-playground__54180eeefe9d4b4ba451c22272e8596d,cards_senior_0808.jsonl:4,whale-categorization-playground,hard,top1_stdout,2,2,0,0,0,1.0,0.0,1,0.20326,0.20326,0.0,1.0,0.0,0.0,202.5,242.15366231650114,202.5,202.5
whale-categorization-playground__54180eeefe9d4b4ba451c22272e8596d,cards_senior_0808.jsonl:4,whale-categorization-playground,hard,top1_progress,2,2,0,0,0,1.0,0.0,1,0.20326,0.20326,0.0,1.0,0.0,0.0,202.5,242.15366231650114,202.5,202.5
whale-categorization-playground__54180eeefe9d4b4ba451c22272e8596d,cards_senior_0808.jsonl:4,whale-categorization-playground,hard,top1_stdout_tfidf,2,2,0,0,0,1.0,0.0,1,0.20326,0.20326,0.0,1.0,0.0,0.0,202.5,242.15366231650114,202.5,202.5
whale-categorization-playground__54180eeefe9d4b4ba451c22272e8596d,cards_senior_0808.jsonl:4,whale-categorization-playground,hard,top1_oracle,2,2,0,0,0,1.0,0.0,1,0.20326,0.20326,0.0,1.0,0.0,0.0,202.5,242.15366231650114,202.5,202.5
whale-categorization-playground__54180eeefe9d4b4ba451c22272e8596d,cards_senior_0808.jsonl:4,whale-categorization-playground,hard,top2_random,2,2,0,0,0,1.0,0.0,1,0.20326,0.20326,0.0,1.0,0.0,0.0,202.5,242.15366231650114,202.5,202.5
whale-categorization-playground__54180eeefe9d4b4ba451c22272e8596d,cards_senior_0808.jsonl:4,whale-categorization-playground,hard,top2_tfidf,2,2,0,0,0,1.0,0.0,1,0.20326,0.20326,0.0,1.0,0.0,0.0,202.5,242.15366231650114,202.5,202.5
whale-categorization-playground__54180eeefe9d4b4ba451c22272e8596d,cards_senior_0808.jsonl:4,whale-categorization-playground,hard,top2_oracle,2,2,0,0,0,1.0,0.0,1,0.20326,0.20326,0.0,1.0,0.0,0.0,202.5,242.15366231650114,202.5,202.5
whale-categorization-playground__54180eeefe9d4b4ba451c22272e8596d,cards_senior_0808.jsonl:4,whale-categorization-playground,hard,oracle_gate,2,2,0,0,0,1.0,0.0,1,0.20326,0.20326,0.0,1.0,0.0,0.0,202.5,242.15366231650114,202.5,202.5
whale-categorization-playground__54180eeefe9d4b4ba451c22272e8596d,cards_senior_0808.jsonl:4,whale-categorization-playground,hard,full_external,2,2,0,2,0,1.0,0.0,1,0.20326,0.20326,0.0,1.0,0.0,0.0,202.5,242.15366231650114,242.15366231650114,242.15366231650114
whale-categorization-playground__714dd2f45fce42b3bfb1cb7cfc627ac9,cards_senior_0808.jsonl:4,whale-categorization-playground,hard,artifact_only,2,2,0,0,0,1.0,0.0,1,0.2183,0.2183,0.0,1.0,0.0,0.0,98.4,101.1667485460639,98.4,98.4
whale-categorization-playground__714dd2f45fce42b3bfb1cb7cfc627ac9,cards_senior_0808.jsonl:4,whale-categorization-playground,hard,all_escalate,2,2,0,0,0,1.0,0.0,1,0.2183,0.2183,0.0,1.0,0.0,0.0,98.4,101.1667485460639,98.4,98.4
whale-categorization-playground__714dd2f45fce42b3bfb1cb7cfc627ac9,cards_senior_0808.jsonl:4,whale-categorization-playground,hard,random_gate,2,2,0,0,0,1.0,0.0,1,0.2183,0.2183,0.0,1.0,0.0,0.0,98.4,101.1667485460639,98.4,98.4
whale-categorization-playground__714dd2f45fce42b3bfb1cb7cfc627ac9,cards_senior_0808.jsonl:4,whale-categorization-playground,hard,tfidf_gate,2,2,0,0,0,1.0,0.0,1,0.2183,0.2183,0.0,1.0,0.0,0.0,98.4,101.1667485460639,98.4,98.4
whale-categorization-playground__714dd2f45fce42b3bfb1cb7cfc627ac9,cards_senior_0808.jsonl:4,whale-categorization-playground,hard,majority3_gate,2,2,0,0,0,1.0,0.0,1,0.2183,0.2183,0.0,1.0,0.0,0.0,98.4,101.1667485460639,98.4,98.4
whale-categorization-playground__714dd2f45fce42b3bfb1cb7cfc627ac9,cards_senior_0808.jsonl:4,whale-categorization-playground,hard,unanimous3_gate,2,2,0,0,0,1.0,0.0,1,0.2183,0.2183,0.0,1.0,0.0,0.0,98.4,101.1667485460639,98.4,98.4
whale-categorization-playground__714dd2f45fce42b3bfb1cb7cfc627ac9,cards_senior_0808.jsonl:4,whale-categorization-playground,hard,top1_random,2,2,0,0,0,1.0,0.0,1,0.2183,0.2183,0.0,1.0,0.0,0.0,98.4,101.1667485460639,98.4,98.4
whale-categorization-playground__714dd2f45fce42b3bfb1cb7cfc627ac9,cards_senior_0808.jsonl:4,whale-categorization-playground,hard,top1_tfidf,2,2,0,0,0,1.0,0.0,1,0.2183,0.2183,0.0,1.0,0.0,0.0,98.4,101.1667485460639,98.4,98.4
whale-categorization-playground__714dd2f45fce42b3bfb1cb7cfc627ac9,cards_senior_0808.jsonl:4,whale-categorization-playground,hard,top1_majority3,2,2,0,0,0,1.0,0.0,1,0.2183,0.2183,0.0,1.0,0.0,0.0,98.4,101.1667485460639,98.4,98.4
whale-categorization-playground__714dd2f45fce42b3bfb1cb7cfc627ac9,cards_senior_0808.jsonl:4,whale-categorization-playground,hard,top1_stdout,2,2,0,0,0,1.0,0.0,1,0.2183,0.2183,0.0,1.0,0.0,0.0,98.4,101.1667485460639,98.4,98.4
whale-categorization-playground__714dd2f45fce42b3bfb1cb7cfc627ac9,cards_senior_0808.jsonl:4,whale-categorization-playground,hard,top1_progress,2,2,0,0,0,1.0,0.0,1,0.2183,0.2183,0.0,1.0,0.0,0.0,98.4,101.1667485460639,98.4,98.4
whale-categorization-playground__714dd2f45fce42b3bfb1cb7cfc627ac9,cards_senior_0808.jsonl:4,whale-categorization-playground,hard,top1_stdout_tfidf,2,2,0,0,0,1.0,0.0,1,0.2183,0.2183,0.0,1.0,0.0,0.0,98.4,101.1667485460639,98.4,98.4
whale-categorization-playground__714dd2f45fce42b3bfb1cb7cfc627ac9,cards_senior_0808.jsonl:4,whale-categorization-playground,hard,top1_oracle,2,2,0,0,0,1.0,0.0,1,0.2183,0.2183,0.0,1.0,0.0,0.0,98.4,101.1667485460639,98.4,98.4
whale-categorization-playground__714dd2f45fce42b3bfb1cb7cfc627ac9,cards_senior_0808.jsonl:4,whale-categorization-playground,hard,top2_random,2,2,0,0,0,1.0,0.0,1,0.2183,0.2183,0.0,1.0,0.0,0.0,98.4,101.1667485460639,98.4,98.4
whale-categorization-playground__714dd2f45fce42b3bfb1cb7cfc627ac9,cards_senior_0808.jsonl:4,whale-categorization-playground,hard,top2_tfidf,2,2,0,0,0,1.0,0.0,1,0.2183,0.2183,0.0,1.0,0.0,0.0,98.4,101.1667485460639,98.4,98.4
whale-categorization-playground__714dd2f45fce42b3bfb1cb7cfc627ac9,cards_senior_0808.jsonl:4,whale-categorization-playground,hard,top2_oracle,2,2,0,0,0,1.0,0.0,1,0.2183,0.2183,0.0,1.0,0.0,0.0,98.4,101.1667485460639,98.4,98.4
whale-categorization-playground__714dd2f45fce42b3bfb1cb7cfc627ac9,cards_senior_0808.jsonl:4,whale-categorization-playground,hard,oracle_gate,2,2,0,0,0,1.0,0.0,1,0.2183,0.2183,0.0,1.0,0.0,0.0,98.4,101.1667485460639,98.4,98.4
whale-categorization-playground__714dd2f45fce42b3bfb1cb7cfc627ac9,cards_senior_0808.jsonl:4,whale-categorization-playground,hard,full_external,2,2,0,2,0,1.0,0.0,1,0.2183,0.2183,0.0,1.0,0.0,0.0,98.4,101.1667485460639,101.1667485460639,101.1667485460639
whale-categorization-playground__7ce3e536c1e049afa5f3d5e768c58615,cards_senior_0808.jsonl:4,whale-categorization-playground,easy,artifact_only,2,2,0,0,0,1.0,0.0,1,0.22485,0.22485,0.0,1.0,0.0,0.0,171.9,189.59622447937727,171.9,171.9
whale-categorization-playground__7ce3e536c1e049afa5f3d5e768c58615,cards_senior_0808.jsonl:4,whale-categorization-playground,easy,all_escalate,2,2,0,0,0,1.0,0.0,1,0.22485,0.22485,0.0,1.0,0.0,0.0,171.9,189.59622447937727,171.9,171.9
whale-categorization-playground__7ce3e536c1e049afa5f3d5e768c58615,cards_senior_0808.jsonl:4,whale-categorization-playground,easy,random_gate,2,2,0,0,0,1.0,0.0,1,0.22485,0.22485,0.0,1.0,0.0,0.0,171.9,189.59622447937727,171.9,171.9
whale-categorization-playground__7ce3e536c1e049afa5f3d5e768c58615,cards_senior_0808.jsonl:4,whale-categorization-playground,easy,tfidf_gate,2,2,0,0,0,1.0,0.0,1,0.22485,0.22485,0.0,1.0,0.0,0.0,171.9,189.59622447937727,171.9,171.9
whale-categorization-playground__7ce3e536c1e049afa5f3d5e768c58615,cards_senior_0808.jsonl:4,whale-categorization-playground,easy,majority3_gate,2,2,0,0,0,1.0,0.0,1,0.22485,0.22485,0.0,1.0,0.0,0.0,171.9,189.59622447937727,171.9,171.9
whale-categorization-playground__7ce3e536c1e049afa5f3d5e768c58615,cards_senior_0808.jsonl:4,whale-categorization-playground,easy,unanimous3_gate,2,2,0,0,0,1.0,0.0,1,0.22485,0.22485,0.0,1.0,0.0,0.0,171.9,189.59622447937727,171.9,171.9
whale-categorization-playground__7ce3e536c1e049afa5f3d5e768c58615,cards_senior_0808.jsonl:4,whale-categorization-playground,easy,top1_random,2,2,0,0,0,1.0,0.0,1,0.22485,0.22485,0.0,1.0,0.0,0.0,171.9,189.59622447937727,171.9,171.9
whale-categorization-playground__7ce3e536c1e049afa5f3d5e768c58615,cards_senior_0808.jsonl:4,whale-categorization-playground,easy,top1_tfidf,2,2,0,0,0,1.0,0.0,1,0.22485,0.22485,0.0,1.0,0.0,0.0,171.9,189.59622447937727,171.9,171.9
whale-categorization-playground__7ce3e536c1e049afa5f3d5e768c58615,cards_senior_0808.jsonl:4,whale-categorization-playground,easy,top1_majority3,2,2,0,0,0,1.0,0.0,1,0.22485,0.22485,0.0,1.0,0.0,0.0,171.9,189.59622447937727,171.9,171.9
whale-categorization-playground__7ce3e536c1e049afa5f3d5e768c58615,cards_senior_0808.jsonl:4,whale-categorization-playground,easy,top1_stdout,2,2,0,0,0,1.0,0.0,1,0.22485,0.22485,0.0,1.0,0.0,0.0,171.9,189.59622447937727,171.9,171.9
whale-categorization-playground__7ce3e536c1e049afa5f3d5e768c58615,cards_senior_0808.jsonl:4,whale-categorization-playground,easy,top1_progress,2,2,0,0,0,1.0,0.0,1,0.22485,0.22485,0.0,1.0,0.0,0.0,171.9,189.59622447937727,171.9,171.9
whale-categorization-playground__7ce3e536c1e049afa5f3d5e768c58615,cards_senior_0808.jsonl:4,whale-categorization-playground,easy,top1_stdout_tfidf,2,2,0,0,0,1.0,0.0,1,0.22485,0.22485,0.0,1.0,0.0,0.0,171.9,189.59622447937727,171.9,171.9
whale-categorization-playground__7ce3e536c1e049afa5f3d5e768c58615,cards_senior_0808.jsonl:4,whale-categorization-playground,easy,top1_oracle,2,2,0,0,0,1.0,0.0,1,0.22485,0.22485,0.0,1.0,0.0,0.0,171.9,189.59622447937727,171.9,171.9
whale-categorization-playground__7ce3e536c1e049afa5f3d5e768c58615,cards_senior_0808.jsonl:4,whale-categorization-playground,easy,top2_random,2,2,0,0,0,1.0,0.0,1,0.22485,0.22485,0.0,1.0,0.0,0.0,171.9,189.59622447937727,171.9,171.9
whale-categorization-playground__7ce3e536c1e049afa5f3d5e768c58615,cards_senior_0808.jsonl:4,whale-categorization-playground,easy,top2_tfidf,2,2,0,0,0,1.0,0.0,1,0.22485,0.22485,0.0,1.0,0.0,0.0,171.9,189.59622447937727,171.9,171.9
whale-categorization-playground__7ce3e536c1e049afa5f3d5e768c58615,cards_senior_0808.jsonl:4,whale-categorization-playground,easy,top2_oracle,2,2,0,0,0,1.0,0.0,1,0.22485,0.22485,0.0,1.0,0.0,0.0,171.9,189.59622447937727,171.9,171.9
whale-categorization-playground__7ce3e536c1e049afa5f3d5e768c58615,cards_senior_0808.jsonl:4,whale-categorization-playground,easy,oracle_gate,2,2,0,0,0,1.0,0.0,1,0.22485,0.22485,0.0,1.0,0.0,0.0,171.9,189.59622447937727,171.9,171.9
whale-categorization-playground__7ce3e536c1e049afa5f3d5e768c58615,cards_senior_0808.jsonl:4,whale-categorization-playground,easy,full_external,2,2,0,2,0,1.0,0.0,1,0.22485,0.22485,0.0,1.0,0.0,0.0,171.9,189.59622447937727,189.59622447937727,189.59622447937727
whale-categorization-playground__b90628e666304e37aae1d7b746c71421,cards_senior_0808.jsonl:4,whale-categorization-playground,easy,artifact_only,2,2,0,0,0,1.0,0.0,1,0.31614,0.31614,0.0,1.0,0.0,0.0,96.9,100.20958537608385,96.9,96.9
whale-categorization-playground__b90628e666304e37aae1d7b746c71421,cards_senior_0808.jsonl:4,whale-categorization-playground,easy,all_escalate,2,2,0,0,0,1.0,0.0,1,0.31614,0.31614,0.0,1.0,0.0,0.0,96.9,100.20958537608385,96.9,96.9
whale-categorization-playground__b90628e666304e37aae1d7b746c71421,cards_senior_0808.jsonl:4,whale-categorization-playground,easy,random_gate,2,2,0,0,0,1.0,0.0,1,0.31614,0.31614,0.0,1.0,0.0,0.0,96.9,100.20958537608385,96.9,96.9
whale-categorization-playground__b90628e666304e37aae1d7b746c71421,cards_senior_0808.jsonl:4,whale-categorization-playground,easy,tfidf_gate,2,2,0,0,0,1.0,0.0,1,0.31614,0.31614,0.0,1.0,0.0,0.0,96.9,100.20958537608385,96.9,96.9
whale-categorization-playground__b90628e666304e37aae1d7b746c71421,cards_senior_0808.jsonl:4,whale-categorization-playground,easy,majority3_gate,2,2,0,0,0,1.0,0.0,1,0.31614,0.31614,0.0,1.0,0.0,0.0,96.9,100.20958537608385,96.9,96.9
whale-categorization-playground__b90628e666304e37aae1d7b746c71421,cards_senior_0808.jsonl:4,whale-categorization-playground,easy,unanimous3_gate,2,2,0,0,0,1.0,0.0,1,0.31614,0.31614,0.0,1.0,0.0,0.0,96.9,100.20958537608385,96.9,96.9
whale-categorization-playground__b90628e666304e37aae1d7b746c71421,cards_senior_0808.jsonl:4,whale-categorization-playground,easy,top1_random,2,2,0,0,0,1.0,0.0,1,0.31614,0.31614,0.0,1.0,0.0,0.0,96.9,100.20958537608385,96.9,96.9
whale-categorization-playground__b90628e666304e37aae1d7b746c71421,cards_senior_0808.jsonl:4,whale-categorization-playground,easy,top1_tfidf,2,2,0,0,0,1.0,0.0,1,0.31614,0.31614,0.0,1.0,0.0,0.0,96.9,100.20958537608385,96.9,96.9
whale-categorization-playground__b90628e666304e37aae1d7b746c71421,cards_senior_0808.jsonl:4,whale-categorization-playground,easy,top1_majority3,2,2,0,0,0,1.0,0.0,1,0.31614,0.31614,0.0,1.0,0.0,0.0,96.9,100.20958537608385,96.9,96.9
whale-categorization-playground__b90628e666304e37aae1d7b746c71421,cards_senior_0808.jsonl:4,whale-categorization-playground,easy,top1_stdout,2,2,0,0,0,1.0,0.0,1,0.31614,0.31614,0.0,1.0,0.0,0.0,96.9,100.20958537608385,96.9,96.9
whale-categorization-playground__b90628e666304e37aae1d7b746c71421,cards_senior_0808.jsonl:4,whale-categorization-playground,easy,top1_progress,2,2,0,0,0,1.0,0.0,1,0.31614,0.31614,0.0,1.0,0.0,0.0,96.9,100.20958537608385,96.9,96.9
whale-categorization-playground__b90628e666304e37aae1d7b746c71421,cards_senior_0808.jsonl:4,whale-categorization-playground,easy,top1_stdout_tfidf,2,2,0,0,0,1.0,0.0,1,0.31614,0.31614,0.0,1.0,0.0,0.0,96.9,100.20958537608385,96.9,96.9
whale-categorization-playground__b90628e666304e37aae1d7b746c71421,cards_senior_0808.jsonl:4,whale-categorization-playground,easy,top1_oracle,2,2,0,0,0,1.0,0.0,1,0.31614,0.31614,0.0,1.0,0.0,0.0,96.9,100.20958537608385,96.9,96.9
whale-categorization-playground__b90628e666304e37aae1d7b746c71421,cards_senior_0808.jsonl:4,whale-categorization-playground,easy,top2_random,2,2,0,0,0,1.0,0.0,1,0.31614,0.31614,0.0,1.0,0.0,0.0,96.9,100.20958537608385,96.9,96.9
whale-categorization-playground__b90628e666304e37aae1d7b746c71421,cards_senior_0808.jsonl:4,whale-categorization-playground,easy,top2_tfidf,2,2,0,0,0,1.0,0.0,1,0.31614,0.31614,0.0,1.0,0.0,0.0,96.9,100.20958537608385,96.9,96.9
whale-categorization-playground__b90628e666304e37aae1d7b746c71421,cards_senior_0808.jsonl:4,whale-categorization-playground,easy,top2_oracle,2,2,0,0,0,1.0,0.0,1,0.31614,0.31614,0.0,1.0,0.0,0.0,96.9,100.20958537608385,96.9,96.9
whale-categorization-playground__b90628e666304e37aae1d7b746c71421,cards_senior_0808.jsonl:4,whale-categorization-playground,easy,oracle_gate,2,2,0,0,0,1.0,0.0,1,0.31614,0.31614,0.0,1.0,0.0,0.0,96.9,100.20958537608385,96.9,96.9
whale-categorization-playground__b90628e666304e37aae1d7b746c71421,cards_senior_0808.jsonl:4,whale-categorization-playground,easy,full_external,2,2,0,2,0,1.0,0.0,1,0.31614,0.31614,0.0,1.0,0.0,0.0,96.9,100.20958537608385,100.20958537608385,100.20958537608385
whale-categorization-playground__fdddc49ca71647528ab0cce114ee3cb1,cards_senior_0808.jsonl:4,whale-categorization-playground,hard,artifact_only,2,1,1,0,1,0.0,0.00764999999999999,1,0.2354,0.24305,-0.00764999999999999,0.0,0.0,1.0,205.10000000000002,213.98534617573023,205.10000000000002,205.10000000000002
whale-categorization-playground__fdddc49ca71647528ab0cce114ee3cb1,cards_senior_0808.jsonl:4,whale-categorization-playground,hard,all_escalate,2,1,1,1,0,1.0,0.0,1,0.24305,0.24305,0.0,1.0,0.0,0.0,205.10000000000002,213.98534617573023,327.52289997637274,207.52289997637274
whale-categorization-playground__fdddc49ca71647528ab0cce114ee3cb1,cards_senior_0808.jsonl:4,whale-categorization-playground,hard,random_gate,2,1,1,1,0,1.0,0.0,1,0.24305,0.24305,0.0,1.0,0.0,0.0,205.10000000000002,213.98534617573023,327.52289997637274,207.52289997637274
whale-categorization-playground__fdddc49ca71647528ab0cce114ee3cb1,cards_senior_0808.jsonl:4,whale-categorization-playground,hard,tfidf_gate,2,1,1,0,1,0.0,0.00764999999999999,1,0.2354,0.24305,-0.00764999999999999,0.0,0.0,1.0,205.10000000000002,213.98534617573023,205.10000000000002,205.10000000000002
whale-categorization-playground__fdddc49ca71647528ab0cce114ee3cb1,cards_senior_0808.jsonl:4,whale-categorization-playground,hard,majority3_gate,2,1,1,1,0,1.0,0.0,1,0.24305,0.24305,0.0,1.0,0.0,0.0,205.10000000000002,213.98534617573023,327.52289997637274,207.52289997637274
whale-categorization-playground__fdddc49ca71647528ab0cce114ee3cb1,cards_senior_0808.jsonl:4,whale-categorization-playground,hard,unanimous3_gate,2,1,1,1,0,1.0,0.0,1,0.24305,0.24305,0.0,1.0,0.0,0.0,205.10000000000002,213.98534617573023,327.52289997637274,207.52289997637274
whale-categorization-playground__fdddc49ca71647528ab0cce114ee3cb1,cards_senior_0808.jsonl:4,whale-categorization-playground,hard,top1_random,2,1,1,1,0,1.0,0.0,1,0.24305,0.24305,0.0,1.0,0.0,0.0,205.10000000000002,213.98534617573023,327.52289997637274,207.52289997637274
whale-categorization-playground__fdddc49ca71647528ab0cce114ee3cb1,cards_senior_0808.jsonl:4,whale-categorization-playground,hard,top1_tfidf,2,1,1,1,0,1.0,0.0,1,0.24305,0.24305,0.0,1.0,0.0,0.0,205.10000000000002,213.98534617573023,327.52289997637274,207.52289997637274
whale-categorization-playground__fdddc49ca71647528ab0cce114ee3cb1,cards_senior_0808.jsonl:4,whale-categorization-playground,hard,top1_majority3,2,1,1,1,0,1.0,0.0,1,0.24305,0.24305,0.0,1.0,0.0,0.0,205.10000000000002,213.98534617573023,327.52289997637274,207.52289997637274
whale-categorization-playground__fdddc49ca71647528ab0cce114ee3cb1,cards_senior_0808.jsonl:4,whale-categorization-playground,hard,top1_stdout,2,1,1,1,0,1.0,0.0,1,0.24305,0.24305,0.0,1.0,0.0,0.0,205.10000000000002,213.98534617573023,327.52289997637274,207.52289997637274
whale-categorization-playground__fdddc49ca71647528ab0cce114ee3cb1,cards_senior_0808.jsonl:4,whale-categorization-playground,hard,top1_progress,2,1,1,1,0,1.0,0.0,1,0.24305,0.24305,0.0,1.0,0.0,0.0,205.10000000000002,213.98534617573023,327.52289997637274,207.52289997637274
whale-categorization-playground__fdddc49ca71647528ab0cce114ee3cb1,cards_senior_0808.jsonl:4,whale-categorization-playground,hard,top1_stdout_tfidf,2,1,1,1,0,1.0,0.0,1,0.24305,0.24305,0.0,1.0,0.0,0.0,205.10000000000002,213.98534617573023,327.52289997637274,207.52289997637274
whale-categorization-playground__fdddc49ca71647528ab0cce114ee3cb1,cards_senior_0808.jsonl:4,whale-categorization-playground,hard,top1_oracle,2,1,1,1,0,1.0,0.0,1,0.24305,0.24305,0.0,1.0,0.0,0.0,205.10000000000002,213.98534617573023,327.52289997637274,207.52289997637274
whale-categorization-playground__fdddc49ca71647528ab0cce114ee3cb1,cards_senior_0808.jsonl:4,whale-categorization-playground,hard,top2_random,2,1,1,1,0,1.0,0.0,1,0.24305,0.24305,0.0,1.0,0.0,0.0,205.10000000000002,213.98534617573023,327.52289997637274,207.52289997637274
whale-categorization-playground__fdddc49ca71647528ab0cce114ee3cb1,cards_senior_0808.jsonl:4,whale-categorization-playground,hard,top2_tfidf,2,1,1,1,0,1.0,0.0,1,0.24305,0.24305,0.0,1.0,0.0,0.0,205.10000000000002,213.98534617573023,327.52289997637274,207.52289997637274
whale-categorization-playground__fdddc49ca71647528ab0cce114ee3cb1,cards_senior_0808.jsonl:4,whale-categorization-playground,hard,top2_oracle,2,1,1,1,0,1.0,0.0,1,0.24305,0.24305,0.0,1.0,0.0,0.0,205.10000000000002,213.98534617573023,327.52289997637274,207.52289997637274
whale-categorization-playground__fdddc49ca71647528ab0cce114ee3cb1,cards_senior_0808.jsonl:4,whale-categorization-playground,hard,oracle_gate,2,1,1,1,0,1.0,0.0,1,0.24305,0.24305,0.0,1.0,0.0,0.0,205.10000000000002,213.98534617573023,327.52289997637274,207.52289997637274
whale-categorization-playground__fdddc49ca71647528ab0cce114ee3cb1,cards_senior_0808.jsonl:4,whale-categorization-playground,hard,full_external,2,1,1,2,0,1.0,0.0,1,0.24305,0.24305,0.0,1.0,0.0,0.0,205.10000000000002,213.98534617573023,213.98534617573023,213.98534617573023
