model,trial,phase,repeat,item_index,n_items,elapsed_s,per_pair_ms,decision,decision_sha256
static_lr,0,init,0,,4263,153.092548862000,,,
static_lr,0,single_query,0,0,1,0.060632438000,60.632438000000,-1,6e340b9cffb37a989ca544e6bb780a2c78901d3fb33738768511a30617afa01d
static_lr,0,single_query,0,1,1,0.030504118000,30.504118000000,-1,6e340b9cffb37a989ca544e6bb780a2c78901d3fb33738768511a30617afa01d
static_lr,0,single_query,0,2,1,0.020474286000,20.474286000000,1,dbc1b4c900ffe48d575b5da5c638040125f65db0fe3e24494b76ea986457d986
static_lr,0,single_query,0,3,1,0.031030815000,31.030815000000,-1,6e340b9cffb37a989ca544e6bb780a2c78901d3fb33738768511a30617afa01d
static_lr,0,single_query,0,4,1,0.048009900000,48.009900000000,1,dbc1b4c900ffe48d575b5da5c638040125f65db0fe3e24494b76ea986457d986
static_lr,0,single_query,0,5,1,0.071532203000,71.532203000000,-1,6e340b9cffb37a989ca544e6bb780a2c78901d3fb33738768511a30617afa01d
static_lr,0,single_query,0,6,1,0.055972017000,55.972017000000,1,dbc1b4c900ffe48d575b5da5c638040125f65db0fe3e24494b76ea986457d986
static_lr,0,single_query,0,7,1,0.034156037000,34.156037000000,-1,6e340b9cffb37a989ca544e6bb780a2c78901d3fb33738768511a30617afa01d
static_lr,0,single_query,0,8,1,0.030944131000,30.944131000000,-1,6e340b9cffb37a989ca544e6bb780a2c78901d3fb33738768511a30617afa01d
static_lr,0,single_query,0,9,1,0.056236907000,56.236907000000,1,dbc1b4c900ffe48d575b5da5c638040125f65db0fe3e24494b76ea986457d986
static_lr,0,single_query,0,10,1,0.098621430000,98.621430000000,1,dbc1b4c900ffe48d575b5da5c638040125f65db0fe3e24494b76ea986457d986
static_lr,0,single_query,0,11,1,0.080999282000,80.999282000000,1,dbc1b4c900ffe48d575b5da5c638040125f65db0fe3e24494b76ea986457d986
static_lr,0,single_query,0,12,1,0.087995797000,87.995797000000,1,dbc1b4c900ffe48d575b5da5c638040125f65db0fe3e24494b76ea986457d986
static_lr,0,single_query,0,13,1,0.030480105000,30.480105000000,1,dbc1b4c900ffe48d575b5da5c638040125f65db0fe3e24494b76ea986457d986
static_lr,0,single_query,0,14,1,0.030734647000,30.734647000000,-1,6e340b9cffb37a989ca544e6bb780a2c78901d3fb33738768511a30617afa01d
static_lr,0,single_query,0,15,1,0.041591553000,41.591553000000,-1,6e340b9cffb37a989ca544e6bb780a2c78901d3fb33738768511a30617afa01d
static_lr,0,single_query,0,16,1,0.042714231000,42.714231000000,-1,6e340b9cffb37a989ca544e6bb780a2c78901d3fb33738768511a30617afa01d
static_lr,0,single_query,0,17,1,0.029839325000,29.839325000000,1,dbc1b4c900ffe48d575b5da5c638040125f65db0fe3e24494b76ea986457d986
static_lr,0,single_query,0,18,1,0.038872618000,38.872618000000,1,dbc1b4c900ffe48d575b5da5c638040125f65db0fe3e24494b76ea986457d986
static_lr,0,single_query,0,19,1,0.019119781000,19.119781000000,-1,6e340b9cffb37a989ca544e6bb780a2c78901d3fb33738768511a30617afa01d
static_lr,0,single_query,0,20,1,0.024059051000,24.059051000000,1,dbc1b4c900ffe48d575b5da5c638040125f65db0fe3e24494b76ea986457d986
static_lr,0,single_query,0,21,1,0.027744363000,27.744363000000,1,dbc1b4c900ffe48d575b5da5c638040125f65db0fe3e24494b76ea986457d986
static_lr,0,single_query,0,22,1,0.028686900000,28.686900000000,1,dbc1b4c900ffe48d575b5da5c638040125f65db0fe3e24494b76ea986457d986
static_lr,0,single_query,0,23,1,0.029301888000,29.301888000000,1,dbc1b4c900ffe48d575b5da5c638040125f65db0fe3e24494b76ea986457d986
static_lr,0,single_query,0,24,1,0.038662401000,38.662401000000,-1,6e340b9cffb37a989ca544e6bb780a2c78901d3fb33738768511a30617afa01d
static_lr,0,single_query,0,25,1,0.036520044000,36.520044000000,1,dbc1b4c900ffe48d575b5da5c638040125f65db0fe3e24494b76ea986457d986
static_lr,0,single_query,0,26,1,0.039837017000,39.837017000000,1,dbc1b4c900ffe48d575b5da5c638040125f65db0fe3e24494b76ea986457d986
static_lr,0,single_query,0,27,1,0.035678690000,35.678690000000,1,dbc1b4c900ffe48d575b5da5c638040125f65db0fe3e24494b76ea986457d986
static_lr,0,single_query,0,28,1,0.033360182000,33.360182000000,-1,6e340b9cffb37a989ca544e6bb780a2c78901d3fb33738768511a30617afa01d
static_lr,0,single_query,0,29,1,0.028999988000,28.999988000000,-1,6e340b9cffb37a989ca544e6bb780a2c78901d3fb33738768511a30617afa01d
static_lr,0,single_query,0,30,1,0.026399319000,26.399319000000,1,dbc1b4c900ffe48d575b5da5c638040125f65db0fe3e24494b76ea986457d986
static_lr,0,single_query,0,31,1,0.029270956000,29.270956000000,1,dbc1b4c900ffe48d575b5da5c638040125f65db0fe3e24494b76ea986457d986
static_lr,0,single_query,0,32,1,0.045166765000,45.166765000000,1,dbc1b4c900ffe48d575b5da5c638040125f65db0fe3e24494b76ea986457d986
static_lr,0,single_query,0,33,1,0.046155597000,46.155597000000,-1,6e340b9cffb37a989ca544e6bb780a2c78901d3fb33738768511a30617afa01d
static_lr,0,single_query,0,34,1,0.065127545000,65.127545000000,-1,6e340b9cffb37a989ca544e6bb780a2c78901d3fb33738768511a30617afa01d
static_lr,0,single_query,0,35,1,0.072292296000,72.292296000000,-1,6e340b9cffb37a989ca544e6bb780a2c78901d3fb33738768511a30617afa01d
static_lr,0,single_query,0,36,1,0.076445009000,76.445009000000,1,dbc1b4c900ffe48d575b5da5c638040125f65db0fe3e24494b76ea986457d986
static_lr,0,single_query,0,37,1,0.038353428000,38.353428000000,-1,6e340b9cffb37a989ca544e6bb780a2c78901d3fb33738768511a30617afa01d
static_lr,0,single_query,0,38,1,0.037185258000,37.185258000000,1,dbc1b4c900ffe48d575b5da5c638040125f65db0fe3e24494b76ea986457d986
static_lr,0,single_query,0,39,1,0.025419655000,25.419655000000,-1,6e340b9cffb37a989ca544e6bb780a2c78901d3fb33738768511a30617afa01d
static_lr,0,single_query,0,40,1,0.023927893000,23.927893000000,-1,6e340b9cffb37a989ca544e6bb780a2c78901d3fb33738768511a30617afa01d
static_lr,0,single_query,0,41,1,0.025442162000,25.442162000000,1,dbc1b4c900ffe48d575b5da5c638040125f65db0fe3e24494b76ea986457d986
static_lr,0,single_query,0,42,1,0.024954169000,24.954169000000,-1,6e340b9cffb37a989ca544e6bb780a2c78901d3fb33738768511a30617afa01d
static_lr,0,single_query,0,43,1,0.022172665000,22.172665000000,-1,6e340b9cffb37a989ca544e6bb780a2c78901d3fb33738768511a30617afa01d
static_lr,0,single_query,0,44,1,0.023905515000,23.905515000000,1,dbc1b4c900ffe48d575b5da5c638040125f65db0fe3e24494b76ea986457d986
static_lr,0,single_query,0,45,1,0.025951309000,25.951309000000,-1,6e340b9cffb37a989ca544e6bb780a2c78901d3fb33738768511a30617afa01d
static_lr,0,single_query,0,46,1,0.022010116000,22.010116000000,-1,6e340b9cffb37a989ca544e6bb780a2c78901d3fb33738768511a30617afa01d
static_lr,0,single_query,0,47,1,0.026942890000,26.942890000000,1,dbc1b4c900ffe48d575b5da5c638040125f65db0fe3e24494b76ea986457d986
static_lr,0,single_query,0,48,1,0.024885156000,24.885156000000,1,dbc1b4c900ffe48d575b5da5c638040125f65db0fe3e24494b76ea986457d986
static_lr,0,single_query,0,49,1,0.033332433000,33.332433000000,1,dbc1b4c900ffe48d575b5da5c638040125f65db0fe3e24494b76ea986457d986
static_lr,0,single_query,0,50,1,0.026497171000,26.497171000000,-1,6e340b9cffb37a989ca544e6bb780a2c78901d3fb33738768511a30617afa01d
static_lr,0,single_query,0,51,1,0.030825625000,30.825625000000,-1,6e340b9cffb37a989ca544e6bb780a2c78901d3fb33738768511a30617afa01d
static_lr,0,single_query,0,52,1,0.024406293000,24.406293000000,1,dbc1b4c900ffe48d575b5da5c638040125f65db0fe3e24494b76ea986457d986
static_lr,0,single_query,0,53,1,0.024547924000,24.547924000000,1,dbc1b4c900ffe48d575b5da5c638040125f65db0fe3e24494b76ea986457d986
static_lr,0,single_query,0,54,1,0.027797256000,27.797256000000,-1,6e340b9cffb37a989ca544e6bb780a2c78901d3fb33738768511a30617afa01d
static_lr,0,single_query,0,55,1,0.024885931000,24.885931000000,1,dbc1b4c900ffe48d575b5da5c638040125f65db0fe3e24494b76ea986457d986
static_lr,0,single_query,0,56,1,0.026161931000,26.161931000000,-1,6e340b9cffb37a989ca544e6bb780a2c78901d3fb33738768511a30617afa01d
static_lr,0,single_query,0,57,1,0.026823064000,26.823064000000,1,dbc1b4c900ffe48d575b5da5c638040125f65db0fe3e24494b76ea986457d986
static_lr,0,single_query,0,58,1,0.025592804000,25.592804000000,-1,6e340b9cffb37a989ca544e6bb780a2c78901d3fb33738768511a30617afa01d
static_lr,0,single_query,0,59,1,0.031000912000,31.000912000000,-1,6e340b9cffb37a989ca544e6bb780a2c78901d3fb33738768511a30617afa01d
static_lr,0,single_query,0,60,1,0.029191548000,29.191548000000,1,dbc1b4c900ffe48d575b5da5c638040125f65db0fe3e24494b76ea986457d986
static_lr,0,single_query,0,61,1,0.022519425000,22.519425000000,-1,6e340b9cffb37a989ca544e6bb780a2c78901d3fb33738768511a30617afa01d
static_lr,0,single_query,0,62,1,0.020824673000,20.824673000000,-1,6e340b9cffb37a989ca544e6bb780a2c78901d3fb33738768511a30617afa01d
static_lr,0,single_query,0,63,1,0.025247298000,25.247298000000,-1,6e340b9cffb37a989ca544e6bb780a2c78901d3fb33738768511a30617afa01d
static_lr,0,single_query,0,64,1,0.024099997000,24.099997000000,1,dbc1b4c900ffe48d575b5da5c638040125f65db0fe3e24494b76ea986457d986
static_lr,0,single_query,0,65,1,0.028360972000,28.360972000000,-1,6e340b9cffb37a989ca544e6bb780a2c78901d3fb33738768511a30617afa01d
static_lr,0,single_query,0,66,1,0.027562153000,27.562153000000,1,dbc1b4c900ffe48d575b5da5c638040125f65db0fe3e24494b76ea986457d986
static_lr,0,single_query,0,67,1,0.025605293000,25.605293000000,1,dbc1b4c900ffe48d575b5da5c638040125f65db0fe3e24494b76ea986457d986
static_lr,0,single_query,0,68,1,0.030924782000,30.924782000000,-1,6e340b9cffb37a989ca544e6bb780a2c78901d3fb33738768511a30617afa01d
static_lr,0,single_query,0,69,1,0.030059462000,30.059462000000,1,dbc1b4c900ffe48d575b5da5c638040125f65db0fe3e24494b76ea986457d986
static_lr,0,single_query,0,70,1,0.030290380000,30.290380000000,1,dbc1b4c900ffe48d575b5da5c638040125f65db0fe3e24494b76ea986457d986
static_lr,0,single_query,0,71,1,0.029521309000,29.521309000000,1,dbc1b4c900ffe48d575b5da5c638040125f65db0fe3e24494b76ea986457d986
static_lr,0,single_query,0,72,1,0.027514782000,27.514782000000,-1,6e340b9cffb37a989ca544e6bb780a2c78901d3fb33738768511a30617afa01d
static_lr,0,single_query,0,73,1,0.031567621000,31.567621000000,1,dbc1b4c900ffe48d575b5da5c638040125f65db0fe3e24494b76ea986457d986
static_lr,0,single_query,0,74,1,0.031713112000,31.713112000000,-1,6e340b9cffb37a989ca544e6bb780a2c78901d3fb33738768511a30617afa01d
static_lr,0,single_query,0,75,1,0.030737600000,30.737600000000,-1,6e340b9cffb37a989ca544e6bb780a2c78901d3fb33738768511a30617afa01d
static_lr,0,single_query,0,76,1,0.033975637000,33.975637000000,1,dbc1b4c900ffe48d575b5da5c638040125f65db0fe3e24494b76ea986457d986
static_lr,0,single_query,0,77,1,0.029967699000,29.967699000000,1,dbc1b4c900ffe48d575b5da5c638040125f65db0fe3e24494b76ea986457d986
static_lr,0,single_query,0,78,1,0.016976365000,16.976365000000,-1,6e340b9cffb37a989ca544e6bb780a2c78901d3fb33738768511a30617afa01d
static_lr,0,single_query,0,79,1,0.020462478000,20.462478000000,1,dbc1b4c900ffe48d575b5da5c638040125f65db0fe3e24494b76ea986457d986
static_lr,0,single_query,0,80,1,0.020064895000,20.064895000000,1,dbc1b4c900ffe48d575b5da5c638040125f65db0fe3e24494b76ea986457d986
static_lr,0,single_query,0,81,1,0.018182444000,18.182444000000,1,dbc1b4c900ffe48d575b5da5c638040125f65db0fe3e24494b76ea986457d986
static_lr,0,single_query,0,82,1,0.025805713000,25.805713000000,-1,6e340b9cffb37a989ca544e6bb780a2c78901d3fb33738768511a30617afa01d
static_lr,0,single_query,0,83,1,0.025324596000,25.324596000000,1,dbc1b4c900ffe48d575b5da5c638040125f65db0fe3e24494b76ea986457d986
static_lr,0,single_query,0,84,1,0.027094335000,27.094335000000,-1,6e340b9cffb37a989ca544e6bb780a2c78901d3fb33738768511a30617afa01d
static_lr,0,single_query,0,85,1,0.028596833000,28.596833000000,-1,6e340b9cffb37a989ca544e6bb780a2c78901d3fb33738768511a30617afa01d
static_lr,0,single_query,0,86,1,0.030945799000,30.945799000000,-1,6e340b9cffb37a989ca544e6bb780a2c78901d3fb33738768511a30617afa01d
static_lr,0,single_query,0,87,1,0.027057408000,27.057408000000,-1,6e340b9cffb37a989ca544e6bb780a2c78901d3fb33738768511a30617afa01d
static_lr,0,single_query,0,88,1,0.025382023000,25.382023000000,1,dbc1b4c900ffe48d575b5da5c638040125f65db0fe3e24494b76ea986457d986
static_lr,0,single_query,0,89,1,0.021995392000,21.995392000000,-1,6e340b9cffb37a989ca544e6bb780a2c78901d3fb33738768511a30617afa01d
static_lr,0,single_query,0,90,1,0.027200832000,27.200832000000,1,dbc1b4c900ffe48d575b5da5c638040125f65db0fe3e24494b76ea986457d986
static_lr,0,single_query,0,91,1,0.024508241000,24.508241000000,-1,6e340b9cffb37a989ca544e6bb780a2c78901d3fb33738768511a30617afa01d
static_lr,0,single_query,0,92,1,0.026236757000,26.236757000000,1,dbc1b4c900ffe48d575b5da5c638040125f65db0fe3e24494b76ea986457d986
static_lr,0,single_query,0,93,1,0.027867303000,27.867303000000,1,dbc1b4c900ffe48d575b5da5c638040125f65db0fe3e24494b76ea986457d986
static_lr,0,single_query,0,94,1,0.027566519000,27.566519000000,-1,6e340b9cffb37a989ca544e6bb780a2c78901d3fb33738768511a30617afa01d
static_lr,0,single_query,0,95,1,0.026985335000,26.985335000000,-1,6e340b9cffb37a989ca544e6bb780a2c78901d3fb33738768511a30617afa01d
static_lr,0,single_query,0,96,1,0.026818571000,26.818571000000,-1,6e340b9cffb37a989ca544e6bb780a2c78901d3fb33738768511a30617afa01d
static_lr,0,single_query,0,97,1,0.026081262000,26.081262000000,1,dbc1b4c900ffe48d575b5da5c638040125f65db0fe3e24494b76ea986457d986
static_lr,0,single_query,0,98,1,0.023901571000,23.901571000000,1,dbc1b4c900ffe48d575b5da5c638040125f65db0fe3e24494b76ea986457d986
static_lr,0,single_query,0,99,1,0.027334351000,27.334351000000,-1,6e340b9cffb37a989ca544e6bb780a2c78901d3fb33738768511a30617afa01d
static_lr,0,single_query,0,100,1,0.025790127000,25.790127000000,-1,6e340b9cffb37a989ca544e6bb780a2c78901d3fb33738768511a30617afa01d
static_lr,0,single_query,0,101,1,0.029794272000,29.794272000000,-1,6e340b9cffb37a989ca544e6bb780a2c78901d3fb33738768511a30617afa01d
static_lr,0,single_query,0,102,1,0.025289232000,25.289232000000,1,dbc1b4c900ffe48d575b5da5c638040125f65db0fe3e24494b76ea986457d986
static_lr,0,single_query,0,103,1,0.032315832000,32.315832000000,1,dbc1b4c900ffe48d575b5da5c638040125f65db0fe3e24494b76ea986457d986
static_lr,0,single_query,0,104,1,0.038045022000,38.045022000000,1,dbc1b4c900ffe48d575b5da5c638040125f65db0fe3e24494b76ea986457d986
static_lr,0,single_query,0,105,1,0.030933739000,30.933739000000,-1,6e340b9cffb37a989ca544e6bb780a2c78901d3fb33738768511a30617afa01d
static_lr,0,single_query,0,106,1,0.039036104000,39.036104000000,1,dbc1b4c900ffe48d575b5da5c638040125f65db0fe3e24494b76ea986457d986
static_lr,0,single_query,0,107,1,0.033543992000,33.543992000000,1,dbc1b4c900ffe48d575b5da5c638040125f65db0fe3e24494b76ea986457d986
static_lr,0,single_query,0,108,1,0.028791240000,28.791240000000,1,dbc1b4c900ffe48d575b5da5c638040125f65db0fe3e24494b76ea986457d986
static_lr,0,single_query,0,109,1,0.032623119000,32.623119000000,1,dbc1b4c900ffe48d575b5da5c638040125f65db0fe3e24494b76ea986457d986
static_lr,0,single_query,0,110,1,0.026226705000,26.226705000000,1,dbc1b4c900ffe48d575b5da5c638040125f65db0fe3e24494b76ea986457d986
static_lr,0,single_query,0,111,1,0.027547389000,27.547389000000,1,dbc1b4c900ffe48d575b5da5c638040125f65db0fe3e24494b76ea986457d986
static_lr,0,single_query,0,112,1,0.030941093000,30.941093000000,1,dbc1b4c900ffe48d575b5da5c638040125f65db0fe3e24494b76ea986457d986
static_lr,0,single_query,0,113,1,0.036917261000,36.917261000000,1,dbc1b4c900ffe48d575b5da5c638040125f65db0fe3e24494b76ea986457d986
static_lr,0,single_query,0,114,1,0.034978929000,34.978929000000,1,dbc1b4c900ffe48d575b5da5c638040125f65db0fe3e24494b76ea986457d986
static_lr,0,single_query,0,115,1,0.028397270000,28.397270000000,1,dbc1b4c900ffe48d575b5da5c638040125f65db0fe3e24494b76ea986457d986
static_lr,0,single_query,0,116,1,0.030512482000,30.512482000000,1,dbc1b4c900ffe48d575b5da5c638040125f65db0fe3e24494b76ea986457d986
static_lr,0,single_query,0,117,1,0.035972121000,35.972121000000,-1,6e340b9cffb37a989ca544e6bb780a2c78901d3fb33738768511a30617afa01d
static_lr,0,single_query,0,118,1,0.034856220000,34.856220000000,-1,6e340b9cffb37a989ca544e6bb780a2c78901d3fb33738768511a30617afa01d
static_lr,0,single_query,0,119,1,0.028873867000,28.873867000000,1,dbc1b4c900ffe48d575b5da5c638040125f65db0fe3e24494b76ea986457d986
static_lr,0,single_query,0,120,1,0.014396189000,14.396189000000,1,dbc1b4c900ffe48d575b5da5c638040125f65db0fe3e24494b76ea986457d986
static_lr,0,single_query,0,121,1,0.135295376000,135.295376000000,1,dbc1b4c900ffe48d575b5da5c638040125f65db0fe3e24494b76ea986457d986
static_lr,0,single_query,0,122,1,0.057827627000,57.827627000000,1,dbc1b4c900ffe48d575b5da5c638040125f65db0fe3e24494b76ea986457d986
static_lr,0,single_query,0,123,1,0.071146801000,71.146801000000,1,dbc1b4c900ffe48d575b5da5c638040125f65db0fe3e24494b76ea986457d986
static_lr,0,single_query,0,124,1,0.072081133000,72.081133000000,1,dbc1b4c900ffe48d575b5da5c638040125f65db0fe3e24494b76ea986457d986
static_lr,0,single_query,0,125,1,0.065677648000,65.677648000000,-1,6e340b9cffb37a989ca544e6bb780a2c78901d3fb33738768511a30617afa01d
static_lr,0,single_query,0,126,1,0.072289727000,72.289727000000,1,dbc1b4c900ffe48d575b5da5c638040125f65db0fe3e24494b76ea986457d986
static_lr,0,single_query,0,127,1,0.035450709000,35.450709000000,-1,6e340b9cffb37a989ca544e6bb780a2c78901d3fb33738768511a30617afa01d
static_lr,0,single_query,0,128,1,0.045457023000,45.457023000000,-1,6e340b9cffb37a989ca544e6bb780a2c78901d3fb33738768511a30617afa01d
static_lr,0,single_query,0,129,1,0.045184294000,45.184294000000,1,dbc1b4c900ffe48d575b5da5c638040125f65db0fe3e24494b76ea986457d986
static_lr,0,single_query,0,130,1,0.046593059000,46.593059000000,1,dbc1b4c900ffe48d575b5da5c638040125f65db0fe3e24494b76ea986457d986
static_lr,0,single_query,0,131,1,0.035735662000,35.735662000000,1,dbc1b4c900ffe48d575b5da5c638040125f65db0fe3e24494b76ea986457d986
static_lr,0,single_query,0,132,1,0.063568997000,63.568997000000,1,dbc1b4c900ffe48d575b5da5c638040125f65db0fe3e24494b76ea986457d986
static_lr,0,single_query,0,133,1,0.037508491000,37.508491000000,-1,6e340b9cffb37a989ca544e6bb780a2c78901d3fb33738768511a30617afa01d
static_lr,0,single_query,0,134,1,0.055279397000,55.279397000000,1,dbc1b4c900ffe48d575b5da5c638040125f65db0fe3e24494b76ea986457d986
static_lr,0,single_query,0,135,1,0.056896553000,56.896553000000,1,dbc1b4c900ffe48d575b5da5c638040125f65db0fe3e24494b76ea986457d986
static_lr,0,single_query,0,136,1,0.048218079000,48.218079000000,1,dbc1b4c900ffe48d575b5da5c638040125f65db0fe3e24494b76ea986457d986
static_lr,0,single_query,0,137,1,0.043813638000,43.813638000000,1,dbc1b4c900ffe48d575b5da5c638040125f65db0fe3e24494b76ea986457d986
static_lr,0,single_query,0,138,1,0.043147014000,43.147014000000,1,dbc1b4c900ffe48d575b5da5c638040125f65db0fe3e24494b76ea986457d986
static_lr,0,single_query,0,139,1,0.046112330000,46.112330000000,-1,6e340b9cffb37a989ca544e6bb780a2c78901d3fb33738768511a30617afa01d
static_lr,0,single_query,0,140,1,0.027896979000,27.896979000000,-1,6e340b9cffb37a989ca544e6bb780a2c78901d3fb33738768511a30617afa01d
static_lr,0,single_query,0,141,1,0.040705516000,40.705516000000,1,dbc1b4c900ffe48d575b5da5c638040125f65db0fe3e24494b76ea986457d986
static_lr,0,single_query,0,142,1,0.042275972000,42.275972000000,1,dbc1b4c900ffe48d575b5da5c638040125f65db0fe3e24494b76ea986457d986
static_lr,0,single_query,0,143,1,0.054642246000,54.642246000000,-1,6e340b9cffb37a989ca544e6bb780a2c78901d3fb33738768511a30617afa01d
static_lr,0,single_query,0,144,1,0.054311507000,54.311507000000,-1,6e340b9cffb37a989ca544e6bb780a2c78901d3fb33738768511a30617afa01d
static_lr,0,single_query,0,145,1,0.057228824000,57.228824000000,1,dbc1b4c900ffe48d575b5da5c638040125f65db0fe3e24494b76ea986457d986
static_lr,0,single_query,0,146,1,0.050792853000,50.792853000000,1,dbc1b4c900ffe48d575b5da5c638040125f65db0fe3e24494b76ea986457d986
static_lr,0,single_query,0,147,1,0.076829647000,76.829647000000,1,dbc1b4c900ffe48d575b5da5c638040125f65db0fe3e24494b76ea986457d986
static_lr,0,single_query,0,148,1,0.080321510000,80.321510000000,1,dbc1b4c900ffe48d575b5da5c638040125f65db0fe3e24494b76ea986457d986
static_lr,0,single_query,0,149,1,0.113780336000,113.780336000000,-1,6e340b9cffb37a989ca544e6bb780a2c78901d3fb33738768511a30617afa01d
static_lr,0,single_query,0,150,1,0.117278368000,117.278368000000,1,dbc1b4c900ffe48d575b5da5c638040125f65db0fe3e24494b76ea986457d986
static_lr,0,single_query,0,151,1,0.108340969000,108.340969000000,1,dbc1b4c900ffe48d575b5da5c638040125f65db0fe3e24494b76ea986457d986
static_lr,0,single_query,0,152,1,0.104880715000,104.880715000000,1,dbc1b4c900ffe48d575b5da5c638040125f65db0fe3e24494b76ea986457d986
static_lr,0,single_query,0,153,1,0.103487345000,103.487345000000,-1,6e340b9cffb37a989ca544e6bb780a2c78901d3fb33738768511a30617afa01d
static_lr,0,single_query,0,154,1,0.102810770000,102.810770000000,1,dbc1b4c900ffe48d575b5da5c638040125f65db0fe3e24494b76ea986457d986
static_lr,0,single_query,0,155,1,0.096191978000,96.191978000000,1,dbc1b4c900ffe48d575b5da5c638040125f65db0fe3e24494b76ea986457d986
static_lr,0,single_query,0,156,1,0.098267904000,98.267904000000,1,dbc1b4c900ffe48d575b5da5c638040125f65db0fe3e24494b76ea986457d986
static_lr,0,single_query,0,157,1,0.120106774000,120.106774000000,-1,6e340b9cffb37a989ca544e6bb780a2c78901d3fb33738768511a30617afa01d
static_lr,0,single_query,0,158,1,0.125808722000,125.808722000000,1,dbc1b4c900ffe48d575b5da5c638040125f65db0fe3e24494b76ea986457d986
static_lr,0,single_query,0,159,1,0.109182153000,109.182153000000,-1,6e340b9cffb37a989ca544e6bb780a2c78901d3fb33738768511a30617afa01d
static_lr,0,single_query,0,160,1,0.120207029000,120.207029000000,-1,6e340b9cffb37a989ca544e6bb780a2c78901d3fb33738768511a30617afa01d
static_lr,0,single_query,0,161,1,0.032337347000,32.337347000000,1,dbc1b4c900ffe48d575b5da5c638040125f65db0fe3e24494b76ea986457d986
static_lr,0,single_query,0,162,1,0.040326369000,40.326369000000,1,dbc1b4c900ffe48d575b5da5c638040125f65db0fe3e24494b76ea986457d986
static_lr,0,single_query,0,163,1,0.071726242000,71.726242000000,1,dbc1b4c900ffe48d575b5da5c638040125f65db0fe3e24494b76ea986457d986
static_lr,0,single_query,0,164,1,0.045809641000,45.809641000000,1,dbc1b4c900ffe48d575b5da5c638040125f65db0fe3e24494b76ea986457d986
static_lr,0,single_query,0,165,1,0.084569611000,84.569611000000,-1,6e340b9cffb37a989ca544e6bb780a2c78901d3fb33738768511a30617afa01d
static_lr,0,single_query,0,166,1,0.085407018000,85.407018000000,1,dbc1b4c900ffe48d575b5da5c638040125f65db0fe3e24494b76ea986457d986
static_lr,0,single_query,0,167,1,0.094996424000,94.996424000000,-1,6e340b9cffb37a989ca544e6bb780a2c78901d3fb33738768511a30617afa01d
static_lr,0,single_query,0,168,1,0.075177514000,75.177514000000,-1,6e340b9cffb37a989ca544e6bb780a2c78901d3fb33738768511a30617afa01d
static_lr,0,single_query,0,169,1,0.074366371000,74.366371000000,1,dbc1b4c900ffe48d575b5da5c638040125f65db0fe3e24494b76ea986457d986
static_lr,0,single_query,0,170,1,0.035343833000,35.343833000000,-1,6e340b9cffb37a989ca544e6bb780a2c78901d3fb33738768511a30617afa01d
static_lr,0,single_query,0,171,1,0.037937842000,37.937842000000,-1,6e340b9cffb37a989ca544e6bb780a2c78901d3fb33738768511a30617afa01d
static_lr,0,single_query,0,172,1,0.036317851000,36.317851000000,-1,6e340b9cffb37a989ca544e6bb780a2c78901d3fb33738768511a30617afa01d
static_lr,0,single_query,0,173,1,0.031216215000,31.216215000000,1,dbc1b4c900ffe48d575b5da5c638040125f65db0fe3e24494b76ea986457d986
static_lr,0,single_query,0,174,1,0.041780273000,41.780273000000,-1,6e340b9cffb37a989ca544e6bb780a2c78901d3fb33738768511a30617afa01d
static_lr,0,single_query,0,175,1,0.140947469000,140.947469000000,-1,6e340b9cffb37a989ca544e6bb780a2c78901d3fb33738768511a30617afa01d
static_lr,0,single_query,0,176,1,0.147110349000,147.110349000000,-1,6e340b9cffb37a989ca544e6bb780a2c78901d3fb33738768511a30617afa01d
static_lr,0,single_query,0,177,1,0.159206331000,159.206331000000,-1,6e340b9cffb37a989ca544e6bb780a2c78901d3fb33738768511a30617afa01d
static_lr,0,single_query,0,178,1,0.147380518000,147.380518000000,-1,6e340b9cffb37a989ca544e6bb780a2c78901d3fb33738768511a30617afa01d
static_lr,0,single_query,0,179,1,0.023952897000,23.952897000000,1,dbc1b4c900ffe48d575b5da5c638040125f65db0fe3e24494b76ea986457d986
static_lr,0,single_query,0,180,1,0.019609970000,19.609970000000,-1,6e340b9cffb37a989ca544e6bb780a2c78901d3fb33738768511a30617afa01d
static_lr,0,single_query,0,181,1,0.031592451000,31.592451000000,-1,6e340b9cffb37a989ca544e6bb780a2c78901d3fb33738768511a30617afa01d
static_lr,0,single_query,0,182,1,0.028530575000,28.530575000000,1,dbc1b4c900ffe48d575b5da5c638040125f65db0fe3e24494b76ea986457d986
static_lr,0,single_query,0,183,1,0.027748438000,27.748438000000,-1,6e340b9cffb37a989ca544e6bb780a2c78901d3fb33738768511a30617afa01d
static_lr,0,single_query,0,184,1,0.039923306000,39.923306000000,-1,6e340b9cffb37a989ca544e6bb780a2c78901d3fb33738768511a30617afa01d
static_lr,0,single_query,0,185,1,0.037517391000,37.517391000000,-1,6e340b9cffb37a989ca544e6bb780a2c78901d3fb33738768511a30617afa01d
static_lr,0,single_query,0,186,1,0.037172005000,37.172005000000,1,dbc1b4c900ffe48d575b5da5c638040125f65db0fe3e24494b76ea986457d986
static_lr,0,single_query,0,187,1,0.036090398000,36.090398000000,-1,6e340b9cffb37a989ca544e6bb780a2c78901d3fb33738768511a30617afa01d
static_lr,0,single_query,0,188,1,0.050712309000,50.712309000000,1,dbc1b4c900ffe48d575b5da5c638040125f65db0fe3e24494b76ea986457d986
static_lr,0,single_query,0,189,1,0.047758653000,47.758653000000,1,dbc1b4c900ffe48d575b5da5c638040125f65db0fe3e24494b76ea986457d986
static_lr,0,single_query,0,190,1,0.041256799000,41.256799000000,-1,6e340b9cffb37a989ca544e6bb780a2c78901d3fb33738768511a30617afa01d
static_lr,0,single_query,0,191,1,0.041427852000,41.427852000000,-1,6e340b9cffb37a989ca544e6bb780a2c78901d3fb33738768511a30617afa01d
static_lr,0,single_query,0,192,1,0.054022435000,54.022435000000,-1,6e340b9cffb37a989ca544e6bb780a2c78901d3fb33738768511a30617afa01d
static_lr,0,single_query,0,193,1,0.056729076000,56.729076000000,1,dbc1b4c900ffe48d575b5da5c638040125f65db0fe3e24494b76ea986457d986
static_lr,0,single_query,0,194,1,0.060747803000,60.747803000000,-1,6e340b9cffb37a989ca544e6bb780a2c78901d3fb33738768511a30617afa01d
static_lr,0,single_query,0,195,1,0.064239164000,64.239164000000,-1,6e340b9cffb37a989ca544e6bb780a2c78901d3fb33738768511a30617afa01d
static_lr,0,single_query,0,196,1,0.058889080000,58.889080000000,1,dbc1b4c900ffe48d575b5da5c638040125f65db0fe3e24494b76ea986457d986
static_lr,0,single_query,0,197,1,0.068126694000,68.126694000000,-1,6e340b9cffb37a989ca544e6bb780a2c78901d3fb33738768511a30617afa01d
static_lr,0,single_query,0,198,1,0.078344143000,78.344143000000,1,dbc1b4c900ffe48d575b5da5c638040125f65db0fe3e24494b76ea986457d986
static_lr,0,single_query,0,199,1,0.064076247000,64.076247000000,1,dbc1b4c900ffe48d575b5da5c638040125f65db0fe3e24494b76ea986457d986
static_lr,0,single_query,0,200,1,0.068920549000,68.920549000000,1,dbc1b4c900ffe48d575b5da5c638040125f65db0fe3e24494b76ea986457d986
static_lr,0,single_query,0,201,1,0.061274680000,61.274680000000,1,dbc1b4c900ffe48d575b5da5c638040125f65db0fe3e24494b76ea986457d986
static_lr,0,single_query,0,202,1,0.068957721000,68.957721000000,-1,6e340b9cffb37a989ca544e6bb780a2c78901d3fb33738768511a30617afa01d
static_lr,0,single_query,0,203,1,0.071391174000,71.391174000000,-1,6e340b9cffb37a989ca544e6bb780a2c78901d3fb33738768511a30617afa01d
static_lr,0,single_query,0,204,1,0.063724363000,63.724363000000,-1,6e340b9cffb37a989ca544e6bb780a2c78901d3fb33738768511a30617afa01d
static_lr,0,single_query,0,205,1,0.059232832000,59.232832000000,-1,6e340b9cffb37a989ca544e6bb780a2c78901d3fb33738768511a30617afa01d
static_lr,0,single_query,0,206,1,0.077816858000,77.816858000000,-1,6e340b9cffb37a989ca544e6bb780a2c78901d3fb33738768511a30617afa01d
static_lr,0,single_query,0,207,1,0.076484876000,76.484876000000,1,dbc1b4c900ffe48d575b5da5c638040125f65db0fe3e24494b76ea986457d986
static_lr,0,single_query,0,208,1,0.051955290000,51.955290000000,1,dbc1b4c900ffe48d575b5da5c638040125f65db0fe3e24494b76ea986457d986
static_lr,0,single_query,0,209,1,0.047187688000,47.187688000000,1,dbc1b4c900ffe48d575b5da5c638040125f65db0fe3e24494b76ea986457d986
static_lr,0,single_query,0,210,1,0.049859109000,49.859109000000,1,dbc1b4c900ffe48d575b5da5c638040125f65db0fe3e24494b76ea986457d986
static_lr,0,single_query,0,211,1,0.084219262000,84.219262000000,1,dbc1b4c900ffe48d575b5da5c638040125f65db0fe3e24494b76ea986457d986
static_lr,0,single_query,0,212,1,0.103343591000,103.343591000000,-1,6e340b9cffb37a989ca544e6bb780a2c78901d3fb33738768511a30617afa01d
static_lr,0,single_query,0,213,1,0.037967928000,37.967928000000,1,dbc1b4c900ffe48d575b5da5c638040125f65db0fe3e24494b76ea986457d986
static_lr,0,single_query,0,214,1,0.052350641000,52.350641000000,-1,6e340b9cffb37a989ca544e6bb780a2c78901d3fb33738768511a30617afa01d
static_lr,0,single_query,0,215,1,0.034762645000,34.762645000000,1,dbc1b4c900ffe48d575b5da5c638040125f65db0fe3e24494b76ea986457d986
static_lr,0,single_query,0,216,1,0.047384909000,47.384909000000,-1,6e340b9cffb37a989ca544e6bb780a2c78901d3fb33738768511a30617afa01d
static_lr,0,single_query,0,217,1,0.045757862000,45.757862000000,1,dbc1b4c900ffe48d575b5da5c638040125f65db0fe3e24494b76ea986457d986
static_lr,0,single_query,0,218,1,0.048767578000,48.767578000000,-1,6e340b9cffb37a989ca544e6bb780a2c78901d3fb33738768511a30617afa01d
static_lr,0,single_query,0,219,1,0.041135476000,41.135476000000,-1,6e340b9cffb37a989ca544e6bb780a2c78901d3fb33738768511a30617afa01d
static_lr,0,single_query,0,220,1,0.044213871000,44.213871000000,-1,6e340b9cffb37a989ca544e6bb780a2c78901d3fb33738768511a30617afa01d
static_lr,0,single_query,0,221,1,0.068365220000,68.365220000000,-1,6e340b9cffb37a989ca544e6bb780a2c78901d3fb33738768511a30617afa01d
static_lr,0,single_query,0,222,1,0.060218399000,60.218399000000,1,dbc1b4c900ffe48d575b5da5c638040125f65db0fe3e24494b76ea986457d986
static_lr,0,single_query,0,223,1,0.064408390000,64.408390000000,-1,6e340b9cffb37a989ca544e6bb780a2c78901d3fb33738768511a30617afa01d
static_lr,0,single_query,0,224,1,0.065993179000,65.993179000000,-1,6e340b9cffb37a989ca544e6bb780a2c78901d3fb33738768511a30617afa01d
static_lr,0,single_query,0,225,1,0.068528618000,68.528618000000,1,dbc1b4c900ffe48d575b5da5c638040125f65db0fe3e24494b76ea986457d986
static_lr,0,single_query,0,226,1,0.070887918000,70.887918000000,1,dbc1b4c900ffe48d575b5da5c638040125f65db0fe3e24494b76ea986457d986
static_lr,0,single_query,0,227,1,0.059505767000,59.505767000000,-1,6e340b9cffb37a989ca544e6bb780a2c78901d3fb33738768511a30617afa01d
static_lr,0,single_query,0,228,1,0.071516977000,71.516977000000,-1,6e340b9cffb37a989ca544e6bb780a2c78901d3fb33738768511a30617afa01d
static_lr,0,single_query,0,229,1,0.072089120000,72.089120000000,1,dbc1b4c900ffe48d575b5da5c638040125f65db0fe3e24494b76ea986457d986
static_lr,0,single_query,0,230,1,0.066464012000,66.464012000000,-1,6e340b9cffb37a989ca544e6bb780a2c78901d3fb33738768511a30617afa01d
static_lr,0,single_query,0,231,1,0.063257649000,63.257649000000,-1,6e340b9cffb37a989ca544e6bb780a2c78901d3fb33738768511a30617afa01d
static_lr,0,single_query,0,232,1,0.074816942000,74.816942000000,1,dbc1b4c900ffe48d575b5da5c638040125f65db0fe3e24494b76ea986457d986
static_lr,0,single_query,0,233,1,0.071987495000,71.987495000000,-1,6e340b9cffb37a989ca544e6bb780a2c78901d3fb33738768511a30617afa01d
static_lr,0,single_query,0,234,1,0.055802500000,55.802500000000,-1,6e340b9cffb37a989ca544e6bb780a2c78901d3fb33738768511a30617afa01d
static_lr,0,single_query,0,235,1,0.057926060000,57.926060000000,1,dbc1b4c900ffe48d575b5da5c638040125f65db0fe3e24494b76ea986457d986
static_lr,0,single_query,0,236,1,0.054619558000,54.619558000000,1,dbc1b4c900ffe48d575b5da5c638040125f65db0fe3e24494b76ea986457d986
static_lr,0,single_query,0,237,1,0.050372684000,50.372684000000,-1,6e340b9cffb37a989ca544e6bb780a2c78901d3fb33738768511a30617afa01d
static_lr,0,single_query,0,238,1,0.044421792000,44.421792000000,-1,6e340b9cffb37a989ca544e6bb780a2c78901d3fb33738768511a30617afa01d
static_lr,0,single_query,0,239,1,0.066121448000,66.121448000000,-1,6e340b9cffb37a989ca544e6bb780a2c78901d3fb33738768511a30617afa01d
static_lr,0,single_query,0,240,1,0.068022946000,68.022946000000,-1,6e340b9cffb37a989ca544e6bb780a2c78901d3fb33738768511a30617afa01d
static_lr,0,single_query,0,241,1,0.069894256000,69.894256000000,1,dbc1b4c900ffe48d575b5da5c638040125f65db0fe3e24494b76ea986457d986
static_lr,0,single_query,0,242,1,0.044313737000,44.313737000000,-1,6e340b9cffb37a989ca544e6bb780a2c78901d3fb33738768511a30617afa01d
static_lr,0,single_query,0,243,1,0.054172220000,54.172220000000,-1,6e340b9cffb37a989ca544e6bb780a2c78901d3fb33738768511a30617afa01d
static_lr,0,single_query,0,244,1,0.052626198000,52.626198000000,-1,6e340b9cffb37a989ca544e6bb780a2c78901d3fb33738768511a30617afa01d
static_lr,0,single_query,0,245,1,0.085330021000,85.330021000000,-1,6e340b9cffb37a989ca544e6bb780a2c78901d3fb33738768511a30617afa01d
static_lr,0,single_query,0,246,1,0.229939407000,229.939407000000,-1,6e340b9cffb37a989ca544e6bb780a2c78901d3fb33738768511a30617afa01d
static_lr,0,single_query,0,247,1,0.068222996000,68.222996000000,1,dbc1b4c900ffe48d575b5da5c638040125f65db0fe3e24494b76ea986457d986
static_lr,0,single_query,0,248,1,0.071259570000,71.259570000000,-1,6e340b9cffb37a989ca544e6bb780a2c78901d3fb33738768511a30617afa01d
static_lr,0,single_query,0,249,1,0.060167630000,60.167630000000,-1,6e340b9cffb37a989ca544e6bb780a2c78901d3fb33738768511a30617afa01d
static_lr,0,single_query,0,250,1,0.070934854000,70.934854000000,-1,6e340b9cffb37a989ca544e6bb780a2c78901d3fb33738768511a30617afa01d
static_lr,0,single_query,0,251,1,0.050797228000,50.797228000000,1,dbc1b4c900ffe48d575b5da5c638040125f65db0fe3e24494b76ea986457d986
static_lr,0,single_query,0,252,1,0.041746198000,41.746198000000,1,dbc1b4c900ffe48d575b5da5c638040125f65db0fe3e24494b76ea986457d986
static_lr,0,single_query,0,253,1,0.058750430000,58.750430000000,-1,6e340b9cffb37a989ca544e6bb780a2c78901d3fb33738768511a30617afa01d
static_lr,0,single_query,0,254,1,0.047901153000,47.901153000000,1,dbc1b4c900ffe48d575b5da5c638040125f65db0fe3e24494b76ea986457d986
static_lr,0,single_query,0,255,1,0.044633313000,44.633313000000,1,dbc1b4c900ffe48d575b5da5c638040125f65db0fe3e24494b76ea986457d986
static_lr,1,init,0,,4263,153.261638973000,,,
static_lr,1,single_query,0,0,1,0.060440107000,60.440107000000,-1,6e340b9cffb37a989ca544e6bb780a2c78901d3fb33738768511a30617afa01d
static_lr,1,single_query,0,1,1,0.030570692000,30.570692000000,-1,6e340b9cffb37a989ca544e6bb780a2c78901d3fb33738768511a30617afa01d
static_lr,1,single_query,0,2,1,0.020391285000,20.391285000000,1,dbc1b4c900ffe48d575b5da5c638040125f65db0fe3e24494b76ea986457d986
static_lr,1,single_query,0,3,1,0.030940968000,30.940968000000,-1,6e340b9cffb37a989ca544e6bb780a2c78901d3fb33738768511a30617afa01d
static_lr,1,single_query,0,4,1,0.047539333000,47.539333000000,1,dbc1b4c900ffe48d575b5da5c638040125f65db0fe3e24494b76ea986457d986
static_lr,1,single_query,0,5,1,0.071912752000,71.912752000000,-1,6e340b9cffb37a989ca544e6bb780a2c78901d3fb33738768511a30617afa01d
static_lr,1,single_query,0,6,1,0.055930792000,55.930792000000,1,dbc1b4c900ffe48d575b5da5c638040125f65db0fe3e24494b76ea986457d986
static_lr,1,single_query,0,7,1,0.034103128000,34.103128000000,-1,6e340b9cffb37a989ca544e6bb780a2c78901d3fb33738768511a30617afa01d
static_lr,1,single_query,0,8,1,0.030861725000,30.861725000000,-1,6e340b9cffb37a989ca544e6bb780a2c78901d3fb33738768511a30617afa01d
static_lr,1,single_query,0,9,1,0.056375093000,56.375093000000,1,dbc1b4c900ffe48d575b5da5c638040125f65db0fe3e24494b76ea986457d986
static_lr,1,single_query,0,10,1,0.098621853000,98.621853000000,1,dbc1b4c900ffe48d575b5da5c638040125f65db0fe3e24494b76ea986457d986
static_lr,1,single_query,0,11,1,0.080631364000,80.631364000000,1,dbc1b4c900ffe48d575b5da5c638040125f65db0fe3e24494b76ea986457d986
static_lr,1,single_query,0,12,1,0.087836856000,87.836856000000,1,dbc1b4c900ffe48d575b5da5c638040125f65db0fe3e24494b76ea986457d986
static_lr,1,single_query,0,13,1,0.030521182000,30.521182000000,1,dbc1b4c900ffe48d575b5da5c638040125f65db0fe3e24494b76ea986457d986
static_lr,1,single_query,0,14,1,0.030775521000,30.775521000000,-1,6e340b9cffb37a989ca544e6bb780a2c78901d3fb33738768511a30617afa01d
static_lr,1,single_query,0,15,1,0.041577729000,41.577729000000,-1,6e340b9cffb37a989ca544e6bb780a2c78901d3fb33738768511a30617afa01d
static_lr,1,single_query,0,16,1,0.042607376000,42.607376000000,-1,6e340b9cffb37a989ca544e6bb780a2c78901d3fb33738768511a30617afa01d
static_lr,1,single_query,0,17,1,0.029486311000,29.486311000000,1,dbc1b4c900ffe48d575b5da5c638040125f65db0fe3e24494b76ea986457d986
static_lr,1,single_query,0,18,1,0.039241885000,39.241885000000,1,dbc1b4c900ffe48d575b5da5c638040125f65db0fe3e24494b76ea986457d986
static_lr,1,single_query,0,19,1,0.019196102000,19.196102000000,-1,6e340b9cffb37a989ca544e6bb780a2c78901d3fb33738768511a30617afa01d
static_lr,1,single_query,0,20,1,0.023851726000,23.851726000000,1,dbc1b4c900ffe48d575b5da5c638040125f65db0fe3e24494b76ea986457d986
static_lr,1,single_query,0,21,1,0.027468533000,27.468533000000,1,dbc1b4c900ffe48d575b5da5c638040125f65db0fe3e24494b76ea986457d986
static_lr,1,single_query,0,22,1,0.028544432000,28.544432000000,1,dbc1b4c900ffe48d575b5da5c638040125f65db0fe3e24494b76ea986457d986
static_lr,1,single_query,0,23,1,0.029044555000,29.044555000000,1,dbc1b4c900ffe48d575b5da5c638040125f65db0fe3e24494b76ea986457d986
static_lr,1,single_query,0,24,1,0.038543345000,38.543345000000,-1,6e340b9cffb37a989ca544e6bb780a2c78901d3fb33738768511a30617afa01d
static_lr,1,single_query,0,25,1,0.036309366000,36.309366000000,1,dbc1b4c900ffe48d575b5da5c638040125f65db0fe3e24494b76ea986457d986
static_lr,1,single_query,0,26,1,0.039924022000,39.924022000000,1,dbc1b4c900ffe48d575b5da5c638040125f65db0fe3e24494b76ea986457d986
static_lr,1,single_query,0,27,1,0.035659550000,35.659550000000,1,dbc1b4c900ffe48d575b5da5c638040125f65db0fe3e24494b76ea986457d986
static_lr,1,single_query,0,28,1,0.033194179000,33.194179000000,-1,6e340b9cffb37a989ca544e6bb780a2c78901d3fb33738768511a30617afa01d
static_lr,1,single_query,0,29,1,0.028853635000,28.853635000000,-1,6e340b9cffb37a989ca544e6bb780a2c78901d3fb33738768511a30617afa01d
static_lr,1,single_query,0,30,1,0.026488958000,26.488958000000,1,dbc1b4c900ffe48d575b5da5c638040125f65db0fe3e24494b76ea986457d986
static_lr,1,single_query,0,31,1,0.029205381000,29.205381000000,1,dbc1b4c900ffe48d575b5da5c638040125f65db0fe3e24494b76ea986457d986
static_lr,1,single_query,0,32,1,0.045132347000,45.132347000000,1,dbc1b4c900ffe48d575b5da5c638040125f65db0fe3e24494b76ea986457d986
static_lr,1,single_query,0,33,1,0.046087506000,46.087506000000,-1,6e340b9cffb37a989ca544e6bb780a2c78901d3fb33738768511a30617afa01d
static_lr,1,single_query,0,34,1,0.064863724000,64.863724000000,-1,6e340b9cffb37a989ca544e6bb780a2c78901d3fb33738768511a30617afa01d
static_lr,1,single_query,0,35,1,0.072298771000,72.298771000000,-1,6e340b9cffb37a989ca544e6bb780a2c78901d3fb33738768511a30617afa01d
static_lr,1,single_query,0,36,1,0.075719574000,75.719574000000,1,dbc1b4c900ffe48d575b5da5c638040125f65db0fe3e24494b76ea986457d986
static_lr,1,single_query,0,37,1,0.038339451000,38.339451000000,-1,6e340b9cffb37a989ca544e6bb780a2c78901d3fb33738768511a30617afa01d
static_lr,1,single_query,0,38,1,0.037213044000,37.213044000000,1,dbc1b4c900ffe48d575b5da5c638040125f65db0fe3e24494b76ea986457d986
static_lr,1,single_query,0,39,1,0.025304919000,25.304919000000,-1,6e340b9cffb37a989ca544e6bb780a2c78901d3fb33738768511a30617afa01d
static_lr,1,single_query,0,40,1,0.023780158000,23.780158000000,-1,6e340b9cffb37a989ca544e6bb780a2c78901d3fb33738768511a30617afa01d
static_lr,1,single_query,0,41,1,0.025277556000,25.277556000000,1,dbc1b4c900ffe48d575b5da5c638040125f65db0fe3e24494b76ea986457d986
static_lr,1,single_query,0,42,1,0.024953175000,24.953175000000,-1,6e340b9cffb37a989ca544e6bb780a2c78901d3fb33738768511a30617afa01d
static_lr,1,single_query,0,43,1,0.021912659000,21.912659000000,-1,6e340b9cffb37a989ca544e6bb780a2c78901d3fb33738768511a30617afa01d
static_lr,1,single_query,0,44,1,0.023962242000,23.962242000000,1,dbc1b4c900ffe48d575b5da5c638040125f65db0fe3e24494b76ea986457d986
static_lr,1,single_query,0,45,1,0.025211627000,25.211627000000,-1,6e340b9cffb37a989ca544e6bb780a2c78901d3fb33738768511a30617afa01d
static_lr,1,single_query,0,46,1,0.021884814000,21.884814000000,-1,6e340b9cffb37a989ca544e6bb780a2c78901d3fb33738768511a30617afa01d
static_lr,1,single_query,0,47,1,0.027018233000,27.018233000000,1,dbc1b4c900ffe48d575b5da5c638040125f65db0fe3e24494b76ea986457d986
static_lr,1,single_query,0,48,1,0.025001384000,25.001384000000,1,dbc1b4c900ffe48d575b5da5c638040125f65db0fe3e24494b76ea986457d986
static_lr,1,single_query,0,49,1,0.033194296000,33.194296000000,1,dbc1b4c900ffe48d575b5da5c638040125f65db0fe3e24494b76ea986457d986
static_lr,1,single_query,0,50,1,0.026390339000,26.390339000000,-1,6e340b9cffb37a989ca544e6bb780a2c78901d3fb33738768511a30617afa01d
static_lr,1,single_query,0,51,1,0.030713549000,30.713549000000,-1,6e340b9cffb37a989ca544e6bb780a2c78901d3fb33738768511a30617afa01d
static_lr,1,single_query,0,52,1,0.024358097000,24.358097000000,1,dbc1b4c900ffe48d575b5da5c638040125f65db0fe3e24494b76ea986457d986
static_lr,1,single_query,0,53,1,0.024415761000,24.415761000000,1,dbc1b4c900ffe48d575b5da5c638040125f65db0fe3e24494b76ea986457d986
static_lr,1,single_query,0,54,1,0.027640018000,27.640018000000,-1,6e340b9cffb37a989ca544e6bb780a2c78901d3fb33738768511a30617afa01d
static_lr,1,single_query,0,55,1,0.024707937000,24.707937000000,1,dbc1b4c900ffe48d575b5da5c638040125f65db0fe3e24494b76ea986457d986
static_lr,1,single_query,0,56,1,0.026228785000,26.228785000000,-1,6e340b9cffb37a989ca544e6bb780a2c78901d3fb33738768511a30617afa01d
static_lr,1,single_query,0,57,1,0.026932093000,26.932093000000,1,dbc1b4c900ffe48d575b5da5c638040125f65db0fe3e24494b76ea986457d986
static_lr,1,single_query,0,58,1,0.025504012000,25.504012000000,-1,6e340b9cffb37a989ca544e6bb780a2c78901d3fb33738768511a30617afa01d
static_lr,1,single_query,0,59,1,0.031165956000,31.165956000000,-1,6e340b9cffb37a989ca544e6bb780a2c78901d3fb33738768511a30617afa01d
static_lr,1,single_query,0,60,1,0.029145996000,29.145996000000,1,dbc1b4c900ffe48d575b5da5c638040125f65db0fe3e24494b76ea986457d986
static_lr,1,single_query,0,61,1,0.022785670000,22.785670000000,-1,6e340b9cffb37a989ca544e6bb780a2c78901d3fb33738768511a30617afa01d
static_lr,1,single_query,0,62,1,0.021167240000,21.167240000000,-1,6e340b9cffb37a989ca544e6bb780a2c78901d3fb33738768511a30617afa01d
static_lr,1,single_query,0,63,1,0.025436862000,25.436862000000,-1,6e340b9cffb37a989ca544e6bb780a2c78901d3fb33738768511a30617afa01d
static_lr,1,single_query,0,64,1,0.023963235000,23.963235000000,1,dbc1b4c900ffe48d575b5da5c638040125f65db0fe3e24494b76ea986457d986
static_lr,1,single_query,0,65,1,0.029094743000,29.094743000000,-1,6e340b9cffb37a989ca544e6bb780a2c78901d3fb33738768511a30617afa01d
static_lr,1,single_query,0,66,1,0.027882577000,27.882577000000,1,dbc1b4c900ffe48d575b5da5c638040125f65db0fe3e24494b76ea986457d986
static_lr,1,single_query,0,67,1,0.025694375000,25.694375000000,1,dbc1b4c900ffe48d575b5da5c638040125f65db0fe3e24494b76ea986457d986
static_lr,1,single_query,0,68,1,0.030938003000,30.938003000000,-1,6e340b9cffb37a989ca544e6bb780a2c78901d3fb33738768511a30617afa01d
static_lr,1,single_query,0,69,1,0.030099879000,30.099879000000,1,dbc1b4c900ffe48d575b5da5c638040125f65db0fe3e24494b76ea986457d986
static_lr,1,single_query,0,70,1,0.030289255000,30.289255000000,1,dbc1b4c900ffe48d575b5da5c638040125f65db0fe3e24494b76ea986457d986
static_lr,1,single_query,0,71,1,0.028854603000,28.854603000000,1,dbc1b4c900ffe48d575b5da5c638040125f65db0fe3e24494b76ea986457d986
static_lr,1,single_query,0,72,1,0.027386647000,27.386647000000,-1,6e340b9cffb37a989ca544e6bb780a2c78901d3fb33738768511a30617afa01d
static_lr,1,single_query,0,73,1,0.031753937000,31.753937000000,1,dbc1b4c900ffe48d575b5da5c638040125f65db0fe3e24494b76ea986457d986
static_lr,1,single_query,0,74,1,0.031565963000,31.565963000000,-1,6e340b9cffb37a989ca544e6bb780a2c78901d3fb33738768511a30617afa01d
static_lr,1,single_query,0,75,1,0.030860529000,30.860529000000,-1,6e340b9cffb37a989ca544e6bb780a2c78901d3fb33738768511a30617afa01d
static_lr,1,single_query,0,76,1,0.034581820000,34.581820000000,1,dbc1b4c900ffe48d575b5da5c638040125f65db0fe3e24494b76ea986457d986
static_lr,1,single_query,0,77,1,0.032404801000,32.404801000000,1,dbc1b4c900ffe48d575b5da5c638040125f65db0fe3e24494b76ea986457d986
static_lr,1,single_query,0,78,1,0.017463211000,17.463211000000,-1,6e340b9cffb37a989ca544e6bb780a2c78901d3fb33738768511a30617afa01d
static_lr,1,single_query,0,79,1,0.020212308000,20.212308000000,1,dbc1b4c900ffe48d575b5da5c638040125f65db0fe3e24494b76ea986457d986
static_lr,1,single_query,0,80,1,0.019990912000,19.990912000000,1,dbc1b4c900ffe48d575b5da5c638040125f65db0fe3e24494b76ea986457d986
static_lr,1,single_query,0,81,1,0.018134150000,18.134150000000,1,dbc1b4c900ffe48d575b5da5c638040125f65db0fe3e24494b76ea986457d986
static_lr,1,single_query,0,82,1,0.025617605000,25.617605000000,-1,6e340b9cffb37a989ca544e6bb780a2c78901d3fb33738768511a30617afa01d
static_lr,1,single_query,0,83,1,0.025029688000,25.029688000000,1,dbc1b4c900ffe48d575b5da5c638040125f65db0fe3e24494b76ea986457d986
static_lr,1,single_query,0,84,1,0.026998460000,26.998460000000,-1,6e340b9cffb37a989ca544e6bb780a2c78901d3fb33738768511a30617afa01d
static_lr,1,single_query,0,85,1,0.029333277000,29.333277000000,-1,6e340b9cffb37a989ca544e6bb780a2c78901d3fb33738768511a30617afa01d
static_lr,1,single_query,0,86,1,0.030870435000,30.870435000000,-1,6e340b9cffb37a989ca544e6bb780a2c78901d3fb33738768511a30617afa01d
static_lr,1,single_query,0,87,1,0.027029224000,27.029224000000,-1,6e340b9cffb37a989ca544e6bb780a2c78901d3fb33738768511a30617afa01d
static_lr,1,single_query,0,88,1,0.025395414000,25.395414000000,1,dbc1b4c900ffe48d575b5da5c638040125f65db0fe3e24494b76ea986457d986
static_lr,1,single_query,0,89,1,0.021866116000,21.866116000000,-1,6e340b9cffb37a989ca544e6bb780a2c78901d3fb33738768511a30617afa01d
static_lr,1,single_query,0,90,1,0.027222872000,27.222872000000,1,dbc1b4c900ffe48d575b5da5c638040125f65db0fe3e24494b76ea986457d986
static_lr,1,single_query,0,91,1,0.024430646000,24.430646000000,-1,6e340b9cffb37a989ca544e6bb780a2c78901d3fb33738768511a30617afa01d
static_lr,1,single_query,0,92,1,0.026167572000,26.167572000000,1,dbc1b4c900ffe48d575b5da5c638040125f65db0fe3e24494b76ea986457d986
static_lr,1,single_query,0,93,1,0.028013159000,28.013159000000,1,dbc1b4c900ffe48d575b5da5c638040125f65db0fe3e24494b76ea986457d986
static_lr,1,single_query,0,94,1,0.027545293000,27.545293000000,-1,6e340b9cffb37a989ca544e6bb780a2c78901d3fb33738768511a30617afa01d
static_lr,1,single_query,0,95,1,0.026943880000,26.943880000000,-1,6e340b9cffb37a989ca544e6bb780a2c78901d3fb33738768511a30617afa01d
static_lr,1,single_query,0,96,1,0.026567949000,26.567949000000,-1,6e340b9cffb37a989ca544e6bb780a2c78901d3fb33738768511a30617afa01d
static_lr,1,single_query,0,97,1,0.025948790000,25.948790000000,1,dbc1b4c900ffe48d575b5da5c638040125f65db0fe3e24494b76ea986457d986
static_lr,1,single_query,0,98,1,0.023902954000,23.902954000000,1,dbc1b4c900ffe48d575b5da5c638040125f65db0fe3e24494b76ea986457d986
static_lr,1,single_query,0,99,1,0.027259005000,27.259005000000,-1,6e340b9cffb37a989ca544e6bb780a2c78901d3fb33738768511a30617afa01d
static_lr,1,single_query,0,100,1,0.027774459000,27.774459000000,-1,6e340b9cffb37a989ca544e6bb780a2c78901d3fb33738768511a30617afa01d
static_lr,1,single_query,0,101,1,0.031496140000,31.496140000000,-1,6e340b9cffb37a989ca544e6bb780a2c78901d3fb33738768511a30617afa01d
static_lr,1,single_query,0,102,1,0.027227336000,27.227336000000,1,dbc1b4c900ffe48d575b5da5c638040125f65db0fe3e24494b76ea986457d986
static_lr,1,single_query,0,103,1,0.034519159000,34.519159000000,1,dbc1b4c900ffe48d575b5da5c638040125f65db0fe3e24494b76ea986457d986
static_lr,1,single_query,0,104,1,0.037988994000,37.988994000000,1,dbc1b4c900ffe48d575b5da5c638040125f65db0fe3e24494b76ea986457d986
static_lr,1,single_query,0,105,1,0.030750013000,30.750013000000,-1,6e340b9cffb37a989ca544e6bb780a2c78901d3fb33738768511a30617afa01d
static_lr,1,single_query,0,106,1,0.039039986000,39.039986000000,1,dbc1b4c900ffe48d575b5da5c638040125f65db0fe3e24494b76ea986457d986
static_lr,1,single_query,0,107,1,0.032771513000,32.771513000000,1,dbc1b4c900ffe48d575b5da5c638040125f65db0fe3e24494b76ea986457d986
static_lr,1,single_query,0,108,1,0.028681019000,28.681019000000,1,dbc1b4c900ffe48d575b5da5c638040125f65db0fe3e24494b76ea986457d986
static_lr,1,single_query,0,109,1,0.032474351000,32.474351000000,1,dbc1b4c900ffe48d575b5da5c638040125f65db0fe3e24494b76ea986457d986
static_lr,1,single_query,0,110,1,0.026194235000,26.194235000000,1,dbc1b4c900ffe48d575b5da5c638040125f65db0fe3e24494b76ea986457d986
static_lr,1,single_query,0,111,1,0.027411214000,27.411214000000,1,dbc1b4c900ffe48d575b5da5c638040125f65db0fe3e24494b76ea986457d986
static_lr,1,single_query,0,112,1,0.030973915000,30.973915000000,1,dbc1b4c900ffe48d575b5da5c638040125f65db0fe3e24494b76ea986457d986
static_lr,1,single_query,0,113,1,0.036645495000,36.645495000000,1,dbc1b4c900ffe48d575b5da5c638040125f65db0fe3e24494b76ea986457d986
static_lr,1,single_query,0,114,1,0.034845066000,34.845066000000,1,dbc1b4c900ffe48d575b5da5c638040125f65db0fe3e24494b76ea986457d986
static_lr,1,single_query,0,115,1,0.028415031000,28.415031000000,1,dbc1b4c900ffe48d575b5da5c638040125f65db0fe3e24494b76ea986457d986
static_lr,1,single_query,0,116,1,0.030369662000,30.369662000000,1,dbc1b4c900ffe48d575b5da5c638040125f65db0fe3e24494b76ea986457d986
static_lr,1,single_query,0,117,1,0.035272762000,35.272762000000,-1,6e340b9cffb37a989ca544e6bb780a2c78901d3fb33738768511a30617afa01d
static_lr,1,single_query,0,118,1,0.035172249000,35.172249000000,-1,6e340b9cffb37a989ca544e6bb780a2c78901d3fb33738768511a30617afa01d
static_lr,1,single_query,0,119,1,0.028812837000,28.812837000000,1,dbc1b4c900ffe48d575b5da5c638040125f65db0fe3e24494b76ea986457d986
static_lr,1,single_query,0,120,1,0.014312682000,14.312682000000,1,dbc1b4c900ffe48d575b5da5c638040125f65db0fe3e24494b76ea986457d986
static_lr,1,single_query,0,121,1,0.135456074000,135.456074000000,1,dbc1b4c900ffe48d575b5da5c638040125f65db0fe3e24494b76ea986457d986
static_lr,1,single_query,0,122,1,0.058396033000,58.396033000000,1,dbc1b4c900ffe48d575b5da5c638040125f65db0fe3e24494b76ea986457d986
static_lr,1,single_query,0,123,1,0.071554997000,71.554997000000,1,dbc1b4c900ffe48d575b5da5c638040125f65db0fe3e24494b76ea986457d986
static_lr,1,single_query,0,124,1,0.072088874000,72.088874000000,1,dbc1b4c900ffe48d575b5da5c638040125f65db0fe3e24494b76ea986457d986
static_lr,1,single_query,0,125,1,0.065827680000,65.827680000000,-1,6e340b9cffb37a989ca544e6bb780a2c78901d3fb33738768511a30617afa01d
static_lr,1,single_query,0,126,1,0.072832507000,72.832507000000,1,dbc1b4c900ffe48d575b5da5c638040125f65db0fe3e24494b76ea986457d986
static_lr,1,single_query,0,127,1,0.035452491000,35.452491000000,-1,6e340b9cffb37a989ca544e6bb780a2c78901d3fb33738768511a30617afa01d
static_lr,1,single_query,0,128,1,0.045434749000,45.434749000000,-1,6e340b9cffb37a989ca544e6bb780a2c78901d3fb33738768511a30617afa01d
static_lr,1,single_query,0,129,1,0.045260541000,45.260541000000,1,dbc1b4c900ffe48d575b5da5c638040125f65db0fe3e24494b76ea986457d986
static_lr,1,single_query,0,130,1,0.045915135000,45.915135000000,1,dbc1b4c900ffe48d575b5da5c638040125f65db0fe3e24494b76ea986457d986
static_lr,1,single_query,0,131,1,0.035391709000,35.391709000000,1,dbc1b4c900ffe48d575b5da5c638040125f65db0fe3e24494b76ea986457d986
static_lr,1,single_query,0,132,1,0.063498655000,63.498655000000,1,dbc1b4c900ffe48d575b5da5c638040125f65db0fe3e24494b76ea986457d986
static_lr,1,single_query,0,133,1,0.039090189000,39.090189000000,-1,6e340b9cffb37a989ca544e6bb780a2c78901d3fb33738768511a30617afa01d
static_lr,1,single_query,0,134,1,0.055750169000,55.750169000000,1,dbc1b4c900ffe48d575b5da5c638040125f65db0fe3e24494b76ea986457d986
static_lr,1,single_query,0,135,1,0.056819567000,56.819567000000,1,dbc1b4c900ffe48d575b5da5c638040125f65db0fe3e24494b76ea986457d986
static_lr,1,single_query,0,136,1,0.047632117000,47.632117000000,1,dbc1b4c900ffe48d575b5da5c638040125f65db0fe3e24494b76ea986457d986
static_lr,1,single_query,0,137,1,0.044358701000,44.358701000000,1,dbc1b4c900ffe48d575b5da5c638040125f65db0fe3e24494b76ea986457d986
static_lr,1,single_query,0,138,1,0.043229604000,43.229604000000,1,dbc1b4c900ffe48d575b5da5c638040125f65db0fe3e24494b76ea986457d986
static_lr,1,single_query,0,139,1,0.046050084000,46.050084000000,-1,6e340b9cffb37a989ca544e6bb780a2c78901d3fb33738768511a30617afa01d
static_lr,1,single_query,0,140,1,0.027874610000,27.874610000000,-1,6e340b9cffb37a989ca544e6bb780a2c78901d3fb33738768511a30617afa01d
static_lr,1,single_query,0,141,1,0.040729828000,40.729828000000,1,dbc1b4c900ffe48d575b5da5c638040125f65db0fe3e24494b76ea986457d986
static_lr,1,single_query,0,142,1,0.042392614000,42.392614000000,1,dbc1b4c900ffe48d575b5da5c638040125f65db0fe3e24494b76ea986457d986
static_lr,1,single_query,0,143,1,0.053975334000,53.975334000000,-1,6e340b9cffb37a989ca544e6bb780a2c78901d3fb33738768511a30617afa01d
static_lr,1,single_query,0,144,1,0.054453022000,54.453022000000,-1,6e340b9cffb37a989ca544e6bb780a2c78901d3fb33738768511a30617afa01d
static_lr,1,single_query,0,145,1,0.057419695000,57.419695000000,1,dbc1b4c900ffe48d575b5da5c638040125f65db0fe3e24494b76ea986457d986
static_lr,1,single_query,0,146,1,0.050744763000,50.744763000000,1,dbc1b4c900ffe48d575b5da5c638040125f65db0fe3e24494b76ea986457d986
static_lr,1,single_query,0,147,1,0.077104812000,77.104812000000,1,dbc1b4c900ffe48d575b5da5c638040125f65db0fe3e24494b76ea986457d986
static_lr,1,single_query,0,148,1,0.080431585000,80.431585000000,1,dbc1b4c900ffe48d575b5da5c638040125f65db0fe3e24494b76ea986457d986
static_lr,1,single_query,0,149,1,0.113346895000,113.346895000000,-1,6e340b9cffb37a989ca544e6bb780a2c78901d3fb33738768511a30617afa01d
static_lr,1,single_query,0,150,1,0.117170221000,117.170221000000,1,dbc1b4c900ffe48d575b5da5c638040125f65db0fe3e24494b76ea986457d986
static_lr,1,single_query,0,151,1,0.108261732000,108.261732000000,1,dbc1b4c900ffe48d575b5da5c638040125f65db0fe3e24494b76ea986457d986
static_lr,1,single_query,0,152,1,0.105115270000,105.115270000000,1,dbc1b4c900ffe48d575b5da5c638040125f65db0fe3e24494b76ea986457d986
static_lr,1,single_query,0,153,1,0.103483136000,103.483136000000,-1,6e340b9cffb37a989ca544e6bb780a2c78901d3fb33738768511a30617afa01d
static_lr,1,single_query,0,154,1,0.103130866000,103.130866000000,1,dbc1b4c900ffe48d575b5da5c638040125f65db0fe3e24494b76ea986457d986
static_lr,1,single_query,0,155,1,0.096286075000,96.286075000000,1,dbc1b4c900ffe48d575b5da5c638040125f65db0fe3e24494b76ea986457d986
static_lr,1,single_query,0,156,1,0.098438635000,98.438635000000,1,dbc1b4c900ffe48d575b5da5c638040125f65db0fe3e24494b76ea986457d986
static_lr,1,single_query,0,157,1,0.120540583000,120.540583000000,-1,6e340b9cffb37a989ca544e6bb780a2c78901d3fb33738768511a30617afa01d
static_lr,1,single_query,0,158,1,0.125348162000,125.348162000000,1,dbc1b4c900ffe48d575b5da5c638040125f65db0fe3e24494b76ea986457d986
static_lr,1,single_query,0,159,1,0.109160697000,109.160697000000,-1,6e340b9cffb37a989ca544e6bb780a2c78901d3fb33738768511a30617afa01d
static_lr,1,single_query,0,160,1,0.120645555000,120.645555000000,-1,6e340b9cffb37a989ca544e6bb780a2c78901d3fb33738768511a30617afa01d
static_lr,1,single_query,0,161,1,0.034451058000,34.451058000000,1,dbc1b4c900ffe48d575b5da5c638040125f65db0fe3e24494b76ea986457d986
static_lr,1,single_query,0,162,1,0.042076976000,42.076976000000,1,dbc1b4c900ffe48d575b5da5c638040125f65db0fe3e24494b76ea986457d986
static_lr,1,single_query,0,163,1,0.073174393000,73.174393000000,1,dbc1b4c900ffe48d575b5da5c638040125f65db0fe3e24494b76ea986457d986
static_lr,1,single_query,0,164,1,0.045736035000,45.736035000000,1,dbc1b4c900ffe48d575b5da5c638040125f65db0fe3e24494b76ea986457d986
static_lr,1,single_query,0,165,1,0.084628652000,84.628652000000,-1,6e340b9cffb37a989ca544e6bb780a2c78901d3fb33738768511a30617afa01d
static_lr,1,single_query,0,166,1,0.085322917000,85.322917000000,1,dbc1b4c900ffe48d575b5da5c638040125f65db0fe3e24494b76ea986457d986
static_lr,1,single_query,0,167,1,0.094962861000,94.962861000000,-1,6e340b9cffb37a989ca544e6bb780a2c78901d3fb33738768511a30617afa01d
static_lr,1,single_query,0,168,1,0.075215378000,75.215378000000,-1,6e340b9cffb37a989ca544e6bb780a2c78901d3fb33738768511a30617afa01d
static_lr,1,single_query,0,169,1,0.073805699000,73.805699000000,1,dbc1b4c900ffe48d575b5da5c638040125f65db0fe3e24494b76ea986457d986
static_lr,1,single_query,0,170,1,0.035135700000,35.135700000000,-1,6e340b9cffb37a989ca544e6bb780a2c78901d3fb33738768511a30617afa01d
static_lr,1,single_query,0,171,1,0.037998135000,37.998135000000,-1,6e340b9cffb37a989ca544e6bb780a2c78901d3fb33738768511a30617afa01d
static_lr,1,single_query,0,172,1,0.036360693000,36.360693000000,-1,6e340b9cffb37a989ca544e6bb780a2c78901d3fb33738768511a30617afa01d
static_lr,1,single_query,0,173,1,0.030434046000,30.434046000000,1,dbc1b4c900ffe48d575b5da5c638040125f65db0fe3e24494b76ea986457d986
static_lr,1,single_query,0,174,1,0.041711437000,41.711437000000,-1,6e340b9cffb37a989ca544e6bb780a2c78901d3fb33738768511a30617afa01d
static_lr,1,single_query,0,175,1,0.141020732000,141.020732000000,-1,6e340b9cffb37a989ca544e6bb780a2c78901d3fb33738768511a30617afa01d
static_lr,1,single_query,0,176,1,0.155153179000,155.153179000000,-1,6e340b9cffb37a989ca544e6bb780a2c78901d3fb33738768511a30617afa01d
static_lr,1,single_query,0,177,1,0.160335937000,160.335937000000,-1,6e340b9cffb37a989ca544e6bb780a2c78901d3fb33738768511a30617afa01d
static_lr,1,single_query,0,178,1,0.147356332000,147.356332000000,-1,6e340b9cffb37a989ca544e6bb780a2c78901d3fb33738768511a30617afa01d
static_lr,1,single_query,0,179,1,0.023778215000,23.778215000000,1,dbc1b4c900ffe48d575b5da5c638040125f65db0fe3e24494b76ea986457d986
static_lr,1,single_query,0,180,1,0.019504103000,19.504103000000,-1,6e340b9cffb37a989ca544e6bb780a2c78901d3fb33738768511a30617afa01d
static_lr,1,single_query,0,181,1,0.031435556000,31.435556000000,-1,6e340b9cffb37a989ca544e6bb780a2c78901d3fb33738768511a30617afa01d
static_lr,1,single_query,0,182,1,0.028420174000,28.420174000000,1,dbc1b4c900ffe48d575b5da5c638040125f65db0fe3e24494b76ea986457d986
static_lr,1,single_query,0,183,1,0.027180099000,27.180099000000,-1,6e340b9cffb37a989ca544e6bb780a2c78901d3fb33738768511a30617afa01d
static_lr,1,single_query,0,184,1,0.039942118000,39.942118000000,-1,6e340b9cffb37a989ca544e6bb780a2c78901d3fb33738768511a30617afa01d
static_lr,1,single_query,0,185,1,0.037598401000,37.598401000000,-1,6e340b9cffb37a989ca544e6bb780a2c78901d3fb33738768511a30617afa01d
static_lr,1,single_query,0,186,1,0.037232981000,37.232981000000,1,dbc1b4c900ffe48d575b5da5c638040125f65db0fe3e24494b76ea986457d986
static_lr,1,single_query,0,187,1,0.036157517000,36.157517000000,-1,6e340b9cffb37a989ca544e6bb780a2c78901d3fb33738768511a30617afa01d
static_lr,1,single_query,0,188,1,0.050576124000,50.576124000000,1,dbc1b4c900ffe48d575b5da5c638040125f65db0fe3e24494b76ea986457d986
static_lr,1,single_query,0,189,1,0.047311591000,47.311591000000,1,dbc1b4c900ffe48d575b5da5c638040125f65db0fe3e24494b76ea986457d986
static_lr,1,single_query,0,190,1,0.041255767000,41.255767000000,-1,6e340b9cffb37a989ca544e6bb780a2c78901d3fb33738768511a30617afa01d
static_lr,1,single_query,0,191,1,0.041480991000,41.480991000000,-1,6e340b9cffb37a989ca544e6bb780a2c78901d3fb33738768511a30617afa01d
static_lr,1,single_query,0,192,1,0.053930067000,53.930067000000,-1,6e340b9cffb37a989ca544e6bb780a2c78901d3fb33738768511a30617afa01d
static_lr,1,single_query,0,193,1,0.056677589000,56.677589000000,1,dbc1b4c900ffe48d575b5da5c638040125f65db0fe3e24494b76ea986457d986
static_lr,1,single_query,0,194,1,0.060756035000,60.756035000000,-1,6e340b9cffb37a989ca544e6bb780a2c78901d3fb33738768511a30617afa01d
static_lr,1,single_query,0,195,1,0.064469533000,64.469533000000,-1,6e340b9cffb37a989ca544e6bb780a2c78901d3fb33738768511a30617afa01d
static_lr,1,single_query,0,196,1,0.058590870000,58.590870000000,1,dbc1b4c900ffe48d575b5da5c638040125f65db0fe3e24494b76ea986457d986
static_lr,1,single_query,0,197,1,0.068045938000,68.045938000000,-1,6e340b9cffb37a989ca544e6bb780a2c78901d3fb33738768511a30617afa01d
static_lr,1,single_query,0,198,1,0.078254505000,78.254505000000,1,dbc1b4c900ffe48d575b5da5c638040125f65db0fe3e24494b76ea986457d986
static_lr,1,single_query,0,199,1,0.064356091000,64.356091000000,1,dbc1b4c900ffe48d575b5da5c638040125f65db0fe3e24494b76ea986457d986
static_lr,1,single_query,0,200,1,0.068691495000,68.691495000000,1,dbc1b4c900ffe48d575b5da5c638040125f65db0fe3e24494b76ea986457d986
static_lr,1,single_query,0,201,1,0.061276338000,61.276338000000,1,dbc1b4c900ffe48d575b5da5c638040125f65db0fe3e24494b76ea986457d986
static_lr,1,single_query,0,202,1,0.068288779000,68.288779000000,-1,6e340b9cffb37a989ca544e6bb780a2c78901d3fb33738768511a30617afa01d
static_lr,1,single_query,0,203,1,0.071547286000,71.547286000000,-1,6e340b9cffb37a989ca544e6bb780a2c78901d3fb33738768511a30617afa01d
static_lr,1,single_query,0,204,1,0.063883187000,63.883187000000,-1,6e340b9cffb37a989ca544e6bb780a2c78901d3fb33738768511a30617afa01d
static_lr,1,single_query,0,205,1,0.058805833000,58.805833000000,-1,6e340b9cffb37a989ca544e6bb780a2c78901d3fb33738768511a30617afa01d
static_lr,1,single_query,0,206,1,0.077069330000,77.069330000000,-1,6e340b9cffb37a989ca544e6bb780a2c78901d3fb33738768511a30617afa01d
static_lr,1,single_query,0,207,1,0.076214926000,76.214926000000,1,dbc1b4c900ffe48d575b5da5c638040125f65db0fe3e24494b76ea986457d986
static_lr,1,single_query,0,208,1,0.051778086000,51.778086000000,1,dbc1b4c900ffe48d575b5da5c638040125f65db0fe3e24494b76ea986457d986
static_lr,1,single_query,0,209,1,0.047128630000,47.128630000000,1,dbc1b4c900ffe48d575b5da5c638040125f65db0fe3e24494b76ea986457d986
static_lr,1,single_query,0,210,1,0.050118874000,50.118874000000,1,dbc1b4c900ffe48d575b5da5c638040125f65db0fe3e24494b76ea986457d986
static_lr,1,single_query,0,211,1,0.084590220000,84.590220000000,1,dbc1b4c900ffe48d575b5da5c638040125f65db0fe3e24494b76ea986457d986
static_lr,1,single_query,0,212,1,0.103368527000,103.368527000000,-1,6e340b9cffb37a989ca544e6bb780a2c78901d3fb33738768511a30617afa01d
static_lr,1,single_query,0,213,1,0.037938146000,37.938146000000,1,dbc1b4c900ffe48d575b5da5c638040125f65db0fe3e24494b76ea986457d986
static_lr,1,single_query,0,214,1,0.052343017000,52.343017000000,-1,6e340b9cffb37a989ca544e6bb780a2c78901d3fb33738768511a30617afa01d
static_lr,1,single_query,0,215,1,0.034544397000,34.544397000000,1,dbc1b4c900ffe48d575b5da5c638040125f65db0fe3e24494b76ea986457d986
static_lr,1,single_query,0,216,1,0.047272602000,47.272602000000,-1,6e340b9cffb37a989ca544e6bb780a2c78901d3fb33738768511a30617afa01d
static_lr,1,single_query,0,217,1,0.045943434000,45.943434000000,1,dbc1b4c900ffe48d575b5da5c638040125f65db0fe3e24494b76ea986457d986
static_lr,1,single_query,0,218,1,0.048726292000,48.726292000000,-1,6e340b9cffb37a989ca544e6bb780a2c78901d3fb33738768511a30617afa01d
static_lr,1,single_query,0,219,1,0.041043120000,41.043120000000,-1,6e340b9cffb37a989ca544e6bb780a2c78901d3fb33738768511a30617afa01d
static_lr,1,single_query,0,220,1,0.044613757000,44.613757000000,-1,6e340b9cffb37a989ca544e6bb780a2c78901d3fb33738768511a30617afa01d
static_lr,1,single_query,0,221,1,0.068617020000,68.617020000000,-1,6e340b9cffb37a989ca544e6bb780a2c78901d3fb33738768511a30617afa01d
static_lr,1,single_query,0,222,1,0.060093255000,60.093255000000,1,dbc1b4c900ffe48d575b5da5c638040125f65db0fe3e24494b76ea986457d986
static_lr,1,single_query,0,223,1,0.063938791000,63.938791000000,-1,6e340b9cffb37a989ca544e6bb780a2c78901d3fb33738768511a30617afa01d
static_lr,1,single_query,0,224,1,0.065871099000,65.871099000000,-1,6e340b9cffb37a989ca544e6bb780a2c78901d3fb33738768511a30617afa01d
static_lr,1,single_query,0,225,1,0.068207476000,68.207476000000,1,dbc1b4c900ffe48d575b5da5c638040125f65db0fe3e24494b76ea986457d986
static_lr,1,single_query,0,226,1,0.070496080000,70.496080000000,1,dbc1b4c900ffe48d575b5da5c638040125f65db0fe3e24494b76ea986457d986
static_lr,1,single_query,0,227,1,0.059324906000,59.324906000000,-1,6e340b9cffb37a989ca544e6bb780a2c78901d3fb33738768511a30617afa01d
static_lr,1,single_query,0,228,1,0.071936204000,71.936204000000,-1,6e340b9cffb37a989ca544e6bb780a2c78901d3fb33738768511a30617afa01d
static_lr,1,single_query,0,229,1,0.071856076000,71.856076000000,1,dbc1b4c900ffe48d575b5da5c638040125f65db0fe3e24494b76ea986457d986
static_lr,1,single_query,0,230,1,0.066291889000,66.291889000000,-1,6e340b9cffb37a989ca544e6bb780a2c78901d3fb33738768511a30617afa01d
static_lr,1,single_query,0,231,1,0.063231042000,63.231042000000,-1,6e340b9cffb37a989ca544e6bb780a2c78901d3fb33738768511a30617afa01d
static_lr,1,single_query,0,232,1,0.074475448000,74.475448000000,1,dbc1b4c900ffe48d575b5da5c638040125f65db0fe3e24494b76ea986457d986
static_lr,1,single_query,0,233,1,0.072016845000,72.016845000000,-1,6e340b9cffb37a989ca544e6bb780a2c78901d3fb33738768511a30617afa01d
static_lr,1,single_query,0,234,1,0.055666493000,55.666493000000,-1,6e340b9cffb37a989ca544e6bb780a2c78901d3fb33738768511a30617afa01d
static_lr,1,single_query,0,235,1,0.058107551000,58.107551000000,1,dbc1b4c900ffe48d575b5da5c638040125f65db0fe3e24494b76ea986457d986
static_lr,1,single_query,0,236,1,0.054863197000,54.863197000000,1,dbc1b4c900ffe48d575b5da5c638040125f65db0fe3e24494b76ea986457d986
static_lr,1,single_query,0,237,1,0.050375736000,50.375736000000,-1,6e340b9cffb37a989ca544e6bb780a2c78901d3fb33738768511a30617afa01d
static_lr,1,single_query,0,238,1,0.043812046000,43.812046000000,-1,6e340b9cffb37a989ca544e6bb780a2c78901d3fb33738768511a30617afa01d
static_lr,1,single_query,0,239,1,0.065932383000,65.932383000000,-1,6e340b9cffb37a989ca544e6bb780a2c78901d3fb33738768511a30617afa01d
static_lr,1,single_query,0,240,1,0.067819807000,67.819807000000,-1,6e340b9cffb37a989ca544e6bb780a2c78901d3fb33738768511a30617afa01d
static_lr,1,single_query,0,241,1,0.069557056000,69.557056000000,1,dbc1b4c900ffe48d575b5da5c638040125f65db0fe3e24494b76ea986457d986
static_lr,1,single_query,0,242,1,0.044026899000,44.026899000000,-1,6e340b9cffb37a989ca544e6bb780a2c78901d3fb33738768511a30617afa01d
static_lr,1,single_query,0,243,1,0.053629818000,53.629818000000,-1,6e340b9cffb37a989ca544e6bb780a2c78901d3fb33738768511a30617afa01d
static_lr,1,single_query,0,244,1,0.052604411000,52.604411000000,-1,6e340b9cffb37a989ca544e6bb780a2c78901d3fb33738768511a30617afa01d
static_lr,1,single_query,0,245,1,0.085019621000,85.019621000000,-1,6e340b9cffb37a989ca544e6bb780a2c78901d3fb33738768511a30617afa01d
static_lr,1,single_query,0,246,1,0.229553878000,229.553878000000,-1,6e340b9cffb37a989ca544e6bb780a2c78901d3fb33738768511a30617afa01d
static_lr,1,single_query,0,247,1,0.068162872000,68.162872000000,1,dbc1b4c900ffe48d575b5da5c638040125f65db0fe3e24494b76ea986457d986
static_lr,1,single_query,0,248,1,0.071841700000,71.841700000000,-1,6e340b9cffb37a989ca544e6bb780a2c78901d3fb33738768511a30617afa01d
static_lr,1,single_query,0,249,1,0.060291632000,60.291632000000,-1,6e340b9cffb37a989ca544e6bb780a2c78901d3fb33738768511a30617afa01d
static_lr,1,single_query,0,250,1,0.071221851000,71.221851000000,-1,6e340b9cffb37a989ca544e6bb780a2c78901d3fb33738768511a30617afa01d
static_lr,1,single_query,0,251,1,0.050173744000,50.173744000000,1,dbc1b4c900ffe48d575b5da5c638040125f65db0fe3e24494b76ea986457d986
static_lr,1,single_query,0,252,1,0.041839456000,41.839456000000,1,dbc1b4c900ffe48d575b5da5c638040125f65db0fe3e24494b76ea986457d986
static_lr,1,single_query,0,253,1,0.058579926000,58.579926000000,-1,6e340b9cffb37a989ca544e6bb780a2c78901d3fb33738768511a30617afa01d
static_lr,1,single_query,0,254,1,0.047907324000,47.907324000000,1,dbc1b4c900ffe48d575b5da5c638040125f65db0fe3e24494b76ea986457d986
static_lr,1,single_query,0,255,1,0.044660135000,44.660135000000,1,dbc1b4c900ffe48d575b5da5c638040125f65db0fe3e24494b76ea986457d986
static_lr,2,init,0,,4263,152.970438750000,,,
static_lr,2,single_query,0,0,1,0.060352307000,60.352307000000,-1,6e340b9cffb37a989ca544e6bb780a2c78901d3fb33738768511a30617afa01d
static_lr,2,single_query,0,1,1,0.030326057000,30.326057000000,-1,6e340b9cffb37a989ca544e6bb780a2c78901d3fb33738768511a30617afa01d
static_lr,2,single_query,0,2,1,0.020338015000,20.338015000000,1,dbc1b4c900ffe48d575b5da5c638040125f65db0fe3e24494b76ea986457d986
static_lr,2,single_query,0,3,1,0.030767094000,30.767094000000,-1,6e340b9cffb37a989ca544e6bb780a2c78901d3fb33738768511a30617afa01d
static_lr,2,single_query,0,4,1,0.047549429000,47.549429000000,1,dbc1b4c900ffe48d575b5da5c638040125f65db0fe3e24494b76ea986457d986
static_lr,2,single_query,0,5,1,0.071243664000,71.243664000000,-1,6e340b9cffb37a989ca544e6bb780a2c78901d3fb33738768511a30617afa01d
static_lr,2,single_query,0,6,1,0.055885110000,55.885110000000,1,dbc1b4c900ffe48d575b5da5c638040125f65db0fe3e24494b76ea986457d986
static_lr,2,single_query,0,7,1,0.034031355000,34.031355000000,-1,6e340b9cffb37a989ca544e6bb780a2c78901d3fb33738768511a30617afa01d
static_lr,2,single_query,0,8,1,0.030867678000,30.867678000000,-1,6e340b9cffb37a989ca544e6bb780a2c78901d3fb33738768511a30617afa01d
static_lr,2,single_query,0,9,1,0.056527231000,56.527231000000,1,dbc1b4c900ffe48d575b5da5c638040125f65db0fe3e24494b76ea986457d986
static_lr,2,single_query,0,10,1,0.098629235000,98.629235000000,1,dbc1b4c900ffe48d575b5da5c638040125f65db0fe3e24494b76ea986457d986
static_lr,2,single_query,0,11,1,0.080434582000,80.434582000000,1,dbc1b4c900ffe48d575b5da5c638040125f65db0fe3e24494b76ea986457d986
static_lr,2,single_query,0,12,1,0.087686012000,87.686012000000,1,dbc1b4c900ffe48d575b5da5c638040125f65db0fe3e24494b76ea986457d986
static_lr,2,single_query,0,13,1,0.030430388000,30.430388000000,1,dbc1b4c900ffe48d575b5da5c638040125f65db0fe3e24494b76ea986457d986
static_lr,2,single_query,0,14,1,0.031238756000,31.238756000000,-1,6e340b9cffb37a989ca544e6bb780a2c78901d3fb33738768511a30617afa01d
static_lr,2,single_query,0,15,1,0.041491949000,41.491949000000,-1,6e340b9cffb37a989ca544e6bb780a2c78901d3fb33738768511a30617afa01d
static_lr,2,single_query,0,16,1,0.042446361000,42.446361000000,-1,6e340b9cffb37a989ca544e6bb780a2c78901d3fb33738768511a30617afa01d
static_lr,2,single_query,0,17,1,0.029519310000,29.519310000000,1,dbc1b4c900ffe48d575b5da5c638040125f65db0fe3e24494b76ea986457d986
static_lr,2,single_query,0,18,1,0.039398973000,39.398973000000,1,dbc1b4c900ffe48d575b5da5c638040125f65db0fe3e24494b76ea986457d986
static_lr,2,single_query,0,19,1,0.019088801000,19.088801000000,-1,6e340b9cffb37a989ca544e6bb780a2c78901d3fb33738768511a30617afa01d
static_lr,2,single_query,0,20,1,0.023944318000,23.944318000000,1,dbc1b4c900ffe48d575b5da5c638040125f65db0fe3e24494b76ea986457d986
static_lr,2,single_query,0,21,1,0.027672711000,27.672711000000,1,dbc1b4c900ffe48d575b5da5c638040125f65db0fe3e24494b76ea986457d986
static_lr,2,single_query,0,22,1,0.028655554000,28.655554000000,1,dbc1b4c900ffe48d575b5da5c638040125f65db0fe3e24494b76ea986457d986
static_lr,2,single_query,0,23,1,0.029145023000,29.145023000000,1,dbc1b4c900ffe48d575b5da5c638040125f65db0fe3e24494b76ea986457d986
static_lr,2,single_query,0,24,1,0.038521097000,38.521097000000,-1,6e340b9cffb37a989ca544e6bb780a2c78901d3fb33738768511a30617afa01d
static_lr,2,single_query,0,25,1,0.036371866000,36.371866000000,1,dbc1b4c900ffe48d575b5da5c638040125f65db0fe3e24494b76ea986457d986
static_lr,2,single_query,0,26,1,0.039912894000,39.912894000000,1,dbc1b4c900ffe48d575b5da5c638040125f65db0fe3e24494b76ea986457d986
static_lr,2,single_query,0,27,1,0.035547589000,35.547589000000,1,dbc1b4c900ffe48d575b5da5c638040125f65db0fe3e24494b76ea986457d986
static_lr,2,single_query,0,28,1,0.033346976000,33.346976000000,-1,6e340b9cffb37a989ca544e6bb780a2c78901d3fb33738768511a30617afa01d
static_lr,2,single_query,0,29,1,0.029058929000,29.058929000000,-1,6e340b9cffb37a989ca544e6bb780a2c78901d3fb33738768511a30617afa01d
static_lr,2,single_query,0,30,1,0.026479911000,26.479911000000,1,dbc1b4c900ffe48d575b5da5c638040125f65db0fe3e24494b76ea986457d986
static_lr,2,single_query,0,31,1,0.029258428000,29.258428000000,1,dbc1b4c900ffe48d575b5da5c638040125f65db0fe3e24494b76ea986457d986
static_lr,2,single_query,0,32,1,0.045209911000,45.209911000000,1,dbc1b4c900ffe48d575b5da5c638040125f65db0fe3e24494b76ea986457d986
static_lr,2,single_query,0,33,1,0.046306252000,46.306252000000,-1,6e340b9cffb37a989ca544e6bb780a2c78901d3fb33738768511a30617afa01d
static_lr,2,single_query,0,34,1,0.064976873000,64.976873000000,-1,6e340b9cffb37a989ca544e6bb780a2c78901d3fb33738768511a30617afa01d
static_lr,2,single_query,0,35,1,0.072578897000,72.578897000000,-1,6e340b9cffb37a989ca544e6bb780a2c78901d3fb33738768511a30617afa01d
static_lr,2,single_query,0,36,1,0.075649425000,75.649425000000,1,dbc1b4c900ffe48d575b5da5c638040125f65db0fe3e24494b76ea986457d986
static_lr,2,single_query,0,37,1,0.038455330000,38.455330000000,-1,6e340b9cffb37a989ca544e6bb780a2c78901d3fb33738768511a30617afa01d
static_lr,2,single_query,0,38,1,0.037061877000,37.061877000000,1,dbc1b4c900ffe48d575b5da5c638040125f65db0fe3e24494b76ea986457d986
static_lr,2,single_query,0,39,1,0.025382284000,25.382284000000,-1,6e340b9cffb37a989ca544e6bb780a2c78901d3fb33738768511a30617afa01d
static_lr,2,single_query,0,40,1,0.023909469000,23.909469000000,-1,6e340b9cffb37a989ca544e6bb780a2c78901d3fb33738768511a30617afa01d
static_lr,2,single_query,0,41,1,0.025918913000,25.918913000000,1,dbc1b4c900ffe48d575b5da5c638040125f65db0fe3e24494b76ea986457d986
static_lr,2,single_query,0,42,1,0.024962710000,24.962710000000,-1,6e340b9cffb37a989ca544e6bb780a2c78901d3fb33738768511a30617afa01d
static_lr,2,single_query,0,43,1,0.021867266000,21.867266000000,-1,6e340b9cffb37a989ca544e6bb780a2c78901d3fb33738768511a30617afa01d
static_lr,2,single_query,0,44,1,0.024138892000,24.138892000000,1,dbc1b4c900ffe48d575b5da5c638040125f65db0fe3e24494b76ea986457d986
static_lr,2,single_query,0,45,1,0.025230164000,25.230164000000,-1,6e340b9cffb37a989ca544e6bb780a2c78901d3fb33738768511a30617afa01d
static_lr,2,single_query,0,46,1,0.021906038000,21.906038000000,-1,6e340b9cffb37a989ca544e6bb780a2c78901d3fb33738768511a30617afa01d
static_lr,2,single_query,0,47,1,0.026991000000,26.991000000000,1,dbc1b4c900ffe48d575b5da5c638040125f65db0fe3e24494b76ea986457d986
static_lr,2,single_query,0,48,1,0.024368437000,24.368437000000,1,dbc1b4c900ffe48d575b5da5c638040125f65db0fe3e24494b76ea986457d986
static_lr,2,single_query,0,49,1,0.033329537000,33.329537000000,1,dbc1b4c900ffe48d575b5da5c638040125f65db0fe3e24494b76ea986457d986
static_lr,2,single_query,0,50,1,0.026361316000,26.361316000000,-1,6e340b9cffb37a989ca544e6bb780a2c78901d3fb33738768511a30617afa01d
static_lr,2,single_query,0,51,1,0.030807553000,30.807553000000,-1,6e340b9cffb37a989ca544e6bb780a2c78901d3fb33738768511a30617afa01d
static_lr,2,single_query,0,52,1,0.024362323000,24.362323000000,1,dbc1b4c900ffe48d575b5da5c638040125f65db0fe3e24494b76ea986457d986
static_lr,2,single_query,0,53,1,0.024526106000,24.526106000000,1,dbc1b4c900ffe48d575b5da5c638040125f65db0fe3e24494b76ea986457d986
static_lr,2,single_query,0,54,1,0.027793984000,27.793984000000,-1,6e340b9cffb37a989ca544e6bb780a2c78901d3fb33738768511a30617afa01d
static_lr,2,single_query,0,55,1,0.024884678000,24.884678000000,1,dbc1b4c900ffe48d575b5da5c638040125f65db0fe3e24494b76ea986457d986
static_lr,2,single_query,0,56,1,0.026118244000,26.118244000000,-1,6e340b9cffb37a989ca544e6bb780a2c78901d3fb33738768511a30617afa01d
static_lr,2,single_query,0,57,1,0.026842811000,26.842811000000,1,dbc1b4c900ffe48d575b5da5c638040125f65db0fe3e24494b76ea986457d986
static_lr,2,single_query,0,58,1,0.025678049000,25.678049000000,-1,6e340b9cffb37a989ca544e6bb780a2c78901d3fb33738768511a30617afa01d
static_lr,2,single_query,0,59,1,0.031029061000,31.029061000000,-1,6e340b9cffb37a989ca544e6bb780a2c78901d3fb33738768511a30617afa01d
static_lr,2,single_query,0,60,1,0.029297140000,29.297140000000,1,dbc1b4c900ffe48d575b5da5c638040125f65db0fe3e24494b76ea986457d986
static_lr,2,single_query,0,61,1,0.022615698000,22.615698000000,-1,6e340b9cffb37a989ca544e6bb780a2c78901d3fb33738768511a30617afa01d
static_lr,2,single_query,0,62,1,0.020869231000,20.869231000000,-1,6e340b9cffb37a989ca544e6bb780a2c78901d3fb33738768511a30617afa01d
static_lr,2,single_query,0,63,1,0.025326194000,25.326194000000,-1,6e340b9cffb37a989ca544e6bb780a2c78901d3fb33738768511a30617afa01d
static_lr,2,single_query,0,64,1,0.024042284000,24.042284000000,1,dbc1b4c900ffe48d575b5da5c638040125f65db0fe3e24494b76ea986457d986
static_lr,2,single_query,0,65,1,0.028331335000,28.331335000000,-1,6e340b9cffb37a989ca544e6bb780a2c78901d3fb33738768511a30617afa01d
static_lr,2,single_query,0,66,1,0.027489066000,27.489066000000,1,dbc1b4c900ffe48d575b5da5c638040125f65db0fe3e24494b76ea986457d986
static_lr,2,single_query,0,67,1,0.025736247000,25.736247000000,1,dbc1b4c900ffe48d575b5da5c638040125f65db0fe3e24494b76ea986457d986
static_lr,2,single_query,0,68,1,0.031033121000,31.033121000000,-1,6e340b9cffb37a989ca544e6bb780a2c78901d3fb33738768511a30617afa01d
static_lr,2,single_query,0,69,1,0.029967454000,29.967454000000,1,dbc1b4c900ffe48d575b5da5c638040125f65db0fe3e24494b76ea986457d986
static_lr,2,single_query,0,70,1,0.030192126000,30.192126000000,1,dbc1b4c900ffe48d575b5da5c638040125f65db0fe3e24494b76ea986457d986
static_lr,2,single_query,0,71,1,0.028945924000,28.945924000000,1,dbc1b4c900ffe48d575b5da5c638040125f65db0fe3e24494b76ea986457d986
static_lr,2,single_query,0,72,1,0.027506428000,27.506428000000,-1,6e340b9cffb37a989ca544e6bb780a2c78901d3fb33738768511a30617afa01d
static_lr,2,single_query,0,73,1,0.031608160000,31.608160000000,1,dbc1b4c900ffe48d575b5da5c638040125f65db0fe3e24494b76ea986457d986
static_lr,2,single_query,0,74,1,0.031634698000,31.634698000000,-1,6e340b9cffb37a989ca544e6bb780a2c78901d3fb33738768511a30617afa01d
static_lr,2,single_query,0,75,1,0.030601706000,30.601706000000,-1,6e340b9cffb37a989ca544e6bb780a2c78901d3fb33738768511a30617afa01d
static_lr,2,single_query,0,76,1,0.033978561000,33.978561000000,1,dbc1b4c900ffe48d575b5da5c638040125f65db0fe3e24494b76ea986457d986
static_lr,2,single_query,0,77,1,0.030156266000,30.156266000000,1,dbc1b4c900ffe48d575b5da5c638040125f65db0fe3e24494b76ea986457d986
static_lr,2,single_query,0,78,1,0.016806650000,16.806650000000,-1,6e340b9cffb37a989ca544e6bb780a2c78901d3fb33738768511a30617afa01d
static_lr,2,single_query,0,79,1,0.020094720000,20.094720000000,1,dbc1b4c900ffe48d575b5da5c638040125f65db0fe3e24494b76ea986457d986
static_lr,2,single_query,0,80,1,0.020056008000,20.056008000000,1,dbc1b4c900ffe48d575b5da5c638040125f65db0fe3e24494b76ea986457d986
static_lr,2,single_query,0,81,1,0.018179606000,18.179606000000,1,dbc1b4c900ffe48d575b5da5c638040125f65db0fe3e24494b76ea986457d986
static_lr,2,single_query,0,82,1,0.025408860000,25.408860000000,-1,6e340b9cffb37a989ca544e6bb780a2c78901d3fb33738768511a30617afa01d
static_lr,2,single_query,0,83,1,0.025004655000,25.004655000000,1,dbc1b4c900ffe48d575b5da5c638040125f65db0fe3e24494b76ea986457d986
static_lr,2,single_query,0,84,1,0.026981311000,26.981311000000,-1,6e340b9cffb37a989ca544e6bb780a2c78901d3fb33738768511a30617afa01d
static_lr,2,single_query,0,85,1,0.028640094000,28.640094000000,-1,6e340b9cffb37a989ca544e6bb780a2c78901d3fb33738768511a30617afa01d
static_lr,2,single_query,0,86,1,0.030913137000,30.913137000000,-1,6e340b9cffb37a989ca544e6bb780a2c78901d3fb33738768511a30617afa01d
static_lr,2,single_query,0,87,1,0.027081768000,27.081768000000,-1,6e340b9cffb37a989ca544e6bb780a2c78901d3fb33738768511a30617afa01d
static_lr,2,single_query,0,88,1,0.025307806000,25.307806000000,1,dbc1b4c900ffe48d575b5da5c638040125f65db0fe3e24494b76ea986457d986
static_lr,2,single_query,0,89,1,0.021844937000,21.844937000000,-1,6e340b9cffb37a989ca544e6bb780a2c78901d3fb33738768511a30617afa01d
static_lr,2,single_query,0,90,1,0.027138681000,27.138681000000,1,dbc1b4c900ffe48d575b5da5c638040125f65db0fe3e24494b76ea986457d986
static_lr,2,single_query,0,91,1,0.024277631000,24.277631000000,-1,6e340b9cffb37a989ca544e6bb780a2c78901d3fb33738768511a30617afa01d
static_lr,2,single_query,0,92,1,0.026125977000,26.125977000000,1,dbc1b4c900ffe48d575b5da5c638040125f65db0fe3e24494b76ea986457d986
static_lr,2,single_query,0,93,1,0.027881313000,27.881313000000,1,dbc1b4c900ffe48d575b5da5c638040125f65db0fe3e24494b76ea986457d986
static_lr,2,single_query,0,94,1,0.027641219000,27.641219000000,-1,6e340b9cffb37a989ca544e6bb780a2c78901d3fb33738768511a30617afa01d
static_lr,2,single_query,0,95,1,0.026776641000,26.776641000000,-1,6e340b9cffb37a989ca544e6bb780a2c78901d3fb33738768511a30617afa01d
static_lr,2,single_query,0,96,1,0.026552924000,26.552924000000,-1,6e340b9cffb37a989ca544e6bb780a2c78901d3fb33738768511a30617afa01d
static_lr,2,single_query,0,97,1,0.026037185000,26.037185000000,1,dbc1b4c900ffe48d575b5da5c638040125f65db0fe3e24494b76ea986457d986
static_lr,2,single_query,0,98,1,0.023800849000,23.800849000000,1,dbc1b4c900ffe48d575b5da5c638040125f65db0fe3e24494b76ea986457d986
static_lr,2,single_query,0,99,1,0.027311317000,27.311317000000,-1,6e340b9cffb37a989ca544e6bb780a2c78901d3fb33738768511a30617afa01d
static_lr,2,single_query,0,100,1,0.025730186000,25.730186000000,-1,6e340b9cffb37a989ca544e6bb780a2c78901d3fb33738768511a30617afa01d
static_lr,2,single_query,0,101,1,0.029012832000,29.012832000000,-1,6e340b9cffb37a989ca544e6bb780a2c78901d3fb33738768511a30617afa01d
static_lr,2,single_query,0,102,1,0.025166760000,25.166760000000,1,dbc1b4c900ffe48d575b5da5c638040125f65db0fe3e24494b76ea986457d986
static_lr,2,single_query,0,103,1,0.032800385000,32.800385000000,1,dbc1b4c900ffe48d575b5da5c638040125f65db0fe3e24494b76ea986457d986
static_lr,2,single_query,0,104,1,0.038128145000,38.128145000000,1,dbc1b4c900ffe48d575b5da5c638040125f65db0fe3e24494b76ea986457d986
static_lr,2,single_query,0,105,1,0.030882284000,30.882284000000,-1,6e340b9cffb37a989ca544e6bb780a2c78901d3fb33738768511a30617afa01d
static_lr,2,single_query,0,106,1,0.039045627000,39.045627000000,1,dbc1b4c900ffe48d575b5da5c638040125f65db0fe3e24494b76ea986457d986
static_lr,2,single_query,0,107,1,0.033051420000,33.051420000000,1,dbc1b4c900ffe48d575b5da5c638040125f65db0fe3e24494b76ea986457d986
static_lr,2,single_query,0,108,1,0.028551566000,28.551566000000,1,dbc1b4c900ffe48d575b5da5c638040125f65db0fe3e24494b76ea986457d986
static_lr,2,single_query,0,109,1,0.032587710000,32.587710000000,1,dbc1b4c900ffe48d575b5da5c638040125f65db0fe3e24494b76ea986457d986
static_lr,2,single_query,0,110,1,0.026274986000,26.274986000000,1,dbc1b4c900ffe48d575b5da5c638040125f65db0fe3e24494b76ea986457d986
static_lr,2,single_query,0,111,1,0.027443126000,27.443126000000,1,dbc1b4c900ffe48d575b5da5c638040125f65db0fe3e24494b76ea986457d986
static_lr,2,single_query,0,112,1,0.031025256000,31.025256000000,1,dbc1b4c900ffe48d575b5da5c638040125f65db0fe3e24494b76ea986457d986
static_lr,2,single_query,0,113,1,0.036878870000,36.878870000000,1,dbc1b4c900ffe48d575b5da5c638040125f65db0fe3e24494b76ea986457d986
static_lr,2,single_query,0,114,1,0.035462848000,35.462848000000,1,dbc1b4c900ffe48d575b5da5c638040125f65db0fe3e24494b76ea986457d986
static_lr,2,single_query,0,115,1,0.028267865000,28.267865000000,1,dbc1b4c900ffe48d575b5da5c638040125f65db0fe3e24494b76ea986457d986
static_lr,2,single_query,0,116,1,0.030489249000,30.489249000000,1,dbc1b4c900ffe48d575b5da5c638040125f65db0fe3e24494b76ea986457d986
static_lr,2,single_query,0,117,1,0.035337284000,35.337284000000,-1,6e340b9cffb37a989ca544e6bb780a2c78901d3fb33738768511a30617afa01d
static_lr,2,single_query,0,118,1,0.034720447000,34.720447000000,-1,6e340b9cffb37a989ca544e6bb780a2c78901d3fb33738768511a30617afa01d
static_lr,2,single_query,0,119,1,0.028825403000,28.825403000000,1,dbc1b4c900ffe48d575b5da5c638040125f65db0fe3e24494b76ea986457d986
static_lr,2,single_query,0,120,1,0.014277954000,14.277954000000,1,dbc1b4c900ffe48d575b5da5c638040125f65db0fe3e24494b76ea986457d986
static_lr,2,single_query,0,121,1,0.135325143000,135.325143000000,1,dbc1b4c900ffe48d575b5da5c638040125f65db0fe3e24494b76ea986457d986
static_lr,2,single_query,0,122,1,0.057849474000,57.849474000000,1,dbc1b4c900ffe48d575b5da5c638040125f65db0fe3e24494b76ea986457d986
static_lr,2,single_query,0,123,1,0.071104777000,71.104777000000,1,dbc1b4c900ffe48d575b5da5c638040125f65db0fe3e24494b76ea986457d986
static_lr,2,single_query,0,124,1,0.072011038000,72.011038000000,1,dbc1b4c900ffe48d575b5da5c638040125f65db0fe3e24494b76ea986457d986
static_lr,2,single_query,0,125,1,0.065806357000,65.806357000000,-1,6e340b9cffb37a989ca544e6bb780a2c78901d3fb33738768511a30617afa01d
static_lr,2,single_query,0,126,1,0.072446253000,72.446253000000,1,dbc1b4c900ffe48d575b5da5c638040125f65db0fe3e24494b76ea986457d986
static_lr,2,single_query,0,127,1,0.035480348000,35.480348000000,-1,6e340b9cffb37a989ca544e6bb780a2c78901d3fb33738768511a30617afa01d
static_lr,2,single_query,0,128,1,0.045314211000,45.314211000000,-1,6e340b9cffb37a989ca544e6bb780a2c78901d3fb33738768511a30617afa01d
static_lr,2,single_query,0,129,1,0.044927274000,44.927274000000,1,dbc1b4c900ffe48d575b5da5c638040125f65db0fe3e24494b76ea986457d986
static_lr,2,single_query,0,130,1,0.045964485000,45.964485000000,1,dbc1b4c900ffe48d575b5da5c638040125f65db0fe3e24494b76ea986457d986
static_lr,2,single_query,0,131,1,0.035392840000,35.392840000000,1,dbc1b4c900ffe48d575b5da5c638040125f65db0fe3e24494b76ea986457d986
static_lr,2,single_query,0,132,1,0.063317691000,63.317691000000,1,dbc1b4c900ffe48d575b5da5c638040125f65db0fe3e24494b76ea986457d986
static_lr,2,single_query,0,133,1,0.037433672000,37.433672000000,-1,6e340b9cffb37a989ca544e6bb780a2c78901d3fb33738768511a30617afa01d
static_lr,2,single_query,0,134,1,0.055799370000,55.799370000000,1,dbc1b4c900ffe48d575b5da5c638040125f65db0fe3e24494b76ea986457d986
static_lr,2,single_query,0,135,1,0.056705247000,56.705247000000,1,dbc1b4c900ffe48d575b5da5c638040125f65db0fe3e24494b76ea986457d986
static_lr,2,single_query,0,136,1,0.047738517000,47.738517000000,1,dbc1b4c900ffe48d575b5da5c638040125f65db0fe3e24494b76ea986457d986
static_lr,2,single_query,0,137,1,0.043796103000,43.796103000000,1,dbc1b4c900ffe48d575b5da5c638040125f65db0fe3e24494b76ea986457d986
static_lr,2,single_query,0,138,1,0.043237697000,43.237697000000,1,dbc1b4c900ffe48d575b5da5c638040125f65db0fe3e24494b76ea986457d986
static_lr,2,single_query,0,139,1,0.046098239000,46.098239000000,-1,6e340b9cffb37a989ca544e6bb780a2c78901d3fb33738768511a30617afa01d
static_lr,2,single_query,0,140,1,0.027768524000,27.768524000000,-1,6e340b9cffb37a989ca544e6bb780a2c78901d3fb33738768511a30617afa01d
static_lr,2,single_query,0,141,1,0.040476814000,40.476814000000,1,dbc1b4c900ffe48d575b5da5c638040125f65db0fe3e24494b76ea986457d986
static_lr,2,single_query,0,142,1,0.042070036000,42.070036000000,1,dbc1b4c900ffe48d575b5da5c638040125f65db0fe3e24494b76ea986457d986
static_lr,2,single_query,0,143,1,0.053918364000,53.918364000000,-1,6e340b9cffb37a989ca544e6bb780a2c78901d3fb33738768511a30617afa01d
static_lr,2,single_query,0,144,1,0.054334657000,54.334657000000,-1,6e340b9cffb37a989ca544e6bb780a2c78901d3fb33738768511a30617afa01d
static_lr,2,single_query,0,145,1,0.057318448000,57.318448000000,1,dbc1b4c900ffe48d575b5da5c638040125f65db0fe3e24494b76ea986457d986
static_lr,2,single_query,0,146,1,0.050794458000,50.794458000000,1,dbc1b4c900ffe48d575b5da5c638040125f65db0fe3e24494b76ea986457d986
static_lr,2,single_query,0,147,1,0.076764269000,76.764269000000,1,dbc1b4c900ffe48d575b5da5c638040125f65db0fe3e24494b76ea986457d986
static_lr,2,single_query,0,148,1,0.080289055000,80.289055000000,1,dbc1b4c900ffe48d575b5da5c638040125f65db0fe3e24494b76ea986457d986
static_lr,2,single_query,0,149,1,0.113353648000,113.353648000000,-1,6e340b9cffb37a989ca544e6bb780a2c78901d3fb33738768511a30617afa01d
static_lr,2,single_query,0,150,1,0.117040960000,117.040960000000,1,dbc1b4c900ffe48d575b5da5c638040125f65db0fe3e24494b76ea986457d986
static_lr,2,single_query,0,151,1,0.108712944000,108.712944000000,1,dbc1b4c900ffe48d575b5da5c638040125f65db0fe3e24494b76ea986457d986
static_lr,2,single_query,0,152,1,0.104627084000,104.627084000000,1,dbc1b4c900ffe48d575b5da5c638040125f65db0fe3e24494b76ea986457d986
static_lr,2,single_query,0,153,1,0.103142959000,103.142959000000,-1,6e340b9cffb37a989ca544e6bb780a2c78901d3fb33738768511a30617afa01d
static_lr,2,single_query,0,154,1,0.102799984000,102.799984000000,1,dbc1b4c900ffe48d575b5da5c638040125f65db0fe3e24494b76ea986457d986
static_lr,2,single_query,0,155,1,0.096155648000,96.155648000000,1,dbc1b4c900ffe48d575b5da5c638040125f65db0fe3e24494b76ea986457d986
static_lr,2,single_query,0,156,1,0.098280358000,98.280358000000,1,dbc1b4c900ffe48d575b5da5c638040125f65db0fe3e24494b76ea986457d986
static_lr,2,single_query,0,157,1,0.120572180000,120.572180000000,-1,6e340b9cffb37a989ca544e6bb780a2c78901d3fb33738768511a30617afa01d
static_lr,2,single_query,0,158,1,0.125184709000,125.184709000000,1,dbc1b4c900ffe48d575b5da5c638040125f65db0fe3e24494b76ea986457d986
static_lr,2,single_query,0,159,1,0.109108294000,109.108294000000,-1,6e340b9cffb37a989ca544e6bb780a2c78901d3fb33738768511a30617afa01d
static_lr,2,single_query,0,160,1,0.120674626000,120.674626000000,-1,6e340b9cffb37a989ca544e6bb780a2c78901d3fb33738768511a30617afa01d
static_lr,2,single_query,0,161,1,0.032247474000,32.247474000000,1,dbc1b4c900ffe48d575b5da5c638040125f65db0fe3e24494b76ea986457d986
static_lr,2,single_query,0,162,1,0.040282740000,40.282740000000,1,dbc1b4c900ffe48d575b5da5c638040125f65db0fe3e24494b76ea986457d986
static_lr,2,single_query,0,163,1,0.071184738000,71.184738000000,1,dbc1b4c900ffe48d575b5da5c638040125f65db0fe3e24494b76ea986457d986
static_lr,2,single_query,0,164,1,0.045727381000,45.727381000000,1,dbc1b4c900ffe48d575b5da5c638040125f65db0fe3e24494b76ea986457d986
static_lr,2,single_query,0,165,1,0.084578520000,84.578520000000,-1,6e340b9cffb37a989ca544e6bb780a2c78901d3fb33738768511a30617afa01d
static_lr,2,single_query,0,166,1,0.085331366000,85.331366000000,1,dbc1b4c900ffe48d575b5da5c638040125f65db0fe3e24494b76ea986457d986
static_lr,2,single_query,0,167,1,0.094835420000,94.835420000000,-1,6e340b9cffb37a989ca544e6bb780a2c78901d3fb33738768511a30617afa01d
static_lr,2,single_query,0,168,1,0.075261706000,75.261706000000,-1,6e340b9cffb37a989ca544e6bb780a2c78901d3fb33738768511a30617afa01d
static_lr,2,single_query,0,169,1,0.073607505000,73.607505000000,1,dbc1b4c900ffe48d575b5da5c638040125f65db0fe3e24494b76ea986457d986
static_lr,2,single_query,0,170,1,0.035104855000,35.104855000000,-1,6e340b9cffb37a989ca544e6bb780a2c78901d3fb33738768511a30617afa01d
static_lr,2,single_query,0,171,1,0.037979568000,37.979568000000,-1,6e340b9cffb37a989ca544e6bb780a2c78901d3fb33738768511a30617afa01d
static_lr,2,single_query,0,172,1,0.036337273000,36.337273000000,-1,6e340b9cffb37a989ca544e6bb780a2c78901d3fb33738768511a30617afa01d
static_lr,2,single_query,0,173,1,0.030425403000,30.425403000000,1,dbc1b4c900ffe48d575b5da5c638040125f65db0fe3e24494b76ea986457d986
static_lr,2,single_query,0,174,1,0.041638070000,41.638070000000,-1,6e340b9cffb37a989ca544e6bb780a2c78901d3fb33738768511a30617afa01d
static_lr,2,single_query,0,175,1,0.141259612000,141.259612000000,-1,6e340b9cffb37a989ca544e6bb780a2c78901d3fb33738768511a30617afa01d
static_lr,2,single_query,0,176,1,0.147197792000,147.197792000000,-1,6e340b9cffb37a989ca544e6bb780a2c78901d3fb33738768511a30617afa01d
static_lr,2,single_query,0,177,1,0.166442194000,166.442194000000,-1,6e340b9cffb37a989ca544e6bb780a2c78901d3fb33738768511a30617afa01d
static_lr,2,single_query,0,178,1,0.152873064000,152.873064000000,-1,6e340b9cffb37a989ca544e6bb780a2c78901d3fb33738768511a30617afa01d
static_lr,2,single_query,0,179,1,0.023803814000,23.803814000000,1,dbc1b4c900ffe48d575b5da5c638040125f65db0fe3e24494b76ea986457d986
static_lr,2,single_query,0,180,1,0.019816195000,19.816195000000,-1,6e340b9cffb37a989ca544e6bb780a2c78901d3fb33738768511a30617afa01d
static_lr,2,single_query,0,181,1,0.031479244000,31.479244000000,-1,6e340b9cffb37a989ca544e6bb780a2c78901d3fb33738768511a30617afa01d
static_lr,2,single_query,0,182,1,0.028541658000,28.541658000000,1,dbc1b4c900ffe48d575b5da5c638040125f65db0fe3e24494b76ea986457d986
static_lr,2,single_query,0,183,1,0.027212916000,27.212916000000,-1,6e340b9cffb37a989ca544e6bb780a2c78901d3fb33738768511a30617afa01d
static_lr,2,single_query,0,184,1,0.039360168000,39.360168000000,-1,6e340b9cffb37a989ca544e6bb780a2c78901d3fb33738768511a30617afa01d
static_lr,2,single_query,0,185,1,0.037584938000,37.584938000000,-1,6e340b9cffb37a989ca544e6bb780a2c78901d3fb33738768511a30617afa01d
static_lr,2,single_query,0,186,1,0.037544625000,37.544625000000,1,dbc1b4c900ffe48d575b5da5c638040125f65db0fe3e24494b76ea986457d986
static_lr,2,single_query,0,187,1,0.035988608000,35.988608000000,-1,6e340b9cffb37a989ca544e6bb780a2c78901d3fb33738768511a30617afa01d
static_lr,2,single_query,0,188,1,0.050462072000,50.462072000000,1,dbc1b4c900ffe48d575b5da5c638040125f65db0fe3e24494b76ea986457d986
static_lr,2,single_query,0,189,1,0.047138091000,47.138091000000,1,dbc1b4c900ffe48d575b5da5c638040125f65db0fe3e24494b76ea986457d986
static_lr,2,single_query,0,190,1,0.041165101000,41.165101000000,-1,6e340b9cffb37a989ca544e6bb780a2c78901d3fb33738768511a30617afa01d
static_lr,2,single_query,0,191,1,0.048047248000,48.047248000000,-1,6e340b9cffb37a989ca544e6bb780a2c78901d3fb33738768511a30617afa01d
static_lr,2,single_query,0,192,1,0.058478488000,58.478488000000,-1,6e340b9cffb37a989ca544e6bb780a2c78901d3fb33738768511a30617afa01d
static_lr,2,single_query,0,193,1,0.057197506000,57.197506000000,1,dbc1b4c900ffe48d575b5da5c638040125f65db0fe3e24494b76ea986457d986
static_lr,2,single_query,0,194,1,0.060395472000,60.395472000000,-1,6e340b9cffb37a989ca544e6bb780a2c78901d3fb33738768511a30617afa01d
static_lr,2,single_query,0,195,1,0.063960409000,63.960409000000,-1,6e340b9cffb37a989ca544e6bb780a2c78901d3fb33738768511a30617afa01d
static_lr,2,single_query,0,196,1,0.059974527000,59.974527000000,1,dbc1b4c900ffe48d575b5da5c638040125f65db0fe3e24494b76ea986457d986
static_lr,2,single_query,0,197,1,0.068194673000,68.194673000000,-1,6e340b9cffb37a989ca544e6bb780a2c78901d3fb33738768511a30617afa01d
static_lr,2,single_query,0,198,1,0.078392793000,78.392793000000,1,dbc1b4c900ffe48d575b5da5c638040125f65db0fe3e24494b76ea986457d986
static_lr,2,single_query,0,199,1,0.064312640000,64.312640000000,1,dbc1b4c900ffe48d575b5da5c638040125f65db0fe3e24494b76ea986457d986
static_lr,2,single_query,0,200,1,0.068951724000,68.951724000000,1,dbc1b4c900ffe48d575b5da5c638040125f65db0fe3e24494b76ea986457d986
static_lr,2,single_query,0,201,1,0.061189261000,61.189261000000,1,dbc1b4c900ffe48d575b5da5c638040125f65db0fe3e24494b76ea986457d986
static_lr,2,single_query,0,202,1,0.068308483000,68.308483000000,-1,6e340b9cffb37a989ca544e6bb780a2c78901d3fb33738768511a30617afa01d
static_lr,2,single_query,0,203,1,0.071559047000,71.559047000000,-1,6e340b9cffb37a989ca544e6bb780a2c78901d3fb33738768511a30617afa01d
static_lr,2,single_query,0,204,1,0.063802673000,63.802673000000,-1,6e340b9cffb37a989ca544e6bb780a2c78901d3fb33738768511a30617afa01d
static_lr,2,single_query,0,205,1,0.059219334000,59.219334000000,-1,6e340b9cffb37a989ca544e6bb780a2c78901d3fb33738768511a30617afa01d
static_lr,2,single_query,0,206,1,0.077229084000,77.229084000000,-1,6e340b9cffb37a989ca544e6bb780a2c78901d3fb33738768511a30617afa01d
static_lr,2,single_query,0,207,1,0.076797740000,76.797740000000,1,dbc1b4c900ffe48d575b5da5c638040125f65db0fe3e24494b76ea986457d986
static_lr,2,single_query,0,208,1,0.052328407000,52.328407000000,1,dbc1b4c900ffe48d575b5da5c638040125f65db0fe3e24494b76ea986457d986
static_lr,2,single_query,0,209,1,0.047088795000,47.088795000000,1,dbc1b4c900ffe48d575b5da5c638040125f65db0fe3e24494b76ea986457d986
static_lr,2,single_query,0,210,1,0.049583378000,49.583378000000,1,dbc1b4c900ffe48d575b5da5c638040125f65db0fe3e24494b76ea986457d986
static_lr,2,single_query,0,211,1,0.083929621000,83.929621000000,1,dbc1b4c900ffe48d575b5da5c638040125f65db0fe3e24494b76ea986457d986
static_lr,2,single_query,0,212,1,0.103663814000,103.663814000000,-1,6e340b9cffb37a989ca544e6bb780a2c78901d3fb33738768511a30617afa01d
static_lr,2,single_query,0,213,1,0.037926553000,37.926553000000,1,dbc1b4c900ffe48d575b5da5c638040125f65db0fe3e24494b76ea986457d986
static_lr,2,single_query,0,214,1,0.052379285000,52.379285000000,-1,6e340b9cffb37a989ca544e6bb780a2c78901d3fb33738768511a30617afa01d
static_lr,2,single_query,0,215,1,0.034473419000,34.473419000000,1,dbc1b4c900ffe48d575b5da5c638040125f65db0fe3e24494b76ea986457d986
static_lr,2,single_query,0,216,1,0.047364015000,47.364015000000,-1,6e340b9cffb37a989ca544e6bb780a2c78901d3fb33738768511a30617afa01d
static_lr,2,single_query,0,217,1,0.045523348000,45.523348000000,1,dbc1b4c900ffe48d575b5da5c638040125f65db0fe3e24494b76ea986457d986
static_lr,2,single_query,0,218,1,0.048718737000,48.718737000000,-1,6e340b9cffb37a989ca544e6bb780a2c78901d3fb33738768511a30617afa01d
static_lr,2,single_query,0,219,1,0.040965760000,40.965760000000,-1,6e340b9cffb37a989ca544e6bb780a2c78901d3fb33738768511a30617afa01d
static_lr,2,single_query,0,220,1,0.044178071000,44.178071000000,-1,6e340b9cffb37a989ca544e6bb780a2c78901d3fb33738768511a30617afa01d
static_lr,2,single_query,0,221,1,0.068220877000,68.220877000000,-1,6e340b9cffb37a989ca544e6bb780a2c78901d3fb33738768511a30617afa01d
static_lr,2,single_query,0,222,1,0.059732312000,59.732312000000,1,dbc1b4c900ffe48d575b5da5c638040125f65db0fe3e24494b76ea986457d986
static_lr,2,single_query,0,223,1,0.063631929000,63.631929000000,-1,6e340b9cffb37a989ca544e6bb780a2c78901d3fb33738768511a30617afa01d
static_lr,2,single_query,0,224,1,0.065550187000,65.550187000000,-1,6e340b9cffb37a989ca544e6bb780a2c78901d3fb33738768511a30617afa01d
static_lr,2,single_query,0,225,1,0.068704463000,68.704463000000,1,dbc1b4c900ffe48d575b5da5c638040125f65db0fe3e24494b76ea986457d986
static_lr,2,single_query,0,226,1,0.070879489000,70.879489000000,1,dbc1b4c900ffe48d575b5da5c638040125f65db0fe3e24494b76ea986457d986
static_lr,2,single_query,0,227,1,0.059176225000,59.176225000000,-1,6e340b9cffb37a989ca544e6bb780a2c78901d3fb33738768511a30617afa01d
static_lr,2,single_query,0,228,1,0.071474814000,71.474814000000,-1,6e340b9cffb37a989ca544e6bb780a2c78901d3fb33738768511a30617afa01d
static_lr,2,single_query,0,229,1,0.072077162000,72.077162000000,1,dbc1b4c900ffe48d575b5da5c638040125f65db0fe3e24494b76ea986457d986
static_lr,2,single_query,0,230,1,0.066225505000,66.225505000000,-1,6e340b9cffb37a989ca544e6bb780a2c78901d3fb33738768511a30617afa01d
static_lr,2,single_query,0,231,1,0.063129952000,63.129952000000,-1,6e340b9cffb37a989ca544e6bb780a2c78901d3fb33738768511a30617afa01d
static_lr,2,single_query,0,232,1,0.074240762000,74.240762000000,1,dbc1b4c900ffe48d575b5da5c638040125f65db0fe3e24494b76ea986457d986
static_lr,2,single_query,0,233,1,0.072028983000,72.028983000000,-1,6e340b9cffb37a989ca544e6bb780a2c78901d3fb33738768511a30617afa01d
static_lr,2,single_query,0,234,1,0.055799851000,55.799851000000,-1,6e340b9cffb37a989ca544e6bb780a2c78901d3fb33738768511a30617afa01d
static_lr,2,single_query,0,235,1,0.057972276000,57.972276000000,1,dbc1b4c900ffe48d575b5da5c638040125f65db0fe3e24494b76ea986457d986
static_lr,2,single_query,0,236,1,0.056212254000,56.212254000000,1,dbc1b4c900ffe48d575b5da5c638040125f65db0fe3e24494b76ea986457d986
static_lr,2,single_query,0,237,1,0.050516829000,50.516829000000,-1,6e340b9cffb37a989ca544e6bb780a2c78901d3fb33738768511a30617afa01d
static_lr,2,single_query,0,238,1,0.043857108000,43.857108000000,-1,6e340b9cffb37a989ca544e6bb780a2c78901d3fb33738768511a30617afa01d
static_lr,2,single_query,0,239,1,0.065677317000,65.677317000000,-1,6e340b9cffb37a989ca544e6bb780a2c78901d3fb33738768511a30617afa01d
static_lr,2,single_query,0,240,1,0.067626747000,67.626747000000,-1,6e340b9cffb37a989ca544e6bb780a2c78901d3fb33738768511a30617afa01d
static_lr,2,single_query,0,241,1,0.070122649000,70.122649000000,1,dbc1b4c900ffe48d575b5da5c638040125f65db0fe3e24494b76ea986457d986
static_lr,2,single_query,0,242,1,0.043508847000,43.508847000000,-1,6e340b9cffb37a989ca544e6bb780a2c78901d3fb33738768511a30617afa01d
static_lr,2,single_query,0,243,1,0.053457559000,53.457559000000,-1,6e340b9cffb37a989ca544e6bb780a2c78901d3fb33738768511a30617afa01d
static_lr,2,single_query,0,244,1,0.051932862000,51.932862000000,-1,6e340b9cffb37a989ca544e6bb780a2c78901d3fb33738768511a30617afa01d
static_lr,2,single_query,0,245,1,0.085047589000,85.047589000000,-1,6e340b9cffb37a989ca544e6bb780a2c78901d3fb33738768511a30617afa01d
static_lr,2,single_query,0,246,1,0.229523978000,229.523978000000,-1,6e340b9cffb37a989ca544e6bb780a2c78901d3fb33738768511a30617afa01d
static_lr,2,single_query,0,247,1,0.068343720000,68.343720000000,1,dbc1b4c900ffe48d575b5da5c638040125f65db0fe3e24494b76ea986457d986
static_lr,2,single_query,0,248,1,0.071280081000,71.280081000000,-1,6e340b9cffb37a989ca544e6bb780a2c78901d3fb33738768511a30617afa01d
static_lr,2,single_query,0,249,1,0.060418762000,60.418762000000,-1,6e340b9cffb37a989ca544e6bb780a2c78901d3fb33738768511a30617afa01d
static_lr,2,single_query,0,250,1,0.070801485000,70.801485000000,-1,6e340b9cffb37a989ca544e6bb780a2c78901d3fb33738768511a30617afa01d
static_lr,2,single_query,0,251,1,0.050218645000,50.218645000000,1,dbc1b4c900ffe48d575b5da5c638040125f65db0fe3e24494b76ea986457d986
static_lr,2,single_query,0,252,1,0.041780900000,41.780900000000,1,dbc1b4c900ffe48d575b5da5c638040125f65db0fe3e24494b76ea986457d986
static_lr,2,single_query,0,253,1,0.058695030000,58.695030000000,-1,6e340b9cffb37a989ca544e6bb780a2c78901d3fb33738768511a30617afa01d
static_lr,2,single_query,0,254,1,0.047566976000,47.566976000000,1,dbc1b4c900ffe48d575b5da5c638040125f65db0fe3e24494b76ea986457d986
static_lr,2,single_query,0,255,1,0.044881808000,44.881808000000,1,dbc1b4c900ffe48d575b5da5c638040125f65db0fe3e24494b76ea986457d986
static_gbm,0,init,0,,4263,154.936376731000,,,
static_gbm,0,single_query,0,0,1,0.068590186000,68.590186000000,-1,6e340b9cffb37a989ca544e6bb780a2c78901d3fb33738768511a30617afa01d
static_gbm,0,single_query,0,1,1,0.038798308000,38.798308000000,-1,6e340b9cffb37a989ca544e6bb780a2c78901d3fb33738768511a30617afa01d
static_gbm,0,single_query,0,2,1,0.028680219000,28.680219000000,1,dbc1b4c900ffe48d575b5da5c638040125f65db0fe3e24494b76ea986457d986
static_gbm,0,single_query,0,3,1,0.039113515000,39.113515000000,-1,6e340b9cffb37a989ca544e6bb780a2c78901d3fb33738768511a30617afa01d
static_gbm,0,single_query,0,4,1,0.056022614000,56.022614000000,1,dbc1b4c900ffe48d575b5da5c638040125f65db0fe3e24494b76ea986457d986
static_gbm,0,single_query,0,5,1,0.080122216000,80.122216000000,1,dbc1b4c900ffe48d575b5da5c638040125f65db0fe3e24494b76ea986457d986
static_gbm,0,single_query,0,6,1,0.064742330000,64.742330000000,1,dbc1b4c900ffe48d575b5da5c638040125f65db0fe3e24494b76ea986457d986
static_gbm,0,single_query,0,7,1,0.042594440000,42.594440000000,-1,6e340b9cffb37a989ca544e6bb780a2c78901d3fb33738768511a30617afa01d
static_gbm,0,single_query,0,8,1,0.039080288000,39.080288000000,-1,6e340b9cffb37a989ca544e6bb780a2c78901d3fb33738768511a30617afa01d
static_gbm,0,single_query,0,9,1,0.064410691000,64.410691000000,-1,6e340b9cffb37a989ca544e6bb780a2c78901d3fb33738768511a30617afa01d
static_gbm,0,single_query,0,10,1,0.108895375000,108.895375000000,1,dbc1b4c900ffe48d575b5da5c638040125f65db0fe3e24494b76ea986457d986
static_gbm,0,single_query,0,11,1,0.088442051000,88.442051000000,1,dbc1b4c900ffe48d575b5da5c638040125f65db0fe3e24494b76ea986457d986
static_gbm,0,single_query,0,12,1,0.097145433000,97.145433000000,1,dbc1b4c900ffe48d575b5da5c638040125f65db0fe3e24494b76ea986457d986
static_gbm,0,single_query,0,13,1,0.038484404000,38.484404000000,-1,6e340b9cffb37a989ca544e6bb780a2c78901d3fb33738768511a30617afa01d
static_gbm,0,single_query,0,14,1,0.038769421000,38.769421000000,-1,6e340b9cffb37a989ca544e6bb780a2c78901d3fb33738768511a30617afa01d
static_gbm,0,single_query,0,15,1,0.049510470000,49.510470000000,-1,6e340b9cffb37a989ca544e6bb780a2c78901d3fb33738768511a30617afa01d
static_gbm,0,single_query,0,16,1,0.050604477000,50.604477000000,-1,6e340b9cffb37a989ca544e6bb780a2c78901d3fb33738768511a30617afa01d
static_gbm,0,single_query,0,17,1,0.037631130000,37.631130000000,1,dbc1b4c900ffe48d575b5da5c638040125f65db0fe3e24494b76ea986457d986
static_gbm,0,single_query,0,18,1,0.047003717000,47.003717000000,-1,6e340b9cffb37a989ca544e6bb780a2c78901d3fb33738768511a30617afa01d
static_gbm,0,single_query,0,19,1,0.027004260000,27.004260000000,1,dbc1b4c900ffe48d575b5da5c638040125f65db0fe3e24494b76ea986457d986
static_gbm,0,single_query,0,20,1,0.032119241000,32.119241000000,1,dbc1b4c900ffe48d575b5da5c638040125f65db0fe3e24494b76ea986457d986
static_gbm,0,single_query,0,21,1,0.036123055000,36.123055000000,1,dbc1b4c900ffe48d575b5da5c638040125f65db0fe3e24494b76ea986457d986
static_gbm,0,single_query,0,22,1,0.036958680000,36.958680000000,1,dbc1b4c900ffe48d575b5da5c638040125f65db0fe3e24494b76ea986457d986
static_gbm,0,single_query,0,23,1,0.037449304000,37.449304000000,-1,6e340b9cffb37a989ca544e6bb780a2c78901d3fb33738768511a30617afa01d
static_gbm,0,single_query,0,24,1,0.047021830000,47.021830000000,-1,6e340b9cffb37a989ca544e6bb780a2c78901d3fb33738768511a30617afa01d
static_gbm,0,single_query,0,25,1,0.044480448000,44.480448000000,-1,6e340b9cffb37a989ca544e6bb780a2c78901d3fb33738768511a30617afa01d
static_gbm,0,single_query,0,26,1,0.048404606000,48.404606000000,1,dbc1b4c900ffe48d575b5da5c638040125f65db0fe3e24494b76ea986457d986
static_gbm,0,single_query,0,27,1,0.044253911000,44.253911000000,1,dbc1b4c900ffe48d575b5da5c638040125f65db0fe3e24494b76ea986457d986
static_gbm,0,single_query,0,28,1,0.041742909000,41.742909000000,-1,6e340b9cffb37a989ca544e6bb780a2c78901d3fb33738768511a30617afa01d
static_gbm,0,single_query,0,29,1,0.037113243000,37.113243000000,-1,6e340b9cffb37a989ca544e6bb780a2c78901d3fb33738768511a30617afa01d
static_gbm,0,single_query,0,30,1,0.035466204000,35.466204000000,1,dbc1b4c900ffe48d575b5da5c638040125f65db0fe3e24494b76ea986457d986
static_gbm,0,single_query,0,31,1,0.037677538000,37.677538000000,1,dbc1b4c900ffe48d575b5da5c638040125f65db0fe3e24494b76ea986457d986
static_gbm,0,single_query,0,32,1,0.053952793000,53.952793000000,-1,6e340b9cffb37a989ca544e6bb780a2c78901d3fb33738768511a30617afa01d
static_gbm,0,single_query,0,33,1,0.054659079000,54.659079000000,-1,6e340b9cffb37a989ca544e6bb780a2c78901d3fb33738768511a30617afa01d
static_gbm,0,single_query,0,34,1,0.072656207000,72.656207000000,-1,6e340b9cffb37a989ca544e6bb780a2c78901d3fb33738768511a30617afa01d
static_gbm,0,single_query,0,35,1,0.080375789000,80.375789000000,1,dbc1b4c900ffe48d575b5da5c638040125f65db0fe3e24494b76ea986457d986
static_gbm,0,single_query,0,36,1,0.085511677000,85.511677000000,-1,6e340b9cffb37a989ca544e6bb780a2c78901d3fb33738768511a30617afa01d
static_gbm,0,single_query,0,37,1,0.046486972000,46.486972000000,-1,6e340b9cffb37a989ca544e6bb780a2c78901d3fb33738768511a30617afa01d
static_gbm,0,single_query,0,38,1,0.045320495000,45.320495000000,1,dbc1b4c900ffe48d575b5da5c638040125f65db0fe3e24494b76ea986457d986
static_gbm,0,single_query,0,39,1,0.033401286000,33.401286000000,-1,6e340b9cffb37a989ca544e6bb780a2c78901d3fb33738768511a30617afa01d
static_gbm,0,single_query,0,40,1,0.032108574000,32.108574000000,1,dbc1b4c900ffe48d575b5da5c638040125f65db0fe3e24494b76ea986457d986
static_gbm,0,single_query,0,41,1,0.033279911000,33.279911000000,-1,6e340b9cffb37a989ca544e6bb780a2c78901d3fb33738768511a30617afa01d
static_gbm,0,single_query,0,42,1,0.033028417000,33.028417000000,-1,6e340b9cffb37a989ca544e6bb780a2c78901d3fb33738768511a30617afa01d
static_gbm,0,single_query,0,43,1,0.029957956000,29.957956000000,1,dbc1b4c900ffe48d575b5da5c638040125f65db0fe3e24494b76ea986457d986
static_gbm,0,single_query,0,44,1,0.031986441000,31.986441000000,1,dbc1b4c900ffe48d575b5da5c638040125f65db0fe3e24494b76ea986457d986
static_gbm,0,single_query,0,45,1,0.033721222000,33.721222000000,-1,6e340b9cffb37a989ca544e6bb780a2c78901d3fb33738768511a30617afa01d
static_gbm,0,single_query,0,46,1,0.029805509000,29.805509000000,-1,6e340b9cffb37a989ca544e6bb780a2c78901d3fb33738768511a30617afa01d
static_gbm,0,single_query,0,47,1,0.035412746000,35.412746000000,1,dbc1b4c900ffe48d575b5da5c638040125f65db0fe3e24494b76ea986457d986
static_gbm,0,single_query,0,48,1,0.032573806000,32.573806000000,-1,6e340b9cffb37a989ca544e6bb780a2c78901d3fb33738768511a30617afa01d
static_gbm,0,single_query,0,49,1,0.042330507000,42.330507000000,1,dbc1b4c900ffe48d575b5da5c638040125f65db0fe3e24494b76ea986457d986
static_gbm,0,single_query,0,50,1,0.034427011000,34.427011000000,-1,6e340b9cffb37a989ca544e6bb780a2c78901d3fb33738768511a30617afa01d
static_gbm,0,single_query,0,51,1,0.038753518000,38.753518000000,1,dbc1b4c900ffe48d575b5da5c638040125f65db0fe3e24494b76ea986457d986
static_gbm,0,single_query,0,52,1,0.032639057000,32.639057000000,1,dbc1b4c900ffe48d575b5da5c638040125f65db0fe3e24494b76ea986457d986
static_gbm,0,single_query,0,53,1,0.033206756000,33.206756000000,1,dbc1b4c900ffe48d575b5da5c638040125f65db0fe3e24494b76ea986457d986
static_gbm,0,single_query,0,54,1,0.035932703000,35.932703000000,-1,6e340b9cffb37a989ca544e6bb780a2c78901d3fb33738768511a30617afa01d
static_gbm,0,single_query,0,55,1,0.032915292000,32.915292000000,-1,6e340b9cffb37a989ca544e6bb780a2c78901d3fb33738768511a30617afa01d
static_gbm,0,single_query,0,56,1,0.034346775000,34.346775000000,-1,6e340b9cffb37a989ca544e6bb780a2c78901d3fb33738768511a30617afa01d
static_gbm,0,single_query,0,57,1,0.035849887000,35.849887000000,-1,6e340b9cffb37a989ca544e6bb780a2c78901d3fb33738768511a30617afa01d
static_gbm,0,single_query,0,58,1,0.033573982000,33.573982000000,1,dbc1b4c900ffe48d575b5da5c638040125f65db0fe3e24494b76ea986457d986
static_gbm,0,single_query,0,59,1,0.039623018000,39.623018000000,-1,6e340b9cffb37a989ca544e6bb780a2c78901d3fb33738768511a30617afa01d
static_gbm,0,single_query,0,60,1,0.038293273000,38.293273000000,1,dbc1b4c900ffe48d575b5da5c638040125f65db0fe3e24494b76ea986457d986
static_gbm,0,single_query,0,61,1,0.030645457000,30.645457000000,1,dbc1b4c900ffe48d575b5da5c638040125f65db0fe3e24494b76ea986457d986
static_gbm,0,single_query,0,62,1,0.028838805000,28.838805000000,-1,6e340b9cffb37a989ca544e6bb780a2c78901d3fb33738768511a30617afa01d
static_gbm,0,single_query,0,63,1,0.033420046000,33.420046000000,-1,6e340b9cffb37a989ca544e6bb780a2c78901d3fb33738768511a30617afa01d
static_gbm,0,single_query,0,64,1,0.032035591000,32.035591000000,-1,6e340b9cffb37a989ca544e6bb780a2c78901d3fb33738768511a30617afa01d
static_gbm,0,single_query,0,65,1,0.036700453000,36.700453000000,-1,6e340b9cffb37a989ca544e6bb780a2c78901d3fb33738768511a30617afa01d
static_gbm,0,single_query,0,66,1,0.035467580000,35.467580000000,-1,6e340b9cffb37a989ca544e6bb780a2c78901d3fb33738768511a30617afa01d
static_gbm,0,single_query,0,67,1,0.033698825000,33.698825000000,1,dbc1b4c900ffe48d575b5da5c638040125f65db0fe3e24494b76ea986457d986
static_gbm,0,single_query,0,68,1,0.038988380000,38.988380000000,-1,6e340b9cffb37a989ca544e6bb780a2c78901d3fb33738768511a30617afa01d
static_gbm,0,single_query,0,69,1,0.037931843000,37.931843000000,-1,6e340b9cffb37a989ca544e6bb780a2c78901d3fb33738768511a30617afa01d
static_gbm,0,single_query,0,70,1,0.038311412000,38.311412000000,1,dbc1b4c900ffe48d575b5da5c638040125f65db0fe3e24494b76ea986457d986
static_gbm,0,single_query,0,71,1,0.036884988000,36.884988000000,1,dbc1b4c900ffe48d575b5da5c638040125f65db0fe3e24494b76ea986457d986
static_gbm,0,single_query,0,72,1,0.035485303000,35.485303000000,-1,6e340b9cffb37a989ca544e6bb780a2c78901d3fb33738768511a30617afa01d
static_gbm,0,single_query,0,73,1,0.039743906000,39.743906000000,-1,6e340b9cffb37a989ca544e6bb780a2c78901d3fb33738768511a30617afa01d
static_gbm,0,single_query,0,74,1,0.039656019000,39.656019000000,1,dbc1b4c900ffe48d575b5da5c638040125f65db0fe3e24494b76ea986457d986
static_gbm,0,single_query,0,75,1,0.038844938000,38.844938000000,1,dbc1b4c900ffe48d575b5da5c638040125f65db0fe3e24494b76ea986457d986
static_gbm,0,single_query,0,76,1,0.042339720000,42.339720000000,1,dbc1b4c900ffe48d575b5da5c638040125f65db0fe3e24494b76ea986457d986
static_gbm,0,single_query,0,77,1,0.038182467000,38.182467000000,-1,6e340b9cffb37a989ca544e6bb780a2c78901d3fb33738768511a30617afa01d
static_gbm,0,single_query,0,78,1,0.024322946000,24.322946000000,1,dbc1b4c900ffe48d575b5da5c638040125f65db0fe3e24494b76ea986457d986
static_gbm,0,single_query,0,79,1,0.028002503000,28.002503000000,-1,6e340b9cffb37a989ca544e6bb780a2c78901d3fb33738768511a30617afa01d
static_gbm,0,single_query,0,80,1,0.028197525000,28.197525000000,1,dbc1b4c900ffe48d575b5da5c638040125f65db0fe3e24494b76ea986457d986
static_gbm,0,single_query,0,81,1,0.026376632000,26.376632000000,1,dbc1b4c900ffe48d575b5da5c638040125f65db0fe3e24494b76ea986457d986
static_gbm,0,single_query,0,82,1,0.034344631000,34.344631000000,-1,6e340b9cffb37a989ca544e6bb780a2c78901d3fb33738768511a30617afa01d
static_gbm,0,single_query,0,83,1,0.033121859000,33.121859000000,1,dbc1b4c900ffe48d575b5da5c638040125f65db0fe3e24494b76ea986457d986
static_gbm,0,single_query,0,84,1,0.035053107000,35.053107000000,-1,6e340b9cffb37a989ca544e6bb780a2c78901d3fb33738768511a30617afa01d
static_gbm,0,single_query,0,85,1,0.036922178000,36.922178000000,1,dbc1b4c900ffe48d575b5da5c638040125f65db0fe3e24494b76ea986457d986
static_gbm,0,single_query,0,86,1,0.039164287000,39.164287000000,1,dbc1b4c900ffe48d575b5da5c638040125f65db0fe3e24494b76ea986457d986
static_gbm,0,single_query,0,87,1,0.034806046000,34.806046000000,-1,6e340b9cffb37a989ca544e6bb780a2c78901d3fb33738768511a30617afa01d
static_gbm,0,single_query,0,88,1,0.033390238000,33.390238000000,-1,6e340b9cffb37a989ca544e6bb780a2c78901d3fb33738768511a30617afa01d
static_gbm,0,single_query,0,89,1,0.029871680000,29.871680000000,-1,6e340b9cffb37a989ca544e6bb780a2c78901d3fb33738768511a30617afa01d
static_gbm,0,single_query,0,90,1,0.035389247000,35.389247000000,1,dbc1b4c900ffe48d575b5da5c638040125f65db0fe3e24494b76ea986457d986
static_gbm,0,single_query,0,91,1,0.032429677000,32.429677000000,-1,6e340b9cffb37a989ca544e6bb780a2c78901d3fb33738768511a30617afa01d
static_gbm,0,single_query,0,92,1,0.034259825000,34.259825000000,1,dbc1b4c900ffe48d575b5da5c638040125f65db0fe3e24494b76ea986457d986
static_gbm,0,single_query,0,93,1,0.035868473000,35.868473000000,1,dbc1b4c900ffe48d575b5da5c638040125f65db0fe3e24494b76ea986457d986
static_gbm,0,single_query,0,94,1,0.035857715000,35.857715000000,-1,6e340b9cffb37a989ca544e6bb780a2c78901d3fb33738768511a30617afa01d
static_gbm,0,single_query,0,95,1,0.034905737000,34.905737000000,-1,6e340b9cffb37a989ca544e6bb780a2c78901d3fb33738768511a30617afa01d
static_gbm,0,single_query,0,96,1,0.034822141000,34.822141000000,-1,6e340b9cffb37a989ca544e6bb780a2c78901d3fb33738768511a30617afa01d
static_gbm,0,single_query,0,97,1,0.034200440000,34.200440000000,1,dbc1b4c900ffe48d575b5da5c638040125f65db0fe3e24494b76ea986457d986
static_gbm,0,single_query,0,98,1,0.031820296000,31.820296000000,1,dbc1b4c900ffe48d575b5da5c638040125f65db0fe3e24494b76ea986457d986
static_gbm,0,single_query,0,99,1,0.035319346000,35.319346000000,1,dbc1b4c900ffe48d575b5da5c638040125f65db0fe3e24494b76ea986457d986
static_gbm,0,single_query,0,100,1,0.033643730000,33.643730000000,1,dbc1b4c900ffe48d575b5da5c638040125f65db0fe3e24494b76ea986457d986
static_gbm,0,single_query,0,101,1,0.037016366000,37.016366000000,-1,6e340b9cffb37a989ca544e6bb780a2c78901d3fb33738768511a30617afa01d
static_gbm,0,single_query,0,102,1,0.033122860000,33.122860000000,-1,6e340b9cffb37a989ca544e6bb780a2c78901d3fb33738768511a30617afa01d
static_gbm,0,single_query,0,103,1,0.040659189000,40.659189000000,1,dbc1b4c900ffe48d575b5da5c638040125f65db0fe3e24494b76ea986457d986
static_gbm,0,single_query,0,104,1,0.046210317000,46.210317000000,1,dbc1b4c900ffe48d575b5da5c638040125f65db0fe3e24494b76ea986457d986
static_gbm,0,single_query,0,105,1,0.039200505000,39.200505000000,-1,6e340b9cffb37a989ca544e6bb780a2c78901d3fb33738768511a30617afa01d
static_gbm,0,single_query,0,106,1,0.047135599000,47.135599000000,1,dbc1b4c900ffe48d575b5da5c638040125f65db0fe3e24494b76ea986457d986
static_gbm,0,single_query,0,107,1,0.040930905000,40.930905000000,1,dbc1b4c900ffe48d575b5da5c638040125f65db0fe3e24494b76ea986457d986
static_gbm,0,single_query,0,108,1,0.036614052000,36.614052000000,1,dbc1b4c900ffe48d575b5da5c638040125f65db0fe3e24494b76ea986457d986
static_gbm,0,single_query,0,109,1,0.040662281000,40.662281000000,-1,6e340b9cffb37a989ca544e6bb780a2c78901d3fb33738768511a30617afa01d
static_gbm,0,single_query,0,110,1,0.034724390000,34.724390000000,1,dbc1b4c900ffe48d575b5da5c638040125f65db0fe3e24494b76ea986457d986
static_gbm,0,single_query,0,111,1,0.035705029000,35.705029000000,1,dbc1b4c900ffe48d575b5da5c638040125f65db0fe3e24494b76ea986457d986
static_gbm,0,single_query,0,112,1,0.039094506000,39.094506000000,-1,6e340b9cffb37a989ca544e6bb780a2c78901d3fb33738768511a30617afa01d
static_gbm,0,single_query,0,113,1,0.044751542000,44.751542000000,-1,6e340b9cffb37a989ca544e6bb780a2c78901d3fb33738768511a30617afa01d
static_gbm,0,single_query,0,114,1,0.043226324000,43.226324000000,1,dbc1b4c900ffe48d575b5da5c638040125f65db0fe3e24494b76ea986457d986
static_gbm,0,single_query,0,115,1,0.036352955000,36.352955000000,1,dbc1b4c900ffe48d575b5da5c638040125f65db0fe3e24494b76ea986457d986
static_gbm,0,single_query,0,116,1,0.038783231000,38.783231000000,1,dbc1b4c900ffe48d575b5da5c638040125f65db0fe3e24494b76ea986457d986
static_gbm,0,single_query,0,117,1,0.044096565000,44.096565000000,1,dbc1b4c900ffe48d575b5da5c638040125f65db0fe3e24494b76ea986457d986
static_gbm,0,single_query,0,118,1,0.043198521000,43.198521000000,1,dbc1b4c900ffe48d575b5da5c638040125f65db0fe3e24494b76ea986457d986
static_gbm,0,single_query,0,119,1,0.036816058000,36.816058000000,-1,6e340b9cffb37a989ca544e6bb780a2c78901d3fb33738768511a30617afa01d
static_gbm,0,single_query,0,120,1,0.022198947000,22.198947000000,-1,6e340b9cffb37a989ca544e6bb780a2c78901d3fb33738768511a30617afa01d
static_gbm,0,single_query,0,121,1,0.146327553000,146.327553000000,1,dbc1b4c900ffe48d575b5da5c638040125f65db0fe3e24494b76ea986457d986
static_gbm,0,single_query,0,122,1,0.065911742000,65.911742000000,1,dbc1b4c900ffe48d575b5da5c638040125f65db0fe3e24494b76ea986457d986
static_gbm,0,single_query,0,123,1,0.080435134000,80.435134000000,1,dbc1b4c900ffe48d575b5da5c638040125f65db0fe3e24494b76ea986457d986
static_gbm,0,single_query,0,124,1,0.080091985000,80.091985000000,-1,6e340b9cffb37a989ca544e6bb780a2c78901d3fb33738768511a30617afa01d
static_gbm,0,single_query,0,125,1,0.073981175000,73.981175000000,-1,6e340b9cffb37a989ca544e6bb780a2c78901d3fb33738768511a30617afa01d
static_gbm,0,single_query,0,126,1,0.081091279000,81.091279000000,1,dbc1b4c900ffe48d575b5da5c638040125f65db0fe3e24494b76ea986457d986
static_gbm,0,single_query,0,127,1,0.044633428000,44.633428000000,-1,6e340b9cffb37a989ca544e6bb780a2c78901d3fb33738768511a30617afa01d
static_gbm,0,single_query,0,128,1,0.054674680000,54.674680000000,-1,6e340b9cffb37a989ca544e6bb780a2c78901d3fb33738768511a30617afa01d
static_gbm,0,single_query,0,129,1,0.053446359000,53.446359000000,1,dbc1b4c900ffe48d575b5da5c638040125f65db0fe3e24494b76ea986457d986
static_gbm,0,single_query,0,130,1,0.054114581000,54.114581000000,1,dbc1b4c900ffe48d575b5da5c638040125f65db0fe3e24494b76ea986457d986
static_gbm,0,single_query,0,131,1,0.043684490000,43.684490000000,1,dbc1b4c900ffe48d575b5da5c638040125f65db0fe3e24494b76ea986457d986
static_gbm,0,single_query,0,132,1,0.071943312000,71.943312000000,-1,6e340b9cffb37a989ca544e6bb780a2c78901d3fb33738768511a30617afa01d
static_gbm,0,single_query,0,133,1,0.045494253000,45.494253000000,-1,6e340b9cffb37a989ca544e6bb780a2c78901d3fb33738768511a30617afa01d
static_gbm,0,single_query,0,134,1,0.063259134000,63.259134000000,1,dbc1b4c900ffe48d575b5da5c638040125f65db0fe3e24494b76ea986457d986
static_gbm,0,single_query,0,135,1,0.064815025000,64.815025000000,1,dbc1b4c900ffe48d575b5da5c638040125f65db0fe3e24494b76ea986457d986
static_gbm,0,single_query,0,136,1,0.055808065000,55.808065000000,-1,6e340b9cffb37a989ca544e6bb780a2c78901d3fb33738768511a30617afa01d
static_gbm,0,single_query,0,137,1,0.051818441000,51.818441000000,1,dbc1b4c900ffe48d575b5da5c638040125f65db0fe3e24494b76ea986457d986
static_gbm,0,single_query,0,138,1,0.051341304000,51.341304000000,-1,6e340b9cffb37a989ca544e6bb780a2c78901d3fb33738768511a30617afa01d
static_gbm,0,single_query,0,139,1,0.054035593000,54.035593000000,-1,6e340b9cffb37a989ca544e6bb780a2c78901d3fb33738768511a30617afa01d
static_gbm,0,single_query,0,140,1,0.036005380000,36.005380000000,-1,6e340b9cffb37a989ca544e6bb780a2c78901d3fb33738768511a30617afa01d
static_gbm,0,single_query,0,141,1,0.049179571000,49.179571000000,1,dbc1b4c900ffe48d575b5da5c638040125f65db0fe3e24494b76ea986457d986
static_gbm,0,single_query,0,142,1,0.050793638000,50.793638000000,-1,6e340b9cffb37a989ca544e6bb780a2c78901d3fb33738768511a30617afa01d
static_gbm,0,single_query,0,143,1,0.063686042000,63.686042000000,-1,6e340b9cffb37a989ca544e6bb780a2c78901d3fb33738768511a30617afa01d
static_gbm,0,single_query,0,144,1,0.062270159000,62.270159000000,-1,6e340b9cffb37a989ca544e6bb780a2c78901d3fb33738768511a30617afa01d
static_gbm,0,single_query,0,145,1,0.065956403000,65.956403000000,1,dbc1b4c900ffe48d575b5da5c638040125f65db0fe3e24494b76ea986457d986
static_gbm,0,single_query,0,146,1,0.060020551000,60.020551000000,-1,6e340b9cffb37a989ca544e6bb780a2c78901d3fb33738768511a30617afa01d
static_gbm,0,single_query,0,147,1,0.084912465000,84.912465000000,-1,6e340b9cffb37a989ca544e6bb780a2c78901d3fb33738768511a30617afa01d
static_gbm,0,single_query,0,148,1,0.088417578000,88.417578000000,1,dbc1b4c900ffe48d575b5da5c638040125f65db0fe3e24494b76ea986457d986
static_gbm,0,single_query,0,149,1,0.121178146000,121.178146000000,1,dbc1b4c900ffe48d575b5da5c638040125f65db0fe3e24494b76ea986457d986
static_gbm,0,single_query,0,150,1,0.125842569000,125.842569000000,-1,6e340b9cffb37a989ca544e6bb780a2c78901d3fb33738768511a30617afa01d
static_gbm,0,single_query,0,151,1,0.116730525000,116.730525000000,-1,6e340b9cffb37a989ca544e6bb780a2c78901d3fb33738768511a30617afa01d
static_gbm,0,single_query,0,152,1,0.112808385000,112.808385000000,-1,6e340b9cffb37a989ca544e6bb780a2c78901d3fb33738768511a30617afa01d
static_gbm,0,single_query,0,153,1,0.111836101000,111.836101000000,-1,6e340b9cffb37a989ca544e6bb780a2c78901d3fb33738768511a30617afa01d
static_gbm,0,single_query,0,154,1,0.111250666000,111.250666000000,1,dbc1b4c900ffe48d575b5da5c638040125f65db0fe3e24494b76ea986457d986
static_gbm,0,single_query,0,155,1,0.104784310000,104.784310000000,1,dbc1b4c900ffe48d575b5da5c638040125f65db0fe3e24494b76ea986457d986
static_gbm,0,single_query,0,156,1,0.106299399000,106.299399000000,1,dbc1b4c900ffe48d575b5da5c638040125f65db0fe3e24494b76ea986457d986
static_gbm,0,single_query,0,157,1,0.128352414000,128.352414000000,-1,6e340b9cffb37a989ca544e6bb780a2c78901d3fb33738768511a30617afa01d
static_gbm,0,single_query,0,158,1,0.133320886000,133.320886000000,1,dbc1b4c900ffe48d575b5da5c638040125f65db0fe3e24494b76ea986457d986
static_gbm,0,single_query,0,159,1,0.117251912000,117.251912000000,-1,6e340b9cffb37a989ca544e6bb780a2c78901d3fb33738768511a30617afa01d
static_gbm,0,single_query,0,160,1,0.127912830000,127.912830000000,-1,6e340b9cffb37a989ca544e6bb780a2c78901d3fb33738768511a30617afa01d
static_gbm,0,single_query,0,161,1,0.040376556000,40.376556000000,1,dbc1b4c900ffe48d575b5da5c638040125f65db0fe3e24494b76ea986457d986
static_gbm,0,single_query,0,162,1,0.047983240000,47.983240000000,-1,6e340b9cffb37a989ca544e6bb780a2c78901d3fb33738768511a30617afa01d
static_gbm,0,single_query,0,163,1,0.080942295000,80.942295000000,1,dbc1b4c900ffe48d575b5da5c638040125f65db0fe3e24494b76ea986457d986
static_gbm,0,single_query,0,164,1,0.053725745000,53.725745000000,-1,6e340b9cffb37a989ca544e6bb780a2c78901d3fb33738768511a30617afa01d
static_gbm,0,single_query,0,165,1,0.092490445000,92.490445000000,-1,6e340b9cffb37a989ca544e6bb780a2c78901d3fb33738768511a30617afa01d
static_gbm,0,single_query,0,166,1,0.093881073000,93.881073000000,1,dbc1b4c900ffe48d575b5da5c638040125f65db0fe3e24494b76ea986457d986
static_gbm,0,single_query,0,167,1,0.103105138000,103.105138000000,-1,6e340b9cffb37a989ca544e6bb780a2c78901d3fb33738768511a30617afa01d
static_gbm,0,single_query,0,168,1,0.083770578000,83.770578000000,1,dbc1b4c900ffe48d575b5da5c638040125f65db0fe3e24494b76ea986457d986
static_gbm,0,single_query,0,169,1,0.081741434000,81.741434000000,-1,6e340b9cffb37a989ca544e6bb780a2c78901d3fb33738768511a30617afa01d
static_gbm,0,single_query,0,170,1,0.043182241000,43.182241000000,-1,6e340b9cffb37a989ca544e6bb780a2c78901d3fb33738768511a30617afa01d
static_gbm,0,single_query,0,171,1,0.046142835000,46.142835000000,1,dbc1b4c900ffe48d575b5da5c638040125f65db0fe3e24494b76ea986457d986
static_gbm,0,single_query,0,172,1,0.044187272000,44.187272000000,1,dbc1b4c900ffe48d575b5da5c638040125f65db0fe3e24494b76ea986457d986
static_gbm,0,single_query,0,173,1,0.038300867000,38.300867000000,-1,6e340b9cffb37a989ca544e6bb780a2c78901d3fb33738768511a30617afa01d
static_gbm,0,single_query,0,174,1,0.049610760000,49.610760000000,1,dbc1b4c900ffe48d575b5da5c638040125f65db0fe3e24494b76ea986457d986
static_gbm,0,single_query,0,175,1,0.149531078000,149.531078000000,-1,6e340b9cffb37a989ca544e6bb780a2c78901d3fb33738768511a30617afa01d
static_gbm,0,single_query,0,176,1,0.155445174000,155.445174000000,-1,6e340b9cffb37a989ca544e6bb780a2c78901d3fb33738768511a30617afa01d
static_gbm,0,single_query,0,177,1,0.167804393000,167.804393000000,1,dbc1b4c900ffe48d575b5da5c638040125f65db0fe3e24494b76ea986457d986
static_gbm,0,single_query,0,178,1,0.155520236000,155.520236000000,-1,6e340b9cffb37a989ca544e6bb780a2c78901d3fb33738768511a30617afa01d
static_gbm,0,single_query,0,179,1,0.031621244000,31.621244000000,1,dbc1b4c900ffe48d575b5da5c638040125f65db0fe3e24494b76ea986457d986
static_gbm,0,single_query,0,180,1,0.027536254000,27.536254000000,-1,6e340b9cffb37a989ca544e6bb780a2c78901d3fb33738768511a30617afa01d
static_gbm,0,single_query,0,181,1,0.039350509000,39.350509000000,-1,6e340b9cffb37a989ca544e6bb780a2c78901d3fb33738768511a30617afa01d
static_gbm,0,single_query,0,182,1,0.036537754000,36.537754000000,1,dbc1b4c900ffe48d575b5da5c638040125f65db0fe3e24494b76ea986457d986
static_gbm,0,single_query,0,183,1,0.035546320000,35.546320000000,-1,6e340b9cffb37a989ca544e6bb780a2c78901d3fb33738768511a30617afa01d
static_gbm,0,single_query,0,184,1,0.047207786000,47.207786000000,-1,6e340b9cffb37a989ca544e6bb780a2c78901d3fb33738768511a30617afa01d
static_gbm,0,single_query,0,185,1,0.045439534000,45.439534000000,1,dbc1b4c900ffe48d575b5da5c638040125f65db0fe3e24494b76ea986457d986
static_gbm,0,single_query,0,186,1,0.045136369000,45.136369000000,1,dbc1b4c900ffe48d575b5da5c638040125f65db0fe3e24494b76ea986457d986
static_gbm,0,single_query,0,187,1,0.044088664000,44.088664000000,-1,6e340b9cffb37a989ca544e6bb780a2c78901d3fb33738768511a30617afa01d
static_gbm,0,single_query,0,188,1,0.059369247000,59.369247000000,-1,6e340b9cffb37a989ca544e6bb780a2c78901d3fb33738768511a30617afa01d
static_gbm,0,single_query,0,189,1,0.055255901000,55.255901000000,-1,6e340b9cffb37a989ca544e6bb780a2c78901d3fb33738768511a30617afa01d
static_gbm,0,single_query,0,190,1,0.049151443000,49.151443000000,1,dbc1b4c900ffe48d575b5da5c638040125f65db0fe3e24494b76ea986457d986
static_gbm,0,single_query,0,191,1,0.049631865000,49.631865000000,-1,6e340b9cffb37a989ca544e6bb780a2c78901d3fb33738768511a30617afa01d
static_gbm,0,single_query,0,192,1,0.062140020000,62.140020000000,-1,6e340b9cffb37a989ca544e6bb780a2c78901d3fb33738768511a30617afa01d
static_gbm,0,single_query,0,193,1,0.066746273000,66.746273000000,1,dbc1b4c900ffe48d575b5da5c638040125f65db0fe3e24494b76ea986457d986
static_gbm,0,single_query,0,194,1,0.070276557000,70.276557000000,-1,6e340b9cffb37a989ca544e6bb780a2c78901d3fb33738768511a30617afa01d
static_gbm,0,single_query,0,195,1,0.072962724000,72.962724000000,-1,6e340b9cffb37a989ca544e6bb780a2c78901d3fb33738768511a30617afa01d
static_gbm,0,single_query,0,196,1,0.066526652000,66.526652000000,1,dbc1b4c900ffe48d575b5da5c638040125f65db0fe3e24494b76ea986457d986
static_gbm,0,single_query,0,197,1,0.076077984000,76.077984000000,-1,6e340b9cffb37a989ca544e6bb780a2c78901d3fb33738768511a30617afa01d
static_gbm,0,single_query,0,198,1,0.086304367000,86.304367000000,-1,6e340b9cffb37a989ca544e6bb780a2c78901d3fb33738768511a30617afa01d
static_gbm,0,single_query,0,199,1,0.072460763000,72.460763000000,-1,6e340b9cffb37a989ca544e6bb780a2c78901d3fb33738768511a30617afa01d
static_gbm,0,single_query,0,200,1,0.077153515000,77.153515000000,1,dbc1b4c900ffe48d575b5da5c638040125f65db0fe3e24494b76ea986457d986
static_gbm,0,single_query,0,201,1,0.069628633000,69.628633000000,1,dbc1b4c900ffe48d575b5da5c638040125f65db0fe3e24494b76ea986457d986
static_gbm,0,single_query,0,202,1,0.076089309000,76.089309000000,1,dbc1b4c900ffe48d575b5da5c638040125f65db0fe3e24494b76ea986457d986
static_gbm,0,single_query,0,203,1,0.079498826000,79.498826000000,1,dbc1b4c900ffe48d575b5da5c638040125f65db0fe3e24494b76ea986457d986
static_gbm,0,single_query,0,204,1,0.071882385000,71.882385000000,-1,6e340b9cffb37a989ca544e6bb780a2c78901d3fb33738768511a30617afa01d
static_gbm,0,single_query,0,205,1,0.066658908000,66.658908000000,1,dbc1b4c900ffe48d575b5da5c638040125f65db0fe3e24494b76ea986457d986
static_gbm,0,single_query,0,206,1,0.085723749000,85.723749000000,-1,6e340b9cffb37a989ca544e6bb780a2c78901d3fb33738768511a30617afa01d
static_gbm,0,single_query,0,207,1,0.084528837000,84.528837000000,1,dbc1b4c900ffe48d575b5da5c638040125f65db0fe3e24494b76ea986457d986
static_gbm,0,single_query,0,208,1,0.060157538000,60.157538000000,-1,6e340b9cffb37a989ca544e6bb780a2c78901d3fb33738768511a30617afa01d
static_gbm,0,single_query,0,209,1,0.055968824000,55.968824000000,1,dbc1b4c900ffe48d575b5da5c638040125f65db0fe3e24494b76ea986457d986
static_gbm,0,single_query,0,210,1,0.057720916000,57.720916000000,1,dbc1b4c900ffe48d575b5da5c638040125f65db0fe3e24494b76ea986457d986
static_gbm,0,single_query,0,211,1,0.092112293000,92.112293000000,-1,6e340b9cffb37a989ca544e6bb780a2c78901d3fb33738768511a30617afa01d
static_gbm,0,single_query,0,212,1,0.113701717000,113.701717000000,-1,6e340b9cffb37a989ca544e6bb780a2c78901d3fb33738768511a30617afa01d
static_gbm,0,single_query,0,213,1,0.046506451000,46.506451000000,1,dbc1b4c900ffe48d575b5da5c638040125f65db0fe3e24494b76ea986457d986
static_gbm,0,single_query,0,214,1,0.060356721000,60.356721000000,-1,6e340b9cffb37a989ca544e6bb780a2c78901d3fb33738768511a30617afa01d
static_gbm,0,single_query,0,215,1,0.042683080000,42.683080000000,1,dbc1b4c900ffe48d575b5da5c638040125f65db0fe3e24494b76ea986457d986
static_gbm,0,single_query,0,216,1,0.056672117000,56.672117000000,-1,6e340b9cffb37a989ca544e6bb780a2c78901d3fb33738768511a30617afa01d
static_gbm,0,single_query,0,217,1,0.054938652000,54.938652000000,1,dbc1b4c900ffe48d575b5da5c638040125f65db0fe3e24494b76ea986457d986
static_gbm,0,single_query,0,218,1,0.057718835000,57.718835000000,-1,6e340b9cffb37a989ca544e6bb780a2c78901d3fb33738768511a30617afa01d
static_gbm,0,single_query,0,219,1,0.049094005000,49.094005000000,1,dbc1b4c900ffe48d575b5da5c638040125f65db0fe3e24494b76ea986457d986
static_gbm,0,single_query,0,220,1,0.052221500000,52.221500000000,-1,6e340b9cffb37a989ca544e6bb780a2c78901d3fb33738768511a30617afa01d
static_gbm,0,single_query,0,221,1,0.076454511000,76.454511000000,-1,6e340b9cffb37a989ca544e6bb780a2c78901d3fb33738768511a30617afa01d
static_gbm,0,single_query,0,222,1,0.069033094000,69.033094000000,1,dbc1b4c900ffe48d575b5da5c638040125f65db0fe3e24494b76ea986457d986
static_gbm,0,single_query,0,223,1,0.071848596000,71.848596000000,-1,6e340b9cffb37a989ca544e6bb780a2c78901d3fb33738768511a30617afa01d
static_gbm,0,single_query,0,224,1,0.074225405000,74.225405000000,1,dbc1b4c900ffe48d575b5da5c638040125f65db0fe3e24494b76ea986457d986
static_gbm,0,single_query,0,225,1,0.076649198000,76.649198000000,1,dbc1b4c900ffe48d575b5da5c638040125f65db0fe3e24494b76ea986457d986
static_gbm,0,single_query,0,226,1,0.078957106000,78.957106000000,1,dbc1b4c900ffe48d575b5da5c638040125f65db0fe3e24494b76ea986457d986
static_gbm,0,single_query,0,227,1,0.067417063000,67.417063000000,-1,6e340b9cffb37a989ca544e6bb780a2c78901d3fb33738768511a30617afa01d
static_gbm,0,single_query,0,228,1,0.079446908000,79.446908000000,1,dbc1b4c900ffe48d575b5da5c638040125f65db0fe3e24494b76ea986457d986
static_gbm,0,single_query,0,229,1,0.080154311000,80.154311000000,-1,6e340b9cffb37a989ca544e6bb780a2c78901d3fb33738768511a30617afa01d
static_gbm,0,single_query,0,230,1,0.074761197000,74.761197000000,-1,6e340b9cffb37a989ca544e6bb780a2c78901d3fb33738768511a30617afa01d
static_gbm,0,single_query,0,231,1,0.071239193000,71.239193000000,-1,6e340b9cffb37a989ca544e6bb780a2c78901d3fb33738768511a30617afa01d
static_gbm,0,single_query,0,232,1,0.083010603000,83.010603000000,1,dbc1b4c900ffe48d575b5da5c638040125f65db0fe3e24494b76ea986457d986
static_gbm,0,single_query,0,233,1,0.080988879000,80.988879000000,1,dbc1b4c900ffe48d575b5da5c638040125f65db0fe3e24494b76ea986457d986
static_gbm,0,single_query,0,234,1,0.065768647000,65.768647000000,1,dbc1b4c900ffe48d575b5da5c638040125f65db0fe3e24494b76ea986457d986
static_gbm,0,single_query,0,235,1,0.066769001000,66.769001000000,1,dbc1b4c900ffe48d575b5da5c638040125f65db0fe3e24494b76ea986457d986
static_gbm,0,single_query,0,236,1,0.064256789000,64.256789000000,-1,6e340b9cffb37a989ca544e6bb780a2c78901d3fb33738768511a30617afa01d
static_gbm,0,single_query,0,237,1,0.058443329000,58.443329000000,-1,6e340b9cffb37a989ca544e6bb780a2c78901d3fb33738768511a30617afa01d
static_gbm,0,single_query,0,238,1,0.052802423000,52.802423000000,-1,6e340b9cffb37a989ca544e6bb780a2c78901d3fb33738768511a30617afa01d
static_gbm,0,single_query,0,239,1,0.074196718000,74.196718000000,-1,6e340b9cffb37a989ca544e6bb780a2c78901d3fb33738768511a30617afa01d
static_gbm,0,single_query,0,240,1,0.077057592000,77.057592000000,1,dbc1b4c900ffe48d575b5da5c638040125f65db0fe3e24494b76ea986457d986
static_gbm,0,single_query,0,241,1,0.078924698000,78.924698000000,1,dbc1b4c900ffe48d575b5da5c638040125f65db0fe3e24494b76ea986457d986
static_gbm,0,single_query,0,242,1,0.052356811000,52.356811000000,-1,6e340b9cffb37a989ca544e6bb780a2c78901d3fb33738768511a30617afa01d
static_gbm,0,single_query,0,243,1,0.063479167000,63.479167000000,1,dbc1b4c900ffe48d575b5da5c638040125f65db0fe3e24494b76ea986457d986
static_gbm,0,single_query,0,244,1,0.062078911000,62.078911000000,-1,6e340b9cffb37a989ca544e6bb780a2c78901d3fb33738768511a30617afa01d
static_gbm,0,single_query,0,245,1,0.095106625000,95.106625000000,-1,6e340b9cffb37a989ca544e6bb780a2c78901d3fb33738768511a30617afa01d
static_gbm,0,single_query,0,246,1,0.242605871000,242.605871000000,-1,6e340b9cffb37a989ca544e6bb780a2c78901d3fb33738768511a30617afa01d
static_gbm,0,single_query,0,247,1,0.076539296000,76.539296000000,1,dbc1b4c900ffe48d575b5da5c638040125f65db0fe3e24494b76ea986457d986
static_gbm,0,single_query,0,248,1,0.079678496000,79.678496000000,-1,6e340b9cffb37a989ca544e6bb780a2c78901d3fb33738768511a30617afa01d
static_gbm,0,single_query,0,249,1,0.068566867000,68.566867000000,-1,6e340b9cffb37a989ca544e6bb780a2c78901d3fb33738768511a30617afa01d
static_gbm,0,single_query,0,250,1,0.079608105000,79.608105000000,-1,6e340b9cffb37a989ca544e6bb780a2c78901d3fb33738768511a30617afa01d
static_gbm,0,single_query,0,251,1,0.058568979000,58.568979000000,1,dbc1b4c900ffe48d575b5da5c638040125f65db0fe3e24494b76ea986457d986
static_gbm,0,single_query,0,252,1,0.049871456000,49.871456000000,1,dbc1b4c900ffe48d575b5da5c638040125f65db0fe3e24494b76ea986457d986
static_gbm,0,single_query,0,253,1,0.066791415000,66.791415000000,1,dbc1b4c900ffe48d575b5da5c638040125f65db0fe3e24494b76ea986457d986
static_gbm,0,single_query,0,254,1,0.055801060000,55.801060000000,-1,6e340b9cffb37a989ca544e6bb780a2c78901d3fb33738768511a30617afa01d
static_gbm,0,single_query,0,255,1,0.052824213000,52.824213000000,1,dbc1b4c900ffe48d575b5da5c638040125f65db0fe3e24494b76ea986457d986
static_gbm,1,init,0,,4263,155.960970210000,,,
static_gbm,1,single_query,0,0,1,0.069203102000,69.203102000000,-1,6e340b9cffb37a989ca544e6bb780a2c78901d3fb33738768511a30617afa01d
static_gbm,1,single_query,0,1,1,0.038502746000,38.502746000000,-1,6e340b9cffb37a989ca544e6bb780a2c78901d3fb33738768511a30617afa01d
static_gbm,1,single_query,0,2,1,0.028319352000,28.319352000000,1,dbc1b4c900ffe48d575b5da5c638040125f65db0fe3e24494b76ea986457d986
static_gbm,1,single_query,0,3,1,0.038852436000,38.852436000000,-1,6e340b9cffb37a989ca544e6bb780a2c78901d3fb33738768511a30617afa01d
static_gbm,1,single_query,0,4,1,0.055468397000,55.468397000000,1,dbc1b4c900ffe48d575b5da5c638040125f65db0fe3e24494b76ea986457d986
static_gbm,1,single_query,0,5,1,0.079250393000,79.250393000000,1,dbc1b4c900ffe48d575b5da5c638040125f65db0fe3e24494b76ea986457d986
static_gbm,1,single_query,0,6,1,0.064289528000,64.289528000000,1,dbc1b4c900ffe48d575b5da5c638040125f65db0fe3e24494b76ea986457d986
static_gbm,1,single_query,0,7,1,0.042097285000,42.097285000000,-1,6e340b9cffb37a989ca544e6bb780a2c78901d3fb33738768511a30617afa01d
static_gbm,1,single_query,0,8,1,0.038869307000,38.869307000000,-1,6e340b9cffb37a989ca544e6bb780a2c78901d3fb33738768511a30617afa01d
static_gbm,1,single_query,0,9,1,0.064171800000,64.171800000000,-1,6e340b9cffb37a989ca544e6bb780a2c78901d3fb33738768511a30617afa01d
static_gbm,1,single_query,0,10,1,0.106456682000,106.456682000000,1,dbc1b4c900ffe48d575b5da5c638040125f65db0fe3e24494b76ea986457d986
static_gbm,1,single_query,0,11,1,0.089294855000,89.294855000000,1,dbc1b4c900ffe48d575b5da5c638040125f65db0fe3e24494b76ea986457d986
static_gbm,1,single_query,0,12,1,0.096034459000,96.034459000000,1,dbc1b4c900ffe48d575b5da5c638040125f65db0fe3e24494b76ea986457d986
static_gbm,1,single_query,0,13,1,0.038965968000,38.965968000000,-1,6e340b9cffb37a989ca544e6bb780a2c78901d3fb33738768511a30617afa01d
static_gbm,1,single_query,0,14,1,0.038832329000,38.832329000000,-1,6e340b9cffb37a989ca544e6bb780a2c78901d3fb33738768511a30617afa01d
static_gbm,1,single_query,0,15,1,0.049589154000,49.589154000000,-1,6e340b9cffb37a989ca544e6bb780a2c78901d3fb33738768511a30617afa01d
static_gbm,1,single_query,0,16,1,0.051421257000,51.421257000000,-1,6e340b9cffb37a989ca544e6bb780a2c78901d3fb33738768511a30617afa01d
static_gbm,1,single_query,0,17,1,0.038182132000,38.182132000000,1,dbc1b4c900ffe48d575b5da5c638040125f65db0fe3e24494b76ea986457d986
static_gbm,1,single_query,0,18,1,0.047036550000,47.036550000000,-1,6e340b9cffb37a989ca544e6bb780a2c78901d3fb33738768511a30617afa01d
static_gbm,1,single_query,0,19,1,0.026933262000,26.933262000000,1,dbc1b4c900ffe48d575b5da5c638040125f65db0fe3e24494b76ea986457d986
static_gbm,1,single_query,0,20,1,0.032031465000,32.031465000000,1,dbc1b4c900ffe48d575b5da5c638040125f65db0fe3e24494b76ea986457d986
static_gbm,1,single_query,0,21,1,0.036020591000,36.020591000000,1,dbc1b4c900ffe48d575b5da5c638040125f65db0fe3e24494b76ea986457d986
static_gbm,1,single_query,0,22,1,0.036869734000,36.869734000000,1,dbc1b4c900ffe48d575b5da5c638040125f65db0fe3e24494b76ea986457d986
static_gbm,1,single_query,0,23,1,0.037385191000,37.385191000000,-1,6e340b9cffb37a989ca544e6bb780a2c78901d3fb33738768511a30617afa01d
static_gbm,1,single_query,0,24,1,0.046723378000,46.723378000000,-1,6e340b9cffb37a989ca544e6bb780a2c78901d3fb33738768511a30617afa01d
static_gbm,1,single_query,0,25,1,0.044417449000,44.417449000000,-1,6e340b9cffb37a989ca544e6bb780a2c78901d3fb33738768511a30617afa01d
static_gbm,1,single_query,0,26,1,0.047745831000,47.745831000000,1,dbc1b4c900ffe48d575b5da5c638040125f65db0fe3e24494b76ea986457d986
static_gbm,1,single_query,0,27,1,0.043548165000,43.548165000000,1,dbc1b4c900ffe48d575b5da5c638040125f65db0fe3e24494b76ea986457d986
static_gbm,1,single_query,0,28,1,0.041177207000,41.177207000000,-1,6e340b9cffb37a989ca544e6bb780a2c78901d3fb33738768511a30617afa01d
static_gbm,1,single_query,0,29,1,0.036788996000,36.788996000000,-1,6e340b9cffb37a989ca544e6bb780a2c78901d3fb33738768511a30617afa01d
static_gbm,1,single_query,0,30,1,0.034372272000,34.372272000000,1,dbc1b4c900ffe48d575b5da5c638040125f65db0fe3e24494b76ea986457d986
static_gbm,1,single_query,0,31,1,0.037114298000,37.114298000000,1,dbc1b4c900ffe48d575b5da5c638040125f65db0fe3e24494b76ea986457d986
static_gbm,1,single_query,0,32,1,0.053070346000,53.070346000000,-1,6e340b9cffb37a989ca544e6bb780a2c78901d3fb33738768511a30617afa01d
static_gbm,1,single_query,0,33,1,0.054094409000,54.094409000000,-1,6e340b9cffb37a989ca544e6bb780a2c78901d3fb33738768511a30617afa01d
static_gbm,1,single_query,0,34,1,0.072653307000,72.653307000000,-1,6e340b9cffb37a989ca544e6bb780a2c78901d3fb33738768511a30617afa01d
static_gbm,1,single_query,0,35,1,0.080287401000,80.287401000000,1,dbc1b4c900ffe48d575b5da5c638040125f65db0fe3e24494b76ea986457d986
static_gbm,1,single_query,0,36,1,0.083568160000,83.568160000000,-1,6e340b9cffb37a989ca544e6bb780a2c78901d3fb33738768511a30617afa01d
static_gbm,1,single_query,0,37,1,0.046294804000,46.294804000000,-1,6e340b9cffb37a989ca544e6bb780a2c78901d3fb33738768511a30617afa01d
static_gbm,1,single_query,0,38,1,0.046023457000,46.023457000000,1,dbc1b4c900ffe48d575b5da5c638040125f65db0fe3e24494b76ea986457d986
static_gbm,1,single_query,0,39,1,0.033597105000,33.597105000000,-1,6e340b9cffb37a989ca544e6bb780a2c78901d3fb33738768511a30617afa01d
static_gbm,1,single_query,0,40,1,0.032063033000,32.063033000000,1,dbc1b4c900ffe48d575b5da5c638040125f65db0fe3e24494b76ea986457d986
static_gbm,1,single_query,0,41,1,0.033285391000,33.285391000000,-1,6e340b9cffb37a989ca544e6bb780a2c78901d3fb33738768511a30617afa01d
static_gbm,1,single_query,0,42,1,0.032867615000,32.867615000000,-1,6e340b9cffb37a989ca544e6bb780a2c78901d3fb33738768511a30617afa01d
static_gbm,1,single_query,0,43,1,0.030218374000,30.218374000000,1,dbc1b4c900ffe48d575b5da5c638040125f65db0fe3e24494b76ea986457d986
static_gbm,1,single_query,0,44,1,0.031864227000,31.864227000000,1,dbc1b4c900ffe48d575b5da5c638040125f65db0fe3e24494b76ea986457d986
static_gbm,1,single_query,0,45,1,0.033597308000,33.597308000000,-1,6e340b9cffb37a989ca544e6bb780a2c78901d3fb33738768511a30617afa01d
static_gbm,1,single_query,0,46,1,0.029934048000,29.934048000000,-1,6e340b9cffb37a989ca544e6bb780a2c78901d3fb33738768511a30617afa01d
static_gbm,1,single_query,0,47,1,0.034926726000,34.926726000000,1,dbc1b4c900ffe48d575b5da5c638040125f65db0fe3e24494b76ea986457d986
static_gbm,1,single_query,0,48,1,0.032491076000,32.491076000000,-1,6e340b9cffb37a989ca544e6bb780a2c78901d3fb33738768511a30617afa01d
static_gbm,1,single_query,0,49,1,0.041823482000,41.823482000000,1,dbc1b4c900ffe48d575b5da5c638040125f65db0fe3e24494b76ea986457d986
static_gbm,1,single_query,0,50,1,0.034451087000,34.451087000000,-1,6e340b9cffb37a989ca544e6bb780a2c78901d3fb33738768511a30617afa01d
static_gbm,1,single_query,0,51,1,0.038814645000,38.814645000000,1,dbc1b4c900ffe48d575b5da5c638040125f65db0fe3e24494b76ea986457d986
static_gbm,1,single_query,0,52,1,0.032376635000,32.376635000000,1,dbc1b4c900ffe48d575b5da5c638040125f65db0fe3e24494b76ea986457d986
static_gbm,1,single_query,0,53,1,0.032344090000,32.344090000000,1,dbc1b4c900ffe48d575b5da5c638040125f65db0fe3e24494b76ea986457d986
static_gbm,1,single_query,0,54,1,0.035664914000,35.664914000000,-1,6e340b9cffb37a989ca544e6bb780a2c78901d3fb33738768511a30617afa01d
static_gbm,1,single_query,0,55,1,0.032694393000,32.694393000000,-1,6e340b9cffb37a989ca544e6bb780a2c78901d3fb33738768511a30617afa01d
static_gbm,1,single_query,0,56,1,0.034286808000,34.286808000000,-1,6e340b9cffb37a989ca544e6bb780a2c78901d3fb33738768511a30617afa01d
static_gbm,1,single_query,0,57,1,0.034948425000,34.948425000000,-1,6e340b9cffb37a989ca544e6bb780a2c78901d3fb33738768511a30617afa01d
static_gbm,1,single_query,0,58,1,0.033484214000,33.484214000000,1,dbc1b4c900ffe48d575b5da5c638040125f65db0fe3e24494b76ea986457d986
static_gbm,1,single_query,0,59,1,0.038854523000,38.854523000000,-1,6e340b9cffb37a989ca544e6bb780a2c78901d3fb33738768511a30617afa01d
static_gbm,1,single_query,0,60,1,0.037213883000,37.213883000000,1,dbc1b4c900ffe48d575b5da5c638040125f65db0fe3e24494b76ea986457d986
static_gbm,1,single_query,0,61,1,0.030518674000,30.518674000000,1,dbc1b4c900ffe48d575b5da5c638040125f65db0fe3e24494b76ea986457d986
static_gbm,1,single_query,0,62,1,0.029246211000,29.246211000000,-1,6e340b9cffb37a989ca544e6bb780a2c78901d3fb33738768511a30617afa01d
static_gbm,1,single_query,0,63,1,0.033118313000,33.118313000000,-1,6e340b9cffb37a989ca544e6bb780a2c78901d3fb33738768511a30617afa01d
static_gbm,1,single_query,0,64,1,0.032045870000,32.045870000000,-1,6e340b9cffb37a989ca544e6bb780a2c78901d3fb33738768511a30617afa01d
static_gbm,1,single_query,0,65,1,0.036328186000,36.328186000000,-1,6e340b9cffb37a989ca544e6bb780a2c78901d3fb33738768511a30617afa01d
static_gbm,1,single_query,0,66,1,0.035468220000,35.468220000000,-1,6e340b9cffb37a989ca544e6bb780a2c78901d3fb33738768511a30617afa01d
static_gbm,1,single_query,0,67,1,0.034035070000,34.035070000000,1,dbc1b4c900ffe48d575b5da5c638040125f65db0fe3e24494b76ea986457d986
static_gbm,1,single_query,0,68,1,0.040086896000,40.086896000000,-1,6e340b9cffb37a989ca544e6bb780a2c78901d3fb33738768511a30617afa01d
static_gbm,1,single_query,0,69,1,0.037994648000,37.994648000000,-1,6e340b9cffb37a989ca544e6bb780a2c78901d3fb33738768511a30617afa01d
static_gbm,1,single_query,0,70,1,0.038176417000,38.176417000000,1,dbc1b4c900ffe48d575b5da5c638040125f65db0fe3e24494b76ea986457d986
static_gbm,1,single_query,0,71,1,0.036977854000,36.977854000000,1,dbc1b4c900ffe48d575b5da5c638040125f65db0fe3e24494b76ea986457d986
static_gbm,1,single_query,0,72,1,0.035496853000,35.496853000000,-1,6e340b9cffb37a989ca544e6bb780a2c78901d3fb33738768511a30617afa01d
static_gbm,1,single_query,0,73,1,0.039509032000,39.509032000000,-1,6e340b9cffb37a989ca544e6bb780a2c78901d3fb33738768511a30617afa01d
static_gbm,1,single_query,0,74,1,0.039782029000,39.782029000000,1,dbc1b4c900ffe48d575b5da5c638040125f65db0fe3e24494b76ea986457d986
static_gbm,1,single_query,0,75,1,0.038668512000,38.668512000000,1,dbc1b4c900ffe48d575b5da5c638040125f65db0fe3e24494b76ea986457d986
static_gbm,1,single_query,0,76,1,0.042007489000,42.007489000000,1,dbc1b4c900ffe48d575b5da5c638040125f65db0fe3e24494b76ea986457d986
static_gbm,1,single_query,0,77,1,0.038186646000,38.186646000000,-1,6e340b9cffb37a989ca544e6bb780a2c78901d3fb33738768511a30617afa01d
static_gbm,1,single_query,0,78,1,0.024382783000,24.382783000000,1,dbc1b4c900ffe48d575b5da5c638040125f65db0fe3e24494b76ea986457d986
static_gbm,1,single_query,0,79,1,0.028009562000,28.009562000000,-1,6e340b9cffb37a989ca544e6bb780a2c78901d3fb33738768511a30617afa01d
static_gbm,1,single_query,0,80,1,0.027951251000,27.951251000000,1,dbc1b4c900ffe48d575b5da5c638040125f65db0fe3e24494b76ea986457d986
static_gbm,1,single_query,0,81,1,0.026087191000,26.087191000000,1,dbc1b4c900ffe48d575b5da5c638040125f65db0fe3e24494b76ea986457d986
static_gbm,1,single_query,0,82,1,0.033760866000,33.760866000000,-1,6e340b9cffb37a989ca544e6bb780a2c78901d3fb33738768511a30617afa01d
static_gbm,1,single_query,0,83,1,0.033111988000,33.111988000000,1,dbc1b4c900ffe48d575b5da5c638040125f65db0fe3e24494b76ea986457d986
static_gbm,1,single_query,0,84,1,0.035065045000,35.065045000000,-1,6e340b9cffb37a989ca544e6bb780a2c78901d3fb33738768511a30617afa01d
static_gbm,1,single_query,0,85,1,0.036474516000,36.474516000000,1,dbc1b4c900ffe48d575b5da5c638040125f65db0fe3e24494b76ea986457d986
static_gbm,1,single_query,0,86,1,0.038777814000,38.777814000000,1,dbc1b4c900ffe48d575b5da5c638040125f65db0fe3e24494b76ea986457d986
static_gbm,1,single_query,0,87,1,0.034987620000,34.987620000000,-1,6e340b9cffb37a989ca544e6bb780a2c78901d3fb33738768511a30617afa01d
static_gbm,1,single_query,0,88,1,0.033308836000,33.308836000000,-1,6e340b9cffb37a989ca544e6bb780a2c78901d3fb33738768511a30617afa01d
static_gbm,1,single_query,0,89,1,0.029752531000,29.752531000000,-1,6e340b9cffb37a989ca544e6bb780a2c78901d3fb33738768511a30617afa01d
static_gbm,1,single_query,0,90,1,0.035040938000,35.040938000000,1,dbc1b4c900ffe48d575b5da5c638040125f65db0fe3e24494b76ea986457d986
static_gbm,1,single_query,0,91,1,0.032350150000,32.350150000000,-1,6e340b9cffb37a989ca544e6bb780a2c78901d3fb33738768511a30617afa01d
static_gbm,1,single_query,0,92,1,0.034071357000,34.071357000000,1,dbc1b4c900ffe48d575b5da5c638040125f65db0fe3e24494b76ea986457d986
static_gbm,1,single_query,0,93,1,0.035873863000,35.873863000000,1,dbc1b4c900ffe48d575b5da5c638040125f65db0fe3e24494b76ea986457d986
static_gbm,1,single_query,0,94,1,0.035365930000,35.365930000000,-1,6e340b9cffb37a989ca544e6bb780a2c78901d3fb33738768511a30617afa01d
static_gbm,1,single_query,0,95,1,0.035088390000,35.088390000000,-1,6e340b9cffb37a989ca544e6bb780a2c78901d3fb33738768511a30617afa01d
static_gbm,1,single_query,0,96,1,0.035669881000,35.669881000000,-1,6e340b9cffb37a989ca544e6bb780a2c78901d3fb33738768511a30617afa01d
static_gbm,1,single_query,0,97,1,0.034085492000,34.085492000000,1,dbc1b4c900ffe48d575b5da5c638040125f65db0fe3e24494b76ea986457d986
static_gbm,1,single_query,0,98,1,0.031652813000,31.652813000000,1,dbc1b4c900ffe48d575b5da5c638040125f65db0fe3e24494b76ea986457d986
static_gbm,1,single_query,0,99,1,0.035421956000,35.421956000000,1,dbc1b4c900ffe48d575b5da5c638040125f65db0fe3e24494b76ea986457d986
static_gbm,1,single_query,0,100,1,0.033988148000,33.988148000000,1,dbc1b4c900ffe48d575b5da5c638040125f65db0fe3e24494b76ea986457d986
static_gbm,1,single_query,0,101,1,0.037192553000,37.192553000000,-1,6e340b9cffb37a989ca544e6bb780a2c78901d3fb33738768511a30617afa01d
static_gbm,1,single_query,0,102,1,0.033353045000,33.353045000000,-1,6e340b9cffb37a989ca544e6bb780a2c78901d3fb33738768511a30617afa01d
static_gbm,1,single_query,0,103,1,0.040282888000,40.282888000000,1,dbc1b4c900ffe48d575b5da5c638040125f65db0fe3e24494b76ea986457d986
static_gbm,1,single_query,0,104,1,0.046035170000,46.035170000000,1,dbc1b4c900ffe48d575b5da5c638040125f65db0fe3e24494b76ea986457d986
static_gbm,1,single_query,0,105,1,0.038999846000,38.999846000000,-1,6e340b9cffb37a989ca544e6bb780a2c78901d3fb33738768511a30617afa01d
static_gbm,1,single_query,0,106,1,0.047465052000,47.465052000000,1,dbc1b4c900ffe48d575b5da5c638040125f65db0fe3e24494b76ea986457d986
static_gbm,1,single_query,0,107,1,0.040848575000,40.848575000000,1,dbc1b4c900ffe48d575b5da5c638040125f65db0fe3e24494b76ea986457d986
static_gbm,1,single_query,0,108,1,0.036470406000,36.470406000000,1,dbc1b4c900ffe48d575b5da5c638040125f65db0fe3e24494b76ea986457d986
static_gbm,1,single_query,0,109,1,0.040588918000,40.588918000000,-1,6e340b9cffb37a989ca544e6bb780a2c78901d3fb33738768511a30617afa01d
static_gbm,1,single_query,0,110,1,0.034241353000,34.241353000000,1,dbc1b4c900ffe48d575b5da5c638040125f65db0fe3e24494b76ea986457d986
static_gbm,1,single_query,0,111,1,0.035425011000,35.425011000000,1,dbc1b4c900ffe48d575b5da5c638040125f65db0fe3e24494b76ea986457d986
static_gbm,1,single_query,0,112,1,0.039047225000,39.047225000000,-1,6e340b9cffb37a989ca544e6bb780a2c78901d3fb33738768511a30617afa01d
static_gbm,1,single_query,0,113,1,0.044824116000,44.824116000000,-1,6e340b9cffb37a989ca544e6bb780a2c78901d3fb33738768511a30617afa01d
static_gbm,1,single_query,0,114,1,0.042824552000,42.824552000000,1,dbc1b4c900ffe48d575b5da5c638040125f65db0fe3e24494b76ea986457d986
static_gbm,1,single_query,0,115,1,0.036307778000,36.307778000000,1,dbc1b4c900ffe48d575b5da5c638040125f65db0fe3e24494b76ea986457d986
static_gbm,1,single_query,0,116,1,0.038356806000,38.356806000000,1,dbc1b4c900ffe48d575b5da5c638040125f65db0fe3e24494b76ea986457d986
static_gbm,1,single_query,0,117,1,0.043242313000,43.242313000000,1,dbc1b4c900ffe48d575b5da5c638040125f65db0fe3e24494b76ea986457d986
static_gbm,1,single_query,0,118,1,0.042812376000,42.812376000000,1,dbc1b4c900ffe48d575b5da5c638040125f65db0fe3e24494b76ea986457d986
static_gbm,1,single_query,0,119,1,0.036778986000,36.778986000000,-1,6e340b9cffb37a989ca544e6bb780a2c78901d3fb33738768511a30617afa01d
static_gbm,1,single_query,0,120,1,0.022560159000,22.560159000000,-1,6e340b9cffb37a989ca544e6bb780a2c78901d3fb33738768511a30617afa01d
static_gbm,1,single_query,0,121,1,0.144191477000,144.191477000000,1,dbc1b4c900ffe48d575b5da5c638040125f65db0fe3e24494b76ea986457d986
static_gbm,1,single_query,0,122,1,0.065805784000,65.805784000000,1,dbc1b4c900ffe48d575b5da5c638040125f65db0fe3e24494b76ea986457d986
static_gbm,1,single_query,0,123,1,0.079467541000,79.467541000000,1,dbc1b4c900ffe48d575b5da5c638040125f65db0fe3e24494b76ea986457d986
static_gbm,1,single_query,0,124,1,0.080067063000,80.067063000000,-1,6e340b9cffb37a989ca544e6bb780a2c78901d3fb33738768511a30617afa01d
static_gbm,1,single_query,0,125,1,0.073948590000,73.948590000000,-1,6e340b9cffb37a989ca544e6bb780a2c78901d3fb33738768511a30617afa01d
static_gbm,1,single_query,0,126,1,0.080438385000,80.438385000000,1,dbc1b4c900ffe48d575b5da5c638040125f65db0fe3e24494b76ea986457d986
static_gbm,1,single_query,0,127,1,0.043461740000,43.461740000000,-1,6e340b9cffb37a989ca544e6bb780a2c78901d3fb33738768511a30617afa01d
static_gbm,1,single_query,0,128,1,0.053714444000,53.714444000000,-1,6e340b9cffb37a989ca544e6bb780a2c78901d3fb33738768511a30617afa01d
static_gbm,1,single_query,0,129,1,0.053163317000,53.163317000000,1,dbc1b4c900ffe48d575b5da5c638040125f65db0fe3e24494b76ea986457d986
static_gbm,1,single_query,0,130,1,0.053831737000,53.831737000000,1,dbc1b4c900ffe48d575b5da5c638040125f65db0fe3e24494b76ea986457d986
static_gbm,1,single_query,0,131,1,0.043480746000,43.480746000000,1,dbc1b4c900ffe48d575b5da5c638040125f65db0fe3e24494b76ea986457d986
static_gbm,1,single_query,0,132,1,0.071379998000,71.379998000000,-1,6e340b9cffb37a989ca544e6bb780a2c78901d3fb33738768511a30617afa01d
static_gbm,1,single_query,0,133,1,0.045456262000,45.456262000000,-1,6e340b9cffb37a989ca544e6bb780a2c78901d3fb33738768511a30617afa01d
static_gbm,1,single_query,0,134,1,0.063157213000,63.157213000000,1,dbc1b4c900ffe48d575b5da5c638040125f65db0fe3e24494b76ea986457d986
static_gbm,1,single_query,0,135,1,0.064758171000,64.758171000000,1,dbc1b4c900ffe48d575b5da5c638040125f65db0fe3e24494b76ea986457d986
static_gbm,1,single_query,0,136,1,0.056567123000,56.567123000000,-1,6e340b9cffb37a989ca544e6bb780a2c78901d3fb33738768511a30617afa01d
static_gbm,1,single_query,0,137,1,0.051601005000,51.601005000000,1,dbc1b4c900ffe48d575b5da5c638040125f65db0fe3e24494b76ea986457d986
static_gbm,1,single_query,0,138,1,0.051122074000,51.122074000000,-1,6e340b9cffb37a989ca544e6bb780a2c78901d3fb33738768511a30617afa01d
static_gbm,1,single_query,0,139,1,0.054033337000,54.033337000000,-1,6e340b9cffb37a989ca544e6bb780a2c78901d3fb33738768511a30617afa01d
static_gbm,1,single_query,0,140,1,0.035741929000,35.741929000000,-1,6e340b9cffb37a989ca544e6bb780a2c78901d3fb33738768511a30617afa01d
static_gbm,1,single_query,0,141,1,0.048708125000,48.708125000000,1,dbc1b4c900ffe48d575b5da5c638040125f65db0fe3e24494b76ea986457d986
static_gbm,1,single_query,0,142,1,0.053492239000,53.492239000000,-1,6e340b9cffb37a989ca544e6bb780a2c78901d3fb33738768511a30617afa01d
static_gbm,1,single_query,0,143,1,0.062119020000,62.119020000000,-1,6e340b9cffb37a989ca544e6bb780a2c78901d3fb33738768511a30617afa01d
static_gbm,1,single_query,0,144,1,0.062417957000,62.417957000000,-1,6e340b9cffb37a989ca544e6bb780a2c78901d3fb33738768511a30617afa01d
static_gbm,1,single_query,0,145,1,0.065240184000,65.240184000000,1,dbc1b4c900ffe48d575b5da5c638040125f65db0fe3e24494b76ea986457d986
static_gbm,1,single_query,0,146,1,0.058633203000,58.633203000000,-1,6e340b9cffb37a989ca544e6bb780a2c78901d3fb33738768511a30617afa01d
static_gbm,1,single_query,0,147,1,0.084897053000,84.897053000000,-1,6e340b9cffb37a989ca544e6bb780a2c78901d3fb33738768511a30617afa01d
static_gbm,1,single_query,0,148,1,0.088279578000,88.279578000000,1,dbc1b4c900ffe48d575b5da5c638040125f65db0fe3e24494b76ea986457d986
static_gbm,1,single_query,0,149,1,0.121278643000,121.278643000000,1,dbc1b4c900ffe48d575b5da5c638040125f65db0fe3e24494b76ea986457d986
static_gbm,1,single_query,0,150,1,0.125384223000,125.384223000000,-1,6e340b9cffb37a989ca544e6bb780a2c78901d3fb33738768511a30617afa01d
static_gbm,1,single_query,0,151,1,0.117209623000,117.209623000000,-1,6e340b9cffb37a989ca544e6bb780a2c78901d3fb33738768511a30617afa01d
static_gbm,1,single_query,0,152,1,0.112741471000,112.741471000000,-1,6e340b9cffb37a989ca544e6bb780a2c78901d3fb33738768511a30617afa01d
static_gbm,1,single_query,0,153,1,0.111558375000,111.558375000000,-1,6e340b9cffb37a989ca544e6bb780a2c78901d3fb33738768511a30617afa01d
static_gbm,1,single_query,0,154,1,0.111062266000,111.062266000000,1,dbc1b4c900ffe48d575b5da5c638040125f65db0fe3e24494b76ea986457d986
static_gbm,1,single_query,0,155,1,0.103963826000,103.963826000000,1,dbc1b4c900ffe48d575b5da5c638040125f65db0fe3e24494b76ea986457d986
static_gbm,1,single_query,0,156,1,0.106494738000,106.494738000000,1,dbc1b4c900ffe48d575b5da5c638040125f65db0fe3e24494b76ea986457d986
static_gbm,1,single_query,0,157,1,0.128067479000,128.067479000000,-1,6e340b9cffb37a989ca544e6bb780a2c78901d3fb33738768511a30617afa01d
static_gbm,1,single_query,0,158,1,0.133129077000,133.129077000000,1,dbc1b4c900ffe48d575b5da5c638040125f65db0fe3e24494b76ea986457d986
static_gbm,1,single_query,0,159,1,0.117594094000,117.594094000000,-1,6e340b9cffb37a989ca544e6bb780a2c78901d3fb33738768511a30617afa01d
static_gbm,1,single_query,0,160,1,0.128552870000,128.552870000000,-1,6e340b9cffb37a989ca544e6bb780a2c78901d3fb33738768511a30617afa01d
static_gbm,1,single_query,0,161,1,0.040363636000,40.363636000000,1,dbc1b4c900ffe48d575b5da5c638040125f65db0fe3e24494b76ea986457d986
static_gbm,1,single_query,0,162,1,0.048313072000,48.313072000000,-1,6e340b9cffb37a989ca544e6bb780a2c78901d3fb33738768511a30617afa01d
static_gbm,1,single_query,0,163,1,0.079193857000,79.193857000000,1,dbc1b4c900ffe48d575b5da5c638040125f65db0fe3e24494b76ea986457d986
static_gbm,1,single_query,0,164,1,0.053576418000,53.576418000000,-1,6e340b9cffb37a989ca544e6bb780a2c78901d3fb33738768511a30617afa01d
static_gbm,1,single_query,0,165,1,0.092279015000,92.279015000000,-1,6e340b9cffb37a989ca544e6bb780a2c78901d3fb33738768511a30617afa01d
static_gbm,1,single_query,0,166,1,0.093094246000,93.094246000000,1,dbc1b4c900ffe48d575b5da5c638040125f65db0fe3e24494b76ea986457d986
static_gbm,1,single_query,0,167,1,0.102651790000,102.651790000000,-1,6e340b9cffb37a989ca544e6bb780a2c78901d3fb33738768511a30617afa01d
static_gbm,1,single_query,0,168,1,0.083009875000,83.009875000000,1,dbc1b4c900ffe48d575b5da5c638040125f65db0fe3e24494b76ea986457d986
static_gbm,1,single_query,0,169,1,0.081369050000,81.369050000000,-1,6e340b9cffb37a989ca544e6bb780a2c78901d3fb33738768511a30617afa01d
static_gbm,1,single_query,0,170,1,0.043182676000,43.182676000000,-1,6e340b9cffb37a989ca544e6bb780a2c78901d3fb33738768511a30617afa01d
static_gbm,1,single_query,0,171,1,0.045913048000,45.913048000000,1,dbc1b4c900ffe48d575b5da5c638040125f65db0fe3e24494b76ea986457d986
static_gbm,1,single_query,0,172,1,0.044219169000,44.219169000000,1,dbc1b4c900ffe48d575b5da5c638040125f65db0fe3e24494b76ea986457d986
static_gbm,1,single_query,0,173,1,0.038671204000,38.671204000000,-1,6e340b9cffb37a989ca544e6bb780a2c78901d3fb33738768511a30617afa01d
static_gbm,1,single_query,0,174,1,0.050923038000,50.923038000000,1,dbc1b4c900ffe48d575b5da5c638040125f65db0fe3e24494b76ea986457d986
static_gbm,1,single_query,0,175,1,0.149198961000,149.198961000000,-1,6e340b9cffb37a989ca544e6bb780a2c78901d3fb33738768511a30617afa01d
static_gbm,1,single_query,0,176,1,0.154797599000,154.797599000000,-1,6e340b9cffb37a989ca544e6bb780a2c78901d3fb33738768511a30617afa01d
static_gbm,1,single_query,0,177,1,0.167178503000,167.178503000000,1,dbc1b4c900ffe48d575b5da5c638040125f65db0fe3e24494b76ea986457d986
static_gbm,1,single_query,0,178,1,0.155169794000,155.169794000000,-1,6e340b9cffb37a989ca544e6bb780a2c78901d3fb33738768511a30617afa01d
static_gbm,1,single_query,0,179,1,0.031674752000,31.674752000000,1,dbc1b4c900ffe48d575b5da5c638040125f65db0fe3e24494b76ea986457d986
static_gbm,1,single_query,0,180,1,0.027334888000,27.334888000000,-1,6e340b9cffb37a989ca544e6bb780a2c78901d3fb33738768511a30617afa01d
static_gbm,1,single_query,0,181,1,0.039352371000,39.352371000000,-1,6e340b9cffb37a989ca544e6bb780a2c78901d3fb33738768511a30617afa01d
static_gbm,1,single_query,0,182,1,0.036385074000,36.385074000000,1,dbc1b4c900ffe48d575b5da5c638040125f65db0fe3e24494b76ea986457d986
static_gbm,1,single_query,0,183,1,0.035136111000,35.136111000000,-1,6e340b9cffb37a989ca544e6bb780a2c78901d3fb33738768511a30617afa01d
static_gbm,1,single_query,0,184,1,0.047226045000,47.226045000000,-1,6e340b9cffb37a989ca544e6bb780a2c78901d3fb33738768511a30617afa01d
static_gbm,1,single_query,0,185,1,0.045320069000,45.320069000000,1,dbc1b4c900ffe48d575b5da5c638040125f65db0fe3e24494b76ea986457d986
static_gbm,1,single_query,0,186,1,0.045120318000,45.120318000000,1,dbc1b4c900ffe48d575b5da5c638040125f65db0fe3e24494b76ea986457d986
static_gbm,1,single_query,0,187,1,0.044943021000,44.943021000000,-1,6e340b9cffb37a989ca544e6bb780a2c78901d3fb33738768511a30617afa01d
static_gbm,1,single_query,0,188,1,0.058747319000,58.747319000000,-1,6e340b9cffb37a989ca544e6bb780a2c78901d3fb33738768511a30617afa01d
static_gbm,1,single_query,0,189,1,0.055262826000,55.262826000000,-1,6e340b9cffb37a989ca544e6bb780a2c78901d3fb33738768511a30617afa01d
static_gbm,1,single_query,0,190,1,0.049171854000,49.171854000000,1,dbc1b4c900ffe48d575b5da5c638040125f65db0fe3e24494b76ea986457d986
static_gbm,1,single_query,0,191,1,0.049398532000,49.398532000000,-1,6e340b9cffb37a989ca544e6bb780a2c78901d3fb33738768511a30617afa01d
static_gbm,1,single_query,0,192,1,0.062052681000,62.052681000000,-1,6e340b9cffb37a989ca544e6bb780a2c78901d3fb33738768511a30617afa01d
static_gbm,1,single_query,0,193,1,0.064538037000,64.538037000000,1,dbc1b4c900ffe48d575b5da5c638040125f65db0fe3e24494b76ea986457d986
static_gbm,1,single_query,0,194,1,0.068733761000,68.733761000000,-1,6e340b9cffb37a989ca544e6bb780a2c78901d3fb33738768511a30617afa01d
static_gbm,1,single_query,0,195,1,0.071793662000,71.793662000000,-1,6e340b9cffb37a989ca544e6bb780a2c78901d3fb33738768511a30617afa01d
static_gbm,1,single_query,0,196,1,0.066410285000,66.410285000000,1,dbc1b4c900ffe48d575b5da5c638040125f65db0fe3e24494b76ea986457d986
static_gbm,1,single_query,0,197,1,0.076231065000,76.231065000000,-1,6e340b9cffb37a989ca544e6bb780a2c78901d3fb33738768511a30617afa01d
static_gbm,1,single_query,0,198,1,0.086323706000,86.323706000000,-1,6e340b9cffb37a989ca544e6bb780a2c78901d3fb33738768511a30617afa01d
static_gbm,1,single_query,0,199,1,0.072180877000,72.180877000000,-1,6e340b9cffb37a989ca544e6bb780a2c78901d3fb33738768511a30617afa01d
static_gbm,1,single_query,0,200,1,0.077075407000,77.075407000000,1,dbc1b4c900ffe48d575b5da5c638040125f65db0fe3e24494b76ea986457d986
static_gbm,1,single_query,0,201,1,0.069239860000,69.239860000000,1,dbc1b4c900ffe48d575b5da5c638040125f65db0fe3e24494b76ea986457d986
static_gbm,1,single_query,0,202,1,0.078324818000,78.324818000000,1,dbc1b4c900ffe48d575b5da5c638040125f65db0fe3e24494b76ea986457d986
static_gbm,1,single_query,0,203,1,0.079751700000,79.751700000000,1,dbc1b4c900ffe48d575b5da5c638040125f65db0fe3e24494b76ea986457d986
static_gbm,1,single_query,0,204,1,0.071891474000,71.891474000000,-1,6e340b9cffb37a989ca544e6bb780a2c78901d3fb33738768511a30617afa01d
static_gbm,1,single_query,0,205,1,0.066594047000,66.594047000000,1,dbc1b4c900ffe48d575b5da5c638040125f65db0fe3e24494b76ea986457d986
static_gbm,1,single_query,0,206,1,0.085192534000,85.192534000000,-1,6e340b9cffb37a989ca544e6bb780a2c78901d3fb33738768511a30617afa01d
static_gbm,1,single_query,0,207,1,0.084557984000,84.557984000000,1,dbc1b4c900ffe48d575b5da5c638040125f65db0fe3e24494b76ea986457d986
static_gbm,1,single_query,0,208,1,0.059791461000,59.791461000000,-1,6e340b9cffb37a989ca544e6bb780a2c78901d3fb33738768511a30617afa01d
static_gbm,1,single_query,0,209,1,0.055057879000,55.057879000000,1,dbc1b4c900ffe48d575b5da5c638040125f65db0fe3e24494b76ea986457d986
static_gbm,1,single_query,0,210,1,0.057430519000,57.430519000000,1,dbc1b4c900ffe48d575b5da5c638040125f65db0fe3e24494b76ea986457d986
static_gbm,1,single_query,0,211,1,0.091980105000,91.980105000000,-1,6e340b9cffb37a989ca544e6bb780a2c78901d3fb33738768511a30617afa01d
static_gbm,1,single_query,0,212,1,0.111440784000,111.440784000000,-1,6e340b9cffb37a989ca544e6bb780a2c78901d3fb33738768511a30617afa01d
static_gbm,1,single_query,0,213,1,0.045679378000,45.679378000000,1,dbc1b4c900ffe48d575b5da5c638040125f65db0fe3e24494b76ea986457d986
static_gbm,1,single_query,0,214,1,0.060372588000,60.372588000000,-1,6e340b9cffb37a989ca544e6bb780a2c78901d3fb33738768511a30617afa01d
static_gbm,1,single_query,0,215,1,0.042694794000,42.694794000000,1,dbc1b4c900ffe48d575b5da5c638040125f65db0fe3e24494b76ea986457d986
static_gbm,1,single_query,0,216,1,0.055299725000,55.299725000000,-1,6e340b9cffb37a989ca544e6bb780a2c78901d3fb33738768511a30617afa01d
static_gbm,1,single_query,0,217,1,0.054456569000,54.456569000000,1,dbc1b4c900ffe48d575b5da5c638040125f65db0fe3e24494b76ea986457d986
static_gbm,1,single_query,0,218,1,0.056891666000,56.891666000000,-1,6e340b9cffb37a989ca544e6bb780a2c78901d3fb33738768511a30617afa01d
static_gbm,1,single_query,0,219,1,0.048934425000,48.934425000000,1,dbc1b4c900ffe48d575b5da5c638040125f65db0fe3e24494b76ea986457d986
static_gbm,1,single_query,0,220,1,0.052104779000,52.104779000000,-1,6e340b9cffb37a989ca544e6bb780a2c78901d3fb33738768511a30617afa01d
static_gbm,1,single_query,0,221,1,0.076498363000,76.498363000000,-1,6e340b9cffb37a989ca544e6bb780a2c78901d3fb33738768511a30617afa01d
static_gbm,1,single_query,0,222,1,0.068412004000,68.412004000000,1,dbc1b4c900ffe48d575b5da5c638040125f65db0fe3e24494b76ea986457d986
static_gbm,1,single_query,0,223,1,0.071824288000,71.824288000000,-1,6e340b9cffb37a989ca544e6bb780a2c78901d3fb33738768511a30617afa01d
static_gbm,1,single_query,0,224,1,0.073653364000,73.653364000000,1,dbc1b4c900ffe48d575b5da5c638040125f65db0fe3e24494b76ea986457d986
static_gbm,1,single_query,0,225,1,0.078587479000,78.587479000000,1,dbc1b4c900ffe48d575b5da5c638040125f65db0fe3e24494b76ea986457d986
static_gbm,1,single_query,0,226,1,0.078972695000,78.972695000000,1,dbc1b4c900ffe48d575b5da5c638040125f65db0fe3e24494b76ea986457d986
static_gbm,1,single_query,0,227,1,0.067231757000,67.231757000000,-1,6e340b9cffb37a989ca544e6bb780a2c78901d3fb33738768511a30617afa01d
static_gbm,1,single_query,0,228,1,0.079405824000,79.405824000000,1,dbc1b4c900ffe48d575b5da5c638040125f65db0fe3e24494b76ea986457d986
static_gbm,1,single_query,0,229,1,0.079776632000,79.776632000000,-1,6e340b9cffb37a989ca544e6bb780a2c78901d3fb33738768511a30617afa01d
static_gbm,1,single_query,0,230,1,0.085435776000,85.435776000000,-1,6e340b9cffb37a989ca544e6bb780a2c78901d3fb33738768511a30617afa01d
static_gbm,1,single_query,0,231,1,0.074281553000,74.281553000000,-1,6e340b9cffb37a989ca544e6bb780a2c78901d3fb33738768511a30617afa01d
static_gbm,1,single_query,0,232,1,0.082959431000,82.959431000000,1,dbc1b4c900ffe48d575b5da5c638040125f65db0fe3e24494b76ea986457d986
static_gbm,1,single_query,0,233,1,0.080229831000,80.229831000000,1,dbc1b4c900ffe48d575b5da5c638040125f65db0fe3e24494b76ea986457d986
static_gbm,1,single_query,0,234,1,0.063853915000,63.853915000000,1,dbc1b4c900ffe48d575b5da5c638040125f65db0fe3e24494b76ea986457d986
static_gbm,1,single_query,0,235,1,0.065987385000,65.987385000000,1,dbc1b4c900ffe48d575b5da5c638040125f65db0fe3e24494b76ea986457d986
static_gbm,1,single_query,0,236,1,0.062791305000,62.791305000000,-1,6e340b9cffb37a989ca544e6bb780a2c78901d3fb33738768511a30617afa01d
static_gbm,1,single_query,0,237,1,0.058343099000,58.343099000000,-1,6e340b9cffb37a989ca544e6bb780a2c78901d3fb33738768511a30617afa01d
static_gbm,1,single_query,0,238,1,0.051718992000,51.718992000000,-1,6e340b9cffb37a989ca544e6bb780a2c78901d3fb33738768511a30617afa01d
static_gbm,1,single_query,0,239,1,0.074065766000,74.065766000000,-1,6e340b9cffb37a989ca544e6bb780a2c78901d3fb33738768511a30617afa01d
static_gbm,1,single_query,0,240,1,0.075735302000,75.735302000000,1,dbc1b4c900ffe48d575b5da5c638040125f65db0fe3e24494b76ea986457d986
static_gbm,1,single_query,0,241,1,0.077708104000,77.708104000000,1,dbc1b4c900ffe48d575b5da5c638040125f65db0fe3e24494b76ea986457d986
static_gbm,1,single_query,0,242,1,0.051920649000,51.920649000000,-1,6e340b9cffb37a989ca544e6bb780a2c78901d3fb33738768511a30617afa01d
static_gbm,1,single_query,0,243,1,0.064889387000,64.889387000000,1,dbc1b4c900ffe48d575b5da5c638040125f65db0fe3e24494b76ea986457d986
static_gbm,1,single_query,0,244,1,0.060503924000,60.503924000000,-1,6e340b9cffb37a989ca544e6bb780a2c78901d3fb33738768511a30617afa01d
static_gbm,1,single_query,0,245,1,0.093668794000,93.668794000000,-1,6e340b9cffb37a989ca544e6bb780a2c78901d3fb33738768511a30617afa01d
static_gbm,1,single_query,0,246,1,0.238411935000,238.411935000000,-1,6e340b9cffb37a989ca544e6bb780a2c78901d3fb33738768511a30617afa01d
static_gbm,1,single_query,0,247,1,0.076307458000,76.307458000000,1,dbc1b4c900ffe48d575b5da5c638040125f65db0fe3e24494b76ea986457d986
static_gbm,1,single_query,0,248,1,0.079506668000,79.506668000000,-1,6e340b9cffb37a989ca544e6bb780a2c78901d3fb33738768511a30617afa01d
static_gbm,1,single_query,0,249,1,0.068103380000,68.103380000000,-1,6e340b9cffb37a989ca544e6bb780a2c78901d3fb33738768511a30617afa01d
static_gbm,1,single_query,0,250,1,0.078865023000,78.865023000000,-1,6e340b9cffb37a989ca544e6bb780a2c78901d3fb33738768511a30617afa01d
static_gbm,1,single_query,0,251,1,0.058429015000,58.429015000000,1,dbc1b4c900ffe48d575b5da5c638040125f65db0fe3e24494b76ea986457d986
static_gbm,1,single_query,0,252,1,0.049919078000,49.919078000000,1,dbc1b4c900ffe48d575b5da5c638040125f65db0fe3e24494b76ea986457d986
static_gbm,1,single_query,0,253,1,0.066451349000,66.451349000000,1,dbc1b4c900ffe48d575b5da5c638040125f65db0fe3e24494b76ea986457d986
static_gbm,1,single_query,0,254,1,0.056065912000,56.065912000000,-1,6e340b9cffb37a989ca544e6bb780a2c78901d3fb33738768511a30617afa01d
static_gbm,1,single_query,0,255,1,0.052791892000,52.791892000000,1,dbc1b4c900ffe48d575b5da5c638040125f65db0fe3e24494b76ea986457d986
static_gbm,2,init,0,,4263,155.037595478000,,,
static_gbm,2,single_query,0,0,1,0.068793370000,68.793370000000,-1,6e340b9cffb37a989ca544e6bb780a2c78901d3fb33738768511a30617afa01d
static_gbm,2,single_query,0,1,1,0.038677594000,38.677594000000,-1,6e340b9cffb37a989ca544e6bb780a2c78901d3fb33738768511a30617afa01d
static_gbm,2,single_query,0,2,1,0.028664469000,28.664469000000,1,dbc1b4c900ffe48d575b5da5c638040125f65db0fe3e24494b76ea986457d986
static_gbm,2,single_query,0,3,1,0.039532503000,39.532503000000,-1,6e340b9cffb37a989ca544e6bb780a2c78901d3fb33738768511a30617afa01d
static_gbm,2,single_query,0,4,1,0.056306023000,56.306023000000,1,dbc1b4c900ffe48d575b5da5c638040125f65db0fe3e24494b76ea986457d986
static_gbm,2,single_query,0,5,1,0.080061894000,80.061894000000,1,dbc1b4c900ffe48d575b5da5c638040125f65db0fe3e24494b76ea986457d986
static_gbm,2,single_query,0,6,1,0.064983944000,64.983944000000,1,dbc1b4c900ffe48d575b5da5c638040125f65db0fe3e24494b76ea986457d986
static_gbm,2,single_query,0,7,1,0.042552255000,42.552255000000,-1,6e340b9cffb37a989ca544e6bb780a2c78901d3fb33738768511a30617afa01d
static_gbm,2,single_query,0,8,1,0.039244697000,39.244697000000,-1,6e340b9cffb37a989ca544e6bb780a2c78901d3fb33738768511a30617afa01d
static_gbm,2,single_query,0,9,1,0.064254327000,64.254327000000,-1,6e340b9cffb37a989ca544e6bb780a2c78901d3fb33738768511a30617afa01d
static_gbm,2,single_query,0,10,1,0.108329032000,108.329032000000,1,dbc1b4c900ffe48d575b5da5c638040125f65db0fe3e24494b76ea986457d986
static_gbm,2,single_query,0,11,1,0.088501213000,88.501213000000,1,dbc1b4c900ffe48d575b5da5c638040125f65db0fe3e24494b76ea986457d986
static_gbm,2,single_query,0,12,1,0.098017200000,98.017200000000,1,dbc1b4c900ffe48d575b5da5c638040125f65db0fe3e24494b76ea986457d986
static_gbm,2,single_query,0,13,1,0.039006308000,39.006308000000,-1,6e340b9cffb37a989ca544e6bb780a2c78901d3fb33738768511a30617afa01d
static_gbm,2,single_query,0,14,1,0.038980053000,38.980053000000,-1,6e340b9cffb37a989ca544e6bb780a2c78901d3fb33738768511a30617afa01d
static_gbm,2,single_query,0,15,1,0.049805079000,49.805079000000,-1,6e340b9cffb37a989ca544e6bb780a2c78901d3fb33738768511a30617afa01d
static_gbm,2,single_query,0,16,1,0.050783271000,50.783271000000,-1,6e340b9cffb37a989ca544e6bb780a2c78901d3fb33738768511a30617afa01d
static_gbm,2,single_query,0,17,1,0.037682881000,37.682881000000,1,dbc1b4c900ffe48d575b5da5c638040125f65db0fe3e24494b76ea986457d986
static_gbm,2,single_query,0,18,1,0.047068221000,47.068221000000,-1,6e340b9cffb37a989ca544e6bb780a2c78901d3fb33738768511a30617afa01d
static_gbm,2,single_query,0,19,1,0.027206118000,27.206118000000,1,dbc1b4c900ffe48d575b5da5c638040125f65db0fe3e24494b76ea986457d986
static_gbm,2,single_query,0,20,1,0.032066421000,32.066421000000,1,dbc1b4c900ffe48d575b5da5c638040125f65db0fe3e24494b76ea986457d986
static_gbm,2,single_query,0,21,1,0.035680074000,35.680074000000,1,dbc1b4c900ffe48d575b5da5c638040125f65db0fe3e24494b76ea986457d986
static_gbm,2,single_query,0,22,1,0.036985505000,36.985505000000,1,dbc1b4c900ffe48d575b5da5c638040125f65db0fe3e24494b76ea986457d986
static_gbm,2,single_query,0,23,1,0.037425076000,37.425076000000,-1,6e340b9cffb37a989ca544e6bb780a2c78901d3fb33738768511a30617afa01d
static_gbm,2,single_query,0,24,1,0.047087809000,47.087809000000,-1,6e340b9cffb37a989ca544e6bb780a2c78901d3fb33738768511a30617afa01d
static_gbm,2,single_query,0,25,1,0.044533406000,44.533406000000,-1,6e340b9cffb37a989ca544e6bb780a2c78901d3fb33738768511a30617afa01d
static_gbm,2,single_query,0,26,1,0.048459719000,48.459719000000,1,dbc1b4c900ffe48d575b5da5c638040125f65db0fe3e24494b76ea986457d986
static_gbm,2,single_query,0,27,1,0.044491647000,44.491647000000,1,dbc1b4c900ffe48d575b5da5c638040125f65db0fe3e24494b76ea986457d986
static_gbm,2,single_query,0,28,1,0.041772029000,41.772029000000,-1,6e340b9cffb37a989ca544e6bb780a2c78901d3fb33738768511a30617afa01d
static_gbm,2,single_query,0,29,1,0.036996803000,36.996803000000,-1,6e340b9cffb37a989ca544e6bb780a2c78901d3fb33738768511a30617afa01d
static_gbm,2,single_query,0,30,1,0.034556200000,34.556200000000,1,dbc1b4c900ffe48d575b5da5c638040125f65db0fe3e24494b76ea986457d986
static_gbm,2,single_query,0,31,1,0.038201827000,38.201827000000,1,dbc1b4c900ffe48d575b5da5c638040125f65db0fe3e24494b76ea986457d986
static_gbm,2,single_query,0,32,1,0.053711838000,53.711838000000,-1,6e340b9cffb37a989ca544e6bb780a2c78901d3fb33738768511a30617afa01d
static_gbm,2,single_query,0,33,1,0.054327305000,54.327305000000,-1,6e340b9cffb37a989ca544e6bb780a2c78901d3fb33738768511a30617afa01d
static_gbm,2,single_query,0,34,1,0.073496587000,73.496587000000,-1,6e340b9cffb37a989ca544e6bb780a2c78901d3fb33738768511a30617afa01d
static_gbm,2,single_query,0,35,1,0.080792719000,80.792719000000,1,dbc1b4c900ffe48d575b5da5c638040125f65db0fe3e24494b76ea986457d986
static_gbm,2,single_query,0,36,1,0.084358910000,84.358910000000,-1,6e340b9cffb37a989ca544e6bb780a2c78901d3fb33738768511a30617afa01d
static_gbm,2,single_query,0,37,1,0.046378453000,46.378453000000,-1,6e340b9cffb37a989ca544e6bb780a2c78901d3fb33738768511a30617afa01d
static_gbm,2,single_query,0,38,1,0.045246344000,45.246344000000,1,dbc1b4c900ffe48d575b5da5c638040125f65db0fe3e24494b76ea986457d986
static_gbm,2,single_query,0,39,1,0.033405829000,33.405829000000,-1,6e340b9cffb37a989ca544e6bb780a2c78901d3fb33738768511a30617afa01d
static_gbm,2,single_query,0,40,1,0.032188260000,32.188260000000,1,dbc1b4c900ffe48d575b5da5c638040125f65db0fe3e24494b76ea986457d986
static_gbm,2,single_query,0,41,1,0.033381569000,33.381569000000,-1,6e340b9cffb37a989ca544e6bb780a2c78901d3fb33738768511a30617afa01d
static_gbm,2,single_query,0,42,1,0.033029997000,33.029997000000,-1,6e340b9cffb37a989ca544e6bb780a2c78901d3fb33738768511a30617afa01d
static_gbm,2,single_query,0,43,1,0.029946390000,29.946390000000,1,dbc1b4c900ffe48d575b5da5c638040125f65db0fe3e24494b76ea986457d986
static_gbm,2,single_query,0,44,1,0.032073093000,32.073093000000,1,dbc1b4c900ffe48d575b5da5c638040125f65db0fe3e24494b76ea986457d986
static_gbm,2,single_query,0,45,1,0.034089135000,34.089135000000,-1,6e340b9cffb37a989ca544e6bb780a2c78901d3fb33738768511a30617afa01d
static_gbm,2,single_query,0,46,1,0.030142482000,30.142482000000,-1,6e340b9cffb37a989ca544e6bb780a2c78901d3fb33738768511a30617afa01d
static_gbm,2,single_query,0,47,1,0.035082738000,35.082738000000,1,dbc1b4c900ffe48d575b5da5c638040125f65db0fe3e24494b76ea986457d986
static_gbm,2,single_query,0,48,1,0.032411719000,32.411719000000,-1,6e340b9cffb37a989ca544e6bb780a2c78901d3fb33738768511a30617afa01d
static_gbm,2,single_query,0,49,1,0.041763695000,41.763695000000,1,dbc1b4c900ffe48d575b5da5c638040125f65db0fe3e24494b76ea986457d986
static_gbm,2,single_query,0,50,1,0.034607309000,34.607309000000,-1,6e340b9cffb37a989ca544e6bb780a2c78901d3fb33738768511a30617afa01d
static_gbm,2,single_query,0,51,1,0.038789774000,38.789774000000,1,dbc1b4c900ffe48d575b5da5c638040125f65db0fe3e24494b76ea986457d986
static_gbm,2,single_query,0,52,1,0.033018183000,33.018183000000,1,dbc1b4c900ffe48d575b5da5c638040125f65db0fe3e24494b76ea986457d986
static_gbm,2,single_query,0,53,1,0.032646830000,32.646830000000,1,dbc1b4c900ffe48d575b5da5c638040125f65db0fe3e24494b76ea986457d986
static_gbm,2,single_query,0,54,1,0.036703335000,36.703335000000,-1,6e340b9cffb37a989ca544e6bb780a2c78901d3fb33738768511a30617afa01d
static_gbm,2,single_query,0,55,1,0.033268373000,33.268373000000,-1,6e340b9cffb37a989ca544e6bb780a2c78901d3fb33738768511a30617afa01d
static_gbm,2,single_query,0,56,1,0.034416602000,34.416602000000,-1,6e340b9cffb37a989ca544e6bb780a2c78901d3fb33738768511a30617afa01d
static_gbm,2,single_query,0,57,1,0.035624139000,35.624139000000,-1,6e340b9cffb37a989ca544e6bb780a2c78901d3fb33738768511a30617afa01d
static_gbm,2,single_query,0,58,1,0.033835322000,33.835322000000,1,dbc1b4c900ffe48d575b5da5c638040125f65db0fe3e24494b76ea986457d986
static_gbm,2,single_query,0,59,1,0.040100866000,40.100866000000,-1,6e340b9cffb37a989ca544e6bb780a2c78901d3fb33738768511a30617afa01d
static_gbm,2,single_query,0,60,1,0.037973353000,37.973353000000,1,dbc1b4c900ffe48d575b5da5c638040125f65db0fe3e24494b76ea986457d986
static_gbm,2,single_query,0,61,1,0.030811007000,30.811007000000,1,dbc1b4c900ffe48d575b5da5c638040125f65db0fe3e24494b76ea986457d986
static_gbm,2,single_query,0,62,1,0.029369484000,29.369484000000,-1,6e340b9cffb37a989ca544e6bb780a2c78901d3fb33738768511a30617afa01d
static_gbm,2,single_query,0,63,1,0.033630555000,33.630555000000,-1,6e340b9cffb37a989ca544e6bb780a2c78901d3fb33738768511a30617afa01d
static_gbm,2,single_query,0,64,1,0.032277650000,32.277650000000,-1,6e340b9cffb37a989ca544e6bb780a2c78901d3fb33738768511a30617afa01d
static_gbm,2,single_query,0,65,1,0.036689047000,36.689047000000,-1,6e340b9cffb37a989ca544e6bb780a2c78901d3fb33738768511a30617afa01d
static_gbm,2,single_query,0,66,1,0.035648465000,35.648465000000,-1,6e340b9cffb37a989ca544e6bb780a2c78901d3fb33738768511a30617afa01d
static_gbm,2,single_query,0,67,1,0.033846156000,33.846156000000,1,dbc1b4c900ffe48d575b5da5c638040125f65db0fe3e24494b76ea986457d986
static_gbm,2,single_query,0,68,1,0.039655541000,39.655541000000,-1,6e340b9cffb37a989ca544e6bb780a2c78901d3fb33738768511a30617afa01d
static_gbm,2,single_query,0,69,1,0.038191661000,38.191661000000,-1,6e340b9cffb37a989ca544e6bb780a2c78901d3fb33738768511a30617afa01d
static_gbm,2,single_query,0,70,1,0.038350085000,38.350085000000,1,dbc1b4c900ffe48d575b5da5c638040125f65db0fe3e24494b76ea986457d986
static_gbm,2,single_query,0,71,1,0.037223900000,37.223900000000,1,dbc1b4c900ffe48d575b5da5c638040125f65db0fe3e24494b76ea986457d986
static_gbm,2,single_query,0,72,1,0.035572050000,35.572050000000,-1,6e340b9cffb37a989ca544e6bb780a2c78901d3fb33738768511a30617afa01d
static_gbm,2,single_query,0,73,1,0.039719564000,39.719564000000,-1,6e340b9cffb37a989ca544e6bb780a2c78901d3fb33738768511a30617afa01d
static_gbm,2,single_query,0,74,1,0.039973046000,39.973046000000,1,dbc1b4c900ffe48d575b5da5c638040125f65db0fe3e24494b76ea986457d986
static_gbm,2,single_query,0,75,1,0.038791499000,38.791499000000,1,dbc1b4c900ffe48d575b5da5c638040125f65db0fe3e24494b76ea986457d986
static_gbm,2,single_query,0,76,1,0.042263165000,42.263165000000,1,dbc1b4c900ffe48d575b5da5c638040125f65db0fe3e24494b76ea986457d986
static_gbm,2,single_query,0,77,1,0.038237692000,38.237692000000,-1,6e340b9cffb37a989ca544e6bb780a2c78901d3fb33738768511a30617afa01d
static_gbm,2,single_query,0,78,1,0.024354625000,24.354625000000,1,dbc1b4c900ffe48d575b5da5c638040125f65db0fe3e24494b76ea986457d986
static_gbm,2,single_query,0,79,1,0.028091470000,28.091470000000,-1,6e340b9cffb37a989ca544e6bb780a2c78901d3fb33738768511a30617afa01d
static_gbm,2,single_query,0,80,1,0.028228024000,28.228024000000,1,dbc1b4c900ffe48d575b5da5c638040125f65db0fe3e24494b76ea986457d986
static_gbm,2,single_query,0,81,1,0.026136331000,26.136331000000,1,dbc1b4c900ffe48d575b5da5c638040125f65db0fe3e24494b76ea986457d986
static_gbm,2,single_query,0,82,1,0.033795587000,33.795587000000,-1,6e340b9cffb37a989ca544e6bb780a2c78901d3fb33738768511a30617afa01d
static_gbm,2,single_query,0,83,1,0.033987529000,33.987529000000,1,dbc1b4c900ffe48d575b5da5c638040125f65db0fe3e24494b76ea986457d986
static_gbm,2,single_query,0,84,1,0.035256362000,35.256362000000,-1,6e340b9cffb37a989ca544e6bb780a2c78901d3fb33738768511a30617afa01d
static_gbm,2,single_query,0,85,1,0.036769382000,36.769382000000,1,dbc1b4c900ffe48d575b5da5c638040125f65db0fe3e24494b76ea986457d986
static_gbm,2,single_query,0,86,1,0.039334889000,39.334889000000,1,dbc1b4c900ffe48d575b5da5c638040125f65db0fe3e24494b76ea986457d986
static_gbm,2,single_query,0,87,1,0.035394313000,35.394313000000,-1,6e340b9cffb37a989ca544e6bb780a2c78901d3fb33738768511a30617afa01d
static_gbm,2,single_query,0,88,1,0.033893548000,33.893548000000,-1,6e340b9cffb37a989ca544e6bb780a2c78901d3fb33738768511a30617afa01d
static_gbm,2,single_query,0,89,1,0.030252516000,30.252516000000,-1,6e340b9cffb37a989ca544e6bb780a2c78901d3fb33738768511a30617afa01d
static_gbm,2,single_query,0,90,1,0.035676724000,35.676724000000,1,dbc1b4c900ffe48d575b5da5c638040125f65db0fe3e24494b76ea986457d986
static_gbm,2,single_query,0,91,1,0.032479945000,32.479945000000,-1,6e340b9cffb37a989ca544e6bb780a2c78901d3fb33738768511a30617afa01d
static_gbm,2,single_query,0,92,1,0.034357994000,34.357994000000,1,dbc1b4c900ffe48d575b5da5c638040125f65db0fe3e24494b76ea986457d986
static_gbm,2,single_query,0,93,1,0.036272269000,36.272269000000,1,dbc1b4c900ffe48d575b5da5c638040125f65db0fe3e24494b76ea986457d986
static_gbm,2,single_query,0,94,1,0.035735795000,35.735795000000,-1,6e340b9cffb37a989ca544e6bb780a2c78901d3fb33738768511a30617afa01d
static_gbm,2,single_query,0,95,1,0.034895972000,34.895972000000,-1,6e340b9cffb37a989ca544e6bb780a2c78901d3fb33738768511a30617afa01d
static_gbm,2,single_query,0,96,1,0.034665249000,34.665249000000,-1,6e340b9cffb37a989ca544e6bb780a2c78901d3fb33738768511a30617afa01d
static_gbm,2,single_query,0,97,1,0.034197916000,34.197916000000,1,dbc1b4c900ffe48d575b5da5c638040125f65db0fe3e24494b76ea986457d986
static_gbm,2,single_query,0,98,1,0.033195620000,33.195620000000,1,dbc1b4c900ffe48d575b5da5c638040125f65db0fe3e24494b76ea986457d986
static_gbm,2,single_query,0,99,1,0.035631322000,35.631322000000,1,dbc1b4c900ffe48d575b5da5c638040125f65db0fe3e24494b76ea986457d986
static_gbm,2,single_query,0,100,1,0.033807160000,33.807160000000,1,dbc1b4c900ffe48d575b5da5c638040125f65db0fe3e24494b76ea986457d986
static_gbm,2,single_query,0,101,1,0.037172076000,37.172076000000,-1,6e340b9cffb37a989ca544e6bb780a2c78901d3fb33738768511a30617afa01d
static_gbm,2,single_query,0,102,1,0.033334069000,33.334069000000,-1,6e340b9cffb37a989ca544e6bb780a2c78901d3fb33738768511a30617afa01d
static_gbm,2,single_query,0,103,1,0.040624625000,40.624625000000,1,dbc1b4c900ffe48d575b5da5c638040125f65db0fe3e24494b76ea986457d986
static_gbm,2,single_query,0,104,1,0.046110706000,46.110706000000,1,dbc1b4c900ffe48d575b5da5c638040125f65db0fe3e24494b76ea986457d986
static_gbm,2,single_query,0,105,1,0.039265708000,39.265708000000,-1,6e340b9cffb37a989ca544e6bb780a2c78901d3fb33738768511a30617afa01d
static_gbm,2,single_query,0,106,1,0.047126064000,47.126064000000,1,dbc1b4c900ffe48d575b5da5c638040125f65db0fe3e24494b76ea986457d986
static_gbm,2,single_query,0,107,1,0.041054340000,41.054340000000,1,dbc1b4c900ffe48d575b5da5c638040125f65db0fe3e24494b76ea986457d986
static_gbm,2,single_query,0,108,1,0.036731100000,36.731100000000,1,dbc1b4c900ffe48d575b5da5c638040125f65db0fe3e24494b76ea986457d986
static_gbm,2,single_query,0,109,1,0.040742527000,40.742527000000,-1,6e340b9cffb37a989ca544e6bb780a2c78901d3fb33738768511a30617afa01d
static_gbm,2,single_query,0,110,1,0.034852481000,34.852481000000,1,dbc1b4c900ffe48d575b5da5c638040125f65db0fe3e24494b76ea986457d986
static_gbm,2,single_query,0,111,1,0.035702825000,35.702825000000,1,dbc1b4c900ffe48d575b5da5c638040125f65db0fe3e24494b76ea986457d986
static_gbm,2,single_query,0,112,1,0.039228835000,39.228835000000,-1,6e340b9cffb37a989ca544e6bb780a2c78901d3fb33738768511a30617afa01d
static_gbm,2,single_query,0,113,1,0.045130890000,45.130890000000,-1,6e340b9cffb37a989ca544e6bb780a2c78901d3fb33738768511a30617afa01d
static_gbm,2,single_query,0,114,1,0.043472119000,43.472119000000,1,dbc1b4c900ffe48d575b5da5c638040125f65db0fe3e24494b76ea986457d986
static_gbm,2,single_query,0,115,1,0.037111144000,37.111144000000,1,dbc1b4c900ffe48d575b5da5c638040125f65db0fe3e24494b76ea986457d986
static_gbm,2,single_query,0,116,1,0.038947154000,38.947154000000,1,dbc1b4c900ffe48d575b5da5c638040125f65db0fe3e24494b76ea986457d986
static_gbm,2,single_query,0,117,1,0.044268379000,44.268379000000,1,dbc1b4c900ffe48d575b5da5c638040125f65db0fe3e24494b76ea986457d986
static_gbm,2,single_query,0,118,1,0.043155350000,43.155350000000,1,dbc1b4c900ffe48d575b5da5c638040125f65db0fe3e24494b76ea986457d986
static_gbm,2,single_query,0,119,1,0.036976947000,36.976947000000,-1,6e340b9cffb37a989ca544e6bb780a2c78901d3fb33738768511a30617afa01d
static_gbm,2,single_query,0,120,1,0.022376949000,22.376949000000,-1,6e340b9cffb37a989ca544e6bb780a2c78901d3fb33738768511a30617afa01d
static_gbm,2,single_query,0,121,1,0.146265807000,146.265807000000,1,dbc1b4c900ffe48d575b5da5c638040125f65db0fe3e24494b76ea986457d986
static_gbm,2,single_query,0,122,1,0.066216742000,66.216742000000,1,dbc1b4c900ffe48d575b5da5c638040125f65db0fe3e24494b76ea986457d986
static_gbm,2,single_query,0,123,1,0.080495455000,80.495455000000,1,dbc1b4c900ffe48d575b5da5c638040125f65db0fe3e24494b76ea986457d986
static_gbm,2,single_query,0,124,1,0.080393600000,80.393600000000,-1,6e340b9cffb37a989ca544e6bb780a2c78901d3fb33738768511a30617afa01d
static_gbm,2,single_query,0,125,1,0.074086133000,74.086133000000,-1,6e340b9cffb37a989ca544e6bb780a2c78901d3fb33738768511a30617afa01d
static_gbm,2,single_query,0,126,1,0.080656200000,80.656200000000,1,dbc1b4c900ffe48d575b5da5c638040125f65db0fe3e24494b76ea986457d986
static_gbm,2,single_query,0,127,1,0.043647482000,43.647482000000,-1,6e340b9cffb37a989ca544e6bb780a2c78901d3fb33738768511a30617afa01d
static_gbm,2,single_query,0,128,1,0.054282024000,54.282024000000,-1,6e340b9cffb37a989ca544e6bb780a2c78901d3fb33738768511a30617afa01d
static_gbm,2,single_query,0,129,1,0.053335299000,53.335299000000,1,dbc1b4c900ffe48d575b5da5c638040125f65db0fe3e24494b76ea986457d986
static_gbm,2,single_query,0,130,1,0.054237058000,54.237058000000,1,dbc1b4c900ffe48d575b5da5c638040125f65db0fe3e24494b76ea986457d986
static_gbm,2,single_query,0,131,1,0.045908308000,45.908308000000,1,dbc1b4c900ffe48d575b5da5c638040125f65db0fe3e24494b76ea986457d986
static_gbm,2,single_query,0,132,1,0.072270802000,72.270802000000,-1,6e340b9cffb37a989ca544e6bb780a2c78901d3fb33738768511a30617afa01d
static_gbm,2,single_query,0,133,1,0.045797239000,45.797239000000,-1,6e340b9cffb37a989ca544e6bb780a2c78901d3fb33738768511a30617afa01d
static_gbm,2,single_query,0,134,1,0.063451137000,63.451137000000,1,dbc1b4c900ffe48d575b5da5c638040125f65db0fe3e24494b76ea986457d986
static_gbm,2,single_query,0,135,1,0.065143657000,65.143657000000,1,dbc1b4c900ffe48d575b5da5c638040125f65db0fe3e24494b76ea986457d986
static_gbm,2,single_query,0,136,1,0.055888769000,55.888769000000,-1,6e340b9cffb37a989ca544e6bb780a2c78901d3fb33738768511a30617afa01d
static_gbm,2,single_query,0,137,1,0.051787375000,51.787375000000,1,dbc1b4c900ffe48d575b5da5c638040125f65db0fe3e24494b76ea986457d986
static_gbm,2,single_query,0,138,1,0.051213274000,51.213274000000,-1,6e340b9cffb37a989ca544e6bb780a2c78901d3fb33738768511a30617afa01d
static_gbm,2,single_query,0,139,1,0.054436779000,54.436779000000,-1,6e340b9cffb37a989ca544e6bb780a2c78901d3fb33738768511a30617afa01d
static_gbm,2,single_query,0,140,1,0.036133689000,36.133689000000,-1,6e340b9cffb37a989ca544e6bb780a2c78901d3fb33738768511a30617afa01d
static_gbm,2,single_query,0,141,1,0.049291257000,49.291257000000,1,dbc1b4c900ffe48d575b5da5c638040125f65db0fe3e24494b76ea986457d986
static_gbm,2,single_query,0,142,1,0.050943932000,50.943932000000,-1,6e340b9cffb37a989ca544e6bb780a2c78901d3fb33738768511a30617afa01d
static_gbm,2,single_query,0,143,1,0.062795197000,62.795197000000,-1,6e340b9cffb37a989ca544e6bb780a2c78901d3fb33738768511a30617afa01d
static_gbm,2,single_query,0,144,1,0.062488087000,62.488087000000,-1,6e340b9cffb37a989ca544e6bb780a2c78901d3fb33738768511a30617afa01d
static_gbm,2,single_query,0,145,1,0.065415707000,65.415707000000,1,dbc1b4c900ffe48d575b5da5c638040125f65db0fe3e24494b76ea986457d986
static_gbm,2,single_query,0,146,1,0.060301199000,60.301199000000,-1,6e340b9cffb37a989ca544e6bb780a2c78901d3fb33738768511a30617afa01d
static_gbm,2,single_query,0,147,1,0.085016701000,85.016701000000,-1,6e340b9cffb37a989ca544e6bb780a2c78901d3fb33738768511a30617afa01d
static_gbm,2,single_query,0,148,1,0.088633309000,88.633309000000,1,dbc1b4c900ffe48d575b5da5c638040125f65db0fe3e24494b76ea986457d986
static_gbm,2,single_query,0,149,1,0.121516117000,121.516117000000,1,dbc1b4c900ffe48d575b5da5c638040125f65db0fe3e24494b76ea986457d986
static_gbm,2,single_query,0,150,1,0.125799692000,125.799692000000,-1,6e340b9cffb37a989ca544e6bb780a2c78901d3fb33738768511a30617afa01d
static_gbm,2,single_query,0,151,1,0.116758007000,116.758007000000,-1,6e340b9cffb37a989ca544e6bb780a2c78901d3fb33738768511a30617afa01d
static_gbm,2,single_query,0,152,1,0.113633187000,113.633187000000,-1,6e340b9cffb37a989ca544e6bb780a2c78901d3fb33738768511a30617afa01d
static_gbm,2,single_query,0,153,1,0.111809158000,111.809158000000,-1,6e340b9cffb37a989ca544e6bb780a2c78901d3fb33738768511a30617afa01d
static_gbm,2,single_query,0,154,1,0.111496768000,111.496768000000,1,dbc1b4c900ffe48d575b5da5c638040125f65db0fe3e24494b76ea986457d986
static_gbm,2,single_query,0,155,1,0.107250415000,107.250415000000,1,dbc1b4c900ffe48d575b5da5c638040125f65db0fe3e24494b76ea986457d986
static_gbm,2,single_query,0,156,1,0.106405983000,106.405983000000,1,dbc1b4c900ffe48d575b5da5c638040125f65db0fe3e24494b76ea986457d986
static_gbm,2,single_query,0,157,1,0.128721107000,128.721107000000,-1,6e340b9cffb37a989ca544e6bb780a2c78901d3fb33738768511a30617afa01d
static_gbm,2,single_query,0,158,1,0.133525944000,133.525944000000,1,dbc1b4c900ffe48d575b5da5c638040125f65db0fe3e24494b76ea986457d986
static_gbm,2,single_query,0,159,1,0.117930458000,117.930458000000,-1,6e340b9cffb37a989ca544e6bb780a2c78901d3fb33738768511a30617afa01d
static_gbm,2,single_query,0,160,1,0.128258542000,128.258542000000,-1,6e340b9cffb37a989ca544e6bb780a2c78901d3fb33738768511a30617afa01d
static_gbm,2,single_query,0,161,1,0.040620071000,40.620071000000,1,dbc1b4c900ffe48d575b5da5c638040125f65db0fe3e24494b76ea986457d986
static_gbm,2,single_query,0,162,1,0.048152835000,48.152835000000,-1,6e340b9cffb37a989ca544e6bb780a2c78901d3fb33738768511a30617afa01d
static_gbm,2,single_query,0,163,1,0.079877337000,79.877337000000,1,dbc1b4c900ffe48d575b5da5c638040125f65db0fe3e24494b76ea986457d986
static_gbm,2,single_query,0,164,1,0.053782531000,53.782531000000,-1,6e340b9cffb37a989ca544e6bb780a2c78901d3fb33738768511a30617afa01d
static_gbm,2,single_query,0,165,1,0.092579600000,92.579600000000,-1,6e340b9cffb37a989ca544e6bb780a2c78901d3fb33738768511a30617afa01d
static_gbm,2,single_query,0,166,1,0.093948015000,93.948015000000,1,dbc1b4c900ffe48d575b5da5c638040125f65db0fe3e24494b76ea986457d986
static_gbm,2,single_query,0,167,1,0.102899299000,102.899299000000,-1,6e340b9cffb37a989ca544e6bb780a2c78901d3fb33738768511a30617afa01d
static_gbm,2,single_query,0,168,1,0.083616977000,83.616977000000,1,dbc1b4c900ffe48d575b5da5c638040125f65db0fe3e24494b76ea986457d986
static_gbm,2,single_query,0,169,1,0.081548185000,81.548185000000,-1,6e340b9cffb37a989ca544e6bb780a2c78901d3fb33738768511a30617afa01d
static_gbm,2,single_query,0,170,1,0.043191188000,43.191188000000,-1,6e340b9cffb37a989ca544e6bb780a2c78901d3fb33738768511a30617afa01d
static_gbm,2,single_query,0,171,1,0.045956809000,45.956809000000,1,dbc1b4c900ffe48d575b5da5c638040125f65db0fe3e24494b76ea986457d986
static_gbm,2,single_query,0,172,1,0.044419865000,44.419865000000,1,dbc1b4c900ffe48d575b5da5c638040125f65db0fe3e24494b76ea986457d986
static_gbm,2,single_query,0,173,1,0.038322805000,38.322805000000,-1,6e340b9cffb37a989ca544e6bb780a2c78901d3fb33738768511a30617afa01d
static_gbm,2,single_query,0,174,1,0.049638340000,49.638340000000,1,dbc1b4c900ffe48d575b5da5c638040125f65db0fe3e24494b76ea986457d986
static_gbm,2,single_query,0,175,1,0.149056246000,149.056246000000,-1,6e340b9cffb37a989ca544e6bb780a2c78901d3fb33738768511a30617afa01d
static_gbm,2,single_query,0,176,1,0.154898341000,154.898341000000,-1,6e340b9cffb37a989ca544e6bb780a2c78901d3fb33738768511a30617afa01d
static_gbm,2,single_query,0,177,1,0.168012711000,168.012711000000,1,dbc1b4c900ffe48d575b5da5c638040125f65db0fe3e24494b76ea986457d986
static_gbm,2,single_query,0,178,1,0.155373376000,155.373376000000,-1,6e340b9cffb37a989ca544e6bb780a2c78901d3fb33738768511a30617afa01d
static_gbm,2,single_query,0,179,1,0.031918457000,31.918457000000,1,dbc1b4c900ffe48d575b5da5c638040125f65db0fe3e24494b76ea986457d986
static_gbm,2,single_query,0,180,1,0.027664975000,27.664975000000,-1,6e340b9cffb37a989ca544e6bb780a2c78901d3fb33738768511a30617afa01d
static_gbm,2,single_query,0,181,1,0.039968597000,39.968597000000,-1,6e340b9cffb37a989ca544e6bb780a2c78901d3fb33738768511a30617afa01d
static_gbm,2,single_query,0,182,1,0.036456741000,36.456741000000,1,dbc1b4c900ffe48d575b5da5c638040125f65db0fe3e24494b76ea986457d986
static_gbm,2,single_query,0,183,1,0.035083687000,35.083687000000,-1,6e340b9cffb37a989ca544e6bb780a2c78901d3fb33738768511a30617afa01d
static_gbm,2,single_query,0,184,1,0.047246584000,47.246584000000,-1,6e340b9cffb37a989ca544e6bb780a2c78901d3fb33738768511a30617afa01d
static_gbm,2,single_query,0,185,1,0.045713585000,45.713585000000,1,dbc1b4c900ffe48d575b5da5c638040125f65db0fe3e24494b76ea986457d986
static_gbm,2,single_query,0,186,1,0.045102470000,45.102470000000,1,dbc1b4c900ffe48d575b5da5c638040125f65db0fe3e24494b76ea986457d986
static_gbm,2,single_query,0,187,1,0.044368852000,44.368852000000,-1,6e340b9cffb37a989ca544e6bb780a2c78901d3fb33738768511a30617afa01d
static_gbm,2,single_query,0,188,1,0.059439574000,59.439574000000,-1,6e340b9cffb37a989ca544e6bb780a2c78901d3fb33738768511a30617afa01d
static_gbm,2,single_query,0,189,1,0.055291771000,55.291771000000,-1,6e340b9cffb37a989ca544e6bb780a2c78901d3fb33738768511a30617afa01d
static_gbm,2,single_query,0,190,1,0.049083466000,49.083466000000,1,dbc1b4c900ffe48d575b5da5c638040125f65db0fe3e24494b76ea986457d986
static_gbm,2,single_query,0,191,1,0.049444901000,49.444901000000,-1,6e340b9cffb37a989ca544e6bb780a2c78901d3fb33738768511a30617afa01d
static_gbm,2,single_query,0,192,1,0.062437888000,62.437888000000,-1,6e340b9cffb37a989ca544e6bb780a2c78901d3fb33738768511a30617afa01d
static_gbm,2,single_query,0,193,1,0.065846362000,65.846362000000,1,dbc1b4c900ffe48d575b5da5c638040125f65db0fe3e24494b76ea986457d986
static_gbm,2,single_query,0,194,1,0.068571664000,68.571664000000,-1,6e340b9cffb37a989ca544e6bb780a2c78901d3fb33738768511a30617afa01d
static_gbm,2,single_query,0,195,1,0.072462919000,72.462919000000,-1,6e340b9cffb37a989ca544e6bb780a2c78901d3fb33738768511a30617afa01d
static_gbm,2,single_query,0,196,1,0.066492265000,66.492265000000,1,dbc1b4c900ffe48d575b5da5c638040125f65db0fe3e24494b76ea986457d986
static_gbm,2,single_query,0,197,1,0.076144198000,76.144198000000,-1,6e340b9cffb37a989ca544e6bb780a2c78901d3fb33738768511a30617afa01d
static_gbm,2,single_query,0,198,1,0.089232128000,89.232128000000,-1,6e340b9cffb37a989ca544e6bb780a2c78901d3fb33738768511a30617afa01d
static_gbm,2,single_query,0,199,1,0.072415887000,72.415887000000,-1,6e340b9cffb37a989ca544e6bb780a2c78901d3fb33738768511a30617afa01d
static_gbm,2,single_query,0,200,1,0.077073335000,77.073335000000,1,dbc1b4c900ffe48d575b5da5c638040125f65db0fe3e24494b76ea986457d986
static_gbm,2,single_query,0,201,1,0.069483822000,69.483822000000,1,dbc1b4c900ffe48d575b5da5c638040125f65db0fe3e24494b76ea986457d986
static_gbm,2,single_query,0,202,1,0.076267255000,76.267255000000,1,dbc1b4c900ffe48d575b5da5c638040125f65db0fe3e24494b76ea986457d986
static_gbm,2,single_query,0,203,1,0.079647882000,79.647882000000,1,dbc1b4c900ffe48d575b5da5c638040125f65db0fe3e24494b76ea986457d986
static_gbm,2,single_query,0,204,1,0.071945679000,71.945679000000,-1,6e340b9cffb37a989ca544e6bb780a2c78901d3fb33738768511a30617afa01d
static_gbm,2,single_query,0,205,1,0.066781080000,66.781080000000,1,dbc1b4c900ffe48d575b5da5c638040125f65db0fe3e24494b76ea986457d986
static_gbm,2,single_query,0,206,1,0.085301435000,85.301435000000,-1,6e340b9cffb37a989ca544e6bb780a2c78901d3fb33738768511a30617afa01d
static_gbm,2,single_query,0,207,1,0.084387547000,84.387547000000,1,dbc1b4c900ffe48d575b5da5c638040125f65db0fe3e24494b76ea986457d986
static_gbm,2,single_query,0,208,1,0.060040533000,60.040533000000,-1,6e340b9cffb37a989ca544e6bb780a2c78901d3fb33738768511a30617afa01d
static_gbm,2,single_query,0,209,1,0.055939398000,55.939398000000,1,dbc1b4c900ffe48d575b5da5c638040125f65db0fe3e24494b76ea986457d986
static_gbm,2,single_query,0,210,1,0.057633097000,57.633097000000,1,dbc1b4c900ffe48d575b5da5c638040125f65db0fe3e24494b76ea986457d986
static_gbm,2,single_query,0,211,1,0.091880009000,91.880009000000,-1,6e340b9cffb37a989ca544e6bb780a2c78901d3fb33738768511a30617afa01d
static_gbm,2,single_query,0,212,1,0.113867506000,113.867506000000,-1,6e340b9cffb37a989ca544e6bb780a2c78901d3fb33738768511a30617afa01d
static_gbm,2,single_query,0,213,1,0.045869310000,45.869310000000,1,dbc1b4c900ffe48d575b5da5c638040125f65db0fe3e24494b76ea986457d986
static_gbm,2,single_query,0,214,1,0.060274988000,60.274988000000,-1,6e340b9cffb37a989ca544e6bb780a2c78901d3fb33738768511a30617afa01d
static_gbm,2,single_query,0,215,1,0.042754124000,42.754124000000,1,dbc1b4c900ffe48d575b5da5c638040125f65db0fe3e24494b76ea986457d986
static_gbm,2,single_query,0,216,1,0.055562855000,55.562855000000,-1,6e340b9cffb37a989ca544e6bb780a2c78901d3fb33738768511a30617afa01d
static_gbm,2,single_query,0,217,1,0.053535180000,53.535180000000,1,dbc1b4c900ffe48d575b5da5c638040125f65db0fe3e24494b76ea986457d986
static_gbm,2,single_query,0,218,1,0.056839820000,56.839820000000,-1,6e340b9cffb37a989ca544e6bb780a2c78901d3fb33738768511a30617afa01d
static_gbm,2,single_query,0,219,1,0.048992403000,48.992403000000,1,dbc1b4c900ffe48d575b5da5c638040125f65db0fe3e24494b76ea986457d986
static_gbm,2,single_query,0,220,1,0.052867744000,52.867744000000,-1,6e340b9cffb37a989ca544e6bb780a2c78901d3fb33738768511a30617afa01d
static_gbm,2,single_query,0,221,1,0.076501494000,76.501494000000,-1,6e340b9cffb37a989ca544e6bb780a2c78901d3fb33738768511a30617afa01d
static_gbm,2,single_query,0,222,1,0.068211304000,68.211304000000,1,dbc1b4c900ffe48d575b5da5c638040125f65db0fe3e24494b76ea986457d986
static_gbm,2,single_query,0,223,1,0.072156347000,72.156347000000,-1,6e340b9cffb37a989ca544e6bb780a2c78901d3fb33738768511a30617afa01d
static_gbm,2,single_query,0,224,1,0.074956310000,74.956310000000,1,dbc1b4c900ffe48d575b5da5c638040125f65db0fe3e24494b76ea986457d986
static_gbm,2,single_query,0,225,1,0.076784764000,76.784764000000,1,dbc1b4c900ffe48d575b5da5c638040125f65db0fe3e24494b76ea986457d986
static_gbm,2,single_query,0,226,1,0.078976965000,78.976965000000,1,dbc1b4c900ffe48d575b5da5c638040125f65db0fe3e24494b76ea986457d986
static_gbm,2,single_query,0,227,1,0.068042759000,68.042759000000,-1,6e340b9cffb37a989ca544e6bb780a2c78901d3fb33738768511a30617afa01d
static_gbm,2,single_query,0,228,1,0.079845562000,79.845562000000,1,dbc1b4c900ffe48d575b5da5c638040125f65db0fe3e24494b76ea986457d986
static_gbm,2,single_query,0,229,1,0.080076211000,80.076211000000,-1,6e340b9cffb37a989ca544e6bb780a2c78901d3fb33738768511a30617afa01d
static_gbm,2,single_query,0,230,1,0.074664573000,74.664573000000,-1,6e340b9cffb37a989ca544e6bb780a2c78901d3fb33738768511a30617afa01d
static_gbm,2,single_query,0,231,1,0.071263228000,71.263228000000,-1,6e340b9cffb37a989ca544e6bb780a2c78901d3fb33738768511a30617afa01d
static_gbm,2,single_query,0,232,1,0.082571800000,82.571800000000,1,dbc1b4c900ffe48d575b5da5c638040125f65db0fe3e24494b76ea986457d986
static_gbm,2,single_query,0,233,1,0.080205580000,80.205580000000,1,dbc1b4c900ffe48d575b5da5c638040125f65db0fe3e24494b76ea986457d986
static_gbm,2,single_query,0,234,1,0.063747522000,63.747522000000,1,dbc1b4c900ffe48d575b5da5c638040125f65db0fe3e24494b76ea986457d986
static_gbm,2,single_query,0,235,1,0.066310250000,66.310250000000,1,dbc1b4c900ffe48d575b5da5c638040125f65db0fe3e24494b76ea986457d986
static_gbm,2,single_query,0,236,1,0.062750499000,62.750499000000,-1,6e340b9cffb37a989ca544e6bb780a2c78901d3fb33738768511a30617afa01d
static_gbm,2,single_query,0,237,1,0.058605460000,58.605460000000,-1,6e340b9cffb37a989ca544e6bb780a2c78901d3fb33738768511a30617afa01d
static_gbm,2,single_query,0,238,1,0.052448910000,52.448910000000,-1,6e340b9cffb37a989ca544e6bb780a2c78901d3fb33738768511a30617afa01d
static_gbm,2,single_query,0,239,1,0.074088840000,74.088840000000,-1,6e340b9cffb37a989ca544e6bb780a2c78901d3fb33738768511a30617afa01d
static_gbm,2,single_query,0,240,1,0.075992290000,75.992290000000,1,dbc1b4c900ffe48d575b5da5c638040125f65db0fe3e24494b76ea986457d986
static_gbm,2,single_query,0,241,1,0.078312944000,78.312944000000,1,dbc1b4c900ffe48d575b5da5c638040125f65db0fe3e24494b76ea986457d986
static_gbm,2,single_query,0,242,1,0.052018209000,52.018209000000,-1,6e340b9cffb37a989ca544e6bb780a2c78901d3fb33738768511a30617afa01d
static_gbm,2,single_query,0,243,1,0.062038610000,62.038610000000,1,dbc1b4c900ffe48d575b5da5c638040125f65db0fe3e24494b76ea986457d986
static_gbm,2,single_query,0,244,1,0.060398880000,60.398880000000,-1,6e340b9cffb37a989ca544e6bb780a2c78901d3fb33738768511a30617afa01d
static_gbm,2,single_query,0,245,1,0.094829492000,94.829492000000,-1,6e340b9cffb37a989ca544e6bb780a2c78901d3fb33738768511a30617afa01d
static_gbm,2,single_query,0,246,1,0.243133684000,243.133684000000,-1,6e340b9cffb37a989ca544e6bb780a2c78901d3fb33738768511a30617afa01d
static_gbm,2,single_query,0,247,1,0.076330774000,76.330774000000,1,dbc1b4c900ffe48d575b5da5c638040125f65db0fe3e24494b76ea986457d986
static_gbm,2,single_query,0,248,1,0.079804047000,79.804047000000,-1,6e340b9cffb37a989ca544e6bb780a2c78901d3fb33738768511a30617afa01d
static_gbm,2,single_query,0,249,1,0.068382102000,68.382102000000,-1,6e340b9cffb37a989ca544e6bb780a2c78901d3fb33738768511a30617afa01d
static_gbm,2,single_query,0,250,1,0.079771324000,79.771324000000,-1,6e340b9cffb37a989ca544e6bb780a2c78901d3fb33738768511a30617afa01d
static_gbm,2,single_query,0,251,1,0.058446905000,58.446905000000,1,dbc1b4c900ffe48d575b5da5c638040125f65db0fe3e24494b76ea986457d986
static_gbm,2,single_query,0,252,1,0.049920109000,49.920109000000,1,dbc1b4c900ffe48d575b5da5c638040125f65db0fe3e24494b76ea986457d986
static_gbm,2,single_query,0,253,1,0.067896869000,67.896869000000,1,dbc1b4c900ffe48d575b5da5c638040125f65db0fe3e24494b76ea986457d986
static_gbm,2,single_query,0,254,1,0.056544792000,56.544792000000,-1,6e340b9cffb37a989ca544e6bb780a2c78901d3fb33738768511a30617afa01d
static_gbm,2,single_query,0,255,1,0.052857356000,52.857356000000,1,dbc1b4c900ffe48d575b5da5c638040125f65db0fe3e24494b76ea986457d986
tfidf_lr,0,init,0,,4263,98.874452595000,,,
tfidf_lr,0,single_query,0,0,1,0.046742111000,46.742111000000,-1,6e340b9cffb37a989ca544e6bb780a2c78901d3fb33738768511a30617afa01d
tfidf_lr,0,single_query,0,1,1,0.025587404000,25.587404000000,1,dbc1b4c900ffe48d575b5da5c638040125f65db0fe3e24494b76ea986457d986
tfidf_lr,0,single_query,0,2,1,0.018049035000,18.049035000000,-1,6e340b9cffb37a989ca544e6bb780a2c78901d3fb33738768511a30617afa01d
tfidf_lr,0,single_query,0,3,1,0.024637523000,24.637523000000,1,dbc1b4c900ffe48d575b5da5c638040125f65db0fe3e24494b76ea986457d986
tfidf_lr,0,single_query,0,4,1,0.034502690000,34.502690000000,-1,6e340b9cffb37a989ca544e6bb780a2c78901d3fb33738768511a30617afa01d
tfidf_lr,0,single_query,0,5,1,0.047414944000,47.414944000000,1,dbc1b4c900ffe48d575b5da5c638040125f65db0fe3e24494b76ea986457d986
tfidf_lr,0,single_query,0,6,1,0.047514243000,47.514243000000,1,dbc1b4c900ffe48d575b5da5c638040125f65db0fe3e24494b76ea986457d986
tfidf_lr,0,single_query,0,7,1,0.026443262000,26.443262000000,1,dbc1b4c900ffe48d575b5da5c638040125f65db0fe3e24494b76ea986457d986
tfidf_lr,0,single_query,0,8,1,0.024239490000,24.239490000000,1,dbc1b4c900ffe48d575b5da5c638040125f65db0fe3e24494b76ea986457d986
tfidf_lr,0,single_query,0,9,1,0.040358544000,40.358544000000,1,dbc1b4c900ffe48d575b5da5c638040125f65db0fe3e24494b76ea986457d986
tfidf_lr,0,single_query,0,10,1,0.047138384000,47.138384000000,1,dbc1b4c900ffe48d575b5da5c638040125f65db0fe3e24494b76ea986457d986
tfidf_lr,0,single_query,0,11,1,0.047580376000,47.580376000000,-1,6e340b9cffb37a989ca544e6bb780a2c78901d3fb33738768511a30617afa01d
tfidf_lr,0,single_query,0,12,1,0.049354419000,49.354419000000,-1,6e340b9cffb37a989ca544e6bb780a2c78901d3fb33738768511a30617afa01d
tfidf_lr,0,single_query,0,13,1,0.025969010000,25.969010000000,-1,6e340b9cffb37a989ca544e6bb780a2c78901d3fb33738768511a30617afa01d
tfidf_lr,0,single_query,0,14,1,0.026169638000,26.169638000000,1,dbc1b4c900ffe48d575b5da5c638040125f65db0fe3e24494b76ea986457d986
tfidf_lr,0,single_query,0,15,1,0.035840914000,35.840914000000,-1,6e340b9cffb37a989ca544e6bb780a2c78901d3fb33738768511a30617afa01d
tfidf_lr,0,single_query,0,16,1,0.035703580000,35.703580000000,1,dbc1b4c900ffe48d575b5da5c638040125f65db0fe3e24494b76ea986457d986
tfidf_lr,0,single_query,0,17,1,0.026726600000,26.726600000000,1,dbc1b4c900ffe48d575b5da5c638040125f65db0fe3e24494b76ea986457d986
tfidf_lr,0,single_query,0,18,1,0.033101544000,33.101544000000,1,dbc1b4c900ffe48d575b5da5c638040125f65db0fe3e24494b76ea986457d986
tfidf_lr,0,single_query,0,19,1,0.016725599000,16.725599000000,-1,6e340b9cffb37a989ca544e6bb780a2c78901d3fb33738768511a30617afa01d
tfidf_lr,0,single_query,0,20,1,0.020454296000,20.454296000000,1,dbc1b4c900ffe48d575b5da5c638040125f65db0fe3e24494b76ea986457d986
tfidf_lr,0,single_query,0,21,1,0.021635343000,21.635343000000,-1,6e340b9cffb37a989ca544e6bb780a2c78901d3fb33738768511a30617afa01d
tfidf_lr,0,single_query,0,22,1,0.022454211000,22.454211000000,-1,6e340b9cffb37a989ca544e6bb780a2c78901d3fb33738768511a30617afa01d
tfidf_lr,0,single_query,0,23,1,0.021906911000,21.906911000000,-1,6e340b9cffb37a989ca544e6bb780a2c78901d3fb33738768511a30617afa01d
tfidf_lr,0,single_query,0,24,1,0.027125968000,27.125968000000,1,dbc1b4c900ffe48d575b5da5c638040125f65db0fe3e24494b76ea986457d986
tfidf_lr,0,single_query,0,25,1,0.029433640000,29.433640000000,1,dbc1b4c900ffe48d575b5da5c638040125f65db0fe3e24494b76ea986457d986
tfidf_lr,0,single_query,0,26,1,0.028975526000,28.975526000000,-1,6e340b9cffb37a989ca544e6bb780a2c78901d3fb33738768511a30617afa01d
tfidf_lr,0,single_query,0,27,1,0.025444323000,25.444323000000,-1,6e340b9cffb37a989ca544e6bb780a2c78901d3fb33738768511a30617afa01d
tfidf_lr,0,single_query,0,28,1,0.025382190000,25.382190000000,-1,6e340b9cffb37a989ca544e6bb780a2c78901d3fb33738768511a30617afa01d
tfidf_lr,0,single_query,0,29,1,0.023867891000,23.867891000000,1,dbc1b4c900ffe48d575b5da5c638040125f65db0fe3e24494b76ea986457d986
tfidf_lr,0,single_query,0,30,1,0.021863106000,21.863106000000,1,dbc1b4c900ffe48d575b5da5c638040125f65db0fe3e24494b76ea986457d986
tfidf_lr,0,single_query,0,31,1,0.024526395000,24.526395000000,1,dbc1b4c900ffe48d575b5da5c638040125f65db0fe3e24494b76ea986457d986
tfidf_lr,0,single_query,0,32,1,0.034996188000,34.996188000000,1,dbc1b4c900ffe48d575b5da5c638040125f65db0fe3e24494b76ea986457d986
tfidf_lr,0,single_query,0,33,1,0.036689366000,36.689366000000,-1,6e340b9cffb37a989ca544e6bb780a2c78901d3fb33738768511a30617afa01d
tfidf_lr,0,single_query,0,34,1,0.048467035000,48.467035000000,-1,6e340b9cffb37a989ca544e6bb780a2c78901d3fb33738768511a30617afa01d
tfidf_lr,0,single_query,0,35,1,0.047838773000,47.838773000000,1,dbc1b4c900ffe48d575b5da5c638040125f65db0fe3e24494b76ea986457d986
tfidf_lr,0,single_query,0,36,1,0.048224915000,48.224915000000,1,dbc1b4c900ffe48d575b5da5c638040125f65db0fe3e24494b76ea986457d986
tfidf_lr,0,single_query,0,37,1,0.026939078000,26.939078000000,1,dbc1b4c900ffe48d575b5da5c638040125f65db0fe3e24494b76ea986457d986
tfidf_lr,0,single_query,0,38,1,0.029286619000,29.286619000000,1,dbc1b4c900ffe48d575b5da5c638040125f65db0fe3e24494b76ea986457d986
tfidf_lr,0,single_query,0,39,1,0.022877739000,22.877739000000,-1,6e340b9cffb37a989ca544e6bb780a2c78901d3fb33738768511a30617afa01d
tfidf_lr,0,single_query,0,40,1,0.020560893000,20.560893000000,1,dbc1b4c900ffe48d575b5da5c638040125f65db0fe3e24494b76ea986457d986
tfidf_lr,0,single_query,0,41,1,0.022275812000,22.275812000000,-1,6e340b9cffb37a989ca544e6bb780a2c78901d3fb33738768511a30617afa01d
tfidf_lr,0,single_query,0,42,1,0.022187244000,22.187244000000,1,dbc1b4c900ffe48d575b5da5c638040125f65db0fe3e24494b76ea986457d986
tfidf_lr,0,single_query,0,43,1,0.020121891000,20.121891000000,1,dbc1b4c900ffe48d575b5da5c638040125f65db0fe3e24494b76ea986457d986
tfidf_lr,0,single_query,0,44,1,0.022026068000,22.026068000000,1,dbc1b4c900ffe48d575b5da5c638040125f65db0fe3e24494b76ea986457d986
tfidf_lr,0,single_query,0,45,1,0.021081431000,21.081431000000,-1,6e340b9cffb37a989ca544e6bb780a2c78901d3fb33738768511a30617afa01d
tfidf_lr,0,single_query,0,46,1,0.019785825000,19.785825000000,1,dbc1b4c900ffe48d575b5da5c638040125f65db0fe3e24494b76ea986457d986
tfidf_lr,0,single_query,0,47,1,0.022772820000,22.772820000000,-1,6e340b9cffb37a989ca544e6bb780a2c78901d3fb33738768511a30617afa01d
tfidf_lr,0,single_query,0,48,1,0.021286799000,21.286799000000,1,dbc1b4c900ffe48d575b5da5c638040125f65db0fe3e24494b76ea986457d986
tfidf_lr,0,single_query,0,49,1,0.028476694000,28.476694000000,-1,6e340b9cffb37a989ca544e6bb780a2c78901d3fb33738768511a30617afa01d
tfidf_lr,0,single_query,0,50,1,0.022580213000,22.580213000000,1,dbc1b4c900ffe48d575b5da5c638040125f65db0fe3e24494b76ea986457d986
tfidf_lr,0,single_query,0,51,1,0.025725208000,25.725208000000,1,dbc1b4c900ffe48d575b5da5c638040125f65db0fe3e24494b76ea986457d986
tfidf_lr,0,single_query,0,52,1,0.020341390000,20.341390000000,-1,6e340b9cffb37a989ca544e6bb780a2c78901d3fb33738768511a30617afa01d
tfidf_lr,0,single_query,0,53,1,0.020835532000,20.835532000000,1,dbc1b4c900ffe48d575b5da5c638040125f65db0fe3e24494b76ea986457d986
tfidf_lr,0,single_query,0,54,1,0.023785182000,23.785182000000,-1,6e340b9cffb37a989ca544e6bb780a2c78901d3fb33738768511a30617afa01d
tfidf_lr,0,single_query,0,55,1,0.022087233000,22.087233000000,-1,6e340b9cffb37a989ca544e6bb780a2c78901d3fb33738768511a30617afa01d
tfidf_lr,0,single_query,0,56,1,0.021994576000,21.994576000000,1,dbc1b4c900ffe48d575b5da5c638040125f65db0fe3e24494b76ea986457d986
tfidf_lr,0,single_query,0,57,1,0.021323955000,21.323955000000,-1,6e340b9cffb37a989ca544e6bb780a2c78901d3fb33738768511a30617afa01d
tfidf_lr,0,single_query,0,58,1,0.022266327000,22.266327000000,-1,6e340b9cffb37a989ca544e6bb780a2c78901d3fb33738768511a30617afa01d
tfidf_lr,0,single_query,0,59,1,0.022830008000,22.830008000000,1,dbc1b4c900ffe48d575b5da5c638040125f65db0fe3e24494b76ea986457d986
tfidf_lr,0,single_query,0,60,1,0.023103842000,23.103842000000,1,dbc1b4c900ffe48d575b5da5c638040125f65db0fe3e24494b76ea986457d986
tfidf_lr,0,single_query,0,61,1,0.019485861000,19.485861000000,-1,6e340b9cffb37a989ca544e6bb780a2c78901d3fb33738768511a30617afa01d
tfidf_lr,0,single_query,0,62,1,0.018388106000,18.388106000000,1,dbc1b4c900ffe48d575b5da5c638040125f65db0fe3e24494b76ea986457d986
tfidf_lr,0,single_query,0,63,1,0.020766502000,20.766502000000,-1,6e340b9cffb37a989ca544e6bb780a2c78901d3fb33738768511a30617afa01d
tfidf_lr,0,single_query,0,64,1,0.021466372000,21.466372000000,1,dbc1b4c900ffe48d575b5da5c638040125f65db0fe3e24494b76ea986457d986
tfidf_lr,0,single_query,0,65,1,0.023055745000,23.055745000000,-1,6e340b9cffb37a989ca544e6bb780a2c78901d3fb33738768511a30617afa01d
tfidf_lr,0,single_query,0,66,1,0.023112289000,23.112289000000,1,dbc1b4c900ffe48d575b5da5c638040125f65db0fe3e24494b76ea986457d986
tfidf_lr,0,single_query,0,67,1,0.022124307000,22.124307000000,1,dbc1b4c900ffe48d575b5da5c638040125f65db0fe3e24494b76ea986457d986
tfidf_lr,0,single_query,0,68,1,0.025628716000,25.628716000000,-1,6e340b9cffb37a989ca544e6bb780a2c78901d3fb33738768511a30617afa01d
tfidf_lr,0,single_query,0,69,1,0.025402540000,25.402540000000,-1,6e340b9cffb37a989ca544e6bb780a2c78901d3fb33738768511a30617afa01d
tfidf_lr,0,single_query,0,70,1,0.026251626000,26.251626000000,-1,6e340b9cffb37a989ca544e6bb780a2c78901d3fb33738768511a30617afa01d
tfidf_lr,0,single_query,0,71,1,0.024518939000,24.518939000000,-1,6e340b9cffb37a989ca544e6bb780a2c78901d3fb33738768511a30617afa01d
tfidf_lr,0,single_query,0,72,1,0.023194229000,23.194229000000,-1,6e340b9cffb37a989ca544e6bb780a2c78901d3fb33738768511a30617afa01d
tfidf_lr,0,single_query,0,73,1,0.026408733000,26.408733000000,-1,6e340b9cffb37a989ca544e6bb780a2c78901d3fb33738768511a30617afa01d
tfidf_lr,0,single_query,0,74,1,0.025557715000,25.557715000000,1,dbc1b4c900ffe48d575b5da5c638040125f65db0fe3e24494b76ea986457d986
tfidf_lr,0,single_query,0,75,1,0.025804990000,25.804990000000,-1,6e340b9cffb37a989ca544e6bb780a2c78901d3fb33738768511a30617afa01d
tfidf_lr,0,single_query,0,76,1,0.029284201000,29.284201000000,1,dbc1b4c900ffe48d575b5da5c638040125f65db0fe3e24494b76ea986457d986
tfidf_lr,0,single_query,0,77,1,0.022671196000,22.671196000000,-1,6e340b9cffb37a989ca544e6bb780a2c78901d3fb33738768511a30617afa01d
tfidf_lr,0,single_query,0,78,1,0.015292742000,15.292742000000,-1,6e340b9cffb37a989ca544e6bb780a2c78901d3fb33738768511a30617afa01d
tfidf_lr,0,single_query,0,79,1,0.017485469000,17.485469000000,1,dbc1b4c900ffe48d575b5da5c638040125f65db0fe3e24494b76ea986457d986
tfidf_lr,0,single_query,0,80,1,0.017041455000,17.041455000000,-1,6e340b9cffb37a989ca544e6bb780a2c78901d3fb33738768511a30617afa01d
tfidf_lr,0,single_query,0,81,1,0.015545268000,15.545268000000,-1,6e340b9cffb37a989ca544e6bb780a2c78901d3fb33738768511a30617afa01d
tfidf_lr,0,single_query,0,82,1,0.021765292000,21.765292000000,1,dbc1b4c900ffe48d575b5da5c638040125f65db0fe3e24494b76ea986457d986
tfidf_lr,0,single_query,0,83,1,0.021035444000,21.035444000000,1,dbc1b4c900ffe48d575b5da5c638040125f65db0fe3e24494b76ea986457d986
tfidf_lr,0,single_query,0,84,1,0.022433856000,22.433856000000,1,dbc1b4c900ffe48d575b5da5c638040125f65db0fe3e24494b76ea986457d986
tfidf_lr,0,single_query,0,85,1,0.023196084000,23.196084000000,1,dbc1b4c900ffe48d575b5da5c638040125f65db0fe3e24494b76ea986457d986
tfidf_lr,0,single_query,0,86,1,0.023010413000,23.010413000000,1,dbc1b4c900ffe48d575b5da5c638040125f65db0fe3e24494b76ea986457d986
tfidf_lr,0,single_query,0,87,1,0.022486100000,22.486100000000,1,dbc1b4c900ffe48d575b5da5c638040125f65db0fe3e24494b76ea986457d986
tfidf_lr,0,single_query,0,88,1,0.021954283000,21.954283000000,1,dbc1b4c900ffe48d575b5da5c638040125f65db0fe3e24494b76ea986457d986
tfidf_lr,0,single_query,0,89,1,0.018940926000,18.940926000000,-1,6e340b9cffb37a989ca544e6bb780a2c78901d3fb33738768511a30617afa01d
tfidf_lr,0,single_query,0,90,1,0.023033908000,23.033908000000,1,dbc1b4c900ffe48d575b5da5c638040125f65db0fe3e24494b76ea986457d986
tfidf_lr,0,single_query,0,91,1,0.021925385000,21.925385000000,1,dbc1b4c900ffe48d575b5da5c638040125f65db0fe3e24494b76ea986457d986
tfidf_lr,0,single_query,0,92,1,0.023916424000,23.916424000000,-1,6e340b9cffb37a989ca544e6bb780a2c78901d3fb33738768511a30617afa01d
tfidf_lr,0,single_query,0,93,1,0.023879253000,23.879253000000,1,dbc1b4c900ffe48d575b5da5c638040125f65db0fe3e24494b76ea986457d986
tfidf_lr,0,single_query,0,94,1,0.022830976000,22.830976000000,-1,6e340b9cffb37a989ca544e6bb780a2c78901d3fb33738768511a30617afa01d
tfidf_lr,0,single_query,0,95,1,0.023593980000,23.593980000000,-1,6e340b9cffb37a989ca544e6bb780a2c78901d3fb33738768511a30617afa01d
tfidf_lr,0,single_query,0,96,1,0.024080223000,24.080223000000,1,dbc1b4c900ffe48d575b5da5c638040125f65db0fe3e24494b76ea986457d986
tfidf_lr,0,single_query,0,97,1,0.023811100000,23.811100000000,1,dbc1b4c900ffe48d575b5da5c638040125f65db0fe3e24494b76ea986457d986
tfidf_lr,0,single_query,0,98,1,0.020561132000,20.561132000000,1,dbc1b4c900ffe48d575b5da5c638040125f65db0fe3e24494b76ea986457d986
tfidf_lr,0,single_query,0,99,1,0.023988707000,23.988707000000,-1,6e340b9cffb37a989ca544e6bb780a2c78901d3fb33738768511a30617afa01d
tfidf_lr,0,single_query,0,100,1,0.021777152000,21.777152000000,1,dbc1b4c900ffe48d575b5da5c638040125f65db0fe3e24494b76ea986457d986
tfidf_lr,0,single_query,0,101,1,0.024727258000,24.727258000000,1,dbc1b4c900ffe48d575b5da5c638040125f65db0fe3e24494b76ea986457d986
tfidf_lr,0,single_query,0,102,1,0.022170255000,22.170255000000,-1,6e340b9cffb37a989ca544e6bb780a2c78901d3fb33738768511a30617afa01d
tfidf_lr,0,single_query,0,103,1,0.027271838000,27.271838000000,1,dbc1b4c900ffe48d575b5da5c638040125f65db0fe3e24494b76ea986457d986
tfidf_lr,0,single_query,0,104,1,0.027226053000,27.226053000000,-1,6e340b9cffb37a989ca544e6bb780a2c78901d3fb33738768511a30617afa01d
tfidf_lr,0,single_query,0,105,1,0.024524068000,24.524068000000,1,dbc1b4c900ffe48d575b5da5c638040125f65db0fe3e24494b76ea986457d986
tfidf_lr,0,single_query,0,106,1,0.031927756000,31.927756000000,-1,6e340b9cffb37a989ca544e6bb780a2c78901d3fb33738768511a30617afa01d
tfidf_lr,0,single_query,0,107,1,0.026208814000,26.208814000000,-1,6e340b9cffb37a989ca544e6bb780a2c78901d3fb33738768511a30617afa01d
tfidf_lr,0,single_query,0,108,1,0.025643897000,25.643897000000,-1,6e340b9cffb37a989ca544e6bb780a2c78901d3fb33738768511a30617afa01d
tfidf_lr,0,single_query,0,109,1,0.025748750000,25.748750000000,-1,6e340b9cffb37a989ca544e6bb780a2c78901d3fb33738768511a30617afa01d
tfidf_lr,0,single_query,0,110,1,0.021502778000,21.502778000000,-1,6e340b9cffb37a989ca544e6bb780a2c78901d3fb33738768511a30617afa01d
tfidf_lr,0,single_query,0,111,1,0.023031694000,23.031694000000,-1,6e340b9cffb37a989ca544e6bb780a2c78901d3fb33738768511a30617afa01d
tfidf_lr,0,single_query,0,112,1,0.026276492000,26.276492000000,-1,6e340b9cffb37a989ca544e6bb780a2c78901d3fb33738768511a30617afa01d
tfidf_lr,0,single_query,0,113,1,0.027888009000,27.888009000000,-1,6e340b9cffb37a989ca544e6bb780a2c78901d3fb33738768511a30617afa01d
tfidf_lr,0,single_query,0,114,1,0.026141225000,26.141225000000,-1,6e340b9cffb37a989ca544e6bb780a2c78901d3fb33738768511a30617afa01d
tfidf_lr,0,single_query,0,115,1,0.023993756000,23.993756000000,-1,6e340b9cffb37a989ca544e6bb780a2c78901d3fb33738768511a30617afa01d
tfidf_lr,0,single_query,0,116,1,0.024484169000,24.484169000000,1,dbc1b4c900ffe48d575b5da5c638040125f65db0fe3e24494b76ea986457d986
tfidf_lr,0,single_query,0,117,1,0.026002835000,26.002835000000,1,dbc1b4c900ffe48d575b5da5c638040125f65db0fe3e24494b76ea986457d986
tfidf_lr,0,single_query,0,118,1,0.026327402000,26.327402000000,1,dbc1b4c900ffe48d575b5da5c638040125f65db0fe3e24494b76ea986457d986
tfidf_lr,0,single_query,0,119,1,0.024188187000,24.188187000000,-1,6e340b9cffb37a989ca544e6bb780a2c78901d3fb33738768511a30617afa01d
tfidf_lr,0,single_query,0,120,1,0.013230559000,13.230559000000,-1,6e340b9cffb37a989ca544e6bb780a2c78901d3fb33738768511a30617afa01d
tfidf_lr,0,single_query,0,121,1,0.046668155000,46.668155000000,-1,6e340b9cffb37a989ca544e6bb780a2c78901d3fb33738768511a30617afa01d
tfidf_lr,0,single_query,0,122,1,0.043050706000,43.050706000000,-1,6e340b9cffb37a989ca544e6bb780a2c78901d3fb33738768511a30617afa01d
tfidf_lr,0,single_query,0,123,1,0.046082656000,46.082656000000,-1,6e340b9cffb37a989ca544e6bb780a2c78901d3fb33738768511a30617afa01d
tfidf_lr,0,single_query,0,124,1,0.046840943000,46.840943000000,-1,6e340b9cffb37a989ca544e6bb780a2c78901d3fb33738768511a30617afa01d
tfidf_lr,0,single_query,0,125,1,0.046106364000,46.106364000000,1,dbc1b4c900ffe48d575b5da5c638040125f65db0fe3e24494b76ea986457d986
tfidf_lr,0,single_query,0,126,1,0.045422393000,45.422393000000,1,dbc1b4c900ffe48d575b5da5c638040125f65db0fe3e24494b76ea986457d986
tfidf_lr,0,single_query,0,127,1,0.028596888000,28.596888000000,-1,6e340b9cffb37a989ca544e6bb780a2c78901d3fb33738768511a30617afa01d
tfidf_lr,0,single_query,0,128,1,0.037339214000,37.339214000000,1,dbc1b4c900ffe48d575b5da5c638040125f65db0fe3e24494b76ea986457d986
tfidf_lr,0,single_query,0,129,1,0.037647065000,37.647065000000,-1,6e340b9cffb37a989ca544e6bb780a2c78901d3fb33738768511a30617afa01d
tfidf_lr,0,single_query,0,130,1,0.038913101000,38.913101000000,1,dbc1b4c900ffe48d575b5da5c638040125f65db0fe3e24494b76ea986457d986
tfidf_lr,0,single_query,0,131,1,0.031526095000,31.526095000000,1,dbc1b4c900ffe48d575b5da5c638040125f65db0fe3e24494b76ea986457d986
tfidf_lr,0,single_query,0,132,1,0.050221003000,50.221003000000,-1,6e340b9cffb37a989ca544e6bb780a2c78901d3fb33738768511a30617afa01d
tfidf_lr,0,single_query,0,133,1,0.031510842000,31.510842000000,-1,6e340b9cffb37a989ca544e6bb780a2c78901d3fb33738768511a30617afa01d
tfidf_lr,0,single_query,0,134,1,0.045563545000,45.563545000000,-1,6e340b9cffb37a989ca544e6bb780a2c78901d3fb33738768511a30617afa01d
tfidf_lr,0,single_query,0,135,1,0.045879777000,45.879777000000,1,dbc1b4c900ffe48d575b5da5c638040125f65db0fe3e24494b76ea986457d986
tfidf_lr,0,single_query,0,136,1,0.039992619000,39.992619000000,-1,6e340b9cffb37a989ca544e6bb780a2c78901d3fb33738768511a30617afa01d
tfidf_lr,0,single_query,0,137,1,0.036579226000,36.579226000000,1,dbc1b4c900ffe48d575b5da5c638040125f65db0fe3e24494b76ea986457d986
tfidf_lr,0,single_query,0,138,1,0.036866530000,36.866530000000,-1,6e340b9cffb37a989ca544e6bb780a2c78901d3fb33738768511a30617afa01d
tfidf_lr,0,single_query,0,139,1,0.038952798000,38.952798000000,-1,6e340b9cffb37a989ca544e6bb780a2c78901d3fb33738768511a30617afa01d
tfidf_lr,0,single_query,0,140,1,0.022262360000,22.262360000000,-1,6e340b9cffb37a989ca544e6bb780a2c78901d3fb33738768511a30617afa01d
tfidf_lr,0,single_query,0,141,1,0.031042025000,31.042025000000,1,dbc1b4c900ffe48d575b5da5c638040125f65db0fe3e24494b76ea986457d986
tfidf_lr,0,single_query,0,142,1,0.033908287000,33.908287000000,1,dbc1b4c900ffe48d575b5da5c638040125f65db0fe3e24494b76ea986457d986
tfidf_lr,0,single_query,0,143,1,0.046671791000,46.671791000000,-1,6e340b9cffb37a989ca544e6bb780a2c78901d3fb33738768511a30617afa01d
tfidf_lr,0,single_query,0,144,1,0.048952732000,48.952732000000,-1,6e340b9cffb37a989ca544e6bb780a2c78901d3fb33738768511a30617afa01d
tfidf_lr,0,single_query,0,145,1,0.050600481000,50.600481000000,1,dbc1b4c900ffe48d575b5da5c638040125f65db0fe3e24494b76ea986457d986
tfidf_lr,0,single_query,0,146,1,0.043780506000,43.780506000000,1,dbc1b4c900ffe48d575b5da5c638040125f65db0fe3e24494b76ea986457d986
tfidf_lr,0,single_query,0,147,1,0.046053837000,46.053837000000,-1,6e340b9cffb37a989ca544e6bb780a2c78901d3fb33738768511a30617afa01d
tfidf_lr,0,single_query,0,148,1,0.044798764000,44.798764000000,1,dbc1b4c900ffe48d575b5da5c638040125f65db0fe3e24494b76ea986457d986
tfidf_lr,0,single_query,0,149,1,0.045335207000,45.335207000000,-1,6e340b9cffb37a989ca544e6bb780a2c78901d3fb33738768511a30617afa01d
tfidf_lr,0,single_query,0,150,1,0.045371476000,45.371476000000,-1,6e340b9cffb37a989ca544e6bb780a2c78901d3fb33738768511a30617afa01d
tfidf_lr,0,single_query,0,151,1,0.045073819000,45.073819000000,-1,6e340b9cffb37a989ca544e6bb780a2c78901d3fb33738768511a30617afa01d
tfidf_lr,0,single_query,0,152,1,0.045706849000,45.706849000000,-1,6e340b9cffb37a989ca544e6bb780a2c78901d3fb33738768511a30617afa01d
tfidf_lr,0,single_query,0,153,1,0.047273545000,47.273545000000,-1,6e340b9cffb37a989ca544e6bb780a2c78901d3fb33738768511a30617afa01d
tfidf_lr,0,single_query,0,154,1,0.045149276000,45.149276000000,1,dbc1b4c900ffe48d575b5da5c638040125f65db0fe3e24494b76ea986457d986
tfidf_lr,0,single_query,0,155,1,0.046098955000,46.098955000000,1,dbc1b4c900ffe48d575b5da5c638040125f65db0fe3e24494b76ea986457d986
tfidf_lr,0,single_query,0,156,1,0.046466133000,46.466133000000,-1,6e340b9cffb37a989ca544e6bb780a2c78901d3fb33738768511a30617afa01d
tfidf_lr,0,single_query,0,157,1,0.046224375000,46.224375000000,1,dbc1b4c900ffe48d575b5da5c638040125f65db0fe3e24494b76ea986457d986
tfidf_lr,0,single_query,0,158,1,0.046022474000,46.022474000000,1,dbc1b4c900ffe48d575b5da5c638040125f65db0fe3e24494b76ea986457d986
tfidf_lr,0,single_query,0,159,1,0.045607316000,45.607316000000,-1,6e340b9cffb37a989ca544e6bb780a2c78901d3fb33738768511a30617afa01d
tfidf_lr,0,single_query,0,160,1,0.044706471000,44.706471000000,-1,6e340b9cffb37a989ca544e6bb780a2c78901d3fb33738768511a30617afa01d
tfidf_lr,0,single_query,0,161,1,0.025494181000,25.494181000000,1,dbc1b4c900ffe48d575b5da5c638040125f65db0fe3e24494b76ea986457d986
tfidf_lr,0,single_query,0,162,1,0.033585453000,33.585453000000,1,dbc1b4c900ffe48d575b5da5c638040125f65db0fe3e24494b76ea986457d986
tfidf_lr,0,single_query,0,163,1,0.042953721000,42.953721000000,1,dbc1b4c900ffe48d575b5da5c638040125f65db0fe3e24494b76ea986457d986
tfidf_lr,0,single_query,0,164,1,0.035916806000,35.916806000000,1,dbc1b4c900ffe48d575b5da5c638040125f65db0fe3e24494b76ea986457d986
tfidf_lr,0,single_query,0,165,1,0.044600826000,44.600826000000,-1,6e340b9cffb37a989ca544e6bb780a2c78901d3fb33738768511a30617afa01d
tfidf_lr,0,single_query,0,166,1,0.048992698000,48.992698000000,1,dbc1b4c900ffe48d575b5da5c638040125f65db0fe3e24494b76ea986457d986
tfidf_lr,0,single_query,0,167,1,0.044854973000,44.854973000000,-1,6e340b9cffb37a989ca544e6bb780a2c78901d3fb33738768511a30617afa01d
tfidf_lr,0,single_query,0,168,1,0.048961149000,48.961149000000,1,dbc1b4c900ffe48d575b5da5c638040125f65db0fe3e24494b76ea986457d986
tfidf_lr,0,single_query,0,169,1,0.049541456000,49.541456000000,-1,6e340b9cffb37a989ca544e6bb780a2c78901d3fb33738768511a30617afa01d
tfidf_lr,0,single_query,0,170,1,0.029055722000,29.055722000000,-1,6e340b9cffb37a989ca544e6bb780a2c78901d3fb33738768511a30617afa01d
tfidf_lr,0,single_query,0,171,1,0.031361528000,31.361528000000,-1,6e340b9cffb37a989ca544e6bb780a2c78901d3fb33738768511a30617afa01d
tfidf_lr,0,single_query,0,172,1,0.035425067000,35.425067000000,-1,6e340b9cffb37a989ca544e6bb780a2c78901d3fb33738768511a30617afa01d
tfidf_lr,0,single_query,0,173,1,0.026494380000,26.494380000000,1,dbc1b4c900ffe48d575b5da5c638040125f65db0fe3e24494b76ea986457d986
tfidf_lr,0,single_query,0,174,1,0.036376766000,36.376766000000,1,dbc1b4c900ffe48d575b5da5c638040125f65db0fe3e24494b76ea986457d986
tfidf_lr,0,single_query,0,175,1,0.046643906000,46.643906000000,1,dbc1b4c900ffe48d575b5da5c638040125f65db0fe3e24494b76ea986457d986
tfidf_lr,0,single_query,0,176,1,0.046186625000,46.186625000000,1,dbc1b4c900ffe48d575b5da5c638040125f65db0fe3e24494b76ea986457d986
tfidf_lr,0,single_query,0,177,1,0.046008806000,46.008806000000,-1,6e340b9cffb37a989ca544e6bb780a2c78901d3fb33738768511a30617afa01d
tfidf_lr,0,single_query,0,178,1,0.047280601000,47.280601000000,1,dbc1b4c900ffe48d575b5da5c638040125f65db0fe3e24494b76ea986457d986
tfidf_lr,0,single_query,0,179,1,0.021086866000,21.086866000000,-1,6e340b9cffb37a989ca544e6bb780a2c78901d3fb33738768511a30617afa01d
tfidf_lr,0,single_query,0,180,1,0.018379253000,18.379253000000,1,dbc1b4c900ffe48d575b5da5c638040125f65db0fe3e24494b76ea986457d986
tfidf_lr,0,single_query,0,181,1,0.028649922000,28.649922000000,-1,6e340b9cffb37a989ca544e6bb780a2c78901d3fb33738768511a30617afa01d
tfidf_lr,0,single_query,0,182,1,0.023827670000,23.827670000000,1,dbc1b4c900ffe48d575b5da5c638040125f65db0fe3e24494b76ea986457d986
tfidf_lr,0,single_query,0,183,1,0.023688440000,23.688440000000,-1,6e340b9cffb37a989ca544e6bb780a2c78901d3fb33738768511a30617afa01d
tfidf_lr,0,single_query,0,184,1,0.033283378000,33.283378000000,-1,6e340b9cffb37a989ca544e6bb780a2c78901d3fb33738768511a30617afa01d
tfidf_lr,0,single_query,0,185,1,0.031706769000,31.706769000000,1,dbc1b4c900ffe48d575b5da5c638040125f65db0fe3e24494b76ea986457d986
tfidf_lr,0,single_query,0,186,1,0.032772227000,32.772227000000,1,dbc1b4c900ffe48d575b5da5c638040125f65db0fe3e24494b76ea986457d986
tfidf_lr,0,single_query,0,187,1,0.031368474000,31.368474000000,1,dbc1b4c900ffe48d575b5da5c638040125f65db0fe3e24494b76ea986457d986
tfidf_lr,0,single_query,0,188,1,0.039099402000,39.099402000000,1,dbc1b4c900ffe48d575b5da5c638040125f65db0fe3e24494b76ea986457d986
tfidf_lr,0,single_query,0,189,1,0.038648443000,38.648443000000,-1,6e340b9cffb37a989ca544e6bb780a2c78901d3fb33738768511a30617afa01d
tfidf_lr,0,single_query,0,190,1,0.035521197000,35.521197000000,1,dbc1b4c900ffe48d575b5da5c638040125f65db0fe3e24494b76ea986457d986
tfidf_lr,0,single_query,0,191,1,0.034488888000,34.488888000000,1,dbc1b4c900ffe48d575b5da5c638040125f65db0fe3e24494b76ea986457d986
tfidf_lr,0,single_query,0,192,1,0.043927448000,43.927448000000,1,dbc1b4c900ffe48d575b5da5c638040125f65db0fe3e24494b76ea986457d986
tfidf_lr,0,single_query,0,193,1,0.045676425000,45.676425000000,1,dbc1b4c900ffe48d575b5da5c638040125f65db0fe3e24494b76ea986457d986
tfidf_lr,0,single_query,0,194,1,0.045786964000,45.786964000000,1,dbc1b4c900ffe48d575b5da5c638040125f65db0fe3e24494b76ea986457d986
tfidf_lr,0,single_query,0,195,1,0.047609864000,47.609864000000,-1,6e340b9cffb37a989ca544e6bb780a2c78901d3fb33738768511a30617afa01d
tfidf_lr,0,single_query,0,196,1,0.046083002000,46.083002000000,1,dbc1b4c900ffe48d575b5da5c638040125f65db0fe3e24494b76ea986457d986
tfidf_lr,0,single_query,0,197,1,0.049855394000,49.855394000000,-1,6e340b9cffb37a989ca544e6bb780a2c78901d3fb33738768511a30617afa01d
tfidf_lr,0,single_query,0,198,1,0.049916084000,49.916084000000,-1,6e340b9cffb37a989ca544e6bb780a2c78901d3fb33738768511a30617afa01d
tfidf_lr,0,single_query,0,199,1,0.047459997000,47.459997000000,-1,6e340b9cffb37a989ca544e6bb780a2c78901d3fb33738768511a30617afa01d
tfidf_lr,0,single_query,0,200,1,0.048971552000,48.971552000000,-1,6e340b9cffb37a989ca544e6bb780a2c78901d3fb33738768511a30617afa01d
tfidf_lr,0,single_query,0,201,1,0.049147653000,49.147653000000,1,dbc1b4c900ffe48d575b5da5c638040125f65db0fe3e24494b76ea986457d986
tfidf_lr,0,single_query,0,202,1,0.048709913000,48.709913000000,-1,6e340b9cffb37a989ca544e6bb780a2c78901d3fb33738768511a30617afa01d
tfidf_lr,0,single_query,0,203,1,0.049277035000,49.277035000000,1,dbc1b4c900ffe48d575b5da5c638040125f65db0fe3e24494b76ea986457d986
tfidf_lr,0,single_query,0,204,1,0.047584919000,47.584919000000,1,dbc1b4c900ffe48d575b5da5c638040125f65db0fe3e24494b76ea986457d986
tfidf_lr,0,single_query,0,205,1,0.048239300000,48.239300000000,-1,6e340b9cffb37a989ca544e6bb780a2c78901d3fb33738768511a30617afa01d
tfidf_lr,0,single_query,0,206,1,0.047354823000,47.354823000000,-1,6e340b9cffb37a989ca544e6bb780a2c78901d3fb33738768511a30617afa01d
tfidf_lr,0,single_query,0,207,1,0.047346917000,47.346917000000,1,dbc1b4c900ffe48d575b5da5c638040125f65db0fe3e24494b76ea986457d986
tfidf_lr,0,single_query,0,208,1,0.037543624000,37.543624000000,-1,6e340b9cffb37a989ca544e6bb780a2c78901d3fb33738768511a30617afa01d
tfidf_lr,0,single_query,0,209,1,0.036872861000,36.872861000000,1,dbc1b4c900ffe48d575b5da5c638040125f65db0fe3e24494b76ea986457d986
tfidf_lr,0,single_query,0,210,1,0.039268165000,39.268165000000,-1,6e340b9cffb37a989ca544e6bb780a2c78901d3fb33738768511a30617afa01d
tfidf_lr,0,single_query,0,211,1,0.043100534000,43.100534000000,1,dbc1b4c900ffe48d575b5da5c638040125f65db0fe3e24494b76ea986457d986
tfidf_lr,0,single_query,0,212,1,0.041888415000,41.888415000000,-1,6e340b9cffb37a989ca544e6bb780a2c78901d3fb33738768511a30617afa01d
tfidf_lr,0,single_query,0,213,1,0.028048278000,28.048278000000,1,dbc1b4c900ffe48d575b5da5c638040125f65db0fe3e24494b76ea986457d986
tfidf_lr,0,single_query,0,214,1,0.037928190000,37.928190000000,-1,6e340b9cffb37a989ca544e6bb780a2c78901d3fb33738768511a30617afa01d
tfidf_lr,0,single_query,0,215,1,0.026605164000,26.605164000000,1,dbc1b4c900ffe48d575b5da5c638040125f65db0fe3e24494b76ea986457d986
tfidf_lr,0,single_query,0,216,1,0.039090558000,39.090558000000,-1,6e340b9cffb37a989ca544e6bb780a2c78901d3fb33738768511a30617afa01d
tfidf_lr,0,single_query,0,217,1,0.037668740000,37.668740000000,1,dbc1b4c900ffe48d575b5da5c638040125f65db0fe3e24494b76ea986457d986
tfidf_lr,0,single_query,0,218,1,0.037514860000,37.514860000000,-1,6e340b9cffb37a989ca544e6bb780a2c78901d3fb33738768511a30617afa01d
tfidf_lr,0,single_query,0,219,1,0.033330208000,33.330208000000,-1,6e340b9cffb37a989ca544e6bb780a2c78901d3fb33738768511a30617afa01d
tfidf_lr,0,single_query,0,220,1,0.037587634000,37.587634000000,1,dbc1b4c900ffe48d575b5da5c638040125f65db0fe3e24494b76ea986457d986
tfidf_lr,0,single_query,0,221,1,0.046480110000,46.480110000000,-1,6e340b9cffb37a989ca544e6bb780a2c78901d3fb33738768511a30617afa01d
tfidf_lr,0,single_query,0,222,1,0.044413286000,44.413286000000,1,dbc1b4c900ffe48d575b5da5c638040125f65db0fe3e24494b76ea986457d986
tfidf_lr,0,single_query,0,223,1,0.050069070000,50.069070000000,1,dbc1b4c900ffe48d575b5da5c638040125f65db0fe3e24494b76ea986457d986
tfidf_lr,0,single_query,0,224,1,0.047045920000,47.045920000000,1,dbc1b4c900ffe48d575b5da5c638040125f65db0fe3e24494b76ea986457d986
tfidf_lr,0,single_query,0,225,1,0.046448510000,46.448510000000,1,dbc1b4c900ffe48d575b5da5c638040125f65db0fe3e24494b76ea986457d986
tfidf_lr,0,single_query,0,226,1,0.046273928000,46.273928000000,-1,6e340b9cffb37a989ca544e6bb780a2c78901d3fb33738768511a30617afa01d
tfidf_lr,0,single_query,0,227,1,0.044377236000,44.377236000000,1,dbc1b4c900ffe48d575b5da5c638040125f65db0fe3e24494b76ea986457d986
tfidf_lr,0,single_query,0,228,1,0.046461449000,46.461449000000,-1,6e340b9cffb37a989ca544e6bb780a2c78901d3fb33738768511a30617afa01d
tfidf_lr,0,single_query,0,229,1,0.047176285000,47.176285000000,1,dbc1b4c900ffe48d575b5da5c638040125f65db0fe3e24494b76ea986457d986
tfidf_lr,0,single_query,0,230,1,0.043217419000,43.217419000000,-1,6e340b9cffb37a989ca544e6bb780a2c78901d3fb33738768511a30617afa01d
tfidf_lr,0,single_query,0,231,1,0.046153076000,46.153076000000,-1,6e340b9cffb37a989ca544e6bb780a2c78901d3fb33738768511a30617afa01d
tfidf_lr,0,single_query,0,232,1,0.044743453000,44.743453000000,-1,6e340b9cffb37a989ca544e6bb780a2c78901d3fb33738768511a30617afa01d
tfidf_lr,0,single_query,0,233,1,0.047268191000,47.268191000000,-1,6e340b9cffb37a989ca544e6bb780a2c78901d3fb33738768511a30617afa01d
tfidf_lr,0,single_query,0,234,1,0.041299160000,41.299160000000,-1,6e340b9cffb37a989ca544e6bb780a2c78901d3fb33738768511a30617afa01d
tfidf_lr,0,single_query,0,235,1,0.042530401000,42.530401000000,-1,6e340b9cffb37a989ca544e6bb780a2c78901d3fb33738768511a30617afa01d
tfidf_lr,0,single_query,0,236,1,0.041247309000,41.247309000000,-1,6e340b9cffb37a989ca544e6bb780a2c78901d3fb33738768511a30617afa01d
tfidf_lr,0,single_query,0,237,1,0.041194153000,41.194153000000,-1,6e340b9cffb37a989ca544e6bb780a2c78901d3fb33738768511a30617afa01d
tfidf_lr,0,single_query,0,238,1,0.037536693000,37.536693000000,-1,6e340b9cffb37a989ca544e6bb780a2c78901d3fb33738768511a30617afa01d
tfidf_lr,0,single_query,0,239,1,0.047778030000,47.778030000000,-1,6e340b9cffb37a989ca544e6bb780a2c78901d3fb33738768511a30617afa01d
tfidf_lr,0,single_query,0,240,1,0.047936849000,47.936849000000,-1,6e340b9cffb37a989ca544e6bb780a2c78901d3fb33738768511a30617afa01d
tfidf_lr,0,single_query,0,241,1,0.046362084000,46.362084000000,-1,6e340b9cffb37a989ca544e6bb780a2c78901d3fb33738768511a30617afa01d
tfidf_lr,0,single_query,0,242,1,0.033125401000,33.125401000000,1,dbc1b4c900ffe48d575b5da5c638040125f65db0fe3e24494b76ea986457d986
tfidf_lr,0,single_query,0,243,1,0.036546397000,36.546397000000,-1,6e340b9cffb37a989ca544e6bb780a2c78901d3fb33738768511a30617afa01d
tfidf_lr,0,single_query,0,244,1,0.038857086000,38.857086000000,1,dbc1b4c900ffe48d575b5da5c638040125f65db0fe3e24494b76ea986457d986
tfidf_lr,0,single_query,0,245,1,0.047432037000,47.432037000000,1,dbc1b4c900ffe48d575b5da5c638040125f65db0fe3e24494b76ea986457d986
tfidf_lr,0,single_query,0,246,1,0.043457863000,43.457863000000,-1,6e340b9cffb37a989ca544e6bb780a2c78901d3fb33738768511a30617afa01d
tfidf_lr,0,single_query,0,247,1,0.050286289000,50.286289000000,1,dbc1b4c900ffe48d575b5da5c638040125f65db0fe3e24494b76ea986457d986
tfidf_lr,0,single_query,0,248,1,0.051221193000,51.221193000000,-1,6e340b9cffb37a989ca544e6bb780a2c78901d3fb33738768511a30617afa01d
tfidf_lr,0,single_query,0,249,1,0.044785582000,44.785582000000,-1,6e340b9cffb37a989ca544e6bb780a2c78901d3fb33738768511a30617afa01d
tfidf_lr,0,single_query,0,250,1,0.050985995000,50.985995000000,1,dbc1b4c900ffe48d575b5da5c638040125f65db0fe3e24494b76ea986457d986
tfidf_lr,0,single_query,0,251,1,0.042257812000,42.257812000000,1,dbc1b4c900ffe48d575b5da5c638040125f65db0fe3e24494b76ea986457d986
tfidf_lr,0,single_query,0,252,1,0.035138649000,35.138649000000,-1,6e340b9cffb37a989ca544e6bb780a2c78901d3fb33738768511a30617afa01d
tfidf_lr,0,single_query,0,253,1,0.048359545000,48.359545000000,-1,6e340b9cffb37a989ca544e6bb780a2c78901d3fb33738768511a30617afa01d
tfidf_lr,0,single_query,0,254,1,0.041641413000,41.641413000000,-1,6e340b9cffb37a989ca544e6bb780a2c78901d3fb33738768511a30617afa01d
tfidf_lr,0,single_query,0,255,1,0.038886932000,38.886932000000,-1,6e340b9cffb37a989ca544e6bb780a2c78901d3fb33738768511a30617afa01d
tfidf_lr,1,init,0,,4263,98.586651793000,,,
tfidf_lr,1,single_query,0,0,1,0.046090206000,46.090206000000,-1,6e340b9cffb37a989ca544e6bb780a2c78901d3fb33738768511a30617afa01d
tfidf_lr,1,single_query,0,1,1,0.025580120000,25.580120000000,1,dbc1b4c900ffe48d575b5da5c638040125f65db0fe3e24494b76ea986457d986
tfidf_lr,1,single_query,0,2,1,0.017792161000,17.792161000000,-1,6e340b9cffb37a989ca544e6bb780a2c78901d3fb33738768511a30617afa01d
tfidf_lr,1,single_query,0,3,1,0.024347692000,24.347692000000,1,dbc1b4c900ffe48d575b5da5c638040125f65db0fe3e24494b76ea986457d986
tfidf_lr,1,single_query,0,4,1,0.032992576000,32.992576000000,-1,6e340b9cffb37a989ca544e6bb780a2c78901d3fb33738768511a30617afa01d
tfidf_lr,1,single_query,0,5,1,0.046085768000,46.085768000000,1,dbc1b4c900ffe48d575b5da5c638040125f65db0fe3e24494b76ea986457d986
tfidf_lr,1,single_query,0,6,1,0.046479154000,46.479154000000,1,dbc1b4c900ffe48d575b5da5c638040125f65db0fe3e24494b76ea986457d986
tfidf_lr,1,single_query,0,7,1,0.025969485000,25.969485000000,1,dbc1b4c900ffe48d575b5da5c638040125f65db0fe3e24494b76ea986457d986
tfidf_lr,1,single_query,0,8,1,0.023732521000,23.732521000000,1,dbc1b4c900ffe48d575b5da5c638040125f65db0fe3e24494b76ea986457d986
tfidf_lr,1,single_query,0,9,1,0.039051575000,39.051575000000,1,dbc1b4c900ffe48d575b5da5c638040125f65db0fe3e24494b76ea986457d986
tfidf_lr,1,single_query,0,10,1,0.047164513000,47.164513000000,1,dbc1b4c900ffe48d575b5da5c638040125f65db0fe3e24494b76ea986457d986
tfidf_lr,1,single_query,0,11,1,0.045745491000,45.745491000000,-1,6e340b9cffb37a989ca544e6bb780a2c78901d3fb33738768511a30617afa01d
tfidf_lr,1,single_query,0,12,1,0.047981792000,47.981792000000,-1,6e340b9cffb37a989ca544e6bb780a2c78901d3fb33738768511a30617afa01d
tfidf_lr,1,single_query,0,13,1,0.024636314000,24.636314000000,-1,6e340b9cffb37a989ca544e6bb780a2c78901d3fb33738768511a30617afa01d
tfidf_lr,1,single_query,0,14,1,0.025228323000,25.228323000000,1,dbc1b4c900ffe48d575b5da5c638040125f65db0fe3e24494b76ea986457d986
tfidf_lr,1,single_query,0,15,1,0.034602920000,34.602920000000,-1,6e340b9cffb37a989ca544e6bb780a2c78901d3fb33738768511a30617afa01d
tfidf_lr,1,single_query,0,16,1,0.034732249000,34.732249000000,1,dbc1b4c900ffe48d575b5da5c638040125f65db0fe3e24494b76ea986457d986
tfidf_lr,1,single_query,0,17,1,0.025414014000,25.414014000000,1,dbc1b4c900ffe48d575b5da5c638040125f65db0fe3e24494b76ea986457d986
tfidf_lr,1,single_query,0,18,1,0.031917100000,31.917100000000,1,dbc1b4c900ffe48d575b5da5c638040125f65db0fe3e24494b76ea986457d986
tfidf_lr,1,single_query,0,19,1,0.015811314000,15.811314000000,-1,6e340b9cffb37a989ca544e6bb780a2c78901d3fb33738768511a30617afa01d
tfidf_lr,1,single_query,0,20,1,0.019987736000,19.987736000000,1,dbc1b4c900ffe48d575b5da5c638040125f65db0fe3e24494b76ea986457d986
tfidf_lr,1,single_query,0,21,1,0.021036277000,21.036277000000,-1,6e340b9cffb37a989ca544e6bb780a2c78901d3fb33738768511a30617afa01d
tfidf_lr,1,single_query,0,22,1,0.021865705000,21.865705000000,-1,6e340b9cffb37a989ca544e6bb780a2c78901d3fb33738768511a30617afa01d
tfidf_lr,1,single_query,0,23,1,0.021126161000,21.126161000000,-1,6e340b9cffb37a989ca544e6bb780a2c78901d3fb33738768511a30617afa01d
tfidf_lr,1,single_query,0,24,1,0.026203368000,26.203368000000,1,dbc1b4c900ffe48d575b5da5c638040125f65db0fe3e24494b76ea986457d986
tfidf_lr,1,single_query,0,25,1,0.028789443000,28.789443000000,1,dbc1b4c900ffe48d575b5da5c638040125f65db0fe3e24494b76ea986457d986
tfidf_lr,1,single_query,0,26,1,0.029513243000,29.513243000000,-1,6e340b9cffb37a989ca544e6bb780a2c78901d3fb33738768511a30617afa01d
tfidf_lr,1,single_query,0,27,1,0.024742209000,24.742209000000,-1,6e340b9cffb37a989ca544e6bb780a2c78901d3fb33738768511a30617afa01d
tfidf_lr,1,single_query,0,28,1,0.024318713000,24.318713000000,-1,6e340b9cffb37a989ca544e6bb780a2c78901d3fb33738768511a30617afa01d
tfidf_lr,1,single_query,0,29,1,0.022538707000,22.538707000000,1,dbc1b4c900ffe48d575b5da5c638040125f65db0fe3e24494b76ea986457d986
tfidf_lr,1,single_query,0,30,1,0.021125753000,21.125753000000,1,dbc1b4c900ffe48d575b5da5c638040125f65db0fe3e24494b76ea986457d986
tfidf_lr,1,single_query,0,31,1,0.023358857000,23.358857000000,1,dbc1b4c900ffe48d575b5da5c638040125f65db0fe3e24494b76ea986457d986
tfidf_lr,1,single_query,0,32,1,0.033689386000,33.689386000000,1,dbc1b4c900ffe48d575b5da5c638040125f65db0fe3e24494b76ea986457d986
tfidf_lr,1,single_query,0,33,1,0.035703841000,35.703841000000,-1,6e340b9cffb37a989ca544e6bb780a2c78901d3fb33738768511a30617afa01d
tfidf_lr,1,single_query,0,34,1,0.048004904000,48.004904000000,-1,6e340b9cffb37a989ca544e6bb780a2c78901d3fb33738768511a30617afa01d
tfidf_lr,1,single_query,0,35,1,0.045264456000,45.264456000000,1,dbc1b4c900ffe48d575b5da5c638040125f65db0fe3e24494b76ea986457d986
tfidf_lr,1,single_query,0,36,1,0.047803299000,47.803299000000,1,dbc1b4c900ffe48d575b5da5c638040125f65db0fe3e24494b76ea986457d986
tfidf_lr,1,single_query,0,37,1,0.027220195000,27.220195000000,1,dbc1b4c900ffe48d575b5da5c638040125f65db0fe3e24494b76ea986457d986
tfidf_lr,1,single_query,0,38,1,0.028543814000,28.543814000000,1,dbc1b4c900ffe48d575b5da5c638040125f65db0fe3e24494b76ea986457d986
tfidf_lr,1,single_query,0,39,1,0.022274330000,22.274330000000,-1,6e340b9cffb37a989ca544e6bb780a2c78901d3fb33738768511a30617afa01d
tfidf_lr,1,single_query,0,40,1,0.019895015000,19.895015000000,1,dbc1b4c900ffe48d575b5da5c638040125f65db0fe3e24494b76ea986457d986
tfidf_lr,1,single_query,0,41,1,0.021295530000,21.295530000000,-1,6e340b9cffb37a989ca544e6bb780a2c78901d3fb33738768511a30617afa01d
tfidf_lr,1,single_query,0,42,1,0.021290148000,21.290148000000,1,dbc1b4c900ffe48d575b5da5c638040125f65db0fe3e24494b76ea986457d986
tfidf_lr,1,single_query,0,43,1,0.018066805000,18.066805000000,1,dbc1b4c900ffe48d575b5da5c638040125f65db0fe3e24494b76ea986457d986
tfidf_lr,1,single_query,0,44,1,0.019528497000,19.528497000000,1,dbc1b4c900ffe48d575b5da5c638040125f65db0fe3e24494b76ea986457d986
tfidf_lr,1,single_query,0,45,1,0.019513911000,19.513911000000,-1,6e340b9cffb37a989ca544e6bb780a2c78901d3fb33738768511a30617afa01d
tfidf_lr,1,single_query,0,46,1,0.018015146000,18.015146000000,1,dbc1b4c900ffe48d575b5da5c638040125f65db0fe3e24494b76ea986457d986
tfidf_lr,1,single_query,0,47,1,0.021002237000,21.002237000000,-1,6e340b9cffb37a989ca544e6bb780a2c78901d3fb33738768511a30617afa01d
tfidf_lr,1,single_query,0,48,1,0.020444047000,20.444047000000,1,dbc1b4c900ffe48d575b5da5c638040125f65db0fe3e24494b76ea986457d986
tfidf_lr,1,single_query,0,49,1,0.027769978000,27.769978000000,-1,6e340b9cffb37a989ca544e6bb780a2c78901d3fb33738768511a30617afa01d
tfidf_lr,1,single_query,0,50,1,0.021830897000,21.830897000000,1,dbc1b4c900ffe48d575b5da5c638040125f65db0fe3e24494b76ea986457d986
tfidf_lr,1,single_query,0,51,1,0.025390129000,25.390129000000,1,dbc1b4c900ffe48d575b5da5c638040125f65db0fe3e24494b76ea986457d986
tfidf_lr,1,single_query,0,52,1,0.019593118000,19.593118000000,-1,6e340b9cffb37a989ca544e6bb780a2c78901d3fb33738768511a30617afa01d
tfidf_lr,1,single_query,0,53,1,0.020340850000,20.340850000000,1,dbc1b4c900ffe48d575b5da5c638040125f65db0fe3e24494b76ea986457d986
tfidf_lr,1,single_query,0,54,1,0.023630214000,23.630214000000,-1,6e340b9cffb37a989ca544e6bb780a2c78901d3fb33738768511a30617afa01d
tfidf_lr,1,single_query,0,55,1,0.022093311000,22.093311000000,-1,6e340b9cffb37a989ca544e6bb780a2c78901d3fb33738768511a30617afa01d
tfidf_lr,1,single_query,0,56,1,0.021731776000,21.731776000000,1,dbc1b4c900ffe48d575b5da5c638040125f65db0fe3e24494b76ea986457d986
tfidf_lr,1,single_query,0,57,1,0.020966602000,20.966602000000,-1,6e340b9cffb37a989ca544e6bb780a2c78901d3fb33738768511a30617afa01d
tfidf_lr,1,single_query,0,58,1,0.023081901000,23.081901000000,-1,6e340b9cffb37a989ca544e6bb780a2c78901d3fb33738768511a30617afa01d
tfidf_lr,1,single_query,0,59,1,0.023691276000,23.691276000000,1,dbc1b4c900ffe48d575b5da5c638040125f65db0fe3e24494b76ea986457d986
tfidf_lr,1,single_query,0,60,1,0.023602588000,23.602588000000,1,dbc1b4c900ffe48d575b5da5c638040125f65db0fe3e24494b76ea986457d986
tfidf_lr,1,single_query,0,61,1,0.019282436000,19.282436000000,-1,6e340b9cffb37a989ca544e6bb780a2c78901d3fb33738768511a30617afa01d
tfidf_lr,1,single_query,0,62,1,0.018401405000,18.401405000000,1,dbc1b4c900ffe48d575b5da5c638040125f65db0fe3e24494b76ea986457d986
tfidf_lr,1,single_query,0,63,1,0.021134825000,21.134825000000,-1,6e340b9cffb37a989ca544e6bb780a2c78901d3fb33738768511a30617afa01d
tfidf_lr,1,single_query,0,64,1,0.020425376000,20.425376000000,1,dbc1b4c900ffe48d575b5da5c638040125f65db0fe3e24494b76ea986457d986
tfidf_lr,1,single_query,0,65,1,0.021104655000,21.104655000000,-1,6e340b9cffb37a989ca544e6bb780a2c78901d3fb33738768511a30617afa01d
tfidf_lr,1,single_query,0,66,1,0.021862430000,21.862430000000,1,dbc1b4c900ffe48d575b5da5c638040125f65db0fe3e24494b76ea986457d986
tfidf_lr,1,single_query,0,67,1,0.020941746000,20.941746000000,1,dbc1b4c900ffe48d575b5da5c638040125f65db0fe3e24494b76ea986457d986
tfidf_lr,1,single_query,0,68,1,0.023249324000,23.249324000000,-1,6e340b9cffb37a989ca544e6bb780a2c78901d3fb33738768511a30617afa01d
tfidf_lr,1,single_query,0,69,1,0.023697198000,23.697198000000,-1,6e340b9cffb37a989ca544e6bb780a2c78901d3fb33738768511a30617afa01d
tfidf_lr,1,single_query,0,70,1,0.024483740000,24.483740000000,-1,6e340b9cffb37a989ca544e6bb780a2c78901d3fb33738768511a30617afa01d
tfidf_lr,1,single_query,0,71,1,0.023122362000,23.122362000000,-1,6e340b9cffb37a989ca544e6bb780a2c78901d3fb33738768511a30617afa01d
tfidf_lr,1,single_query,0,72,1,0.022189845000,22.189845000000,-1,6e340b9cffb37a989ca544e6bb780a2c78901d3fb33738768511a30617afa01d
tfidf_lr,1,single_query,0,73,1,0.025086591000,25.086591000000,-1,6e340b9cffb37a989ca544e6bb780a2c78901d3fb33738768511a30617afa01d
tfidf_lr,1,single_query,0,74,1,0.024433650000,24.433650000000,1,dbc1b4c900ffe48d575b5da5c638040125f65db0fe3e24494b76ea986457d986
tfidf_lr,1,single_query,0,75,1,0.023498128000,23.498128000000,-1,6e340b9cffb37a989ca544e6bb780a2c78901d3fb33738768511a30617afa01d
tfidf_lr,1,single_query,0,76,1,0.026813821000,26.813821000000,1,dbc1b4c900ffe48d575b5da5c638040125f65db0fe3e24494b76ea986457d986
tfidf_lr,1,single_query,0,77,1,0.021130939000,21.130939000000,-1,6e340b9cffb37a989ca544e6bb780a2c78901d3fb33738768511a30617afa01d
tfidf_lr,1,single_query,0,78,1,0.013601975000,13.601975000000,-1,6e340b9cffb37a989ca544e6bb780a2c78901d3fb33738768511a30617afa01d
tfidf_lr,1,single_query,0,79,1,0.015970762000,15.970762000000,1,dbc1b4c900ffe48d575b5da5c638040125f65db0fe3e24494b76ea986457d986
tfidf_lr,1,single_query,0,80,1,0.015545718000,15.545718000000,-1,6e340b9cffb37a989ca544e6bb780a2c78901d3fb33738768511a30617afa01d
tfidf_lr,1,single_query,0,81,1,0.014725345000,14.725345000000,-1,6e340b9cffb37a989ca544e6bb780a2c78901d3fb33738768511a30617afa01d
tfidf_lr,1,single_query,0,82,1,0.019911851000,19.911851000000,1,dbc1b4c900ffe48d575b5da5c638040125f65db0fe3e24494b76ea986457d986
tfidf_lr,1,single_query,0,83,1,0.019503037000,19.503037000000,1,dbc1b4c900ffe48d575b5da5c638040125f65db0fe3e24494b76ea986457d986
tfidf_lr,1,single_query,0,84,1,0.020739077000,20.739077000000,1,dbc1b4c900ffe48d575b5da5c638040125f65db0fe3e24494b76ea986457d986
tfidf_lr,1,single_query,0,85,1,0.021301482000,21.301482000000,1,dbc1b4c900ffe48d575b5da5c638040125f65db0fe3e24494b76ea986457d986
tfidf_lr,1,single_query,0,86,1,0.021015084000,21.015084000000,1,dbc1b4c900ffe48d575b5da5c638040125f65db0fe3e24494b76ea986457d986
tfidf_lr,1,single_query,0,87,1,0.020923715000,20.923715000000,1,dbc1b4c900ffe48d575b5da5c638040125f65db0fe3e24494b76ea986457d986
tfidf_lr,1,single_query,0,88,1,0.020576581000,20.576581000000,1,dbc1b4c900ffe48d575b5da5c638040125f65db0fe3e24494b76ea986457d986
tfidf_lr,1,single_query,0,89,1,0.017761213000,17.761213000000,-1,6e340b9cffb37a989ca544e6bb780a2c78901d3fb33738768511a30617afa01d
tfidf_lr,1,single_query,0,90,1,0.021101331000,21.101331000000,1,dbc1b4c900ffe48d575b5da5c638040125f65db0fe3e24494b76ea986457d986
tfidf_lr,1,single_query,0,91,1,0.020342697000,20.342697000000,1,dbc1b4c900ffe48d575b5da5c638040125f65db0fe3e24494b76ea986457d986
tfidf_lr,1,single_query,0,92,1,0.022837882000,22.837882000000,-1,6e340b9cffb37a989ca544e6bb780a2c78901d3fb33738768511a30617afa01d
tfidf_lr,1,single_query,0,93,1,0.022953582000,22.953582000000,1,dbc1b4c900ffe48d575b5da5c638040125f65db0fe3e24494b76ea986457d986
tfidf_lr,1,single_query,0,94,1,0.022808591000,22.808591000000,-1,6e340b9cffb37a989ca544e6bb780a2c78901d3fb33738768511a30617afa01d
tfidf_lr,1,single_query,0,95,1,0.022685445000,22.685445000000,-1,6e340b9cffb37a989ca544e6bb780a2c78901d3fb33738768511a30617afa01d
tfidf_lr,1,single_query,0,96,1,0.022667009000,22.667009000000,1,dbc1b4c900ffe48d575b5da5c638040125f65db0fe3e24494b76ea986457d986
tfidf_lr,1,single_query,0,97,1,0.022711832000,22.711832000000,1,dbc1b4c900ffe48d575b5da5c638040125f65db0fe3e24494b76ea986457d986
tfidf_lr,1,single_query,0,98,1,0.019876106000,19.876106000000,1,dbc1b4c900ffe48d575b5da5c638040125f65db0fe3e24494b76ea986457d986
tfidf_lr,1,single_query,0,99,1,0.022985175000,22.985175000000,-1,6e340b9cffb37a989ca544e6bb780a2c78901d3fb33738768511a30617afa01d
tfidf_lr,1,single_query,0,100,1,0.020951332000,20.951332000000,1,dbc1b4c900ffe48d575b5da5c638040125f65db0fe3e24494b76ea986457d986
tfidf_lr,1,single_query,0,101,1,0.023892521000,23.892521000000,1,dbc1b4c900ffe48d575b5da5c638040125f65db0fe3e24494b76ea986457d986
tfidf_lr,1,single_query,0,102,1,0.022326496000,22.326496000000,-1,6e340b9cffb37a989ca544e6bb780a2c78901d3fb33738768511a30617afa01d
tfidf_lr,1,single_query,0,103,1,0.026859046000,26.859046000000,1,dbc1b4c900ffe48d575b5da5c638040125f65db0fe3e24494b76ea986457d986
tfidf_lr,1,single_query,0,104,1,0.027578991000,27.578991000000,-1,6e340b9cffb37a989ca544e6bb780a2c78901d3fb33738768511a30617afa01d
tfidf_lr,1,single_query,0,105,1,0.024087716000,24.087716000000,1,dbc1b4c900ffe48d575b5da5c638040125f65db0fe3e24494b76ea986457d986
tfidf_lr,1,single_query,0,106,1,0.031927211000,31.927211000000,-1,6e340b9cffb37a989ca544e6bb780a2c78901d3fb33738768511a30617afa01d
tfidf_lr,1,single_query,0,107,1,0.026588830000,26.588830000000,-1,6e340b9cffb37a989ca544e6bb780a2c78901d3fb33738768511a30617afa01d
tfidf_lr,1,single_query,0,108,1,0.026360494000,26.360494000000,-1,6e340b9cffb37a989ca544e6bb780a2c78901d3fb33738768511a30617afa01d
tfidf_lr,1,single_query,0,109,1,0.026576230000,26.576230000000,-1,6e340b9cffb37a989ca544e6bb780a2c78901d3fb33738768511a30617afa01d
tfidf_lr,1,single_query,0,110,1,0.022741835000,22.741835000000,-1,6e340b9cffb37a989ca544e6bb780a2c78901d3fb33738768511a30617afa01d
tfidf_lr,1,single_query,0,111,1,0.024380882000,24.380882000000,-1,6e340b9cffb37a989ca544e6bb780a2c78901d3fb33738768511a30617afa01d
tfidf_lr,1,single_query,0,112,1,0.028237940000,28.237940000000,-1,6e340b9cffb37a989ca544e6bb780a2c78901d3fb33738768511a30617afa01d
tfidf_lr,1,single_query,0,113,1,0.027648150000,27.648150000000,-1,6e340b9cffb37a989ca544e6bb780a2c78901d3fb33738768511a30617afa01d
tfidf_lr,1,single_query,0,114,1,0.027132880000,27.132880000000,-1,6e340b9cffb37a989ca544e6bb780a2c78901d3fb33738768511a30617afa01d
tfidf_lr,1,single_query,0,115,1,0.024812623000,24.812623000000,-1,6e340b9cffb37a989ca544e6bb780a2c78901d3fb33738768511a30617afa01d
tfidf_lr,1,single_query,0,116,1,0.023638014000,23.638014000000,1,dbc1b4c900ffe48d575b5da5c638040125f65db0fe3e24494b76ea986457d986
tfidf_lr,1,single_query,0,117,1,0.026146617000,26.146617000000,1,dbc1b4c900ffe48d575b5da5c638040125f65db0fe3e24494b76ea986457d986
tfidf_lr,1,single_query,0,118,1,0.026432259000,26.432259000000,1,dbc1b4c900ffe48d575b5da5c638040125f65db0fe3e24494b76ea986457d986
tfidf_lr,1,single_query,0,119,1,0.022154499000,22.154499000000,-1,6e340b9cffb37a989ca544e6bb780a2c78901d3fb33738768511a30617afa01d
tfidf_lr,1,single_query,0,120,1,0.012422720000,12.422720000000,-1,6e340b9cffb37a989ca544e6bb780a2c78901d3fb33738768511a30617afa01d
tfidf_lr,1,single_query,0,121,1,0.044523136000,44.523136000000,-1,6e340b9cffb37a989ca544e6bb780a2c78901d3fb33738768511a30617afa01d
tfidf_lr,1,single_query,0,122,1,0.040320079000,40.320079000000,-1,6e340b9cffb37a989ca544e6bb780a2c78901d3fb33738768511a30617afa01d
tfidf_lr,1,single_query,0,123,1,0.044590941000,44.590941000000,-1,6e340b9cffb37a989ca544e6bb780a2c78901d3fb33738768511a30617afa01d
tfidf_lr,1,single_query,0,124,1,0.043021879000,43.021879000000,-1,6e340b9cffb37a989ca544e6bb780a2c78901d3fb33738768511a30617afa01d
tfidf_lr,1,single_query,0,125,1,0.042351070000,42.351070000000,1,dbc1b4c900ffe48d575b5da5c638040125f65db0fe3e24494b76ea986457d986
tfidf_lr,1,single_query,0,126,1,0.043106785000,43.106785000000,1,dbc1b4c900ffe48d575b5da5c638040125f65db0fe3e24494b76ea986457d986
tfidf_lr,1,single_query,0,127,1,0.026519952000,26.519952000000,-1,6e340b9cffb37a989ca544e6bb780a2c78901d3fb33738768511a30617afa01d
tfidf_lr,1,single_query,0,128,1,0.034378321000,34.378321000000,1,dbc1b4c900ffe48d575b5da5c638040125f65db0fe3e24494b76ea986457d986
tfidf_lr,1,single_query,0,129,1,0.033031879000,33.031879000000,-1,6e340b9cffb37a989ca544e6bb780a2c78901d3fb33738768511a30617afa01d
tfidf_lr,1,single_query,0,130,1,0.038631245000,38.631245000000,1,dbc1b4c900ffe48d575b5da5c638040125f65db0fe3e24494b76ea986457d986
tfidf_lr,1,single_query,0,131,1,0.028733546000,28.733546000000,1,dbc1b4c900ffe48d575b5da5c638040125f65db0fe3e24494b76ea986457d986
tfidf_lr,1,single_query,0,132,1,0.047358857000,47.358857000000,-1,6e340b9cffb37a989ca544e6bb780a2c78901d3fb33738768511a30617afa01d
tfidf_lr,1,single_query,0,133,1,0.029685108000,29.685108000000,-1,6e340b9cffb37a989ca544e6bb780a2c78901d3fb33738768511a30617afa01d
tfidf_lr,1,single_query,0,134,1,0.043525687000,43.525687000000,-1,6e340b9cffb37a989ca544e6bb780a2c78901d3fb33738768511a30617afa01d
tfidf_lr,1,single_query,0,135,1,0.043829564000,43.829564000000,1,dbc1b4c900ffe48d575b5da5c638040125f65db0fe3e24494b76ea986457d986
tfidf_lr,1,single_query,0,136,1,0.038774532000,38.774532000000,-1,6e340b9cffb37a989ca544e6bb780a2c78901d3fb33738768511a30617afa01d
tfidf_lr,1,single_query,0,137,1,0.033958538000,33.958538000000,1,dbc1b4c900ffe48d575b5da5c638040125f65db0fe3e24494b76ea986457d986
tfidf_lr,1,single_query,0,138,1,0.034299890000,34.299890000000,-1,6e340b9cffb37a989ca544e6bb780a2c78901d3fb33738768511a30617afa01d
tfidf_lr,1,single_query,0,139,1,0.035098894000,35.098894000000,-1,6e340b9cffb37a989ca544e6bb780a2c78901d3fb33738768511a30617afa01d
tfidf_lr,1,single_query,0,140,1,0.020808937000,20.808937000000,-1,6e340b9cffb37a989ca544e6bb780a2c78901d3fb33738768511a30617afa01d
tfidf_lr,1,single_query,0,141,1,0.029311262000,29.311262000000,1,dbc1b4c900ffe48d575b5da5c638040125f65db0fe3e24494b76ea986457d986
tfidf_lr,1,single_query,0,142,1,0.033188152000,33.188152000000,1,dbc1b4c900ffe48d575b5da5c638040125f65db0fe3e24494b76ea986457d986
tfidf_lr,1,single_query,0,143,1,0.044121334000,44.121334000000,-1,6e340b9cffb37a989ca544e6bb780a2c78901d3fb33738768511a30617afa01d
tfidf_lr,1,single_query,0,144,1,0.047593432000,47.593432000000,-1,6e340b9cffb37a989ca544e6bb780a2c78901d3fb33738768511a30617afa01d
tfidf_lr,1,single_query,0,145,1,0.049469725000,49.469725000000,1,dbc1b4c900ffe48d575b5da5c638040125f65db0fe3e24494b76ea986457d986
tfidf_lr,1,single_query,0,146,1,0.042218410000,42.218410000000,1,dbc1b4c900ffe48d575b5da5c638040125f65db0fe3e24494b76ea986457d986
tfidf_lr,1,single_query,0,147,1,0.043997166000,43.997166000000,-1,6e340b9cffb37a989ca544e6bb780a2c78901d3fb33738768511a30617afa01d
tfidf_lr,1,single_query,0,148,1,0.042533772000,42.533772000000,1,dbc1b4c900ffe48d575b5da5c638040125f65db0fe3e24494b76ea986457d986
tfidf_lr,1,single_query,0,149,1,0.042730257000,42.730257000000,-1,6e340b9cffb37a989ca544e6bb780a2c78901d3fb33738768511a30617afa01d
tfidf_lr,1,single_query,0,150,1,0.043680858000,43.680858000000,-1,6e340b9cffb37a989ca544e6bb780a2c78901d3fb33738768511a30617afa01d
tfidf_lr,1,single_query,0,151,1,0.043639663000,43.639663000000,-1,6e340b9cffb37a989ca544e6bb780a2c78901d3fb33738768511a30617afa01d
tfidf_lr,1,single_query,0,152,1,0.044339558000,44.339558000000,-1,6e340b9cffb37a989ca544e6bb780a2c78901d3fb33738768511a30617afa01d
tfidf_lr,1,single_query,0,153,1,0.045974579000,45.974579000000,-1,6e340b9cffb37a989ca544e6bb780a2c78901d3fb33738768511a30617afa01d
tfidf_lr,1,single_query,0,154,1,0.044657810000,44.657810000000,1,dbc1b4c900ffe48d575b5da5c638040125f65db0fe3e24494b76ea986457d986
tfidf_lr,1,single_query,0,155,1,0.045252184000,45.252184000000,1,dbc1b4c900ffe48d575b5da5c638040125f65db0fe3e24494b76ea986457d986
tfidf_lr,1,single_query,0,156,1,0.043324708000,43.324708000000,-1,6e340b9cffb37a989ca544e6bb780a2c78901d3fb33738768511a30617afa01d
tfidf_lr,1,single_query,0,157,1,0.044338963000,44.338963000000,1,dbc1b4c900ffe48d575b5da5c638040125f65db0fe3e24494b76ea986457d986
tfidf_lr,1,single_query,0,158,1,0.045297991000,45.297991000000,1,dbc1b4c900ffe48d575b5da5c638040125f65db0fe3e24494b76ea986457d986
tfidf_lr,1,single_query,0,159,1,0.044058995000,44.058995000000,-1,6e340b9cffb37a989ca544e6bb780a2c78901d3fb33738768511a30617afa01d
tfidf_lr,1,single_query,0,160,1,0.043867630000,43.867630000000,-1,6e340b9cffb37a989ca544e6bb780a2c78901d3fb33738768511a30617afa01d
tfidf_lr,1,single_query,0,161,1,0.024599779000,24.599779000000,1,dbc1b4c900ffe48d575b5da5c638040125f65db0fe3e24494b76ea986457d986
tfidf_lr,1,single_query,0,162,1,0.032114529000,32.114529000000,1,dbc1b4c900ffe48d575b5da5c638040125f65db0fe3e24494b76ea986457d986
tfidf_lr,1,single_query,0,163,1,0.041385748000,41.385748000000,1,dbc1b4c900ffe48d575b5da5c638040125f65db0fe3e24494b76ea986457d986
tfidf_lr,1,single_query,0,164,1,0.033794774000,33.794774000000,1,dbc1b4c900ffe48d575b5da5c638040125f65db0fe3e24494b76ea986457d986
tfidf_lr,1,single_query,0,165,1,0.043868139000,43.868139000000,-1,6e340b9cffb37a989ca544e6bb780a2c78901d3fb33738768511a30617afa01d
tfidf_lr,1,single_query,0,166,1,0.047689901000,47.689901000000,1,dbc1b4c900ffe48d575b5da5c638040125f65db0fe3e24494b76ea986457d986
tfidf_lr,1,single_query,0,167,1,0.042972937000,42.972937000000,-1,6e340b9cffb37a989ca544e6bb780a2c78901d3fb33738768511a30617afa01d
tfidf_lr,1,single_query,0,168,1,0.046519913000,46.519913000000,1,dbc1b4c900ffe48d575b5da5c638040125f65db0fe3e24494b76ea986457d986
tfidf_lr,1,single_query,0,169,1,0.048169562000,48.169562000000,-1,6e340b9cffb37a989ca544e6bb780a2c78901d3fb33738768511a30617afa01d
tfidf_lr,1,single_query,0,170,1,0.028131374000,28.131374000000,-1,6e340b9cffb37a989ca544e6bb780a2c78901d3fb33738768511a30617afa01d
tfidf_lr,1,single_query,0,171,1,0.029583355000,29.583355000000,-1,6e340b9cffb37a989ca544e6bb780a2c78901d3fb33738768511a30617afa01d
tfidf_lr,1,single_query,0,172,1,0.028398668000,28.398668000000,-1,6e340b9cffb37a989ca544e6bb780a2c78901d3fb33738768511a30617afa01d
tfidf_lr,1,single_query,0,173,1,0.025119893000,25.119893000000,1,dbc1b4c900ffe48d575b5da5c638040125f65db0fe3e24494b76ea986457d986
tfidf_lr,1,single_query,0,174,1,0.034603649000,34.603649000000,1,dbc1b4c900ffe48d575b5da5c638040125f65db0fe3e24494b76ea986457d986
tfidf_lr,1,single_query,0,175,1,0.045195719000,45.195719000000,1,dbc1b4c900ffe48d575b5da5c638040125f65db0fe3e24494b76ea986457d986
tfidf_lr,1,single_query,0,176,1,0.044533261000,44.533261000000,1,dbc1b4c900ffe48d575b5da5c638040125f65db0fe3e24494b76ea986457d986
tfidf_lr,1,single_query,0,177,1,0.045358636000,45.358636000000,-1,6e340b9cffb37a989ca544e6bb780a2c78901d3fb33738768511a30617afa01d
tfidf_lr,1,single_query,0,178,1,0.044946385000,44.946385000000,1,dbc1b4c900ffe48d575b5da5c638040125f65db0fe3e24494b76ea986457d986
tfidf_lr,1,single_query,0,179,1,0.020222115000,20.222115000000,-1,6e340b9cffb37a989ca544e6bb780a2c78901d3fb33738768511a30617afa01d
tfidf_lr,1,single_query,0,180,1,0.017216584000,17.216584000000,1,dbc1b4c900ffe48d575b5da5c638040125f65db0fe3e24494b76ea986457d986
tfidf_lr,1,single_query,0,181,1,0.027624928000,27.624928000000,-1,6e340b9cffb37a989ca544e6bb780a2c78901d3fb33738768511a30617afa01d
tfidf_lr,1,single_query,0,182,1,0.022976360000,22.976360000000,1,dbc1b4c900ffe48d575b5da5c638040125f65db0fe3e24494b76ea986457d986
tfidf_lr,1,single_query,0,183,1,0.022439422000,22.439422000000,-1,6e340b9cffb37a989ca544e6bb780a2c78901d3fb33738768511a30617afa01d
tfidf_lr,1,single_query,0,184,1,0.032771724000,32.771724000000,-1,6e340b9cffb37a989ca544e6bb780a2c78901d3fb33738768511a30617afa01d
tfidf_lr,1,single_query,0,185,1,0.031467534000,31.467534000000,1,dbc1b4c900ffe48d575b5da5c638040125f65db0fe3e24494b76ea986457d986
tfidf_lr,1,single_query,0,186,1,0.032210469000,32.210469000000,1,dbc1b4c900ffe48d575b5da5c638040125f65db0fe3e24494b76ea986457d986
tfidf_lr,1,single_query,0,187,1,0.030135281000,30.135281000000,1,dbc1b4c900ffe48d575b5da5c638040125f65db0fe3e24494b76ea986457d986
tfidf_lr,1,single_query,0,188,1,0.037952852000,37.952852000000,1,dbc1b4c900ffe48d575b5da5c638040125f65db0fe3e24494b76ea986457d986
tfidf_lr,1,single_query,0,189,1,0.039055352000,39.055352000000,-1,6e340b9cffb37a989ca544e6bb780a2c78901d3fb33738768511a30617afa01d
tfidf_lr,1,single_query,0,190,1,0.035102640000,35.102640000000,1,dbc1b4c900ffe48d575b5da5c638040125f65db0fe3e24494b76ea986457d986
tfidf_lr,1,single_query,0,191,1,0.034041847000,34.041847000000,1,dbc1b4c900ffe48d575b5da5c638040125f65db0fe3e24494b76ea986457d986
tfidf_lr,1,single_query,0,192,1,0.044884780000,44.884780000000,1,dbc1b4c900ffe48d575b5da5c638040125f65db0fe3e24494b76ea986457d986
tfidf_lr,1,single_query,0,193,1,0.045739936000,45.739936000000,1,dbc1b4c900ffe48d575b5da5c638040125f65db0fe3e24494b76ea986457d986
tfidf_lr,1,single_query,0,194,1,0.047573188000,47.573188000000,1,dbc1b4c900ffe48d575b5da5c638040125f65db0fe3e24494b76ea986457d986
tfidf_lr,1,single_query,0,195,1,0.047520755000,47.520755000000,-1,6e340b9cffb37a989ca544e6bb780a2c78901d3fb33738768511a30617afa01d
tfidf_lr,1,single_query,0,196,1,0.045722071000,45.722071000000,1,dbc1b4c900ffe48d575b5da5c638040125f65db0fe3e24494b76ea986457d986
tfidf_lr,1,single_query,0,197,1,0.049177265000,49.177265000000,-1,6e340b9cffb37a989ca544e6bb780a2c78901d3fb33738768511a30617afa01d
tfidf_lr,1,single_query,0,198,1,0.049463452000,49.463452000000,-1,6e340b9cffb37a989ca544e6bb780a2c78901d3fb33738768511a30617afa01d
tfidf_lr,1,single_query,0,199,1,0.047230312000,47.230312000000,-1,6e340b9cffb37a989ca544e6bb780a2c78901d3fb33738768511a30617afa01d
tfidf_lr,1,single_query,0,200,1,0.048836445000,48.836445000000,-1,6e340b9cffb37a989ca544e6bb780a2c78901d3fb33738768511a30617afa01d
tfidf_lr,1,single_query,0,201,1,0.048640369000,48.640369000000,1,dbc1b4c900ffe48d575b5da5c638040125f65db0fe3e24494b76ea986457d986
tfidf_lr,1,single_query,0,202,1,0.048571694000,48.571694000000,-1,6e340b9cffb37a989ca544e6bb780a2c78901d3fb33738768511a30617afa01d
tfidf_lr,1,single_query,0,203,1,0.049819059000,49.819059000000,1,dbc1b4c900ffe48d575b5da5c638040125f65db0fe3e24494b76ea986457d986
tfidf_lr,1,single_query,0,204,1,0.047502882000,47.502882000000,1,dbc1b4c900ffe48d575b5da5c638040125f65db0fe3e24494b76ea986457d986
tfidf_lr,1,single_query,0,205,1,0.047519429000,47.519429000000,-1,6e340b9cffb37a989ca544e6bb780a2c78901d3fb33738768511a30617afa01d
tfidf_lr,1,single_query,0,206,1,0.046864386000,46.864386000000,-1,6e340b9cffb37a989ca544e6bb780a2c78901d3fb33738768511a30617afa01d
tfidf_lr,1,single_query,0,207,1,0.048004402000,48.004402000000,1,dbc1b4c900ffe48d575b5da5c638040125f65db0fe3e24494b76ea986457d986
tfidf_lr,1,single_query,0,208,1,0.038134979000,38.134979000000,-1,6e340b9cffb37a989ca544e6bb780a2c78901d3fb33738768511a30617afa01d
tfidf_lr,1,single_query,0,209,1,0.035263329000,35.263329000000,1,dbc1b4c900ffe48d575b5da5c638040125f65db0fe3e24494b76ea986457d986
tfidf_lr,1,single_query,0,210,1,0.038510050000,38.510050000000,-1,6e340b9cffb37a989ca544e6bb780a2c78901d3fb33738768511a30617afa01d
tfidf_lr,1,single_query,0,211,1,0.043087574000,43.087574000000,1,dbc1b4c900ffe48d575b5da5c638040125f65db0fe3e24494b76ea986457d986
tfidf_lr,1,single_query,0,212,1,0.042325885000,42.325885000000,-1,6e340b9cffb37a989ca544e6bb780a2c78901d3fb33738768511a30617afa01d
tfidf_lr,1,single_query,0,213,1,0.028474164000,28.474164000000,1,dbc1b4c900ffe48d575b5da5c638040125f65db0fe3e24494b76ea986457d986
tfidf_lr,1,single_query,0,214,1,0.038490072000,38.490072000000,-1,6e340b9cffb37a989ca544e6bb780a2c78901d3fb33738768511a30617afa01d
tfidf_lr,1,single_query,0,215,1,0.027637327000,27.637327000000,1,dbc1b4c900ffe48d575b5da5c638040125f65db0fe3e24494b76ea986457d986
tfidf_lr,1,single_query,0,216,1,0.039635181000,39.635181000000,-1,6e340b9cffb37a989ca544e6bb780a2c78901d3fb33738768511a30617afa01d
tfidf_lr,1,single_query,0,217,1,0.039083775000,39.083775000000,1,dbc1b4c900ffe48d575b5da5c638040125f65db0fe3e24494b76ea986457d986
tfidf_lr,1,single_query,0,218,1,0.039018585000,39.018585000000,-1,6e340b9cffb37a989ca544e6bb780a2c78901d3fb33738768511a30617afa01d
tfidf_lr,1,single_query,0,219,1,0.032774511000,32.774511000000,-1,6e340b9cffb37a989ca544e6bb780a2c78901d3fb33738768511a30617afa01d
tfidf_lr,1,single_query,0,220,1,0.037511607000,37.511607000000,1,dbc1b4c900ffe48d575b5da5c638040125f65db0fe3e24494b76ea986457d986
tfidf_lr,1,single_query,0,221,1,0.046486810000,46.486810000000,-1,6e340b9cffb37a989ca544e6bb780a2c78901d3fb33738768511a30617afa01d
tfidf_lr,1,single_query,0,222,1,0.044657933000,44.657933000000,1,dbc1b4c900ffe48d575b5da5c638040125f65db0fe3e24494b76ea986457d986
tfidf_lr,1,single_query,0,223,1,0.049178577000,49.178577000000,1,dbc1b4c900ffe48d575b5da5c638040125f65db0fe3e24494b76ea986457d986
tfidf_lr,1,single_query,0,224,1,0.046567263000,46.567263000000,1,dbc1b4c900ffe48d575b5da5c638040125f65db0fe3e24494b76ea986457d986
tfidf_lr,1,single_query,0,225,1,0.046317617000,46.317617000000,1,dbc1b4c900ffe48d575b5da5c638040125f65db0fe3e24494b76ea986457d986
tfidf_lr,1,single_query,0,226,1,0.046303758000,46.303758000000,-1,6e340b9cffb37a989ca544e6bb780a2c78901d3fb33738768511a30617afa01d
tfidf_lr,1,single_query,0,227,1,0.046076182000,46.076182000000,1,dbc1b4c900ffe48d575b5da5c638040125f65db0fe3e24494b76ea986457d986
tfidf_lr,1,single_query,0,228,1,0.047713415000,47.713415000000,-1,6e340b9cffb37a989ca544e6bb780a2c78901d3fb33738768511a30617afa01d
tfidf_lr,1,single_query,0,229,1,0.049702605000,49.702605000000,1,dbc1b4c900ffe48d575b5da5c638040125f65db0fe3e24494b76ea986457d986
tfidf_lr,1,single_query,0,230,1,0.043565562000,43.565562000000,-1,6e340b9cffb37a989ca544e6bb780a2c78901d3fb33738768511a30617afa01d
tfidf_lr,1,single_query,0,231,1,0.047065140000,47.065140000000,-1,6e340b9cffb37a989ca544e6bb780a2c78901d3fb33738768511a30617afa01d
tfidf_lr,1,single_query,0,232,1,0.045666193000,45.666193000000,-1,6e340b9cffb37a989ca544e6bb780a2c78901d3fb33738768511a30617afa01d
tfidf_lr,1,single_query,0,233,1,0.049410595000,49.410595000000,-1,6e340b9cffb37a989ca544e6bb780a2c78901d3fb33738768511a30617afa01d
tfidf_lr,1,single_query,0,234,1,0.042146372000,42.146372000000,-1,6e340b9cffb37a989ca544e6bb780a2c78901d3fb33738768511a30617afa01d
tfidf_lr,1,single_query,0,235,1,0.043220514000,43.220514000000,-1,6e340b9cffb37a989ca544e6bb780a2c78901d3fb33738768511a30617afa01d
tfidf_lr,1,single_query,0,236,1,0.040703031000,40.703031000000,-1,6e340b9cffb37a989ca544e6bb780a2c78901d3fb33738768511a30617afa01d
tfidf_lr,1,single_query,0,237,1,0.040363465000,40.363465000000,-1,6e340b9cffb37a989ca544e6bb780a2c78901d3fb33738768511a30617afa01d
tfidf_lr,1,single_query,0,238,1,0.036213545000,36.213545000000,-1,6e340b9cffb37a989ca544e6bb780a2c78901d3fb33738768511a30617afa01d
tfidf_lr,1,single_query,0,239,1,0.047643979000,47.643979000000,-1,6e340b9cffb37a989ca544e6bb780a2c78901d3fb33738768511a30617afa01d
tfidf_lr,1,single_query,0,240,1,0.048662863000,48.662863000000,-1,6e340b9cffb37a989ca544e6bb780a2c78901d3fb33738768511a30617afa01d
tfidf_lr,1,single_query,0,241,1,0.046223927000,46.223927000000,-1,6e340b9cffb37a989ca544e6bb780a2c78901d3fb33738768511a30617afa01d
tfidf_lr,1,single_query,0,242,1,0.033688753000,33.688753000000,1,dbc1b4c900ffe48d575b5da5c638040125f65db0fe3e24494b76ea986457d986
tfidf_lr,1,single_query,0,243,1,0.036755079000,36.755079000000,-1,6e340b9cffb37a989ca544e6bb780a2c78901d3fb33738768511a30617afa01d
tfidf_lr,1,single_query,0,244,1,0.039892553000,39.892553000000,1,dbc1b4c900ffe48d575b5da5c638040125f65db0fe3e24494b76ea986457d986
tfidf_lr,1,single_query,0,245,1,0.048932304000,48.932304000000,1,dbc1b4c900ffe48d575b5da5c638040125f65db0fe3e24494b76ea986457d986
tfidf_lr,1,single_query,0,246,1,0.044655635000,44.655635000000,-1,6e340b9cffb37a989ca544e6bb780a2c78901d3fb33738768511a30617afa01d
tfidf_lr,1,single_query,0,247,1,0.050978999000,50.978999000000,1,dbc1b4c900ffe48d575b5da5c638040125f65db0fe3e24494b76ea986457d986
tfidf_lr,1,single_query,0,248,1,0.051236546000,51.236546000000,-1,6e340b9cffb37a989ca544e6bb780a2c78901d3fb33738768511a30617afa01d
tfidf_lr,1,single_query,0,249,1,0.045567613000,45.567613000000,-1,6e340b9cffb37a989ca544e6bb780a2c78901d3fb33738768511a30617afa01d
tfidf_lr,1,single_query,0,250,1,0.051289965000,51.289965000000,1,dbc1b4c900ffe48d575b5da5c638040125f65db0fe3e24494b76ea986457d986
tfidf_lr,1,single_query,0,251,1,0.042733151000,42.733151000000,1,dbc1b4c900ffe48d575b5da5c638040125f65db0fe3e24494b76ea986457d986
tfidf_lr,1,single_query,0,252,1,0.036167827000,36.167827000000,-1,6e340b9cffb37a989ca544e6bb780a2c78901d3fb33738768511a30617afa01d
tfidf_lr,1,single_query,0,253,1,0.049018693000,49.018693000000,-1,6e340b9cffb37a989ca544e6bb780a2c78901d3fb33738768511a30617afa01d
tfidf_lr,1,single_query,0,254,1,0.042271409000,42.271409000000,-1,6e340b9cffb37a989ca544e6bb780a2c78901d3fb33738768511a30617afa01d
tfidf_lr,1,single_query,0,255,1,0.039184545000,39.184545000000,-1,6e340b9cffb37a989ca544e6bb780a2c78901d3fb33738768511a30617afa01d
tfidf_lr,2,init,0,,4263,97.900033815000,,,
tfidf_lr,2,single_query,0,0,1,0.046810155000,46.810155000000,-1,6e340b9cffb37a989ca544e6bb780a2c78901d3fb33738768511a30617afa01d
tfidf_lr,2,single_query,0,1,1,0.025188011000,25.188011000000,1,dbc1b4c900ffe48d575b5da5c638040125f65db0fe3e24494b76ea986457d986
tfidf_lr,2,single_query,0,2,1,0.017232688000,17.232688000000,-1,6e340b9cffb37a989ca544e6bb780a2c78901d3fb33738768511a30617afa01d
tfidf_lr,2,single_query,0,3,1,0.024925205000,24.925205000000,1,dbc1b4c900ffe48d575b5da5c638040125f65db0fe3e24494b76ea986457d986
tfidf_lr,2,single_query,0,4,1,0.034936583000,34.936583000000,-1,6e340b9cffb37a989ca544e6bb780a2c78901d3fb33738768511a30617afa01d
tfidf_lr,2,single_query,0,5,1,0.048487974000,48.487974000000,1,dbc1b4c900ffe48d575b5da5c638040125f65db0fe3e24494b76ea986457d986
tfidf_lr,2,single_query,0,6,1,0.047304783000,47.304783000000,1,dbc1b4c900ffe48d575b5da5c638040125f65db0fe3e24494b76ea986457d986
tfidf_lr,2,single_query,0,7,1,0.025795106000,25.795106000000,1,dbc1b4c900ffe48d575b5da5c638040125f65db0fe3e24494b76ea986457d986
tfidf_lr,2,single_query,0,8,1,0.023451932000,23.451932000000,1,dbc1b4c900ffe48d575b5da5c638040125f65db0fe3e24494b76ea986457d986
tfidf_lr,2,single_query,0,9,1,0.038026027000,38.026027000000,1,dbc1b4c900ffe48d575b5da5c638040125f65db0fe3e24494b76ea986457d986
tfidf_lr,2,single_query,0,10,1,0.046863717000,46.863717000000,1,dbc1b4c900ffe48d575b5da5c638040125f65db0fe3e24494b76ea986457d986
tfidf_lr,2,single_query,0,11,1,0.049674949000,49.674949000000,-1,6e340b9cffb37a989ca544e6bb780a2c78901d3fb33738768511a30617afa01d
tfidf_lr,2,single_query,0,12,1,0.053535098000,53.535098000000,-1,6e340b9cffb37a989ca544e6bb780a2c78901d3fb33738768511a30617afa01d
tfidf_lr,2,single_query,0,13,1,0.028356248000,28.356248000000,-1,6e340b9cffb37a989ca544e6bb780a2c78901d3fb33738768511a30617afa01d
tfidf_lr,2,single_query,0,14,1,0.026479765000,26.479765000000,1,dbc1b4c900ffe48d575b5da5c638040125f65db0fe3e24494b76ea986457d986
tfidf_lr,2,single_query,0,15,1,0.035353350000,35.353350000000,-1,6e340b9cffb37a989ca544e6bb780a2c78901d3fb33738768511a30617afa01d
tfidf_lr,2,single_query,0,16,1,0.035422383000,35.422383000000,1,dbc1b4c900ffe48d575b5da5c638040125f65db0fe3e24494b76ea986457d986
tfidf_lr,2,single_query,0,17,1,0.025609705000,25.609705000000,1,dbc1b4c900ffe48d575b5da5c638040125f65db0fe3e24494b76ea986457d986
tfidf_lr,2,single_query,0,18,1,0.032150251000,32.150251000000,1,dbc1b4c900ffe48d575b5da5c638040125f65db0fe3e24494b76ea986457d986
tfidf_lr,2,single_query,0,19,1,0.016445636000,16.445636000000,-1,6e340b9cffb37a989ca544e6bb780a2c78901d3fb33738768511a30617afa01d
tfidf_lr,2,single_query,0,20,1,0.020420939000,20.420939000000,1,dbc1b4c900ffe48d575b5da5c638040125f65db0fe3e24494b76ea986457d986
tfidf_lr,2,single_query,0,21,1,0.021668513000,21.668513000000,-1,6e340b9cffb37a989ca544e6bb780a2c78901d3fb33738768511a30617afa01d
tfidf_lr,2,single_query,0,22,1,0.022014963000,22.014963000000,-1,6e340b9cffb37a989ca544e6bb780a2c78901d3fb33738768511a30617afa01d
tfidf_lr,2,single_query,0,23,1,0.021697383000,21.697383000000,-1,6e340b9cffb37a989ca544e6bb780a2c78901d3fb33738768511a30617afa01d
tfidf_lr,2,single_query,0,24,1,0.026240241000,26.240241000000,1,dbc1b4c900ffe48d575b5da5c638040125f65db0fe3e24494b76ea986457d986
tfidf_lr,2,single_query,0,25,1,0.028851960000,28.851960000000,1,dbc1b4c900ffe48d575b5da5c638040125f65db0fe3e24494b76ea986457d986
tfidf_lr,2,single_query,0,26,1,0.027806520000,27.806520000000,-1,6e340b9cffb37a989ca544e6bb780a2c78901d3fb33738768511a30617afa01d
tfidf_lr,2,single_query,0,27,1,0.024653120000,24.653120000000,-1,6e340b9cffb37a989ca544e6bb780a2c78901d3fb33738768511a30617afa01d
tfidf_lr,2,single_query,0,28,1,0.024584367000,24.584367000000,-1,6e340b9cffb37a989ca544e6bb780a2c78901d3fb33738768511a30617afa01d
tfidf_lr,2,single_query,0,29,1,0.024018996000,24.018996000000,1,dbc1b4c900ffe48d575b5da5c638040125f65db0fe3e24494b76ea986457d986
tfidf_lr,2,single_query,0,30,1,0.021445450000,21.445450000000,1,dbc1b4c900ffe48d575b5da5c638040125f65db0fe3e24494b76ea986457d986
tfidf_lr,2,single_query,0,31,1,0.024612690000,24.612690000000,1,dbc1b4c900ffe48d575b5da5c638040125f65db0fe3e24494b76ea986457d986
tfidf_lr,2,single_query,0,32,1,0.034030883000,34.030883000000,1,dbc1b4c900ffe48d575b5da5c638040125f65db0fe3e24494b76ea986457d986
tfidf_lr,2,single_query,0,33,1,0.036129486000,36.129486000000,-1,6e340b9cffb37a989ca544e6bb780a2c78901d3fb33738768511a30617afa01d
tfidf_lr,2,single_query,0,34,1,0.047993917000,47.993917000000,-1,6e340b9cffb37a989ca544e6bb780a2c78901d3fb33738768511a30617afa01d
tfidf_lr,2,single_query,0,35,1,0.046676802000,46.676802000000,1,dbc1b4c900ffe48d575b5da5c638040125f65db0fe3e24494b76ea986457d986
tfidf_lr,2,single_query,0,36,1,0.047798831000,47.798831000000,1,dbc1b4c900ffe48d575b5da5c638040125f65db0fe3e24494b76ea986457d986
tfidf_lr,2,single_query,0,37,1,0.027548206000,27.548206000000,1,dbc1b4c900ffe48d575b5da5c638040125f65db0fe3e24494b76ea986457d986
tfidf_lr,2,single_query,0,38,1,0.027540006000,27.540006000000,1,dbc1b4c900ffe48d575b5da5c638040125f65db0fe3e24494b76ea986457d986
tfidf_lr,2,single_query,0,39,1,0.022260456000,22.260456000000,-1,6e340b9cffb37a989ca544e6bb780a2c78901d3fb33738768511a30617afa01d
tfidf_lr,2,single_query,0,40,1,0.019481507000,19.481507000000,1,dbc1b4c900ffe48d575b5da5c638040125f65db0fe3e24494b76ea986457d986
tfidf_lr,2,single_query,0,41,1,0.021605039000,21.605039000000,-1,6e340b9cffb37a989ca544e6bb780a2c78901d3fb33738768511a30617afa01d
tfidf_lr,2,single_query,0,42,1,0.022365160000,22.365160000000,1,dbc1b4c900ffe48d575b5da5c638040125f65db0fe3e24494b76ea986457d986
tfidf_lr,2,single_query,0,43,1,0.019230352000,19.230352000000,1,dbc1b4c900ffe48d575b5da5c638040125f65db0fe3e24494b76ea986457d986
tfidf_lr,2,single_query,0,44,1,0.020030621000,20.030621000000,1,dbc1b4c900ffe48d575b5da5c638040125f65db0fe3e24494b76ea986457d986
tfidf_lr,2,single_query,0,45,1,0.019974551000,19.974551000000,-1,6e340b9cffb37a989ca544e6bb780a2c78901d3fb33738768511a30617afa01d
tfidf_lr,2,single_query,0,46,1,0.017807722000,17.807722000000,1,dbc1b4c900ffe48d575b5da5c638040125f65db0fe3e24494b76ea986457d986
tfidf_lr,2,single_query,0,47,1,0.022098534000,22.098534000000,-1,6e340b9cffb37a989ca544e6bb780a2c78901d3fb33738768511a30617afa01d
tfidf_lr,2,single_query,0,48,1,0.022596549000,22.596549000000,1,dbc1b4c900ffe48d575b5da5c638040125f65db0fe3e24494b76ea986457d986
tfidf_lr,2,single_query,0,49,1,0.029550553000,29.550553000000,-1,6e340b9cffb37a989ca544e6bb780a2c78901d3fb33738768511a30617afa01d
tfidf_lr,2,single_query,0,50,1,0.021830576000,21.830576000000,1,dbc1b4c900ffe48d575b5da5c638040125f65db0fe3e24494b76ea986457d986
tfidf_lr,2,single_query,0,51,1,0.026146080000,26.146080000000,1,dbc1b4c900ffe48d575b5da5c638040125f65db0fe3e24494b76ea986457d986
tfidf_lr,2,single_query,0,52,1,0.019004462000,19.004462000000,-1,6e340b9cffb37a989ca544e6bb780a2c78901d3fb33738768511a30617afa01d
tfidf_lr,2,single_query,0,53,1,0.019613099000,19.613099000000,1,dbc1b4c900ffe48d575b5da5c638040125f65db0fe3e24494b76ea986457d986
tfidf_lr,2,single_query,0,54,1,0.023226224000,23.226224000000,-1,6e340b9cffb37a989ca544e6bb780a2c78901d3fb33738768511a30617afa01d
tfidf_lr,2,single_query,0,55,1,0.021570066000,21.570066000000,-1,6e340b9cffb37a989ca544e6bb780a2c78901d3fb33738768511a30617afa01d
tfidf_lr,2,single_query,0,56,1,0.021282629000,21.282629000000,1,dbc1b4c900ffe48d575b5da5c638040125f65db0fe3e24494b76ea986457d986
tfidf_lr,2,single_query,0,57,1,0.020804581000,20.804581000000,-1,6e340b9cffb37a989ca544e6bb780a2c78901d3fb33738768511a30617afa01d
tfidf_lr,2,single_query,0,58,1,0.022816831000,22.816831000000,-1,6e340b9cffb37a989ca544e6bb780a2c78901d3fb33738768511a30617afa01d
tfidf_lr,2,single_query,0,59,1,0.022423850000,22.423850000000,1,dbc1b4c900ffe48d575b5da5c638040125f65db0fe3e24494b76ea986457d986
tfidf_lr,2,single_query,0,60,1,0.022205349000,22.205349000000,1,dbc1b4c900ffe48d575b5da5c638040125f65db0fe3e24494b76ea986457d986
tfidf_lr,2,single_query,0,61,1,0.018934132000,18.934132000000,-1,6e340b9cffb37a989ca544e6bb780a2c78901d3fb33738768511a30617afa01d
tfidf_lr,2,single_query,0,62,1,0.017547113000,17.547113000000,1,dbc1b4c900ffe48d575b5da5c638040125f65db0fe3e24494b76ea986457d986
tfidf_lr,2,single_query,0,63,1,0.021300334000,21.300334000000,-1,6e340b9cffb37a989ca544e6bb780a2c78901d3fb33738768511a30617afa01d
tfidf_lr,2,single_query,0,64,1,0.021808007000,21.808007000000,1,dbc1b4c900ffe48d575b5da5c638040125f65db0fe3e24494b76ea986457d986
tfidf_lr,2,single_query,0,65,1,0.022254588000,22.254588000000,-1,6e340b9cffb37a989ca544e6bb780a2c78901d3fb33738768511a30617afa01d
tfidf_lr,2,single_query,0,66,1,0.024087046000,24.087046000000,1,dbc1b4c900ffe48d575b5da5c638040125f65db0fe3e24494b76ea986457d986
tfidf_lr,2,single_query,0,67,1,0.022271079000,22.271079000000,1,dbc1b4c900ffe48d575b5da5c638040125f65db0fe3e24494b76ea986457d986
tfidf_lr,2,single_query,0,68,1,0.024672548000,24.672548000000,-1,6e340b9cffb37a989ca544e6bb780a2c78901d3fb33738768511a30617afa01d
tfidf_lr,2,single_query,0,69,1,0.024345712000,24.345712000000,-1,6e340b9cffb37a989ca544e6bb780a2c78901d3fb33738768511a30617afa01d
tfidf_lr,2,single_query,0,70,1,0.025204492000,25.204492000000,-1,6e340b9cffb37a989ca544e6bb780a2c78901d3fb33738768511a30617afa01d
tfidf_lr,2,single_query,0,71,1,0.022630585000,22.630585000000,-1,6e340b9cffb37a989ca544e6bb780a2c78901d3fb33738768511a30617afa01d
tfidf_lr,2,single_query,0,72,1,0.022200367000,22.200367000000,-1,6e340b9cffb37a989ca544e6bb780a2c78901d3fb33738768511a30617afa01d
tfidf_lr,2,single_query,0,73,1,0.024860018000,24.860018000000,-1,6e340b9cffb37a989ca544e6bb780a2c78901d3fb33738768511a30617afa01d
tfidf_lr,2,single_query,0,74,1,0.024779220000,24.779220000000,1,dbc1b4c900ffe48d575b5da5c638040125f65db0fe3e24494b76ea986457d986
tfidf_lr,2,single_query,0,75,1,0.025160862000,25.160862000000,-1,6e340b9cffb37a989ca544e6bb780a2c78901d3fb33738768511a30617afa01d
tfidf_lr,2,single_query,0,76,1,0.028394024000,28.394024000000,1,dbc1b4c900ffe48d575b5da5c638040125f65db0fe3e24494b76ea986457d986
tfidf_lr,2,single_query,0,77,1,0.022094535000,22.094535000000,-1,6e340b9cffb37a989ca544e6bb780a2c78901d3fb33738768511a30617afa01d
tfidf_lr,2,single_query,0,78,1,0.014245582000,14.245582000000,-1,6e340b9cffb37a989ca544e6bb780a2c78901d3fb33738768511a30617afa01d
tfidf_lr,2,single_query,0,79,1,0.018051011000,18.051011000000,1,dbc1b4c900ffe48d575b5da5c638040125f65db0fe3e24494b76ea986457d986
tfidf_lr,2,single_query,0,80,1,0.017084088000,17.084088000000,-1,6e340b9cffb37a989ca544e6bb780a2c78901d3fb33738768511a30617afa01d
tfidf_lr,2,single_query,0,81,1,0.014980178000,14.980178000000,-1,6e340b9cffb37a989ca544e6bb780a2c78901d3fb33738768511a30617afa01d
tfidf_lr,2,single_query,0,82,1,0.022099845000,22.099845000000,1,dbc1b4c900ffe48d575b5da5c638040125f65db0fe3e24494b76ea986457d986
tfidf_lr,2,single_query,0,83,1,0.020943475000,20.943475000000,1,dbc1b4c900ffe48d575b5da5c638040125f65db0fe3e24494b76ea986457d986
tfidf_lr,2,single_query,0,84,1,0.022974792000,22.974792000000,1,dbc1b4c900ffe48d575b5da5c638040125f65db0fe3e24494b76ea986457d986
tfidf_lr,2,single_query,0,85,1,0.023353427000,23.353427000000,1,dbc1b4c900ffe48d575b5da5c638040125f65db0fe3e24494b76ea986457d986
tfidf_lr,2,single_query,0,86,1,0.022346801000,22.346801000000,1,dbc1b4c900ffe48d575b5da5c638040125f65db0fe3e24494b76ea986457d986
tfidf_lr,2,single_query,0,87,1,0.022215424000,22.215424000000,1,dbc1b4c900ffe48d575b5da5c638040125f65db0fe3e24494b76ea986457d986
tfidf_lr,2,single_query,0,88,1,0.021011794000,21.011794000000,1,dbc1b4c900ffe48d575b5da5c638040125f65db0fe3e24494b76ea986457d986
tfidf_lr,2,single_query,0,89,1,0.018704121000,18.704121000000,-1,6e340b9cffb37a989ca544e6bb780a2c78901d3fb33738768511a30617afa01d
tfidf_lr,2,single_query,0,90,1,0.022719761000,22.719761000000,1,dbc1b4c900ffe48d575b5da5c638040125f65db0fe3e24494b76ea986457d986
tfidf_lr,2,single_query,0,91,1,0.021216765000,21.216765000000,1,dbc1b4c900ffe48d575b5da5c638040125f65db0fe3e24494b76ea986457d986
tfidf_lr,2,single_query,0,92,1,0.023617587000,23.617587000000,-1,6e340b9cffb37a989ca544e6bb780a2c78901d3fb33738768511a30617afa01d
tfidf_lr,2,single_query,0,93,1,0.024098704000,24.098704000000,1,dbc1b4c900ffe48d575b5da5c638040125f65db0fe3e24494b76ea986457d986
tfidf_lr,2,single_query,0,94,1,0.023273211000,23.273211000000,-1,6e340b9cffb37a989ca544e6bb780a2c78901d3fb33738768511a30617afa01d
tfidf_lr,2,single_query,0,95,1,0.023231818000,23.231818000000,-1,6e340b9cffb37a989ca544e6bb780a2c78901d3fb33738768511a30617afa01d
tfidf_lr,2,single_query,0,96,1,0.023771520000,23.771520000000,1,dbc1b4c900ffe48d575b5da5c638040125f65db0fe3e24494b76ea986457d986
tfidf_lr,2,single_query,0,97,1,0.022638315000,22.638315000000,1,dbc1b4c900ffe48d575b5da5c638040125f65db0fe3e24494b76ea986457d986
tfidf_lr,2,single_query,0,98,1,0.020758120000,20.758120000000,1,dbc1b4c900ffe48d575b5da5c638040125f65db0fe3e24494b76ea986457d986
tfidf_lr,2,single_query,0,99,1,0.025355322000,25.355322000000,-1,6e340b9cffb37a989ca544e6bb780a2c78901d3fb33738768511a30617afa01d
tfidf_lr,2,single_query,0,100,1,0.022418234000,22.418234000000,1,dbc1b4c900ffe48d575b5da5c638040125f65db0fe3e24494b76ea986457d986
tfidf_lr,2,single_query,0,101,1,0.025569038000,25.569038000000,1,dbc1b4c900ffe48d575b5da5c638040125f65db0fe3e24494b76ea986457d986
tfidf_lr,2,single_query,0,102,1,0.022548043000,22.548043000000,-1,6e340b9cffb37a989ca544e6bb780a2c78901d3fb33738768511a30617afa01d
tfidf_lr,2,single_query,0,103,1,0.027494354000,27.494354000000,1,dbc1b4c900ffe48d575b5da5c638040125f65db0fe3e24494b76ea986457d986
tfidf_lr,2,single_query,0,104,1,0.027559384000,27.559384000000,-1,6e340b9cffb37a989ca544e6bb780a2c78901d3fb33738768511a30617afa01d
tfidf_lr,2,single_query,0,105,1,0.025158275000,25.158275000000,1,dbc1b4c900ffe48d575b5da5c638040125f65db0fe3e24494b76ea986457d986
tfidf_lr,2,single_query,0,106,1,0.032020877000,32.020877000000,-1,6e340b9cffb37a989ca544e6bb780a2c78901d3fb33738768511a30617afa01d
tfidf_lr,2,single_query,0,107,1,0.026284230000,26.284230000000,-1,6e340b9cffb37a989ca544e6bb780a2c78901d3fb33738768511a30617afa01d
tfidf_lr,2,single_query,0,108,1,0.026030991000,26.030991000000,-1,6e340b9cffb37a989ca544e6bb780a2c78901d3fb33738768511a30617afa01d
tfidf_lr,2,single_query,0,109,1,0.026634017000,26.634017000000,-1,6e340b9cffb37a989ca544e6bb780a2c78901d3fb33738768511a30617afa01d
tfidf_lr,2,single_query,0,110,1,0.021387885000,21.387885000000,-1,6e340b9cffb37a989ca544e6bb780a2c78901d3fb33738768511a30617afa01d
tfidf_lr,2,single_query,0,111,1,0.023957039000,23.957039000000,-1,6e340b9cffb37a989ca544e6bb780a2c78901d3fb33738768511a30617afa01d
tfidf_lr,2,single_query,0,112,1,0.025918965000,25.918965000000,-1,6e340b9cffb37a989ca544e6bb780a2c78901d3fb33738768511a30617afa01d
tfidf_lr,2,single_query,0,113,1,0.027554692000,27.554692000000,-1,6e340b9cffb37a989ca544e6bb780a2c78901d3fb33738768511a30617afa01d
tfidf_lr,2,single_query,0,114,1,0.026136937000,26.136937000000,-1,6e340b9cffb37a989ca544e6bb780a2c78901d3fb33738768511a30617afa01d
tfidf_lr,2,single_query,0,115,1,0.023731864000,23.731864000000,-1,6e340b9cffb37a989ca544e6bb780a2c78901d3fb33738768511a30617afa01d
tfidf_lr,2,single_query,0,116,1,0.023241308000,23.241308000000,1,dbc1b4c900ffe48d575b5da5c638040125f65db0fe3e24494b76ea986457d986
tfidf_lr,2,single_query,0,117,1,0.025597134000,25.597134000000,1,dbc1b4c900ffe48d575b5da5c638040125f65db0fe3e24494b76ea986457d986
tfidf_lr,2,single_query,0,118,1,0.025995670000,25.995670000000,1,dbc1b4c900ffe48d575b5da5c638040125f65db0fe3e24494b76ea986457d986
tfidf_lr,2,single_query,0,119,1,0.023322765000,23.322765000000,-1,6e340b9cffb37a989ca544e6bb780a2c78901d3fb33738768511a30617afa01d
tfidf_lr,2,single_query,0,120,1,0.012702061000,12.702061000000,-1,6e340b9cffb37a989ca544e6bb780a2c78901d3fb33738768511a30617afa01d
tfidf_lr,2,single_query,0,121,1,0.046347893000,46.347893000000,-1,6e340b9cffb37a989ca544e6bb780a2c78901d3fb33738768511a30617afa01d
tfidf_lr,2,single_query,0,122,1,0.042240471000,42.240471000000,-1,6e340b9cffb37a989ca544e6bb780a2c78901d3fb33738768511a30617afa01d
tfidf_lr,2,single_query,0,123,1,0.045728050000,45.728050000000,-1,6e340b9cffb37a989ca544e6bb780a2c78901d3fb33738768511a30617afa01d
tfidf_lr,2,single_query,0,124,1,0.045198088000,45.198088000000,-1,6e340b9cffb37a989ca544e6bb780a2c78901d3fb33738768511a30617afa01d
tfidf_lr,2,single_query,0,125,1,0.045266860000,45.266860000000,1,dbc1b4c900ffe48d575b5da5c638040125f65db0fe3e24494b76ea986457d986
tfidf_lr,2,single_query,0,126,1,0.044669556000,44.669556000000,1,dbc1b4c900ffe48d575b5da5c638040125f65db0fe3e24494b76ea986457d986
tfidf_lr,2,single_query,0,127,1,0.027879741000,27.879741000000,-1,6e340b9cffb37a989ca544e6bb780a2c78901d3fb33738768511a30617afa01d
tfidf_lr,2,single_query,0,128,1,0.035981205000,35.981205000000,1,dbc1b4c900ffe48d575b5da5c638040125f65db0fe3e24494b76ea986457d986
tfidf_lr,2,single_query,0,129,1,0.035600675000,35.600675000000,-1,6e340b9cffb37a989ca544e6bb780a2c78901d3fb33738768511a30617afa01d
tfidf_lr,2,single_query,0,130,1,0.037364955000,37.364955000000,1,dbc1b4c900ffe48d575b5da5c638040125f65db0fe3e24494b76ea986457d986
tfidf_lr,2,single_query,0,131,1,0.030530564000,30.530564000000,1,dbc1b4c900ffe48d575b5da5c638040125f65db0fe3e24494b76ea986457d986
tfidf_lr,2,single_query,0,132,1,0.049557623000,49.557623000000,-1,6e340b9cffb37a989ca544e6bb780a2c78901d3fb33738768511a30617afa01d
tfidf_lr,2,single_query,0,133,1,0.030460230000,30.460230000000,-1,6e340b9cffb37a989ca544e6bb780a2c78901d3fb33738768511a30617afa01d
tfidf_lr,2,single_query,0,134,1,0.043549035000,43.549035000000,-1,6e340b9cffb37a989ca544e6bb780a2c78901d3fb33738768511a30617afa01d
tfidf_lr,2,single_query,0,135,1,0.044962698000,44.962698000000,1,dbc1b4c900ffe48d575b5da5c638040125f65db0fe3e24494b76ea986457d986
tfidf_lr,2,single_query,0,136,1,0.040345178000,40.345178000000,-1,6e340b9cffb37a989ca544e6bb780a2c78901d3fb33738768511a30617afa01d
tfidf_lr,2,single_query,0,137,1,0.036186568000,36.186568000000,1,dbc1b4c900ffe48d575b5da5c638040125f65db0fe3e24494b76ea986457d986
tfidf_lr,2,single_query,0,138,1,0.035914034000,35.914034000000,-1,6e340b9cffb37a989ca544e6bb780a2c78901d3fb33738768511a30617afa01d
tfidf_lr,2,single_query,0,139,1,0.036958026000,36.958026000000,-1,6e340b9cffb37a989ca544e6bb780a2c78901d3fb33738768511a30617afa01d
tfidf_lr,2,single_query,0,140,1,0.021180783000,21.180783000000,-1,6e340b9cffb37a989ca544e6bb780a2c78901d3fb33738768511a30617afa01d
tfidf_lr,2,single_query,0,141,1,0.029351335000,29.351335000000,1,dbc1b4c900ffe48d575b5da5c638040125f65db0fe3e24494b76ea986457d986
tfidf_lr,2,single_query,0,142,1,0.033341622000,33.341622000000,1,dbc1b4c900ffe48d575b5da5c638040125f65db0fe3e24494b76ea986457d986
tfidf_lr,2,single_query,0,143,1,0.045189055000,45.189055000000,-1,6e340b9cffb37a989ca544e6bb780a2c78901d3fb33738768511a30617afa01d
tfidf_lr,2,single_query,0,144,1,0.048419062000,48.419062000000,-1,6e340b9cffb37a989ca544e6bb780a2c78901d3fb33738768511a30617afa01d
tfidf_lr,2,single_query,0,145,1,0.049385687000,49.385687000000,1,dbc1b4c900ffe48d575b5da5c638040125f65db0fe3e24494b76ea986457d986
tfidf_lr,2,single_query,0,146,1,0.044180930000,44.180930000000,1,dbc1b4c900ffe48d575b5da5c638040125f65db0fe3e24494b76ea986457d986
tfidf_lr,2,single_query,0,147,1,0.046575001000,46.575001000000,-1,6e340b9cffb37a989ca544e6bb780a2c78901d3fb33738768511a30617afa01d
tfidf_lr,2,single_query,0,148,1,0.045508730000,45.508730000000,1,dbc1b4c900ffe48d575b5da5c638040125f65db0fe3e24494b76ea986457d986
tfidf_lr,2,single_query,0,149,1,0.044887957000,44.887957000000,-1,6e340b9cffb37a989ca544e6bb780a2c78901d3fb33738768511a30617afa01d
tfidf_lr,2,single_query,0,150,1,0.045965316000,45.965316000000,-1,6e340b9cffb37a989ca544e6bb780a2c78901d3fb33738768511a30617afa01d
tfidf_lr,2,single_query,0,151,1,0.044933134000,44.933134000000,-1,6e340b9cffb37a989ca544e6bb780a2c78901d3fb33738768511a30617afa01d
tfidf_lr,2,single_query,0,152,1,0.044976087000,44.976087000000,-1,6e340b9cffb37a989ca544e6bb780a2c78901d3fb33738768511a30617afa01d
tfidf_lr,2,single_query,0,153,1,0.046584201000,46.584201000000,-1,6e340b9cffb37a989ca544e6bb780a2c78901d3fb33738768511a30617afa01d
tfidf_lr,2,single_query,0,154,1,0.044877588000,44.877588000000,1,dbc1b4c900ffe48d575b5da5c638040125f65db0fe3e24494b76ea986457d986
tfidf_lr,2,single_query,0,155,1,0.045934659000,45.934659000000,1,dbc1b4c900ffe48d575b5da5c638040125f65db0fe3e24494b76ea986457d986
tfidf_lr,2,single_query,0,156,1,0.046445476000,46.445476000000,-1,6e340b9cffb37a989ca544e6bb780a2c78901d3fb33738768511a30617afa01d
tfidf_lr,2,single_query,0,157,1,0.045141905000,45.141905000000,1,dbc1b4c900ffe48d575b5da5c638040125f65db0fe3e24494b76ea986457d986
tfidf_lr,2,single_query,0,158,1,0.045706933000,45.706933000000,1,dbc1b4c900ffe48d575b5da5c638040125f65db0fe3e24494b76ea986457d986
tfidf_lr,2,single_query,0,159,1,0.045617411000,45.617411000000,-1,6e340b9cffb37a989ca544e6bb780a2c78901d3fb33738768511a30617afa01d
tfidf_lr,2,single_query,0,160,1,0.045818006000,45.818006000000,-1,6e340b9cffb37a989ca544e6bb780a2c78901d3fb33738768511a30617afa01d
tfidf_lr,2,single_query,0,161,1,0.025684159000,25.684159000000,1,dbc1b4c900ffe48d575b5da5c638040125f65db0fe3e24494b76ea986457d986
tfidf_lr,2,single_query,0,162,1,0.033167375000,33.167375000000,1,dbc1b4c900ffe48d575b5da5c638040125f65db0fe3e24494b76ea986457d986
tfidf_lr,2,single_query,0,163,1,0.042224884000,42.224884000000,1,dbc1b4c900ffe48d575b5da5c638040125f65db0fe3e24494b76ea986457d986
tfidf_lr,2,single_query,0,164,1,0.035072703000,35.072703000000,1,dbc1b4c900ffe48d575b5da5c638040125f65db0fe3e24494b76ea986457d986
tfidf_lr,2,single_query,0,165,1,0.043706911000,43.706911000000,-1,6e340b9cffb37a989ca544e6bb780a2c78901d3fb33738768511a30617afa01d
tfidf_lr,2,single_query,0,166,1,0.047540148000,47.540148000000,1,dbc1b4c900ffe48d575b5da5c638040125f65db0fe3e24494b76ea986457d986
tfidf_lr,2,single_query,0,167,1,0.043576576000,43.576576000000,-1,6e340b9cffb37a989ca544e6bb780a2c78901d3fb33738768511a30617afa01d
tfidf_lr,2,single_query,0,168,1,0.046069684000,46.069684000000,1,dbc1b4c900ffe48d575b5da5c638040125f65db0fe3e24494b76ea986457d986
tfidf_lr,2,single_query,0,169,1,0.047812950000,47.812950000000,-1,6e340b9cffb37a989ca544e6bb780a2c78901d3fb33738768511a30617afa01d
tfidf_lr,2,single_query,0,170,1,0.029399170000,29.399170000000,-1,6e340b9cffb37a989ca544e6bb780a2c78901d3fb33738768511a30617afa01d
tfidf_lr,2,single_query,0,171,1,0.029734569000,29.734569000000,-1,6e340b9cffb37a989ca544e6bb780a2c78901d3fb33738768511a30617afa01d
tfidf_lr,2,single_query,0,172,1,0.029187119000,29.187119000000,-1,6e340b9cffb37a989ca544e6bb780a2c78901d3fb33738768511a30617afa01d
tfidf_lr,2,single_query,0,173,1,0.025948759000,25.948759000000,1,dbc1b4c900ffe48d575b5da5c638040125f65db0fe3e24494b76ea986457d986
tfidf_lr,2,single_query,0,174,1,0.036213225000,36.213225000000,1,dbc1b4c900ffe48d575b5da5c638040125f65db0fe3e24494b76ea986457d986
tfidf_lr,2,single_query,0,175,1,0.046051800000,46.051800000000,1,dbc1b4c900ffe48d575b5da5c638040125f65db0fe3e24494b76ea986457d986
tfidf_lr,2,single_query,0,176,1,0.045415236000,45.415236000000,1,dbc1b4c900ffe48d575b5da5c638040125f65db0fe3e24494b76ea986457d986
tfidf_lr,2,single_query,0,177,1,0.045438433000,45.438433000000,-1,6e340b9cffb37a989ca544e6bb780a2c78901d3fb33738768511a30617afa01d
tfidf_lr,2,single_query,0,178,1,0.045640577000,45.640577000000,1,dbc1b4c900ffe48d575b5da5c638040125f65db0fe3e24494b76ea986457d986
tfidf_lr,2,single_query,0,179,1,0.020802739000,20.802739000000,-1,6e340b9cffb37a989ca544e6bb780a2c78901d3fb33738768511a30617afa01d
tfidf_lr,2,single_query,0,180,1,0.017661871000,17.661871000000,1,dbc1b4c900ffe48d575b5da5c638040125f65db0fe3e24494b76ea986457d986
tfidf_lr,2,single_query,0,181,1,0.027648642000,27.648642000000,-1,6e340b9cffb37a989ca544e6bb780a2c78901d3fb33738768511a30617afa01d
tfidf_lr,2,single_query,0,182,1,0.023326961000,23.326961000000,1,dbc1b4c900ffe48d575b5da5c638040125f65db0fe3e24494b76ea986457d986
tfidf_lr,2,single_query,0,183,1,0.022768166000,22.768166000000,-1,6e340b9cffb37a989ca544e6bb780a2c78901d3fb33738768511a30617afa01d
tfidf_lr,2,single_query,0,184,1,0.032211407000,32.211407000000,-1,6e340b9cffb37a989ca544e6bb780a2c78901d3fb33738768511a30617afa01d
tfidf_lr,2,single_query,0,185,1,0.030834117000,30.834117000000,1,dbc1b4c900ffe48d575b5da5c638040125f65db0fe3e24494b76ea986457d986
tfidf_lr,2,single_query,0,186,1,0.032733225000,32.733225000000,1,dbc1b4c900ffe48d575b5da5c638040125f65db0fe3e24494b76ea986457d986
tfidf_lr,2,single_query,0,187,1,0.030640820000,30.640820000000,1,dbc1b4c900ffe48d575b5da5c638040125f65db0fe3e24494b76ea986457d986
tfidf_lr,2,single_query,0,188,1,0.039092784000,39.092784000000,1,dbc1b4c900ffe48d575b5da5c638040125f65db0fe3e24494b76ea986457d986
tfidf_lr,2,single_query,0,189,1,0.039802476000,39.802476000000,-1,6e340b9cffb37a989ca544e6bb780a2c78901d3fb33738768511a30617afa01d
tfidf_lr,2,single_query,0,190,1,0.035601586000,35.601586000000,1,dbc1b4c900ffe48d575b5da5c638040125f65db0fe3e24494b76ea986457d986
tfidf_lr,2,single_query,0,191,1,0.034703944000,34.703944000000,1,dbc1b4c900ffe48d575b5da5c638040125f65db0fe3e24494b76ea986457d986
tfidf_lr,2,single_query,0,192,1,0.045445493000,45.445493000000,1,dbc1b4c900ffe48d575b5da5c638040125f65db0fe3e24494b76ea986457d986
tfidf_lr,2,single_query,0,193,1,0.047276621000,47.276621000000,1,dbc1b4c900ffe48d575b5da5c638040125f65db0fe3e24494b76ea986457d986
tfidf_lr,2,single_query,0,194,1,0.047158764000,47.158764000000,1,dbc1b4c900ffe48d575b5da5c638040125f65db0fe3e24494b76ea986457d986
tfidf_lr,2,single_query,0,195,1,0.047126415000,47.126415000000,-1,6e340b9cffb37a989ca544e6bb780a2c78901d3fb33738768511a30617afa01d
tfidf_lr,2,single_query,0,196,1,0.045822582000,45.822582000000,1,dbc1b4c900ffe48d575b5da5c638040125f65db0fe3e24494b76ea986457d986
tfidf_lr,2,single_query,0,197,1,0.049286356000,49.286356000000,-1,6e340b9cffb37a989ca544e6bb780a2c78901d3fb33738768511a30617afa01d
tfidf_lr,2,single_query,0,198,1,0.050041099000,50.041099000000,-1,6e340b9cffb37a989ca544e6bb780a2c78901d3fb33738768511a30617afa01d
tfidf_lr,2,single_query,0,199,1,0.046761382000,46.761382000000,-1,6e340b9cffb37a989ca544e6bb780a2c78901d3fb33738768511a30617afa01d
tfidf_lr,2,single_query,0,200,1,0.049069407000,49.069407000000,-1,6e340b9cffb37a989ca544e6bb780a2c78901d3fb33738768511a30617afa01d
tfidf_lr,2,single_query,0,201,1,0.049227401000,49.227401000000,1,dbc1b4c900ffe48d575b5da5c638040125f65db0fe3e24494b76ea986457d986
tfidf_lr,2,single_query,0,202,1,0.048663502000,48.663502000000,-1,6e340b9cffb37a989ca544e6bb780a2c78901d3fb33738768511a30617afa01d
tfidf_lr,2,single_query,0,203,1,0.049223904000,49.223904000000,1,dbc1b4c900ffe48d575b5da5c638040125f65db0fe3e24494b76ea986457d986
tfidf_lr,2,single_query,0,204,1,0.046822129000,46.822129000000,1,dbc1b4c900ffe48d575b5da5c638040125f65db0fe3e24494b76ea986457d986
tfidf_lr,2,single_query,0,205,1,0.047527692000,47.527692000000,-1,6e340b9cffb37a989ca544e6bb780a2c78901d3fb33738768511a30617afa01d
tfidf_lr,2,single_query,0,206,1,0.047680231000,47.680231000000,-1,6e340b9cffb37a989ca544e6bb780a2c78901d3fb33738768511a30617afa01d
tfidf_lr,2,single_query,0,207,1,0.048313145000,48.313145000000,1,dbc1b4c900ffe48d575b5da5c638040125f65db0fe3e24494b76ea986457d986
tfidf_lr,2,single_query,0,208,1,0.036764012000,36.764012000000,-1,6e340b9cffb37a989ca544e6bb780a2c78901d3fb33738768511a30617afa01d
tfidf_lr,2,single_query,0,209,1,0.035030186000,35.030186000000,1,dbc1b4c900ffe48d575b5da5c638040125f65db0fe3e24494b76ea986457d986
tfidf_lr,2,single_query,0,210,1,0.037764906000,37.764906000000,-1,6e340b9cffb37a989ca544e6bb780a2c78901d3fb33738768511a30617afa01d
tfidf_lr,2,single_query,0,211,1,0.043277902000,43.277902000000,1,dbc1b4c900ffe48d575b5da5c638040125f65db0fe3e24494b76ea986457d986
tfidf_lr,2,single_query,0,212,1,0.042659728000,42.659728000000,-1,6e340b9cffb37a989ca544e6bb780a2c78901d3fb33738768511a30617afa01d
tfidf_lr,2,single_query,0,213,1,0.029168251000,29.168251000000,1,dbc1b4c900ffe48d575b5da5c638040125f65db0fe3e24494b76ea986457d986
tfidf_lr,2,single_query,0,214,1,0.037975892000,37.975892000000,-1,6e340b9cffb37a989ca544e6bb780a2c78901d3fb33738768511a30617afa01d
tfidf_lr,2,single_query,0,215,1,0.026503005000,26.503005000000,1,dbc1b4c900ffe48d575b5da5c638040125f65db0fe3e24494b76ea986457d986
tfidf_lr,2,single_query,0,216,1,0.038717110000,38.717110000000,-1,6e340b9cffb37a989ca544e6bb780a2c78901d3fb33738768511a30617afa01d
tfidf_lr,2,single_query,0,217,1,0.038082947000,38.082947000000,1,dbc1b4c900ffe48d575b5da5c638040125f65db0fe3e24494b76ea986457d986
tfidf_lr,2,single_query,0,218,1,0.039147796000,39.147796000000,-1,6e340b9cffb37a989ca544e6bb780a2c78901d3fb33738768511a30617afa01d
tfidf_lr,2,single_query,0,219,1,0.032971440000,32.971440000000,-1,6e340b9cffb37a989ca544e6bb780a2c78901d3fb33738768511a30617afa01d
tfidf_lr,2,single_query,0,220,1,0.038649271000,38.649271000000,1,dbc1b4c900ffe48d575b5da5c638040125f65db0fe3e24494b76ea986457d986
tfidf_lr,2,single_query,0,221,1,0.047426111000,47.426111000000,-1,6e340b9cffb37a989ca544e6bb780a2c78901d3fb33738768511a30617afa01d
tfidf_lr,2,single_query,0,222,1,0.045671608000,45.671608000000,1,dbc1b4c900ffe48d575b5da5c638040125f65db0fe3e24494b76ea986457d986
tfidf_lr,2,single_query,0,223,1,0.048720204000,48.720204000000,1,dbc1b4c900ffe48d575b5da5c638040125f65db0fe3e24494b76ea986457d986
tfidf_lr,2,single_query,0,224,1,0.045620078000,45.620078000000,1,dbc1b4c900ffe48d575b5da5c638040125f65db0fe3e24494b76ea986457d986
tfidf_lr,2,single_query,0,225,1,0.046003306000,46.003306000000,1,dbc1b4c900ffe48d575b5da5c638040125f65db0fe3e24494b76ea986457d986
tfidf_lr,2,single_query,0,226,1,0.045360067000,45.360067000000,-1,6e340b9cffb37a989ca544e6bb780a2c78901d3fb33738768511a30617afa01d
tfidf_lr,2,single_query,0,227,1,0.044531272000,44.531272000000,1,dbc1b4c900ffe48d575b5da5c638040125f65db0fe3e24494b76ea986457d986
tfidf_lr,2,single_query,0,228,1,0.047197611000,47.197611000000,-1,6e340b9cffb37a989ca544e6bb780a2c78901d3fb33738768511a30617afa01d
tfidf_lr,2,single_query,0,229,1,0.049757389000,49.757389000000,1,dbc1b4c900ffe48d575b5da5c638040125f65db0fe3e24494b76ea986457d986
tfidf_lr,2,single_query,0,230,1,0.043697694000,43.697694000000,-1,6e340b9cffb37a989ca544e6bb780a2c78901d3fb33738768511a30617afa01d
tfidf_lr,2,single_query,0,231,1,0.048223698000,48.223698000000,-1,6e340b9cffb37a989ca544e6bb780a2c78901d3fb33738768511a30617afa01d
tfidf_lr,2,single_query,0,232,1,0.044328088000,44.328088000000,-1,6e340b9cffb37a989ca544e6bb780a2c78901d3fb33738768511a30617afa01d
tfidf_lr,2,single_query,0,233,1,0.048567979000,48.567979000000,-1,6e340b9cffb37a989ca544e6bb780a2c78901d3fb33738768511a30617afa01d
tfidf_lr,2,single_query,0,234,1,0.041998861000,41.998861000000,-1,6e340b9cffb37a989ca544e6bb780a2c78901d3fb33738768511a30617afa01d
tfidf_lr,2,single_query,0,235,1,0.043335692000,43.335692000000,-1,6e340b9cffb37a989ca544e6bb780a2c78901d3fb33738768511a30617afa01d
tfidf_lr,2,single_query,0,236,1,0.040196187000,40.196187000000,-1,6e340b9cffb37a989ca544e6bb780a2c78901d3fb33738768511a30617afa01d
tfidf_lr,2,single_query,0,237,1,0.040398077000,40.398077000000,-1,6e340b9cffb37a989ca544e6bb780a2c78901d3fb33738768511a30617afa01d
tfidf_lr,2,single_query,0,238,1,0.035789509000,35.789509000000,-1,6e340b9cffb37a989ca544e6bb780a2c78901d3fb33738768511a30617afa01d
tfidf_lr,2,single_query,0,239,1,0.047388245000,47.388245000000,-1,6e340b9cffb37a989ca544e6bb780a2c78901d3fb33738768511a30617afa01d
tfidf_lr,2,single_query,0,240,1,0.047354569000,47.354569000000,-1,6e340b9cffb37a989ca544e6bb780a2c78901d3fb33738768511a30617afa01d
tfidf_lr,2,single_query,0,241,1,0.046197629000,46.197629000000,-1,6e340b9cffb37a989ca544e6bb780a2c78901d3fb33738768511a30617afa01d
tfidf_lr,2,single_query,0,242,1,0.032453791000,32.453791000000,1,dbc1b4c900ffe48d575b5da5c638040125f65db0fe3e24494b76ea986457d986
tfidf_lr,2,single_query,0,243,1,0.036374591000,36.374591000000,-1,6e340b9cffb37a989ca544e6bb780a2c78901d3fb33738768511a30617afa01d
tfidf_lr,2,single_query,0,244,1,0.040597000000,40.597000000000,1,dbc1b4c900ffe48d575b5da5c638040125f65db0fe3e24494b76ea986457d986
tfidf_lr,2,single_query,0,245,1,0.048851422000,48.851422000000,1,dbc1b4c900ffe48d575b5da5c638040125f65db0fe3e24494b76ea986457d986
tfidf_lr,2,single_query,0,246,1,0.043670834000,43.670834000000,-1,6e340b9cffb37a989ca544e6bb780a2c78901d3fb33738768511a30617afa01d
tfidf_lr,2,single_query,0,247,1,0.049874088000,49.874088000000,1,dbc1b4c900ffe48d575b5da5c638040125f65db0fe3e24494b76ea986457d986
tfidf_lr,2,single_query,0,248,1,0.049766047000,49.766047000000,-1,6e340b9cffb37a989ca544e6bb780a2c78901d3fb33738768511a30617afa01d
tfidf_lr,2,single_query,0,249,1,0.045411444000,45.411444000000,-1,6e340b9cffb37a989ca544e6bb780a2c78901d3fb33738768511a30617afa01d
tfidf_lr,2,single_query,0,250,1,0.050831796000,50.831796000000,1,dbc1b4c900ffe48d575b5da5c638040125f65db0fe3e24494b76ea986457d986
tfidf_lr,2,single_query,0,251,1,0.042232377000,42.232377000000,1,dbc1b4c900ffe48d575b5da5c638040125f65db0fe3e24494b76ea986457d986
tfidf_lr,2,single_query,0,252,1,0.035675882000,35.675882000000,-1,6e340b9cffb37a989ca544e6bb780a2c78901d3fb33738768511a30617afa01d
tfidf_lr,2,single_query,0,253,1,0.048484808000,48.484808000000,-1,6e340b9cffb37a989ca544e6bb780a2c78901d3fb33738768511a30617afa01d
tfidf_lr,2,single_query,0,254,1,0.041413647000,41.413647000000,-1,6e340b9cffb37a989ca544e6bb780a2c78901d3fb33738768511a30617afa01d
tfidf_lr,2,single_query,0,255,1,0.036032529000,36.032529000000,-1,6e340b9cffb37a989ca544e6bb780a2c78901d3fb33738768511a30617afa01d
